__AUTOMETRIC__|0.1.2|19428|crew_log_eafabb1e1a86cbb4|0|1786390299.196|96.966|3.030|230014976|255172608|gen_data_2eeeaa6bf15c9ba6|__AUTOMETRIC__
__AUTOMETRIC__|0.1.2|19428|crew_log_eafabb1e1a86cbb4|0|1786390300.212|99.983|3.124|278368256|303292416|gen_data_2eeeaa6bf15c9ba6|__AUTOMETRIC__
__AUTOMETRIC__|0.1.2|19428|crew_log_eafabb1e1a86cbb4|0|1786390301.215|93.541|2.923|408596480|440975360|gen_data_2eeeaa6bf15c9ba6|__AUTOMETRIC__
__AUTOMETRIC__|0.1.2|19428|crew_log_eafabb1e1a86cbb4|0|1786390302.231|98.409|3.075|403513344|435564544|gen_data_2eeeaa6bf15c9ba6|__AUTOMETRIC__
__AUTOMETRIC__|0.1.2|19428|crew_log_eafabb1e1a86cbb4|0|1786390303.241|100.558|3.142|403709952|435752960|gen_data_2eeeaa6bf15c9ba6|__AUTOMETRIC__
__AUTOMETRIC__|0.1.2|19428|crew_log_eafabb1e1a86cbb4|0|1786390304.243|99.785|3.118|403333120|435376128|gen_data_2eeeaa6bf15c9ba6|__AUTOMETRIC__
__AUTOMETRIC__|0.1.2|19428|crew_log_eafabb1e1a86cbb4|0|1786390305.246|99.655|3.114|402993152|435056640|gen_data_2eeeaa6bf15c9ba6|__AUTOMETRIC__
__AUTOMETRIC__|0.1.2|19428|crew_log_eafabb1e1a86cbb4|0|1786390306.261|100.105|3.128|402989056|435044352|gen_data_2eeeaa6bf15c9ba6|__AUTOMETRIC__
__AUTOMETRIC__|0.1.2|19428|crew_log_eafabb1e1a86cbb4|0|1786390307.276|100.075|3.127|403013632|435064832|gen_data_2eeeaa6bf15c9ba6|__AUTOMETRIC__
__AUTOMETRIC__|0.1.2|19428|crew_log_eafabb1e1a86cbb4|0|1786390308.288|98.787|3.087|403079168|435142656|gen_data_2eeeaa6bf15c9ba6|__AUTOMETRIC__
__AUTOMETRIC__|0.1.2|19428|crew_log_eafabb1e1a86cbb4|0|1786390309.303|100.019|3.126|402898944|434950144|gen_data_2eeeaa6bf15c9ba6|__AUTOMETRIC__
__AUTOMETRIC__|0.1.2|19428|crew_log_eafabb1e1a86cbb4|0|1786390310.318|100.113|3.129|402911232|434962432|gen_data_2eeeaa6bf15c9ba6|__AUTOMETRIC__
__AUTOMETRIC__|0.1.2|19428|crew_log_eafabb1e1a86cbb4|0|1786390311.328|100.500|3.141|402976768|435027968|gen_data_2eeeaa6bf15c9ba6|__AUTOMETRIC__
__AUTOMETRIC__|0.1.2|19428|crew_log_eafabb1e1a86cbb4|0|1786390312.343|97.053|3.033|402984960|435036160|gen_data_2eeeaa6bf15c9ba6|__AUTOMETRIC__
__AUTOMETRIC__|0.1.2|19428|crew_log_eafabb1e1a86cbb4|0|1786390313.346|101.233|3.164|403021824|435101696|gen_data_2eeeaa6bf15c9ba6|__AUTOMETRIC__
__AUTOMETRIC__|0.1.2|19428|crew_log_eafabb1e1a86cbb4|0|1786390314.346|98.402|3.075|402833408|434950144|gen_data_2eeeaa6bf15c9ba6|__AUTOMETRIC__
__AUTOMETRIC__|0.1.2|19428|crew_log_eafabb1e1a86cbb4|0|1786390315.346|99.988|3.125|402841600|434929664|gen_data_2eeeaa6bf15c9ba6|__AUTOMETRIC__
__AUTOMETRIC__|0.1.2|19428|crew_log_eafabb1e1a86cbb4|0|1786390316.359|98.730|3.085|402837504|434925568|gen_data_2eeeaa6bf15c9ba6|__AUTOMETRIC__
__AUTOMETRIC__|0.1.2|19428|crew_log_eafabb1e1a86cbb4|0|1786390317.361|101.413|3.169|402874368|434950144|gen_data_2eeeaa6bf15c9ba6|__AUTOMETRIC__
__AUTOMETRIC__|0.1.2|19428|crew_log_eafabb1e1a86cbb4|0|1786390318.375|98.555|3.080|402882560|434937856|gen_data_2eeeaa6bf15c9ba6|__AUTOMETRIC__
__AUTOMETRIC__|0.1.2|19428|crew_log_eafabb1e1a86cbb4|0|1786390319.392|101.489|3.172|402956288|435011584|gen_data_2eeeaa6bf15c9ba6|__AUTOMETRIC__
__AUTOMETRIC__|0.1.2|19428|crew_log_eafabb1e1a86cbb4|0|1786390320.406|98.591|3.081|402984960|435085312|gen_data_2eeeaa6bf15c9ba6|__AUTOMETRIC__
__AUTOMETRIC__|0.1.2|19428|crew_log_eafabb1e1a86cbb4|0|1786390321.408|101.300|3.166|402833408|434933760|gen_data_2eeeaa6bf15c9ba6|__AUTOMETRIC__
__AUTOMETRIC__|0.1.2|19428|crew_log_eafabb1e1a86cbb4|0|1786390322.423|98.553|3.080|402853888|434941952|gen_data_2eeeaa6bf15c9ba6|__AUTOMETRIC__
__AUTOMETRIC__|0.1.2|19428|crew_log_eafabb1e1a86cbb4|0|1786390323.430|99.310|3.103|402890752|434958336|gen_data_2eeeaa6bf15c9ba6|__AUTOMETRIC__
__AUTOMETRIC__|0.1.2|19428|crew_log_eafabb1e1a86cbb4|0|1786390324.431|99.903|3.122|402444288|434487296|gen_data_2eeeaa6bf15c9ba6|__AUTOMETRIC__
__AUTOMETRIC__|0.1.2|19428|crew_log_eafabb1e1a86cbb4|0|1786390325.444|98.761|3.086|402579456|434671616|gen_data_2eeeaa6bf15c9ba6|__AUTOMETRIC__
__AUTOMETRIC__|0.1.2|19428|crew_log_eafabb1e1a86cbb4|0|1786390326.456|100.312|3.135|402518016|434589696|gen_data_2eeeaa6bf15c9ba6|__AUTOMETRIC__
__AUTOMETRIC__|0.1.2|19428|crew_log_eafabb1e1a86cbb4|0|1786390327.467|98.908|3.091|402665472|434761728|gen_data_2eeeaa6bf15c9ba6|__AUTOMETRIC__
__AUTOMETRIC__|0.1.2|19428|crew_log_eafabb1e1a86cbb4|0|1786390328.483|100.016|3.125|402657280|434741248|gen_data_2eeeaa6bf15c9ba6|__AUTOMETRIC__
__AUTOMETRIC__|0.1.2|19428|crew_log_eafabb1e1a86cbb4|0|1786390329.485|102.913|3.216|402747392|434868224|gen_data_2eeeaa6bf15c9ba6|__AUTOMETRIC__
__AUTOMETRIC__|0.1.2|19428|crew_log_eafabb1e1a86cbb4|0|1786390330.486|98.304|3.072|402702336|434823168|gen_data_2eeeaa6bf15c9ba6|__AUTOMETRIC__
__AUTOMETRIC__|0.1.2|19428|crew_log_eafabb1e1a86cbb4|0|1786390331.501|100.077|3.127|402890752|435060736|gen_data_2eeeaa6bf15c9ba6|__AUTOMETRIC__
__AUTOMETRIC__|0.1.2|19428|crew_log_eafabb1e1a86cbb4|0|1786390332.503|98.178|3.068|402685952|434888704|gen_data_2eeeaa6bf15c9ba6|__AUTOMETRIC__
__AUTOMETRIC__|0.1.2|19428|crew_log_eafabb1e1a86cbb4|0|1786390333.504|99.917|3.122|402681856|434782208|gen_data_2eeeaa6bf15c9ba6|__AUTOMETRIC__
__AUTOMETRIC__|0.1.2|19428|crew_log_eafabb1e1a86cbb4|0|1786390334.521|99.894|3.122|402542592|434630656|gen_data_2eeeaa6bf15c9ba6|__AUTOMETRIC__
__AUTOMETRIC__|0.1.2|19428|crew_log_eafabb1e1a86cbb4|0|1786390335.522|99.854|3.120|402890752|435052544|gen_data_2eeeaa6bf15c9ba6|__AUTOMETRIC__
__AUTOMETRIC__|0.1.2|19428|crew_log_eafabb1e1a86cbb4|0|1786390336.539|98.328|3.073|402649088|434724864|gen_data_2eeeaa6bf15c9ba6|__AUTOMETRIC__
__AUTOMETRIC__|0.1.2|19428|crew_log_eafabb1e1a86cbb4|0|1786390337.542|98.230|3.070|402735104|434810880|gen_data_2eeeaa6bf15c9ba6|__AUTOMETRIC__
__AUTOMETRIC__|0.1.2|19428|crew_log_eafabb1e1a86cbb4|0|1786390338.544|98.244|3.070|402853888|434962432|gen_data_2eeeaa6bf15c9ba6|__AUTOMETRIC__
__AUTOMETRIC__|0.1.2|19428|crew_log_eafabb1e1a86cbb4|0|1786390339.545|99.875|3.121|402608128|434716672|gen_data_2eeeaa6bf15c9ba6|__AUTOMETRIC__
__AUTOMETRIC__|0.1.2|19428|crew_log_eafabb1e1a86cbb4|0|1786390340.558|101.762|3.180|402755584|434855936|gen_data_2eeeaa6bf15c9ba6|__AUTOMETRIC__
__AUTOMETRIC__|0.1.2|19428|crew_log_eafabb1e1a86cbb4|0|1786390341.566|100.744|3.148|402812928|434896896|gen_data_2eeeaa6bf15c9ba6|__AUTOMETRIC__
__AUTOMETRIC__|0.1.2|19428|crew_log_eafabb1e1a86cbb4|0|1786390342.578|98.858|3.089|402337792|434421760|gen_data_2eeeaa6bf15c9ba6|__AUTOMETRIC__
__AUTOMETRIC__|0.1.2|19428|crew_log_eafabb1e1a86cbb4|0|1786390343.589|97.375|3.043|402788352|434896896|gen_data_2eeeaa6bf15c9ba6|__AUTOMETRIC__
__AUTOMETRIC__|0.1.2|19428|crew_log_eafabb1e1a86cbb4|0|1786390344.602|100.223|3.132|402841600|434950144|gen_data_2eeeaa6bf15c9ba6|__AUTOMETRIC__
__AUTOMETRIC__|0.1.2|19428|crew_log_eafabb1e1a86cbb4|0|1786390345.615|100.319|3.135|402935808|435044352|gen_data_2eeeaa6bf15c9ba6|__AUTOMETRIC__
__AUTOMETRIC__|0.1.2|19428|crew_log_eafabb1e1a86cbb4|0|1786390346.628|100.248|3.133|402882560|434991104|gen_data_2eeeaa6bf15c9ba6|__AUTOMETRIC__
__AUTOMETRIC__|0.1.2|19428|crew_log_eafabb1e1a86cbb4|0|1786390347.642|100.163|3.130|402825216|434933760|gen_data_2eeeaa6bf15c9ba6|__AUTOMETRIC__
__AUTOMETRIC__|0.1.2|19428|crew_log_eafabb1e1a86cbb4|0|1786390348.657|100.013|3.125|402874368|434982912|gen_data_2eeeaa6bf15c9ba6|__AUTOMETRIC__
__AUTOMETRIC__|0.1.2|19428|crew_log_eafabb1e1a86cbb4|0|1786390349.673|99.982|3.124|402890752|434970624|gen_data_2eeeaa6bf15c9ba6|__AUTOMETRIC__
__AUTOMETRIC__|0.1.2|19428|crew_log_eafabb1e1a86cbb4|0|1786390350.687|98.575|3.080|402890752|434970624|gen_data_2eeeaa6bf15c9ba6|__AUTOMETRIC__
__AUTOMETRIC__|0.1.2|19428|crew_log_eafabb1e1a86cbb4|0|1786390351.703|100.049|3.127|402690048|434769920|gen_data_2eeeaa6bf15c9ba6|__AUTOMETRIC__
__AUTOMETRIC__|0.1.2|19428|crew_log_eafabb1e1a86cbb4|0|1786390352.715|100.357|3.136|402800640|434880512|gen_data_2eeeaa6bf15c9ba6|__AUTOMETRIC__
__AUTOMETRIC__|0.1.2|19428|crew_log_eafabb1e1a86cbb4|0|1786390353.721|100.877|3.152|402833408|434913280|gen_data_2eeeaa6bf15c9ba6|__AUTOMETRIC__
__AUTOMETRIC__|0.1.2|19428|crew_log_eafabb1e1a86cbb4|0|1786390354.724|99.690|3.115|402857984|434937856|gen_data_2eeeaa6bf15c9ba6|__AUTOMETRIC__
__AUTOMETRIC__|0.1.2|19428|crew_log_eafabb1e1a86cbb4|0|1786390355.726|99.797|3.119|402878464|434958336|gen_data_2eeeaa6bf15c9ba6|__AUTOMETRIC__
__AUTOMETRIC__|0.1.2|19428|crew_log_eafabb1e1a86cbb4|0|1786390356.734|97.746|3.055|402792448|434872320|gen_data_2eeeaa6bf15c9ba6|__AUTOMETRIC__
__AUTOMETRIC__|0.1.2|19428|crew_log_eafabb1e1a86cbb4|0|1786390357.745|100.408|3.138|402710528|434757632|gen_data_2eeeaa6bf15c9ba6|__AUTOMETRIC__
__AUTOMETRIC__|0.1.2|19428|crew_log_eafabb1e1a86cbb4|0|1786390358.758|100.231|3.132|402755584|434802688|gen_data_2eeeaa6bf15c9ba6|__AUTOMETRIC__
__AUTOMETRIC__|0.1.2|19428|crew_log_eafabb1e1a86cbb4|0|1786390359.760|98.312|3.072|402853888|434921472|gen_data_2eeeaa6bf15c9ba6|__AUTOMETRIC__
__AUTOMETRIC__|0.1.2|19428|crew_log_eafabb1e1a86cbb4|0|1786390360.775|100.020|3.126|402677760|434728960|gen_data_2eeeaa6bf15c9ba6|__AUTOMETRIC__
__AUTOMETRIC__|0.1.2|19428|crew_log_eafabb1e1a86cbb4|0|1786390361.780|101.080|3.159|392790016|424841216|gen_data_2eeeaa6bf15c9ba6|__AUTOMETRIC__
__AUTOMETRIC__|0.1.2|19428|crew_log_eafabb1e1a86cbb4|0|1786390362.794|101.692|3.178|402436096|434532352|gen_data_2eeeaa6bf15c9ba6|__AUTOMETRIC__
__AUTOMETRIC__|0.1.2|19428|crew_log_eafabb1e1a86cbb4|0|1786390363.798|101.136|3.160|402616320|434659328|gen_data_2eeeaa6bf15c9ba6|__AUTOMETRIC__
__AUTOMETRIC__|0.1.2|19428|crew_log_eafabb1e1a86cbb4|0|1786390364.805|97.738|3.054|402526208|434708480|gen_data_2eeeaa6bf15c9ba6|__AUTOMETRIC__
__AUTOMETRIC__|0.1.2|19428|crew_log_eafabb1e1a86cbb4|0|1786390365.819|100.188|3.131|402964480|435015680|gen_data_2eeeaa6bf15c9ba6|__AUTOMETRIC__
__AUTOMETRIC__|0.1.2|19428|crew_log_eafabb1e1a86cbb4|0|1786390366.827|102.258|3.196|402800640|434843648|gen_data_2eeeaa6bf15c9ba6|__AUTOMETRIC__
__AUTOMETRIC__|0.1.2|19428|crew_log_eafabb1e1a86cbb4|0|1786390367.835|99.269|3.102|402915328|434958336|gen_data_2eeeaa6bf15c9ba6|__AUTOMETRIC__
__AUTOMETRIC__|0.1.2|19428|crew_log_eafabb1e1a86cbb4|0|1786390368.839|99.584|3.112|402915328|434958336|gen_data_2eeeaa6bf15c9ba6|__AUTOMETRIC__
__AUTOMETRIC__|0.1.2|19428|crew_log_eafabb1e1a86cbb4|0|1786390369.841|99.780|3.118|402546688|434589696|gen_data_2eeeaa6bf15c9ba6|__AUTOMETRIC__
__AUTOMETRIC__|0.1.2|19428|crew_log_eafabb1e1a86cbb4|0|1786390370.857|96.869|3.027|402644992|434692096|gen_data_2eeeaa6bf15c9ba6|__AUTOMETRIC__
__AUTOMETRIC__|0.1.2|19428|crew_log_eafabb1e1a86cbb4|0|1786390371.873|101.558|3.174|402837504|434884608|gen_data_2eeeaa6bf15c9ba6|__AUTOMETRIC__
__AUTOMETRIC__|0.1.2|19428|crew_log_eafabb1e1a86cbb4|0|1786390372.882|99.090|3.097|402735104|434778112|gen_data_2eeeaa6bf15c9ba6|__AUTOMETRIC__
__AUTOMETRIC__|0.1.2|19428|crew_log_eafabb1e1a86cbb4|0|1786390373.894|100.316|3.135|402800640|434847744|gen_data_2eeeaa6bf15c9ba6|__AUTOMETRIC__
__AUTOMETRIC__|0.1.2|19428|crew_log_eafabb1e1a86cbb4|0|1786390374.901|99.321|3.104|402763776|435011584|gen_data_2eeeaa6bf15c9ba6|__AUTOMETRIC__
__AUTOMETRIC__|0.1.2|19428|crew_log_eafabb1e1a86cbb4|0|1786390375.909|100.746|3.148|402886656|434937856|gen_data_2eeeaa6bf15c9ba6|__AUTOMETRIC__
__AUTOMETRIC__|0.1.2|19428|crew_log_eafabb1e1a86cbb4|0|1786390376.914|99.588|3.112|402726912|434769920|gen_data_2eeeaa6bf15c9ba6|__AUTOMETRIC__
__AUTOMETRIC__|0.1.2|19428|crew_log_eafabb1e1a86cbb4|0|1786390377.918|99.566|3.111|402993152|435036160|gen_data_2eeeaa6bf15c9ba6|__AUTOMETRIC__
__AUTOMETRIC__|0.1.2|19428|crew_log_eafabb1e1a86cbb4|0|1786390378.923|101.061|3.158|402939904|434982912|gen_data_2eeeaa6bf15c9ba6|__AUTOMETRIC__
__AUTOMETRIC__|0.1.2|19428|crew_log_eafabb1e1a86cbb4|0|1786390379.935|98.826|3.088|402931712|434978816|gen_data_2eeeaa6bf15c9ba6|__AUTOMETRIC__
__AUTOMETRIC__|0.1.2|19428|crew_log_eafabb1e1a86cbb4|0|1786390380.938|99.705|3.116|402481152|434524160|gen_data_2eeeaa6bf15c9ba6|__AUTOMETRIC__
__AUTOMETRIC__|0.1.2|19428|crew_log_eafabb1e1a86cbb4|0|1786390381.951|98.674|3.084|402972672|435015680|gen_data_2eeeaa6bf15c9ba6|__AUTOMETRIC__
__AUTOMETRIC__|0.1.2|19428|crew_log_eafabb1e1a86cbb4|0|1786390382.966|96.965|3.030|402923520|434966528|gen_data_2eeeaa6bf15c9ba6|__AUTOMETRIC__
__AUTOMETRIC__|0.1.2|19428|crew_log_eafabb1e1a86cbb4|0|1786390383.980|100.219|3.132|402935808|434978816|gen_data_2eeeaa6bf15c9ba6|__AUTOMETRIC__
__AUTOMETRIC__|0.1.2|19428|crew_log_eafabb1e1a86cbb4|0|1786390384.988|99.215|3.100|402735104|434778112|gen_data_2eeeaa6bf15c9ba6|__AUTOMETRIC__
__AUTOMETRIC__|0.1.2|19428|crew_log_eafabb1e1a86cbb4|0|1786390385.989|99.875|3.121|402886656|434929664|gen_data_2eeeaa6bf15c9ba6|__AUTOMETRIC__
__AUTOMETRIC__|0.1.2|19428|crew_log_eafabb1e1a86cbb4|0|1786390386.999|98.988|3.093|402763776|435019776|gen_data_2eeeaa6bf15c9ba6|__AUTOMETRIC__
__AUTOMETRIC__|0.1.2|19428|crew_log_eafabb1e1a86cbb4|0|1786390388.014|96.981|3.031|402923520|434974720|gen_data_2eeeaa6bf15c9ba6|__AUTOMETRIC__
__AUTOMETRIC__|0.1.2|19428|crew_log_eafabb1e1a86cbb4|0|1786390389.023|100.669|3.146|402833408|434876416|gen_data_2eeeaa6bf15c9ba6|__AUTOMETRIC__
__AUTOMETRIC__|0.1.2|19428|crew_log_eafabb1e1a86cbb4|0|1786390390.027|99.557|3.111|402857984|434900992|gen_data_2eeeaa6bf15c9ba6|__AUTOMETRIC__
__AUTOMETRIC__|0.1.2|19428|crew_log_eafabb1e1a86cbb4|0|1786390391.032|99.564|3.111|402771968|434814976|gen_data_2eeeaa6bf15c9ba6|__AUTOMETRIC__
__AUTOMETRIC__|0.1.2|19428|crew_log_eafabb1e1a86cbb4|0|1786390392.034|98.203|3.069|402898944|434941952|gen_data_2eeeaa6bf15c9ba6|__AUTOMETRIC__
__AUTOMETRIC__|0.1.2|19428|crew_log_eafabb1e1a86cbb4|0|1786390393.035|98.326|3.073|402788352|434831360|gen_data_2eeeaa6bf15c9ba6|__AUTOMETRIC__
__AUTOMETRIC__|0.1.2|19428|crew_log_eafabb1e1a86cbb4|0|1786390394.041|99.429|3.107|402911232|434954240|gen_data_2eeeaa6bf15c9ba6|__AUTOMETRIC__
__AUTOMETRIC__|0.1.2|19428|crew_log_eafabb1e1a86cbb4|0|1786390395.047|97.882|3.059|402931712|434974720|gen_data_2eeeaa6bf15c9ba6|__AUTOMETRIC__
__AUTOMETRIC__|0.1.2|19428|crew_log_eafabb1e1a86cbb4|0|1786390396.052|97.970|3.062|402870272|434946048|gen_data_2eeeaa6bf15c9ba6|__AUTOMETRIC__
__AUTOMETRIC__|0.1.2|19428|crew_log_eafabb1e1a86cbb4|0|1786390397.064|100.284|3.134|402755584|434798592|gen_data_2eeeaa6bf15c9ba6|__AUTOMETRIC__
__AUTOMETRIC__|0.1.2|19428|crew_log_eafabb1e1a86cbb4|0|1786390398.081|99.917|3.122|402976768|435027968|gen_data_2eeeaa6bf15c9ba6|__AUTOMETRIC__
__AUTOMETRIC__|0.1.2|19428|crew_log_eafabb1e1a86cbb4|0|1786390399.094|98.656|3.083|396451840|428507136|gen_data_2eeeaa6bf15c9ba6|__AUTOMETRIC__
__AUTOMETRIC__|0.1.2|19428|crew_log_eafabb1e1a86cbb4|0|1786390400.105|98.907|3.091|402698240|434741248|gen_data_2eeeaa6bf15c9ba6|__AUTOMETRIC__
__AUTOMETRIC__|0.1.2|19428|crew_log_eafabb1e1a86cbb4|0|1786390401.119|100.198|3.131|402690048|434749440|gen_data_2eeeaa6bf15c9ba6|__AUTOMETRIC__
__AUTOMETRIC__|0.1.2|19428|crew_log_eafabb1e1a86cbb4|0|1786390402.120|99.860|3.121|403230720|435277824|gen_data_2eeeaa6bf15c9ba6|__AUTOMETRIC__
__AUTOMETRIC__|0.1.2|19428|crew_log_eafabb1e1a86cbb4|0|1786390403.133|98.722|3.085|403210240|435257344|gen_data_2eeeaa6bf15c9ba6|__AUTOMETRIC__
__AUTOMETRIC__|0.1.2|19428|crew_log_eafabb1e1a86cbb4|0|1786390404.135|96.732|3.023|403156992|435200000|gen_data_2eeeaa6bf15c9ba6|__AUTOMETRIC__
__AUTOMETRIC__|0.1.2|19428|crew_log_eafabb1e1a86cbb4|0|1786390405.150|100.093|3.128|403308544|435359744|gen_data_2eeeaa6bf15c9ba6|__AUTOMETRIC__
__AUTOMETRIC__|0.1.2|19428|crew_log_eafabb1e1a86cbb4|0|1786390406.158|99.167|3.099|403058688|435105792|gen_data_2eeeaa6bf15c9ba6|__AUTOMETRIC__
__AUTOMETRIC__|0.1.2|19428|crew_log_eafabb1e1a86cbb4|0|1786390407.160|99.785|3.118|403255296|435302400|gen_data_2eeeaa6bf15c9ba6|__AUTOMETRIC__
__AUTOMETRIC__|0.1.2|19428|crew_log_eafabb1e1a86cbb4|0|1786390408.174|98.617|3.082|403116032|435163136|gen_data_2eeeaa6bf15c9ba6|__AUTOMETRIC__
__AUTOMETRIC__|0.1.2|19428|crew_log_eafabb1e1a86cbb4|0|1786390409.188|98.677|3.084|403234816|435290112|gen_data_2eeeaa6bf15c9ba6|__AUTOMETRIC__
__AUTOMETRIC__|0.1.2|19428|crew_log_eafabb1e1a86cbb4|0|1786390410.201|98.698|3.084|403173376|435216384|gen_data_2eeeaa6bf15c9ba6|__AUTOMETRIC__
__AUTOMETRIC__|0.1.2|19428|crew_log_eafabb1e1a86cbb4|0|1786390411.216|101.553|3.174|403349504|435392512|gen_data_2eeeaa6bf15c9ba6|__AUTOMETRIC__
__AUTOMETRIC__|0.1.2|19428|crew_log_eafabb1e1a86cbb4|0|1786390412.227|98.929|3.092|403230720|435273728|gen_data_2eeeaa6bf15c9ba6|__AUTOMETRIC__
__AUTOMETRIC__|0.1.2|19428|crew_log_eafabb1e1a86cbb4|0|1786390413.233|94.729|2.960|402997248|435040256|gen_data_2eeeaa6bf15c9ba6|__AUTOMETRIC__
__AUTOMETRIC__|0.1.2|19428|crew_log_eafabb1e1a86cbb4|0|1786390414.249|101.478|3.171|403226624|435290112|gen_data_2eeeaa6bf15c9ba6|__AUTOMETRIC__
__AUTOMETRIC__|0.1.2|19428|crew_log_eafabb1e1a86cbb4|0|1786390415.265|98.496|3.078|402976768|435019776|gen_data_2eeeaa6bf15c9ba6|__AUTOMETRIC__
__AUTOMETRIC__|0.1.2|19428|crew_log_eafabb1e1a86cbb4|0|1786390416.279|98.542|3.079|403230720|435273728|gen_data_2eeeaa6bf15c9ba6|__AUTOMETRIC__
__AUTOMETRIC__|0.1.2|19428|crew_log_eafabb1e1a86cbb4|0|1786390417.285|102.549|3.205|403079168|435134464|gen_data_2eeeaa6bf15c9ba6|__AUTOMETRIC__
__AUTOMETRIC__|0.1.2|19428|crew_log_eafabb1e1a86cbb4|0|1786390418.289|99.639|3.114|403390464|435458048|gen_data_2eeeaa6bf15c9ba6|__AUTOMETRIC__
__AUTOMETRIC__|0.1.2|19428|crew_log_eafabb1e1a86cbb4|0|1786390419.295|97.825|3.057|403132416|435200000|gen_data_2eeeaa6bf15c9ba6|__AUTOMETRIC__
__AUTOMETRIC__|0.1.2|19428|crew_log_eafabb1e1a86cbb4|0|1786390420.310|98.484|3.078|403189760|435236864|gen_data_2eeeaa6bf15c9ba6|__AUTOMETRIC__
__AUTOMETRIC__|0.1.2|19428|crew_log_eafabb1e1a86cbb4|0|1786390421.323|100.284|3.134|403193856|435240960|gen_data_2eeeaa6bf15c9ba6|__AUTOMETRIC__
__AUTOMETRIC__|0.1.2|19428|crew_log_eafabb1e1a86cbb4|0|1786390422.338|100.106|3.128|403103744|435150848|gen_data_2eeeaa6bf15c9ba6|__AUTOMETRIC__
__AUTOMETRIC__|0.1.2|19428|crew_log_eafabb1e1a86cbb4|0|1786390423.345|100.788|3.150|403136512|435183616|gen_data_2eeeaa6bf15c9ba6|__AUTOMETRIC__
__AUTOMETRIC__|0.1.2|19428|crew_log_eafabb1e1a86cbb4|0|1786390424.356|98.919|3.091|403292160|435339264|gen_data_2eeeaa6bf15c9ba6|__AUTOMETRIC__
__AUTOMETRIC__|0.1.2|19428|crew_log_eafabb1e1a86cbb4|0|1786390425.369|98.708|3.085|403103744|435150848|gen_data_2eeeaa6bf15c9ba6|__AUTOMETRIC__
__AUTOMETRIC__|0.1.2|19428|crew_log_eafabb1e1a86cbb4|0|1786390426.371|99.843|3.120|403161088|435208192|gen_data_2eeeaa6bf15c9ba6|__AUTOMETRIC__
__AUTOMETRIC__|0.1.2|19428|crew_log_eafabb1e1a86cbb4|0|1786390427.373|99.836|3.120|403267584|435314688|gen_data_2eeeaa6bf15c9ba6|__AUTOMETRIC__
__AUTOMETRIC__|0.1.2|19428|crew_log_eafabb1e1a86cbb4|0|1786390428.378|102.530|3.204|403222528|435269632|gen_data_2eeeaa6bf15c9ba6|__AUTOMETRIC__
__AUTOMETRIC__|0.1.2|19428|crew_log_eafabb1e1a86cbb4|0|1786390429.381|99.760|3.117|403275776|435322880|gen_data_2eeeaa6bf15c9ba6|__AUTOMETRIC__
__AUTOMETRIC__|0.1.2|19428|crew_log_eafabb1e1a86cbb4|0|1786390430.387|99.353|3.105|403238912|435286016|gen_data_2eeeaa6bf15c9ba6|__AUTOMETRIC__
__AUTOMETRIC__|0.1.2|19428|crew_log_eafabb1e1a86cbb4|0|1786390431.391|101.225|3.163|403124224|435105792|gen_data_2eeeaa6bf15c9ba6|__AUTOMETRIC__
__AUTOMETRIC__|0.1.2|19428|crew_log_eafabb1e1a86cbb4|0|1786390432.398|97.724|3.054|403316736|435298304|gen_data_2eeeaa6bf15c9ba6|__AUTOMETRIC__
__AUTOMETRIC__|0.1.2|19428|crew_log_eafabb1e1a86cbb4|0|1786390433.405|99.325|3.104|403472384|435466240|gen_data_2eeeaa6bf15c9ba6|__AUTOMETRIC__
__AUTOMETRIC__|0.1.2|19428|crew_log_eafabb1e1a86cbb4|0|1786390434.419|98.596|3.081|403369984|435363840|gen_data_2eeeaa6bf15c9ba6|__AUTOMETRIC__
__AUTOMETRIC__|0.1.2|19428|crew_log_eafabb1e1a86cbb4|0|1786390435.432|100.290|3.134|403410944|435400704|gen_data_2eeeaa6bf15c9ba6|__AUTOMETRIC__
__AUTOMETRIC__|0.1.2|19428|crew_log_eafabb1e1a86cbb4|0|1786390436.445|97.168|3.037|403181568|435175424|gen_data_2eeeaa6bf15c9ba6|__AUTOMETRIC__
__AUTOMETRIC__|0.1.2|19428|crew_log_eafabb1e1a86cbb4|0|1786390437.448|99.714|3.116|403206144|435200000|gen_data_2eeeaa6bf15c9ba6|__AUTOMETRIC__
__AUTOMETRIC__|0.1.2|19428|crew_log_eafabb1e1a86cbb4|0|1786390438.456|100.750|3.148|403189760|435183616|gen_data_2eeeaa6bf15c9ba6|__AUTOMETRIC__
__AUTOMETRIC__|0.1.2|19428|crew_log_eafabb1e1a86cbb4|0|1786390439.470|100.107|3.128|403255296|435240960|gen_data_2eeeaa6bf15c9ba6|__AUTOMETRIC__
__AUTOMETRIC__|0.1.2|19428|crew_log_eafabb1e1a86cbb4|0|1786390440.480|99.066|3.096|403021824|435007488|gen_data_2eeeaa6bf15c9ba6|__AUTOMETRIC__
__AUTOMETRIC__|0.1.2|19428|crew_log_eafabb1e1a86cbb4|0|1786390441.482|99.748|3.117|403054592|435040256|gen_data_2eeeaa6bf15c9ba6|__AUTOMETRIC__
__AUTOMETRIC__|0.1.2|19428|crew_log_eafabb1e1a86cbb4|0|1786390442.484|102.964|3.218|403009536|434995200|gen_data_2eeeaa6bf15c9ba6|__AUTOMETRIC__
__AUTOMETRIC__|0.1.2|19428|crew_log_eafabb1e1a86cbb4|0|1786390443.498|97.053|3.033|403001344|434982912|gen_data_2eeeaa6bf15c9ba6|__AUTOMETRIC__
__AUTOMETRIC__|0.1.2|19428|crew_log_eafabb1e1a86cbb4|0|1786390444.513|100.084|3.128|403025920|435007488|gen_data_2eeeaa6bf15c9ba6|__AUTOMETRIC__
__AUTOMETRIC__|0.1.2|19428|crew_log_eafabb1e1a86cbb4|0|1786390445.516|99.695|3.115|403509248|435527680|gen_data_2eeeaa6bf15c9ba6|__AUTOMETRIC__
__AUTOMETRIC__|0.1.2|19428|crew_log_eafabb1e1a86cbb4|0|1786390446.525|95.971|2.999|403492864|435474432|gen_data_2eeeaa6bf15c9ba6|__AUTOMETRIC__
__AUTOMETRIC__|0.1.2|19428|crew_log_eafabb1e1a86cbb4|0|1786390447.534|100.694|3.147|403304448|435286016|gen_data_2eeeaa6bf15c9ba6|__AUTOMETRIC__
__AUTOMETRIC__|0.1.2|19428|crew_log_eafabb1e1a86cbb4|0|1786390448.537|99.707|3.116|403271680|435249152|gen_data_2eeeaa6bf15c9ba6|__AUTOMETRIC__
__AUTOMETRIC__|0.1.2|19428|crew_log_eafabb1e1a86cbb4|0|1786390449.551|100.174|3.130|403243008|435367936|gen_data_2eeeaa6bf15c9ba6|__AUTOMETRIC__
__AUTOMETRIC__|0.1.2|19428|crew_log_eafabb1e1a86cbb4|0|1786390450.559|97.574|3.049|403341312|435318784|gen_data_2eeeaa6bf15c9ba6|__AUTOMETRIC__
__AUTOMETRIC__|0.1.2|19428|crew_log_eafabb1e1a86cbb4|0|1786390451.574|98.614|3.082|403402752|435380224|gen_data_2eeeaa6bf15c9ba6|__AUTOMETRIC__
__AUTOMETRIC__|0.1.2|19428|crew_log_eafabb1e1a86cbb4|0|1786390452.588|97.001|3.031|403382272|435367936|gen_data_2eeeaa6bf15c9ba6|__AUTOMETRIC__
__AUTOMETRIC__|0.1.2|19428|crew_log_eafabb1e1a86cbb4|0|1786390453.603|100.058|3.127|403165184|435142656|gen_data_2eeeaa6bf15c9ba6|__AUTOMETRIC__
__AUTOMETRIC__|0.1.2|19428|crew_log_eafabb1e1a86cbb4|0|1786390454.615|100.396|3.137|403238912|435216384|gen_data_2eeeaa6bf15c9ba6|__AUTOMETRIC__
__AUTOMETRIC__|0.1.2|19428|crew_log_eafabb1e1a86cbb4|0|1786390455.628|97.189|3.037|403345408|435322880|gen_data_2eeeaa6bf15c9ba6|__AUTOMETRIC__
__AUTOMETRIC__|0.1.2|19428|crew_log_eafabb1e1a86cbb4|0|1786390456.629|99.855|3.120|403554304|435556352|gen_data_2eeeaa6bf15c9ba6|__AUTOMETRIC__
__AUTOMETRIC__|0.1.2|19428|crew_log_eafabb1e1a86cbb4|0|1786390457.644|100.097|3.128|403255296|435232768|gen_data_2eeeaa6bf15c9ba6|__AUTOMETRIC__
__AUTOMETRIC__|0.1.2|19428|crew_log_eafabb1e1a86cbb4|0|1786390458.647|99.732|3.117|403308544|435286016|gen_data_2eeeaa6bf15c9ba6|__AUTOMETRIC__
__AUTOMETRIC__|0.1.2|19428|crew_log_eafabb1e1a86cbb4|0|1786390459.662|100.057|3.127|403173376|435150848|gen_data_2eeeaa6bf15c9ba6|__AUTOMETRIC__
__AUTOMETRIC__|0.1.2|19428|crew_log_eafabb1e1a86cbb4|0|1786390460.667|99.492|3.109|403116032|435093504|gen_data_2eeeaa6bf15c9ba6|__AUTOMETRIC__
__AUTOMETRIC__|0.1.2|19428|crew_log_eafabb1e1a86cbb4|0|1786390461.683|98.447|3.076|403177472|435154944|gen_data_2eeeaa6bf15c9ba6|__AUTOMETRIC__
__AUTOMETRIC__|0.1.2|19428|crew_log_eafabb1e1a86cbb4|0|1786390462.697|98.540|3.079|403324928|435302400|gen_data_2eeeaa6bf15c9ba6|__AUTOMETRIC__
__AUTOMETRIC__|0.1.2|19428|crew_log_eafabb1e1a86cbb4|0|1786390463.703|100.975|3.155|403062784|435040256|gen_data_2eeeaa6bf15c9ba6|__AUTOMETRIC__
__AUTOMETRIC__|0.1.2|19428|crew_log_eafabb1e1a86cbb4|0|1786390464.707|99.592|3.112|403111936|435089408|gen_data_2eeeaa6bf15c9ba6|__AUTOMETRIC__
__AUTOMETRIC__|0.1.2|19428|crew_log_eafabb1e1a86cbb4|0|1786390465.721|98.636|3.082|403283968|435261440|gen_data_2eeeaa6bf15c9ba6|__AUTOMETRIC__
__AUTOMETRIC__|0.1.2|19428|crew_log_eafabb1e1a86cbb4|0|1786390466.737|99.991|3.125|403251200|435228672|gen_data_2eeeaa6bf15c9ba6|__AUTOMETRIC__
__AUTOMETRIC__|0.1.2|19428|crew_log_eafabb1e1a86cbb4|0|1786390467.753|99.991|3.125|403173376|435150848|gen_data_2eeeaa6bf15c9ba6|__AUTOMETRIC__
__AUTOMETRIC__|0.1.2|19428|crew_log_eafabb1e1a86cbb4|0|1786390468.756|98.148|3.067|403226624|435212288|gen_data_2eeeaa6bf15c9ba6|__AUTOMETRIC__
__AUTOMETRIC__|0.1.2|19428|crew_log_eafabb1e1a86cbb4|0|1786390469.762|99.401|3.106|403156992|435142656|gen_data_2eeeaa6bf15c9ba6|__AUTOMETRIC__
__AUTOMETRIC__|0.1.2|19428|crew_log_eafabb1e1a86cbb4|0|1786390470.768|100.872|3.152|403243008|435224576|gen_data_2eeeaa6bf15c9ba6|__AUTOMETRIC__
__AUTOMETRIC__|0.1.2|19428|crew_log_eafabb1e1a86cbb4|0|1786390471.780|100.408|3.138|403304448|435281920|gen_data_2eeeaa6bf15c9ba6|__AUTOMETRIC__
__AUTOMETRIC__|0.1.2|19428|crew_log_eafabb1e1a86cbb4|0|1786390472.794|97.100|3.034|403308544|435286016|gen_data_2eeeaa6bf15c9ba6|__AUTOMETRIC__
__AUTOMETRIC__|0.1.2|19428|crew_log_eafabb1e1a86cbb4|0|1786390473.798|101.106|3.160|403279872|435265536|gen_data_2eeeaa6bf15c9ba6|__AUTOMETRIC__
__AUTOMETRIC__|0.1.2|19428|crew_log_eafabb1e1a86cbb4|0|1786390474.803|99.564|3.111|403210240|435195904|gen_data_2eeeaa6bf15c9ba6|__AUTOMETRIC__
__AUTOMETRIC__|0.1.2|19428|crew_log_eafabb1e1a86cbb4|0|1786390475.813|100.502|3.141|403234816|435216384|gen_data_2eeeaa6bf15c9ba6|__AUTOMETRIC__
__AUTOMETRIC__|0.1.2|19428|crew_log_eafabb1e1a86cbb4|0|1786390476.826|98.683|3.084|403324928|435306496|gen_data_2eeeaa6bf15c9ba6|__AUTOMETRIC__
__AUTOMETRIC__|0.1.2|19428|crew_log_eafabb1e1a86cbb4|0|1786390477.835|99.129|3.098|403300352|435281920|gen_data_2eeeaa6bf15c9ba6|__AUTOMETRIC__
__AUTOMETRIC__|0.1.2|19428|crew_log_eafabb1e1a86cbb4|0|1786390478.845|97.453|3.045|403353600|435331072|gen_data_2eeeaa6bf15c9ba6|__AUTOMETRIC__
__AUTOMETRIC__|0.1.2|19428|crew_log_eafabb1e1a86cbb4|0|1786390479.862|99.877|3.121|403271680|435249152|gen_data_2eeeaa6bf15c9ba6|__AUTOMETRIC__
__AUTOMETRIC__|0.1.2|19428|crew_log_eafabb1e1a86cbb4|0|1786390480.864|99.852|3.120|403390464|435367936|gen_data_2eeeaa6bf15c9ba6|__AUTOMETRIC__
__AUTOMETRIC__|0.1.2|19428|crew_log_eafabb1e1a86cbb4|0|1786390481.873|99.103|3.097|403255296|435232768|gen_data_2eeeaa6bf15c9ba6|__AUTOMETRIC__
__AUTOMETRIC__|0.1.2|19428|crew_log_eafabb1e1a86cbb4|0|1786390482.887|98.632|3.082|403247104|435224576|gen_data_2eeeaa6bf15c9ba6|__AUTOMETRIC__
__AUTOMETRIC__|0.1.2|19428|crew_log_eafabb1e1a86cbb4|0|1786390483.900|100.220|3.132|403525632|435503104|gen_data_2eeeaa6bf15c9ba6|__AUTOMETRIC__
__AUTOMETRIC__|0.1.2|19428|crew_log_eafabb1e1a86cbb4|0|1786390484.904|99.560|3.111|403410944|435388416|gen_data_2eeeaa6bf15c9ba6|__AUTOMETRIC__
__AUTOMETRIC__|0.1.2|19428|crew_log_eafabb1e1a86cbb4|0|1786390485.908|101.213|3.163|403238912|435216384|gen_data_2eeeaa6bf15c9ba6|__AUTOMETRIC__
__AUTOMETRIC__|0.1.2|19428|crew_log_eafabb1e1a86cbb4|0|1786390486.917|99.080|3.096|403324928|435306496|gen_data_2eeeaa6bf15c9ba6|__AUTOMETRIC__
__AUTOMETRIC__|0.1.2|19428|crew_log_eafabb1e1a86cbb4|0|1786390487.930|98.762|3.086|403492864|435470336|gen_data_2eeeaa6bf15c9ba6|__AUTOMETRIC__
__AUTOMETRIC__|0.1.2|19428|crew_log_eafabb1e1a86cbb4|0|1786390488.946|99.965|3.124|403464192|435503104|gen_data_2eeeaa6bf15c9ba6|__AUTOMETRIC__
__AUTOMETRIC__|0.1.2|19428|crew_log_eafabb1e1a86cbb4|0|1786390489.958|98.737|3.086|403361792|435343360|gen_data_2eeeaa6bf15c9ba6|__AUTOMETRIC__
__AUTOMETRIC__|0.1.2|19428|crew_log_eafabb1e1a86cbb4|0|1786390490.971|98.716|3.085|403415040|435392512|gen_data_2eeeaa6bf15c9ba6|__AUTOMETRIC__
__AUTOMETRIC__|0.1.2|19428|crew_log_eafabb1e1a86cbb4|0|1786390491.976|99.592|3.112|403668992|435675136|gen_data_2eeeaa6bf15c9ba6|__AUTOMETRIC__
__AUTOMETRIC__|0.1.2|19428|crew_log_eafabb1e1a86cbb4|0|1786390492.980|99.585|3.112|403456000|435433472|gen_data_2eeeaa6bf15c9ba6|__AUTOMETRIC__
__AUTOMETRIC__|0.1.2|19428|crew_log_eafabb1e1a86cbb4|0|1786390493.983|99.691|3.115|403447808|435458048|gen_data_2eeeaa6bf15c9ba6|__AUTOMETRIC__
__AUTOMETRIC__|0.1.2|19428|crew_log_eafabb1e1a86cbb4|0|1786390494.986|102.794|3.212|403480576|435458048|gen_data_2eeeaa6bf15c9ba6|__AUTOMETRIC__
__AUTOMETRIC__|0.1.2|19428|crew_log_eafabb1e1a86cbb4|0|1786390495.993|97.729|3.054|403460096|435437568|gen_data_2eeeaa6bf15c9ba6|__AUTOMETRIC__
__AUTOMETRIC__|0.1.2|19428|crew_log_eafabb1e1a86cbb4|0|1786390497.002|100.735|3.148|403460096|435437568|gen_data_2eeeaa6bf15c9ba6|__AUTOMETRIC__
__AUTOMETRIC__|0.1.2|19428|crew_log_eafabb1e1a86cbb4|0|1786390498.003|98.310|3.072|403574784|435597312|gen_data_2eeeaa6bf15c9ba6|__AUTOMETRIC__
__AUTOMETRIC__|0.1.2|19428|crew_log_eafabb1e1a86cbb4|0|1786390499.018|98.477|3.077|403329024|435306496|gen_data_2eeeaa6bf15c9ba6|__AUTOMETRIC__
__AUTOMETRIC__|0.1.2|19428|crew_log_eafabb1e1a86cbb4|0|1786390500.032|100.144|3.130|403410944|435388416|gen_data_2eeeaa6bf15c9ba6|__AUTOMETRIC__
__AUTOMETRIC__|0.1.2|19428|crew_log_eafabb1e1a86cbb4|0|1786390501.036|99.606|3.113|403415040|435392512|gen_data_2eeeaa6bf15c9ba6|__AUTOMETRIC__
__AUTOMETRIC__|0.1.2|19428|crew_log_eafabb1e1a86cbb4|0|1786390502.050|100.240|3.133|403697664|435675136|gen_data_2eeeaa6bf15c9ba6|__AUTOMETRIC__
__AUTOMETRIC__|0.1.2|19428|crew_log_eafabb1e1a86cbb4|0|1786390503.066|99.911|3.122|403664896|435642368|gen_data_2eeeaa6bf15c9ba6|__AUTOMETRIC__
__AUTOMETRIC__|0.1.2|19428|crew_log_eafabb1e1a86cbb4|0|1786390504.081|100.084|3.128|403505152|435482624|gen_data_2eeeaa6bf15c9ba6|__AUTOMETRIC__
__AUTOMETRIC__|0.1.2|19428|crew_log_eafabb1e1a86cbb4|0|1786390505.095|100.140|3.129|403607552|435585024|gen_data_2eeeaa6bf15c9ba6|__AUTOMETRIC__
__AUTOMETRIC__|0.1.2|19428|crew_log_eafabb1e1a86cbb4|0|1786390506.108|98.705|3.085|403537920|435515392|gen_data_2eeeaa6bf15c9ba6|__AUTOMETRIC__
__AUTOMETRIC__|0.1.2|19428|crew_log_eafabb1e1a86cbb4|0|1786390507.111|95.050|2.970|403759104|435736576|gen_data_2eeeaa6bf15c9ba6|__AUTOMETRIC__
__AUTOMETRIC__|0.1.2|19428|crew_log_eafabb1e1a86cbb4|0|1786390508.127|98.406|3.075|403509248|435486720|gen_data_2eeeaa6bf15c9ba6|__AUTOMETRIC__
__AUTOMETRIC__|0.1.2|19428|crew_log_eafabb1e1a86cbb4|0|1786390509.141|100.171|3.130|403570688|435548160|gen_data_2eeeaa6bf15c9ba6|__AUTOMETRIC__
__AUTOMETRIC__|0.1.2|19428|crew_log_eafabb1e1a86cbb4|0|1786390510.142|99.875|3.121|403595264|435572736|gen_data_2eeeaa6bf15c9ba6|__AUTOMETRIC__
__AUTOMETRIC__|0.1.2|19428|crew_log_eafabb1e1a86cbb4|0|1786390511.155|100.334|3.135|403480576|435458048|gen_data_2eeeaa6bf15c9ba6|__AUTOMETRIC__
__AUTOMETRIC__|0.1.2|19428|crew_log_eafabb1e1a86cbb4|0|1786390512.172|98.296|3.072|403562496|435572736|gen_data_2eeeaa6bf15c9ba6|__AUTOMETRIC__
__AUTOMETRIC__|0.1.2|19428|crew_log_eafabb1e1a86cbb4|0|1786390513.176|99.587|3.112|403865600|435851264|gen_data_2eeeaa6bf15c9ba6|__AUTOMETRIC__
__AUTOMETRIC__|0.1.2|19428|crew_log_eafabb1e1a86cbb4|0|1786390514.181|99.512|3.110|403701760|435679232|gen_data_2eeeaa6bf15c9ba6|__AUTOMETRIC__
__AUTOMETRIC__|0.1.2|19428|crew_log_eafabb1e1a86cbb4|0|1786390515.182|98.343|3.073|403546112|435523584|gen_data_2eeeaa6bf15c9ba6|__AUTOMETRIC__
__AUTOMETRIC__|0.1.2|19428|crew_log_eafabb1e1a86cbb4|0|1786390516.194|100.328|3.135|403578880|435556352|gen_data_2eeeaa6bf15c9ba6|__AUTOMETRIC__
__AUTOMETRIC__|0.1.2|19428|crew_log_eafabb1e1a86cbb4|0|1786390517.207|100.254|3.133|403853312|435830784|gen_data_2eeeaa6bf15c9ba6|__AUTOMETRIC__
__AUTOMETRIC__|0.1.2|19428|crew_log_eafabb1e1a86cbb4|0|1786390518.222|98.563|3.080|403877888|435855360|gen_data_2eeeaa6bf15c9ba6|__AUTOMETRIC__
__AUTOMETRIC__|0.1.2|19428|crew_log_eafabb1e1a86cbb4|0|1786390519.235|97.168|3.036|403701760|435679232|gen_data_2eeeaa6bf15c9ba6|__AUTOMETRIC__
__AUTOMETRIC__|0.1.2|19428|crew_log_eafabb1e1a86cbb4|0|1786390520.245|97.491|3.047|403644416|435621888|gen_data_2eeeaa6bf15c9ba6|__AUTOMETRIC__
__AUTOMETRIC__|0.1.2|19428|crew_log_eafabb1e1a86cbb4|0|1786390521.247|99.785|3.118|403623936|435601408|gen_data_2eeeaa6bf15c9ba6|__AUTOMETRIC__
__AUTOMETRIC__|0.1.2|19428|crew_log_eafabb1e1a86cbb4|0|1786390522.260|98.734|3.085|403660800|435642368|gen_data_2eeeaa6bf15c9ba6|__AUTOMETRIC__
__AUTOMETRIC__|0.1.2|19428|crew_log_eafabb1e1a86cbb4|0|1786390523.275|98.492|3.078|403668992|435650560|gen_data_2eeeaa6bf15c9ba6|__AUTOMETRIC__
__AUTOMETRIC__|0.1.2|19428|crew_log_eafabb1e1a86cbb4|0|1786390524.280|99.519|3.110|403566592|435544064|gen_data_2eeeaa6bf15c9ba6|__AUTOMETRIC__
__AUTOMETRIC__|0.1.2|19428|crew_log_eafabb1e1a86cbb4|0|1786390525.293|98.707|3.085|403632128|435609600|gen_data_2eeeaa6bf15c9ba6|__AUTOMETRIC__
__AUTOMETRIC__|0.1.2|19428|crew_log_eafabb1e1a86cbb4|0|1786390526.307|98.620|3.082|403746816|435724288|gen_data_2eeeaa6bf15c9ba6|__AUTOMETRIC__
__AUTOMETRIC__|0.1.2|19428|crew_log_eafabb1e1a86cbb4|0|1786390527.310|99.676|3.115|403922944|435982336|gen_data_2eeeaa6bf15c9ba6|__AUTOMETRIC__
__AUTOMETRIC__|0.1.2|19428|crew_log_eafabb1e1a86cbb4|0|1786390528.326|103.095|3.222|403898368|435875840|gen_data_2eeeaa6bf15c9ba6|__AUTOMETRIC__
__AUTOMETRIC__|0.1.2|19428|crew_log_eafabb1e1a86cbb4|0|1786390529.341|101.529|3.173|403656704|435777536|gen_data_2eeeaa6bf15c9ba6|__AUTOMETRIC__
__AUTOMETRIC__|0.1.2|19428|crew_log_eafabb1e1a86cbb4|0|1786390530.353|103.427|3.232|403558400|435535872|gen_data_2eeeaa6bf15c9ba6|__AUTOMETRIC__
__AUTOMETRIC__|0.1.2|19428|crew_log_eafabb1e1a86cbb4|0|1786390531.368|100.082|3.128|403546112|435523584|gen_data_2eeeaa6bf15c9ba6|__AUTOMETRIC__
__AUTOMETRIC__|0.1.2|19428|crew_log_eafabb1e1a86cbb4|0|1786390532.374|97.876|3.059|403775488|435757056|gen_data_2eeeaa6bf15c9ba6|__AUTOMETRIC__
__AUTOMETRIC__|0.1.2|19428|crew_log_eafabb1e1a86cbb4|0|1786390533.376|98.194|3.069|403668992|435662848|gen_data_2eeeaa6bf15c9ba6|__AUTOMETRIC__
__AUTOMETRIC__|0.1.2|19428|crew_log_eafabb1e1a86cbb4|0|1786390534.392|96.957|3.030|403648512|435625984|gen_data_2eeeaa6bf15c9ba6|__AUTOMETRIC__
__AUTOMETRIC__|0.1.2|19428|crew_log_eafabb1e1a86cbb4|0|1786390535.404|98.778|3.087|403578880|435556352|gen_data_2eeeaa6bf15c9ba6|__AUTOMETRIC__
__AUTOMETRIC__|0.1.2|19428|crew_log_eafabb1e1a86cbb4|0|1786390536.413|100.667|3.146|403566592|435544064|gen_data_2eeeaa6bf15c9ba6|__AUTOMETRIC__
__AUTOMETRIC__|0.1.2|19428|crew_log_eafabb1e1a86cbb4|0|1786390537.419|100.926|3.154|403562496|435539968|gen_data_2eeeaa6bf15c9ba6|__AUTOMETRIC__
__AUTOMETRIC__|0.1.2|19428|crew_log_eafabb1e1a86cbb4|0|1786390538.430|103.591|3.237|403681280|435658752|gen_data_2eeeaa6bf15c9ba6|__AUTOMETRIC__
__AUTOMETRIC__|0.1.2|19428|crew_log_eafabb1e1a86cbb4|0|1786390539.446|99.983|3.124|403755008|435785728|gen_data_2eeeaa6bf15c9ba6|__AUTOMETRIC__
__AUTOMETRIC__|0.1.2|19428|crew_log_eafabb1e1a86cbb4|0|1786390540.459|98.646|3.083|403787776|435765248|gen_data_2eeeaa6bf15c9ba6|__AUTOMETRIC__
__AUTOMETRIC__|0.1.2|19428|crew_log_eafabb1e1a86cbb4|0|1786390541.463|99.692|3.115|403755008|435732480|gen_data_2eeeaa6bf15c9ba6|__AUTOMETRIC__
__AUTOMETRIC__|0.1.2|19428|crew_log_eafabb1e1a86cbb4|0|1786390542.476|98.667|3.083|403849216|435826688|gen_data_2eeeaa6bf15c9ba6|__AUTOMETRIC__
__AUTOMETRIC__|0.1.2|19428|crew_log_eafabb1e1a86cbb4|0|1786390543.488|100.367|3.136|403898368|435916800|gen_data_2eeeaa6bf15c9ba6|__AUTOMETRIC__
__AUTOMETRIC__|0.1.2|19428|crew_log_eafabb1e1a86cbb4|0|1786390544.491|99.707|3.116|403685376|435662848|gen_data_2eeeaa6bf15c9ba6|__AUTOMETRIC__
__AUTOMETRIC__|0.1.2|19428|crew_log_eafabb1e1a86cbb4|0|1786390545.506|98.489|3.078|403800064|435777536|gen_data_2eeeaa6bf15c9ba6|__AUTOMETRIC__
__AUTOMETRIC__|0.1.2|19428|crew_log_eafabb1e1a86cbb4|0|1786390546.520|100.207|3.131|403656704|435634176|gen_data_2eeeaa6bf15c9ba6|__AUTOMETRIC__
__AUTOMETRIC__|0.1.2|19428|crew_log_eafabb1e1a86cbb4|0|1786390547.525|99.444|3.108|403664896|435642368|gen_data_2eeeaa6bf15c9ba6|__AUTOMETRIC__
__AUTOMETRIC__|0.1.2|19428|crew_log_eafabb1e1a86cbb4|0|1786390548.536|100.481|3.140|403705856|435683328|gen_data_2eeeaa6bf15c9ba6|__AUTOMETRIC__
__AUTOMETRIC__|0.1.2|19428|crew_log_eafabb1e1a86cbb4|0|1786390549.541|99.533|3.110|403709952|435687424|gen_data_2eeeaa6bf15c9ba6|__AUTOMETRIC__
__AUTOMETRIC__|0.1.2|19428|crew_log_eafabb1e1a86cbb4|0|1786390550.551|99.021|3.094|403816448|435879936|gen_data_2eeeaa6bf15c9ba6|__AUTOMETRIC__
__AUTOMETRIC__|0.1.2|19428|crew_log_eafabb1e1a86cbb4|0|1786390551.567|99.946|3.123|403845120|435822592|gen_data_2eeeaa6bf15c9ba6|__AUTOMETRIC__
__AUTOMETRIC__|0.1.2|19428|crew_log_eafabb1e1a86cbb4|0|1786390552.574|97.762|3.055|403988480|435965952|gen_data_2eeeaa6bf15c9ba6|__AUTOMETRIC__
__AUTOMETRIC__|0.1.2|19428|crew_log_eafabb1e1a86cbb4|0|1786390553.589|96.921|3.029|404066304|436080640|gen_data_2eeeaa6bf15c9ba6|__AUTOMETRIC__
__AUTOMETRIC__|0.1.2|19428|crew_log_eafabb1e1a86cbb4|0|1786390554.604|100.138|3.129|403976192|435953664|gen_data_2eeeaa6bf15c9ba6|__AUTOMETRIC__
__AUTOMETRIC__|0.1.2|19428|crew_log_eafabb1e1a86cbb4|0|1786390555.610|100.884|3.153|404025344|436047872|gen_data_2eeeaa6bf15c9ba6|__AUTOMETRIC__
__AUTOMETRIC__|0.1.2|19428|crew_log_eafabb1e1a86cbb4|0|1786390556.619|99.120|3.097|403922944|435937280|gen_data_2eeeaa6bf15c9ba6|__AUTOMETRIC__
__AUTOMETRIC__|0.1.2|19428|crew_log_eafabb1e1a86cbb4|0|1786390557.628|96.019|3.001|403984384|435974144|gen_data_2eeeaa6bf15c9ba6|__AUTOMETRIC__
__AUTOMETRIC__|0.1.2|19428|crew_log_eafabb1e1a86cbb4|0|1786390558.629|99.874|3.121|403800064|435777536|gen_data_2eeeaa6bf15c9ba6|__AUTOMETRIC__
__AUTOMETRIC__|0.1.2|19428|crew_log_eafabb1e1a86cbb4|0|1786390559.644|100.086|3.128|403812352|435826688|gen_data_2eeeaa6bf15c9ba6|__AUTOMETRIC__
__AUTOMETRIC__|0.1.2|19428|crew_log_eafabb1e1a86cbb4|0|1786390560.653|99.090|3.097|403812352|435789824|gen_data_2eeeaa6bf15c9ba6|__AUTOMETRIC__
__AUTOMETRIC__|0.1.2|19428|crew_log_eafabb1e1a86cbb4|0|1786390561.659|102.521|3.204|403894272|435871744|gen_data_2eeeaa6bf15c9ba6|__AUTOMETRIC__
__AUTOMETRIC__|0.1.2|19428|crew_log_eafabb1e1a86cbb4|0|1786390562.664|99.530|3.110|403935232|435920896|gen_data_2eeeaa6bf15c9ba6|__AUTOMETRIC__
__AUTOMETRIC__|0.1.2|19428|crew_log_eafabb1e1a86cbb4|0|1786390563.666|98.264|3.071|403931136|435908608|gen_data_2eeeaa6bf15c9ba6|__AUTOMETRIC__
__AUTOMETRIC__|0.1.2|19428|crew_log_eafabb1e1a86cbb4|0|1786390564.678|100.362|3.136|403845120|435822592|gen_data_2eeeaa6bf15c9ba6|__AUTOMETRIC__
__AUTOMETRIC__|0.1.2|19428|crew_log_eafabb1e1a86cbb4|0|1786390565.692|98.548|3.080|404070400|436047872|gen_data_2eeeaa6bf15c9ba6|__AUTOMETRIC__
__AUTOMETRIC__|0.1.2|19428|crew_log_eafabb1e1a86cbb4|0|1786390566.699|99.389|3.106|404062208|436039680|gen_data_2eeeaa6bf15c9ba6|__AUTOMETRIC__
__AUTOMETRIC__|0.1.2|19428|crew_log_eafabb1e1a86cbb4|0|1786390567.709|100.474|3.140|403931136|435908608|gen_data_2eeeaa6bf15c9ba6|__AUTOMETRIC__
__AUTOMETRIC__|0.1.2|19428|crew_log_eafabb1e1a86cbb4|0|1786390568.721|100.381|3.137|403910656|435888128|gen_data_2eeeaa6bf15c9ba6|__AUTOMETRIC__
__AUTOMETRIC__|0.1.2|19428|crew_log_eafabb1e1a86cbb4|0|1786390569.734|100.255|3.133|404017152|435994624|gen_data_2eeeaa6bf15c9ba6|__AUTOMETRIC__
__AUTOMETRIC__|0.1.2|19428|crew_log_eafabb1e1a86cbb4|0|1786390570.748|98.684|3.084|403927040|435904512|gen_data_2eeeaa6bf15c9ba6|__AUTOMETRIC__
__AUTOMETRIC__|0.1.2|19428|crew_log_eafabb1e1a86cbb4|0|1786390571.750|101.360|3.167|404180992|436158464|gen_data_2eeeaa6bf15c9ba6|__AUTOMETRIC__
__AUTOMETRIC__|0.1.2|19428|crew_log_eafabb1e1a86cbb4|0|1786390572.751|98.328|3.073|404279296|436256768|gen_data_2eeeaa6bf15c9ba6|__AUTOMETRIC__
__AUTOMETRIC__|0.1.2|19428|crew_log_eafabb1e1a86cbb4|0|1786390573.756|99.508|3.110|404348928|436326400|gen_data_2eeeaa6bf15c9ba6|__AUTOMETRIC__
__AUTOMETRIC__|0.1.2|19428|crew_log_eafabb1e1a86cbb4|0|1786390574.765|100.626|3.145|404328448|436305920|gen_data_2eeeaa6bf15c9ba6|__AUTOMETRIC__
__AUTOMETRIC__|0.1.2|19428|crew_log_eafabb1e1a86cbb4|0|1786390575.779|98.617|3.082|404377600|436355072|gen_data_2eeeaa6bf15c9ba6|__AUTOMETRIC__
__AUTOMETRIC__|0.1.2|19428|crew_log_eafabb1e1a86cbb4|0|1786390576.794|98.542|3.079|404316160|436293632|gen_data_2eeeaa6bf15c9ba6|__AUTOMETRIC__
__AUTOMETRIC__|0.1.2|19428|crew_log_eafabb1e1a86cbb4|0|1786390577.797|101.188|3.162|404213760|436191232|gen_data_2eeeaa6bf15c9ba6|__AUTOMETRIC__
__AUTOMETRIC__|0.1.2|19428|crew_log_eafabb1e1a86cbb4|0|1786390578.811|98.625|3.082|404127744|436121600|gen_data_2eeeaa6bf15c9ba6|__AUTOMETRIC__
__AUTOMETRIC__|0.1.2|19428|crew_log_eafabb1e1a86cbb4|0|1786390579.818|96.216|3.007|404148224|436125696|gen_data_2eeeaa6bf15c9ba6|__AUTOMETRIC__
__AUTOMETRIC__|0.1.2|19428|crew_log_eafabb1e1a86cbb4|0|1786390580.830|100.357|3.136|403955712|435933184|gen_data_2eeeaa6bf15c9ba6|__AUTOMETRIC__
__AUTOMETRIC__|0.1.2|19428|crew_log_eafabb1e1a86cbb4|0|1786390581.845|100.078|3.127|404004864|435982336|gen_data_2eeeaa6bf15c9ba6|__AUTOMETRIC__
__AUTOMETRIC__|0.1.2|19428|crew_log_eafabb1e1a86cbb4|0|1786390582.855|95.881|2.996|404041728|436019200|gen_data_2eeeaa6bf15c9ba6|__AUTOMETRIC__
__AUTOMETRIC__|0.1.2|19428|crew_log_eafabb1e1a86cbb4|0|1786390583.867|101.930|3.185|404140032|436170752|gen_data_2eeeaa6bf15c9ba6|__AUTOMETRIC__
__AUTOMETRIC__|0.1.2|19428|crew_log_eafabb1e1a86cbb4|0|1786390584.873|99.428|3.107|404062208|436039680|gen_data_2eeeaa6bf15c9ba6|__AUTOMETRIC__
__AUTOMETRIC__|0.1.2|19428|crew_log_eafabb1e1a86cbb4|0|1786390585.886|95.603|2.988|404086784|436064256|gen_data_2eeeaa6bf15c9ba6|__AUTOMETRIC__
__AUTOMETRIC__|0.1.2|19428|crew_log_eafabb1e1a86cbb4|0|1786390586.891|101.037|3.157|404144128|436121600|gen_data_2eeeaa6bf15c9ba6|__AUTOMETRIC__
__AUTOMETRIC__|0.1.2|19428|crew_log_eafabb1e1a86cbb4|0|1786390587.903|98.807|3.088|404160512|436137984|gen_data_2eeeaa6bf15c9ba6|__AUTOMETRIC__
__AUTOMETRIC__|0.1.2|19428|crew_log_eafabb1e1a86cbb4|0|1786390588.920|102.968|3.218|404074496|436072448|gen_data_2eeeaa6bf15c9ba6|__AUTOMETRIC__
__AUTOMETRIC__|0.1.2|19428|crew_log_eafabb1e1a86cbb4|0|1786390589.934|98.663|3.083|404148224|436125696|gen_data_2eeeaa6bf15c9ba6|__AUTOMETRIC__
__AUTOMETRIC__|0.1.2|19428|crew_log_eafabb1e1a86cbb4|0|1786390590.947|101.730|3.179|404058112|436035584|gen_data_2eeeaa6bf15c9ba6|__AUTOMETRIC__
__AUTOMETRIC__|0.1.2|19428|crew_log_eafabb1e1a86cbb4|0|1786390591.950|96.596|3.019|404004864|435982336|gen_data_2eeeaa6bf15c9ba6|__AUTOMETRIC__
__AUTOMETRIC__|0.1.2|19428|crew_log_eafabb1e1a86cbb4|0|1786390592.952|102.971|3.218|404094976|436072448|gen_data_2eeeaa6bf15c9ba6|__AUTOMETRIC__
__AUTOMETRIC__|0.1.2|19428|crew_log_eafabb1e1a86cbb4|0|1786390593.968|98.417|3.076|404082688|436117504|gen_data_2eeeaa6bf15c9ba6|__AUTOMETRIC__
__AUTOMETRIC__|0.1.2|19428|crew_log_eafabb1e1a86cbb4|0|1786390594.974|99.373|3.105|404041728|436019200|gen_data_2eeeaa6bf15c9ba6|__AUTOMETRIC__
__AUTOMETRIC__|0.1.2|19428|crew_log_eafabb1e1a86cbb4|0|1786390595.991|99.909|3.122|404189184|436166656|gen_data_2eeeaa6bf15c9ba6|__AUTOMETRIC__
__AUTOMETRIC__|0.1.2|19428|crew_log_eafabb1e1a86cbb4|0|1786390597.004|100.271|3.133|404406272|436326400|gen_data_2eeeaa6bf15c9ba6|__AUTOMETRIC__
__AUTOMETRIC__|0.1.2|19428|crew_log_eafabb1e1a86cbb4|0|1786390598.016|100.278|3.134|404205568|436113408|gen_data_2eeeaa6bf15c9ba6|__AUTOMETRIC__
__AUTOMETRIC__|0.1.2|19428|crew_log_eafabb1e1a86cbb4|0|1786390599.023|97.798|3.056|404262912|436183040|gen_data_2eeeaa6bf15c9ba6|__AUTOMETRIC__
__AUTOMETRIC__|0.1.2|19428|crew_log_eafabb1e1a86cbb4|0|1786390600.027|98.090|3.065|404324352|436236288|gen_data_2eeeaa6bf15c9ba6|__AUTOMETRIC__
__AUTOMETRIC__|0.1.2|19428|crew_log_eafabb1e1a86cbb4|0|1786390601.035|100.681|3.146|404287488|436195328|gen_data_2eeeaa6bf15c9ba6|__AUTOMETRIC__
__AUTOMETRIC__|0.1.2|19428|crew_log_eafabb1e1a86cbb4|0|1786390602.037|99.838|3.120|404295680|436203520|gen_data_2eeeaa6bf15c9ba6|__AUTOMETRIC__
__AUTOMETRIC__|0.1.2|19428|crew_log_eafabb1e1a86cbb4|0|1786390603.051|100.119|3.129|404336640|436244480|gen_data_2eeeaa6bf15c9ba6|__AUTOMETRIC__
__AUTOMETRIC__|0.1.2|19428|crew_log_eafabb1e1a86cbb4|0|1786390604.065|100.191|3.131|404287488|436195328|gen_data_2eeeaa6bf15c9ba6|__AUTOMETRIC__
__AUTOMETRIC__|0.1.2|19428|crew_log_eafabb1e1a86cbb4|0|1786390605.069|98.046|3.064|404299776|436207616|gen_data_2eeeaa6bf15c9ba6|__AUTOMETRIC__
__AUTOMETRIC__|0.1.2|19428|crew_log_eafabb1e1a86cbb4|0|1786390606.075|94.781|2.962|404271104|436178944|gen_data_2eeeaa6bf15c9ba6|__AUTOMETRIC__
__AUTOMETRIC__|0.1.2|19428|crew_log_eafabb1e1a86cbb4|0|1786390607.088|100.245|3.133|404520960|436490240|gen_data_2eeeaa6bf15c9ba6|__AUTOMETRIC__
__AUTOMETRIC__|0.1.2|19428|crew_log_eafabb1e1a86cbb4|0|1786390608.091|101.273|3.165|404471808|436379648|gen_data_2eeeaa6bf15c9ba6|__AUTOMETRIC__
__AUTOMETRIC__|0.1.2|19428|crew_log_eafabb1e1a86cbb4|0|1786390609.096|101.040|3.157|404414464|436322304|gen_data_2eeeaa6bf15c9ba6|__AUTOMETRIC__
__AUTOMETRIC__|0.1.2|19428|crew_log_eafabb1e1a86cbb4|0|1786390610.097|99.870|3.121|404578304|436486144|gen_data_2eeeaa6bf15c9ba6|__AUTOMETRIC__
__AUTOMETRIC__|0.1.2|19428|crew_log_eafabb1e1a86cbb4|0|1786390611.101|98.062|3.064|404545536|436453376|gen_data_2eeeaa6bf15c9ba6|__AUTOMETRIC__
__AUTOMETRIC__|0.1.2|19428|crew_log_eafabb1e1a86cbb4|0|1786390612.113|100.401|3.138|404598784|436506624|gen_data_2eeeaa6bf15c9ba6|__AUTOMETRIC__
__AUTOMETRIC__|0.1.2|19428|crew_log_eafabb1e1a86cbb4|0|1786390613.120|99.255|3.102|404447232|436355072|gen_data_2eeeaa6bf15c9ba6|__AUTOMETRIC__
__AUTOMETRIC__|0.1.2|19428|crew_log_eafabb1e1a86cbb4|0|1786390614.122|99.784|3.118|404398080|436305920|gen_data_2eeeaa6bf15c9ba6|__AUTOMETRIC__
__AUTOMETRIC__|0.1.2|19428|crew_log_eafabb1e1a86cbb4|0|1786390615.135|101.780|3.181|404410368|436318208|gen_data_2eeeaa6bf15c9ba6|__AUTOMETRIC__
__AUTOMETRIC__|0.1.2|19428|crew_log_eafabb1e1a86cbb4|0|1786390616.148|100.276|3.134|404369408|436277248|gen_data_2eeeaa6bf15c9ba6|__AUTOMETRIC__
__AUTOMETRIC__|0.1.2|19428|crew_log_eafabb1e1a86cbb4|0|1786390617.153|99.479|3.109|404389888|436297728|gen_data_2eeeaa6bf15c9ba6|__AUTOMETRIC__
__AUTOMETRIC__|0.1.2|19428|crew_log_eafabb1e1a86cbb4|0|1786390618.154|99.897|3.122|404303872|436211712|gen_data_2eeeaa6bf15c9ba6|__AUTOMETRIC__
__AUTOMETRIC__|0.1.2|19428|crew_log_eafabb1e1a86cbb4|0|1786390619.157|99.782|3.118|404443136|436350976|gen_data_2eeeaa6bf15c9ba6|__AUTOMETRIC__
__AUTOMETRIC__|0.1.2|19428|crew_log_eafabb1e1a86cbb4|0|1786390620.168|98.847|3.089|404594688|436514816|gen_data_2eeeaa6bf15c9ba6|__AUTOMETRIC__
__AUTOMETRIC__|0.1.2|19428|crew_log_eafabb1e1a86cbb4|0|1786390621.185|98.407|3.075|404553728|436473856|gen_data_2eeeaa6bf15c9ba6|__AUTOMETRIC__
__AUTOMETRIC__|0.1.2|19428|crew_log_eafabb1e1a86cbb4|0|1786390622.197|98.795|3.087|404623360|436535296|gen_data_2eeeaa6bf15c9ba6|__AUTOMETRIC__
__AUTOMETRIC__|0.1.2|19428|crew_log_eafabb1e1a86cbb4|0|1786390623.199|101.356|3.167|404566016|436477952|gen_data_2eeeaa6bf15c9ba6|__AUTOMETRIC__
__AUTOMETRIC__|0.1.2|19428|crew_log_eafabb1e1a86cbb4|0|1786390624.206|100.844|3.151|404455424|436367360|gen_data_2eeeaa6bf15c9ba6|__AUTOMETRIC__
__AUTOMETRIC__|0.1.2|19428|crew_log_eafabb1e1a86cbb4|0|1786390625.209|98.170|3.068|404516864|436428800|gen_data_2eeeaa6bf15c9ba6|__AUTOMETRIC__
__AUTOMETRIC__|0.1.2|19428|crew_log_eafabb1e1a86cbb4|0|1786390626.215|97.805|3.056|404504576|436416512|gen_data_2eeeaa6bf15c9ba6|__AUTOMETRIC__
__AUTOMETRIC__|0.1.2|19428|crew_log_eafabb1e1a86cbb4|0|1786390627.230|100.063|3.127|404484096|436404224|gen_data_2eeeaa6bf15c9ba6|__AUTOMETRIC__
__AUTOMETRIC__|0.1.2|19428|crew_log_eafabb1e1a86cbb4|0|1786390628.241|100.430|3.138|404443136|436363264|gen_data_2eeeaa6bf15c9ba6|__AUTOMETRIC__
__AUTOMETRIC__|0.1.2|19428|crew_log_eafabb1e1a86cbb4|0|1786390629.248|100.853|3.152|404496384|436408320|gen_data_2eeeaa6bf15c9ba6|__AUTOMETRIC__
__AUTOMETRIC__|0.1.2|19428|crew_log_eafabb1e1a86cbb4|0|1786390630.255|99.380|3.106|404303872|436215808|gen_data_2eeeaa6bf15c9ba6|__AUTOMETRIC__
__AUTOMETRIC__|0.1.2|19428|crew_log_eafabb1e1a86cbb4|0|1786390631.267|98.789|3.087|404475904|436387840|gen_data_2eeeaa6bf15c9ba6|__AUTOMETRIC__
__AUTOMETRIC__|0.1.2|19428|crew_log_eafabb1e1a86cbb4|0|1786390632.270|99.684|3.115|404373504|436285440|gen_data_2eeeaa6bf15c9ba6|__AUTOMETRIC__
__AUTOMETRIC__|0.1.2|19428|crew_log_eafabb1e1a86cbb4|0|1786390633.286|99.989|3.125|404553728|436465664|gen_data_2eeeaa6bf15c9ba6|__AUTOMETRIC__
__AUTOMETRIC__|0.1.2|19428|crew_log_eafabb1e1a86cbb4|0|1786390634.289|99.683|3.115|404398080|436502528|gen_data_2eeeaa6bf15c9ba6|__AUTOMETRIC__
__AUTOMETRIC__|0.1.2|19428|crew_log_eafabb1e1a86cbb4|0|1786390635.300|100.416|3.138|404525056|436436992|gen_data_2eeeaa6bf15c9ba6|__AUTOMETRIC__
__AUTOMETRIC__|0.1.2|19428|crew_log_eafabb1e1a86cbb4|0|1786390636.305|98.024|3.063|404533248|436445184|gen_data_2eeeaa6bf15c9ba6|__AUTOMETRIC__
__AUTOMETRIC__|0.1.2|19428|crew_log_eafabb1e1a86cbb4|0|1786390637.319|100.115|3.129|404774912|436686848|gen_data_2eeeaa6bf15c9ba6|__AUTOMETRIC__
__AUTOMETRIC__|0.1.2|19428|crew_log_eafabb1e1a86cbb4|0|1786390638.333|100.160|3.130|404721664|436633600|gen_data_2eeeaa6bf15c9ba6|__AUTOMETRIC__
__AUTOMETRIC__|0.1.2|19428|crew_log_eafabb1e1a86cbb4|0|1786390639.343|100.525|3.141|404795392|436711424|gen_data_2eeeaa6bf15c9ba6|__AUTOMETRIC__
__AUTOMETRIC__|0.1.2|19428|crew_log_eafabb1e1a86cbb4|0|1786390640.346|99.697|3.116|404918272|436830208|gen_data_2eeeaa6bf15c9ba6|__AUTOMETRIC__
__AUTOMETRIC__|0.1.2|19428|crew_log_eafabb1e1a86cbb4|0|1786390641.362|100.024|3.126|404905984|436817920|gen_data_2eeeaa6bf15c9ba6|__AUTOMETRIC__
__AUTOMETRIC__|0.1.2|19428|crew_log_eafabb1e1a86cbb4|0|1786390642.376|100.179|3.131|404848640|436760576|gen_data_2eeeaa6bf15c9ba6|__AUTOMETRIC__
__AUTOMETRIC__|0.1.2|19428|crew_log_eafabb1e1a86cbb4|0|1786390643.379|98.067|3.065|405016576|436936704|gen_data_2eeeaa6bf15c9ba6|__AUTOMETRIC__
__AUTOMETRIC__|0.1.2|19428|crew_log_eafabb1e1a86cbb4|0|1786390644.387|100.756|3.149|404975616|436891648|gen_data_2eeeaa6bf15c9ba6|__AUTOMETRIC__
__AUTOMETRIC__|0.1.2|19428|crew_log_eafabb1e1a86cbb4|0|1786390645.391|101.150|3.161|404783104|436695040|gen_data_2eeeaa6bf15c9ba6|__AUTOMETRIC__
__AUTOMETRIC__|0.1.2|19428|crew_log_eafabb1e1a86cbb4|0|1786390646.393|99.819|3.119|404852736|436764672|gen_data_2eeeaa6bf15c9ba6|__AUTOMETRIC__
__AUTOMETRIC__|0.1.2|19428|crew_log_eafabb1e1a86cbb4|0|1786390647.409|100.009|3.125|404905984|436817920|gen_data_2eeeaa6bf15c9ba6|__AUTOMETRIC__
__AUTOMETRIC__|0.1.2|19428|crew_log_eafabb1e1a86cbb4|0|1786390648.413|99.571|3.112|404877312|436789248|gen_data_2eeeaa6bf15c9ba6|__AUTOMETRIC__
__AUTOMETRIC__|0.1.2|19428|crew_log_eafabb1e1a86cbb4|0|1786390649.418|99.563|3.111|404914176|436826112|gen_data_2eeeaa6bf15c9ba6|__AUTOMETRIC__
__AUTOMETRIC__|0.1.2|19428|crew_log_eafabb1e1a86cbb4|0|1786390650.422|102.636|3.207|404762624|436674560|gen_data_2eeeaa6bf15c9ba6|__AUTOMETRIC__
__AUTOMETRIC__|0.1.2|19428|crew_log_eafabb1e1a86cbb4|0|1786390651.437|100.055|3.127|404987904|436998144|gen_data_2eeeaa6bf15c9ba6|__AUTOMETRIC__
__AUTOMETRIC__|0.1.2|19428|crew_log_eafabb1e1a86cbb4|0|1786390652.440|99.738|3.117|404791296|436703232|gen_data_2eeeaa6bf15c9ba6|__AUTOMETRIC__
__AUTOMETRIC__|0.1.2|19428|crew_log_eafabb1e1a86cbb4|0|1786390653.454|100.139|3.129|404791296|436703232|gen_data_2eeeaa6bf15c9ba6|__AUTOMETRIC__
__AUTOMETRIC__|0.1.2|19428|crew_log_eafabb1e1a86cbb4|0|1786390654.471|99.907|3.122|404836352|436748288|gen_data_2eeeaa6bf15c9ba6|__AUTOMETRIC__
__AUTOMETRIC__|0.1.2|19428|crew_log_eafabb1e1a86cbb4|0|1786390655.477|97.795|3.056|404746240|436658176|gen_data_2eeeaa6bf15c9ba6|__AUTOMETRIC__
__AUTOMETRIC__|0.1.2|19428|crew_log_eafabb1e1a86cbb4|0|1786390656.484|99.326|3.104|404779008|436690944|gen_data_2eeeaa6bf15c9ba6|__AUTOMETRIC__
__AUTOMETRIC__|0.1.2|19428|crew_log_eafabb1e1a86cbb4|0|1786390657.486|99.791|3.118|404856832|436940800|gen_data_2eeeaa6bf15c9ba6|__AUTOMETRIC__
__AUTOMETRIC__|0.1.2|19428|crew_log_eafabb1e1a86cbb4|0|1786390658.494|99.252|3.102|404860928|436772864|gen_data_2eeeaa6bf15c9ba6|__AUTOMETRIC__
__AUTOMETRIC__|0.1.2|19428|crew_log_eafabb1e1a86cbb4|0|1786390659.509|100.063|3.127|404877312|436789248|gen_data_2eeeaa6bf15c9ba6|__AUTOMETRIC__
__AUTOMETRIC__|0.1.2|19428|crew_log_eafabb1e1a86cbb4|0|1786390660.512|98.121|3.066|404807680|436719616|gen_data_2eeeaa6bf15c9ba6|__AUTOMETRIC__
__AUTOMETRIC__|0.1.2|19428|crew_log_eafabb1e1a86cbb4|0|1786390661.520|102.310|3.197|404774912|436686848|gen_data_2eeeaa6bf15c9ba6|__AUTOMETRIC__
__AUTOMETRIC__|0.1.2|19428|crew_log_eafabb1e1a86cbb4|0|1786390662.527|96.229|3.007|404828160|436740096|gen_data_2eeeaa6bf15c9ba6|__AUTOMETRIC__
__AUTOMETRIC__|0.1.2|19428|crew_log_eafabb1e1a86cbb4|0|1786390663.527|99.990|3.125|404856832|436772864|gen_data_2eeeaa6bf15c9ba6|__AUTOMETRIC__
__AUTOMETRIC__|0.1.2|19428|crew_log_eafabb1e1a86cbb4|0|1786390664.540|100.220|3.132|404799488|436715520|gen_data_2eeeaa6bf15c9ba6|__AUTOMETRIC__
__AUTOMETRIC__|0.1.2|19428|crew_log_eafabb1e1a86cbb4|0|1786390665.544|101.191|3.162|404832256|436744192|gen_data_2eeeaa6bf15c9ba6|__AUTOMETRIC__
__AUTOMETRIC__|0.1.2|19428|crew_log_eafabb1e1a86cbb4|0|1786390666.553|99.069|3.096|404754432|436744192|gen_data_2eeeaa6bf15c9ba6|__AUTOMETRIC__
__AUTOMETRIC__|0.1.2|19428|crew_log_eafabb1e1a86cbb4|0|1786390667.565|100.348|3.136|404856832|436838400|gen_data_2eeeaa6bf15c9ba6|__AUTOMETRIC__
__AUTOMETRIC__|0.1.2|19428|crew_log_eafabb1e1a86cbb4|0|1786390668.577|100.438|3.139|404934656|436994048|gen_data_2eeeaa6bf15c9ba6|__AUTOMETRIC__
__AUTOMETRIC__|0.1.2|19428|crew_log_eafabb1e1a86cbb4|0|1786390669.581|99.581|3.112|404926464|436895744|gen_data_2eeeaa6bf15c9ba6|__AUTOMETRIC__
__AUTOMETRIC__|0.1.2|19428|crew_log_eafabb1e1a86cbb4|0|1786390670.592|98.889|3.090|405016576|436936704|gen_data_2eeeaa6bf15c9ba6|__AUTOMETRIC__
__AUTOMETRIC__|0.1.2|19428|crew_log_eafabb1e1a86cbb4|0|1786390671.598|99.388|3.106|404877312|436797440|gen_data_2eeeaa6bf15c9ba6|__AUTOMETRIC__
__AUTOMETRIC__|0.1.2|19428|crew_log_eafabb1e1a86cbb4|0|1786390672.612|100.190|3.131|485810176|517959680|gen_data_2eeeaa6bf15c9ba6|__AUTOMETRIC__
__AUTOMETRIC__|0.1.2|19428|crew_log_eafabb1e1a86cbb4|0|1786390673.620|99.197|3.100|486780928|518938624|gen_data_2eeeaa6bf15c9ba6|__AUTOMETRIC__
__AUTOMETRIC__|0.1.2|19428|crew_log_eafabb1e1a86cbb4|0|1786390674.632|98.798|3.087|487124992|519258112|gen_data_2eeeaa6bf15c9ba6|__AUTOMETRIC__
__AUTOMETRIC__|0.1.2|19428|crew_log_eafabb1e1a86cbb4|0|1786390675.633|98.324|3.073|487067648|519188480|gen_data_2eeeaa6bf15c9ba6|__AUTOMETRIC__
__AUTOMETRIC__|0.1.2|19428|crew_log_eafabb1e1a86cbb4|0|1786390676.635|98.218|3.069|486891520|519012352|gen_data_2eeeaa6bf15c9ba6|__AUTOMETRIC__
__AUTOMETRIC__|0.1.2|19428|crew_log_eafabb1e1a86cbb4|0|1786390677.637|99.861|3.121|487329792|519450624|gen_data_2eeeaa6bf15c9ba6|__AUTOMETRIC__
__AUTOMETRIC__|0.1.2|19428|crew_log_eafabb1e1a86cbb4|0|1786390678.651|100.141|3.129|487686144|519811072|gen_data_2eeeaa6bf15c9ba6|__AUTOMETRIC__
__AUTOMETRIC__|0.1.2|19428|crew_log_eafabb1e1a86cbb4|0|1786390679.667|99.994|3.125|487555072|519680000|gen_data_2eeeaa6bf15c9ba6|__AUTOMETRIC__
__AUTOMETRIC__|0.1.2|19428|crew_log_eafabb1e1a86cbb4|0|1786390680.678|98.851|3.089|487485440|519610368|gen_data_2eeeaa6bf15c9ba6|__AUTOMETRIC__
__AUTOMETRIC__|0.1.2|19428|crew_log_eafabb1e1a86cbb4|0|1786390681.682|99.654|3.114|487383040|519507968|gen_data_2eeeaa6bf15c9ba6|__AUTOMETRIC__
__AUTOMETRIC__|0.1.2|19428|crew_log_eafabb1e1a86cbb4|0|1786390682.698|99.956|3.124|487329792|519479296|gen_data_2eeeaa6bf15c9ba6|__AUTOMETRIC__
__AUTOMETRIC__|0.1.2|19428|crew_log_eafabb1e1a86cbb4|0|1786390683.703|99.469|3.108|487137280|519262208|gen_data_2eeeaa6bf15c9ba6|__AUTOMETRIC__
__AUTOMETRIC__|0.1.2|19428|crew_log_eafabb1e1a86cbb4|0|1786390684.708|97.972|3.062|487346176|519471104|gen_data_2eeeaa6bf15c9ba6|__AUTOMETRIC__
__AUTOMETRIC__|0.1.2|19428|crew_log_eafabb1e1a86cbb4|0|1786390685.722|100.122|3.129|487051264|519176192|gen_data_2eeeaa6bf15c9ba6|__AUTOMETRIC__
__AUTOMETRIC__|0.1.2|19428|crew_log_eafabb1e1a86cbb4|0|1786390686.738|100.026|3.126|487448576|519573504|gen_data_2eeeaa6bf15c9ba6|__AUTOMETRIC__
__AUTOMETRIC__|0.1.2|19428|crew_log_eafabb1e1a86cbb4|0|1786390687.742|98.045|3.064|487178240|519303168|gen_data_2eeeaa6bf15c9ba6|__AUTOMETRIC__
__AUTOMETRIC__|0.1.2|19428|crew_log_eafabb1e1a86cbb4|0|1786390688.743|98.339|3.073|487604224|519729152|gen_data_2eeeaa6bf15c9ba6|__AUTOMETRIC__
__AUTOMETRIC__|0.1.2|19428|crew_log_eafabb1e1a86cbb4|0|1786390689.748|100.991|3.156|487309312|519434240|gen_data_2eeeaa6bf15c9ba6|__AUTOMETRIC__
__AUTOMETRIC__|0.1.2|19428|crew_log_eafabb1e1a86cbb4|0|1786390690.750|99.811|3.119|487596032|519720960|gen_data_2eeeaa6bf15c9ba6|__AUTOMETRIC__
__AUTOMETRIC__|0.1.2|19428|crew_log_eafabb1e1a86cbb4|0|1786390691.766|100.038|3.126|487575552|519700480|gen_data_2eeeaa6bf15c9ba6|__AUTOMETRIC__
__AUTOMETRIC__|0.1.2|19428|crew_log_eafabb1e1a86cbb4|0|1786390692.768|99.778|3.118|487968768|520093696|gen_data_2eeeaa6bf15c9ba6|__AUTOMETRIC__
__AUTOMETRIC__|0.1.2|19428|crew_log_eafabb1e1a86cbb4|0|1786390693.770|99.737|3.117|487927808|520052736|gen_data_2eeeaa6bf15c9ba6|__AUTOMETRIC__
__AUTOMETRIC__|0.1.2|19428|crew_log_eafabb1e1a86cbb4|0|1786390694.772|99.889|3.122|487911424|520036352|gen_data_2eeeaa6bf15c9ba6|__AUTOMETRIC__
__AUTOMETRIC__|0.1.2|19428|crew_log_eafabb1e1a86cbb4|0|1786390695.788|99.962|3.124|488001536|520126464|gen_data_2eeeaa6bf15c9ba6|__AUTOMETRIC__
__AUTOMETRIC__|0.1.2|19428|crew_log_eafabb1e1a86cbb4|0|1786390696.796|100.688|3.146|487817216|519942144|gen_data_2eeeaa6bf15c9ba6|__AUTOMETRIC__
__AUTOMETRIC__|0.1.2|19428|crew_log_eafabb1e1a86cbb4|0|1786390697.810|98.633|3.082|487923712|520048640|gen_data_2eeeaa6bf15c9ba6|__AUTOMETRIC__
__AUTOMETRIC__|0.1.2|19428|crew_log_eafabb1e1a86cbb4|0|1786390698.819|100.696|3.147|487469056|519593984|gen_data_2eeeaa6bf15c9ba6|__AUTOMETRIC__
__AUTOMETRIC__|0.1.2|19428|crew_log_eafabb1e1a86cbb4|0|1786390699.829|100.480|3.140|487993344|520097792|gen_data_2eeeaa6bf15c9ba6|__AUTOMETRIC__
__AUTOMETRIC__|0.1.2|19428|crew_log_eafabb1e1a86cbb4|0|1786390700.836|97.777|3.056|488112128|520380416|gen_data_2eeeaa6bf15c9ba6|__AUTOMETRIC__
__AUTOMETRIC__|0.1.2|19428|crew_log_eafabb1e1a86cbb4|0|1786390701.842|100.995|3.156|488189952|520294400|gen_data_2eeeaa6bf15c9ba6|__AUTOMETRIC__
__AUTOMETRIC__|0.1.2|19428|crew_log_eafabb1e1a86cbb4|0|1786390702.855|97.116|3.035|488284160|520388608|gen_data_2eeeaa6bf15c9ba6|__AUTOMETRIC__
__AUTOMETRIC__|0.1.2|19428|crew_log_eafabb1e1a86cbb4|0|1786390703.866|102.057|3.189|488312832|520417280|gen_data_2eeeaa6bf15c9ba6|__AUTOMETRIC__
__AUTOMETRIC__|0.1.2|19428|crew_log_eafabb1e1a86cbb4|0|1786390704.881|100.034|3.126|488128512|520232960|gen_data_2eeeaa6bf15c9ba6|__AUTOMETRIC__
__AUTOMETRIC__|0.1.2|19428|crew_log_eafabb1e1a86cbb4|0|1786390705.883|99.830|3.120|487354368|519458816|gen_data_2eeeaa6bf15c9ba6|__AUTOMETRIC__
__AUTOMETRIC__|0.1.2|19428|crew_log_eafabb1e1a86cbb4|0|1786390706.894|98.859|3.089|487071744|519188480|gen_data_2eeeaa6bf15c9ba6|__AUTOMETRIC__
__AUTOMETRIC__|0.1.2|19428|crew_log_eafabb1e1a86cbb4|0|1786390707.903|99.120|3.098|487464960|519581696|gen_data_2eeeaa6bf15c9ba6|__AUTOMETRIC__
__AUTOMETRIC__|0.1.2|19428|crew_log_eafabb1e1a86cbb4|0|1786390708.909|99.433|3.107|487677952|519794688|gen_data_2eeeaa6bf15c9ba6|__AUTOMETRIC__
__AUTOMETRIC__|0.1.2|19428|crew_log_eafabb1e1a86cbb4|0|1786390709.917|99.244|3.101|487366656|519483392|gen_data_2eeeaa6bf15c9ba6|__AUTOMETRIC__
__AUTOMETRIC__|0.1.2|19428|crew_log_eafabb1e1a86cbb4|0|1786390710.928|100.415|3.138|487272448|519380992|gen_data_2eeeaa6bf15c9ba6|__AUTOMETRIC__
__AUTOMETRIC__|0.1.2|19428|crew_log_eafabb1e1a86cbb4|0|1786390711.943|98.523|3.079|487755776|519864320|gen_data_2eeeaa6bf15c9ba6|__AUTOMETRIC__
__AUTOMETRIC__|0.1.2|19428|crew_log_eafabb1e1a86cbb4|0|1786390712.957|98.656|3.083|487624704|519729152|gen_data_2eeeaa6bf15c9ba6|__AUTOMETRIC__
__AUTOMETRIC__|0.1.2|19428|crew_log_eafabb1e1a86cbb4|0|1786390713.967|99.024|3.094|487780352|519884800|gen_data_2eeeaa6bf15c9ba6|__AUTOMETRIC__
__AUTOMETRIC__|0.1.2|19428|crew_log_eafabb1e1a86cbb4|0|1786390714.982|98.436|3.076|487981056|520085504|gen_data_2eeeaa6bf15c9ba6|__AUTOMETRIC__
__AUTOMETRIC__|0.1.2|19428|crew_log_eafabb1e1a86cbb4|0|1786390715.984|101.447|3.170|487837696|519942144|gen_data_2eeeaa6bf15c9ba6|__AUTOMETRIC__
__AUTOMETRIC__|0.1.2|19428|crew_log_eafabb1e1a86cbb4|0|1786390716.990|99.344|3.105|487907328|520011776|gen_data_2eeeaa6bf15c9ba6|__AUTOMETRIC__
__AUTOMETRIC__|0.1.2|19428|crew_log_eafabb1e1a86cbb4|0|1786390717.995|97.927|3.060|487723008|519987200|gen_data_2eeeaa6bf15c9ba6|__AUTOMETRIC__
__AUTOMETRIC__|0.1.2|19428|crew_log_eafabb1e1a86cbb4|0|1786390719.001|102.528|3.204|488054784|520159232|gen_data_2eeeaa6bf15c9ba6|__AUTOMETRIC__
__AUTOMETRIC__|0.1.2|19428|crew_log_eafabb1e1a86cbb4|0|1786390720.010|97.566|3.049|488062976|520167424|gen_data_2eeeaa6bf15c9ba6|__AUTOMETRIC__
__AUTOMETRIC__|0.1.2|19428|crew_log_eafabb1e1a86cbb4|0|1786390721.026|98.416|3.076|488038400|520142848|gen_data_2eeeaa6bf15c9ba6|__AUTOMETRIC__
__AUTOMETRIC__|0.1.2|19428|crew_log_eafabb1e1a86cbb4|0|1786390722.042|101.537|3.173|488042496|520146944|gen_data_2eeeaa6bf15c9ba6|__AUTOMETRIC__
__AUTOMETRIC__|0.1.2|19428|crew_log_eafabb1e1a86cbb4|0|1786390723.043|99.883|3.121|488427520|520531968|gen_data_2eeeaa6bf15c9ba6|__AUTOMETRIC__
__AUTOMETRIC__|0.1.2|19428|crew_log_eafabb1e1a86cbb4|0|1786390724.048|101.109|3.160|488329216|520437760|gen_data_2eeeaa6bf15c9ba6|__AUTOMETRIC__
__AUTOMETRIC__|0.1.2|19428|crew_log_eafabb1e1a86cbb4|0|1786390725.049|99.858|3.121|488329216|520433664|gen_data_2eeeaa6bf15c9ba6|__AUTOMETRIC__
__AUTOMETRIC__|0.1.2|19428|crew_log_eafabb1e1a86cbb4|0|1786390726.054|99.532|3.110|488402944|520507392|gen_data_2eeeaa6bf15c9ba6|__AUTOMETRIC__
__AUTOMETRIC__|0.1.2|19428|crew_log_eafabb1e1a86cbb4|0|1786390727.060|99.388|3.106|488189952|520294400|gen_data_2eeeaa6bf15c9ba6|__AUTOMETRIC__
__AUTOMETRIC__|0.1.2|19428|crew_log_eafabb1e1a86cbb4|0|1786390728.076|99.939|3.123|487378944|519483392|gen_data_2eeeaa6bf15c9ba6|__AUTOMETRIC__
__AUTOMETRIC__|0.1.2|19428|crew_log_eafabb1e1a86cbb4|0|1786390729.086|99.053|3.095|487821312|520032256|gen_data_2eeeaa6bf15c9ba6|__AUTOMETRIC__
__AUTOMETRIC__|0.1.2|19428|crew_log_eafabb1e1a86cbb4|0|1786390730.101|99.977|3.124|487542784|519852032|gen_data_2eeeaa6bf15c9ba6|__AUTOMETRIC__
__AUTOMETRIC__|0.1.2|19428|crew_log_eafabb1e1a86cbb4|0|1786390731.102|98.339|3.073|487735296|519892992|gen_data_2eeeaa6bf15c9ba6|__AUTOMETRIC__
__AUTOMETRIC__|0.1.2|19428|crew_log_eafabb1e1a86cbb4|0|1786390732.117|100.102|3.128|487755776|519913472|gen_data_2eeeaa6bf15c9ba6|__AUTOMETRIC__
__AUTOMETRIC__|0.1.2|19428|crew_log_eafabb1e1a86cbb4|0|1786390733.122|101.103|3.159|487608320|519761920|gen_data_2eeeaa6bf15c9ba6|__AUTOMETRIC__
__AUTOMETRIC__|0.1.2|19428|crew_log_eafabb1e1a86cbb4|0|1786390734.135|98.654|3.083|487768064|519901184|gen_data_2eeeaa6bf15c9ba6|__AUTOMETRIC__
__AUTOMETRIC__|0.1.2|19428|crew_log_eafabb1e1a86cbb4|0|1786390735.143|99.227|3.101|487776256|519909376|gen_data_2eeeaa6bf15c9ba6|__AUTOMETRIC__
__AUTOMETRIC__|0.1.2|19428|crew_log_eafabb1e1a86cbb4|0|1786390736.148|99.539|3.111|488054784|520171520|gen_data_2eeeaa6bf15c9ba6|__AUTOMETRIC__
__AUTOMETRIC__|0.1.2|19428|crew_log_eafabb1e1a86cbb4|0|1786390737.163|100.025|3.126|488017920|520237056|gen_data_2eeeaa6bf15c9ba6|__AUTOMETRIC__
__AUTOMETRIC__|0.1.2|19428|crew_log_eafabb1e1a86cbb4|0|1786390738.177|100.154|3.130|488370176|520536064|gen_data_2eeeaa6bf15c9ba6|__AUTOMETRIC__
__AUTOMETRIC__|0.1.2|19428|crew_log_eafabb1e1a86cbb4|0|1786390739.191|95.587|2.987|487948288|520114176|gen_data_2eeeaa6bf15c9ba6|__AUTOMETRIC__
__AUTOMETRIC__|0.1.2|19428|crew_log_eafabb1e1a86cbb4|0|1786390740.205|100.146|3.130|488194048|520298496|gen_data_2eeeaa6bf15c9ba6|__AUTOMETRIC__
__AUTOMETRIC__|0.1.2|19428|crew_log_eafabb1e1a86cbb4|0|1786390741.208|99.624|3.113|488349696|520454144|gen_data_2eeeaa6bf15c9ba6|__AUTOMETRIC__
__AUTOMETRIC__|0.1.2|19428|crew_log_eafabb1e1a86cbb4|0|1786390742.215|99.307|3.103|488349696|520454144|gen_data_2eeeaa6bf15c9ba6|__AUTOMETRIC__
__AUTOMETRIC__|0.1.2|19428|crew_log_eafabb1e1a86cbb4|0|1786390743.226|97.440|3.045|488611840|520716288|gen_data_2eeeaa6bf15c9ba6|__AUTOMETRIC__
__AUTOMETRIC__|0.1.2|19428|crew_log_eafabb1e1a86cbb4|0|1786390744.228|99.811|3.119|488681472|520785920|gen_data_2eeeaa6bf15c9ba6|__AUTOMETRIC__
__AUTOMETRIC__|0.1.2|19428|crew_log_eafabb1e1a86cbb4|0|1786390745.243|100.006|3.125|488419328|520527872|gen_data_2eeeaa6bf15c9ba6|__AUTOMETRIC__
__AUTOMETRIC__|0.1.2|19428|crew_log_eafabb1e1a86cbb4|0|1786390746.254|100.520|3.141|488271872|520380416|gen_data_2eeeaa6bf15c9ba6|__AUTOMETRIC__
__AUTOMETRIC__|0.1.2|19428|crew_log_eafabb1e1a86cbb4|0|1786390747.263|99.079|3.096|488583168|520691712|gen_data_2eeeaa6bf15c9ba6|__AUTOMETRIC__
__AUTOMETRIC__|0.1.2|19428|crew_log_eafabb1e1a86cbb4|0|1786390748.270|99.245|3.101|488869888|520978432|gen_data_2eeeaa6bf15c9ba6|__AUTOMETRIC__
__AUTOMETRIC__|0.1.2|19428|crew_log_eafabb1e1a86cbb4|0|1786390749.272|99.856|3.121|488583168|520691712|gen_data_2eeeaa6bf15c9ba6|__AUTOMETRIC__
__AUTOMETRIC__|0.1.2|19428|crew_log_eafabb1e1a86cbb4|0|1786390750.288|99.972|3.124|488431616|520540160|gen_data_2eeeaa6bf15c9ba6|__AUTOMETRIC__
__AUTOMETRIC__|0.1.2|19428|crew_log_eafabb1e1a86cbb4|0|1786390751.302|98.571|3.080|488628224|520736768|gen_data_2eeeaa6bf15c9ba6|__AUTOMETRIC__
__AUTOMETRIC__|0.1.2|19428|crew_log_eafabb1e1a86cbb4|0|1786390752.314|100.379|3.137|488603648|520712192|gen_data_2eeeaa6bf15c9ba6|__AUTOMETRIC__
__AUTOMETRIC__|0.1.2|19428|crew_log_eafabb1e1a86cbb4|0|1786390753.320|99.446|3.108|488046592|520155136|gen_data_2eeeaa6bf15c9ba6|__AUTOMETRIC__
__AUTOMETRIC__|0.1.2|19428|crew_log_eafabb1e1a86cbb4|0|1786390754.321|99.899|3.122|488534016|520642560|gen_data_2eeeaa6bf15c9ba6|__AUTOMETRIC__
__AUTOMETRIC__|0.1.2|19428|crew_log_eafabb1e1a86cbb4|0|1786390755.331|100.523|3.141|488480768|520589312|gen_data_2eeeaa6bf15c9ba6|__AUTOMETRIC__
__AUTOMETRIC__|0.1.2|19428|crew_log_eafabb1e1a86cbb4|0|1786390756.343|100.343|3.136|488370176|520478720|gen_data_2eeeaa6bf15c9ba6|__AUTOMETRIC__
__AUTOMETRIC__|0.1.2|19428|crew_log_eafabb1e1a86cbb4|0|1786390757.345|99.834|3.120|488456192|520564736|gen_data_2eeeaa6bf15c9ba6|__AUTOMETRIC__
__AUTOMETRIC__|0.1.2|19428|crew_log_eafabb1e1a86cbb4|0|1786390758.357|101.888|3.184|488480768|520589312|gen_data_2eeeaa6bf15c9ba6|__AUTOMETRIC__
__AUTOMETRIC__|0.1.2|19428|crew_log_eafabb1e1a86cbb4|0|1786390759.358|99.858|3.121|488730624|520847360|gen_data_2eeeaa6bf15c9ba6|__AUTOMETRIC__
__AUTOMETRIC__|0.1.2|19428|crew_log_eafabb1e1a86cbb4|0|1786390760.362|99.653|3.114|488497152|520613888|gen_data_2eeeaa6bf15c9ba6|__AUTOMETRIC__
__AUTOMETRIC__|0.1.2|19428|crew_log_eafabb1e1a86cbb4|0|1786390761.367|99.488|3.109|488386560|520712192|gen_data_2eeeaa6bf15c9ba6|__AUTOMETRIC__
__AUTOMETRIC__|0.1.2|19428|crew_log_eafabb1e1a86cbb4|0|1786390762.370|99.683|3.115|488775680|520892416|gen_data_2eeeaa6bf15c9ba6|__AUTOMETRIC__
__AUTOMETRIC__|0.1.2|19428|crew_log_eafabb1e1a86cbb4|0|1786390763.380|100.527|3.141|488349696|520466432|gen_data_2eeeaa6bf15c9ba6|__AUTOMETRIC__
__AUTOMETRIC__|0.1.2|19428|crew_log_eafabb1e1a86cbb4|0|1786390764.385|96.462|3.014|488497152|520642560|gen_data_2eeeaa6bf15c9ba6|__AUTOMETRIC__
__AUTOMETRIC__|0.1.2|19428|crew_log_eafabb1e1a86cbb4|0|1786390765.400|100.084|3.128|488456192|520601600|gen_data_2eeeaa6bf15c9ba6|__AUTOMETRIC__
__AUTOMETRIC__|0.1.2|19428|crew_log_eafabb1e1a86cbb4|0|1786390766.404|101.068|3.158|488099840|520232960|gen_data_2eeeaa6bf15c9ba6|__AUTOMETRIC__
__AUTOMETRIC__|0.1.2|19428|crew_log_eafabb1e1a86cbb4|0|1786390767.420|99.963|3.124|488464384|520577024|gen_data_2eeeaa6bf15c9ba6|__AUTOMETRIC__
__AUTOMETRIC__|0.1.2|19428|crew_log_eafabb1e1a86cbb4|0|1786390768.425|98.001|3.063|488488960|520601600|gen_data_2eeeaa6bf15c9ba6|__AUTOMETRIC__
__AUTOMETRIC__|0.1.2|19428|crew_log_eafabb1e1a86cbb4|0|1786390769.442|99.891|3.122|488923136|521035776|gen_data_2eeeaa6bf15c9ba6|__AUTOMETRIC__
__AUTOMETRIC__|0.1.2|19428|crew_log_eafabb1e1a86cbb4|0|1786390770.454|98.789|3.087|488906752|521015296|gen_data_2eeeaa6bf15c9ba6|__AUTOMETRIC__
__AUTOMETRIC__|0.1.2|19428|crew_log_eafabb1e1a86cbb4|0|1786390771.462|99.207|3.100|485236736|517369856|gen_data_2eeeaa6bf15c9ba6|__AUTOMETRIC__
__AUTOMETRIC__|0.1.2|19428|crew_log_eafabb1e1a86cbb4|0|1786390772.472|100.548|3.142|488144896|520253440|gen_data_2eeeaa6bf15c9ba6|__AUTOMETRIC__
__AUTOMETRIC__|0.1.2|19428|crew_log_eafabb1e1a86cbb4|0|1786390773.483|97.354|3.042|488312832|520421376|gen_data_2eeeaa6bf15c9ba6|__AUTOMETRIC__
__AUTOMETRIC__|0.1.2|19428|crew_log_eafabb1e1a86cbb4|0|1786390774.486|96.597|3.019|488214528|520323072|gen_data_2eeeaa6bf15c9ba6|__AUTOMETRIC__
__AUTOMETRIC__|0.1.2|19428|crew_log_eafabb1e1a86cbb4|0|1786390775.490|98.074|3.065|488296448|520404992|gen_data_2eeeaa6bf15c9ba6|__AUTOMETRIC__
__AUTOMETRIC__|0.1.2|19428|crew_log_eafabb1e1a86cbb4|0|1786390776.500|97.471|3.046|488022016|520159232|gen_data_2eeeaa6bf15c9ba6|__AUTOMETRIC__
__AUTOMETRIC__|0.1.2|19428|crew_log_eafabb1e1a86cbb4|0|1786390777.503|99.677|3.115|488124416|520232960|gen_data_2eeeaa6bf15c9ba6|__AUTOMETRIC__
__AUTOMETRIC__|0.1.2|19428|crew_log_eafabb1e1a86cbb4|0|1786390778.517|98.611|3.082|488251392|520359936|gen_data_2eeeaa6bf15c9ba6|__AUTOMETRIC__
__AUTOMETRIC__|0.1.2|19428|crew_log_eafabb1e1a86cbb4|0|1786390779.531|98.644|3.083|488538112|520646656|gen_data_2eeeaa6bf15c9ba6|__AUTOMETRIC__
__AUTOMETRIC__|0.1.2|19428|crew_log_eafabb1e1a86cbb4|0|1786390780.544|100.245|3.133|488562688|520671232|gen_data_2eeeaa6bf15c9ba6|__AUTOMETRIC__
__AUTOMETRIC__|0.1.2|19428|crew_log_eafabb1e1a86cbb4|0|1786390781.558|98.567|3.080|488689664|520810496|gen_data_2eeeaa6bf15c9ba6|__AUTOMETRIC__
__AUTOMETRIC__|0.1.2|19428|crew_log_eafabb1e1a86cbb4|0|1786390782.567|99.170|3.099|488452096|520572928|gen_data_2eeeaa6bf15c9ba6|__AUTOMETRIC__
__AUTOMETRIC__|0.1.2|19428|crew_log_eafabb1e1a86cbb4|0|1786390783.581|100.109|3.128|488341504|520462336|gen_data_2eeeaa6bf15c9ba6|__AUTOMETRIC__
__AUTOMETRIC__|0.1.2|19428|crew_log_eafabb1e1a86cbb4|0|1786390784.596|100.048|3.126|488292352|520425472|gen_data_2eeeaa6bf15c9ba6|__AUTOMETRIC__
__AUTOMETRIC__|0.1.2|19428|crew_log_eafabb1e1a86cbb4|0|1786390785.607|98.957|3.092|488312832|520445952|gen_data_2eeeaa6bf15c9ba6|__AUTOMETRIC__
__AUTOMETRIC__|0.1.2|19428|crew_log_eafabb1e1a86cbb4|0|1786390786.619|98.812|3.088|488456192|520585216|gen_data_2eeeaa6bf15c9ba6|__AUTOMETRIC__
__AUTOMETRIC__|0.1.2|19428|crew_log_eafabb1e1a86cbb4|0|1786390787.628|99.054|3.095|488542208|520667136|gen_data_2eeeaa6bf15c9ba6|__AUTOMETRIC__
__AUTOMETRIC__|0.1.2|19428|crew_log_eafabb1e1a86cbb4|0|1786390788.634|99.493|3.109|488718336|520843264|gen_data_2eeeaa6bf15c9ba6|__AUTOMETRIC__
__AUTOMETRIC__|0.1.2|19428|crew_log_eafabb1e1a86cbb4|0|1786390789.650|99.912|3.122|488759296|520884224|gen_data_2eeeaa6bf15c9ba6|__AUTOMETRIC__
__AUTOMETRIC__|0.1.2|19428|crew_log_eafabb1e1a86cbb4|0|1786390790.654|101.203|3.163|488882176|521007104|gen_data_2eeeaa6bf15c9ba6|__AUTOMETRIC__
__AUTOMETRIC__|0.1.2|19428|crew_log_eafabb1e1a86cbb4|0|1786390791.659|97.872|3.058|488493056|520601600|gen_data_2eeeaa6bf15c9ba6|__AUTOMETRIC__
__AUTOMETRIC__|0.1.2|19428|crew_log_eafabb1e1a86cbb4|0|1786390792.665|99.459|3.108|488878080|520986624|gen_data_2eeeaa6bf15c9ba6|__AUTOMETRIC__
__AUTOMETRIC__|0.1.2|19428|crew_log_eafabb1e1a86cbb4|0|1786390793.676|98.945|3.092|488439808|520548352|gen_data_2eeeaa6bf15c9ba6|__AUTOMETRIC__
__AUTOMETRIC__|0.1.2|19428|crew_log_eafabb1e1a86cbb4|0|1786390794.690|100.120|3.129|488828928|520937472|gen_data_2eeeaa6bf15c9ba6|__AUTOMETRIC__
__AUTOMETRIC__|0.1.2|19428|crew_log_eafabb1e1a86cbb4|0|1786390795.705|100.019|3.126|488775680|520884224|gen_data_2eeeaa6bf15c9ba6|__AUTOMETRIC__
__AUTOMETRIC__|0.1.2|19428|crew_log_eafabb1e1a86cbb4|0|1786390796.720|100.131|3.129|488673280|520781824|gen_data_2eeeaa6bf15c9ba6|__AUTOMETRIC__
__AUTOMETRIC__|0.1.2|19428|crew_log_eafabb1e1a86cbb4|0|1786390797.735|100.045|3.126|488583168|520720384|gen_data_2eeeaa6bf15c9ba6|__AUTOMETRIC__
__AUTOMETRIC__|0.1.2|19428|crew_log_eafabb1e1a86cbb4|0|1786390798.749|100.165|3.130|488652800|520790016|gen_data_2eeeaa6bf15c9ba6|__AUTOMETRIC__
__AUTOMETRIC__|0.1.2|19428|crew_log_eafabb1e1a86cbb4|0|1786390799.762|100.202|3.131|488501248|520617984|gen_data_2eeeaa6bf15c9ba6|__AUTOMETRIC__
__AUTOMETRIC__|0.1.2|19428|crew_log_eafabb1e1a86cbb4|0|1786390800.777|97.052|3.033|488742912|520904704|gen_data_2eeeaa6bf15c9ba6|__AUTOMETRIC__
__AUTOMETRIC__|0.1.2|19428|crew_log_eafabb1e1a86cbb4|0|1786390801.785|102.284|3.196|488484864|520646656|gen_data_2eeeaa6bf15c9ba6|__AUTOMETRIC__
__AUTOMETRIC__|0.1.2|19428|crew_log_eafabb1e1a86cbb4|0|1786390802.791|97.824|3.057|488681472|520835072|gen_data_2eeeaa6bf15c9ba6|__AUTOMETRIC__
__AUTOMETRIC__|0.1.2|19428|crew_log_eafabb1e1a86cbb4|0|1786390803.797|99.439|3.107|488628224|520777728|gen_data_2eeeaa6bf15c9ba6|__AUTOMETRIC__
__AUTOMETRIC__|0.1.2|19428|crew_log_eafabb1e1a86cbb4|0|1786390804.807|99.002|3.094|488902656|521117696|gen_data_2eeeaa6bf15c9ba6|__AUTOMETRIC__
__AUTOMETRIC__|0.1.2|19428|crew_log_eafabb1e1a86cbb4|0|1786390805.808|99.840|3.120|488718336|520867840|gen_data_2eeeaa6bf15c9ba6|__AUTOMETRIC__
__AUTOMETRIC__|0.1.2|19428|crew_log_eafabb1e1a86cbb4|0|1786390806.823|98.602|3.081|488185856|520335360|gen_data_2eeeaa6bf15c9ba6|__AUTOMETRIC__
__AUTOMETRIC__|0.1.2|19428|crew_log_eafabb1e1a86cbb4|0|1786390807.825|99.749|3.117|488857600|521007104|gen_data_2eeeaa6bf15c9ba6|__AUTOMETRIC__
__AUTOMETRIC__|0.1.2|19428|crew_log_eafabb1e1a86cbb4|0|1786390808.826|99.902|3.122|488546304|520695808|gen_data_2eeeaa6bf15c9ba6|__AUTOMETRIC__
__AUTOMETRIC__|0.1.2|19428|crew_log_eafabb1e1a86cbb4|0|1786390809.834|97.679|3.052|488361984|520511488|gen_data_2eeeaa6bf15c9ba6|__AUTOMETRIC__
__AUTOMETRIC__|0.1.2|19428|crew_log_eafabb1e1a86cbb4|0|1786390810.846|100.398|3.137|488591360|520720384|gen_data_2eeeaa6bf15c9ba6|__AUTOMETRIC__
__AUTOMETRIC__|0.1.2|19428|crew_log_eafabb1e1a86cbb4|0|1786390811.850|99.545|3.111|488546304|520675328|gen_data_2eeeaa6bf15c9ba6|__AUTOMETRIC__
__AUTOMETRIC__|0.1.2|19428|crew_log_eafabb1e1a86cbb4|0|1786390812.858|100.772|3.149|488325120|520454144|gen_data_2eeeaa6bf15c9ba6|__AUTOMETRIC__
__AUTOMETRIC__|0.1.2|19428|crew_log_eafabb1e1a86cbb4|0|1786390813.859|99.889|3.122|488329216|520486912|gen_data_2eeeaa6bf15c9ba6|__AUTOMETRIC__
__AUTOMETRIC__|0.1.2|19428|crew_log_eafabb1e1a86cbb4|0|1786390814.871|97.249|3.039|488464384|520572928|gen_data_2eeeaa6bf15c9ba6|__AUTOMETRIC__
__AUTOMETRIC__|0.1.2|19428|crew_log_eafabb1e1a86cbb4|0|1786390815.880|99.119|3.097|488394752|520503296|gen_data_2eeeaa6bf15c9ba6|__AUTOMETRIC__
__AUTOMETRIC__|0.1.2|19428|crew_log_eafabb1e1a86cbb4|0|1786390816.895|100.062|3.127|488390656|520499200|gen_data_2eeeaa6bf15c9ba6|__AUTOMETRIC__
__AUTOMETRIC__|0.1.2|19428|crew_log_eafabb1e1a86cbb4|0|1786390817.905|100.567|3.143|488243200|520400896|gen_data_2eeeaa6bf15c9ba6|__AUTOMETRIC__
__AUTOMETRIC__|0.1.2|19428|crew_log_eafabb1e1a86cbb4|0|1786390818.921|99.992|3.125|488169472|520278016|gen_data_2eeeaa6bf15c9ba6|__AUTOMETRIC__
__AUTOMETRIC__|0.1.2|19428|crew_log_eafabb1e1a86cbb4|0|1786390819.930|100.590|3.143|488493056|520601600|gen_data_2eeeaa6bf15c9ba6|__AUTOMETRIC__
__AUTOMETRIC__|0.1.2|19428|crew_log_eafabb1e1a86cbb4|0|1786390820.939|97.594|3.050|488497152|520605696|gen_data_2eeeaa6bf15c9ba6|__AUTOMETRIC__
__AUTOMETRIC__|0.1.2|19428|crew_log_eafabb1e1a86cbb4|0|1786390821.955|99.963|3.124|488267776|520376320|gen_data_2eeeaa6bf15c9ba6|__AUTOMETRIC__
__AUTOMETRIC__|0.1.2|19428|crew_log_eafabb1e1a86cbb4|0|1786390822.969|98.578|3.081|488263680|520396800|gen_data_2eeeaa6bf15c9ba6|__AUTOMETRIC__
__AUTOMETRIC__|0.1.2|19428|crew_log_eafabb1e1a86cbb4|0|1786390823.984|100.116|3.129|488554496|520663040|gen_data_2eeeaa6bf15c9ba6|__AUTOMETRIC__
__AUTOMETRIC__|0.1.2|19428|crew_log_eafabb1e1a86cbb4|0|1786390824.995|97.346|3.042|488521728|520630272|gen_data_2eeeaa6bf15c9ba6|__AUTOMETRIC__
__AUTOMETRIC__|0.1.2|19428|crew_log_eafabb1e1a86cbb4|0|1786390826.011|101.563|3.174|488681472|520790016|gen_data_2eeeaa6bf15c9ba6|__AUTOMETRIC__
__AUTOMETRIC__|0.1.2|19428|crew_log_eafabb1e1a86cbb4|0|1786390827.024|101.799|3.181|488599552|520724480|gen_data_2eeeaa6bf15c9ba6|__AUTOMETRIC__
__AUTOMETRIC__|0.1.2|19428|crew_log_eafabb1e1a86cbb4|0|1786390828.026|98.208|3.069|488468480|520593408|gen_data_2eeeaa6bf15c9ba6|__AUTOMETRIC__
__AUTOMETRIC__|0.1.2|19428|crew_log_eafabb1e1a86cbb4|0|1786390829.041|101.611|3.175|488525824|520646656|gen_data_2eeeaa6bf15c9ba6|__AUTOMETRIC__
__AUTOMETRIC__|0.1.2|19428|crew_log_eafabb1e1a86cbb4|0|1786390830.055|100.170|3.130|488595456|520777728|gen_data_2eeeaa6bf15c9ba6|__AUTOMETRIC__
__AUTOMETRIC__|0.1.2|19428|crew_log_eafabb1e1a86cbb4|0|1786390831.068|100.203|3.131|488660992|520843264|gen_data_2eeeaa6bf15c9ba6|__AUTOMETRIC__
__AUTOMETRIC__|0.1.2|19428|crew_log_eafabb1e1a86cbb4|0|1786390832.071|96.641|3.020|488595456|520777728|gen_data_2eeeaa6bf15c9ba6|__AUTOMETRIC__
__AUTOMETRIC__|0.1.2|19428|crew_log_eafabb1e1a86cbb4|0|1786390833.081|98.955|3.092|489172992|521342976|gen_data_2eeeaa6bf15c9ba6|__AUTOMETRIC__
__AUTOMETRIC__|0.1.2|19428|crew_log_eafabb1e1a86cbb4|0|1786390834.084|98.151|3.067|489127936|521261056|gen_data_2eeeaa6bf15c9ba6|__AUTOMETRIC__
__AUTOMETRIC__|0.1.2|19428|crew_log_eafabb1e1a86cbb4|0|1786390835.088|99.651|3.114|488828928|520962048|gen_data_2eeeaa6bf15c9ba6|__AUTOMETRIC__
__AUTOMETRIC__|0.1.2|19428|crew_log_eafabb1e1a86cbb4|0|1786390836.095|99.224|3.101|488239104|520347648|gen_data_2eeeaa6bf15c9ba6|__AUTOMETRIC__
__AUTOMETRIC__|0.1.2|19428|crew_log_eafabb1e1a86cbb4|0|1786390837.107|100.414|3.138|489029632|521138176|gen_data_2eeeaa6bf15c9ba6|__AUTOMETRIC__
__AUTOMETRIC__|0.1.2|19428|crew_log_eafabb1e1a86cbb4|0|1786390838.109|99.814|3.119|489086976|521195520|gen_data_2eeeaa6bf15c9ba6|__AUTOMETRIC__
__AUTOMETRIC__|0.1.2|19428|crew_log_eafabb1e1a86cbb4|0|1786390839.118|99.057|3.096|488849408|520957952|gen_data_2eeeaa6bf15c9ba6|__AUTOMETRIC__
__AUTOMETRIC__|0.1.2|19428|crew_log_eafabb1e1a86cbb4|0|1786390840.122|99.674|3.115|488914944|521023488|gen_data_2eeeaa6bf15c9ba6|__AUTOMETRIC__
__AUTOMETRIC__|0.1.2|19428|crew_log_eafabb1e1a86cbb4|0|1786390841.134|100.348|3.136|488804352|520912896|gen_data_2eeeaa6bf15c9ba6|__AUTOMETRIC__
__AUTOMETRIC__|0.1.2|19428|crew_log_eafabb1e1a86cbb4|0|1786390842.148|95.506|2.985|488886272|520994816|gen_data_2eeeaa6bf15c9ba6|__AUTOMETRIC__
__AUTOMETRIC__|0.1.2|19428|crew_log_eafabb1e1a86cbb4|0|1786390843.163|100.059|3.127|488992768|521134080|gen_data_2eeeaa6bf15c9ba6|__AUTOMETRIC__
__AUTOMETRIC__|0.1.2|19428|crew_log_eafabb1e1a86cbb4|0|1786390844.173|99.041|3.095|488853504|520998912|gen_data_2eeeaa6bf15c9ba6|__AUTOMETRIC__
__AUTOMETRIC__|0.1.2|19428|crew_log_eafabb1e1a86cbb4|0|1786390845.176|99.671|3.115|488923136|521052160|gen_data_2eeeaa6bf15c9ba6|__AUTOMETRIC__
__AUTOMETRIC__|0.1.2|19428|crew_log_eafabb1e1a86cbb4|0|1786390846.190|100.124|3.129|488960000|521072640|gen_data_2eeeaa6bf15c9ba6|__AUTOMETRIC__
__AUTOMETRIC__|0.1.2|19428|crew_log_eafabb1e1a86cbb4|0|1786390847.193|98.150|3.067|488558592|520675328|gen_data_2eeeaa6bf15c9ba6|__AUTOMETRIC__
__AUTOMETRIC__|0.1.2|19428|crew_log_eafabb1e1a86cbb4|0|1786390848.197|99.639|3.114|488603648|520720384|gen_data_2eeeaa6bf15c9ba6|__AUTOMETRIC__
__AUTOMETRIC__|0.1.2|19428|crew_log_eafabb1e1a86cbb4|0|1786390849.199|99.837|3.120|488652800|520769536|gen_data_2eeeaa6bf15c9ba6|__AUTOMETRIC__
__AUTOMETRIC__|0.1.2|19428|crew_log_eafabb1e1a86cbb4|0|1786390850.203|99.590|3.112|489717760|521834496|gen_data_2eeeaa6bf15c9ba6|__AUTOMETRIC__
__AUTOMETRIC__|0.1.2|19428|crew_log_eafabb1e1a86cbb4|0|1786390851.214|98.915|3.091|489857024|521965568|gen_data_2eeeaa6bf15c9ba6|__AUTOMETRIC__
__AUTOMETRIC__|0.1.2|19428|crew_log_eafabb1e1a86cbb4|0|1786390852.227|100.192|3.131|489558016|521666560|gen_data_2eeeaa6bf15c9ba6|__AUTOMETRIC__
__AUTOMETRIC__|0.1.2|19428|crew_log_eafabb1e1a86cbb4|0|1786390853.236|100.702|3.147|490151936|522260480|gen_data_2eeeaa6bf15c9ba6|__AUTOMETRIC__
__AUTOMETRIC__|0.1.2|19428|crew_log_eafabb1e1a86cbb4|0|1786390854.252|98.437|3.076|489893888|522002432|gen_data_2eeeaa6bf15c9ba6|__AUTOMETRIC__
__AUTOMETRIC__|0.1.2|19428|crew_log_eafabb1e1a86cbb4|0|1786390855.266|100.142|3.129|489820160|521928704|gen_data_2eeeaa6bf15c9ba6|__AUTOMETRIC__
__AUTOMETRIC__|0.1.2|19428|crew_log_eafabb1e1a86cbb4|0|1786390856.270|99.627|3.113|489910272|522018816|gen_data_2eeeaa6bf15c9ba6|__AUTOMETRIC__
__AUTOMETRIC__|0.1.2|19428|crew_log_eafabb1e1a86cbb4|0|1786390857.286|98.407|3.075|490553344|522661888|gen_data_2eeeaa6bf15c9ba6|__AUTOMETRIC__
__AUTOMETRIC__|0.1.2|19428|crew_log_eafabb1e1a86cbb4|0|1786390858.291|97.966|3.061|490053632|522162176|gen_data_2eeeaa6bf15c9ba6|__AUTOMETRIC__
__AUTOMETRIC__|0.1.2|19428|crew_log_eafabb1e1a86cbb4|0|1786390859.297|97.814|3.057|490176512|522317824|gen_data_2eeeaa6bf15c9ba6|__AUTOMETRIC__
__AUTOMETRIC__|0.1.2|19428|crew_log_eafabb1e1a86cbb4|0|1786390860.310|100.268|3.133|490180608|522309632|gen_data_2eeeaa6bf15c9ba6|__AUTOMETRIC__
__AUTOMETRIC__|0.1.2|19428|crew_log_eafabb1e1a86cbb4|0|1786390861.313|96.554|3.017|490045440|522174464|gen_data_2eeeaa6bf15c9ba6|__AUTOMETRIC__
__AUTOMETRIC__|0.1.2|19428|crew_log_eafabb1e1a86cbb4|0|1786390862.319|97.922|3.060|490459136|522584064|gen_data_2eeeaa6bf15c9ba6|__AUTOMETRIC__
__AUTOMETRIC__|0.1.2|19428|crew_log_eafabb1e1a86cbb4|0|1786390863.331|100.333|3.135|490360832|522469376|gen_data_2eeeaa6bf15c9ba6|__AUTOMETRIC__
__AUTOMETRIC__|0.1.2|19428|crew_log_eafabb1e1a86cbb4|0|1786390864.331|98.395|3.075|490311680|522420224|gen_data_2eeeaa6bf15c9ba6|__AUTOMETRIC__
__AUTOMETRIC__|0.1.2|19428|crew_log_eafabb1e1a86cbb4|0|1786390865.346|100.121|3.129|490315776|522424320|gen_data_2eeeaa6bf15c9ba6|__AUTOMETRIC__
__AUTOMETRIC__|0.1.2|19428|crew_log_eafabb1e1a86cbb4|0|1786390866.358|100.343|3.136|490397696|522534912|gen_data_2eeeaa6bf15c9ba6|__AUTOMETRIC__
__AUTOMETRIC__|0.1.2|19428|crew_log_eafabb1e1a86cbb4|0|1786390867.359|99.905|3.122|490774528|522887168|gen_data_2eeeaa6bf15c9ba6|__AUTOMETRIC__
__AUTOMETRIC__|0.1.2|19428|crew_log_eafabb1e1a86cbb4|0|1786390868.373|97.023|3.032|490438656|522551296|gen_data_2eeeaa6bf15c9ba6|__AUTOMETRIC__
__AUTOMETRIC__|0.1.2|19428|crew_log_eafabb1e1a86cbb4|0|1786390869.383|97.465|3.046|490258432|522379264|gen_data_2eeeaa6bf15c9ba6|__AUTOMETRIC__
__AUTOMETRIC__|0.1.2|19428|crew_log_eafabb1e1a86cbb4|0|1786390870.387|101.197|3.162|490672128|522784768|gen_data_2eeeaa6bf15c9ba6|__AUTOMETRIC__
__AUTOMETRIC__|0.1.2|19428|crew_log_eafabb1e1a86cbb4|0|1786390871.395|99.171|3.099|490856448|522973184|gen_data_2eeeaa6bf15c9ba6|__AUTOMETRIC__
__AUTOMETRIC__|0.1.2|19428|crew_log_eafabb1e1a86cbb4|0|1786390872.409|100.175|3.130|490409984|522526720|gen_data_2eeeaa6bf15c9ba6|__AUTOMETRIC__
__AUTOMETRIC__|0.1.2|19428|crew_log_eafabb1e1a86cbb4|0|1786390873.419|97.515|3.047|490348544|522465280|gen_data_2eeeaa6bf15c9ba6|__AUTOMETRIC__
__AUTOMETRIC__|0.1.2|19428|crew_log_eafabb1e1a86cbb4|0|1786390874.425|100.896|3.153|490397696|522551296|gen_data_2eeeaa6bf15c9ba6|__AUTOMETRIC__
__AUTOMETRIC__|0.1.2|19428|crew_log_eafabb1e1a86cbb4|0|1786390875.428|98.171|3.068|490602496|522719232|gen_data_2eeeaa6bf15c9ba6|__AUTOMETRIC__
__AUTOMETRIC__|0.1.2|19428|crew_log_eafabb1e1a86cbb4|0|1786390876.433|97.968|3.062|490627072|522743808|gen_data_2eeeaa6bf15c9ba6|__AUTOMETRIC__
__AUTOMETRIC__|0.1.2|19428|crew_log_eafabb1e1a86cbb4|0|1786390877.442|100.678|3.146|490504192|522620928|gen_data_2eeeaa6bf15c9ba6|__AUTOMETRIC__
__AUTOMETRIC__|0.1.2|19428|crew_log_eafabb1e1a86cbb4|0|1786390878.448|97.820|3.057|490409984|522526720|gen_data_2eeeaa6bf15c9ba6|__AUTOMETRIC__
__AUTOMETRIC__|0.1.2|19428|crew_log_eafabb1e1a86cbb4|0|1786390879.461|101.814|3.182|490790912|522907648|gen_data_2eeeaa6bf15c9ba6|__AUTOMETRIC__
__AUTOMETRIC__|0.1.2|19428|crew_log_eafabb1e1a86cbb4|0|1786390880.474|101.749|3.180|490414080|522526720|gen_data_2eeeaa6bf15c9ba6|__AUTOMETRIC__
__AUTOMETRIC__|0.1.2|19428|crew_log_eafabb1e1a86cbb4|0|1786390881.487|97.236|3.039|490254336|522420224|gen_data_2eeeaa6bf15c9ba6|__AUTOMETRIC__
__AUTOMETRIC__|0.1.2|19428|crew_log_eafabb1e1a86cbb4|0|1786390882.502|98.523|3.079|490528768|522694656|gen_data_2eeeaa6bf15c9ba6|__AUTOMETRIC__
__AUTOMETRIC__|0.1.2|19428|crew_log_eafabb1e1a86cbb4|0|1786390883.505|98.075|3.065|490217472|522383360|gen_data_2eeeaa6bf15c9ba6|__AUTOMETRIC__
__AUTOMETRIC__|0.1.2|19428|crew_log_eafabb1e1a86cbb4|0|1786390884.509|99.601|3.113|490377216|522543104|gen_data_2eeeaa6bf15c9ba6|__AUTOMETRIC__
__AUTOMETRIC__|0.1.2|19428|crew_log_eafabb1e1a86cbb4|0|1786390885.525|98.419|3.076|490381312|522547200|gen_data_2eeeaa6bf15c9ba6|__AUTOMETRIC__
__AUTOMETRIC__|0.1.2|19428|crew_log_eafabb1e1a86cbb4|0|1786390886.535|102.098|3.191|490377216|522543104|gen_data_2eeeaa6bf15c9ba6|__AUTOMETRIC__
__AUTOMETRIC__|0.1.2|19428|crew_log_eafabb1e1a86cbb4|0|1786390887.548|100.288|3.134|490442752|522608640|gen_data_2eeeaa6bf15c9ba6|__AUTOMETRIC__
__AUTOMETRIC__|0.1.2|19428|crew_log_eafabb1e1a86cbb4|0|1786390888.564|100.018|3.126|490450944|522588160|gen_data_2eeeaa6bf15c9ba6|__AUTOMETRIC__
__AUTOMETRIC__|0.1.2|19428|crew_log_eafabb1e1a86cbb4|0|1786390889.575|100.439|3.139|490561536|522698752|gen_data_2eeeaa6bf15c9ba6|__AUTOMETRIC__
__AUTOMETRIC__|0.1.2|19428|crew_log_eafabb1e1a86cbb4|0|1786390890.586|98.929|3.092|490627072|522743808|gen_data_2eeeaa6bf15c9ba6|__AUTOMETRIC__
__AUTOMETRIC__|0.1.2|19428|crew_log_eafabb1e1a86cbb4|0|1786390891.595|99.110|3.097|490483712|522600448|gen_data_2eeeaa6bf15c9ba6|__AUTOMETRIC__
__AUTOMETRIC__|0.1.2|19428|crew_log_eafabb1e1a86cbb4|0|1786390892.595|99.970|3.124|490385408|522502144|gen_data_2eeeaa6bf15c9ba6|__AUTOMETRIC__
__AUTOMETRIC__|0.1.2|19428|crew_log_eafabb1e1a86cbb4|0|1786390893.599|99.581|3.112|490573824|522690560|gen_data_2eeeaa6bf15c9ba6|__AUTOMETRIC__
__AUTOMETRIC__|0.1.2|19428|crew_log_eafabb1e1a86cbb4|0|1786390894.609|100.519|3.141|490737664|522854400|gen_data_2eeeaa6bf15c9ba6|__AUTOMETRIC__
__AUTOMETRIC__|0.1.2|19428|crew_log_eafabb1e1a86cbb4|0|1786390895.621|98.826|3.088|490496000|522612736|gen_data_2eeeaa6bf15c9ba6|__AUTOMETRIC__
__AUTOMETRIC__|0.1.2|19428|crew_log_eafabb1e1a86cbb4|0|1786390896.632|100.504|3.141|490348544|522465280|gen_data_2eeeaa6bf15c9ba6|__AUTOMETRIC__
__AUTOMETRIC__|0.1.2|19428|crew_log_eafabb1e1a86cbb4|0|1786390897.643|98.879|3.090|490418176|522567680|gen_data_2eeeaa6bf15c9ba6|__AUTOMETRIC__
__AUTOMETRIC__|0.1.2|19428|crew_log_eafabb1e1a86cbb4|0|1786390898.660|99.916|3.122|490553344|522702848|gen_data_2eeeaa6bf15c9ba6|__AUTOMETRIC__
__AUTOMETRIC__|0.1.2|19428|crew_log_eafabb1e1a86cbb4|0|1786390899.675|98.440|3.076|490508288|522657792|gen_data_2eeeaa6bf15c9ba6|__AUTOMETRIC__
__AUTOMETRIC__|0.1.2|19428|crew_log_eafabb1e1a86cbb4|0|1786390900.691|100.040|3.126|490504192|522653696|gen_data_2eeeaa6bf15c9ba6|__AUTOMETRIC__
__AUTOMETRIC__|0.1.2|19428|crew_log_eafabb1e1a86cbb4|0|1786390901.692|99.859|3.121|490561536|522711040|gen_data_2eeeaa6bf15c9ba6|__AUTOMETRIC__
__AUTOMETRIC__|0.1.2|19428|crew_log_eafabb1e1a86cbb4|0|1786390902.708|100.014|3.125|490516480|522665984|gen_data_2eeeaa6bf15c9ba6|__AUTOMETRIC__
__AUTOMETRIC__|0.1.2|19428|crew_log_eafabb1e1a86cbb4|0|1786390903.724|99.954|3.124|490020864|522182656|gen_data_2eeeaa6bf15c9ba6|__AUTOMETRIC__
__AUTOMETRIC__|0.1.2|19428|crew_log_eafabb1e1a86cbb4|0|1786390904.738|97.067|3.033|490061824|522223616|gen_data_2eeeaa6bf15c9ba6|__AUTOMETRIC__
__AUTOMETRIC__|0.1.2|19428|crew_log_eafabb1e1a86cbb4|0|1786390905.753|100.071|3.127|490254336|522424320|gen_data_2eeeaa6bf15c9ba6|__AUTOMETRIC__
__AUTOMETRIC__|0.1.2|19428|crew_log_eafabb1e1a86cbb4|0|1786390906.764|95.766|2.993|490336256|522502144|gen_data_2eeeaa6bf15c9ba6|__AUTOMETRIC__
__AUTOMETRIC__|0.1.2|19428|crew_log_eafabb1e1a86cbb4|0|1786390907.780|100.022|3.126|490344448|522510336|gen_data_2eeeaa6bf15c9ba6|__AUTOMETRIC__
__AUTOMETRIC__|0.1.2|19428|crew_log_eafabb1e1a86cbb4|0|1786390908.786|97.819|3.057|490262528|522416128|gen_data_2eeeaa6bf15c9ba6|__AUTOMETRIC__
__AUTOMETRIC__|0.1.2|19428|crew_log_eafabb1e1a86cbb4|0|1786390909.798|98.806|3.088|490405888|522584064|gen_data_2eeeaa6bf15c9ba6|__AUTOMETRIC__
__AUTOMETRIC__|0.1.2|19428|crew_log_eafabb1e1a86cbb4|0|1786390910.810|100.379|3.137|490491904|522657792|gen_data_2eeeaa6bf15c9ba6|__AUTOMETRIC__
__AUTOMETRIC__|0.1.2|19428|crew_log_eafabb1e1a86cbb4|0|1786390911.824|100.122|3.129|490549248|522715136|gen_data_2eeeaa6bf15c9ba6|__AUTOMETRIC__
__AUTOMETRIC__|0.1.2|19428|crew_log_eafabb1e1a86cbb4|0|1786390912.827|99.767|3.118|490520576|522674176|gen_data_2eeeaa6bf15c9ba6|__AUTOMETRIC__
__AUTOMETRIC__|0.1.2|19428|crew_log_eafabb1e1a86cbb4|0|1786390913.841|100.096|3.128|490774528|522924032|gen_data_2eeeaa6bf15c9ba6|__AUTOMETRIC__
__AUTOMETRIC__|0.1.2|19428|crew_log_eafabb1e1a86cbb4|0|1786390914.854|97.227|3.038|490962944|523112448|gen_data_2eeeaa6bf15c9ba6|__AUTOMETRIC__
__AUTOMETRIC__|0.1.2|19428|crew_log_eafabb1e1a86cbb4|0|1786390915.867|100.223|3.132|490614784|522764288|gen_data_2eeeaa6bf15c9ba6|__AUTOMETRIC__
__AUTOMETRIC__|0.1.2|19428|crew_log_eafabb1e1a86cbb4|0|1786390916.880|100.231|3.132|490795008|522944512|gen_data_2eeeaa6bf15c9ba6|__AUTOMETRIC__
__AUTOMETRIC__|0.1.2|19428|crew_log_eafabb1e1a86cbb4|0|1786390917.894|100.191|3.131|491008000|523157504|gen_data_2eeeaa6bf15c9ba6|__AUTOMETRIC__
__AUTOMETRIC__|0.1.2|19428|crew_log_eafabb1e1a86cbb4|0|1786390918.896|99.760|3.117|490815488|522964992|gen_data_2eeeaa6bf15c9ba6|__AUTOMETRIC__
__AUTOMETRIC__|0.1.2|19428|crew_log_eafabb1e1a86cbb4|0|1786390919.907|100.501|3.141|490835968|523014144|gen_data_2eeeaa6bf15c9ba6|__AUTOMETRIC__
__AUTOMETRIC__|0.1.2|19428|crew_log_eafabb1e1a86cbb4|0|1786390920.922|100.093|3.128|490782720|522936320|gen_data_2eeeaa6bf15c9ba6|__AUTOMETRIC__
__AUTOMETRIC__|0.1.2|19428|crew_log_eafabb1e1a86cbb4|0|1786390921.938|98.418|3.076|490598400|522752000|gen_data_2eeeaa6bf15c9ba6|__AUTOMETRIC__
__AUTOMETRIC__|0.1.2|19428|crew_log_eafabb1e1a86cbb4|0|1786390922.941|98.120|3.066|490934272|523091968|gen_data_2eeeaa6bf15c9ba6|__AUTOMETRIC__
__AUTOMETRIC__|0.1.2|19428|crew_log_eafabb1e1a86cbb4|0|1786390923.956|100.078|3.127|491073536|523223040|gen_data_2eeeaa6bf15c9ba6|__AUTOMETRIC__
__AUTOMETRIC__|0.1.2|19428|crew_log_eafabb1e1a86cbb4|0|1786390924.957|99.875|3.121|490921984|523071488|gen_data_2eeeaa6bf15c9ba6|__AUTOMETRIC__
__AUTOMETRIC__|0.1.2|19428|crew_log_eafabb1e1a86cbb4|0|1786390925.969|98.831|3.088|490676224|522833920|gen_data_2eeeaa6bf15c9ba6|__AUTOMETRIC__
__AUTOMETRIC__|0.1.2|19428|crew_log_eafabb1e1a86cbb4|0|1786390926.971|99.837|3.120|490930176|523079680|gen_data_2eeeaa6bf15c9ba6|__AUTOMETRIC__
__AUTOMETRIC__|0.1.2|19428|crew_log_eafabb1e1a86cbb4|0|1786390927.973|99.739|3.117|490872832|523022336|gen_data_2eeeaa6bf15c9ba6|__AUTOMETRIC__
__AUTOMETRIC__|0.1.2|19428|crew_log_eafabb1e1a86cbb4|0|1786390928.986|98.728|3.085|490553344|522702848|gen_data_2eeeaa6bf15c9ba6|__AUTOMETRIC__
__AUTOMETRIC__|0.1.2|19428|crew_log_eafabb1e1a86cbb4|0|1786390929.994|99.224|3.101|490766336|522915840|gen_data_2eeeaa6bf15c9ba6|__AUTOMETRIC__
__AUTOMETRIC__|0.1.2|19428|crew_log_eafabb1e1a86cbb4|0|1786390930.996|102.863|3.214|490717184|522874880|gen_data_2eeeaa6bf15c9ba6|__AUTOMETRIC__
__AUTOMETRIC__|0.1.2|19428|crew_log_eafabb1e1a86cbb4|0|1786390931.998|99.882|3.121|490524672|522682368|gen_data_2eeeaa6bf15c9ba6|__AUTOMETRIC__
__AUTOMETRIC__|0.1.2|19428|crew_log_eafabb1e1a86cbb4|0|1786390933.014|99.957|3.124|490758144|522907648|gen_data_2eeeaa6bf15c9ba6|__AUTOMETRIC__
__AUTOMETRIC__|0.1.2|19428|crew_log_eafabb1e1a86cbb4|0|1786390934.018|98.008|3.063|490815488|522981376|gen_data_2eeeaa6bf15c9ba6|__AUTOMETRIC__
__AUTOMETRIC__|0.1.2|19428|crew_log_eafabb1e1a86cbb4|0|1786390935.021|99.752|3.117|490819584|522985472|gen_data_2eeeaa6bf15c9ba6|__AUTOMETRIC__
__AUTOMETRIC__|0.1.2|19428|crew_log_eafabb1e1a86cbb4|0|1786390936.025|98.030|3.063|490938368|523104256|gen_data_2eeeaa6bf15c9ba6|__AUTOMETRIC__
__AUTOMETRIC__|0.1.2|19428|crew_log_eafabb1e1a86cbb4|0|1786390937.040|98.539|3.079|490713088|522870784|gen_data_2eeeaa6bf15c9ba6|__AUTOMETRIC__
__AUTOMETRIC__|0.1.2|19428|crew_log_eafabb1e1a86cbb4|0|1786390938.051|100.387|3.137|490684416|522842112|gen_data_2eeeaa6bf15c9ba6|__AUTOMETRIC__
__AUTOMETRIC__|0.1.2|19428|crew_log_eafabb1e1a86cbb4|0|1786390939.067|98.467|3.077|490622976|522780672|gen_data_2eeeaa6bf15c9ba6|__AUTOMETRIC__
__AUTOMETRIC__|0.1.2|19428|crew_log_eafabb1e1a86cbb4|0|1786390940.076|100.645|3.145|490565632|522723328|gen_data_2eeeaa6bf15c9ba6|__AUTOMETRIC__
__AUTOMETRIC__|0.1.2|19428|crew_log_eafabb1e1a86cbb4|0|1786390941.087|97.338|3.042|490790912|522948608|gen_data_2eeeaa6bf15c9ba6|__AUTOMETRIC__
__AUTOMETRIC__|0.1.2|19428|crew_log_eafabb1e1a86cbb4|0|1786390942.101|101.725|3.179|491102208|523259904|gen_data_2eeeaa6bf15c9ba6|__AUTOMETRIC__
__AUTOMETRIC__|0.1.2|19428|crew_log_eafabb1e1a86cbb4|0|1786390943.107|100.949|3.155|490835968|522993664|gen_data_2eeeaa6bf15c9ba6|__AUTOMETRIC__
__AUTOMETRIC__|0.1.2|19428|crew_log_eafabb1e1a86cbb4|0|1786390944.120|97.226|3.038|490827776|522985472|gen_data_2eeeaa6bf15c9ba6|__AUTOMETRIC__
__AUTOMETRIC__|0.1.2|19428|crew_log_eafabb1e1a86cbb4|0|1786390945.134|100.130|3.129|490708992|522866688|gen_data_2eeeaa6bf15c9ba6|__AUTOMETRIC__
__AUTOMETRIC__|0.1.2|19428|crew_log_eafabb1e1a86cbb4|0|1786390946.146|98.768|3.086|490586112|522743808|gen_data_2eeeaa6bf15c9ba6|__AUTOMETRIC__
__AUTOMETRIC__|0.1.2|19428|crew_log_eafabb1e1a86cbb4|0|1786390947.163|98.393|3.075|490950656|523100160|gen_data_2eeeaa6bf15c9ba6|__AUTOMETRIC__
__AUTOMETRIC__|0.1.2|19428|crew_log_eafabb1e1a86cbb4|0|1786390948.166|99.672|3.115|490684416|522833920|gen_data_2eeeaa6bf15c9ba6|__AUTOMETRIC__
__AUTOMETRIC__|0.1.2|19428|crew_log_eafabb1e1a86cbb4|0|1786390949.168|102.937|3.217|490512384|522661888|gen_data_2eeeaa6bf15c9ba6|__AUTOMETRIC__
__AUTOMETRIC__|0.1.2|19428|crew_log_eafabb1e1a86cbb4|0|1786390950.183|96.929|3.029|490848256|522997760|gen_data_2eeeaa6bf15c9ba6|__AUTOMETRIC__
__AUTOMETRIC__|0.1.2|19428|crew_log_eafabb1e1a86cbb4|0|1786390951.200|99.940|3.123|490848256|522997760|gen_data_2eeeaa6bf15c9ba6|__AUTOMETRIC__
__AUTOMETRIC__|0.1.2|19428|crew_log_eafabb1e1a86cbb4|0|1786390952.212|98.778|3.087|490622976|522772480|gen_data_2eeeaa6bf15c9ba6|__AUTOMETRIC__
__AUTOMETRIC__|0.1.2|19428|crew_log_eafabb1e1a86cbb4|0|1786390953.223|102.007|3.188|490840064|522997760|gen_data_2eeeaa6bf15c9ba6|__AUTOMETRIC__
__AUTOMETRIC__|0.1.2|19428|crew_log_eafabb1e1a86cbb4|0|1786390954.235|100.385|3.137|490672128|522825728|gen_data_2eeeaa6bf15c9ba6|__AUTOMETRIC__
__AUTOMETRIC__|0.1.2|19428|crew_log_eafabb1e1a86cbb4|0|1786390955.241|99.372|3.105|490655744|522825728|gen_data_2eeeaa6bf15c9ba6|__AUTOMETRIC__
__AUTOMETRIC__|0.1.2|19428|crew_log_eafabb1e1a86cbb4|0|1786390956.250|100.627|3.145|490643456|522809344|gen_data_2eeeaa6bf15c9ba6|__AUTOMETRIC__
__AUTOMETRIC__|0.1.2|19428|crew_log_eafabb1e1a86cbb4|0|1786390957.260|99.017|3.094|490926080|523100160|gen_data_2eeeaa6bf15c9ba6|__AUTOMETRIC__
__AUTOMETRIC__|0.1.2|19428|crew_log_eafabb1e1a86cbb4|0|1786390958.273|98.763|3.086|490713088|522866688|gen_data_2eeeaa6bf15c9ba6|__AUTOMETRIC__
__AUTOMETRIC__|0.1.2|19428|crew_log_eafabb1e1a86cbb4|0|1786390959.288|100.028|3.126|490909696|523063296|gen_data_2eeeaa6bf15c9ba6|__AUTOMETRIC__
__AUTOMETRIC__|0.1.2|19428|crew_log_eafabb1e1a86cbb4|0|1786390960.302|100.204|3.131|491143168|523296768|gen_data_2eeeaa6bf15c9ba6|__AUTOMETRIC__
__AUTOMETRIC__|0.1.2|19428|crew_log_eafabb1e1a86cbb4|0|1786390961.311|97.504|3.047|490803200|522956800|gen_data_2eeeaa6bf15c9ba6|__AUTOMETRIC__
__AUTOMETRIC__|0.1.2|19428|crew_log_eafabb1e1a86cbb4|0|1786390962.317|99.434|3.107|490704896|522858496|gen_data_2eeeaa6bf15c9ba6|__AUTOMETRIC__
__AUTOMETRIC__|0.1.2|19428|crew_log_eafabb1e1a86cbb4|0|1786390963.324|100.792|3.150|490762240|522911744|gen_data_2eeeaa6bf15c9ba6|__AUTOMETRIC__
__AUTOMETRIC__|0.1.2|19428|crew_log_eafabb1e1a86cbb4|0|1786390964.332|99.276|3.102|490770432|522924032|gen_data_2eeeaa6bf15c9ba6|__AUTOMETRIC__
__AUTOMETRIC__|0.1.2|19428|crew_log_eafabb1e1a86cbb4|0|1786390965.340|99.152|3.098|490926080|523075584|gen_data_2eeeaa6bf15c9ba6|__AUTOMETRIC__
__AUTOMETRIC__|0.1.2|19428|crew_log_eafabb1e1a86cbb4|0|1786390966.352|95.779|2.993|491110400|523259904|gen_data_2eeeaa6bf15c9ba6|__AUTOMETRIC__
__AUTOMETRIC__|0.1.2|19428|crew_log_eafabb1e1a86cbb4|0|1786390967.355|99.688|3.115|491040768|523153408|gen_data_2eeeaa6bf15c9ba6|__AUTOMETRIC__
__AUTOMETRIC__|0.1.2|19428|crew_log_eafabb1e1a86cbb4|0|1786390968.362|100.840|3.151|490872832|522985472|gen_data_2eeeaa6bf15c9ba6|__AUTOMETRIC__
__AUTOMETRIC__|0.1.2|19428|crew_log_eafabb1e1a86cbb4|0|1786390969.375|100.285|3.134|490627072|522739712|gen_data_2eeeaa6bf15c9ba6|__AUTOMETRIC__
__AUTOMETRIC__|0.1.2|19428|crew_log_eafabb1e1a86cbb4|0|1786390970.387|100.344|3.136|491012096|523153408|gen_data_2eeeaa6bf15c9ba6|__AUTOMETRIC__
__AUTOMETRIC__|0.1.2|19428|crew_log_eafabb1e1a86cbb4|0|1786390971.399|98.774|3.087|490770432|522907648|gen_data_2eeeaa6bf15c9ba6|__AUTOMETRIC__
__AUTOMETRIC__|0.1.2|19428|crew_log_eafabb1e1a86cbb4|0|1786390972.410|102.047|3.189|490504192|522641408|gen_data_2eeeaa6bf15c9ba6|__AUTOMETRIC__
__AUTOMETRIC__|0.1.2|19428|crew_log_eafabb1e1a86cbb4|0|1786390973.422|100.392|3.137|490717184|522829824|gen_data_2eeeaa6bf15c9ba6|__AUTOMETRIC__
__AUTOMETRIC__|0.1.2|19428|crew_log_eafabb1e1a86cbb4|0|1786390974.424|98.168|3.068|490524672|522653696|gen_data_2eeeaa6bf15c9ba6|__AUTOMETRIC__
__AUTOMETRIC__|0.1.2|19428|crew_log_eafabb1e1a86cbb4|0|1786390975.436|100.435|3.139|490749952|522870784|gen_data_2eeeaa6bf15c9ba6|__AUTOMETRIC__
__AUTOMETRIC__|0.1.2|19428|crew_log_eafabb1e1a86cbb4|0|1786390976.448|100.274|3.134|490999808|523116544|gen_data_2eeeaa6bf15c9ba6|__AUTOMETRIC__
__AUTOMETRIC__|0.1.2|19428|crew_log_eafabb1e1a86cbb4|0|1786390977.451|96.610|3.019|490643456|522768384|gen_data_2eeeaa6bf15c9ba6|__AUTOMETRIC__
__AUTOMETRIC__|0.1.2|19428|crew_log_eafabb1e1a86cbb4|0|1786390978.460|99.163|3.099|491065344|523177984|gen_data_2eeeaa6bf15c9ba6|__AUTOMETRIC__
__AUTOMETRIC__|0.1.2|19428|crew_log_eafabb1e1a86cbb4|0|1786390979.466|100.912|3.153|490659840|522772480|gen_data_2eeeaa6bf15c9ba6|__AUTOMETRIC__
__AUTOMETRIC__|0.1.2|19428|crew_log_eafabb1e1a86cbb4|0|1786390980.474|99.198|3.100|490811392|522924032|gen_data_2eeeaa6bf15c9ba6|__AUTOMETRIC__
__AUTOMETRIC__|0.1.2|19428|crew_log_eafabb1e1a86cbb4|0|1786390981.490|99.983|3.124|491094016|523206656|gen_data_2eeeaa6bf15c9ba6|__AUTOMETRIC__
__AUTOMETRIC__|0.1.2|19428|crew_log_eafabb1e1a86cbb4|0|1786390982.505|100.079|3.127|491008000|523120640|gen_data_2eeeaa6bf15c9ba6|__AUTOMETRIC__
__AUTOMETRIC__|0.1.2|19428|crew_log_eafabb1e1a86cbb4|0|1786390983.520|100.039|3.126|491085824|523198464|gen_data_2eeeaa6bf15c9ba6|__AUTOMETRIC__
__AUTOMETRIC__|0.1.2|19428|crew_log_eafabb1e1a86cbb4|0|1786390984.530|100.516|3.141|490889216|523026432|gen_data_2eeeaa6bf15c9ba6|__AUTOMETRIC__
__AUTOMETRIC__|0.1.2|19428|crew_log_eafabb1e1a86cbb4|0|1786390985.536|96.376|3.012|491028480|523145216|gen_data_2eeeaa6bf15c9ba6|__AUTOMETRIC__
__AUTOMETRIC__|0.1.2|19428|crew_log_eafabb1e1a86cbb4|0|1786390986.546|100.546|3.142|491044864|523161600|gen_data_2eeeaa6bf15c9ba6|__AUTOMETRIC__
__AUTOMETRIC__|0.1.2|19428|crew_log_eafabb1e1a86cbb4|0|1786390987.546|99.990|3.125|490995712|523116544|gen_data_2eeeaa6bf15c9ba6|__AUTOMETRIC__
__AUTOMETRIC__|0.1.2|19428|crew_log_eafabb1e1a86cbb4|0|1786390988.549|98.108|3.066|491130880|523243520|gen_data_2eeeaa6bf15c9ba6|__AUTOMETRIC__
__AUTOMETRIC__|0.1.2|19428|crew_log_eafabb1e1a86cbb4|0|1786390989.555|99.387|3.106|490586112|522702848|gen_data_2eeeaa6bf15c9ba6|__AUTOMETRIC__
__AUTOMETRIC__|0.1.2|19428|crew_log_eafabb1e1a86cbb4|0|1786390990.570|100.055|3.127|490946560|523075584|gen_data_2eeeaa6bf15c9ba6|__AUTOMETRIC__
__AUTOMETRIC__|0.1.2|19428|crew_log_eafabb1e1a86cbb4|0|1786390991.584|100.147|3.130|490848256|522977280|gen_data_2eeeaa6bf15c9ba6|__AUTOMETRIC__
__AUTOMETRIC__|0.1.2|19428|crew_log_eafabb1e1a86cbb4|0|1786390992.588|99.650|3.114|490905600|523034624|gen_data_2eeeaa6bf15c9ba6|__AUTOMETRIC__
__AUTOMETRIC__|0.1.2|19428|crew_log_eafabb1e1a86cbb4|0|1786390993.591|101.292|3.165|490606592|522735616|gen_data_2eeeaa6bf15c9ba6|__AUTOMETRIC__
__AUTOMETRIC__|0.1.2|19428|crew_log_eafabb1e1a86cbb4|0|1786390994.605|98.619|3.082|490901504|523022336|gen_data_2eeeaa6bf15c9ba6|__AUTOMETRIC__
__AUTOMETRIC__|0.1.2|19428|crew_log_eafabb1e1a86cbb4|0|1786390995.606|99.825|3.120|491044864|523182080|gen_data_2eeeaa6bf15c9ba6|__AUTOMETRIC__
__AUTOMETRIC__|0.1.2|19428|crew_log_eafabb1e1a86cbb4|0|1786390996.616|95.952|2.999|490668032|522805248|gen_data_2eeeaa6bf15c9ba6|__AUTOMETRIC__
__AUTOMETRIC__|0.1.2|19428|crew_log_eafabb1e1a86cbb4|0|1786390997.625|100.690|3.147|490942464|523063296|gen_data_2eeeaa6bf15c9ba6|__AUTOMETRIC__
__AUTOMETRIC__|0.1.2|19428|crew_log_eafabb1e1a86cbb4|0|1786390998.630|99.441|3.108|490926080|523042816|gen_data_2eeeaa6bf15c9ba6|__AUTOMETRIC__
__AUTOMETRIC__|0.1.2|19428|crew_log_eafabb1e1a86cbb4|0|1786390999.637|100.939|3.154|490663936|522776576|gen_data_2eeeaa6bf15c9ba6|__AUTOMETRIC__
__AUTOMETRIC__|0.1.2|19428|crew_log_eafabb1e1a86cbb4|0|1786391000.651|98.596|3.081|491003904|523337728|gen_data_2eeeaa6bf15c9ba6|__AUTOMETRIC__
__AUTOMETRIC__|0.1.2|19428|crew_log_eafabb1e1a86cbb4|0|1786391001.654|99.698|3.116|490819584|522952704|gen_data_2eeeaa6bf15c9ba6|__AUTOMETRIC__
__AUTOMETRIC__|0.1.2|19428|crew_log_eafabb1e1a86cbb4|0|1786391002.667|97.175|3.037|491274240|523407360|gen_data_2eeeaa6bf15c9ba6|__AUTOMETRIC__
__AUTOMETRIC__|0.1.2|19428|crew_log_eafabb1e1a86cbb4|0|1786391003.671|101.143|3.161|490774528|522907648|gen_data_2eeeaa6bf15c9ba6|__AUTOMETRIC__
__AUTOMETRIC__|0.1.2|19428|crew_log_eafabb1e1a86cbb4|0|1786391004.674|99.739|3.117|490991616|523124736|gen_data_2eeeaa6bf15c9ba6|__AUTOMETRIC__
__AUTOMETRIC__|0.1.2|19428|crew_log_eafabb1e1a86cbb4|0|1786391005.685|100.392|3.137|490823680|522956800|gen_data_2eeeaa6bf15c9ba6|__AUTOMETRIC__
__AUTOMETRIC__|0.1.2|19428|crew_log_eafabb1e1a86cbb4|0|1786391006.699|100.175|3.130|490782720|522915840|gen_data_2eeeaa6bf15c9ba6|__AUTOMETRIC__
__AUTOMETRIC__|0.1.2|19428|crew_log_eafabb1e1a86cbb4|0|1786391007.700|99.870|3.121|490913792|523046912|gen_data_2eeeaa6bf15c9ba6|__AUTOMETRIC__
__AUTOMETRIC__|0.1.2|19428|crew_log_eafabb1e1a86cbb4|0|1786391008.705|99.543|3.111|490995712|523128832|gen_data_2eeeaa6bf15c9ba6|__AUTOMETRIC__
__AUTOMETRIC__|0.1.2|19428|crew_log_eafabb1e1a86cbb4|0|1786391009.714|97.525|3.048|490889216|523022336|gen_data_2eeeaa6bf15c9ba6|__AUTOMETRIC__
__AUTOMETRIC__|0.1.2|19428|crew_log_eafabb1e1a86cbb4|0|1786391010.727|95.642|2.989|490754048|522866688|gen_data_2eeeaa6bf15c9ba6|__AUTOMETRIC__
__AUTOMETRIC__|0.1.2|19428|crew_log_eafabb1e1a86cbb4|0|1786391011.730|101.292|3.165|490962944|523075584|gen_data_2eeeaa6bf15c9ba6|__AUTOMETRIC__
__AUTOMETRIC__|0.1.2|19428|crew_log_eafabb1e1a86cbb4|0|1786391012.732|99.747|3.117|490942464|523055104|gen_data_2eeeaa6bf15c9ba6|__AUTOMETRIC__
__AUTOMETRIC__|0.1.2|19428|crew_log_eafabb1e1a86cbb4|0|1786391013.746|100.206|3.131|491204608|523317248|gen_data_2eeeaa6bf15c9ba6|__AUTOMETRIC__
__AUTOMETRIC__|0.1.2|19428|crew_log_eafabb1e1a86cbb4|0|1786391014.760|98.635|3.082|490967040|523079680|gen_data_2eeeaa6bf15c9ba6|__AUTOMETRIC__
__AUTOMETRIC__|0.1.2|19428|crew_log_eafabb1e1a86cbb4|0|1786391015.774|97.093|3.034|491024384|523145216|gen_data_2eeeaa6bf15c9ba6|__AUTOMETRIC__
__AUTOMETRIC__|0.1.2|19428|crew_log_eafabb1e1a86cbb4|0|1786391016.786|100.341|3.136|490967040|523087872|gen_data_2eeeaa6bf15c9ba6|__AUTOMETRIC__
__AUTOMETRIC__|0.1.2|19428|crew_log_eafabb1e1a86cbb4|0|1786391017.788|96.664|3.021|490909696|523026432|gen_data_2eeeaa6bf15c9ba6|__AUTOMETRIC__
__AUTOMETRIC__|0.1.2|19428|crew_log_eafabb1e1a86cbb4|0|1786391018.790|101.326|3.166|490995712|523108352|gen_data_2eeeaa6bf15c9ba6|__AUTOMETRIC__
__AUTOMETRIC__|0.1.2|19428|crew_log_eafabb1e1a86cbb4|0|1786391019.792|99.805|3.119|491184128|523296768|gen_data_2eeeaa6bf15c9ba6|__AUTOMETRIC__
__AUTOMETRIC__|0.1.2|19428|crew_log_eafabb1e1a86cbb4|0|1786391020.793|99.970|3.124|491311104|523423744|gen_data_2eeeaa6bf15c9ba6|__AUTOMETRIC__
__AUTOMETRIC__|0.1.2|19428|crew_log_eafabb1e1a86cbb4|0|1786391021.805|97.236|3.039|490905600|523022336|gen_data_2eeeaa6bf15c9ba6|__AUTOMETRIC__
__AUTOMETRIC__|0.1.2|19428|crew_log_eafabb1e1a86cbb4|0|1786391022.811|100.932|3.154|491335680|523448320|gen_data_2eeeaa6bf15c9ba6|__AUTOMETRIC__
__AUTOMETRIC__|0.1.2|19428|crew_log_eafabb1e1a86cbb4|0|1786391023.827|99.991|3.125|491008000|523120640|gen_data_2eeeaa6bf15c9ba6|__AUTOMETRIC__
__AUTOMETRIC__|0.1.2|19428|crew_log_eafabb1e1a86cbb4|0|1786391024.843|98.460|3.077|490876928|523005952|gen_data_2eeeaa6bf15c9ba6|__AUTOMETRIC__
__AUTOMETRIC__|0.1.2|19428|crew_log_eafabb1e1a86cbb4|0|1786391025.858|100.049|3.127|491044864|523157504|gen_data_2eeeaa6bf15c9ba6|__AUTOMETRIC__
__AUTOMETRIC__|0.1.2|19428|crew_log_eafabb1e1a86cbb4|0|1786391026.861|99.637|3.114|491081728|523194368|gen_data_2eeeaa6bf15c9ba6|__AUTOMETRIC__
__AUTOMETRIC__|0.1.2|19428|crew_log_eafabb1e1a86cbb4|0|1786391027.865|99.677|3.115|491294720|523407360|gen_data_2eeeaa6bf15c9ba6|__AUTOMETRIC__
__AUTOMETRIC__|0.1.2|19428|crew_log_eafabb1e1a86cbb4|0|1786391028.872|100.836|3.151|491474944|523587584|gen_data_2eeeaa6bf15c9ba6|__AUTOMETRIC__
__AUTOMETRIC__|0.1.2|19428|crew_log_eafabb1e1a86cbb4|0|1786391029.888|99.977|3.124|491462656|523575296|gen_data_2eeeaa6bf15c9ba6|__AUTOMETRIC__
__AUTOMETRIC__|0.1.2|19428|crew_log_eafabb1e1a86cbb4|0|1786391030.893|96.335|3.010|491843584|523956224|gen_data_2eeeaa6bf15c9ba6|__AUTOMETRIC__
__AUTOMETRIC__|0.1.2|19428|crew_log_eafabb1e1a86cbb4|0|1786391031.902|100.699|3.147|491319296|523431936|gen_data_2eeeaa6bf15c9ba6|__AUTOMETRIC__
__AUTOMETRIC__|0.1.2|19428|crew_log_eafabb1e1a86cbb4|0|1786391032.904|98.205|3.069|491700224|523812864|gen_data_2eeeaa6bf15c9ba6|__AUTOMETRIC__
__AUTOMETRIC__|0.1.2|19428|crew_log_eafabb1e1a86cbb4|0|1786391033.913|99.112|3.097|491802624|523915264|gen_data_2eeeaa6bf15c9ba6|__AUTOMETRIC__
__AUTOMETRIC__|0.1.2|19428|crew_log_eafabb1e1a86cbb4|0|1786391034.915|95.104|2.972|491507712|523620352|gen_data_2eeeaa6bf15c9ba6|__AUTOMETRIC__
__AUTOMETRIC__|0.1.2|19428|crew_log_eafabb1e1a86cbb4|0|1786391035.923|100.774|3.149|491823104|523935744|gen_data_2eeeaa6bf15c9ba6|__AUTOMETRIC__
__AUTOMETRIC__|0.1.2|19428|crew_log_eafabb1e1a86cbb4|0|1786391036.938|100.033|3.126|491630592|523743232|gen_data_2eeeaa6bf15c9ba6|__AUTOMETRIC__
__AUTOMETRIC__|0.1.2|19428|crew_log_eafabb1e1a86cbb4|0|1786391037.946|96.141|3.004|491827200|523939840|gen_data_2eeeaa6bf15c9ba6|__AUTOMETRIC__
__AUTOMETRIC__|0.1.2|19428|crew_log_eafabb1e1a86cbb4|0|1786391038.953|102.444|3.201|491778048|523890688|gen_data_2eeeaa6bf15c9ba6|__AUTOMETRIC__
__AUTOMETRIC__|0.1.2|19428|crew_log_eafabb1e1a86cbb4|0|1786391039.965|100.308|3.135|491720704|523833344|gen_data_2eeeaa6bf15c9ba6|__AUTOMETRIC__
__AUTOMETRIC__|0.1.2|19428|crew_log_eafabb1e1a86cbb4|0|1786391040.972|99.373|3.105|491868160|523980800|gen_data_2eeeaa6bf15c9ba6|__AUTOMETRIC__
__AUTOMETRIC__|0.1.2|19428|crew_log_eafabb1e1a86cbb4|0|1786391041.986|98.588|3.081|491978752|524091392|gen_data_2eeeaa6bf15c9ba6|__AUTOMETRIC__
__AUTOMETRIC__|0.1.2|19428|crew_log_eafabb1e1a86cbb4|0|1786391042.990|99.550|3.111|491798528|523911168|gen_data_2eeeaa6bf15c9ba6|__AUTOMETRIC__
__AUTOMETRIC__|0.1.2|19428|crew_log_eafabb1e1a86cbb4|0|1786391044.004|100.153|3.130|491991040|524103680|gen_data_2eeeaa6bf15c9ba6|__AUTOMETRIC__
__AUTOMETRIC__|0.1.2|19428|crew_log_eafabb1e1a86cbb4|0|1786391045.008|99.610|3.113|491573248|523685888|gen_data_2eeeaa6bf15c9ba6|__AUTOMETRIC__
__AUTOMETRIC__|0.1.2|19428|crew_log_eafabb1e1a86cbb4|0|1786391046.015|97.778|3.056|491503616|523616256|gen_data_2eeeaa6bf15c9ba6|__AUTOMETRIC__
__AUTOMETRIC__|0.1.2|19428|crew_log_eafabb1e1a86cbb4|0|1786391047.029|100.216|3.132|491700224|523812864|gen_data_2eeeaa6bf15c9ba6|__AUTOMETRIC__
__AUTOMETRIC__|0.1.2|19428|crew_log_eafabb1e1a86cbb4|0|1786391048.040|98.846|3.089|491950080|524062720|gen_data_2eeeaa6bf15c9ba6|__AUTOMETRIC__
__AUTOMETRIC__|0.1.2|19428|crew_log_eafabb1e1a86cbb4|0|1786391049.057|104.525|3.266|491814912|523927552|gen_data_2eeeaa6bf15c9ba6|__AUTOMETRIC__
__AUTOMETRIC__|0.1.2|19428|crew_log_eafabb1e1a86cbb4|0|1786391050.065|97.616|3.051|491802624|523915264|gen_data_2eeeaa6bf15c9ba6|__AUTOMETRIC__
__AUTOMETRIC__|0.1.2|19428|crew_log_eafabb1e1a86cbb4|0|1786391051.080|100.082|3.128|491593728|523706368|gen_data_2eeeaa6bf15c9ba6|__AUTOMETRIC__
__AUTOMETRIC__|0.1.2|19428|crew_log_eafabb1e1a86cbb4|0|1786391052.085|99.465|3.108|491851776|523964416|gen_data_2eeeaa6bf15c9ba6|__AUTOMETRIC__
__AUTOMETRIC__|0.1.2|19428|crew_log_eafabb1e1a86cbb4|0|1786391053.089|99.654|3.114|491790336|523902976|gen_data_2eeeaa6bf15c9ba6|__AUTOMETRIC__
__AUTOMETRIC__|0.1.2|19428|crew_log_eafabb1e1a86cbb4|0|1786391054.089|99.944|3.123|491642880|523755520|gen_data_2eeeaa6bf15c9ba6|__AUTOMETRIC__
__AUTOMETRIC__|0.1.2|19428|crew_log_eafabb1e1a86cbb4|0|1786391055.095|99.422|3.107|491651072|523763712|gen_data_2eeeaa6bf15c9ba6|__AUTOMETRIC__
__AUTOMETRIC__|0.1.2|19428|crew_log_eafabb1e1a86cbb4|0|1786391056.099|99.637|3.114|491610112|523722752|gen_data_2eeeaa6bf15c9ba6|__AUTOMETRIC__
__AUTOMETRIC__|0.1.2|19428|crew_log_eafabb1e1a86cbb4|0|1786391057.111|100.321|3.135|491675648|523804672|gen_data_2eeeaa6bf15c9ba6|__AUTOMETRIC__
__AUTOMETRIC__|0.1.2|19428|crew_log_eafabb1e1a86cbb4|0|1786391058.127|99.979|3.124|491761664|523878400|gen_data_2eeeaa6bf15c9ba6|__AUTOMETRIC__
__AUTOMETRIC__|0.1.2|19428|crew_log_eafabb1e1a86cbb4|0|1786391059.142|96.947|3.030|491626496|523739136|gen_data_2eeeaa6bf15c9ba6|__AUTOMETRIC__
__AUTOMETRIC__|0.1.2|19428|crew_log_eafabb1e1a86cbb4|0|1786391060.158|99.995|3.125|491671552|523784192|gen_data_2eeeaa6bf15c9ba6|__AUTOMETRIC__
__AUTOMETRIC__|0.1.2|19428|crew_log_eafabb1e1a86cbb4|0|1786391061.166|99.260|3.102|491888640|524001280|gen_data_2eeeaa6bf15c9ba6|__AUTOMETRIC__
__AUTOMETRIC__|0.1.2|19428|crew_log_eafabb1e1a86cbb4|0|1786391062.167|99.885|3.121|491855872|523968512|gen_data_2eeeaa6bf15c9ba6|__AUTOMETRIC__
__AUTOMETRIC__|0.1.2|19428|crew_log_eafabb1e1a86cbb4|0|1786391063.180|98.657|3.083|491425792|523538432|gen_data_2eeeaa6bf15c9ba6|__AUTOMETRIC__
__AUTOMETRIC__|0.1.2|19428|crew_log_eafabb1e1a86cbb4|0|1786391064.194|101.750|3.180|491106304|523239424|gen_data_2eeeaa6bf15c9ba6|__AUTOMETRIC__
__AUTOMETRIC__|0.1.2|19428|crew_log_eafabb1e1a86cbb4|0|1786391065.207|100.265|3.133|491347968|523460608|gen_data_2eeeaa6bf15c9ba6|__AUTOMETRIC__
__AUTOMETRIC__|0.1.2|19428|crew_log_eafabb1e1a86cbb4|0|1786391066.213|100.968|3.155|491065344|523182080|gen_data_2eeeaa6bf15c9ba6|__AUTOMETRIC__
__AUTOMETRIC__|0.1.2|19428|crew_log_eafabb1e1a86cbb4|0|1786391067.226|98.703|3.084|491462656|523575296|gen_data_2eeeaa6bf15c9ba6|__AUTOMETRIC__
__AUTOMETRIC__|0.1.2|19428|crew_log_eafabb1e1a86cbb4|0|1786391068.241|100.044|3.126|491249664|523423744|gen_data_2eeeaa6bf15c9ba6|__AUTOMETRIC__
__AUTOMETRIC__|0.1.2|19428|crew_log_eafabb1e1a86cbb4|0|1786391069.243|99.795|3.119|491261952|523374592|gen_data_2eeeaa6bf15c9ba6|__AUTOMETRIC__
__AUTOMETRIC__|0.1.2|19428|crew_log_eafabb1e1a86cbb4|0|1786391070.259|95.348|2.980|491352064|523464704|gen_data_2eeeaa6bf15c9ba6|__AUTOMETRIC__
__AUTOMETRIC__|0.1.2|19428|crew_log_eafabb1e1a86cbb4|0|1786391071.269|102.092|3.190|491540480|523653120|gen_data_2eeeaa6bf15c9ba6|__AUTOMETRIC__
__AUTOMETRIC__|0.1.2|19428|crew_log_eafabb1e1a86cbb4|0|1786391072.280|100.516|3.141|491098112|523210752|gen_data_2eeeaa6bf15c9ba6|__AUTOMETRIC__
__AUTOMETRIC__|0.1.2|19428|crew_log_eafabb1e1a86cbb4|0|1786391073.289|97.549|3.048|491143168|523255808|gen_data_2eeeaa6bf15c9ba6|__AUTOMETRIC__
__AUTOMETRIC__|0.1.2|19428|crew_log_eafabb1e1a86cbb4|0|1786391074.302|97.113|3.035|491044864|523165696|gen_data_2eeeaa6bf15c9ba6|__AUTOMETRIC__
__AUTOMETRIC__|0.1.2|19428|crew_log_eafabb1e1a86cbb4|0|1786391075.309|99.352|3.105|491151360|523268096|gen_data_2eeeaa6bf15c9ba6|__AUTOMETRIC__
__AUTOMETRIC__|0.1.2|19428|crew_log_eafabb1e1a86cbb4|0|1786391076.317|99.207|3.100|491106304|523223040|gen_data_2eeeaa6bf15c9ba6|__AUTOMETRIC__
__AUTOMETRIC__|0.1.2|19428|crew_log_eafabb1e1a86cbb4|0|1786391077.322|101.051|3.158|491360256|523472896|gen_data_2eeeaa6bf15c9ba6|__AUTOMETRIC__
__AUTOMETRIC__|0.1.2|19428|crew_log_eafabb1e1a86cbb4|0|1786391078.331|99.091|3.097|491606016|523718656|gen_data_2eeeaa6bf15c9ba6|__AUTOMETRIC__
__AUTOMETRIC__|0.1.2|19428|crew_log_eafabb1e1a86cbb4|0|1786391079.345|100.132|3.129|491200512|523362304|gen_data_2eeeaa6bf15c9ba6|__AUTOMETRIC__
__AUTOMETRIC__|0.1.2|19428|crew_log_eafabb1e1a86cbb4|0|1786391080.360|100.050|3.127|491520000|523661312|gen_data_2eeeaa6bf15c9ba6|__AUTOMETRIC__
__AUTOMETRIC__|0.1.2|19428|crew_log_eafabb1e1a86cbb4|0|1786391081.363|98.161|3.068|491323392|523460608|gen_data_2eeeaa6bf15c9ba6|__AUTOMETRIC__
__AUTOMETRIC__|0.1.2|19428|crew_log_eafabb1e1a86cbb4|0|1786391082.365|98.229|3.070|491245568|523366400|gen_data_2eeeaa6bf15c9ba6|__AUTOMETRIC__
__AUTOMETRIC__|0.1.2|19428|crew_log_eafabb1e1a86cbb4|0|1786391083.381|98.445|3.076|491352064|523472896|gen_data_2eeeaa6bf15c9ba6|__AUTOMETRIC__
__AUTOMETRIC__|0.1.2|19428|crew_log_eafabb1e1a86cbb4|0|1786391084.396|100.045|3.126|491413504|523534336|gen_data_2eeeaa6bf15c9ba6|__AUTOMETRIC__
__AUTOMETRIC__|0.1.2|19428|crew_log_eafabb1e1a86cbb4|0|1786391085.406|100.598|3.144|491397120|523509760|gen_data_2eeeaa6bf15c9ba6|__AUTOMETRIC__
__AUTOMETRIC__|0.1.2|19428|crew_log_eafabb1e1a86cbb4|0|1786391086.407|99.851|3.120|491515904|523628544|gen_data_2eeeaa6bf15c9ba6|__AUTOMETRIC__
__AUTOMETRIC__|0.1.2|19428|crew_log_eafabb1e1a86cbb4|0|1786391087.416|99.141|3.098|491737088|523849728|gen_data_2eeeaa6bf15c9ba6|__AUTOMETRIC__
__AUTOMETRIC__|0.1.2|19428|crew_log_eafabb1e1a86cbb4|0|1786391088.427|97.378|3.043|491601920|523718656|gen_data_2eeeaa6bf15c9ba6|__AUTOMETRIC__
__AUTOMETRIC__|0.1.2|19428|crew_log_eafabb1e1a86cbb4|0|1786391089.442|100.106|3.128|491622400|523743232|gen_data_2eeeaa6bf15c9ba6|__AUTOMETRIC__
__AUTOMETRIC__|0.1.2|19428|crew_log_eafabb1e1a86cbb4|0|1786391090.444|99.771|3.118|491479040|523591680|gen_data_2eeeaa6bf15c9ba6|__AUTOMETRIC__
__AUTOMETRIC__|0.1.2|19428|crew_log_eafabb1e1a86cbb4|0|1786391091.448|101.135|3.160|491331584|523452416|gen_data_2eeeaa6bf15c9ba6|__AUTOMETRIC__
__AUTOMETRIC__|0.1.2|19428|crew_log_eafabb1e1a86cbb4|0|1786391092.455|99.311|3.103|491339776|523460608|gen_data_2eeeaa6bf15c9ba6|__AUTOMETRIC__
__AUTOMETRIC__|0.1.2|19428|crew_log_eafabb1e1a86cbb4|0|1786391093.469|98.594|3.081|491470848|523583488|gen_data_2eeeaa6bf15c9ba6|__AUTOMETRIC__
__AUTOMETRIC__|0.1.2|19428|crew_log_eafabb1e1a86cbb4|0|1786391094.476|96.240|3.007|491454464|523567104|gen_data_2eeeaa6bf15c9ba6|__AUTOMETRIC__
__AUTOMETRIC__|0.1.2|19428|crew_log_eafabb1e1a86cbb4|0|1786391095.491|98.501|3.078|491474944|523587584|gen_data_2eeeaa6bf15c9ba6|__AUTOMETRIC__
__AUTOMETRIC__|0.1.2|19428|crew_log_eafabb1e1a86cbb4|0|1786391096.500|99.159|3.099|491741184|523853824|gen_data_2eeeaa6bf15c9ba6|__AUTOMETRIC__
__AUTOMETRIC__|0.1.2|19428|crew_log_eafabb1e1a86cbb4|0|1786391097.500|98.402|3.075|491646976|523767808|gen_data_2eeeaa6bf15c9ba6|__AUTOMETRIC__
__AUTOMETRIC__|0.1.2|19428|crew_log_eafabb1e1a86cbb4|0|1786391098.502|99.842|3.120|491593728|523706368|gen_data_2eeeaa6bf15c9ba6|__AUTOMETRIC__
__AUTOMETRIC__|0.1.2|19428|crew_log_eafabb1e1a86cbb4|0|1786391099.510|97.604|3.050|491671552|523784192|gen_data_2eeeaa6bf15c9ba6|__AUTOMETRIC__
__AUTOMETRIC__|0.1.2|19428|crew_log_eafabb1e1a86cbb4|0|1786391100.520|99.027|3.095|491778048|523890688|gen_data_2eeeaa6bf15c9ba6|__AUTOMETRIC__
__AUTOMETRIC__|0.1.2|19428|crew_log_eafabb1e1a86cbb4|0|1786391101.522|99.761|3.118|491827200|523939840|gen_data_2eeeaa6bf15c9ba6|__AUTOMETRIC__
__AUTOMETRIC__|0.1.2|19428|crew_log_eafabb1e1a86cbb4|0|1786391102.530|99.214|3.100|491491328|523603968|gen_data_2eeeaa6bf15c9ba6|__AUTOMETRIC__
__AUTOMETRIC__|0.1.2|19428|crew_log_eafabb1e1a86cbb4|0|1786391103.535|97.923|3.060|491606016|523718656|gen_data_2eeeaa6bf15c9ba6|__AUTOMETRIC__
__AUTOMETRIC__|0.1.2|19428|crew_log_eafabb1e1a86cbb4|0|1786391104.548|98.786|3.087|491909120|524021760|gen_data_2eeeaa6bf15c9ba6|__AUTOMETRIC__
__AUTOMETRIC__|0.1.2|19428|crew_log_eafabb1e1a86cbb4|0|1786391105.559|100.392|3.137|491917312|524029952|gen_data_2eeeaa6bf15c9ba6|__AUTOMETRIC__
__AUTOMETRIC__|0.1.2|19428|crew_log_eafabb1e1a86cbb4|0|1786391106.571|98.898|3.091|491888640|524005376|gen_data_2eeeaa6bf15c9ba6|__AUTOMETRIC__
__AUTOMETRIC__|0.1.2|19428|crew_log_eafabb1e1a86cbb4|0|1786391107.577|102.414|3.200|491741184|523857920|gen_data_2eeeaa6bf15c9ba6|__AUTOMETRIC__
__AUTOMETRIC__|0.1.2|19428|crew_log_eafabb1e1a86cbb4|0|1786391108.591|97.155|3.036|491888640|524005376|gen_data_2eeeaa6bf15c9ba6|__AUTOMETRIC__
__AUTOMETRIC__|0.1.2|19428|crew_log_eafabb1e1a86cbb4|0|1786391109.603|98.824|3.088|492064768|524181504|gen_data_2eeeaa6bf15c9ba6|__AUTOMETRIC__
__AUTOMETRIC__|0.1.2|19428|crew_log_eafabb1e1a86cbb4|0|1786391110.616|100.179|3.131|491909120|524025856|gen_data_2eeeaa6bf15c9ba6|__AUTOMETRIC__
__AUTOMETRIC__|0.1.2|19428|crew_log_eafabb1e1a86cbb4|0|1786391111.629|100.323|3.135|491855872|523972608|gen_data_2eeeaa6bf15c9ba6|__AUTOMETRIC__
__AUTOMETRIC__|0.1.2|19428|crew_log_eafabb1e1a86cbb4|0|1786391112.637|99.156|3.099|491532288|523649024|gen_data_2eeeaa6bf15c9ba6|__AUTOMETRIC__
__AUTOMETRIC__|0.1.2|19428|crew_log_eafabb1e1a86cbb4|0|1786391113.652|98.542|3.079|491995136|524111872|gen_data_2eeeaa6bf15c9ba6|__AUTOMETRIC__
__AUTOMETRIC__|0.1.2|19428|crew_log_eafabb1e1a86cbb4|0|1786391114.655|99.739|3.117|492122112|524238848|gen_data_2eeeaa6bf15c9ba6|__AUTOMETRIC__
__AUTOMETRIC__|0.1.2|19428|crew_log_eafabb1e1a86cbb4|0|1786391115.657|98.174|3.068|492167168|524292096|gen_data_2eeeaa6bf15c9ba6|__AUTOMETRIC__
__AUTOMETRIC__|0.1.2|19428|crew_log_eafabb1e1a86cbb4|0|1786391116.670|98.712|3.085|491556864|523681792|gen_data_2eeeaa6bf15c9ba6|__AUTOMETRIC__
__AUTOMETRIC__|0.1.2|19428|crew_log_eafabb1e1a86cbb4|0|1786391117.683|100.297|3.134|491569152|523689984|gen_data_2eeeaa6bf15c9ba6|__AUTOMETRIC__
__AUTOMETRIC__|0.1.2|19428|crew_log_eafabb1e1a86cbb4|0|1786391118.691|99.159|3.099|492068864|524189696|gen_data_2eeeaa6bf15c9ba6|__AUTOMETRIC__
__AUTOMETRIC__|0.1.2|19428|crew_log_eafabb1e1a86cbb4|0|1786391119.706|98.534|3.079|492310528|524443648|gen_data_2eeeaa6bf15c9ba6|__AUTOMETRIC__
__AUTOMETRIC__|0.1.2|19428|crew_log_eafabb1e1a86cbb4|0|1786391120.712|99.436|3.107|491683840|523816960|gen_data_2eeeaa6bf15c9ba6|__AUTOMETRIC__
__AUTOMETRIC__|0.1.2|19428|crew_log_eafabb1e1a86cbb4|0|1786391121.728|101.482|3.171|491851776|523980800|gen_data_2eeeaa6bf15c9ba6|__AUTOMETRIC__
__AUTOMETRIC__|0.1.2|19428|crew_log_eafabb1e1a86cbb4|0|1786391122.742|98.631|3.082|492122112|524242944|gen_data_2eeeaa6bf15c9ba6|__AUTOMETRIC__
__AUTOMETRIC__|0.1.2|19428|crew_log_eafabb1e1a86cbb4|0|1786391123.755|100.305|3.135|491950080|524083200|gen_data_2eeeaa6bf15c9ba6|__AUTOMETRIC__
__AUTOMETRIC__|0.1.2|19428|crew_log_eafabb1e1a86cbb4|0|1786391124.770|98.474|3.077|491716608|523833344|gen_data_2eeeaa6bf15c9ba6|__AUTOMETRIC__
__AUTOMETRIC__|0.1.2|19428|crew_log_eafabb1e1a86cbb4|0|1786391125.774|99.581|3.112|492023808|524140544|gen_data_2eeeaa6bf15c9ba6|__AUTOMETRIC__
__AUTOMETRIC__|0.1.2|19428|crew_log_eafabb1e1a86cbb4|0|1786391126.787|100.307|3.135|491970560|524087296|gen_data_2eeeaa6bf15c9ba6|__AUTOMETRIC__
__AUTOMETRIC__|0.1.2|19428|crew_log_eafabb1e1a86cbb4|0|1786391127.791|101.094|3.159|492109824|524226560|gen_data_2eeeaa6bf15c9ba6|__AUTOMETRIC__
__AUTOMETRIC__|0.1.2|19428|crew_log_eafabb1e1a86cbb4|0|1786391128.806|98.596|3.081|492097536|524214272|gen_data_2eeeaa6bf15c9ba6|__AUTOMETRIC__
__AUTOMETRIC__|0.1.2|19428|crew_log_eafabb1e1a86cbb4|0|1786391129.806|98.380|3.074|491905024|524021760|gen_data_2eeeaa6bf15c9ba6|__AUTOMETRIC__
__AUTOMETRIC__|0.1.2|19428|crew_log_eafabb1e1a86cbb4|0|1786391130.815|99.131|3.098|492138496|524292096|gen_data_2eeeaa6bf15c9ba6|__AUTOMETRIC__
__AUTOMETRIC__|0.1.2|19428|crew_log_eafabb1e1a86cbb4|0|1786391131.818|98.147|3.067|491896832|524013568|gen_data_2eeeaa6bf15c9ba6|__AUTOMETRIC__
__AUTOMETRIC__|0.1.2|19428|crew_log_eafabb1e1a86cbb4|0|1786391132.821|98.125|3.066|491806720|523931648|gen_data_2eeeaa6bf15c9ba6|__AUTOMETRIC__
__AUTOMETRIC__|0.1.2|19428|crew_log_eafabb1e1a86cbb4|0|1786391133.823|101.368|3.168|491712512|523837440|gen_data_2eeeaa6bf15c9ba6|__AUTOMETRIC__
__AUTOMETRIC__|0.1.2|19428|crew_log_eafabb1e1a86cbb4|0|1786391134.826|99.726|3.116|492011520|524128256|gen_data_2eeeaa6bf15c9ba6|__AUTOMETRIC__
__AUTOMETRIC__|0.1.2|19428|crew_log_eafabb1e1a86cbb4|0|1786391135.833|99.323|3.104|491913216|524038144|gen_data_2eeeaa6bf15c9ba6|__AUTOMETRIC__
__AUTOMETRIC__|0.1.2|19428|crew_log_eafabb1e1a86cbb4|0|1786391136.836|99.661|3.114|492003328|524156928|gen_data_2eeeaa6bf15c9ba6|__AUTOMETRIC__
__AUTOMETRIC__|0.1.2|19428|crew_log_eafabb1e1a86cbb4|0|1786391137.852|101.488|3.172|492212224|524337152|gen_data_2eeeaa6bf15c9ba6|__AUTOMETRIC__
__AUTOMETRIC__|0.1.2|19428|crew_log_eafabb1e1a86cbb4|0|1786391138.854|102.934|3.217|492244992|524369920|gen_data_2eeeaa6bf15c9ba6|__AUTOMETRIC__
__AUTOMETRIC__|0.1.2|19428|crew_log_eafabb1e1a86cbb4|0|1786391139.865|100.495|3.140|491651072|523776000|gen_data_2eeeaa6bf15c9ba6|__AUTOMETRIC__
__AUTOMETRIC__|0.1.2|19428|crew_log_eafabb1e1a86cbb4|0|1786391140.881|99.900|3.122|492089344|524210176|gen_data_2eeeaa6bf15c9ba6|__AUTOMETRIC__
__AUTOMETRIC__|0.1.2|19428|crew_log_eafabb1e1a86cbb4|0|1786391141.882|99.915|3.122|491810816|523935744|gen_data_2eeeaa6bf15c9ba6|__AUTOMETRIC__
__AUTOMETRIC__|0.1.2|19428|crew_log_eafabb1e1a86cbb4|0|1786391142.891|102.241|3.195|491864064|523988992|gen_data_2eeeaa6bf15c9ba6|__AUTOMETRIC__
__AUTOMETRIC__|0.1.2|19428|crew_log_eafabb1e1a86cbb4|0|1786391143.902|100.481|3.140|491646976|523771904|gen_data_2eeeaa6bf15c9ba6|__AUTOMETRIC__
__AUTOMETRIC__|0.1.2|19428|crew_log_eafabb1e1a86cbb4|0|1786391144.906|99.610|3.113|491565056|523689984|gen_data_2eeeaa6bf15c9ba6|__AUTOMETRIC__
__AUTOMETRIC__|0.1.2|19428|crew_log_eafabb1e1a86cbb4|0|1786391145.919|100.253|3.133|491606016|523730944|gen_data_2eeeaa6bf15c9ba6|__AUTOMETRIC__
__AUTOMETRIC__|0.1.2|19428|crew_log_eafabb1e1a86cbb4|0|1786391146.935|99.970|3.124|491466752|523612160|gen_data_2eeeaa6bf15c9ba6|__AUTOMETRIC__
__AUTOMETRIC__|0.1.2|19428|crew_log_eafabb1e1a86cbb4|0|1786391147.940|97.858|3.058|491638784|523763712|gen_data_2eeeaa6bf15c9ba6|__AUTOMETRIC__
__AUTOMETRIC__|0.1.2|19428|crew_log_eafabb1e1a86cbb4|0|1786391148.944|99.683|3.115|491892736|524038144|gen_data_2eeeaa6bf15c9ba6|__AUTOMETRIC__
__AUTOMETRIC__|0.1.2|19428|crew_log_eafabb1e1a86cbb4|0|1786391149.950|100.881|3.153|492064768|524226560|gen_data_2eeeaa6bf15c9ba6|__AUTOMETRIC__
__AUTOMETRIC__|0.1.2|19428|crew_log_eafabb1e1a86cbb4|0|1786391150.954|99.650|3.114|492154880|524279808|gen_data_2eeeaa6bf15c9ba6|__AUTOMETRIC__
__AUTOMETRIC__|0.1.2|19428|crew_log_eafabb1e1a86cbb4|0|1786391151.967|98.739|3.086|492158976|524275712|gen_data_2eeeaa6bf15c9ba6|__AUTOMETRIC__
__AUTOMETRIC__|0.1.2|19428|crew_log_eafabb1e1a86cbb4|0|1786391152.973|99.392|3.106|491999232|524115968|gen_data_2eeeaa6bf15c9ba6|__AUTOMETRIC__
__AUTOMETRIC__|0.1.2|19428|crew_log_eafabb1e1a86cbb4|0|1786391153.973|99.981|3.124|491929600|524103680|gen_data_2eeeaa6bf15c9ba6|__AUTOMETRIC__
__AUTOMETRIC__|0.1.2|19428|crew_log_eafabb1e1a86cbb4|0|1786391154.976|96.602|3.019|492019712|524144640|gen_data_2eeeaa6bf15c9ba6|__AUTOMETRIC__
__AUTOMETRIC__|0.1.2|19428|crew_log_eafabb1e1a86cbb4|0|1786391155.987|98.934|3.092|491614208|523739136|gen_data_2eeeaa6bf15c9ba6|__AUTOMETRIC__
__AUTOMETRIC__|0.1.2|19428|crew_log_eafabb1e1a86cbb4|0|1786391157.000|97.132|3.035|491454464|523599872|gen_data_2eeeaa6bf15c9ba6|__AUTOMETRIC__
__AUTOMETRIC__|0.1.2|19428|crew_log_eafabb1e1a86cbb4|0|1786391158.013|100.217|3.132|491462656|523587584|gen_data_2eeeaa6bf15c9ba6|__AUTOMETRIC__
__AUTOMETRIC__|0.1.2|19428|crew_log_eafabb1e1a86cbb4|0|1786391159.025|101.944|3.186|491569152|523685888|gen_data_2eeeaa6bf15c9ba6|__AUTOMETRIC__
__AUTOMETRIC__|0.1.2|19428|crew_log_eafabb1e1a86cbb4|0|1786391160.035|98.974|3.093|491831296|523948032|gen_data_2eeeaa6bf15c9ba6|__AUTOMETRIC__
__AUTOMETRIC__|0.1.2|19428|crew_log_eafabb1e1a86cbb4|0|1786391161.041|99.444|3.108|491782144|523902976|gen_data_2eeeaa6bf15c9ba6|__AUTOMETRIC__
__AUTOMETRIC__|0.1.2|19428|crew_log_eafabb1e1a86cbb4|0|1786391162.054|98.725|3.085|491925504|524042240|gen_data_2eeeaa6bf15c9ba6|__AUTOMETRIC__
__AUTOMETRIC__|0.1.2|19428|crew_log_eafabb1e1a86cbb4|0|1786391163.055|99.927|3.123|492146688|524263424|gen_data_2eeeaa6bf15c9ba6|__AUTOMETRIC__
__AUTOMETRIC__|0.1.2|19428|crew_log_eafabb1e1a86cbb4|0|1786391164.056|101.431|3.170|491999232|524115968|gen_data_2eeeaa6bf15c9ba6|__AUTOMETRIC__
__AUTOMETRIC__|0.1.2|19428|crew_log_eafabb1e1a86cbb4|0|1786391165.064|100.772|3.149|491954176|524070912|gen_data_2eeeaa6bf15c9ba6|__AUTOMETRIC__
__AUTOMETRIC__|0.1.2|19428|crew_log_eafabb1e1a86cbb4|0|1786391166.078|98.580|3.081|491986944|524103680|gen_data_2eeeaa6bf15c9ba6|__AUTOMETRIC__
__AUTOMETRIC__|0.1.2|19428|crew_log_eafabb1e1a86cbb4|0|1786391167.090|100.393|3.137|492126208|524242944|gen_data_2eeeaa6bf15c9ba6|__AUTOMETRIC__
__AUTOMETRIC__|0.1.2|19428|crew_log_eafabb1e1a86cbb4|0|1786391168.105|98.457|3.077|492138496|524255232|gen_data_2eeeaa6bf15c9ba6|__AUTOMETRIC__
__AUTOMETRIC__|0.1.2|19428|crew_log_eafabb1e1a86cbb4|0|1786391169.121|100.028|3.126|492244992|524361728|gen_data_2eeeaa6bf15c9ba6|__AUTOMETRIC__
__AUTOMETRIC__|0.1.2|19428|crew_log_eafabb1e1a86cbb4|0|1786391170.129|99.144|3.098|492285952|524402688|gen_data_2eeeaa6bf15c9ba6|__AUTOMETRIC__
__AUTOMETRIC__|0.1.2|19428|crew_log_eafabb1e1a86cbb4|0|1786391171.134|101.096|3.159|491470848|523587584|gen_data_2eeeaa6bf15c9ba6|__AUTOMETRIC__
__AUTOMETRIC__|0.1.2|19428|crew_log_eafabb1e1a86cbb4|0|1786391172.139|99.496|3.109|492298240|524414976|gen_data_2eeeaa6bf15c9ba6|__AUTOMETRIC__
__AUTOMETRIC__|0.1.2|19428|crew_log_eafabb1e1a86cbb4|0|1786391173.149|97.477|3.046|492101632|524218368|gen_data_2eeeaa6bf15c9ba6|__AUTOMETRIC__
__AUTOMETRIC__|0.1.2|19428|crew_log_eafabb1e1a86cbb4|0|1786391174.163|98.667|3.083|491466752|523583488|gen_data_2eeeaa6bf15c9ba6|__AUTOMETRIC__
__AUTOMETRIC__|0.1.2|19428|crew_log_eafabb1e1a86cbb4|0|1786391175.174|97.290|3.040|491474944|523599872|gen_data_2eeeaa6bf15c9ba6|__AUTOMETRIC__
__AUTOMETRIC__|0.1.2|19428|crew_log_eafabb1e1a86cbb4|0|1786391176.176|99.783|3.118|491393024|523563008|gen_data_2eeeaa6bf15c9ba6|__AUTOMETRIC__
__AUTOMETRIC__|0.1.2|19428|crew_log_eafabb1e1a86cbb4|0|1786391177.178|99.799|3.119|492199936|524369920|gen_data_2eeeaa6bf15c9ba6|__AUTOMETRIC__
__AUTOMETRIC__|0.1.2|19428|crew_log_eafabb1e1a86cbb4|0|1786391178.187|99.201|3.100|491835392|524001280|gen_data_2eeeaa6bf15c9ba6|__AUTOMETRIC__
__AUTOMETRIC__|0.1.2|19428|crew_log_eafabb1e1a86cbb4|0|1786391179.193|99.371|3.105|491925504|524079104|gen_data_2eeeaa6bf15c9ba6|__AUTOMETRIC__
__AUTOMETRIC__|0.1.2|19428|crew_log_eafabb1e1a86cbb4|0|1786391180.207|97.054|3.033|492232704|524365824|gen_data_2eeeaa6bf15c9ba6|__AUTOMETRIC__
__AUTOMETRIC__|0.1.2|19428|crew_log_eafabb1e1a86cbb4|0|1786391181.217|100.560|3.142|491802624|523968512|gen_data_2eeeaa6bf15c9ba6|__AUTOMETRIC__
__AUTOMETRIC__|0.1.2|19428|crew_log_eafabb1e1a86cbb4|0|1786391182.230|98.699|3.084|492122112|524238848|gen_data_2eeeaa6bf15c9ba6|__AUTOMETRIC__
__AUTOMETRIC__|0.1.2|19428|crew_log_eafabb1e1a86cbb4|0|1786391183.242|95.774|2.993|491569152|523685888|gen_data_2eeeaa6bf15c9ba6|__AUTOMETRIC__
__AUTOMETRIC__|0.1.2|19428|crew_log_eafabb1e1a86cbb4|0|1786391184.253|101.956|3.186|492208128|524324864|gen_data_2eeeaa6bf15c9ba6|__AUTOMETRIC__
__AUTOMETRIC__|0.1.2|19428|crew_log_eafabb1e1a86cbb4|0|1786391185.267|98.634|3.082|492642304|524759040|gen_data_2eeeaa6bf15c9ba6|__AUTOMETRIC__
__AUTOMETRIC__|0.1.2|19428|crew_log_eafabb1e1a86cbb4|0|1786391186.283|99.977|3.124|492048384|524165120|gen_data_2eeeaa6bf15c9ba6|__AUTOMETRIC__
__AUTOMETRIC__|0.1.2|19428|crew_log_eafabb1e1a86cbb4|0|1786391187.298|98.536|3.079|492007424|524148736|gen_data_2eeeaa6bf15c9ba6|__AUTOMETRIC__
__AUTOMETRIC__|0.1.2|19428|crew_log_eafabb1e1a86cbb4|0|1786391188.302|21.792|0.681|492085248|524046336|__DEFAULT__|__AUTOMETRIC__
__AUTOMETRIC__|0.1.2|19428|crew_log_eafabb1e1a86cbb4|0|1786391189.318|0.000|0.000|491970560|523931648|__DEFAULT__|__AUTOMETRIC__
__AUTOMETRIC__|0.1.2|19428|crew_log_eafabb1e1a86cbb4|0|1786391190.319|0.000|0.000|491978752|523939840|__DEFAULT__|__AUTOMETRIC__
__AUTOMETRIC__|0.1.2|19428|crew_log_eafabb1e1a86cbb4|0|1786391191.323|0.000|0.000|491978752|523939840|__DEFAULT__|__AUTOMETRIC__
__AUTOMETRIC__|0.1.2|19428|crew_log_eafabb1e1a86cbb4|0|1786391192.338|0.000|0.000|491978752|523939840|__DEFAULT__|__AUTOMETRIC__
__AUTOMETRIC__|0.1.2|19428|crew_log_eafabb1e1a86cbb4|0|1786391193.340|0.000|0.000|491986944|523948032|__DEFAULT__|__AUTOMETRIC__
__AUTOMETRIC__|0.1.2|19428|crew_log_eafabb1e1a86cbb4|0|1786391194.353|0.000|0.000|491995136|523956224|__DEFAULT__|__AUTOMETRIC__
__AUTOMETRIC__|0.1.2|19428|crew_log_eafabb1e1a86cbb4|0|1786391195.356|0.000|0.000|492003328|523964416|__DEFAULT__|__AUTOMETRIC__
__AUTOMETRIC__|0.1.2|19428|crew_log_eafabb1e1a86cbb4|0|1786391196.371|0.000|0.000|492003328|523964416|__DEFAULT__|__AUTOMETRIC__
__AUTOMETRIC__|0.1.2|19428|crew_log_eafabb1e1a86cbb4|0|1786391197.377|0.000|0.000|492003328|523964416|__DEFAULT__|__AUTOMETRIC__
__AUTOMETRIC__|0.1.2|19428|crew_log_eafabb1e1a86cbb4|0|1786391198.387|0.000|0.000|492003328|523964416|__DEFAULT__|__AUTOMETRIC__
__AUTOMETRIC__|0.1.2|19428|crew_log_eafabb1e1a86cbb4|0|1786391199.392|0.000|0.000|492003328|523964416|__DEFAULT__|__AUTOMETRIC__
__AUTOMETRIC__|0.1.2|19428|crew_log_eafabb1e1a86cbb4|0|1786391200.396|77.755|2.430|611766272|644067328|compiled_brms_models_199b3f880a756d5a|__AUTOMETRIC__
__AUTOMETRIC__|0.1.2|19428|crew_log_eafabb1e1a86cbb4|0|1786391201.402|100.996|3.156|681332736|713818112|compiled_brms_models_199b3f880a756d5a|__AUTOMETRIC__
__AUTOMETRIC__|0.1.2|19428|crew_log_eafabb1e1a86cbb4|0|1786391202.413|98.898|3.091|677638144|710123520|compiled_brms_models_199b3f880a756d5a|__AUTOMETRIC__
__AUTOMETRIC__|0.1.2|19428|crew_log_eafabb1e1a86cbb4|0|1786391203.417|101.130|3.160|797487104|830275584|compiled_brms_models_199b3f880a756d5a|__AUTOMETRIC__
__AUTOMETRIC__|0.1.2|19428|crew_log_eafabb1e1a86cbb4|0|1786391204.422|99.541|3.111|819015680|851857408|compiled_brms_models_199b3f880a756d5a|__AUTOMETRIC__
__AUTOMETRIC__|0.1.2|19428|crew_log_eafabb1e1a86cbb4|0|1786391205.432|100.562|3.143|949702656|982888448|compiled_brms_models_199b3f880a756d5a|__AUTOMETRIC__
__AUTOMETRIC__|0.1.2|19428|crew_log_eafabb1e1a86cbb4|0|1786391206.441|99.072|3.096|1002246144|1035763712|compiled_brms_models_199b3f880a756d5a|__AUTOMETRIC__
__AUTOMETRIC__|0.1.2|19428|crew_log_eafabb1e1a86cbb4|0|1786391207.451|100.535|3.142|1249472512|1283420160|compiled_brms_models_199b3f880a756d5a|__AUTOMETRIC__
__AUTOMETRIC__|0.1.2|19428|crew_log_eafabb1e1a86cbb4|0|1786391208.456|99.539|3.111|1270161408|1304092672|compiled_brms_models_199b3f880a756d5a|__AUTOMETRIC__
__AUTOMETRIC__|0.1.2|19428|crew_log_eafabb1e1a86cbb4|0|1786391209.470|98.623|3.082|1268477952|1302282240|compiled_brms_models_199b3f880a756d5a|__AUTOMETRIC__
__AUTOMETRIC__|0.1.2|19428|crew_log_eafabb1e1a86cbb4|0|1786391210.480|112.985|3.531|1350225920|1372987392|compiled_brms_models_199b3f880a756d5a|__AUTOMETRIC__
__AUTOMETRIC__|0.1.2|19428|crew_log_eafabb1e1a86cbb4|0|1786391211.487|124.035|3.876|1516224512|1538105344|compiled_brms_models_199b3f880a756d5a|__AUTOMETRIC__
__AUTOMETRIC__|0.1.2|19428|crew_log_eafabb1e1a86cbb4|0|1786391212.501|98.623|3.082|1497501696|1519325184|compiled_brms_models_199b3f880a756d5a|__AUTOMETRIC__
