__AUTOMETRIC__|0.1.2|25136|crew_log_87bda4569dde3e61|0|1786390299.151|96.929|3.029|228753408|253906944|gen_data_cd56b70634e9251c|__AUTOMETRIC__
__AUTOMETRIC__|0.1.2|25136|crew_log_87bda4569dde3e61|0|1786390300.151|89.039|2.782|256921600|282058752|gen_data_cd56b70634e9251c|__AUTOMETRIC__
__AUTOMETRIC__|0.1.2|25136|crew_log_87bda4569dde3e61|0|1786390301.152|96.756|3.024|413372416|445632512|gen_data_cd56b70634e9251c|__AUTOMETRIC__
__AUTOMETRIC__|0.1.2|25136|crew_log_87bda4569dde3e61|0|1786390302.168|100.002|3.125|404725760|436850688|gen_data_cd56b70634e9251c|__AUTOMETRIC__
__AUTOMETRIC__|0.1.2|25136|crew_log_87bda4569dde3e61|0|1786390303.180|100.360|3.136|404742144|436858880|gen_data_cd56b70634e9251c|__AUTOMETRIC__
__AUTOMETRIC__|0.1.2|25136|crew_log_87bda4569dde3e61|0|1786390304.182|99.776|3.118|404377600|436494336|gen_data_cd56b70634e9251c|__AUTOMETRIC__
__AUTOMETRIC__|0.1.2|25136|crew_log_87bda4569dde3e61|0|1786390305.185|98.150|3.067|404074496|436211712|gen_data_cd56b70634e9251c|__AUTOMETRIC__
__AUTOMETRIC__|0.1.2|25136|crew_log_87bda4569dde3e61|0|1786390306.199|100.170|3.130|404041728|436178944|gen_data_cd56b70634e9251c|__AUTOMETRIC__
__AUTOMETRIC__|0.1.2|25136|crew_log_87bda4569dde3e61|0|1786390307.214|100.001|3.125|404189184|436355072|gen_data_cd56b70634e9251c|__AUTOMETRIC__
__AUTOMETRIC__|0.1.2|25136|crew_log_87bda4569dde3e61|0|1786390308.225|100.481|3.140|404103168|436269056|gen_data_cd56b70634e9251c|__AUTOMETRIC__
__AUTOMETRIC__|0.1.2|25136|crew_log_87bda4569dde3e61|0|1786390309.239|100.129|3.129|404115456|436260864|gen_data_cd56b70634e9251c|__AUTOMETRIC__
__AUTOMETRIC__|0.1.2|25136|crew_log_87bda4569dde3e61|0|1786390310.240|96.776|3.024|404127744|436273152|gen_data_cd56b70634e9251c|__AUTOMETRIC__
__AUTOMETRIC__|0.1.2|25136|crew_log_87bda4569dde3e61|0|1786390311.252|100.418|3.138|404197376|436342784|gen_data_cd56b70634e9251c|__AUTOMETRIC__
__AUTOMETRIC__|0.1.2|25136|crew_log_87bda4569dde3e61|0|1786390312.264|97.282|3.040|404193280|436310016|gen_data_cd56b70634e9251c|__AUTOMETRIC__
__AUTOMETRIC__|0.1.2|25136|crew_log_87bda4569dde3e61|0|1786390313.267|101.195|3.162|404299776|436416512|gen_data_cd56b70634e9251c|__AUTOMETRIC__
__AUTOMETRIC__|0.1.2|25136|crew_log_87bda4569dde3e61|0|1786390314.283|99.952|3.123|404140032|436256768|gen_data_cd56b70634e9251c|__AUTOMETRIC__
__AUTOMETRIC__|0.1.2|25136|crew_log_87bda4569dde3e61|0|1786390315.299|99.965|3.124|404135936|436252672|gen_data_cd56b70634e9251c|__AUTOMETRIC__
__AUTOMETRIC__|0.1.2|25136|crew_log_87bda4569dde3e61|0|1786390316.313|100.211|3.132|404226048|436363264|gen_data_cd56b70634e9251c|__AUTOMETRIC__
__AUTOMETRIC__|0.1.2|25136|crew_log_87bda4569dde3e61|0|1786390317.314|98.348|3.073|404193280|436330496|gen_data_cd56b70634e9251c|__AUTOMETRIC__
__AUTOMETRIC__|0.1.2|25136|crew_log_87bda4569dde3e61|0|1786390318.329|100.044|3.126|404213760|436350976|gen_data_cd56b70634e9251c|__AUTOMETRIC__
__AUTOMETRIC__|0.1.2|25136|crew_log_87bda4569dde3e61|0|1786390319.344|98.512|3.078|404185088|436322304|gen_data_cd56b70634e9251c|__AUTOMETRIC__
__AUTOMETRIC__|0.1.2|25136|crew_log_87bda4569dde3e61|0|1786390320.357|98.691|3.084|404283392|436412416|gen_data_cd56b70634e9251c|__AUTOMETRIC__
__AUTOMETRIC__|0.1.2|25136|crew_log_87bda4569dde3e61|0|1786390321.361|101.198|3.162|404303872|436420608|gen_data_cd56b70634e9251c|__AUTOMETRIC__
__AUTOMETRIC__|0.1.2|25136|crew_log_87bda4569dde3e61|0|1786390322.376|98.548|3.080|404377600|436494336|gen_data_cd56b70634e9251c|__AUTOMETRIC__
__AUTOMETRIC__|0.1.2|25136|crew_log_87bda4569dde3e61|0|1786390323.383|99.294|3.103|404299776|436416512|gen_data_cd56b70634e9251c|__AUTOMETRIC__
__AUTOMETRIC__|0.1.2|25136|crew_log_87bda4569dde3e61|0|1786390324.385|99.800|3.119|404115456|436232192|gen_data_cd56b70634e9251c|__AUTOMETRIC__
__AUTOMETRIC__|0.1.2|25136|crew_log_87bda4569dde3e61|0|1786390325.397|100.380|3.137|404045824|436281344|gen_data_cd56b70634e9251c|__AUTOMETRIC__
__AUTOMETRIC__|0.1.2|25136|crew_log_87bda4569dde3e61|0|1786390326.408|100.373|3.137|404008960|436174848|gen_data_cd56b70634e9251c|__AUTOMETRIC__
__AUTOMETRIC__|0.1.2|25136|crew_log_87bda4569dde3e61|0|1786390327.422|100.220|3.132|404054016|436240384|gen_data_cd56b70634e9251c|__AUTOMETRIC__
__AUTOMETRIC__|0.1.2|25136|crew_log_87bda4569dde3e61|0|1786390328.435|98.698|3.084|404074496|436244480|gen_data_cd56b70634e9251c|__AUTOMETRIC__
__AUTOMETRIC__|0.1.2|25136|crew_log_87bda4569dde3e61|0|1786390329.437|98.233|3.070|404279296|436449280|gen_data_cd56b70634e9251c|__AUTOMETRIC__
__AUTOMETRIC__|0.1.2|25136|crew_log_87bda4569dde3e61|0|1786390330.438|99.868|3.121|404209664|436379648|gen_data_cd56b70634e9251c|__AUTOMETRIC__
__AUTOMETRIC__|0.1.2|25136|crew_log_87bda4569dde3e61|0|1786390331.453|100.071|3.127|404271104|436596736|gen_data_cd56b70634e9251c|__AUTOMETRIC__
__AUTOMETRIC__|0.1.2|25136|crew_log_87bda4569dde3e61|0|1786390332.456|99.736|3.117|404283392|436436992|gen_data_cd56b70634e9251c|__AUTOMETRIC__
__AUTOMETRIC__|0.1.2|25136|crew_log_87bda4569dde3e61|0|1786390333.458|99.810|3.119|404410368|436555776|gen_data_cd56b70634e9251c|__AUTOMETRIC__
__AUTOMETRIC__|0.1.2|25136|crew_log_87bda4569dde3e61|0|1786390334.473|96.977|3.031|404578304|436809728|gen_data_cd56b70634e9251c|__AUTOMETRIC__
__AUTOMETRIC__|0.1.2|25136|crew_log_87bda4569dde3e61|0|1786390335.476|99.705|3.116|404525056|436736000|gen_data_cd56b70634e9251c|__AUTOMETRIC__
__AUTOMETRIC__|0.1.2|25136|crew_log_87bda4569dde3e61|0|1786390336.492|99.985|3.125|404037632|436219904|gen_data_cd56b70634e9251c|__AUTOMETRIC__
__AUTOMETRIC__|0.1.2|25136|crew_log_87bda4569dde3e61|0|1786390337.495|99.715|3.116|404312064|436486144|gen_data_cd56b70634e9251c|__AUTOMETRIC__
__AUTOMETRIC__|0.1.2|25136|crew_log_87bda4569dde3e61|0|1786390338.496|99.815|3.119|404111360|436269056|gen_data_cd56b70634e9251c|__AUTOMETRIC__
__AUTOMETRIC__|0.1.2|25136|crew_log_87bda4569dde3e61|0|1786390339.513|98.382|3.074|404291584|436441088|gen_data_cd56b70634e9251c|__AUTOMETRIC__
__AUTOMETRIC__|0.1.2|25136|crew_log_87bda4569dde3e61|0|1786390340.526|97.135|3.035|404213760|436359168|gen_data_cd56b70634e9251c|__AUTOMETRIC__
__AUTOMETRIC__|0.1.2|25136|crew_log_87bda4569dde3e61|0|1786390341.536|100.547|3.142|404140032|436326400|gen_data_cd56b70634e9251c|__AUTOMETRIC__
__AUTOMETRIC__|0.1.2|25136|crew_log_87bda4569dde3e61|0|1786390342.548|100.394|3.137|404299776|436486144|gen_data_cd56b70634e9251c|__AUTOMETRIC__
__AUTOMETRIC__|0.1.2|25136|crew_log_87bda4569dde3e61|0|1786390343.558|97.433|3.045|404541440|436715520|gen_data_cd56b70634e9251c|__AUTOMETRIC__
__AUTOMETRIC__|0.1.2|25136|crew_log_87bda4569dde3e61|0|1786390344.572|98.684|3.084|404430848|436600832|gen_data_cd56b70634e9251c|__AUTOMETRIC__
__AUTOMETRIC__|0.1.2|25136|crew_log_87bda4569dde3e61|0|1786390345.584|98.824|3.088|404500480|436670464|gen_data_cd56b70634e9251c|__AUTOMETRIC__
__AUTOMETRIC__|0.1.2|25136|crew_log_87bda4569dde3e61|0|1786390346.597|98.698|3.084|404516864|436776960|gen_data_cd56b70634e9251c|__AUTOMETRIC__
__AUTOMETRIC__|0.1.2|25136|crew_log_87bda4569dde3e61|0|1786390347.610|100.222|3.132|404369408|436539392|gen_data_cd56b70634e9251c|__AUTOMETRIC__
__AUTOMETRIC__|0.1.2|25136|crew_log_87bda4569dde3e61|0|1786390348.625|100.047|3.126|404307968|436477952|gen_data_cd56b70634e9251c|__AUTOMETRIC__
__AUTOMETRIC__|0.1.2|25136|crew_log_87bda4569dde3e61|0|1786390349.641|99.988|3.125|404189184|436350976|gen_data_cd56b70634e9251c|__AUTOMETRIC__
__AUTOMETRIC__|0.1.2|25136|crew_log_87bda4569dde3e61|0|1786390350.655|97.090|3.034|404369408|436514816|gen_data_cd56b70634e9251c|__AUTOMETRIC__
__AUTOMETRIC__|0.1.2|25136|crew_log_87bda4569dde3e61|0|1786390351.671|99.943|3.123|404205568|436350976|gen_data_cd56b70634e9251c|__AUTOMETRIC__
__AUTOMETRIC__|0.1.2|25136|crew_log_87bda4569dde3e61|0|1786390352.684|101.855|3.183|404213760|436359168|gen_data_cd56b70634e9251c|__AUTOMETRIC__
__AUTOMETRIC__|0.1.2|25136|crew_log_87bda4569dde3e61|0|1786390353.690|100.906|3.153|404361216|436506624|gen_data_cd56b70634e9251c|__AUTOMETRIC__
__AUTOMETRIC__|0.1.2|25136|crew_log_87bda4569dde3e61|0|1786390354.693|96.565|3.018|404246528|436428800|gen_data_cd56b70634e9251c|__AUTOMETRIC__
__AUTOMETRIC__|0.1.2|25136|crew_log_87bda4569dde3e61|0|1786390355.695|99.839|3.120|404267008|436441088|gen_data_cd56b70634e9251c|__AUTOMETRIC__
__AUTOMETRIC__|0.1.2|25136|crew_log_87bda4569dde3e61|0|1786390356.703|99.222|3.101|404246528|436387840|gen_data_cd56b70634e9251c|__AUTOMETRIC__
__AUTOMETRIC__|0.1.2|25136|crew_log_87bda4569dde3e61|0|1786390357.713|100.493|3.140|404246528|436383744|gen_data_cd56b70634e9251c|__AUTOMETRIC__
__AUTOMETRIC__|0.1.2|25136|crew_log_87bda4569dde3e61|0|1786390358.726|98.721|3.085|404230144|436367360|gen_data_cd56b70634e9251c|__AUTOMETRIC__
__AUTOMETRIC__|0.1.2|25136|crew_log_87bda4569dde3e61|0|1786390359.729|99.726|3.116|404267008|436391936|gen_data_cd56b70634e9251c|__AUTOMETRIC__
__AUTOMETRIC__|0.1.2|25136|crew_log_87bda4569dde3e61|0|1786390360.743|100.164|3.130|404463616|436592640|gen_data_cd56b70634e9251c|__AUTOMETRIC__
__AUTOMETRIC__|0.1.2|25136|crew_log_87bda4569dde3e61|0|1786390361.748|97.962|3.061|404402176|436531200|gen_data_cd56b70634e9251c|__AUTOMETRIC__
__AUTOMETRIC__|0.1.2|25136|crew_log_87bda4569dde3e61|0|1786390362.761|101.749|3.180|404107264|436326400|gen_data_cd56b70634e9251c|__AUTOMETRIC__
__AUTOMETRIC__|0.1.2|25136|crew_log_87bda4569dde3e61|0|1786390363.765|98.043|3.064|404144128|436256768|gen_data_cd56b70634e9251c|__AUTOMETRIC__
__AUTOMETRIC__|0.1.2|25136|crew_log_87bda4569dde3e61|0|1786390364.774|100.741|3.148|404271104|436391936|gen_data_cd56b70634e9251c|__AUTOMETRIC__
__AUTOMETRIC__|0.1.2|25136|crew_log_87bda4569dde3e61|0|1786390365.787|100.224|3.132|404455424|436572160|gen_data_cd56b70634e9251c|__AUTOMETRIC__
__AUTOMETRIC__|0.1.2|25136|crew_log_87bda4569dde3e61|0|1786390366.796|99.110|3.097|404234240|436346880|gen_data_cd56b70634e9251c|__AUTOMETRIC__
__AUTOMETRIC__|0.1.2|25136|crew_log_87bda4569dde3e61|0|1786390367.803|103.975|3.249|404172800|436293632|gen_data_cd56b70634e9251c|__AUTOMETRIC__
__AUTOMETRIC__|0.1.2|25136|crew_log_87bda4569dde3e61|0|1786390368.806|99.681|3.115|404361216|436482048|gen_data_cd56b70634e9251c|__AUTOMETRIC__
__AUTOMETRIC__|0.1.2|25136|crew_log_87bda4569dde3e61|0|1786390369.809|102.838|3.214|404377600|436498432|gen_data_cd56b70634e9251c|__AUTOMETRIC__
__AUTOMETRIC__|0.1.2|25136|crew_log_87bda4569dde3e61|0|1786390370.811|99.754|3.117|404246528|436359168|gen_data_cd56b70634e9251c|__AUTOMETRIC__
__AUTOMETRIC__|0.1.2|25136|crew_log_87bda4569dde3e61|0|1786390371.825|101.743|3.179|404287488|436400128|gen_data_cd56b70634e9251c|__AUTOMETRIC__
__AUTOMETRIC__|0.1.2|25136|crew_log_87bda4569dde3e61|0|1786390372.836|98.896|3.090|404385792|436506624|gen_data_cd56b70634e9251c|__AUTOMETRIC__
__AUTOMETRIC__|0.1.2|25136|crew_log_87bda4569dde3e61|0|1786390373.846|97.413|3.044|404512768|436633600|gen_data_cd56b70634e9251c|__AUTOMETRIC__
__AUTOMETRIC__|0.1.2|25136|crew_log_87bda4569dde3e61|0|1786390374.853|99.331|3.104|404365312|436486144|gen_data_cd56b70634e9251c|__AUTOMETRIC__
__AUTOMETRIC__|0.1.2|25136|crew_log_87bda4569dde3e61|0|1786390375.862|100.682|3.146|404406272|436518912|gen_data_cd56b70634e9251c|__AUTOMETRIC__
__AUTOMETRIC__|0.1.2|25136|crew_log_87bda4569dde3e61|0|1786390376.866|99.635|3.114|404430848|436543488|gen_data_cd56b70634e9251c|__AUTOMETRIC__
__AUTOMETRIC__|0.1.2|25136|crew_log_87bda4569dde3e61|0|1786390377.871|99.483|3.109|404463616|436576256|gen_data_cd56b70634e9251c|__AUTOMETRIC__
__AUTOMETRIC__|0.1.2|25136|crew_log_87bda4569dde3e61|0|1786390378.875|99.577|3.112|404549632|436662272|gen_data_cd56b70634e9251c|__AUTOMETRIC__
__AUTOMETRIC__|0.1.2|25136|crew_log_87bda4569dde3e61|0|1786390379.889|100.209|3.132|404652032|436764672|gen_data_cd56b70634e9251c|__AUTOMETRIC__
__AUTOMETRIC__|0.1.2|25136|crew_log_87bda4569dde3e61|0|1786390380.891|99.751|3.117|404582400|436695040|gen_data_cd56b70634e9251c|__AUTOMETRIC__
__AUTOMETRIC__|0.1.2|25136|crew_log_87bda4569dde3e61|0|1786390381.905|100.157|3.130|404520960|436633600|gen_data_cd56b70634e9251c|__AUTOMETRIC__
__AUTOMETRIC__|0.1.2|25136|crew_log_87bda4569dde3e61|0|1786390382.921|96.909|3.028|404525056|436637696|gen_data_cd56b70634e9251c|__AUTOMETRIC__
__AUTOMETRIC__|0.1.2|25136|crew_log_87bda4569dde3e61|0|1786390383.933|98.841|3.089|404529152|436649984|gen_data_cd56b70634e9251c|__AUTOMETRIC__
__AUTOMETRIC__|0.1.2|25136|crew_log_87bda4569dde3e61|0|1786390384.940|99.307|3.103|404324352|436436992|gen_data_cd56b70634e9251c|__AUTOMETRIC__
__AUTOMETRIC__|0.1.2|25136|crew_log_87bda4569dde3e61|0|1786390385.941|99.875|3.121|404348928|436477952|gen_data_cd56b70634e9251c|__AUTOMETRIC__
__AUTOMETRIC__|0.1.2|25136|crew_log_87bda4569dde3e61|0|1786390386.954|100.244|3.133|404353024|436465664|gen_data_cd56b70634e9251c|__AUTOMETRIC__
__AUTOMETRIC__|0.1.2|25136|crew_log_87bda4569dde3e61|0|1786390387.968|97.058|3.033|404447232|436559872|gen_data_cd56b70634e9251c|__AUTOMETRIC__
__AUTOMETRIC__|0.1.2|25136|crew_log_87bda4569dde3e61|0|1786390388.978|102.162|3.193|404344832|436457472|gen_data_cd56b70634e9251c|__AUTOMETRIC__
__AUTOMETRIC__|0.1.2|25136|crew_log_87bda4569dde3e61|0|1786390389.981|98.075|3.065|404340736|436453376|gen_data_cd56b70634e9251c|__AUTOMETRIC__
__AUTOMETRIC__|0.1.2|25136|crew_log_87bda4569dde3e61|0|1786390390.986|101.068|3.158|404430848|436543488|gen_data_cd56b70634e9251c|__AUTOMETRIC__
__AUTOMETRIC__|0.1.2|25136|crew_log_87bda4569dde3e61|0|1786390391.988|99.774|3.118|404361216|436473856|gen_data_cd56b70634e9251c|__AUTOMETRIC__
__AUTOMETRIC__|0.1.2|25136|crew_log_87bda4569dde3e61|0|1786390393.004|98.498|3.078|404238336|436383744|gen_data_cd56b70634e9251c|__AUTOMETRIC__
__AUTOMETRIC__|0.1.2|25136|crew_log_87bda4569dde3e61|0|1786390394.010|99.376|3.106|404344832|436457472|gen_data_cd56b70634e9251c|__AUTOMETRIC__
__AUTOMETRIC__|0.1.2|25136|crew_log_87bda4569dde3e61|0|1786390395.016|97.894|3.059|404402176|436514816|gen_data_cd56b70634e9251c|__AUTOMETRIC__
__AUTOMETRIC__|0.1.2|25136|crew_log_87bda4569dde3e61|0|1786390396.019|98.067|3.065|404426752|436613120|gen_data_cd56b70634e9251c|__AUTOMETRIC__
__AUTOMETRIC__|0.1.2|25136|crew_log_87bda4569dde3e61|0|1786390397.033|98.654|3.083|404504576|436617216|gen_data_cd56b70634e9251c|__AUTOMETRIC__
__AUTOMETRIC__|0.1.2|25136|crew_log_87bda4569dde3e61|0|1786390398.049|99.985|3.125|404520960|436633600|gen_data_cd56b70634e9251c|__AUTOMETRIC__
__AUTOMETRIC__|0.1.2|25136|crew_log_87bda4569dde3e61|0|1786390399.062|97.120|3.035|404545536|436658176|gen_data_cd56b70634e9251c|__AUTOMETRIC__
__AUTOMETRIC__|0.1.2|25136|crew_log_87bda4569dde3e61|0|1786390400.074|100.414|3.138|404410368|436523008|gen_data_cd56b70634e9251c|__AUTOMETRIC__
__AUTOMETRIC__|0.1.2|25136|crew_log_87bda4569dde3e61|0|1786390401.087|97.123|3.035|404385792|436498432|gen_data_cd56b70634e9251c|__AUTOMETRIC__
__AUTOMETRIC__|0.1.2|25136|crew_log_87bda4569dde3e61|0|1786390402.089|99.800|3.119|404606976|436879360|gen_data_cd56b70634e9251c|__AUTOMETRIC__
__AUTOMETRIC__|0.1.2|25136|crew_log_87bda4569dde3e61|0|1786390403.102|100.315|3.135|404627456|436740096|gen_data_cd56b70634e9251c|__AUTOMETRIC__
__AUTOMETRIC__|0.1.2|25136|crew_log_87bda4569dde3e61|0|1786390404.103|99.848|3.120|404512768|436625408|gen_data_cd56b70634e9251c|__AUTOMETRIC__
__AUTOMETRIC__|0.1.2|25136|crew_log_87bda4569dde3e61|0|1786390405.119|100.033|3.126|404602880|436727808|gen_data_cd56b70634e9251c|__AUTOMETRIC__
__AUTOMETRIC__|0.1.2|25136|crew_log_87bda4569dde3e61|0|1786390406.126|99.250|3.102|404484096|436604928|gen_data_cd56b70634e9251c|__AUTOMETRIC__
__AUTOMETRIC__|0.1.2|25136|crew_log_87bda4569dde3e61|0|1786390407.128|98.220|3.069|404590592|436711424|gen_data_cd56b70634e9251c|__AUTOMETRIC__
__AUTOMETRIC__|0.1.2|25136|crew_log_87bda4569dde3e61|0|1786390408.142|100.211|3.132|404492288|436613120|gen_data_cd56b70634e9251c|__AUTOMETRIC__
__AUTOMETRIC__|0.1.2|25136|crew_log_87bda4569dde3e61|0|1786390409.156|97.106|3.035|404533248|436707328|gen_data_cd56b70634e9251c|__AUTOMETRIC__
__AUTOMETRIC__|0.1.2|25136|crew_log_87bda4569dde3e61|0|1786390410.170|97.059|3.033|404570112|436682752|gen_data_cd56b70634e9251c|__AUTOMETRIC__
__AUTOMETRIC__|0.1.2|25136|crew_log_87bda4569dde3e61|0|1786390411.186|99.958|3.124|404529152|436641792|gen_data_cd56b70634e9251c|__AUTOMETRIC__
__AUTOMETRIC__|0.1.2|25136|crew_log_87bda4569dde3e61|0|1786390412.196|100.535|3.142|404402176|436514816|gen_data_cd56b70634e9251c|__AUTOMETRIC__
__AUTOMETRIC__|0.1.2|25136|crew_log_87bda4569dde3e61|0|1786390413.202|100.936|3.154|404672512|436879360|gen_data_cd56b70634e9251c|__AUTOMETRIC__
__AUTOMETRIC__|0.1.2|25136|crew_log_87bda4569dde3e61|0|1786390414.218|98.452|3.077|404365312|436477952|gen_data_cd56b70634e9251c|__AUTOMETRIC__
__AUTOMETRIC__|0.1.2|25136|crew_log_87bda4569dde3e61|0|1786390415.234|98.408|3.075|404365312|436547584|gen_data_cd56b70634e9251c|__AUTOMETRIC__
__AUTOMETRIC__|0.1.2|25136|crew_log_87bda4569dde3e61|0|1786390416.248|98.602|3.081|404488192|436617216|gen_data_cd56b70634e9251c|__AUTOMETRIC__
__AUTOMETRIC__|0.1.2|25136|crew_log_87bda4569dde3e61|0|1786390417.254|102.587|3.206|404688896|436817920|gen_data_cd56b70634e9251c|__AUTOMETRIC__
__AUTOMETRIC__|0.1.2|25136|crew_log_87bda4569dde3e61|0|1786390418.258|98.017|3.063|404545536|436662272|gen_data_cd56b70634e9251c|__AUTOMETRIC__
__AUTOMETRIC__|0.1.2|25136|crew_log_87bda4569dde3e61|0|1786390419.262|99.539|3.111|404574208|436690944|gen_data_cd56b70634e9251c|__AUTOMETRIC__
__AUTOMETRIC__|0.1.2|25136|crew_log_87bda4569dde3e61|0|1786390420.279|99.925|3.123|404594688|436707328|gen_data_cd56b70634e9251c|__AUTOMETRIC__
__AUTOMETRIC__|0.1.2|25136|crew_log_87bda4569dde3e61|0|1786390421.292|100.246|3.133|404574208|436809728|gen_data_cd56b70634e9251c|__AUTOMETRIC__
__AUTOMETRIC__|0.1.2|25136|crew_log_87bda4569dde3e61|0|1786390422.306|98.573|3.080|404729856|436842496|gen_data_cd56b70634e9251c|__AUTOMETRIC__
__AUTOMETRIC__|0.1.2|25136|crew_log_87bda4569dde3e61|0|1786390423.313|100.900|3.153|404635648|436748288|gen_data_cd56b70634e9251c|__AUTOMETRIC__
__AUTOMETRIC__|0.1.2|25136|crew_log_87bda4569dde3e61|0|1786390424.325|97.242|3.039|404684800|436797440|gen_data_cd56b70634e9251c|__AUTOMETRIC__
__AUTOMETRIC__|0.1.2|25136|crew_log_87bda4569dde3e61|0|1786390425.338|98.762|3.086|404856832|436969472|gen_data_cd56b70634e9251c|__AUTOMETRIC__
__AUTOMETRIC__|0.1.2|25136|crew_log_87bda4569dde3e61|0|1786390426.340|98.261|3.071|404586496|436699136|gen_data_cd56b70634e9251c|__AUTOMETRIC__
__AUTOMETRIC__|0.1.2|25136|crew_log_87bda4569dde3e61|0|1786390427.341|99.865|3.121|404647936|436764672|gen_data_cd56b70634e9251c|__AUTOMETRIC__
__AUTOMETRIC__|0.1.2|25136|crew_log_87bda4569dde3e61|0|1786390428.347|100.960|3.155|404660224|436776960|gen_data_cd56b70634e9251c|__AUTOMETRIC__
__AUTOMETRIC__|0.1.2|25136|crew_log_87bda4569dde3e61|0|1786390429.349|99.779|3.118|404660224|436776960|gen_data_cd56b70634e9251c|__AUTOMETRIC__
__AUTOMETRIC__|0.1.2|25136|crew_log_87bda4569dde3e61|0|1786390430.355|99.389|3.106|404615168|436924416|gen_data_cd56b70634e9251c|__AUTOMETRIC__
__AUTOMETRIC__|0.1.2|25136|crew_log_87bda4569dde3e61|0|1786390431.359|98.068|3.065|404541440|436744192|gen_data_cd56b70634e9251c|__AUTOMETRIC__
__AUTOMETRIC__|0.1.2|25136|crew_log_87bda4569dde3e61|0|1786390432.366|99.276|3.102|404541440|436600832|gen_data_cd56b70634e9251c|__AUTOMETRIC__
__AUTOMETRIC__|0.1.2|25136|crew_log_87bda4569dde3e61|0|1786390433.373|97.768|3.055|404717568|436797440|gen_data_cd56b70634e9251c|__AUTOMETRIC__
__AUTOMETRIC__|0.1.2|25136|crew_log_87bda4569dde3e61|0|1786390434.387|100.143|3.129|404668416|436723712|gen_data_cd56b70634e9251c|__AUTOMETRIC__
__AUTOMETRIC__|0.1.2|25136|crew_log_87bda4569dde3e61|0|1786390435.400|100.267|3.133|404537344|436592640|gen_data_cd56b70634e9251c|__AUTOMETRIC__
__AUTOMETRIC__|0.1.2|25136|crew_log_87bda4569dde3e61|0|1786390436.414|98.629|3.082|404746240|436805632|gen_data_cd56b70634e9251c|__AUTOMETRIC__
__AUTOMETRIC__|0.1.2|25136|crew_log_87bda4569dde3e61|0|1786390437.416|99.816|3.119|404594688|436674560|gen_data_cd56b70634e9251c|__AUTOMETRIC__
__AUTOMETRIC__|0.1.2|25136|crew_log_87bda4569dde3e61|0|1786390438.424|99.230|3.101|404705280|436776960|gen_data_cd56b70634e9251c|__AUTOMETRIC__
__AUTOMETRIC__|0.1.2|25136|crew_log_87bda4569dde3e61|0|1786390439.438|100.124|3.129|404643840|436715520|gen_data_cd56b70634e9251c|__AUTOMETRIC__
__AUTOMETRIC__|0.1.2|25136|crew_log_87bda4569dde3e61|0|1786390440.447|99.131|3.098|404860928|436953088|gen_data_cd56b70634e9251c|__AUTOMETRIC__
__AUTOMETRIC__|0.1.2|25136|crew_log_87bda4569dde3e61|0|1786390441.450|98.125|3.066|404639744|436699136|gen_data_cd56b70634e9251c|__AUTOMETRIC__
__AUTOMETRIC__|0.1.2|25136|crew_log_87bda4569dde3e61|0|1786390442.453|99.705|3.116|404676608|436731904|gen_data_cd56b70634e9251c|__AUTOMETRIC__
__AUTOMETRIC__|0.1.2|25136|crew_log_87bda4569dde3e61|0|1786390443.467|100.216|3.132|404623360|436686848|gen_data_cd56b70634e9251c|__AUTOMETRIC__
__AUTOMETRIC__|0.1.2|25136|crew_log_87bda4569dde3e61|0|1786390444.482|101.588|3.175|404738048|436789248|gen_data_cd56b70634e9251c|__AUTOMETRIC__
__AUTOMETRIC__|0.1.2|25136|crew_log_87bda4569dde3e61|0|1786390445.485|102.806|3.213|404799488|436850688|gen_data_cd56b70634e9251c|__AUTOMETRIC__
__AUTOMETRIC__|0.1.2|25136|crew_log_87bda4569dde3e61|0|1786390446.494|97.538|3.048|404623360|436674560|gen_data_cd56b70634e9251c|__AUTOMETRIC__
__AUTOMETRIC__|0.1.2|25136|crew_log_87bda4569dde3e61|0|1786390447.503|100.672|3.146|404688896|436740096|gen_data_cd56b70634e9251c|__AUTOMETRIC__
__AUTOMETRIC__|0.1.2|25136|crew_log_87bda4569dde3e61|0|1786390448.505|99.773|3.118|404697088|436748288|gen_data_cd56b70634e9251c|__AUTOMETRIC__
__AUTOMETRIC__|0.1.2|25136|crew_log_87bda4569dde3e61|0|1786390449.520|100.036|3.126|404774912|436826112|gen_data_cd56b70634e9251c|__AUTOMETRIC__
__AUTOMETRIC__|0.1.2|25136|crew_log_87bda4569dde3e61|0|1786390450.529|99.151|3.098|404619264|436695040|gen_data_cd56b70634e9251c|__AUTOMETRIC__
__AUTOMETRIC__|0.1.2|25136|crew_log_87bda4569dde3e61|0|1786390451.543|103.288|3.228|404709376|436760576|gen_data_cd56b70634e9251c|__AUTOMETRIC__
__AUTOMETRIC__|0.1.2|25136|crew_log_87bda4569dde3e61|0|1786390452.556|97.095|3.034|404541440|436609024|gen_data_cd56b70634e9251c|__AUTOMETRIC__
__AUTOMETRIC__|0.1.2|25136|crew_log_87bda4569dde3e61|0|1786390453.572|100.032|3.126|404504576|436563968|gen_data_cd56b70634e9251c|__AUTOMETRIC__
__AUTOMETRIC__|0.1.2|25136|crew_log_87bda4569dde3e61|0|1786390454.584|100.347|3.136|404598784|436654080|gen_data_cd56b70634e9251c|__AUTOMETRIC__
__AUTOMETRIC__|0.1.2|25136|crew_log_87bda4569dde3e61|0|1786390455.597|97.181|3.037|404684800|436752384|gen_data_cd56b70634e9251c|__AUTOMETRIC__
__AUTOMETRIC__|0.1.2|25136|crew_log_87bda4569dde3e61|0|1786390456.598|96.732|3.023|404770816|436826112|gen_data_cd56b70634e9251c|__AUTOMETRIC__
__AUTOMETRIC__|0.1.2|25136|crew_log_87bda4569dde3e61|0|1786390457.612|100.140|3.129|404754432|436809728|gen_data_cd56b70634e9251c|__AUTOMETRIC__
__AUTOMETRIC__|0.1.2|25136|crew_log_87bda4569dde3e61|0|1786390458.616|99.598|3.112|404766720|436822016|gen_data_cd56b70634e9251c|__AUTOMETRIC__
__AUTOMETRIC__|0.1.2|25136|crew_log_87bda4569dde3e61|0|1786390459.632|100.031|3.126|404561920|436797440|gen_data_cd56b70634e9251c|__AUTOMETRIC__
__AUTOMETRIC__|0.1.2|25136|crew_log_87bda4569dde3e61|0|1786390460.634|98.234|3.070|404762624|436817920|gen_data_cd56b70634e9251c|__AUTOMETRIC__
__AUTOMETRIC__|0.1.2|25136|crew_log_87bda4569dde3e61|0|1786390461.636|99.775|3.118|404779008|436834304|gen_data_cd56b70634e9251c|__AUTOMETRIC__
__AUTOMETRIC__|0.1.2|25136|crew_log_87bda4569dde3e61|0|1786390462.651|101.620|3.176|401580032|433635328|gen_data_cd56b70634e9251c|__AUTOMETRIC__
__AUTOMETRIC__|0.1.2|25136|crew_log_87bda4569dde3e61|0|1786390463.658|100.885|3.153|404770816|436822016|gen_data_cd56b70634e9251c|__AUTOMETRIC__
__AUTOMETRIC__|0.1.2|25136|crew_log_87bda4569dde3e61|0|1786390464.662|99.603|3.113|404566016|436617216|gen_data_cd56b70634e9251c|__AUTOMETRIC__
__AUTOMETRIC__|0.1.2|25136|crew_log_87bda4569dde3e61|0|1786390465.675|98.667|3.083|404606976|436662272|gen_data_cd56b70634e9251c|__AUTOMETRIC__
__AUTOMETRIC__|0.1.2|25136|crew_log_87bda4569dde3e61|0|1786390466.691|96.902|3.028|404705280|436772864|gen_data_cd56b70634e9251c|__AUTOMETRIC__
__AUTOMETRIC__|0.1.2|25136|crew_log_87bda4569dde3e61|0|1786390467.706|98.492|3.078|404578304|436645888|gen_data_cd56b70634e9251c|__AUTOMETRIC__
__AUTOMETRIC__|0.1.2|25136|crew_log_87bda4569dde3e61|0|1786390468.723|98.352|3.074|404684800|436752384|gen_data_cd56b70634e9251c|__AUTOMETRIC__
__AUTOMETRIC__|0.1.2|25136|crew_log_87bda4569dde3e61|0|1786390469.729|96.250|3.008|404779008|436854784|gen_data_cd56b70634e9251c|__AUTOMETRIC__
__AUTOMETRIC__|0.1.2|25136|crew_log_87bda4569dde3e61|0|1786390470.737|99.214|3.100|404705280|436760576|gen_data_cd56b70634e9251c|__AUTOMETRIC__
__AUTOMETRIC__|0.1.2|25136|crew_log_87bda4569dde3e61|0|1786390471.748|98.975|3.093|404692992|436748288|gen_data_cd56b70634e9251c|__AUTOMETRIC__
__AUTOMETRIC__|0.1.2|25136|crew_log_87bda4569dde3e61|0|1786390472.761|103.273|3.227|404717568|436768768|gen_data_cd56b70634e9251c|__AUTOMETRIC__
__AUTOMETRIC__|0.1.2|25136|crew_log_87bda4569dde3e61|0|1786390473.766|99.530|3.110|404701184|436752384|gen_data_cd56b70634e9251c|__AUTOMETRIC__
__AUTOMETRIC__|0.1.2|25136|crew_log_87bda4569dde3e61|0|1786390474.772|99.469|3.108|404586496|436662272|gen_data_cd56b70634e9251c|__AUTOMETRIC__
__AUTOMETRIC__|0.1.2|25136|crew_log_87bda4569dde3e61|0|1786390475.781|99.013|3.094|404815872|436867072|gen_data_cd56b70634e9251c|__AUTOMETRIC__
__AUTOMETRIC__|0.1.2|25136|crew_log_87bda4569dde3e61|0|1786390476.795|98.651|3.083|404713472|436764672|gen_data_cd56b70634e9251c|__AUTOMETRIC__
__AUTOMETRIC__|0.1.2|25136|crew_log_87bda4569dde3e61|0|1786390477.804|100.652|3.145|404803584|436854784|gen_data_cd56b70634e9251c|__AUTOMETRIC__
__AUTOMETRIC__|0.1.2|25136|crew_log_87bda4569dde3e61|0|1786390478.813|100.627|3.145|404742144|436793344|gen_data_cd56b70634e9251c|__AUTOMETRIC__
__AUTOMETRIC__|0.1.2|25136|crew_log_87bda4569dde3e61|0|1786390479.815|99.863|3.121|404893696|436957184|gen_data_cd56b70634e9251c|__AUTOMETRIC__
__AUTOMETRIC__|0.1.2|25136|crew_log_87bda4569dde3e61|0|1786390480.818|99.642|3.114|404754432|436817920|gen_data_cd56b70634e9251c|__AUTOMETRIC__
__AUTOMETRIC__|0.1.2|25136|crew_log_87bda4569dde3e61|0|1786390481.825|99.322|3.104|404733952|436797440|gen_data_cd56b70634e9251c|__AUTOMETRIC__
__AUTOMETRIC__|0.1.2|25136|crew_log_87bda4569dde3e61|0|1786390482.841|98.486|3.078|404918272|436981760|gen_data_cd56b70634e9251c|__AUTOMETRIC__
__AUTOMETRIC__|0.1.2|25136|crew_log_87bda4569dde3e61|0|1786390483.852|100.432|3.139|404893696|436957184|gen_data_cd56b70634e9251c|__AUTOMETRIC__
__AUTOMETRIC__|0.1.2|25136|crew_log_87bda4569dde3e61|0|1786390484.858|100.919|3.154|404582400|436703232|gen_data_cd56b70634e9251c|__AUTOMETRIC__
__AUTOMETRIC__|0.1.2|25136|crew_log_87bda4569dde3e61|0|1786390485.860|99.865|3.121|404676608|436727808|gen_data_cd56b70634e9251c|__AUTOMETRIC__
__AUTOMETRIC__|0.1.2|25136|crew_log_87bda4569dde3e61|0|1786390486.871|97.284|3.040|404832256|436944896|gen_data_cd56b70634e9251c|__AUTOMETRIC__
__AUTOMETRIC__|0.1.2|25136|crew_log_87bda4569dde3e61|0|1786390487.883|100.368|3.137|404877312|436928512|gen_data_cd56b70634e9251c|__AUTOMETRIC__
__AUTOMETRIC__|0.1.2|25136|crew_log_87bda4569dde3e61|0|1786390488.899|99.982|3.124|404779008|436830208|gen_data_cd56b70634e9251c|__AUTOMETRIC__
__AUTOMETRIC__|0.1.2|25136|crew_log_87bda4569dde3e61|0|1786390489.911|100.344|3.136|404807680|436883456|gen_data_cd56b70634e9251c|__AUTOMETRIC__
__AUTOMETRIC__|0.1.2|25136|crew_log_87bda4569dde3e61|0|1786390490.924|98.749|3.086|404836352|436887552|gen_data_cd56b70634e9251c|__AUTOMETRIC__
__AUTOMETRIC__|0.1.2|25136|crew_log_87bda4569dde3e61|0|1786390491.928|99.596|3.112|404971520|437022720|gen_data_cd56b70634e9251c|__AUTOMETRIC__
__AUTOMETRIC__|0.1.2|25136|crew_log_87bda4569dde3e61|0|1786390492.933|99.485|3.109|404918272|436969472|gen_data_cd56b70634e9251c|__AUTOMETRIC__
__AUTOMETRIC__|0.1.2|25136|crew_log_87bda4569dde3e61|0|1786390493.936|99.685|3.115|404832256|436883456|gen_data_cd56b70634e9251c|__AUTOMETRIC__
__AUTOMETRIC__|0.1.2|25136|crew_log_87bda4569dde3e61|0|1786390494.939|99.789|3.118|404889600|436940800|gen_data_cd56b70634e9251c|__AUTOMETRIC__
__AUTOMETRIC__|0.1.2|25136|crew_log_87bda4569dde3e61|0|1786390495.946|99.238|3.101|404766720|436895744|gen_data_cd56b70634e9251c|__AUTOMETRIC__
__AUTOMETRIC__|0.1.2|25136|crew_log_87bda4569dde3e61|0|1786390496.956|100.625|3.145|404819968|436871168|gen_data_cd56b70634e9251c|__AUTOMETRIC__
__AUTOMETRIC__|0.1.2|25136|crew_log_87bda4569dde3e61|0|1786390497.971|100.047|3.126|404918272|436969472|gen_data_cd56b70634e9251c|__AUTOMETRIC__
__AUTOMETRIC__|0.1.2|25136|crew_log_87bda4569dde3e61|0|1786390498.973|99.789|3.118|404787200|436895744|gen_data_cd56b70634e9251c|__AUTOMETRIC__
__AUTOMETRIC__|0.1.2|25136|crew_log_87bda4569dde3e61|0|1786390499.987|98.571|3.080|404799488|436858880|gen_data_cd56b70634e9251c|__AUTOMETRIC__
__AUTOMETRIC__|0.1.2|25136|crew_log_87bda4569dde3e61|0|1786390500.990|98.194|3.069|404680704|436830208|gen_data_cd56b70634e9251c|__AUTOMETRIC__
__AUTOMETRIC__|0.1.2|25136|crew_log_87bda4569dde3e61|0|1786390502.003|100.232|3.132|404840448|436891648|gen_data_cd56b70634e9251c|__AUTOMETRIC__
__AUTOMETRIC__|0.1.2|25136|crew_log_87bda4569dde3e61|0|1786390503.003|99.960|3.124|404709376|436760576|gen_data_cd56b70634e9251c|__AUTOMETRIC__
__AUTOMETRIC__|0.1.2|25136|crew_log_87bda4569dde3e61|0|1786390504.019|100.032|3.126|405106688|437157888|gen_data_cd56b70634e9251c|__AUTOMETRIC__
__AUTOMETRIC__|0.1.2|25136|crew_log_87bda4569dde3e61|0|1786390505.031|100.318|3.135|404938752|436989952|gen_data_cd56b70634e9251c|__AUTOMETRIC__
__AUTOMETRIC__|0.1.2|25136|crew_log_87bda4569dde3e61|0|1786390506.046|100.069|3.127|404865024|436920320|gen_data_cd56b70634e9251c|__AUTOMETRIC__
__AUTOMETRIC__|0.1.2|25136|crew_log_87bda4569dde3e61|0|1786390507.048|99.830|3.120|405114880|437231616|gen_data_cd56b70634e9251c|__AUTOMETRIC__
__AUTOMETRIC__|0.1.2|25136|crew_log_87bda4569dde3e61|0|1786390508.064|99.976|3.124|404832256|436887552|gen_data_cd56b70634e9251c|__AUTOMETRIC__
__AUTOMETRIC__|0.1.2|25136|crew_log_87bda4569dde3e61|0|1786390509.078|98.543|3.079|404799488|436928512|gen_data_cd56b70634e9251c|__AUTOMETRIC__
__AUTOMETRIC__|0.1.2|25136|crew_log_87bda4569dde3e61|0|1786390510.079|99.941|3.123|404926464|436981760|gen_data_cd56b70634e9251c|__AUTOMETRIC__
__AUTOMETRIC__|0.1.2|25136|crew_log_87bda4569dde3e61|0|1786390511.093|98.670|3.083|404901888|436953088|gen_data_cd56b70634e9251c|__AUTOMETRIC__
__AUTOMETRIC__|0.1.2|25136|crew_log_87bda4569dde3e61|0|1786390512.095|99.773|3.118|405000192|437059584|gen_data_cd56b70634e9251c|__AUTOMETRIC__
__AUTOMETRIC__|0.1.2|25136|crew_log_87bda4569dde3e61|0|1786390513.098|99.721|3.116|404803584|436854784|gen_data_cd56b70634e9251c|__AUTOMETRIC__
__AUTOMETRIC__|0.1.2|25136|crew_log_87bda4569dde3e61|0|1786390514.102|97.993|3.062|404910080|436961280|gen_data_cd56b70634e9251c|__AUTOMETRIC__
__AUTOMETRIC__|0.1.2|25136|crew_log_87bda4569dde3e61|0|1786390515.104|99.764|3.118|404918272|436969472|gen_data_cd56b70634e9251c|__AUTOMETRIC__
__AUTOMETRIC__|0.1.2|25136|crew_log_87bda4569dde3e61|0|1786390516.115|98.998|3.094|404905984|436957184|gen_data_cd56b70634e9251c|__AUTOMETRIC__
__AUTOMETRIC__|0.1.2|25136|crew_log_87bda4569dde3e61|0|1786390517.129|100.141|3.129|404963328|437129216|gen_data_cd56b70634e9251c|__AUTOMETRIC__
__AUTOMETRIC__|0.1.2|25136|crew_log_87bda4569dde3e61|0|1786390518.144|100.022|3.126|404865024|436916224|gen_data_cd56b70634e9251c|__AUTOMETRIC__
__AUTOMETRIC__|0.1.2|25136|crew_log_87bda4569dde3e61|0|1786390519.157|98.699|3.084|404910080|436985856|gen_data_cd56b70634e9251c|__AUTOMETRIC__
__AUTOMETRIC__|0.1.2|25136|crew_log_87bda4569dde3e61|0|1786390520.166|99.112|3.097|404819968|436879360|gen_data_cd56b70634e9251c|__AUTOMETRIC__
__AUTOMETRIC__|0.1.2|25136|crew_log_87bda4569dde3e61|0|1786390521.170|101.176|3.162|405102592|437157888|gen_data_cd56b70634e9251c|__AUTOMETRIC__
__AUTOMETRIC__|0.1.2|25136|crew_log_87bda4569dde3e61|0|1786390522.183|98.705|3.085|405041152|437092352|gen_data_cd56b70634e9251c|__AUTOMETRIC__
__AUTOMETRIC__|0.1.2|25136|crew_log_87bda4569dde3e61|0|1786390523.197|100.187|3.131|404742144|436793344|gen_data_cd56b70634e9251c|__AUTOMETRIC__
__AUTOMETRIC__|0.1.2|25136|crew_log_87bda4569dde3e61|0|1786390524.201|98.063|3.064|404205568|436342784|gen_data_cd56b70634e9251c|__AUTOMETRIC__
__AUTOMETRIC__|0.1.2|25136|crew_log_87bda4569dde3e61|0|1786390525.214|100.218|3.132|404770816|436998144|gen_data_cd56b70634e9251c|__AUTOMETRIC__
__AUTOMETRIC__|0.1.2|25136|crew_log_87bda4569dde3e61|0|1786390526.229|101.636|3.176|404852736|436903936|gen_data_cd56b70634e9251c|__AUTOMETRIC__
__AUTOMETRIC__|0.1.2|25136|crew_log_87bda4569dde3e61|0|1786390527.231|101.348|3.167|404672512|436731904|gen_data_cd56b70634e9251c|__AUTOMETRIC__
__AUTOMETRIC__|0.1.2|25136|crew_log_87bda4569dde3e61|0|1786390528.246|98.489|3.078|404897792|436973568|gen_data_cd56b70634e9251c|__AUTOMETRIC__
__AUTOMETRIC__|0.1.2|25136|crew_log_87bda4569dde3e61|0|1786390529.248|98.261|3.071|405114880|437174272|gen_data_cd56b70634e9251c|__AUTOMETRIC__
__AUTOMETRIC__|0.1.2|25136|crew_log_87bda4569dde3e61|0|1786390530.259|97.362|3.043|404828160|436887552|gen_data_cd56b70634e9251c|__AUTOMETRIC__
__AUTOMETRIC__|0.1.2|25136|crew_log_87bda4569dde3e61|0|1786390531.275|99.967|3.124|405172224|437248000|gen_data_cd56b70634e9251c|__AUTOMETRIC__
__AUTOMETRIC__|0.1.2|25136|crew_log_87bda4569dde3e61|0|1786390532.279|101.138|3.161|405000192|437051392|gen_data_cd56b70634e9251c|__AUTOMETRIC__
__AUTOMETRIC__|0.1.2|25136|crew_log_87bda4569dde3e61|0|1786390533.282|99.696|3.115|404934656|436985856|gen_data_cd56b70634e9251c|__AUTOMETRIC__
__AUTOMETRIC__|0.1.2|25136|crew_log_87bda4569dde3e61|0|1786390534.297|100.078|3.127|405090304|437141504|gen_data_cd56b70634e9251c|__AUTOMETRIC__
__AUTOMETRIC__|0.1.2|25136|crew_log_87bda4569dde3e61|0|1786390535.310|98.704|3.085|404987904|437039104|gen_data_cd56b70634e9251c|__AUTOMETRIC__
__AUTOMETRIC__|0.1.2|25136|crew_log_87bda4569dde3e61|0|1786390536.320|100.608|3.144|404840448|436891648|gen_data_cd56b70634e9251c|__AUTOMETRIC__
__AUTOMETRIC__|0.1.2|25136|crew_log_87bda4569dde3e61|0|1786390537.326|97.860|3.058|404881408|436932608|gen_data_cd56b70634e9251c|__AUTOMETRIC__
__AUTOMETRIC__|0.1.2|25136|crew_log_87bda4569dde3e61|0|1786390538.336|102.039|3.189|404959232|437010432|gen_data_cd56b70634e9251c|__AUTOMETRIC__
__AUTOMETRIC__|0.1.2|25136|crew_log_87bda4569dde3e61|0|1786390539.337|99.984|3.125|405348352|437399552|gen_data_cd56b70634e9251c|__AUTOMETRIC__
__AUTOMETRIC__|0.1.2|25136|crew_log_87bda4569dde3e61|0|1786390540.350|97.108|3.035|405360640|437411840|gen_data_cd56b70634e9251c|__AUTOMETRIC__
__AUTOMETRIC__|0.1.2|25136|crew_log_87bda4569dde3e61|0|1786390541.353|99.730|3.117|405393408|437448704|gen_data_cd56b70634e9251c|__AUTOMETRIC__
__AUTOMETRIC__|0.1.2|25136|crew_log_87bda4569dde3e61|0|1786390542.368|100.097|3.128|405164032|437219328|gen_data_cd56b70634e9251c|__AUTOMETRIC__
__AUTOMETRIC__|0.1.2|25136|crew_log_87bda4569dde3e61|0|1786390543.379|100.434|3.139|405360640|437415936|gen_data_cd56b70634e9251c|__AUTOMETRIC__
__AUTOMETRIC__|0.1.2|25136|crew_log_87bda4569dde3e61|0|1786390544.380|99.833|3.120|405413888|437465088|gen_data_cd56b70634e9251c|__AUTOMETRIC__
__AUTOMETRIC__|0.1.2|25136|crew_log_87bda4569dde3e61|0|1786390545.396|98.518|3.079|405151744|437202944|gen_data_cd56b70634e9251c|__AUTOMETRIC__
__AUTOMETRIC__|0.1.2|25136|crew_log_87bda4569dde3e61|0|1786390546.409|98.704|3.084|405102592|437153792|gen_data_cd56b70634e9251c|__AUTOMETRIC__
__AUTOMETRIC__|0.1.2|25136|crew_log_87bda4569dde3e61|0|1786390547.414|99.444|3.108|405188608|437239808|gen_data_cd56b70634e9251c|__AUTOMETRIC__
__AUTOMETRIC__|0.1.2|25136|crew_log_87bda4569dde3e61|0|1786390548.425|100.509|3.141|405413888|437465088|gen_data_cd56b70634e9251c|__AUTOMETRIC__
__AUTOMETRIC__|0.1.2|25136|crew_log_87bda4569dde3e61|0|1786390549.432|96.210|3.007|405389312|437440512|gen_data_cd56b70634e9251c|__AUTOMETRIC__
__AUTOMETRIC__|0.1.2|25136|crew_log_87bda4569dde3e61|0|1786390550.441|99.046|3.095|405487616|437547008|gen_data_cd56b70634e9251c|__AUTOMETRIC__
__AUTOMETRIC__|0.1.2|25136|crew_log_87bda4569dde3e61|0|1786390551.444|99.716|3.116|405512192|437563392|gen_data_cd56b70634e9251c|__AUTOMETRIC__
__AUTOMETRIC__|0.1.2|25136|crew_log_87bda4569dde3e61|0|1786390552.446|99.783|3.118|405303296|437354496|gen_data_cd56b70634e9251c|__AUTOMETRIC__
__AUTOMETRIC__|0.1.2|25136|crew_log_87bda4569dde3e61|0|1786390553.448|99.796|3.119|405118976|437170176|gen_data_cd56b70634e9251c|__AUTOMETRIC__
__AUTOMETRIC__|0.1.2|25136|crew_log_87bda4569dde3e61|0|1786390554.450|98.271|3.071|405340160|437391360|gen_data_cd56b70634e9251c|__AUTOMETRIC__
__AUTOMETRIC__|0.1.2|25136|crew_log_87bda4569dde3e61|0|1786390555.453|102.843|3.214|405184512|437235712|gen_data_cd56b70634e9251c|__AUTOMETRIC__
__AUTOMETRIC__|0.1.2|25136|crew_log_87bda4569dde3e61|0|1786390556.460|99.276|3.102|405180416|437231616|gen_data_cd56b70634e9251c|__AUTOMETRIC__
__AUTOMETRIC__|0.1.2|25136|crew_log_87bda4569dde3e61|0|1786390557.470|100.552|3.142|405073920|437125120|gen_data_cd56b70634e9251c|__AUTOMETRIC__
__AUTOMETRIC__|0.1.2|25136|crew_log_87bda4569dde3e61|0|1786390558.474|98.080|3.065|405262336|437313536|gen_data_cd56b70634e9251c|__AUTOMETRIC__
__AUTOMETRIC__|0.1.2|25136|crew_log_87bda4569dde3e61|0|1786390559.485|97.315|3.041|405188608|437239808|gen_data_cd56b70634e9251c|__AUTOMETRIC__
__AUTOMETRIC__|0.1.2|25136|crew_log_87bda4569dde3e61|0|1786390560.499|100.196|3.131|405368832|437420032|gen_data_cd56b70634e9251c|__AUTOMETRIC__
__AUTOMETRIC__|0.1.2|25136|crew_log_87bda4569dde3e61|0|1786390561.504|99.494|3.109|405311488|437370880|gen_data_cd56b70634e9251c|__AUTOMETRIC__
__AUTOMETRIC__|0.1.2|25136|crew_log_87bda4569dde3e61|0|1786390562.507|98.113|3.066|405266432|437325824|gen_data_cd56b70634e9251c|__AUTOMETRIC__
__AUTOMETRIC__|0.1.2|25136|crew_log_87bda4569dde3e61|0|1786390563.508|99.929|3.123|405397504|437456896|gen_data_cd56b70634e9251c|__AUTOMETRIC__
__AUTOMETRIC__|0.1.2|25136|crew_log_87bda4569dde3e61|0|1786390564.522|100.185|3.131|405389312|437440512|gen_data_cd56b70634e9251c|__AUTOMETRIC__
__AUTOMETRIC__|0.1.2|25136|crew_log_87bda4569dde3e61|0|1786390565.524|99.749|3.117|405237760|437288960|gen_data_cd56b70634e9251c|__AUTOMETRIC__
__AUTOMETRIC__|0.1.2|25136|crew_log_87bda4569dde3e61|0|1786390566.525|99.890|3.122|405479424|437530624|gen_data_cd56b70634e9251c|__AUTOMETRIC__
__AUTOMETRIC__|0.1.2|25136|crew_log_87bda4569dde3e61|0|1786390567.536|98.955|3.092|405278720|437329920|gen_data_cd56b70634e9251c|__AUTOMETRIC__
__AUTOMETRIC__|0.1.2|25136|crew_log_87bda4569dde3e61|0|1786390568.547|98.875|3.090|405184512|437235712|gen_data_cd56b70634e9251c|__AUTOMETRIC__
__AUTOMETRIC__|0.1.2|25136|crew_log_87bda4569dde3e61|0|1786390569.563|98.479|3.077|405413888|437465088|gen_data_cd56b70634e9251c|__AUTOMETRIC__
__AUTOMETRIC__|0.1.2|25136|crew_log_87bda4569dde3e61|0|1786390570.578|100.063|3.127|405278720|437329920|gen_data_cd56b70634e9251c|__AUTOMETRIC__
__AUTOMETRIC__|0.1.2|25136|crew_log_87bda4569dde3e61|0|1786390571.578|98.425|3.076|405225472|437276672|gen_data_cd56b70634e9251c|__AUTOMETRIC__
__AUTOMETRIC__|0.1.2|25136|crew_log_87bda4569dde3e61|0|1786390572.579|99.888|3.122|405467136|437518336|gen_data_cd56b70634e9251c|__AUTOMETRIC__
__AUTOMETRIC__|0.1.2|25136|crew_log_87bda4569dde3e61|0|1786390573.583|99.592|3.112|405356544|437407744|gen_data_cd56b70634e9251c|__AUTOMETRIC__
__AUTOMETRIC__|0.1.2|25136|crew_log_87bda4569dde3e61|0|1786390574.597|98.657|3.083|405340160|437391360|gen_data_cd56b70634e9251c|__AUTOMETRIC__
__AUTOMETRIC__|0.1.2|25136|crew_log_87bda4569dde3e61|0|1786390575.609|100.360|3.136|405368832|437420032|gen_data_cd56b70634e9251c|__AUTOMETRIC__
__AUTOMETRIC__|0.1.2|25136|crew_log_87bda4569dde3e61|0|1786390576.621|98.760|3.086|405454848|437506048|gen_data_cd56b70634e9251c|__AUTOMETRIC__
__AUTOMETRIC__|0.1.2|25136|crew_log_87bda4569dde3e61|0|1786390577.623|101.357|3.167|405479424|437530624|gen_data_cd56b70634e9251c|__AUTOMETRIC__
__AUTOMETRIC__|0.1.2|25136|crew_log_87bda4569dde3e61|0|1786390578.625|96.673|3.021|405352448|437403648|gen_data_cd56b70634e9251c|__AUTOMETRIC__
__AUTOMETRIC__|0.1.2|25136|crew_log_87bda4569dde3e61|0|1786390579.633|99.273|3.102|405381120|437432320|gen_data_cd56b70634e9251c|__AUTOMETRIC__
__AUTOMETRIC__|0.1.2|25136|crew_log_87bda4569dde3e61|0|1786390580.642|100.637|3.145|405504000|437555200|gen_data_cd56b70634e9251c|__AUTOMETRIC__
__AUTOMETRIC__|0.1.2|25136|crew_log_87bda4569dde3e61|0|1786390581.647|99.483|3.109|405356544|437407744|gen_data_cd56b70634e9251c|__AUTOMETRIC__
__AUTOMETRIC__|0.1.2|25136|crew_log_87bda4569dde3e61|0|1786390582.654|99.319|3.104|405540864|437596160|gen_data_cd56b70634e9251c|__AUTOMETRIC__
__AUTOMETRIC__|0.1.2|25136|crew_log_87bda4569dde3e61|0|1786390583.665|102.033|3.189|405389312|437444608|gen_data_cd56b70634e9251c|__AUTOMETRIC__
__AUTOMETRIC__|0.1.2|25136|crew_log_87bda4569dde3e61|0|1786390584.668|99.626|3.113|405491712|437547008|gen_data_cd56b70634e9251c|__AUTOMETRIC__
__AUTOMETRIC__|0.1.2|25136|crew_log_87bda4569dde3e61|0|1786390585.683|101.617|3.176|405381120|437432320|gen_data_cd56b70634e9251c|__AUTOMETRIC__
__AUTOMETRIC__|0.1.2|25136|crew_log_87bda4569dde3e61|0|1786390586.689|102.588|3.206|405442560|437493760|gen_data_cd56b70634e9251c|__AUTOMETRIC__
__AUTOMETRIC__|0.1.2|25136|crew_log_87bda4569dde3e61|0|1786390587.702|100.187|3.131|405626880|437682176|gen_data_cd56b70634e9251c|__AUTOMETRIC__
__AUTOMETRIC__|0.1.2|25136|crew_log_87bda4569dde3e61|0|1786390588.715|98.740|3.086|405454848|437510144|gen_data_cd56b70634e9251c|__AUTOMETRIC__
__AUTOMETRIC__|0.1.2|25136|crew_log_87bda4569dde3e61|0|1786390589.716|101.428|3.170|405590016|437641216|gen_data_cd56b70634e9251c|__AUTOMETRIC__
__AUTOMETRIC__|0.1.2|25136|crew_log_87bda4569dde3e61|0|1786390590.728|98.838|3.089|405393408|437444608|gen_data_cd56b70634e9251c|__AUTOMETRIC__
__AUTOMETRIC__|0.1.2|25136|crew_log_87bda4569dde3e61|0|1786390591.731|99.745|3.117|405745664|437796864|gen_data_cd56b70634e9251c|__AUTOMETRIC__
__AUTOMETRIC__|0.1.2|25136|crew_log_87bda4569dde3e61|0|1786390592.747|99.920|3.123|405680128|437731328|gen_data_cd56b70634e9251c|__AUTOMETRIC__
__AUTOMETRIC__|0.1.2|25136|crew_log_87bda4569dde3e61|0|1786390593.751|102.707|3.210|405663744|437714944|gen_data_cd56b70634e9251c|__AUTOMETRIC__
__AUTOMETRIC__|0.1.2|25136|crew_log_87bda4569dde3e61|0|1786390594.753|99.855|3.120|405651456|437702656|gen_data_cd56b70634e9251c|__AUTOMETRIC__
__AUTOMETRIC__|0.1.2|25136|crew_log_87bda4569dde3e61|0|1786390595.755|98.240|3.070|405786624|437837824|gen_data_cd56b70634e9251c|__AUTOMETRIC__
__AUTOMETRIC__|0.1.2|25136|crew_log_87bda4569dde3e61|0|1786390596.769|98.590|3.081|405688320|437682176|gen_data_cd56b70634e9251c|__AUTOMETRIC__
__AUTOMETRIC__|0.1.2|25136|crew_log_87bda4569dde3e61|0|1786390597.784|98.538|3.079|405590016|437583872|gen_data_cd56b70634e9251c|__AUTOMETRIC__
__AUTOMETRIC__|0.1.2|25136|crew_log_87bda4569dde3e61|0|1786390598.787|99.648|3.114|405786624|437780480|gen_data_cd56b70634e9251c|__AUTOMETRIC__
__AUTOMETRIC__|0.1.2|25136|crew_log_87bda4569dde3e61|0|1786390599.791|99.639|3.114|405647360|437641216|gen_data_cd56b70634e9251c|__AUTOMETRIC__
__AUTOMETRIC__|0.1.2|25136|crew_log_87bda4569dde3e61|0|1786390600.799|99.164|3.099|405745664|437882880|gen_data_cd56b70634e9251c|__AUTOMETRIC__
__AUTOMETRIC__|0.1.2|25136|crew_log_87bda4569dde3e61|0|1786390601.805|97.897|3.059|405753856|437751808|gen_data_cd56b70634e9251c|__AUTOMETRIC__
__AUTOMETRIC__|0.1.2|25136|crew_log_87bda4569dde3e61|0|1786390602.817|98.841|3.089|405823488|437817344|gen_data_cd56b70634e9251c|__AUTOMETRIC__
__AUTOMETRIC__|0.1.2|25136|crew_log_87bda4569dde3e61|0|1786390603.830|98.646|3.083|405786624|437805056|gen_data_cd56b70634e9251c|__AUTOMETRIC__
__AUTOMETRIC__|0.1.2|25136|crew_log_87bda4569dde3e61|0|1786390604.833|98.128|3.066|405880832|437899264|gen_data_cd56b70634e9251c|__AUTOMETRIC__
__AUTOMETRIC__|0.1.2|25136|crew_log_87bda4569dde3e61|0|1786390605.840|97.756|3.055|405889024|437907456|gen_data_cd56b70634e9251c|__AUTOMETRIC__
__AUTOMETRIC__|0.1.2|25136|crew_log_87bda4569dde3e61|0|1786390606.855|100.088|3.128|405729280|437747712|gen_data_cd56b70634e9251c|__AUTOMETRIC__
__AUTOMETRIC__|0.1.2|25136|crew_log_87bda4569dde3e61|0|1786390607.870|101.629|3.176|405741568|437760000|gen_data_cd56b70634e9251c|__AUTOMETRIC__
__AUTOMETRIC__|0.1.2|25136|crew_log_87bda4569dde3e61|0|1786390608.875|101.028|3.157|405712896|437731328|gen_data_cd56b70634e9251c|__AUTOMETRIC__
__AUTOMETRIC__|0.1.2|25136|crew_log_87bda4569dde3e61|0|1786390609.879|99.628|3.113|405680128|437673984|gen_data_cd56b70634e9251c|__AUTOMETRIC__
__AUTOMETRIC__|0.1.2|25136|crew_log_87bda4569dde3e61|0|1786390610.881|99.816|3.119|405778432|437772288|gen_data_cd56b70634e9251c|__AUTOMETRIC__
__AUTOMETRIC__|0.1.2|25136|crew_log_87bda4569dde3e61|0|1786390611.894|97.195|3.037|405663744|437657600|gen_data_cd56b70634e9251c|__AUTOMETRIC__
__AUTOMETRIC__|0.1.2|25136|crew_log_87bda4569dde3e61|0|1786390612.899|99.472|3.108|405893120|437886976|gen_data_cd56b70634e9251c|__AUTOMETRIC__
__AUTOMETRIC__|0.1.2|25136|crew_log_87bda4569dde3e61|0|1786390613.905|97.866|3.058|405786624|437788672|gen_data_cd56b70634e9251c|__AUTOMETRIC__
__AUTOMETRIC__|0.1.2|25136|crew_log_87bda4569dde3e61|0|1786390614.919|98.568|3.080|405934080|437927936|gen_data_cd56b70634e9251c|__AUTOMETRIC__
__AUTOMETRIC__|0.1.2|25136|crew_log_87bda4569dde3e61|0|1786390615.930|100.466|3.140|405884928|437878784|gen_data_cd56b70634e9251c|__AUTOMETRIC__
__AUTOMETRIC__|0.1.2|25136|crew_log_87bda4569dde3e61|0|1786390616.933|99.694|3.115|405839872|437833728|gen_data_cd56b70634e9251c|__AUTOMETRIC__
__AUTOMETRIC__|0.1.2|25136|crew_log_87bda4569dde3e61|0|1786390617.936|101.265|3.165|405876736|437870592|gen_data_cd56b70634e9251c|__AUTOMETRIC__
__AUTOMETRIC__|0.1.2|25136|crew_log_87bda4569dde3e61|0|1786390618.940|98.097|3.066|405782528|437776384|gen_data_cd56b70634e9251c|__AUTOMETRIC__
__AUTOMETRIC__|0.1.2|25136|crew_log_87bda4569dde3e61|0|1786390619.950|95.915|2.997|405999616|437993472|gen_data_cd56b70634e9251c|__AUTOMETRIC__
__AUTOMETRIC__|0.1.2|25136|crew_log_87bda4569dde3e61|0|1786390620.952|102.908|3.216|405901312|437895168|gen_data_cd56b70634e9251c|__AUTOMETRIC__
__AUTOMETRIC__|0.1.2|25136|crew_log_87bda4569dde3e61|0|1786390621.964|97.206|3.038|405749760|437743616|gen_data_cd56b70634e9251c|__AUTOMETRIC__
__AUTOMETRIC__|0.1.2|25136|crew_log_87bda4569dde3e61|0|1786390622.980|99.963|3.124|405925888|437919744|gen_data_cd56b70634e9251c|__AUTOMETRIC__
__AUTOMETRIC__|0.1.2|25136|crew_log_87bda4569dde3e61|0|1786390623.985|104.215|3.257|405999616|438099968|gen_data_cd56b70634e9251c|__AUTOMETRIC__
__AUTOMETRIC__|0.1.2|25136|crew_log_87bda4569dde3e61|0|1786390624.991|99.416|3.107|406056960|438050816|gen_data_cd56b70634e9251c|__AUTOMETRIC__
__AUTOMETRIC__|0.1.2|25136|crew_log_87bda4569dde3e61|0|1786390625.996|99.446|3.108|406028288|438173696|gen_data_cd56b70634e9251c|__AUTOMETRIC__
__AUTOMETRIC__|0.1.2|25136|crew_log_87bda4569dde3e61|0|1786390627.009|100.256|3.133|406216704|438210560|gen_data_cd56b70634e9251c|__AUTOMETRIC__
__AUTOMETRIC__|0.1.2|25136|crew_log_87bda4569dde3e61|0|1786390628.019|100.573|3.143|405995520|437989376|gen_data_cd56b70634e9251c|__AUTOMETRIC__
__AUTOMETRIC__|0.1.2|25136|crew_log_87bda4569dde3e61|0|1786390629.027|99.266|3.102|405934080|437927936|gen_data_cd56b70634e9251c|__AUTOMETRIC__
__AUTOMETRIC__|0.1.2|25136|crew_log_87bda4569dde3e61|0|1786390630.034|100.825|3.151|405942272|437936128|gen_data_cd56b70634e9251c|__AUTOMETRIC__
__AUTOMETRIC__|0.1.2|25136|crew_log_87bda4569dde3e61|0|1786390631.049|100.035|3.126|406106112|438099968|gen_data_cd56b70634e9251c|__AUTOMETRIC__
__AUTOMETRIC__|0.1.2|25136|crew_log_87bda4569dde3e61|0|1786390632.055|99.463|3.108|406228992|438222848|gen_data_cd56b70634e9251c|__AUTOMETRIC__
__AUTOMETRIC__|0.1.2|25136|crew_log_87bda4569dde3e61|0|1786390633.067|100.315|3.135|406269952|438263808|gen_data_cd56b70634e9251c|__AUTOMETRIC__
__AUTOMETRIC__|0.1.2|25136|crew_log_87bda4569dde3e61|0|1786390634.067|99.971|3.124|405839872|437833728|gen_data_cd56b70634e9251c|__AUTOMETRIC__
__AUTOMETRIC__|0.1.2|25136|crew_log_87bda4569dde3e61|0|1786390635.069|99.832|3.120|406061056|438054912|gen_data_cd56b70634e9251c|__AUTOMETRIC__
__AUTOMETRIC__|0.1.2|25136|crew_log_87bda4569dde3e61|0|1786390636.070|99.879|3.121|406212608|438206464|gen_data_cd56b70634e9251c|__AUTOMETRIC__
__AUTOMETRIC__|0.1.2|25136|crew_log_87bda4569dde3e61|0|1786390637.085|100.120|3.129|406155264|438149120|gen_data_cd56b70634e9251c|__AUTOMETRIC__
__AUTOMETRIC__|0.1.2|25136|crew_log_87bda4569dde3e61|0|1786390638.098|100.228|3.132|406212608|438206464|gen_data_cd56b70634e9251c|__AUTOMETRIC__
__AUTOMETRIC__|0.1.2|25136|crew_log_87bda4569dde3e61|0|1786390639.112|100.205|3.131|406327296|438321152|gen_data_cd56b70634e9251c|__AUTOMETRIC__
__AUTOMETRIC__|0.1.2|25136|crew_log_87bda4569dde3e61|0|1786390640.127|100.018|3.126|406327296|438349824|gen_data_cd56b70634e9251c|__AUTOMETRIC__
__AUTOMETRIC__|0.1.2|25136|crew_log_87bda4569dde3e61|0|1786390641.128|99.858|3.121|406052864|438075392|gen_data_cd56b70634e9251c|__AUTOMETRIC__
__AUTOMETRIC__|0.1.2|25136|crew_log_87bda4569dde3e61|0|1786390642.129|99.941|3.123|405946368|437968896|gen_data_cd56b70634e9251c|__AUTOMETRIC__
__AUTOMETRIC__|0.1.2|25136|crew_log_87bda4569dde3e61|0|1786390643.144|98.543|3.079|406155264|438177792|gen_data_cd56b70634e9251c|__AUTOMETRIC__
__AUTOMETRIC__|0.1.2|25136|crew_log_87bda4569dde3e61|0|1786390644.152|99.170|3.099|406048768|438071296|gen_data_cd56b70634e9251c|__AUTOMETRIC__
__AUTOMETRIC__|0.1.2|25136|crew_log_87bda4569dde3e61|0|1786390645.156|102.701|3.209|405942272|437964800|gen_data_cd56b70634e9251c|__AUTOMETRIC__
__AUTOMETRIC__|0.1.2|25136|crew_log_87bda4569dde3e61|0|1786390646.159|98.125|3.066|406097920|438091776|gen_data_cd56b70634e9251c|__AUTOMETRIC__
__AUTOMETRIC__|0.1.2|25136|crew_log_87bda4569dde3e61|0|1786390647.174|98.599|3.081|406310912|438329344|gen_data_cd56b70634e9251c|__AUTOMETRIC__
__AUTOMETRIC__|0.1.2|25136|crew_log_87bda4569dde3e61|0|1786390648.177|99.682|3.115|406171648|438165504|gen_data_cd56b70634e9251c|__AUTOMETRIC__
__AUTOMETRIC__|0.1.2|25136|crew_log_87bda4569dde3e61|0|1786390649.183|99.402|3.106|406011904|438005760|gen_data_cd56b70634e9251c|__AUTOMETRIC__
__AUTOMETRIC__|0.1.2|25136|crew_log_87bda4569dde3e61|0|1786390650.187|101.109|3.160|406228992|438222848|gen_data_cd56b70634e9251c|__AUTOMETRIC__
__AUTOMETRIC__|0.1.2|25136|crew_log_87bda4569dde3e61|0|1786390651.203|99.964|3.124|406077440|438071296|gen_data_cd56b70634e9251c|__AUTOMETRIC__
__AUTOMETRIC__|0.1.2|25136|crew_log_87bda4569dde3e61|0|1786390652.205|99.796|3.119|406130688|438124544|gen_data_cd56b70634e9251c|__AUTOMETRIC__
__AUTOMETRIC__|0.1.2|25136|crew_log_87bda4569dde3e61|0|1786390653.206|98.331|3.073|406126592|438120448|gen_data_cd56b70634e9251c|__AUTOMETRIC__
__AUTOMETRIC__|0.1.2|25136|crew_log_87bda4569dde3e61|0|1786390654.221|100.150|3.130|406085632|438079488|gen_data_cd56b70634e9251c|__AUTOMETRIC__
__AUTOMETRIC__|0.1.2|25136|crew_log_87bda4569dde3e61|0|1786390655.224|99.641|3.114|406298624|438312960|gen_data_cd56b70634e9251c|__AUTOMETRIC__
__AUTOMETRIC__|0.1.2|25136|crew_log_87bda4569dde3e61|0|1786390656.233|100.644|3.145|406106112|438099968|gen_data_cd56b70634e9251c|__AUTOMETRIC__
__AUTOMETRIC__|0.1.2|25136|crew_log_87bda4569dde3e61|0|1786390657.249|99.994|3.125|406159360|438153216|gen_data_cd56b70634e9251c|__AUTOMETRIC__
__AUTOMETRIC__|0.1.2|25136|crew_log_87bda4569dde3e61|0|1786390658.259|97.424|3.044|406110208|438104064|gen_data_cd56b70634e9251c|__AUTOMETRIC__
__AUTOMETRIC__|0.1.2|25136|crew_log_87bda4569dde3e61|0|1786390659.261|99.871|3.121|406110208|438104064|gen_data_cd56b70634e9251c|__AUTOMETRIC__
__AUTOMETRIC__|0.1.2|25136|crew_log_87bda4569dde3e61|0|1786390660.274|100.207|3.131|406106112|438099968|gen_data_cd56b70634e9251c|__AUTOMETRIC__
__AUTOMETRIC__|0.1.2|25136|crew_log_87bda4569dde3e61|0|1786390661.282|100.807|3.150|406069248|438063104|gen_data_cd56b70634e9251c|__AUTOMETRIC__
__AUTOMETRIC__|0.1.2|25136|crew_log_87bda4569dde3e61|0|1786390662.290|99.218|3.101|406196224|438190080|gen_data_cd56b70634e9251c|__AUTOMETRIC__
__AUTOMETRIC__|0.1.2|25136|crew_log_87bda4569dde3e61|0|1786390663.295|101.015|3.157|406106112|438099968|gen_data_cd56b70634e9251c|__AUTOMETRIC__
__AUTOMETRIC__|0.1.2|25136|crew_log_87bda4569dde3e61|0|1786390664.310|100.103|3.128|406020096|438013952|gen_data_cd56b70634e9251c|__AUTOMETRIC__
__AUTOMETRIC__|0.1.2|25136|crew_log_87bda4569dde3e61|0|1786390665.311|99.901|3.122|406089728|438083584|gen_data_cd56b70634e9251c|__AUTOMETRIC__
__AUTOMETRIC__|0.1.2|25136|crew_log_87bda4569dde3e61|0|1786390666.321|99.016|3.094|406122496|438116352|gen_data_cd56b70634e9251c|__AUTOMETRIC__
__AUTOMETRIC__|0.1.2|25136|crew_log_87bda4569dde3e61|0|1786390667.327|100.882|3.153|406122496|438116352|gen_data_cd56b70634e9251c|__AUTOMETRIC__
__AUTOMETRIC__|0.1.2|25136|crew_log_87bda4569dde3e61|0|1786390668.339|98.855|3.089|406188032|438181888|gen_data_cd56b70634e9251c|__AUTOMETRIC__
__AUTOMETRIC__|0.1.2|25136|crew_log_87bda4569dde3e61|0|1786390669.348|99.141|3.098|406126592|438120448|gen_data_cd56b70634e9251c|__AUTOMETRIC__
__AUTOMETRIC__|0.1.2|25136|crew_log_87bda4569dde3e61|0|1786390670.356|99.188|3.100|406151168|438145024|gen_data_cd56b70634e9251c|__AUTOMETRIC__
__AUTOMETRIC__|0.1.2|25136|crew_log_87bda4569dde3e61|0|1786390671.360|102.642|3.208|405987328|437981184|gen_data_cd56b70634e9251c|__AUTOMETRIC__
__AUTOMETRIC__|0.1.2|25136|crew_log_87bda4569dde3e61|0|1786390672.375|100.145|3.130|406106112|438136832|gen_data_cd56b70634e9251c|__AUTOMETRIC__
__AUTOMETRIC__|0.1.2|25136|crew_log_87bda4569dde3e61|0|1786390673.383|99.151|3.098|406216704|438243328|gen_data_cd56b70634e9251c|__AUTOMETRIC__
__AUTOMETRIC__|0.1.2|25136|crew_log_87bda4569dde3e61|0|1786390674.396|98.699|3.084|406171648|438181888|gen_data_cd56b70634e9251c|__AUTOMETRIC__
__AUTOMETRIC__|0.1.2|25136|crew_log_87bda4569dde3e61|0|1786390675.412|99.963|3.124|406159360|438165504|gen_data_cd56b70634e9251c|__AUTOMETRIC__
__AUTOMETRIC__|0.1.2|25136|crew_log_87bda4569dde3e61|0|1786390676.417|97.970|3.062|406409216|438407168|gen_data_cd56b70634e9251c|__AUTOMETRIC__
__AUTOMETRIC__|0.1.2|25136|crew_log_87bda4569dde3e61|0|1786390677.420|98.161|3.068|406507520|438505472|gen_data_cd56b70634e9251c|__AUTOMETRIC__
__AUTOMETRIC__|0.1.2|25136|crew_log_87bda4569dde3e61|0|1786390678.435|97.018|3.032|406675456|438673408|gen_data_cd56b70634e9251c|__AUTOMETRIC__
__AUTOMETRIC__|0.1.2|25136|crew_log_87bda4569dde3e61|0|1786390679.445|100.493|3.140|406269952|438267904|gen_data_cd56b70634e9251c|__AUTOMETRIC__
__AUTOMETRIC__|0.1.2|25136|crew_log_87bda4569dde3e61|0|1786390680.461|96.922|3.029|406298624|438296576|gen_data_cd56b70634e9251c|__AUTOMETRIC__
__AUTOMETRIC__|0.1.2|25136|crew_log_87bda4569dde3e61|0|1786390681.475|100.132|3.129|406323200|438321152|gen_data_cd56b70634e9251c|__AUTOMETRIC__
__AUTOMETRIC__|0.1.2|25136|crew_log_87bda4569dde3e61|0|1786390682.480|99.559|3.111|406327296|438325248|gen_data_cd56b70634e9251c|__AUTOMETRIC__
__AUTOMETRIC__|0.1.2|25136|crew_log_87bda4569dde3e61|0|1786390683.482|102.843|3.214|406421504|438419456|gen_data_cd56b70634e9251c|__AUTOMETRIC__
__AUTOMETRIC__|0.1.2|25136|crew_log_87bda4569dde3e61|0|1786390684.488|99.416|3.107|406462464|438460416|gen_data_cd56b70634e9251c|__AUTOMETRIC__
__AUTOMETRIC__|0.1.2|25136|crew_log_87bda4569dde3e61|0|1786390685.491|99.715|3.116|406216704|438214656|gen_data_cd56b70634e9251c|__AUTOMETRIC__
__AUTOMETRIC__|0.1.2|25136|crew_log_87bda4569dde3e61|0|1786390686.503|98.826|3.088|406360064|438358016|gen_data_cd56b70634e9251c|__AUTOMETRIC__
__AUTOMETRIC__|0.1.2|25136|crew_log_87bda4569dde3e61|0|1786390687.509|97.844|3.058|406364160|438362112|gen_data_cd56b70634e9251c|__AUTOMETRIC__
__AUTOMETRIC__|0.1.2|25136|crew_log_87bda4569dde3e61|0|1786390688.523|98.646|3.083|406478848|438476800|gen_data_cd56b70634e9251c|__AUTOMETRIC__
__AUTOMETRIC__|0.1.2|25136|crew_log_87bda4569dde3e61|0|1786390689.528|97.937|3.061|406646784|438644736|gen_data_cd56b70634e9251c|__AUTOMETRIC__
__AUTOMETRIC__|0.1.2|25136|crew_log_87bda4569dde3e61|0|1786390690.532|101.169|3.162|406654976|438652928|gen_data_cd56b70634e9251c|__AUTOMETRIC__
__AUTOMETRIC__|0.1.2|25136|crew_log_87bda4569dde3e61|0|1786390691.548|99.894|3.122|406515712|438513664|gen_data_cd56b70634e9251c|__AUTOMETRIC__
__AUTOMETRIC__|0.1.2|25136|crew_log_87bda4569dde3e61|0|1786390692.552|96.566|3.018|406618112|438616064|gen_data_cd56b70634e9251c|__AUTOMETRIC__
__AUTOMETRIC__|0.1.2|25136|crew_log_87bda4569dde3e61|0|1786390693.566|100.097|3.128|406663168|438661120|gen_data_cd56b70634e9251c|__AUTOMETRIC__
__AUTOMETRIC__|0.1.2|25136|crew_log_87bda4569dde3e61|0|1786390694.569|99.729|3.117|406384640|438452224|gen_data_cd56b70634e9251c|__AUTOMETRIC__
__AUTOMETRIC__|0.1.2|25136|crew_log_87bda4569dde3e61|0|1786390695.585|99.926|3.123|406487040|438484992|gen_data_cd56b70634e9251c|__AUTOMETRIC__
__AUTOMETRIC__|0.1.2|25136|crew_log_87bda4569dde3e61|0|1786390696.596|98.905|3.091|406519808|438525952|gen_data_cd56b70634e9251c|__AUTOMETRIC__
__AUTOMETRIC__|0.1.2|25136|crew_log_87bda4569dde3e61|0|1786390697.611|100.149|3.130|406462464|438460416|gen_data_cd56b70634e9251c|__AUTOMETRIC__
__AUTOMETRIC__|0.1.2|25136|crew_log_87bda4569dde3e61|0|1786390698.617|96.229|3.007|406327296|438325248|gen_data_cd56b70634e9251c|__AUTOMETRIC__
__AUTOMETRIC__|0.1.2|25136|crew_log_87bda4569dde3e61|0|1786390699.629|100.399|3.137|406433792|438398976|gen_data_cd56b70634e9251c|__AUTOMETRIC__
__AUTOMETRIC__|0.1.2|25136|crew_log_87bda4569dde3e61|0|1786390700.632|99.668|3.115|406392832|438358016|gen_data_cd56b70634e9251c|__AUTOMETRIC__
__AUTOMETRIC__|0.1.2|25136|crew_log_87bda4569dde3e61|0|1786390701.638|100.991|3.156|406384640|438480896|gen_data_cd56b70634e9251c|__AUTOMETRIC__
__AUTOMETRIC__|0.1.2|25136|crew_log_87bda4569dde3e61|0|1786390702.651|98.675|3.084|406605824|438571008|gen_data_cd56b70634e9251c|__AUTOMETRIC__
__AUTOMETRIC__|0.1.2|25136|crew_log_87bda4569dde3e61|0|1786390703.664|100.280|3.134|406593536|438558720|gen_data_cd56b70634e9251c|__AUTOMETRIC__
__AUTOMETRIC__|0.1.2|25136|crew_log_87bda4569dde3e61|0|1786390704.680|100.005|3.125|406630400|438595584|gen_data_cd56b70634e9251c|__AUTOMETRIC__
__AUTOMETRIC__|0.1.2|25136|crew_log_87bda4569dde3e61|0|1786390705.694|98.570|3.080|406556672|438521856|gen_data_cd56b70634e9251c|__AUTOMETRIC__
__AUTOMETRIC__|0.1.2|25136|crew_log_87bda4569dde3e61|0|1786390706.706|98.804|3.088|406577152|438554624|gen_data_cd56b70634e9251c|__AUTOMETRIC__
__AUTOMETRIC__|0.1.2|25136|crew_log_87bda4569dde3e61|0|1786390707.714|99.244|3.101|406827008|438792192|gen_data_cd56b70634e9251c|__AUTOMETRIC__
__AUTOMETRIC__|0.1.2|25136|crew_log_87bda4569dde3e61|0|1786390708.718|101.137|3.161|406478848|438444032|gen_data_cd56b70634e9251c|__AUTOMETRIC__
__AUTOMETRIC__|0.1.2|25136|crew_log_87bda4569dde3e61|0|1786390709.726|99.170|3.099|406614016|438579200|gen_data_cd56b70634e9251c|__AUTOMETRIC__
__AUTOMETRIC__|0.1.2|25136|crew_log_87bda4569dde3e61|0|1786390710.740|100.221|3.132|490360832|522555392|gen_data_cd56b70634e9251c|__AUTOMETRIC__
__AUTOMETRIC__|0.1.2|25136|crew_log_87bda4569dde3e61|0|1786390711.755|100.048|3.127|491667456|523849728|gen_data_cd56b70634e9251c|__AUTOMETRIC__
__AUTOMETRIC__|0.1.2|25136|crew_log_87bda4569dde3e61|0|1786390712.755|98.435|3.076|491495424|523677696|gen_data_cd56b70634e9251c|__AUTOMETRIC__
__AUTOMETRIC__|0.1.2|25136|crew_log_87bda4569dde3e61|0|1786390713.765|100.567|3.143|491900928|524083200|gen_data_cd56b70634e9251c|__AUTOMETRIC__
__AUTOMETRIC__|0.1.2|25136|crew_log_87bda4569dde3e61|0|1786390714.780|98.535|3.079|491716608|523898880|gen_data_cd56b70634e9251c|__AUTOMETRIC__
__AUTOMETRIC__|0.1.2|25136|crew_log_87bda4569dde3e61|0|1786390715.794|101.637|3.176|491986944|524181504|gen_data_cd56b70634e9251c|__AUTOMETRIC__
__AUTOMETRIC__|0.1.2|25136|crew_log_87bda4569dde3e61|0|1786390716.801|97.770|3.055|491855872|524038144|gen_data_cd56b70634e9251c|__AUTOMETRIC__
__AUTOMETRIC__|0.1.2|25136|crew_log_87bda4569dde3e61|0|1786390717.806|98.018|3.063|491966464|524148736|gen_data_cd56b70634e9251c|__AUTOMETRIC__
__AUTOMETRIC__|0.1.2|25136|crew_log_87bda4569dde3e61|0|1786390718.811|99.406|3.106|491847680|524029952|gen_data_cd56b70634e9251c|__AUTOMETRIC__
__AUTOMETRIC__|0.1.2|25136|crew_log_87bda4569dde3e61|0|1786390719.823|98.864|3.089|491962368|524144640|gen_data_cd56b70634e9251c|__AUTOMETRIC__
__AUTOMETRIC__|0.1.2|25136|crew_log_87bda4569dde3e61|0|1786390720.824|99.894|3.122|492339200|524521472|gen_data_cd56b70634e9251c|__AUTOMETRIC__
__AUTOMETRIC__|0.1.2|25136|crew_log_87bda4569dde3e61|0|1786390721.838|101.730|3.179|492212224|524394496|gen_data_cd56b70634e9251c|__AUTOMETRIC__
__AUTOMETRIC__|0.1.2|25136|crew_log_87bda4569dde3e61|0|1786390722.853|100.016|3.125|491761664|523943936|gen_data_cd56b70634e9251c|__AUTOMETRIC__
__AUTOMETRIC__|0.1.2|25136|crew_log_87bda4569dde3e61|0|1786390723.857|99.630|3.113|491859968|524042240|gen_data_cd56b70634e9251c|__AUTOMETRIC__
__AUTOMETRIC__|0.1.2|25136|crew_log_87bda4569dde3e61|0|1786390724.863|100.904|3.153|492441600|524623872|gen_data_cd56b70634e9251c|__AUTOMETRIC__
__AUTOMETRIC__|0.1.2|25136|crew_log_87bda4569dde3e61|0|1786390725.866|99.786|3.118|492359680|524541952|gen_data_cd56b70634e9251c|__AUTOMETRIC__
__AUTOMETRIC__|0.1.2|25136|crew_log_87bda4569dde3e61|0|1786390726.870|96.484|3.015|492126208|524308480|gen_data_cd56b70634e9251c|__AUTOMETRIC__
__AUTOMETRIC__|0.1.2|25136|crew_log_87bda4569dde3e61|0|1786390727.871|98.324|3.073|492199936|524382208|gen_data_cd56b70634e9251c|__AUTOMETRIC__
__AUTOMETRIC__|0.1.2|25136|crew_log_87bda4569dde3e61|0|1786390728.883|100.339|3.136|492331008|524513280|gen_data_cd56b70634e9251c|__AUTOMETRIC__
__AUTOMETRIC__|0.1.2|25136|crew_log_87bda4569dde3e61|0|1786390729.899|99.979|3.124|491982848|524165120|gen_data_cd56b70634e9251c|__AUTOMETRIC__
__AUTOMETRIC__|0.1.2|25136|crew_log_87bda4569dde3e61|0|1786390730.914|100.032|3.126|492322816|524505088|gen_data_cd56b70634e9251c|__AUTOMETRIC__
__AUTOMETRIC__|0.1.2|25136|crew_log_87bda4569dde3e61|0|1786390731.927|98.704|3.085|492212224|524394496|gen_data_cd56b70634e9251c|__AUTOMETRIC__
__AUTOMETRIC__|0.1.2|25136|crew_log_87bda4569dde3e61|0|1786390732.933|97.859|3.058|492421120|524603392|gen_data_cd56b70634e9251c|__AUTOMETRIC__
__AUTOMETRIC__|0.1.2|25136|crew_log_87bda4569dde3e61|0|1786390733.947|101.728|3.179|492347392|524529664|gen_data_cd56b70634e9251c|__AUTOMETRIC__
__AUTOMETRIC__|0.1.2|25136|crew_log_87bda4569dde3e61|0|1786390734.954|100.841|3.151|492290048|524472320|gen_data_cd56b70634e9251c|__AUTOMETRIC__
__AUTOMETRIC__|0.1.2|25136|crew_log_87bda4569dde3e61|0|1786390735.960|99.364|3.105|492167168|524349440|gen_data_cd56b70634e9251c|__AUTOMETRIC__
__AUTOMETRIC__|0.1.2|25136|crew_log_87bda4569dde3e61|0|1786390736.963|99.781|3.118|492568576|524754944|gen_data_cd56b70634e9251c|__AUTOMETRIC__
__AUTOMETRIC__|0.1.2|25136|crew_log_87bda4569dde3e61|0|1786390737.974|100.462|3.139|492449792|524636160|gen_data_cd56b70634e9251c|__AUTOMETRIC__
__AUTOMETRIC__|0.1.2|25136|crew_log_87bda4569dde3e61|0|1786390738.975|99.905|3.122|492572672|524759040|gen_data_cd56b70634e9251c|__AUTOMETRIC__
__AUTOMETRIC__|0.1.2|25136|crew_log_87bda4569dde3e61|0|1786390739.986|100.437|3.139|492740608|524926976|gen_data_cd56b70634e9251c|__AUTOMETRIC__
__AUTOMETRIC__|0.1.2|25136|crew_log_87bda4569dde3e61|0|1786390740.988|98.182|3.068|492716032|524902400|gen_data_cd56b70634e9251c|__AUTOMETRIC__
__AUTOMETRIC__|0.1.2|25136|crew_log_87bda4569dde3e61|0|1786390741.993|99.490|3.109|492937216|525123584|gen_data_cd56b70634e9251c|__AUTOMETRIC__
__AUTOMETRIC__|0.1.2|25136|crew_log_87bda4569dde3e61|0|1786390743.007|100.212|3.132|492879872|525066240|gen_data_cd56b70634e9251c|__AUTOMETRIC__
__AUTOMETRIC__|0.1.2|25136|crew_log_87bda4569dde3e61|0|1786390744.007|98.392|3.075|492019712|524234752|gen_data_cd56b70634e9251c|__AUTOMETRIC__
__AUTOMETRIC__|0.1.2|25136|crew_log_87bda4569dde3e61|0|1786390745.010|99.728|3.116|492253184|524488704|gen_data_cd56b70634e9251c|__AUTOMETRIC__
__AUTOMETRIC__|0.1.2|25136|crew_log_87bda4569dde3e61|0|1786390746.017|100.842|3.151|492384256|524660736|gen_data_cd56b70634e9251c|__AUTOMETRIC__
__AUTOMETRIC__|0.1.2|25136|crew_log_87bda4569dde3e61|0|1786390747.030|100.323|3.135|492298240|524574720|gen_data_cd56b70634e9251c|__AUTOMETRIC__
__AUTOMETRIC__|0.1.2|25136|crew_log_87bda4569dde3e61|0|1786390748.034|99.530|3.110|492306432|524582912|gen_data_cd56b70634e9251c|__AUTOMETRIC__
__AUTOMETRIC__|0.1.2|25136|crew_log_87bda4569dde3e61|0|1786390749.050|100.029|3.126|492490752|524763136|gen_data_cd56b70634e9251c|__AUTOMETRIC__
__AUTOMETRIC__|0.1.2|25136|crew_log_87bda4569dde3e61|0|1786390750.067|99.868|3.121|492453888|524713984|gen_data_cd56b70634e9251c|__AUTOMETRIC__
__AUTOMETRIC__|0.1.2|25136|crew_log_87bda4569dde3e61|0|1786390751.082|100.016|3.125|492511232|524742656|gen_data_cd56b70634e9251c|__AUTOMETRIC__
__AUTOMETRIC__|0.1.2|25136|crew_log_87bda4569dde3e61|0|1786390752.095|100.284|3.134|492564480|524795904|gen_data_cd56b70634e9251c|__AUTOMETRIC__
__AUTOMETRIC__|0.1.2|25136|crew_log_87bda4569dde3e61|0|1786390753.099|96.506|3.016|492388352|524599296|gen_data_cd56b70634e9251c|__AUTOMETRIC__
__AUTOMETRIC__|0.1.2|25136|crew_log_87bda4569dde3e61|0|1786390754.102|99.675|3.115|492658688|524845056|gen_data_cd56b70634e9251c|__AUTOMETRIC__
__AUTOMETRIC__|0.1.2|25136|crew_log_87bda4569dde3e61|0|1786390755.110|99.244|3.101|492797952|524984320|gen_data_cd56b70634e9251c|__AUTOMETRIC__
__AUTOMETRIC__|0.1.2|25136|crew_log_87bda4569dde3e61|0|1786390756.124|98.574|3.080|493047808|525234176|gen_data_cd56b70634e9251c|__AUTOMETRIC__
__AUTOMETRIC__|0.1.2|25136|crew_log_87bda4569dde3e61|0|1786390757.128|98.057|3.064|492711936|524898304|gen_data_cd56b70634e9251c|__AUTOMETRIC__
__AUTOMETRIC__|0.1.2|25136|crew_log_87bda4569dde3e61|0|1786390758.136|99.216|3.101|492904448|525090816|gen_data_cd56b70634e9251c|__AUTOMETRIC__
__AUTOMETRIC__|0.1.2|25136|crew_log_87bda4569dde3e61|0|1786390759.152|101.485|3.171|493096960|525283328|gen_data_cd56b70634e9251c|__AUTOMETRIC__
__AUTOMETRIC__|0.1.2|25136|crew_log_87bda4569dde3e61|0|1786390760.157|101.062|3.158|492806144|524992512|gen_data_cd56b70634e9251c|__AUTOMETRIC__
__AUTOMETRIC__|0.1.2|25136|crew_log_87bda4569dde3e61|0|1786390761.163|99.361|3.105|492974080|525160448|gen_data_cd56b70634e9251c|__AUTOMETRIC__
__AUTOMETRIC__|0.1.2|25136|crew_log_87bda4569dde3e61|0|1786390762.167|101.245|3.164|492998656|525185024|gen_data_cd56b70634e9251c|__AUTOMETRIC__
__AUTOMETRIC__|0.1.2|25136|crew_log_87bda4569dde3e61|0|1786390763.182|100.063|3.127|492879872|525066240|gen_data_cd56b70634e9251c|__AUTOMETRIC__
__AUTOMETRIC__|0.1.2|25136|crew_log_87bda4569dde3e61|0|1786390764.197|99.966|3.124|492797952|525103104|gen_data_cd56b70634e9251c|__AUTOMETRIC__
__AUTOMETRIC__|0.1.2|25136|crew_log_87bda4569dde3e61|0|1786390765.209|100.395|3.137|492998656|525185024|gen_data_cd56b70634e9251c|__AUTOMETRIC__
__AUTOMETRIC__|0.1.2|25136|crew_log_87bda4569dde3e61|0|1786390766.216|94.629|2.957|493297664|525484032|gen_data_cd56b70634e9251c|__AUTOMETRIC__
__AUTOMETRIC__|0.1.2|25136|crew_log_87bda4569dde3e61|0|1786390767.232|101.518|3.172|492826624|525025280|gen_data_cd56b70634e9251c|__AUTOMETRIC__
__AUTOMETRIC__|0.1.2|25136|crew_log_87bda4569dde3e61|0|1786390768.237|99.566|3.111|492810240|524996608|gen_data_cd56b70634e9251c|__AUTOMETRIC__
__AUTOMETRIC__|0.1.2|25136|crew_log_87bda4569dde3e61|0|1786390769.253|98.424|3.076|492752896|525000704|gen_data_cd56b70634e9251c|__AUTOMETRIC__
__AUTOMETRIC__|0.1.2|25136|crew_log_87bda4569dde3e61|0|1786390770.267|98.606|3.081|492969984|525156352|gen_data_cd56b70634e9251c|__AUTOMETRIC__
__AUTOMETRIC__|0.1.2|25136|crew_log_87bda4569dde3e61|0|1786390771.272|99.469|3.108|492969984|525156352|gen_data_cd56b70634e9251c|__AUTOMETRIC__
__AUTOMETRIC__|0.1.2|25136|crew_log_87bda4569dde3e61|0|1786390772.284|100.375|3.137|492802048|524988416|gen_data_cd56b70634e9251c|__AUTOMETRIC__
__AUTOMETRIC__|0.1.2|25136|crew_log_87bda4569dde3e61|0|1786390773.296|100.330|3.135|492785664|524972032|gen_data_cd56b70634e9251c|__AUTOMETRIC__
__AUTOMETRIC__|0.1.2|25136|crew_log_87bda4569dde3e61|0|1786390774.297|98.323|3.073|492847104|525131776|gen_data_cd56b70634e9251c|__AUTOMETRIC__
__AUTOMETRIC__|0.1.2|25136|crew_log_87bda4569dde3e61|0|1786390775.302|99.528|3.110|492990464|525275136|gen_data_cd56b70634e9251c|__AUTOMETRIC__
__AUTOMETRIC__|0.1.2|25136|crew_log_87bda4569dde3e61|0|1786390776.309|99.312|3.104|492978176|525254656|gen_data_cd56b70634e9251c|__AUTOMETRIC__
__AUTOMETRIC__|0.1.2|25136|crew_log_87bda4569dde3e61|0|1786390777.314|97.973|3.062|493117440|525344768|gen_data_cd56b70634e9251c|__AUTOMETRIC__
__AUTOMETRIC__|0.1.2|25136|crew_log_87bda4569dde3e61|0|1786390778.326|98.802|3.088|493060096|525340672|gen_data_cd56b70634e9251c|__AUTOMETRIC__
__AUTOMETRIC__|0.1.2|25136|crew_log_87bda4569dde3e61|0|1786390779.327|99.883|3.121|493101056|525361152|gen_data_cd56b70634e9251c|__AUTOMETRIC__
__AUTOMETRIC__|0.1.2|25136|crew_log_87bda4569dde3e61|0|1786390780.341|98.641|3.083|492953600|525180928|gen_data_cd56b70634e9251c|__AUTOMETRIC__
__AUTOMETRIC__|0.1.2|25136|crew_log_87bda4569dde3e61|0|1786390781.355|98.636|3.082|492978176|525205504|gen_data_cd56b70634e9251c|__AUTOMETRIC__
__AUTOMETRIC__|0.1.2|25136|crew_log_87bda4569dde3e61|0|1786390782.361|102.483|3.203|493060096|525287424|gen_data_cd56b70634e9251c|__AUTOMETRIC__
__AUTOMETRIC__|0.1.2|25136|crew_log_87bda4569dde3e61|0|1786390783.376|100.033|3.126|493322240|525549568|gen_data_cd56b70634e9251c|__AUTOMETRIC__
__AUTOMETRIC__|0.1.2|25136|crew_log_87bda4569dde3e61|0|1786390784.392|96.950|3.030|493146112|525373440|gen_data_cd56b70634e9251c|__AUTOMETRIC__
__AUTOMETRIC__|0.1.2|25136|crew_log_87bda4569dde3e61|0|1786390785.405|100.163|3.130|493232128|525459456|gen_data_cd56b70634e9251c|__AUTOMETRIC__
__AUTOMETRIC__|0.1.2|25136|crew_log_87bda4569dde3e61|0|1786390786.417|94.268|2.946|493109248|525336576|gen_data_cd56b70634e9251c|__AUTOMETRIC__
__AUTOMETRIC__|0.1.2|25136|crew_log_87bda4569dde3e61|0|1786390787.423|102.428|3.201|492834816|525148160|gen_data_cd56b70634e9251c|__AUTOMETRIC__
__AUTOMETRIC__|0.1.2|25136|crew_log_87bda4569dde3e61|0|1786390788.431|97.684|3.053|492875776|525103104|gen_data_cd56b70634e9251c|__AUTOMETRIC__
__AUTOMETRIC__|0.1.2|25136|crew_log_87bda4569dde3e61|0|1786390789.446|100.095|3.128|492728320|524988416|gen_data_cd56b70634e9251c|__AUTOMETRIC__
__AUTOMETRIC__|0.1.2|25136|crew_log_87bda4569dde3e61|0|1786390790.450|101.174|3.162|492888064|525164544|gen_data_cd56b70634e9251c|__AUTOMETRIC__
__AUTOMETRIC__|0.1.2|25136|crew_log_87bda4569dde3e61|0|1786390791.454|99.585|3.112|493109248|525295616|gen_data_cd56b70634e9251c|__AUTOMETRIC__
__AUTOMETRIC__|0.1.2|25136|crew_log_87bda4569dde3e61|0|1786390792.461|99.286|3.103|492986368|525172736|gen_data_cd56b70634e9251c|__AUTOMETRIC__
__AUTOMETRIC__|0.1.2|25136|crew_log_87bda4569dde3e61|0|1786390793.472|98.859|3.089|493068288|525254656|gen_data_cd56b70634e9251c|__AUTOMETRIC__
__AUTOMETRIC__|0.1.2|25136|crew_log_87bda4569dde3e61|0|1786390794.487|100.108|3.128|492662784|524984320|gen_data_cd56b70634e9251c|__AUTOMETRIC__
__AUTOMETRIC__|0.1.2|25136|crew_log_87bda4569dde3e61|0|1786390795.503|99.955|3.124|493195264|525381632|gen_data_cd56b70634e9251c|__AUTOMETRIC__
__AUTOMETRIC__|0.1.2|25136|crew_log_87bda4569dde3e61|0|1786390796.516|100.221|3.132|493158400|525344768|gen_data_cd56b70634e9251c|__AUTOMETRIC__
__AUTOMETRIC__|0.1.2|25136|crew_log_87bda4569dde3e61|0|1786390797.531|100.086|3.128|493027328|525246464|gen_data_cd56b70634e9251c|__AUTOMETRIC__
__AUTOMETRIC__|0.1.2|25136|crew_log_87bda4569dde3e61|0|1786390798.546|97.041|3.033|492892160|525103104|gen_data_cd56b70634e9251c|__AUTOMETRIC__
__AUTOMETRIC__|0.1.2|25136|crew_log_87bda4569dde3e61|0|1786390799.560|100.121|3.129|493268992|525479936|gen_data_cd56b70634e9251c|__AUTOMETRIC__
__AUTOMETRIC__|0.1.2|25136|crew_log_87bda4569dde3e61|0|1786390800.575|98.508|3.078|493056000|525254656|gen_data_cd56b70634e9251c|__AUTOMETRIC__
__AUTOMETRIC__|0.1.2|25136|crew_log_87bda4569dde3e61|0|1786390801.581|99.383|3.106|493211648|525410304|gen_data_cd56b70634e9251c|__AUTOMETRIC__
__AUTOMETRIC__|0.1.2|25136|crew_log_87bda4569dde3e61|0|1786390802.585|98.046|3.064|492916736|525209600|gen_data_cd56b70634e9251c|__AUTOMETRIC__
__AUTOMETRIC__|0.1.2|25136|crew_log_87bda4569dde3e61|0|1786390803.595|100.637|3.145|493240320|525438976|gen_data_cd56b70634e9251c|__AUTOMETRIC__
__AUTOMETRIC__|0.1.2|25136|crew_log_87bda4569dde3e61|0|1786390804.606|98.898|3.091|493219840|525418496|gen_data_cd56b70634e9251c|__AUTOMETRIC__
__AUTOMETRIC__|0.1.2|25136|crew_log_87bda4569dde3e61|0|1786390805.611|101.004|3.156|493092864|525332480|gen_data_cd56b70634e9251c|__AUTOMETRIC__
__AUTOMETRIC__|0.1.2|25136|crew_log_87bda4569dde3e61|0|1786390806.621|97.490|3.047|493092864|525332480|gen_data_cd56b70634e9251c|__AUTOMETRIC__
__AUTOMETRIC__|0.1.2|25136|crew_log_87bda4569dde3e61|0|1786390807.623|98.188|3.068|492953600|525172736|gen_data_cd56b70634e9251c|__AUTOMETRIC__
__AUTOMETRIC__|0.1.2|25136|crew_log_87bda4569dde3e61|0|1786390808.625|98.295|3.072|493334528|525533184|gen_data_cd56b70634e9251c|__AUTOMETRIC__
__AUTOMETRIC__|0.1.2|25136|crew_log_87bda4569dde3e61|0|1786390809.627|98.216|3.069|493211648|525410304|gen_data_cd56b70634e9251c|__AUTOMETRIC__
__AUTOMETRIC__|0.1.2|25136|crew_log_87bda4569dde3e61|0|1786390810.628|99.876|3.121|492937216|525139968|gen_data_cd56b70634e9251c|__AUTOMETRIC__
__AUTOMETRIC__|0.1.2|25136|crew_log_87bda4569dde3e61|0|1786390811.644|98.420|3.076|493457408|525651968|gen_data_cd56b70634e9251c|__AUTOMETRIC__
__AUTOMETRIC__|0.1.2|25136|crew_log_87bda4569dde3e61|0|1786390812.653|97.629|3.051|492666880|524853248|gen_data_cd56b70634e9251c|__AUTOMETRIC__
__AUTOMETRIC__|0.1.2|25136|crew_log_87bda4569dde3e61|0|1786390813.657|101.172|3.162|492978176|525172736|gen_data_cd56b70634e9251c|__AUTOMETRIC__
__AUTOMETRIC__|0.1.2|25136|crew_log_87bda4569dde3e61|0|1786390814.669|100.342|3.136|492621824|524816384|gen_data_cd56b70634e9251c|__AUTOMETRIC__
__AUTOMETRIC__|0.1.2|25136|crew_log_87bda4569dde3e61|0|1786390815.678|97.580|3.049|492646400|524832768|gen_data_cd56b70634e9251c|__AUTOMETRIC__
__AUTOMETRIC__|0.1.2|25136|crew_log_87bda4569dde3e61|0|1786390816.691|100.250|3.133|492892160|525078528|gen_data_cd56b70634e9251c|__AUTOMETRIC__
__AUTOMETRIC__|0.1.2|25136|crew_log_87bda4569dde3e61|0|1786390817.704|100.244|3.133|493174784|525361152|gen_data_cd56b70634e9251c|__AUTOMETRIC__
__AUTOMETRIC__|0.1.2|25136|crew_log_87bda4569dde3e61|0|1786390818.717|98.700|3.084|493109248|525295616|gen_data_cd56b70634e9251c|__AUTOMETRIC__
__AUTOMETRIC__|0.1.2|25136|crew_log_87bda4569dde3e61|0|1786390819.728|97.351|3.042|493137920|525324288|gen_data_cd56b70634e9251c|__AUTOMETRIC__
__AUTOMETRIC__|0.1.2|25136|crew_log_87bda4569dde3e61|0|1786390820.738|100.605|3.144|493146112|525377536|gen_data_cd56b70634e9251c|__AUTOMETRIC__
__AUTOMETRIC__|0.1.2|25136|crew_log_87bda4569dde3e61|0|1786390821.752|100.086|3.128|493072384|525279232|gen_data_cd56b70634e9251c|__AUTOMETRIC__
__AUTOMETRIC__|0.1.2|25136|crew_log_87bda4569dde3e61|0|1786390822.769|99.920|3.123|493199360|525406208|gen_data_cd56b70634e9251c|__AUTOMETRIC__
__AUTOMETRIC__|0.1.2|25136|crew_log_87bda4569dde3e61|0|1786390823.782|100.234|3.132|493268992|525475840|gen_data_cd56b70634e9251c|__AUTOMETRIC__
__AUTOMETRIC__|0.1.2|25136|crew_log_87bda4569dde3e61|0|1786390824.793|97.403|3.044|493015040|525221888|gen_data_cd56b70634e9251c|__AUTOMETRIC__
__AUTOMETRIC__|0.1.2|25136|crew_log_87bda4569dde3e61|0|1786390825.807|101.642|3.176|493277184|525529088|gen_data_cd56b70634e9251c|__AUTOMETRIC__
__AUTOMETRIC__|0.1.2|25136|crew_log_87bda4569dde3e61|0|1786390826.818|101.992|3.187|493355008|525606912|gen_data_cd56b70634e9251c|__AUTOMETRIC__
__AUTOMETRIC__|0.1.2|25136|crew_log_87bda4569dde3e61|0|1786390827.823|101.121|3.160|493137920|525385728|gen_data_cd56b70634e9251c|__AUTOMETRIC__
__AUTOMETRIC__|0.1.2|25136|crew_log_87bda4569dde3e61|0|1786390828.838|100.077|3.127|493092864|525312000|gen_data_cd56b70634e9251c|__AUTOMETRIC__
__AUTOMETRIC__|0.1.2|25136|crew_log_87bda4569dde3e61|0|1786390829.854|103.012|3.219|493424640|525643776|gen_data_cd56b70634e9251c|__AUTOMETRIC__
__AUTOMETRIC__|0.1.2|25136|crew_log_87bda4569dde3e61|0|1786390830.866|101.878|3.184|493711360|525914112|gen_data_cd56b70634e9251c|__AUTOMETRIC__
__AUTOMETRIC__|0.1.2|25136|crew_log_87bda4569dde3e61|0|1786390831.881|100.026|3.126|493527040|525713408|gen_data_cd56b70634e9251c|__AUTOMETRIC__
__AUTOMETRIC__|0.1.2|25136|crew_log_87bda4569dde3e61|0|1786390832.894|100.299|3.134|493764608|525950976|gen_data_cd56b70634e9251c|__AUTOMETRIC__
__AUTOMETRIC__|0.1.2|25136|crew_log_87bda4569dde3e61|0|1786390833.910|99.928|3.123|494051328|526237696|gen_data_cd56b70634e9251c|__AUTOMETRIC__
__AUTOMETRIC__|0.1.2|25136|crew_log_87bda4569dde3e61|0|1786390834.916|99.494|3.109|493416448|525602816|gen_data_cd56b70634e9251c|__AUTOMETRIC__
__AUTOMETRIC__|0.1.2|25136|crew_log_87bda4569dde3e61|0|1786390835.922|100.923|3.154|493207552|525393920|gen_data_cd56b70634e9251c|__AUTOMETRIC__
__AUTOMETRIC__|0.1.2|25136|crew_log_87bda4569dde3e61|0|1786390836.937|100.068|3.127|493264896|525451264|gen_data_cd56b70634e9251c|__AUTOMETRIC__
__AUTOMETRIC__|0.1.2|25136|crew_log_87bda4569dde3e61|0|1786390837.938|99.863|3.121|493314048|525500416|gen_data_cd56b70634e9251c|__AUTOMETRIC__
__AUTOMETRIC__|0.1.2|25136|crew_log_87bda4569dde3e61|0|1786390838.945|99.312|3.104|493207552|525393920|gen_data_cd56b70634e9251c|__AUTOMETRIC__
__AUTOMETRIC__|0.1.2|25136|crew_log_87bda4569dde3e61|0|1786390839.950|97.956|3.061|493391872|525578240|gen_data_cd56b70634e9251c|__AUTOMETRIC__
__AUTOMETRIC__|0.1.2|25136|crew_log_87bda4569dde3e61|0|1786390840.964|97.093|3.034|493170688|525373440|gen_data_cd56b70634e9251c|__AUTOMETRIC__
__AUTOMETRIC__|0.1.2|25136|crew_log_87bda4569dde3e61|0|1786390841.977|101.774|3.180|493584384|525787136|gen_data_cd56b70634e9251c|__AUTOMETRIC__
__AUTOMETRIC__|0.1.2|25136|crew_log_87bda4569dde3e61|0|1786390842.992|98.519|3.079|493821952|526045184|gen_data_cd56b70634e9251c|__AUTOMETRIC__
__AUTOMETRIC__|0.1.2|25136|crew_log_87bda4569dde3e61|0|1786390843.999|100.848|3.152|493875200|526090240|gen_data_cd56b70634e9251c|__AUTOMETRIC__
__AUTOMETRIC__|0.1.2|25136|crew_log_87bda4569dde3e61|0|1786390845.003|99.643|3.114|493936640|526135296|gen_data_cd56b70634e9251c|__AUTOMETRIC__
__AUTOMETRIC__|0.1.2|25136|crew_log_87bda4569dde3e61|0|1786390846.004|99.902|3.122|493383680|525582336|gen_data_cd56b70634e9251c|__AUTOMETRIC__
__AUTOMETRIC__|0.1.2|25136|crew_log_87bda4569dde3e61|0|1786390847.006|99.740|3.117|493600768|525799424|gen_data_cd56b70634e9251c|__AUTOMETRIC__
__AUTOMETRIC__|0.1.2|25136|crew_log_87bda4569dde3e61|0|1786390848.010|98.092|3.065|493531136|525774848|gen_data_cd56b70634e9251c|__AUTOMETRIC__
__AUTOMETRIC__|0.1.2|25136|crew_log_87bda4569dde3e61|0|1786390849.013|102.788|3.212|493305856|525549568|gen_data_cd56b70634e9251c|__AUTOMETRIC__
__AUTOMETRIC__|0.1.2|25136|crew_log_87bda4569dde3e61|0|1786390850.029|100.031|3.126|493613056|525856768|gen_data_cd56b70634e9251c|__AUTOMETRIC__
__AUTOMETRIC__|0.1.2|25136|crew_log_87bda4569dde3e61|0|1786390851.044|100.056|3.127|493740032|525983744|gen_data_cd56b70634e9251c|__AUTOMETRIC__
__AUTOMETRIC__|0.1.2|25136|crew_log_87bda4569dde3e61|0|1786390852.057|98.658|3.083|493543424|525787136|gen_data_cd56b70634e9251c|__AUTOMETRIC__
__AUTOMETRIC__|0.1.2|25136|crew_log_87bda4569dde3e61|0|1786390853.062|99.545|3.111|493645824|525889536|gen_data_cd56b70634e9251c|__AUTOMETRIC__
__AUTOMETRIC__|0.1.2|25136|crew_log_87bda4569dde3e61|0|1786390854.063|99.874|3.121|493707264|525950976|gen_data_cd56b70634e9251c|__AUTOMETRIC__
__AUTOMETRIC__|0.1.2|25136|crew_log_87bda4569dde3e61|0|1786390855.064|99.927|3.123|493711360|525955072|gen_data_cd56b70634e9251c|__AUTOMETRIC__
__AUTOMETRIC__|0.1.2|25136|crew_log_87bda4569dde3e61|0|1786390856.067|96.576|3.018|493506560|525729792|gen_data_cd56b70634e9251c|__AUTOMETRIC__
__AUTOMETRIC__|0.1.2|25136|crew_log_87bda4569dde3e61|0|1786390857.068|98.320|3.072|493772800|525959168|gen_data_cd56b70634e9251c|__AUTOMETRIC__
__AUTOMETRIC__|0.1.2|25136|crew_log_87bda4569dde3e61|0|1786390858.071|99.685|3.115|493793280|525979648|gen_data_cd56b70634e9251c|__AUTOMETRIC__
__AUTOMETRIC__|0.1.2|25136|crew_log_87bda4569dde3e61|0|1786390859.078|100.912|3.154|493793280|525979648|gen_data_cd56b70634e9251c|__AUTOMETRIC__
__AUTOMETRIC__|0.1.2|25136|crew_log_87bda4569dde3e61|0|1786390860.094|96.882|3.028|493674496|525860864|gen_data_cd56b70634e9251c|__AUTOMETRIC__
__AUTOMETRIC__|0.1.2|25136|crew_log_87bda4569dde3e61|0|1786390861.108|100.153|3.130|493867008|526053376|gen_data_cd56b70634e9251c|__AUTOMETRIC__
__AUTOMETRIC__|0.1.2|25136|crew_log_87bda4569dde3e61|0|1786390862.117|97.573|3.049|493539328|525856768|gen_data_cd56b70634e9251c|__AUTOMETRIC__
__AUTOMETRIC__|0.1.2|25136|crew_log_87bda4569dde3e61|0|1786390863.127|100.476|3.140|494440448|526630912|gen_data_cd56b70634e9251c|__AUTOMETRIC__
__AUTOMETRIC__|0.1.2|25136|crew_log_87bda4569dde3e61|0|1786390864.129|98.252|3.070|494206976|526397440|gen_data_cd56b70634e9251c|__AUTOMETRIC__
__AUTOMETRIC__|0.1.2|25136|crew_log_87bda4569dde3e61|0|1786390865.140|100.482|3.140|493948928|526213120|gen_data_cd56b70634e9251c|__AUTOMETRIC__
__AUTOMETRIC__|0.1.2|25136|crew_log_87bda4569dde3e61|0|1786390866.155|100.042|3.126|493903872|526139392|gen_data_cd56b70634e9251c|__AUTOMETRIC__
__AUTOMETRIC__|0.1.2|25136|crew_log_87bda4569dde3e61|0|1786390867.158|98.209|3.069|493924352|526159872|gen_data_cd56b70634e9251c|__AUTOMETRIC__
__AUTOMETRIC__|0.1.2|25136|crew_log_87bda4569dde3e61|0|1786390868.169|98.847|3.089|493993984|526229504|gen_data_cd56b70634e9251c|__AUTOMETRIC__
__AUTOMETRIC__|0.1.2|25136|crew_log_87bda4569dde3e61|0|1786390869.182|98.784|3.087|494252032|526442496|gen_data_cd56b70634e9251c|__AUTOMETRIC__
__AUTOMETRIC__|0.1.2|25136|crew_log_87bda4569dde3e61|0|1786390870.199|98.311|3.072|493867008|526057472|gen_data_cd56b70634e9251c|__AUTOMETRIC__
__AUTOMETRIC__|0.1.2|25136|crew_log_87bda4569dde3e61|0|1786390871.208|99.134|3.098|494133248|526323712|gen_data_cd56b70634e9251c|__AUTOMETRIC__
__AUTOMETRIC__|0.1.2|25136|crew_log_87bda4569dde3e61|0|1786390872.223|100.013|3.125|493789184|525979648|gen_data_cd56b70634e9251c|__AUTOMETRIC__
__AUTOMETRIC__|0.1.2|25136|crew_log_87bda4569dde3e61|0|1786390873.231|100.712|3.147|493723648|525914112|gen_data_cd56b70634e9251c|__AUTOMETRIC__
__AUTOMETRIC__|0.1.2|25136|crew_log_87bda4569dde3e61|0|1786390874.240|97.638|3.051|493891584|526082048|gen_data_cd56b70634e9251c|__AUTOMETRIC__
__AUTOMETRIC__|0.1.2|25136|crew_log_87bda4569dde3e61|0|1786390875.242|98.229|3.070|494030848|526221312|gen_data_cd56b70634e9251c|__AUTOMETRIC__
__AUTOMETRIC__|0.1.2|25136|crew_log_87bda4569dde3e61|0|1786390876.248|99.429|3.107|494080000|526270464|gen_data_cd56b70634e9251c|__AUTOMETRIC__
__AUTOMETRIC__|0.1.2|25136|crew_log_87bda4569dde3e61|0|1786390877.252|99.575|3.112|494112768|526303232|gen_data_cd56b70634e9251c|__AUTOMETRIC__
__AUTOMETRIC__|0.1.2|25136|crew_log_87bda4569dde3e61|0|1786390878.258|99.428|3.107|494538752|526729216|gen_data_cd56b70634e9251c|__AUTOMETRIC__
__AUTOMETRIC__|0.1.2|25136|crew_log_87bda4569dde3e61|0|1786390879.271|100.255|3.133|494608384|526798848|gen_data_cd56b70634e9251c|__AUTOMETRIC__
__AUTOMETRIC__|0.1.2|25136|crew_log_87bda4569dde3e61|0|1786390880.272|99.822|3.119|493977600|526168064|gen_data_cd56b70634e9251c|__AUTOMETRIC__
__AUTOMETRIC__|0.1.2|25136|crew_log_87bda4569dde3e61|0|1786390881.284|98.803|3.088|494039040|526229504|gen_data_cd56b70634e9251c|__AUTOMETRIC__
__AUTOMETRIC__|0.1.2|25136|crew_log_87bda4569dde3e61|0|1786390882.301|98.375|3.074|493924352|526114816|gen_data_cd56b70634e9251c|__AUTOMETRIC__
__AUTOMETRIC__|0.1.2|25136|crew_log_87bda4569dde3e61|0|1786390883.317|98.446|3.076|493940736|526131200|gen_data_cd56b70634e9251c|__AUTOMETRIC__
__AUTOMETRIC__|0.1.2|25136|crew_log_87bda4569dde3e61|0|1786390884.322|96.331|3.010|493858816|526049280|gen_data_cd56b70634e9251c|__AUTOMETRIC__
__AUTOMETRIC__|0.1.2|25136|crew_log_87bda4569dde3e61|0|1786390885.336|101.697|3.178|494088192|526315520|gen_data_cd56b70634e9251c|__AUTOMETRIC__
__AUTOMETRIC__|0.1.2|25136|crew_log_87bda4569dde3e61|0|1786390886.350|100.215|3.132|494092288|526311424|gen_data_cd56b70634e9251c|__AUTOMETRIC__
__AUTOMETRIC__|0.1.2|25136|crew_log_87bda4569dde3e61|0|1786390887.361|98.900|3.091|494309376|526516224|gen_data_cd56b70634e9251c|__AUTOMETRIC__
__AUTOMETRIC__|0.1.2|25136|crew_log_87bda4569dde3e61|0|1786390888.374|100.225|3.132|494297088|526503936|gen_data_cd56b70634e9251c|__AUTOMETRIC__
__AUTOMETRIC__|0.1.2|25136|crew_log_87bda4569dde3e61|0|1786390889.386|98.841|3.089|494215168|526409728|gen_data_cd56b70634e9251c|__AUTOMETRIC__
__AUTOMETRIC__|0.1.2|25136|crew_log_87bda4569dde3e61|0|1786390890.401|98.533|3.079|494256128|526454784|gen_data_cd56b70634e9251c|__AUTOMETRIC__
__AUTOMETRIC__|0.1.2|25136|crew_log_87bda4569dde3e61|0|1786390891.405|101.112|3.160|494260224|526458880|gen_data_cd56b70634e9251c|__AUTOMETRIC__
__AUTOMETRIC__|0.1.2|25136|crew_log_87bda4569dde3e61|0|1786390892.408|98.162|3.068|494333952|526532608|gen_data_cd56b70634e9251c|__AUTOMETRIC__
__AUTOMETRIC__|0.1.2|25136|crew_log_87bda4569dde3e61|0|1786390893.424|99.962|3.124|494211072|526409728|gen_data_cd56b70634e9251c|__AUTOMETRIC__
__AUTOMETRIC__|0.1.2|25136|crew_log_87bda4569dde3e61|0|1786390894.437|97.187|3.037|494227456|526426112|gen_data_cd56b70634e9251c|__AUTOMETRIC__
__AUTOMETRIC__|0.1.2|25136|crew_log_87bda4569dde3e61|0|1786390895.451|100.170|3.130|494100480|526299136|gen_data_cd56b70634e9251c|__AUTOMETRIC__
__AUTOMETRIC__|0.1.2|25136|crew_log_87bda4569dde3e61|0|1786390896.460|99.139|3.098|494309376|526503936|gen_data_cd56b70634e9251c|__AUTOMETRIC__
__AUTOMETRIC__|0.1.2|25136|crew_log_87bda4569dde3e61|0|1786390897.472|97.290|3.040|494350336|526630912|gen_data_cd56b70634e9251c|__AUTOMETRIC__
__AUTOMETRIC__|0.1.2|25136|crew_log_87bda4569dde3e61|0|1786390898.473|98.291|3.072|494206976|526487552|gen_data_cd56b70634e9251c|__AUTOMETRIC__
__AUTOMETRIC__|0.1.2|25136|crew_log_87bda4569dde3e61|0|1786390899.474|98.361|3.074|494485504|526749696|gen_data_cd56b70634e9251c|__AUTOMETRIC__
__AUTOMETRIC__|0.1.2|25136|crew_log_87bda4569dde3e61|0|1786390900.485|98.934|3.092|494546944|526770176|gen_data_cd56b70634e9251c|__AUTOMETRIC__
__AUTOMETRIC__|0.1.2|25136|crew_log_87bda4569dde3e61|0|1786390901.489|99.546|3.111|494469120|526692352|gen_data_cd56b70634e9251c|__AUTOMETRIC__
__AUTOMETRIC__|0.1.2|25136|crew_log_87bda4569dde3e61|0|1786390902.502|100.290|3.134|493965312|526192640|gen_data_cd56b70634e9251c|__AUTOMETRIC__
__AUTOMETRIC__|0.1.2|25136|crew_log_87bda4569dde3e61|0|1786390903.504|99.767|3.118|494006272|526266368|gen_data_cd56b70634e9251c|__AUTOMETRIC__
__AUTOMETRIC__|0.1.2|25136|crew_log_87bda4569dde3e61|0|1786390904.519|100.025|3.126|494047232|526290944|gen_data_cd56b70634e9251c|__AUTOMETRIC__
__AUTOMETRIC__|0.1.2|25136|crew_log_87bda4569dde3e61|0|1786390905.533|98.668|3.083|493895680|526139392|gen_data_cd56b70634e9251c|__AUTOMETRIC__
__AUTOMETRIC__|0.1.2|25136|crew_log_87bda4569dde3e61|0|1786390906.547|97.071|3.033|494055424|526299136|gen_data_cd56b70634e9251c|__AUTOMETRIC__
__AUTOMETRIC__|0.1.2|25136|crew_log_87bda4569dde3e61|0|1786390907.563|98.454|3.077|494321664|526565376|gen_data_cd56b70634e9251c|__AUTOMETRIC__
__AUTOMETRIC__|0.1.2|25136|crew_log_87bda4569dde3e61|0|1786390908.567|99.587|3.112|494190592|526426112|gen_data_cd56b70634e9251c|__AUTOMETRIC__
__AUTOMETRIC__|0.1.2|25136|crew_log_87bda4569dde3e61|0|1786390909.578|97.370|3.043|494190592|526426112|gen_data_cd56b70634e9251c|__AUTOMETRIC__
__AUTOMETRIC__|0.1.2|25136|crew_log_87bda4569dde3e61|0|1786390910.594|99.994|3.125|494178304|526409728|gen_data_cd56b70634e9251c|__AUTOMETRIC__
__AUTOMETRIC__|0.1.2|25136|crew_log_87bda4569dde3e61|0|1786390911.607|97.118|3.035|494223360|526471168|gen_data_cd56b70634e9251c|__AUTOMETRIC__
__AUTOMETRIC__|0.1.2|25136|crew_log_87bda4569dde3e61|0|1786390912.623|98.448|3.077|494321664|526565376|gen_data_cd56b70634e9251c|__AUTOMETRIC__
__AUTOMETRIC__|0.1.2|25136|crew_log_87bda4569dde3e61|0|1786390913.639|99.979|3.124|494333952|526577664|gen_data_cd56b70634e9251c|__AUTOMETRIC__
__AUTOMETRIC__|0.1.2|25136|crew_log_87bda4569dde3e61|0|1786390914.651|98.771|3.087|494551040|526790656|gen_data_cd56b70634e9251c|__AUTOMETRIC__
__AUTOMETRIC__|0.1.2|25136|crew_log_87bda4569dde3e61|0|1786390915.665|95.519|2.985|494534656|526774272|gen_data_cd56b70634e9251c|__AUTOMETRIC__
__AUTOMETRIC__|0.1.2|25136|crew_log_87bda4569dde3e61|0|1786390916.678|100.279|3.134|494362624|526602240|gen_data_cd56b70634e9251c|__AUTOMETRIC__
__AUTOMETRIC__|0.1.2|25136|crew_log_87bda4569dde3e61|0|1786390917.691|98.731|3.085|494522368|526761984|gen_data_cd56b70634e9251c|__AUTOMETRIC__
__AUTOMETRIC__|0.1.2|25136|crew_log_87bda4569dde3e61|0|1786390918.706|98.547|3.080|494485504|526725120|gen_data_cd56b70634e9251c|__AUTOMETRIC__
__AUTOMETRIC__|0.1.2|25136|crew_log_87bda4569dde3e61|0|1786390919.709|99.712|3.116|494432256|526671872|gen_data_cd56b70634e9251c|__AUTOMETRIC__
__AUTOMETRIC__|0.1.2|25136|crew_log_87bda4569dde3e61|0|1786390920.718|99.047|3.095|494256128|526495744|gen_data_cd56b70634e9251c|__AUTOMETRIC__
__AUTOMETRIC__|0.1.2|25136|crew_log_87bda4569dde3e61|0|1786390921.736|99.841|3.120|494346240|526585856|gen_data_cd56b70634e9251c|__AUTOMETRIC__
__AUTOMETRIC__|0.1.2|25136|crew_log_87bda4569dde3e61|0|1786390922.740|98.027|3.063|494571520|526811136|gen_data_cd56b70634e9251c|__AUTOMETRIC__
__AUTOMETRIC__|0.1.2|25136|crew_log_87bda4569dde3e61|0|1786390923.754|100.120|3.129|494387200|526626816|gen_data_cd56b70634e9251c|__AUTOMETRIC__
__AUTOMETRIC__|0.1.2|25136|crew_log_87bda4569dde3e61|0|1786390924.768|98.634|3.082|494321664|526561280|gen_data_cd56b70634e9251c|__AUTOMETRIC__
__AUTOMETRIC__|0.1.2|25136|crew_log_87bda4569dde3e61|0|1786390925.782|98.609|3.082|494825472|527048704|gen_data_cd56b70634e9251c|__AUTOMETRIC__
__AUTOMETRIC__|0.1.2|25136|crew_log_87bda4569dde3e61|0|1786390926.799|99.921|3.123|494280704|526503936|gen_data_cd56b70634e9251c|__AUTOMETRIC__
__AUTOMETRIC__|0.1.2|25136|crew_log_87bda4569dde3e61|0|1786390927.802|98.109|3.066|494563328|526786560|gen_data_cd56b70634e9251c|__AUTOMETRIC__
__AUTOMETRIC__|0.1.2|25136|crew_log_87bda4569dde3e61|0|1786390928.815|100.223|3.132|494415872|526639104|gen_data_cd56b70634e9251c|__AUTOMETRIC__
__AUTOMETRIC__|0.1.2|25136|crew_log_87bda4569dde3e61|0|1786390929.822|97.791|3.056|494202880|526426112|gen_data_cd56b70634e9251c|__AUTOMETRIC__
__AUTOMETRIC__|0.1.2|25136|crew_log_87bda4569dde3e61|0|1786390930.824|99.791|3.118|494346240|526569472|gen_data_cd56b70634e9251c|__AUTOMETRIC__
__AUTOMETRIC__|0.1.2|25136|crew_log_87bda4569dde3e61|0|1786390931.840|98.405|3.075|494211072|526434304|gen_data_cd56b70634e9251c|__AUTOMETRIC__
__AUTOMETRIC__|0.1.2|25136|crew_log_87bda4569dde3e61|0|1786390932.856|100.019|3.126|494559232|526786560|gen_data_cd56b70634e9251c|__AUTOMETRIC__
__AUTOMETRIC__|0.1.2|25136|crew_log_87bda4569dde3e61|0|1786390933.862|99.322|3.104|494608384|526835712|gen_data_cd56b70634e9251c|__AUTOMETRIC__
__AUTOMETRIC__|0.1.2|25136|crew_log_87bda4569dde3e61|0|1786390934.878|99.964|3.124|494735360|526970880|gen_data_cd56b70634e9251c|__AUTOMETRIC__
__AUTOMETRIC__|0.1.2|25136|crew_log_87bda4569dde3e61|0|1786390935.886|100.819|3.151|494514176|526741504|gen_data_cd56b70634e9251c|__AUTOMETRIC__
__AUTOMETRIC__|0.1.2|25136|crew_log_87bda4569dde3e61|0|1786390936.901|100.052|3.127|494473216|526700544|gen_data_cd56b70634e9251c|__AUTOMETRIC__
__AUTOMETRIC__|0.1.2|25136|crew_log_87bda4569dde3e61|0|1786390937.911|97.480|3.046|494452736|526680064|gen_data_cd56b70634e9251c|__AUTOMETRIC__
__AUTOMETRIC__|0.1.2|25136|crew_log_87bda4569dde3e61|0|1786390938.926|100.042|3.126|494592000|526819328|gen_data_cd56b70634e9251c|__AUTOMETRIC__
__AUTOMETRIC__|0.1.2|25136|crew_log_87bda4569dde3e61|0|1786390939.938|100.336|3.136|494583808|526807040|gen_data_cd56b70634e9251c|__AUTOMETRIC__
__AUTOMETRIC__|0.1.2|25136|crew_log_87bda4569dde3e61|0|1786390940.947|99.120|3.098|494686208|526909440|gen_data_cd56b70634e9251c|__AUTOMETRIC__
__AUTOMETRIC__|0.1.2|25136|crew_log_87bda4569dde3e61|0|1786390941.959|100.312|3.135|494841856|527065088|gen_data_cd56b70634e9251c|__AUTOMETRIC__
__AUTOMETRIC__|0.1.2|25136|crew_log_87bda4569dde3e61|0|1786390942.967|100.757|3.149|494628864|526852096|gen_data_cd56b70634e9251c|__AUTOMETRIC__
__AUTOMETRIC__|0.1.2|25136|crew_log_87bda4569dde3e61|0|1786390943.978|97.414|3.044|494821376|527044608|gen_data_cd56b70634e9251c|__AUTOMETRIC__
__AUTOMETRIC__|0.1.2|25136|crew_log_87bda4569dde3e61|0|1786390944.979|101.434|3.170|494641152|526876672|gen_data_cd56b70634e9251c|__AUTOMETRIC__
__AUTOMETRIC__|0.1.2|25136|crew_log_87bda4569dde3e61|0|1786390945.991|101.920|3.185|494989312|527212544|gen_data_cd56b70634e9251c|__AUTOMETRIC__
__AUTOMETRIC__|0.1.2|25136|crew_log_87bda4569dde3e61|0|1786390947.007|100.007|3.125|494428160|526663680|gen_data_cd56b70634e9251c|__AUTOMETRIC__
__AUTOMETRIC__|0.1.2|25136|crew_log_87bda4569dde3e61|0|1786390948.009|99.783|3.118|494985216|527224832|gen_data_cd56b70634e9251c|__AUTOMETRIC__
__AUTOMETRIC__|0.1.2|25136|crew_log_87bda4569dde3e61|0|1786390949.011|101.309|3.166|494936064|527171584|gen_data_cd56b70634e9251c|__AUTOMETRIC__
__AUTOMETRIC__|0.1.2|25136|crew_log_87bda4569dde3e61|0|1786390950.025|98.629|3.082|494686208|526921728|gen_data_cd56b70634e9251c|__AUTOMETRIC__
__AUTOMETRIC__|0.1.2|25136|crew_log_87bda4569dde3e61|0|1786390951.028|99.685|3.115|494833664|527065088|gen_data_cd56b70634e9251c|__AUTOMETRIC__
__AUTOMETRIC__|0.1.2|25136|crew_log_87bda4569dde3e61|0|1786390952.043|100.134|3.129|494751744|526979072|gen_data_cd56b70634e9251c|__AUTOMETRIC__
__AUTOMETRIC__|0.1.2|25136|crew_log_87bda4569dde3e61|0|1786390953.050|97.685|3.053|494829568|527056896|gen_data_cd56b70634e9251c|__AUTOMETRIC__
__AUTOMETRIC__|0.1.2|25136|crew_log_87bda4569dde3e61|0|1786390954.060|99.081|3.096|494596096|526819328|gen_data_cd56b70634e9251c|__AUTOMETRIC__
__AUTOMETRIC__|0.1.2|25136|crew_log_87bda4569dde3e61|0|1786390955.068|97.583|3.049|494927872|527196160|gen_data_cd56b70634e9251c|__AUTOMETRIC__
__AUTOMETRIC__|0.1.2|25136|crew_log_87bda4569dde3e61|0|1786390956.077|97.622|3.051|495230976|527478784|gen_data_cd56b70634e9251c|__AUTOMETRIC__
__AUTOMETRIC__|0.1.2|25136|crew_log_87bda4569dde3e61|0|1786390957.085|97.661|3.052|495128576|527376384|gen_data_cd56b70634e9251c|__AUTOMETRIC__
__AUTOMETRIC__|0.1.2|25136|crew_log_87bda4569dde3e61|0|1786390958.098|98.633|3.082|495079424|527327232|gen_data_cd56b70634e9251c|__AUTOMETRIC__
__AUTOMETRIC__|0.1.2|25136|crew_log_87bda4569dde3e61|0|1786390959.113|100.094|3.128|495202304|527450112|gen_data_cd56b70634e9251c|__AUTOMETRIC__
__AUTOMETRIC__|0.1.2|25136|crew_log_87bda4569dde3e61|0|1786390960.117|99.662|3.114|495288320|527544320|gen_data_cd56b70634e9251c|__AUTOMETRIC__
__AUTOMETRIC__|0.1.2|25136|crew_log_87bda4569dde3e61|0|1786390961.122|101.021|3.157|495255552|527511552|gen_data_cd56b70634e9251c|__AUTOMETRIC__
__AUTOMETRIC__|0.1.2|25136|crew_log_87bda4569dde3e61|0|1786390962.132|97.490|3.047|495120384|527360000|gen_data_cd56b70634e9251c|__AUTOMETRIC__
__AUTOMETRIC__|0.1.2|25136|crew_log_87bda4569dde3e61|0|1786390963.137|100.975|3.155|494841856|527065088|gen_data_cd56b70634e9251c|__AUTOMETRIC__
__AUTOMETRIC__|0.1.2|25136|crew_log_87bda4569dde3e61|0|1786390964.144|99.377|3.106|494985216|527208448|gen_data_cd56b70634e9251c|__AUTOMETRIC__
__AUTOMETRIC__|0.1.2|25136|crew_log_87bda4569dde3e61|0|1786390965.150|99.343|3.104|495161344|527384576|gen_data_cd56b70634e9251c|__AUTOMETRIC__
__AUTOMETRIC__|0.1.2|25136|crew_log_87bda4569dde3e61|0|1786390966.163|101.803|3.181|495194112|527446016|gen_data_cd56b70634e9251c|__AUTOMETRIC__
__AUTOMETRIC__|0.1.2|25136|crew_log_87bda4569dde3e61|0|1786390967.165|99.788|3.118|495341568|527552512|gen_data_cd56b70634e9251c|__AUTOMETRIC__
__AUTOMETRIC__|0.1.2|25136|crew_log_87bda4569dde3e61|0|1786390968.173|99.241|3.101|495390720|527601664|gen_data_cd56b70634e9251c|__AUTOMETRIC__
__AUTOMETRIC__|0.1.2|25136|crew_log_87bda4569dde3e61|0|1786390969.186|100.298|3.134|495280128|527470592|gen_data_cd56b70634e9251c|__AUTOMETRIC__
__AUTOMETRIC__|0.1.2|25136|crew_log_87bda4569dde3e61|0|1786390970.201|98.538|3.079|495153152|527343616|gen_data_cd56b70634e9251c|__AUTOMETRIC__
__AUTOMETRIC__|0.1.2|25136|crew_log_87bda4569dde3e61|0|1786390971.212|95.763|2.993|495042560|527233024|gen_data_cd56b70634e9251c|__AUTOMETRIC__
__AUTOMETRIC__|0.1.2|25136|crew_log_87bda4569dde3e61|0|1786390972.221|100.682|3.146|495153152|527462400|gen_data_cd56b70634e9251c|__AUTOMETRIC__
__AUTOMETRIC__|0.1.2|25136|crew_log_87bda4569dde3e61|0|1786390973.232|97.392|3.043|495038464|527228928|gen_data_cd56b70634e9251c|__AUTOMETRIC__
__AUTOMETRIC__|0.1.2|25136|crew_log_87bda4569dde3e61|0|1786390974.233|99.891|3.122|494956544|527147008|gen_data_cd56b70634e9251c|__AUTOMETRIC__
__AUTOMETRIC__|0.1.2|25136|crew_log_87bda4569dde3e61|0|1786390975.248|98.456|3.077|495341568|527536128|gen_data_cd56b70634e9251c|__AUTOMETRIC__
__AUTOMETRIC__|0.1.2|25136|crew_log_87bda4569dde3e61|0|1786390976.264|98.436|3.076|495157248|527360000|gen_data_cd56b70634e9251c|__AUTOMETRIC__
__AUTOMETRIC__|0.1.2|25136|crew_log_87bda4569dde3e61|0|1786390977.278|100.187|3.131|495247360|527450112|gen_data_cd56b70634e9251c|__AUTOMETRIC__
__AUTOMETRIC__|0.1.2|25136|crew_log_87bda4569dde3e61|0|1786390978.288|97.506|3.047|495165440|527368192|gen_data_cd56b70634e9251c|__AUTOMETRIC__
__AUTOMETRIC__|0.1.2|25136|crew_log_87bda4569dde3e61|0|1786390979.294|99.379|3.106|495218688|527413248|gen_data_cd56b70634e9251c|__AUTOMETRIC__
__AUTOMETRIC__|0.1.2|25136|crew_log_87bda4569dde3e61|0|1786390980.304|99.024|3.095|494567424|526761984|gen_data_cd56b70634e9251c|__AUTOMETRIC__
__AUTOMETRIC__|0.1.2|25136|crew_log_87bda4569dde3e61|0|1786390981.320|99.959|3.124|495013888|527208448|gen_data_cd56b70634e9251c|__AUTOMETRIC__
__AUTOMETRIC__|0.1.2|25136|crew_log_87bda4569dde3e61|0|1786390982.332|98.836|3.089|495149056|527347712|gen_data_cd56b70634e9251c|__AUTOMETRIC__
__AUTOMETRIC__|0.1.2|25136|crew_log_87bda4569dde3e61|0|1786390983.334|98.197|3.069|495161344|527360000|gen_data_cd56b70634e9251c|__AUTOMETRIC__
__AUTOMETRIC__|0.1.2|25136|crew_log_87bda4569dde3e61|0|1786390984.343|99.059|3.096|495349760|527548416|gen_data_cd56b70634e9251c|__AUTOMETRIC__
__AUTOMETRIC__|0.1.2|25136|crew_log_87bda4569dde3e61|0|1786390985.347|99.643|3.114|495144960|527343616|gen_data_cd56b70634e9251c|__AUTOMETRIC__
__AUTOMETRIC__|0.1.2|25136|crew_log_87bda4569dde3e61|0|1786390986.358|98.891|3.090|495124480|527323136|gen_data_cd56b70634e9251c|__AUTOMETRIC__
__AUTOMETRIC__|0.1.2|25136|crew_log_87bda4569dde3e61|0|1786390987.375|99.933|3.123|495357952|527556608|gen_data_cd56b70634e9251c|__AUTOMETRIC__
__AUTOMETRIC__|0.1.2|25136|crew_log_87bda4569dde3e61|0|1786390988.376|99.890|3.122|495026176|527224832|gen_data_cd56b70634e9251c|__AUTOMETRIC__
__AUTOMETRIC__|0.1.2|25136|crew_log_87bda4569dde3e61|0|1786390989.382|97.853|3.058|494985216|527183872|gen_data_cd56b70634e9251c|__AUTOMETRIC__
__AUTOMETRIC__|0.1.2|25136|crew_log_87bda4569dde3e61|0|1786390990.396|100.083|3.128|495390720|527581184|gen_data_cd56b70634e9251c|__AUTOMETRIC__
__AUTOMETRIC__|0.1.2|25136|crew_log_87bda4569dde3e61|0|1786390991.411|98.579|3.081|495058944|527249408|gen_data_cd56b70634e9251c|__AUTOMETRIC__
__AUTOMETRIC__|0.1.2|25136|crew_log_87bda4569dde3e61|0|1786390992.414|99.653|3.114|494829568|527044608|gen_data_cd56b70634e9251c|__AUTOMETRIC__
__AUTOMETRIC__|0.1.2|25136|crew_log_87bda4569dde3e61|0|1786390993.421|100.933|3.154|495058944|527273984|gen_data_cd56b70634e9251c|__AUTOMETRIC__
__AUTOMETRIC__|0.1.2|25136|crew_log_87bda4569dde3e61|0|1786390994.431|98.968|3.093|494923776|527138816|gen_data_cd56b70634e9251c|__AUTOMETRIC__
__AUTOMETRIC__|0.1.2|25136|crew_log_87bda4569dde3e61|0|1786390995.434|102.845|3.214|494899200|527114240|gen_data_cd56b70634e9251c|__AUTOMETRIC__
__AUTOMETRIC__|0.1.2|25136|crew_log_87bda4569dde3e61|0|1786390996.443|99.127|3.098|494989312|527204352|gen_data_cd56b70634e9251c|__AUTOMETRIC__
__AUTOMETRIC__|0.1.2|25136|crew_log_87bda4569dde3e61|0|1786390997.454|97.312|3.041|495267840|527470592|gen_data_cd56b70634e9251c|__AUTOMETRIC__
__AUTOMETRIC__|0.1.2|25136|crew_log_87bda4569dde3e61|0|1786390998.456|99.784|3.118|495280128|527482880|gen_data_cd56b70634e9251c|__AUTOMETRIC__
__AUTOMETRIC__|0.1.2|25136|crew_log_87bda4569dde3e61|0|1786390999.462|99.440|3.108|495181824|527454208|gen_data_cd56b70634e9251c|__AUTOMETRIC__
__AUTOMETRIC__|0.1.2|25136|crew_log_87bda4569dde3e61|0|1786391000.465|102.812|3.213|495190016|527437824|gen_data_cd56b70634e9251c|__AUTOMETRIC__
__AUTOMETRIC__|0.1.2|25136|crew_log_87bda4569dde3e61|0|1786391001.480|98.551|3.080|495185920|527433728|gen_data_cd56b70634e9251c|__AUTOMETRIC__
__AUTOMETRIC__|0.1.2|25136|crew_log_87bda4569dde3e61|0|1786391002.495|98.483|3.078|495456256|527704064|gen_data_cd56b70634e9251c|__AUTOMETRIC__
__AUTOMETRIC__|0.1.2|25136|crew_log_87bda4569dde3e61|0|1786391003.499|99.655|3.114|495120384|527364096|gen_data_cd56b70634e9251c|__AUTOMETRIC__
__AUTOMETRIC__|0.1.2|25136|crew_log_87bda4569dde3e61|0|1786391004.502|99.677|3.115|495181824|527425536|gen_data_cd56b70634e9251c|__AUTOMETRIC__
__AUTOMETRIC__|0.1.2|25136|crew_log_87bda4569dde3e61|0|1786391005.514|100.351|3.136|495452160|527695872|gen_data_cd56b70634e9251c|__AUTOMETRIC__
__AUTOMETRIC__|0.1.2|25136|crew_log_87bda4569dde3e61|0|1786391006.527|100.258|3.133|494981120|527192064|gen_data_cd56b70634e9251c|__AUTOMETRIC__
__AUTOMETRIC__|0.1.2|25136|crew_log_87bda4569dde3e61|0|1786391007.529|99.738|3.117|495366144|527577088|gen_data_cd56b70634e9251c|__AUTOMETRIC__
__AUTOMETRIC__|0.1.2|25136|crew_log_87bda4569dde3e61|0|1786391008.531|99.809|3.119|495169536|527380480|gen_data_cd56b70634e9251c|__AUTOMETRIC__
__AUTOMETRIC__|0.1.2|25136|crew_log_87bda4569dde3e61|0|1786391009.541|97.541|3.048|495353856|527548416|gen_data_cd56b70634e9251c|__AUTOMETRIC__
__AUTOMETRIC__|0.1.2|25136|crew_log_87bda4569dde3e61|0|1786391010.554|101.802|3.181|495300608|527495168|gen_data_cd56b70634e9251c|__AUTOMETRIC__
__AUTOMETRIC__|0.1.2|25136|crew_log_87bda4569dde3e61|0|1786391011.558|99.584|3.112|495448064|527642624|gen_data_cd56b70634e9251c|__AUTOMETRIC__
__AUTOMETRIC__|0.1.2|25136|crew_log_87bda4569dde3e61|0|1786391012.560|99.793|3.119|495071232|527261696|gen_data_cd56b70634e9251c|__AUTOMETRIC__
__AUTOMETRIC__|0.1.2|25136|crew_log_87bda4569dde3e61|0|1786391013.575|98.536|3.079|495095808|527302656|gen_data_cd56b70634e9251c|__AUTOMETRIC__
__AUTOMETRIC__|0.1.2|25136|crew_log_87bda4569dde3e61|0|1786391014.589|97.084|3.034|495329280|527536128|gen_data_cd56b70634e9251c|__AUTOMETRIC__
__AUTOMETRIC__|0.1.2|25136|crew_log_87bda4569dde3e61|0|1786391015.603|98.581|3.081|495312896|527515648|gen_data_cd56b70634e9251c|__AUTOMETRIC__
__AUTOMETRIC__|0.1.2|25136|crew_log_87bda4569dde3e61|0|1786391016.613|100.579|3.143|495333376|527527936|gen_data_cd56b70634e9251c|__AUTOMETRIC__
__AUTOMETRIC__|0.1.2|25136|crew_log_87bda4569dde3e61|0|1786391017.616|99.659|3.114|495263744|527458304|gen_data_cd56b70634e9251c|__AUTOMETRIC__
__AUTOMETRIC__|0.1.2|25136|crew_log_87bda4569dde3e61|0|1786391018.619|99.686|3.115|495366144|527560704|gen_data_cd56b70634e9251c|__AUTOMETRIC__
__AUTOMETRIC__|0.1.2|25136|crew_log_87bda4569dde3e61|0|1786391019.622|99.775|3.118|495099904|527294464|gen_data_cd56b70634e9251c|__AUTOMETRIC__
__AUTOMETRIC__|0.1.2|25136|crew_log_87bda4569dde3e61|0|1786391020.636|98.548|3.080|495300608|527499264|gen_data_cd56b70634e9251c|__AUTOMETRIC__
__AUTOMETRIC__|0.1.2|25136|crew_log_87bda4569dde3e61|0|1786391021.651|98.526|3.079|495333376|527532032|gen_data_cd56b70634e9251c|__AUTOMETRIC__
__AUTOMETRIC__|0.1.2|25136|crew_log_87bda4569dde3e61|0|1786391022.654|101.287|3.165|495566848|527757312|gen_data_cd56b70634e9251c|__AUTOMETRIC__
__AUTOMETRIC__|0.1.2|25136|crew_log_87bda4569dde3e61|0|1786391023.658|99.654|3.114|495558656|527757312|gen_data_cd56b70634e9251c|__AUTOMETRIC__
__AUTOMETRIC__|0.1.2|25136|crew_log_87bda4569dde3e61|0|1786391024.672|100.074|3.127|495288320|527486976|gen_data_cd56b70634e9251c|__AUTOMETRIC__
__AUTOMETRIC__|0.1.2|25136|crew_log_87bda4569dde3e61|0|1786391025.674|98.302|3.072|495521792|527761408|gen_data_cd56b70634e9251c|__AUTOMETRIC__
__AUTOMETRIC__|0.1.2|25136|crew_log_87bda4569dde3e61|0|1786391026.689|98.535|3.079|495427584|527622144|gen_data_cd56b70634e9251c|__AUTOMETRIC__
__AUTOMETRIC__|0.1.2|25136|crew_log_87bda4569dde3e61|0|1786391027.692|98.102|3.066|495333376|527527936|gen_data_cd56b70634e9251c|__AUTOMETRIC__
__AUTOMETRIC__|0.1.2|25136|crew_log_87bda4569dde3e61|0|1786391028.699|100.899|3.153|495476736|527667200|gen_data_cd56b70634e9251c|__AUTOMETRIC__
__AUTOMETRIC__|0.1.2|25136|crew_log_87bda4569dde3e61|0|1786391029.702|98.127|3.066|495476736|527683584|gen_data_cd56b70634e9251c|__AUTOMETRIC__
__AUTOMETRIC__|0.1.2|25136|crew_log_87bda4569dde3e61|0|1786391030.705|98.148|3.067|495513600|527720448|gen_data_cd56b70634e9251c|__AUTOMETRIC__
__AUTOMETRIC__|0.1.2|25136|crew_log_87bda4569dde3e61|0|1786391031.712|99.263|3.102|495558656|527749120|gen_data_cd56b70634e9251c|__AUTOMETRIC__
__AUTOMETRIC__|0.1.2|25136|crew_log_87bda4569dde3e61|0|1786391032.715|101.297|3.166|495001600|527200256|gen_data_cd56b70634e9251c|__AUTOMETRIC__
__AUTOMETRIC__|0.1.2|25136|crew_log_87bda4569dde3e61|0|1786391033.723|99.175|3.099|495255552|527454208|gen_data_cd56b70634e9251c|__AUTOMETRIC__
__AUTOMETRIC__|0.1.2|25136|crew_log_87bda4569dde3e61|0|1786391034.727|98.014|3.063|495165440|527372288|gen_data_cd56b70634e9251c|__AUTOMETRIC__
__AUTOMETRIC__|0.1.2|25136|crew_log_87bda4569dde3e61|0|1786391035.735|97.734|3.054|495300608|527622144|gen_data_cd56b70634e9251c|__AUTOMETRIC__
__AUTOMETRIC__|0.1.2|25136|crew_log_87bda4569dde3e61|0|1786391036.751|99.975|3.124|495288320|527491072|gen_data_cd56b70634e9251c|__AUTOMETRIC__
__AUTOMETRIC__|0.1.2|25136|crew_log_87bda4569dde3e61|0|1786391037.757|99.402|3.106|495202304|527392768|gen_data_cd56b70634e9251c|__AUTOMETRIC__
__AUTOMETRIC__|0.1.2|25136|crew_log_87bda4569dde3e61|0|1786391038.765|99.203|3.100|495624192|527822848|gen_data_cd56b70634e9251c|__AUTOMETRIC__
__AUTOMETRIC__|0.1.2|25136|crew_log_87bda4569dde3e61|0|1786391039.777|100.298|3.134|495697920|527892480|gen_data_cd56b70634e9251c|__AUTOMETRIC__
__AUTOMETRIC__|0.1.2|25136|crew_log_87bda4569dde3e61|0|1786391040.782|99.551|3.111|495329280|527523840|gen_data_cd56b70634e9251c|__AUTOMETRIC__
__AUTOMETRIC__|0.1.2|25136|crew_log_87bda4569dde3e61|0|1786391041.798|99.943|3.123|495591424|527798272|gen_data_cd56b70634e9251c|__AUTOMETRIC__
__AUTOMETRIC__|0.1.2|25136|crew_log_87bda4569dde3e61|0|1786391042.802|99.632|3.113|495226880|527433728|gen_data_cd56b70634e9251c|__AUTOMETRIC__
__AUTOMETRIC__|0.1.2|25136|crew_log_87bda4569dde3e61|0|1786391043.817|100.052|3.127|495480832|527683584|gen_data_cd56b70634e9251c|__AUTOMETRIC__
__AUTOMETRIC__|0.1.2|25136|crew_log_87bda4569dde3e61|0|1786391044.820|96.521|3.016|495366144|527568896|gen_data_cd56b70634e9251c|__AUTOMETRIC__
__AUTOMETRIC__|0.1.2|25136|crew_log_87bda4569dde3e61|0|1786391045.829|102.237|3.195|495542272|527732736|gen_data_cd56b70634e9251c|__AUTOMETRIC__
__AUTOMETRIC__|0.1.2|25136|crew_log_87bda4569dde3e61|0|1786391046.843|98.594|3.081|495476736|527667200|gen_data_cd56b70634e9251c|__AUTOMETRIC__
__AUTOMETRIC__|0.1.2|25136|crew_log_87bda4569dde3e61|0|1786391047.854|97.414|3.044|495489024|527679488|gen_data_cd56b70634e9251c|__AUTOMETRIC__
__AUTOMETRIC__|0.1.2|25136|crew_log_87bda4569dde3e61|0|1786391048.869|101.556|3.174|495419392|527609856|gen_data_cd56b70634e9251c|__AUTOMETRIC__
__AUTOMETRIC__|0.1.2|25136|crew_log_87bda4569dde3e61|0|1786391049.876|99.309|3.103|495603712|527794176|gen_data_cd56b70634e9251c|__AUTOMETRIC__
__AUTOMETRIC__|0.1.2|25136|crew_log_87bda4569dde3e61|0|1786391050.880|99.581|3.112|495620096|527810560|gen_data_cd56b70634e9251c|__AUTOMETRIC__
__AUTOMETRIC__|0.1.2|25136|crew_log_87bda4569dde3e61|0|1786391051.896|100.011|3.125|495665152|527855616|gen_data_cd56b70634e9251c|__AUTOMETRIC__
__AUTOMETRIC__|0.1.2|25136|crew_log_87bda4569dde3e61|0|1786391052.898|99.757|3.117|495439872|527630336|gen_data_cd56b70634e9251c|__AUTOMETRIC__
__AUTOMETRIC__|0.1.2|25136|crew_log_87bda4569dde3e61|0|1786391053.904|100.962|3.155|495431680|527626240|gen_data_cd56b70634e9251c|__AUTOMETRIC__
__AUTOMETRIC__|0.1.2|25136|crew_log_87bda4569dde3e61|0|1786391054.922|99.796|3.119|495448064|527638528|gen_data_cd56b70634e9251c|__AUTOMETRIC__
__AUTOMETRIC__|0.1.2|25136|crew_log_87bda4569dde3e61|0|1786391055.924|99.756|3.117|495697920|527888384|gen_data_cd56b70634e9251c|__AUTOMETRIC__
__AUTOMETRIC__|0.1.2|25136|crew_log_87bda4569dde3e61|0|1786391056.941|99.934|3.123|495423488|527613952|gen_data_cd56b70634e9251c|__AUTOMETRIC__
__AUTOMETRIC__|0.1.2|25136|crew_log_87bda4569dde3e61|0|1786391057.943|98.250|3.070|495366144|527556608|gen_data_cd56b70634e9251c|__AUTOMETRIC__
__AUTOMETRIC__|0.1.2|25136|crew_log_87bda4569dde3e61|0|1786391058.953|100.558|3.142|495345664|527536128|gen_data_cd56b70634e9251c|__AUTOMETRIC__
__AUTOMETRIC__|0.1.2|25136|crew_log_87bda4569dde3e61|0|1786391059.956|98.144|3.067|495271936|527466496|gen_data_cd56b70634e9251c|__AUTOMETRIC__
__AUTOMETRIC__|0.1.2|25136|crew_log_87bda4569dde3e61|0|1786391060.960|99.563|3.111|495620096|527814656|gen_data_cd56b70634e9251c|__AUTOMETRIC__
__AUTOMETRIC__|0.1.2|25136|crew_log_87bda4569dde3e61|0|1786391061.964|98.035|3.064|495325184|527519744|gen_data_cd56b70634e9251c|__AUTOMETRIC__
__AUTOMETRIC__|0.1.2|25136|crew_log_87bda4569dde3e61|0|1786391062.978|101.674|3.177|495529984|527720448|gen_data_cd56b70634e9251c|__AUTOMETRIC__
__AUTOMETRIC__|0.1.2|25136|crew_log_87bda4569dde3e61|0|1786391063.995|99.916|3.122|495464448|527654912|gen_data_cd56b70634e9251c|__AUTOMETRIC__
__AUTOMETRIC__|0.1.2|25136|crew_log_87bda4569dde3e61|0|1786391065.003|99.196|3.100|495562752|527753216|gen_data_cd56b70634e9251c|__AUTOMETRIC__
__AUTOMETRIC__|0.1.2|25136|crew_log_87bda4569dde3e61|0|1786391066.008|97.900|3.059|495349760|527540224|gen_data_cd56b70634e9251c|__AUTOMETRIC__
__AUTOMETRIC__|0.1.2|25136|crew_log_87bda4569dde3e61|0|1786391067.021|100.282|3.134|495603712|527794176|gen_data_cd56b70634e9251c|__AUTOMETRIC__
__AUTOMETRIC__|0.1.2|25136|crew_log_87bda4569dde3e61|0|1786391068.035|100.153|3.130|495419392|527609856|gen_data_cd56b70634e9251c|__AUTOMETRIC__
__AUTOMETRIC__|0.1.2|25136|crew_log_87bda4569dde3e61|0|1786391069.041|101.006|3.156|495304704|527503360|gen_data_cd56b70634e9251c|__AUTOMETRIC__
__AUTOMETRIC__|0.1.2|25136|crew_log_87bda4569dde3e61|0|1786391070.054|98.663|3.083|495546368|527736832|gen_data_cd56b70634e9251c|__AUTOMETRIC__
__AUTOMETRIC__|0.1.2|25136|crew_log_87bda4569dde3e61|0|1786391071.067|100.323|3.135|495575040|527765504|gen_data_cd56b70634e9251c|__AUTOMETRIC__
__AUTOMETRIC__|0.1.2|25136|crew_log_87bda4569dde3e61|0|1786391072.073|99.340|3.104|495890432|528084992|gen_data_cd56b70634e9251c|__AUTOMETRIC__
__AUTOMETRIC__|0.1.2|25136|crew_log_87bda4569dde3e61|0|1786391073.081|100.752|3.148|495669248|527863808|gen_data_cd56b70634e9251c|__AUTOMETRIC__
__AUTOMETRIC__|0.1.2|25136|crew_log_87bda4569dde3e61|0|1786391074.098|99.936|3.123|495734784|527929344|gen_data_cd56b70634e9251c|__AUTOMETRIC__
__AUTOMETRIC__|0.1.2|25136|crew_log_87bda4569dde3e61|0|1786391075.103|97.887|3.059|495419392|527622144|gen_data_cd56b70634e9251c|__AUTOMETRIC__
__AUTOMETRIC__|0.1.2|25136|crew_log_87bda4569dde3e61|0|1786391076.113|99.025|3.095|495665152|527859712|gen_data_cd56b70634e9251c|__AUTOMETRIC__
__AUTOMETRIC__|0.1.2|25136|crew_log_87bda4569dde3e61|0|1786391077.118|99.560|3.111|495648768|527843328|gen_data_cd56b70634e9251c|__AUTOMETRIC__
__AUTOMETRIC__|0.1.2|25136|crew_log_87bda4569dde3e61|0|1786391078.128|102.107|3.191|495796224|527990784|gen_data_cd56b70634e9251c|__AUTOMETRIC__
__AUTOMETRIC__|0.1.2|25136|crew_log_87bda4569dde3e61|0|1786391079.138|99.001|3.094|495869952|528072704|gen_data_cd56b70634e9251c|__AUTOMETRIC__
__AUTOMETRIC__|0.1.2|25136|crew_log_87bda4569dde3e61|0|1786391080.142|99.554|3.111|496050176|528257024|gen_data_cd56b70634e9251c|__AUTOMETRIC__
__AUTOMETRIC__|0.1.2|25136|crew_log_87bda4569dde3e61|0|1786391081.158|99.964|3.124|495656960|527863808|gen_data_cd56b70634e9251c|__AUTOMETRIC__
__AUTOMETRIC__|0.1.2|25136|crew_log_87bda4569dde3e61|0|1786391082.164|97.828|3.057|495616000|527818752|gen_data_cd56b70634e9251c|__AUTOMETRIC__
__AUTOMETRIC__|0.1.2|25136|crew_log_87bda4569dde3e61|0|1786391083.179|100.109|3.128|495616000|527826944|gen_data_cd56b70634e9251c|__AUTOMETRIC__
__AUTOMETRIC__|0.1.2|25136|crew_log_87bda4569dde3e61|0|1786391084.193|100.100|3.128|495894528|528097280|gen_data_cd56b70634e9251c|__AUTOMETRIC__
__AUTOMETRIC__|0.1.2|25136|crew_log_87bda4569dde3e61|0|1786391085.200|100.865|3.152|495857664|528056320|gen_data_cd56b70634e9251c|__AUTOMETRIC__
__AUTOMETRIC__|0.1.2|25136|crew_log_87bda4569dde3e61|0|1786391086.206|99.458|3.108|495747072|527962112|gen_data_cd56b70634e9251c|__AUTOMETRIC__
__AUTOMETRIC__|0.1.2|25136|crew_log_87bda4569dde3e61|0|1786391087.214|100.789|3.150|495820800|528019456|gen_data_cd56b70634e9251c|__AUTOMETRIC__
__AUTOMETRIC__|0.1.2|25136|crew_log_87bda4569dde3e61|0|1786391088.223|97.554|3.049|495865856|528064512|gen_data_cd56b70634e9251c|__AUTOMETRIC__
__AUTOMETRIC__|0.1.2|25136|crew_log_87bda4569dde3e61|0|1786391089.225|98.244|3.070|496001024|528195584|gen_data_cd56b70634e9251c|__AUTOMETRIC__
__AUTOMETRIC__|0.1.2|25136|crew_log_87bda4569dde3e61|0|1786391090.239|98.546|3.080|495673344|527867904|gen_data_cd56b70634e9251c|__AUTOMETRIC__
__AUTOMETRIC__|0.1.2|25136|crew_log_87bda4569dde3e61|0|1786391091.244|99.522|3.110|495902720|528097280|gen_data_cd56b70634e9251c|__AUTOMETRIC__
__AUTOMETRIC__|0.1.2|25136|crew_log_87bda4569dde3e61|0|1786391092.251|97.755|3.055|496009216|528203776|gen_data_cd56b70634e9251c|__AUTOMETRIC__
__AUTOMETRIC__|0.1.2|25136|crew_log_87bda4569dde3e61|0|1786391093.268|99.850|3.120|496156672|528351232|gen_data_cd56b70634e9251c|__AUTOMETRIC__
__AUTOMETRIC__|0.1.2|25136|crew_log_87bda4569dde3e61|0|1786391094.273|99.502|3.109|496218112|528412672|gen_data_cd56b70634e9251c|__AUTOMETRIC__
__AUTOMETRIC__|0.1.2|25136|crew_log_87bda4569dde3e61|0|1786391095.286|98.741|3.086|496300032|528494592|gen_data_cd56b70634e9251c|__AUTOMETRIC__
__AUTOMETRIC__|0.1.2|25136|crew_log_87bda4569dde3e61|0|1786391096.301|100.053|3.127|496033792|528228352|gen_data_cd56b70634e9251c|__AUTOMETRIC__
__AUTOMETRIC__|0.1.2|25136|crew_log_87bda4569dde3e61|0|1786391097.310|99.125|3.098|496103424|528297984|gen_data_cd56b70634e9251c|__AUTOMETRIC__
__AUTOMETRIC__|0.1.2|25136|crew_log_87bda4569dde3e61|0|1786391098.313|98.119|3.066|496164864|528359424|gen_data_cd56b70634e9251c|__AUTOMETRIC__
__AUTOMETRIC__|0.1.2|25136|crew_log_87bda4569dde3e61|0|1786391099.319|99.417|3.107|496226304|528437248|gen_data_cd56b70634e9251c|__AUTOMETRIC__
__AUTOMETRIC__|0.1.2|25136|crew_log_87bda4569dde3e61|0|1786391100.336|96.808|3.025|495865856|528060416|gen_data_cd56b70634e9251c|__AUTOMETRIC__
__AUTOMETRIC__|0.1.2|25136|crew_log_87bda4569dde3e61|0|1786391101.349|100.267|3.133|496107520|528318464|gen_data_cd56b70634e9251c|__AUTOMETRIC__
__AUTOMETRIC__|0.1.2|25136|crew_log_87bda4569dde3e61|0|1786391102.357|102.303|3.197|496197632|528404480|gen_data_cd56b70634e9251c|__AUTOMETRIC__
__AUTOMETRIC__|0.1.2|25136|crew_log_87bda4569dde3e61|0|1786391103.362|99.522|3.110|496377856|528580608|gen_data_cd56b70634e9251c|__AUTOMETRIC__
__AUTOMETRIC__|0.1.2|25136|crew_log_87bda4569dde3e61|0|1786391104.375|100.194|3.131|496254976|528457728|gen_data_cd56b70634e9251c|__AUTOMETRIC__
__AUTOMETRIC__|0.1.2|25136|crew_log_87bda4569dde3e61|0|1786391105.388|100.332|3.135|496066560|528261120|gen_data_cd56b70634e9251c|__AUTOMETRIC__
__AUTOMETRIC__|0.1.2|25136|crew_log_87bda4569dde3e61|0|1786391106.399|95.735|2.992|495874048|528076800|gen_data_cd56b70634e9251c|__AUTOMETRIC__
__AUTOMETRIC__|0.1.2|25136|crew_log_87bda4569dde3e61|0|1786391107.403|102.726|3.210|496074752|528277504|gen_data_cd56b70634e9251c|__AUTOMETRIC__
__AUTOMETRIC__|0.1.2|25136|crew_log_87bda4569dde3e61|0|1786391108.418|97.018|3.032|495980544|528183296|gen_data_cd56b70634e9251c|__AUTOMETRIC__
__AUTOMETRIC__|0.1.2|25136|crew_log_87bda4569dde3e61|0|1786391109.432|100.159|3.130|496095232|528297984|gen_data_cd56b70634e9251c|__AUTOMETRIC__
__AUTOMETRIC__|0.1.2|25136|crew_log_87bda4569dde3e61|0|1786391110.445|98.696|3.084|496050176|528252928|gen_data_cd56b70634e9251c|__AUTOMETRIC__
__AUTOMETRIC__|0.1.2|25136|crew_log_87bda4569dde3e61|0|1786391111.457|101.878|3.184|496201728|528404480|gen_data_cd56b70634e9251c|__AUTOMETRIC__
__AUTOMETRIC__|0.1.2|25136|crew_log_87bda4569dde3e61|0|1786391112.468|100.499|3.141|496267264|528470016|gen_data_cd56b70634e9251c|__AUTOMETRIC__
__AUTOMETRIC__|0.1.2|25136|crew_log_87bda4569dde3e61|0|1786391113.482|98.591|3.081|496046080|528248832|gen_data_cd56b70634e9251c|__AUTOMETRIC__
__AUTOMETRIC__|0.1.2|25136|crew_log_87bda4569dde3e61|0|1786391114.498|99.978|3.124|495972352|528175104|gen_data_cd56b70634e9251c|__AUTOMETRIC__
__AUTOMETRIC__|0.1.2|25136|crew_log_87bda4569dde3e61|0|1786391115.502|99.599|3.112|496242688|528445440|gen_data_cd56b70634e9251c|__AUTOMETRIC__
__AUTOMETRIC__|0.1.2|25136|crew_log_87bda4569dde3e61|0|1786391116.514|100.344|3.136|496271360|528474112|gen_data_cd56b70634e9251c|__AUTOMETRIC__
__AUTOMETRIC__|0.1.2|25136|crew_log_87bda4569dde3e61|0|1786391117.526|97.314|3.041|496107520|528302080|gen_data_cd56b70634e9251c|__AUTOMETRIC__
__AUTOMETRIC__|0.1.2|25136|crew_log_87bda4569dde3e61|0|1786391118.538|98.799|3.087|496111616|528306176|gen_data_cd56b70634e9251c|__AUTOMETRIC__
__AUTOMETRIC__|0.1.2|25136|crew_log_87bda4569dde3e61|0|1786391119.553|100.044|3.126|496107520|528306176|gen_data_cd56b70634e9251c|__AUTOMETRIC__
__AUTOMETRIC__|0.1.2|25136|crew_log_87bda4569dde3e61|0|1786391120.557|94.950|2.967|496345088|528543744|gen_data_cd56b70634e9251c|__AUTOMETRIC__
__AUTOMETRIC__|0.1.2|25136|crew_log_87bda4569dde3e61|0|1786391121.571|100.172|3.130|496103424|528302080|gen_data_cd56b70634e9251c|__AUTOMETRIC__
__AUTOMETRIC__|0.1.2|25136|crew_log_87bda4569dde3e61|0|1786391122.587|101.457|3.171|496381952|528576512|gen_data_cd56b70634e9251c|__AUTOMETRIC__
__AUTOMETRIC__|0.1.2|25136|crew_log_87bda4569dde3e61|0|1786391123.600|95.707|2.991|496328704|528523264|gen_data_cd56b70634e9251c|__AUTOMETRIC__
__AUTOMETRIC__|0.1.2|25136|crew_log_87bda4569dde3e61|0|1786391124.615|98.472|3.077|496144384|528338944|gen_data_cd56b70634e9251c|__AUTOMETRIC__
__AUTOMETRIC__|0.1.2|25136|crew_log_87bda4569dde3e61|0|1786391125.619|101.150|3.161|496349184|528543744|gen_data_cd56b70634e9251c|__AUTOMETRIC__
__AUTOMETRIC__|0.1.2|25136|crew_log_87bda4569dde3e61|0|1786391126.633|98.660|3.083|496242688|528441344|gen_data_cd56b70634e9251c|__AUTOMETRIC__
__AUTOMETRIC__|0.1.2|25136|crew_log_87bda4569dde3e61|0|1786391127.636|101.210|3.163|496177152|528375808|gen_data_cd56b70634e9251c|__AUTOMETRIC__
__AUTOMETRIC__|0.1.2|25136|crew_log_87bda4569dde3e61|0|1786391128.649|97.207|3.038|496365568|528564224|gen_data_cd56b70634e9251c|__AUTOMETRIC__
__AUTOMETRIC__|0.1.2|25136|crew_log_87bda4569dde3e61|0|1786391129.651|99.818|3.119|496316416|528515072|gen_data_cd56b70634e9251c|__AUTOMETRIC__
__AUTOMETRIC__|0.1.2|25136|crew_log_87bda4569dde3e61|0|1786391130.658|99.278|3.102|496046080|528244736|gen_data_cd56b70634e9251c|__AUTOMETRIC__
__AUTOMETRIC__|0.1.2|25136|crew_log_87bda4569dde3e61|0|1786391131.661|99.687|3.115|496230400|528424960|gen_data_cd56b70634e9251c|__AUTOMETRIC__
__AUTOMETRIC__|0.1.2|25136|crew_log_87bda4569dde3e61|0|1786391132.665|99.582|3.112|496439296|528637952|gen_data_cd56b70634e9251c|__AUTOMETRIC__
__AUTOMETRIC__|0.1.2|25136|crew_log_87bda4569dde3e61|0|1786391133.667|99.793|3.119|496279552|528478208|gen_data_cd56b70634e9251c|__AUTOMETRIC__
__AUTOMETRIC__|0.1.2|25136|crew_log_87bda4569dde3e61|0|1786391134.670|99.733|3.117|496431104|528752640|gen_data_cd56b70634e9251c|__AUTOMETRIC__
__AUTOMETRIC__|0.1.2|25136|crew_log_87bda4569dde3e61|0|1786391135.675|99.490|3.109|496250880|528445440|gen_data_cd56b70634e9251c|__AUTOMETRIC__
__AUTOMETRIC__|0.1.2|25136|crew_log_87bda4569dde3e61|0|1786391136.679|98.074|3.065|496656384|528850944|gen_data_cd56b70634e9251c|__AUTOMETRIC__
__AUTOMETRIC__|0.1.2|25136|crew_log_87bda4569dde3e61|0|1786391137.682|102.800|3.212|496570368|528764928|gen_data_cd56b70634e9251c|__AUTOMETRIC__
__AUTOMETRIC__|0.1.2|25136|crew_log_87bda4569dde3e61|0|1786391138.684|99.759|3.117|496787456|528990208|gen_data_cd56b70634e9251c|__AUTOMETRIC__
__AUTOMETRIC__|0.1.2|25136|crew_log_87bda4569dde3e61|0|1786391139.696|98.902|3.091|496406528|528609280|gen_data_cd56b70634e9251c|__AUTOMETRIC__
__AUTOMETRIC__|0.1.2|25136|crew_log_87bda4569dde3e61|0|1786391140.711|101.563|3.174|496418816|528621568|gen_data_cd56b70634e9251c|__AUTOMETRIC__
__AUTOMETRIC__|0.1.2|25136|crew_log_87bda4569dde3e61|0|1786391141.725|101.699|3.178|496435200|528637952|gen_data_cd56b70634e9251c|__AUTOMETRIC__
__AUTOMETRIC__|0.1.2|25136|crew_log_87bda4569dde3e61|0|1786391142.733|100.762|3.149|496668672|528900096|gen_data_cd56b70634e9251c|__AUTOMETRIC__
__AUTOMETRIC__|0.1.2|25136|crew_log_87bda4569dde3e61|0|1786391143.745|100.352|3.136|496435200|528629760|gen_data_cd56b70634e9251c|__AUTOMETRIC__
__AUTOMETRIC__|0.1.2|25136|crew_log_87bda4569dde3e61|0|1786391144.749|99.560|3.111|496574464|528773120|gen_data_cd56b70634e9251c|__AUTOMETRIC__
__AUTOMETRIC__|0.1.2|25136|crew_log_87bda4569dde3e61|0|1786391145.765|100.039|3.126|496635904|528834560|gen_data_cd56b70634e9251c|__AUTOMETRIC__
__AUTOMETRIC__|0.1.2|25136|crew_log_87bda4569dde3e61|0|1786391146.780|100.039|3.126|496553984|528752640|gen_data_cd56b70634e9251c|__AUTOMETRIC__
__AUTOMETRIC__|0.1.2|25136|crew_log_87bda4569dde3e61|0|1786391147.783|99.700|3.116|496439296|528637952|gen_data_cd56b70634e9251c|__AUTOMETRIC__
__AUTOMETRIC__|0.1.2|25136|crew_log_87bda4569dde3e61|0|1786391148.787|99.583|3.112|496410624|528609280|gen_data_cd56b70634e9251c|__AUTOMETRIC__
__AUTOMETRIC__|0.1.2|25136|crew_log_87bda4569dde3e61|0|1786391149.793|99.395|3.106|496414720|528613376|gen_data_cd56b70634e9251c|__AUTOMETRIC__
__AUTOMETRIC__|0.1.2|25136|crew_log_87bda4569dde3e61|0|1786391150.797|99.615|3.113|496500736|528699392|gen_data_cd56b70634e9251c|__AUTOMETRIC__
__AUTOMETRIC__|0.1.2|25136|crew_log_87bda4569dde3e61|0|1786391151.812|96.978|3.031|496730112|528924672|gen_data_cd56b70634e9251c|__AUTOMETRIC__
__AUTOMETRIC__|0.1.2|25136|crew_log_87bda4569dde3e61|0|1786391152.816|98.064|3.065|496713728|528908288|gen_data_cd56b70634e9251c|__AUTOMETRIC__
__AUTOMETRIC__|0.1.2|25136|crew_log_87bda4569dde3e61|0|1786391153.834|99.788|3.118|496705536|528900096|gen_data_cd56b70634e9251c|__AUTOMETRIC__
__AUTOMETRIC__|0.1.2|25136|crew_log_87bda4569dde3e61|0|1786391154.849|100.013|3.125|496496640|528707584|gen_data_cd56b70634e9251c|__AUTOMETRIC__
__AUTOMETRIC__|0.1.2|25136|crew_log_87bda4569dde3e61|0|1786391155.861|101.963|3.186|496549888|528744448|gen_data_cd56b70634e9251c|__AUTOMETRIC__
__AUTOMETRIC__|0.1.2|25136|crew_log_87bda4569dde3e61|0|1786391156.874|98.687|3.084|496295936|528498688|gen_data_cd56b70634e9251c|__AUTOMETRIC__
__AUTOMETRIC__|0.1.2|25136|crew_log_87bda4569dde3e61|0|1786391157.890|98.453|3.077|496881664|529084416|gen_data_cd56b70634e9251c|__AUTOMETRIC__
__AUTOMETRIC__|0.1.2|25136|crew_log_87bda4569dde3e61|0|1786391158.898|97.628|3.051|496398336|528601088|gen_data_cd56b70634e9251c|__AUTOMETRIC__
__AUTOMETRIC__|0.1.2|25136|crew_log_87bda4569dde3e61|0|1786391159.911|98.678|3.084|496717824|528920576|gen_data_cd56b70634e9251c|__AUTOMETRIC__
__AUTOMETRIC__|0.1.2|25136|crew_log_87bda4569dde3e61|0|1786391160.914|99.680|3.115|496836608|529039360|gen_data_cd56b70634e9251c|__AUTOMETRIC__
__AUTOMETRIC__|0.1.2|25136|crew_log_87bda4569dde3e61|0|1786391161.929|103.223|3.226|496685056|528887808|gen_data_cd56b70634e9251c|__AUTOMETRIC__
__AUTOMETRIC__|0.1.2|25136|crew_log_87bda4569dde3e61|0|1786391162.931|99.756|3.117|496783360|528986112|gen_data_cd56b70634e9251c|__AUTOMETRIC__
__AUTOMETRIC__|0.1.2|25136|crew_log_87bda4569dde3e61|0|1786391163.946|98.513|3.079|496881664|529084416|gen_data_cd56b70634e9251c|__AUTOMETRIC__
__AUTOMETRIC__|0.1.2|25136|crew_log_87bda4569dde3e61|0|1786391164.956|100.553|3.142|496852992|529051648|gen_data_cd56b70634e9251c|__AUTOMETRIC__
__AUTOMETRIC__|0.1.2|25136|crew_log_87bda4569dde3e61|0|1786391165.969|100.315|3.135|496726016|528928768|gen_data_cd56b70634e9251c|__AUTOMETRIC__
__AUTOMETRIC__|0.1.2|25136|crew_log_87bda4569dde3e61|0|1786391166.981|100.285|3.134|496640000|528842752|gen_data_cd56b70634e9251c|__AUTOMETRIC__
__AUTOMETRIC__|0.1.2|25136|crew_log_87bda4569dde3e61|0|1786391167.997|95.396|2.981|496672768|528867328|gen_data_cd56b70634e9251c|__AUTOMETRIC__
__AUTOMETRIC__|0.1.2|25136|crew_log_87bda4569dde3e61|0|1786391169.011|100.181|3.131|496726016|528920576|gen_data_cd56b70634e9251c|__AUTOMETRIC__
__AUTOMETRIC__|0.1.2|25136|crew_log_87bda4569dde3e61|0|1786391170.019|99.143|3.098|496701440|528896000|gen_data_cd56b70634e9251c|__AUTOMETRIC__
__AUTOMETRIC__|0.1.2|25136|crew_log_87bda4569dde3e61|0|1786391171.026|100.909|3.153|496668672|528863232|gen_data_cd56b70634e9251c|__AUTOMETRIC__
__AUTOMETRIC__|0.1.2|25136|crew_log_87bda4569dde3e61|0|1786391172.030|98.069|3.065|496742400|528936960|gen_data_cd56b70634e9251c|__AUTOMETRIC__
__AUTOMETRIC__|0.1.2|25136|crew_log_87bda4569dde3e61|0|1786391173.039|99.024|3.094|496758784|528953344|gen_data_cd56b70634e9251c|__AUTOMETRIC__
__AUTOMETRIC__|0.1.2|25136|crew_log_87bda4569dde3e61|0|1786391174.052|101.855|3.183|496541696|528736256|gen_data_cd56b70634e9251c|__AUTOMETRIC__
__AUTOMETRIC__|0.1.2|25136|crew_log_87bda4569dde3e61|0|1786391175.066|100.127|3.129|496857088|529051648|gen_data_cd56b70634e9251c|__AUTOMETRIC__
__AUTOMETRIC__|0.1.2|25136|crew_log_87bda4569dde3e61|0|1786391176.068|99.828|3.120|496660480|528855040|gen_data_cd56b70634e9251c|__AUTOMETRIC__
__AUTOMETRIC__|0.1.2|25136|crew_log_87bda4569dde3e61|0|1786391177.072|101.111|3.160|496590848|528785408|gen_data_cd56b70634e9251c|__AUTOMETRIC__
__AUTOMETRIC__|0.1.2|25136|crew_log_87bda4569dde3e61|0|1786391178.075|99.703|3.116|496553984|528748544|gen_data_cd56b70634e9251c|__AUTOMETRIC__
__AUTOMETRIC__|0.1.2|25136|crew_log_87bda4569dde3e61|0|1786391179.084|96.074|3.002|496918528|529145856|gen_data_cd56b70634e9251c|__AUTOMETRIC__
__AUTOMETRIC__|0.1.2|25136|crew_log_87bda4569dde3e61|0|1786391180.099|98.526|3.079|496726016|528953344|gen_data_cd56b70634e9251c|__AUTOMETRIC__
__AUTOMETRIC__|0.1.2|25136|crew_log_87bda4569dde3e61|0|1786391181.108|100.641|3.145|496447488|528674816|gen_data_cd56b70634e9251c|__AUTOMETRIC__
__AUTOMETRIC__|0.1.2|25136|crew_log_87bda4569dde3e61|0|1786391182.122|100.180|3.131|496656384|528883712|gen_data_cd56b70634e9251c|__AUTOMETRIC__
__AUTOMETRIC__|0.1.2|25136|crew_log_87bda4569dde3e61|0|1786391183.130|94.498|2.953|496603136|528830464|gen_data_cd56b70634e9251c|__AUTOMETRIC__
__AUTOMETRIC__|0.1.2|25136|crew_log_87bda4569dde3e61|0|1786391184.144|98.687|3.084|496717824|528945152|gen_data_cd56b70634e9251c|__AUTOMETRIC__
__AUTOMETRIC__|0.1.2|25136|crew_log_87bda4569dde3e61|0|1786391185.159|100.063|3.127|496746496|528973824|gen_data_cd56b70634e9251c|__AUTOMETRIC__
__AUTOMETRIC__|0.1.2|25136|crew_log_87bda4569dde3e61|0|1786391186.160|98.314|3.072|496504832|528715776|gen_data_cd56b70634e9251c|__AUTOMETRIC__
__AUTOMETRIC__|0.1.2|25136|crew_log_87bda4569dde3e61|0|1786391187.174|98.599|3.081|496861184|529063936|gen_data_cd56b70634e9251c|__AUTOMETRIC__
__AUTOMETRIC__|0.1.2|25136|crew_log_87bda4569dde3e61|0|1786391188.176|77.941|2.436|501067776|533512192|__DEFAULT__|__AUTOMETRIC__
__AUTOMETRIC__|0.1.2|25136|crew_log_87bda4569dde3e61|0|1786391189.177|1.561|0.049|495697920|527745024|__DEFAULT__|__AUTOMETRIC__
__AUTOMETRIC__|0.1.2|25136|crew_log_87bda4569dde3e61|0|1786391190.193|0.000|0.000|495697920|527745024|__DEFAULT__|__AUTOMETRIC__
__AUTOMETRIC__|0.1.2|25136|crew_log_87bda4569dde3e61|0|1786391191.197|0.000|0.000|495697920|527745024|__DEFAULT__|__AUTOMETRIC__
__AUTOMETRIC__|0.1.2|25136|crew_log_87bda4569dde3e61|0|1786391192.199|0.000|0.000|495697920|527745024|__DEFAULT__|__AUTOMETRIC__
__AUTOMETRIC__|0.1.2|25136|crew_log_87bda4569dde3e61|0|1786391193.213|0.000|0.000|495697920|527745024|__DEFAULT__|__AUTOMETRIC__
__AUTOMETRIC__|0.1.2|25136|crew_log_87bda4569dde3e61|0|1786391194.229|0.000|0.000|495697920|527745024|__DEFAULT__|__AUTOMETRIC__
__AUTOMETRIC__|0.1.2|25136|crew_log_87bda4569dde3e61|0|1786391195.231|0.000|0.000|495697920|527745024|__DEFAULT__|__AUTOMETRIC__
__AUTOMETRIC__|0.1.2|25136|crew_log_87bda4569dde3e61|0|1786391196.231|0.000|0.000|495697920|527745024|__DEFAULT__|__AUTOMETRIC__
__AUTOMETRIC__|0.1.2|25136|crew_log_87bda4569dde3e61|0|1786391197.235|0.000|0.000|495697920|527745024|__DEFAULT__|__AUTOMETRIC__
__AUTOMETRIC__|0.1.2|25136|crew_log_87bda4569dde3e61|0|1786391198.245|0.000|0.000|495697920|527745024|__DEFAULT__|__AUTOMETRIC__
__AUTOMETRIC__|0.1.2|25136|crew_log_87bda4569dde3e61|0|1786391199.252|0.000|0.000|495697920|527745024|__DEFAULT__|__AUTOMETRIC__
__AUTOMETRIC__|0.1.2|25136|crew_log_87bda4569dde3e61|0|1786391200.254|63.925|1.998|615108608|647491584|compiled_brms_models_5f0caefc1b7c098f|__AUTOMETRIC__
__AUTOMETRIC__|0.1.2|25136|crew_log_87bda4569dde3e61|0|1786391201.261|100.894|3.153|625520640|657997824|compiled_brms_models_5f0caefc1b7c098f|__AUTOMETRIC__
__AUTOMETRIC__|0.1.2|25136|crew_log_87bda4569dde3e61|0|1786391202.273|98.745|3.086|673632256|706174976|compiled_brms_models_5f0caefc1b7c098f|__AUTOMETRIC__
__AUTOMETRIC__|0.1.2|25136|crew_log_87bda4569dde3e61|0|1786391203.278|102.658|3.208|793030656|825876480|compiled_brms_models_5f0caefc1b7c098f|__AUTOMETRIC__
__AUTOMETRIC__|0.1.2|25136|crew_log_87bda4569dde3e61|0|1786391204.280|99.757|3.117|842457088|875429888|compiled_brms_models_5f0caefc1b7c098f|__AUTOMETRIC__
__AUTOMETRIC__|0.1.2|25136|crew_log_87bda4569dde3e61|0|1786391205.292|100.400|3.137|949547008|982802432|compiled_brms_models_5f0caefc1b7c098f|__AUTOMETRIC__
__AUTOMETRIC__|0.1.2|25136|crew_log_87bda4569dde3e61|0|1786391206.299|97.705|3.053|1058164736|1091764224|compiled_brms_models_5f0caefc1b7c098f|__AUTOMETRIC__
__AUTOMETRIC__|0.1.2|25136|crew_log_87bda4569dde3e61|0|1786391207.313|100.160|3.130|1263218688|1297227776|compiled_brms_models_5f0caefc1b7c098f|__AUTOMETRIC__
__AUTOMETRIC__|0.1.2|25136|crew_log_87bda4569dde3e61|0|1786391208.318|98.023|3.063|1259614208|1293701120|compiled_brms_models_5f0caefc1b7c098f|__AUTOMETRIC__
__AUTOMETRIC__|0.1.2|25136|crew_log_87bda4569dde3e61|0|1786391209.329|100.362|3.136|1259409408|1293262848|compiled_brms_models_5f0caefc1b7c098f|__AUTOMETRIC__
__AUTOMETRIC__|0.1.2|25136|crew_log_87bda4569dde3e61|0|1786391210.337|122.464|3.827|1395412992|1418588160|compiled_brms_models_5f0caefc1b7c098f|__AUTOMETRIC__
__AUTOMETRIC__|0.1.2|25136|crew_log_87bda4569dde3e61|0|1786391211.345|117.854|3.683|1518870528|1541181440|compiled_brms_models_5f0caefc1b7c098f|__AUTOMETRIC__
__AUTOMETRIC__|0.1.2|25136|crew_log_87bda4569dde3e61|0|1786391212.361|99.927|3.123|1496850432|1517981696|compiled_brms_models_5f0caefc1b7c098f|__AUTOMETRIC__
