__AUTOMETRIC__|0.1.2|27612|crew_log_7c29c154879f6f5a|0|1786391313.319|97.737|3.054|230801408|255782912|gen_data_c698e3d710d5cb5d|__AUTOMETRIC__
__AUTOMETRIC__|0.1.2|27612|crew_log_7c29c154879f6f5a|0|1786391314.325|1.553|0.049|231071744|256233472|gen_data_c698e3d710d5cb5d|__AUTOMETRIC__
__AUTOMETRIC__|0.1.2|27612|crew_log_7c29c154879f6f5a|0|1786391315.330|0.000|0.000|229421056|254312448|gen_data_c698e3d710d5cb5d|__AUTOMETRIC__
__AUTOMETRIC__|0.1.2|27612|crew_log_7c29c154879f6f5a|0|1786391316.345|0.000|0.000|229404672|254296064|gen_data_c698e3d710d5cb5d|__AUTOMETRIC__
__AUTOMETRIC__|0.1.2|27612|crew_log_7c29c154879f6f5a|0|1786391317.350|0.000|0.000|229404672|254296064|gen_data_c698e3d710d5cb5d|__AUTOMETRIC__
__AUTOMETRIC__|0.1.2|27612|crew_log_7c29c154879f6f5a|0|1786391318.359|0.000|0.000|229421056|254312448|gen_data_c698e3d710d5cb5d|__AUTOMETRIC__
__AUTOMETRIC__|0.1.2|27612|crew_log_7c29c154879f6f5a|0|1786391319.366|1.552|0.048|229421056|254312448|gen_data_c698e3d710d5cb5d|__AUTOMETRIC__
__AUTOMETRIC__|0.1.2|27612|crew_log_7c29c154879f6f5a|0|1786391320.373|0.000|0.000|222994432|247873536|gen_data_c698e3d710d5cb5d|__AUTOMETRIC__
__AUTOMETRIC__|0.1.2|27612|crew_log_7c29c154879f6f5a|0|1786391321.375|0.000|0.000|222646272|247525376|gen_data_c698e3d710d5cb5d|__AUTOMETRIC__
__AUTOMETRIC__|0.1.2|27612|crew_log_7c29c154879f6f5a|0|1786391322.376|35.896|1.122|225021952|249888768|gen_data_c698e3d710d5cb5d|__AUTOMETRIC__
__AUTOMETRIC__|0.1.2|27612|crew_log_7c29c154879f6f5a|0|1786391323.383|97.758|3.055|408580096|441167872|gen_data_c698e3d710d5cb5d|__AUTOMETRIC__
__AUTOMETRIC__|0.1.2|27612|crew_log_7c29c154879f6f5a|0|1786391324.387|99.612|3.113|404668416|436674560|gen_data_c698e3d710d5cb5d|__AUTOMETRIC__
__AUTOMETRIC__|0.1.2|27612|crew_log_7c29c154879f6f5a|0|1786391325.392|99.494|3.109|404045824|436051968|gen_data_c698e3d710d5cb5d|__AUTOMETRIC__
__AUTOMETRIC__|0.1.2|27612|crew_log_7c29c154879f6f5a|0|1786391326.406|100.154|3.130|404348928|436346880|gen_data_c698e3d710d5cb5d|__AUTOMETRIC__
__AUTOMETRIC__|0.1.2|27612|crew_log_7c29c154879f6f5a|0|1786391327.415|100.605|3.144|403963904|435990528|gen_data_c698e3d710d5cb5d|__AUTOMETRIC__
__AUTOMETRIC__|0.1.2|27612|crew_log_7c29c154879f6f5a|0|1786391328.421|99.453|3.108|404099072|436121600|gen_data_c698e3d710d5cb5d|__AUTOMETRIC__
__AUTOMETRIC__|0.1.2|27612|crew_log_7c29c154879f6f5a|0|1786391329.428|99.264|3.102|404312064|436330496|gen_data_c698e3d710d5cb5d|__AUTOMETRIC__
__AUTOMETRIC__|0.1.2|27612|crew_log_7c29c154879f6f5a|0|1786391330.433|102.693|3.209|404131840|436137984|gen_data_c698e3d710d5cb5d|__AUTOMETRIC__
__AUTOMETRIC__|0.1.2|27612|crew_log_7c29c154879f6f5a|0|1786391331.447|97.028|3.032|404127744|436154368|gen_data_c698e3d710d5cb5d|__AUTOMETRIC__
__AUTOMETRIC__|0.1.2|27612|crew_log_7c29c154879f6f5a|0|1786391332.452|97.905|3.060|404086784|436097024|gen_data_c698e3d710d5cb5d|__AUTOMETRIC__
__AUTOMETRIC__|0.1.2|27612|crew_log_7c29c154879f6f5a|0|1786391333.460|97.743|3.054|404062208|436072448|gen_data_c698e3d710d5cb5d|__AUTOMETRIC__
__AUTOMETRIC__|0.1.2|27612|crew_log_7c29c154879f6f5a|0|1786391334.463|101.239|3.164|404107264|436117504|gen_data_c698e3d710d5cb5d|__AUTOMETRIC__
__AUTOMETRIC__|0.1.2|27612|crew_log_7c29c154879f6f5a|0|1786391335.472|99.074|3.096|404209664|436215808|gen_data_c698e3d710d5cb5d|__AUTOMETRIC__
__AUTOMETRIC__|0.1.2|27612|crew_log_7c29c154879f6f5a|0|1786391336.475|98.163|3.068|403972096|435970048|gen_data_c698e3d710d5cb5d|__AUTOMETRIC__
__AUTOMETRIC__|0.1.2|27612|crew_log_7c29c154879f6f5a|0|1786391337.483|102.304|3.197|404033536|436039680|gen_data_c698e3d710d5cb5d|__AUTOMETRIC__
__AUTOMETRIC__|0.1.2|27612|crew_log_7c29c154879f6f5a|0|1786391338.484|99.848|3.120|404086784|436092928|gen_data_c698e3d710d5cb5d|__AUTOMETRIC__
__AUTOMETRIC__|0.1.2|27612|crew_log_7c29c154879f6f5a|0|1786391339.491|97.830|3.057|404144128|436158464|gen_data_c698e3d710d5cb5d|__AUTOMETRIC__
__AUTOMETRIC__|0.1.2|27612|crew_log_7c29c154879f6f5a|0|1786391340.504|100.207|3.131|404176896|436219904|gen_data_c698e3d710d5cb5d|__AUTOMETRIC__
__AUTOMETRIC__|0.1.2|27612|crew_log_7c29c154879f6f5a|0|1786391341.509|101.026|3.157|404156416|436199424|gen_data_c698e3d710d5cb5d|__AUTOMETRIC__
__AUTOMETRIC__|0.1.2|27612|crew_log_7c29c154879f6f5a|0|1786391342.517|97.665|3.052|404180992|436219904|gen_data_c698e3d710d5cb5d|__AUTOMETRIC__
__AUTOMETRIC__|0.1.2|27612|crew_log_7c29c154879f6f5a|0|1786391343.520|96.608|3.019|404475904|436502528|gen_data_c698e3d710d5cb5d|__AUTOMETRIC__
__AUTOMETRIC__|0.1.2|27612|crew_log_7c29c154879f6f5a|0|1786391344.523|101.260|3.164|404094976|436162560|gen_data_c698e3d710d5cb5d|__AUTOMETRIC__
__AUTOMETRIC__|0.1.2|27612|crew_log_7c29c154879f6f5a|0|1786391345.530|99.291|3.103|404094976|436142080|gen_data_c698e3d710d5cb5d|__AUTOMETRIC__
__AUTOMETRIC__|0.1.2|27612|crew_log_7c29c154879f6f5a|0|1786391346.531|95.219|2.976|404152320|436191232|gen_data_c698e3d710d5cb5d|__AUTOMETRIC__
__AUTOMETRIC__|0.1.2|27612|crew_log_7c29c154879f6f5a|0|1786391347.540|96.057|3.002|404246528|436338688|gen_data_c698e3d710d5cb5d|__AUTOMETRIC__
__AUTOMETRIC__|0.1.2|27612|crew_log_7c29c154879f6f5a|0|1786391348.541|98.273|3.071|404275200|436367360|gen_data_c698e3d710d5cb5d|__AUTOMETRIC__
__AUTOMETRIC__|0.1.2|27612|crew_log_7c29c154879f6f5a|0|1786391349.546|99.584|3.112|404299776|436363264|gen_data_c698e3d710d5cb5d|__AUTOMETRIC__
__AUTOMETRIC__|0.1.2|27612|crew_log_7c29c154879f6f5a|0|1786391350.551|94.780|2.962|404365312|436404224|gen_data_c698e3d710d5cb5d|__AUTOMETRIC__
__AUTOMETRIC__|0.1.2|27612|crew_log_7c29c154879f6f5a|0|1786391351.558|99.313|3.104|404221952|436277248|gen_data_c698e3d710d5cb5d|__AUTOMETRIC__
__AUTOMETRIC__|0.1.2|27612|crew_log_7c29c154879f6f5a|0|1786391352.563|94.871|2.965|404234240|436277248|gen_data_c698e3d710d5cb5d|__AUTOMETRIC__
__AUTOMETRIC__|0.1.2|27612|crew_log_7c29c154879f6f5a|0|1786391353.565|99.743|3.117|404287488|436330496|gen_data_c698e3d710d5cb5d|__AUTOMETRIC__
__AUTOMETRIC__|0.1.2|27612|crew_log_7c29c154879f6f5a|0|1786391354.568|99.749|3.117|404328448|436396032|gen_data_c698e3d710d5cb5d|__AUTOMETRIC__
__AUTOMETRIC__|0.1.2|27612|crew_log_7c29c154879f6f5a|0|1786391355.571|99.688|3.115|404385792|436436992|gen_data_c698e3d710d5cb5d|__AUTOMETRIC__
__AUTOMETRIC__|0.1.2|27612|crew_log_7c29c154879f6f5a|0|1786391356.580|99.122|3.098|404398080|436449280|gen_data_c698e3d710d5cb5d|__AUTOMETRIC__
__AUTOMETRIC__|0.1.2|27612|crew_log_7c29c154879f6f5a|0|1786391357.590|99.003|3.094|404389888|436441088|gen_data_c698e3d710d5cb5d|__AUTOMETRIC__
__AUTOMETRIC__|0.1.2|27612|crew_log_7c29c154879f6f5a|0|1786391358.591|99.881|3.121|404312064|436363264|gen_data_c698e3d710d5cb5d|__AUTOMETRIC__
__AUTOMETRIC__|0.1.2|27612|crew_log_7c29c154879f6f5a|0|1786391359.602|98.899|3.091|404287488|436338688|gen_data_c698e3d710d5cb5d|__AUTOMETRIC__
__AUTOMETRIC__|0.1.2|27612|crew_log_7c29c154879f6f5a|0|1786391360.606|98.038|3.064|404328448|436379648|gen_data_c698e3d710d5cb5d|__AUTOMETRIC__
__AUTOMETRIC__|0.1.2|27612|crew_log_7c29c154879f6f5a|0|1786391361.609|98.164|3.068|404307968|436355072|gen_data_c698e3d710d5cb5d|__AUTOMETRIC__
__AUTOMETRIC__|0.1.2|27612|crew_log_7c29c154879f6f5a|0|1786391362.616|97.731|3.054|404324352|436367360|gen_data_c698e3d710d5cb5d|__AUTOMETRIC__
__AUTOMETRIC__|0.1.2|27612|crew_log_7c29c154879f6f5a|0|1786391363.626|100.626|3.145|404357120|436396032|gen_data_c698e3d710d5cb5d|__AUTOMETRIC__
__AUTOMETRIC__|0.1.2|27612|crew_log_7c29c154879f6f5a|0|1786391364.639|98.691|3.084|404381696|436416512|gen_data_c698e3d710d5cb5d|__AUTOMETRIC__
__AUTOMETRIC__|0.1.2|27612|crew_log_7c29c154879f6f5a|0|1786391365.648|96.017|3.001|404504576|436539392|gen_data_c698e3d710d5cb5d|__AUTOMETRIC__
__AUTOMETRIC__|0.1.2|27612|crew_log_7c29c154879f6f5a|0|1786391366.649|101.438|3.170|404480000|436514816|gen_data_c698e3d710d5cb5d|__AUTOMETRIC__
__AUTOMETRIC__|0.1.2|27612|crew_log_7c29c154879f6f5a|0|1786391367.663|98.624|3.082|404574208|436600832|gen_data_c698e3d710d5cb5d|__AUTOMETRIC__
__AUTOMETRIC__|0.1.2|27612|crew_log_7c29c154879f6f5a|0|1786391368.677|95.533|2.985|404553728|436580352|gen_data_c698e3d710d5cb5d|__AUTOMETRIC__
__AUTOMETRIC__|0.1.2|27612|crew_log_7c29c154879f6f5a|0|1786391369.683|100.935|3.154|404615168|436649984|gen_data_c698e3d710d5cb5d|__AUTOMETRIC__
__AUTOMETRIC__|0.1.2|27612|crew_log_7c29c154879f6f5a|0|1786391370.698|100.091|3.128|404635648|436629504|gen_data_c698e3d710d5cb5d|__AUTOMETRIC__
__AUTOMETRIC__|0.1.2|27612|crew_log_7c29c154879f6f5a|0|1786391371.711|98.680|3.084|404594688|436588544|gen_data_c698e3d710d5cb5d|__AUTOMETRIC__
__AUTOMETRIC__|0.1.2|27612|crew_log_7c29c154879f6f5a|0|1786391372.723|98.856|3.089|404615168|436609024|gen_data_c698e3d710d5cb5d|__AUTOMETRIC__
__AUTOMETRIC__|0.1.2|27612|crew_log_7c29c154879f6f5a|0|1786391373.727|101.123|3.160|404533248|436527104|gen_data_c698e3d710d5cb5d|__AUTOMETRIC__
__AUTOMETRIC__|0.1.2|27612|crew_log_7c29c154879f6f5a|0|1786391374.737|97.493|3.047|404619264|436613120|gen_data_c698e3d710d5cb5d|__AUTOMETRIC__
__AUTOMETRIC__|0.1.2|27612|crew_log_7c29c154879f6f5a|0|1786391375.749|100.322|3.135|404586496|436580352|gen_data_c698e3d710d5cb5d|__AUTOMETRIC__
__AUTOMETRIC__|0.1.2|27612|crew_log_7c29c154879f6f5a|0|1786391376.753|99.666|3.115|404643840|436637696|gen_data_c698e3d710d5cb5d|__AUTOMETRIC__
__AUTOMETRIC__|0.1.2|27612|crew_log_7c29c154879f6f5a|0|1786391377.764|97.374|3.043|404656128|436649984|gen_data_c698e3d710d5cb5d|__AUTOMETRIC__
__AUTOMETRIC__|0.1.2|27612|crew_log_7c29c154879f6f5a|0|1786391378.777|98.725|3.085|404643840|436637696|gen_data_c698e3d710d5cb5d|__AUTOMETRIC__
__AUTOMETRIC__|0.1.2|27612|crew_log_7c29c154879f6f5a|0|1786391379.784|99.290|3.103|404578304|436572160|gen_data_c698e3d710d5cb5d|__AUTOMETRIC__
__AUTOMETRIC__|0.1.2|27612|crew_log_7c29c154879f6f5a|0|1786391380.789|100.984|3.156|404598784|436592640|gen_data_c698e3d710d5cb5d|__AUTOMETRIC__
__AUTOMETRIC__|0.1.2|27612|crew_log_7c29c154879f6f5a|0|1786391381.802|97.225|3.038|404606976|436600832|gen_data_c698e3d710d5cb5d|__AUTOMETRIC__
__AUTOMETRIC__|0.1.2|27612|crew_log_7c29c154879f6f5a|0|1786391382.817|98.562|3.080|404602880|436596736|gen_data_c698e3d710d5cb5d|__AUTOMETRIC__
__AUTOMETRIC__|0.1.2|27612|crew_log_7c29c154879f6f5a|0|1786391383.821|99.584|3.112|404660224|436654080|gen_data_c698e3d710d5cb5d|__AUTOMETRIC__
__AUTOMETRIC__|0.1.2|27612|crew_log_7c29c154879f6f5a|0|1786391384.822|96.707|3.022|404692992|436686848|gen_data_c698e3d710d5cb5d|__AUTOMETRIC__
__AUTOMETRIC__|0.1.2|27612|crew_log_7c29c154879f6f5a|0|1786391385.838|100.031|3.126|404705280|436719616|gen_data_c698e3d710d5cb5d|__AUTOMETRIC__
__AUTOMETRIC__|0.1.2|27612|crew_log_7c29c154879f6f5a|0|1786391386.847|97.582|3.049|404668416|436662272|gen_data_c698e3d710d5cb5d|__AUTOMETRIC__
__AUTOMETRIC__|0.1.2|27612|crew_log_7c29c154879f6f5a|0|1786391387.860|100.217|3.132|404647936|436641792|gen_data_c698e3d710d5cb5d|__AUTOMETRIC__
__AUTOMETRIC__|0.1.2|27612|crew_log_7c29c154879f6f5a|0|1786391388.864|96.445|3.014|404668416|436662272|gen_data_c698e3d710d5cb5d|__AUTOMETRIC__
__AUTOMETRIC__|0.1.2|27612|crew_log_7c29c154879f6f5a|0|1786391389.880|98.448|3.077|404688896|436695040|gen_data_c698e3d710d5cb5d|__AUTOMETRIC__
__AUTOMETRIC__|0.1.2|27612|crew_log_7c29c154879f6f5a|0|1786391390.885|99.551|3.111|404725760|436731904|gen_data_c698e3d710d5cb5d|__AUTOMETRIC__
__AUTOMETRIC__|0.1.2|27612|crew_log_7c29c154879f6f5a|0|1786391391.891|99.344|3.105|404746240|436740096|gen_data_c698e3d710d5cb5d|__AUTOMETRIC__
__AUTOMETRIC__|0.1.2|27612|crew_log_7c29c154879f6f5a|0|1786391392.893|98.286|3.071|404721664|436723712|gen_data_c698e3d710d5cb5d|__AUTOMETRIC__
__AUTOMETRIC__|0.1.2|27612|crew_log_7c29c154879f6f5a|0|1786391393.907|100.162|3.130|404627456|436621312|gen_data_c698e3d710d5cb5d|__AUTOMETRIC__
__AUTOMETRIC__|0.1.2|27612|crew_log_7c29c154879f6f5a|0|1786391394.912|99.506|3.110|404635648|436629504|gen_data_c698e3d710d5cb5d|__AUTOMETRIC__
__AUTOMETRIC__|0.1.2|27612|crew_log_7c29c154879f6f5a|0|1786391395.918|100.906|3.153|404713472|436727808|gen_data_c698e3d710d5cb5d|__AUTOMETRIC__
__AUTOMETRIC__|0.1.2|27612|crew_log_7c29c154879f6f5a|0|1786391396.924|99.444|3.108|404762624|436772864|gen_data_c698e3d710d5cb5d|__AUTOMETRIC__
__AUTOMETRIC__|0.1.2|27612|crew_log_7c29c154879f6f5a|0|1786391397.925|95.183|2.974|404795392|436797440|gen_data_c698e3d710d5cb5d|__AUTOMETRIC__
__AUTOMETRIC__|0.1.2|27612|crew_log_7c29c154879f6f5a|0|1786391398.940|98.587|3.081|404774912|436776960|gen_data_c698e3d710d5cb5d|__AUTOMETRIC__
__AUTOMETRIC__|0.1.2|27612|crew_log_7c29c154879f6f5a|0|1786391399.947|97.741|3.054|404836352|436838400|gen_data_c698e3d710d5cb5d|__AUTOMETRIC__
__AUTOMETRIC__|0.1.2|27612|crew_log_7c29c154879f6f5a|0|1786391400.952|99.452|3.108|404754432|436748288|gen_data_c698e3d710d5cb5d|__AUTOMETRIC__
__AUTOMETRIC__|0.1.2|27612|crew_log_7c29c154879f6f5a|0|1786391401.959|96.249|3.008|404787200|436789248|gen_data_c698e3d710d5cb5d|__AUTOMETRIC__
__AUTOMETRIC__|0.1.2|27612|crew_log_7c29c154879f6f5a|0|1786391402.960|99.846|3.120|404811776|436813824|gen_data_c698e3d710d5cb5d|__AUTOMETRIC__
__AUTOMETRIC__|0.1.2|27612|crew_log_7c29c154879f6f5a|0|1786391403.975|100.122|3.129|404787200|436789248|gen_data_c698e3d710d5cb5d|__AUTOMETRIC__
__AUTOMETRIC__|0.1.2|27612|crew_log_7c29c154879f6f5a|0|1786391404.985|100.507|3.141|404803584|436805632|gen_data_c698e3d710d5cb5d|__AUTOMETRIC__
__AUTOMETRIC__|0.1.2|27612|crew_log_7c29c154879f6f5a|0|1786391405.999|98.632|3.082|404840448|436838400|gen_data_c698e3d710d5cb5d|__AUTOMETRIC__
__AUTOMETRIC__|0.1.2|27612|crew_log_7c29c154879f6f5a|0|1786391407.004|99.506|3.110|404856832|436850688|gen_data_c698e3d710d5cb5d|__AUTOMETRIC__
__AUTOMETRIC__|0.1.2|27612|crew_log_7c29c154879f6f5a|0|1786391408.010|97.872|3.058|404791296|436785152|gen_data_c698e3d710d5cb5d|__AUTOMETRIC__
__AUTOMETRIC__|0.1.2|27612|crew_log_7c29c154879f6f5a|0|1786391409.010|99.963|3.124|404787200|436781056|gen_data_c698e3d710d5cb5d|__AUTOMETRIC__
__AUTOMETRIC__|0.1.2|27612|crew_log_7c29c154879f6f5a|0|1786391410.024|98.650|3.083|404791296|436785152|gen_data_c698e3d710d5cb5d|__AUTOMETRIC__
__AUTOMETRIC__|0.1.2|27612|crew_log_7c29c154879f6f5a|0|1786391411.029|94.770|2.962|404787200|436781056|gen_data_c698e3d710d5cb5d|__AUTOMETRIC__
__AUTOMETRIC__|0.1.2|27612|crew_log_7c29c154879f6f5a|0|1786391412.031|99.851|3.120|404807680|436805632|gen_data_c698e3d710d5cb5d|__AUTOMETRIC__
__AUTOMETRIC__|0.1.2|27612|crew_log_7c29c154879f6f5a|0|1786391413.037|96.333|3.010|404840448|436838400|gen_data_c698e3d710d5cb5d|__AUTOMETRIC__
__AUTOMETRIC__|0.1.2|27612|crew_log_7c29c154879f6f5a|0|1786391414.052|96.937|3.029|404774912|436776960|gen_data_c698e3d710d5cb5d|__AUTOMETRIC__
__AUTOMETRIC__|0.1.2|27612|crew_log_7c29c154879f6f5a|0|1786391415.054|101.361|3.168|404795392|436797440|gen_data_c698e3d710d5cb5d|__AUTOMETRIC__
__AUTOMETRIC__|0.1.2|27612|crew_log_7c29c154879f6f5a|0|1786391416.056|99.855|3.120|404799488|436793344|gen_data_c698e3d710d5cb5d|__AUTOMETRIC__
__AUTOMETRIC__|0.1.2|27612|crew_log_7c29c154879f6f5a|0|1786391417.061|99.474|3.109|404832256|436826112|gen_data_c698e3d710d5cb5d|__AUTOMETRIC__
__AUTOMETRIC__|0.1.2|27612|crew_log_7c29c154879f6f5a|0|1786391418.067|99.422|3.107|404852736|436846592|gen_data_c698e3d710d5cb5d|__AUTOMETRIC__
__AUTOMETRIC__|0.1.2|27612|crew_log_7c29c154879f6f5a|0|1786391419.075|100.746|3.148|404869120|436862976|gen_data_c698e3d710d5cb5d|__AUTOMETRIC__
__AUTOMETRIC__|0.1.2|27612|crew_log_7c29c154879f6f5a|0|1786391420.088|100.266|3.133|404848640|436842496|gen_data_c698e3d710d5cb5d|__AUTOMETRIC__
__AUTOMETRIC__|0.1.2|27612|crew_log_7c29c154879f6f5a|0|1786391421.096|97.635|3.051|404844544|436838400|gen_data_c698e3d710d5cb5d|__AUTOMETRIC__
__AUTOMETRIC__|0.1.2|27612|crew_log_7c29c154879f6f5a|0|1786391422.102|97.858|3.058|404889600|436883456|gen_data_c698e3d710d5cb5d|__AUTOMETRIC__
__AUTOMETRIC__|0.1.2|27612|crew_log_7c29c154879f6f5a|0|1786391423.111|99.089|3.097|404922368|436920320|gen_data_c698e3d710d5cb5d|__AUTOMETRIC__
__AUTOMETRIC__|0.1.2|27612|crew_log_7c29c154879f6f5a|0|1786391424.120|100.635|3.145|404934656|436932608|gen_data_c698e3d710d5cb5d|__AUTOMETRIC__
__AUTOMETRIC__|0.1.2|27612|crew_log_7c29c154879f6f5a|0|1786391425.124|98.020|3.063|404942848|436936704|gen_data_c698e3d710d5cb5d|__AUTOMETRIC__
__AUTOMETRIC__|0.1.2|27612|crew_log_7c29c154879f6f5a|0|1786391426.129|99.598|3.112|404971520|436973568|gen_data_c698e3d710d5cb5d|__AUTOMETRIC__
__AUTOMETRIC__|0.1.2|27612|crew_log_7c29c154879f6f5a|0|1786391427.130|98.261|3.071|405000192|436998144|gen_data_c698e3d710d5cb5d|__AUTOMETRIC__
__AUTOMETRIC__|0.1.2|27612|crew_log_7c29c154879f6f5a|0|1786391428.135|99.498|3.109|405008384|437002240|gen_data_c698e3d710d5cb5d|__AUTOMETRIC__
__AUTOMETRIC__|0.1.2|27612|crew_log_7c29c154879f6f5a|0|1786391429.149|100.159|3.130|405008384|437002240|gen_data_c698e3d710d5cb5d|__AUTOMETRIC__
__AUTOMETRIC__|0.1.2|27612|crew_log_7c29c154879f6f5a|0|1786391430.151|98.313|3.072|405008384|437002240|gen_data_c698e3d710d5cb5d|__AUTOMETRIC__
__AUTOMETRIC__|0.1.2|27612|crew_log_7c29c154879f6f5a|0|1786391431.158|99.240|3.101|405008384|437002240|gen_data_c698e3d710d5cb5d|__AUTOMETRIC__
__AUTOMETRIC__|0.1.2|27612|crew_log_7c29c154879f6f5a|0|1786391432.159|99.897|3.122|405024768|437018624|gen_data_c698e3d710d5cb5d|__AUTOMETRIC__
__AUTOMETRIC__|0.1.2|27612|crew_log_7c29c154879f6f5a|0|1786391433.163|99.622|3.113|405073920|437067776|gen_data_c698e3d710d5cb5d|__AUTOMETRIC__
__AUTOMETRIC__|0.1.2|27612|crew_log_7c29c154879f6f5a|0|1786391434.166|101.253|3.164|404955136|436948992|gen_data_c698e3d710d5cb5d|__AUTOMETRIC__
__AUTOMETRIC__|0.1.2|27612|crew_log_7c29c154879f6f5a|0|1786391435.172|97.838|3.057|405016576|437014528|gen_data_c698e3d710d5cb5d|__AUTOMETRIC__
__AUTOMETRIC__|0.1.2|27612|crew_log_7c29c154879f6f5a|0|1786391436.176|99.613|3.113|405024768|437022720|gen_data_c698e3d710d5cb5d|__AUTOMETRIC__
__AUTOMETRIC__|0.1.2|27612|crew_log_7c29c154879f6f5a|0|1786391437.180|99.620|3.113|405057536|437059584|gen_data_c698e3d710d5cb5d|__AUTOMETRIC__
__AUTOMETRIC__|0.1.2|27612|crew_log_7c29c154879f6f5a|0|1786391438.187|97.738|3.054|405393408|437387264|gen_data_c698e3d710d5cb5d|__AUTOMETRIC__
__AUTOMETRIC__|0.1.2|27612|crew_log_7c29c154879f6f5a|0|1786391439.203|99.934|3.123|405114880|437108736|gen_data_c698e3d710d5cb5d|__AUTOMETRIC__
__AUTOMETRIC__|0.1.2|27612|crew_log_7c29c154879f6f5a|0|1786391440.207|99.693|3.115|405151744|437145600|gen_data_c698e3d710d5cb5d|__AUTOMETRIC__
__AUTOMETRIC__|0.1.2|27612|crew_log_7c29c154879f6f5a|0|1786391441.214|100.844|3.151|405143552|437137408|gen_data_c698e3d710d5cb5d|__AUTOMETRIC__
__AUTOMETRIC__|0.1.2|27612|crew_log_7c29c154879f6f5a|0|1786391442.215|99.824|3.120|405110784|437108736|gen_data_c698e3d710d5cb5d|__AUTOMETRIC__
__AUTOMETRIC__|0.1.2|27612|crew_log_7c29c154879f6f5a|0|1786391443.230|98.530|3.079|405114880|437112832|gen_data_c698e3d710d5cb5d|__AUTOMETRIC__
__AUTOMETRIC__|0.1.2|27612|crew_log_7c29c154879f6f5a|0|1786391444.231|99.980|3.124|405151744|437088256|gen_data_c698e3d710d5cb5d|__AUTOMETRIC__
__AUTOMETRIC__|0.1.2|27612|crew_log_7c29c154879f6f5a|0|1786391445.232|98.300|3.072|405180416|437112832|gen_data_c698e3d710d5cb5d|__AUTOMETRIC__
__AUTOMETRIC__|0.1.2|27612|crew_log_7c29c154879f6f5a|0|1786391446.245|98.671|3.083|405217280|437149696|gen_data_c698e3d710d5cb5d|__AUTOMETRIC__
__AUTOMETRIC__|0.1.2|27612|crew_log_7c29c154879f6f5a|0|1786391447.251|97.889|3.059|405225472|437157888|gen_data_c698e3d710d5cb5d|__AUTOMETRIC__
__AUTOMETRIC__|0.1.2|27612|crew_log_7c29c154879f6f5a|0|1786391448.251|99.964|3.124|405155840|437088256|gen_data_c698e3d710d5cb5d|__AUTOMETRIC__
__AUTOMETRIC__|0.1.2|27612|crew_log_7c29c154879f6f5a|0|1786391449.256|99.536|3.111|405245952|437178368|gen_data_c698e3d710d5cb5d|__AUTOMETRIC__
__AUTOMETRIC__|0.1.2|27612|crew_log_7c29c154879f6f5a|0|1786391450.259|101.304|3.166|405295104|437227520|gen_data_c698e3d710d5cb5d|__AUTOMETRIC__
__AUTOMETRIC__|0.1.2|27612|crew_log_7c29c154879f6f5a|0|1786391451.273|93.923|2.935|405286912|437219328|gen_data_c698e3d710d5cb5d|__AUTOMETRIC__
__AUTOMETRIC__|0.1.2|27612|crew_log_7c29c154879f6f5a|0|1786391452.285|95.734|2.992|405311488|437248000|gen_data_c698e3d710d5cb5d|__AUTOMETRIC__
__AUTOMETRIC__|0.1.2|27612|crew_log_7c29c154879f6f5a|0|1786391453.299|97.139|3.036|405278720|437211136|gen_data_c698e3d710d5cb5d|__AUTOMETRIC__
__AUTOMETRIC__|0.1.2|27612|crew_log_7c29c154879f6f5a|0|1786391454.306|99.305|3.103|405311488|437243904|gen_data_c698e3d710d5cb5d|__AUTOMETRIC__
__AUTOMETRIC__|0.1.2|27612|crew_log_7c29c154879f6f5a|0|1786391455.310|98.023|3.063|405282816|437215232|gen_data_c698e3d710d5cb5d|__AUTOMETRIC__
__AUTOMETRIC__|0.1.2|27612|crew_log_7c29c154879f6f5a|0|1786391456.315|99.481|3.109|405311488|437243904|gen_data_c698e3d710d5cb5d|__AUTOMETRIC__
__AUTOMETRIC__|0.1.2|27612|crew_log_7c29c154879f6f5a|0|1786391457.316|99.960|3.124|405610496|437542912|gen_data_c698e3d710d5cb5d|__AUTOMETRIC__
__AUTOMETRIC__|0.1.2|27612|crew_log_7c29c154879f6f5a|0|1786391458.316|99.957|3.124|405303296|437235712|gen_data_c698e3d710d5cb5d|__AUTOMETRIC__
__AUTOMETRIC__|0.1.2|27612|crew_log_7c29c154879f6f5a|0|1786391459.324|100.723|3.148|405315584|437248000|gen_data_c698e3d710d5cb5d|__AUTOMETRIC__
__AUTOMETRIC__|0.1.2|27612|crew_log_7c29c154879f6f5a|0|1786391460.339|98.551|3.080|405311488|437243904|gen_data_c698e3d710d5cb5d|__AUTOMETRIC__
__AUTOMETRIC__|0.1.2|27612|crew_log_7c29c154879f6f5a|0|1786391461.340|99.884|3.121|405319680|437252096|gen_data_c698e3d710d5cb5d|__AUTOMETRIC__
__AUTOMETRIC__|0.1.2|27612|crew_log_7c29c154879f6f5a|0|1786391462.346|96.329|3.010|405364736|437297152|gen_data_c698e3d710d5cb5d|__AUTOMETRIC__
__AUTOMETRIC__|0.1.2|27612|crew_log_7c29c154879f6f5a|0|1786391463.360|100.158|3.130|405356544|437288960|gen_data_c698e3d710d5cb5d|__AUTOMETRIC__
__AUTOMETRIC__|0.1.2|27612|crew_log_7c29c154879f6f5a|0|1786391464.360|99.944|3.123|405368832|437301248|gen_data_c698e3d710d5cb5d|__AUTOMETRIC__
__AUTOMETRIC__|0.1.2|27612|crew_log_7c29c154879f6f5a|0|1786391465.372|100.396|3.137|405377024|437309440|gen_data_c698e3d710d5cb5d|__AUTOMETRIC__
__AUTOMETRIC__|0.1.2|27612|crew_log_7c29c154879f6f5a|0|1786391466.377|97.971|3.062|405377024|437309440|gen_data_c698e3d710d5cb5d|__AUTOMETRIC__
__AUTOMETRIC__|0.1.2|27612|crew_log_7c29c154879f6f5a|0|1786391467.382|99.445|3.108|405340160|437272576|gen_data_c698e3d710d5cb5d|__AUTOMETRIC__
__AUTOMETRIC__|0.1.2|27612|crew_log_7c29c154879f6f5a|0|1786391468.388|99.403|3.106|405323776|437256192|gen_data_c698e3d710d5cb5d|__AUTOMETRIC__
__AUTOMETRIC__|0.1.2|27612|crew_log_7c29c154879f6f5a|0|1786391469.403|97.034|3.032|405352448|437288960|gen_data_c698e3d710d5cb5d|__AUTOMETRIC__
__AUTOMETRIC__|0.1.2|27612|crew_log_7c29c154879f6f5a|0|1786391470.415|98.838|3.089|405389312|437325824|gen_data_c698e3d710d5cb5d|__AUTOMETRIC__
__AUTOMETRIC__|0.1.2|27612|crew_log_7c29c154879f6f5a|0|1786391471.419|98.022|3.063|405409792|437346304|gen_data_c698e3d710d5cb5d|__AUTOMETRIC__
__AUTOMETRIC__|0.1.2|27612|crew_log_7c29c154879f6f5a|0|1786391472.422|99.657|3.114|405491712|437428224|gen_data_c698e3d710d5cb5d|__AUTOMETRIC__
__AUTOMETRIC__|0.1.2|27612|crew_log_7c29c154879f6f5a|0|1786391473.431|100.685|3.146|405495808|437432320|gen_data_c698e3d710d5cb5d|__AUTOMETRIC__
__AUTOMETRIC__|0.1.2|27612|crew_log_7c29c154879f6f5a|0|1786391474.439|97.677|3.052|405471232|437407744|gen_data_c698e3d710d5cb5d|__AUTOMETRIC__
__AUTOMETRIC__|0.1.2|27612|crew_log_7c29c154879f6f5a|0|1786391475.443|99.595|3.112|405524480|437460992|gen_data_c698e3d710d5cb5d|__AUTOMETRIC__
__AUTOMETRIC__|0.1.2|27612|crew_log_7c29c154879f6f5a|0|1786391476.444|102.979|3.218|405680128|437624832|gen_data_c698e3d710d5cb5d|__AUTOMETRIC__
__AUTOMETRIC__|0.1.2|27612|crew_log_7c29c154879f6f5a|0|1786391477.460|98.461|3.077|405553152|437489664|gen_data_c698e3d710d5cb5d|__AUTOMETRIC__
__AUTOMETRIC__|0.1.2|27612|crew_log_7c29c154879f6f5a|0|1786391478.466|97.835|3.057|405508096|437444608|gen_data_c698e3d710d5cb5d|__AUTOMETRIC__
__AUTOMETRIC__|0.1.2|27612|crew_log_7c29c154879f6f5a|0|1786391479.477|100.467|3.140|405540864|437477376|gen_data_c698e3d710d5cb5d|__AUTOMETRIC__
__AUTOMETRIC__|0.1.2|27612|crew_log_7c29c154879f6f5a|0|1786391480.482|99.451|3.108|405557248|437493760|gen_data_c698e3d710d5cb5d|__AUTOMETRIC__
__AUTOMETRIC__|0.1.2|27612|crew_log_7c29c154879f6f5a|0|1786391481.493|100.485|3.140|405573632|437510144|gen_data_c698e3d710d5cb5d|__AUTOMETRIC__
__AUTOMETRIC__|0.1.2|27612|crew_log_7c29c154879f6f5a|0|1786391482.504|97.380|3.043|405581824|437518336|gen_data_c698e3d710d5cb5d|__AUTOMETRIC__
__AUTOMETRIC__|0.1.2|27612|crew_log_7c29c154879f6f5a|0|1786391483.513|100.629|3.145|405602304|437538816|gen_data_c698e3d710d5cb5d|__AUTOMETRIC__
__AUTOMETRIC__|0.1.2|27612|crew_log_7c29c154879f6f5a|0|1786391484.522|100.684|3.146|405590016|437526528|gen_data_c698e3d710d5cb5d|__AUTOMETRIC__
__AUTOMETRIC__|0.1.2|27612|crew_log_7c29c154879f6f5a|0|1786391485.525|99.701|3.116|405622784|437559296|gen_data_c698e3d710d5cb5d|__AUTOMETRIC__
__AUTOMETRIC__|0.1.2|27612|crew_log_7c29c154879f6f5a|0|1786391486.534|99.141|3.098|405626880|437563392|gen_data_c698e3d710d5cb5d|__AUTOMETRIC__
__AUTOMETRIC__|0.1.2|27612|crew_log_7c29c154879f6f5a|0|1786391487.536|99.807|3.119|405606400|437542912|gen_data_c698e3d710d5cb5d|__AUTOMETRIC__
__AUTOMETRIC__|0.1.2|27612|crew_log_7c29c154879f6f5a|0|1786391488.541|101.040|3.158|405618688|437555200|gen_data_c698e3d710d5cb5d|__AUTOMETRIC__
__AUTOMETRIC__|0.1.2|27612|crew_log_7c29c154879f6f5a|0|1786391489.551|98.996|3.094|405622784|437559296|gen_data_c698e3d710d5cb5d|__AUTOMETRIC__
__AUTOMETRIC__|0.1.2|27612|crew_log_7c29c154879f6f5a|0|1786391490.557|100.989|3.156|405635072|437571584|gen_data_c698e3d710d5cb5d|__AUTOMETRIC__
__AUTOMETRIC__|0.1.2|27612|crew_log_7c29c154879f6f5a|0|1786391491.563|99.330|3.104|405630976|437567488|gen_data_c698e3d710d5cb5d|__AUTOMETRIC__
__AUTOMETRIC__|0.1.2|27612|crew_log_7c29c154879f6f5a|0|1786391492.569|97.885|3.059|405626880|437563392|gen_data_c698e3d710d5cb5d|__AUTOMETRIC__
__AUTOMETRIC__|0.1.2|27612|crew_log_7c29c154879f6f5a|0|1786391493.584|100.103|3.128|405614592|437555200|gen_data_c698e3d710d5cb5d|__AUTOMETRIC__
__AUTOMETRIC__|0.1.2|27612|crew_log_7c29c154879f6f5a|0|1786391494.594|102.017|3.188|405606400|437542912|gen_data_c698e3d710d5cb5d|__AUTOMETRIC__
__AUTOMETRIC__|0.1.2|27612|crew_log_7c29c154879f6f5a|0|1786391495.606|100.446|3.139|405897216|437854208|gen_data_c698e3d710d5cb5d|__AUTOMETRIC__
__AUTOMETRIC__|0.1.2|27612|crew_log_7c29c154879f6f5a|0|1786391496.612|99.325|3.104|405630976|437587968|gen_data_c698e3d710d5cb5d|__AUTOMETRIC__
__AUTOMETRIC__|0.1.2|27612|crew_log_7c29c154879f6f5a|0|1786391497.618|100.996|3.156|405647360|437604352|gen_data_c698e3d710d5cb5d|__AUTOMETRIC__
__AUTOMETRIC__|0.1.2|27612|crew_log_7c29c154879f6f5a|0|1786391498.623|97.943|3.061|405680128|437616640|gen_data_c698e3d710d5cb5d|__AUTOMETRIC__
__AUTOMETRIC__|0.1.2|27612|crew_log_7c29c154879f6f5a|0|1786391499.635|100.357|3.136|405630976|437567488|gen_data_c698e3d710d5cb5d|__AUTOMETRIC__
__AUTOMETRIC__|0.1.2|27612|crew_log_7c29c154879f6f5a|0|1786391500.639|99.561|3.111|405651456|437587968|gen_data_c698e3d710d5cb5d|__AUTOMETRIC__
__AUTOMETRIC__|0.1.2|27612|crew_log_7c29c154879f6f5a|0|1786391501.651|100.379|3.137|405655552|437600256|gen_data_c698e3d710d5cb5d|__AUTOMETRIC__
__AUTOMETRIC__|0.1.2|27612|crew_log_7c29c154879f6f5a|0|1786391502.656|99.510|3.110|405676032|437612544|gen_data_c698e3d710d5cb5d|__AUTOMETRIC__
__AUTOMETRIC__|0.1.2|27612|crew_log_7c29c154879f6f5a|0|1786391503.671|100.090|3.128|405684224|437620736|gen_data_c698e3d710d5cb5d|__AUTOMETRIC__
__AUTOMETRIC__|0.1.2|27612|crew_log_7c29c154879f6f5a|0|1786391504.679|99.181|3.099|405708800|437645312|gen_data_c698e3d710d5cb5d|__AUTOMETRIC__
__AUTOMETRIC__|0.1.2|27612|crew_log_7c29c154879f6f5a|0|1786391505.687|97.679|3.052|405676032|437620736|gen_data_c698e3d710d5cb5d|__AUTOMETRIC__
__AUTOMETRIC__|0.1.2|27612|crew_log_7c29c154879f6f5a|0|1786391506.695|100.706|3.147|405680128|437616640|gen_data_c698e3d710d5cb5d|__AUTOMETRIC__
__AUTOMETRIC__|0.1.2|27612|crew_log_7c29c154879f6f5a|0|1786391507.710|98.518|3.079|405737472|437673984|gen_data_c698e3d710d5cb5d|__AUTOMETRIC__
__AUTOMETRIC__|0.1.2|27612|crew_log_7c29c154879f6f5a|0|1786391508.712|99.821|3.119|405737472|437673984|gen_data_c698e3d710d5cb5d|__AUTOMETRIC__
__AUTOMETRIC__|0.1.2|27612|crew_log_7c29c154879f6f5a|0|1786391509.718|99.454|3.108|405737472|437673984|gen_data_c698e3d710d5cb5d|__AUTOMETRIC__
__AUTOMETRIC__|0.1.2|27612|crew_log_7c29c154879f6f5a|0|1786391510.727|99.082|3.096|405786624|437723136|gen_data_c698e3d710d5cb5d|__AUTOMETRIC__
__AUTOMETRIC__|0.1.2|27612|crew_log_7c29c154879f6f5a|0|1786391511.734|97.747|3.055|405716992|437653504|gen_data_c698e3d710d5cb5d|__AUTOMETRIC__
__AUTOMETRIC__|0.1.2|27612|crew_log_7c29c154879f6f5a|0|1786391512.748|100.127|3.129|405815296|437772288|gen_data_c698e3d710d5cb5d|__AUTOMETRIC__
__AUTOMETRIC__|0.1.2|27612|crew_log_7c29c154879f6f5a|0|1786391513.752|96.523|3.016|405868544|437805056|gen_data_c698e3d710d5cb5d|__AUTOMETRIC__
__AUTOMETRIC__|0.1.2|27612|crew_log_7c29c154879f6f5a|0|1786391514.755|99.667|3.115|405835776|437772288|gen_data_c698e3d710d5cb5d|__AUTOMETRIC__
__AUTOMETRIC__|0.1.2|27612|crew_log_7c29c154879f6f5a|0|1786391515.760|101.055|3.158|405852160|437788672|gen_data_c698e3d710d5cb5d|__AUTOMETRIC__
__AUTOMETRIC__|0.1.2|27612|crew_log_7c29c154879f6f5a|0|1786391516.762|99.868|3.121|405856256|437792768|gen_data_c698e3d710d5cb5d|__AUTOMETRIC__
__AUTOMETRIC__|0.1.2|27612|crew_log_7c29c154879f6f5a|0|1786391517.774|100.342|3.136|405876736|437813248|gen_data_c698e3d710d5cb5d|__AUTOMETRIC__
__AUTOMETRIC__|0.1.2|27612|crew_log_7c29c154879f6f5a|0|1786391518.784|98.984|3.093|405864448|437800960|gen_data_c698e3d710d5cb5d|__AUTOMETRIC__
__AUTOMETRIC__|0.1.2|27612|crew_log_7c29c154879f6f5a|0|1786391519.787|98.200|3.069|405901312|437837824|gen_data_c698e3d710d5cb5d|__AUTOMETRIC__
__AUTOMETRIC__|0.1.2|27612|crew_log_7c29c154879f6f5a|0|1786391520.802|98.484|3.078|405946368|437882880|gen_data_c698e3d710d5cb5d|__AUTOMETRIC__
__AUTOMETRIC__|0.1.2|27612|crew_log_7c29c154879f6f5a|0|1786391521.807|104.176|3.256|405954560|437891072|gen_data_c698e3d710d5cb5d|__AUTOMETRIC__
__AUTOMETRIC__|0.1.2|27612|crew_log_7c29c154879f6f5a|0|1786391522.811|96.503|3.016|405975040|437911552|gen_data_c698e3d710d5cb5d|__AUTOMETRIC__
__AUTOMETRIC__|0.1.2|27612|crew_log_7c29c154879f6f5a|0|1786391523.820|100.632|3.145|405979136|437915648|gen_data_c698e3d710d5cb5d|__AUTOMETRIC__
__AUTOMETRIC__|0.1.2|27612|crew_log_7c29c154879f6f5a|0|1786391524.825|99.545|3.111|405979136|437915648|gen_data_c698e3d710d5cb5d|__AUTOMETRIC__
__AUTOMETRIC__|0.1.2|27612|crew_log_7c29c154879f6f5a|0|1786391525.839|100.077|3.127|405995520|437932032|gen_data_c698e3d710d5cb5d|__AUTOMETRIC__
__AUTOMETRIC__|0.1.2|27612|crew_log_7c29c154879f6f5a|0|1786391526.855|98.495|3.078|406007808|437952512|gen_data_c698e3d710d5cb5d|__AUTOMETRIC__
__AUTOMETRIC__|0.1.2|27612|crew_log_7c29c154879f6f5a|0|1786391527.868|100.183|3.131|406020096|437956608|gen_data_c698e3d710d5cb5d|__AUTOMETRIC__
__AUTOMETRIC__|0.1.2|27612|crew_log_7c29c154879f6f5a|0|1786391528.869|99.919|3.122|406016000|437952512|gen_data_c698e3d710d5cb5d|__AUTOMETRIC__
__AUTOMETRIC__|0.1.2|27612|crew_log_7c29c154879f6f5a|0|1786391529.877|96.125|3.004|406020096|437956608|gen_data_c698e3d710d5cb5d|__AUTOMETRIC__
__AUTOMETRIC__|0.1.2|27612|crew_log_7c29c154879f6f5a|0|1786391530.890|100.249|3.133|406020096|437956608|gen_data_c698e3d710d5cb5d|__AUTOMETRIC__
__AUTOMETRIC__|0.1.2|27612|crew_log_7c29c154879f6f5a|0|1786391531.896|99.393|3.106|406073344|438009856|gen_data_c698e3d710d5cb5d|__AUTOMETRIC__
__AUTOMETRIC__|0.1.2|27612|crew_log_7c29c154879f6f5a|0|1786391532.904|99.271|3.102|406552576|438489088|gen_data_c698e3d710d5cb5d|__AUTOMETRIC__
__AUTOMETRIC__|0.1.2|27612|crew_log_7c29c154879f6f5a|0|1786391533.904|98.419|3.076|406286336|438222848|gen_data_c698e3d710d5cb5d|__AUTOMETRIC__
__AUTOMETRIC__|0.1.2|27612|crew_log_7c29c154879f6f5a|0|1786391534.912|99.202|3.100|406335488|438272000|gen_data_c698e3d710d5cb5d|__AUTOMETRIC__
__AUTOMETRIC__|0.1.2|27612|crew_log_7c29c154879f6f5a|0|1786391535.914|98.247|3.070|406327296|438263808|gen_data_c698e3d710d5cb5d|__AUTOMETRIC__
__AUTOMETRIC__|0.1.2|27612|crew_log_7c29c154879f6f5a|0|1786391536.928|98.604|3.081|406331392|438267904|gen_data_c698e3d710d5cb5d|__AUTOMETRIC__
__AUTOMETRIC__|0.1.2|27612|crew_log_7c29c154879f6f5a|0|1786391537.929|96.742|3.023|406298624|438235136|gen_data_c698e3d710d5cb5d|__AUTOMETRIC__
__AUTOMETRIC__|0.1.2|27612|crew_log_7c29c154879f6f5a|0|1786391538.932|96.650|3.020|406331392|438267904|gen_data_c698e3d710d5cb5d|__AUTOMETRIC__
__AUTOMETRIC__|0.1.2|27612|crew_log_7c29c154879f6f5a|0|1786391539.937|97.889|3.059|406327296|438263808|gen_data_c698e3d710d5cb5d|__AUTOMETRIC__
__AUTOMETRIC__|0.1.2|27612|crew_log_7c29c154879f6f5a|0|1786391540.942|99.484|3.109|406331392|438267904|gen_data_c698e3d710d5cb5d|__AUTOMETRIC__
__AUTOMETRIC__|0.1.2|27612|crew_log_7c29c154879f6f5a|0|1786391541.943|99.990|3.125|406339584|438276096|gen_data_c698e3d710d5cb5d|__AUTOMETRIC__
__AUTOMETRIC__|0.1.2|27612|crew_log_7c29c154879f6f5a|0|1786391542.950|100.796|3.150|406310912|438247424|gen_data_c698e3d710d5cb5d|__AUTOMETRIC__
__AUTOMETRIC__|0.1.2|27612|crew_log_7c29c154879f6f5a|0|1786391543.955|99.559|3.111|406364160|438300672|gen_data_c698e3d710d5cb5d|__AUTOMETRIC__
__AUTOMETRIC__|0.1.2|27612|crew_log_7c29c154879f6f5a|0|1786391544.962|97.719|3.054|406384640|438321152|gen_data_c698e3d710d5cb5d|__AUTOMETRIC__
__AUTOMETRIC__|0.1.2|27612|crew_log_7c29c154879f6f5a|0|1786391545.978|99.993|3.125|406413312|438349824|gen_data_c698e3d710d5cb5d|__AUTOMETRIC__
__AUTOMETRIC__|0.1.2|27612|crew_log_7c29c154879f6f5a|0|1786391546.992|100.094|3.128|406441984|438378496|gen_data_c698e3d710d5cb5d|__AUTOMETRIC__
__AUTOMETRIC__|0.1.2|27612|crew_log_7c29c154879f6f5a|0|1786391548.000|99.268|3.102|406437888|438374400|gen_data_c698e3d710d5cb5d|__AUTOMETRIC__
__AUTOMETRIC__|0.1.2|27612|crew_log_7c29c154879f6f5a|0|1786391549.015|100.054|3.127|406339584|438276096|gen_data_c698e3d710d5cb5d|__AUTOMETRIC__
__AUTOMETRIC__|0.1.2|27612|crew_log_7c29c154879f6f5a|0|1786391550.027|100.307|3.135|406364160|438300672|gen_data_c698e3d710d5cb5d|__AUTOMETRIC__
__AUTOMETRIC__|0.1.2|27612|crew_log_7c29c154879f6f5a|0|1786391551.042|100.047|3.126|490266624|522485760|gen_data_c698e3d710d5cb5d|__AUTOMETRIC__
__AUTOMETRIC__|0.1.2|27612|crew_log_7c29c154879f6f5a|0|1786391552.058|100.040|3.126|491626496|523780096|gen_data_c698e3d710d5cb5d|__AUTOMETRIC__
__AUTOMETRIC__|0.1.2|27612|crew_log_7c29c154879f6f5a|0|1786391553.058|99.917|3.122|491708416|523866112|gen_data_c698e3d710d5cb5d|__AUTOMETRIC__
__AUTOMETRIC__|0.1.2|27612|crew_log_7c29c154879f6f5a|0|1786391554.061|99.703|3.116|491692032|523849728|gen_data_c698e3d710d5cb5d|__AUTOMETRIC__
__AUTOMETRIC__|0.1.2|27612|crew_log_7c29c154879f6f5a|0|1786391555.076|98.567|3.080|491966464|524124160|gen_data_c698e3d710d5cb5d|__AUTOMETRIC__
__AUTOMETRIC__|0.1.2|27612|crew_log_7c29c154879f6f5a|0|1786391556.091|98.508|3.078|492011520|524169216|gen_data_c698e3d710d5cb5d|__AUTOMETRIC__
__AUTOMETRIC__|0.1.2|27612|crew_log_7c29c154879f6f5a|0|1786391557.103|100.407|3.138|491995136|524152832|gen_data_c698e3d710d5cb5d|__AUTOMETRIC__
__AUTOMETRIC__|0.1.2|27612|crew_log_7c29c154879f6f5a|0|1786391558.109|99.351|3.105|491479040|523636736|gen_data_c698e3d710d5cb5d|__AUTOMETRIC__
__AUTOMETRIC__|0.1.2|27612|crew_log_7c29c154879f6f5a|0|1786391559.123|100.131|3.129|491978752|524136448|gen_data_c698e3d710d5cb5d|__AUTOMETRIC__
__AUTOMETRIC__|0.1.2|27612|crew_log_7c29c154879f6f5a|0|1786391560.136|100.271|3.133|492003328|524161024|gen_data_c698e3d710d5cb5d|__AUTOMETRIC__
__AUTOMETRIC__|0.1.2|27612|crew_log_7c29c154879f6f5a|0|1786391561.139|99.777|3.118|492007424|524165120|gen_data_c698e3d710d5cb5d|__AUTOMETRIC__
__AUTOMETRIC__|0.1.2|27612|crew_log_7c29c154879f6f5a|0|1786391562.146|99.260|3.102|492191744|524349440|gen_data_c698e3d710d5cb5d|__AUTOMETRIC__
__AUTOMETRIC__|0.1.2|27612|crew_log_7c29c154879f6f5a|0|1786391563.149|98.169|3.068|511266816|543719424|gen_data_960ce2e11c1cb0d9|__AUTOMETRIC__
__AUTOMETRIC__|0.1.2|27612|crew_log_7c29c154879f6f5a|0|1786391564.160|97.302|3.041|504442880|536477696|gen_data_960ce2e11c1cb0d9|__AUTOMETRIC__
__AUTOMETRIC__|0.1.2|27612|crew_log_7c29c154879f6f5a|0|1786391565.162|104.495|3.265|504406016|536440832|gen_data_960ce2e11c1cb0d9|__AUTOMETRIC__
__AUTOMETRIC__|0.1.2|27612|crew_log_7c29c154879f6f5a|0|1786391566.169|97.805|3.056|504401920|536436736|gen_data_960ce2e11c1cb0d9|__AUTOMETRIC__
__AUTOMETRIC__|0.1.2|27612|crew_log_7c29c154879f6f5a|0|1786391567.171|99.800|3.119|504406016|536440832|gen_data_960ce2e11c1cb0d9|__AUTOMETRIC__
__AUTOMETRIC__|0.1.2|27612|crew_log_7c29c154879f6f5a|0|1786391568.172|99.890|3.122|504418304|536453120|gen_data_960ce2e11c1cb0d9|__AUTOMETRIC__
__AUTOMETRIC__|0.1.2|27612|crew_log_7c29c154879f6f5a|0|1786391569.181|100.627|3.145|504414208|536449024|gen_data_960ce2e11c1cb0d9|__AUTOMETRIC__
__AUTOMETRIC__|0.1.2|27612|crew_log_7c29c154879f6f5a|0|1786391570.186|99.485|3.109|503533568|535597056|gen_data_960ce2e11c1cb0d9|__AUTOMETRIC__
__AUTOMETRIC__|0.1.2|27612|crew_log_7c29c154879f6f5a|0|1786391571.193|97.814|3.057|503459840|535523328|gen_data_960ce2e11c1cb0d9|__AUTOMETRIC__
__AUTOMETRIC__|0.1.2|27612|crew_log_7c29c154879f6f5a|0|1786391572.193|99.924|3.123|503549952|535613440|gen_data_960ce2e11c1cb0d9|__AUTOMETRIC__
__AUTOMETRIC__|0.1.2|27612|crew_log_7c29c154879f6f5a|0|1786391573.209|99.968|3.124|503529472|535592960|gen_data_960ce2e11c1cb0d9|__AUTOMETRIC__
__AUTOMETRIC__|0.1.2|27612|crew_log_7c29c154879f6f5a|0|1786391574.212|96.596|3.019|503586816|535650304|gen_data_960ce2e11c1cb0d9|__AUTOMETRIC__
__AUTOMETRIC__|0.1.2|27612|crew_log_7c29c154879f6f5a|0|1786391575.227|98.540|3.079|503586816|535646208|gen_data_960ce2e11c1cb0d9|__AUTOMETRIC__
__AUTOMETRIC__|0.1.2|27612|crew_log_7c29c154879f6f5a|0|1786391576.229|99.826|3.120|503582720|535642112|gen_data_960ce2e11c1cb0d9|__AUTOMETRIC__
__AUTOMETRIC__|0.1.2|27612|crew_log_7c29c154879f6f5a|0|1786391577.237|97.686|3.053|503627776|535687168|gen_data_960ce2e11c1cb0d9|__AUTOMETRIC__
__AUTOMETRIC__|0.1.2|27612|crew_log_7c29c154879f6f5a|0|1786391578.242|101.030|3.157|503611392|535670784|gen_data_960ce2e11c1cb0d9|__AUTOMETRIC__
__AUTOMETRIC__|0.1.2|27612|crew_log_7c29c154879f6f5a|0|1786391579.247|97.978|3.062|503664640|535724032|gen_data_960ce2e11c1cb0d9|__AUTOMETRIC__
__AUTOMETRIC__|0.1.2|27612|crew_log_7c29c154879f6f5a|0|1786391580.260|100.233|3.132|503713792|535748608|gen_data_960ce2e11c1cb0d9|__AUTOMETRIC__
__AUTOMETRIC__|0.1.2|27612|crew_log_7c29c154879f6f5a|0|1786391581.262|99.783|3.118|503394304|535429120|gen_data_960ce2e11c1cb0d9|__AUTOMETRIC__
__AUTOMETRIC__|0.1.2|27612|crew_log_7c29c154879f6f5a|0|1786391582.277|98.473|3.077|503414784|535449600|gen_data_960ce2e11c1cb0d9|__AUTOMETRIC__
__AUTOMETRIC__|0.1.2|27612|crew_log_7c29c154879f6f5a|0|1786391583.285|97.697|3.053|503451648|535486464|gen_data_960ce2e11c1cb0d9|__AUTOMETRIC__
__AUTOMETRIC__|0.1.2|27612|crew_log_7c29c154879f6f5a|0|1786391584.290|101.048|3.158|503463936|535498752|gen_data_960ce2e11c1cb0d9|__AUTOMETRIC__
__AUTOMETRIC__|0.1.2|27612|crew_log_7c29c154879f6f5a|0|1786391585.304|98.639|3.082|503504896|535539712|gen_data_960ce2e11c1cb0d9|__AUTOMETRIC__
__AUTOMETRIC__|0.1.2|27612|crew_log_7c29c154879f6f5a|0|1786391586.318|100.143|3.129|512839680|544890880|gen_data_960ce2e11c1cb0d9|__AUTOMETRIC__
__AUTOMETRIC__|0.1.2|27612|crew_log_7c29c154879f6f5a|0|1786391587.326|99.174|3.099|511176704|543232000|gen_data_960ce2e11c1cb0d9|__AUTOMETRIC__
__AUTOMETRIC__|0.1.2|27612|crew_log_7c29c154879f6f5a|0|1786391588.342|98.475|3.077|511229952|543285248|gen_data_960ce2e11c1cb0d9|__AUTOMETRIC__
__AUTOMETRIC__|0.1.2|27612|crew_log_7c29c154879f6f5a|0|1786391589.357|95.398|2.981|511270912|543326208|gen_data_960ce2e11c1cb0d9|__AUTOMETRIC__
__AUTOMETRIC__|0.1.2|27612|crew_log_7c29c154879f6f5a|0|1786391590.358|99.958|3.124|511283200|543338496|gen_data_960ce2e11c1cb0d9|__AUTOMETRIC__
__AUTOMETRIC__|0.1.2|27612|crew_log_7c29c154879f6f5a|0|1786391591.369|100.465|3.140|511295488|543350784|gen_data_960ce2e11c1cb0d9|__AUTOMETRIC__
__AUTOMETRIC__|0.1.2|27612|crew_log_7c29c154879f6f5a|0|1786391592.373|99.549|3.111|511295488|543350784|gen_data_960ce2e11c1cb0d9|__AUTOMETRIC__
__AUTOMETRIC__|0.1.2|27612|crew_log_7c29c154879f6f5a|0|1786391593.373|99.998|3.125|506544128|538599424|gen_data_960ce2e11c1cb0d9|__AUTOMETRIC__
__AUTOMETRIC__|0.1.2|27612|crew_log_7c29c154879f6f5a|0|1786391594.374|99.954|3.124|506552320|538607616|gen_data_960ce2e11c1cb0d9|__AUTOMETRIC__
__AUTOMETRIC__|0.1.2|27612|crew_log_7c29c154879f6f5a|0|1786391595.378|99.548|3.111|506548224|538603520|gen_data_960ce2e11c1cb0d9|__AUTOMETRIC__
__AUTOMETRIC__|0.1.2|27612|crew_log_7c29c154879f6f5a|0|1786391596.391|97.156|3.036|506560512|538615808|gen_data_960ce2e11c1cb0d9|__AUTOMETRIC__
__AUTOMETRIC__|0.1.2|27612|crew_log_7c29c154879f6f5a|0|1786391597.398|99.307|3.103|506576896|538632192|gen_data_960ce2e11c1cb0d9|__AUTOMETRIC__
__AUTOMETRIC__|0.1.2|27612|crew_log_7c29c154879f6f5a|0|1786391598.406|99.264|3.102|506564608|538619904|gen_data_960ce2e11c1cb0d9|__AUTOMETRIC__
__AUTOMETRIC__|0.1.2|27612|crew_log_7c29c154879f6f5a|0|1786391599.420|98.612|3.082|506576896|538632192|gen_data_960ce2e11c1cb0d9|__AUTOMETRIC__
__AUTOMETRIC__|0.1.2|27612|crew_log_7c29c154879f6f5a|0|1786391600.430|100.577|3.143|506585088|538640384|gen_data_960ce2e11c1cb0d9|__AUTOMETRIC__
__AUTOMETRIC__|0.1.2|27612|crew_log_7c29c154879f6f5a|0|1786391601.437|96.143|3.004|506609664|538664960|gen_data_960ce2e11c1cb0d9|__AUTOMETRIC__
__AUTOMETRIC__|0.1.2|27612|crew_log_7c29c154879f6f5a|0|1786391602.441|99.684|3.115|506605568|538660864|gen_data_960ce2e11c1cb0d9|__AUTOMETRIC__
__AUTOMETRIC__|0.1.2|27612|crew_log_7c29c154879f6f5a|0|1786391603.448|99.223|3.101|506605568|538660864|gen_data_960ce2e11c1cb0d9|__AUTOMETRIC__
__AUTOMETRIC__|0.1.2|27612|crew_log_7c29c154879f6f5a|0|1786391604.451|99.770|3.118|506654720|538710016|gen_data_960ce2e11c1cb0d9|__AUTOMETRIC__
__AUTOMETRIC__|0.1.2|27612|crew_log_7c29c154879f6f5a|0|1786391605.458|97.693|3.053|506089472|538152960|gen_data_960ce2e11c1cb0d9|__AUTOMETRIC__
__AUTOMETRIC__|0.1.2|27612|crew_log_7c29c154879f6f5a|0|1786391606.466|99.280|3.102|506245120|538353664|gen_data_960ce2e11c1cb0d9|__AUTOMETRIC__
__AUTOMETRIC__|0.1.2|27612|crew_log_7c29c154879f6f5a|0|1786391607.468|98.208|3.069|506253312|538361856|gen_data_960ce2e11c1cb0d9|__AUTOMETRIC__
__AUTOMETRIC__|0.1.2|27612|crew_log_7c29c154879f6f5a|0|1786391608.474|99.358|3.105|506286080|538394624|gen_data_960ce2e11c1cb0d9|__AUTOMETRIC__
__AUTOMETRIC__|0.1.2|27612|crew_log_7c29c154879f6f5a|0|1786391609.481|97.790|3.056|506306560|538415104|gen_data_960ce2e11c1cb0d9|__AUTOMETRIC__
__AUTOMETRIC__|0.1.2|27612|crew_log_7c29c154879f6f5a|0|1786391610.489|97.646|3.051|506462208|538513408|gen_data_960ce2e11c1cb0d9|__AUTOMETRIC__
__AUTOMETRIC__|0.1.2|27612|crew_log_7c29c154879f6f5a|0|1786391611.503|101.711|3.178|506478592|538529792|gen_data_960ce2e11c1cb0d9|__AUTOMETRIC__
__AUTOMETRIC__|0.1.2|27612|crew_log_7c29c154879f6f5a|0|1786391612.512|99.122|3.098|506519552|538570752|gen_data_960ce2e11c1cb0d9|__AUTOMETRIC__
__AUTOMETRIC__|0.1.2|27612|crew_log_7c29c154879f6f5a|0|1786391613.521|99.134|3.098|506519552|538570752|gen_data_960ce2e11c1cb0d9|__AUTOMETRIC__
__AUTOMETRIC__|0.1.2|27612|crew_log_7c29c154879f6f5a|0|1786391614.522|101.372|3.168|506544128|538595328|gen_data_960ce2e11c1cb0d9|__AUTOMETRIC__
__AUTOMETRIC__|0.1.2|27612|crew_log_7c29c154879f6f5a|0|1786391615.525|99.707|3.116|506531840|538583040|gen_data_960ce2e11c1cb0d9|__AUTOMETRIC__
__AUTOMETRIC__|0.1.2|27612|crew_log_7c29c154879f6f5a|0|1786391616.540|98.586|3.081|506540032|538591232|gen_data_960ce2e11c1cb0d9|__AUTOMETRIC__
__AUTOMETRIC__|0.1.2|27612|crew_log_7c29c154879f6f5a|0|1786391617.553|100.262|3.133|506195968|538202112|gen_data_960ce2e11c1cb0d9|__AUTOMETRIC__
__AUTOMETRIC__|0.1.2|27612|crew_log_7c29c154879f6f5a|0|1786391618.563|97.413|3.044|506306560|538316800|gen_data_960ce2e11c1cb0d9|__AUTOMETRIC__
__AUTOMETRIC__|0.1.2|27612|crew_log_7c29c154879f6f5a|0|1786391619.569|99.414|3.107|506322944|538333184|gen_data_960ce2e11c1cb0d9|__AUTOMETRIC__
__AUTOMETRIC__|0.1.2|27612|crew_log_7c29c154879f6f5a|0|1786391620.579|99.069|3.096|506335232|538345472|gen_data_960ce2e11c1cb0d9|__AUTOMETRIC__
__AUTOMETRIC__|0.1.2|27612|crew_log_7c29c154879f6f5a|0|1786391621.594|100.040|3.126|506376192|538386432|gen_data_960ce2e11c1cb0d9|__AUTOMETRIC__
__AUTOMETRIC__|0.1.2|27612|crew_log_7c29c154879f6f5a|0|1786391622.608|100.136|3.129|506368000|538378240|gen_data_960ce2e11c1cb0d9|__AUTOMETRIC__
__AUTOMETRIC__|0.1.2|27612|crew_log_7c29c154879f6f5a|0|1786391623.619|97.325|3.041|506712064|538710016|gen_data_960ce2e11c1cb0d9|__AUTOMETRIC__
__AUTOMETRIC__|0.1.2|27612|crew_log_7c29c154879f6f5a|0|1786391624.625|97.851|3.058|506384384|538382336|gen_data_960ce2e11c1cb0d9|__AUTOMETRIC__
__AUTOMETRIC__|0.1.2|27612|crew_log_7c29c154879f6f5a|0|1786391625.630|101.061|3.158|506421248|538419200|gen_data_960ce2e11c1cb0d9|__AUTOMETRIC__
__AUTOMETRIC__|0.1.2|27612|crew_log_7c29c154879f6f5a|0|1786391626.639|99.136|3.098|506441728|538439680|gen_data_960ce2e11c1cb0d9|__AUTOMETRIC__
__AUTOMETRIC__|0.1.2|27612|crew_log_7c29c154879f6f5a|0|1786391627.643|99.566|3.111|506437632|538435584|gen_data_960ce2e11c1cb0d9|__AUTOMETRIC__
__AUTOMETRIC__|0.1.2|27612|crew_log_7c29c154879f6f5a|0|1786391628.646|98.194|3.069|506441728|538439680|gen_data_960ce2e11c1cb0d9|__AUTOMETRIC__
__AUTOMETRIC__|0.1.2|27612|crew_log_7c29c154879f6f5a|0|1786391629.652|100.937|3.154|506470400|538468352|gen_data_960ce2e11c1cb0d9|__AUTOMETRIC__
__AUTOMETRIC__|0.1.2|27612|crew_log_7c29c154879f6f5a|0|1786391630.663|100.427|3.138|506286080|538284032|gen_data_960ce2e11c1cb0d9|__AUTOMETRIC__
__AUTOMETRIC__|0.1.2|27612|crew_log_7c29c154879f6f5a|0|1786391631.665|99.877|3.121|506294272|538292224|gen_data_960ce2e11c1cb0d9|__AUTOMETRIC__
__AUTOMETRIC__|0.1.2|27612|crew_log_7c29c154879f6f5a|0|1786391632.668|94.982|2.968|506273792|538271744|gen_data_960ce2e11c1cb0d9|__AUTOMETRIC__
__AUTOMETRIC__|0.1.2|27612|crew_log_7c29c154879f6f5a|0|1786391633.678|100.546|3.142|506290176|538288128|gen_data_960ce2e11c1cb0d9|__AUTOMETRIC__
__AUTOMETRIC__|0.1.2|27612|crew_log_7c29c154879f6f5a|0|1786391634.685|97.741|3.054|506286080|538284032|gen_data_960ce2e11c1cb0d9|__AUTOMETRIC__
__AUTOMETRIC__|0.1.2|27612|crew_log_7c29c154879f6f5a|0|1786391635.689|99.599|3.112|506335232|538333184|gen_data_960ce2e11c1cb0d9|__AUTOMETRIC__
__AUTOMETRIC__|0.1.2|27612|crew_log_7c29c154879f6f5a|0|1786391636.693|101.179|3.162|506351616|538349568|gen_data_960ce2e11c1cb0d9|__AUTOMETRIC__
__AUTOMETRIC__|0.1.2|27612|crew_log_7c29c154879f6f5a|0|1786391637.703|98.997|3.094|506380288|538378240|gen_data_960ce2e11c1cb0d9|__AUTOMETRIC__
__AUTOMETRIC__|0.1.2|27612|crew_log_7c29c154879f6f5a|0|1786391638.708|101.042|3.158|506384384|538382336|gen_data_960ce2e11c1cb0d9|__AUTOMETRIC__
__AUTOMETRIC__|0.1.2|27612|crew_log_7c29c154879f6f5a|0|1786391639.719|98.968|3.093|506400768|538398720|gen_data_960ce2e11c1cb0d9|__AUTOMETRIC__
__AUTOMETRIC__|0.1.2|27612|crew_log_7c29c154879f6f5a|0|1786391640.724|101.057|3.158|506445824|538443776|gen_data_960ce2e11c1cb0d9|__AUTOMETRIC__
__AUTOMETRIC__|0.1.2|27612|crew_log_7c29c154879f6f5a|0|1786391641.732|99.199|3.100|506470400|538468352|gen_data_960ce2e11c1cb0d9|__AUTOMETRIC__
__AUTOMETRIC__|0.1.2|27612|crew_log_7c29c154879f6f5a|0|1786391642.738|94.744|2.961|506163200|538161152|gen_data_960ce2e11c1cb0d9|__AUTOMETRIC__
__AUTOMETRIC__|0.1.2|27612|crew_log_7c29c154879f6f5a|0|1786391643.752|95.542|2.986|506208256|538206208|gen_data_960ce2e11c1cb0d9|__AUTOMETRIC__
__AUTOMETRIC__|0.1.2|27612|crew_log_7c29c154879f6f5a|0|1786391644.764|98.842|3.089|506200064|538198016|gen_data_960ce2e11c1cb0d9|__AUTOMETRIC__
__AUTOMETRIC__|0.1.2|27612|crew_log_7c29c154879f6f5a|0|1786391645.777|98.712|3.085|506228736|538226688|gen_data_960ce2e11c1cb0d9|__AUTOMETRIC__
__AUTOMETRIC__|0.1.2|27612|crew_log_7c29c154879f6f5a|0|1786391646.778|96.710|3.022|506216448|538214400|gen_data_960ce2e11c1cb0d9|__AUTOMETRIC__
__AUTOMETRIC__|0.1.2|27612|crew_log_7c29c154879f6f5a|0|1786391647.793|100.102|3.128|506228736|538226688|gen_data_960ce2e11c1cb0d9|__AUTOMETRIC__
__AUTOMETRIC__|0.1.2|27612|crew_log_7c29c154879f6f5a|0|1786391648.796|96.570|3.018|506216448|538214400|gen_data_960ce2e11c1cb0d9|__AUTOMETRIC__
__AUTOMETRIC__|0.1.2|27612|crew_log_7c29c154879f6f5a|0|1786391649.809|100.256|3.133|506216448|538214400|gen_data_960ce2e11c1cb0d9|__AUTOMETRIC__
__AUTOMETRIC__|0.1.2|27612|crew_log_7c29c154879f6f5a|0|1786391650.825|99.984|3.125|506236928|538234880|gen_data_960ce2e11c1cb0d9|__AUTOMETRIC__
__AUTOMETRIC__|0.1.2|27612|crew_log_7c29c154879f6f5a|0|1786391651.827|96.719|3.022|506220544|538218496|gen_data_960ce2e11c1cb0d9|__AUTOMETRIC__
__AUTOMETRIC__|0.1.2|27612|crew_log_7c29c154879f6f5a|0|1786391652.841|100.155|3.130|506224640|538222592|gen_data_960ce2e11c1cb0d9|__AUTOMETRIC__
__AUTOMETRIC__|0.1.2|27612|crew_log_7c29c154879f6f5a|0|1786391653.856|98.534|3.079|506236928|538234880|gen_data_960ce2e11c1cb0d9|__AUTOMETRIC__
__AUTOMETRIC__|0.1.2|27612|crew_log_7c29c154879f6f5a|0|1786391654.855|98.442|3.076|505909248|537907200|gen_data_960ce2e11c1cb0d9|__AUTOMETRIC__
__AUTOMETRIC__|0.1.2|27612|crew_log_7c29c154879f6f5a|0|1786391655.857|99.803|3.119|505917440|537915392|gen_data_960ce2e11c1cb0d9|__AUTOMETRIC__
__AUTOMETRIC__|0.1.2|27612|crew_log_7c29c154879f6f5a|0|1786391656.858|99.955|3.124|505913344|537911296|gen_data_960ce2e11c1cb0d9|__AUTOMETRIC__
__AUTOMETRIC__|0.1.2|27612|crew_log_7c29c154879f6f5a|0|1786391657.871|100.240|3.133|505921536|537919488|gen_data_960ce2e11c1cb0d9|__AUTOMETRIC__
__AUTOMETRIC__|0.1.2|27612|crew_log_7c29c154879f6f5a|0|1786391658.886|100.076|3.127|505917440|537915392|gen_data_960ce2e11c1cb0d9|__AUTOMETRIC__
__AUTOMETRIC__|0.1.2|27612|crew_log_7c29c154879f6f5a|0|1786391659.889|99.726|3.116|505925632|537923584|gen_data_960ce2e11c1cb0d9|__AUTOMETRIC__
__AUTOMETRIC__|0.1.2|27612|crew_log_7c29c154879f6f5a|0|1786391660.894|99.440|3.108|505909248|537907200|gen_data_960ce2e11c1cb0d9|__AUTOMETRIC__
__AUTOMETRIC__|0.1.2|27612|crew_log_7c29c154879f6f5a|0|1786391661.899|99.563|3.111|505913344|537911296|gen_data_960ce2e11c1cb0d9|__AUTOMETRIC__
__AUTOMETRIC__|0.1.2|27612|crew_log_7c29c154879f6f5a|0|1786391662.912|98.666|3.083|505921536|537919488|gen_data_960ce2e11c1cb0d9|__AUTOMETRIC__
__AUTOMETRIC__|0.1.2|27612|crew_log_7c29c154879f6f5a|0|1786391663.922|100.616|3.144|505929728|537927680|gen_data_960ce2e11c1cb0d9|__AUTOMETRIC__
__AUTOMETRIC__|0.1.2|27612|crew_log_7c29c154879f6f5a|0|1786391664.929|99.288|3.103|505925632|537923584|gen_data_960ce2e11c1cb0d9|__AUTOMETRIC__
__AUTOMETRIC__|0.1.2|27612|crew_log_7c29c154879f6f5a|0|1786391665.940|97.377|3.043|505933824|537931776|gen_data_960ce2e11c1cb0d9|__AUTOMETRIC__
__AUTOMETRIC__|0.1.2|27612|crew_log_7c29c154879f6f5a|0|1786391666.944|96.448|3.014|505876480|537874432|gen_data_960ce2e11c1cb0d9|__AUTOMETRIC__
__AUTOMETRIC__|0.1.2|27612|crew_log_7c29c154879f6f5a|0|1786391667.949|99.558|3.111|505896960|537894912|gen_data_960ce2e11c1cb0d9|__AUTOMETRIC__
__AUTOMETRIC__|0.1.2|27612|crew_log_7c29c154879f6f5a|0|1786391668.953|97.971|3.062|505888768|537886720|gen_data_960ce2e11c1cb0d9|__AUTOMETRIC__
__AUTOMETRIC__|0.1.2|27612|crew_log_7c29c154879f6f5a|0|1786391669.964|98.985|3.093|505892864|537890816|gen_data_960ce2e11c1cb0d9|__AUTOMETRIC__
__AUTOMETRIC__|0.1.2|27612|crew_log_7c29c154879f6f5a|0|1786391670.977|97.155|3.036|505901056|537899008|gen_data_960ce2e11c1cb0d9|__AUTOMETRIC__
__AUTOMETRIC__|0.1.2|27612|crew_log_7c29c154879f6f5a|0|1786391671.991|100.132|3.129|505892864|537890816|gen_data_960ce2e11c1cb0d9|__AUTOMETRIC__
__AUTOMETRIC__|0.1.2|27612|crew_log_7c29c154879f6f5a|0|1786391672.999|99.179|3.099|505901056|537899008|gen_data_960ce2e11c1cb0d9|__AUTOMETRIC__
__AUTOMETRIC__|0.1.2|27612|crew_log_7c29c154879f6f5a|0|1786391674.003|99.683|3.115|505896960|537894912|gen_data_960ce2e11c1cb0d9|__AUTOMETRIC__
__AUTOMETRIC__|0.1.2|27612|crew_log_7c29c154879f6f5a|0|1786391675.004|99.878|3.121|505909248|537907200|gen_data_960ce2e11c1cb0d9|__AUTOMETRIC__
__AUTOMETRIC__|0.1.2|27612|crew_log_7c29c154879f6f5a|0|1786391676.009|101.054|3.158|505901056|537899008|gen_data_960ce2e11c1cb0d9|__AUTOMETRIC__
__AUTOMETRIC__|0.1.2|27612|crew_log_7c29c154879f6f5a|0|1786391677.021|98.835|3.089|505892864|537890816|gen_data_960ce2e11c1cb0d9|__AUTOMETRIC__
__AUTOMETRIC__|0.1.2|27612|crew_log_7c29c154879f6f5a|0|1786391678.035|100.126|3.129|505909248|537907200|gen_data_960ce2e11c1cb0d9|__AUTOMETRIC__
__AUTOMETRIC__|0.1.2|27612|crew_log_7c29c154879f6f5a|0|1786391679.051|99.993|3.125|505417728|537419776|gen_data_960ce2e11c1cb0d9|__AUTOMETRIC__
__AUTOMETRIC__|0.1.2|27612|crew_log_7c29c154879f6f5a|0|1786391680.053|101.361|3.168|505507840|537534464|gen_data_960ce2e11c1cb0d9|__AUTOMETRIC__
__AUTOMETRIC__|0.1.2|27612|crew_log_7c29c154879f6f5a|0|1786391681.053|99.965|3.124|505520128|537522176|gen_data_960ce2e11c1cb0d9|__AUTOMETRIC__
__AUTOMETRIC__|0.1.2|27612|crew_log_7c29c154879f6f5a|0|1786391682.054|99.933|3.123|505511936|537513984|gen_data_960ce2e11c1cb0d9|__AUTOMETRIC__
__AUTOMETRIC__|0.1.2|27612|crew_log_7c29c154879f6f5a|0|1786391683.062|99.189|3.100|505532416|537534464|gen_data_960ce2e11c1cb0d9|__AUTOMETRIC__
__AUTOMETRIC__|0.1.2|27612|crew_log_7c29c154879f6f5a|0|1786391684.064|99.793|3.119|505520128|537522176|gen_data_960ce2e11c1cb0d9|__AUTOMETRIC__
__AUTOMETRIC__|0.1.2|27612|crew_log_7c29c154879f6f5a|0|1786391685.077|100.256|3.133|505528320|537530368|gen_data_960ce2e11c1cb0d9|__AUTOMETRIC__
__AUTOMETRIC__|0.1.2|27612|crew_log_7c29c154879f6f5a|0|1786391686.083|100.987|3.156|505532416|537534464|gen_data_960ce2e11c1cb0d9|__AUTOMETRIC__
__AUTOMETRIC__|0.1.2|27612|crew_log_7c29c154879f6f5a|0|1786391687.085|99.790|3.118|505524224|537526272|gen_data_960ce2e11c1cb0d9|__AUTOMETRIC__
__AUTOMETRIC__|0.1.2|27612|crew_log_7c29c154879f6f5a|0|1786391688.088|98.088|3.065|505548800|537550848|gen_data_960ce2e11c1cb0d9|__AUTOMETRIC__
__AUTOMETRIC__|0.1.2|27612|crew_log_7c29c154879f6f5a|0|1786391689.094|99.468|3.108|505511936|537513984|gen_data_960ce2e11c1cb0d9|__AUTOMETRIC__
__AUTOMETRIC__|0.1.2|27612|crew_log_7c29c154879f6f5a|0|1786391690.094|99.948|3.123|505577472|537579520|gen_data_960ce2e11c1cb0d9|__AUTOMETRIC__
__AUTOMETRIC__|0.1.2|27612|crew_log_7c29c154879f6f5a|0|1786391691.108|100.187|3.131|505327616|537325568|gen_data_960ce2e11c1cb0d9|__AUTOMETRIC__
__AUTOMETRIC__|0.1.2|27612|crew_log_7c29c154879f6f5a|0|1786391692.112|99.610|3.113|505421824|537423872|gen_data_960ce2e11c1cb0d9|__AUTOMETRIC__
__AUTOMETRIC__|0.1.2|27612|crew_log_7c29c154879f6f5a|0|1786391693.116|101.185|3.162|505401344|537403392|gen_data_960ce2e11c1cb0d9|__AUTOMETRIC__
__AUTOMETRIC__|0.1.2|27612|crew_log_7c29c154879f6f5a|0|1786391694.130|98.533|3.079|505376768|537378816|gen_data_960ce2e11c1cb0d9|__AUTOMETRIC__
__AUTOMETRIC__|0.1.2|27612|crew_log_7c29c154879f6f5a|0|1786391695.143|97.215|3.038|505425920|537427968|gen_data_960ce2e11c1cb0d9|__AUTOMETRIC__
__AUTOMETRIC__|0.1.2|27612|crew_log_7c29c154879f6f5a|0|1786391696.146|99.717|3.116|505393152|537395200|gen_data_960ce2e11c1cb0d9|__AUTOMETRIC__
__AUTOMETRIC__|0.1.2|27612|crew_log_7c29c154879f6f5a|0|1786391697.160|98.558|3.080|505384960|537382912|gen_data_960ce2e11c1cb0d9|__AUTOMETRIC__
__AUTOMETRIC__|0.1.2|27612|crew_log_7c29c154879f6f5a|0|1786391698.165|101.056|3.158|505434112|537432064|gen_data_960ce2e11c1cb0d9|__AUTOMETRIC__
__AUTOMETRIC__|0.1.2|27612|crew_log_7c29c154879f6f5a|0|1786391699.167|99.852|3.120|505413632|537448448|gen_data_960ce2e11c1cb0d9|__AUTOMETRIC__
__AUTOMETRIC__|0.1.2|27612|crew_log_7c29c154879f6f5a|0|1786391700.181|100.125|3.129|505479168|537477120|gen_data_960ce2e11c1cb0d9|__AUTOMETRIC__
__AUTOMETRIC__|0.1.2|27612|crew_log_7c29c154879f6f5a|0|1786391701.196|98.585|3.081|505438208|537436160|gen_data_960ce2e11c1cb0d9|__AUTOMETRIC__
__AUTOMETRIC__|0.1.2|27612|crew_log_7c29c154879f6f5a|0|1786391702.208|100.294|3.134|505507840|537505792|gen_data_960ce2e11c1cb0d9|__AUTOMETRIC__
__AUTOMETRIC__|0.1.2|27612|crew_log_7c29c154879f6f5a|0|1786391703.220|97.261|3.039|505262080|537260032|gen_data_960ce2e11c1cb0d9|__AUTOMETRIC__
__AUTOMETRIC__|0.1.2|27612|crew_log_7c29c154879f6f5a|0|1786391704.227|99.317|3.104|505380864|537395200|gen_data_960ce2e11c1cb0d9|__AUTOMETRIC__
__AUTOMETRIC__|0.1.2|27612|crew_log_7c29c154879f6f5a|0|1786391705.231|96.482|3.015|505393152|537407488|gen_data_960ce2e11c1cb0d9|__AUTOMETRIC__
__AUTOMETRIC__|0.1.2|27612|crew_log_7c29c154879f6f5a|0|1786391706.234|98.163|3.068|505401344|537415680|gen_data_960ce2e11c1cb0d9|__AUTOMETRIC__
__AUTOMETRIC__|0.1.2|27612|crew_log_7c29c154879f6f5a|0|1786391707.238|98.096|3.065|505413632|537427968|gen_data_960ce2e11c1cb0d9|__AUTOMETRIC__
__AUTOMETRIC__|0.1.2|27612|crew_log_7c29c154879f6f5a|0|1786391708.240|101.283|3.165|505425920|537440256|gen_data_960ce2e11c1cb0d9|__AUTOMETRIC__
__AUTOMETRIC__|0.1.2|27612|crew_log_7c29c154879f6f5a|0|1786391709.249|99.167|3.099|505442304|537456640|gen_data_960ce2e11c1cb0d9|__AUTOMETRIC__
__AUTOMETRIC__|0.1.2|27612|crew_log_7c29c154879f6f5a|0|1786391710.260|98.925|3.091|505442304|537456640|gen_data_960ce2e11c1cb0d9|__AUTOMETRIC__
__AUTOMETRIC__|0.1.2|27612|crew_log_7c29c154879f6f5a|0|1786391711.266|97.855|3.058|505466880|537481216|gen_data_960ce2e11c1cb0d9|__AUTOMETRIC__
__AUTOMETRIC__|0.1.2|27612|crew_log_7c29c154879f6f5a|0|1786391712.270|98.049|3.064|505442304|537423872|gen_data_960ce2e11c1cb0d9|__AUTOMETRIC__
__AUTOMETRIC__|0.1.2|27612|crew_log_7c29c154879f6f5a|0|1786391713.278|97.612|3.050|505430016|537411584|gen_data_960ce2e11c1cb0d9|__AUTOMETRIC__
__AUTOMETRIC__|0.1.2|27612|crew_log_7c29c154879f6f5a|0|1786391714.287|100.707|3.147|505462784|537444352|gen_data_960ce2e11c1cb0d9|__AUTOMETRIC__
__AUTOMETRIC__|0.1.2|27612|crew_log_7c29c154879f6f5a|0|1786391715.292|99.435|3.107|505192448|537157632|gen_data_960ce2e11c1cb0d9|__AUTOMETRIC__
__AUTOMETRIC__|0.1.2|27612|crew_log_7c29c154879f6f5a|0|1786391716.299|99.304|3.103|505262080|537235456|gen_data_960ce2e11c1cb0d9|__AUTOMETRIC__
__AUTOMETRIC__|0.1.2|27612|crew_log_7c29c154879f6f5a|0|1786391717.305|97.848|3.058|505286656|537260032|gen_data_960ce2e11c1cb0d9|__AUTOMETRIC__
__AUTOMETRIC__|0.1.2|27612|crew_log_7c29c154879f6f5a|0|1786391718.312|99.374|3.105|505270272|537243648|gen_data_960ce2e11c1cb0d9|__AUTOMETRIC__
__AUTOMETRIC__|0.1.2|27612|crew_log_7c29c154879f6f5a|0|1786391719.322|98.998|3.094|505266176|537239552|gen_data_960ce2e11c1cb0d9|__AUTOMETRIC__
__AUTOMETRIC__|0.1.2|27612|crew_log_7c29c154879f6f5a|0|1786391720.326|98.056|3.064|505274368|537247744|gen_data_960ce2e11c1cb0d9|__AUTOMETRIC__
__AUTOMETRIC__|0.1.2|27612|crew_log_7c29c154879f6f5a|0|1786391721.329|99.675|3.115|505245696|537219072|gen_data_960ce2e11c1cb0d9|__AUTOMETRIC__
__AUTOMETRIC__|0.1.2|27612|crew_log_7c29c154879f6f5a|0|1786391722.332|99.677|3.115|505282560|537255936|gen_data_960ce2e11c1cb0d9|__AUTOMETRIC__
__AUTOMETRIC__|0.1.2|27612|crew_log_7c29c154879f6f5a|0|1786391723.336|102.697|3.209|505266176|537239552|gen_data_960ce2e11c1cb0d9|__AUTOMETRIC__
__AUTOMETRIC__|0.1.2|27612|crew_log_7c29c154879f6f5a|0|1786391724.343|99.359|3.105|505286656|537260032|gen_data_960ce2e11c1cb0d9|__AUTOMETRIC__
__AUTOMETRIC__|0.1.2|27612|crew_log_7c29c154879f6f5a|0|1786391725.349|97.833|3.057|505282560|537255936|gen_data_960ce2e11c1cb0d9|__AUTOMETRIC__
__AUTOMETRIC__|0.1.2|27612|crew_log_7c29c154879f6f5a|0|1786391726.359|95.884|2.996|505126912|537104384|gen_data_960ce2e11c1cb0d9|__AUTOMETRIC__
__AUTOMETRIC__|0.1.2|27612|crew_log_7c29c154879f6f5a|0|1786391727.362|96.593|3.019|505135104|537112576|gen_data_960ce2e11c1cb0d9|__AUTOMETRIC__
__AUTOMETRIC__|0.1.2|27612|crew_log_7c29c154879f6f5a|0|1786391728.368|100.933|3.154|505159680|537137152|gen_data_960ce2e11c1cb0d9|__AUTOMETRIC__
__AUTOMETRIC__|0.1.2|27612|crew_log_7c29c154879f6f5a|0|1786391729.379|97.420|3.044|505176064|537153536|gen_data_960ce2e11c1cb0d9|__AUTOMETRIC__
__AUTOMETRIC__|0.1.2|27612|crew_log_7c29c154879f6f5a|0|1786391730.388|102.155|3.192|505114624|537092096|gen_data_960ce2e11c1cb0d9|__AUTOMETRIC__
__AUTOMETRIC__|0.1.2|27612|crew_log_7c29c154879f6f5a|0|1786391731.397|100.684|3.146|505204736|537182208|gen_data_960ce2e11c1cb0d9|__AUTOMETRIC__
__AUTOMETRIC__|0.1.2|27612|crew_log_7c29c154879f6f5a|0|1786391732.406|99.065|3.096|505094144|537206784|gen_data_960ce2e11c1cb0d9|__AUTOMETRIC__
__AUTOMETRIC__|0.1.2|27612|crew_log_7c29c154879f6f5a|0|1786391733.415|100.667|3.146|505106432|537071616|gen_data_960ce2e11c1cb0d9|__AUTOMETRIC__
__AUTOMETRIC__|0.1.2|27612|crew_log_7c29c154879f6f5a|0|1786391734.424|99.188|3.100|505196544|537161728|gen_data_960ce2e11c1cb0d9|__AUTOMETRIC__
__AUTOMETRIC__|0.1.2|27612|crew_log_7c29c154879f6f5a|0|1786391735.428|99.573|3.112|505126912|537092096|gen_data_960ce2e11c1cb0d9|__AUTOMETRIC__
__AUTOMETRIC__|0.1.2|27612|crew_log_7c29c154879f6f5a|0|1786391736.442|100.179|3.131|505192448|537157632|gen_data_960ce2e11c1cb0d9|__AUTOMETRIC__
__AUTOMETRIC__|0.1.2|27612|crew_log_7c29c154879f6f5a|0|1786391737.447|99.502|3.109|505196544|537161728|gen_data_960ce2e11c1cb0d9|__AUTOMETRIC__
__AUTOMETRIC__|0.1.2|27612|crew_log_7c29c154879f6f5a|0|1786391738.453|99.400|3.106|505106432|537071616|gen_data_960ce2e11c1cb0d9|__AUTOMETRIC__
__AUTOMETRIC__|0.1.2|27612|crew_log_7c29c154879f6f5a|0|1786391739.464|98.916|3.091|505208832|537174016|gen_data_960ce2e11c1cb0d9|__AUTOMETRIC__
__AUTOMETRIC__|0.1.2|27612|crew_log_7c29c154879f6f5a|0|1786391740.478|98.583|3.081|505167872|537133056|gen_data_960ce2e11c1cb0d9|__AUTOMETRIC__
__AUTOMETRIC__|0.1.2|27612|crew_log_7c29c154879f6f5a|0|1786391741.484|99.376|3.106|505237504|537202688|gen_data_960ce2e11c1cb0d9|__AUTOMETRIC__
__AUTOMETRIC__|0.1.2|27612|crew_log_7c29c154879f6f5a|0|1786391742.491|100.892|3.153|505233408|537198592|gen_data_960ce2e11c1cb0d9|__AUTOMETRIC__
__AUTOMETRIC__|0.1.2|27612|crew_log_7c29c154879f6f5a|0|1786391743.498|99.277|3.102|505282560|537247744|gen_data_960ce2e11c1cb0d9|__AUTOMETRIC__
__AUTOMETRIC__|0.1.2|27612|crew_log_7c29c154879f6f5a|0|1786391744.505|99.350|3.105|505286656|537251840|gen_data_960ce2e11c1cb0d9|__AUTOMETRIC__
__AUTOMETRIC__|0.1.2|27612|crew_log_7c29c154879f6f5a|0|1786391745.510|99.428|3.107|505212928|537178112|gen_data_960ce2e11c1cb0d9|__AUTOMETRIC__
__AUTOMETRIC__|0.1.2|27612|crew_log_7c29c154879f6f5a|0|1786391746.519|99.159|3.099|505286656|537251840|gen_data_960ce2e11c1cb0d9|__AUTOMETRIC__
__AUTOMETRIC__|0.1.2|27612|crew_log_7c29c154879f6f5a|0|1786391747.531|100.392|3.137|505298944|537264128|gen_data_960ce2e11c1cb0d9|__AUTOMETRIC__
__AUTOMETRIC__|0.1.2|27612|crew_log_7c29c154879f6f5a|0|1786391748.537|97.777|3.056|505245696|537210880|gen_data_960ce2e11c1cb0d9|__AUTOMETRIC__
__AUTOMETRIC__|0.1.2|27612|crew_log_7c29c154879f6f5a|0|1786391749.548|100.472|3.140|502845440|534818816|gen_data_960ce2e11c1cb0d9|__AUTOMETRIC__
__AUTOMETRIC__|0.1.2|27612|crew_log_7c29c154879f6f5a|0|1786391750.557|99.117|3.097|505090048|537075712|gen_data_960ce2e11c1cb0d9|__AUTOMETRIC__
__AUTOMETRIC__|0.1.2|27612|crew_log_7c29c154879f6f5a|0|1786391751.566|99.104|3.097|505159680|537145344|gen_data_960ce2e11c1cb0d9|__AUTOMETRIC__
__AUTOMETRIC__|0.1.2|27612|crew_log_7c29c154879f6f5a|0|1786391752.568|102.941|3.217|505143296|537128960|gen_data_960ce2e11c1cb0d9|__AUTOMETRIC__
__AUTOMETRIC__|0.1.2|27612|crew_log_7c29c154879f6f5a|0|1786391753.583|98.510|3.078|505167872|537153536|gen_data_960ce2e11c1cb0d9|__AUTOMETRIC__
__AUTOMETRIC__|0.1.2|27612|crew_log_7c29c154879f6f5a|0|1786391754.587|99.655|3.114|505200640|537186304|gen_data_960ce2e11c1cb0d9|__AUTOMETRIC__
__AUTOMETRIC__|0.1.2|27612|crew_log_7c29c154879f6f5a|0|1786391755.598|100.418|3.138|505122816|537108480|gen_data_960ce2e11c1cb0d9|__AUTOMETRIC__
__AUTOMETRIC__|0.1.2|27612|crew_log_7c29c154879f6f5a|0|1786391756.601|99.733|3.117|505171968|537157632|gen_data_960ce2e11c1cb0d9|__AUTOMETRIC__
__AUTOMETRIC__|0.1.2|27612|crew_log_7c29c154879f6f5a|0|1786391757.613|98.791|3.087|505180160|537165824|gen_data_960ce2e11c1cb0d9|__AUTOMETRIC__
__AUTOMETRIC__|0.1.2|27612|crew_log_7c29c154879f6f5a|0|1786391758.614|103.044|3.220|505118720|537104384|gen_data_960ce2e11c1cb0d9|__AUTOMETRIC__
__AUTOMETRIC__|0.1.2|27612|crew_log_7c29c154879f6f5a|0|1786391759.621|99.289|3.103|505217024|537202688|gen_data_960ce2e11c1cb0d9|__AUTOMETRIC__
__AUTOMETRIC__|0.1.2|27612|crew_log_7c29c154879f6f5a|0|1786391760.633|100.386|3.137|505155584|537141248|gen_data_960ce2e11c1cb0d9|__AUTOMETRIC__
__AUTOMETRIC__|0.1.2|27612|crew_log_7c29c154879f6f5a|0|1786391761.645|98.800|3.087|505020416|536985600|gen_data_960ce2e11c1cb0d9|__AUTOMETRIC__
__AUTOMETRIC__|0.1.2|27612|crew_log_7c29c154879f6f5a|0|1786391762.659|101.665|3.177|504995840|536961024|gen_data_960ce2e11c1cb0d9|__AUTOMETRIC__
__AUTOMETRIC__|0.1.2|27612|crew_log_7c29c154879f6f5a|0|1786391763.669|100.524|3.141|504946688|536911872|gen_data_960ce2e11c1cb0d9|__AUTOMETRIC__
__AUTOMETRIC__|0.1.2|27612|crew_log_7c29c154879f6f5a|0|1786391764.670|99.899|3.122|505085952|537051136|gen_data_960ce2e11c1cb0d9|__AUTOMETRIC__
__AUTOMETRIC__|0.1.2|27612|crew_log_7c29c154879f6f5a|0|1786391765.672|99.818|3.119|505020416|536985600|gen_data_960ce2e11c1cb0d9|__AUTOMETRIC__
__AUTOMETRIC__|0.1.2|27612|crew_log_7c29c154879f6f5a|0|1786391766.687|100.052|3.127|505131008|537096192|gen_data_960ce2e11c1cb0d9|__AUTOMETRIC__
__AUTOMETRIC__|0.1.2|27612|crew_log_7c29c154879f6f5a|0|1786391767.692|101.116|3.160|504995840|536961024|gen_data_960ce2e11c1cb0d9|__AUTOMETRIC__
__AUTOMETRIC__|0.1.2|27612|crew_log_7c29c154879f6f5a|0|1786391768.694|99.761|3.118|505077760|537042944|gen_data_960ce2e11c1cb0d9|__AUTOMETRIC__
__AUTOMETRIC__|0.1.2|27612|crew_log_7c29c154879f6f5a|0|1786391769.695|98.307|3.072|505061376|537026560|gen_data_960ce2e11c1cb0d9|__AUTOMETRIC__
__AUTOMETRIC__|0.1.2|27612|crew_log_7c29c154879f6f5a|0|1786391770.698|98.173|3.068|504991744|536956928|gen_data_960ce2e11c1cb0d9|__AUTOMETRIC__
__AUTOMETRIC__|0.1.2|27612|crew_log_7c29c154879f6f5a|0|1786391771.702|98.061|3.064|505090048|537055232|gen_data_960ce2e11c1cb0d9|__AUTOMETRIC__
__AUTOMETRIC__|0.1.2|27612|crew_log_7c29c154879f6f5a|0|1786391772.705|101.233|3.164|499937280|531902464|gen_data_960ce2e11c1cb0d9|__AUTOMETRIC__
__AUTOMETRIC__|0.1.2|27612|crew_log_7c29c154879f6f5a|0|1786391773.707|101.378|3.168|504893440|536862720|gen_data_960ce2e11c1cb0d9|__AUTOMETRIC__
__AUTOMETRIC__|0.1.2|27612|crew_log_7c29c154879f6f5a|0|1786391774.709|99.767|3.118|504848384|536817664|gen_data_960ce2e11c1cb0d9|__AUTOMETRIC__
__AUTOMETRIC__|0.1.2|27612|crew_log_7c29c154879f6f5a|0|1786391775.710|96.846|3.026|504918016|536887296|gen_data_960ce2e11c1cb0d9|__AUTOMETRIC__
__AUTOMETRIC__|0.1.2|27612|crew_log_7c29c154879f6f5a|0|1786391776.714|99.616|3.113|504991744|536961024|gen_data_960ce2e11c1cb0d9|__AUTOMETRIC__
__AUTOMETRIC__|0.1.2|27612|crew_log_7c29c154879f6f5a|0|1786391777.717|99.620|3.113|504942592|536911872|gen_data_960ce2e11c1cb0d9|__AUTOMETRIC__
__AUTOMETRIC__|0.1.2|27612|crew_log_7c29c154879f6f5a|0|1786391778.732|98.569|3.080|505036800|537006080|gen_data_960ce2e11c1cb0d9|__AUTOMETRIC__
__AUTOMETRIC__|0.1.2|27612|crew_log_7c29c154879f6f5a|0|1786391779.736|99.563|3.111|504991744|536961024|gen_data_960ce2e11c1cb0d9|__AUTOMETRIC__
__AUTOMETRIC__|0.1.2|27612|crew_log_7c29c154879f6f5a|0|1786391780.752|98.468|3.077|505012224|536981504|gen_data_960ce2e11c1cb0d9|__AUTOMETRIC__
__AUTOMETRIC__|0.1.2|27612|crew_log_7c29c154879f6f5a|0|1786391781.764|100.299|3.134|504995840|536965120|gen_data_960ce2e11c1cb0d9|__AUTOMETRIC__
__AUTOMETRIC__|0.1.2|27612|crew_log_7c29c154879f6f5a|0|1786391782.766|96.765|3.024|504979456|536948736|gen_data_960ce2e11c1cb0d9|__AUTOMETRIC__
__AUTOMETRIC__|0.1.2|27612|crew_log_7c29c154879f6f5a|0|1786391783.775|99.052|3.095|505094144|537063424|gen_data_960ce2e11c1cb0d9|__AUTOMETRIC__
__AUTOMETRIC__|0.1.2|27612|crew_log_7c29c154879f6f5a|0|1786391784.782|97.787|3.056|504942592|536907776|gen_data_960ce2e11c1cb0d9|__AUTOMETRIC__
__AUTOMETRIC__|0.1.2|27612|crew_log_7c29c154879f6f5a|0|1786391785.784|98.228|3.070|505032704|536997888|gen_data_960ce2e11c1cb0d9|__AUTOMETRIC__
__AUTOMETRIC__|0.1.2|27612|crew_log_7c29c154879f6f5a|0|1786391786.795|101.987|3.187|505008128|536973312|gen_data_960ce2e11c1cb0d9|__AUTOMETRIC__
__AUTOMETRIC__|0.1.2|27612|crew_log_7c29c154879f6f5a|0|1786391787.803|100.723|3.148|504958976|536924160|gen_data_960ce2e11c1cb0d9|__AUTOMETRIC__
__AUTOMETRIC__|0.1.2|27612|crew_log_7c29c154879f6f5a|0|1786391788.814|95.825|2.995|505049088|537014272|gen_data_960ce2e11c1cb0d9|__AUTOMETRIC__
__AUTOMETRIC__|0.1.2|27612|crew_log_7c29c154879f6f5a|0|1786391789.815|101.531|3.173|505004032|536969216|gen_data_960ce2e11c1cb0d9|__AUTOMETRIC__
__AUTOMETRIC__|0.1.2|27612|crew_log_7c29c154879f6f5a|0|1786391790.824|97.495|3.047|505077760|537042944|gen_data_960ce2e11c1cb0d9|__AUTOMETRIC__
__AUTOMETRIC__|0.1.2|27612|crew_log_7c29c154879f6f5a|0|1786391791.839|96.977|3.031|505016320|536981504|gen_data_960ce2e11c1cb0d9|__AUTOMETRIC__
__AUTOMETRIC__|0.1.2|27612|crew_log_7c29c154879f6f5a|0|1786391792.852|100.341|3.136|505040896|537006080|gen_data_960ce2e11c1cb0d9|__AUTOMETRIC__
__AUTOMETRIC__|0.1.2|27612|crew_log_7c29c154879f6f5a|0|1786391793.856|90.216|2.819|508538880|540520448|gen_data_0428a185b08c9da8|__AUTOMETRIC__
__AUTOMETRIC__|0.1.2|27612|crew_log_7c29c154879f6f5a|0|1786391794.859|99.700|3.116|508473344|540454912|gen_data_0428a185b08c9da8|__AUTOMETRIC__
__AUTOMETRIC__|0.1.2|27612|crew_log_7c29c154879f6f5a|0|1786391795.875|98.476|3.077|508428288|540409856|gen_data_0428a185b08c9da8|__AUTOMETRIC__
__AUTOMETRIC__|0.1.2|27612|crew_log_7c29c154879f6f5a|0|1786391796.889|98.549|3.080|508194816|540160000|gen_data_0428a185b08c9da8|__AUTOMETRIC__
__AUTOMETRIC__|0.1.2|27612|crew_log_7c29c154879f6f5a|0|1786391797.894|97.971|3.062|508239872|540205056|gen_data_0428a185b08c9da8|__AUTOMETRIC__
__AUTOMETRIC__|0.1.2|27612|crew_log_7c29c154879f6f5a|0|1786391798.908|97.107|3.035|508211200|540176384|gen_data_0428a185b08c9da8|__AUTOMETRIC__
__AUTOMETRIC__|0.1.2|27612|crew_log_7c29c154879f6f5a|0|1786391799.912|101.094|3.159|508264448|540237824|gen_data_0428a185b08c9da8|__AUTOMETRIC__
__AUTOMETRIC__|0.1.2|27612|crew_log_7c29c154879f6f5a|0|1786391800.919|96.290|3.009|508256256|540229632|gen_data_0428a185b08c9da8|__AUTOMETRIC__
__AUTOMETRIC__|0.1.2|27612|crew_log_7c29c154879f6f5a|0|1786391801.921|95.109|2.972|508289024|540262400|gen_data_0428a185b08c9da8|__AUTOMETRIC__
__AUTOMETRIC__|0.1.2|27612|crew_log_7c29c154879f6f5a|0|1786391802.928|99.255|3.102|511229952|543199232|gen_data_0428a185b08c9da8|__AUTOMETRIC__
__AUTOMETRIC__|0.1.2|27612|crew_log_7c29c154879f6f5a|0|1786391803.934|99.447|3.108|511766528|543735808|gen_data_0428a185b08c9da8|__AUTOMETRIC__
__AUTOMETRIC__|0.1.2|27612|crew_log_7c29c154879f6f5a|0|1786391804.947|98.664|3.083|511762432|543731712|gen_data_0428a185b08c9da8|__AUTOMETRIC__
__AUTOMETRIC__|0.1.2|27612|crew_log_7c29c154879f6f5a|0|1786391805.948|99.936|3.123|511807488|543776768|gen_data_0428a185b08c9da8|__AUTOMETRIC__
__AUTOMETRIC__|0.1.2|27612|crew_log_7c29c154879f6f5a|0|1786391806.950|99.757|3.117|511795200|543764480|gen_data_0428a185b08c9da8|__AUTOMETRIC__
__AUTOMETRIC__|0.1.2|27612|crew_log_7c29c154879f6f5a|0|1786391807.964|98.608|3.081|511881216|543850496|gen_data_0428a185b08c9da8|__AUTOMETRIC__
__AUTOMETRIC__|0.1.2|27612|crew_log_7c29c154879f6f5a|0|1786391808.966|99.871|3.121|507019264|538988544|gen_data_0428a185b08c9da8|__AUTOMETRIC__
__AUTOMETRIC__|0.1.2|27612|crew_log_7c29c154879f6f5a|0|1786391809.982|98.426|3.076|507015168|538984448|gen_data_0428a185b08c9da8|__AUTOMETRIC__
__AUTOMETRIC__|0.1.2|27612|crew_log_7c29c154879f6f5a|0|1786391810.997|98.457|3.077|507052032|539021312|gen_data_0428a185b08c9da8|__AUTOMETRIC__
__AUTOMETRIC__|0.1.2|27612|crew_log_7c29c154879f6f5a|0|1786391812.000|99.735|3.117|507084800|539054080|gen_data_0428a185b08c9da8|__AUTOMETRIC__
__AUTOMETRIC__|0.1.2|27612|crew_log_7c29c154879f6f5a|0|1786391813.009|97.563|3.049|507142144|539111424|gen_data_0428a185b08c9da8|__AUTOMETRIC__
__AUTOMETRIC__|0.1.2|27612|crew_log_7c29c154879f6f5a|0|1786391814.012|99.674|3.115|507088896|539058176|gen_data_0428a185b08c9da8|__AUTOMETRIC__
__AUTOMETRIC__|0.1.2|27612|crew_log_7c29c154879f6f5a|0|1786391815.021|100.700|3.147|507166720|539136000|gen_data_0428a185b08c9da8|__AUTOMETRIC__
__AUTOMETRIC__|0.1.2|27612|crew_log_7c29c154879f6f5a|0|1786391816.023|99.792|3.118|507101184|539070464|gen_data_0428a185b08c9da8|__AUTOMETRIC__
__AUTOMETRIC__|0.1.2|27612|crew_log_7c29c154879f6f5a|0|1786391817.024|99.851|3.120|507174912|539144192|gen_data_0428a185b08c9da8|__AUTOMETRIC__
__AUTOMETRIC__|0.1.2|27612|crew_log_7c29c154879f6f5a|0|1786391818.032|97.743|3.054|507146240|539115520|gen_data_0428a185b08c9da8|__AUTOMETRIC__
__AUTOMETRIC__|0.1.2|27612|crew_log_7c29c154879f6f5a|0|1786391819.033|99.830|3.120|507129856|539099136|gen_data_0428a185b08c9da8|__AUTOMETRIC__
__AUTOMETRIC__|0.1.2|27612|crew_log_7c29c154879f6f5a|0|1786391820.049|96.943|3.029|507179008|539148288|gen_data_0428a185b08c9da8|__AUTOMETRIC__
__AUTOMETRIC__|0.1.2|27612|crew_log_7c29c154879f6f5a|0|1786391821.052|101.268|3.165|506814464|538783744|gen_data_0428a185b08c9da8|__AUTOMETRIC__
__AUTOMETRIC__|0.1.2|27612|crew_log_7c29c154879f6f5a|0|1786391822.065|97.092|3.034|506982400|538963968|gen_data_0428a185b08c9da8|__AUTOMETRIC__
__AUTOMETRIC__|0.1.2|27612|crew_log_7c29c154879f6f5a|0|1786391823.070|102.699|3.209|507064320|539045888|gen_data_0428a185b08c9da8|__AUTOMETRIC__
__AUTOMETRIC__|0.1.2|27612|crew_log_7c29c154879f6f5a|0|1786391824.085|100.019|3.126|507080704|539062272|gen_data_0428a185b08c9da8|__AUTOMETRIC__
__AUTOMETRIC__|0.1.2|27612|crew_log_7c29c154879f6f5a|0|1786391825.085|98.419|3.076|507097088|539078656|gen_data_0428a185b08c9da8|__AUTOMETRIC__
__AUTOMETRIC__|0.1.2|27612|crew_log_7c29c154879f6f5a|0|1786391826.099|100.160|3.130|507084800|539066368|gen_data_0428a185b08c9da8|__AUTOMETRIC__
__AUTOMETRIC__|0.1.2|27612|crew_log_7c29c154879f6f5a|0|1786391827.105|99.396|3.106|507125760|539107328|gen_data_0428a185b08c9da8|__AUTOMETRIC__
__AUTOMETRIC__|0.1.2|27612|crew_log_7c29c154879f6f5a|0|1786391828.108|99.780|3.118|507113472|539095040|gen_data_0428a185b08c9da8|__AUTOMETRIC__
__AUTOMETRIC__|0.1.2|27612|crew_log_7c29c154879f6f5a|0|1786391829.108|99.936|3.123|507158528|539140096|gen_data_0428a185b08c9da8|__AUTOMETRIC__
__AUTOMETRIC__|0.1.2|27612|crew_log_7c29c154879f6f5a|0|1786391830.123|100.068|3.127|507166720|539148288|gen_data_0428a185b08c9da8|__AUTOMETRIC__
__AUTOMETRIC__|0.1.2|27612|crew_log_7c29c154879f6f5a|0|1786391831.126|98.185|3.068|507166720|539148288|gen_data_0428a185b08c9da8|__AUTOMETRIC__
__AUTOMETRIC__|0.1.2|27612|crew_log_7c29c154879f6f5a|0|1786391832.140|100.098|3.128|507219968|539201536|gen_data_0428a185b08c9da8|__AUTOMETRIC__
__AUTOMETRIC__|0.1.2|27612|crew_log_7c29c154879f6f5a|0|1786391833.141|98.357|3.074|507199488|539168768|gen_data_0428a185b08c9da8|__AUTOMETRIC__
__AUTOMETRIC__|0.1.2|27612|crew_log_7c29c154879f6f5a|0|1786391834.150|100.619|3.144|506933248|538910720|gen_data_0428a185b08c9da8|__AUTOMETRIC__
__AUTOMETRIC__|0.1.2|27612|crew_log_7c29c154879f6f5a|0|1786391835.157|99.335|3.104|506941440|538918912|gen_data_0428a185b08c9da8|__AUTOMETRIC__
__AUTOMETRIC__|0.1.2|27612|crew_log_7c29c154879f6f5a|0|1786391836.161|99.598|3.112|506941440|538918912|gen_data_0428a185b08c9da8|__AUTOMETRIC__
__AUTOMETRIC__|0.1.2|27612|crew_log_7c29c154879f6f5a|0|1786391837.175|97.113|3.035|506986496|538963968|gen_data_0428a185b08c9da8|__AUTOMETRIC__
__AUTOMETRIC__|0.1.2|27612|crew_log_7c29c154879f6f5a|0|1786391838.181|102.451|3.202|507015168|538992640|gen_data_0428a185b08c9da8|__AUTOMETRIC__
__AUTOMETRIC__|0.1.2|27612|crew_log_7c29c154879f6f5a|0|1786391839.189|99.205|3.100|507023360|539000832|gen_data_0428a185b08c9da8|__AUTOMETRIC__
__AUTOMETRIC__|0.1.2|27612|crew_log_7c29c154879f6f5a|0|1786391840.195|102.543|3.204|507015168|538992640|gen_data_0428a185b08c9da8|__AUTOMETRIC__
__AUTOMETRIC__|0.1.2|27612|crew_log_7c29c154879f6f5a|0|1786391841.200|99.504|3.109|507084800|539090944|gen_data_0428a185b08c9da8|__AUTOMETRIC__
__AUTOMETRIC__|0.1.2|27612|crew_log_7c29c154879f6f5a|0|1786391842.216|99.983|3.124|507125760|539131904|gen_data_0428a185b08c9da8|__AUTOMETRIC__
__AUTOMETRIC__|0.1.2|27612|crew_log_7c29c154879f6f5a|0|1786391843.217|99.849|3.120|507162624|539168768|gen_data_0428a185b08c9da8|__AUTOMETRIC__
__AUTOMETRIC__|0.1.2|27612|crew_log_7c29c154879f6f5a|0|1786391844.229|98.857|3.089|507174912|539181056|gen_data_0428a185b08c9da8|__AUTOMETRIC__
__AUTOMETRIC__|0.1.2|27612|crew_log_7c29c154879f6f5a|0|1786391845.235|99.411|3.107|507215872|539222016|gen_data_0428a185b08c9da8|__AUTOMETRIC__
__AUTOMETRIC__|0.1.2|27612|crew_log_7c29c154879f6f5a|0|1786391846.235|99.992|3.125|506892288|538902528|gen_data_0428a185b08c9da8|__AUTOMETRIC__
__AUTOMETRIC__|0.1.2|27612|crew_log_7c29c154879f6f5a|0|1786391847.242|100.851|3.152|506908672|538918912|gen_data_0428a185b08c9da8|__AUTOMETRIC__
__AUTOMETRIC__|0.1.2|27612|crew_log_7c29c154879f6f5a|0|1786391848.247|97.924|3.060|506904576|538914816|gen_data_0428a185b08c9da8|__AUTOMETRIC__
__AUTOMETRIC__|0.1.2|27612|crew_log_7c29c154879f6f5a|0|1786391849.259|98.881|3.090|506904576|538914816|gen_data_0428a185b08c9da8|__AUTOMETRIC__
__AUTOMETRIC__|0.1.2|27612|crew_log_7c29c154879f6f5a|0|1786391850.271|100.343|3.136|506925056|538935296|gen_data_0428a185b08c9da8|__AUTOMETRIC__
__AUTOMETRIC__|0.1.2|27612|crew_log_7c29c154879f6f5a|0|1786391851.279|99.163|3.099|506929152|538939392|gen_data_0428a185b08c9da8|__AUTOMETRIC__
__AUTOMETRIC__|0.1.2|27612|crew_log_7c29c154879f6f5a|0|1786391852.286|100.866|3.152|506929152|538939392|gen_data_0428a185b08c9da8|__AUTOMETRIC__
__AUTOMETRIC__|0.1.2|27612|crew_log_7c29c154879f6f5a|0|1786391853.296|95.960|2.999|506937344|538947584|gen_data_0428a185b08c9da8|__AUTOMETRIC__
__AUTOMETRIC__|0.1.2|27612|crew_log_7c29c154879f6f5a|0|1786391854.306|100.522|3.141|506937344|538947584|gen_data_0428a185b08c9da8|__AUTOMETRIC__
__AUTOMETRIC__|0.1.2|27612|crew_log_7c29c154879f6f5a|0|1786391855.307|99.849|3.120|506941440|538951680|gen_data_0428a185b08c9da8|__AUTOMETRIC__
__AUTOMETRIC__|0.1.2|27612|crew_log_7c29c154879f6f5a|0|1786391856.317|97.544|3.048|506949632|538959872|gen_data_0428a185b08c9da8|__AUTOMETRIC__
__AUTOMETRIC__|0.1.2|27612|crew_log_7c29c154879f6f5a|0|1786391857.325|99.217|3.101|506957824|538968064|gen_data_0428a185b08c9da8|__AUTOMETRIC__
__AUTOMETRIC__|0.1.2|27612|crew_log_7c29c154879f6f5a|0|1786391858.331|99.343|3.104|506421248|538394624|gen_data_0428a185b08c9da8|__AUTOMETRIC__
__AUTOMETRIC__|0.1.2|27612|crew_log_7c29c154879f6f5a|0|1786391859.334|99.737|3.117|506568704|538570752|gen_data_0428a185b08c9da8|__AUTOMETRIC__
__AUTOMETRIC__|0.1.2|27612|crew_log_7c29c154879f6f5a|0|1786391860.339|96.376|3.012|506576896|538578944|gen_data_0428a185b08c9da8|__AUTOMETRIC__
__AUTOMETRIC__|0.1.2|27612|crew_log_7c29c154879f6f5a|0|1786391861.341|98.200|3.069|506572800|538574848|gen_data_0428a185b08c9da8|__AUTOMETRIC__
__AUTOMETRIC__|0.1.2|27612|crew_log_7c29c154879f6f5a|0|1786391862.344|96.620|3.019|506585088|538587136|gen_data_0428a185b08c9da8|__AUTOMETRIC__
__AUTOMETRIC__|0.1.2|27612|crew_log_7c29c154879f6f5a|0|1786391863.349|101.100|3.159|506585088|538587136|gen_data_0428a185b08c9da8|__AUTOMETRIC__
__AUTOMETRIC__|0.1.2|27612|crew_log_7c29c154879f6f5a|0|1786391864.363|93.950|2.936|506589184|538591232|gen_data_0428a185b08c9da8|__AUTOMETRIC__
__AUTOMETRIC__|0.1.2|27612|crew_log_7c29c154879f6f5a|0|1786391865.377|97.086|3.034|506585088|538587136|gen_data_0428a185b08c9da8|__AUTOMETRIC__
__AUTOMETRIC__|0.1.2|27612|crew_log_7c29c154879f6f5a|0|1786391866.392|96.961|3.030|506593280|538595328|gen_data_0428a185b08c9da8|__AUTOMETRIC__
__AUTOMETRIC__|0.1.2|27612|crew_log_7c29c154879f6f5a|0|1786391867.401|99.107|3.097|506597376|538599424|gen_data_0428a185b08c9da8|__AUTOMETRIC__
__AUTOMETRIC__|0.1.2|27612|crew_log_7c29c154879f6f5a|0|1786391868.412|98.947|3.092|506593280|538595328|gen_data_0428a185b08c9da8|__AUTOMETRIC__
__AUTOMETRIC__|0.1.2|27612|crew_log_7c29c154879f6f5a|0|1786391869.421|99.127|3.098|506605568|538607616|gen_data_0428a185b08c9da8|__AUTOMETRIC__
__AUTOMETRIC__|0.1.2|27612|crew_log_7c29c154879f6f5a|0|1786391870.424|99.633|3.114|506638336|538607616|gen_data_0428a185b08c9da8|__AUTOMETRIC__
__AUTOMETRIC__|0.1.2|27612|crew_log_7c29c154879f6f5a|0|1786391871.431|102.437|3.201|506314752|538308608|gen_data_0428a185b08c9da8|__AUTOMETRIC__
__AUTOMETRIC__|0.1.2|27612|crew_log_7c29c154879f6f5a|0|1786391872.435|98.090|3.065|506322944|538316800|gen_data_0428a185b08c9da8|__AUTOMETRIC__
__AUTOMETRIC__|0.1.2|27612|crew_log_7c29c154879f6f5a|0|1786391873.436|99.817|3.119|506314752|538308608|gen_data_0428a185b08c9da8|__AUTOMETRIC__
__AUTOMETRIC__|0.1.2|27612|crew_log_7c29c154879f6f5a|0|1786391874.439|99.727|3.116|506318848|538312704|gen_data_0428a185b08c9da8|__AUTOMETRIC__
__AUTOMETRIC__|0.1.2|27612|crew_log_7c29c154879f6f5a|0|1786391875.444|101.031|3.157|506314752|538308608|gen_data_0428a185b08c9da8|__AUTOMETRIC__
__AUTOMETRIC__|0.1.2|27612|crew_log_7c29c154879f6f5a|0|1786391876.460|98.469|3.077|506658816|538636288|gen_data_0428a185b08c9da8|__AUTOMETRIC__
__AUTOMETRIC__|0.1.2|27612|crew_log_7c29c154879f6f5a|0|1786391877.469|99.139|3.098|506355712|538333184|gen_data_0428a185b08c9da8|__AUTOMETRIC__
__AUTOMETRIC__|0.1.2|27612|crew_log_7c29c154879f6f5a|0|1786391878.484|98.538|3.079|506355712|538333184|gen_data_0428a185b08c9da8|__AUTOMETRIC__
__AUTOMETRIC__|0.1.2|27612|crew_log_7c29c154879f6f5a|0|1786391879.486|98.160|3.067|506363904|538341376|gen_data_0428a185b08c9da8|__AUTOMETRIC__
__AUTOMETRIC__|0.1.2|27612|crew_log_7c29c154879f6f5a|0|1786391880.500|100.147|3.130|506359808|538337280|gen_data_0428a185b08c9da8|__AUTOMETRIC__
__AUTOMETRIC__|0.1.2|27612|crew_log_7c29c154879f6f5a|0|1786391881.502|98.323|3.073|506363904|538341376|gen_data_0428a185b08c9da8|__AUTOMETRIC__
__AUTOMETRIC__|0.1.2|27612|crew_log_7c29c154879f6f5a|0|1786391882.511|100.596|3.144|506376192|538345472|gen_data_0428a185b08c9da8|__AUTOMETRIC__
__AUTOMETRIC__|0.1.2|27612|crew_log_7c29c154879f6f5a|0|1786391883.526|98.527|3.079|506077184|538062848|gen_data_0428a185b08c9da8|__AUTOMETRIC__
__AUTOMETRIC__|0.1.2|27612|crew_log_7c29c154879f6f5a|0|1786391884.530|99.587|3.112|506077184|538062848|gen_data_0428a185b08c9da8|__AUTOMETRIC__
__AUTOMETRIC__|0.1.2|27612|crew_log_7c29c154879f6f5a|0|1786391885.533|96.592|3.019|506073088|538058752|gen_data_0428a185b08c9da8|__AUTOMETRIC__
__AUTOMETRIC__|0.1.2|27612|crew_log_7c29c154879f6f5a|0|1786391886.547|97.136|3.036|506089472|538075136|gen_data_0428a185b08c9da8|__AUTOMETRIC__
__AUTOMETRIC__|0.1.2|27612|crew_log_7c29c154879f6f5a|0|1786391887.559|100.345|3.136|506085376|538071040|gen_data_0428a185b08c9da8|__AUTOMETRIC__
__AUTOMETRIC__|0.1.2|27612|crew_log_7c29c154879f6f5a|0|1786391888.560|98.296|3.072|506089472|538075136|gen_data_0428a185b08c9da8|__AUTOMETRIC__
__AUTOMETRIC__|0.1.2|27612|crew_log_7c29c154879f6f5a|0|1786391889.566|97.844|3.058|506089472|538075136|gen_data_0428a185b08c9da8|__AUTOMETRIC__
__AUTOMETRIC__|0.1.2|27612|crew_log_7c29c154879f6f5a|0|1786391890.569|99.773|3.118|506089472|538075136|gen_data_0428a185b08c9da8|__AUTOMETRIC__
__AUTOMETRIC__|0.1.2|27612|crew_log_7c29c154879f6f5a|0|1786391891.580|97.339|3.042|506089472|538075136|gen_data_0428a185b08c9da8|__AUTOMETRIC__
__AUTOMETRIC__|0.1.2|27612|crew_log_7c29c154879f6f5a|0|1786391892.596|96.897|3.028|506093568|538079232|gen_data_0428a185b08c9da8|__AUTOMETRIC__
__AUTOMETRIC__|0.1.2|27612|crew_log_7c29c154879f6f5a|0|1786391893.604|102.313|3.197|506130432|538116096|gen_data_0428a185b08c9da8|__AUTOMETRIC__
__AUTOMETRIC__|0.1.2|27612|crew_log_7c29c154879f6f5a|0|1786391894.607|98.158|3.067|506109952|538079232|gen_data_0428a185b08c9da8|__AUTOMETRIC__
__AUTOMETRIC__|0.1.2|27612|crew_log_7c29c154879f6f5a|0|1786391895.611|94.893|2.965|505835520|537804800|gen_data_0428a185b08c9da8|__AUTOMETRIC__
__AUTOMETRIC__|0.1.2|27612|crew_log_7c29c154879f6f5a|0|1786391896.624|100.248|3.133|505831424|537800704|gen_data_0428a185b08c9da8|__AUTOMETRIC__
__AUTOMETRIC__|0.1.2|27612|crew_log_7c29c154879f6f5a|0|1786391897.627|98.107|3.066|505794560|537763840|gen_data_0428a185b08c9da8|__AUTOMETRIC__
__AUTOMETRIC__|0.1.2|27612|crew_log_7c29c154879f6f5a|0|1786391898.631|102.770|3.212|505880576|537849856|gen_data_0428a185b08c9da8|__AUTOMETRIC__
__AUTOMETRIC__|0.1.2|27612|crew_log_7c29c154879f6f5a|0|1786391899.642|98.891|3.090|505864192|537833472|gen_data_0428a185b08c9da8|__AUTOMETRIC__
__AUTOMETRIC__|0.1.2|27612|crew_log_7c29c154879f6f5a|0|1786391900.650|102.347|3.198|505921536|537890816|gen_data_0428a185b08c9da8|__AUTOMETRIC__
__AUTOMETRIC__|0.1.2|27612|crew_log_7c29c154879f6f5a|0|1786391901.662|100.316|3.135|505921536|537890816|gen_data_0428a185b08c9da8|__AUTOMETRIC__
__AUTOMETRIC__|0.1.2|27612|crew_log_7c29c154879f6f5a|0|1786391902.668|97.911|3.060|505925632|537894912|gen_data_0428a185b08c9da8|__AUTOMETRIC__
__AUTOMETRIC__|0.1.2|27612|crew_log_7c29c154879f6f5a|0|1786391903.679|98.871|3.090|505974784|537944064|gen_data_0428a185b08c9da8|__AUTOMETRIC__
__AUTOMETRIC__|0.1.2|27612|crew_log_7c29c154879f6f5a|0|1786391904.684|97.972|3.062|505950208|537919488|gen_data_0428a185b08c9da8|__AUTOMETRIC__
__AUTOMETRIC__|0.1.2|27612|crew_log_7c29c154879f6f5a|0|1786391905.689|99.459|3.108|506007552|537976832|gen_data_0428a185b08c9da8|__AUTOMETRIC__
__AUTOMETRIC__|0.1.2|27612|crew_log_7c29c154879f6f5a|0|1786391906.704|98.571|3.080|506023936|537993216|gen_data_0428a185b08c9da8|__AUTOMETRIC__
__AUTOMETRIC__|0.1.2|27612|crew_log_7c29c154879f6f5a|0|1786391907.711|102.387|3.200|505757696|537726976|gen_data_0428a185b08c9da8|__AUTOMETRIC__
__AUTOMETRIC__|0.1.2|27612|crew_log_7c29c154879f6f5a|0|1786391908.725|100.125|3.129|505835520|537804800|gen_data_0428a185b08c9da8|__AUTOMETRIC__
__AUTOMETRIC__|0.1.2|27612|crew_log_7c29c154879f6f5a|0|1786391909.739|100.180|3.131|505831424|537800704|gen_data_0428a185b08c9da8|__AUTOMETRIC__
__AUTOMETRIC__|0.1.2|27612|crew_log_7c29c154879f6f5a|0|1786391910.740|99.858|3.121|505876480|537878528|gen_data_0428a185b08c9da8|__AUTOMETRIC__
__AUTOMETRIC__|0.1.2|27612|crew_log_7c29c154879f6f5a|0|1786391911.743|99.705|3.116|505892864|537894912|gen_data_0428a185b08c9da8|__AUTOMETRIC__
__AUTOMETRIC__|0.1.2|27612|crew_log_7c29c154879f6f5a|0|1786391912.758|100.086|3.128|505901056|537903104|gen_data_0428a185b08c9da8|__AUTOMETRIC__
__AUTOMETRIC__|0.1.2|27612|crew_log_7c29c154879f6f5a|0|1786391913.772|100.223|3.132|505868288|537874432|gen_data_0428a185b08c9da8|__AUTOMETRIC__
__AUTOMETRIC__|0.1.2|27612|crew_log_7c29c154879f6f5a|0|1786391914.775|98.117|3.066|505872384|537878528|gen_data_0428a185b08c9da8|__AUTOMETRIC__
__AUTOMETRIC__|0.1.2|27612|crew_log_7c29c154879f6f5a|0|1786391915.777|99.741|3.117|505868288|537874432|gen_data_0428a185b08c9da8|__AUTOMETRIC__
__AUTOMETRIC__|0.1.2|27612|crew_log_7c29c154879f6f5a|0|1786391916.781|98.116|3.066|505868288|537874432|gen_data_0428a185b08c9da8|__AUTOMETRIC__
__AUTOMETRIC__|0.1.2|27612|crew_log_7c29c154879f6f5a|0|1786391917.793|100.310|3.135|505872384|537878528|gen_data_0428a185b08c9da8|__AUTOMETRIC__
__AUTOMETRIC__|0.1.2|27612|crew_log_7c29c154879f6f5a|0|1786391918.807|100.130|3.129|505790464|537800704|gen_data_0428a185b08c9da8|__AUTOMETRIC__
__AUTOMETRIC__|0.1.2|27612|crew_log_7c29c154879f6f5a|0|1786391919.820|98.772|3.087|505786368|537796608|gen_data_0428a185b08c9da8|__AUTOMETRIC__
__AUTOMETRIC__|0.1.2|27612|crew_log_7c29c154879f6f5a|0|1786391920.827|99.336|3.104|505798656|537808896|gen_data_0428a185b08c9da8|__AUTOMETRIC__
__AUTOMETRIC__|0.1.2|27612|crew_log_7c29c154879f6f5a|0|1786391921.839|100.270|3.133|505794560|537804800|gen_data_0428a185b08c9da8|__AUTOMETRIC__
__AUTOMETRIC__|0.1.2|27612|crew_log_7c29c154879f6f5a|0|1786391922.842|99.795|3.119|505778176|537788416|gen_data_0428a185b08c9da8|__AUTOMETRIC__
__AUTOMETRIC__|0.1.2|27612|crew_log_7c29c154879f6f5a|0|1786391923.844|98.194|3.069|505798656|537808896|gen_data_0428a185b08c9da8|__AUTOMETRIC__
__AUTOMETRIC__|0.1.2|27612|crew_log_7c29c154879f6f5a|0|1786391924.856|100.320|3.135|505786368|537796608|gen_data_0428a185b08c9da8|__AUTOMETRIC__
__AUTOMETRIC__|0.1.2|27612|crew_log_7c29c154879f6f5a|0|1786391925.858|99.870|3.121|505786368|537796608|gen_data_0428a185b08c9da8|__AUTOMETRIC__
__AUTOMETRIC__|0.1.2|27612|crew_log_7c29c154879f6f5a|0|1786391926.865|100.826|3.151|505794560|537804800|gen_data_0428a185b08c9da8|__AUTOMETRIC__
__AUTOMETRIC__|0.1.2|27612|crew_log_7c29c154879f6f5a|0|1786391927.870|99.471|3.108|505786368|537796608|gen_data_0428a185b08c9da8|__AUTOMETRIC__
__AUTOMETRIC__|0.1.2|27612|crew_log_7c29c154879f6f5a|0|1786391928.874|99.618|3.113|505794560|537804800|gen_data_0428a185b08c9da8|__AUTOMETRIC__
__AUTOMETRIC__|0.1.2|27612|crew_log_7c29c154879f6f5a|0|1786391929.875|98.387|3.075|505864192|537866240|gen_data_0428a185b08c9da8|__AUTOMETRIC__
__AUTOMETRIC__|0.1.2|27612|crew_log_7c29c154879f6f5a|0|1786391930.877|99.727|3.116|505716736|537718784|gen_data_0428a185b08c9da8|__AUTOMETRIC__
__AUTOMETRIC__|0.1.2|27612|crew_log_7c29c154879f6f5a|0|1786391931.878|99.971|3.124|505733120|537735168|gen_data_0428a185b08c9da8|__AUTOMETRIC__
__AUTOMETRIC__|0.1.2|27612|crew_log_7c29c154879f6f5a|0|1786391932.881|99.715|3.116|505745408|537747456|gen_data_0428a185b08c9da8|__AUTOMETRIC__
__AUTOMETRIC__|0.1.2|27612|crew_log_7c29c154879f6f5a|0|1786391933.886|97.942|3.061|505749504|537751552|gen_data_0428a185b08c9da8|__AUTOMETRIC__
__AUTOMETRIC__|0.1.2|27612|crew_log_7c29c154879f6f5a|0|1786391934.891|99.471|3.108|505786368|537788416|gen_data_0428a185b08c9da8|__AUTOMETRIC__
__AUTOMETRIC__|0.1.2|27612|crew_log_7c29c154879f6f5a|0|1786391935.898|100.867|3.152|505782272|537784320|gen_data_0428a185b08c9da8|__AUTOMETRIC__
__AUTOMETRIC__|0.1.2|27612|crew_log_7c29c154879f6f5a|0|1786391936.900|99.779|3.118|505798656|537800704|gen_data_0428a185b08c9da8|__AUTOMETRIC__
__AUTOMETRIC__|0.1.2|27612|crew_log_7c29c154879f6f5a|0|1786391937.906|99.441|3.108|505782272|537784320|gen_data_0428a185b08c9da8|__AUTOMETRIC__
__AUTOMETRIC__|0.1.2|27612|crew_log_7c29c154879f6f5a|0|1786391938.915|99.055|3.095|505839616|537841664|gen_data_0428a185b08c9da8|__AUTOMETRIC__
__AUTOMETRIC__|0.1.2|27612|crew_log_7c29c154879f6f5a|0|1786391939.918|99.719|3.116|505892864|537894912|gen_data_0428a185b08c9da8|__AUTOMETRIC__
__AUTOMETRIC__|0.1.2|27612|crew_log_7c29c154879f6f5a|0|1786391940.921|99.704|3.116|505892864|537894912|gen_data_0428a185b08c9da8|__AUTOMETRIC__
__AUTOMETRIC__|0.1.2|27612|crew_log_7c29c154879f6f5a|0|1786391941.935|98.625|3.082|505921536|537923584|gen_data_0428a185b08c9da8|__AUTOMETRIC__
__AUTOMETRIC__|0.1.2|27612|crew_log_7c29c154879f6f5a|0|1786391942.950|98.548|3.080|505741312|537743360|gen_data_0428a185b08c9da8|__AUTOMETRIC__
__AUTOMETRIC__|0.1.2|27612|crew_log_7c29c154879f6f5a|0|1786391943.950|99.926|3.123|505761792|537763840|gen_data_0428a185b08c9da8|__AUTOMETRIC__
__AUTOMETRIC__|0.1.2|27612|crew_log_7c29c154879f6f5a|0|1786391944.966|96.938|3.029|505782272|537784320|gen_data_0428a185b08c9da8|__AUTOMETRIC__
__AUTOMETRIC__|0.1.2|27612|crew_log_7c29c154879f6f5a|0|1786391945.977|100.421|3.138|505819136|537821184|gen_data_0428a185b08c9da8|__AUTOMETRIC__
__AUTOMETRIC__|0.1.2|27612|crew_log_7c29c154879f6f5a|0|1786391946.979|98.284|3.071|505843712|537845760|gen_data_0428a185b08c9da8|__AUTOMETRIC__
__AUTOMETRIC__|0.1.2|27612|crew_log_7c29c154879f6f5a|0|1786391947.992|98.700|3.084|505823232|537825280|gen_data_0428a185b08c9da8|__AUTOMETRIC__
__AUTOMETRIC__|0.1.2|27612|crew_log_7c29c154879f6f5a|0|1786391948.999|97.724|3.054|505774080|537776128|gen_data_0428a185b08c9da8|__AUTOMETRIC__
__AUTOMETRIC__|0.1.2|27612|crew_log_7c29c154879f6f5a|0|1786391950.012|98.784|3.087|505757696|537759744|gen_data_0428a185b08c9da8|__AUTOMETRIC__
__AUTOMETRIC__|0.1.2|27612|crew_log_7c29c154879f6f5a|0|1786391951.016|97.996|3.062|505782272|537784320|gen_data_0428a185b08c9da8|__AUTOMETRIC__
__AUTOMETRIC__|0.1.2|27612|crew_log_7c29c154879f6f5a|0|1786391952.032|100.008|3.125|505790464|537792512|gen_data_0428a185b08c9da8|__AUTOMETRIC__
__AUTOMETRIC__|0.1.2|27612|crew_log_7c29c154879f6f5a|0|1786391953.035|101.222|3.163|505790464|537792512|gen_data_0428a185b08c9da8|__AUTOMETRIC__
__AUTOMETRIC__|0.1.2|27612|crew_log_7c29c154879f6f5a|0|1786391954.038|99.723|3.116|505716736|537718784|gen_data_0428a185b08c9da8|__AUTOMETRIC__
__AUTOMETRIC__|0.1.2|27612|crew_log_7c29c154879f6f5a|0|1786391955.053|100.086|3.128|505708544|537710592|gen_data_0428a185b08c9da8|__AUTOMETRIC__
__AUTOMETRIC__|0.1.2|27612|crew_log_7c29c154879f6f5a|0|1786391956.056|99.679|3.115|505712640|537714688|gen_data_0428a185b08c9da8|__AUTOMETRIC__
__AUTOMETRIC__|0.1.2|27612|crew_log_7c29c154879f6f5a|0|1786391957.060|99.568|3.112|505720832|537722880|gen_data_0428a185b08c9da8|__AUTOMETRIC__
__AUTOMETRIC__|0.1.2|27612|crew_log_7c29c154879f6f5a|0|1786391958.064|98.008|3.063|505704448|537706496|gen_data_0428a185b08c9da8|__AUTOMETRIC__
__AUTOMETRIC__|0.1.2|27612|crew_log_7c29c154879f6f5a|0|1786391959.069|102.654|3.208|505749504|537751552|gen_data_0428a185b08c9da8|__AUTOMETRIC__
__AUTOMETRIC__|0.1.2|27612|crew_log_7c29c154879f6f5a|0|1786391960.081|98.832|3.088|505720832|537722880|gen_data_0428a185b08c9da8|__AUTOMETRIC__
__AUTOMETRIC__|0.1.2|27612|crew_log_7c29c154879f6f5a|0|1786391961.089|99.180|3.099|505712640|537714688|gen_data_0428a185b08c9da8|__AUTOMETRIC__
__AUTOMETRIC__|0.1.2|27612|crew_log_7c29c154879f6f5a|0|1786391962.092|98.204|3.069|505753600|537755648|gen_data_0428a185b08c9da8|__AUTOMETRIC__
__AUTOMETRIC__|0.1.2|27612|crew_log_7c29c154879f6f5a|0|1786391963.102|100.537|3.142|505708544|537710592|gen_data_0428a185b08c9da8|__AUTOMETRIC__
__AUTOMETRIC__|0.1.2|27612|crew_log_7c29c154879f6f5a|0|1786391964.113|100.390|3.137|505794560|537796608|gen_data_0428a185b08c9da8|__AUTOMETRIC__
__AUTOMETRIC__|0.1.2|27612|crew_log_7c29c154879f6f5a|0|1786391965.116|99.755|3.117|505769984|537772032|gen_data_0428a185b08c9da8|__AUTOMETRIC__
__AUTOMETRIC__|0.1.2|27612|crew_log_7c29c154879f6f5a|0|1786391966.122|99.364|3.105|505700352|537702400|gen_data_0428a185b08c9da8|__AUTOMETRIC__
__AUTOMETRIC__|0.1.2|27612|crew_log_7c29c154879f6f5a|0|1786391967.135|100.242|3.133|505708544|537710592|gen_data_0428a185b08c9da8|__AUTOMETRIC__
__AUTOMETRIC__|0.1.2|27612|crew_log_7c29c154879f6f5a|0|1786391968.139|99.597|3.112|505671680|537673728|gen_data_0428a185b08c9da8|__AUTOMETRIC__
__AUTOMETRIC__|0.1.2|27612|crew_log_7c29c154879f6f5a|0|1786391969.146|96.254|3.008|505761792|537763840|gen_data_0428a185b08c9da8|__AUTOMETRIC__
__AUTOMETRIC__|0.1.2|27612|crew_log_7c29c154879f6f5a|0|1786391970.153|97.698|3.053|505769984|537772032|gen_data_0428a185b08c9da8|__AUTOMETRIC__
__AUTOMETRIC__|0.1.2|27612|crew_log_7c29c154879f6f5a|0|1786391971.165|100.384|3.137|505810944|537812992|gen_data_0428a185b08c9da8|__AUTOMETRIC__
__AUTOMETRIC__|0.1.2|27612|crew_log_7c29c154879f6f5a|0|1786391972.178|100.313|3.135|505802752|537804800|gen_data_0428a185b08c9da8|__AUTOMETRIC__
__AUTOMETRIC__|0.1.2|27612|crew_log_7c29c154879f6f5a|0|1786391973.193|100.056|3.127|505761792|537763840|gen_data_0428a185b08c9da8|__AUTOMETRIC__
__AUTOMETRIC__|0.1.2|27612|crew_log_7c29c154879f6f5a|0|1786391974.207|100.118|3.129|505843712|537845760|gen_data_0428a185b08c9da8|__AUTOMETRIC__
__AUTOMETRIC__|0.1.2|27612|crew_log_7c29c154879f6f5a|0|1786391975.211|99.619|3.113|505892864|537894912|gen_data_0428a185b08c9da8|__AUTOMETRIC__
__AUTOMETRIC__|0.1.2|27612|crew_log_7c29c154879f6f5a|0|1786391976.222|98.896|3.091|505888768|537890816|gen_data_0428a185b08c9da8|__AUTOMETRIC__
__AUTOMETRIC__|0.1.2|27612|crew_log_7c29c154879f6f5a|0|1786391977.228|94.737|2.961|505716736|537718784|gen_data_0428a185b08c9da8|__AUTOMETRIC__
__AUTOMETRIC__|0.1.2|27612|crew_log_7c29c154879f6f5a|0|1786391978.236|97.725|3.054|505675776|537677824|gen_data_0428a185b08c9da8|__AUTOMETRIC__
__AUTOMETRIC__|0.1.2|27612|crew_log_7c29c154879f6f5a|0|1786391979.247|100.386|3.137|505774080|537776128|gen_data_0428a185b08c9da8|__AUTOMETRIC__
__AUTOMETRIC__|0.1.2|27612|crew_log_7c29c154879f6f5a|0|1786391980.255|103.930|3.248|505688064|537690112|gen_data_0428a185b08c9da8|__AUTOMETRIC__
__AUTOMETRIC__|0.1.2|27612|crew_log_7c29c154879f6f5a|0|1786391981.258|99.620|3.113|505745408|537714688|gen_data_0428a185b08c9da8|__AUTOMETRIC__
__AUTOMETRIC__|0.1.2|27612|crew_log_7c29c154879f6f5a|0|1786391982.270|97.328|3.041|505720832|537690112|gen_data_0428a185b08c9da8|__AUTOMETRIC__
__AUTOMETRIC__|0.1.2|27612|crew_log_7c29c154879f6f5a|0|1786391983.279|97.546|3.048|505774080|537751552|gen_data_0428a185b08c9da8|__AUTOMETRIC__
__AUTOMETRIC__|0.1.2|27612|crew_log_7c29c154879f6f5a|0|1786391984.294|100.042|3.126|505737216|537714688|gen_data_0428a185b08c9da8|__AUTOMETRIC__
__AUTOMETRIC__|0.1.2|27612|crew_log_7c29c154879f6f5a|0|1786391985.300|99.444|3.108|505737216|537714688|gen_data_0428a185b08c9da8|__AUTOMETRIC__
__AUTOMETRIC__|0.1.2|27612|crew_log_7c29c154879f6f5a|0|1786391986.313|95.569|2.987|505782272|537759744|gen_data_0428a185b08c9da8|__AUTOMETRIC__
__AUTOMETRIC__|0.1.2|27612|crew_log_7c29c154879f6f5a|0|1786391987.324|97.431|3.045|505741312|537718784|gen_data_0428a185b08c9da8|__AUTOMETRIC__
__AUTOMETRIC__|0.1.2|27612|crew_log_7c29c154879f6f5a|0|1786391988.329|97.943|3.061|505782272|537759744|gen_data_0428a185b08c9da8|__AUTOMETRIC__
__AUTOMETRIC__|0.1.2|27612|crew_log_7c29c154879f6f5a|0|1786391989.334|101.066|3.158|505532416|537501696|gen_data_0428a185b08c9da8|__AUTOMETRIC__
__AUTOMETRIC__|0.1.2|27612|crew_log_7c29c154879f6f5a|0|1786391990.337|98.129|3.067|505638912|537608192|gen_data_0428a185b08c9da8|__AUTOMETRIC__
__AUTOMETRIC__|0.1.2|27612|crew_log_7c29c154879f6f5a|0|1786391991.344|99.309|3.103|505638912|537608192|gen_data_0428a185b08c9da8|__AUTOMETRIC__
__AUTOMETRIC__|0.1.2|27612|crew_log_7c29c154879f6f5a|0|1786391992.355|100.446|3.139|505610240|537579520|gen_data_0428a185b08c9da8|__AUTOMETRIC__
__AUTOMETRIC__|0.1.2|27612|crew_log_7c29c154879f6f5a|0|1786391993.362|100.857|3.152|505651200|537620480|gen_data_0428a185b08c9da8|__AUTOMETRIC__
__AUTOMETRIC__|0.1.2|27612|crew_log_7c29c154879f6f5a|0|1786391994.368|99.355|3.105|505622528|537591808|gen_data_0428a185b08c9da8|__AUTOMETRIC__
__AUTOMETRIC__|0.1.2|27612|crew_log_7c29c154879f6f5a|0|1786391995.378|99.009|3.094|505610240|537579520|gen_data_0428a185b08c9da8|__AUTOMETRIC__
__AUTOMETRIC__|0.1.2|27612|crew_log_7c29c154879f6f5a|0|1786391996.384|99.445|3.108|505638912|537608192|gen_data_0428a185b08c9da8|__AUTOMETRIC__
__AUTOMETRIC__|0.1.2|27612|crew_log_7c29c154879f6f5a|0|1786391997.389|99.525|3.110|505556992|537526272|gen_data_0428a185b08c9da8|__AUTOMETRIC__
__AUTOMETRIC__|0.1.2|27612|crew_log_7c29c154879f6f5a|0|1786391998.398|99.115|3.097|505647104|537616384|gen_data_0428a185b08c9da8|__AUTOMETRIC__
__AUTOMETRIC__|0.1.2|27612|crew_log_7c29c154879f6f5a|0|1786391999.407|99.115|3.097|505610240|537579520|gen_data_0428a185b08c9da8|__AUTOMETRIC__
__AUTOMETRIC__|0.1.2|27612|crew_log_7c29c154879f6f5a|0|1786392000.417|100.480|3.140|505688064|537657344|gen_data_0428a185b08c9da8|__AUTOMETRIC__
__AUTOMETRIC__|0.1.2|27612|crew_log_7c29c154879f6f5a|0|1786392001.421|99.665|3.115|505643008|537628672|gen_data_0428a185b08c9da8|__AUTOMETRIC__
__AUTOMETRIC__|0.1.2|27612|crew_log_7c29c154879f6f5a|0|1786392002.426|99.472|3.109|505573376|537559040|gen_data_0428a185b08c9da8|__AUTOMETRIC__
__AUTOMETRIC__|0.1.2|27612|crew_log_7c29c154879f6f5a|0|1786392003.434|99.230|3.101|505634816|537620480|gen_data_0428a185b08c9da8|__AUTOMETRIC__
__AUTOMETRIC__|0.1.2|27612|crew_log_7c29c154879f6f5a|0|1786392004.448|100.129|3.129|505675776|537661440|gen_data_0428a185b08c9da8|__AUTOMETRIC__
__AUTOMETRIC__|0.1.2|27612|crew_log_7c29c154879f6f5a|0|1786392005.463|98.537|3.079|505683968|537669632|gen_data_0428a185b08c9da8|__AUTOMETRIC__
__AUTOMETRIC__|0.1.2|27612|crew_log_7c29c154879f6f5a|0|1786392006.477|98.656|3.083|505716736|537702400|gen_data_0428a185b08c9da8|__AUTOMETRIC__
__AUTOMETRIC__|0.1.2|27612|crew_log_7c29c154879f6f5a|0|1786392007.484|99.290|3.103|505659392|537645056|gen_data_0428a185b08c9da8|__AUTOMETRIC__
__AUTOMETRIC__|0.1.2|27612|crew_log_7c29c154879f6f5a|0|1786392008.496|100.348|3.136|505749504|537735168|gen_data_0428a185b08c9da8|__AUTOMETRIC__
__AUTOMETRIC__|0.1.2|27612|crew_log_7c29c154879f6f5a|0|1786392009.497|98.289|3.072|505782272|537767936|gen_data_0428a185b08c9da8|__AUTOMETRIC__
__AUTOMETRIC__|0.1.2|27612|crew_log_7c29c154879f6f5a|0|1786392010.499|99.803|3.119|505790464|537776128|gen_data_0428a185b08c9da8|__AUTOMETRIC__
__AUTOMETRIC__|0.1.2|27612|crew_log_7c29c154879f6f5a|0|1786392011.512|100.289|3.134|505856000|537841664|gen_data_0428a185b08c9da8|__AUTOMETRIC__
__AUTOMETRIC__|0.1.2|27612|crew_log_7c29c154879f6f5a|0|1786392012.514|99.788|3.118|505749504|537718784|gen_data_0428a185b08c9da8|__AUTOMETRIC__
__AUTOMETRIC__|0.1.2|27612|crew_log_7c29c154879f6f5a|0|1786392013.526|100.353|3.136|505819136|537788416|gen_data_0428a185b08c9da8|__AUTOMETRIC__
__AUTOMETRIC__|0.1.2|27612|crew_log_7c29c154879f6f5a|0|1786392014.541|98.494|3.078|505778176|537747456|gen_data_0428a185b08c9da8|__AUTOMETRIC__
__AUTOMETRIC__|0.1.2|27612|crew_log_7c29c154879f6f5a|0|1786392015.545|99.687|3.115|505823232|537792512|gen_data_0428a185b08c9da8|__AUTOMETRIC__
__AUTOMETRIC__|0.1.2|27612|crew_log_7c29c154879f6f5a|0|1786392016.548|96.533|3.017|505851904|537821184|gen_data_0428a185b08c9da8|__AUTOMETRIC__
__AUTOMETRIC__|0.1.2|27612|crew_log_7c29c154879f6f5a|0|1786392017.565|99.926|3.123|505868288|537837568|gen_data_0428a185b08c9da8|__AUTOMETRIC__
__AUTOMETRIC__|0.1.2|27612|crew_log_7c29c154879f6f5a|0|1786392018.577|98.742|3.086|506052608|538021888|gen_data_0428a185b08c9da8|__AUTOMETRIC__
__AUTOMETRIC__|0.1.2|27612|crew_log_7c29c154879f6f5a|0|1786392019.592|96.997|3.031|505794560|537763840|gen_data_0428a185b08c9da8|__AUTOMETRIC__
__AUTOMETRIC__|0.1.2|27612|crew_log_7c29c154879f6f5a|0|1786392020.608|99.978|3.124|505798656|537767936|gen_data_0428a185b08c9da8|__AUTOMETRIC__
__AUTOMETRIC__|0.1.2|27612|crew_log_7c29c154879f6f5a|0|1786392021.622|100.127|3.129|505753600|537722880|gen_data_0428a185b08c9da8|__AUTOMETRIC__
__AUTOMETRIC__|0.1.2|27612|crew_log_7c29c154879f6f5a|0|1786392022.628|101.003|3.156|505806848|537776128|gen_data_0428a185b08c9da8|__AUTOMETRIC__
__AUTOMETRIC__|0.1.2|27612|crew_log_7c29c154879f6f5a|0|1786392023.631|98.136|3.067|513314816|545751040|gen_data_cf547102ac4cb0f1|__AUTOMETRIC__
__AUTOMETRIC__|0.1.2|27612|crew_log_7c29c154879f6f5a|0|1786392024.643|98.847|3.089|509284352|541274112|gen_data_cf547102ac4cb0f1|__AUTOMETRIC__
__AUTOMETRIC__|0.1.2|27612|crew_log_7c29c154879f6f5a|0|1786392025.657|98.528|3.079|509308928|541298688|gen_data_cf547102ac4cb0f1|__AUTOMETRIC__
__AUTOMETRIC__|0.1.2|27612|crew_log_7c29c154879f6f5a|0|1786392026.670|101.813|3.182|509190144|541179904|gen_data_cf547102ac4cb0f1|__AUTOMETRIC__
__AUTOMETRIC__|0.1.2|27612|crew_log_7c29c154879f6f5a|0|1786392027.673|95.052|2.970|509358080|541347840|gen_data_cf547102ac4cb0f1|__AUTOMETRIC__
__AUTOMETRIC__|0.1.2|27612|crew_log_7c29c154879f6f5a|0|1786392028.677|99.662|3.114|509251584|541241344|gen_data_cf547102ac4cb0f1|__AUTOMETRIC__
__AUTOMETRIC__|0.1.2|27612|crew_log_7c29c154879f6f5a|0|1786392029.692|99.977|3.124|509276160|541265920|gen_data_cf547102ac4cb0f1|__AUTOMETRIC__
__AUTOMETRIC__|0.1.2|27612|crew_log_7c29c154879f6f5a|0|1786392030.708|98.493|3.078|509325312|541315072|gen_data_cf547102ac4cb0f1|__AUTOMETRIC__
__AUTOMETRIC__|0.1.2|27612|crew_log_7c29c154879f6f5a|0|1786392031.722|98.605|3.081|509280256|541270016|gen_data_cf547102ac4cb0f1|__AUTOMETRIC__
__AUTOMETRIC__|0.1.2|27612|crew_log_7c29c154879f6f5a|0|1786392032.725|101.224|3.163|509337600|541327360|gen_data_cf547102ac4cb0f1|__AUTOMETRIC__
__AUTOMETRIC__|0.1.2|27612|crew_log_7c29c154879f6f5a|0|1786392033.738|100.285|3.134|509239296|541229056|gen_data_cf547102ac4cb0f1|__AUTOMETRIC__
__AUTOMETRIC__|0.1.2|27612|crew_log_7c29c154879f6f5a|0|1786392034.741|98.136|3.067|509394944|541384704|gen_data_cf547102ac4cb0f1|__AUTOMETRIC__
__AUTOMETRIC__|0.1.2|27612|crew_log_7c29c154879f6f5a|0|1786392035.751|94.380|2.949|509186048|541171712|gen_data_cf547102ac4cb0f1|__AUTOMETRIC__
__AUTOMETRIC__|0.1.2|27612|crew_log_7c29c154879f6f5a|0|1786392036.766|101.588|3.175|509165568|541143040|gen_data_cf547102ac4cb0f1|__AUTOMETRIC__
__AUTOMETRIC__|0.1.2|27612|crew_log_7c29c154879f6f5a|0|1786392037.769|99.663|3.114|509321216|541298688|gen_data_cf547102ac4cb0f1|__AUTOMETRIC__
__AUTOMETRIC__|0.1.2|27612|crew_log_7c29c154879f6f5a|0|1786392038.783|97.097|3.034|509210624|541188096|gen_data_cf547102ac4cb0f1|__AUTOMETRIC__
__AUTOMETRIC__|0.1.2|27612|crew_log_7c29c154879f6f5a|0|1786392039.796|98.703|3.084|509358080|541335552|gen_data_cf547102ac4cb0f1|__AUTOMETRIC__
__AUTOMETRIC__|0.1.2|27612|crew_log_7c29c154879f6f5a|0|1786392040.800|101.184|3.162|509321216|541298688|gen_data_cf547102ac4cb0f1|__AUTOMETRIC__
__AUTOMETRIC__|0.1.2|27612|crew_log_7c29c154879f6f5a|0|1786392041.804|98.090|3.065|509362176|541339648|gen_data_cf547102ac4cb0f1|__AUTOMETRIC__
__AUTOMETRIC__|0.1.2|27612|crew_log_7c29c154879f6f5a|0|1786392042.806|98.221|3.069|509411328|541388800|gen_data_cf547102ac4cb0f1|__AUTOMETRIC__
__AUTOMETRIC__|0.1.2|27612|crew_log_7c29c154879f6f5a|0|1786392043.817|100.481|3.140|509386752|541364224|gen_data_cf547102ac4cb0f1|__AUTOMETRIC__
__AUTOMETRIC__|0.1.2|27612|crew_log_7c29c154879f6f5a|0|1786392044.817|98.354|3.074|509464576|541442048|gen_data_cf547102ac4cb0f1|__AUTOMETRIC__
__AUTOMETRIC__|0.1.2|27612|crew_log_7c29c154879f6f5a|0|1786392045.832|100.123|3.129|509378560|541356032|gen_data_cf547102ac4cb0f1|__AUTOMETRIC__
__AUTOMETRIC__|0.1.2|27612|crew_log_7c29c154879f6f5a|0|1786392046.834|99.740|3.117|509063168|541044736|gen_data_cf547102ac4cb0f1|__AUTOMETRIC__
__AUTOMETRIC__|0.1.2|27612|crew_log_7c29c154879f6f5a|0|1786392047.837|98.216|3.069|509063168|541044736|gen_data_cf547102ac4cb0f1|__AUTOMETRIC__
__AUTOMETRIC__|0.1.2|27612|crew_log_7c29c154879f6f5a|0|1786392048.840|99.659|3.114|508977152|540958720|gen_data_cf547102ac4cb0f1|__AUTOMETRIC__
__AUTOMETRIC__|0.1.2|27612|crew_log_7c29c154879f6f5a|0|1786392049.841|99.933|3.123|509091840|541073408|gen_data_cf547102ac4cb0f1|__AUTOMETRIC__
__AUTOMETRIC__|0.1.2|27612|crew_log_7c29c154879f6f5a|0|1786392050.848|97.752|3.055|509018112|540999680|gen_data_cf547102ac4cb0f1|__AUTOMETRIC__
__AUTOMETRIC__|0.1.2|27612|crew_log_7c29c154879f6f5a|0|1786392051.852|97.986|3.062|509083648|541065216|gen_data_cf547102ac4cb0f1|__AUTOMETRIC__
__AUTOMETRIC__|0.1.2|27612|crew_log_7c29c154879f6f5a|0|1786392052.859|97.765|3.055|511148032|543129600|gen_data_cf547102ac4cb0f1|__AUTOMETRIC__
__AUTOMETRIC__|0.1.2|27612|crew_log_7c29c154879f6f5a|0|1786392053.859|96.875|3.027|511123456|543092736|gen_data_cf547102ac4cb0f1|__AUTOMETRIC__
__AUTOMETRIC__|0.1.2|27612|crew_log_7c29c154879f6f5a|0|1786392054.864|99.570|3.112|511193088|543162368|gen_data_cf547102ac4cb0f1|__AUTOMETRIC__
__AUTOMETRIC__|0.1.2|27612|crew_log_7c29c154879f6f5a|0|1786392055.866|99.769|3.118|511205376|543174656|gen_data_cf547102ac4cb0f1|__AUTOMETRIC__
__AUTOMETRIC__|0.1.2|27612|crew_log_7c29c154879f6f5a|0|1786392056.867|99.927|3.123|511213568|543182848|gen_data_cf547102ac4cb0f1|__AUTOMETRIC__
__AUTOMETRIC__|0.1.2|27612|crew_log_7c29c154879f6f5a|0|1786392057.868|98.326|3.073|511225856|543195136|gen_data_cf547102ac4cb0f1|__AUTOMETRIC__
__AUTOMETRIC__|0.1.2|27612|crew_log_7c29c154879f6f5a|0|1786392058.869|98.363|3.074|509030400|540999680|gen_data_cf547102ac4cb0f1|__AUTOMETRIC__
__AUTOMETRIC__|0.1.2|27612|crew_log_7c29c154879f6f5a|0|1786392059.869|99.909|3.122|509054976|541024256|gen_data_cf547102ac4cb0f1|__AUTOMETRIC__
__AUTOMETRIC__|0.1.2|27612|crew_log_7c29c154879f6f5a|0|1786392060.873|99.663|3.114|509038592|541007872|gen_data_cf547102ac4cb0f1|__AUTOMETRIC__
__AUTOMETRIC__|0.1.2|27612|crew_log_7c29c154879f6f5a|0|1786392061.878|99.438|3.107|509075456|541044736|gen_data_cf547102ac4cb0f1|__AUTOMETRIC__
__AUTOMETRIC__|0.1.2|27612|crew_log_7c29c154879f6f5a|0|1786392062.882|99.605|3.113|509112320|541081600|gen_data_cf547102ac4cb0f1|__AUTOMETRIC__
__AUTOMETRIC__|0.1.2|27612|crew_log_7c29c154879f6f5a|0|1786392063.896|100.230|3.132|509112320|541081600|gen_data_cf547102ac4cb0f1|__AUTOMETRIC__
__AUTOMETRIC__|0.1.2|27612|crew_log_7c29c154879f6f5a|0|1786392064.912|99.963|3.124|509165568|541134848|gen_data_cf547102ac4cb0f1|__AUTOMETRIC__
__AUTOMETRIC__|0.1.2|27612|crew_log_7c29c154879f6f5a|0|1786392065.926|100.183|3.131|509173760|541143040|gen_data_cf547102ac4cb0f1|__AUTOMETRIC__
__AUTOMETRIC__|0.1.2|27612|crew_log_7c29c154879f6f5a|0|1786392066.929|98.082|3.065|509169664|541138944|gen_data_cf547102ac4cb0f1|__AUTOMETRIC__
__AUTOMETRIC__|0.1.2|27612|crew_log_7c29c154879f6f5a|0|1786392067.931|98.276|3.071|509202432|541171712|gen_data_cf547102ac4cb0f1|__AUTOMETRIC__
__AUTOMETRIC__|0.1.2|27612|crew_log_7c29c154879f6f5a|0|1786392068.946|100.024|3.126|509263872|541233152|gen_data_cf547102ac4cb0f1|__AUTOMETRIC__
__AUTOMETRIC__|0.1.2|27612|crew_log_7c29c154879f6f5a|0|1786392069.962|99.980|3.124|509272064|541241344|gen_data_cf547102ac4cb0f1|__AUTOMETRIC__
__AUTOMETRIC__|0.1.2|27612|crew_log_7c29c154879f6f5a|0|1786392070.974|100.324|3.135|509030400|541007872|gen_data_cf547102ac4cb0f1|__AUTOMETRIC__
__AUTOMETRIC__|0.1.2|27612|crew_log_7c29c154879f6f5a|0|1786392071.979|97.962|3.061|508997632|540975104|gen_data_cf547102ac4cb0f1|__AUTOMETRIC__
__AUTOMETRIC__|0.1.2|27612|crew_log_7c29c154879f6f5a|0|1786392072.980|98.347|3.073|509026304|541003776|gen_data_cf547102ac4cb0f1|__AUTOMETRIC__
__AUTOMETRIC__|0.1.2|27612|crew_log_7c29c154879f6f5a|0|1786392073.995|98.535|3.079|509042688|541020160|gen_data_cf547102ac4cb0f1|__AUTOMETRIC__
__AUTOMETRIC__|0.1.2|27612|crew_log_7c29c154879f6f5a|0|1786392074.999|99.573|3.112|509054976|541032448|gen_data_cf547102ac4cb0f1|__AUTOMETRIC__
__AUTOMETRIC__|0.1.2|27612|crew_log_7c29c154879f6f5a|0|1786392076.000|99.917|3.122|509091840|541069312|gen_data_cf547102ac4cb0f1|__AUTOMETRIC__
__AUTOMETRIC__|0.1.2|27612|crew_log_7c29c154879f6f5a|0|1786392077.015|96.998|3.031|509018112|540995584|gen_data_cf547102ac4cb0f1|__AUTOMETRIC__
__AUTOMETRIC__|0.1.2|27612|crew_log_7c29c154879f6f5a|0|1786392078.019|99.601|3.113|509100032|541077504|gen_data_cf547102ac4cb0f1|__AUTOMETRIC__
__AUTOMETRIC__|0.1.2|27612|crew_log_7c29c154879f6f5a|0|1786392079.020|99.909|3.122|509091840|541069312|gen_data_cf547102ac4cb0f1|__AUTOMETRIC__
__AUTOMETRIC__|0.1.2|27612|crew_log_7c29c154879f6f5a|0|1786392080.028|96.050|3.002|509153280|541130752|gen_data_cf547102ac4cb0f1|__AUTOMETRIC__
__AUTOMETRIC__|0.1.2|27612|crew_log_7c29c154879f6f5a|0|1786392081.037|100.667|3.146|509153280|541130752|gen_data_cf547102ac4cb0f1|__AUTOMETRIC__
__AUTOMETRIC__|0.1.2|27612|crew_log_7c29c154879f6f5a|0|1786392082.044|99.299|3.103|509161472|541138944|gen_data_cf547102ac4cb0f1|__AUTOMETRIC__
__AUTOMETRIC__|0.1.2|27612|crew_log_7c29c154879f6f5a|0|1786392083.057|98.787|3.087|508870656|540860416|gen_data_cf547102ac4cb0f1|__AUTOMETRIC__
__AUTOMETRIC__|0.1.2|27612|crew_log_7c29c154879f6f5a|0|1786392084.062|99.489|3.109|508911616|540901376|gen_data_cf547102ac4cb0f1|__AUTOMETRIC__
__AUTOMETRIC__|0.1.2|27612|crew_log_7c29c154879f6f5a|0|1786392085.077|100.069|3.127|508964864|540954624|gen_data_cf547102ac4cb0f1|__AUTOMETRIC__
__AUTOMETRIC__|0.1.2|27612|crew_log_7c29c154879f6f5a|0|1786392086.085|100.687|3.146|508968960|540958720|gen_data_cf547102ac4cb0f1|__AUTOMETRIC__
__AUTOMETRIC__|0.1.2|27612|crew_log_7c29c154879f6f5a|0|1786392087.090|99.559|3.111|508936192|540925952|gen_data_cf547102ac4cb0f1|__AUTOMETRIC__
__AUTOMETRIC__|0.1.2|27612|crew_log_7c29c154879f6f5a|0|1786392088.095|99.490|3.109|508985344|540975104|gen_data_cf547102ac4cb0f1|__AUTOMETRIC__
__AUTOMETRIC__|0.1.2|27612|crew_log_7c29c154879f6f5a|0|1786392089.108|98.705|3.085|508887040|540876800|gen_data_cf547102ac4cb0f1|__AUTOMETRIC__
__AUTOMETRIC__|0.1.2|27612|crew_log_7c29c154879f6f5a|0|1786392090.116|99.257|3.102|508936192|540905472|gen_data_cf547102ac4cb0f1|__AUTOMETRIC__
__AUTOMETRIC__|0.1.2|27612|crew_log_7c29c154879f6f5a|0|1786392091.128|97.199|3.037|508940288|540909568|gen_data_cf547102ac4cb0f1|__AUTOMETRIC__
__AUTOMETRIC__|0.1.2|27612|crew_log_7c29c154879f6f5a|0|1786392092.136|99.234|3.101|508936192|540905472|gen_data_cf547102ac4cb0f1|__AUTOMETRIC__
__AUTOMETRIC__|0.1.2|27612|crew_log_7c29c154879f6f5a|0|1786392093.146|102.061|3.189|508944384|540913664|gen_data_cf547102ac4cb0f1|__AUTOMETRIC__
__AUTOMETRIC__|0.1.2|27612|crew_log_7c29c154879f6f5a|0|1786392094.148|99.849|3.120|508940288|540909568|gen_data_cf547102ac4cb0f1|__AUTOMETRIC__
__AUTOMETRIC__|0.1.2|27612|crew_log_7c29c154879f6f5a|0|1786392095.157|95.978|2.999|508719104|540688384|gen_data_cf547102ac4cb0f1|__AUTOMETRIC__
__AUTOMETRIC__|0.1.2|27612|crew_log_7c29c154879f6f5a|0|1786392096.160|102.849|3.214|508719104|540688384|gen_data_cf547102ac4cb0f1|__AUTOMETRIC__
__AUTOMETRIC__|0.1.2|27612|crew_log_7c29c154879f6f5a|0|1786392097.168|96.098|3.003|508710912|540680192|gen_data_cf547102ac4cb0f1|__AUTOMETRIC__
__AUTOMETRIC__|0.1.2|27612|crew_log_7c29c154879f6f5a|0|1786392098.176|100.778|3.149|508723200|540692480|gen_data_cf547102ac4cb0f1|__AUTOMETRIC__
__AUTOMETRIC__|0.1.2|27612|crew_log_7c29c154879f6f5a|0|1786392099.180|99.555|3.111|508735488|540704768|gen_data_cf547102ac4cb0f1|__AUTOMETRIC__
__AUTOMETRIC__|0.1.2|27612|crew_log_7c29c154879f6f5a|0|1786392100.183|99.727|3.116|508731392|540700672|gen_data_cf547102ac4cb0f1|__AUTOMETRIC__
__AUTOMETRIC__|0.1.2|27612|crew_log_7c29c154879f6f5a|0|1786392101.187|99.654|3.114|508735488|540704768|gen_data_cf547102ac4cb0f1|__AUTOMETRIC__
__AUTOMETRIC__|0.1.2|27612|crew_log_7c29c154879f6f5a|0|1786392102.195|100.761|3.149|508702720|540672000|gen_data_cf547102ac4cb0f1|__AUTOMETRIC__
__AUTOMETRIC__|0.1.2|27612|crew_log_7c29c154879f6f5a|0|1786392103.200|96.340|3.011|508739584|540708864|gen_data_cf547102ac4cb0f1|__AUTOMETRIC__
__AUTOMETRIC__|0.1.2|27612|crew_log_7c29c154879f6f5a|0|1786392104.207|99.290|3.103|508743680|540712960|gen_data_cf547102ac4cb0f1|__AUTOMETRIC__
__AUTOMETRIC__|0.1.2|27612|crew_log_7c29c154879f6f5a|0|1786392105.208|99.923|3.123|508735488|540704768|gen_data_cf547102ac4cb0f1|__AUTOMETRIC__
__AUTOMETRIC__|0.1.2|27612|crew_log_7c29c154879f6f5a|0|1786392106.218|100.537|3.142|508534784|540516352|gen_data_cf547102ac4cb0f1|__AUTOMETRIC__
__AUTOMETRIC__|0.1.2|27612|crew_log_7c29c154879f6f5a|0|1786392107.226|100.752|3.149|508506112|540487680|gen_data_cf547102ac4cb0f1|__AUTOMETRIC__
__AUTOMETRIC__|0.1.2|27612|crew_log_7c29c154879f6f5a|0|1786392108.237|98.961|3.093|508530688|540512256|gen_data_cf547102ac4cb0f1|__AUTOMETRIC__
__AUTOMETRIC__|0.1.2|27612|crew_log_7c29c154879f6f5a|0|1786392109.238|98.318|3.072|508538880|540520448|gen_data_cf547102ac4cb0f1|__AUTOMETRIC__
__AUTOMETRIC__|0.1.2|27612|crew_log_7c29c154879f6f5a|0|1786392110.249|97.335|3.042|508493824|540475392|gen_data_cf547102ac4cb0f1|__AUTOMETRIC__
__AUTOMETRIC__|0.1.2|27612|crew_log_7c29c154879f6f5a|0|1786392111.258|100.657|3.146|508559360|540540928|gen_data_cf547102ac4cb0f1|__AUTOMETRIC__
__AUTOMETRIC__|0.1.2|27612|crew_log_7c29c154879f6f5a|0|1786392112.262|98.027|3.063|508563456|540545024|gen_data_cf547102ac4cb0f1|__AUTOMETRIC__
__AUTOMETRIC__|0.1.2|27612|crew_log_7c29c154879f6f5a|0|1786392113.276|98.691|3.084|508575744|540557312|gen_data_cf547102ac4cb0f1|__AUTOMETRIC__
__AUTOMETRIC__|0.1.2|27612|crew_log_7c29c154879f6f5a|0|1786392114.284|100.700|3.147|508588032|540569600|gen_data_cf547102ac4cb0f1|__AUTOMETRIC__
__AUTOMETRIC__|0.1.2|27612|crew_log_7c29c154879f6f5a|0|1786392115.288|98.040|3.064|508579840|540561408|gen_data_cf547102ac4cb0f1|__AUTOMETRIC__
__AUTOMETRIC__|0.1.2|27612|crew_log_7c29c154879f6f5a|0|1786392116.292|99.662|3.114|508563456|540545024|gen_data_cf547102ac4cb0f1|__AUTOMETRIC__
__AUTOMETRIC__|0.1.2|27612|crew_log_7c29c154879f6f5a|0|1786392117.307|100.017|3.126|508596224|540577792|gen_data_cf547102ac4cb0f1|__AUTOMETRIC__
__AUTOMETRIC__|0.1.2|27612|crew_log_7c29c154879f6f5a|0|1786392118.309|96.663|3.021|508428288|540397568|gen_data_cf547102ac4cb0f1|__AUTOMETRIC__
__AUTOMETRIC__|0.1.2|27612|crew_log_7c29c154879f6f5a|0|1786392119.321|100.414|3.138|508477440|540446720|gen_data_cf547102ac4cb0f1|__AUTOMETRIC__
__AUTOMETRIC__|0.1.2|27612|crew_log_7c29c154879f6f5a|0|1786392120.329|99.159|3.099|508473344|540442624|gen_data_cf547102ac4cb0f1|__AUTOMETRIC__
__AUTOMETRIC__|0.1.2|27612|crew_log_7c29c154879f6f5a|0|1786392121.334|101.121|3.160|508477440|540446720|gen_data_cf547102ac4cb0f1|__AUTOMETRIC__
__AUTOMETRIC__|0.1.2|27612|crew_log_7c29c154879f6f5a|0|1786392122.336|99.802|3.119|508440576|540409856|gen_data_cf547102ac4cb0f1|__AUTOMETRIC__
__AUTOMETRIC__|0.1.2|27612|crew_log_7c29c154879f6f5a|0|1786392123.342|99.328|3.104|508477440|540446720|gen_data_cf547102ac4cb0f1|__AUTOMETRIC__
__AUTOMETRIC__|0.1.2|27612|crew_log_7c29c154879f6f5a|0|1786392124.356|97.083|3.034|508469248|540438528|gen_data_cf547102ac4cb0f1|__AUTOMETRIC__
__AUTOMETRIC__|0.1.2|27612|crew_log_7c29c154879f6f5a|0|1786392125.357|99.900|3.122|508465152|540434432|gen_data_cf547102ac4cb0f1|__AUTOMETRIC__
__AUTOMETRIC__|0.1.2|27612|crew_log_7c29c154879f6f5a|0|1786392126.360|93.518|2.922|508469248|540438528|gen_data_cf547102ac4cb0f1|__AUTOMETRIC__
__AUTOMETRIC__|0.1.2|27612|crew_log_7c29c154879f6f5a|0|1786392127.363|102.784|3.212|508469248|540438528|gen_data_cf547102ac4cb0f1|__AUTOMETRIC__
__AUTOMETRIC__|0.1.2|27612|crew_log_7c29c154879f6f5a|0|1786392128.368|97.967|3.061|508448768|540418048|gen_data_cf547102ac4cb0f1|__AUTOMETRIC__
__AUTOMETRIC__|0.1.2|27612|crew_log_7c29c154879f6f5a|0|1786392129.368|98.416|3.076|508477440|540446720|gen_data_cf547102ac4cb0f1|__AUTOMETRIC__
__AUTOMETRIC__|0.1.2|27612|crew_log_7c29c154879f6f5a|0|1786392130.372|99.654|3.114|508260352|540241920|gen_data_cf547102ac4cb0f1|__AUTOMETRIC__
__AUTOMETRIC__|0.1.2|27612|crew_log_7c29c154879f6f5a|0|1786392131.387|100.035|3.126|508317696|540295168|gen_data_cf547102ac4cb0f1|__AUTOMETRIC__
__AUTOMETRIC__|0.1.2|27612|crew_log_7c29c154879f6f5a|0|1786392132.402|100.057|3.127|508334080|540311552|gen_data_cf547102ac4cb0f1|__AUTOMETRIC__
__AUTOMETRIC__|0.1.2|27612|crew_log_7c29c154879f6f5a|0|1786392133.404|99.769|3.118|508334080|540311552|gen_data_cf547102ac4cb0f1|__AUTOMETRIC__
__AUTOMETRIC__|0.1.2|27612|crew_log_7c29c154879f6f5a|0|1786392134.418|98.676|3.084|508334080|540311552|gen_data_cf547102ac4cb0f1|__AUTOMETRIC__
__AUTOMETRIC__|0.1.2|27612|crew_log_7c29c154879f6f5a|0|1786392135.421|99.652|3.114|508334080|540311552|gen_data_cf547102ac4cb0f1|__AUTOMETRIC__
__AUTOMETRIC__|0.1.2|27612|crew_log_7c29c154879f6f5a|0|1786392136.423|101.369|3.168|508338176|540315648|gen_data_cf547102ac4cb0f1|__AUTOMETRIC__
__AUTOMETRIC__|0.1.2|27612|crew_log_7c29c154879f6f5a|0|1786392137.426|99.726|3.116|508350464|540327936|gen_data_cf547102ac4cb0f1|__AUTOMETRIC__
__AUTOMETRIC__|0.1.2|27612|crew_log_7c29c154879f6f5a|0|1786392138.440|100.115|3.129|508305408|540282880|gen_data_cf547102ac4cb0f1|__AUTOMETRIC__
__AUTOMETRIC__|0.1.2|27612|crew_log_7c29c154879f6f5a|0|1786392139.455|98.567|3.080|508411904|540389376|gen_data_cf547102ac4cb0f1|__AUTOMETRIC__
__AUTOMETRIC__|0.1.2|27612|crew_log_7c29c154879f6f5a|0|1786392140.468|97.133|3.035|508366848|540344320|gen_data_cf547102ac4cb0f1|__AUTOMETRIC__
__AUTOMETRIC__|0.1.2|27612|crew_log_7c29c154879f6f5a|0|1786392141.475|99.331|3.104|508489728|540467200|gen_data_cf547102ac4cb0f1|__AUTOMETRIC__
__AUTOMETRIC__|0.1.2|27612|crew_log_7c29c154879f6f5a|0|1786392142.486|100.414|3.138|508280832|540250112|gen_data_cf547102ac4cb0f1|__AUTOMETRIC__
__AUTOMETRIC__|0.1.2|27612|crew_log_7c29c154879f6f5a|0|1786392143.494|99.291|3.103|508260352|540229632|gen_data_cf547102ac4cb0f1|__AUTOMETRIC__
__AUTOMETRIC__|0.1.2|27612|crew_log_7c29c154879f6f5a|0|1786392144.495|98.277|3.071|508334080|540303360|gen_data_cf547102ac4cb0f1|__AUTOMETRIC__
__AUTOMETRIC__|0.1.2|27612|crew_log_7c29c154879f6f5a|0|1786392145.511|96.897|3.028|508280832|540250112|gen_data_cf547102ac4cb0f1|__AUTOMETRIC__
__AUTOMETRIC__|0.1.2|27612|crew_log_7c29c154879f6f5a|0|1786392146.512|98.385|3.075|508432384|540401664|gen_data_cf547102ac4cb0f1|__AUTOMETRIC__
__AUTOMETRIC__|0.1.2|27612|crew_log_7c29c154879f6f5a|0|1786392147.515|99.693|3.115|508407808|540377088|gen_data_cf547102ac4cb0f1|__AUTOMETRIC__
__AUTOMETRIC__|0.1.2|27612|crew_log_7c29c154879f6f5a|0|1786392148.517|101.309|3.166|508350464|540319744|gen_data_cf547102ac4cb0f1|__AUTOMETRIC__
__AUTOMETRIC__|0.1.2|27612|crew_log_7c29c154879f6f5a|0|1786392149.529|98.797|3.087|508403712|540372992|gen_data_cf547102ac4cb0f1|__AUTOMETRIC__
__AUTOMETRIC__|0.1.2|27612|crew_log_7c29c154879f6f5a|0|1786392150.540|100.459|3.139|508416000|540385280|gen_data_cf547102ac4cb0f1|__AUTOMETRIC__
__AUTOMETRIC__|0.1.2|27612|crew_log_7c29c154879f6f5a|0|1786392151.547|97.826|3.057|508379136|540348416|gen_data_cf547102ac4cb0f1|__AUTOMETRIC__
__AUTOMETRIC__|0.1.2|27612|crew_log_7c29c154879f6f5a|0|1786392152.561|100.082|3.128|508432384|540401664|gen_data_cf547102ac4cb0f1|__AUTOMETRIC__
__AUTOMETRIC__|0.1.2|27612|crew_log_7c29c154879f6f5a|0|1786392153.575|98.704|3.084|508010496|539987968|gen_data_cf547102ac4cb0f1|__AUTOMETRIC__
__AUTOMETRIC__|0.1.2|27612|crew_log_7c29c154879f6f5a|0|1786392154.588|98.715|3.085|508112896|540090368|gen_data_cf547102ac4cb0f1|__AUTOMETRIC__
__AUTOMETRIC__|0.1.2|27612|crew_log_7c29c154879f6f5a|0|1786392155.603|100.015|3.125|508100608|540078080|gen_data_cf547102ac4cb0f1|__AUTOMETRIC__
__AUTOMETRIC__|0.1.2|27612|crew_log_7c29c154879f6f5a|0|1786392156.616|100.286|3.134|508141568|540119040|gen_data_cf547102ac4cb0f1|__AUTOMETRIC__
__AUTOMETRIC__|0.1.2|27612|crew_log_7c29c154879f6f5a|0|1786392157.617|99.907|3.122|508174336|540151808|gen_data_cf547102ac4cb0f1|__AUTOMETRIC__
__AUTOMETRIC__|0.1.2|27612|crew_log_7c29c154879f6f5a|0|1786392158.619|98.220|3.069|508116992|540094464|gen_data_cf547102ac4cb0f1|__AUTOMETRIC__
__AUTOMETRIC__|0.1.2|27612|crew_log_7c29c154879f6f5a|0|1786392159.622|101.245|3.164|508227584|540209152|gen_data_cf547102ac4cb0f1|__AUTOMETRIC__
__AUTOMETRIC__|0.1.2|27612|crew_log_7c29c154879f6f5a|0|1786392160.624|99.857|3.121|508276736|540258304|gen_data_cf547102ac4cb0f1|__AUTOMETRIC__
__AUTOMETRIC__|0.1.2|27612|crew_log_7c29c154879f6f5a|0|1786392161.626|101.348|3.167|508252160|540233728|gen_data_cf547102ac4cb0f1|__AUTOMETRIC__
__AUTOMETRIC__|0.1.2|27612|crew_log_7c29c154879f6f5a|0|1786392162.627|99.835|3.120|508243968|540225536|gen_data_cf547102ac4cb0f1|__AUTOMETRIC__
__AUTOMETRIC__|0.1.2|27612|crew_log_7c29c154879f6f5a|0|1786392163.634|99.375|3.105|508211200|540192768|gen_data_cf547102ac4cb0f1|__AUTOMETRIC__
__AUTOMETRIC__|0.1.2|27612|crew_log_7c29c154879f6f5a|0|1786392164.639|99.439|3.107|508268544|540250112|gen_data_cf547102ac4cb0f1|__AUTOMETRIC__
__AUTOMETRIC__|0.1.2|27612|crew_log_7c29c154879f6f5a|0|1786392165.641|96.701|3.022|507998208|539967488|gen_data_cf547102ac4cb0f1|__AUTOMETRIC__
__AUTOMETRIC__|0.1.2|27612|crew_log_7c29c154879f6f5a|0|1786392166.656|100.044|3.126|508104704|540082176|gen_data_cf547102ac4cb0f1|__AUTOMETRIC__
__AUTOMETRIC__|0.1.2|27612|crew_log_7c29c154879f6f5a|0|1786392167.664|100.780|3.149|508137472|540114944|gen_data_cf547102ac4cb0f1|__AUTOMETRIC__
__AUTOMETRIC__|0.1.2|27612|crew_log_7c29c154879f6f5a|0|1786392168.677|100.266|3.133|508157952|540135424|gen_data_cf547102ac4cb0f1|__AUTOMETRIC__
__AUTOMETRIC__|0.1.2|27612|crew_log_7c29c154879f6f5a|0|1786392169.682|97.900|3.059|508219392|540196864|gen_data_cf547102ac4cb0f1|__AUTOMETRIC__
__AUTOMETRIC__|0.1.2|27612|crew_log_7c29c154879f6f5a|0|1786392170.690|99.228|3.101|508215296|540192768|gen_data_cf547102ac4cb0f1|__AUTOMETRIC__
__AUTOMETRIC__|0.1.2|27612|crew_log_7c29c154879f6f5a|0|1786392171.695|99.534|3.110|508223488|540200960|gen_data_cf547102ac4cb0f1|__AUTOMETRIC__
__AUTOMETRIC__|0.1.2|27612|crew_log_7c29c154879f6f5a|0|1786392172.703|97.679|3.052|508239872|540217344|gen_data_cf547102ac4cb0f1|__AUTOMETRIC__
__AUTOMETRIC__|0.1.2|27612|crew_log_7c29c154879f6f5a|0|1786392173.707|99.534|3.110|508231680|540209152|gen_data_cf547102ac4cb0f1|__AUTOMETRIC__
__AUTOMETRIC__|0.1.2|27612|crew_log_7c29c154879f6f5a|0|1786392174.711|99.644|3.114|508178432|540155904|gen_data_cf547102ac4cb0f1|__AUTOMETRIC__
__AUTOMETRIC__|0.1.2|27612|crew_log_7c29c154879f6f5a|0|1786392175.717|97.884|3.059|508264448|540241920|gen_data_cf547102ac4cb0f1|__AUTOMETRIC__
__AUTOMETRIC__|0.1.2|27612|crew_log_7c29c154879f6f5a|0|1786392176.731|100.122|3.129|507908096|539877376|gen_data_cf547102ac4cb0f1|__AUTOMETRIC__
__AUTOMETRIC__|0.1.2|27612|crew_log_7c29c154879f6f5a|0|1786392177.746|98.530|3.079|507940864|539918336|gen_data_cf547102ac4cb0f1|__AUTOMETRIC__
__AUTOMETRIC__|0.1.2|27612|crew_log_7c29c154879f6f5a|0|1786392178.761|100.003|3.125|507985920|539963392|gen_data_cf547102ac4cb0f1|__AUTOMETRIC__
__AUTOMETRIC__|0.1.2|27612|crew_log_7c29c154879f6f5a|0|1786392179.762|96.855|3.027|507969536|539947008|gen_data_cf547102ac4cb0f1|__AUTOMETRIC__
__AUTOMETRIC__|0.1.2|27612|crew_log_7c29c154879f6f5a|0|1786392180.762|99.952|3.123|507957248|539934720|gen_data_cf547102ac4cb0f1|__AUTOMETRIC__
__AUTOMETRIC__|0.1.2|27612|crew_log_7c29c154879f6f5a|0|1786392181.776|100.149|3.130|507985920|539963392|gen_data_cf547102ac4cb0f1|__AUTOMETRIC__
__AUTOMETRIC__|0.1.2|27612|crew_log_7c29c154879f6f5a|0|1786392182.779|99.710|3.116|507961344|539938816|gen_data_cf547102ac4cb0f1|__AUTOMETRIC__
__AUTOMETRIC__|0.1.2|27612|crew_log_7c29c154879f6f5a|0|1786392183.783|99.588|3.112|507981824|539959296|gen_data_cf547102ac4cb0f1|__AUTOMETRIC__
__AUTOMETRIC__|0.1.2|27612|crew_log_7c29c154879f6f5a|0|1786392184.784|99.952|3.123|507944960|539922432|gen_data_cf547102ac4cb0f1|__AUTOMETRIC__
__AUTOMETRIC__|0.1.2|27612|crew_log_7c29c154879f6f5a|0|1786392185.785|98.299|3.072|507940864|539918336|gen_data_cf547102ac4cb0f1|__AUTOMETRIC__
__AUTOMETRIC__|0.1.2|27612|crew_log_7c29c154879f6f5a|0|1786392186.788|99.675|3.115|507920384|539897856|gen_data_cf547102ac4cb0f1|__AUTOMETRIC__
__AUTOMETRIC__|0.1.2|27612|crew_log_7c29c154879f6f5a|0|1786392187.797|97.585|3.050|508063744|540041216|gen_data_cf547102ac4cb0f1|__AUTOMETRIC__
__AUTOMETRIC__|0.1.2|27612|crew_log_7c29c154879f6f5a|0|1786392188.800|102.798|3.212|507822080|539791360|gen_data_cf547102ac4cb0f1|__AUTOMETRIC__
__AUTOMETRIC__|0.1.2|27612|crew_log_7c29c154879f6f5a|0|1786392189.815|98.603|3.081|507805696|539774976|gen_data_cf547102ac4cb0f1|__AUTOMETRIC__
__AUTOMETRIC__|0.1.2|27612|crew_log_7c29c154879f6f5a|0|1786392190.828|98.676|3.084|507904000|539873280|gen_data_cf547102ac4cb0f1|__AUTOMETRIC__
__AUTOMETRIC__|0.1.2|27612|crew_log_7c29c154879f6f5a|0|1786392191.843|101.580|3.174|507867136|539836416|gen_data_cf547102ac4cb0f1|__AUTOMETRIC__
__AUTOMETRIC__|0.1.2|27612|crew_log_7c29c154879f6f5a|0|1786392192.845|101.366|3.168|507949056|539918336|gen_data_cf547102ac4cb0f1|__AUTOMETRIC__
__AUTOMETRIC__|0.1.2|27612|crew_log_7c29c154879f6f5a|0|1786392193.858|97.174|3.037|507912192|539881472|gen_data_cf547102ac4cb0f1|__AUTOMETRIC__
__AUTOMETRIC__|0.1.2|27612|crew_log_7c29c154879f6f5a|0|1786392194.874|96.930|3.029|507990016|539971584|gen_data_cf547102ac4cb0f1|__AUTOMETRIC__
__AUTOMETRIC__|0.1.2|27612|crew_log_7c29c154879f6f5a|0|1786392195.877|101.253|3.164|507973632|539955200|gen_data_cf547102ac4cb0f1|__AUTOMETRIC__
__AUTOMETRIC__|0.1.2|27612|crew_log_7c29c154879f6f5a|0|1786392196.882|97.904|3.060|508067840|540049408|gen_data_cf547102ac4cb0f1|__AUTOMETRIC__
__AUTOMETRIC__|0.1.2|27612|crew_log_7c29c154879f6f5a|0|1786392197.890|99.211|3.100|508059648|540041216|gen_data_cf547102ac4cb0f1|__AUTOMETRIC__
__AUTOMETRIC__|0.1.2|27612|crew_log_7c29c154879f6f5a|0|1786392198.905|98.505|3.078|508039168|540020736|gen_data_cf547102ac4cb0f1|__AUTOMETRIC__
__AUTOMETRIC__|0.1.2|27612|crew_log_7c29c154879f6f5a|0|1786392199.917|100.432|3.139|508055552|540024832|gen_data_cf547102ac4cb0f1|__AUTOMETRIC__
__AUTOMETRIC__|0.1.2|27612|crew_log_7c29c154879f6f5a|0|1786392200.920|96.532|3.017|507985920|539955200|gen_data_cf547102ac4cb0f1|__AUTOMETRIC__
__AUTOMETRIC__|0.1.2|27612|crew_log_7c29c154879f6f5a|0|1786392201.925|101.051|3.158|508080128|540049408|gen_data_cf547102ac4cb0f1|__AUTOMETRIC__
__AUTOMETRIC__|0.1.2|27612|crew_log_7c29c154879f6f5a|0|1786392202.928|99.745|3.117|508059648|540028928|gen_data_cf547102ac4cb0f1|__AUTOMETRIC__
__AUTOMETRIC__|0.1.2|27612|crew_log_7c29c154879f6f5a|0|1786392203.939|101.975|3.187|508043264|540012544|gen_data_cf547102ac4cb0f1|__AUTOMETRIC__
__AUTOMETRIC__|0.1.2|27612|crew_log_7c29c154879f6f5a|0|1786392204.943|99.581|3.112|508047360|540016640|gen_data_cf547102ac4cb0f1|__AUTOMETRIC__
__AUTOMETRIC__|0.1.2|27612|crew_log_7c29c154879f6f5a|0|1786392205.952|99.126|3.098|508026880|539996160|gen_data_cf547102ac4cb0f1|__AUTOMETRIC__
__AUTOMETRIC__|0.1.2|27612|crew_log_7c29c154879f6f5a|0|1786392206.955|99.738|3.117|508051456|540020736|gen_data_cf547102ac4cb0f1|__AUTOMETRIC__
__AUTOMETRIC__|0.1.2|27612|crew_log_7c29c154879f6f5a|0|1786392207.959|99.527|3.110|508043264|540012544|gen_data_cf547102ac4cb0f1|__AUTOMETRIC__
__AUTOMETRIC__|0.1.2|27612|crew_log_7c29c154879f6f5a|0|1786392208.966|99.368|3.105|508035072|540004352|gen_data_cf547102ac4cb0f1|__AUTOMETRIC__
__AUTOMETRIC__|0.1.2|27612|crew_log_7c29c154879f6f5a|0|1786392209.973|99.269|3.102|508026880|539996160|gen_data_cf547102ac4cb0f1|__AUTOMETRIC__
__AUTOMETRIC__|0.1.2|27612|crew_log_7c29c154879f6f5a|0|1786392210.988|100.054|3.127|508125184|540094464|gen_data_cf547102ac4cb0f1|__AUTOMETRIC__
__AUTOMETRIC__|0.1.2|27612|crew_log_7c29c154879f6f5a|0|1786392212.000|98.855|3.089|507953152|539922432|gen_data_cf547102ac4cb0f1|__AUTOMETRIC__
__AUTOMETRIC__|0.1.2|27612|crew_log_7c29c154879f6f5a|0|1786392213.005|100.999|3.156|507932672|539901952|gen_data_cf547102ac4cb0f1|__AUTOMETRIC__
__AUTOMETRIC__|0.1.2|27612|crew_log_7c29c154879f6f5a|0|1786392214.015|99.060|3.096|507932672|539901952|gen_data_cf547102ac4cb0f1|__AUTOMETRIC__
__AUTOMETRIC__|0.1.2|27612|crew_log_7c29c154879f6f5a|0|1786392215.015|95.268|2.977|507977728|539947008|gen_data_cf547102ac4cb0f1|__AUTOMETRIC__
__AUTOMETRIC__|0.1.2|27612|crew_log_7c29c154879f6f5a|0|1786392216.022|100.872|3.152|507981824|539951104|gen_data_cf547102ac4cb0f1|__AUTOMETRIC__
__AUTOMETRIC__|0.1.2|27612|crew_log_7c29c154879f6f5a|0|1786392217.037|98.552|3.080|507920384|539889664|gen_data_cf547102ac4cb0f1|__AUTOMETRIC__
__AUTOMETRIC__|0.1.2|27612|crew_log_7c29c154879f6f5a|0|1786392218.042|99.492|3.109|507981824|539951104|gen_data_cf547102ac4cb0f1|__AUTOMETRIC__
__AUTOMETRIC__|0.1.2|27612|crew_log_7c29c154879f6f5a|0|1786392219.052|98.961|3.093|507969536|539938816|gen_data_cf547102ac4cb0f1|__AUTOMETRIC__
__AUTOMETRIC__|0.1.2|27612|crew_log_7c29c154879f6f5a|0|1786392220.065|100.300|3.134|507936768|539906048|gen_data_cf547102ac4cb0f1|__AUTOMETRIC__
__AUTOMETRIC__|0.1.2|27612|crew_log_7c29c154879f6f5a|0|1786392221.072|99.262|3.102|507924480|539893760|gen_data_cf547102ac4cb0f1|__AUTOMETRIC__
__AUTOMETRIC__|0.1.2|27612|crew_log_7c29c154879f6f5a|0|1786392222.079|100.856|3.152|507949056|539918336|gen_data_cf547102ac4cb0f1|__AUTOMETRIC__
__AUTOMETRIC__|0.1.2|27612|crew_log_7c29c154879f6f5a|0|1786392223.084|99.518|3.110|507842560|539811840|gen_data_cf547102ac4cb0f1|__AUTOMETRIC__
__AUTOMETRIC__|0.1.2|27612|crew_log_7c29c154879f6f5a|0|1786392224.090|99.470|3.108|507916288|539885568|gen_data_cf547102ac4cb0f1|__AUTOMETRIC__
__AUTOMETRIC__|0.1.2|27612|crew_log_7c29c154879f6f5a|0|1786392225.103|98.665|3.083|507887616|539856896|gen_data_cf547102ac4cb0f1|__AUTOMETRIC__
__AUTOMETRIC__|0.1.2|27612|crew_log_7c29c154879f6f5a|0|1786392226.112|95.996|3.000|507899904|539869184|gen_data_cf547102ac4cb0f1|__AUTOMETRIC__
__AUTOMETRIC__|0.1.2|27612|crew_log_7c29c154879f6f5a|0|1786392227.118|99.487|3.109|507715584|539684864|gen_data_cf547102ac4cb0f1|__AUTOMETRIC__
__AUTOMETRIC__|0.1.2|27612|crew_log_7c29c154879f6f5a|0|1786392228.121|98.134|3.067|507957248|539926528|gen_data_cf547102ac4cb0f1|__AUTOMETRIC__
__AUTOMETRIC__|0.1.2|27612|crew_log_7c29c154879f6f5a|0|1786392229.132|100.378|3.137|507920384|539889664|gen_data_cf547102ac4cb0f1|__AUTOMETRIC__
__AUTOMETRIC__|0.1.2|27612|crew_log_7c29c154879f6f5a|0|1786392230.134|98.311|3.072|507908096|539877376|gen_data_cf547102ac4cb0f1|__AUTOMETRIC__
__AUTOMETRIC__|0.1.2|27612|crew_log_7c29c154879f6f5a|0|1786392231.136|99.746|3.117|507748352|539717632|gen_data_cf547102ac4cb0f1|__AUTOMETRIC__
__AUTOMETRIC__|0.1.2|27612|crew_log_7c29c154879f6f5a|0|1786392232.151|100.075|3.127|508030976|540000256|gen_data_cf547102ac4cb0f1|__AUTOMETRIC__
__AUTOMETRIC__|0.1.2|27612|crew_log_7c29c154879f6f5a|0|1786392233.165|97.110|3.035|508084224|540053504|gen_data_cf547102ac4cb0f1|__AUTOMETRIC__
__AUTOMETRIC__|0.1.2|27612|crew_log_7c29c154879f6f5a|0|1786392234.174|96.022|3.001|508022784|539992064|gen_data_cf547102ac4cb0f1|__AUTOMETRIC__
__AUTOMETRIC__|0.1.2|27612|crew_log_7c29c154879f6f5a|0|1786392235.179|99.459|3.108|507932672|539901952|gen_data_cf547102ac4cb0f1|__AUTOMETRIC__
__AUTOMETRIC__|0.1.2|27612|crew_log_7c29c154879f6f5a|0|1786392236.184|99.519|3.110|507936768|539906048|gen_data_cf547102ac4cb0f1|__AUTOMETRIC__
__AUTOMETRIC__|0.1.2|27612|crew_log_7c29c154879f6f5a|0|1786392237.193|100.659|3.146|507940864|539910144|gen_data_cf547102ac4cb0f1|__AUTOMETRIC__
__AUTOMETRIC__|0.1.2|27612|crew_log_7c29c154879f6f5a|0|1786392238.207|95.526|2.985|507957248|539926528|gen_data_cf547102ac4cb0f1|__AUTOMETRIC__
__AUTOMETRIC__|0.1.2|27612|crew_log_7c29c154879f6f5a|0|1786392239.214|99.261|3.102|507932672|539901952|gen_data_cf547102ac4cb0f1|__AUTOMETRIC__
__AUTOMETRIC__|0.1.2|27612|crew_log_7c29c154879f6f5a|0|1786392240.222|100.788|3.150|507932672|539901952|gen_data_cf547102ac4cb0f1|__AUTOMETRIC__
__AUTOMETRIC__|0.1.2|27612|crew_log_7c29c154879f6f5a|0|1786392241.223|99.943|3.123|507949056|539918336|gen_data_cf547102ac4cb0f1|__AUTOMETRIC__
__AUTOMETRIC__|0.1.2|27612|crew_log_7c29c154879f6f5a|0|1786392242.228|96.386|3.012|507924480|539893760|gen_data_cf547102ac4cb0f1|__AUTOMETRIC__
__AUTOMETRIC__|0.1.2|27612|crew_log_7c29c154879f6f5a|0|1786392243.238|98.975|3.093|507949056|539918336|gen_data_cf547102ac4cb0f1|__AUTOMETRIC__
__AUTOMETRIC__|0.1.2|27612|crew_log_7c29c154879f6f5a|0|1786392244.245|99.276|3.102|507949056|539918336|gen_data_cf547102ac4cb0f1|__AUTOMETRIC__
__AUTOMETRIC__|0.1.2|27612|crew_log_7c29c154879f6f5a|0|1786392245.247|98.305|3.072|507965440|539934720|gen_data_cf547102ac4cb0f1|__AUTOMETRIC__
__AUTOMETRIC__|0.1.2|27612|crew_log_7c29c154879f6f5a|0|1786392246.261|100.137|3.129|507822080|539791360|gen_data_cf547102ac4cb0f1|__AUTOMETRIC__
__AUTOMETRIC__|0.1.2|27612|crew_log_7c29c154879f6f5a|0|1786392247.270|99.106|3.097|507854848|539824128|gen_data_cf547102ac4cb0f1|__AUTOMETRIC__
__AUTOMETRIC__|0.1.2|27612|crew_log_7c29c154879f6f5a|0|1786392248.277|97.788|3.056|507904000|539873280|gen_data_cf547102ac4cb0f1|__AUTOMETRIC__
__AUTOMETRIC__|0.1.2|27612|crew_log_7c29c154879f6f5a|0|1786392249.280|99.638|3.114|507879424|539848704|gen_data_cf547102ac4cb0f1|__AUTOMETRIC__
__AUTOMETRIC__|0.1.2|27612|crew_log_7c29c154879f6f5a|0|1786392250.282|96.735|3.023|513961984|545980416|gen_data_mapped_5ce42b7cae1a0f98|__AUTOMETRIC__
__AUTOMETRIC__|0.1.2|27612|crew_log_7c29c154879f6f5a|0|1786392251.287|97.937|3.061|509775872|541753344|gen_data_ad33cf2729b42a85|__AUTOMETRIC__
__AUTOMETRIC__|0.1.2|27612|crew_log_7c29c154879f6f5a|0|1786392252.300|100.217|3.132|509624320|541601792|gen_data_ad33cf2729b42a85|__AUTOMETRIC__
__AUTOMETRIC__|0.1.2|27612|crew_log_7c29c154879f6f5a|0|1786392253.315|97.005|3.031|509566976|541544448|gen_data_ad33cf2729b42a85|__AUTOMETRIC__
__AUTOMETRIC__|0.1.2|27612|crew_log_7c29c154879f6f5a|0|1786392254.319|99.653|3.114|509693952|541671424|gen_data_ad33cf2729b42a85|__AUTOMETRIC__
__AUTOMETRIC__|0.1.2|27612|crew_log_7c29c154879f6f5a|0|1786392255.328|100.638|3.145|509620224|541597696|gen_data_ad33cf2729b42a85|__AUTOMETRIC__
__AUTOMETRIC__|0.1.2|27612|crew_log_7c29c154879f6f5a|0|1786392256.329|99.828|3.120|509612032|541589504|gen_data_ad33cf2729b42a85|__AUTOMETRIC__
__AUTOMETRIC__|0.1.2|27612|crew_log_7c29c154879f6f5a|0|1786392257.343|98.637|3.082|509665280|541642752|gen_data_ad33cf2729b42a85|__AUTOMETRIC__
__AUTOMETRIC__|0.1.2|27612|crew_log_7c29c154879f6f5a|0|1786392258.349|97.869|3.058|509517824|541487104|gen_data_ad33cf2729b42a85|__AUTOMETRIC__
__AUTOMETRIC__|0.1.2|27612|crew_log_7c29c154879f6f5a|0|1786392259.351|96.707|3.022|509657088|541626368|gen_data_ad33cf2729b42a85|__AUTOMETRIC__
__AUTOMETRIC__|0.1.2|27612|crew_log_7c29c154879f6f5a|0|1786392260.360|100.603|3.144|509677568|541646848|gen_data_ad33cf2729b42a85|__AUTOMETRIC__
__AUTOMETRIC__|0.1.2|27612|crew_log_7c29c154879f6f5a|0|1786392261.367|97.838|3.057|509689856|541659136|gen_data_ad33cf2729b42a85|__AUTOMETRIC__
__AUTOMETRIC__|0.1.2|27612|crew_log_7c29c154879f6f5a|0|1786392262.369|98.201|3.069|509714432|541683712|gen_data_ad33cf2729b42a85|__AUTOMETRIC__
__AUTOMETRIC__|0.1.2|27612|crew_log_7c29c154879f6f5a|0|1786392263.372|98.097|3.066|509759488|541728768|gen_data_ad33cf2729b42a85|__AUTOMETRIC__
__AUTOMETRIC__|0.1.2|27612|crew_log_7c29c154879f6f5a|0|1786392264.376|99.684|3.115|514121728|546091008|gen_data_ad33cf2729b42a85|__AUTOMETRIC__
__AUTOMETRIC__|0.1.2|27612|crew_log_7c29c154879f6f5a|0|1786392265.387|98.830|3.088|512442368|544411648|gen_data_ad33cf2729b42a85|__AUTOMETRIC__
__AUTOMETRIC__|0.1.2|27612|crew_log_7c29c154879f6f5a|0|1786392266.402|98.557|3.080|512163840|544133120|gen_data_ad33cf2729b42a85|__AUTOMETRIC__
__AUTOMETRIC__|0.1.2|27612|crew_log_7c29c154879f6f5a|0|1786392267.407|97.995|3.062|512221184|544190464|gen_data_ad33cf2729b42a85|__AUTOMETRIC__
__AUTOMETRIC__|0.1.2|27612|crew_log_7c29c154879f6f5a|0|1786392268.411|99.510|3.110|512237568|544206848|gen_data_ad33cf2729b42a85|__AUTOMETRIC__
__AUTOMETRIC__|0.1.2|27612|crew_log_7c29c154879f6f5a|0|1786392269.416|94.902|2.966|512241664|544210944|gen_data_ad33cf2729b42a85|__AUTOMETRIC__
__AUTOMETRIC__|0.1.2|27612|crew_log_7c29c154879f6f5a|0|1786392270.429|100.282|3.134|512249856|544219136|gen_data_ad33cf2729b42a85|__AUTOMETRIC__
__AUTOMETRIC__|0.1.2|27612|crew_log_7c29c154879f6f5a|0|1786392271.439|99.005|3.094|508968960|540938240|gen_data_ad33cf2729b42a85|__AUTOMETRIC__
__AUTOMETRIC__|0.1.2|27612|crew_log_7c29c154879f6f5a|0|1786392272.453|98.581|3.081|508997632|540966912|gen_data_ad33cf2729b42a85|__AUTOMETRIC__
__AUTOMETRIC__|0.1.2|27612|crew_log_7c29c154879f6f5a|0|1786392273.468|100.068|3.127|509005824|540975104|gen_data_ad33cf2729b42a85|__AUTOMETRIC__
__AUTOMETRIC__|0.1.2|27612|crew_log_7c29c154879f6f5a|0|1786392274.483|101.624|3.176|509038592|541007872|gen_data_ad33cf2729b42a85|__AUTOMETRIC__
__AUTOMETRIC__|0.1.2|27612|crew_log_7c29c154879f6f5a|0|1786392275.487|102.734|3.210|509059072|541028352|gen_data_ad33cf2729b42a85|__AUTOMETRIC__
__AUTOMETRIC__|0.1.2|27612|crew_log_7c29c154879f6f5a|0|1786392276.501|97.004|3.031|509083648|541052928|gen_data_ad33cf2729b42a85|__AUTOMETRIC__
__AUTOMETRIC__|0.1.2|27612|crew_log_7c29c154879f6f5a|0|1786392277.502|98.381|3.074|509104128|541073408|gen_data_ad33cf2729b42a85|__AUTOMETRIC__
__AUTOMETRIC__|0.1.2|27612|crew_log_7c29c154879f6f5a|0|1786392278.504|96.696|3.022|509108224|541077504|gen_data_ad33cf2729b42a85|__AUTOMETRIC__
__AUTOMETRIC__|0.1.2|27612|crew_log_7c29c154879f6f5a|0|1786392279.518|100.098|3.128|509104128|541073408|gen_data_ad33cf2729b42a85|__AUTOMETRIC__
__AUTOMETRIC__|0.1.2|27612|crew_log_7c29c154879f6f5a|0|1786392280.530|95.746|2.992|509132800|541102080|gen_data_ad33cf2729b42a85|__AUTOMETRIC__
__AUTOMETRIC__|0.1.2|27612|crew_log_7c29c154879f6f5a|0|1786392281.544|100.178|3.131|509116416|541085696|gen_data_ad33cf2729b42a85|__AUTOMETRIC__
__AUTOMETRIC__|0.1.2|27612|crew_log_7c29c154879f6f5a|0|1786392282.558|98.582|3.081|509132800|541102080|gen_data_ad33cf2729b42a85|__AUTOMETRIC__
__AUTOMETRIC__|0.1.2|27612|crew_log_7c29c154879f6f5a|0|1786392283.562|99.651|3.114|508563456|540532736|gen_data_ad33cf2729b42a85|__AUTOMETRIC__
__AUTOMETRIC__|0.1.2|27612|crew_log_7c29c154879f6f5a|0|1786392284.563|99.859|3.121|508559360|540528640|gen_data_ad33cf2729b42a85|__AUTOMETRIC__
__AUTOMETRIC__|0.1.2|27612|crew_log_7c29c154879f6f5a|0|1786392285.568|99.526|3.110|508559360|540528640|gen_data_ad33cf2729b42a85|__AUTOMETRIC__
__AUTOMETRIC__|0.1.2|27612|crew_log_7c29c154879f6f5a|0|1786392286.570|99.809|3.119|508600320|540569600|gen_data_ad33cf2729b42a85|__AUTOMETRIC__
__AUTOMETRIC__|0.1.2|27612|crew_log_7c29c154879f6f5a|0|1786392287.570|99.958|3.124|508846080|540815360|gen_data_ad33cf2729b42a85|__AUTOMETRIC__
__AUTOMETRIC__|0.1.2|27612|crew_log_7c29c154879f6f5a|0|1786392288.577|99.332|3.104|508637184|540606464|gen_data_ad33cf2729b42a85|__AUTOMETRIC__
__AUTOMETRIC__|0.1.2|27612|crew_log_7c29c154879f6f5a|0|1786392289.579|101.361|3.168|508633088|540602368|gen_data_ad33cf2729b42a85|__AUTOMETRIC__
__AUTOMETRIC__|0.1.2|27612|crew_log_7c29c154879f6f5a|0|1786392290.582|99.661|3.114|508657664|540626944|gen_data_ad33cf2729b42a85|__AUTOMETRIC__
__AUTOMETRIC__|0.1.2|27612|crew_log_7c29c154879f6f5a|0|1786392291.584|98.287|3.071|508678144|540647424|gen_data_ad33cf2729b42a85|__AUTOMETRIC__
__AUTOMETRIC__|0.1.2|27612|crew_log_7c29c154879f6f5a|0|1786392292.592|99.255|3.102|508710912|540680192|gen_data_ad33cf2729b42a85|__AUTOMETRIC__
__AUTOMETRIC__|0.1.2|27612|crew_log_7c29c154879f6f5a|0|1786392293.606|100.129|3.129|508743680|540712960|gen_data_ad33cf2729b42a85|__AUTOMETRIC__
__AUTOMETRIC__|0.1.2|27612|crew_log_7c29c154879f6f5a|0|1786392294.607|99.897|3.122|508739584|540708864|gen_data_ad33cf2729b42a85|__AUTOMETRIC__
__AUTOMETRIC__|0.1.2|27612|crew_log_7c29c154879f6f5a|0|1786392295.611|101.109|3.160|508542976|540524544|gen_data_ad33cf2729b42a85|__AUTOMETRIC__
__AUTOMETRIC__|0.1.2|27612|crew_log_7c29c154879f6f5a|0|1786392296.616|99.575|3.112|508567552|540549120|gen_data_ad33cf2729b42a85|__AUTOMETRIC__
__AUTOMETRIC__|0.1.2|27612|crew_log_7c29c154879f6f5a|0|1786392297.616|99.962|3.124|508583936|540565504|gen_data_ad33cf2729b42a85|__AUTOMETRIC__
__AUTOMETRIC__|0.1.2|27612|crew_log_7c29c154879f6f5a|0|1786392298.620|98.066|3.065|508588032|540569600|gen_data_ad33cf2729b42a85|__AUTOMETRIC__
__AUTOMETRIC__|0.1.2|27612|crew_log_7c29c154879f6f5a|0|1786392299.634|97.045|3.033|508596224|540577792|gen_data_ad33cf2729b42a85|__AUTOMETRIC__
__AUTOMETRIC__|0.1.2|27612|crew_log_7c29c154879f6f5a|0|1786392300.634|99.970|3.124|508612608|540594176|gen_data_ad33cf2729b42a85|__AUTOMETRIC__
__AUTOMETRIC__|0.1.2|27612|crew_log_7c29c154879f6f5a|0|1786392301.636|99.834|3.120|508534784|540516352|gen_data_ad33cf2729b42a85|__AUTOMETRIC__
__AUTOMETRIC__|0.1.2|27612|crew_log_7c29c154879f6f5a|0|1786392302.637|99.895|3.122|508559360|540540928|gen_data_ad33cf2729b42a85|__AUTOMETRIC__
__AUTOMETRIC__|0.1.2|27612|crew_log_7c29c154879f6f5a|0|1786392303.637|98.463|3.077|508567552|540549120|gen_data_ad33cf2729b42a85|__AUTOMETRIC__
__AUTOMETRIC__|0.1.2|27612|crew_log_7c29c154879f6f5a|0|1786392304.639|99.751|3.117|508559360|540540928|gen_data_ad33cf2729b42a85|__AUTOMETRIC__
__AUTOMETRIC__|0.1.2|27612|crew_log_7c29c154879f6f5a|0|1786392305.648|102.255|3.195|508579840|540561408|gen_data_ad33cf2729b42a85|__AUTOMETRIC__
__AUTOMETRIC__|0.1.2|27612|crew_log_7c29c154879f6f5a|0|1786392306.653|97.891|3.059|508809216|540790784|gen_data_ad33cf2729b42a85|__AUTOMETRIC__
__AUTOMETRIC__|0.1.2|27612|crew_log_7c29c154879f6f5a|0|1786392307.667|97.120|3.035|508657664|540626944|gen_data_ad33cf2729b42a85|__AUTOMETRIC__
__AUTOMETRIC__|0.1.2|27612|crew_log_7c29c154879f6f5a|0|1786392308.681|100.117|3.129|508588032|540557312|gen_data_ad33cf2729b42a85|__AUTOMETRIC__
__AUTOMETRIC__|0.1.2|27612|crew_log_7c29c154879f6f5a|0|1786392309.683|98.276|3.071|508407808|540377088|gen_data_ad33cf2729b42a85|__AUTOMETRIC__
__AUTOMETRIC__|0.1.2|27612|crew_log_7c29c154879f6f5a|0|1786392310.687|99.576|3.112|508440576|540409856|gen_data_ad33cf2729b42a85|__AUTOMETRIC__
__AUTOMETRIC__|0.1.2|27612|crew_log_7c29c154879f6f5a|0|1786392311.691|98.116|3.066|508456960|540426240|gen_data_ad33cf2729b42a85|__AUTOMETRIC__
__AUTOMETRIC__|0.1.2|27612|crew_log_7c29c154879f6f5a|0|1786392312.702|98.882|3.090|508469248|540438528|gen_data_ad33cf2729b42a85|__AUTOMETRIC__
__AUTOMETRIC__|0.1.2|27612|crew_log_7c29c154879f6f5a|0|1786392313.713|100.423|3.138|508485632|540454912|gen_data_ad33cf2729b42a85|__AUTOMETRIC__
__AUTOMETRIC__|0.1.2|27612|crew_log_7c29c154879f6f5a|0|1786392314.716|99.761|3.118|508481536|540450816|gen_data_ad33cf2729b42a85|__AUTOMETRIC__
__AUTOMETRIC__|0.1.2|27612|crew_log_7c29c154879f6f5a|0|1786392315.728|100.282|3.134|508493824|540463104|gen_data_ad33cf2729b42a85|__AUTOMETRIC__
__AUTOMETRIC__|0.1.2|27612|crew_log_7c29c154879f6f5a|0|1786392316.743|100.089|3.128|508682240|540651520|gen_data_ad33cf2729b42a85|__AUTOMETRIC__
__AUTOMETRIC__|0.1.2|27612|crew_log_7c29c154879f6f5a|0|1786392317.759|99.981|3.124|508583936|540553216|gen_data_ad33cf2729b42a85|__AUTOMETRIC__
__AUTOMETRIC__|0.1.2|27612|crew_log_7c29c154879f6f5a|0|1786392318.760|99.916|3.122|508542976|540512256|gen_data_ad33cf2729b42a85|__AUTOMETRIC__
__AUTOMETRIC__|0.1.2|27612|crew_log_7c29c154879f6f5a|0|1786392319.760|99.969|3.124|508547072|540516352|gen_data_ad33cf2729b42a85|__AUTOMETRIC__
__AUTOMETRIC__|0.1.2|27612|crew_log_7c29c154879f6f5a|0|1786392320.773|100.232|3.132|508555264|540524544|gen_data_ad33cf2729b42a85|__AUTOMETRIC__
__AUTOMETRIC__|0.1.2|27612|crew_log_7c29c154879f6f5a|0|1786392321.776|99.723|3.116|508334080|540303360|gen_data_ad33cf2729b42a85|__AUTOMETRIC__
__AUTOMETRIC__|0.1.2|27612|crew_log_7c29c154879f6f5a|0|1786392322.791|98.520|3.079|508334080|540303360|gen_data_ad33cf2729b42a85|__AUTOMETRIC__
__AUTOMETRIC__|0.1.2|27612|crew_log_7c29c154879f6f5a|0|1786392323.807|99.980|3.124|508338176|540307456|gen_data_ad33cf2729b42a85|__AUTOMETRIC__
__AUTOMETRIC__|0.1.2|27612|crew_log_7c29c154879f6f5a|0|1786392324.821|98.594|3.081|508379136|540348416|gen_data_ad33cf2729b42a85|__AUTOMETRIC__
__AUTOMETRIC__|0.1.2|27612|crew_log_7c29c154879f6f5a|0|1786392325.831|100.549|3.142|508387328|540356608|gen_data_ad33cf2729b42a85|__AUTOMETRIC__
__AUTOMETRIC__|0.1.2|27612|crew_log_7c29c154879f6f5a|0|1786392326.847|98.486|3.078|508411904|540381184|gen_data_ad33cf2729b42a85|__AUTOMETRIC__
__AUTOMETRIC__|0.1.2|27612|crew_log_7c29c154879f6f5a|0|1786392327.850|98.112|3.066|508424192|540393472|gen_data_ad33cf2729b42a85|__AUTOMETRIC__
__AUTOMETRIC__|0.1.2|27612|crew_log_7c29c154879f6f5a|0|1786392328.859|97.525|3.048|508456960|540426240|gen_data_ad33cf2729b42a85|__AUTOMETRIC__
__AUTOMETRIC__|0.1.2|27612|crew_log_7c29c154879f6f5a|0|1786392329.873|97.081|3.034|508489728|540459008|gen_data_ad33cf2729b42a85|__AUTOMETRIC__
__AUTOMETRIC__|0.1.2|27612|crew_log_7c29c154879f6f5a|0|1786392330.890|102.971|3.218|508485632|540454912|gen_data_ad33cf2729b42a85|__AUTOMETRIC__
__AUTOMETRIC__|0.1.2|27612|crew_log_7c29c154879f6f5a|0|1786392331.896|97.867|3.058|508506112|540475392|gen_data_ad33cf2729b42a85|__AUTOMETRIC__
__AUTOMETRIC__|0.1.2|27612|crew_log_7c29c154879f6f5a|0|1786392332.907|100.431|3.138|508334080|540303360|gen_data_ad33cf2729b42a85|__AUTOMETRIC__
__AUTOMETRIC__|0.1.2|27612|crew_log_7c29c154879f6f5a|0|1786392333.913|97.910|3.060|508375040|540348416|gen_data_ad33cf2729b42a85|__AUTOMETRIC__
__AUTOMETRIC__|0.1.2|27612|crew_log_7c29c154879f6f5a|0|1786392334.927|98.627|3.082|508383232|540356608|gen_data_ad33cf2729b42a85|__AUTOMETRIC__
__AUTOMETRIC__|0.1.2|27612|crew_log_7c29c154879f6f5a|0|1786392335.934|99.248|3.102|508387328|540360704|gen_data_ad33cf2729b42a85|__AUTOMETRIC__
__AUTOMETRIC__|0.1.2|27612|crew_log_7c29c154879f6f5a|0|1786392336.943|99.134|3.098|508416000|540389376|gen_data_ad33cf2729b42a85|__AUTOMETRIC__
__AUTOMETRIC__|0.1.2|27612|crew_log_7c29c154879f6f5a|0|1786392337.952|99.107|3.097|508411904|540385280|gen_data_ad33cf2729b42a85|__AUTOMETRIC__
__AUTOMETRIC__|0.1.2|27612|crew_log_7c29c154879f6f5a|0|1786392338.961|102.141|3.192|508395520|540364800|gen_data_ad33cf2729b42a85|__AUTOMETRIC__
__AUTOMETRIC__|0.1.2|27612|crew_log_7c29c154879f6f5a|0|1786392339.964|98.226|3.070|508395520|540364800|gen_data_ad33cf2729b42a85|__AUTOMETRIC__
__AUTOMETRIC__|0.1.2|27612|crew_log_7c29c154879f6f5a|0|1786392340.979|100.036|3.126|508399616|540368896|gen_data_ad33cf2729b42a85|__AUTOMETRIC__
__AUTOMETRIC__|0.1.2|27612|crew_log_7c29c154879f6f5a|0|1786392341.979|99.962|3.124|508407808|540377088|gen_data_ad33cf2729b42a85|__AUTOMETRIC__
__AUTOMETRIC__|0.1.2|27612|crew_log_7c29c154879f6f5a|0|1786392342.985|100.933|3.154|508391424|540360704|gen_data_ad33cf2729b42a85|__AUTOMETRIC__
__AUTOMETRIC__|0.1.2|27612|crew_log_7c29c154879f6f5a|0|1786392343.988|98.199|3.069|508416000|540385280|gen_data_ad33cf2729b42a85|__AUTOMETRIC__
__AUTOMETRIC__|0.1.2|27612|crew_log_7c29c154879f6f5a|0|1786392344.997|99.136|3.098|508268544|540237824|gen_data_ad33cf2729b42a85|__AUTOMETRIC__
__AUTOMETRIC__|0.1.2|27612|crew_log_7c29c154879f6f5a|0|1786392346.008|97.376|3.043|508313600|540291072|gen_data_ad33cf2729b42a85|__AUTOMETRIC__
__AUTOMETRIC__|0.1.2|27612|crew_log_7c29c154879f6f5a|0|1786392347.017|99.021|3.094|508317696|540295168|gen_data_ad33cf2729b42a85|__AUTOMETRIC__
__AUTOMETRIC__|0.1.2|27612|crew_log_7c29c154879f6f5a|0|1786392348.022|97.950|3.061|508305408|540282880|gen_data_ad33cf2729b42a85|__AUTOMETRIC__
__AUTOMETRIC__|0.1.2|27612|crew_log_7c29c154879f6f5a|0|1786392349.030|99.255|3.102|508329984|540307456|gen_data_ad33cf2729b42a85|__AUTOMETRIC__
__AUTOMETRIC__|0.1.2|27612|crew_log_7c29c154879f6f5a|0|1786392350.042|101.862|3.183|508329984|540307456|gen_data_ad33cf2729b42a85|__AUTOMETRIC__
__AUTOMETRIC__|0.1.2|27612|crew_log_7c29c154879f6f5a|0|1786392351.053|100.453|3.139|508313600|540291072|gen_data_ad33cf2729b42a85|__AUTOMETRIC__
__AUTOMETRIC__|0.1.2|27612|crew_log_7c29c154879f6f5a|0|1786392352.058|99.566|3.111|508317696|540295168|gen_data_ad33cf2729b42a85|__AUTOMETRIC__
__AUTOMETRIC__|0.1.2|27612|crew_log_7c29c154879f6f5a|0|1786392353.069|100.380|3.137|508321792|540299264|gen_data_ad33cf2729b42a85|__AUTOMETRIC__
__AUTOMETRIC__|0.1.2|27612|crew_log_7c29c154879f6f5a|0|1786392354.080|100.526|3.141|508321792|540299264|gen_data_ad33cf2729b42a85|__AUTOMETRIC__
__AUTOMETRIC__|0.1.2|27612|crew_log_7c29c154879f6f5a|0|1786392355.087|97.761|3.055|508321792|540299264|gen_data_ad33cf2729b42a85|__AUTOMETRIC__
__AUTOMETRIC__|0.1.2|27612|crew_log_7c29c154879f6f5a|0|1786392356.096|100.660|3.146|508329984|540307456|gen_data_ad33cf2729b42a85|__AUTOMETRIC__
__AUTOMETRIC__|0.1.2|27612|crew_log_7c29c154879f6f5a|0|1786392357.109|97.163|3.036|508157952|540135424|gen_data_ad33cf2729b42a85|__AUTOMETRIC__
__AUTOMETRIC__|0.1.2|27612|crew_log_7c29c154879f6f5a|0|1786392358.114|101.076|3.159|508186624|540160000|gen_data_ad33cf2729b42a85|__AUTOMETRIC__
__AUTOMETRIC__|0.1.2|27612|crew_log_7c29c154879f6f5a|0|1786392359.125|100.446|3.139|508198912|540172288|gen_data_ad33cf2729b42a85|__AUTOMETRIC__
__AUTOMETRIC__|0.1.2|27612|crew_log_7c29c154879f6f5a|0|1786392360.139|98.604|3.081|508186624|540160000|gen_data_ad33cf2729b42a85|__AUTOMETRIC__
__AUTOMETRIC__|0.1.2|27612|crew_log_7c29c154879f6f5a|0|1786392361.154|98.473|3.077|508203008|540176384|gen_data_ad33cf2729b42a85|__AUTOMETRIC__
__AUTOMETRIC__|0.1.2|27612|crew_log_7c29c154879f6f5a|0|1786392362.158|102.733|3.210|508211200|540184576|gen_data_ad33cf2729b42a85|__AUTOMETRIC__
__AUTOMETRIC__|0.1.2|27612|crew_log_7c29c154879f6f5a|0|1786392363.165|99.302|3.103|508203008|540176384|gen_data_ad33cf2729b42a85|__AUTOMETRIC__
__AUTOMETRIC__|0.1.2|27612|crew_log_7c29c154879f6f5a|0|1786392364.165|100.002|3.125|508203008|540176384|gen_data_ad33cf2729b42a85|__AUTOMETRIC__
__AUTOMETRIC__|0.1.2|27612|crew_log_7c29c154879f6f5a|0|1786392365.170|99.562|3.111|508198912|540172288|gen_data_ad33cf2729b42a85|__AUTOMETRIC__
__AUTOMETRIC__|0.1.2|27612|crew_log_7c29c154879f6f5a|0|1786392366.185|100.035|3.126|508207104|540180480|gen_data_ad33cf2729b42a85|__AUTOMETRIC__
__AUTOMETRIC__|0.1.2|27612|crew_log_7c29c154879f6f5a|0|1786392367.187|101.358|3.167|508207104|540180480|gen_data_ad33cf2729b42a85|__AUTOMETRIC__
__AUTOMETRIC__|0.1.2|27612|crew_log_7c29c154879f6f5a|0|1786392368.194|99.293|3.103|508215296|540188672|gen_data_ad33cf2729b42a85|__AUTOMETRIC__
__AUTOMETRIC__|0.1.2|27612|crew_log_7c29c154879f6f5a|0|1786392369.198|99.595|3.112|508039168|540024832|gen_data_ad33cf2729b42a85|__AUTOMETRIC__
__AUTOMETRIC__|0.1.2|27612|crew_log_7c29c154879f6f5a|0|1786392370.201|99.755|3.117|508039168|540024832|gen_data_ad33cf2729b42a85|__AUTOMETRIC__
__AUTOMETRIC__|0.1.2|27612|crew_log_7c29c154879f6f5a|0|1786392371.206|101.019|3.157|508084224|540069888|gen_data_ad33cf2729b42a85|__AUTOMETRIC__
__AUTOMETRIC__|0.1.2|27612|crew_log_7c29c154879f6f5a|0|1786392372.209|99.708|3.116|508092416|540078080|gen_data_ad33cf2729b42a85|__AUTOMETRIC__
__AUTOMETRIC__|0.1.2|27612|crew_log_7c29c154879f6f5a|0|1786392373.215|97.820|3.057|508059648|540045312|gen_data_ad33cf2729b42a85|__AUTOMETRIC__
__AUTOMETRIC__|0.1.2|27612|crew_log_7c29c154879f6f5a|0|1786392374.216|98.398|3.075|508080128|540065792|gen_data_ad33cf2729b42a85|__AUTOMETRIC__
__AUTOMETRIC__|0.1.2|27612|crew_log_7c29c154879f6f5a|0|1786392375.229|100.232|3.132|508125184|540098560|gen_data_ad33cf2729b42a85|__AUTOMETRIC__
__AUTOMETRIC__|0.1.2|27612|crew_log_7c29c154879f6f5a|0|1786392376.236|100.819|3.151|508121088|540094464|gen_data_ad33cf2729b42a85|__AUTOMETRIC__
__AUTOMETRIC__|0.1.2|27612|crew_log_7c29c154879f6f5a|0|1786392377.240|99.652|3.114|508096512|540069888|gen_data_ad33cf2729b42a85|__AUTOMETRIC__
__AUTOMETRIC__|0.1.2|27612|crew_log_7c29c154879f6f5a|0|1786392378.255|100.007|3.125|508100608|540073984|gen_data_ad33cf2729b42a85|__AUTOMETRIC__
__AUTOMETRIC__|0.1.2|27612|crew_log_7c29c154879f6f5a|0|1786392379.264|97.629|3.051|508116992|540090368|gen_data_ad33cf2729b42a85|__AUTOMETRIC__
__AUTOMETRIC__|0.1.2|27612|crew_log_7c29c154879f6f5a|0|1786392380.277|98.642|3.083|508112896|540082176|gen_data_ad33cf2729b42a85|__AUTOMETRIC__
__AUTOMETRIC__|0.1.2|27612|crew_log_7c29c154879f6f5a|0|1786392381.292|100.122|3.129|508018688|539996160|gen_data_ad33cf2729b42a85|__AUTOMETRIC__
__AUTOMETRIC__|0.1.2|27612|crew_log_7c29c154879f6f5a|0|1786392382.301|99.087|3.096|508018688|539996160|gen_data_ad33cf2729b42a85|__AUTOMETRIC__
__AUTOMETRIC__|0.1.2|27612|crew_log_7c29c154879f6f5a|0|1786392383.304|98.175|3.068|508022784|540000256|gen_data_ad33cf2729b42a85|__AUTOMETRIC__
__AUTOMETRIC__|0.1.2|27612|crew_log_7c29c154879f6f5a|0|1786392384.305|99.895|3.122|508026880|540004352|gen_data_ad33cf2729b42a85|__AUTOMETRIC__
__AUTOMETRIC__|0.1.2|27612|crew_log_7c29c154879f6f5a|0|1786392385.308|99.708|3.116|508018688|539996160|gen_data_ad33cf2729b42a85|__AUTOMETRIC__
__AUTOMETRIC__|0.1.2|27612|crew_log_7c29c154879f6f5a|0|1786392386.308|99.904|3.122|508051456|540028928|gen_data_ad33cf2729b42a85|__AUTOMETRIC__
__AUTOMETRIC__|0.1.2|27612|crew_log_7c29c154879f6f5a|0|1786392387.323|98.586|3.081|508014592|539992064|gen_data_ad33cf2729b42a85|__AUTOMETRIC__
__AUTOMETRIC__|0.1.2|27612|crew_log_7c29c154879f6f5a|0|1786392388.327|101.122|3.160|508018688|539996160|gen_data_ad33cf2729b42a85|__AUTOMETRIC__
__AUTOMETRIC__|0.1.2|27612|crew_log_7c29c154879f6f5a|0|1786392389.327|99.974|3.124|508022784|540000256|gen_data_ad33cf2729b42a85|__AUTOMETRIC__
__AUTOMETRIC__|0.1.2|27612|crew_log_7c29c154879f6f5a|0|1786392390.335|99.296|3.103|508022784|540000256|gen_data_ad33cf2729b42a85|__AUTOMETRIC__
__AUTOMETRIC__|0.1.2|27612|crew_log_7c29c154879f6f5a|0|1786392391.347|100.305|3.135|508088320|540065792|gen_data_ad33cf2729b42a85|__AUTOMETRIC__
__AUTOMETRIC__|0.1.2|27612|crew_log_7c29c154879f6f5a|0|1786392392.359|97.268|3.040|508063744|540033024|gen_data_ad33cf2729b42a85|__AUTOMETRIC__
__AUTOMETRIC__|0.1.2|27612|crew_log_7c29c154879f6f5a|0|1786392393.373|98.643|3.083|507899904|539910144|gen_data_ad33cf2729b42a85|__AUTOMETRIC__
__AUTOMETRIC__|0.1.2|27612|crew_log_7c29c154879f6f5a|0|1786392394.376|99.716|3.116|507920384|539930624|gen_data_ad33cf2729b42a85|__AUTOMETRIC__
__AUTOMETRIC__|0.1.2|27612|crew_log_7c29c154879f6f5a|0|1786392395.390|98.574|3.080|507928576|539938816|gen_data_ad33cf2729b42a85|__AUTOMETRIC__
__AUTOMETRIC__|0.1.2|27612|crew_log_7c29c154879f6f5a|0|1786392396.401|97.349|3.042|507994112|540004352|gen_data_ad33cf2729b42a85|__AUTOMETRIC__
__AUTOMETRIC__|0.1.2|27612|crew_log_7c29c154879f6f5a|0|1786392397.404|98.211|3.069|507994112|540004352|gen_data_ad33cf2729b42a85|__AUTOMETRIC__
__AUTOMETRIC__|0.1.2|27612|crew_log_7c29c154879f6f5a|0|1786392398.405|98.314|3.072|507998208|540008448|gen_data_ad33cf2729b42a85|__AUTOMETRIC__
__AUTOMETRIC__|0.1.2|27612|crew_log_7c29c154879f6f5a|0|1786392399.408|101.240|3.164|508018688|540028928|gen_data_ad33cf2729b42a85|__AUTOMETRIC__
__AUTOMETRIC__|0.1.2|27612|crew_log_7c29c154879f6f5a|0|1786392400.419|98.926|3.091|508010496|540020736|gen_data_ad33cf2729b42a85|__AUTOMETRIC__
__AUTOMETRIC__|0.1.2|27612|crew_log_7c29c154879f6f5a|0|1786392401.419|101.523|3.173|508088320|540098560|gen_data_ad33cf2729b42a85|__AUTOMETRIC__
__AUTOMETRIC__|0.1.2|27612|crew_log_7c29c154879f6f5a|0|1786392402.426|99.322|3.104|508063744|540073984|gen_data_ad33cf2729b42a85|__AUTOMETRIC__
__AUTOMETRIC__|0.1.2|27612|crew_log_7c29c154879f6f5a|0|1786392403.430|96.512|3.016|508108800|540119040|gen_data_ad33cf2729b42a85|__AUTOMETRIC__
__AUTOMETRIC__|0.1.2|27612|crew_log_7c29c154879f6f5a|0|1786392404.432|99.817|3.119|507916288|539885568|gen_data_ad33cf2729b42a85|__AUTOMETRIC__
__AUTOMETRIC__|0.1.2|27612|crew_log_7c29c154879f6f5a|0|1786392405.443|100.404|3.138|508014592|539987968|gen_data_ad33cf2729b42a85|__AUTOMETRIC__
__AUTOMETRIC__|0.1.2|27612|crew_log_7c29c154879f6f5a|0|1786392406.458|100.072|3.127|508035072|540008448|gen_data_ad33cf2729b42a85|__AUTOMETRIC__
__AUTOMETRIC__|0.1.2|27612|crew_log_7c29c154879f6f5a|0|1786392407.462|99.577|3.112|508022784|539996160|gen_data_ad33cf2729b42a85|__AUTOMETRIC__
__AUTOMETRIC__|0.1.2|27612|crew_log_7c29c154879f6f5a|0|1786392408.477|100.128|3.129|508043264|540016640|gen_data_ad33cf2729b42a85|__AUTOMETRIC__
__AUTOMETRIC__|0.1.2|27612|crew_log_7c29c154879f6f5a|0|1786392409.480|99.638|3.114|508071936|540045312|gen_data_ad33cf2729b42a85|__AUTOMETRIC__
__AUTOMETRIC__|0.1.2|27612|crew_log_7c29c154879f6f5a|0|1786392410.496|99.967|3.124|508092416|540061696|gen_data_ad33cf2729b42a85|__AUTOMETRIC__
__AUTOMETRIC__|0.1.2|27612|crew_log_7c29c154879f6f5a|0|1786392411.511|100.144|3.130|508092416|540061696|gen_data_ad33cf2729b42a85|__AUTOMETRIC__
__AUTOMETRIC__|0.1.2|27612|crew_log_7c29c154879f6f5a|0|1786392412.517|100.954|3.155|508088320|540057600|gen_data_ad33cf2729b42a85|__AUTOMETRIC__
__AUTOMETRIC__|0.1.2|27612|crew_log_7c29c154879f6f5a|0|1786392413.521|94.883|2.965|508096512|540065792|gen_data_ad33cf2729b42a85|__AUTOMETRIC__
__AUTOMETRIC__|0.1.2|27612|crew_log_7c29c154879f6f5a|0|1786392414.522|99.926|3.123|508112896|540082176|gen_data_ad33cf2729b42a85|__AUTOMETRIC__
__AUTOMETRIC__|0.1.2|27612|crew_log_7c29c154879f6f5a|0|1786392415.527|99.505|3.110|508137472|540106752|gen_data_ad33cf2729b42a85|__AUTOMETRIC__
__AUTOMETRIC__|0.1.2|27612|crew_log_7c29c154879f6f5a|0|1786392416.529|98.234|3.070|507924480|539906048|gen_data_ad33cf2729b42a85|__AUTOMETRIC__
__AUTOMETRIC__|0.1.2|27612|crew_log_7c29c154879f6f5a|0|1786392417.544|100.098|3.128|507944960|539926528|gen_data_ad33cf2729b42a85|__AUTOMETRIC__
__AUTOMETRIC__|0.1.2|27612|crew_log_7c29c154879f6f5a|0|1786392418.551|100.855|3.152|507977728|539959296|gen_data_ad33cf2729b42a85|__AUTOMETRIC__
__AUTOMETRIC__|0.1.2|27612|crew_log_7c29c154879f6f5a|0|1786392419.554|98.084|3.065|507981824|539963392|gen_data_ad33cf2729b42a85|__AUTOMETRIC__
__AUTOMETRIC__|0.1.2|27612|crew_log_7c29c154879f6f5a|0|1786392420.568|97.069|3.033|507973632|539955200|gen_data_ad33cf2729b42a85|__AUTOMETRIC__
__AUTOMETRIC__|0.1.2|27612|crew_log_7c29c154879f6f5a|0|1786392421.581|100.239|3.132|508014592|539996160|gen_data_ad33cf2729b42a85|__AUTOMETRIC__
__AUTOMETRIC__|0.1.2|27612|crew_log_7c29c154879f6f5a|0|1786392422.584|96.610|3.019|507998208|539979776|gen_data_ad33cf2729b42a85|__AUTOMETRIC__
__AUTOMETRIC__|0.1.2|27612|crew_log_7c29c154879f6f5a|0|1786392423.586|98.235|3.070|508035072|540016640|gen_data_ad33cf2729b42a85|__AUTOMETRIC__
__AUTOMETRIC__|0.1.2|27612|crew_log_7c29c154879f6f5a|0|1786392424.593|99.329|3.104|508096512|540078080|gen_data_ad33cf2729b42a85|__AUTOMETRIC__
__AUTOMETRIC__|0.1.2|27612|crew_log_7c29c154879f6f5a|0|1786392425.608|97.014|3.032|508059648|540041216|gen_data_ad33cf2729b42a85|__AUTOMETRIC__
__AUTOMETRIC__|0.1.2|27612|crew_log_7c29c154879f6f5a|0|1786392426.619|102.014|3.188|508141568|540123136|gen_data_ad33cf2729b42a85|__AUTOMETRIC__
__AUTOMETRIC__|0.1.2|27612|crew_log_7c29c154879f6f5a|0|1786392427.620|99.882|3.121|507928576|539901952|gen_data_ad33cf2729b42a85|__AUTOMETRIC__
__AUTOMETRIC__|0.1.2|27612|crew_log_7c29c154879f6f5a|0|1786392428.628|100.751|3.148|508043264|540020736|gen_data_ad33cf2729b42a85|__AUTOMETRIC__
__AUTOMETRIC__|0.1.2|27612|crew_log_7c29c154879f6f5a|0|1786392429.629|99.834|3.120|508067840|540045312|gen_data_ad33cf2729b42a85|__AUTOMETRIC__
__AUTOMETRIC__|0.1.2|27612|crew_log_7c29c154879f6f5a|0|1786392430.633|98.115|3.066|508071936|540049408|gen_data_ad33cf2729b42a85|__AUTOMETRIC__
__AUTOMETRIC__|0.1.2|27612|crew_log_7c29c154879f6f5a|0|1786392431.648|100.045|3.126|508063744|540041216|gen_data_ad33cf2729b42a85|__AUTOMETRIC__
__AUTOMETRIC__|0.1.2|27612|crew_log_7c29c154879f6f5a|0|1786392432.664|99.951|3.123|508063744|540041216|gen_data_ad33cf2729b42a85|__AUTOMETRIC__
__AUTOMETRIC__|0.1.2|27612|crew_log_7c29c154879f6f5a|0|1786392433.678|97.082|3.034|508063744|540041216|gen_data_ad33cf2729b42a85|__AUTOMETRIC__
__AUTOMETRIC__|0.1.2|27612|crew_log_7c29c154879f6f5a|0|1786392434.681|98.139|3.067|508063744|540041216|gen_data_ad33cf2729b42a85|__AUTOMETRIC__
__AUTOMETRIC__|0.1.2|27612|crew_log_7c29c154879f6f5a|0|1786392435.691|98.981|3.093|508088320|540065792|gen_data_ad33cf2729b42a85|__AUTOMETRIC__
__AUTOMETRIC__|0.1.2|27612|crew_log_7c29c154879f6f5a|0|1786392436.706|97.044|3.033|508071936|540049408|gen_data_ad33cf2729b42a85|__AUTOMETRIC__
__AUTOMETRIC__|0.1.2|27612|crew_log_7c29c154879f6f5a|0|1786392437.708|99.772|3.118|508030976|540008448|gen_data_ad33cf2729b42a85|__AUTOMETRIC__
__AUTOMETRIC__|0.1.2|27612|crew_log_7c29c154879f6f5a|0|1786392438.709|98.379|3.074|508096512|540073984|gen_data_ad33cf2729b42a85|__AUTOMETRIC__
__AUTOMETRIC__|0.1.2|27612|crew_log_7c29c154879f6f5a|0|1786392439.719|100.470|3.140|507924480|539893760|gen_data_ad33cf2729b42a85|__AUTOMETRIC__
__AUTOMETRIC__|0.1.2|27612|crew_log_7c29c154879f6f5a|0|1786392440.721|99.796|3.119|507994112|539963392|gen_data_ad33cf2729b42a85|__AUTOMETRIC__
__AUTOMETRIC__|0.1.2|27612|crew_log_7c29c154879f6f5a|0|1786392441.737|98.433|3.076|508002304|539971584|gen_data_ad33cf2729b42a85|__AUTOMETRIC__
__AUTOMETRIC__|0.1.2|27612|crew_log_7c29c154879f6f5a|0|1786392442.752|100.082|3.128|507998208|539967488|gen_data_ad33cf2729b42a85|__AUTOMETRIC__
__AUTOMETRIC__|0.1.2|27612|crew_log_7c29c154879f6f5a|0|1786392443.765|97.165|3.036|508002304|539971584|gen_data_ad33cf2729b42a85|__AUTOMETRIC__
__AUTOMETRIC__|0.1.2|27612|crew_log_7c29c154879f6f5a|0|1786392444.766|99.911|3.122|507998208|539967488|gen_data_ad33cf2729b42a85|__AUTOMETRIC__
__AUTOMETRIC__|0.1.2|27612|crew_log_7c29c154879f6f5a|0|1786392445.770|99.632|3.114|507846656|540061696|gen_data_ad33cf2729b42a85|__AUTOMETRIC__
__AUTOMETRIC__|0.1.2|27612|crew_log_7c29c154879f6f5a|0|1786392446.771|99.842|3.120|507990016|539963392|gen_data_ad33cf2729b42a85|__AUTOMETRIC__
__AUTOMETRIC__|0.1.2|27612|crew_log_7c29c154879f6f5a|0|1786392447.773|98.253|3.070|508006400|539979776|gen_data_ad33cf2729b42a85|__AUTOMETRIC__
__AUTOMETRIC__|0.1.2|27612|crew_log_7c29c154879f6f5a|0|1786392448.788|100.074|3.127|508018688|539992064|gen_data_ad33cf2729b42a85|__AUTOMETRIC__
__AUTOMETRIC__|0.1.2|27612|crew_log_7c29c154879f6f5a|0|1786392449.790|99.846|3.120|507977728|539951104|gen_data_ad33cf2729b42a85|__AUTOMETRIC__
__AUTOMETRIC__|0.1.2|27612|crew_log_7c29c154879f6f5a|0|1786392450.803|100.262|3.133|508022784|539996160|gen_data_ad33cf2729b42a85|__AUTOMETRIC__
__AUTOMETRIC__|0.1.2|27612|crew_log_7c29c154879f6f5a|0|1786392451.805|96.628|3.020|507961344|539930624|gen_data_ad33cf2729b42a85|__AUTOMETRIC__
__AUTOMETRIC__|0.1.2|27612|crew_log_7c29c154879f6f5a|0|1786392452.806|99.908|3.122|507985920|539955200|gen_data_ad33cf2729b42a85|__AUTOMETRIC__
__AUTOMETRIC__|0.1.2|27612|crew_log_7c29c154879f6f5a|0|1786392453.816|100.581|3.143|507965440|539934720|gen_data_ad33cf2729b42a85|__AUTOMETRIC__
__AUTOMETRIC__|0.1.2|27612|crew_log_7c29c154879f6f5a|0|1786392454.827|98.951|3.092|507973632|539942912|gen_data_ad33cf2729b42a85|__AUTOMETRIC__
__AUTOMETRIC__|0.1.2|27612|crew_log_7c29c154879f6f5a|0|1786392455.830|95.031|2.970|507990016|539959296|gen_data_ad33cf2729b42a85|__AUTOMETRIC__
__AUTOMETRIC__|0.1.2|27612|crew_log_7c29c154879f6f5a|0|1786392456.844|100.095|3.128|507969536|539938816|gen_data_ad33cf2729b42a85|__AUTOMETRIC__
__AUTOMETRIC__|0.1.2|27612|crew_log_7c29c154879f6f5a|0|1786392457.854|97.460|3.046|507961344|539930624|gen_data_ad33cf2729b42a85|__AUTOMETRIC__
__AUTOMETRIC__|0.1.2|27612|crew_log_7c29c154879f6f5a|0|1786392458.862|102.344|3.198|508039168|540008448|gen_data_ad33cf2729b42a85|__AUTOMETRIC__
__AUTOMETRIC__|0.1.2|27612|crew_log_7c29c154879f6f5a|0|1786392459.864|98.250|3.070|508035072|540004352|gen_data_ad33cf2729b42a85|__AUTOMETRIC__
__AUTOMETRIC__|0.1.2|27612|crew_log_7c29c154879f6f5a|0|1786392460.871|97.774|3.055|508047360|540016640|gen_data_ad33cf2729b42a85|__AUTOMETRIC__
__AUTOMETRIC__|0.1.2|27612|crew_log_7c29c154879f6f5a|0|1786392461.875|101.065|3.158|507998208|539967488|gen_data_ad33cf2729b42a85|__AUTOMETRIC__
__AUTOMETRIC__|0.1.2|27612|crew_log_7c29c154879f6f5a|0|1786392462.887|98.878|3.090|507994112|539963392|gen_data_ad33cf2729b42a85|__AUTOMETRIC__
__AUTOMETRIC__|0.1.2|27612|crew_log_7c29c154879f6f5a|0|1786392463.894|100.835|3.151|508006400|539975680|gen_data_ad33cf2729b42a85|__AUTOMETRIC__
__AUTOMETRIC__|0.1.2|27612|crew_log_7c29c154879f6f5a|0|1786392464.902|99.238|3.101|508047360|540016640|gen_data_ad33cf2729b42a85|__AUTOMETRIC__
__AUTOMETRIC__|0.1.2|27612|crew_log_7c29c154879f6f5a|0|1786392465.912|97.442|3.045|508067840|540037120|gen_data_ad33cf2729b42a85|__AUTOMETRIC__
__AUTOMETRIC__|0.1.2|27612|crew_log_7c29c154879f6f5a|0|1786392466.924|98.828|3.088|508018688|539987968|gen_data_ad33cf2729b42a85|__AUTOMETRIC__
__AUTOMETRIC__|0.1.2|27612|crew_log_7c29c154879f6f5a|0|1786392467.933|99.039|3.095|508125184|540094464|gen_data_ad33cf2729b42a85|__AUTOMETRIC__
__AUTOMETRIC__|0.1.2|27612|crew_log_7c29c154879f6f5a|0|1786392468.944|100.490|3.140|508137472|540106752|gen_data_ad33cf2729b42a85|__AUTOMETRIC__
__AUTOMETRIC__|0.1.2|27612|crew_log_7c29c154879f6f5a|0|1786392469.958|100.175|3.130|508137472|540106752|gen_data_ad33cf2729b42a85|__AUTOMETRIC__
__AUTOMETRIC__|0.1.2|27612|crew_log_7c29c154879f6f5a|0|1786392470.967|97.563|3.049|508149760|540119040|gen_data_ad33cf2729b42a85|__AUTOMETRIC__
__AUTOMETRIC__|0.1.2|27612|crew_log_7c29c154879f6f5a|0|1786392471.978|98.895|3.090|508112896|540082176|gen_data_ad33cf2729b42a85|__AUTOMETRIC__
__AUTOMETRIC__|0.1.2|27612|crew_log_7c29c154879f6f5a|0|1786392472.991|100.306|3.135|508153856|540123136|gen_data_ad33cf2729b42a85|__AUTOMETRIC__
__AUTOMETRIC__|0.1.2|27612|crew_log_7c29c154879f6f5a|0|1786392474.003|101.856|3.183|507899904|539869184|gen_data_ad33cf2729b42a85|__AUTOMETRIC__
__AUTOMETRIC__|0.1.2|27612|crew_log_7c29c154879f6f5a|0|1786392475.011|97.682|3.053|507969536|539938816|gen_data_ad33cf2729b42a85|__AUTOMETRIC__
__AUTOMETRIC__|0.1.2|27612|crew_log_7c29c154879f6f5a|0|1786392476.014|98.158|3.067|507973632|539942912|gen_data_ad33cf2729b42a85|__AUTOMETRIC__
__AUTOMETRIC__|0.1.2|27612|crew_log_7c29c154879f6f5a|0|1786392477.024|100.534|3.142|507924480|539893760|gen_data_ad33cf2729b42a85|__AUTOMETRIC__
__AUTOMETRIC__|0.1.2|27612|crew_log_7c29c154879f6f5a|0|1786392478.027|99.672|3.115|507977728|539947008|gen_data_ad33cf2729b42a85|__AUTOMETRIC__
__AUTOMETRIC__|0.1.2|27612|crew_log_7c29c154879f6f5a|0|1786392479.042|100.096|3.128|507990016|539959296|gen_data_ad33cf2729b42a85|__AUTOMETRIC__
__AUTOMETRIC__|0.1.2|27612|crew_log_7c29c154879f6f5a|0|1786392480.054|97.274|3.040|507965440|539959296|gen_data_ad33cf2729b42a85|__AUTOMETRIC__
__AUTOMETRIC__|0.1.2|27612|crew_log_7c29c154879f6f5a|0|1786392481.067|98.739|3.086|516952064|549482496|gen_data_cdf89ef6c3d30aaf|__AUTOMETRIC__
__AUTOMETRIC__|0.1.2|27612|crew_log_7c29c154879f6f5a|0|1786392482.081|100.144|3.129|510058496|542056448|gen_data_cdf89ef6c3d30aaf|__AUTOMETRIC__
__AUTOMETRIC__|0.1.2|27612|crew_log_7c29c154879f6f5a|0|1786392483.093|98.819|3.088|509956096|541954048|gen_data_cdf89ef6c3d30aaf|__AUTOMETRIC__
__AUTOMETRIC__|0.1.2|27612|crew_log_7c29c154879f6f5a|0|1786392484.094|99.868|3.121|509992960|541990912|gen_data_cdf89ef6c3d30aaf|__AUTOMETRIC__
__AUTOMETRIC__|0.1.2|27612|crew_log_7c29c154879f6f5a|0|1786392485.109|100.028|3.126|510083072|542081024|gen_data_cdf89ef6c3d30aaf|__AUTOMETRIC__
__AUTOMETRIC__|0.1.2|27612|crew_log_7c29c154879f6f5a|0|1786392486.122|92.549|2.892|509829120|541802496|gen_data_cdf89ef6c3d30aaf|__AUTOMETRIC__
__AUTOMETRIC__|0.1.2|27612|crew_log_7c29c154879f6f5a|0|1786392487.129|100.871|3.152|509984768|541958144|gen_data_cdf89ef6c3d30aaf|__AUTOMETRIC__
__AUTOMETRIC__|0.1.2|27612|crew_log_7c29c154879f6f5a|0|1786392488.136|96.199|3.006|509865984|541839360|gen_data_cdf89ef6c3d30aaf|__AUTOMETRIC__
__AUTOMETRIC__|0.1.2|27612|crew_log_7c29c154879f6f5a|0|1786392489.148|98.862|3.089|509968384|541941760|gen_data_cdf89ef6c3d30aaf|__AUTOMETRIC__
__AUTOMETRIC__|0.1.2|27612|crew_log_7c29c154879f6f5a|0|1786392490.152|99.553|3.111|510029824|542003200|gen_data_cdf89ef6c3d30aaf|__AUTOMETRIC__
__AUTOMETRIC__|0.1.2|27612|crew_log_7c29c154879f6f5a|0|1786392491.158|99.472|3.108|509931520|541904896|gen_data_cdf89ef6c3d30aaf|__AUTOMETRIC__
__AUTOMETRIC__|0.1.2|27612|crew_log_7c29c154879f6f5a|0|1786392492.160|99.771|3.118|510042112|542015488|gen_data_cdf89ef6c3d30aaf|__AUTOMETRIC__
__AUTOMETRIC__|0.1.2|27612|crew_log_7c29c154879f6f5a|0|1786392493.167|97.781|3.056|509997056|541970432|gen_data_cdf89ef6c3d30aaf|__AUTOMETRIC__
__AUTOMETRIC__|0.1.2|27612|crew_log_7c29c154879f6f5a|0|1786392494.178|100.394|3.137|510021632|541995008|gen_data_cdf89ef6c3d30aaf|__AUTOMETRIC__
__AUTOMETRIC__|0.1.2|27612|crew_log_7c29c154879f6f5a|0|1786392495.192|98.605|3.081|510136320|542109696|gen_data_cdf89ef6c3d30aaf|__AUTOMETRIC__
__AUTOMETRIC__|0.1.2|27612|crew_log_7c29c154879f6f5a|0|1786392496.202|99.057|3.096|510025728|541999104|gen_data_cdf89ef6c3d30aaf|__AUTOMETRIC__
__AUTOMETRIC__|0.1.2|27612|crew_log_7c29c154879f6f5a|0|1786392497.210|99.197|3.100|510193664|542167040|gen_data_cdf89ef6c3d30aaf|__AUTOMETRIC__
__AUTOMETRIC__|0.1.2|27612|crew_log_7c29c154879f6f5a|0|1786392498.216|99.387|3.106|510046208|542019584|gen_data_cdf89ef6c3d30aaf|__AUTOMETRIC__
__AUTOMETRIC__|0.1.2|27612|crew_log_7c29c154879f6f5a|0|1786392499.231|98.490|3.078|510091264|542064640|gen_data_cdf89ef6c3d30aaf|__AUTOMETRIC__
__AUTOMETRIC__|0.1.2|27612|crew_log_7c29c154879f6f5a|0|1786392500.235|101.172|3.162|510095360|542068736|gen_data_cdf89ef6c3d30aaf|__AUTOMETRIC__
__AUTOMETRIC__|0.1.2|27612|crew_log_7c29c154879f6f5a|0|1786392501.246|98.917|3.091|510095360|542068736|gen_data_cdf89ef6c3d30aaf|__AUTOMETRIC__
__AUTOMETRIC__|0.1.2|27612|crew_log_7c29c154879f6f5a|0|1786392502.252|100.988|3.156|510140416|542113792|gen_data_cdf89ef6c3d30aaf|__AUTOMETRIC__
__AUTOMETRIC__|0.1.2|27612|crew_log_7c29c154879f6f5a|0|1786392503.264|97.308|3.041|510107648|542081024|gen_data_cdf89ef6c3d30aaf|__AUTOMETRIC__
__AUTOMETRIC__|0.1.2|27612|crew_log_7c29c154879f6f5a|0|1786392504.266|101.276|3.165|510132224|542105600|gen_data_cdf89ef6c3d30aaf|__AUTOMETRIC__
__AUTOMETRIC__|0.1.2|27612|crew_log_7c29c154879f6f5a|0|1786392505.271|98.034|3.064|510148608|542121984|gen_data_cdf89ef6c3d30aaf|__AUTOMETRIC__
__AUTOMETRIC__|0.1.2|27612|crew_log_7c29c154879f6f5a|0|1786392506.285|98.586|3.081|510062592|542035968|gen_data_cdf89ef6c3d30aaf|__AUTOMETRIC__
__AUTOMETRIC__|0.1.2|27612|crew_log_7c29c154879f6f5a|0|1786392507.298|100.278|3.134|510148608|542121984|gen_data_cdf89ef6c3d30aaf|__AUTOMETRIC__
__AUTOMETRIC__|0.1.2|27612|crew_log_7c29c154879f6f5a|0|1786392508.310|98.739|3.086|510103552|542076928|gen_data_cdf89ef6c3d30aaf|__AUTOMETRIC__
__AUTOMETRIC__|0.1.2|27612|crew_log_7c29c154879f6f5a|0|1786392509.323|98.781|3.087|510033920|542007296|gen_data_cdf89ef6c3d30aaf|__AUTOMETRIC__
__AUTOMETRIC__|0.1.2|27612|crew_log_7c29c154879f6f5a|0|1786392510.325|98.215|3.069|509992960|541966336|gen_data_cdf89ef6c3d30aaf|__AUTOMETRIC__
__AUTOMETRIC__|0.1.2|27612|crew_log_7c29c154879f6f5a|0|1786392511.326|98.322|3.073|509984768|541958144|gen_data_cdf89ef6c3d30aaf|__AUTOMETRIC__
__AUTOMETRIC__|0.1.2|27612|crew_log_7c29c154879f6f5a|0|1786392512.327|99.900|3.122|510042112|542015488|gen_data_cdf89ef6c3d30aaf|__AUTOMETRIC__
__AUTOMETRIC__|0.1.2|27612|crew_log_7c29c154879f6f5a|0|1786392513.330|98.123|3.066|510029824|542003200|gen_data_cdf89ef6c3d30aaf|__AUTOMETRIC__
__AUTOMETRIC__|0.1.2|27612|crew_log_7c29c154879f6f5a|0|1786392514.335|98.027|3.063|511844352|543825920|gen_data_cdf89ef6c3d30aaf|__AUTOMETRIC__
__AUTOMETRIC__|0.1.2|27612|crew_log_7c29c154879f6f5a|0|1786392515.341|99.364|3.105|511856640|543838208|gen_data_cdf89ef6c3d30aaf|__AUTOMETRIC__
__AUTOMETRIC__|0.1.2|27612|crew_log_7c29c154879f6f5a|0|1786392516.352|100.451|3.139|511950848|543932416|gen_data_cdf89ef6c3d30aaf|__AUTOMETRIC__
__AUTOMETRIC__|0.1.2|27612|crew_log_7c29c154879f6f5a|0|1786392517.362|99.061|3.096|511930368|543911936|gen_data_cdf89ef6c3d30aaf|__AUTOMETRIC__
__AUTOMETRIC__|0.1.2|27612|crew_log_7c29c154879f6f5a|0|1786392518.362|98.416|3.075|511946752|543928320|gen_data_cdf89ef6c3d30aaf|__AUTOMETRIC__
__AUTOMETRIC__|0.1.2|27612|crew_log_7c29c154879f6f5a|0|1786392519.366|99.571|3.112|512040960|544022528|gen_data_cdf89ef6c3d30aaf|__AUTOMETRIC__
__AUTOMETRIC__|0.1.2|27612|crew_log_7c29c154879f6f5a|0|1786392520.377|98.920|3.091|511971328|543952896|gen_data_cdf89ef6c3d30aaf|__AUTOMETRIC__
__AUTOMETRIC__|0.1.2|27612|crew_log_7c29c154879f6f5a|0|1786392521.388|98.885|3.090|511111168|543092736|gen_data_cdf89ef6c3d30aaf|__AUTOMETRIC__
__AUTOMETRIC__|0.1.2|27612|crew_log_7c29c154879f6f5a|0|1786392522.391|101.260|3.164|511078400|543059968|gen_data_cdf89ef6c3d30aaf|__AUTOMETRIC__
__AUTOMETRIC__|0.1.2|27612|crew_log_7c29c154879f6f5a|0|1786392523.399|99.253|3.102|511127552|543109120|gen_data_cdf89ef6c3d30aaf|__AUTOMETRIC__
__AUTOMETRIC__|0.1.2|27612|crew_log_7c29c154879f6f5a|0|1786392524.406|100.849|3.152|511164416|543145984|gen_data_cdf89ef6c3d30aaf|__AUTOMETRIC__
__AUTOMETRIC__|0.1.2|27612|crew_log_7c29c154879f6f5a|0|1786392525.420|100.119|3.129|511176704|543158272|gen_data_cdf89ef6c3d30aaf|__AUTOMETRIC__
__AUTOMETRIC__|0.1.2|27612|crew_log_7c29c154879f6f5a|0|1786392526.436|100.027|3.126|511344640|543326208|gen_data_cdf89ef6c3d30aaf|__AUTOMETRIC__
__AUTOMETRIC__|0.1.2|27612|crew_log_7c29c154879f6f5a|0|1786392527.441|97.947|3.061|511148032|543129600|gen_data_cdf89ef6c3d30aaf|__AUTOMETRIC__
__AUTOMETRIC__|0.1.2|27612|crew_log_7c29c154879f6f5a|0|1786392528.446|99.487|3.109|511205376|543186944|gen_data_cdf89ef6c3d30aaf|__AUTOMETRIC__
__AUTOMETRIC__|0.1.2|27612|crew_log_7c29c154879f6f5a|0|1786392529.451|96.335|3.010|511160320|543141888|gen_data_cdf89ef6c3d30aaf|__AUTOMETRIC__
__AUTOMETRIC__|0.1.2|27612|crew_log_7c29c154879f6f5a|0|1786392530.465|98.621|3.082|511209472|543191040|gen_data_cdf89ef6c3d30aaf|__AUTOMETRIC__
__AUTOMETRIC__|0.1.2|27612|crew_log_7c29c154879f6f5a|0|1786392531.481|100.017|3.126|511225856|543207424|gen_data_cdf89ef6c3d30aaf|__AUTOMETRIC__
__AUTOMETRIC__|0.1.2|27612|crew_log_7c29c154879f6f5a|0|1786392532.493|100.354|3.136|511205376|543186944|gen_data_cdf89ef6c3d30aaf|__AUTOMETRIC__
__AUTOMETRIC__|0.1.2|27612|crew_log_7c29c154879f6f5a|0|1786392533.498|97.921|3.060|511033344|543240192|gen_data_cdf89ef6c3d30aaf|__AUTOMETRIC__
__AUTOMETRIC__|0.1.2|27612|crew_log_7c29c154879f6f5a|0|1786392534.502|98.090|3.065|510980096|542957568|gen_data_cdf89ef6c3d30aaf|__AUTOMETRIC__
__AUTOMETRIC__|0.1.2|27612|crew_log_7c29c154879f6f5a|0|1786392535.507|99.457|3.108|511045632|543023104|gen_data_cdf89ef6c3d30aaf|__AUTOMETRIC__
__AUTOMETRIC__|0.1.2|27612|crew_log_7c29c154879f6f5a|0|1786392536.522|100.099|3.128|511115264|543092736|gen_data_cdf89ef6c3d30aaf|__AUTOMETRIC__
__AUTOMETRIC__|0.1.2|27612|crew_log_7c29c154879f6f5a|0|1786392537.537|100.029|3.126|511090688|543068160|gen_data_cdf89ef6c3d30aaf|__AUTOMETRIC__
__AUTOMETRIC__|0.1.2|27612|crew_log_7c29c154879f6f5a|0|1786392538.551|98.581|3.081|511164416|543141888|gen_data_cdf89ef6c3d30aaf|__AUTOMETRIC__
__AUTOMETRIC__|0.1.2|27612|crew_log_7c29c154879f6f5a|0|1786392539.556|98.026|3.063|511119360|543096832|gen_data_cdf89ef6c3d30aaf|__AUTOMETRIC__
__AUTOMETRIC__|0.1.2|27612|crew_log_7c29c154879f6f5a|0|1786392540.563|99.294|3.103|511148032|543125504|gen_data_cdf89ef6c3d30aaf|__AUTOMETRIC__
__AUTOMETRIC__|0.1.2|27612|crew_log_7c29c154879f6f5a|0|1786392541.565|99.786|3.118|511135744|543113216|gen_data_cdf89ef6c3d30aaf|__AUTOMETRIC__
__AUTOMETRIC__|0.1.2|27612|crew_log_7c29c154879f6f5a|0|1786392542.581|98.374|3.074|511115264|543092736|gen_data_cdf89ef6c3d30aaf|__AUTOMETRIC__
__AUTOMETRIC__|0.1.2|27612|crew_log_7c29c154879f6f5a|0|1786392543.583|99.858|3.121|511213568|543191040|gen_data_cdf89ef6c3d30aaf|__AUTOMETRIC__
__AUTOMETRIC__|0.1.2|27612|crew_log_7c29c154879f6f5a|0|1786392544.583|99.968|3.124|511201280|543178752|gen_data_cdf89ef6c3d30aaf|__AUTOMETRIC__
__AUTOMETRIC__|0.1.2|27612|crew_log_7c29c154879f6f5a|0|1786392545.597|98.606|3.081|511057920|543043584|gen_data_cdf89ef6c3d30aaf|__AUTOMETRIC__
__AUTOMETRIC__|0.1.2|27612|crew_log_7c29c154879f6f5a|0|1786392546.612|100.082|3.128|511057920|543043584|gen_data_cdf89ef6c3d30aaf|__AUTOMETRIC__
__AUTOMETRIC__|0.1.2|27612|crew_log_7c29c154879f6f5a|0|1786392547.613|98.334|3.073|511074304|543059968|gen_data_cdf89ef6c3d30aaf|__AUTOMETRIC__
__AUTOMETRIC__|0.1.2|27612|crew_log_7c29c154879f6f5a|0|1786392548.614|96.841|3.026|511111168|543096832|gen_data_cdf89ef6c3d30aaf|__AUTOMETRIC__
__AUTOMETRIC__|0.1.2|27612|crew_log_7c29c154879f6f5a|0|1786392549.618|99.550|3.111|511062016|543047680|gen_data_cdf89ef6c3d30aaf|__AUTOMETRIC__
__AUTOMETRIC__|0.1.2|27612|crew_log_7c29c154879f6f5a|0|1786392550.630|98.773|3.087|511123456|543109120|gen_data_cdf89ef6c3d30aaf|__AUTOMETRIC__
__AUTOMETRIC__|0.1.2|27612|crew_log_7c29c154879f6f5a|0|1786392551.631|99.919|3.122|511086592|543072256|gen_data_cdf89ef6c3d30aaf|__AUTOMETRIC__
__AUTOMETRIC__|0.1.2|27612|crew_log_7c29c154879f6f5a|0|1786392552.632|99.978|3.124|511086592|543072256|gen_data_cdf89ef6c3d30aaf|__AUTOMETRIC__
__AUTOMETRIC__|0.1.2|27612|crew_log_7c29c154879f6f5a|0|1786392553.646|100.080|3.128|511037440|543023104|gen_data_cdf89ef6c3d30aaf|__AUTOMETRIC__
__AUTOMETRIC__|0.1.2|27612|crew_log_7c29c154879f6f5a|0|1786392554.647|99.959|3.124|511107072|543092736|gen_data_cdf89ef6c3d30aaf|__AUTOMETRIC__
__AUTOMETRIC__|0.1.2|27612|crew_log_7c29c154879f6f5a|0|1786392555.661|100.091|3.128|511107072|543092736|gen_data_cdf89ef6c3d30aaf|__AUTOMETRIC__
__AUTOMETRIC__|0.1.2|27612|crew_log_7c29c154879f6f5a|0|1786392556.666|99.572|3.112|511045632|543031296|gen_data_cdf89ef6c3d30aaf|__AUTOMETRIC__
__AUTOMETRIC__|0.1.2|27612|crew_log_7c29c154879f6f5a|0|1786392557.672|100.884|3.153|511119360|543105024|gen_data_cdf89ef6c3d30aaf|__AUTOMETRIC__
__AUTOMETRIC__|0.1.2|27612|crew_log_7c29c154879f6f5a|0|1786392558.677|97.948|3.061|510857216|542830592|gen_data_cdf89ef6c3d30aaf|__AUTOMETRIC__
__AUTOMETRIC__|0.1.2|27612|crew_log_7c29c154879f6f5a|0|1786392559.690|100.272|3.134|510963712|542945280|gen_data_cdf89ef6c3d30aaf|__AUTOMETRIC__
__AUTOMETRIC__|0.1.2|27612|crew_log_7c29c154879f6f5a|0|1786392560.692|99.853|3.120|510955520|542937088|gen_data_cdf89ef6c3d30aaf|__AUTOMETRIC__
__AUTOMETRIC__|0.1.2|27612|crew_log_7c29c154879f6f5a|0|1786392561.709|99.875|3.121|510996480|542978048|gen_data_cdf89ef6c3d30aaf|__AUTOMETRIC__
__AUTOMETRIC__|0.1.2|27612|crew_log_7c29c154879f6f5a|0|1786392562.715|99.346|3.105|511049728|543031296|gen_data_cdf89ef6c3d30aaf|__AUTOMETRIC__
__AUTOMETRIC__|0.1.2|27612|crew_log_7c29c154879f6f5a|0|1786392563.716|101.500|3.172|511111168|543092736|gen_data_cdf89ef6c3d30aaf|__AUTOMETRIC__
__AUTOMETRIC__|0.1.2|27612|crew_log_7c29c154879f6f5a|0|1786392564.730|98.629|3.082|511037440|543019008|gen_data_cdf89ef6c3d30aaf|__AUTOMETRIC__
__AUTOMETRIC__|0.1.2|27612|crew_log_7c29c154879f6f5a|0|1786392565.732|95.127|2.973|511037440|543019008|gen_data_cdf89ef6c3d30aaf|__AUTOMETRIC__
__AUTOMETRIC__|0.1.2|27612|crew_log_7c29c154879f6f5a|0|1786392566.742|100.532|3.142|511094784|543076352|gen_data_cdf89ef6c3d30aaf|__AUTOMETRIC__
__AUTOMETRIC__|0.1.2|27612|crew_log_7c29c154879f6f5a|0|1786392567.747|93.321|2.916|511139840|543121408|gen_data_cdf89ef6c3d30aaf|__AUTOMETRIC__
__AUTOMETRIC__|0.1.2|27612|crew_log_7c29c154879f6f5a|0|1786392568.762|100.050|3.127|511123456|543105024|gen_data_cdf89ef6c3d30aaf|__AUTOMETRIC__
__AUTOMETRIC__|0.1.2|27612|crew_log_7c29c154879f6f5a|0|1786392569.763|102.995|3.219|491675648|523649024|gen_data_cdf89ef6c3d30aaf|__AUTOMETRIC__
__AUTOMETRIC__|0.1.2|27612|crew_log_7c29c154879f6f5a|0|1786392570.769|99.399|3.106|510996480|542969856|gen_data_cdf89ef6c3d30aaf|__AUTOMETRIC__
__AUTOMETRIC__|0.1.2|27612|crew_log_7c29c154879f6f5a|0|1786392571.783|100.115|3.129|511004672|542978048|gen_data_cdf89ef6c3d30aaf|__AUTOMETRIC__
__AUTOMETRIC__|0.1.2|27612|crew_log_7c29c154879f6f5a|0|1786392572.784|99.906|3.122|511008768|542982144|gen_data_cdf89ef6c3d30aaf|__AUTOMETRIC__
__AUTOMETRIC__|0.1.2|27612|crew_log_7c29c154879f6f5a|0|1786392573.788|99.619|3.113|511012864|542986240|gen_data_cdf89ef6c3d30aaf|__AUTOMETRIC__
__AUTOMETRIC__|0.1.2|27612|crew_log_7c29c154879f6f5a|0|1786392574.804|100.004|3.125|511029248|543002624|gen_data_cdf89ef6c3d30aaf|__AUTOMETRIC__
__AUTOMETRIC__|0.1.2|27612|crew_log_7c29c154879f6f5a|0|1786392575.817|98.739|3.086|511062016|543035392|gen_data_cdf89ef6c3d30aaf|__AUTOMETRIC__
__AUTOMETRIC__|0.1.2|27612|crew_log_7c29c154879f6f5a|0|1786392576.830|100.173|3.130|511098880|543072256|gen_data_cdf89ef6c3d30aaf|__AUTOMETRIC__
__AUTOMETRIC__|0.1.2|27612|crew_log_7c29c154879f6f5a|0|1786392577.844|100.232|3.132|511111168|543084544|gen_data_cdf89ef6c3d30aaf|__AUTOMETRIC__
__AUTOMETRIC__|0.1.2|27612|crew_log_7c29c154879f6f5a|0|1786392578.845|98.282|3.071|511119360|543092736|gen_data_cdf89ef6c3d30aaf|__AUTOMETRIC__
__AUTOMETRIC__|0.1.2|27612|crew_log_7c29c154879f6f5a|0|1786392579.859|98.632|3.082|511143936|543117312|gen_data_cdf89ef6c3d30aaf|__AUTOMETRIC__
__AUTOMETRIC__|0.1.2|27612|crew_log_7c29c154879f6f5a|0|1786392580.866|97.789|3.056|511172608|543145984|gen_data_cdf89ef6c3d30aaf|__AUTOMETRIC__
__AUTOMETRIC__|0.1.2|27612|crew_log_7c29c154879f6f5a|0|1786392581.866|98.432|3.076|511213568|543186944|gen_data_cdf89ef6c3d30aaf|__AUTOMETRIC__
__AUTOMETRIC__|0.1.2|27612|crew_log_7c29c154879f6f5a|0|1786392582.881|100.090|3.128|510996480|542982144|gen_data_cdf89ef6c3d30aaf|__AUTOMETRIC__
__AUTOMETRIC__|0.1.2|27612|crew_log_7c29c154879f6f5a|0|1786392583.894|100.232|3.132|511037440|543023104|gen_data_cdf89ef6c3d30aaf|__AUTOMETRIC__
__AUTOMETRIC__|0.1.2|27612|crew_log_7c29c154879f6f5a|0|1786392584.905|98.894|3.090|511037440|543023104|gen_data_cdf89ef6c3d30aaf|__AUTOMETRIC__
__AUTOMETRIC__|0.1.2|27612|crew_log_7c29c154879f6f5a|0|1786392585.908|99.747|3.117|511045632|543031296|gen_data_cdf89ef6c3d30aaf|__AUTOMETRIC__
__AUTOMETRIC__|0.1.2|27612|crew_log_7c29c154879f6f5a|0|1786392586.914|99.314|3.104|511057920|543043584|gen_data_cdf89ef6c3d30aaf|__AUTOMETRIC__
__AUTOMETRIC__|0.1.2|27612|crew_log_7c29c154879f6f5a|0|1786392587.922|99.258|3.102|511680512|543653888|gen_data_cdf89ef6c3d30aaf|__AUTOMETRIC__
__AUTOMETRIC__|0.1.2|27612|crew_log_7c29c154879f6f5a|0|1786392588.931|97.556|3.049|511164416|543137792|gen_data_cdf89ef6c3d30aaf|__AUTOMETRIC__
__AUTOMETRIC__|0.1.2|27612|crew_log_7c29c154879f6f5a|0|1786392589.945|97.118|3.035|511123456|543096832|gen_data_cdf89ef6c3d30aaf|__AUTOMETRIC__
__AUTOMETRIC__|0.1.2|27612|crew_log_7c29c154879f6f5a|0|1786392590.954|99.107|3.097|511184896|543158272|gen_data_cdf89ef6c3d30aaf|__AUTOMETRIC__
__AUTOMETRIC__|0.1.2|27612|crew_log_7c29c154879f6f5a|0|1786392591.962|97.616|3.050|511164416|543137792|gen_data_cdf89ef6c3d30aaf|__AUTOMETRIC__
__AUTOMETRIC__|0.1.2|27612|crew_log_7c29c154879f6f5a|0|1786392592.972|99.023|3.094|511197184|543170560|gen_data_cdf89ef6c3d30aaf|__AUTOMETRIC__
__AUTOMETRIC__|0.1.2|27612|crew_log_7c29c154879f6f5a|0|1786392593.982|99.023|3.094|511197184|543170560|gen_data_cdf89ef6c3d30aaf|__AUTOMETRIC__
__AUTOMETRIC__|0.1.2|27612|crew_log_7c29c154879f6f5a|0|1786392594.992|100.542|3.142|511086592|543059968|gen_data_cdf89ef6c3d30aaf|__AUTOMETRIC__
__AUTOMETRIC__|0.1.2|27612|crew_log_7c29c154879f6f5a|0|1786392595.995|98.175|3.068|511139840|543113216|gen_data_cdf89ef6c3d30aaf|__AUTOMETRIC__
__AUTOMETRIC__|0.1.2|27612|crew_log_7c29c154879f6f5a|0|1786392597.007|98.806|3.088|511139840|543113216|gen_data_cdf89ef6c3d30aaf|__AUTOMETRIC__
__AUTOMETRIC__|0.1.2|27612|crew_log_7c29c154879f6f5a|0|1786392598.011|99.522|3.110|511152128|543125504|gen_data_cdf89ef6c3d30aaf|__AUTOMETRIC__
__AUTOMETRIC__|0.1.2|27612|crew_log_7c29c154879f6f5a|0|1786392599.022|98.992|3.094|511156224|543129600|gen_data_cdf89ef6c3d30aaf|__AUTOMETRIC__
__AUTOMETRIC__|0.1.2|27612|crew_log_7c29c154879f6f5a|0|1786392600.026|99.588|3.112|511123456|543096832|gen_data_cdf89ef6c3d30aaf|__AUTOMETRIC__
__AUTOMETRIC__|0.1.2|27612|crew_log_7c29c154879f6f5a|0|1786392601.041|100.018|3.126|511148032|543121408|gen_data_cdf89ef6c3d30aaf|__AUTOMETRIC__
__AUTOMETRIC__|0.1.2|27612|crew_log_7c29c154879f6f5a|0|1786392602.056|100.113|3.129|511139840|543113216|gen_data_cdf89ef6c3d30aaf|__AUTOMETRIC__
__AUTOMETRIC__|0.1.2|27612|crew_log_7c29c154879f6f5a|0|1786392603.057|99.831|3.120|511156224|543129600|gen_data_cdf89ef6c3d30aaf|__AUTOMETRIC__
__AUTOMETRIC__|0.1.2|27612|crew_log_7c29c154879f6f5a|0|1786392604.070|97.207|3.038|511164416|543137792|gen_data_cdf89ef6c3d30aaf|__AUTOMETRIC__
__AUTOMETRIC__|0.1.2|27612|crew_log_7c29c154879f6f5a|0|1786392605.085|100.088|3.128|511139840|543113216|gen_data_cdf89ef6c3d30aaf|__AUTOMETRIC__
__AUTOMETRIC__|0.1.2|27612|crew_log_7c29c154879f6f5a|0|1786392606.087|98.256|3.071|511049728|543023104|gen_data_cdf89ef6c3d30aaf|__AUTOMETRIC__
__AUTOMETRIC__|0.1.2|27612|crew_log_7c29c154879f6f5a|0|1786392607.096|100.627|3.145|511008768|542982144|gen_data_cdf89ef6c3d30aaf|__AUTOMETRIC__
__AUTOMETRIC__|0.1.2|27612|crew_log_7c29c154879f6f5a|0|1786392608.103|99.259|3.102|511049728|543023104|gen_data_cdf89ef6c3d30aaf|__AUTOMETRIC__
__AUTOMETRIC__|0.1.2|27612|crew_log_7c29c154879f6f5a|0|1786392609.108|97.980|3.062|511053824|543027200|gen_data_cdf89ef6c3d30aaf|__AUTOMETRIC__
__AUTOMETRIC__|0.1.2|27612|crew_log_7c29c154879f6f5a|0|1786392610.118|100.586|3.143|511057920|543031296|gen_data_cdf89ef6c3d30aaf|__AUTOMETRIC__
__AUTOMETRIC__|0.1.2|27612|crew_log_7c29c154879f6f5a|0|1786392611.119|99.871|3.121|511053824|543027200|gen_data_cdf89ef6c3d30aaf|__AUTOMETRIC__
__AUTOMETRIC__|0.1.2|27612|crew_log_7c29c154879f6f5a|0|1786392612.119|98.435|3.076|511033344|543006720|gen_data_cdf89ef6c3d30aaf|__AUTOMETRIC__
__AUTOMETRIC__|0.1.2|27612|crew_log_7c29c154879f6f5a|0|1786392613.134|100.073|3.127|511062016|543035392|gen_data_cdf89ef6c3d30aaf|__AUTOMETRIC__
__AUTOMETRIC__|0.1.2|27612|crew_log_7c29c154879f6f5a|0|1786392614.135|99.907|3.122|511053824|543027200|gen_data_cdf89ef6c3d30aaf|__AUTOMETRIC__
__AUTOMETRIC__|0.1.2|27612|crew_log_7c29c154879f6f5a|0|1786392615.141|100.910|3.153|511062016|543035392|gen_data_cdf89ef6c3d30aaf|__AUTOMETRIC__
__AUTOMETRIC__|0.1.2|27612|crew_log_7c29c154879f6f5a|0|1786392616.149|99.205|3.100|511066112|543039488|gen_data_cdf89ef6c3d30aaf|__AUTOMETRIC__
__AUTOMETRIC__|0.1.2|27612|crew_log_7c29c154879f6f5a|0|1786392617.156|99.311|3.103|511057920|543031296|gen_data_cdf89ef6c3d30aaf|__AUTOMETRIC__
__AUTOMETRIC__|0.1.2|27612|crew_log_7c29c154879f6f5a|0|1786392618.161|99.512|3.110|510955520|542941184|gen_data_cdf89ef6c3d30aaf|__AUTOMETRIC__
__AUTOMETRIC__|0.1.2|27612|crew_log_7c29c154879f6f5a|0|1786392619.169|99.191|3.100|510943232|542928896|gen_data_cdf89ef6c3d30aaf|__AUTOMETRIC__
__AUTOMETRIC__|0.1.2|27612|crew_log_7c29c154879f6f5a|0|1786392620.183|97.074|3.034|510959616|542945280|gen_data_cdf89ef6c3d30aaf|__AUTOMETRIC__
__AUTOMETRIC__|0.1.2|27612|crew_log_7c29c154879f6f5a|0|1786392621.197|100.152|3.130|510955520|542941184|gen_data_cdf89ef6c3d30aaf|__AUTOMETRIC__
__AUTOMETRIC__|0.1.2|27612|crew_log_7c29c154879f6f5a|0|1786392622.212|100.082|3.128|510939136|542924800|gen_data_cdf89ef6c3d30aaf|__AUTOMETRIC__
__AUTOMETRIC__|0.1.2|27612|crew_log_7c29c154879f6f5a|0|1786392623.215|99.765|3.118|511148032|543133696|gen_data_cdf89ef6c3d30aaf|__AUTOMETRIC__
__AUTOMETRIC__|0.1.2|27612|crew_log_7c29c154879f6f5a|0|1786392624.221|96.248|3.008|510902272|542887936|gen_data_cdf89ef6c3d30aaf|__AUTOMETRIC__
__AUTOMETRIC__|0.1.2|27612|crew_log_7c29c154879f6f5a|0|1786392625.227|99.420|3.107|510951424|542924800|gen_data_cdf89ef6c3d30aaf|__AUTOMETRIC__
__AUTOMETRIC__|0.1.2|27612|crew_log_7c29c154879f6f5a|0|1786392626.228|95.206|2.975|510951424|542924800|gen_data_cdf89ef6c3d30aaf|__AUTOMETRIC__
__AUTOMETRIC__|0.1.2|27612|crew_log_7c29c154879f6f5a|0|1786392627.243|98.571|3.080|510955520|542928896|gen_data_cdf89ef6c3d30aaf|__AUTOMETRIC__
__AUTOMETRIC__|0.1.2|27612|crew_log_7c29c154879f6f5a|0|1786392628.244|98.349|3.073|510955520|542928896|gen_data_cdf89ef6c3d30aaf|__AUTOMETRIC__
__AUTOMETRIC__|0.1.2|27612|crew_log_7c29c154879f6f5a|0|1786392629.257|100.218|3.132|510935040|542908416|gen_data_cdf89ef6c3d30aaf|__AUTOMETRIC__
__AUTOMETRIC__|0.1.2|27612|crew_log_7c29c154879f6f5a|0|1786392630.271|100.175|3.130|510889984|542863360|gen_data_cdf89ef6c3d30aaf|__AUTOMETRIC__
__AUTOMETRIC__|0.1.2|27612|crew_log_7c29c154879f6f5a|0|1786392631.284|100.228|3.132|510889984|542863360|gen_data_cdf89ef6c3d30aaf|__AUTOMETRIC__
__AUTOMETRIC__|0.1.2|27612|crew_log_7c29c154879f6f5a|0|1786392632.296|100.412|3.138|510889984|542863360|gen_data_cdf89ef6c3d30aaf|__AUTOMETRIC__
__AUTOMETRIC__|0.1.2|27612|crew_log_7c29c154879f6f5a|0|1786392633.310|98.581|3.081|510898176|542871552|gen_data_cdf89ef6c3d30aaf|__AUTOMETRIC__
__AUTOMETRIC__|0.1.2|27612|crew_log_7c29c154879f6f5a|0|1786392634.321|98.924|3.091|510902272|542875648|gen_data_cdf89ef6c3d30aaf|__AUTOMETRIC__
__AUTOMETRIC__|0.1.2|27612|crew_log_7c29c154879f6f5a|0|1786392635.335|100.181|3.131|510906368|542879744|gen_data_cdf89ef6c3d30aaf|__AUTOMETRIC__
__AUTOMETRIC__|0.1.2|27612|crew_log_7c29c154879f6f5a|0|1786392636.350|100.020|3.126|510902272|542875648|gen_data_cdf89ef6c3d30aaf|__AUTOMETRIC__
__AUTOMETRIC__|0.1.2|27612|crew_log_7c29c154879f6f5a|0|1786392637.352|98.261|3.071|510898176|542871552|gen_data_cdf89ef6c3d30aaf|__AUTOMETRIC__
__AUTOMETRIC__|0.1.2|27612|crew_log_7c29c154879f6f5a|0|1786392638.365|97.184|3.037|510906368|542879744|gen_data_cdf89ef6c3d30aaf|__AUTOMETRIC__
__AUTOMETRIC__|0.1.2|27612|crew_log_7c29c154879f6f5a|0|1786392639.365|99.929|3.123|510910464|542883840|gen_data_cdf89ef6c3d30aaf|__AUTOMETRIC__
__AUTOMETRIC__|0.1.2|27612|crew_log_7c29c154879f6f5a|0|1786392640.380|98.559|3.080|510906368|542879744|gen_data_cdf89ef6c3d30aaf|__AUTOMETRIC__
__AUTOMETRIC__|0.1.2|27612|crew_log_7c29c154879f6f5a|0|1786392641.391|98.902|3.091|510730240|542715904|gen_data_cdf89ef6c3d30aaf|__AUTOMETRIC__
__AUTOMETRIC__|0.1.2|27612|crew_log_7c29c154879f6f5a|0|1786392642.406|100.054|3.127|510709760|542695424|gen_data_cdf89ef6c3d30aaf|__AUTOMETRIC__
__AUTOMETRIC__|0.1.2|27612|crew_log_7c29c154879f6f5a|0|1786392643.421|100.086|3.128|510734336|542720000|gen_data_cdf89ef6c3d30aaf|__AUTOMETRIC__
__AUTOMETRIC__|0.1.2|27612|crew_log_7c29c154879f6f5a|0|1786392644.429|99.200|3.100|510738432|542724096|gen_data_cdf89ef6c3d30aaf|__AUTOMETRIC__
__AUTOMETRIC__|0.1.2|27612|crew_log_7c29c154879f6f5a|0|1786392645.436|97.722|3.054|510746624|542732288|gen_data_cdf89ef6c3d30aaf|__AUTOMETRIC__
__AUTOMETRIC__|0.1.2|27612|crew_log_7c29c154879f6f5a|0|1786392646.441|99.583|3.112|510918656|542904320|gen_data_cdf89ef6c3d30aaf|__AUTOMETRIC__
__AUTOMETRIC__|0.1.2|27612|crew_log_7c29c154879f6f5a|0|1786392647.447|97.846|3.058|510709760|542695424|gen_data_cdf89ef6c3d30aaf|__AUTOMETRIC__
__AUTOMETRIC__|0.1.2|27612|crew_log_7c29c154879f6f5a|0|1786392648.449|99.766|3.118|510738432|542724096|gen_data_cdf89ef6c3d30aaf|__AUTOMETRIC__
__AUTOMETRIC__|0.1.2|27612|crew_log_7c29c154879f6f5a|0|1786392649.453|101.125|3.160|510713856|542699520|gen_data_cdf89ef6c3d30aaf|__AUTOMETRIC__
__AUTOMETRIC__|0.1.2|27612|crew_log_7c29c154879f6f5a|0|1786392650.457|99.678|3.115|510750720|542736384|gen_data_cdf89ef6c3d30aaf|__AUTOMETRIC__
__AUTOMETRIC__|0.1.2|27612|crew_log_7c29c154879f6f5a|0|1786392651.470|100.206|3.131|510750720|542736384|gen_data_cdf89ef6c3d30aaf|__AUTOMETRIC__
__AUTOMETRIC__|0.1.2|27612|crew_log_7c29c154879f6f5a|0|1786392652.484|100.151|3.130|510771200|542744576|gen_data_cdf89ef6c3d30aaf|__AUTOMETRIC__
__AUTOMETRIC__|0.1.2|27612|crew_log_7c29c154879f6f5a|0|1786392653.484|98.410|3.075|510717952|542699520|gen_data_cdf89ef6c3d30aaf|__AUTOMETRIC__
__AUTOMETRIC__|0.1.2|27612|crew_log_7c29c154879f6f5a|0|1786392654.499|100.139|3.129|510701568|542683136|gen_data_cdf89ef6c3d30aaf|__AUTOMETRIC__
__AUTOMETRIC__|0.1.2|27612|crew_log_7c29c154879f6f5a|0|1786392655.504|99.448|3.108|510722048|542703616|gen_data_cdf89ef6c3d30aaf|__AUTOMETRIC__
__AUTOMETRIC__|0.1.2|27612|crew_log_7c29c154879f6f5a|0|1786392656.507|99.767|3.118|510746624|542728192|gen_data_cdf89ef6c3d30aaf|__AUTOMETRIC__
__AUTOMETRIC__|0.1.2|27612|crew_log_7c29c154879f6f5a|0|1786392657.521|100.154|3.130|510763008|542744576|gen_data_cdf89ef6c3d30aaf|__AUTOMETRIC__
__AUTOMETRIC__|0.1.2|27612|crew_log_7c29c154879f6f5a|0|1786392658.523|96.632|3.020|510861312|542834688|gen_data_cdf89ef6c3d30aaf|__AUTOMETRIC__
__AUTOMETRIC__|0.1.2|27612|crew_log_7c29c154879f6f5a|0|1786392659.524|98.323|3.073|510840832|542814208|gen_data_cdf89ef6c3d30aaf|__AUTOMETRIC__
__AUTOMETRIC__|0.1.2|27612|crew_log_7c29c154879f6f5a|0|1786392660.526|99.866|3.121|510844928|542818304|gen_data_cdf89ef6c3d30aaf|__AUTOMETRIC__
__AUTOMETRIC__|0.1.2|27612|crew_log_7c29c154879f6f5a|0|1786392661.539|100.204|3.131|510849024|542822400|gen_data_cdf89ef6c3d30aaf|__AUTOMETRIC__
__AUTOMETRIC__|0.1.2|27612|crew_log_7c29c154879f6f5a|0|1786392662.552|100.228|3.132|510820352|542793728|gen_data_cdf89ef6c3d30aaf|__AUTOMETRIC__
__AUTOMETRIC__|0.1.2|27612|crew_log_7c29c154879f6f5a|0|1786392663.557|98.025|3.063|510857216|542830592|gen_data_cdf89ef6c3d30aaf|__AUTOMETRIC__
__AUTOMETRIC__|0.1.2|27612|crew_log_7c29c154879f6f5a|0|1786392664.559|101.280|3.165|510705664|542683136|gen_data_cdf89ef6c3d30aaf|__AUTOMETRIC__
__AUTOMETRIC__|0.1.2|27612|crew_log_7c29c154879f6f5a|0|1786392665.573|97.136|3.035|510754816|542732288|gen_data_cdf89ef6c3d30aaf|__AUTOMETRIC__
__AUTOMETRIC__|0.1.2|27612|crew_log_7c29c154879f6f5a|0|1786392666.587|95.501|2.984|510771200|542748672|gen_data_cdf89ef6c3d30aaf|__AUTOMETRIC__
__AUTOMETRIC__|0.1.2|27612|crew_log_7c29c154879f6f5a|0|1786392667.602|100.048|3.127|510763008|542740480|gen_data_cdf89ef6c3d30aaf|__AUTOMETRIC__
__AUTOMETRIC__|0.1.2|27612|crew_log_7c29c154879f6f5a|0|1786392668.605|99.767|3.118|510820352|542797824|gen_data_cdf89ef6c3d30aaf|__AUTOMETRIC__
__AUTOMETRIC__|0.1.2|27612|crew_log_7c29c154879f6f5a|0|1786392669.608|99.660|3.114|510857216|542834688|gen_data_cdf89ef6c3d30aaf|__AUTOMETRIC__
__AUTOMETRIC__|0.1.2|27612|crew_log_7c29c154879f6f5a|0|1786392670.618|97.465|3.046|510853120|542830592|gen_data_cdf89ef6c3d30aaf|__AUTOMETRIC__
__AUTOMETRIC__|0.1.2|27612|crew_log_7c29c154879f6f5a|0|1786392671.619|99.896|3.122|510865408|542842880|gen_data_cdf89ef6c3d30aaf|__AUTOMETRIC__
__AUTOMETRIC__|0.1.2|27612|crew_log_7c29c154879f6f5a|0|1786392672.631|98.862|3.089|510869504|542846976|gen_data_cdf89ef6c3d30aaf|__AUTOMETRIC__
__AUTOMETRIC__|0.1.2|27612|crew_log_7c29c154879f6f5a|0|1786392673.642|98.872|3.090|510881792|542859264|gen_data_cdf89ef6c3d30aaf|__AUTOMETRIC__
__AUTOMETRIC__|0.1.2|27612|crew_log_7c29c154879f6f5a|0|1786392674.647|99.485|3.109|510877696|542855168|gen_data_cdf89ef6c3d30aaf|__AUTOMETRIC__
__AUTOMETRIC__|0.1.2|27612|crew_log_7c29c154879f6f5a|0|1786392675.651|96.511|3.016|510889984|542863360|gen_data_cdf89ef6c3d30aaf|__AUTOMETRIC__
__AUTOMETRIC__|0.1.2|27612|crew_log_7c29c154879f6f5a|0|1786392676.660|100.662|3.146|510685184|542658560|gen_data_cdf89ef6c3d30aaf|__AUTOMETRIC__
__AUTOMETRIC__|0.1.2|27612|crew_log_7c29c154879f6f5a|0|1786392677.670|100.506|3.141|510730240|542703616|gen_data_cdf89ef6c3d30aaf|__AUTOMETRIC__
__AUTOMETRIC__|0.1.2|27612|crew_log_7c29c154879f6f5a|0|1786392678.683|98.781|3.087|510742528|542715904|gen_data_cdf89ef6c3d30aaf|__AUTOMETRIC__
__AUTOMETRIC__|0.1.2|27612|crew_log_7c29c154879f6f5a|0|1786392679.687|98.027|3.063|510746624|542720000|gen_data_cdf89ef6c3d30aaf|__AUTOMETRIC__
__AUTOMETRIC__|0.1.2|27612|crew_log_7c29c154879f6f5a|0|1786392680.701|100.141|3.129|510750720|542724096|gen_data_cdf89ef6c3d30aaf|__AUTOMETRIC__
__AUTOMETRIC__|0.1.2|27612|crew_log_7c29c154879f6f5a|0|1786392681.717|98.464|3.077|510750720|542724096|gen_data_cdf89ef6c3d30aaf|__AUTOMETRIC__
__AUTOMETRIC__|0.1.2|27612|crew_log_7c29c154879f6f5a|0|1786392682.720|98.098|3.066|510746624|542720000|gen_data_cdf89ef6c3d30aaf|__AUTOMETRIC__
__AUTOMETRIC__|0.1.2|27612|crew_log_7c29c154879f6f5a|0|1786392683.734|98.667|3.083|510754816|542728192|gen_data_cdf89ef6c3d30aaf|__AUTOMETRIC__
__AUTOMETRIC__|0.1.2|27612|crew_log_7c29c154879f6f5a|0|1786392684.736|99.790|3.118|510746624|542720000|gen_data_cdf89ef6c3d30aaf|__AUTOMETRIC__
__AUTOMETRIC__|0.1.2|27612|crew_log_7c29c154879f6f5a|0|1786392685.740|99.575|3.112|510750720|542724096|gen_data_cdf89ef6c3d30aaf|__AUTOMETRIC__
__AUTOMETRIC__|0.1.2|27612|crew_log_7c29c154879f6f5a|0|1786392686.745|99.511|3.110|510758912|542732288|gen_data_cdf89ef6c3d30aaf|__AUTOMETRIC__
__AUTOMETRIC__|0.1.2|27612|crew_log_7c29c154879f6f5a|0|1786392687.747|99.781|3.118|510668800|542642176|gen_data_cdf89ef6c3d30aaf|__AUTOMETRIC__
__AUTOMETRIC__|0.1.2|27612|crew_log_7c29c154879f6f5a|0|1786392688.751|96.516|3.016|510672896|542646272|gen_data_cdf89ef6c3d30aaf|__AUTOMETRIC__
__AUTOMETRIC__|0.1.2|27612|crew_log_7c29c154879f6f5a|0|1786392689.757|99.416|3.107|510676992|542650368|gen_data_cdf89ef6c3d30aaf|__AUTOMETRIC__
__AUTOMETRIC__|0.1.2|27612|crew_log_7c29c154879f6f5a|0|1786392690.766|100.606|3.144|510693376|542666752|gen_data_cdf89ef6c3d30aaf|__AUTOMETRIC__
__AUTOMETRIC__|0.1.2|27612|crew_log_7c29c154879f6f5a|0|1786392691.770|99.686|3.115|510705664|542679040|gen_data_cdf89ef6c3d30aaf|__AUTOMETRIC__
__AUTOMETRIC__|0.1.2|27612|crew_log_7c29c154879f6f5a|0|1786392692.779|99.108|3.097|510930944|542904320|gen_data_cdf89ef6c3d30aaf|__AUTOMETRIC__
__AUTOMETRIC__|0.1.2|27612|crew_log_7c29c154879f6f5a|0|1786392693.791|98.809|3.088|510722048|542695424|gen_data_cdf89ef6c3d30aaf|__AUTOMETRIC__
__AUTOMETRIC__|0.1.2|27612|crew_log_7c29c154879f6f5a|0|1786392694.797|100.917|3.154|510676992|542650368|gen_data_cdf89ef6c3d30aaf|__AUTOMETRIC__
__AUTOMETRIC__|0.1.2|27612|crew_log_7c29c154879f6f5a|0|1786392695.802|99.464|3.108|510722048|542695424|gen_data_cdf89ef6c3d30aaf|__AUTOMETRIC__
__AUTOMETRIC__|0.1.2|27612|crew_log_7c29c154879f6f5a|0|1786392696.807|97.979|3.062|510746624|542720000|gen_data_cdf89ef6c3d30aaf|__AUTOMETRIC__
__AUTOMETRIC__|0.1.2|27612|crew_log_7c29c154879f6f5a|0|1786392697.815|100.713|3.147|510746624|542720000|gen_data_cdf89ef6c3d30aaf|__AUTOMETRIC__
__AUTOMETRIC__|0.1.2|27612|crew_log_7c29c154879f6f5a|0|1786392698.825|99.062|3.096|510664704|542654464|gen_data_cdf89ef6c3d30aaf|__AUTOMETRIC__
__AUTOMETRIC__|0.1.2|27612|crew_log_7c29c154879f6f5a|0|1786392699.834|99.128|3.098|510623744|542613504|gen_data_cdf89ef6c3d30aaf|__AUTOMETRIC__
__AUTOMETRIC__|0.1.2|27612|crew_log_7c29c154879f6f5a|0|1786392700.841|99.231|3.101|510672896|542662656|gen_data_cdf89ef6c3d30aaf|__AUTOMETRIC__
__AUTOMETRIC__|0.1.2|27612|crew_log_7c29c154879f6f5a|0|1786392701.848|99.396|3.106|510672896|542662656|gen_data_cdf89ef6c3d30aaf|__AUTOMETRIC__
__AUTOMETRIC__|0.1.2|27612|crew_log_7c29c154879f6f5a|0|1786392702.855|97.666|3.052|510685184|542674944|gen_data_cdf89ef6c3d30aaf|__AUTOMETRIC__
__AUTOMETRIC__|0.1.2|27612|crew_log_7c29c154879f6f5a|0|1786392703.863|102.395|3.200|510681088|542670848|gen_data_cdf89ef6c3d30aaf|__AUTOMETRIC__
__AUTOMETRIC__|0.1.2|27612|crew_log_7c29c154879f6f5a|0|1786392704.874|100.451|3.139|510668800|542658560|gen_data_cdf89ef6c3d30aaf|__AUTOMETRIC__
__AUTOMETRIC__|0.1.2|27612|crew_log_7c29c154879f6f5a|0|1786392705.887|98.698|3.084|510676992|542666752|gen_data_cdf89ef6c3d30aaf|__AUTOMETRIC__
__AUTOMETRIC__|0.1.2|27612|crew_log_7c29c154879f6f5a|0|1786392706.902|100.031|3.126|510672896|542662656|gen_data_cdf89ef6c3d30aaf|__AUTOMETRIC__
__AUTOMETRIC__|0.1.2|27612|crew_log_7c29c154879f6f5a|0|1786392707.904|95.185|2.975|510672896|542662656|gen_data_cdf89ef6c3d30aaf|__AUTOMETRIC__
__AUTOMETRIC__|0.1.2|27612|crew_log_7c29c154879f6f5a|0|1786392708.908|101.068|3.158|510672896|542662656|gen_data_cdf89ef6c3d30aaf|__AUTOMETRIC__
__AUTOMETRIC__|0.1.2|27612|crew_log_7c29c154879f6f5a|0|1786392709.912|98.119|3.066|510676992|542666752|gen_data_cdf89ef6c3d30aaf|__AUTOMETRIC__
__AUTOMETRIC__|0.1.2|27612|crew_log_7c29c154879f6f5a|0|1786392710.919|93.039|2.907|518799360|551239680|gen_data_7b370dffeb05dac0|__AUTOMETRIC__
__AUTOMETRIC__|0.1.2|27612|crew_log_7c29c154879f6f5a|0|1786392711.928|99.153|3.099|511524864|543498240|gen_data_7b370dffeb05dac0|__AUTOMETRIC__
__AUTOMETRIC__|0.1.2|27612|crew_log_7c29c154879f6f5a|0|1786392712.930|98.226|3.070|511500288|543473664|gen_data_7b370dffeb05dac0|__AUTOMETRIC__
__AUTOMETRIC__|0.1.2|27612|crew_log_7c29c154879f6f5a|0|1786392713.936|96.292|3.009|511496192|543469568|gen_data_7b370dffeb05dac0|__AUTOMETRIC__
__AUTOMETRIC__|0.1.2|27612|crew_log_7c29c154879f6f5a|0|1786392714.943|99.300|3.103|511512576|543485952|gen_data_7b370dffeb05dac0|__AUTOMETRIC__
__AUTOMETRIC__|0.1.2|27612|crew_log_7c29c154879f6f5a|0|1786392715.950|96.174|3.005|511557632|543531008|gen_data_7b370dffeb05dac0|__AUTOMETRIC__
__AUTOMETRIC__|0.1.2|27612|crew_log_7c29c154879f6f5a|0|1786392716.963|95.679|2.990|511541248|543514624|gen_data_7b370dffeb05dac0|__AUTOMETRIC__
__AUTOMETRIC__|0.1.2|27612|crew_log_7c29c154879f6f5a|0|1786392717.977|98.563|3.080|511561728|543535104|gen_data_7b370dffeb05dac0|__AUTOMETRIC__
__AUTOMETRIC__|0.1.2|27612|crew_log_7c29c154879f6f5a|0|1786392718.984|100.920|3.154|511557632|543531008|gen_data_7b370dffeb05dac0|__AUTOMETRIC__
__AUTOMETRIC__|0.1.2|27612|crew_log_7c29c154879f6f5a|0|1786392719.988|99.618|3.113|511606784|543580160|gen_data_7b370dffeb05dac0|__AUTOMETRIC__
__AUTOMETRIC__|0.1.2|27612|crew_log_7c29c154879f6f5a|0|1786392720.993|99.468|3.108|511651840|543625216|gen_data_7b370dffeb05dac0|__AUTOMETRIC__
__AUTOMETRIC__|0.1.2|27612|crew_log_7c29c154879f6f5a|0|1786392721.998|101.069|3.158|511520768|543494144|gen_data_7b370dffeb05dac0|__AUTOMETRIC__
__AUTOMETRIC__|0.1.2|27612|crew_log_7c29c154879f6f5a|0|1786392723.008|99.010|3.094|511565824|543547392|gen_data_7b370dffeb05dac0|__AUTOMETRIC__
__AUTOMETRIC__|0.1.2|27612|crew_log_7c29c154879f6f5a|0|1786392724.023|100.013|3.125|511594496|543576064|gen_data_7b370dffeb05dac0|__AUTOMETRIC__
__AUTOMETRIC__|0.1.2|27612|crew_log_7c29c154879f6f5a|0|1786392725.025|96.746|3.023|511627264|543608832|gen_data_7b370dffeb05dac0|__AUTOMETRIC__
__AUTOMETRIC__|0.1.2|27612|crew_log_7c29c154879f6f5a|0|1786392726.039|97.095|3.034|511635456|543617024|gen_data_7b370dffeb05dac0|__AUTOMETRIC__
__AUTOMETRIC__|0.1.2|27612|crew_log_7c29c154879f6f5a|0|1786392727.043|98.005|3.063|511942656|543916032|gen_data_7b370dffeb05dac0|__AUTOMETRIC__
__AUTOMETRIC__|0.1.2|27612|crew_log_7c29c154879f6f5a|0|1786392728.044|99.901|3.122|511926272|543899648|gen_data_7b370dffeb05dac0|__AUTOMETRIC__
__AUTOMETRIC__|0.1.2|27612|crew_log_7c29c154879f6f5a|0|1786392729.051|97.723|3.054|511942656|543916032|gen_data_7b370dffeb05dac0|__AUTOMETRIC__
__AUTOMETRIC__|0.1.2|27612|crew_log_7c29c154879f6f5a|0|1786392730.055|99.616|3.113|511987712|543961088|gen_data_7b370dffeb05dac0|__AUTOMETRIC__
__AUTOMETRIC__|0.1.2|27612|crew_log_7c29c154879f6f5a|0|1786392731.060|97.980|3.062|512004096|543977472|gen_data_7b370dffeb05dac0|__AUTOMETRIC__
__AUTOMETRIC__|0.1.2|27612|crew_log_7c29c154879f6f5a|0|1786392732.064|99.630|3.113|509501440|541507584|gen_data_7b370dffeb05dac0|__AUTOMETRIC__
__AUTOMETRIC__|0.1.2|27612|crew_log_7c29c154879f6f5a|0|1786392733.068|98.031|3.063|509624320|541609984|gen_data_7b370dffeb05dac0|__AUTOMETRIC__
__AUTOMETRIC__|0.1.2|27612|crew_log_7c29c154879f6f5a|0|1786392734.078|100.557|3.142|509657088|541642752|gen_data_7b370dffeb05dac0|__AUTOMETRIC__
__AUTOMETRIC__|0.1.2|27612|crew_log_7c29c154879f6f5a|0|1786392735.084|99.364|3.105|509607936|541593600|gen_data_7b370dffeb05dac0|__AUTOMETRIC__
__AUTOMETRIC__|0.1.2|27612|crew_log_7c29c154879f6f5a|0|1786392736.098|100.137|3.129|509657088|541642752|gen_data_7b370dffeb05dac0|__AUTOMETRIC__
__AUTOMETRIC__|0.1.2|27612|crew_log_7c29c154879f6f5a|0|1786392737.113|98.525|3.079|509673472|541659136|gen_data_7b370dffeb05dac0|__AUTOMETRIC__
__AUTOMETRIC__|0.1.2|27612|crew_log_7c29c154879f6f5a|0|1786392738.122|100.678|3.146|509644800|541630464|gen_data_7b370dffeb05dac0|__AUTOMETRIC__
__AUTOMETRIC__|0.1.2|27612|crew_log_7c29c154879f6f5a|0|1786392739.129|99.285|3.103|509718528|541704192|gen_data_7b370dffeb05dac0|__AUTOMETRIC__
__AUTOMETRIC__|0.1.2|27612|crew_log_7c29c154879f6f5a|0|1786392740.134|99.519|3.110|509743104|541728768|gen_data_7b370dffeb05dac0|__AUTOMETRIC__
__AUTOMETRIC__|0.1.2|27612|crew_log_7c29c154879f6f5a|0|1786392741.139|101.083|3.159|509743104|541728768|gen_data_7b370dffeb05dac0|__AUTOMETRIC__
__AUTOMETRIC__|0.1.2|27612|crew_log_7c29c154879f6f5a|0|1786392742.143|99.620|3.113|509800448|541786112|gen_data_7b370dffeb05dac0|__AUTOMETRIC__
__AUTOMETRIC__|0.1.2|27612|crew_log_7c29c154879f6f5a|0|1786392743.147|99.558|3.111|509530112|541503488|gen_data_7b370dffeb05dac0|__AUTOMETRIC__
__AUTOMETRIC__|0.1.2|27612|crew_log_7c29c154879f6f5a|0|1786392744.150|98.165|3.068|509640704|541638656|gen_data_7b370dffeb05dac0|__AUTOMETRIC__
__AUTOMETRIC__|0.1.2|27612|crew_log_7c29c154879f6f5a|0|1786392745.164|100.112|3.128|509669376|541667328|gen_data_7b370dffeb05dac0|__AUTOMETRIC__
__AUTOMETRIC__|0.1.2|27612|crew_log_7c29c154879f6f5a|0|1786392746.178|100.186|3.131|509685760|541683712|gen_data_7b370dffeb05dac0|__AUTOMETRIC__
__AUTOMETRIC__|0.1.2|27612|crew_log_7c29c154879f6f5a|0|1786392747.187|100.623|3.144|509689856|541687808|gen_data_7b370dffeb05dac0|__AUTOMETRIC__
__AUTOMETRIC__|0.1.2|27612|crew_log_7c29c154879f6f5a|0|1786392748.203|100.021|3.126|509706240|541704192|gen_data_7b370dffeb05dac0|__AUTOMETRIC__
__AUTOMETRIC__|0.1.2|27612|crew_log_7c29c154879f6f5a|0|1786392749.217|98.649|3.083|509657088|541655040|gen_data_7b370dffeb05dac0|__AUTOMETRIC__
__AUTOMETRIC__|0.1.2|27612|crew_log_7c29c154879f6f5a|0|1786392750.228|98.883|3.090|509693952|541691904|gen_data_7b370dffeb05dac0|__AUTOMETRIC__
__AUTOMETRIC__|0.1.2|27612|crew_log_7c29c154879f6f5a|0|1786392751.241|98.727|3.085|509702144|541700096|gen_data_7b370dffeb05dac0|__AUTOMETRIC__
__AUTOMETRIC__|0.1.2|27612|crew_log_7c29c154879f6f5a|0|1786392752.248|99.316|3.104|509685760|541683712|gen_data_7b370dffeb05dac0|__AUTOMETRIC__
__AUTOMETRIC__|0.1.2|27612|crew_log_7c29c154879f6f5a|0|1786392753.261|98.690|3.084|509718528|541716480|gen_data_7b370dffeb05dac0|__AUTOMETRIC__
__AUTOMETRIC__|0.1.2|27612|crew_log_7c29c154879f6f5a|0|1786392754.263|101.344|3.167|509755392|541728768|gen_data_7b370dffeb05dac0|__AUTOMETRIC__
__AUTOMETRIC__|0.1.2|27612|crew_log_7c29c154879f6f5a|0|1786392755.269|97.864|3.058|509493248|541466624|gen_data_7b370dffeb05dac0|__AUTOMETRIC__
__AUTOMETRIC__|0.1.2|27612|crew_log_7c29c154879f6f5a|0|1786392756.281|98.806|3.088|509505536|541478912|gen_data_7b370dffeb05dac0|__AUTOMETRIC__
__AUTOMETRIC__|0.1.2|27612|crew_log_7c29c154879f6f5a|0|1786392757.293|98.773|3.087|509538304|541511680|gen_data_7b370dffeb05dac0|__AUTOMETRIC__
__AUTOMETRIC__|0.1.2|27612|crew_log_7c29c154879f6f5a|0|1786392758.309|101.551|3.173|509505536|541478912|gen_data_7b370dffeb05dac0|__AUTOMETRIC__
__AUTOMETRIC__|0.1.2|27612|crew_log_7c29c154879f6f5a|0|1786392759.323|97.049|3.033|509517824|541491200|gen_data_7b370dffeb05dac0|__AUTOMETRIC__
__AUTOMETRIC__|0.1.2|27612|crew_log_7c29c154879f6f5a|0|1786392760.337|98.646|3.083|509444096|541417472|gen_data_7b370dffeb05dac0|__AUTOMETRIC__
__AUTOMETRIC__|0.1.2|27612|crew_log_7c29c154879f6f5a|0|1786392761.340|102.817|3.213|509464576|541437952|gen_data_7b370dffeb05dac0|__AUTOMETRIC__
__AUTOMETRIC__|0.1.2|27612|crew_log_7c29c154879f6f5a|0|1786392762.354|98.592|3.081|509485056|541458432|gen_data_7b370dffeb05dac0|__AUTOMETRIC__
__AUTOMETRIC__|0.1.2|27612|crew_log_7c29c154879f6f5a|0|1786392763.364|100.624|3.145|509468672|541442048|gen_data_7b370dffeb05dac0|__AUTOMETRIC__
__AUTOMETRIC__|0.1.2|27612|crew_log_7c29c154879f6f5a|0|1786392764.365|96.684|3.021|509480960|541454336|gen_data_7b370dffeb05dac0|__AUTOMETRIC__
__AUTOMETRIC__|0.1.2|27612|crew_log_7c29c154879f6f5a|0|1786392765.366|99.902|3.122|509493248|541466624|gen_data_7b370dffeb05dac0|__AUTOMETRIC__
__AUTOMETRIC__|0.1.2|27612|crew_log_7c29c154879f6f5a|0|1786392766.371|97.964|3.061|509308928|541282304|gen_data_7b370dffeb05dac0|__AUTOMETRIC__
__AUTOMETRIC__|0.1.2|27612|crew_log_7c29c154879f6f5a|0|1786392767.387|96.955|3.030|509308928|541282304|gen_data_7b370dffeb05dac0|__AUTOMETRIC__
__AUTOMETRIC__|0.1.2|27612|crew_log_7c29c154879f6f5a|0|1786392768.387|95.247|2.976|509325312|541298688|gen_data_7b370dffeb05dac0|__AUTOMETRIC__
__AUTOMETRIC__|0.1.2|27612|crew_log_7c29c154879f6f5a|0|1786392769.397|97.517|3.047|509329408|541302784|gen_data_7b370dffeb05dac0|__AUTOMETRIC__
__AUTOMETRIC__|0.1.2|27612|crew_log_7c29c154879f6f5a|0|1786392770.400|99.662|3.114|509337600|541310976|gen_data_7b370dffeb05dac0|__AUTOMETRIC__
__AUTOMETRIC__|0.1.2|27612|crew_log_7c29c154879f6f5a|0|1786392771.400|96.851|3.027|509325312|541298688|gen_data_7b370dffeb05dac0|__AUTOMETRIC__
__AUTOMETRIC__|0.1.2|27612|crew_log_7c29c154879f6f5a|0|1786392772.406|99.481|3.109|509333504|541306880|gen_data_7b370dffeb05dac0|__AUTOMETRIC__
__AUTOMETRIC__|0.1.2|27612|crew_log_7c29c154879f6f5a|0|1786392773.409|98.070|3.065|509333504|541306880|gen_data_7b370dffeb05dac0|__AUTOMETRIC__
__AUTOMETRIC__|0.1.2|27612|crew_log_7c29c154879f6f5a|0|1786392774.415|97.851|3.058|509337600|541310976|gen_data_7b370dffeb05dac0|__AUTOMETRIC__
__AUTOMETRIC__|0.1.2|27612|crew_log_7c29c154879f6f5a|0|1786392775.420|101.043|3.158|509378560|541351936|gen_data_7b370dffeb05dac0|__AUTOMETRIC__
__AUTOMETRIC__|0.1.2|27612|crew_log_7c29c154879f6f5a|0|1786392776.422|98.241|3.070|509386752|541360128|gen_data_7b370dffeb05dac0|__AUTOMETRIC__
__AUTOMETRIC__|0.1.2|27612|crew_log_7c29c154879f6f5a|0|1786392777.425|96.614|3.019|509128704|541118464|gen_data_7b370dffeb05dac0|__AUTOMETRIC__
__AUTOMETRIC__|0.1.2|27612|crew_log_7c29c154879f6f5a|0|1786392778.431|96.266|3.008|509128704|541118464|gen_data_7b370dffeb05dac0|__AUTOMETRIC__
__AUTOMETRIC__|0.1.2|27612|crew_log_7c29c154879f6f5a|0|1786392779.437|101.056|3.158|509153280|541143040|gen_data_7b370dffeb05dac0|__AUTOMETRIC__
__AUTOMETRIC__|0.1.2|27612|crew_log_7c29c154879f6f5a|0|1786392780.449|97.179|3.037|509181952|541171712|gen_data_7b370dffeb05dac0|__AUTOMETRIC__
__AUTOMETRIC__|0.1.2|27612|crew_log_7c29c154879f6f5a|0|1786392781.456|99.380|3.106|509177856|541167616|gen_data_7b370dffeb05dac0|__AUTOMETRIC__
__AUTOMETRIC__|0.1.2|27612|crew_log_7c29c154879f6f5a|0|1786392782.466|98.999|3.094|509235200|541224960|gen_data_7b370dffeb05dac0|__AUTOMETRIC__
__AUTOMETRIC__|0.1.2|27612|crew_log_7c29c154879f6f5a|0|1786392783.473|99.309|3.103|509276160|541265920|gen_data_7b370dffeb05dac0|__AUTOMETRIC__
__AUTOMETRIC__|0.1.2|27612|crew_log_7c29c154879f6f5a|0|1786392784.487|100.104|3.128|509276160|541265920|gen_data_7b370dffeb05dac0|__AUTOMETRIC__
__AUTOMETRIC__|0.1.2|27612|crew_log_7c29c154879f6f5a|0|1786392785.492|97.968|3.062|509284352|541274112|gen_data_7b370dffeb05dac0|__AUTOMETRIC__
__AUTOMETRIC__|0.1.2|27612|crew_log_7c29c154879f6f5a|0|1786392786.499|99.308|3.103|509288448|541278208|gen_data_7b370dffeb05dac0|__AUTOMETRIC__
__AUTOMETRIC__|0.1.2|27612|crew_log_7c29c154879f6f5a|0|1786392787.504|97.950|3.061|509059072|541036544|gen_data_7b370dffeb05dac0|__AUTOMETRIC__
__AUTOMETRIC__|0.1.2|27612|crew_log_7c29c154879f6f5a|0|1786392788.510|99.385|3.106|509091840|541065216|gen_data_7b370dffeb05dac0|__AUTOMETRIC__
__AUTOMETRIC__|0.1.2|27612|crew_log_7c29c154879f6f5a|0|1786392789.513|101.253|3.164|509091840|541065216|gen_data_7b370dffeb05dac0|__AUTOMETRIC__
__AUTOMETRIC__|0.1.2|27612|crew_log_7c29c154879f6f5a|0|1786392790.521|99.252|3.102|509091840|541065216|gen_data_7b370dffeb05dac0|__AUTOMETRIC__
__AUTOMETRIC__|0.1.2|27612|crew_log_7c29c154879f6f5a|0|1786392791.526|97.957|3.061|509095936|541069312|gen_data_7b370dffeb05dac0|__AUTOMETRIC__
__AUTOMETRIC__|0.1.2|27612|crew_log_7c29c154879f6f5a|0|1786392792.527|101.406|3.169|509120512|541093888|gen_data_7b370dffeb05dac0|__AUTOMETRIC__
__AUTOMETRIC__|0.1.2|27612|crew_log_7c29c154879f6f5a|0|1786392793.530|99.685|3.115|509140992|541122560|gen_data_7b370dffeb05dac0|__AUTOMETRIC__
__AUTOMETRIC__|0.1.2|27612|crew_log_7c29c154879f6f5a|0|1786392794.535|99.588|3.112|509145088|541126656|gen_data_7b370dffeb05dac0|__AUTOMETRIC__
__AUTOMETRIC__|0.1.2|27612|crew_log_7c29c154879f6f5a|0|1786392795.547|100.308|3.135|509136896|541118464|gen_data_7b370dffeb05dac0|__AUTOMETRIC__
__AUTOMETRIC__|0.1.2|27612|crew_log_7c29c154879f6f5a|0|1786392796.560|100.298|3.134|509145088|541126656|gen_data_7b370dffeb05dac0|__AUTOMETRIC__
__AUTOMETRIC__|0.1.2|27612|crew_log_7c29c154879f6f5a|0|1786392797.560|98.407|3.075|509153280|541134848|gen_data_7b370dffeb05dac0|__AUTOMETRIC__
__AUTOMETRIC__|0.1.2|27612|crew_log_7c29c154879f6f5a|0|1786392798.574|98.579|3.081|509161472|541134848|gen_data_7b370dffeb05dac0|__AUTOMETRIC__
__AUTOMETRIC__|0.1.2|27612|crew_log_7c29c154879f6f5a|0|1786392799.590|98.478|3.077|509050880|541040640|gen_data_7b370dffeb05dac0|__AUTOMETRIC__
__AUTOMETRIC__|0.1.2|27612|crew_log_7c29c154879f6f5a|0|1786392800.603|100.234|3.132|509083648|541073408|gen_data_7b370dffeb05dac0|__AUTOMETRIC__
__AUTOMETRIC__|0.1.2|27612|crew_log_7c29c154879f6f5a|0|1786392801.605|99.840|3.120|509054976|541044736|gen_data_7b370dffeb05dac0|__AUTOMETRIC__
__AUTOMETRIC__|0.1.2|27612|crew_log_7c29c154879f6f5a|0|1786392802.606|98.268|3.071|509059072|541048832|gen_data_7b370dffeb05dac0|__AUTOMETRIC__
__AUTOMETRIC__|0.1.2|27612|crew_log_7c29c154879f6f5a|0|1786392803.611|101.074|3.159|509116416|541106176|gen_data_7b370dffeb05dac0|__AUTOMETRIC__
__AUTOMETRIC__|0.1.2|27612|crew_log_7c29c154879f6f5a|0|1786392804.616|99.580|3.112|509095936|541085696|gen_data_7b370dffeb05dac0|__AUTOMETRIC__
__AUTOMETRIC__|0.1.2|27612|crew_log_7c29c154879f6f5a|0|1786392805.622|100.945|3.155|509128704|541118464|gen_data_7b370dffeb05dac0|__AUTOMETRIC__
__AUTOMETRIC__|0.1.2|27612|crew_log_7c29c154879f6f5a|0|1786392806.636|97.043|3.033|509190144|541179904|gen_data_7b370dffeb05dac0|__AUTOMETRIC__
__AUTOMETRIC__|0.1.2|27612|crew_log_7c29c154879f6f5a|0|1786392807.637|104.540|3.267|509194240|541184000|gen_data_7b370dffeb05dac0|__AUTOMETRIC__
__AUTOMETRIC__|0.1.2|27612|crew_log_7c29c154879f6f5a|0|1786392808.652|95.523|2.985|509210624|541184000|gen_data_7b370dffeb05dac0|__AUTOMETRIC__
__AUTOMETRIC__|0.1.2|27612|crew_log_7c29c154879f6f5a|0|1786392809.655|102.799|3.212|509177856|541155328|gen_data_7b370dffeb05dac0|__AUTOMETRIC__
__AUTOMETRIC__|0.1.2|27612|crew_log_7c29c154879f6f5a|0|1786392810.668|98.677|3.084|509165568|541143040|gen_data_7b370dffeb05dac0|__AUTOMETRIC__
__AUTOMETRIC__|0.1.2|27612|crew_log_7c29c154879f6f5a|0|1786392811.671|99.730|3.117|509165568|541143040|gen_data_7b370dffeb05dac0|__AUTOMETRIC__
__AUTOMETRIC__|0.1.2|27612|crew_log_7c29c154879f6f5a|0|1786392812.678|97.693|3.053|509206528|541184000|gen_data_7b370dffeb05dac0|__AUTOMETRIC__
__AUTOMETRIC__|0.1.2|27612|crew_log_7c29c154879f6f5a|0|1786392813.687|99.177|3.099|509222912|541200384|gen_data_7b370dffeb05dac0|__AUTOMETRIC__
__AUTOMETRIC__|0.1.2|27612|crew_log_7c29c154879f6f5a|0|1786392814.694|99.313|3.104|509235200|541212672|gen_data_7b370dffeb05dac0|__AUTOMETRIC__
__AUTOMETRIC__|0.1.2|27612|crew_log_7c29c154879f6f5a|0|1786392815.702|97.619|3.051|509304832|541282304|gen_data_7b370dffeb05dac0|__AUTOMETRIC__
__AUTOMETRIC__|0.1.2|27612|crew_log_7c29c154879f6f5a|0|1786392816.707|99.533|3.110|509333504|541310976|gen_data_7b370dffeb05dac0|__AUTOMETRIC__
__AUTOMETRIC__|0.1.2|27612|crew_log_7c29c154879f6f5a|0|1786392817.712|97.926|3.060|509288448|541265920|gen_data_7b370dffeb05dac0|__AUTOMETRIC__
__AUTOMETRIC__|0.1.2|27612|crew_log_7c29c154879f6f5a|0|1786392818.720|96.127|3.004|509333504|541310976|gen_data_7b370dffeb05dac0|__AUTOMETRIC__
__AUTOMETRIC__|0.1.2|27612|crew_log_7c29c154879f6f5a|0|1786392819.728|99.221|3.101|509337600|541310976|gen_data_7b370dffeb05dac0|__AUTOMETRIC__
__AUTOMETRIC__|0.1.2|27612|crew_log_7c29c154879f6f5a|0|1786392820.736|100.740|3.148|509136896|541110272|gen_data_7b370dffeb05dac0|__AUTOMETRIC__
__AUTOMETRIC__|0.1.2|27612|crew_log_7c29c154879f6f5a|0|1786392821.742|97.838|3.057|509140992|541114368|gen_data_7b370dffeb05dac0|__AUTOMETRIC__
__AUTOMETRIC__|0.1.2|27612|crew_log_7c29c154879f6f5a|0|1786392822.747|101.099|3.159|509132800|541106176|gen_data_7b370dffeb05dac0|__AUTOMETRIC__
__AUTOMETRIC__|0.1.2|27612|crew_log_7c29c154879f6f5a|0|1786392823.759|98.759|3.086|509136896|541110272|gen_data_7b370dffeb05dac0|__AUTOMETRIC__
__AUTOMETRIC__|0.1.2|27612|crew_log_7c29c154879f6f5a|0|1786392824.764|99.528|3.110|509214720|541188096|gen_data_7b370dffeb05dac0|__AUTOMETRIC__
__AUTOMETRIC__|0.1.2|27612|crew_log_7c29c154879f6f5a|0|1786392825.772|94.534|2.954|509140992|541114368|gen_data_7b370dffeb05dac0|__AUTOMETRIC__
__AUTOMETRIC__|0.1.2|27612|crew_log_7c29c154879f6f5a|0|1786392826.777|97.939|3.061|509177856|541155328|gen_data_7b370dffeb05dac0|__AUTOMETRIC__
__AUTOMETRIC__|0.1.2|27612|crew_log_7c29c154879f6f5a|0|1786392827.781|99.576|3.112|509181952|541159424|gen_data_7b370dffeb05dac0|__AUTOMETRIC__
__AUTOMETRIC__|0.1.2|27612|crew_log_7c29c154879f6f5a|0|1786392828.787|97.886|3.059|509186048|541163520|gen_data_7b370dffeb05dac0|__AUTOMETRIC__
__AUTOMETRIC__|0.1.2|27612|crew_log_7c29c154879f6f5a|0|1786392829.794|100.845|3.151|509181952|541159424|gen_data_7b370dffeb05dac0|__AUTOMETRIC__
__AUTOMETRIC__|0.1.2|27612|crew_log_7c29c154879f6f5a|0|1786392830.802|99.177|3.099|509120512|541106176|gen_data_7b370dffeb05dac0|__AUTOMETRIC__
__AUTOMETRIC__|0.1.2|27612|crew_log_7c29c154879f6f5a|0|1786392831.816|100.246|3.133|509145088|541130752|gen_data_7b370dffeb05dac0|__AUTOMETRIC__
__AUTOMETRIC__|0.1.2|27612|crew_log_7c29c154879f6f5a|0|1786392832.829|98.720|3.085|509108224|541093888|gen_data_7b370dffeb05dac0|__AUTOMETRIC__
__AUTOMETRIC__|0.1.2|27612|crew_log_7c29c154879f6f5a|0|1786392833.837|99.138|3.098|509120512|541106176|gen_data_7b370dffeb05dac0|__AUTOMETRIC__
__AUTOMETRIC__|0.1.2|27612|crew_log_7c29c154879f6f5a|0|1786392834.841|99.658|3.114|509161472|541147136|gen_data_7b370dffeb05dac0|__AUTOMETRIC__
__AUTOMETRIC__|0.1.2|27612|crew_log_7c29c154879f6f5a|0|1786392835.842|99.874|3.121|509136896|541122560|gen_data_7b370dffeb05dac0|__AUTOMETRIC__
__AUTOMETRIC__|0.1.2|27612|crew_log_7c29c154879f6f5a|0|1786392836.853|98.886|3.090|509186048|541171712|gen_data_7b370dffeb05dac0|__AUTOMETRIC__
__AUTOMETRIC__|0.1.2|27612|crew_log_7c29c154879f6f5a|0|1786392837.859|100.952|3.155|509227008|541212672|gen_data_7b370dffeb05dac0|__AUTOMETRIC__
__AUTOMETRIC__|0.1.2|27612|crew_log_7c29c154879f6f5a|0|1786392838.874|100.087|3.128|509235200|541220864|gen_data_7b370dffeb05dac0|__AUTOMETRIC__
__AUTOMETRIC__|0.1.2|27612|crew_log_7c29c154879f6f5a|0|1786392839.884|99.023|3.094|509276160|541261824|gen_data_7b370dffeb05dac0|__AUTOMETRIC__
__AUTOMETRIC__|0.1.2|27612|crew_log_7c29c154879f6f5a|0|1786392840.886|99.741|3.117|509292544|541265920|gen_data_7b370dffeb05dac0|__AUTOMETRIC__
__AUTOMETRIC__|0.1.2|27612|crew_log_7c29c154879f6f5a|0|1786392841.891|101.079|3.159|509153280|541134848|gen_data_7b370dffeb05dac0|__AUTOMETRIC__
__AUTOMETRIC__|0.1.2|27612|crew_log_7c29c154879f6f5a|0|1786392842.901|99.050|3.095|509169664|541151232|gen_data_7b370dffeb05dac0|__AUTOMETRIC__
__AUTOMETRIC__|0.1.2|27612|crew_log_7c29c154879f6f5a|0|1786392843.905|102.727|3.210|509161472|541143040|gen_data_7b370dffeb05dac0|__AUTOMETRIC__
__AUTOMETRIC__|0.1.2|27612|crew_log_7c29c154879f6f5a|0|1786392844.909|99.551|3.111|509173760|541155328|gen_data_7b370dffeb05dac0|__AUTOMETRIC__
__AUTOMETRIC__|0.1.2|27612|crew_log_7c29c154879f6f5a|0|1786392845.923|100.217|3.132|509177856|541159424|gen_data_7b370dffeb05dac0|__AUTOMETRIC__
__AUTOMETRIC__|0.1.2|27612|crew_log_7c29c154879f6f5a|0|1786392846.930|96.134|3.004|509157376|541138944|gen_data_7b370dffeb05dac0|__AUTOMETRIC__
__AUTOMETRIC__|0.1.2|27612|crew_log_7c29c154879f6f5a|0|1786392847.942|98.800|3.087|509165568|541147136|gen_data_7b370dffeb05dac0|__AUTOMETRIC__
__AUTOMETRIC__|0.1.2|27612|crew_log_7c29c154879f6f5a|0|1786392848.948|99.496|3.109|509169664|541151232|gen_data_7b370dffeb05dac0|__AUTOMETRIC__
__AUTOMETRIC__|0.1.2|27612|crew_log_7c29c154879f6f5a|0|1786392849.957|100.618|3.144|509165568|541147136|gen_data_7b370dffeb05dac0|__AUTOMETRIC__
__AUTOMETRIC__|0.1.2|27612|crew_log_7c29c154879f6f5a|0|1786392850.964|99.335|3.104|509169664|541151232|gen_data_7b370dffeb05dac0|__AUTOMETRIC__
__AUTOMETRIC__|0.1.2|27612|crew_log_7c29c154879f6f5a|0|1786392851.967|99.639|3.114|509104128|541077504|gen_data_7b370dffeb05dac0|__AUTOMETRIC__
__AUTOMETRIC__|0.1.2|27612|crew_log_7c29c154879f6f5a|0|1786392852.974|99.287|3.103|509100032|541073408|gen_data_7b370dffeb05dac0|__AUTOMETRIC__
__AUTOMETRIC__|0.1.2|27612|crew_log_7c29c154879f6f5a|0|1786392853.985|100.456|3.139|509100032|541073408|gen_data_7b370dffeb05dac0|__AUTOMETRIC__
__AUTOMETRIC__|0.1.2|27612|crew_log_7c29c154879f6f5a|0|1786392855.001|100.049|3.127|509124608|541097984|gen_data_7b370dffeb05dac0|__AUTOMETRIC__
__AUTOMETRIC__|0.1.2|27612|crew_log_7c29c154879f6f5a|0|1786392856.004|98.146|3.067|509153280|541126656|gen_data_7b370dffeb05dac0|__AUTOMETRIC__
__AUTOMETRIC__|0.1.2|27612|crew_log_7c29c154879f6f5a|0|1786392857.004|98.384|3.075|509165568|541138944|gen_data_7b370dffeb05dac0|__AUTOMETRIC__
__AUTOMETRIC__|0.1.2|27612|crew_log_7c29c154879f6f5a|0|1786392858.014|100.584|3.143|509157376|541130752|gen_data_7b370dffeb05dac0|__AUTOMETRIC__
__AUTOMETRIC__|0.1.2|27612|crew_log_7c29c154879f6f5a|0|1786392859.026|98.829|3.088|509136896|541110272|gen_data_7b370dffeb05dac0|__AUTOMETRIC__
__AUTOMETRIC__|0.1.2|27612|crew_log_7c29c154879f6f5a|0|1786392860.028|99.806|3.119|509169664|541143040|gen_data_7b370dffeb05dac0|__AUTOMETRIC__
__AUTOMETRIC__|0.1.2|27612|crew_log_7c29c154879f6f5a|0|1786392861.030|99.807|3.119|509169664|541143040|gen_data_7b370dffeb05dac0|__AUTOMETRIC__
__AUTOMETRIC__|0.1.2|27612|crew_log_7c29c154879f6f5a|0|1786392862.033|98.054|3.064|509149184|541122560|gen_data_7b370dffeb05dac0|__AUTOMETRIC__
__AUTOMETRIC__|0.1.2|27612|crew_log_7c29c154879f6f5a|0|1786392863.035|98.254|3.070|509034496|541007872|gen_data_7b370dffeb05dac0|__AUTOMETRIC__
__AUTOMETRIC__|0.1.2|27612|crew_log_7c29c154879f6f5a|0|1786392864.042|97.836|3.057|509075456|541048832|gen_data_7b370dffeb05dac0|__AUTOMETRIC__
__AUTOMETRIC__|0.1.2|27612|crew_log_7c29c154879f6f5a|0|1786392865.048|100.865|3.152|509050880|541024256|gen_data_7b370dffeb05dac0|__AUTOMETRIC__
__AUTOMETRIC__|0.1.2|27612|crew_log_7c29c154879f6f5a|0|1786392866.055|99.357|3.105|509128704|541102080|gen_data_7b370dffeb05dac0|__AUTOMETRIC__
__AUTOMETRIC__|0.1.2|27612|crew_log_7c29c154879f6f5a|0|1786392867.068|100.291|3.134|509190144|541163520|gen_data_7b370dffeb05dac0|__AUTOMETRIC__
__AUTOMETRIC__|0.1.2|27612|crew_log_7c29c154879f6f5a|0|1786392868.074|99.386|3.106|509149184|541122560|gen_data_7b370dffeb05dac0|__AUTOMETRIC__
__AUTOMETRIC__|0.1.2|27612|crew_log_7c29c154879f6f5a|0|1786392869.077|101.240|3.164|509169664|541143040|gen_data_7b370dffeb05dac0|__AUTOMETRIC__
__AUTOMETRIC__|0.1.2|27612|crew_log_7c29c154879f6f5a|0|1786392870.079|98.232|3.070|509210624|541184000|gen_data_7b370dffeb05dac0|__AUTOMETRIC__
__AUTOMETRIC__|0.1.2|27612|crew_log_7c29c154879f6f5a|0|1786392871.079|99.981|3.124|509198336|541171712|gen_data_7b370dffeb05dac0|__AUTOMETRIC__
__AUTOMETRIC__|0.1.2|27612|crew_log_7c29c154879f6f5a|0|1786392872.094|100.068|3.127|509218816|541192192|gen_data_7b370dffeb05dac0|__AUTOMETRIC__
__AUTOMETRIC__|0.1.2|27612|crew_log_7c29c154879f6f5a|0|1786392873.106|100.339|3.136|509165568|541147136|gen_data_7b370dffeb05dac0|__AUTOMETRIC__
__AUTOMETRIC__|0.1.2|27612|crew_log_7c29c154879f6f5a|0|1786392874.120|97.110|3.035|509153280|541134848|gen_data_7b370dffeb05dac0|__AUTOMETRIC__
__AUTOMETRIC__|0.1.2|27612|crew_log_7c29c154879f6f5a|0|1786392875.133|100.226|3.132|509186048|541167616|gen_data_7b370dffeb05dac0|__AUTOMETRIC__
__AUTOMETRIC__|0.1.2|27612|crew_log_7c29c154879f6f5a|0|1786392876.134|99.959|3.124|509235200|541216768|gen_data_7b370dffeb05dac0|__AUTOMETRIC__
__AUTOMETRIC__|0.1.2|27612|crew_log_7c29c154879f6f5a|0|1786392877.135|99.912|3.122|509190144|541171712|gen_data_7b370dffeb05dac0|__AUTOMETRIC__
__AUTOMETRIC__|0.1.2|27612|crew_log_7c29c154879f6f5a|0|1786392878.135|98.360|3.074|509194240|541175808|gen_data_7b370dffeb05dac0|__AUTOMETRIC__
__AUTOMETRIC__|0.1.2|27612|crew_log_7c29c154879f6f5a|0|1786392879.138|101.277|3.165|509190144|541171712|gen_data_7b370dffeb05dac0|__AUTOMETRIC__
__AUTOMETRIC__|0.1.2|27612|crew_log_7c29c154879f6f5a|0|1786392880.145|97.746|3.055|509194240|541175808|gen_data_7b370dffeb05dac0|__AUTOMETRIC__
__AUTOMETRIC__|0.1.2|27612|crew_log_7c29c154879f6f5a|0|1786392881.159|98.645|3.083|509194240|541175808|gen_data_7b370dffeb05dac0|__AUTOMETRIC__
__AUTOMETRIC__|0.1.2|27612|crew_log_7c29c154879f6f5a|0|1786392882.171|98.792|3.087|509194240|541175808|gen_data_7b370dffeb05dac0|__AUTOMETRIC__
__AUTOMETRIC__|0.1.2|27612|crew_log_7c29c154879f6f5a|0|1786392883.174|98.192|3.069|508956672|540938240|gen_data_7b370dffeb05dac0|__AUTOMETRIC__
__AUTOMETRIC__|0.1.2|27612|crew_log_7c29c154879f6f5a|0|1786392884.177|98.165|3.068|509026304|540999680|gen_data_7b370dffeb05dac0|__AUTOMETRIC__
__AUTOMETRIC__|0.1.2|27612|crew_log_7c29c154879f6f5a|0|1786392885.191|100.163|3.130|509034496|541007872|gen_data_7b370dffeb05dac0|__AUTOMETRIC__
__AUTOMETRIC__|0.1.2|27612|crew_log_7c29c154879f6f5a|0|1786392886.202|98.901|3.091|509026304|540999680|gen_data_7b370dffeb05dac0|__AUTOMETRIC__
__AUTOMETRIC__|0.1.2|27612|crew_log_7c29c154879f6f5a|0|1786392887.202|99.936|3.123|509034496|541007872|gen_data_7b370dffeb05dac0|__AUTOMETRIC__
__AUTOMETRIC__|0.1.2|27612|crew_log_7c29c154879f6f5a|0|1786392888.217|100.089|3.128|509050880|541032448|gen_data_7b370dffeb05dac0|__AUTOMETRIC__
__AUTOMETRIC__|0.1.2|27612|crew_log_7c29c154879f6f5a|0|1786392889.233|98.454|3.077|509046784|541028352|gen_data_7b370dffeb05dac0|__AUTOMETRIC__
__AUTOMETRIC__|0.1.2|27612|crew_log_7c29c154879f6f5a|0|1786392890.233|98.417|3.076|509063168|541044736|gen_data_7b370dffeb05dac0|__AUTOMETRIC__
__AUTOMETRIC__|0.1.2|27612|crew_log_7c29c154879f6f5a|0|1786392891.237|97.992|3.062|509059072|541040640|gen_data_7b370dffeb05dac0|__AUTOMETRIC__
__AUTOMETRIC__|0.1.2|27612|crew_log_7c29c154879f6f5a|0|1786392892.252|100.075|3.127|509050880|541032448|gen_data_7b370dffeb05dac0|__AUTOMETRIC__
__AUTOMETRIC__|0.1.2|27612|crew_log_7c29c154879f6f5a|0|1786392893.266|98.655|3.083|509071360|541044736|gen_data_7b370dffeb05dac0|__AUTOMETRIC__
__AUTOMETRIC__|0.1.2|27612|crew_log_7c29c154879f6f5a|0|1786392894.277|97.404|3.044|509030400|541003776|gen_data_7b370dffeb05dac0|__AUTOMETRIC__
__AUTOMETRIC__|0.1.2|27612|crew_log_7c29c154879f6f5a|0|1786392895.282|100.987|3.156|508989440|540962816|gen_data_7b370dffeb05dac0|__AUTOMETRIC__
__AUTOMETRIC__|0.1.2|27612|crew_log_7c29c154879f6f5a|0|1786392896.297|100.071|3.127|509001728|540975104|gen_data_7b370dffeb05dac0|__AUTOMETRIC__
__AUTOMETRIC__|0.1.2|27612|crew_log_7c29c154879f6f5a|0|1786392897.313|100.027|3.126|509067264|541040640|gen_data_7b370dffeb05dac0|__AUTOMETRIC__
__AUTOMETRIC__|0.1.2|27612|crew_log_7c29c154879f6f5a|0|1786392898.325|98.818|3.088|509046784|541020160|gen_data_7b370dffeb05dac0|__AUTOMETRIC__
__AUTOMETRIC__|0.1.2|27612|crew_log_7c29c154879f6f5a|0|1786392899.326|99.898|3.122|509046784|541020160|gen_data_7b370dffeb05dac0|__AUTOMETRIC__
__AUTOMETRIC__|0.1.2|27612|crew_log_7c29c154879f6f5a|0|1786392900.327|98.257|3.071|509059072|541032448|gen_data_7b370dffeb05dac0|__AUTOMETRIC__
__AUTOMETRIC__|0.1.2|27612|crew_log_7c29c154879f6f5a|0|1786392901.333|99.423|3.107|509059072|541032448|gen_data_7b370dffeb05dac0|__AUTOMETRIC__
__AUTOMETRIC__|0.1.2|27612|crew_log_7c29c154879f6f5a|0|1786392902.334|96.795|3.025|509108224|541081600|gen_data_7b370dffeb05dac0|__AUTOMETRIC__
__AUTOMETRIC__|0.1.2|27612|crew_log_7c29c154879f6f5a|0|1786392903.343|95.964|2.999|509173760|541147136|gen_data_7b370dffeb05dac0|__AUTOMETRIC__
__AUTOMETRIC__|0.1.2|27612|crew_log_7c29c154879f6f5a|0|1786392904.358|100.151|3.130|509005824|540979200|gen_data_7b370dffeb05dac0|__AUTOMETRIC__
__AUTOMETRIC__|0.1.2|27612|crew_log_7c29c154879f6f5a|0|1786392905.360|99.772|3.118|509059072|541032448|gen_data_7b370dffeb05dac0|__AUTOMETRIC__
__AUTOMETRIC__|0.1.2|27612|crew_log_7c29c154879f6f5a|0|1786392906.373|100.261|3.133|509071360|541044736|gen_data_7b370dffeb05dac0|__AUTOMETRIC__
__AUTOMETRIC__|0.1.2|27612|crew_log_7c29c154879f6f5a|0|1786392907.388|100.092|3.128|509149184|541122560|gen_data_7b370dffeb05dac0|__AUTOMETRIC__
__AUTOMETRIC__|0.1.2|27612|crew_log_7c29c154879f6f5a|0|1786392908.391|98.123|3.066|509116416|541089792|gen_data_7b370dffeb05dac0|__AUTOMETRIC__
__AUTOMETRIC__|0.1.2|27612|crew_log_7c29c154879f6f5a|0|1786392909.404|100.230|3.132|509100032|541073408|gen_data_7b370dffeb05dac0|__AUTOMETRIC__
__AUTOMETRIC__|0.1.2|27612|crew_log_7c29c154879f6f5a|0|1786392910.410|97.830|3.057|509145088|541118464|gen_data_7b370dffeb05dac0|__AUTOMETRIC__
__AUTOMETRIC__|0.1.2|27612|crew_log_7c29c154879f6f5a|0|1786392911.412|99.816|3.119|509181952|541155328|gen_data_7b370dffeb05dac0|__AUTOMETRIC__
__AUTOMETRIC__|0.1.2|27612|crew_log_7c29c154879f6f5a|0|1786392912.421|100.632|3.145|509145088|541118464|gen_data_7b370dffeb05dac0|__AUTOMETRIC__
__AUTOMETRIC__|0.1.2|27612|crew_log_7c29c154879f6f5a|0|1786392913.436|100.103|3.128|509083648|541057024|gen_data_7b370dffeb05dac0|__AUTOMETRIC__
__AUTOMETRIC__|0.1.2|27612|crew_log_7c29c154879f6f5a|0|1786392914.451|98.501|3.078|509087744|541061120|gen_data_7b370dffeb05dac0|__AUTOMETRIC__
__AUTOMETRIC__|0.1.2|27612|crew_log_7c29c154879f6f5a|0|1786392915.458|99.283|3.103|509161472|541134848|gen_data_7b370dffeb05dac0|__AUTOMETRIC__
__AUTOMETRIC__|0.1.2|27612|crew_log_7c29c154879f6f5a|0|1786392916.461|54.546|1.705|625176576|657469440|compiled_brms_models_49671f87234ddcd0|__AUTOMETRIC__
__AUTOMETRIC__|0.1.2|27612|crew_log_7c29c154879f6f5a|0|1786392917.464|99.726|3.116|831406080|864235520|compiled_brms_models_49671f87234ddcd0|__AUTOMETRIC__
__AUTOMETRIC__|0.1.2|27612|crew_log_7c29c154879f6f5a|0|1786392918.480|98.418|3.076|983248896|1016471552|compiled_brms_models_49671f87234ddcd0|__AUTOMETRIC__
__AUTOMETRIC__|0.1.2|27612|crew_log_7c29c154879f6f5a|0|1786392919.494|98.643|3.083|1373306880|1412071424|compiled_brms_models_49671f87234ddcd0|__AUTOMETRIC__
__AUTOMETRIC__|0.1.2|27612|crew_log_7c29c154879f6f5a|0|1786392920.501|125.604|3.925|1436286976|1457635328|compiled_brms_models_49671f87234ddcd0|__AUTOMETRIC__
__AUTOMETRIC__|0.1.2|27612|crew_log_7c29c154879f6f5a|0|1786392968.949|4.633|0.145|1474396160|1495318528|compiled_brms_models_49671f87234ddcd0|__AUTOMETRIC__
__AUTOMETRIC__|0.1.2|27612|crew_log_7c29c154879f6f5a|0|1786392969.960|7.729|0.242|1474772992|1495539712|compiled_brms_models_49671f87234ddcd0|__AUTOMETRIC__
__AUTOMETRIC__|0.1.2|27612|crew_log_7c29c154879f6f5a|0|1786392970.972|98.802|3.088|1590685696|1611292672|compiled_brms_models_49671f87234ddcd0|__AUTOMETRIC__
__AUTOMETRIC__|0.1.2|27612|crew_log_7c29c154879f6f5a|0|1786392971.985|100.282|3.134|1598345216|1618841600|compiled_brms_models_49671f87234ddcd0|__AUTOMETRIC__
__AUTOMETRIC__|0.1.2|27612|crew_log_7c29c154879f6f5a|0|1786392972.995|95.877|2.996|1851666432|1872744448|compiled_brms_models_f09a6a51bf633a57|__AUTOMETRIC__
__AUTOMETRIC__|0.1.2|27612|crew_log_7c29c154879f6f5a|0|1786392973.999|94.979|2.968|1788026880|1809068032|compiled_brms_models_f09a6a51bf633a57|__AUTOMETRIC__
__AUTOMETRIC__|0.1.2|27612|crew_log_7c29c154879f6f5a|0|1786393020.392|4.633|0.145|1858740224|1879040000|compiled_brms_models_f09a6a51bf633a57|__AUTOMETRIC__
__AUTOMETRIC__|0.1.2|27612|crew_log_7c29c154879f6f5a|0|1786393021.400|1.550|0.048|1858002944|1878167552|compiled_brms_models_f09a6a51bf633a57|__AUTOMETRIC__
__AUTOMETRIC__|0.1.2|27612|crew_log_7c29c154879f6f5a|0|1786393022.409|68.127|2.129|2120466432|2141437952|compiled_brms_models_f09a6a51bf633a57|__AUTOMETRIC__
__AUTOMETRIC__|0.1.2|27612|crew_log_7c29c154879f6f5a|0|1786393023.411|96.650|3.020|2134675456|2156052480|compiled_brms_models_f09a6a51bf633a57|__AUTOMETRIC__
__AUTOMETRIC__|0.1.2|27612|crew_log_7c29c154879f6f5a|0|1786393024.427|89.184|2.787|2242097152|2262806528|compiled_brms_models_199b3f880a756d5a|__AUTOMETRIC__
__AUTOMETRIC__|0.1.2|27612|crew_log_7c29c154879f6f5a|0|1786393025.441|101.744|3.180|2021818368|2042265600|compiled_brms_models_199b3f880a756d5a|__AUTOMETRIC__
__AUTOMETRIC__|0.1.2|27612|crew_log_7c29c154879f6f5a|0|1786393073.798|6.245|0.195|1979564032|2002673664|compiled_brms_models_199b3f880a756d5a|__AUTOMETRIC__
__AUTOMETRIC__|0.1.2|27612|crew_log_7c29c154879f6f5a|0|1786393074.812|63.173|1.974|2032594944|2056232960|compiled_brms_models_199b3f880a756d5a|__AUTOMETRIC__
__AUTOMETRIC__|0.1.2|27612|crew_log_7c29c154879f6f5a|0|1786393075.814|99.813|3.119|2039611392|2062753792|compiled_brms_models_199b3f880a756d5a|__AUTOMETRIC__
__AUTOMETRIC__|0.1.2|27612|crew_log_7c29c154879f6f5a|0|1786393076.823|94.413|2.950|2135150592|2158067712|compiled_brms_models_d069cb85a1bf488e|__AUTOMETRIC__
__AUTOMETRIC__|0.1.2|27612|crew_log_7c29c154879f6f5a|0|1786393077.828|98.043|3.064|2036436992|2059927552|compiled_brms_models_d069cb85a1bf488e|__AUTOMETRIC__
__AUTOMETRIC__|0.1.2|27612|crew_log_7c29c154879f6f5a|0|1786393125.245|6.244|0.195|1964179456|1987723264|compiled_brms_models_d069cb85a1bf488e|__AUTOMETRIC__
__AUTOMETRIC__|0.1.2|27612|crew_log_7c29c154879f6f5a|0|1786393126.254|43.389|1.356|1987993600|2011750400|compiled_brms_models_d069cb85a1bf488e|__AUTOMETRIC__
__AUTOMETRIC__|0.1.2|27612|crew_log_7c29c154879f6f5a|0|1786393127.268|100.172|3.130|2022006784|2045198336|compiled_brms_models_d069cb85a1bf488e|__AUTOMETRIC__
__AUTOMETRIC__|0.1.2|27612|crew_log_7c29c154879f6f5a|0|1786393128.281|94.023|2.938|2126577664|2149879808|compiled_brms_models_5c12e812fd8c8fa6|__AUTOMETRIC__
__AUTOMETRIC__|0.1.2|27612|crew_log_7c29c154879f6f5a|0|1786393129.287|99.388|3.106|2079002624|2103160832|compiled_brms_models_5c12e812fd8c8fa6|__AUTOMETRIC__
__AUTOMETRIC__|0.1.2|27612|crew_log_7c29c154879f6f5a|0|1786393169.548|3.100|0.097|1972973568|1996525568|compiled_brms_models_5c12e812fd8c8fa6|__AUTOMETRIC__
__AUTOMETRIC__|0.1.2|27612|crew_log_7c29c154879f6f5a|0|1786393170.563|44.643|1.395|1990397952|2013933568|compiled_brms_models_5c12e812fd8c8fa6|__AUTOMETRIC__
__AUTOMETRIC__|0.1.2|27612|crew_log_7c29c154879f6f5a|0|1786393171.577|100.109|3.128|2022236160|2045321216|compiled_brms_models_5c12e812fd8c8fa6|__AUTOMETRIC__
__AUTOMETRIC__|0.1.2|27612|crew_log_7c29c154879f6f5a|0|1786393172.578|23.419|0.732|2083479552|2106638336|sim_data_b8000ed69b204c49|__AUTOMETRIC__
__AUTOMETRIC__|0.1.2|27612|crew_log_7c29c154879f6f5a|0|1786393173.594|99.986|3.125|2120667136|2143387648|sim_data_b8000ed69b204c49|__AUTOMETRIC__
__AUTOMETRIC__|0.1.2|27612|crew_log_7c29c154879f6f5a|0|1786393174.602|102.332|3.198|2074312704|2096959488|sim_data_b8000ed69b204c49|__AUTOMETRIC__
__AUTOMETRIC__|0.1.2|27612|crew_log_7c29c154879f6f5a|0|1786393175.607|102.605|3.206|1753501696|1776148480|sim_data_b8000ed69b204c49|__AUTOMETRIC__
__AUTOMETRIC__|0.1.2|27612|crew_log_7c29c154879f6f5a|0|1786393176.614|99.293|3.103|2122801152|2145447936|sim_data_b8000ed69b204c49|__AUTOMETRIC__
__AUTOMETRIC__|0.1.2|27612|crew_log_7c29c154879f6f5a|0|1786393177.624|98.973|3.093|2122661888|2145308672|sim_data_b8000ed69b204c49|__AUTOMETRIC__
__AUTOMETRIC__|0.1.2|27612|crew_log_7c29c154879f6f5a|0|1786393178.638|97.065|3.033|2561314816|2585321472|sim_data_b8000ed69b204c49|__AUTOMETRIC__
__AUTOMETRIC__|0.1.2|27612|crew_log_7c29c154879f6f5a|0|1786393179.652|98.646|3.083|2850557952|2874871808|sim_data_b8000ed69b204c49|__AUTOMETRIC__
__AUTOMETRIC__|0.1.2|27612|crew_log_7c29c154879f6f5a|0|1786393180.655|99.661|3.114|3089051648|3114369024|sim_data_b8000ed69b204c49|__AUTOMETRIC__
__AUTOMETRIC__|0.1.2|27612|crew_log_7c29c154879f6f5a|0|1786393181.664|99.106|3.097|3092893696|3118419968|sim_data_b8000ed69b204c49|__AUTOMETRIC__
__AUTOMETRIC__|0.1.2|27612|crew_log_7c29c154879f6f5a|0|1786393182.670|100.955|3.155|3735076864|3761668096|sim_data_b8000ed69b204c49|__AUTOMETRIC__
__AUTOMETRIC__|0.1.2|27612|crew_log_7c29c154879f6f5a|0|1786393183.685|100.113|3.129|3735076864|3761668096|sim_data_b8000ed69b204c49|__AUTOMETRIC__
__AUTOMETRIC__|0.1.2|27612|crew_log_7c29c154879f6f5a|0|1786393184.700|100.042|3.126|4243709952|4271800320|sim_data_b8000ed69b204c49|__AUTOMETRIC__
__AUTOMETRIC__|0.1.2|27612|crew_log_7c29c154879f6f5a|0|1786393185.710|95.890|2.997|206405632|234962944|sim_data_b8000ed69b204c49|__AUTOMETRIC__
__AUTOMETRIC__|0.1.2|27612|crew_log_7c29c154879f6f5a|0|1786393186.716|100.990|3.156|206336000|234876928|sim_data_b8000ed69b204c49|__AUTOMETRIC__
__AUTOMETRIC__|0.1.2|27612|crew_log_7c29c154879f6f5a|0|1786393187.725|99.121|3.098|623202304|652947456|sim_data_b8000ed69b204c49|__AUTOMETRIC__
__AUTOMETRIC__|0.1.2|27612|crew_log_7c29c154879f6f5a|0|1786393188.734|100.651|3.145|1127383040|1158426624|sim_data_b8000ed69b204c49|__AUTOMETRIC__
__AUTOMETRIC__|0.1.2|27612|crew_log_7c29c154879f6f5a|0|1786393189.737|98.116|3.066|1127202816|1158115328|sim_data_b8000ed69b204c49|__AUTOMETRIC__
__AUTOMETRIC__|0.1.2|27612|crew_log_7c29c154879f6f5a|0|1786393190.750|100.325|3.135|1127211008|1158123520|sim_data_b8000ed69b204c49|__AUTOMETRIC__
__AUTOMETRIC__|0.1.2|27612|crew_log_7c29c154879f6f5a|0|1786393191.761|100.445|3.139|1505685504|1537703936|sim_data_b8000ed69b204c49|__AUTOMETRIC__
__AUTOMETRIC__|0.1.2|27612|crew_log_7c29c154879f6f5a|0|1786393192.775|98.571|3.080|2227417088|2261295104|sim_data_b8000ed69b204c49|__AUTOMETRIC__
__AUTOMETRIC__|0.1.2|27612|crew_log_7c29c154879f6f5a|0|1786393193.781|102.573|3.205|2226909184|2260656128|sim_data_b8000ed69b204c49|__AUTOMETRIC__
__AUTOMETRIC__|0.1.2|27612|crew_log_7c29c154879f6f5a|0|1786393194.782|99.858|3.121|2226909184|2260656128|sim_data_b8000ed69b204c49|__AUTOMETRIC__
__AUTOMETRIC__|0.1.2|27612|crew_log_7c29c154879f6f5a|0|1786393195.796|100.151|3.130|2226839552|2260586496|sim_data_b8000ed69b204c49|__AUTOMETRIC__
__AUTOMETRIC__|0.1.2|27612|crew_log_7c29c154879f6f5a|0|1786393196.805|97.580|3.049|2861998080|2897379328|sim_data_b8000ed69b204c49|__AUTOMETRIC__
__AUTOMETRIC__|0.1.2|27612|crew_log_7c29c154879f6f5a|0|1786393197.810|99.530|3.110|3558207488|3596886016|sim_data_b8000ed69b204c49|__AUTOMETRIC__
__AUTOMETRIC__|0.1.2|27612|crew_log_7c29c154879f6f5a|0|1786393198.817|99.281|3.103|3557625856|3595767808|sim_data_b8000ed69b204c49|__AUTOMETRIC__
__AUTOMETRIC__|0.1.2|27612|crew_log_7c29c154879f6f5a|0|1786393199.832|100.030|3.126|3557625856|3595767808|sim_data_b8000ed69b204c49|__AUTOMETRIC__
__AUTOMETRIC__|0.1.2|27612|crew_log_7c29c154879f6f5a|0|1786393200.838|100.986|3.156|3557236736|3595378688|sim_data_b8000ed69b204c49|__AUTOMETRIC__
__AUTOMETRIC__|0.1.2|27612|crew_log_7c29c154879f6f5a|0|1786393201.853|100.058|3.127|3557236736|3595378688|sim_data_b8000ed69b204c49|__AUTOMETRIC__
__AUTOMETRIC__|0.1.2|27612|crew_log_7c29c154879f6f5a|0|1786393202.864|101.959|3.186|20185088|60280832|sim_data_b8000ed69b204c49|__AUTOMETRIC__
__AUTOMETRIC__|0.1.2|27612|crew_log_7c29c154879f6f5a|0|1786393203.867|99.698|3.116|844955648|887373824|sim_data_b8000ed69b204c49|__AUTOMETRIC__
__AUTOMETRIC__|0.1.2|27612|crew_log_7c29c154879f6f5a|0|1786393204.883|101.529|3.173|850423808|892661760|sim_data_b8000ed69b204c49|__AUTOMETRIC__
__AUTOMETRIC__|0.1.2|27612|crew_log_7c29c154879f6f5a|0|1786393205.895|100.358|3.136|850423808|892661760|sim_data_b8000ed69b204c49|__AUTOMETRIC__
__AUTOMETRIC__|0.1.2|27612|crew_log_7c29c154879f6f5a|0|1786393206.900|99.490|3.109|741007360|892424192|sim_data_b8000ed69b204c49|__AUTOMETRIC__
__AUTOMETRIC__|0.1.2|27612|crew_log_7c29c154879f6f5a|0|1786393207.906|100.964|3.155|728231936|892424192|sim_data_b8000ed69b204c49|__AUTOMETRIC__
__AUTOMETRIC__|0.1.2|27612|crew_log_7c29c154879f6f5a|0|1786393208.918|98.864|3.089|728236032|892428288|sim_data_b8000ed69b204c49|__AUTOMETRIC__
__AUTOMETRIC__|0.1.2|27612|crew_log_7c29c154879f6f5a|0|1786393209.926|100.677|3.146|728211456|892403712|sim_data_b8000ed69b204c49|__AUTOMETRIC__
__AUTOMETRIC__|0.1.2|27612|crew_log_7c29c154879f6f5a|0|1786393210.929|99.732|3.117|417361920|995147776|sim_data_b8000ed69b204c49|__AUTOMETRIC__
__AUTOMETRIC__|0.1.2|27612|crew_log_7c29c154879f6f5a|0|1786393211.944|93.901|2.934|3920912384|1256210432|sim_data_b8000ed69b204c49|__AUTOMETRIC__
__AUTOMETRIC__|0.1.2|27612|crew_log_7c29c154879f6f5a|0|1786393212.947|62.351|1.948|3343425536|1441112064|sim_data_b8000ed69b204c49|__AUTOMETRIC__
__AUTOMETRIC__|0.1.2|27612|crew_log_7c29c154879f6f5a|0|1786393213.954|57.406|1.794|2278801408|1645600768|sim_data_b8000ed69b204c49|__AUTOMETRIC__
