__AUTOMETRIC__|0.1.2|2588207|crew_log_f2d067066ae031d2|0|1786913935.093|89.983|2.812|195239936|1783042048|sim_data_501796ab98789225|__AUTOMETRIC__
__AUTOMETRIC__|0.1.2|2588207|crew_log_f2d067066ae031d2|0|1786913936.095|28.932|0.904|215425024|1803341824|sim_data_501796ab98789225|__AUTOMETRIC__
__AUTOMETRIC__|0.1.2|2588207|crew_log_f2d067066ae031d2|0|1786913937.097|0.000|0.000|215425024|1803341824|sim_data_501796ab98789225|__AUTOMETRIC__
__AUTOMETRIC__|0.1.2|2588207|crew_log_f2d067066ae031d2|0|1786913938.098|0.000|0.000|215425024|1803341824|sim_data_501796ab98789225|__AUTOMETRIC__
__AUTOMETRIC__|0.1.2|2588207|crew_log_f2d067066ae031d2|0|1786913939.099|0.000|0.000|215425024|1803341824|sim_data_501796ab98789225|__AUTOMETRIC__
__AUTOMETRIC__|0.1.2|2588207|crew_log_f2d067066ae031d2|0|1786913940.100|0.000|0.000|215425024|1803341824|sim_data_501796ab98789225|__AUTOMETRIC__
__AUTOMETRIC__|0.1.2|2588207|crew_log_f2d067066ae031d2|0|1786913941.102|0.998|0.031|215425024|1803341824|sim_data_501796ab98789225|__AUTOMETRIC__
__AUTOMETRIC__|0.1.2|2588207|crew_log_f2d067066ae031d2|0|1786913942.103|0.000|0.000|215425024|1803341824|sim_data_501796ab98789225|__AUTOMETRIC__
__AUTOMETRIC__|0.1.2|2588207|crew_log_f2d067066ae031d2|0|1786913943.105|0.000|0.000|215425024|1803341824|sim_data_501796ab98789225|__AUTOMETRIC__
__AUTOMETRIC__|0.1.2|2588207|crew_log_f2d067066ae031d2|0|1786913944.106|0.000|0.000|215425024|1803341824|sim_data_501796ab98789225|__AUTOMETRIC__
__AUTOMETRIC__|0.1.2|2588207|crew_log_f2d067066ae031d2|0|1786913945.108|0.000|0.000|215425024|1803341824|sim_data_501796ab98789225|__AUTOMETRIC__
__AUTOMETRIC__|0.1.2|2588207|crew_log_f2d067066ae031d2|0|1786913946.109|64.897|2.028|254808064|1844170752|sim_data_501796ab98789225|__AUTOMETRIC__
__AUTOMETRIC__|0.1.2|2588207|crew_log_f2d067066ae031d2|0|1786913947.111|96.870|3.027|372772864|1969197056|sim_data_501796ab98789225|__AUTOMETRIC__
__AUTOMETRIC__|0.1.2|2588207|crew_log_f2d067066ae031d2|0|1786913948.112|97.890|3.059|480776192|2077761536|sim_data_501796ab98789225|__AUTOMETRIC__
__AUTOMETRIC__|0.1.2|2588207|crew_log_f2d067066ae031d2|0|1786913949.113|98.880|3.090|603983872|2201059328|sim_data_501796ab98789225|__AUTOMETRIC__
__AUTOMETRIC__|0.1.2|2588207|crew_log_f2d067066ae031d2|0|1786913950.114|99.872|3.121|764940288|2361774080|sim_data_501796ab98789225|__AUTOMETRIC__
__AUTOMETRIC__|0.1.2|2588207|crew_log_f2d067066ae031d2|0|1786913951.116|99.866|3.121|946343936|2543255552|sim_data_501796ab98789225|__AUTOMETRIC__
__AUTOMETRIC__|0.1.2|2588207|crew_log_f2d067066ae031d2|0|1786913952.117|97.865|3.058|1173098496|2769993728|sim_data_501796ab98789225|__AUTOMETRIC__
__AUTOMETRIC__|0.1.2|2588207|crew_log_f2d067066ae031d2|0|1786913953.118|98.863|3.089|1299976192|2896818176|sim_data_501796ab98789225|__AUTOMETRIC__
__AUTOMETRIC__|0.1.2|2588207|crew_log_f2d067066ae031d2|0|1786913954.120|99.795|3.119|1439698944|3036749824|sim_data_501796ab98789225|__AUTOMETRIC__
__AUTOMETRIC__|0.1.2|2588207|crew_log_f2d067066ae031d2|0|1786913955.122|99.857|3.121|1743261696|3340136448|sim_data_501796ab98789225|__AUTOMETRIC__
__AUTOMETRIC__|0.1.2|2588207|crew_log_f2d067066ae031d2|0|1786913956.123|99.842|3.120|1762136064|3359137792|sim_data_501796ab98789225|__AUTOMETRIC__
__AUTOMETRIC__|0.1.2|2588207|crew_log_f2d067066ae031d2|0|1786913957.125|99.844|3.120|2102398976|3699322880|sim_data_501796ab98789225|__AUTOMETRIC__
__AUTOMETRIC__|0.1.2|2588207|crew_log_f2d067066ae031d2|0|1786913958.126|98.864|3.089|2149060608|3746058240|sim_data_501796ab98789225|__AUTOMETRIC__
__AUTOMETRIC__|0.1.2|2588207|crew_log_f2d067066ae031d2|0|1786913959.129|100.749|3.148|2376601600|3973447680|sim_data_501796ab98789225|__AUTOMETRIC__
__AUTOMETRIC__|0.1.2|2588207|crew_log_f2d067066ae031d2|0|1786913960.130|99.845|3.120|2613317632|4210098176|sim_data_501796ab98789225|__AUTOMETRIC__
__AUTOMETRIC__|0.1.2|2588207|crew_log_f2d067066ae031d2|0|1786913961.132|98.868|3.090|2613317632|4210098176|sim_data_501796ab98789225|__AUTOMETRIC__
__AUTOMETRIC__|0.1.2|2588207|crew_log_f2d067066ae031d2|0|1786913962.134|99.809|3.119|2951221248|4548173824|sim_data_501796ab98789225|__AUTOMETRIC__
__AUTOMETRIC__|0.1.2|2588207|crew_log_f2d067066ae031d2|0|1786913963.135|99.843|3.120|3170373632|4767367168|sim_data_501796ab98789225|__AUTOMETRIC__
__AUTOMETRIC__|0.1.2|2588207|crew_log_f2d067066ae031d2|0|1786913964.137|99.850|3.120|3170373632|4767367168|sim_data_501796ab98789225|__AUTOMETRIC__
__AUTOMETRIC__|0.1.2|2588207|crew_log_f2d067066ae031d2|0|1786913965.138|99.857|3.121|3394506752|4991557632|sim_data_501796ab98789225|__AUTOMETRIC__
__AUTOMETRIC__|0.1.2|2588207|crew_log_f2d067066ae031d2|0|1786913966.140|99.806|3.119|3810791424|5407825920|sim_data_501796ab98789225|__AUTOMETRIC__
__AUTOMETRIC__|0.1.2|2588207|crew_log_f2d067066ae031d2|0|1786913967.141|98.867|3.090|3838840832|5435842560|sim_data_501796ab98789225|__AUTOMETRIC__
__AUTOMETRIC__|0.1.2|2588207|crew_log_f2d067066ae031d2|0|1786913968.143|99.861|3.121|3838840832|5435842560|sim_data_501796ab98789225|__AUTOMETRIC__
__AUTOMETRIC__|0.1.2|2588207|crew_log_f2d067066ae031d2|0|1786913969.144|99.867|3.121|4108849152|5705715712|sim_data_501796ab98789225|__AUTOMETRIC__
__AUTOMETRIC__|0.1.2|2588207|crew_log_f2d067066ae031d2|0|1786913970.145|99.861|3.121|4523823104|6120927232|sim_data_501796ab98789225|__AUTOMETRIC__
__AUTOMETRIC__|0.1.2|2588207|crew_log_f2d067066ae031d2|0|1786913971.147|99.842|3.120|4641001472|6237925376|sim_data_501796ab98789225|__AUTOMETRIC__
__AUTOMETRIC__|0.1.2|2588207|crew_log_f2d067066ae031d2|0|1786913972.148|99.889|3.122|4641001472|6237925376|sim_data_501796ab98789225|__AUTOMETRIC__
__AUTOMETRIC__|0.1.2|2588207|crew_log_f2d067066ae031d2|0|1786913973.149|98.875|3.090|4641001472|6237925376|sim_data_501796ab98789225|__AUTOMETRIC__
__AUTOMETRIC__|0.1.2|2588207|crew_log_f2d067066ae031d2|0|1786913974.151|99.863|3.121|5054926848|6651805696|sim_data_501796ab98789225|__AUTOMETRIC__
__AUTOMETRIC__|0.1.2|2588207|crew_log_f2d067066ae031d2|0|1786913975.152|99.866|3.121|5470162944|7067103232|sim_data_501796ab98789225|__AUTOMETRIC__
__AUTOMETRIC__|0.1.2|2588207|crew_log_f2d067066ae031d2|0|1786913976.154|99.847|3.120|5603594240|7200620544|sim_data_501796ab98789225|__AUTOMETRIC__
__AUTOMETRIC__|0.1.2|2588207|crew_log_f2d067066ae031d2|0|1786913977.155|98.881|3.090|5603594240|7200620544|sim_data_501796ab98789225|__AUTOMETRIC__
__AUTOMETRIC__|0.1.2|2588207|crew_log_f2d067066ae031d2|0|1786913978.156|99.866|3.121|5603594240|7200620544|sim_data_501796ab98789225|__AUTOMETRIC__
__AUTOMETRIC__|0.1.2|2588207|crew_log_f2d067066ae031d2|0|1786913979.158|100.824|3.151|5890379776|7487238144|sim_data_501796ab98789225|__AUTOMETRIC__
__AUTOMETRIC__|0.1.2|2588207|crew_log_f2d067066ae031d2|0|1786913980.159|98.870|3.090|6306402304|7903338496|sim_data_501796ab98789225|__AUTOMETRIC__
__AUTOMETRIC__|0.1.2|2588207|crew_log_f2d067066ae031d2|0|1786913981.161|99.861|3.121|6720851968|8317837312|sim_data_501796ab98789225|__AUTOMETRIC__
__AUTOMETRIC__|0.1.2|2588207|crew_log_f2d067066ae031d2|0|1786913982.162|99.838|3.120|6758862848|8355823616|sim_data_501796ab98789225|__AUTOMETRIC__
__AUTOMETRIC__|0.1.2|2588207|crew_log_f2d067066ae031d2|0|1786913983.164|99.871|3.121|6758862848|8355823616|sim_data_501796ab98789225|__AUTOMETRIC__
__AUTOMETRIC__|0.1.2|2588207|crew_log_f2d067066ae031d2|0|1786913984.165|99.875|3.121|6758862848|8355823616|sim_data_501796ab98789225|__AUTOMETRIC__
__AUTOMETRIC__|0.1.2|2588207|crew_log_f2d067066ae031d2|0|1786913985.167|99.826|3.120|6758862848|8355823616|sim_data_501796ab98789225|__AUTOMETRIC__
__AUTOMETRIC__|0.1.2|2588207|crew_log_f2d067066ae031d2|0|1786913986.168|98.845|3.089|7149719552|8746655744|sim_data_501796ab98789225|__AUTOMETRIC__
__AUTOMETRIC__|0.1.2|2588207|crew_log_f2d067066ae031d2|0|1786913987.170|99.858|3.121|7564431360|9161236480|sim_data_501796ab98789225|__AUTOMETRIC__
__AUTOMETRIC__|0.1.2|2588207|crew_log_f2d067066ae031d2|0|1786913988.171|99.866|3.121|7980191744|9577226240|sim_data_501796ab98789225|__AUTOMETRIC__
__AUTOMETRIC__|0.1.2|2588207|crew_log_f2d067066ae031d2|0|1786913989.172|98.867|3.090|8145080320|9741893632|sim_data_501796ab98789225|__AUTOMETRIC__
__AUTOMETRIC__|0.1.2|2588207|crew_log_f2d067066ae031d2|0|1786913990.174|99.866|3.121|8145080320|9741893632|sim_data_501796ab98789225|__AUTOMETRIC__
__AUTOMETRIC__|0.1.2|2588207|crew_log_f2d067066ae031d2|0|1786913991.175|99.879|3.121|8145080320|9741893632|sim_data_501796ab98789225|__AUTOMETRIC__
__AUTOMETRIC__|0.1.2|2588207|crew_log_f2d067066ae031d2|0|1786913992.176|99.880|3.121|8145080320|9741893632|sim_data_501796ab98789225|__AUTOMETRIC__
__AUTOMETRIC__|0.1.2|2588207|crew_log_f2d067066ae031d2|0|1786913993.177|98.880|3.090|8145080320|9741893632|sim_data_501796ab98789225|__AUTOMETRIC__
__AUTOMETRIC__|0.1.2|2588207|crew_log_f2d067066ae031d2|0|1786913994.178|100.882|3.153|8509984768|10107031552|sim_data_501796ab98789225|__AUTOMETRIC__
__AUTOMETRIC__|0.1.2|2588207|crew_log_f2d067066ae031d2|0|1786913995.180|98.866|3.090|8924958720|10521964544|sim_data_501796ab98789225|__AUTOMETRIC__
__AUTOMETRIC__|0.1.2|2588207|crew_log_f2d067066ae031d2|0|1786913996.181|99.839|3.120|9341243392|10938183680|sim_data_501796ab98789225|__AUTOMETRIC__
__AUTOMETRIC__|0.1.2|2588207|crew_log_f2d067066ae031d2|0|1786913997.183|99.857|3.121|9755430912|11352506368|sim_data_501796ab98789225|__AUTOMETRIC__
__AUTOMETRIC__|0.1.2|2588207|crew_log_f2d067066ae031d2|0|1786913998.184|99.872|3.121|9808646144|11405541376|sim_data_501796ab98789225|__AUTOMETRIC__
__AUTOMETRIC__|0.1.2|2588207|crew_log_f2d067066ae031d2|0|1786913999.185|98.881|3.090|9808646144|11405541376|sim_data_501796ab98789225|__AUTOMETRIC__
__AUTOMETRIC__|0.1.2|2588207|crew_log_f2d067066ae031d2|0|1786914000.187|99.866|3.121|9808646144|11405541376|sim_data_501796ab98789225|__AUTOMETRIC__
__AUTOMETRIC__|0.1.2|2588207|crew_log_f2d067066ae031d2|0|1786914001.188|99.865|3.121|9808646144|11405541376|sim_data_501796ab98789225|__AUTOMETRIC__
__AUTOMETRIC__|0.1.2|2588207|crew_log_f2d067066ae031d2|0|1786914002.189|99.862|3.121|9808646144|11405541376|sim_data_501796ab98789225|__AUTOMETRIC__
__AUTOMETRIC__|0.1.2|2588207|crew_log_f2d067066ae031d2|0|1786914003.191|99.885|3.121|9907998720|11505029120|sim_data_501796ab98789225|__AUTOMETRIC__
__AUTOMETRIC__|0.1.2|2588207|crew_log_f2d067066ae031d2|0|1786914004.192|99.848|3.120|10324283392|11921162240|sim_data_501796ab98789225|__AUTOMETRIC__
__AUTOMETRIC__|0.1.2|2588207|crew_log_f2d067066ae031d2|0|1786914005.193|98.880|3.090|10736898048|12333817856|sim_data_501796ab98789225|__AUTOMETRIC__
__AUTOMETRIC__|0.1.2|2588207|crew_log_f2d067066ae031d2|0|1786914006.195|100.835|3.151|11149250560|12746117120|sim_data_501796ab98789225|__AUTOMETRIC__
__AUTOMETRIC__|0.1.2|2588207|crew_log_f2d067066ae031d2|0|1786914007.196|98.856|3.089|11565010944|13162037248|sim_data_501796ab98789225|__AUTOMETRIC__
__AUTOMETRIC__|0.1.2|2588207|crew_log_f2d067066ae031d2|0|1786914008.198|99.868|3.121|11804872704|13401862144|sim_data_501796ab98789225|__AUTOMETRIC__
__AUTOMETRIC__|0.1.2|2588207|crew_log_f2d067066ae031d2|0|1786914009.199|99.867|3.121|11804872704|13401862144|sim_data_501796ab98789225|__AUTOMETRIC__
__AUTOMETRIC__|0.1.2|2588207|crew_log_f2d067066ae031d2|0|1786914010.200|99.869|3.121|11804872704|13401862144|sim_data_501796ab98789225|__AUTOMETRIC__
__AUTOMETRIC__|0.1.2|2588207|crew_log_f2d067066ae031d2|0|1786914011.202|98.866|3.090|11804872704|13401862144|sim_data_501796ab98789225|__AUTOMETRIC__
__AUTOMETRIC__|0.1.2|2588207|crew_log_f2d067066ae031d2|0|1786914012.203|99.867|3.121|11804872704|13401862144|sim_data_501796ab98789225|__AUTOMETRIC__
__AUTOMETRIC__|0.1.2|2588207|crew_log_f2d067066ae031d2|0|1786914013.204|99.874|3.121|11804872704|13401862144|sim_data_501796ab98789225|__AUTOMETRIC__
__AUTOMETRIC__|0.1.2|2588207|crew_log_f2d067066ae031d2|0|1786914014.206|99.861|3.121|11804872704|13401862144|sim_data_501796ab98789225|__AUTOMETRIC__
__AUTOMETRIC__|0.1.2|2588207|crew_log_f2d067066ae031d2|0|1786914015.207|99.870|3.121|12097163264|13694062592|sim_data_501796ab98789225|__AUTOMETRIC__
__AUTOMETRIC__|0.1.2|2588207|crew_log_f2d067066ae031d2|0|1786914016.209|99.771|3.118|12514496512|14111539200|sim_data_501796ab98789225|__AUTOMETRIC__
__AUTOMETRIC__|0.1.2|2588207|crew_log_f2d067066ae031d2|0|1786914017.211|98.864|3.090|12930781184|14527709184|sim_data_501796ab98789225|__AUTOMETRIC__
__AUTOMETRIC__|0.1.2|2588207|crew_log_f2d067066ae031d2|0|1786914018.212|99.841|3.120|13347852288|14944755712|sim_data_501796ab98789225|__AUTOMETRIC__
__AUTOMETRIC__|0.1.2|2588207|crew_log_f2d067066ae031d2|0|1786914019.213|99.877|3.121|13762564096|15359430656|sim_data_501796ab98789225|__AUTOMETRIC__
__AUTOMETRIC__|0.1.2|2588207|crew_log_f2d067066ae031d2|0|1786914020.215|99.872|3.121|14179635200|15776505856|sim_data_501796ab98789225|__AUTOMETRIC__
__AUTOMETRIC__|0.1.2|2588207|crew_log_f2d067066ae031d2|0|1786914021.216|99.870|3.121|14200344576|15797420032|sim_data_501796ab98789225|__AUTOMETRIC__
__AUTOMETRIC__|0.1.2|2588207|crew_log_f2d067066ae031d2|0|1786914022.218|99.834|3.120|14200344576|15797420032|sim_data_501796ab98789225|__AUTOMETRIC__
__AUTOMETRIC__|0.1.2|2588207|crew_log_f2d067066ae031d2|0|1786914023.219|99.842|3.120|14200344576|15797420032|sim_data_501796ab98789225|__AUTOMETRIC__
__AUTOMETRIC__|0.1.2|2588207|crew_log_f2d067066ae031d2|0|1786914024.230|99.950|3.123|14200344576|15797420032|sim_data_501796ab98789225|__AUTOMETRIC__
__AUTOMETRIC__|0.1.2|2588207|crew_log_f2d067066ae031d2|0|1786914025.231|98.868|3.090|14200344576|15797420032|sim_data_501796ab98789225|__AUTOMETRIC__
__AUTOMETRIC__|0.1.2|2588207|crew_log_f2d067066ae031d2|0|1786914026.233|99.851|3.120|14200344576|15797420032|sim_data_501796ab98789225|__AUTOMETRIC__
__AUTOMETRIC__|0.1.2|2588207|crew_log_f2d067066ae031d2|0|1786914027.234|99.867|3.121|14200344576|15797420032|sim_data_501796ab98789225|__AUTOMETRIC__
__AUTOMETRIC__|0.1.2|2588207|crew_log_f2d067066ae031d2|0|1786914028.235|99.865|3.121|14200344576|15797420032|sim_data_501796ab98789225|__AUTOMETRIC__
__AUTOMETRIC__|0.1.2|2588207|crew_log_f2d067066ae031d2|0|1786914029.237|98.876|3.090|14580715520|16177696768|sim_data_501796ab98789225|__AUTOMETRIC__
__AUTOMETRIC__|0.1.2|2588207|crew_log_f2d067066ae031d2|0|1786914030.238|99.865|3.121|14997786624|16594898944|sim_data_501796ab98789225|__AUTOMETRIC__
__AUTOMETRIC__|0.1.2|2588207|crew_log_f2d067066ae031d2|0|1786914031.239|99.862|3.121|15413547008|17010511872|sim_data_501796ab98789225|__AUTOMETRIC__
__AUTOMETRIC__|0.1.2|2588207|crew_log_f2d067066ae031d2|0|1786914032.241|98.877|3.090|15829045248|17425973248|sim_data_501796ab98789225|__AUTOMETRIC__
__AUTOMETRIC__|0.1.2|2588207|crew_log_f2d067066ae031d2|0|1786914033.242|99.867|3.121|16246378496|17843466240|sim_data_501796ab98789225|__AUTOMETRIC__
__AUTOMETRIC__|0.1.2|2588207|crew_log_f2d067066ae031d2|0|1786914034.243|100.861|3.152|16662401024|18259263488|sim_data_501796ab98789225|__AUTOMETRIC__
__AUTOMETRIC__|0.1.2|2588207|crew_log_f2d067066ae031d2|0|1786914035.245|99.863|3.121|17075015680|18671947776|sim_data_501796ab98789225|__AUTOMETRIC__
__AUTOMETRIC__|0.1.2|2588207|crew_log_f2d067066ae031d2|0|1786914036.246|98.852|3.089|17075277824|18672082944|sim_data_501796ab98789225|__AUTOMETRIC__
__AUTOMETRIC__|0.1.2|2588207|crew_log_f2d067066ae031d2|0|1786914037.247|99.874|3.121|17075277824|18672082944|sim_data_501796ab98789225|__AUTOMETRIC__
__AUTOMETRIC__|0.1.2|2588207|crew_log_f2d067066ae031d2|0|1786914038.249|99.820|3.119|17075277824|18672082944|sim_data_501796ab98789225|__AUTOMETRIC__
__AUTOMETRIC__|0.1.2|2588207|crew_log_f2d067066ae031d2|0|1786914039.251|99.859|3.121|17075277824|18672082944|sim_data_501796ab98789225|__AUTOMETRIC__
__AUTOMETRIC__|0.1.2|2588207|crew_log_f2d067066ae031d2|0|1786914040.252|99.875|3.121|17075277824|18672082944|sim_data_501796ab98789225|__AUTOMETRIC__
__AUTOMETRIC__|0.1.2|2588207|crew_log_f2d067066ae031d2|0|1786914041.253|98.880|3.090|17075277824|18672082944|sim_data_501796ab98789225|__AUTOMETRIC__
__AUTOMETRIC__|0.1.2|2588207|crew_log_f2d067066ae031d2|0|1786914042.255|99.846|3.120|17075277824|18672082944|sim_data_501796ab98789225|__AUTOMETRIC__
__AUTOMETRIC__|0.1.2|2588207|crew_log_f2d067066ae031d2|0|1786914043.256|99.846|3.120|17075277824|18672082944|sim_data_501796ab98789225|__AUTOMETRIC__
__AUTOMETRIC__|0.1.2|2588207|crew_log_f2d067066ae031d2|0|1786914044.258|99.855|3.120|17075277824|18672082944|sim_data_501796ab98789225|__AUTOMETRIC__
__AUTOMETRIC__|0.1.2|2588207|crew_log_f2d067066ae031d2|0|1786914045.259|99.869|3.121|17463775232|19060592640|sim_data_501796ab98789225|__AUTOMETRIC__
__AUTOMETRIC__|0.1.2|2588207|crew_log_f2d067066ae031d2|0|1786914046.261|99.832|3.120|17879011328|19476017152|sim_data_501796ab98789225|__AUTOMETRIC__
__AUTOMETRIC__|0.1.2|2588207|crew_log_f2d067066ae031d2|0|1786914047.262|98.862|3.089|18293460992|19890364416|sim_data_501796ab98789225|__AUTOMETRIC__
__AUTOMETRIC__|0.1.2|2588207|crew_log_f2d067066ae031d2|0|1786914048.263|99.872|3.121|18710007808|20307005440|sim_data_501796ab98789225|__AUTOMETRIC__
__AUTOMETRIC__|0.1.2|2588207|crew_log_f2d067066ae031d2|0|1786914049.265|99.874|3.121|19125243904|20722237440|sim_data_501796ab98789225|__AUTOMETRIC__
__AUTOMETRIC__|0.1.2|2588207|crew_log_f2d067066ae031d2|0|1786914050.272|99.303|3.103|19544674304|21141651456|sim_data_501796ab98789225|__AUTOMETRIC__
__AUTOMETRIC__|0.1.2|2588207|crew_log_f2d067066ae031d2|0|1786914051.273|100.866|3.152|19960696832|21557485568|sim_data_501796ab98789225|__AUTOMETRIC__
__AUTOMETRIC__|0.1.2|2588207|crew_log_f2d067066ae031d2|0|1786914052.274|98.874|3.090|20377505792|21974409216|sim_data_501796ab98789225|__AUTOMETRIC__
__AUTOMETRIC__|0.1.2|2588207|crew_log_f2d067066ae031d2|0|1786914053.276|99.855|3.120|20524306432|22121377792|sim_data_501796ab98789225|__AUTOMETRIC__
__AUTOMETRIC__|0.1.2|2588207|crew_log_f2d067066ae031d2|0|1786914054.277|99.845|3.120|20524830720|22121648128|sim_data_501796ab98789225|__AUTOMETRIC__
__AUTOMETRIC__|0.1.2|2588207|crew_log_f2d067066ae031d2|0|1786914055.279|99.858|3.121|20524830720|22121648128|sim_data_501796ab98789225|__AUTOMETRIC__
__AUTOMETRIC__|0.1.2|2588207|crew_log_f2d067066ae031d2|0|1786914056.280|98.833|3.089|20524830720|22121648128|sim_data_501796ab98789225|__AUTOMETRIC__
__AUTOMETRIC__|0.1.2|2588207|crew_log_f2d067066ae031d2|0|1786914057.282|99.871|3.121|20524830720|22121648128|sim_data_501796ab98789225|__AUTOMETRIC__
__AUTOMETRIC__|0.1.2|2588207|crew_log_f2d067066ae031d2|0|1786914058.283|99.857|3.121|20524830720|22121648128|sim_data_501796ab98789225|__AUTOMETRIC__
__AUTOMETRIC__|0.1.2|2588207|crew_log_f2d067066ae031d2|0|1786914059.284|99.883|3.121|20524830720|22121648128|sim_data_501796ab98789225|__AUTOMETRIC__
__AUTOMETRIC__|0.1.2|2588207|crew_log_f2d067066ae031d2|0|1786914060.286|99.846|3.120|20524830720|22121648128|sim_data_501796ab98789225|__AUTOMETRIC__
__AUTOMETRIC__|0.1.2|2588207|crew_log_f2d067066ae031d2|0|1786914061.287|98.868|3.090|20524830720|22121648128|sim_data_501796ab98789225|__AUTOMETRIC__
__AUTOMETRIC__|0.1.2|2588207|crew_log_f2d067066ae031d2|0|1786914062.288|99.879|3.121|20524830720|22121648128|sim_data_501796ab98789225|__AUTOMETRIC__
__AUTOMETRIC__|0.1.2|2588207|crew_log_f2d067066ae031d2|0|1786914063.290|99.863|3.121|20524830720|22121648128|sim_data_501796ab98789225|__AUTOMETRIC__
__AUTOMETRIC__|0.1.2|2588207|crew_log_f2d067066ae031d2|0|1786914064.291|99.870|3.121|20745293824|22342344704|sim_data_501796ab98789225|__AUTOMETRIC__
__AUTOMETRIC__|0.1.2|2588207|crew_log_f2d067066ae031d2|0|1786914065.292|98.884|3.090|21162627072|22759677952|sim_data_501796ab98789225|__AUTOMETRIC__
__AUTOMETRIC__|0.1.2|2588207|crew_log_f2d067066ae031d2|0|1786914066.295|100.674|3.146|21228949504|22826004480|sim_data_501796ab98789225|__AUTOMETRIC__
__AUTOMETRIC__|0.1.2|2588207|crew_log_f2d067066ae031d2|0|1786914067.297|99.872|3.121|21228949504|22826004480|sim_data_501796ab98789225|__AUTOMETRIC__
__AUTOMETRIC__|0.1.2|2588207|crew_log_f2d067066ae031d2|0|1786914068.298|98.875|3.090|21228949504|22826004480|sim_data_501796ab98789225|__AUTOMETRIC__
__AUTOMETRIC__|0.1.2|2588207|crew_log_f2d067066ae031d2|0|1786914069.299|99.863|3.121|21228949504|22826004480|sim_data_501796ab98789225|__AUTOMETRIC__
__AUTOMETRIC__|0.1.2|2588207|crew_log_f2d067066ae031d2|0|1786914070.301|99.873|3.121|21228949504|22826004480|sim_data_501796ab98789225|__AUTOMETRIC__
__AUTOMETRIC__|0.1.2|2588207|crew_log_f2d067066ae031d2|0|1786914071.302|99.880|3.121|21228949504|22826004480|sim_data_501796ab98789225|__AUTOMETRIC__
__AUTOMETRIC__|0.1.2|2588207|crew_log_f2d067066ae031d2|0|1786914072.303|98.871|3.090|21228949504|22826004480|sim_data_501796ab98789225|__AUTOMETRIC__
__AUTOMETRIC__|0.1.2|2588207|crew_log_f2d067066ae031d2|0|1786914073.304|99.866|3.121|21228949504|22826004480|sim_data_501796ab98789225|__AUTOMETRIC__
__AUTOMETRIC__|0.1.2|2588207|crew_log_f2d067066ae031d2|0|1786914074.306|99.852|3.120|21228949504|22826004480|sim_data_501796ab98789225|__AUTOMETRIC__
__AUTOMETRIC__|0.1.2|2588207|crew_log_f2d067066ae031d2|0|1786914075.307|99.867|3.121|21228949504|22826004480|sim_data_501796ab98789225|__AUTOMETRIC__
__AUTOMETRIC__|0.1.2|2588207|crew_log_f2d067066ae031d2|0|1786914076.309|138.784|4.337|21438423040|23034888192|sim_data_501796ab98789225|__AUTOMETRIC__
__AUTOMETRIC__|0.1.2|2588207|crew_log_f2d067066ae031d2|0|1786914077.310|507.399|15.856|22040547328|23770234880|sim_data_501796ab98789225|__AUTOMETRIC__
__AUTOMETRIC__|0.1.2|2588207|crew_log_f2d067066ae031d2|0|1786914078.311|357.544|11.173|22579253248|24307658752|sim_data_501796ab98789225|__AUTOMETRIC__
__AUTOMETRIC__|0.1.2|2588207|crew_log_f2d067066ae031d2|0|1786914079.313|131.795|4.119|22935244800|24663773184|sim_data_501796ab98789225|__AUTOMETRIC__
__AUTOMETRIC__|0.1.2|2588207|crew_log_f2d067066ae031d2|0|1786914080.314|98.871|3.090|23288352768|25016897536|sim_data_501796ab98789225|__AUTOMETRIC__
__AUTOMETRIC__|0.1.2|2588207|crew_log_f2d067066ae031d2|0|1786914081.315|54.931|1.717|23368830976|25097314304|sim_data_501796ab98789225|__AUTOMETRIC__
__AUTOMETRIC__|0.1.2|2588207|crew_log_f2d067066ae031d2|0|1786914082.427|37.795|1.181|23371190272|25100378112|sim_data_501796ab98789225|__AUTOMETRIC__
__AUTOMETRIC__|0.1.2|2588207|crew_log_f2d067066ae031d2|0|1786914083.428|20.975|0.655|23372500992|25101914112|sim_data_501796ab98789225|__AUTOMETRIC__
__AUTOMETRIC__|0.1.2|2588207|crew_log_f2d067066ae031d2|0|1786914084.429|1.997|0.062|23373811712|25103376384|sim_data_501796ab98789225|__AUTOMETRIC__
__AUTOMETRIC__|0.1.2|2588207|crew_log_f2d067066ae031d2|0|1786914085.431|0.000|0.000|23374073856|25103781888|sim_data_501796ab98789225|__AUTOMETRIC__
__AUTOMETRIC__|0.1.2|2588207|crew_log_f2d067066ae031d2|0|1786914086.432|0.998|0.031|23374598144|25104326656|sim_data_501796ab98789225|__AUTOMETRIC__
__AUTOMETRIC__|0.1.2|2588207|crew_log_f2d067066ae031d2|0|1786914087.434|0.000|0.000|23375122432|25104732160|sim_data_501796ab98789225|__AUTOMETRIC__
__AUTOMETRIC__|0.1.2|2588207|crew_log_f2d067066ae031d2|0|1786914088.435|0.000|0.000|23375646720|25105137664|sim_data_501796ab98789225|__AUTOMETRIC__
__AUTOMETRIC__|0.1.2|2588207|crew_log_f2d067066ae031d2|0|1786914089.436|0.000|0.000|23375908864|25105678336|sim_data_501796ab98789225|__AUTOMETRIC__
__AUTOMETRIC__|0.1.2|2588207|crew_log_f2d067066ae031d2|0|1786914090.438|0.000|0.000|23376433152|25106083840|sim_data_501796ab98789225|__AUTOMETRIC__
__AUTOMETRIC__|0.1.2|2588207|crew_log_f2d067066ae031d2|0|1786914091.439|0.999|0.031|23376957440|25106493440|sim_data_501796ab98789225|__AUTOMETRIC__
__AUTOMETRIC__|0.1.2|2588207|crew_log_f2d067066ae031d2|0|1786914092.440|0.000|0.000|23377481728|25107034112|sim_data_501796ab98789225|__AUTOMETRIC__
__AUTOMETRIC__|0.1.2|2588207|crew_log_f2d067066ae031d2|0|1786914093.442|0.000|0.000|23377743872|25107439616|sim_data_501796ab98789225|__AUTOMETRIC__
__AUTOMETRIC__|0.1.2|2588207|crew_log_f2d067066ae031d2|0|1786914094.443|0.999|0.031|23378268160|25107845120|sim_data_501796ab98789225|__AUTOMETRIC__
__AUTOMETRIC__|0.1.2|2588207|crew_log_f2d067066ae031d2|0|1786914095.444|0.000|0.000|23378792448|25108389888|sim_data_501796ab98789225|__AUTOMETRIC__
__AUTOMETRIC__|0.1.2|2588207|crew_log_f2d067066ae031d2|0|1786914096.446|0.999|0.031|23379054592|25108795392|sim_data_501796ab98789225|__AUTOMETRIC__
__AUTOMETRIC__|0.1.2|2588207|crew_log_f2d067066ae031d2|0|1786914097.448|0.000|0.000|23379578880|25109336064|sim_data_501796ab98789225|__AUTOMETRIC__
__AUTOMETRIC__|0.1.2|2588207|crew_log_f2d067066ae031d2|0|1786914098.449|0.999|0.031|23380103168|25109741568|sim_data_501796ab98789225|__AUTOMETRIC__
__AUTOMETRIC__|0.1.2|2588207|crew_log_f2d067066ae031d2|0|1786914099.451|0.000|0.000|23380627456|25110151168|sim_data_501796ab98789225|__AUTOMETRIC__
__AUTOMETRIC__|0.1.2|2588207|crew_log_f2d067066ae031d2|0|1786914100.452|0.000|0.000|23380889600|25110691840|sim_data_501796ab98789225|__AUTOMETRIC__
__AUTOMETRIC__|0.1.2|2588207|crew_log_f2d067066ae031d2|0|1786914101.459|0.993|0.031|23381413888|25111097344|sim_data_501796ab98789225|__AUTOMETRIC__
__AUTOMETRIC__|0.1.2|2588207|crew_log_f2d067066ae031d2|0|1786914102.461|0.000|0.000|23381938176|25111502848|sim_data_501796ab98789225|__AUTOMETRIC__
__AUTOMETRIC__|0.1.2|2588207|crew_log_f2d067066ae031d2|0|1786914103.462|0.000|0.000|23382724608|25112317952|sim_data_501796ab98789225|__AUTOMETRIC__
__AUTOMETRIC__|0.1.2|2588207|crew_log_f2d067066ae031d2|0|1786914104.463|43.946|1.373|23387967488|25117884416|sim_data_501796ab98789225|__AUTOMETRIC__
__AUTOMETRIC__|0.1.2|2588207|crew_log_f2d067066ae031d2|0|1786914105.464|39.949|1.248|23456911360|25187225600|sim_data_501796ab98789225|__AUTOMETRIC__
__AUTOMETRIC__|0.1.2|2588207|crew_log_f2d067066ae031d2|0|1786914106.466|0.998|0.031|23458746368|25189015552|sim_data_501796ab98789225|__AUTOMETRIC__
__AUTOMETRIC__|0.1.2|2588207|crew_log_f2d067066ae031d2|0|1786914107.467|0.999|0.031|23460581376|25190936576|sim_data_501796ab98789225|__AUTOMETRIC__
__AUTOMETRIC__|0.1.2|2588207|crew_log_f2d067066ae031d2|0|1786914108.469|23.951|0.748|23466348544|25196695552|sim_data_501796ab98789225|__AUTOMETRIC__
__AUTOMETRIC__|0.1.2|2588207|crew_log_f2d067066ae031d2|0|1786914109.471|0.999|0.031|23470280704|25201049600|sim_data_501796ab98789225|__AUTOMETRIC__
__AUTOMETRIC__|0.1.2|2588207|crew_log_f2d067066ae031d2|0|1786914110.472|0.999|0.031|23472902144|25203535872|sim_data_501796ab98789225|__AUTOMETRIC__
__AUTOMETRIC__|0.1.2|2588207|crew_log_f2d067066ae031d2|0|1786914111.473|1.998|0.062|23475261440|25206026240|sim_data_501796ab98789225|__AUTOMETRIC__
__AUTOMETRIC__|0.1.2|2588207|crew_log_f2d067066ae031d2|0|1786914112.475|22.969|0.718|23482339328|25213165568|sim_data_501796ab98789225|__AUTOMETRIC__
__AUTOMETRIC__|0.1.2|2588207|crew_log_f2d067066ae031d2|0|1786914113.476|1.997|0.062|23485222912|25216315392|sim_data_501796ab98789225|__AUTOMETRIC__
__AUTOMETRIC__|0.1.2|2588207|crew_log_f2d067066ae031d2|0|1786914114.477|0.999|0.031|23488368640|25219207168|sim_data_501796ab98789225|__AUTOMETRIC__
__AUTOMETRIC__|0.1.2|2588207|crew_log_f2d067066ae031d2|0|1786914115.479|21.967|0.686|23490990080|25221812224|sim_data_501796ab98789225|__AUTOMETRIC__
__AUTOMETRIC__|0.1.2|2588207|crew_log_f2d067066ae031d2|0|1786914116.480|1.997|0.062|23495970816|25227186176|sim_data_501796ab98789225|__AUTOMETRIC__
__AUTOMETRIC__|0.1.2|2588207|crew_log_f2d067066ae031d2|0|1786914117.482|0.999|0.031|23500165120|25231155200|sim_data_501796ab98789225|__AUTOMETRIC__
__AUTOMETRIC__|0.1.2|2588207|crew_log_f2d067066ae031d2|0|1786914118.483|7.989|0.250|23519039488|25250238464|sim_data_501796ab98789225|__AUTOMETRIC__
__AUTOMETRIC__|0.1.2|2588207|crew_log_f2d067066ae031d2|0|1786914119.484|83.888|2.622|23767334912|32857665536|sim_data_501796ab98789225|__AUTOMETRIC__
__AUTOMETRIC__|0.1.2|2588207|crew_log_f2d067066ae031d2|0|1786914120.486|116.860|3.652|23997497344|33694945280|sim_data_501796ab98789225|__AUTOMETRIC__
__AUTOMETRIC__|0.1.2|2588207|crew_log_f2d067066ae031d2|0|1786914121.487|94.842|2.964|24427180032|34125905920|sim_data_501796ab98789225|__AUTOMETRIC__
__AUTOMETRIC__|0.1.2|2588207|crew_log_f2d067066ae031d2|0|1786914122.488|98.888|3.090|24878067712|34579288064|sim_data_501796ab98789225|__AUTOMETRIC__
__AUTOMETRIC__|0.1.2|2588207|crew_log_f2d067066ae031d2|0|1786914123.490|208.699|6.522|25349926912|35067396096|sim_data_501796ab98789225|__AUTOMETRIC__
__AUTOMETRIC__|0.1.2|2588207|crew_log_f2d067066ae031d2|0|1786914124.491|630.181|19.693|25527787520|35241914368|sim_data_501796ab98789225|__AUTOMETRIC__
__AUTOMETRIC__|0.1.2|2588207|crew_log_f2d067066ae031d2|0|1786914125.493|98.863|3.089|25527787520|35241914368|sim_data_501796ab98789225|__AUTOMETRIC__
__AUTOMETRIC__|0.1.2|2588207|crew_log_f2d067066ae031d2|0|1786914126.494|131.784|4.118|25527787520|35241914368|sim_data_501796ab98789225|__AUTOMETRIC__
__AUTOMETRIC__|0.1.2|2588207|crew_log_f2d067066ae031d2|0|1786914127.496|72.904|2.278|25527787520|35241914368|sim_data_501796ab98789225|__AUTOMETRIC__
__AUTOMETRIC__|0.1.2|2588207|crew_log_f2d067066ae031d2|0|1786914128.497|22.972|0.718|25527787520|35241914368|sim_data_501796ab98789225|__AUTOMETRIC__
__AUTOMETRIC__|0.1.2|2588207|crew_log_f2d067066ae031d2|0|1786914129.499|45.915|1.435|25527787520|35241914368|sim_data_501796ab98789225|__AUTOMETRIC__
__AUTOMETRIC__|0.1.2|2588207|crew_log_f2d067066ae031d2|0|1786914130.500|0.000|0.000|25527787520|35241914368|sim_data_501796ab98789225|__AUTOMETRIC__
__AUTOMETRIC__|0.1.2|2588207|crew_log_f2d067066ae031d2|0|1786914131.501|0.999|0.031|25527787520|35241914368|sim_data_501796ab98789225|__AUTOMETRIC__
__AUTOMETRIC__|0.1.2|2588207|crew_log_f2d067066ae031d2|0|1786914132.503|0.000|0.000|25527787520|35241914368|sim_data_501796ab98789225|__AUTOMETRIC__
__AUTOMETRIC__|0.1.2|2588207|crew_log_f2d067066ae031d2|0|1786914133.504|1.997|0.062|25527787520|35241914368|sim_data_501796ab98789225|__AUTOMETRIC__
__AUTOMETRIC__|0.1.2|2588207|crew_log_f2d067066ae031d2|0|1786914134.506|0.000|0.000|25527787520|35241914368|sim_data_501796ab98789225|__AUTOMETRIC__
__AUTOMETRIC__|0.1.2|2588207|crew_log_f2d067066ae031d2|0|1786914135.507|0.000|0.000|25527787520|35241914368|sim_data_501796ab98789225|__AUTOMETRIC__
__AUTOMETRIC__|0.1.2|2588207|crew_log_f2d067066ae031d2|0|1786914136.509|0.000|0.000|25527787520|35241914368|sim_data_501796ab98789225|__AUTOMETRIC__
__AUTOMETRIC__|0.1.2|2588207|crew_log_f2d067066ae031d2|0|1786914137.510|0.999|0.031|25527787520|35241914368|sim_data_501796ab98789225|__AUTOMETRIC__
__AUTOMETRIC__|0.1.2|2588207|crew_log_f2d067066ae031d2|0|1786914138.511|0.000|0.000|25527787520|35241914368|sim_data_501796ab98789225|__AUTOMETRIC__
__AUTOMETRIC__|0.1.2|2588207|crew_log_f2d067066ae031d2|0|1786914139.513|0.000|0.000|25527787520|35241914368|sim_data_501796ab98789225|__AUTOMETRIC__
__AUTOMETRIC__|0.1.2|2588207|crew_log_f2d067066ae031d2|0|1786914140.514|0.000|0.000|25527787520|35241914368|sim_data_501796ab98789225|__AUTOMETRIC__
__AUTOMETRIC__|0.1.2|2588207|crew_log_f2d067066ae031d2|0|1786914141.516|0.999|0.031|25527787520|35241914368|sim_data_501796ab98789225|__AUTOMETRIC__
__AUTOMETRIC__|0.1.2|2588207|crew_log_f2d067066ae031d2|0|1786914142.517|0.000|0.000|25527787520|35241914368|sim_data_501796ab98789225|__AUTOMETRIC__
__AUTOMETRIC__|0.1.2|2588207|crew_log_f2d067066ae031d2|0|1786914143.518|0.000|0.000|25527787520|35241914368|sim_data_501796ab98789225|__AUTOMETRIC__
__AUTOMETRIC__|0.1.2|2588207|crew_log_f2d067066ae031d2|0|1786914144.520|0.999|0.031|25527787520|35241914368|sim_data_501796ab98789225|__AUTOMETRIC__
__AUTOMETRIC__|0.1.2|2588207|crew_log_f2d067066ae031d2|0|1786914145.521|0.000|0.000|25527787520|35241914368|sim_data_501796ab98789225|__AUTOMETRIC__
__AUTOMETRIC__|0.1.2|2588207|crew_log_f2d067066ae031d2|0|1786914146.522|0.000|0.000|25527787520|35241914368|sim_data_501796ab98789225|__AUTOMETRIC__
__AUTOMETRIC__|0.1.2|2588207|crew_log_f2d067066ae031d2|0|1786914147.524|0.000|0.000|25527787520|35241914368|sim_data_501796ab98789225|__AUTOMETRIC__
__AUTOMETRIC__|0.1.2|2588207|crew_log_f2d067066ae031d2|0|1786914148.525|0.999|0.031|25527787520|35241914368|sim_data_501796ab98789225|__AUTOMETRIC__
__AUTOMETRIC__|0.1.2|2588207|crew_log_f2d067066ae031d2|0|1786914149.527|0.998|0.031|25527787520|35241914368|sim_data_501796ab98789225|__AUTOMETRIC__
__AUTOMETRIC__|0.1.2|2588207|crew_log_f2d067066ae031d2|0|1786914150.710|38.041|1.189|25527787520|35241914368|sim_data_501796ab98789225|__AUTOMETRIC__
__AUTOMETRIC__|0.1.2|2588207|crew_log_f2d067066ae031d2|0|1786914151.712|25.956|0.811|25527787520|35241914368|sim_data_501796ab98789225|__AUTOMETRIC__
__AUTOMETRIC__|0.1.2|2588207|crew_log_f2d067066ae031d2|0|1786914152.713|0.000|0.000|25527787520|35241914368|sim_data_501796ab98789225|__AUTOMETRIC__
__AUTOMETRIC__|0.1.2|2588207|crew_log_f2d067066ae031d2|0|1786914153.714|0.999|0.031|25527787520|35241914368|sim_data_501796ab98789225|__AUTOMETRIC__
__AUTOMETRIC__|0.1.2|2588207|crew_log_f2d067066ae031d2|0|1786914154.911|20.887|0.653|25527787520|35241914368|sim_data_501796ab98789225|__AUTOMETRIC__
__AUTOMETRIC__|0.1.2|2588207|crew_log_f2d067066ae031d2|0|1786914155.913|0.999|0.031|25527787520|35241914368|sim_data_501796ab98789225|__AUTOMETRIC__
__AUTOMETRIC__|0.1.2|2588207|crew_log_f2d067066ae031d2|0|1786914156.914|0.999|0.031|25527787520|35241914368|sim_data_501796ab98789225|__AUTOMETRIC__
__AUTOMETRIC__|0.1.2|2588207|crew_log_f2d067066ae031d2|0|1786914157.915|0.999|0.031|25527787520|35241914368|sim_data_501796ab98789225|__AUTOMETRIC__
__AUTOMETRIC__|0.1.2|2588207|crew_log_f2d067066ae031d2|0|1786914158.917|22.966|0.718|25527787520|35241914368|sim_data_501796ab98789225|__AUTOMETRIC__
__AUTOMETRIC__|0.1.2|2588207|crew_log_f2d067066ae031d2|0|1786914159.919|1.996|0.062|25527787520|35241914368|sim_data_501796ab98789225|__AUTOMETRIC__
__AUTOMETRIC__|0.1.2|2588207|crew_log_f2d067066ae031d2|0|1786914160.920|0.999|0.031|25527787520|35241914368|sim_data_501796ab98789225|__AUTOMETRIC__
__AUTOMETRIC__|0.1.2|2588207|crew_log_f2d067066ae031d2|0|1786914161.921|2.996|0.094|25527787520|35241914368|sim_data_501796ab98789225|__AUTOMETRIC__
__AUTOMETRIC__|0.1.2|2588207|crew_log_f2d067066ae031d2|0|1786914162.923|22.975|0.718|25527787520|35241914368|sim_data_501796ab98789225|__AUTOMETRIC__
__AUTOMETRIC__|0.1.2|2588207|crew_log_f2d067066ae031d2|0|1786914163.924|0.999|0.031|25527787520|35241914368|sim_data_501796ab98789225|__AUTOMETRIC__
__AUTOMETRIC__|0.1.2|2588207|crew_log_f2d067066ae031d2|0|1786914164.925|1.997|0.062|25527787520|35241914368|sim_data_501796ab98789225|__AUTOMETRIC__
__AUTOMETRIC__|0.1.2|2588207|crew_log_f2d067066ae031d2|0|1786914165.927|15.979|0.499|25527787520|35241914368|sim_data_501796ab98789225|__AUTOMETRIC__
__AUTOMETRIC__|0.1.2|2588207|crew_log_f2d067066ae031d2|0|1786914166.928|75.893|2.372|25528406016|35241914368|sim_data_501796ab98789225|__AUTOMETRIC__
__AUTOMETRIC__|0.1.2|2588207|crew_log_f2d067066ae031d2|0|1786914167.929|98.882|3.090|25538932736|35252129792|sim_data_501796ab98789225|__AUTOMETRIC__
__AUTOMETRIC__|0.1.2|2588207|crew_log_f2d067066ae031d2|0|1786914168.931|99.870|3.121|25543913472|35252129792|sim_data_501796ab98789225|__AUTOMETRIC__
__AUTOMETRIC__|0.1.2|2588207|crew_log_f2d067066ae031d2|0|1786914169.932|544.088|17.003|25585332224|35292639232|sim_data_501796ab98789225|__AUTOMETRIC__
__AUTOMETRIC__|0.1.2|2588207|crew_log_f2d067066ae031d2|0|1786914170.933|324.602|10.144|25585332224|35292639232|sim_data_501796ab98789225|__AUTOMETRIC__
__AUTOMETRIC__|0.1.2|2588207|crew_log_f2d067066ae031d2|0|1786914171.935|132.842|4.151|25585332224|35292639232|sim_data_501796ab98789225|__AUTOMETRIC__
__AUTOMETRIC__|0.1.2|2588207|crew_log_f2d067066ae031d2|0|1786914173.071|98.560|3.080|25585332224|35292639232|sim_data_501796ab98789225|__AUTOMETRIC__
__AUTOMETRIC__|0.1.2|2588207|crew_log_f2d067066ae031d2|0|1786914174.210|20.199|0.631|25585332224|35292639232|sim_data_501796ab98789225|__AUTOMETRIC__
__AUTOMETRIC__|0.1.2|2588207|crew_log_f2d067066ae031d2|0|1786914175.307|42.832|1.338|25585332224|35292639232|sim_data_501796ab98789225|__AUTOMETRIC__
__AUTOMETRIC__|0.1.2|2588207|crew_log_f2d067066ae031d2|0|1786914176.308|0.999|0.031|25585332224|35292639232|sim_data_501796ab98789225|__AUTOMETRIC__
__AUTOMETRIC__|0.1.2|2588207|crew_log_f2d067066ae031d2|0|1786914177.310|0.000|0.000|25585332224|35292639232|sim_data_501796ab98789225|__AUTOMETRIC__
__AUTOMETRIC__|0.1.2|2588207|crew_log_f2d067066ae031d2|0|1786914178.311|0.000|0.000|25585332224|35292639232|sim_data_501796ab98789225|__AUTOMETRIC__
__AUTOMETRIC__|0.1.2|2588207|crew_log_f2d067066ae031d2|0|1786914179.313|0.999|0.031|25585332224|35292639232|sim_data_501796ab98789225|__AUTOMETRIC__
__AUTOMETRIC__|0.1.2|2588207|crew_log_f2d067066ae031d2|0|1786914180.315|0.000|0.000|25585332224|35292639232|sim_data_501796ab98789225|__AUTOMETRIC__
__AUTOMETRIC__|0.1.2|2588207|crew_log_f2d067066ae031d2|0|1786914181.316|0.000|0.000|25585332224|35292639232|sim_data_501796ab98789225|__AUTOMETRIC__
__AUTOMETRIC__|0.1.2|2588207|crew_log_f2d067066ae031d2|0|1786914182.317|0.000|0.000|25585332224|35292639232|sim_data_501796ab98789225|__AUTOMETRIC__
__AUTOMETRIC__|0.1.2|2588207|crew_log_f2d067066ae031d2|0|1786914183.319|0.999|0.031|25585332224|35292639232|sim_data_501796ab98789225|__AUTOMETRIC__
__AUTOMETRIC__|0.1.2|2588207|crew_log_f2d067066ae031d2|0|1786914184.320|0.000|0.000|25585332224|35292639232|sim_data_501796ab98789225|__AUTOMETRIC__
__AUTOMETRIC__|0.1.2|2588207|crew_log_f2d067066ae031d2|0|1786914185.321|0.999|0.031|25585332224|35292639232|sim_data_501796ab98789225|__AUTOMETRIC__
__AUTOMETRIC__|0.1.2|2588207|crew_log_f2d067066ae031d2|0|1786914186.323|0.999|0.031|25585332224|35292639232|sim_data_501796ab98789225|__AUTOMETRIC__
__AUTOMETRIC__|0.1.2|2588207|crew_log_f2d067066ae031d2|0|1786914187.324|0.000|0.000|25585332224|35292639232|sim_data_501796ab98789225|__AUTOMETRIC__
__AUTOMETRIC__|0.1.2|2588207|crew_log_f2d067066ae031d2|0|1786914188.325|0.000|0.000|25585332224|35292639232|sim_data_501796ab98789225|__AUTOMETRIC__
__AUTOMETRIC__|0.1.2|2588207|crew_log_f2d067066ae031d2|0|1786914189.326|0.000|0.000|25585332224|35292639232|sim_data_501796ab98789225|__AUTOMETRIC__
__AUTOMETRIC__|0.1.2|2588207|crew_log_f2d067066ae031d2|0|1786914190.329|0.998|0.031|25585332224|35292639232|sim_data_501796ab98789225|__AUTOMETRIC__
__AUTOMETRIC__|0.1.2|2588207|crew_log_f2d067066ae031d2|0|1786914191.330|0.000|0.000|25585332224|35292639232|sim_data_501796ab98789225|__AUTOMETRIC__
__AUTOMETRIC__|0.1.2|2588207|crew_log_f2d067066ae031d2|0|1786914192.331|0.000|0.000|25585332224|35292639232|sim_data_501796ab98789225|__AUTOMETRIC__
__AUTOMETRIC__|0.1.2|2588207|crew_log_f2d067066ae031d2|0|1786914193.333|0.000|0.000|25585332224|35292639232|sim_data_501796ab98789225|__AUTOMETRIC__
__AUTOMETRIC__|0.1.2|2588207|crew_log_f2d067066ae031d2|0|1786914194.334|0.998|0.031|25585332224|35292639232|sim_data_501796ab98789225|__AUTOMETRIC__
__AUTOMETRIC__|0.1.2|2588207|crew_log_f2d067066ae031d2|0|1786914195.336|0.000|0.000|25585332224|35292639232|sim_data_501796ab98789225|__AUTOMETRIC__
__AUTOMETRIC__|0.1.2|2588207|crew_log_f2d067066ae031d2|0|1786914196.337|23.970|0.749|25585332224|35292639232|sim_data_501796ab98789225|__AUTOMETRIC__
__AUTOMETRIC__|0.1.2|2588207|crew_log_f2d067066ae031d2|0|1786914197.338|46.932|1.467|25585332224|35292639232|sim_data_501796ab98789225|__AUTOMETRIC__
__AUTOMETRIC__|0.1.2|2588207|crew_log_f2d067066ae031d2|0|1786914198.340|1.997|0.062|25585332224|35292639232|sim_data_501796ab98789225|__AUTOMETRIC__
__AUTOMETRIC__|0.1.2|2588207|crew_log_f2d067066ae031d2|0|1786914199.341|0.999|0.031|25585332224|35292639232|sim_data_501796ab98789225|__AUTOMETRIC__
__AUTOMETRIC__|0.1.2|2588207|crew_log_f2d067066ae031d2|0|1786914200.343|0.998|0.031|25585332224|35292639232|sim_data_501796ab98789225|__AUTOMETRIC__
__AUTOMETRIC__|0.1.2|2588207|crew_log_f2d067066ae031d2|0|1786914201.344|23.971|0.749|25585332224|35292639232|sim_data_501796ab98789225|__AUTOMETRIC__
__AUTOMETRIC__|0.1.2|2588207|crew_log_f2d067066ae031d2|0|1786914202.345|0.999|0.031|25585332224|35292639232|sim_data_501796ab98789225|__AUTOMETRIC__
__AUTOMETRIC__|0.1.2|2588207|crew_log_f2d067066ae031d2|0|1786914203.346|0.999|0.031|25585332224|35292639232|sim_data_501796ab98789225|__AUTOMETRIC__
__AUTOMETRIC__|0.1.2|2588207|crew_log_f2d067066ae031d2|0|1786914204.348|0.999|0.031|25585332224|35292639232|sim_data_501796ab98789225|__AUTOMETRIC__
__AUTOMETRIC__|0.1.2|2588207|crew_log_f2d067066ae031d2|0|1786914205.349|23.970|0.749|25585332224|35292639232|sim_data_501796ab98789225|__AUTOMETRIC__
__AUTOMETRIC__|0.1.2|2588207|crew_log_f2d067066ae031d2|0|1786914206.350|1.998|0.062|25585332224|35292639232|sim_data_501796ab98789225|__AUTOMETRIC__
__AUTOMETRIC__|0.1.2|2588207|crew_log_f2d067066ae031d2|0|1786914207.351|0.999|0.031|25585332224|35292639232|sim_data_501796ab98789225|__AUTOMETRIC__
__AUTOMETRIC__|0.1.2|2588207|crew_log_f2d067066ae031d2|0|1786914208.352|0.999|0.031|25585332224|35292639232|sim_data_501796ab98789225|__AUTOMETRIC__
__AUTOMETRIC__|0.1.2|2588207|crew_log_f2d067066ae031d2|0|1786914209.354|24.968|0.780|25585332224|35292639232|sim_data_501796ab98789225|__AUTOMETRIC__
__AUTOMETRIC__|0.1.2|2588207|crew_log_f2d067066ae031d2|0|1786914210.356|0.998|0.031|25585332224|35292639232|sim_data_501796ab98789225|__AUTOMETRIC__
__AUTOMETRIC__|0.1.2|2588207|crew_log_f2d067066ae031d2|0|1786914211.357|0.999|0.031|25585332224|35292639232|sim_data_501796ab98789225|__AUTOMETRIC__
__AUTOMETRIC__|0.1.2|2588207|crew_log_f2d067066ae031d2|0|1786914212.359|1.997|0.062|25585332224|35292639232|sim_data_501796ab98789225|__AUTOMETRIC__
__AUTOMETRIC__|0.1.2|2588207|crew_log_f2d067066ae031d2|0|1786914213.360|75.901|2.372|25585397760|35292639232|sim_data_501796ab98789225|__AUTOMETRIC__
__AUTOMETRIC__|0.1.2|2588207|crew_log_f2d067066ae031d2|0|1786914214.361|98.870|3.090|25585397760|35292639232|sim_data_501796ab98789225|__AUTOMETRIC__
__AUTOMETRIC__|0.1.2|2588207|crew_log_f2d067066ae031d2|0|1786914215.363|99.832|3.120|25585397760|35292639232|sim_data_501796ab98789225|__AUTOMETRIC__
__AUTOMETRIC__|0.1.2|2588207|crew_log_f2d067066ae031d2|0|1786914216.364|459.447|14.358|25585397760|35292639232|sim_data_501796ab98789225|__AUTOMETRIC__
__AUTOMETRIC__|0.1.2|2588207|crew_log_f2d067066ae031d2|0|1786914217.365|308.602|9.644|25585397760|35292639232|sim_data_501796ab98789225|__AUTOMETRIC__
__AUTOMETRIC__|0.1.2|2588207|crew_log_f2d067066ae031d2|0|1786914218.367|131.841|4.120|25585397760|35292639232|sim_data_501796ab98789225|__AUTOMETRIC__
__AUTOMETRIC__|0.1.2|2588207|crew_log_f2d067066ae031d2|0|1786914219.600|99.735|3.117|25585397760|35292639232|sim_data_501796ab98789225|__AUTOMETRIC__
__AUTOMETRIC__|0.1.2|2588207|crew_log_f2d067066ae031d2|0|1786914220.722|19.602|0.613|25585397760|35292639232|sim_data_501796ab98789225|__AUTOMETRIC__
__AUTOMETRIC__|0.1.2|2588207|crew_log_f2d067066ae031d2|0|1786914221.813|43.080|1.346|25585397760|35292639232|sim_data_501796ab98789225|__AUTOMETRIC__
__AUTOMETRIC__|0.1.2|2588207|crew_log_f2d067066ae031d2|0|1786914222.814|0.000|0.000|25585397760|35292639232|sim_data_501796ab98789225|__AUTOMETRIC__
__AUTOMETRIC__|0.1.2|2588207|crew_log_f2d067066ae031d2|0|1786914223.816|0.000|0.000|25585397760|35292639232|sim_data_501796ab98789225|__AUTOMETRIC__
__AUTOMETRIC__|0.1.2|2588207|crew_log_f2d067066ae031d2|0|1786914224.817|0.999|0.031|25585397760|35292639232|sim_data_501796ab98789225|__AUTOMETRIC__
__AUTOMETRIC__|0.1.2|2588207|crew_log_f2d067066ae031d2|0|1786914225.818|0.000|0.000|25585397760|35292639232|sim_data_501796ab98789225|__AUTOMETRIC__
__AUTOMETRIC__|0.1.2|2588207|crew_log_f2d067066ae031d2|0|1786914226.820|0.000|0.000|25585397760|35292639232|sim_data_501796ab98789225|__AUTOMETRIC__
__AUTOMETRIC__|0.1.2|2588207|crew_log_f2d067066ae031d2|0|1786914227.822|0.998|0.031|25585397760|35292639232|sim_data_501796ab98789225|__AUTOMETRIC__
__AUTOMETRIC__|0.1.2|2588207|crew_log_f2d067066ae031d2|0|1786914228.823|0.999|0.031|25585397760|35292639232|sim_data_501796ab98789225|__AUTOMETRIC__
__AUTOMETRIC__|0.1.2|2588207|crew_log_f2d067066ae031d2|0|1786914229.824|0.000|0.000|25585397760|35292639232|sim_data_501796ab98789225|__AUTOMETRIC__
__AUTOMETRIC__|0.1.2|2588207|crew_log_f2d067066ae031d2|0|1786914230.825|0.000|0.000|25585397760|35292639232|sim_data_501796ab98789225|__AUTOMETRIC__
__AUTOMETRIC__|0.1.2|2588207|crew_log_f2d067066ae031d2|0|1786914231.827|0.000|0.000|25585397760|35292639232|sim_data_501796ab98789225|__AUTOMETRIC__
__AUTOMETRIC__|0.1.2|2588207|crew_log_f2d067066ae031d2|0|1786914232.828|0.998|0.031|25585397760|35292639232|sim_data_501796ab98789225|__AUTOMETRIC__
__AUTOMETRIC__|0.1.2|2588207|crew_log_f2d067066ae031d2|0|1786914233.830|0.000|0.000|25585397760|35292639232|sim_data_501796ab98789225|__AUTOMETRIC__
__AUTOMETRIC__|0.1.2|2588207|crew_log_f2d067066ae031d2|0|1786914234.831|0.000|0.000|25585397760|35292639232|sim_data_501796ab98789225|__AUTOMETRIC__
__AUTOMETRIC__|0.1.2|2588207|crew_log_f2d067066ae031d2|0|1786914235.832|0.000|0.000|25585397760|35292639232|sim_data_501796ab98789225|__AUTOMETRIC__
__AUTOMETRIC__|0.1.2|2588207|crew_log_f2d067066ae031d2|0|1786914236.833|0.999|0.031|25585397760|35292639232|sim_data_501796ab98789225|__AUTOMETRIC__
__AUTOMETRIC__|0.1.2|2588207|crew_log_f2d067066ae031d2|0|1786914237.835|0.000|0.000|25585397760|35292639232|sim_data_501796ab98789225|__AUTOMETRIC__
__AUTOMETRIC__|0.1.2|2588207|crew_log_f2d067066ae031d2|0|1786914238.836|0.000|0.000|25585397760|35292639232|sim_data_501796ab98789225|__AUTOMETRIC__
__AUTOMETRIC__|0.1.2|2588207|crew_log_f2d067066ae031d2|0|1786914239.838|0.998|0.031|25585397760|35292639232|sim_data_501796ab98789225|__AUTOMETRIC__
__AUTOMETRIC__|0.1.2|2588207|crew_log_f2d067066ae031d2|0|1786914240.839|0.999|0.031|25585397760|35292639232|sim_data_501796ab98789225|__AUTOMETRIC__
__AUTOMETRIC__|0.1.2|2588207|crew_log_f2d067066ae031d2|0|1786914241.840|0.000|0.000|25585397760|35292639232|sim_data_501796ab98789225|__AUTOMETRIC__
__AUTOMETRIC__|0.1.2|2588207|crew_log_f2d067066ae031d2|0|1786914242.905|43.196|1.350|25585397760|35292639232|sim_data_501796ab98789225|__AUTOMETRIC__
__AUTOMETRIC__|0.1.2|2588207|crew_log_f2d067066ae031d2|0|1786914243.906|25.970|0.812|25585397760|35292639232|sim_data_501796ab98789225|__AUTOMETRIC__
__AUTOMETRIC__|0.1.2|2588207|crew_log_f2d067066ae031d2|0|1786914244.908|0.000|0.000|25585397760|35292639232|sim_data_501796ab98789225|__AUTOMETRIC__
__AUTOMETRIC__|0.1.2|2588207|crew_log_f2d067066ae031d2|0|1786914245.909|1.997|0.062|25585397760|35292639232|sim_data_501796ab98789225|__AUTOMETRIC__
__AUTOMETRIC__|0.1.2|2588207|crew_log_f2d067066ae031d2|0|1786914247.014|20.819|0.651|25585397760|35292639232|sim_data_501796ab98789225|__AUTOMETRIC__
__AUTOMETRIC__|0.1.2|2588207|crew_log_f2d067066ae031d2|0|1786914248.015|1.998|0.062|25585397760|35292639232|sim_data_501796ab98789225|__AUTOMETRIC__
__AUTOMETRIC__|0.1.2|2588207|crew_log_f2d067066ae031d2|0|1786914249.016|0.999|0.031|25585397760|35292639232|sim_data_501796ab98789225|__AUTOMETRIC__
__AUTOMETRIC__|0.1.2|2588207|crew_log_f2d067066ae031d2|0|1786914250.017|0.999|0.031|25585397760|35292639232|sim_data_501796ab98789225|__AUTOMETRIC__
__AUTOMETRIC__|0.1.2|2588207|crew_log_f2d067066ae031d2|0|1786914251.018|23.974|0.749|25585397760|35292639232|sim_data_501796ab98789225|__AUTOMETRIC__
__AUTOMETRIC__|0.1.2|2588207|crew_log_f2d067066ae031d2|0|1786914252.019|1.998|0.062|25585397760|35292639232|sim_data_501796ab98789225|__AUTOMETRIC__
__AUTOMETRIC__|0.1.2|2588207|crew_log_f2d067066ae031d2|0|1786914253.021|0.999|0.031|25585397760|35292639232|sim_data_501796ab98789225|__AUTOMETRIC__
__AUTOMETRIC__|0.1.2|2588207|crew_log_f2d067066ae031d2|0|1786914254.036|23.640|0.739|25585397760|35292639232|sim_data_501796ab98789225|__AUTOMETRIC__
__AUTOMETRIC__|0.1.2|2588207|crew_log_f2d067066ae031d2|0|1786914255.037|0.999|0.031|25585397760|35292639232|sim_data_501796ab98789225|__AUTOMETRIC__
__AUTOMETRIC__|0.1.2|2588207|crew_log_f2d067066ae031d2|0|1786914256.038|0.999|0.031|25585397760|35292639232|sim_data_501796ab98789225|__AUTOMETRIC__
__AUTOMETRIC__|0.1.2|2588207|crew_log_f2d067066ae031d2|0|1786914257.040|1.997|0.062|25585397760|35292639232|sim_data_501796ab98789225|__AUTOMETRIC__
__AUTOMETRIC__|0.1.2|2588207|crew_log_f2d067066ae031d2|0|1786914258.041|23.974|0.749|25585602560|35294400512|sim_data_501796ab98789225|__AUTOMETRIC__
__AUTOMETRIC__|0.1.2|2588207|crew_log_f2d067066ae031d2|0|1786914259.042|90.864|2.839|25585864704|35292639232|sim_data_501796ab98789225|__AUTOMETRIC__
__AUTOMETRIC__|0.1.2|2588207|crew_log_f2d067066ae031d2|0|1786914260.044|99.813|3.119|25585864704|35292639232|sim_data_501796ab98789225|__AUTOMETRIC__
__AUTOMETRIC__|0.1.2|2588207|crew_log_f2d067066ae031d2|0|1786914261.045|131.845|4.120|25585864704|35292639232|sim_data_501796ab98789225|__AUTOMETRIC__
__AUTOMETRIC__|0.1.2|2588207|crew_log_f2d067066ae031d2|0|1786914262.047|628.198|19.631|25585864704|35292639232|sim_data_501796ab98789225|__AUTOMETRIC__
__AUTOMETRIC__|0.1.2|2588207|crew_log_f2d067066ae031d2|0|1786914263.048|99.881|3.121|25585864704|35292639232|sim_data_501796ab98789225|__AUTOMETRIC__
__AUTOMETRIC__|0.1.2|2588207|crew_log_f2d067066ae031d2|0|1786914264.049|130.832|4.089|25585864704|35292639232|sim_data_501796ab98789225|__AUTOMETRIC__
__AUTOMETRIC__|0.1.2|2588207|crew_log_f2d067066ae031d2|0|1786914265.050|69.901|2.184|25585864704|35292639232|sim_data_501796ab98789225|__AUTOMETRIC__
__AUTOMETRIC__|0.1.2|2588207|crew_log_f2d067066ae031d2|0|1786914266.052|23.970|0.749|25585864704|35292639232|sim_data_501796ab98789225|__AUTOMETRIC__
__AUTOMETRIC__|0.1.2|2588207|crew_log_f2d067066ae031d2|0|1786914267.053|46.935|1.467|25585864704|35292639232|sim_data_501796ab98789225|__AUTOMETRIC__
__AUTOMETRIC__|0.1.2|2588207|crew_log_f2d067066ae031d2|0|1786914268.054|0.000|0.000|25585864704|35292639232|sim_data_501796ab98789225|__AUTOMETRIC__
__AUTOMETRIC__|0.1.2|2588207|crew_log_f2d067066ae031d2|0|1786914269.055|0.999|0.031|25585864704|35292639232|sim_data_501796ab98789225|__AUTOMETRIC__
__AUTOMETRIC__|0.1.2|2588207|crew_log_f2d067066ae031d2|0|1786914270.057|0.000|0.000|25585864704|35292639232|sim_data_501796ab98789225|__AUTOMETRIC__
__AUTOMETRIC__|0.1.2|2588207|crew_log_f2d067066ae031d2|0|1786914271.058|0.999|0.031|25585864704|35292639232|sim_data_501796ab98789225|__AUTOMETRIC__
__AUTOMETRIC__|0.1.2|2588207|crew_log_f2d067066ae031d2|0|1786914272.059|0.000|0.000|25585864704|35292639232|sim_data_501796ab98789225|__AUTOMETRIC__
__AUTOMETRIC__|0.1.2|2588207|crew_log_f2d067066ae031d2|0|1786914273.060|0.000|0.000|25585864704|35292639232|sim_data_501796ab98789225|__AUTOMETRIC__
__AUTOMETRIC__|0.1.2|2588207|crew_log_f2d067066ae031d2|0|1786914274.062|0.000|0.000|25585864704|35292639232|sim_data_501796ab98789225|__AUTOMETRIC__
__AUTOMETRIC__|0.1.2|2588207|crew_log_f2d067066ae031d2|0|1786914275.063|0.999|0.031|25585864704|35292639232|sim_data_501796ab98789225|__AUTOMETRIC__
__AUTOMETRIC__|0.1.2|2588207|crew_log_f2d067066ae031d2|0|1786914276.064|0.000|0.000|25585864704|35292639232|sim_data_501796ab98789225|__AUTOMETRIC__
__AUTOMETRIC__|0.1.2|2588207|crew_log_f2d067066ae031d2|0|1786914277.065|0.999|0.031|25585864704|35292639232|sim_data_501796ab98789225|__AUTOMETRIC__
__AUTOMETRIC__|0.1.2|2588207|crew_log_f2d067066ae031d2|0|1786914278.067|0.999|0.031|25585864704|35292639232|sim_data_501796ab98789225|__AUTOMETRIC__
__AUTOMETRIC__|0.1.2|2588207|crew_log_f2d067066ae031d2|0|1786914279.068|0.000|0.000|25585864704|35292639232|sim_data_501796ab98789225|__AUTOMETRIC__
__AUTOMETRIC__|0.1.2|2588207|crew_log_f2d067066ae031d2|0|1786914280.069|0.000|0.000|25585864704|35292639232|sim_data_501796ab98789225|__AUTOMETRIC__
__AUTOMETRIC__|0.1.2|2588207|crew_log_f2d067066ae031d2|0|1786914281.070|0.999|0.031|25585864704|35292639232|sim_data_501796ab98789225|__AUTOMETRIC__
__AUTOMETRIC__|0.1.2|2588207|crew_log_f2d067066ae031d2|0|1786914282.072|0.000|0.000|25585864704|35292639232|sim_data_501796ab98789225|__AUTOMETRIC__
__AUTOMETRIC__|0.1.2|2588207|crew_log_f2d067066ae031d2|0|1786914283.073|0.000|0.000|25585864704|35292639232|sim_data_501796ab98789225|__AUTOMETRIC__
__AUTOMETRIC__|0.1.2|2588207|crew_log_f2d067066ae031d2|0|1786914284.074|0.000|0.000|25585864704|35292639232|sim_data_501796ab98789225|__AUTOMETRIC__
__AUTOMETRIC__|0.1.2|2588207|crew_log_f2d067066ae031d2|0|1786914285.075|0.999|0.031|25585864704|35292639232|sim_data_501796ab98789225|__AUTOMETRIC__
__AUTOMETRIC__|0.1.2|2588207|crew_log_f2d067066ae031d2|0|1786914286.076|0.000|0.000|25585864704|35292639232|sim_data_501796ab98789225|__AUTOMETRIC__
__AUTOMETRIC__|0.1.2|2588207|crew_log_f2d067066ae031d2|0|1786914287.077|0.000|0.000|25585864704|35292639232|sim_data_501796ab98789225|__AUTOMETRIC__
__AUTOMETRIC__|0.1.2|2588207|crew_log_f2d067066ae031d2|0|1786914288.128|44.754|1.399|25585864704|35292639232|sim_data_501796ab98789225|__AUTOMETRIC__
__AUTOMETRIC__|0.1.2|2588207|crew_log_f2d067066ae031d2|0|1786914289.129|25.961|0.811|25585864704|35292639232|sim_data_501796ab98789225|__AUTOMETRIC__
__AUTOMETRIC__|0.1.2|2588207|crew_log_f2d067066ae031d2|0|1786914290.130|0.999|0.031|25585864704|35292639232|sim_data_501796ab98789225|__AUTOMETRIC__
__AUTOMETRIC__|0.1.2|2588207|crew_log_f2d067066ae031d2|0|1786914291.132|0.998|0.031|25585864704|35292639232|sim_data_501796ab98789225|__AUTOMETRIC__
__AUTOMETRIC__|0.1.2|2588207|crew_log_f2d067066ae031d2|0|1786914292.243|21.614|0.675|25585864704|35292639232|sim_data_501796ab98789225|__AUTOMETRIC__
__AUTOMETRIC__|0.1.2|2588207|crew_log_f2d067066ae031d2|0|1786914293.244|0.999|0.031|25585864704|35292639232|sim_data_501796ab98789225|__AUTOMETRIC__
__AUTOMETRIC__|0.1.2|2588207|crew_log_f2d067066ae031d2|0|1786914294.245|0.999|0.031|25585864704|35292639232|sim_data_501796ab98789225|__AUTOMETRIC__
__AUTOMETRIC__|0.1.2|2588207|crew_log_f2d067066ae031d2|0|1786914295.246|0.999|0.031|25585864704|35292639232|sim_data_501796ab98789225|__AUTOMETRIC__
__AUTOMETRIC__|0.1.2|2588207|crew_log_f2d067066ae031d2|0|1786914296.248|23.970|0.749|25585864704|35292639232|sim_data_501796ab98789225|__AUTOMETRIC__
__AUTOMETRIC__|0.1.2|2588207|crew_log_f2d067066ae031d2|0|1786914297.249|1.997|0.062|25585864704|35292639232|sim_data_501796ab98789225|__AUTOMETRIC__
__AUTOMETRIC__|0.1.2|2588207|crew_log_f2d067066ae031d2|0|1786914298.251|0.998|0.031|25585864704|35292639232|sim_data_501796ab98789225|__AUTOMETRIC__
__AUTOMETRIC__|0.1.2|2588207|crew_log_f2d067066ae031d2|0|1786914299.472|20.485|0.640|25585864704|35292639232|sim_data_501796ab98789225|__AUTOMETRIC__
__AUTOMETRIC__|0.1.2|2588207|crew_log_f2d067066ae031d2|0|1786914300.473|0.999|0.031|25585864704|35292639232|sim_data_501796ab98789225|__AUTOMETRIC__
__AUTOMETRIC__|0.1.2|2588207|crew_log_f2d067066ae031d2|0|1786914301.475|0.998|0.031|25585864704|35292639232|sim_data_501796ab98789225|__AUTOMETRIC__
__AUTOMETRIC__|0.1.2|2588207|crew_log_f2d067066ae031d2|0|1786914302.476|1.998|0.062|25585864704|35292639232|sim_data_501796ab98789225|__AUTOMETRIC__
__AUTOMETRIC__|0.1.2|2588207|crew_log_f2d067066ae031d2|0|1786914303.477|55.933|1.748|25590927360|35297538048|sim_data_501796ab98789225|__AUTOMETRIC__
__AUTOMETRIC__|0.1.2|2588207|crew_log_f2d067066ae031d2|0|1786914304.478|99.889|3.122|25777577984|35485143040|sim_data_501796ab98789225|__AUTOMETRIC__
__AUTOMETRIC__|0.1.2|2588207|crew_log_f2d067066ae031d2|0|1786914305.480|99.874|3.121|25777577984|35485143040|sim_data_501796ab98789225|__AUTOMETRIC__
__AUTOMETRIC__|0.1.2|2588207|crew_log_f2d067066ae031d2|0|1786914306.481|150.818|4.713|25777577984|35485143040|sim_data_501796ab98789225|__AUTOMETRIC__
__AUTOMETRIC__|0.1.2|2588207|crew_log_f2d067066ae031d2|0|1786914307.482|373.597|11.675|25777577984|35485143040|sim_data_501796ab98789225|__AUTOMETRIC__
__AUTOMETRIC__|0.1.2|2588207|crew_log_f2d067066ae031d2|0|1786914308.483|400.494|12.515|25777577984|35485143040|sim_data_501796ab98789225|__AUTOMETRIC__
__AUTOMETRIC__|0.1.2|2588207|crew_log_f2d067066ae031d2|0|1786914309.484|250.683|7.834|25777840128|35485143040|sim_data_501796ab98789225|__AUTOMETRIC__
__AUTOMETRIC__|0.1.2|2588207|crew_log_f2d067066ae031d2|0|1786914310.486|120.858|3.777|25777840128|35485143040|sim_data_501796ab98789225|__AUTOMETRIC__
__AUTOMETRIC__|0.1.2|2588207|crew_log_f2d067066ae031d2|0|1786914311.523|99.256|3.102|25777840128|35485143040|sim_data_501796ab98789225|__AUTOMETRIC__
__AUTOMETRIC__|0.1.2|2588207|crew_log_f2d067066ae031d2|0|1786914312.579|21.791|0.681|25777840128|35485143040|sim_data_501796ab98789225|__AUTOMETRIC__
__AUTOMETRIC__|0.1.2|2588207|crew_log_f2d067066ae031d2|0|1786914313.692|42.205|1.319|25777840128|35485143040|sim_data_501796ab98789225|__AUTOMETRIC__
__AUTOMETRIC__|0.1.2|2588207|crew_log_f2d067066ae031d2|0|1786914314.694|0.999|0.031|25777840128|35485143040|sim_data_501796ab98789225|__AUTOMETRIC__
__AUTOMETRIC__|0.1.2|2588207|crew_log_f2d067066ae031d2|0|1786914315.695|0.000|0.000|25777840128|35485143040|sim_data_501796ab98789225|__AUTOMETRIC__
__AUTOMETRIC__|0.1.2|2588207|crew_log_f2d067066ae031d2|0|1786914316.696|0.000|0.000|25777840128|35485143040|sim_data_501796ab98789225|__AUTOMETRIC__
__AUTOMETRIC__|0.1.2|2588207|crew_log_f2d067066ae031d2|0|1786914317.697|0.999|0.031|25777840128|35485143040|sim_data_501796ab98789225|__AUTOMETRIC__
__AUTOMETRIC__|0.1.2|2588207|crew_log_f2d067066ae031d2|0|1786914318.699|0.000|0.000|25777840128|35485143040|sim_data_501796ab98789225|__AUTOMETRIC__
__AUTOMETRIC__|0.1.2|2588207|crew_log_f2d067066ae031d2|0|1786914319.700|0.000|0.000|25777840128|35485143040|sim_data_501796ab98789225|__AUTOMETRIC__
__AUTOMETRIC__|0.1.2|2588207|crew_log_f2d067066ae031d2|0|1786914320.701|0.999|0.031|25777840128|35485143040|sim_data_501796ab98789225|__AUTOMETRIC__
__AUTOMETRIC__|0.1.2|2588207|crew_log_f2d067066ae031d2|0|1786914321.703|0.000|0.000|25777840128|35485143040|sim_data_501796ab98789225|__AUTOMETRIC__
__AUTOMETRIC__|0.1.2|2588207|crew_log_f2d067066ae031d2|0|1786914322.705|0.999|0.031|25777840128|35485143040|sim_data_501796ab98789225|__AUTOMETRIC__
__AUTOMETRIC__|0.1.2|2588207|crew_log_f2d067066ae031d2|0|1786914323.706|0.999|0.031|25777840128|35485143040|sim_data_501796ab98789225|__AUTOMETRIC__
__AUTOMETRIC__|0.1.2|2588207|crew_log_f2d067066ae031d2|0|1786914324.708|0.000|0.000|25777840128|35485143040|sim_data_501796ab98789225|__AUTOMETRIC__
__AUTOMETRIC__|0.1.2|2588207|crew_log_f2d067066ae031d2|0|1786914325.709|0.000|0.000|25777840128|35485143040|sim_data_501796ab98789225|__AUTOMETRIC__
__AUTOMETRIC__|0.1.2|2588207|crew_log_f2d067066ae031d2|0|1786914326.710|0.000|0.000|25777840128|35485143040|sim_data_501796ab98789225|__AUTOMETRIC__
__AUTOMETRIC__|0.1.2|2588207|crew_log_f2d067066ae031d2|0|1786914327.712|0.999|0.031|25777840128|35485143040|sim_data_501796ab98789225|__AUTOMETRIC__
__AUTOMETRIC__|0.1.2|2588207|crew_log_f2d067066ae031d2|0|1786914328.713|0.000|0.000|25777840128|35485143040|sim_data_501796ab98789225|__AUTOMETRIC__
__AUTOMETRIC__|0.1.2|2588207|crew_log_f2d067066ae031d2|0|1786914329.714|0.000|0.000|25777840128|35485143040|sim_data_501796ab98789225|__AUTOMETRIC__
__AUTOMETRIC__|0.1.2|2588207|crew_log_f2d067066ae031d2|0|1786914330.715|0.999|0.031|25777840128|35485143040|sim_data_501796ab98789225|__AUTOMETRIC__
__AUTOMETRIC__|0.1.2|2588207|crew_log_f2d067066ae031d2|0|1786914331.717|0.000|0.000|25777840128|35485143040|sim_data_501796ab98789225|__AUTOMETRIC__
__AUTOMETRIC__|0.1.2|2588207|crew_log_f2d067066ae031d2|0|1786914332.718|0.000|0.000|25777840128|35485143040|sim_data_501796ab98789225|__AUTOMETRIC__
__AUTOMETRIC__|0.1.2|2588207|crew_log_f2d067066ae031d2|0|1786914333.720|0.999|0.031|25777840128|35485143040|sim_data_501796ab98789225|__AUTOMETRIC__
__AUTOMETRIC__|0.1.2|2588207|crew_log_f2d067066ae031d2|0|1786914334.721|46.936|1.467|25777840128|35485143040|sim_data_501796ab98789225|__AUTOMETRIC__
__AUTOMETRIC__|0.1.2|2588207|crew_log_f2d067066ae031d2|0|1786914335.722|24.971|0.780|25777840128|35485143040|sim_data_501796ab98789225|__AUTOMETRIC__
__AUTOMETRIC__|0.1.2|2588207|crew_log_f2d067066ae031d2|0|1786914336.724|0.999|0.031|25777840128|35485143040|sim_data_501796ab98789225|__AUTOMETRIC__
__AUTOMETRIC__|0.1.2|2588207|crew_log_f2d067066ae031d2|0|1786914337.725|0.999|0.031|25777840128|35485143040|sim_data_501796ab98789225|__AUTOMETRIC__
__AUTOMETRIC__|0.1.2|2588207|crew_log_f2d067066ae031d2|0|1786914338.726|0.999|0.031|25777840128|35485143040|sim_data_501796ab98789225|__AUTOMETRIC__
__AUTOMETRIC__|0.1.2|2588207|crew_log_f2d067066ae031d2|0|1786914339.728|23.969|0.749|25777840128|35485143040|sim_data_501796ab98789225|__AUTOMETRIC__
__AUTOMETRIC__|0.1.2|2588207|crew_log_f2d067066ae031d2|0|1786914340.729|1.997|0.062|25777840128|35485143040|sim_data_501796ab98789225|__AUTOMETRIC__
__AUTOMETRIC__|0.1.2|2588207|crew_log_f2d067066ae031d2|0|1786914341.731|0.998|0.031|25777840128|35485143040|sim_data_501796ab98789225|__AUTOMETRIC__
__AUTOMETRIC__|0.1.2|2588207|crew_log_f2d067066ae031d2|0|1786914342.732|0.999|0.031|25777840128|35485143040|sim_data_501796ab98789225|__AUTOMETRIC__
__AUTOMETRIC__|0.1.2|2588207|crew_log_f2d067066ae031d2|0|1786914343.734|0.998|0.031|25777840128|35485143040|sim_data_501796ab98789225|__AUTOMETRIC__
__AUTOMETRIC__|0.1.2|2588207|crew_log_f2d067066ae031d2|0|1786914344.735|24.966|0.780|25777840128|35485143040|sim_data_501796ab98789225|__AUTOMETRIC__
__AUTOMETRIC__|0.1.2|2588207|crew_log_f2d067066ae031d2|0|1786914345.737|0.999|0.031|25777840128|35485143040|sim_data_501796ab98789225|__AUTOMETRIC__
__AUTOMETRIC__|0.1.2|2588207|crew_log_f2d067066ae031d2|0|1786914346.738|0.999|0.031|25777840128|35485143040|sim_data_501796ab98789225|__AUTOMETRIC__
__AUTOMETRIC__|0.1.2|2588207|crew_log_f2d067066ae031d2|0|1786914347.739|0.999|0.031|25777840128|35485143040|sim_data_501796ab98789225|__AUTOMETRIC__
__AUTOMETRIC__|0.1.2|2588207|crew_log_f2d067066ae031d2|0|1786914348.741|24.967|0.780|25777840128|35485143040|sim_data_501796ab98789225|__AUTOMETRIC__
__AUTOMETRIC__|0.1.2|2588207|crew_log_f2d067066ae031d2|0|1786914349.742|0.999|0.031|25777840128|35485143040|sim_data_501796ab98789225|__AUTOMETRIC__
__AUTOMETRIC__|0.1.2|2588207|crew_log_f2d067066ae031d2|0|1786914350.743|0.999|0.031|25777840128|35485143040|sim_data_501796ab98789225|__AUTOMETRIC__
__AUTOMETRIC__|0.1.2|2588207|crew_log_f2d067066ae031d2|0|1786914351.745|0.998|0.031|25777840128|35485143040|sim_data_501796ab98789225|__AUTOMETRIC__
__AUTOMETRIC__|0.1.2|2588207|crew_log_f2d067066ae031d2|0|1786914352.746|78.897|2.466|25778102272|35485143040|sim_data_501796ab98789225|__AUTOMETRIC__
__AUTOMETRIC__|0.1.2|2588207|crew_log_f2d067066ae031d2|0|1786914353.748|99.860|3.121|25778626560|35485143040|sim_data_501796ab98789225|__AUTOMETRIC__
__AUTOMETRIC__|0.1.2|2588207|crew_log_f2d067066ae031d2|0|1786914354.749|99.870|3.121|25788850176|35495481344|sim_data_501796ab98789225|__AUTOMETRIC__
__AUTOMETRIC__|0.1.2|2588207|crew_log_f2d067066ae031d2|0|1786914355.750|377.580|11.799|25788850176|35495481344|sim_data_501796ab98789225|__AUTOMETRIC__
__AUTOMETRIC__|0.1.2|2588207|crew_log_f2d067066ae031d2|0|1786914356.751|392.530|12.267|25788850176|35495481344|sim_data_501796ab98789225|__AUTOMETRIC__
__AUTOMETRIC__|0.1.2|2588207|crew_log_f2d067066ae031d2|0|1786914357.753|128.816|4.025|25788850176|35495481344|sim_data_501796ab98789225|__AUTOMETRIC__
__AUTOMETRIC__|0.1.2|2588207|crew_log_f2d067066ae031d2|0|1786914358.754|98.876|3.090|25788850176|35495481344|sim_data_501796ab98789225|__AUTOMETRIC__
__AUTOMETRIC__|0.1.2|2588207|crew_log_f2d067066ae031d2|0|1786914359.755|23.972|0.749|25788850176|35495481344|sim_data_501796ab98789225|__AUTOMETRIC__
__AUTOMETRIC__|0.1.2|2588207|crew_log_f2d067066ae031d2|0|1786914360.756|47.941|1.498|25788850176|35495481344|sim_data_501796ab98789225|__AUTOMETRIC__
__AUTOMETRIC__|0.1.2|2588207|crew_log_f2d067066ae031d2|0|1786914361.758|23.958|0.749|25788850176|35495481344|sim_data_501796ab98789225|__AUTOMETRIC__
__AUTOMETRIC__|0.1.2|2588207|crew_log_f2d067066ae031d2|0|1786914362.759|0.000|0.000|25788850176|35495481344|sim_data_501796ab98789225|__AUTOMETRIC__
__AUTOMETRIC__|0.1.2|2588207|crew_log_f2d067066ae031d2|0|1786914363.761|0.000|0.000|25788850176|35495481344|sim_data_501796ab98789225|__AUTOMETRIC__
__AUTOMETRIC__|0.1.2|2588207|crew_log_f2d067066ae031d2|0|1786914364.762|0.999|0.031|25788850176|35495481344|sim_data_501796ab98789225|__AUTOMETRIC__
__AUTOMETRIC__|0.1.2|2588207|crew_log_f2d067066ae031d2|0|1786914365.763|0.000|0.000|25788850176|35495481344|sim_data_501796ab98789225|__AUTOMETRIC__
__AUTOMETRIC__|0.1.2|2588207|crew_log_f2d067066ae031d2|0|1786914366.764|0.000|0.000|25788850176|35495481344|sim_data_501796ab98789225|__AUTOMETRIC__
__AUTOMETRIC__|0.1.2|2588207|crew_log_f2d067066ae031d2|0|1786914367.768|0.000|0.000|25788850176|35495481344|sim_data_501796ab98789225|__AUTOMETRIC__
__AUTOMETRIC__|0.1.2|2588207|crew_log_f2d067066ae031d2|0|1786914368.769|1.997|0.062|25788850176|35495481344|sim_data_501796ab98789225|__AUTOMETRIC__
__AUTOMETRIC__|0.1.2|2588207|crew_log_f2d067066ae031d2|0|1786914369.782|0.000|0.000|25788850176|35495481344|sim_data_501796ab98789225|__AUTOMETRIC__
__AUTOMETRIC__|0.1.2|2588207|crew_log_f2d067066ae031d2|0|1786914370.783|0.000|0.000|25788850176|35495481344|sim_data_501796ab98789225|__AUTOMETRIC__
__AUTOMETRIC__|0.1.2|2588207|crew_log_f2d067066ae031d2|0|1786914371.785|0.000|0.000|25788850176|35495481344|sim_data_501796ab98789225|__AUTOMETRIC__
__AUTOMETRIC__|0.1.2|2588207|crew_log_f2d067066ae031d2|0|1786914372.786|0.999|0.031|25788850176|35495481344|sim_data_501796ab98789225|__AUTOMETRIC__
__AUTOMETRIC__|0.1.2|2588207|crew_log_f2d067066ae031d2|0|1786914373.788|0.000|0.000|25788850176|35495481344|sim_data_501796ab98789225|__AUTOMETRIC__
__AUTOMETRIC__|0.1.2|2588207|crew_log_f2d067066ae031d2|0|1786914374.789|0.000|0.000|25788850176|35495481344|sim_data_501796ab98789225|__AUTOMETRIC__
__AUTOMETRIC__|0.1.2|2588207|crew_log_f2d067066ae031d2|0|1786914375.790|0.999|0.031|25788850176|35495481344|sim_data_501796ab98789225|__AUTOMETRIC__
__AUTOMETRIC__|0.1.2|2588207|crew_log_f2d067066ae031d2|0|1786914376.792|0.000|0.000|25788850176|35495481344|sim_data_501796ab98789225|__AUTOMETRIC__
__AUTOMETRIC__|0.1.2|2588207|crew_log_f2d067066ae031d2|0|1786914377.793|0.000|0.000|25788850176|35495481344|sim_data_501796ab98789225|__AUTOMETRIC__
__AUTOMETRIC__|0.1.2|2588207|crew_log_f2d067066ae031d2|0|1786914378.794|0.000|0.000|25788850176|35495481344|sim_data_501796ab98789225|__AUTOMETRIC__
__AUTOMETRIC__|0.1.2|2588207|crew_log_f2d067066ae031d2|0|1786914379.796|0.999|0.031|25788850176|35495481344|sim_data_501796ab98789225|__AUTOMETRIC__
__AUTOMETRIC__|0.1.2|2588207|crew_log_f2d067066ae031d2|0|1786914380.797|0.000|0.000|25788850176|35495481344|sim_data_501796ab98789225|__AUTOMETRIC__
__AUTOMETRIC__|0.1.2|2588207|crew_log_f2d067066ae031d2|0|1786914381.877|22.225|0.695|25788850176|35495481344|sim_data_501796ab98789225|__AUTOMETRIC__
__AUTOMETRIC__|0.1.2|2588207|crew_log_f2d067066ae031d2|0|1786914383.002|47.086|1.471|25788850176|35495481344|sim_data_501796ab98789225|__AUTOMETRIC__
__AUTOMETRIC__|0.1.2|2588207|crew_log_f2d067066ae031d2|0|1786914384.004|0.999|0.031|25788850176|35495481344|sim_data_501796ab98789225|__AUTOMETRIC__
__AUTOMETRIC__|0.1.2|2588207|crew_log_f2d067066ae031d2|0|1786914385.005|0.999|0.031|25788850176|35495481344|sim_data_501796ab98789225|__AUTOMETRIC__
__AUTOMETRIC__|0.1.2|2588207|crew_log_f2d067066ae031d2|0|1786914386.006|0.999|0.031|25788850176|35495481344|sim_data_501796ab98789225|__AUTOMETRIC__
__AUTOMETRIC__|0.1.2|2588207|crew_log_f2d067066ae031d2|0|1786914387.072|22.516|0.704|25788850176|35495481344|sim_data_501796ab98789225|__AUTOMETRIC__
__AUTOMETRIC__|0.1.2|2588207|crew_log_f2d067066ae031d2|0|1786914388.074|0.999|0.031|25788850176|35495481344|sim_data_501796ab98789225|__AUTOMETRIC__
__AUTOMETRIC__|0.1.2|2588207|crew_log_f2d067066ae031d2|0|1786914389.075|0.999|0.031|25788850176|35495481344|sim_data_501796ab98789225|__AUTOMETRIC__
__AUTOMETRIC__|0.1.2|2588207|crew_log_f2d067066ae031d2|0|1786914390.076|1.998|0.062|25788850176|35495481344|sim_data_501796ab98789225|__AUTOMETRIC__
__AUTOMETRIC__|0.1.2|2588207|crew_log_f2d067066ae031d2|0|1786914391.077|23.971|0.749|25788850176|35495481344|sim_data_501796ab98789225|__AUTOMETRIC__
__AUTOMETRIC__|0.1.2|2588207|crew_log_f2d067066ae031d2|0|1786914392.079|1.996|0.062|25788850176|35495481344|sim_data_501796ab98789225|__AUTOMETRIC__
__AUTOMETRIC__|0.1.2|2588207|crew_log_f2d067066ae031d2|0|1786914393.080|0.999|0.031|25788850176|35495481344|sim_data_501796ab98789225|__AUTOMETRIC__
__AUTOMETRIC__|0.1.2|2588207|crew_log_f2d067066ae031d2|0|1786914394.081|0.999|0.031|25788850176|35495481344|sim_data_501796ab98789225|__AUTOMETRIC__
__AUTOMETRIC__|0.1.2|2588207|crew_log_f2d067066ae031d2|0|1786914395.083|23.968|0.749|25788850176|35495481344|sim_data_501796ab98789225|__AUTOMETRIC__
__AUTOMETRIC__|0.1.2|2588207|crew_log_f2d067066ae031d2|0|1786914396.084|2.996|0.094|25788850176|35495481344|sim_data_501796ab98789225|__AUTOMETRIC__
__AUTOMETRIC__|0.1.2|2588207|crew_log_f2d067066ae031d2|0|1786914397.085|0.999|0.031|25788850176|35495481344|sim_data_501796ab98789225|__AUTOMETRIC__
__AUTOMETRIC__|0.1.2|2588207|crew_log_f2d067066ae031d2|0|1786914398.087|28.963|0.905|25788850176|35495481344|sim_data_501796ab98789225|__AUTOMETRIC__
__AUTOMETRIC__|0.1.2|2588207|crew_log_f2d067066ae031d2|0|1786914399.088|92.892|2.903|25793638400|35500695552|sim_data_501796ab98789225|__AUTOMETRIC__
__AUTOMETRIC__|0.1.2|2588207|crew_log_f2d067066ae031d2|0|1786914400.089|99.868|3.121|25793638400|35500695552|sim_data_501796ab98789225|__AUTOMETRIC__
__AUTOMETRIC__|0.1.2|2588207|crew_log_f2d067066ae031d2|0|1786914401.090|99.863|3.121|25793900544|35500695552|sim_data_501796ab98789225|__AUTOMETRIC__
__AUTOMETRIC__|0.1.2|2588207|crew_log_f2d067066ae031d2|0|1786914402.092|478.137|14.942|25793900544|35500695552|sim_data_501796ab98789225|__AUTOMETRIC__
__AUTOMETRIC__|0.1.2|2588207|crew_log_f2d067066ae031d2|0|1786914403.093|413.516|12.922|25793900544|35500695552|sim_data_501796ab98789225|__AUTOMETRIC__
__AUTOMETRIC__|0.1.2|2588207|crew_log_f2d067066ae031d2|0|1786914404.095|138.820|4.338|25793900544|35500695552|sim_data_501796ab98789225|__AUTOMETRIC__
__AUTOMETRIC__|0.1.2|2588207|crew_log_f2d067066ae031d2|0|1786914405.096|131.832|4.120|25793900544|35500695552|sim_data_501796ab98789225|__AUTOMETRIC__
__AUTOMETRIC__|0.1.2|2588207|crew_log_f2d067066ae031d2|0|1786914406.097|92.883|2.903|25793900544|35500695552|sim_data_501796ab98789225|__AUTOMETRIC__
__AUTOMETRIC__|0.1.2|2588207|crew_log_f2d067066ae031d2|0|1786914407.099|23.966|0.749|25793900544|35500695552|sim_data_501796ab98789225|__AUTOMETRIC__
__AUTOMETRIC__|0.1.2|2588207|crew_log_f2d067066ae031d2|0|1786914408.187|43.167|1.349|25793900544|35500695552|sim_data_501796ab98789225|__AUTOMETRIC__
__AUTOMETRIC__|0.1.2|2588207|crew_log_f2d067066ae031d2|0|1786914409.189|0.000|0.000|25793900544|35500695552|sim_data_501796ab98789225|__AUTOMETRIC__
__AUTOMETRIC__|0.1.2|2588207|crew_log_f2d067066ae031d2|0|1786914410.190|0.999|0.031|25793900544|35500695552|sim_data_501796ab98789225|__AUTOMETRIC__
__AUTOMETRIC__|0.1.2|2588207|crew_log_f2d067066ae031d2|0|1786914411.191|0.000|0.000|25793900544|35500695552|sim_data_501796ab98789225|__AUTOMETRIC__
__AUTOMETRIC__|0.1.2|2588207|crew_log_f2d067066ae031d2|0|1786914412.193|0.000|0.000|25793900544|35500695552|sim_data_501796ab98789225|__AUTOMETRIC__
__AUTOMETRIC__|0.1.2|2588207|crew_log_f2d067066ae031d2|0|1786914413.194|0.999|0.031|25793900544|35500695552|sim_data_501796ab98789225|__AUTOMETRIC__
__AUTOMETRIC__|0.1.2|2588207|crew_log_f2d067066ae031d2|0|1786914414.195|0.000|0.000|25793900544|35500695552|sim_data_501796ab98789225|__AUTOMETRIC__
__AUTOMETRIC__|0.1.2|2588207|crew_log_f2d067066ae031d2|0|1786914415.197|0.000|0.000|25793900544|35500695552|sim_data_501796ab98789225|__AUTOMETRIC__
__AUTOMETRIC__|0.1.2|2588207|crew_log_f2d067066ae031d2|0|1786914416.198|0.000|0.000|25793900544|35500695552|sim_data_501796ab98789225|__AUTOMETRIC__
__AUTOMETRIC__|0.1.2|2588207|crew_log_f2d067066ae031d2|0|1786914417.199|0.999|0.031|25793900544|35500695552|sim_data_501796ab98789225|__AUTOMETRIC__
__AUTOMETRIC__|0.1.2|2588207|crew_log_f2d067066ae031d2|0|1786914418.200|0.000|0.000|25793900544|35500695552|sim_data_501796ab98789225|__AUTOMETRIC__
__AUTOMETRIC__|0.1.2|2588207|crew_log_f2d067066ae031d2|0|1786914419.202|0.000|0.000|25793900544|35500695552|sim_data_501796ab98789225|__AUTOMETRIC__
__AUTOMETRIC__|0.1.2|2588207|crew_log_f2d067066ae031d2|0|1786914420.203|0.000|0.000|25793900544|35500695552|sim_data_501796ab98789225|__AUTOMETRIC__
__AUTOMETRIC__|0.1.2|2588207|crew_log_f2d067066ae031d2|0|1786914421.204|0.999|0.031|25793900544|35500695552|sim_data_501796ab98789225|__AUTOMETRIC__
__AUTOMETRIC__|0.1.2|2588207|crew_log_f2d067066ae031d2|0|1786914422.206|0.000|0.000|25793900544|35500695552|sim_data_501796ab98789225|__AUTOMETRIC__
__AUTOMETRIC__|0.1.2|2588207|crew_log_f2d067066ae031d2|0|1786914423.207|0.000|0.000|25793900544|35500695552|sim_data_501796ab98789225|__AUTOMETRIC__
__AUTOMETRIC__|0.1.2|2588207|crew_log_f2d067066ae031d2|0|1786914424.209|1.997|0.062|25793900544|35500695552|sim_data_501796ab98789225|__AUTOMETRIC__
__AUTOMETRIC__|0.1.2|2588207|crew_log_f2d067066ae031d2|0|1786914425.210|0.000|0.000|25793900544|35500695552|sim_data_501796ab98789225|__AUTOMETRIC__
__AUTOMETRIC__|0.1.2|2588207|crew_log_f2d067066ae031d2|0|1786914426.211|0.000|0.000|25793900544|35500695552|sim_data_501796ab98789225|__AUTOMETRIC__
__AUTOMETRIC__|0.1.2|2588207|crew_log_f2d067066ae031d2|0|1786914427.212|0.000|0.000|25793900544|35500695552|sim_data_501796ab98789225|__AUTOMETRIC__
__AUTOMETRIC__|0.1.2|2588207|crew_log_f2d067066ae031d2|0|1786914428.213|0.999|0.031|25793900544|35500695552|sim_data_501796ab98789225|__AUTOMETRIC__
__AUTOMETRIC__|0.1.2|2588207|crew_log_f2d067066ae031d2|0|1786914429.248|23.210|0.725|25793900544|35500695552|sim_data_501796ab98789225|__AUTOMETRIC__
__AUTOMETRIC__|0.1.2|2588207|crew_log_f2d067066ae031d2|0|1786914430.339|43.971|1.374|25793900544|35500695552|sim_data_501796ab98789225|__AUTOMETRIC__
__AUTOMETRIC__|0.1.2|2588207|crew_log_f2d067066ae031d2|0|1786914431.340|0.999|0.031|25793900544|35500695552|sim_data_501796ab98789225|__AUTOMETRIC__
__AUTOMETRIC__|0.1.2|2588207|crew_log_f2d067066ae031d2|0|1786914432.342|1.996|0.062|25793900544|35500695552|sim_data_501796ab98789225|__AUTOMETRIC__
__AUTOMETRIC__|0.1.2|2588207|crew_log_f2d067066ae031d2|0|1786914433.343|0.999|0.031|25793900544|35500695552|sim_data_501796ab98789225|__AUTOMETRIC__
__AUTOMETRIC__|0.1.2|2588207|crew_log_f2d067066ae031d2|0|1786914434.345|22.972|0.718|25793900544|35500695552|sim_data_501796ab98789225|__AUTOMETRIC__
__AUTOMETRIC__|0.1.2|2588207|crew_log_f2d067066ae031d2|0|1786914435.346|0.998|0.031|25793900544|35500695552|sim_data_501796ab98789225|__AUTOMETRIC__
__AUTOMETRIC__|0.1.2|2588207|crew_log_f2d067066ae031d2|0|1786914436.348|1.997|0.062|25793900544|35500695552|sim_data_501796ab98789225|__AUTOMETRIC__
__AUTOMETRIC__|0.1.2|2588207|crew_log_f2d067066ae031d2|0|1786914437.349|0.999|0.031|25793900544|35500695552|sim_data_501796ab98789225|__AUTOMETRIC__
__AUTOMETRIC__|0.1.2|2588207|crew_log_f2d067066ae031d2|0|1786914438.350|0.999|0.031|25793900544|35500695552|sim_data_501796ab98789225|__AUTOMETRIC__
__AUTOMETRIC__|0.1.2|2588207|crew_log_f2d067066ae031d2|0|1786914439.352|23.970|0.749|25793900544|35500695552|sim_data_501796ab98789225|__AUTOMETRIC__
__AUTOMETRIC__|0.1.2|2588207|crew_log_f2d067066ae031d2|0|1786914440.353|1.997|0.062|25793900544|35500695552|sim_data_501796ab98789225|__AUTOMETRIC__
__AUTOMETRIC__|0.1.2|2588207|crew_log_f2d067066ae031d2|0|1786914441.359|0.994|0.031|25793900544|35500695552|sim_data_501796ab98789225|__AUTOMETRIC__
__AUTOMETRIC__|0.1.2|2588207|crew_log_f2d067066ae031d2|0|1786914442.361|0.998|0.031|25793900544|35500695552|sim_data_501796ab98789225|__AUTOMETRIC__
__AUTOMETRIC__|0.1.2|2588207|crew_log_f2d067066ae031d2|0|1786914443.362|1.997|0.062|25793900544|35500695552|sim_data_501796ab98789225|__AUTOMETRIC__
__AUTOMETRIC__|0.1.2|2588207|crew_log_f2d067066ae031d2|0|1786914444.363|22.971|0.718|25793900544|35500695552|sim_data_501796ab98789225|__AUTOMETRIC__
__AUTOMETRIC__|0.1.2|2588207|crew_log_f2d067066ae031d2|0|1786914445.365|1.997|0.062|25793900544|35500695552|sim_data_501796ab98789225|__AUTOMETRIC__
__AUTOMETRIC__|0.1.2|2588207|crew_log_f2d067066ae031d2|0|1786914446.366|0.999|0.031|25793900544|35500695552|sim_data_501796ab98789225|__AUTOMETRIC__
__AUTOMETRIC__|0.1.2|2588207|crew_log_f2d067066ae031d2|0|1786914447.367|2.996|0.094|25793900544|35500695552|sim_data_501796ab98789225|__AUTOMETRIC__
__AUTOMETRIC__|0.1.2|2588207|crew_log_f2d067066ae031d2|0|1786914448.369|3.995|0.125|25793900544|35500695552|sim_data_501796ab98789225|__AUTOMETRIC__
__AUTOMETRIC__|0.1.2|2588207|crew_log_f2d067066ae031d2|0|1786914449.370|88.889|2.778|25799155712|35505782784|sim_data_501796ab98789225|__AUTOMETRIC__
__AUTOMETRIC__|0.1.2|2588207|crew_log_f2d067066ae031d2|0|1786914450.371|99.877|3.121|25799155712|35505782784|sim_data_501796ab98789225|__AUTOMETRIC__
__AUTOMETRIC__|0.1.2|2588207|crew_log_f2d067066ae031d2|0|1786914451.372|98.883|3.090|25799155712|35505782784|sim_data_501796ab98789225|__AUTOMETRIC__
__AUTOMETRIC__|0.1.2|2588207|crew_log_f2d067066ae031d2|0|1786914452.374|348.398|10.887|25799155712|35505782784|sim_data_501796ab98789225|__AUTOMETRIC__
__AUTOMETRIC__|0.1.2|2588207|crew_log_f2d067066ae031d2|0|1786914453.376|485.331|15.167|25799155712|35505782784|sim_data_501796ab98789225|__AUTOMETRIC__
__AUTOMETRIC__|0.1.2|2588207|crew_log_f2d067066ae031d2|0|1786914454.377|122.822|3.838|25799155712|35505782784|sim_data_501796ab98789225|__AUTOMETRIC__
__AUTOMETRIC__|0.1.2|2588207|crew_log_f2d067066ae031d2|0|1786914455.378|108.872|3.402|25799155712|35505782784|sim_data_501796ab98789225|__AUTOMETRIC__
__AUTOMETRIC__|0.1.2|2588207|crew_log_f2d067066ae031d2|0|1786914456.379|39.950|1.248|25799155712|35505782784|sim_data_501796ab98789225|__AUTOMETRIC__
__AUTOMETRIC__|0.1.2|2588207|crew_log_f2d067066ae031d2|0|1786914457.459|43.540|1.361|25799155712|35505782784|sim_data_501796ab98789225|__AUTOMETRIC__
__AUTOMETRIC__|0.1.2|2588207|crew_log_f2d067066ae031d2|0|1786914458.460|22.975|0.718|25799155712|35505782784|sim_data_501796ab98789225|__AUTOMETRIC__
__AUTOMETRIC__|0.1.2|2588207|crew_log_f2d067066ae031d2|0|1786914459.461|0.000|0.000|25799155712|35505782784|sim_data_501796ab98789225|__AUTOMETRIC__
__AUTOMETRIC__|0.1.2|2588207|crew_log_f2d067066ae031d2|0|1786914460.463|0.998|0.031|25799155712|35505782784|sim_data_501796ab98789225|__AUTOMETRIC__
__AUTOMETRIC__|0.1.2|2588207|crew_log_f2d067066ae031d2|0|1786914461.464|0.999|0.031|25799155712|35505782784|sim_data_501796ab98789225|__AUTOMETRIC__
__AUTOMETRIC__|0.1.2|2588207|crew_log_f2d067066ae031d2|0|1786914462.466|0.000|0.000|25799155712|35505782784|sim_data_501796ab98789225|__AUTOMETRIC__
__AUTOMETRIC__|0.1.2|2588207|crew_log_f2d067066ae031d2|0|1786914463.468|0.000|0.000|25799155712|35505782784|sim_data_501796ab98789225|__AUTOMETRIC__
__AUTOMETRIC__|0.1.2|2588207|crew_log_f2d067066ae031d2|0|1786914464.469|0.999|0.031|25799155712|35505782784|sim_data_501796ab98789225|__AUTOMETRIC__
__AUTOMETRIC__|0.1.2|2588207|crew_log_f2d067066ae031d2|0|1786914465.470|0.000|0.000|25799155712|35505782784|sim_data_501796ab98789225|__AUTOMETRIC__
__AUTOMETRIC__|0.1.2|2588207|crew_log_f2d067066ae031d2|0|1786914466.472|0.000|0.000|25799155712|35505782784|sim_data_501796ab98789225|__AUTOMETRIC__
__AUTOMETRIC__|0.1.2|2588207|crew_log_f2d067066ae031d2|0|1786914467.473|0.999|0.031|25799155712|35505782784|sim_data_501796ab98789225|__AUTOMETRIC__
__AUTOMETRIC__|0.1.2|2588207|crew_log_f2d067066ae031d2|0|1786914468.474|0.000|0.000|25799155712|35505782784|sim_data_501796ab98789225|__AUTOMETRIC__
__AUTOMETRIC__|0.1.2|2588207|crew_log_f2d067066ae031d2|0|1786914469.475|0.000|0.000|25799155712|35505782784|sim_data_501796ab98789225|__AUTOMETRIC__
__AUTOMETRIC__|0.1.2|2588207|crew_log_f2d067066ae031d2|0|1786914470.477|0.000|0.000|25799155712|35505782784|sim_data_501796ab98789225|__AUTOMETRIC__
__AUTOMETRIC__|0.1.2|2588207|crew_log_f2d067066ae031d2|0|1786914471.478|0.999|0.031|25799155712|35505782784|sim_data_501796ab98789225|__AUTOMETRIC__
__AUTOMETRIC__|0.1.2|2588207|crew_log_f2d067066ae031d2|0|1786914472.480|0.000|0.000|25799155712|35505782784|sim_data_501796ab98789225|__AUTOMETRIC__
__AUTOMETRIC__|0.1.2|2588207|crew_log_f2d067066ae031d2|0|1786914473.481|0.000|0.000|25799155712|35505782784|sim_data_501796ab98789225|__AUTOMETRIC__
__AUTOMETRIC__|0.1.2|2588207|crew_log_f2d067066ae031d2|0|1786914474.482|0.000|0.000|25799155712|35505782784|sim_data_501796ab98789225|__AUTOMETRIC__
__AUTOMETRIC__|0.1.2|2588207|crew_log_f2d067066ae031d2|0|1786914475.484|0.999|0.031|25799155712|35505782784|sim_data_501796ab98789225|__AUTOMETRIC__
__AUTOMETRIC__|0.1.2|2588207|crew_log_f2d067066ae031d2|0|1786914476.485|0.000|0.000|25799155712|35505782784|sim_data_501796ab98789225|__AUTOMETRIC__
__AUTOMETRIC__|0.1.2|2588207|crew_log_f2d067066ae031d2|0|1786914477.486|0.999|0.031|25799155712|35505782784|sim_data_501796ab98789225|__AUTOMETRIC__
__AUTOMETRIC__|0.1.2|2588207|crew_log_f2d067066ae031d2|0|1786914478.712|19.574|0.612|25799155712|35505782784|sim_data_501796ab98789225|__AUTOMETRIC__
__AUTOMETRIC__|0.1.2|2588207|crew_log_f2d067066ae031d2|0|1786914479.801|44.073|1.377|25799155712|35505782784|sim_data_501796ab98789225|__AUTOMETRIC__
__AUTOMETRIC__|0.1.2|2588207|crew_log_f2d067066ae031d2|0|1786914480.803|0.999|0.031|25799155712|35505782784|sim_data_501796ab98789225|__AUTOMETRIC__
__AUTOMETRIC__|0.1.2|2588207|crew_log_f2d067066ae031d2|0|1786914481.804|0.999|0.031|25799155712|35505782784|sim_data_501796ab98789225|__AUTOMETRIC__
__AUTOMETRIC__|0.1.2|2588207|crew_log_f2d067066ae031d2|0|1786914482.805|0.999|0.031|25799155712|35505782784|sim_data_501796ab98789225|__AUTOMETRIC__
__AUTOMETRIC__|0.1.2|2588207|crew_log_f2d067066ae031d2|0|1786914483.806|0.999|0.031|25799155712|35505782784|sim_data_501796ab98789225|__AUTOMETRIC__
__AUTOMETRIC__|0.1.2|2588207|crew_log_f2d067066ae031d2|0|1786914484.808|24.970|0.780|25799155712|35505782784|sim_data_501796ab98789225|__AUTOMETRIC__
__AUTOMETRIC__|0.1.2|2588207|crew_log_f2d067066ae031d2|0|1786914485.809|0.999|0.031|25799155712|35505782784|sim_data_501796ab98789225|__AUTOMETRIC__
__AUTOMETRIC__|0.1.2|2588207|crew_log_f2d067066ae031d2|0|1786914486.810|0.999|0.031|25799155712|35505782784|sim_data_501796ab98789225|__AUTOMETRIC__
__AUTOMETRIC__|0.1.2|2588207|crew_log_f2d067066ae031d2|0|1786914487.812|0.999|0.031|25799155712|35505782784|sim_data_501796ab98789225|__AUTOMETRIC__
__AUTOMETRIC__|0.1.2|2588207|crew_log_f2d067066ae031d2|0|1786914488.813|24.970|0.780|25799155712|35505782784|sim_data_501796ab98789225|__AUTOMETRIC__
__AUTOMETRIC__|0.1.2|2588207|crew_log_f2d067066ae031d2|0|1786914489.814|0.999|0.031|25799155712|35505782784|sim_data_501796ab98789225|__AUTOMETRIC__
__AUTOMETRIC__|0.1.2|2588207|crew_log_f2d067066ae031d2|0|1786914490.815|0.999|0.031|25799155712|35505782784|sim_data_501796ab98789225|__AUTOMETRIC__
__AUTOMETRIC__|0.1.2|2588207|crew_log_f2d067066ae031d2|0|1786914491.817|0.999|0.031|25799155712|35505782784|sim_data_501796ab98789225|__AUTOMETRIC__
__AUTOMETRIC__|0.1.2|2588207|crew_log_f2d067066ae031d2|0|1786914492.818|24.971|0.780|25799155712|35505782784|sim_data_501796ab98789225|__AUTOMETRIC__
__AUTOMETRIC__|0.1.2|2588207|crew_log_f2d067066ae031d2|0|1786914493.819|0.999|0.031|25799155712|35505782784|sim_data_501796ab98789225|__AUTOMETRIC__
__AUTOMETRIC__|0.1.2|2588207|crew_log_f2d067066ae031d2|0|1786914494.821|1.997|0.062|25799155712|35505782784|sim_data_501796ab98789225|__AUTOMETRIC__
__AUTOMETRIC__|0.1.2|2588207|crew_log_f2d067066ae031d2|0|1786914495.822|1.997|0.062|25799155712|35505782784|sim_data_501796ab98789225|__AUTOMETRIC__
__AUTOMETRIC__|0.1.2|2588207|crew_log_f2d067066ae031d2|0|1786914496.823|83.909|2.622|25799155712|35505782784|sim_data_501796ab98789225|__AUTOMETRIC__
__AUTOMETRIC__|0.1.2|2588207|crew_log_f2d067066ae031d2|0|1786914497.824|98.872|3.090|25799155712|35505782784|sim_data_501796ab98789225|__AUTOMETRIC__
__AUTOMETRIC__|0.1.2|2588207|crew_log_f2d067066ae031d2|0|1786914498.826|99.877|3.121|25799155712|35505782784|sim_data_501796ab98789225|__AUTOMETRIC__
__AUTOMETRIC__|0.1.2|2588207|crew_log_f2d067066ae031d2|0|1786914499.827|408.520|12.766|25799155712|35505782784|sim_data_501796ab98789225|__AUTOMETRIC__
__AUTOMETRIC__|0.1.2|2588207|crew_log_f2d067066ae031d2|0|1786914500.828|421.480|13.171|25819078656|35525398528|sim_data_501796ab98789225|__AUTOMETRIC__
__AUTOMETRIC__|0.1.2|2588207|crew_log_f2d067066ae031d2|0|1786914501.829|156.797|4.900|25819078656|35525398528|sim_data_501796ab98789225|__AUTOMETRIC__
__AUTOMETRIC__|0.1.2|2588207|crew_log_f2d067066ae031d2|0|1786914502.831|130.844|4.089|25819078656|35525398528|sim_data_501796ab98789225|__AUTOMETRIC__
__AUTOMETRIC__|0.1.2|2588207|crew_log_f2d067066ae031d2|0|1786914503.832|92.874|2.902|25819078656|35525398528|sim_data_501796ab98789225|__AUTOMETRIC__
__AUTOMETRIC__|0.1.2|2588207|crew_log_f2d067066ae031d2|0|1786914504.889|22.714|0.710|25819078656|35525398528|sim_data_501796ab98789225|__AUTOMETRIC__
__AUTOMETRIC__|0.1.2|2588207|crew_log_f2d067066ae031d2|0|1786914506.000|41.392|1.294|25819078656|35525398528|sim_data_501796ab98789225|__AUTOMETRIC__
__AUTOMETRIC__|0.1.2|2588207|crew_log_f2d067066ae031d2|0|1786914507.001|0.999|0.031|25819078656|35525398528|sim_data_501796ab98789225|__AUTOMETRIC__
__AUTOMETRIC__|0.1.2|2588207|crew_log_f2d067066ae031d2|0|1786914508.002|0.000|0.000|25819078656|35525398528|sim_data_501796ab98789225|__AUTOMETRIC__
__AUTOMETRIC__|0.1.2|2588207|crew_log_f2d067066ae031d2|0|1786914509.003|0.000|0.000|25819078656|35525398528|sim_data_501796ab98789225|__AUTOMETRIC__
__AUTOMETRIC__|0.1.2|2588207|crew_log_f2d067066ae031d2|0|1786914510.005|0.999|0.031|25819078656|35525398528|sim_data_501796ab98789225|__AUTOMETRIC__
__AUTOMETRIC__|0.1.2|2588207|crew_log_f2d067066ae031d2|0|1786914511.006|0.000|0.000|25819078656|35525398528|sim_data_501796ab98789225|__AUTOMETRIC__
__AUTOMETRIC__|0.1.2|2588207|crew_log_f2d067066ae031d2|0|1786914512.007|0.000|0.000|25819078656|35525398528|sim_data_501796ab98789225|__AUTOMETRIC__
__AUTOMETRIC__|0.1.2|2588207|crew_log_f2d067066ae031d2|0|1786914513.008|0.000|0.000|25819078656|35525398528|sim_data_501796ab98789225|__AUTOMETRIC__
__AUTOMETRIC__|0.1.2|2588207|crew_log_f2d067066ae031d2|0|1786914514.010|0.999|0.031|25819078656|35525398528|sim_data_501796ab98789225|__AUTOMETRIC__
__AUTOMETRIC__|0.1.2|2588207|crew_log_f2d067066ae031d2|0|1786914515.011|0.000|0.000|25819078656|35525398528|sim_data_501796ab98789225|__AUTOMETRIC__
__AUTOMETRIC__|0.1.2|2588207|crew_log_f2d067066ae031d2|0|1786914516.013|0.999|0.031|25819078656|35525398528|sim_data_501796ab98789225|__AUTOMETRIC__
__AUTOMETRIC__|0.1.2|2588207|crew_log_f2d067066ae031d2|0|1786914517.014|0.000|0.000|25819078656|35525398528|sim_data_501796ab98789225|__AUTOMETRIC__
__AUTOMETRIC__|0.1.2|2588207|crew_log_f2d067066ae031d2|0|1786914518.015|0.999|0.031|25819078656|35525398528|sim_data_501796ab98789225|__AUTOMETRIC__
__AUTOMETRIC__|0.1.2|2588207|crew_log_f2d067066ae031d2|0|1786914519.016|0.000|0.000|25819078656|35525398528|sim_data_501796ab98789225|__AUTOMETRIC__
__AUTOMETRIC__|0.1.2|2588207|crew_log_f2d067066ae031d2|0|1786914520.018|0.000|0.000|25819078656|35525398528|sim_data_501796ab98789225|__AUTOMETRIC__
__AUTOMETRIC__|0.1.2|2588207|crew_log_f2d067066ae031d2|0|1786914521.019|0.000|0.000|25819078656|35525398528|sim_data_501796ab98789225|__AUTOMETRIC__
__AUTOMETRIC__|0.1.2|2588207|crew_log_f2d067066ae031d2|0|1786914522.020|0.999|0.031|25819078656|35525398528|sim_data_501796ab98789225|__AUTOMETRIC__
__AUTOMETRIC__|0.1.2|2588207|crew_log_f2d067066ae031d2|0|1786914523.021|0.000|0.000|25819078656|35525398528|sim_data_501796ab98789225|__AUTOMETRIC__
__AUTOMETRIC__|0.1.2|2588207|crew_log_f2d067066ae031d2|0|1786914524.022|0.000|0.000|25819078656|35525398528|sim_data_501796ab98789225|__AUTOMETRIC__
__AUTOMETRIC__|0.1.2|2588207|crew_log_f2d067066ae031d2|0|1786914525.024|0.000|0.000|25819078656|35525398528|sim_data_501796ab98789225|__AUTOMETRIC__
__AUTOMETRIC__|0.1.2|2588207|crew_log_f2d067066ae031d2|0|1786914526.025|0.999|0.031|25819078656|35525398528|sim_data_501796ab98789225|__AUTOMETRIC__
__AUTOMETRIC__|0.1.2|2588207|crew_log_f2d067066ae031d2|0|1786914527.251|38.336|1.198|25819078656|35525398528|sim_data_501796ab98789225|__AUTOMETRIC__
__AUTOMETRIC__|0.1.2|2588207|crew_log_f2d067066ae031d2|0|1786914528.252|25.969|0.812|25819078656|35525398528|sim_data_501796ab98789225|__AUTOMETRIC__
__AUTOMETRIC__|0.1.2|2588207|crew_log_f2d067066ae031d2|0|1786914529.254|0.999|0.031|25819078656|35525398528|sim_data_501796ab98789225|__AUTOMETRIC__
__AUTOMETRIC__|0.1.2|2588207|crew_log_f2d067066ae031d2|0|1786914530.255|0.999|0.031|25819078656|35525398528|sim_data_501796ab98789225|__AUTOMETRIC__
__AUTOMETRIC__|0.1.2|2588207|crew_log_f2d067066ae031d2|0|1786914531.380|22.221|0.694|25819078656|35525398528|sim_data_501796ab98789225|__AUTOMETRIC__
__AUTOMETRIC__|0.1.2|2588207|crew_log_f2d067066ae031d2|0|1786914532.381|0.999|0.031|25819078656|35525398528|sim_data_501796ab98789225|__AUTOMETRIC__
__AUTOMETRIC__|0.1.2|2588207|crew_log_f2d067066ae031d2|0|1786914533.383|0.999|0.031|25819078656|35525398528|sim_data_501796ab98789225|__AUTOMETRIC__
__AUTOMETRIC__|0.1.2|2588207|crew_log_f2d067066ae031d2|0|1786914534.384|0.999|0.031|25819078656|35525398528|sim_data_501796ab98789225|__AUTOMETRIC__
__AUTOMETRIC__|0.1.2|2588207|crew_log_f2d067066ae031d2|0|1786914535.385|24.970|0.780|25819078656|35525398528|sim_data_501796ab98789225|__AUTOMETRIC__
__AUTOMETRIC__|0.1.2|2588207|crew_log_f2d067066ae031d2|0|1786914536.386|0.999|0.031|25819078656|35525398528|sim_data_501796ab98789225|__AUTOMETRIC__
__AUTOMETRIC__|0.1.2|2588207|crew_log_f2d067066ae031d2|0|1786914537.388|0.999|0.031|25819078656|35525398528|sim_data_501796ab98789225|__AUTOMETRIC__
__AUTOMETRIC__|0.1.2|2588207|crew_log_f2d067066ae031d2|0|1786914538.389|23.973|0.749|25819078656|35525398528|sim_data_501796ab98789225|__AUTOMETRIC__
__AUTOMETRIC__|0.1.2|2588207|crew_log_f2d067066ae031d2|0|1786914539.390|1.997|0.062|25819078656|35525398528|sim_data_501796ab98789225|__AUTOMETRIC__
__AUTOMETRIC__|0.1.2|2588207|crew_log_f2d067066ae031d2|0|1786914540.391|0.999|0.031|25819078656|35525398528|sim_data_501796ab98789225|__AUTOMETRIC__
__AUTOMETRIC__|0.1.2|2588207|crew_log_f2d067066ae031d2|0|1786914541.393|1.997|0.062|25819078656|35525398528|sim_data_501796ab98789225|__AUTOMETRIC__
__AUTOMETRIC__|0.1.2|2588207|crew_log_f2d067066ae031d2|0|1786914542.394|71.900|2.247|25819078656|35525398528|sim_data_501796ab98789225|__AUTOMETRIC__
__AUTOMETRIC__|0.1.2|2588207|crew_log_f2d067066ae031d2|0|1786914543.396|99.861|3.121|25819078656|35525398528|sim_data_501796ab98789225|__AUTOMETRIC__
__AUTOMETRIC__|0.1.2|2588207|crew_log_f2d067066ae031d2|0|1786914544.397|98.872|3.090|25819078656|35525398528|sim_data_501796ab98789225|__AUTOMETRIC__
__AUTOMETRIC__|0.1.2|2588207|crew_log_f2d067066ae031d2|0|1786914545.398|449.490|14.047|25819078656|35525398528|sim_data_501796ab98789225|__AUTOMETRIC__
__AUTOMETRIC__|0.1.2|2588207|crew_log_f2d067066ae031d2|0|1786914546.399|323.618|10.113|25819078656|35525398528|sim_data_501796ab98789225|__AUTOMETRIC__
__AUTOMETRIC__|0.1.2|2588207|crew_log_f2d067066ae031d2|0|1786914547.400|85.891|2.684|25819078656|35525398528|sim_data_501796ab98789225|__AUTOMETRIC__
__AUTOMETRIC__|0.1.2|2588207|crew_log_f2d067066ae031d2|0|1786914548.402|126.853|3.964|25819078656|35525398528|sim_data_501796ab98789225|__AUTOMETRIC__
__AUTOMETRIC__|0.1.2|2588207|crew_log_f2d067066ae031d2|0|1786914549.403|70.918|2.216|25819078656|35525398528|sim_data_501796ab98789225|__AUTOMETRIC__
__AUTOMETRIC__|0.1.2|2588207|crew_log_f2d067066ae031d2|0|1786914550.404|24.971|0.780|25819078656|35525398528|sim_data_501796ab98789225|__AUTOMETRIC__
__AUTOMETRIC__|0.1.2|2588207|crew_log_f2d067066ae031d2|0|1786914551.405|1.997|0.062|25819078656|35525398528|sim_data_501796ab98789225|__AUTOMETRIC__
__AUTOMETRIC__|0.1.2|2588207|crew_log_f2d067066ae031d2|0|1786914552.406|0.999|0.031|25819078656|35525398528|sim_data_501796ab98789225|__AUTOMETRIC__
__AUTOMETRIC__|0.1.2|2588207|crew_log_f2d067066ae031d2|0|1786914553.627|18.843|0.589|25819078656|35525398528|sim_data_501796ab98789225|__AUTOMETRIC__
__AUTOMETRIC__|0.1.2|2588207|crew_log_f2d067066ae031d2|0|1786914554.628|1.998|0.062|25819078656|35525398528|sim_data_501796ab98789225|__AUTOMETRIC__
__AUTOMETRIC__|0.1.2|2588207|crew_log_f2d067066ae031d2|0|1786914555.629|0.999|0.031|25819078656|35525398528|sim_data_501796ab98789225|__AUTOMETRIC__
__AUTOMETRIC__|0.1.2|2588207|crew_log_f2d067066ae031d2|0|1786914556.631|0.999|0.031|25819078656|35525398528|sim_data_501796ab98789225|__AUTOMETRIC__
__AUTOMETRIC__|0.1.2|2588207|crew_log_f2d067066ae031d2|0|1786914557.632|24.971|0.780|25819078656|35525398528|sim_data_501796ab98789225|__AUTOMETRIC__
__AUTOMETRIC__|0.1.2|2588207|crew_log_f2d067066ae031d2|0|1786914558.633|0.999|0.031|25819078656|35525398528|sim_data_501796ab98789225|__AUTOMETRIC__
__AUTOMETRIC__|0.1.2|2588207|crew_log_f2d067066ae031d2|0|1786914559.634|0.999|0.031|25819078656|35525398528|sim_data_501796ab98789225|__AUTOMETRIC__
__AUTOMETRIC__|0.1.2|2588207|crew_log_f2d067066ae031d2|0|1786914560.635|1.998|0.062|25819078656|35525398528|sim_data_501796ab98789225|__AUTOMETRIC__
__AUTOMETRIC__|0.1.2|2588207|crew_log_f2d067066ae031d2|0|1786914561.636|23.974|0.749|25819078656|35525398528|sim_data_501796ab98789225|__AUTOMETRIC__
__AUTOMETRIC__|0.1.2|2588207|crew_log_f2d067066ae031d2|0|1786914562.638|0.999|0.031|25819078656|35525398528|sim_data_501796ab98789225|__AUTOMETRIC__
__AUTOMETRIC__|0.1.2|2588207|crew_log_f2d067066ae031d2|0|1786914563.639|1.998|0.062|25819078656|35525398528|sim_data_501796ab98789225|__AUTOMETRIC__
__AUTOMETRIC__|0.1.2|2588207|crew_log_f2d067066ae031d2|0|1786914564.640|3.995|0.125|25819078656|35525398528|sim_data_501796ab98789225|__AUTOMETRIC__
__AUTOMETRIC__|0.1.2|2588207|crew_log_f2d067066ae031d2|0|1786914565.641|88.906|2.778|25819078656|35525398528|sim_data_501796ab98789225|__AUTOMETRIC__
__AUTOMETRIC__|0.1.2|2588207|crew_log_f2d067066ae031d2|0|1786914566.643|99.867|3.121|25819078656|35525398528|sim_data_501796ab98789225|__AUTOMETRIC__
__AUTOMETRIC__|0.1.2|2588207|crew_log_f2d067066ae031d2|0|1786914567.644|98.880|3.090|25819078656|35525398528|sim_data_501796ab98789225|__AUTOMETRIC__
__AUTOMETRIC__|0.1.2|2588207|crew_log_f2d067066ae031d2|0|1786914568.645|552.302|17.259|25819078656|35525398528|sim_data_501796ab98789225|__AUTOMETRIC__
__AUTOMETRIC__|0.1.2|2588207|crew_log_f2d067066ae031d2|0|1786914569.647|253.676|7.927|25819078656|35525398528|sim_data_501796ab98789225|__AUTOMETRIC__
__AUTOMETRIC__|0.1.2|2588207|crew_log_f2d067066ae031d2|0|1786914570.648|131.821|4.119|25819078656|35525398528|sim_data_501796ab98789225|__AUTOMETRIC__
__AUTOMETRIC__|0.1.2|2588207|crew_log_f2d067066ae031d2|0|1786914571.723|99.512|3.110|25819078656|35525398528|sim_data_501796ab98789225|__AUTOMETRIC__
__AUTOMETRIC__|0.1.2|2588207|crew_log_f2d067066ae031d2|0|1786914572.724|0.000|0.000|25819078656|35525398528|sim_data_501796ab98789225|__AUTOMETRIC__
__AUTOMETRIC__|0.1.2|2588207|crew_log_f2d067066ae031d2|0|1786914573.890|40.328|1.260|25819078656|35525398528|sim_data_501796ab98789225|__AUTOMETRIC__
__AUTOMETRIC__|0.1.2|2588207|crew_log_f2d067066ae031d2|0|1786914574.891|23.967|0.749|25819078656|35525398528|sim_data_501796ab98789225|__AUTOMETRIC__
__AUTOMETRIC__|0.1.2|2588207|crew_log_f2d067066ae031d2|0|1786914575.892|0.000|0.000|25819078656|35525398528|sim_data_501796ab98789225|__AUTOMETRIC__
__AUTOMETRIC__|0.1.2|2588207|crew_log_f2d067066ae031d2|0|1786914576.894|0.999|0.031|25819078656|35525398528|sim_data_501796ab98789225|__AUTOMETRIC__
__AUTOMETRIC__|0.1.2|2588207|crew_log_f2d067066ae031d2|0|1786914577.895|0.000|0.000|25819078656|35525398528|sim_data_501796ab98789225|__AUTOMETRIC__
__AUTOMETRIC__|0.1.2|2588207|crew_log_f2d067066ae031d2|0|1786914578.896|0.000|0.000|25819078656|35525398528|sim_data_501796ab98789225|__AUTOMETRIC__
__AUTOMETRIC__|0.1.2|2588207|crew_log_f2d067066ae031d2|0|1786914579.897|0.000|0.000|25819078656|35525398528|sim_data_501796ab98789225|__AUTOMETRIC__
__AUTOMETRIC__|0.1.2|2588207|crew_log_f2d067066ae031d2|0|1786914580.898|0.999|0.031|25819078656|35525398528|sim_data_501796ab98789225|__AUTOMETRIC__
__AUTOMETRIC__|0.1.2|2588207|crew_log_f2d067066ae031d2|0|1786914581.900|0.000|0.000|25819078656|35525398528|sim_data_501796ab98789225|__AUTOMETRIC__
__AUTOMETRIC__|0.1.2|2588207|crew_log_f2d067066ae031d2|0|1786914582.902|0.998|0.031|25819078656|35525398528|sim_data_501796ab98789225|__AUTOMETRIC__
__AUTOMETRIC__|0.1.2|2588207|crew_log_f2d067066ae031d2|0|1786914583.903|0.999|0.031|25819078656|35525398528|sim_data_501796ab98789225|__AUTOMETRIC__
__AUTOMETRIC__|0.1.2|2588207|crew_log_f2d067066ae031d2|0|1786914584.904|0.000|0.000|25819078656|35525398528|sim_data_501796ab98789225|__AUTOMETRIC__
__AUTOMETRIC__|0.1.2|2588207|crew_log_f2d067066ae031d2|0|1786914585.905|0.000|0.000|25819078656|35525398528|sim_data_501796ab98789225|__AUTOMETRIC__
__AUTOMETRIC__|0.1.2|2588207|crew_log_f2d067066ae031d2|0|1786914586.907|0.999|0.031|25819078656|35525398528|sim_data_501796ab98789225|__AUTOMETRIC__
__AUTOMETRIC__|0.1.2|2588207|crew_log_f2d067066ae031d2|0|1786914587.908|0.000|0.000|25819078656|35525398528|sim_data_501796ab98789225|__AUTOMETRIC__
__AUTOMETRIC__|0.1.2|2588207|crew_log_f2d067066ae031d2|0|1786914588.909|0.000|0.000|25819078656|35525398528|sim_data_501796ab98789225|__AUTOMETRIC__
__AUTOMETRIC__|0.1.2|2588207|crew_log_f2d067066ae031d2|0|1786914589.910|0.999|0.031|25819078656|35525398528|sim_data_501796ab98789225|__AUTOMETRIC__
__AUTOMETRIC__|0.1.2|2588207|crew_log_f2d067066ae031d2|0|1786914590.912|0.000|0.000|25819078656|35525398528|sim_data_501796ab98789225|__AUTOMETRIC__
__AUTOMETRIC__|0.1.2|2588207|crew_log_f2d067066ae031d2|0|1786914591.913|0.000|0.000|25819078656|35525398528|sim_data_501796ab98789225|__AUTOMETRIC__
__AUTOMETRIC__|0.1.2|2588207|crew_log_f2d067066ae031d2|0|1786914592.915|0.998|0.031|25819078656|35525398528|sim_data_501796ab98789225|__AUTOMETRIC__
__AUTOMETRIC__|0.1.2|2588207|crew_log_f2d067066ae031d2|0|1786914593.916|0.000|0.000|25819078656|35525398528|sim_data_501796ab98789225|__AUTOMETRIC__
__AUTOMETRIC__|0.1.2|2588207|crew_log_f2d067066ae031d2|0|1786914594.917|0.000|0.000|25819078656|35525398528|sim_data_501796ab98789225|__AUTOMETRIC__
__AUTOMETRIC__|0.1.2|2588207|crew_log_f2d067066ae031d2|0|1786914595.964|22.922|0.716|25819078656|35525398528|sim_data_501796ab98789225|__AUTOMETRIC__
__AUTOMETRIC__|0.1.2|2588207|crew_log_f2d067066ae031d2|0|1786914597.059|44.755|1.399|25819078656|35525398528|sim_data_501796ab98789225|__AUTOMETRIC__
__AUTOMETRIC__|0.1.2|2588207|crew_log_f2d067066ae031d2|0|1786914598.060|0.999|0.031|25819078656|35525398528|sim_data_501796ab98789225|__AUTOMETRIC__
__AUTOMETRIC__|0.1.2|2588207|crew_log_f2d067066ae031d2|0|1786914599.062|0.999|0.031|25819078656|35525398528|sim_data_501796ab98789225|__AUTOMETRIC__
__AUTOMETRIC__|0.1.2|2588207|crew_log_f2d067066ae031d2|0|1786914600.063|0.999|0.031|25819078656|35525398528|sim_data_501796ab98789225|__AUTOMETRIC__
__AUTOMETRIC__|0.1.2|2588207|crew_log_f2d067066ae031d2|0|1786914601.129|22.515|0.704|25819078656|35525398528|sim_data_501796ab98789225|__AUTOMETRIC__
__AUTOMETRIC__|0.1.2|2588207|crew_log_f2d067066ae031d2|0|1786914602.130|0.999|0.031|25819078656|35525398528|sim_data_501796ab98789225|__AUTOMETRIC__
__AUTOMETRIC__|0.1.2|2588207|crew_log_f2d067066ae031d2|0|1786914603.132|0.998|0.031|25819078656|35525398528|sim_data_501796ab98789225|__AUTOMETRIC__
__AUTOMETRIC__|0.1.2|2588207|crew_log_f2d067066ae031d2|0|1786914604.133|1.998|0.062|25819078656|35525398528|sim_data_501796ab98789225|__AUTOMETRIC__
__AUTOMETRIC__|0.1.2|2588207|crew_log_f2d067066ae031d2|0|1786914605.135|23.971|0.749|25819078656|35525398528|sim_data_501796ab98789225|__AUTOMETRIC__
__AUTOMETRIC__|0.1.2|2588207|crew_log_f2d067066ae031d2|0|1786914606.136|1.997|0.062|25819078656|35525398528|sim_data_501796ab98789225|__AUTOMETRIC__
__AUTOMETRIC__|0.1.2|2588207|crew_log_f2d067066ae031d2|0|1786914607.137|0.999|0.031|25819078656|35525398528|sim_data_501796ab98789225|__AUTOMETRIC__
__AUTOMETRIC__|0.1.2|2588207|crew_log_f2d067066ae031d2|0|1786914608.138|1.998|0.062|25819078656|35525398528|sim_data_501796ab98789225|__AUTOMETRIC__
__AUTOMETRIC__|0.1.2|2588207|crew_log_f2d067066ae031d2|0|1786914609.140|23.972|0.749|25819078656|35525398528|sim_data_501796ab98789225|__AUTOMETRIC__
__AUTOMETRIC__|0.1.2|2588207|crew_log_f2d067066ae031d2|0|1786914610.141|0.999|0.031|25819078656|35525398528|sim_data_501796ab98789225|__AUTOMETRIC__
__AUTOMETRIC__|0.1.2|2588207|crew_log_f2d067066ae031d2|0|1786914611.142|1.998|0.062|25819078656|35525398528|sim_data_501796ab98789225|__AUTOMETRIC__
__AUTOMETRIC__|0.1.2|2588207|crew_log_f2d067066ae031d2|0|1786914612.143|13.981|0.437|25819078656|35525398528|sim_data_501796ab98789225|__AUTOMETRIC__
__AUTOMETRIC__|0.1.2|2588207|crew_log_f2d067066ae031d2|0|1786914613.145|88.856|2.777|25889185792|35595767808|sim_data_501796ab98789225|__AUTOMETRIC__
__AUTOMETRIC__|0.1.2|2588207|crew_log_f2d067066ae031d2|0|1786914614.146|98.874|3.090|25889185792|35595767808|sim_data_501796ab98789225|__AUTOMETRIC__
__AUTOMETRIC__|0.1.2|2588207|crew_log_f2d067066ae031d2|0|1786914615.147|99.895|3.122|25889185792|35595767808|sim_data_501796ab98789225|__AUTOMETRIC__
__AUTOMETRIC__|0.1.2|2588207|crew_log_f2d067066ae031d2|0|1786914616.149|490.390|15.325|25889185792|35595767808|sim_data_501796ab98789225|__AUTOMETRIC__
__AUTOMETRIC__|0.1.2|2588207|crew_log_f2d067066ae031d2|0|1786914617.150|259.719|8.116|25889185792|35595767808|sim_data_501796ab98789225|__AUTOMETRIC__
__AUTOMETRIC__|0.1.2|2588207|crew_log_f2d067066ae031d2|0|1786914618.151|125.832|3.932|25889185792|35595767808|sim_data_501796ab98789225|__AUTOMETRIC__
__AUTOMETRIC__|0.1.2|2588207|crew_log_f2d067066ae031d2|0|1786914619.152|98.886|3.090|25889185792|35595767808|sim_data_501796ab98789225|__AUTOMETRIC__
__AUTOMETRIC__|0.1.2|2588207|crew_log_f2d067066ae031d2|0|1786914620.153|32.959|1.030|25889185792|35595767808|sim_data_501796ab98789225|__AUTOMETRIC__
__AUTOMETRIC__|0.1.2|2588207|crew_log_f2d067066ae031d2|0|1786914621.214|44.329|1.385|25889185792|35595767808|sim_data_501796ab98789225|__AUTOMETRIC__
__AUTOMETRIC__|0.1.2|2588207|crew_log_f2d067066ae031d2|0|1786914622.215|23.958|0.749|25889185792|35595767808|sim_data_501796ab98789225|__AUTOMETRIC__
__AUTOMETRIC__|0.1.2|2588207|crew_log_f2d067066ae031d2|0|1786914623.217|0.000|0.000|25889185792|35595767808|sim_data_501796ab98789225|__AUTOMETRIC__
__AUTOMETRIC__|0.1.2|2588207|crew_log_f2d067066ae031d2|0|1786914624.218|0.999|0.031|25889185792|35595767808|sim_data_501796ab98789225|__AUTOMETRIC__
__AUTOMETRIC__|0.1.2|2588207|crew_log_f2d067066ae031d2|0|1786914625.220|0.000|0.000|25889185792|35595767808|sim_data_501796ab98789225|__AUTOMETRIC__
__AUTOMETRIC__|0.1.2|2588207|crew_log_f2d067066ae031d2|0|1786914626.221|0.000|0.000|25889185792|35595767808|sim_data_501796ab98789225|__AUTOMETRIC__
__AUTOMETRIC__|0.1.2|2588207|crew_log_f2d067066ae031d2|0|1786914627.222|0.000|0.000|25889185792|35595767808|sim_data_501796ab98789225|__AUTOMETRIC__
__AUTOMETRIC__|0.1.2|2588207|crew_log_f2d067066ae031d2|0|1786914628.223|0.999|0.031|25889185792|35595767808|sim_data_501796ab98789225|__AUTOMETRIC__
__AUTOMETRIC__|0.1.2|2588207|crew_log_f2d067066ae031d2|0|1786914629.224|0.000|0.000|25889185792|35595767808|sim_data_501796ab98789225|__AUTOMETRIC__
__AUTOMETRIC__|0.1.2|2588207|crew_log_f2d067066ae031d2|0|1786914630.226|0.000|0.000|25889185792|35595767808|sim_data_501796ab98789225|__AUTOMETRIC__
__AUTOMETRIC__|0.1.2|2588207|crew_log_f2d067066ae031d2|0|1786914631.227|0.999|0.031|25889185792|35595767808|sim_data_501796ab98789225|__AUTOMETRIC__
__AUTOMETRIC__|0.1.2|2588207|crew_log_f2d067066ae031d2|0|1786914632.229|0.000|0.000|25889185792|35595767808|sim_data_501796ab98789225|__AUTOMETRIC__
__AUTOMETRIC__|0.1.2|2588207|crew_log_f2d067066ae031d2|0|1786914633.230|0.998|0.031|25889185792|35595767808|sim_data_501796ab98789225|__AUTOMETRIC__
__AUTOMETRIC__|0.1.2|2588207|crew_log_f2d067066ae031d2|0|1786914634.231|0.000|0.000|25889185792|35595767808|sim_data_501796ab98789225|__AUTOMETRIC__
__AUTOMETRIC__|0.1.2|2588207|crew_log_f2d067066ae031d2|0|1786914635.232|0.999|0.031|25889185792|35595767808|sim_data_501796ab98789225|__AUTOMETRIC__
__AUTOMETRIC__|0.1.2|2588207|crew_log_f2d067066ae031d2|0|1786914636.234|0.000|0.000|25889185792|35595767808|sim_data_501796ab98789225|__AUTOMETRIC__
__AUTOMETRIC__|0.1.2|2588207|crew_log_f2d067066ae031d2|0|1786914637.235|0.000|0.000|25889185792|35595767808|sim_data_501796ab98789225|__AUTOMETRIC__
__AUTOMETRIC__|0.1.2|2588207|crew_log_f2d067066ae031d2|0|1786914638.236|0.999|0.031|25889185792|35595767808|sim_data_501796ab98789225|__AUTOMETRIC__
__AUTOMETRIC__|0.1.2|2588207|crew_log_f2d067066ae031d2|0|1786914639.237|0.000|0.000|25889185792|35595767808|sim_data_501796ab98789225|__AUTOMETRIC__
__AUTOMETRIC__|0.1.2|2588207|crew_log_f2d067066ae031d2|0|1786914640.238|0.000|0.000|25889185792|35595767808|sim_data_501796ab98789225|__AUTOMETRIC__
__AUTOMETRIC__|0.1.2|2588207|crew_log_f2d067066ae031d2|0|1786914641.240|0.999|0.031|25889185792|35595767808|sim_data_501796ab98789225|__AUTOMETRIC__
__AUTOMETRIC__|0.1.2|2588207|crew_log_f2d067066ae031d2|0|1786914642.241|0.000|0.000|25889185792|35595767808|sim_data_501796ab98789225|__AUTOMETRIC__
__AUTOMETRIC__|0.1.2|2588207|crew_log_f2d067066ae031d2|0|1786914643.243|46.917|1.466|25889185792|35595767808|sim_data_501796ab98789225|__AUTOMETRIC__
__AUTOMETRIC__|0.1.2|2588207|crew_log_f2d067066ae031d2|0|1786914644.244|24.968|0.780|25889185792|35595767808|sim_data_501796ab98789225|__AUTOMETRIC__
__AUTOMETRIC__|0.1.2|2588207|crew_log_f2d067066ae031d2|0|1786914645.248|0.996|0.031|25889185792|35595767808|sim_data_501796ab98789225|__AUTOMETRIC__
__AUTOMETRIC__|0.1.2|2588207|crew_log_f2d067066ae031d2|0|1786914646.325|1.857|0.058|25889185792|35595767808|sim_data_501796ab98789225|__AUTOMETRIC__
__AUTOMETRIC__|0.1.2|2588207|crew_log_f2d067066ae031d2|0|1786914647.326|22.973|0.718|25889185792|35595767808|sim_data_501796ab98789225|__AUTOMETRIC__
__AUTOMETRIC__|0.1.2|2588207|crew_log_f2d067066ae031d2|0|1786914648.328|2.996|0.094|25889185792|35595767808|sim_data_501796ab98789225|__AUTOMETRIC__
__AUTOMETRIC__|0.1.2|2588207|crew_log_f2d067066ae031d2|0|1786914649.329|0.999|0.031|25889185792|35595767808|sim_data_501796ab98789225|__AUTOMETRIC__
__AUTOMETRIC__|0.1.2|2588207|crew_log_f2d067066ae031d2|0|1786914650.410|22.202|0.694|25889185792|35595767808|sim_data_501796ab98789225|__AUTOMETRIC__
__AUTOMETRIC__|0.1.2|2588207|crew_log_f2d067066ae031d2|0|1786914651.411|0.999|0.031|25889185792|35595767808|sim_data_501796ab98789225|__AUTOMETRIC__
__AUTOMETRIC__|0.1.2|2588207|crew_log_f2d067066ae031d2|0|1786914652.413|1.997|0.062|25889185792|35595767808|sim_data_501796ab98789225|__AUTOMETRIC__
__AUTOMETRIC__|0.1.2|2588207|crew_log_f2d067066ae031d2|0|1786914653.415|0.998|0.031|25889185792|35595767808|sim_data_501796ab98789225|__AUTOMETRIC__
__AUTOMETRIC__|0.1.2|2588207|crew_log_f2d067066ae031d2|0|1786914654.416|24.958|0.780|25889185792|35595767808|sim_data_501796ab98789225|__AUTOMETRIC__
__AUTOMETRIC__|0.1.2|2588207|crew_log_f2d067066ae031d2|0|1786914655.418|0.999|0.031|25889185792|35595767808|sim_data_501796ab98789225|__AUTOMETRIC__
__AUTOMETRIC__|0.1.2|2588207|crew_log_f2d067066ae031d2|0|1786914656.419|0.999|0.031|25889185792|35595767808|sim_data_501796ab98789225|__AUTOMETRIC__
__AUTOMETRIC__|0.1.2|2588207|crew_log_f2d067066ae031d2|0|1786914657.420|26.970|0.843|25889185792|35595767808|sim_data_501796ab98789225|__AUTOMETRIC__
__AUTOMETRIC__|0.1.2|2588207|crew_log_f2d067066ae031d2|0|1786914658.421|92.882|2.903|25889185792|35595767808|sim_data_501796ab98789225|__AUTOMETRIC__
__AUTOMETRIC__|0.1.2|2588207|crew_log_f2d067066ae031d2|0|1786914659.423|99.864|3.121|25921167360|35628068864|sim_data_501796ab98789225|__AUTOMETRIC__
__AUTOMETRIC__|0.1.2|2588207|crew_log_f2d067066ae031d2|0|1786914660.424|98.854|3.089|25921167360|35628068864|sim_data_501796ab98789225|__AUTOMETRIC__
__AUTOMETRIC__|0.1.2|2588207|crew_log_f2d067066ae031d2|0|1786914661.425|618.307|19.322|25921167360|35628068864|sim_data_501796ab98789225|__AUTOMETRIC__
__AUTOMETRIC__|0.1.2|2588207|crew_log_f2d067066ae031d2|0|1786914662.427|144.782|4.524|25921167360|35628068864|sim_data_501796ab98789225|__AUTOMETRIC__
__AUTOMETRIC__|0.1.2|2588207|crew_log_f2d067066ae031d2|0|1786914663.429|120.797|3.775|25921167360|35628068864|sim_data_501796ab98789225|__AUTOMETRIC__
__AUTOMETRIC__|0.1.2|2588207|crew_log_f2d067066ae031d2|0|1786914664.430|81.883|2.559|25921167360|35628068864|sim_data_501796ab98789225|__AUTOMETRIC__
__AUTOMETRIC__|0.1.2|2588207|crew_log_f2d067066ae031d2|0|1786914665.431|23.968|0.749|25921167360|35628068864|sim_data_501796ab98789225|__AUTOMETRIC__
__AUTOMETRIC__|0.1.2|2588207|crew_log_f2d067066ae031d2|0|1786914666.544|42.251|1.320|25921167360|35628068864|sim_data_501796ab98789225|__AUTOMETRIC__
__AUTOMETRIC__|0.1.2|2588207|crew_log_f2d067066ae031d2|0|1786914667.547|0.000|0.000|25921167360|35628068864|sim_data_501796ab98789225|__AUTOMETRIC__
__AUTOMETRIC__|0.1.2|2588207|crew_log_f2d067066ae031d2|0|1786914668.548|0.000|0.000|25921167360|35628068864|sim_data_501796ab98789225|__AUTOMETRIC__
__AUTOMETRIC__|0.1.2|2588207|crew_log_f2d067066ae031d2|0|1786914669.549|0.999|0.031|25921167360|35628068864|sim_data_501796ab98789225|__AUTOMETRIC__
__AUTOMETRIC__|0.1.2|2588207|crew_log_f2d067066ae031d2|0|1786914670.550|0.000|0.000|25921167360|35628068864|sim_data_501796ab98789225|__AUTOMETRIC__
__AUTOMETRIC__|0.1.2|2588207|crew_log_f2d067066ae031d2|0|1786914671.552|0.000|0.000|25921167360|35628068864|sim_data_501796ab98789225|__AUTOMETRIC__
__AUTOMETRIC__|0.1.2|2588207|crew_log_f2d067066ae031d2|0|1786914672.553|0.999|0.031|25921167360|35628068864|sim_data_501796ab98789225|__AUTOMETRIC__
__AUTOMETRIC__|0.1.2|2588207|crew_log_f2d067066ae031d2|0|1786914673.555|0.000|0.000|25921167360|35628068864|sim_data_501796ab98789225|__AUTOMETRIC__
__AUTOMETRIC__|0.1.2|2588207|crew_log_f2d067066ae031d2|0|1786914674.556|0.000|0.000|25921167360|35628068864|sim_data_501796ab98789225|__AUTOMETRIC__
__AUTOMETRIC__|0.1.2|2588207|crew_log_f2d067066ae031d2|0|1786914675.557|0.999|0.031|25921167360|35628068864|sim_data_501796ab98789225|__AUTOMETRIC__
__AUTOMETRIC__|0.1.2|2588207|crew_log_f2d067066ae031d2|0|1786914676.559|0.000|0.000|25921167360|35628068864|sim_data_501796ab98789225|__AUTOMETRIC__
__AUTOMETRIC__|0.1.2|2588207|crew_log_f2d067066ae031d2|0|1786914677.560|0.000|0.000|25921167360|35628068864|sim_data_501796ab98789225|__AUTOMETRIC__
__AUTOMETRIC__|0.1.2|2588207|crew_log_f2d067066ae031d2|0|1786914678.561|0.000|0.000|25921167360|35628068864|sim_data_501796ab98789225|__AUTOMETRIC__
__AUTOMETRIC__|0.1.2|2588207|crew_log_f2d067066ae031d2|0|1786914679.562|0.999|0.031|25921167360|35628068864|sim_data_501796ab98789225|__AUTOMETRIC__
__AUTOMETRIC__|0.1.2|2588207|crew_log_f2d067066ae031d2|0|1786914680.564|0.000|0.000|25921167360|35628068864|sim_data_501796ab98789225|__AUTOMETRIC__
__AUTOMETRIC__|0.1.2|2588207|crew_log_f2d067066ae031d2|0|1786914681.565|0.000|0.000|25921167360|35628068864|sim_data_501796ab98789225|__AUTOMETRIC__
__AUTOMETRIC__|0.1.2|2588207|crew_log_f2d067066ae031d2|0|1786914682.566|0.999|0.031|25921167360|35628068864|sim_data_501796ab98789225|__AUTOMETRIC__
__AUTOMETRIC__|0.1.2|2588207|crew_log_f2d067066ae031d2|0|1786914683.568|0.998|0.031|25921167360|35628068864|sim_data_501796ab98789225|__AUTOMETRIC__
__AUTOMETRIC__|0.1.2|2588207|crew_log_f2d067066ae031d2|0|1786914684.569|0.000|0.000|25921167360|35628068864|sim_data_501796ab98789225|__AUTOMETRIC__
__AUTOMETRIC__|0.1.2|2588207|crew_log_f2d067066ae031d2|0|1786914685.570|0.000|0.000|25921167360|35628068864|sim_data_501796ab98789225|__AUTOMETRIC__
__AUTOMETRIC__|0.1.2|2588207|crew_log_f2d067066ae031d2|0|1786914686.571|0.999|0.031|25921167360|35628068864|sim_data_501796ab98789225|__AUTOMETRIC__
__AUTOMETRIC__|0.1.2|2588207|crew_log_f2d067066ae031d2|0|1786914687.573|0.000|0.000|25921167360|35628068864|sim_data_501796ab98789225|__AUTOMETRIC__
__AUTOMETRIC__|0.1.2|2588207|crew_log_f2d067066ae031d2|0|1786914688.574|46.941|1.467|25921167360|35628068864|sim_data_501796ab98789225|__AUTOMETRIC__
__AUTOMETRIC__|0.1.2|2588207|crew_log_f2d067066ae031d2|0|1786914689.575|25.969|0.812|25921167360|35628068864|sim_data_501796ab98789225|__AUTOMETRIC__
__AUTOMETRIC__|0.1.2|2588207|crew_log_f2d067066ae031d2|0|1786914690.576|0.999|0.031|25921167360|35628068864|sim_data_501796ab98789225|__AUTOMETRIC__
__AUTOMETRIC__|0.1.2|2588207|crew_log_f2d067066ae031d2|0|1786914691.578|0.998|0.031|25921167360|35628068864|sim_data_501796ab98789225|__AUTOMETRIC__
__AUTOMETRIC__|0.1.2|2588207|crew_log_f2d067066ae031d2|0|1786914692.741|20.633|0.645|25921167360|35628068864|sim_data_501796ab98789225|__AUTOMETRIC__
__AUTOMETRIC__|0.1.2|2588207|crew_log_f2d067066ae031d2|0|1786914693.743|0.998|0.031|25921167360|35628068864|sim_data_501796ab98789225|__AUTOMETRIC__
__AUTOMETRIC__|0.1.2|2588207|crew_log_f2d067066ae031d2|0|1786914694.744|0.999|0.031|25921167360|35628068864|sim_data_501796ab98789225|__AUTOMETRIC__
__AUTOMETRIC__|0.1.2|2588207|crew_log_f2d067066ae031d2|0|1786914695.745|1.998|0.062|25921167360|35628068864|sim_data_501796ab98789225|__AUTOMETRIC__
__AUTOMETRIC__|0.1.2|2588207|crew_log_f2d067066ae031d2|0|1786914696.747|22.970|0.718|25921167360|35628068864|sim_data_501796ab98789225|__AUTOMETRIC__
__AUTOMETRIC__|0.1.2|2588207|crew_log_f2d067066ae031d2|0|1786914697.748|2.996|0.094|25921167360|35628068864|sim_data_501796ab98789225|__AUTOMETRIC__
__AUTOMETRIC__|0.1.2|2588207|crew_log_f2d067066ae031d2|0|1786914698.749|0.999|0.031|25921167360|35628068864|sim_data_501796ab98789225|__AUTOMETRIC__
__AUTOMETRIC__|0.1.2|2588207|crew_log_f2d067066ae031d2|0|1786914699.750|0.999|0.031|25921167360|35628068864|sim_data_501796ab98789225|__AUTOMETRIC__
__AUTOMETRIC__|0.1.2|2588207|crew_log_f2d067066ae031d2|0|1786914700.752|24.966|0.780|25921167360|35628068864|sim_data_501796ab98789225|__AUTOMETRIC__
__AUTOMETRIC__|0.1.2|2588207|crew_log_f2d067066ae031d2|0|1786914701.753|0.999|0.031|25921167360|35628068864|sim_data_501796ab98789225|__AUTOMETRIC__
__AUTOMETRIC__|0.1.2|2588207|crew_log_f2d067066ae031d2|0|1786914702.754|0.999|0.031|25921167360|35628068864|sim_data_501796ab98789225|__AUTOMETRIC__
__AUTOMETRIC__|0.1.2|2588207|crew_log_f2d067066ae031d2|0|1786914703.756|1.996|0.062|25921167360|35628068864|sim_data_501796ab98789225|__AUTOMETRIC__
__AUTOMETRIC__|0.1.2|2588207|crew_log_f2d067066ae031d2|0|1786914704.758|80.901|2.528|25921167360|35628068864|sim_data_501796ab98789225|__AUTOMETRIC__
__AUTOMETRIC__|0.1.2|2588207|crew_log_f2d067066ae031d2|0|1786914705.759|98.871|3.090|25921167360|35628068864|sim_data_501796ab98789225|__AUTOMETRIC__
__AUTOMETRIC__|0.1.2|2588207|crew_log_f2d067066ae031d2|0|1786914706.760|99.865|3.121|25922740224|35629326336|sim_data_501796ab98789225|__AUTOMETRIC__
__AUTOMETRIC__|0.1.2|2588207|crew_log_f2d067066ae031d2|0|1786914707.762|402.482|12.578|25922740224|35629326336|sim_data_501796ab98789225|__AUTOMETRIC__
__AUTOMETRIC__|0.1.2|2588207|crew_log_f2d067066ae031d2|0|1786914708.763|394.439|12.326|25922740224|35629326336|sim_data_501796ab98789225|__AUTOMETRIC__
__AUTOMETRIC__|0.1.2|2588207|crew_log_f2d067066ae031d2|0|1786914709.764|131.802|4.119|25922740224|35629326336|sim_data_501796ab98789225|__AUTOMETRIC__
__AUTOMETRIC__|0.1.2|2588207|crew_log_f2d067066ae031d2|0|1786914710.989|98.827|3.088|25922740224|35629326336|sim_data_501796ab98789225|__AUTOMETRIC__
__AUTOMETRIC__|0.1.2|2588207|crew_log_f2d067066ae031d2|0|1786914712.007|23.580|0.737|25922740224|35629326336|sim_data_501796ab98789225|__AUTOMETRIC__
__AUTOMETRIC__|0.1.2|2588207|crew_log_f2d067066ae031d2|0|1786914713.124|42.078|1.315|25922740224|35629326336|sim_data_501796ab98789225|__AUTOMETRIC__
__AUTOMETRIC__|0.1.2|2588207|crew_log_f2d067066ae031d2|0|1786914714.125|0.000|0.000|25922740224|35629326336|sim_data_501796ab98789225|__AUTOMETRIC__
__AUTOMETRIC__|0.1.2|2588207|crew_log_f2d067066ae031d2|0|1786914715.126|0.000|0.000|25922740224|35629326336|sim_data_501796ab98789225|__AUTOMETRIC__
__AUTOMETRIC__|0.1.2|2588207|crew_log_f2d067066ae031d2|0|1786914716.128|0.999|0.031|25922740224|35629326336|sim_data_501796ab98789225|__AUTOMETRIC__
__AUTOMETRIC__|0.1.2|2588207|crew_log_f2d067066ae031d2|0|1786914717.129|0.000|0.000|25922740224|35629326336|sim_data_501796ab98789225|__AUTOMETRIC__
__AUTOMETRIC__|0.1.2|2588207|crew_log_f2d067066ae031d2|0|1786914718.130|0.000|0.000|25922740224|35629326336|sim_data_501796ab98789225|__AUTOMETRIC__
__AUTOMETRIC__|0.1.2|2588207|crew_log_f2d067066ae031d2|0|1786914719.132|1.997|0.062|25922740224|35629326336|sim_data_501796ab98789225|__AUTOMETRIC__
__AUTOMETRIC__|0.1.2|2588207|crew_log_f2d067066ae031d2|0|1786914720.135|0.000|0.000|25922740224|35629326336|sim_data_501796ab98789225|__AUTOMETRIC__
__AUTOMETRIC__|0.1.2|2588207|crew_log_f2d067066ae031d2|0|1786914721.137|0.000|0.000|25922740224|35629326336|sim_data_501796ab98789225|__AUTOMETRIC__
__AUTOMETRIC__|0.1.2|2588207|crew_log_f2d067066ae031d2|0|1786914722.138|0.999|0.031|25922740224|35629326336|sim_data_501796ab98789225|__AUTOMETRIC__
__AUTOMETRIC__|0.1.2|2588207|crew_log_f2d067066ae031d2|0|1786914723.139|0.000|0.000|25922740224|35629326336|sim_data_501796ab98789225|__AUTOMETRIC__
__AUTOMETRIC__|0.1.2|2588207|crew_log_f2d067066ae031d2|0|1786914724.141|0.000|0.000|25922740224|35629326336|sim_data_501796ab98789225|__AUTOMETRIC__
__AUTOMETRIC__|0.1.2|2588207|crew_log_f2d067066ae031d2|0|1786914725.142|0.000|0.000|25922740224|35629326336|sim_data_501796ab98789225|__AUTOMETRIC__
__AUTOMETRIC__|0.1.2|2588207|crew_log_f2d067066ae031d2|0|1786914726.143|0.000|0.000|25922740224|35629326336|sim_data_501796ab98789225|__AUTOMETRIC__
__AUTOMETRIC__|0.1.2|2588207|crew_log_f2d067066ae031d2|0|1786914727.145|0.999|0.031|25922740224|35629326336|sim_data_501796ab98789225|__AUTOMETRIC__
__AUTOMETRIC__|0.1.2|2588207|crew_log_f2d067066ae031d2|0|1786914728.146|0.000|0.000|25922740224|35629326336|sim_data_501796ab98789225|__AUTOMETRIC__
__AUTOMETRIC__|0.1.2|2588207|crew_log_f2d067066ae031d2|0|1786914729.147|0.000|0.000|25922740224|35629326336|sim_data_501796ab98789225|__AUTOMETRIC__
__AUTOMETRIC__|0.1.2|2588207|crew_log_f2d067066ae031d2|0|1786914730.149|0.998|0.031|25922740224|35629326336|sim_data_501796ab98789225|__AUTOMETRIC__
__AUTOMETRIC__|0.1.2|2588207|crew_log_f2d067066ae031d2|0|1786914731.150|0.000|0.000|25922740224|35629326336|sim_data_501796ab98789225|__AUTOMETRIC__
__AUTOMETRIC__|0.1.2|2588207|crew_log_f2d067066ae031d2|0|1786914732.151|0.998|0.031|25922740224|35629326336|sim_data_501796ab98789225|__AUTOMETRIC__
__AUTOMETRIC__|0.1.2|2588207|crew_log_f2d067066ae031d2|0|1786914733.153|0.000|0.000|25922740224|35629326336|sim_data_501796ab98789225|__AUTOMETRIC__
__AUTOMETRIC__|0.1.2|2588207|crew_log_f2d067066ae031d2|0|1786914734.337|39.705|1.241|25922740224|35629326336|sim_data_501796ab98789225|__AUTOMETRIC__
__AUTOMETRIC__|0.1.2|2588207|crew_log_f2d067066ae031d2|0|1786914735.338|25.967|0.811|25922740224|35629326336|sim_data_501796ab98789225|__AUTOMETRIC__
__AUTOMETRIC__|0.1.2|2588207|crew_log_f2d067066ae031d2|0|1786914736.339|0.000|0.000|25922740224|35629326336|sim_data_501796ab98789225|__AUTOMETRIC__
__AUTOMETRIC__|0.1.2|2588207|crew_log_f2d067066ae031d2|0|1786914737.341|1.997|0.062|25922740224|35629326336|sim_data_501796ab98789225|__AUTOMETRIC__
__AUTOMETRIC__|0.1.2|2588207|crew_log_f2d067066ae031d2|0|1786914738.342|0.999|0.031|25922740224|35629326336|sim_data_501796ab98789225|__AUTOMETRIC__
__AUTOMETRIC__|0.1.2|2588207|crew_log_f2d067066ae031d2|0|1786914739.343|0.999|0.031|25922740224|35629326336|sim_data_501796ab98789225|__AUTOMETRIC__
__AUTOMETRIC__|0.1.2|2588207|crew_log_f2d067066ae031d2|0|1786914740.345|0.999|0.031|25922740224|35629326336|sim_data_501796ab98789225|__AUTOMETRIC__
__AUTOMETRIC__|0.1.2|2588207|crew_log_f2d067066ae031d2|0|1786914741.346|0.998|0.031|25922740224|35629326336|sim_data_501796ab98789225|__AUTOMETRIC__
__AUTOMETRIC__|0.1.2|2588207|crew_log_f2d067066ae031d2|0|1786914742.348|0.000|0.000|25922740224|35629326336|sim_data_501796ab98789225|__AUTOMETRIC__
__AUTOMETRIC__|0.1.2|2588207|crew_log_f2d067066ae031d2|0|1786914743.349|24.970|0.780|25922740224|35629326336|sim_data_501796ab98789225|__AUTOMETRIC__
__AUTOMETRIC__|0.1.2|2588207|crew_log_f2d067066ae031d2|0|1786914744.351|0.998|0.031|25922740224|35629326336|sim_data_501796ab98789225|__AUTOMETRIC__
__AUTOMETRIC__|0.1.2|2588207|crew_log_f2d067066ae031d2|0|1786914745.352|0.999|0.031|25922740224|35629326336|sim_data_501796ab98789225|__AUTOMETRIC__
__AUTOMETRIC__|0.1.2|2588207|crew_log_f2d067066ae031d2|0|1786914746.353|0.999|0.031|25922740224|35629326336|sim_data_501796ab98789225|__AUTOMETRIC__
__AUTOMETRIC__|0.1.2|2588207|crew_log_f2d067066ae031d2|0|1786914747.355|0.999|0.031|25922740224|35629326336|sim_data_501796ab98789225|__AUTOMETRIC__
__AUTOMETRIC__|0.1.2|2588207|crew_log_f2d067066ae031d2|0|1786914748.356|23.966|0.749|25922740224|35629326336|sim_data_501796ab98789225|__AUTOMETRIC__
__AUTOMETRIC__|0.1.2|2588207|crew_log_f2d067066ae031d2|0|1786914749.358|0.999|0.031|25922740224|35629326336|sim_data_501796ab98789225|__AUTOMETRIC__
__AUTOMETRIC__|0.1.2|2588207|crew_log_f2d067066ae031d2|0|1786914750.359|2.996|0.094|25922740224|35629326336|sim_data_501796ab98789225|__AUTOMETRIC__
__AUTOMETRIC__|0.1.2|2588207|crew_log_f2d067066ae031d2|0|1786914751.360|0.998|0.031|25922740224|35629326336|sim_data_501796ab98789225|__AUTOMETRIC__
__AUTOMETRIC__|0.1.2|2588207|crew_log_f2d067066ae031d2|0|1786914752.362|22.972|0.718|25922740224|35629326336|sim_data_501796ab98789225|__AUTOMETRIC__
__AUTOMETRIC__|0.1.2|2588207|crew_log_f2d067066ae031d2|0|1786914753.363|1.997|0.062|25922740224|35629326336|sim_data_501796ab98789225|__AUTOMETRIC__
__AUTOMETRIC__|0.1.2|2588207|crew_log_f2d067066ae031d2|0|1786914754.365|1.996|0.062|25922740224|35629326336|sim_data_501796ab98789225|__AUTOMETRIC__
__AUTOMETRIC__|0.1.2|2588207|crew_log_f2d067066ae031d2|0|1786914755.366|1.997|0.062|25922740224|35629326336|sim_data_501796ab98789225|__AUTOMETRIC__
__AUTOMETRIC__|0.1.2|2588207|crew_log_f2d067066ae031d2|0|1786914756.368|44.941|1.404|25922740224|35629326336|sim_data_501796ab98789225|__AUTOMETRIC__
__AUTOMETRIC__|0.1.2|2588207|crew_log_f2d067066ae031d2|0|1786914757.369|97.881|3.059|25922740224|35629326336|sim_data_501796ab98789225|__AUTOMETRIC__
__AUTOMETRIC__|0.1.2|2588207|crew_log_f2d067066ae031d2|0|1786914758.370|99.861|3.121|25922740224|35629326336|sim_data_501796ab98789225|__AUTOMETRIC__
__AUTOMETRIC__|0.1.2|2588207|crew_log_f2d067066ae031d2|0|1786914759.372|179.765|5.618|25931149312|35635646464|sim_data_501796ab98789225|__AUTOMETRIC__
__AUTOMETRIC__|0.1.2|2588207|crew_log_f2d067066ae031d2|0|1786914760.373|593.214|18.538|25931149312|35635646464|sim_data_501796ab98789225|__AUTOMETRIC__
__AUTOMETRIC__|0.1.2|2588207|crew_log_f2d067066ae031d2|0|1786914761.374|99.868|3.121|25931149312|35635646464|sim_data_501796ab98789225|__AUTOMETRIC__
__AUTOMETRIC__|0.1.2|2588207|crew_log_f2d067066ae031d2|0|1786914762.376|131.819|4.119|25931149312|35635646464|sim_data_501796ab98789225|__AUTOMETRIC__
__AUTOMETRIC__|0.1.2|2588207|crew_log_f2d067066ae031d2|0|1786914763.377|56.922|1.779|25931149312|35635646464|sim_data_501796ab98789225|__AUTOMETRIC__
__AUTOMETRIC__|0.1.2|2588207|crew_log_f2d067066ae031d2|0|1786914764.379|23.956|0.749|25931149312|35635646464|sim_data_501796ab98789225|__AUTOMETRIC__
__AUTOMETRIC__|0.1.2|2588207|crew_log_f2d067066ae031d2|0|1786914765.380|47.931|1.498|25931149312|35635646464|sim_data_501796ab98789225|__AUTOMETRIC__
__AUTOMETRIC__|0.1.2|2588207|crew_log_f2d067066ae031d2|0|1786914766.382|0.000|0.000|25931149312|35635646464|sim_data_501796ab98789225|__AUTOMETRIC__
__AUTOMETRIC__|0.1.2|2588207|crew_log_f2d067066ae031d2|0|1786914767.383|0.999|0.031|25931149312|35635646464|sim_data_501796ab98789225|__AUTOMETRIC__
__AUTOMETRIC__|0.1.2|2588207|crew_log_f2d067066ae031d2|0|1786914768.384|0.000|0.000|25931149312|35635646464|sim_data_501796ab98789225|__AUTOMETRIC__
__AUTOMETRIC__|0.1.2|2588207|crew_log_f2d067066ae031d2|0|1786914769.385|0.000|0.000|25931149312|35635646464|sim_data_501796ab98789225|__AUTOMETRIC__
__AUTOMETRIC__|0.1.2|2588207|crew_log_f2d067066ae031d2|0|1786914770.387|0.000|0.000|25931149312|35635646464|sim_data_501796ab98789225|__AUTOMETRIC__
__AUTOMETRIC__|0.1.2|2588207|crew_log_f2d067066ae031d2|0|1786914771.388|1.998|0.062|25931149312|35635646464|sim_data_501796ab98789225|__AUTOMETRIC__
__AUTOMETRIC__|0.1.2|2588207|crew_log_f2d067066ae031d2|0|1786914772.389|0.000|0.000|25931149312|35635646464|sim_data_501796ab98789225|__AUTOMETRIC__
__AUTOMETRIC__|0.1.2|2588207|crew_log_f2d067066ae031d2|0|1786914773.391|0.000|0.000|25931149312|35635646464|sim_data_501796ab98789225|__AUTOMETRIC__
__AUTOMETRIC__|0.1.2|2588207|crew_log_f2d067066ae031d2|0|1786914774.392|0.000|0.000|25931149312|35635646464|sim_data_501796ab98789225|__AUTOMETRIC__
__AUTOMETRIC__|0.1.2|2588207|crew_log_f2d067066ae031d2|0|1786914775.394|0.998|0.031|25931149312|35635646464|sim_data_501796ab98789225|__AUTOMETRIC__
__AUTOMETRIC__|0.1.2|2588207|crew_log_f2d067066ae031d2|0|1786914776.396|0.000|0.000|25931149312|35635646464|sim_data_501796ab98789225|__AUTOMETRIC__
__AUTOMETRIC__|0.1.2|2588207|crew_log_f2d067066ae031d2|0|1786914777.397|0.000|0.000|25931149312|35635646464|sim_data_501796ab98789225|__AUTOMETRIC__
__AUTOMETRIC__|0.1.2|2588207|crew_log_f2d067066ae031d2|0|1786914778.398|0.999|0.031|25931149312|35635646464|sim_data_501796ab98789225|__AUTOMETRIC__
__AUTOMETRIC__|0.1.2|2588207|crew_log_f2d067066ae031d2|0|1786914779.400|0.000|0.000|25931149312|35635646464|sim_data_501796ab98789225|__AUTOMETRIC__
__AUTOMETRIC__|0.1.2|2588207|crew_log_f2d067066ae031d2|0|1786914780.402|0.000|0.000|25931149312|35635646464|sim_data_501796ab98789225|__AUTOMETRIC__
__AUTOMETRIC__|0.1.2|2588207|crew_log_f2d067066ae031d2|0|1786914781.403|0.999|0.031|25931149312|35635646464|sim_data_501796ab98789225|__AUTOMETRIC__
__AUTOMETRIC__|0.1.2|2588207|crew_log_f2d067066ae031d2|0|1786914782.404|0.000|0.000|25931149312|35635646464|sim_data_501796ab98789225|__AUTOMETRIC__
__AUTOMETRIC__|0.1.2|2588207|crew_log_f2d067066ae031d2|0|1786914783.406|0.000|0.000|25931149312|35635646464|sim_data_501796ab98789225|__AUTOMETRIC__
__AUTOMETRIC__|0.1.2|2588207|crew_log_f2d067066ae031d2|0|1786914784.408|0.000|0.000|25931149312|35635646464|sim_data_501796ab98789225|__AUTOMETRIC__
__AUTOMETRIC__|0.1.2|2588207|crew_log_f2d067066ae031d2|0|1786914785.409|0.999|0.031|25931149312|35635646464|sim_data_501796ab98789225|__AUTOMETRIC__
__AUTOMETRIC__|0.1.2|2588207|crew_log_f2d067066ae031d2|0|1786914786.570|20.682|0.646|25931149312|35635646464|sim_data_501796ab98789225|__AUTOMETRIC__
__AUTOMETRIC__|0.1.2|2588207|crew_log_f2d067066ae031d2|0|1786914787.665|43.830|1.370|25931149312|35635646464|sim_data_501796ab98789225|__AUTOMETRIC__
__AUTOMETRIC__|0.1.2|2588207|crew_log_f2d067066ae031d2|0|1786914788.666|1.997|0.062|25931149312|35635646464|sim_data_501796ab98789225|__AUTOMETRIC__
__AUTOMETRIC__|0.1.2|2588207|crew_log_f2d067066ae031d2|0|1786914789.668|0.999|0.031|25931149312|35635646464|sim_data_501796ab98789225|__AUTOMETRIC__
__AUTOMETRIC__|0.1.2|2588207|crew_log_f2d067066ae031d2|0|1786914790.669|0.999|0.031|25931149312|35635646464|sim_data_501796ab98789225|__AUTOMETRIC__
__AUTOMETRIC__|0.1.2|2588207|crew_log_f2d067066ae031d2|0|1786914791.670|22.971|0.718|25931149312|35635646464|sim_data_501796ab98789225|__AUTOMETRIC__
__AUTOMETRIC__|0.1.2|2588207|crew_log_f2d067066ae031d2|0|1786914792.672|2.996|0.094|25931149312|35635646464|sim_data_501796ab98789225|__AUTOMETRIC__
__AUTOMETRIC__|0.1.2|2588207|crew_log_f2d067066ae031d2|0|1786914793.673|0.999|0.031|25931149312|35635646464|sim_data_501796ab98789225|__AUTOMETRIC__
__AUTOMETRIC__|0.1.2|2588207|crew_log_f2d067066ae031d2|0|1786914794.675|0.998|0.031|25931149312|35635646464|sim_data_501796ab98789225|__AUTOMETRIC__
__AUTOMETRIC__|0.1.2|2588207|crew_log_f2d067066ae031d2|0|1786914795.676|23.971|0.749|25931149312|35635646464|sim_data_501796ab98789225|__AUTOMETRIC__
__AUTOMETRIC__|0.1.2|2588207|crew_log_f2d067066ae031d2|0|1786914796.678|1.997|0.062|25931149312|35635646464|sim_data_501796ab98789225|__AUTOMETRIC__
__AUTOMETRIC__|0.1.2|2588207|crew_log_f2d067066ae031d2|0|1786914797.679|1.997|0.062|25931149312|35635646464|sim_data_501796ab98789225|__AUTOMETRIC__
__AUTOMETRIC__|0.1.2|2588207|crew_log_f2d067066ae031d2|0|1786914798.681|0.999|0.031|25931149312|35635646464|sim_data_501796ab98789225|__AUTOMETRIC__
__AUTOMETRIC__|0.1.2|2588207|crew_log_f2d067066ae031d2|0|1786914799.682|23.967|0.749|25931149312|35635646464|sim_data_501796ab98789225|__AUTOMETRIC__
__AUTOMETRIC__|0.1.2|2588207|crew_log_f2d067066ae031d2|0|1786914800.684|1.997|0.062|25931149312|35635646464|sim_data_501796ab98789225|__AUTOMETRIC__
__AUTOMETRIC__|0.1.2|2588207|crew_log_f2d067066ae031d2|0|1786914801.685|0.999|0.031|25931149312|35635646464|sim_data_501796ab98789225|__AUTOMETRIC__
__AUTOMETRIC__|0.1.2|2588207|crew_log_f2d067066ae031d2|0|1786914802.686|1.997|0.062|25931149312|35635646464|sim_data_501796ab98789225|__AUTOMETRIC__
__AUTOMETRIC__|0.1.2|2588207|crew_log_f2d067066ae031d2|0|1786914803.688|36.952|1.155|25931149312|35635646464|sim_data_501796ab98789225|__AUTOMETRIC__
__AUTOMETRIC__|0.1.2|2588207|crew_log_f2d067066ae031d2|0|1786914804.689|95.828|2.995|25931149312|35635646464|sim_data_501796ab98789225|__AUTOMETRIC__
__AUTOMETRIC__|0.1.2|2588207|crew_log_f2d067066ae031d2|0|1786914805.691|98.878|3.090|25931149312|35635646464|sim_data_501796ab98789225|__AUTOMETRIC__
__AUTOMETRIC__|0.1.2|2588207|crew_log_f2d067066ae031d2|0|1786914806.692|212.743|6.648|25931149312|35635646464|sim_data_501796ab98789225|__AUTOMETRIC__
__AUTOMETRIC__|0.1.2|2588207|crew_log_f2d067066ae031d2|0|1786914807.693|630.106|19.691|25940586496|35645120512|sim_data_501796ab98789225|__AUTOMETRIC__
__AUTOMETRIC__|0.1.2|2588207|crew_log_f2d067066ae031d2|0|1786914808.695|98.867|3.090|25940586496|35645120512|sim_data_501796ab98789225|__AUTOMETRIC__
__AUTOMETRIC__|0.1.2|2588207|crew_log_f2d067066ae031d2|0|1786914809.696|131.827|4.120|25940586496|35645120512|sim_data_501796ab98789225|__AUTOMETRIC__
__AUTOMETRIC__|0.1.2|2588207|crew_log_f2d067066ae031d2|0|1786914810.697|66.927|2.091|25940586496|35645120512|sim_data_501796ab98789225|__AUTOMETRIC__
__AUTOMETRIC__|0.1.2|2588207|crew_log_f2d067066ae031d2|0|1786914811.698|23.969|0.749|25940586496|35645120512|sim_data_501796ab98789225|__AUTOMETRIC__
__AUTOMETRIC__|0.1.2|2588207|crew_log_f2d067066ae031d2|0|1786914812.700|46.932|1.467|25940586496|35645120512|sim_data_501796ab98789225|__AUTOMETRIC__
__AUTOMETRIC__|0.1.2|2588207|crew_log_f2d067066ae031d2|0|1786914813.701|0.000|0.000|25940586496|35645120512|sim_data_501796ab98789225|__AUTOMETRIC__
__AUTOMETRIC__|0.1.2|2588207|crew_log_f2d067066ae031d2|0|1786914814.703|0.998|0.031|25940586496|35645120512|sim_data_501796ab98789225|__AUTOMETRIC__
__AUTOMETRIC__|0.1.2|2588207|crew_log_f2d067066ae031d2|0|1786914815.704|0.999|0.031|25940586496|35645120512|sim_data_501796ab98789225|__AUTOMETRIC__
__AUTOMETRIC__|0.1.2|2588207|crew_log_f2d067066ae031d2|0|1786914816.706|0.000|0.000|25940586496|35645120512|sim_data_501796ab98789225|__AUTOMETRIC__
__AUTOMETRIC__|0.1.2|2588207|crew_log_f2d067066ae031d2|0|1786914817.707|0.000|0.000|25940586496|35645120512|sim_data_501796ab98789225|__AUTOMETRIC__
__AUTOMETRIC__|0.1.2|2588207|crew_log_f2d067066ae031d2|0|1786914818.708|0.000|0.000|25940586496|35645120512|sim_data_501796ab98789225|__AUTOMETRIC__
__AUTOMETRIC__|0.1.2|2588207|crew_log_f2d067066ae031d2|0|1786914819.710|0.999|0.031|25940586496|35645120512|sim_data_501796ab98789225|__AUTOMETRIC__
__AUTOMETRIC__|0.1.2|2588207|crew_log_f2d067066ae031d2|0|1786914820.711|0.000|0.000|25940586496|35645120512|sim_data_501796ab98789225|__AUTOMETRIC__
__AUTOMETRIC__|0.1.2|2588207|crew_log_f2d067066ae031d2|0|1786914821.712|0.000|0.000|25940586496|35645120512|sim_data_501796ab98789225|__AUTOMETRIC__
__AUTOMETRIC__|0.1.2|2588207|crew_log_f2d067066ae031d2|0|1786914822.714|0.999|0.031|25940586496|35645120512|sim_data_501796ab98789225|__AUTOMETRIC__
__AUTOMETRIC__|0.1.2|2588207|crew_log_f2d067066ae031d2|0|1786914823.715|0.000|0.000|25940586496|35645120512|sim_data_501796ab98789225|__AUTOMETRIC__
__AUTOMETRIC__|0.1.2|2588207|crew_log_f2d067066ae031d2|0|1786914824.717|0.000|0.000|25940586496|35645120512|sim_data_501796ab98789225|__AUTOMETRIC__
__AUTOMETRIC__|0.1.2|2588207|crew_log_f2d067066ae031d2|0|1786914825.718|0.999|0.031|25940586496|35645120512|sim_data_501796ab98789225|__AUTOMETRIC__
__AUTOMETRIC__|0.1.2|2588207|crew_log_f2d067066ae031d2|0|1786914826.719|0.000|0.000|25940586496|35645120512|sim_data_501796ab98789225|__AUTOMETRIC__
__AUTOMETRIC__|0.1.2|2588207|crew_log_f2d067066ae031d2|0|1786914827.721|0.000|0.000|25940586496|35645120512|sim_data_501796ab98789225|__AUTOMETRIC__
__AUTOMETRIC__|0.1.2|2588207|crew_log_f2d067066ae031d2|0|1786914828.722|0.000|0.000|25940586496|35645120512|sim_data_501796ab98789225|__AUTOMETRIC__
__AUTOMETRIC__|0.1.2|2588207|crew_log_f2d067066ae031d2|0|1786914829.723|0.999|0.031|25940586496|35645120512|sim_data_501796ab98789225|__AUTOMETRIC__
__AUTOMETRIC__|0.1.2|2588207|crew_log_f2d067066ae031d2|0|1786914830.725|0.000|0.000|25940586496|35645120512|sim_data_501796ab98789225|__AUTOMETRIC__
__AUTOMETRIC__|0.1.2|2588207|crew_log_f2d067066ae031d2|0|1786914831.726|0.999|0.031|25940586496|35645120512|sim_data_501796ab98789225|__AUTOMETRIC__
__AUTOMETRIC__|0.1.2|2588207|crew_log_f2d067066ae031d2|0|1786914832.727|0.000|0.000|25940586496|35645120512|sim_data_501796ab98789225|__AUTOMETRIC__
__AUTOMETRIC__|0.1.2|2588207|crew_log_f2d067066ae031d2|0|1786914833.729|28.955|0.905|25940586496|35645120512|sim_data_501796ab98789225|__AUTOMETRIC__
__AUTOMETRIC__|0.1.2|2588207|crew_log_f2d067066ae031d2|0|1786914834.731|48.918|1.529|25940586496|35645120512|sim_data_501796ab98789225|__AUTOMETRIC__
__AUTOMETRIC__|0.1.2|2588207|crew_log_f2d067066ae031d2|0|1786914835.732|0.999|0.031|25940586496|35645120512|sim_data_501796ab98789225|__AUTOMETRIC__
__AUTOMETRIC__|0.1.2|2588207|crew_log_f2d067066ae031d2|0|1786914836.733|0.999|0.031|25940586496|35645120512|sim_data_501796ab98789225|__AUTOMETRIC__
__AUTOMETRIC__|0.1.2|2588207|crew_log_f2d067066ae031d2|0|1786914837.735|0.999|0.031|25940586496|35645120512|sim_data_501796ab98789225|__AUTOMETRIC__
__AUTOMETRIC__|0.1.2|2588207|crew_log_f2d067066ae031d2|0|1786914838.736|24.969|0.780|25940586496|35645120512|sim_data_501796ab98789225|__AUTOMETRIC__
__AUTOMETRIC__|0.1.2|2588207|crew_log_f2d067066ae031d2|0|1786914839.737|0.999|0.031|25940586496|35645120512|sim_data_501796ab98789225|__AUTOMETRIC__
__AUTOMETRIC__|0.1.2|2588207|crew_log_f2d067066ae031d2|0|1786914840.739|0.999|0.031|25940586496|35645120512|sim_data_501796ab98789225|__AUTOMETRIC__
__AUTOMETRIC__|0.1.2|2588207|crew_log_f2d067066ae031d2|0|1786914841.838|21.837|0.682|25940586496|35645120512|sim_data_501796ab98789225|__AUTOMETRIC__
__AUTOMETRIC__|0.1.2|2588207|crew_log_f2d067066ae031d2|0|1786914842.839|1.997|0.062|25940586496|35645120512|sim_data_501796ab98789225|__AUTOMETRIC__
__AUTOMETRIC__|0.1.2|2588207|crew_log_f2d067066ae031d2|0|1786914843.841|1.996|0.062|25940586496|35645120512|sim_data_501796ab98789225|__AUTOMETRIC__
__AUTOMETRIC__|0.1.2|2588207|crew_log_f2d067066ae031d2|0|1786914844.843|0.998|0.031|25940586496|35645120512|sim_data_501796ab98789225|__AUTOMETRIC__
__AUTOMETRIC__|0.1.2|2588207|crew_log_f2d067066ae031d2|0|1786914845.844|24.968|0.780|25940586496|35645120512|sim_data_501796ab98789225|__AUTOMETRIC__
__AUTOMETRIC__|0.1.2|2588207|crew_log_f2d067066ae031d2|0|1786914846.845|0.999|0.031|25940586496|35645120512|sim_data_501796ab98789225|__AUTOMETRIC__
__AUTOMETRIC__|0.1.2|2588207|crew_log_f2d067066ae031d2|0|1786914847.847|0.999|0.031|25940586496|35645120512|sim_data_501796ab98789225|__AUTOMETRIC__
__AUTOMETRIC__|0.1.2|2588207|crew_log_f2d067066ae031d2|0|1786914848.848|18.972|0.593|25940586496|35645120512|sim_data_501796ab98789225|__AUTOMETRIC__
__AUTOMETRIC__|0.1.2|2588207|crew_log_f2d067066ae031d2|0|1786914849.849|88.884|2.778|25940586496|35645120512|sim_data_501796ab98789225|__AUTOMETRIC__
__AUTOMETRIC__|0.1.2|2588207|crew_log_f2d067066ae031d2|0|1786914850.851|100.862|3.152|25940586496|35645120512|sim_data_501796ab98789225|__AUTOMETRIC__
__AUTOMETRIC__|0.1.2|2588207|crew_log_f2d067066ae031d2|0|1786914851.853|98.820|3.088|25940586496|35645120512|sim_data_501796ab98789225|__AUTOMETRIC__
__AUTOMETRIC__|0.1.2|2588207|crew_log_f2d067066ae031d2|0|1786914852.854|619.943|19.373|25951334400|35655974912|sim_data_501796ab98789225|__AUTOMETRIC__
__AUTOMETRIC__|0.1.2|2588207|crew_log_f2d067066ae031d2|0|1786914853.856|280.572|8.768|25951334400|35655974912|sim_data_501796ab98789225|__AUTOMETRIC__
__AUTOMETRIC__|0.1.2|2588207|crew_log_f2d067066ae031d2|0|1786914854.858|130.722|4.085|25951334400|35655974912|sim_data_501796ab98789225|__AUTOMETRIC__
__AUTOMETRIC__|0.1.2|2588207|crew_log_f2d067066ae031d2|0|1786914855.913|99.512|3.110|25951334400|35655974912|sim_data_501796ab98789225|__AUTOMETRIC__
__AUTOMETRIC__|0.1.2|2588207|crew_log_f2d067066ae031d2|0|1786914857.061|20.902|0.653|25951334400|35655974912|sim_data_501796ab98789225|__AUTOMETRIC__
__AUTOMETRIC__|0.1.2|2588207|crew_log_f2d067066ae031d2|0|1786914858.179|42.958|1.342|25951334400|35655974912|sim_data_501796ab98789225|__AUTOMETRIC__
__AUTOMETRIC__|0.1.2|2588207|crew_log_f2d067066ae031d2|0|1786914859.180|0.000|0.000|25951334400|35655974912|sim_data_501796ab98789225|__AUTOMETRIC__
__AUTOMETRIC__|0.1.2|2588207|crew_log_f2d067066ae031d2|0|1786914860.181|0.999|0.031|25951334400|35655974912|sim_data_501796ab98789225|__AUTOMETRIC__
__AUTOMETRIC__|0.1.2|2588207|crew_log_f2d067066ae031d2|0|1786914861.183|0.000|0.000|25951334400|35655974912|sim_data_501796ab98789225|__AUTOMETRIC__
__AUTOMETRIC__|0.1.2|2588207|crew_log_f2d067066ae031d2|0|1786914862.185|0.000|0.000|25951334400|35655974912|sim_data_501796ab98789225|__AUTOMETRIC__
__AUTOMETRIC__|0.1.2|2588207|crew_log_f2d067066ae031d2|0|1786914863.188|0.000|0.000|25951334400|35655974912|sim_data_501796ab98789225|__AUTOMETRIC__
__AUTOMETRIC__|0.1.2|2588207|crew_log_f2d067066ae031d2|0|1786914864.190|0.999|0.031|25951334400|35655974912|sim_data_501796ab98789225|__AUTOMETRIC__
__AUTOMETRIC__|0.1.2|2588207|crew_log_f2d067066ae031d2|0|1786914865.191|0.000|0.000|25951334400|35655974912|sim_data_501796ab98789225|__AUTOMETRIC__
__AUTOMETRIC__|0.1.2|2588207|crew_log_f2d067066ae031d2|0|1786914866.193|0.000|0.000|25951334400|35655974912|sim_data_501796ab98789225|__AUTOMETRIC__
__AUTOMETRIC__|0.1.2|2588207|crew_log_f2d067066ae031d2|0|1786914867.194|0.000|0.000|25951334400|35655974912|sim_data_501796ab98789225|__AUTOMETRIC__
__AUTOMETRIC__|0.1.2|2588207|crew_log_f2d067066ae031d2|0|1786914868.196|0.999|0.031|25951334400|35655974912|sim_data_501796ab98789225|__AUTOMETRIC__
__AUTOMETRIC__|0.1.2|2588207|crew_log_f2d067066ae031d2|0|1786914869.197|0.000|0.000|25951334400|35655974912|sim_data_501796ab98789225|__AUTOMETRIC__
__AUTOMETRIC__|0.1.2|2588207|crew_log_f2d067066ae031d2|0|1786914870.198|0.000|0.000|25951334400|35655974912|sim_data_501796ab98789225|__AUTOMETRIC__
__AUTOMETRIC__|0.1.2|2588207|crew_log_f2d067066ae031d2|0|1786914871.200|0.000|0.000|25951334400|35655974912|sim_data_501796ab98789225|__AUTOMETRIC__
__AUTOMETRIC__|0.1.2|2588207|crew_log_f2d067066ae031d2|0|1786914872.204|1.992|0.062|25951334400|35655974912|sim_data_501796ab98789225|__AUTOMETRIC__
__AUTOMETRIC__|0.1.2|2588207|crew_log_f2d067066ae031d2|0|1786914873.206|0.000|0.000|25951334400|35655974912|sim_data_501796ab98789225|__AUTOMETRIC__
__AUTOMETRIC__|0.1.2|2588207|crew_log_f2d067066ae031d2|0|1786914874.207|0.000|0.000|25951334400|35655974912|sim_data_501796ab98789225|__AUTOMETRIC__
__AUTOMETRIC__|0.1.2|2588207|crew_log_f2d067066ae031d2|0|1786914875.209|0.998|0.031|25951334400|35655974912|sim_data_501796ab98789225|__AUTOMETRIC__
__AUTOMETRIC__|0.1.2|2588207|crew_log_f2d067066ae031d2|0|1786914876.211|0.000|0.000|25951334400|35655974912|sim_data_501796ab98789225|__AUTOMETRIC__
__AUTOMETRIC__|0.1.2|2588207|crew_log_f2d067066ae031d2|0|1786914877.212|0.000|0.000|25951334400|35655974912|sim_data_501796ab98789225|__AUTOMETRIC__
__AUTOMETRIC__|0.1.2|2588207|crew_log_f2d067066ae031d2|0|1786914878.214|0.000|0.000|25951334400|35655974912|sim_data_501796ab98789225|__AUTOMETRIC__
__AUTOMETRIC__|0.1.2|2588207|crew_log_f2d067066ae031d2|0|1786914879.215|0.999|0.031|25951334400|35655974912|sim_data_501796ab98789225|__AUTOMETRIC__
__AUTOMETRIC__|0.1.2|2588207|crew_log_f2d067066ae031d2|0|1786914880.216|46.943|1.467|25951334400|35655974912|sim_data_501796ab98789225|__AUTOMETRIC__
__AUTOMETRIC__|0.1.2|2588207|crew_log_f2d067066ae031d2|0|1786914881.217|25.967|0.811|25951334400|35655974912|sim_data_501796ab98789225|__AUTOMETRIC__
__AUTOMETRIC__|0.1.2|2588207|crew_log_f2d067066ae031d2|0|1786914882.218|0.999|0.031|25951334400|35655974912|sim_data_501796ab98789225|__AUTOMETRIC__
__AUTOMETRIC__|0.1.2|2588207|crew_log_f2d067066ae031d2|0|1786914883.220|0.998|0.031|25951334400|35655974912|sim_data_501796ab98789225|__AUTOMETRIC__
__AUTOMETRIC__|0.1.2|2588207|crew_log_f2d067066ae031d2|0|1786914884.221|0.999|0.031|25951334400|35655974912|sim_data_501796ab98789225|__AUTOMETRIC__
__AUTOMETRIC__|0.1.2|2588207|crew_log_f2d067066ae031d2|0|1786914885.223|0.998|0.031|25951334400|35655974912|sim_data_501796ab98789225|__AUTOMETRIC__
__AUTOMETRIC__|0.1.2|2588207|crew_log_f2d067066ae031d2|0|1786914886.259|24.144|0.754|25951334400|35655974912|sim_data_501796ab98789225|__AUTOMETRIC__
__AUTOMETRIC__|0.1.2|2588207|crew_log_f2d067066ae031d2|0|1786914887.260|0.999|0.031|25951334400|35655974912|sim_data_501796ab98789225|__AUTOMETRIC__
__AUTOMETRIC__|0.1.2|2588207|crew_log_f2d067066ae031d2|0|1786914888.261|0.999|0.031|25951334400|35655974912|sim_data_501796ab98789225|__AUTOMETRIC__
__AUTOMETRIC__|0.1.2|2588207|crew_log_f2d067066ae031d2|0|1786914889.263|0.999|0.031|25951334400|35655974912|sim_data_501796ab98789225|__AUTOMETRIC__
__AUTOMETRIC__|0.1.2|2588207|crew_log_f2d067066ae031d2|0|1786914890.264|0.999|0.031|25951334400|35655974912|sim_data_501796ab98789225|__AUTOMETRIC__
__AUTOMETRIC__|0.1.2|2588207|crew_log_f2d067066ae031d2|0|1786914891.265|24.966|0.780|25951334400|35655974912|sim_data_501796ab98789225|__AUTOMETRIC__
__AUTOMETRIC__|0.1.2|2588207|crew_log_f2d067066ae031d2|0|1786914892.267|0.999|0.031|25951334400|35655974912|sim_data_501796ab98789225|__AUTOMETRIC__
__AUTOMETRIC__|0.1.2|2588207|crew_log_f2d067066ae031d2|0|1786914893.268|0.999|0.031|25951334400|35655974912|sim_data_501796ab98789225|__AUTOMETRIC__
__AUTOMETRIC__|0.1.2|2588207|crew_log_f2d067066ae031d2|0|1786914894.269|2.996|0.094|25951334400|35655974912|sim_data_501796ab98789225|__AUTOMETRIC__
__AUTOMETRIC__|0.1.2|2588207|crew_log_f2d067066ae031d2|0|1786914895.271|0.998|0.031|25951334400|35655974912|sim_data_501796ab98789225|__AUTOMETRIC__
__AUTOMETRIC__|0.1.2|2588207|crew_log_f2d067066ae031d2|0|1786914896.272|22.968|0.718|25951334400|35655974912|sim_data_501796ab98789225|__AUTOMETRIC__
__AUTOMETRIC__|0.1.2|2588207|crew_log_f2d067066ae031d2|0|1786914897.274|2.996|0.094|25951334400|35655974912|sim_data_501796ab98789225|__AUTOMETRIC__
__AUTOMETRIC__|0.1.2|2588207|crew_log_f2d067066ae031d2|0|1786914898.275|0.999|0.031|25951334400|35655974912|sim_data_501796ab98789225|__AUTOMETRIC__
__AUTOMETRIC__|0.1.2|2588207|crew_log_f2d067066ae031d2|0|1786914899.276|1.997|0.062|25951334400|35655974912|sim_data_501796ab98789225|__AUTOMETRIC__
__AUTOMETRIC__|0.1.2|2588207|crew_log_f2d067066ae031d2|0|1786914900.278|0.999|0.031|25951334400|35655974912|sim_data_501796ab98789225|__AUTOMETRIC__
__AUTOMETRIC__|0.1.2|2588207|crew_log_f2d067066ae031d2|0|1786914901.279|75.909|2.372|25951338496|35655974912|sim_data_501796ab98789225|__AUTOMETRIC__
__AUTOMETRIC__|0.1.2|2588207|crew_log_f2d067066ae031d2|0|1786914902.280|99.869|3.121|25951338496|35655974912|sim_data_501796ab98789225|__AUTOMETRIC__
__AUTOMETRIC__|0.1.2|2588207|crew_log_f2d067066ae031d2|0|1786914903.281|98.884|3.090|25951338496|35655974912|sim_data_501796ab98789225|__AUTOMETRIC__
__AUTOMETRIC__|0.1.2|2588207|crew_log_f2d067066ae031d2|0|1786914904.283|306.617|9.582|25951338496|35655974912|sim_data_501796ab98789225|__AUTOMETRIC__
__AUTOMETRIC__|0.1.2|2588207|crew_log_f2d067066ae031d2|0|1786914905.285|534.570|16.705|25951338496|35655974912|sim_data_501796ab98789225|__AUTOMETRIC__
__AUTOMETRIC__|0.1.2|2588207|crew_log_f2d067066ae031d2|0|1786914906.287|98.831|3.088|25951338496|35655974912|sim_data_501796ab98789225|__AUTOMETRIC__
__AUTOMETRIC__|0.1.2|2588207|crew_log_f2d067066ae031d2|0|1786914907.289|132.789|4.150|25951338496|35655974912|sim_data_501796ab98789225|__AUTOMETRIC__
__AUTOMETRIC__|0.1.2|2588207|crew_log_f2d067066ae031d2|0|1786914908.290|53.931|1.685|25951338496|35655974912|sim_data_501796ab98789225|__AUTOMETRIC__
__AUTOMETRIC__|0.1.2|2588207|crew_log_f2d067066ae031d2|0|1786914909.296|23.852|0.745|25951338496|35655974912|sim_data_501796ab98789225|__AUTOMETRIC__
__AUTOMETRIC__|0.1.2|2588207|crew_log_f2d067066ae031d2|0|1786914910.299|47.864|1.496|25951338496|35655974912|sim_data_501796ab98789225|__AUTOMETRIC__
__AUTOMETRIC__|0.1.2|2588207|crew_log_f2d067066ae031d2|0|1786914911.301|0.998|0.031|25951338496|35655974912|sim_data_501796ab98789225|__AUTOMETRIC__
__AUTOMETRIC__|0.1.2|2588207|crew_log_f2d067066ae031d2|0|1786914912.302|0.000|0.000|25951338496|35655974912|sim_data_501796ab98789225|__AUTOMETRIC__
__AUTOMETRIC__|0.1.2|2588207|crew_log_f2d067066ae031d2|0|1786914913.304|0.999|0.031|25951338496|35655974912|sim_data_501796ab98789225|__AUTOMETRIC__
__AUTOMETRIC__|0.1.2|2588207|crew_log_f2d067066ae031d2|0|1786914914.305|0.000|0.000|25951338496|35655974912|sim_data_501796ab98789225|__AUTOMETRIC__
__AUTOMETRIC__|0.1.2|2588207|crew_log_f2d067066ae031d2|0|1786914915.307|0.000|0.000|25951338496|35655974912|sim_data_501796ab98789225|__AUTOMETRIC__
__AUTOMETRIC__|0.1.2|2588207|crew_log_f2d067066ae031d2|0|1786914916.308|0.000|0.000|25951338496|35655974912|sim_data_501796ab98789225|__AUTOMETRIC__
__AUTOMETRIC__|0.1.2|2588207|crew_log_f2d067066ae031d2|0|1786914917.309|0.000|0.000|25951338496|35655974912|sim_data_501796ab98789225|__AUTOMETRIC__
__AUTOMETRIC__|0.1.2|2588207|crew_log_f2d067066ae031d2|0|1786914918.311|0.000|0.000|25951338496|35655974912|sim_data_501796ab98789225|__AUTOMETRIC__
__AUTOMETRIC__|0.1.2|2588207|crew_log_f2d067066ae031d2|0|1786914919.312|1.997|0.062|25951338496|35655974912|sim_data_501796ab98789225|__AUTOMETRIC__
__AUTOMETRIC__|0.1.2|2588207|crew_log_f2d067066ae031d2|0|1786914920.313|0.000|0.000|25951338496|35655974912|sim_data_501796ab98789225|__AUTOMETRIC__
__AUTOMETRIC__|0.1.2|2588207|crew_log_f2d067066ae031d2|0|1786914921.315|0.000|0.000|25951338496|35655974912|sim_data_501796ab98789225|__AUTOMETRIC__
__AUTOMETRIC__|0.1.2|2588207|crew_log_f2d067066ae031d2|0|1786914922.316|0.999|0.031|25951338496|35655974912|sim_data_501796ab98789225|__AUTOMETRIC__
__AUTOMETRIC__|0.1.2|2588207|crew_log_f2d067066ae031d2|0|1786914923.317|0.000|0.000|25951338496|35655974912|sim_data_501796ab98789225|__AUTOMETRIC__
__AUTOMETRIC__|0.1.2|2588207|crew_log_f2d067066ae031d2|0|1786914924.319|0.000|0.000|25951338496|35655974912|sim_data_501796ab98789225|__AUTOMETRIC__
__AUTOMETRIC__|0.1.2|2588207|crew_log_f2d067066ae031d2|0|1786914925.321|0.998|0.031|25951338496|35655974912|sim_data_501796ab98789225|__AUTOMETRIC__
__AUTOMETRIC__|0.1.2|2588207|crew_log_f2d067066ae031d2|0|1786914926.323|0.000|0.000|25951338496|35655974912|sim_data_501796ab98789225|__AUTOMETRIC__
__AUTOMETRIC__|0.1.2|2588207|crew_log_f2d067066ae031d2|0|1786914927.324|0.000|0.000|25951338496|35655974912|sim_data_501796ab98789225|__AUTOMETRIC__
__AUTOMETRIC__|0.1.2|2588207|crew_log_f2d067066ae031d2|0|1786914928.325|0.000|0.000|25951338496|35655974912|sim_data_501796ab98789225|__AUTOMETRIC__
__AUTOMETRIC__|0.1.2|2588207|crew_log_f2d067066ae031d2|0|1786914929.327|0.999|0.031|25951338496|35655974912|sim_data_501796ab98789225|__AUTOMETRIC__
__AUTOMETRIC__|0.1.2|2588207|crew_log_f2d067066ae031d2|0|1786914930.328|0.000|0.000|25951338496|35655974912|sim_data_501796ab98789225|__AUTOMETRIC__
__AUTOMETRIC__|0.1.2|2588207|crew_log_f2d067066ae031d2|0|1786914931.499|40.978|1.281|25951338496|35655974912|sim_data_501796ab98789225|__AUTOMETRIC__
__AUTOMETRIC__|0.1.2|2588207|crew_log_f2d067066ae031d2|0|1786914932.501|25.965|0.811|25951338496|35655974912|sim_data_501796ab98789225|__AUTOMETRIC__
__AUTOMETRIC__|0.1.2|2588207|crew_log_f2d067066ae031d2|0|1786914933.502|0.999|0.031|25951338496|35655974912|sim_data_501796ab98789225|__AUTOMETRIC__
__AUTOMETRIC__|0.1.2|2588207|crew_log_f2d067066ae031d2|0|1786914934.503|0.999|0.031|25951338496|35655974912|sim_data_501796ab98789225|__AUTOMETRIC__
__AUTOMETRIC__|0.1.2|2588207|crew_log_f2d067066ae031d2|0|1786914935.505|0.999|0.031|25951338496|35655974912|sim_data_501796ab98789225|__AUTOMETRIC__
__AUTOMETRIC__|0.1.2|2588207|crew_log_f2d067066ae031d2|0|1786914936.506|24.969|0.780|25951338496|35655974912|sim_data_501796ab98789225|__AUTOMETRIC__
__AUTOMETRIC__|0.1.2|2588207|crew_log_f2d067066ae031d2|0|1786914937.507|0.999|0.031|25951338496|35655974912|sim_data_501796ab98789225|__AUTOMETRIC__
__AUTOMETRIC__|0.1.2|2588207|crew_log_f2d067066ae031d2|0|1786914938.508|0.999|0.031|25951338496|35655974912|sim_data_501796ab98789225|__AUTOMETRIC__
__AUTOMETRIC__|0.1.2|2588207|crew_log_f2d067066ae031d2|0|1786914939.510|23.964|0.749|25951338496|35655974912|sim_data_501796ab98789225|__AUTOMETRIC__
__AUTOMETRIC__|0.1.2|2588207|crew_log_f2d067066ae031d2|0|1786914940.511|1.997|0.062|25951338496|35655974912|sim_data_501796ab98789225|__AUTOMETRIC__
__AUTOMETRIC__|0.1.2|2588207|crew_log_f2d067066ae031d2|0|1786914941.512|0.999|0.031|25951338496|35655974912|sim_data_501796ab98789225|__AUTOMETRIC__
__AUTOMETRIC__|0.1.2|2588207|crew_log_f2d067066ae031d2|0|1786914942.514|1.997|0.062|25951338496|35655974912|sim_data_501796ab98789225|__AUTOMETRIC__
__AUTOMETRIC__|0.1.2|2588207|crew_log_f2d067066ae031d2|0|1786914943.515|0.999|0.031|25951338496|35655974912|sim_data_501796ab98789225|__AUTOMETRIC__
__AUTOMETRIC__|0.1.2|2588207|crew_log_f2d067066ae031d2|0|1786914944.517|23.967|0.749|25951338496|35655974912|sim_data_501796ab98789225|__AUTOMETRIC__
__AUTOMETRIC__|0.1.2|2588207|crew_log_f2d067066ae031d2|0|1786914945.519|0.998|0.031|25951338496|35655974912|sim_data_501796ab98789225|__AUTOMETRIC__
__AUTOMETRIC__|0.1.2|2588207|crew_log_f2d067066ae031d2|0|1786914946.520|1.998|0.062|25951338496|35655974912|sim_data_501796ab98789225|__AUTOMETRIC__
__AUTOMETRIC__|0.1.2|2588207|crew_log_f2d067066ae031d2|0|1786914947.521|40.948|1.280|25951338496|35655974912|sim_data_501796ab98789225|__AUTOMETRIC__
__AUTOMETRIC__|0.1.2|2588207|crew_log_f2d067066ae031d2|0|1786914948.523|95.879|2.996|25951338496|35655974912|sim_data_501796ab98789225|__AUTOMETRIC__
__AUTOMETRIC__|0.1.2|2588207|crew_log_f2d067066ae031d2|0|1786914949.524|99.882|3.121|25951338496|35655974912|sim_data_501796ab98789225|__AUTOMETRIC__
__AUTOMETRIC__|0.1.2|2588207|crew_log_f2d067066ae031d2|0|1786914950.525|233.695|7.303|25951338496|35655974912|sim_data_501796ab98789225|__AUTOMETRIC__
__AUTOMETRIC__|0.1.2|2588207|crew_log_f2d067066ae031d2|0|1786914951.526|657.179|20.537|25966280704|35670917120|sim_data_501796ab98789225|__AUTOMETRIC__
__AUTOMETRIC__|0.1.2|2588207|crew_log_f2d067066ae031d2|0|1786914952.528|98.884|3.090|25966280704|35670917120|sim_data_501796ab98789225|__AUTOMETRIC__
__AUTOMETRIC__|0.1.2|2588207|crew_log_f2d067066ae031d2|0|1786914953.529|131.816|4.119|25966280704|35670917120|sim_data_501796ab98789225|__AUTOMETRIC__
__AUTOMETRIC__|0.1.2|2588207|crew_log_f2d067066ae031d2|0|1786914954.530|68.915|2.154|25966280704|35670917120|sim_data_501796ab98789225|__AUTOMETRIC__
__AUTOMETRIC__|0.1.2|2588207|crew_log_f2d067066ae031d2|0|1786914955.552|26.432|0.826|25966280704|35670917120|sim_data_501796ab98789225|__AUTOMETRIC__
__AUTOMETRIC__|0.1.2|2588207|crew_log_f2d067066ae031d2|0|1786914956.553|28.958|0.905|25966280704|35670917120|sim_data_501796ab98789225|__AUTOMETRIC__
__AUTOMETRIC__|0.1.2|2588207|crew_log_f2d067066ae031d2|0|1786914957.554|27.967|0.874|25966280704|35670917120|sim_data_501796ab98789225|__AUTOMETRIC__
__AUTOMETRIC__|0.1.2|2588207|crew_log_f2d067066ae031d2|0|1786914958.556|0.999|0.031|25966280704|35670917120|sim_data_501796ab98789225|__AUTOMETRIC__
__AUTOMETRIC__|0.1.2|2588207|crew_log_f2d067066ae031d2|0|1786914959.557|0.000|0.000|25966280704|35670917120|sim_data_501796ab98789225|__AUTOMETRIC__
__AUTOMETRIC__|0.1.2|2588207|crew_log_f2d067066ae031d2|0|1786914960.559|0.999|0.031|25966280704|35670917120|sim_data_501796ab98789225|__AUTOMETRIC__
__AUTOMETRIC__|0.1.2|2588207|crew_log_f2d067066ae031d2|0|1786914961.560|0.000|0.000|25966280704|35670917120|sim_data_501796ab98789225|__AUTOMETRIC__
__AUTOMETRIC__|0.1.2|2588207|crew_log_f2d067066ae031d2|0|1786914962.561|0.000|0.000|25966280704|35670917120|sim_data_501796ab98789225|__AUTOMETRIC__
__AUTOMETRIC__|0.1.2|2588207|crew_log_f2d067066ae031d2|0|1786914963.562|0.999|0.031|25966280704|35670917120|sim_data_501796ab98789225|__AUTOMETRIC__
__AUTOMETRIC__|0.1.2|2588207|crew_log_f2d067066ae031d2|0|1786914964.564|0.000|0.000|25966280704|35670917120|sim_data_501796ab98789225|__AUTOMETRIC__
__AUTOMETRIC__|0.1.2|2588207|crew_log_f2d067066ae031d2|0|1786914965.565|0.000|0.000|25966280704|35670917120|sim_data_501796ab98789225|__AUTOMETRIC__
__AUTOMETRIC__|0.1.2|2588207|crew_log_f2d067066ae031d2|0|1786914966.567|0.000|0.000|25966280704|35670917120|sim_data_501796ab98789225|__AUTOMETRIC__
__AUTOMETRIC__|0.1.2|2588207|crew_log_f2d067066ae031d2|0|1786914967.568|0.999|0.031|25966280704|35670917120|sim_data_501796ab98789225|__AUTOMETRIC__
__AUTOMETRIC__|0.1.2|2588207|crew_log_f2d067066ae031d2|0|1786914968.570|0.000|0.000|25966280704|35670917120|sim_data_501796ab98789225|__AUTOMETRIC__
__AUTOMETRIC__|0.1.2|2588207|crew_log_f2d067066ae031d2|0|1786914969.571|0.000|0.000|25966280704|35670917120|sim_data_501796ab98789225|__AUTOMETRIC__
__AUTOMETRIC__|0.1.2|2588207|crew_log_f2d067066ae031d2|0|1786914970.572|0.000|0.000|25966280704|35670917120|sim_data_501796ab98789225|__AUTOMETRIC__
__AUTOMETRIC__|0.1.2|2588207|crew_log_f2d067066ae031d2|0|1786914971.574|0.998|0.031|25966280704|35670917120|sim_data_501796ab98789225|__AUTOMETRIC__
__AUTOMETRIC__|0.1.2|2588207|crew_log_f2d067066ae031d2|0|1786914972.575|0.000|0.000|25966280704|35670917120|sim_data_501796ab98789225|__AUTOMETRIC__
__AUTOMETRIC__|0.1.2|2588207|crew_log_f2d067066ae031d2|0|1786914973.576|0.000|0.000|25966280704|35670917120|sim_data_501796ab98789225|__AUTOMETRIC__
__AUTOMETRIC__|0.1.2|2588207|crew_log_f2d067066ae031d2|0|1786914974.578|0.999|0.031|25966280704|35670917120|sim_data_501796ab98789225|__AUTOMETRIC__
__AUTOMETRIC__|0.1.2|2588207|crew_log_f2d067066ae031d2|0|1786914975.580|0.000|0.000|25966280704|35670917120|sim_data_501796ab98789225|__AUTOMETRIC__
__AUTOMETRIC__|0.1.2|2588207|crew_log_f2d067066ae031d2|0|1786914976.581|0.999|0.031|25966280704|35670917120|sim_data_501796ab98789225|__AUTOMETRIC__
__AUTOMETRIC__|0.1.2|2588207|crew_log_f2d067066ae031d2|0|1786914977.582|0.000|0.000|25966280704|35670917120|sim_data_501796ab98789225|__AUTOMETRIC__
__AUTOMETRIC__|0.1.2|2588207|crew_log_f2d067066ae031d2|0|1786914978.731|41.777|1.306|25966280704|35670917120|sim_data_501796ab98789225|__AUTOMETRIC__
__AUTOMETRIC__|0.1.2|2588207|crew_log_f2d067066ae031d2|0|1786914979.732|24.965|0.780|25966280704|35670917120|sim_data_501796ab98789225|__AUTOMETRIC__
__AUTOMETRIC__|0.1.2|2588207|crew_log_f2d067066ae031d2|0|1786914980.734|0.999|0.031|25966280704|35670917120|sim_data_501796ab98789225|__AUTOMETRIC__
__AUTOMETRIC__|0.1.2|2588207|crew_log_f2d067066ae031d2|0|1786914981.735|0.999|0.031|25966280704|35670917120|sim_data_501796ab98789225|__AUTOMETRIC__
__AUTOMETRIC__|0.1.2|2588207|crew_log_f2d067066ae031d2|0|1786914982.866|21.220|0.663|25966280704|35670917120|sim_data_501796ab98789225|__AUTOMETRIC__
__AUTOMETRIC__|0.1.2|2588207|crew_log_f2d067066ae031d2|0|1786914983.868|2.996|0.094|25966280704|35670917120|sim_data_501796ab98789225|__AUTOMETRIC__
__AUTOMETRIC__|0.1.2|2588207|crew_log_f2d067066ae031d2|0|1786914984.869|0.999|0.031|25966280704|35670917120|sim_data_501796ab98789225|__AUTOMETRIC__
__AUTOMETRIC__|0.1.2|2588207|crew_log_f2d067066ae031d2|0|1786914985.870|0.999|0.031|25966280704|35670917120|sim_data_501796ab98789225|__AUTOMETRIC__
__AUTOMETRIC__|0.1.2|2588207|crew_log_f2d067066ae031d2|0|1786914986.872|24.969|0.780|25966280704|35670917120|sim_data_501796ab98789225|__AUTOMETRIC__
__AUTOMETRIC__|0.1.2|2588207|crew_log_f2d067066ae031d2|0|1786914987.873|0.998|0.031|25966280704|35670917120|sim_data_501796ab98789225|__AUTOMETRIC__
__AUTOMETRIC__|0.1.2|2588207|crew_log_f2d067066ae031d2|0|1786914988.875|0.998|0.031|25966280704|35670917120|sim_data_501796ab98789225|__AUTOMETRIC__
__AUTOMETRIC__|0.1.2|2588207|crew_log_f2d067066ae031d2|0|1786914989.913|23.112|0.722|25966280704|35670917120|sim_data_501796ab98789225|__AUTOMETRIC__
__AUTOMETRIC__|0.1.2|2588207|crew_log_f2d067066ae031d2|0|1786914990.915|1.997|0.062|25966280704|35670917120|sim_data_501796ab98789225|__AUTOMETRIC__
__AUTOMETRIC__|0.1.2|2588207|crew_log_f2d067066ae031d2|0|1786914991.916|1.997|0.062|25966280704|35670917120|sim_data_501796ab98789225|__AUTOMETRIC__
__AUTOMETRIC__|0.1.2|2588207|crew_log_f2d067066ae031d2|0|1786914992.918|0.999|0.031|25966280704|35670917120|sim_data_501796ab98789225|__AUTOMETRIC__
__AUTOMETRIC__|0.1.2|2588207|crew_log_f2d067066ae031d2|0|1786914993.919|54.913|1.716|25966280704|35670917120|sim_data_501796ab98789225|__AUTOMETRIC__
__AUTOMETRIC__|0.1.2|2588207|crew_log_f2d067066ae031d2|0|1786914994.920|99.885|3.121|25966280704|35670917120|sim_data_501796ab98789225|__AUTOMETRIC__
__AUTOMETRIC__|0.1.2|2588207|crew_log_f2d067066ae031d2|0|1786914995.921|98.879|3.090|25966280704|35670917120|sim_data_501796ab98789225|__AUTOMETRIC__
__AUTOMETRIC__|0.1.2|2588207|crew_log_f2d067066ae031d2|0|1786914996.923|353.539|11.048|25966280704|35670917120|sim_data_501796ab98789225|__AUTOMETRIC__
__AUTOMETRIC__|0.1.2|2588207|crew_log_f2d067066ae031d2|0|1786914997.924|496.320|15.510|25966280704|35670917120|sim_data_501796ab98789225|__AUTOMETRIC__
__AUTOMETRIC__|0.1.2|2588207|crew_log_f2d067066ae031d2|0|1786914998.925|98.879|3.090|25966280704|35670917120|sim_data_501796ab98789225|__AUTOMETRIC__
__AUTOMETRIC__|0.1.2|2588207|crew_log_f2d067066ae031d2|0|1786914999.927|132.828|4.151|25966280704|35670917120|sim_data_501796ab98789225|__AUTOMETRIC__
__AUTOMETRIC__|0.1.2|2588207|crew_log_f2d067066ae031d2|0|1786915001.130|73.958|2.311|25966280704|35670917120|sim_data_501796ab98789225|__AUTOMETRIC__
__AUTOMETRIC__|0.1.2|2588207|crew_log_f2d067066ae031d2|0|1786915002.131|24.969|0.780|25966280704|35670917120|sim_data_501796ab98789225|__AUTOMETRIC__
__AUTOMETRIC__|0.1.2|2588207|crew_log_f2d067066ae031d2|0|1786915003.132|0.999|0.031|25966280704|35670917120|sim_data_501796ab98789225|__AUTOMETRIC__
__AUTOMETRIC__|0.1.2|2588207|crew_log_f2d067066ae031d2|0|1786915004.134|0.998|0.031|25966280704|35670917120|sim_data_501796ab98789225|__AUTOMETRIC__
__AUTOMETRIC__|0.1.2|2588207|crew_log_f2d067066ae031d2|0|1786915005.135|0.999|0.031|25966280704|35670917120|sim_data_501796ab98789225|__AUTOMETRIC__
__AUTOMETRIC__|0.1.2|2588207|crew_log_f2d067066ae031d2|0|1786915006.137|23.966|0.749|25966280704|35670917120|sim_data_501796ab98789225|__AUTOMETRIC__
__AUTOMETRIC__|0.1.2|2588207|crew_log_f2d067066ae031d2|0|1786915007.138|1.997|0.062|25966280704|35670917120|sim_data_501796ab98789225|__AUTOMETRIC__
__AUTOMETRIC__|0.1.2|2588207|crew_log_f2d067066ae031d2|0|1786915008.139|0.999|0.031|25966280704|35670917120|sim_data_501796ab98789225|__AUTOMETRIC__
__AUTOMETRIC__|0.1.2|2588207|crew_log_f2d067066ae031d2|0|1786915009.141|24.968|0.780|25966280704|35670917120|sim_data_501796ab98789225|__AUTOMETRIC__
__AUTOMETRIC__|0.1.2|2588207|crew_log_f2d067066ae031d2|0|1786915010.142|0.999|0.031|25966280704|35670917120|sim_data_501796ab98789225|__AUTOMETRIC__
__AUTOMETRIC__|0.1.2|2588207|crew_log_f2d067066ae031d2|0|1786915011.143|0.999|0.031|25966280704|35670917120|sim_data_501796ab98789225|__AUTOMETRIC__
__AUTOMETRIC__|0.1.2|2588207|crew_log_f2d067066ae031d2|0|1786915012.145|0.999|0.031|25966280704|35670917120|sim_data_501796ab98789225|__AUTOMETRIC__
__AUTOMETRIC__|0.1.2|2588207|crew_log_f2d067066ae031d2|0|1786915013.146|23.967|0.749|25966280704|35670917120|sim_data_501796ab98789225|__AUTOMETRIC__
__AUTOMETRIC__|0.1.2|2588207|crew_log_f2d067066ae031d2|0|1786915014.147|1.998|0.062|25966280704|35670917120|sim_data_501796ab98789225|__AUTOMETRIC__
__AUTOMETRIC__|0.1.2|2588207|crew_log_f2d067066ae031d2|0|1786915015.149|1.997|0.062|25966280704|35670917120|sim_data_501796ab98789225|__AUTOMETRIC__
__AUTOMETRIC__|0.1.2|2588207|crew_log_f2d067066ae031d2|0|1786915016.150|0.999|0.031|25966280704|35670917120|sim_data_501796ab98789225|__AUTOMETRIC__
__AUTOMETRIC__|0.1.2|2588207|crew_log_f2d067066ae031d2|0|1786915017.151|68.905|2.153|26023165952|35728064512|sim_data_501796ab98789225|__AUTOMETRIC__
__AUTOMETRIC__|0.1.2|2588207|crew_log_f2d067066ae031d2|0|1786915018.153|98.850|3.089|26024214528|35728998400|sim_data_501796ab98789225|__AUTOMETRIC__
__AUTOMETRIC__|0.1.2|2588207|crew_log_f2d067066ae031d2|0|1786915019.154|98.872|3.090|26024214528|35728998400|sim_data_501796ab98789225|__AUTOMETRIC__
__AUTOMETRIC__|0.1.2|2588207|crew_log_f2d067066ae031d2|0|1786915020.156|293.480|9.171|26024214528|35728998400|sim_data_501796ab98789225|__AUTOMETRIC__
__AUTOMETRIC__|0.1.2|2588207|crew_log_f2d067066ae031d2|0|1786915021.157|544.265|17.008|26024214528|35728998400|sim_data_501796ab98789225|__AUTOMETRIC__
__AUTOMETRIC__|0.1.2|2588207|crew_log_f2d067066ae031d2|0|1786915022.159|100.876|3.152|26024214528|35728998400|sim_data_501796ab98789225|__AUTOMETRIC__
__AUTOMETRIC__|0.1.2|2588207|crew_log_f2d067066ae031d2|0|1786915023.160|118.843|3.714|26024214528|35728998400|sim_data_501796ab98789225|__AUTOMETRIC__
__AUTOMETRIC__|0.1.2|2588207|crew_log_f2d067066ae031d2|0|1786915024.161|47.942|1.498|26024214528|35728998400|sim_data_501796ab98789225|__AUTOMETRIC__
__AUTOMETRIC__|0.1.2|2588207|crew_log_f2d067066ae031d2|0|1786915025.162|22.971|0.718|26024214528|35728998400|sim_data_501796ab98789225|__AUTOMETRIC__
__AUTOMETRIC__|0.1.2|2588207|crew_log_f2d067066ae031d2|0|1786915026.248|45.153|1.411|26024214528|35728998400|sim_data_501796ab98789225|__AUTOMETRIC__
__AUTOMETRIC__|0.1.2|2588207|crew_log_f2d067066ae031d2|0|1786915027.249|0.000|0.000|26024214528|35728998400|sim_data_501796ab98789225|__AUTOMETRIC__
__AUTOMETRIC__|0.1.2|2588207|crew_log_f2d067066ae031d2|0|1786915028.250|0.999|0.031|26024214528|35728998400|sim_data_501796ab98789225|__AUTOMETRIC__
__AUTOMETRIC__|0.1.2|2588207|crew_log_f2d067066ae031d2|0|1786915029.252|0.000|0.000|26024214528|35728998400|sim_data_501796ab98789225|__AUTOMETRIC__
__AUTOMETRIC__|0.1.2|2588207|crew_log_f2d067066ae031d2|0|1786915030.253|0.000|0.000|26024214528|35728998400|sim_data_501796ab98789225|__AUTOMETRIC__
__AUTOMETRIC__|0.1.2|2588207|crew_log_f2d067066ae031d2|0|1786915031.254|0.000|0.000|26024214528|35728998400|sim_data_501796ab98789225|__AUTOMETRIC__
__AUTOMETRIC__|0.1.2|2588207|crew_log_f2d067066ae031d2|0|1786915032.256|0.999|0.031|26024214528|35728998400|sim_data_501796ab98789225|__AUTOMETRIC__
__AUTOMETRIC__|0.1.2|2588207|crew_log_f2d067066ae031d2|0|1786915033.260|0.000|0.000|26024214528|35728998400|sim_data_501796ab98789225|__AUTOMETRIC__
__AUTOMETRIC__|0.1.2|2588207|crew_log_f2d067066ae031d2|0|1786915034.261|0.000|0.000|26024214528|35728998400|sim_data_501796ab98789225|__AUTOMETRIC__
__AUTOMETRIC__|0.1.2|2588207|crew_log_f2d067066ae031d2|0|1786915035.263|0.999|0.031|26024214528|35728998400|sim_data_501796ab98789225|__AUTOMETRIC__
__AUTOMETRIC__|0.1.2|2588207|crew_log_f2d067066ae031d2|0|1786915036.264|0.000|0.000|26024214528|35728998400|sim_data_501796ab98789225|__AUTOMETRIC__
__AUTOMETRIC__|0.1.2|2588207|crew_log_f2d067066ae031d2|0|1786915037.266|0.000|0.000|26024214528|35728998400|sim_data_501796ab98789225|__AUTOMETRIC__
__AUTOMETRIC__|0.1.2|2588207|crew_log_f2d067066ae031d2|0|1786915038.267|0.000|0.000|26024214528|35728998400|sim_data_501796ab98789225|__AUTOMETRIC__
__AUTOMETRIC__|0.1.2|2588207|crew_log_f2d067066ae031d2|0|1786915039.268|1.997|0.062|26024214528|35728998400|sim_data_501796ab98789225|__AUTOMETRIC__
__AUTOMETRIC__|0.1.2|2588207|crew_log_f2d067066ae031d2|0|1786915040.270|0.000|0.000|26024214528|35728998400|sim_data_501796ab98789225|__AUTOMETRIC__
__AUTOMETRIC__|0.1.2|2588207|crew_log_f2d067066ae031d2|0|1786915041.271|0.000|0.000|26024214528|35728998400|sim_data_501796ab98789225|__AUTOMETRIC__
__AUTOMETRIC__|0.1.2|2588207|crew_log_f2d067066ae031d2|0|1786915042.272|0.999|0.031|26024214528|35728998400|sim_data_501796ab98789225|__AUTOMETRIC__
__AUTOMETRIC__|0.1.2|2588207|crew_log_f2d067066ae031d2|0|1786915043.274|0.000|0.000|26024214528|35728998400|sim_data_501796ab98789225|__AUTOMETRIC__
__AUTOMETRIC__|0.1.2|2588207|crew_log_f2d067066ae031d2|0|1786915044.275|0.000|0.000|26024214528|35728998400|sim_data_501796ab98789225|__AUTOMETRIC__
__AUTOMETRIC__|0.1.2|2588207|crew_log_f2d067066ae031d2|0|1786915045.276|0.999|0.031|26024214528|35728998400|sim_data_501796ab98789225|__AUTOMETRIC__
__AUTOMETRIC__|0.1.2|2588207|crew_log_f2d067066ae031d2|0|1786915046.278|0.000|0.000|26024214528|35728998400|sim_data_501796ab98789225|__AUTOMETRIC__
__AUTOMETRIC__|0.1.2|2588207|crew_log_f2d067066ae031d2|0|1786915047.279|0.000|0.000|26024214528|35728998400|sim_data_501796ab98789225|__AUTOMETRIC__
__AUTOMETRIC__|0.1.2|2588207|crew_log_f2d067066ae031d2|0|1786915048.359|43.500|1.359|26024214528|35728998400|sim_data_501796ab98789225|__AUTOMETRIC__
__AUTOMETRIC__|0.1.2|2588207|crew_log_f2d067066ae031d2|0|1786915049.361|25.965|0.811|26024214528|35728998400|sim_data_501796ab98789225|__AUTOMETRIC__
__AUTOMETRIC__|0.1.2|2588207|crew_log_f2d067066ae031d2|0|1786915050.362|0.999|0.031|26024214528|35728998400|sim_data_501796ab98789225|__AUTOMETRIC__
__AUTOMETRIC__|0.1.2|2588207|crew_log_f2d067066ae031d2|0|1786915051.364|0.998|0.031|26024214528|35728998400|sim_data_501796ab98789225|__AUTOMETRIC__
__AUTOMETRIC__|0.1.2|2588207|crew_log_f2d067066ae031d2|0|1786915052.365|0.999|0.031|26024214528|35728998400|sim_data_501796ab98789225|__AUTOMETRIC__
__AUTOMETRIC__|0.1.2|2588207|crew_log_f2d067066ae031d2|0|1786915053.367|24.965|0.780|26024214528|35728998400|sim_data_501796ab98789225|__AUTOMETRIC__
__AUTOMETRIC__|0.1.2|2588207|crew_log_f2d067066ae031d2|0|1786915054.368|1.997|0.062|26024214528|35728998400|sim_data_501796ab98789225|__AUTOMETRIC__
__AUTOMETRIC__|0.1.2|2588207|crew_log_f2d067066ae031d2|0|1786915055.372|0.996|0.031|26024214528|35728998400|sim_data_501796ab98789225|__AUTOMETRIC__
__AUTOMETRIC__|0.1.2|2588207|crew_log_f2d067066ae031d2|0|1786915056.373|0.999|0.031|26024214528|35728998400|sim_data_501796ab98789225|__AUTOMETRIC__
__AUTOMETRIC__|0.1.2|2588207|crew_log_f2d067066ae031d2|0|1786915057.375|23.965|0.749|26024214528|35728998400|sim_data_501796ab98789225|__AUTOMETRIC__
__AUTOMETRIC__|0.1.2|2588207|crew_log_f2d067066ae031d2|0|1786915058.376|1.997|0.062|26024214528|35728998400|sim_data_501796ab98789225|__AUTOMETRIC__
__AUTOMETRIC__|0.1.2|2588207|crew_log_f2d067066ae031d2|0|1786915059.379|0.997|0.031|26024214528|35728998400|sim_data_501796ab98789225|__AUTOMETRIC__
__AUTOMETRIC__|0.1.2|2588207|crew_log_f2d067066ae031d2|0|1786915060.381|0.999|0.031|26024214528|35728998400|sim_data_501796ab98789225|__AUTOMETRIC__
__AUTOMETRIC__|0.1.2|2588207|crew_log_f2d067066ae031d2|0|1786915061.382|24.968|0.780|26024214528|35728998400|sim_data_501796ab98789225|__AUTOMETRIC__
__AUTOMETRIC__|0.1.2|2588207|crew_log_f2d067066ae031d2|0|1786915062.383|1.997|0.062|26024214528|35728998400|sim_data_501796ab98789225|__AUTOMETRIC__
__AUTOMETRIC__|0.1.2|2588207|crew_log_f2d067066ae031d2|0|1786915063.384|0.999|0.031|26024214528|35728998400|sim_data_501796ab98789225|__AUTOMETRIC__
__AUTOMETRIC__|0.1.2|2588207|crew_log_f2d067066ae031d2|0|1786915064.386|0.998|0.031|26024214528|35728998400|sim_data_501796ab98789225|__AUTOMETRIC__
__AUTOMETRIC__|0.1.2|2588207|crew_log_f2d067066ae031d2|0|1786915065.387|47.929|1.498|26025525248|35730345984|sim_data_501796ab98789225|__AUTOMETRIC__
__AUTOMETRIC__|0.1.2|2588207|crew_log_f2d067066ae031d2|0|1786915066.389|97.836|3.057|26089037824|35793608704|sim_data_501796ab98789225|__AUTOMETRIC__
__AUTOMETRIC__|0.1.2|2588207|crew_log_f2d067066ae031d2|0|1786915067.394|99.541|3.111|26089037824|35793608704|sim_data_501796ab98789225|__AUTOMETRIC__
__AUTOMETRIC__|0.1.2|2588207|crew_log_f2d067066ae031d2|0|1786915068.396|174.596|5.456|26089037824|35793608704|sim_data_501796ab98789225|__AUTOMETRIC__
__AUTOMETRIC__|0.1.2|2588207|crew_log_f2d067066ae031d2|0|1786915069.404|592.293|18.509|26089037824|35793608704|sim_data_501796ab98789225|__AUTOMETRIC__
__AUTOMETRIC__|0.1.2|2588207|crew_log_f2d067066ae031d2|0|1786915070.405|98.857|3.089|26089037824|35793608704|sim_data_501796ab98789225|__AUTOMETRIC__
__AUTOMETRIC__|0.1.2|2588207|crew_log_f2d067066ae031d2|0|1786915071.407|132.813|4.150|26089037824|35793608704|sim_data_501796ab98789225|__AUTOMETRIC__
__AUTOMETRIC__|0.1.2|2588207|crew_log_f2d067066ae031d2|0|1786915072.409|58.853|1.839|26089037824|35793608704|sim_data_501796ab98789225|__AUTOMETRIC__
__AUTOMETRIC__|0.1.2|2588207|crew_log_f2d067066ae031d2|0|1786915073.411|22.964|0.718|26089037824|35793608704|sim_data_501796ab98789225|__AUTOMETRIC__
__AUTOMETRIC__|0.1.2|2588207|crew_log_f2d067066ae031d2|0|1786915074.412|49.931|1.560|26089037824|35793608704|sim_data_501796ab98789225|__AUTOMETRIC__
__AUTOMETRIC__|0.1.2|2588207|crew_log_f2d067066ae031d2|0|1786915075.414|0.000|0.000|26089037824|35793608704|sim_data_501796ab98789225|__AUTOMETRIC__
__AUTOMETRIC__|0.1.2|2588207|crew_log_f2d067066ae031d2|0|1786915076.415|0.999|0.031|26089037824|35793608704|sim_data_501796ab98789225|__AUTOMETRIC__
__AUTOMETRIC__|0.1.2|2588207|crew_log_f2d067066ae031d2|0|1786915077.417|0.000|0.000|26089037824|35793608704|sim_data_501796ab98789225|__AUTOMETRIC__
__AUTOMETRIC__|0.1.2|2588207|crew_log_f2d067066ae031d2|0|1786915078.418|0.000|0.000|26089037824|35793608704|sim_data_501796ab98789225|__AUTOMETRIC__
__AUTOMETRIC__|0.1.2|2588207|crew_log_f2d067066ae031d2|0|1786915079.420|0.998|0.031|26089037824|35793608704|sim_data_501796ab98789225|__AUTOMETRIC__
__AUTOMETRIC__|0.1.2|2588207|crew_log_f2d067066ae031d2|0|1786915080.425|0.000|0.000|26089037824|35793608704|sim_data_501796ab98789225|__AUTOMETRIC__
__AUTOMETRIC__|0.1.2|2588207|crew_log_f2d067066ae031d2|0|1786915081.427|0.000|0.000|26089037824|35793608704|sim_data_501796ab98789225|__AUTOMETRIC__
__AUTOMETRIC__|0.1.2|2588207|crew_log_f2d067066ae031d2|0|1786915082.428|0.000|0.000|26089037824|35793608704|sim_data_501796ab98789225|__AUTOMETRIC__
__AUTOMETRIC__|0.1.2|2588207|crew_log_f2d067066ae031d2|0|1786915083.429|0.999|0.031|26089037824|35793608704|sim_data_501796ab98789225|__AUTOMETRIC__
__AUTOMETRIC__|0.1.2|2588207|crew_log_f2d067066ae031d2|0|1786915084.431|0.999|0.031|26089037824|35793608704|sim_data_501796ab98789225|__AUTOMETRIC__
__AUTOMETRIC__|0.1.2|2588207|crew_log_f2d067066ae031d2|0|1786915085.432|0.000|0.000|26089037824|35793608704|sim_data_501796ab98789225|__AUTOMETRIC__
__AUTOMETRIC__|0.1.2|2588207|crew_log_f2d067066ae031d2|0|1786915086.434|0.000|0.000|26089037824|35793608704|sim_data_501796ab98789225|__AUTOMETRIC__
__AUTOMETRIC__|0.1.2|2588207|crew_log_f2d067066ae031d2|0|1786915087.436|0.999|0.031|26089037824|35793608704|sim_data_501796ab98789225|__AUTOMETRIC__
__AUTOMETRIC__|0.1.2|2588207|crew_log_f2d067066ae031d2|0|1786915088.437|0.000|0.000|26089037824|35793608704|sim_data_501796ab98789225|__AUTOMETRIC__
__AUTOMETRIC__|0.1.2|2588207|crew_log_f2d067066ae031d2|0|1786915089.439|0.000|0.000|26089037824|35793608704|sim_data_501796ab98789225|__AUTOMETRIC__
__AUTOMETRIC__|0.1.2|2588207|crew_log_f2d067066ae031d2|0|1786915090.440|0.000|0.000|26089037824|35793608704|sim_data_501796ab98789225|__AUTOMETRIC__
__AUTOMETRIC__|0.1.2|2588207|crew_log_f2d067066ae031d2|0|1786915091.441|0.999|0.031|26089037824|35793608704|sim_data_501796ab98789225|__AUTOMETRIC__
__AUTOMETRIC__|0.1.2|2588207|crew_log_f2d067066ae031d2|0|1786915092.443|0.000|0.000|26089037824|35793608704|sim_data_501796ab98789225|__AUTOMETRIC__
__AUTOMETRIC__|0.1.2|2588207|crew_log_f2d067066ae031d2|0|1786915093.444|0.000|0.000|26089037824|35793608704|sim_data_501796ab98789225|__AUTOMETRIC__
__AUTOMETRIC__|0.1.2|2588207|crew_log_f2d067066ae031d2|0|1786915094.446|0.999|0.031|26089037824|35793608704|sim_data_501796ab98789225|__AUTOMETRIC__
__AUTOMETRIC__|0.1.2|2588207|crew_log_f2d067066ae031d2|0|1786915095.448|23.957|0.749|26089037824|35793608704|sim_data_501796ab98789225|__AUTOMETRIC__
__AUTOMETRIC__|0.1.2|2588207|crew_log_f2d067066ae031d2|0|1786915096.449|48.913|1.529|26089037824|35793608704|sim_data_501796ab98789225|__AUTOMETRIC__
__AUTOMETRIC__|0.1.2|2588207|crew_log_f2d067066ae031d2|0|1786915097.451|1.997|0.062|26089037824|35793608704|sim_data_501796ab98789225|__AUTOMETRIC__
__AUTOMETRIC__|0.1.2|2588207|crew_log_f2d067066ae031d2|0|1786915098.452|0.999|0.031|26089037824|35793608704|sim_data_501796ab98789225|__AUTOMETRIC__
__AUTOMETRIC__|0.1.2|2588207|crew_log_f2d067066ae031d2|0|1786915099.454|0.999|0.031|26089037824|35793608704|sim_data_501796ab98789225|__AUTOMETRIC__
__AUTOMETRIC__|0.1.2|2588207|crew_log_f2d067066ae031d2|0|1786915100.455|24.965|0.780|26089037824|35793608704|sim_data_501796ab98789225|__AUTOMETRIC__
__AUTOMETRIC__|0.1.2|2588207|crew_log_f2d067066ae031d2|0|1786915101.456|0.999|0.031|26089037824|35793608704|sim_data_501796ab98789225|__AUTOMETRIC__
__AUTOMETRIC__|0.1.2|2588207|crew_log_f2d067066ae031d2|0|1786915102.458|0.999|0.031|26089037824|35793608704|sim_data_501796ab98789225|__AUTOMETRIC__
__AUTOMETRIC__|0.1.2|2588207|crew_log_f2d067066ae031d2|0|1786915103.459|0.999|0.031|26089037824|35793608704|sim_data_501796ab98789225|__AUTOMETRIC__
__AUTOMETRIC__|0.1.2|2588207|crew_log_f2d067066ae031d2|0|1786915104.460|23.969|0.749|26089037824|35793608704|sim_data_501796ab98789225|__AUTOMETRIC__
__AUTOMETRIC__|0.1.2|2588207|crew_log_f2d067066ae031d2|0|1786915105.462|1.997|0.062|26089037824|35793608704|sim_data_501796ab98789225|__AUTOMETRIC__
__AUTOMETRIC__|0.1.2|2588207|crew_log_f2d067066ae031d2|0|1786915106.464|1.996|0.062|26089037824|35793608704|sim_data_501796ab98789225|__AUTOMETRIC__
__AUTOMETRIC__|0.1.2|2588207|crew_log_f2d067066ae031d2|0|1786915107.489|23.397|0.731|26089037824|35793608704|sim_data_501796ab98789225|__AUTOMETRIC__
__AUTOMETRIC__|0.1.2|2588207|crew_log_f2d067066ae031d2|0|1786915108.491|1.996|0.062|26089037824|35793608704|sim_data_501796ab98789225|__AUTOMETRIC__
__AUTOMETRIC__|0.1.2|2588207|crew_log_f2d067066ae031d2|0|1786915109.493|0.999|0.031|26089037824|35793608704|sim_data_501796ab98789225|__AUTOMETRIC__
__AUTOMETRIC__|0.1.2|2588207|crew_log_f2d067066ae031d2|0|1786915110.494|1.998|0.062|26089037824|35793608704|sim_data_501796ab98789225|__AUTOMETRIC__
__AUTOMETRIC__|0.1.2|2588207|crew_log_f2d067066ae031d2|0|1786915111.495|0.999|0.031|26089037824|35793608704|sim_data_501796ab98789225|__AUTOMETRIC__
__AUTOMETRIC__|0.1.2|2588207|crew_log_f2d067066ae031d2|0|1786915112.497|63.915|1.997|26089037824|35793608704|sim_data_501796ab98789225|__AUTOMETRIC__
__AUTOMETRIC__|0.1.2|2588207|crew_log_f2d067066ae031d2|0|1786915113.498|98.855|3.089|26089037824|35793608704|sim_data_501796ab98789225|__AUTOMETRIC__
__AUTOMETRIC__|0.1.2|2588207|crew_log_f2d067066ae031d2|0|1786915114.499|99.873|3.121|26089037824|35793608704|sim_data_501796ab98789225|__AUTOMETRIC__
__AUTOMETRIC__|0.1.2|2588207|crew_log_f2d067066ae031d2|0|1786915115.501|285.548|8.923|26089037824|35793608704|sim_data_501796ab98789225|__AUTOMETRIC__
__AUTOMETRIC__|0.1.2|2588207|crew_log_f2d067066ae031d2|0|1786915116.503|543.970|16.999|26089037824|35793608704|sim_data_501796ab98789225|__AUTOMETRIC__
__AUTOMETRIC__|0.1.2|2588207|crew_log_f2d067066ae031d2|0|1786915117.504|100.844|3.151|26089037824|35793608704|sim_data_501796ab98789225|__AUTOMETRIC__
__AUTOMETRIC__|0.1.2|2588207|crew_log_f2d067066ae031d2|0|1786915118.508|129.487|4.046|26089037824|35793608704|sim_data_501796ab98789225|__AUTOMETRIC__
__AUTOMETRIC__|0.1.2|2588207|crew_log_f2d067066ae031d2|0|1786915119.510|48.938|1.529|26089037824|35793608704|sim_data_501796ab98789225|__AUTOMETRIC__
__AUTOMETRIC__|0.1.2|2588207|crew_log_f2d067066ae031d2|0|1786915120.511|25.964|0.811|26089037824|35793608704|sim_data_501796ab98789225|__AUTOMETRIC__
__AUTOMETRIC__|0.1.2|2588207|crew_log_f2d067066ae031d2|0|1786915121.614|49.848|1.558|26089037824|35793608704|sim_data_501796ab98789225|__AUTOMETRIC__
__AUTOMETRIC__|0.1.2|2588207|crew_log_f2d067066ae031d2|0|1786915122.616|0.000|0.000|26089037824|35793608704|sim_data_501796ab98789225|__AUTOMETRIC__
__AUTOMETRIC__|0.1.2|2588207|crew_log_f2d067066ae031d2|0|1786915123.617|0.999|0.031|26089037824|35793608704|sim_data_501796ab98789225|__AUTOMETRIC__
__AUTOMETRIC__|0.1.2|2588207|crew_log_f2d067066ae031d2|0|1786915124.618|0.999|0.031|26089037824|35793608704|sim_data_501796ab98789225|__AUTOMETRIC__
__AUTOMETRIC__|0.1.2|2588207|crew_log_f2d067066ae031d2|0|1786915125.620|0.000|0.000|26089037824|35793608704|sim_data_501796ab98789225|__AUTOMETRIC__
__AUTOMETRIC__|0.1.2|2588207|crew_log_f2d067066ae031d2|0|1786915126.622|0.000|0.000|26089037824|35793608704|sim_data_501796ab98789225|__AUTOMETRIC__
__AUTOMETRIC__|0.1.2|2588207|crew_log_f2d067066ae031d2|0|1786915127.623|0.000|0.000|26089037824|35793608704|sim_data_501796ab98789225|__AUTOMETRIC__
__AUTOMETRIC__|0.1.2|2588207|crew_log_f2d067066ae031d2|0|1786915128.625|0.998|0.031|26089037824|35793608704|sim_data_501796ab98789225|__AUTOMETRIC__
__AUTOMETRIC__|0.1.2|2588207|crew_log_f2d067066ae031d2|0|1786915129.626|0.000|0.000|26089037824|35793608704|sim_data_501796ab98789225|__AUTOMETRIC__
__AUTOMETRIC__|0.1.2|2588207|crew_log_f2d067066ae031d2|0|1786915130.628|0.000|0.000|26089037824|35793608704|sim_data_501796ab98789225|__AUTOMETRIC__
__AUTOMETRIC__|0.1.2|2588207|crew_log_f2d067066ae031d2|0|1786915131.629|0.998|0.031|26089037824|35793608704|sim_data_501796ab98789225|__AUTOMETRIC__
__AUTOMETRIC__|0.1.2|2588207|crew_log_f2d067066ae031d2|0|1786915132.631|0.000|0.000|26089037824|35793608704|sim_data_501796ab98789225|__AUTOMETRIC__
__AUTOMETRIC__|0.1.2|2588207|crew_log_f2d067066ae031d2|0|1786915133.632|0.000|0.000|26089037824|35793608704|sim_data_501796ab98789225|__AUTOMETRIC__
__AUTOMETRIC__|0.1.2|2588207|crew_log_f2d067066ae031d2|0|1786915134.634|0.999|0.031|26089037824|35793608704|sim_data_501796ab98789225|__AUTOMETRIC__
__AUTOMETRIC__|0.1.2|2588207|crew_log_f2d067066ae031d2|0|1786915135.636|0.000|0.000|26089037824|35793608704|sim_data_501796ab98789225|__AUTOMETRIC__
__AUTOMETRIC__|0.1.2|2588207|crew_log_f2d067066ae031d2|0|1786915136.638|0.000|0.000|26089037824|35793608704|sim_data_501796ab98789225|__AUTOMETRIC__
__AUTOMETRIC__|0.1.2|2588207|crew_log_f2d067066ae031d2|0|1786915137.640|0.000|0.000|26089037824|35793608704|sim_data_501796ab98789225|__AUTOMETRIC__
__AUTOMETRIC__|0.1.2|2588207|crew_log_f2d067066ae031d2|0|1786915138.641|0.998|0.031|26089037824|35793608704|sim_data_501796ab98789225|__AUTOMETRIC__
__AUTOMETRIC__|0.1.2|2588207|crew_log_f2d067066ae031d2|0|1786915139.643|0.000|0.000|26089037824|35793608704|sim_data_501796ab98789225|__AUTOMETRIC__
__AUTOMETRIC__|0.1.2|2588207|crew_log_f2d067066ae031d2|0|1786915140.645|0.998|0.031|26089037824|35793608704|sim_data_501796ab98789225|__AUTOMETRIC__
__AUTOMETRIC__|0.1.2|2588207|crew_log_f2d067066ae031d2|0|1786915141.646|0.000|0.000|26089037824|35793608704|sim_data_501796ab98789225|__AUTOMETRIC__
__AUTOMETRIC__|0.1.2|2588207|crew_log_f2d067066ae031d2|0|1786915142.648|0.998|0.031|26089037824|35793608704|sim_data_501796ab98789225|__AUTOMETRIC__
__AUTOMETRIC__|0.1.2|2588207|crew_log_f2d067066ae031d2|0|1786915143.650|46.925|1.466|26089037824|35793608704|sim_data_501796ab98789225|__AUTOMETRIC__
__AUTOMETRIC__|0.1.2|2588207|crew_log_f2d067066ae031d2|0|1786915144.651|25.960|0.811|26089037824|35793608704|sim_data_501796ab98789225|__AUTOMETRIC__
__AUTOMETRIC__|0.1.2|2588207|crew_log_f2d067066ae031d2|0|1786915145.656|0.995|0.031|26089037824|35793608704|sim_data_501796ab98789225|__AUTOMETRIC__
__AUTOMETRIC__|0.1.2|2588207|crew_log_f2d067066ae031d2|0|1786915146.658|0.998|0.031|26089037824|35793608704|sim_data_501796ab98789225|__AUTOMETRIC__
__AUTOMETRIC__|0.1.2|2588207|crew_log_f2d067066ae031d2|0|1786915147.660|0.998|0.031|26089037824|35793608704|sim_data_501796ab98789225|__AUTOMETRIC__
__AUTOMETRIC__|0.1.2|2588207|crew_log_f2d067066ae031d2|0|1786915148.661|24.962|0.780|26089037824|35793608704|sim_data_501796ab98789225|__AUTOMETRIC__
__AUTOMETRIC__|0.1.2|2588207|crew_log_f2d067066ae031d2|0|1786915149.663|0.998|0.031|26089037824|35793608704|sim_data_501796ab98789225|__AUTOMETRIC__
__AUTOMETRIC__|0.1.2|2588207|crew_log_f2d067066ae031d2|0|1786915150.665|0.998|0.031|26089037824|35793608704|sim_data_501796ab98789225|__AUTOMETRIC__
__AUTOMETRIC__|0.1.2|2588207|crew_log_f2d067066ae031d2|0|1786915151.667|1.996|0.062|26089037824|35793608704|sim_data_501796ab98789225|__AUTOMETRIC__
__AUTOMETRIC__|0.1.2|2588207|crew_log_f2d067066ae031d2|0|1786915152.668|23.962|0.749|26089037824|35793608704|sim_data_501796ab98789225|__AUTOMETRIC__
__AUTOMETRIC__|0.1.2|2588207|crew_log_f2d067066ae031d2|0|1786915153.670|0.998|0.031|26089037824|35793608704|sim_data_501796ab98789225|__AUTOMETRIC__
__AUTOMETRIC__|0.1.2|2588207|crew_log_f2d067066ae031d2|0|1786915154.682|1.977|0.062|26089037824|35793608704|sim_data_501796ab98789225|__AUTOMETRIC__
__AUTOMETRIC__|0.1.2|2588207|crew_log_f2d067066ae031d2|0|1786915155.683|0.998|0.031|26089037824|35793608704|sim_data_501796ab98789225|__AUTOMETRIC__
__AUTOMETRIC__|0.1.2|2588207|crew_log_f2d067066ae031d2|0|1786915156.692|23.791|0.743|26089037824|35793608704|sim_data_501796ab98789225|__AUTOMETRIC__
__AUTOMETRIC__|0.1.2|2588207|crew_log_f2d067066ae031d2|0|1786915157.695|1.994|0.062|26089037824|35793608704|sim_data_501796ab98789225|__AUTOMETRIC__
__AUTOMETRIC__|0.1.2|2588207|crew_log_f2d067066ae031d2|0|1786915158.701|0.995|0.031|26089037824|35793608704|sim_data_501796ab98789225|__AUTOMETRIC__
__AUTOMETRIC__|0.1.2|2588207|crew_log_f2d067066ae031d2|0|1786915159.704|1.994|0.062|26089037824|35793608704|sim_data_501796ab98789225|__AUTOMETRIC__
__AUTOMETRIC__|0.1.2|2588207|crew_log_f2d067066ae031d2|0|1786915160.705|68.891|2.153|26089037824|35793608704|sim_data_501796ab98789225|__AUTOMETRIC__
__AUTOMETRIC__|0.1.2|2588207|crew_log_f2d067066ae031d2|0|1786915161.709|100.636|3.145|26089037824|35793608704|sim_data_501796ab98789225|__AUTOMETRIC__
__AUTOMETRIC__|0.1.2|2588207|crew_log_f2d067066ae031d2|0|1786915162.711|98.842|3.089|26089037824|35793608704|sim_data_501796ab98789225|__AUTOMETRIC__
__AUTOMETRIC__|0.1.2|2588207|crew_log_f2d067066ae031d2|0|1786915163.713|318.318|9.947|26089037824|35793608704|sim_data_501796ab98789225|__AUTOMETRIC__
__AUTOMETRIC__|0.1.2|2588207|crew_log_f2d067066ae031d2|0|1786915164.714|440.242|13.758|26089037824|35793608704|sim_data_501796ab98789225|__AUTOMETRIC__
__AUTOMETRIC__|0.1.2|2588207|crew_log_f2d067066ae031d2|0|1786915165.717|131.721|4.116|26089037824|35793608704|sim_data_501796ab98789225|__AUTOMETRIC__
__AUTOMETRIC__|0.1.2|2588207|crew_log_f2d067066ae031d2|0|1786915166.719|99.800|3.119|26089037824|35793608704|sim_data_501796ab98789225|__AUTOMETRIC__
__AUTOMETRIC__|0.1.2|2588207|crew_log_f2d067066ae031d2|0|1786915167.720|29.956|0.936|26089037824|35793608704|sim_data_501796ab98789225|__AUTOMETRIC__
__AUTOMETRIC__|0.1.2|2588207|crew_log_f2d067066ae031d2|0|1786915168.754|46.432|1.451|26089037824|35793608704|sim_data_501796ab98789225|__AUTOMETRIC__
__AUTOMETRIC__|0.1.2|2588207|crew_log_f2d067066ae031d2|0|1786915169.755|25.962|0.811|26089037824|35793608704|sim_data_501796ab98789225|__AUTOMETRIC__
__AUTOMETRIC__|0.1.2|2588207|crew_log_f2d067066ae031d2|0|1786915170.757|0.000|0.000|26089037824|35793608704|sim_data_501796ab98789225|__AUTOMETRIC__
__AUTOMETRIC__|0.1.2|2588207|crew_log_f2d067066ae031d2|0|1786915171.758|0.000|0.000|26089037824|35793608704|sim_data_501796ab98789225|__AUTOMETRIC__
__AUTOMETRIC__|0.1.2|2588207|crew_log_f2d067066ae031d2|0|1786915172.760|0.998|0.031|26089037824|35793608704|sim_data_501796ab98789225|__AUTOMETRIC__
__AUTOMETRIC__|0.1.2|2588207|crew_log_f2d067066ae031d2|0|1786915173.761|0.999|0.031|26089037824|35793608704|sim_data_501796ab98789225|__AUTOMETRIC__
__AUTOMETRIC__|0.1.2|2588207|crew_log_f2d067066ae031d2|0|1786915174.763|0.000|0.000|26089037824|35793608704|sim_data_501796ab98789225|__AUTOMETRIC__
__AUTOMETRIC__|0.1.2|2588207|crew_log_f2d067066ae031d2|0|1786915175.765|0.000|0.000|26089037824|35793608704|sim_data_501796ab98789225|__AUTOMETRIC__
__AUTOMETRIC__|0.1.2|2588207|crew_log_f2d067066ae031d2|0|1786915176.766|0.998|0.031|26089037824|35793608704|sim_data_501796ab98789225|__AUTOMETRIC__
__AUTOMETRIC__|0.1.2|2588207|crew_log_f2d067066ae031d2|0|1786915177.768|0.000|0.000|26089037824|35793608704|sim_data_501796ab98789225|__AUTOMETRIC__
__AUTOMETRIC__|0.1.2|2588207|crew_log_f2d067066ae031d2|0|1786915178.770|0.000|0.000|26089037824|35793608704|sim_data_501796ab98789225|__AUTOMETRIC__
__AUTOMETRIC__|0.1.2|2588207|crew_log_f2d067066ae031d2|0|1786915179.771|0.000|0.000|26089037824|35793608704|sim_data_501796ab98789225|__AUTOMETRIC__
__AUTOMETRIC__|0.1.2|2588207|crew_log_f2d067066ae031d2|0|1786915180.773|0.998|0.031|26089037824|35793608704|sim_data_501796ab98789225|__AUTOMETRIC__
__AUTOMETRIC__|0.1.2|2588207|crew_log_f2d067066ae031d2|0|1786915181.774|0.000|0.000|26089037824|35793608704|sim_data_501796ab98789225|__AUTOMETRIC__
__AUTOMETRIC__|0.1.2|2588207|crew_log_f2d067066ae031d2|0|1786915182.776|0.000|0.000|26089037824|35793608704|sim_data_501796ab98789225|__AUTOMETRIC__
__AUTOMETRIC__|0.1.2|2588207|crew_log_f2d067066ae031d2|0|1786915183.778|0.998|0.031|26089037824|35793608704|sim_data_501796ab98789225|__AUTOMETRIC__
__AUTOMETRIC__|0.1.2|2588207|crew_log_f2d067066ae031d2|0|1786915184.779|0.000|0.000|26089037824|35793608704|sim_data_501796ab98789225|__AUTOMETRIC__
__AUTOMETRIC__|0.1.2|2588207|crew_log_f2d067066ae031d2|0|1786915185.781|0.000|0.000|26089037824|35793608704|sim_data_501796ab98789225|__AUTOMETRIC__
__AUTOMETRIC__|0.1.2|2588207|crew_log_f2d067066ae031d2|0|1786915186.783|0.000|0.000|26089037824|35793608704|sim_data_501796ab98789225|__AUTOMETRIC__
__AUTOMETRIC__|0.1.2|2588207|crew_log_f2d067066ae031d2|0|1786915187.784|0.999|0.031|26089037824|35793608704|sim_data_501796ab98789225|__AUTOMETRIC__
__AUTOMETRIC__|0.1.2|2588207|crew_log_f2d067066ae031d2|0|1786915188.785|0.000|0.000|26089037824|35793608704|sim_data_501796ab98789225|__AUTOMETRIC__
__AUTOMETRIC__|0.1.2|2588207|crew_log_f2d067066ae031d2|0|1786915189.787|0.000|0.000|26089037824|35793608704|sim_data_501796ab98789225|__AUTOMETRIC__
__AUTOMETRIC__|0.1.2|2588207|crew_log_f2d067066ae031d2|0|1786915190.788|47.930|1.498|26089037824|35793608704|sim_data_501796ab98789225|__AUTOMETRIC__
__AUTOMETRIC__|0.1.2|2588207|crew_log_f2d067066ae031d2|0|1786915191.790|26.963|0.843|26089037824|35793608704|sim_data_501796ab98789225|__AUTOMETRIC__
__AUTOMETRIC__|0.1.2|2588207|crew_log_f2d067066ae031d2|0|1786915192.791|0.000|0.000|26089037824|35793608704|sim_data_501796ab98789225|__AUTOMETRIC__
__AUTOMETRIC__|0.1.2|2588207|crew_log_f2d067066ae031d2|0|1786915193.793|0.998|0.031|26089037824|35793608704|sim_data_501796ab98789225|__AUTOMETRIC__
__AUTOMETRIC__|0.1.2|2588207|crew_log_f2d067066ae031d2|0|1786915194.794|0.999|0.031|26089037824|35793608704|sim_data_501796ab98789225|__AUTOMETRIC__
__AUTOMETRIC__|0.1.2|2588207|crew_log_f2d067066ae031d2|0|1786915195.796|24.957|0.780|26089037824|35793608704|sim_data_501796ab98789225|__AUTOMETRIC__
__AUTOMETRIC__|0.1.2|2588207|crew_log_f2d067066ae031d2|0|1786915196.798|0.998|0.031|26089037824|35793608704|sim_data_501796ab98789225|__AUTOMETRIC__
__AUTOMETRIC__|0.1.2|2588207|crew_log_f2d067066ae031d2|0|1786915197.799|0.999|0.031|26089037824|35793608704|sim_data_501796ab98789225|__AUTOMETRIC__
__AUTOMETRIC__|0.1.2|2588207|crew_log_f2d067066ae031d2|0|1786915198.838|23.096|0.722|26089037824|35793608704|sim_data_501796ab98789225|__AUTOMETRIC__
__AUTOMETRIC__|0.1.2|2588207|crew_log_f2d067066ae031d2|0|1786915199.841|1.994|0.062|26089037824|35793608704|sim_data_501796ab98789225|__AUTOMETRIC__
__AUTOMETRIC__|0.1.2|2588207|crew_log_f2d067066ae031d2|0|1786915200.843|0.998|0.031|26089037824|35793608704|sim_data_501796ab98789225|__AUTOMETRIC__
__AUTOMETRIC__|0.1.2|2588207|crew_log_f2d067066ae031d2|0|1786915201.844|1.997|0.062|26089037824|35793608704|sim_data_501796ab98789225|__AUTOMETRIC__
__AUTOMETRIC__|0.1.2|2588207|crew_log_f2d067066ae031d2|0|1786915202.846|24.961|0.780|26089037824|35793608704|sim_data_501796ab98789225|__AUTOMETRIC__
__AUTOMETRIC__|0.1.2|2588207|crew_log_f2d067066ae031d2|0|1786915203.847|0.999|0.031|26089037824|35793608704|sim_data_501796ab98789225|__AUTOMETRIC__
__AUTOMETRIC__|0.1.2|2588207|crew_log_f2d067066ae031d2|0|1786915204.849|0.999|0.031|26089037824|35793608704|sim_data_501796ab98789225|__AUTOMETRIC__
__AUTOMETRIC__|0.1.2|2588207|crew_log_f2d067066ae031d2|0|1786915205.850|0.998|0.031|26089037824|35793608704|sim_data_501796ab98789225|__AUTOMETRIC__
__AUTOMETRIC__|0.1.2|2588207|crew_log_f2d067066ae031d2|0|1786915206.853|41.909|1.310|26089037824|35793608704|sim_data_501796ab98789225|__AUTOMETRIC__
__AUTOMETRIC__|0.1.2|2588207|crew_log_f2d067066ae031d2|0|1786915207.854|95.860|2.996|26089037824|35793608704|sim_data_501796ab98789225|__AUTOMETRIC__
__AUTOMETRIC__|0.1.2|2588207|crew_log_f2d067066ae031d2|0|1786915208.856|98.847|3.089|26089037824|35793608704|sim_data_501796ab98789225|__AUTOMETRIC__
__AUTOMETRIC__|0.1.2|2588207|crew_log_f2d067066ae031d2|0|1786915209.857|99.848|3.120|26089037824|35793608704|sim_data_501796ab98789225|__AUTOMETRIC__
__AUTOMETRIC__|0.1.2|2588207|crew_log_f2d067066ae031d2|0|1786915210.859|99.855|3.120|26089037824|35793608704|sim_data_501796ab98789225|__AUTOMETRIC__
__AUTOMETRIC__|0.1.2|2588207|crew_log_f2d067066ae031d2|0|1786915211.860|99.856|3.120|26089037824|35793608704|sim_data_501796ab98789225|__AUTOMETRIC__
__AUTOMETRIC__|0.1.2|2588207|crew_log_f2d067066ae031d2|0|1786915212.861|98.869|3.090|26089037824|35793608704|sim_data_501796ab98789225|__AUTOMETRIC__
__AUTOMETRIC__|0.1.2|2588207|crew_log_f2d067066ae031d2|0|1786915213.863|100.856|3.152|26089037824|35793608704|sim_data_501796ab98789225|__AUTOMETRIC__
__AUTOMETRIC__|0.1.2|2588207|crew_log_f2d067066ae031d2|0|1786915214.864|99.850|3.120|26089037824|35793608704|sim_data_501796ab98789225|__AUTOMETRIC__
__AUTOMETRIC__|0.1.2|2588207|crew_log_f2d067066ae031d2|0|1786915215.866|98.831|3.088|26089037824|35793608704|sim_data_501796ab98789225|__AUTOMETRIC__
__AUTOMETRIC__|0.1.2|2588207|crew_log_f2d067066ae031d2|0|1786915216.868|99.819|3.119|26089037824|35793608704|sim_data_501796ab98789225|__AUTOMETRIC__
__AUTOMETRIC__|0.1.2|2588207|crew_log_f2d067066ae031d2|0|1786915217.869|94.883|2.965|26089037824|35793608704|sim_data_501796ab98789225|__AUTOMETRIC__
__AUTOMETRIC__|0.1.2|2588207|crew_log_f2d067066ae031d2|0|1786915218.871|99.818|3.119|26089037824|35793608704|sim_data_501796ab98789225|__AUTOMETRIC__
__AUTOMETRIC__|0.1.2|2588207|crew_log_f2d067066ae031d2|0|1786915219.872|99.867|3.121|26089037824|35793608704|sim_data_501796ab98789225|__AUTOMETRIC__
__AUTOMETRIC__|0.1.2|2588207|crew_log_f2d067066ae031d2|0|1786915220.874|98.853|3.089|26058563584|35762991104|sim_data_501796ab98789225|__AUTOMETRIC__
__AUTOMETRIC__|0.1.2|2588207|crew_log_f2d067066ae031d2|0|1786915221.875|99.865|3.121|26058563584|35762991104|sim_data_501796ab98789225|__AUTOMETRIC__
__AUTOMETRIC__|0.1.2|2588207|crew_log_f2d067066ae031d2|0|1786915222.877|99.849|3.120|26058563584|35762991104|sim_data_501796ab98789225|__AUTOMETRIC__
__AUTOMETRIC__|0.1.2|2588207|crew_log_f2d067066ae031d2|0|1786915223.878|98.861|3.089|26058563584|35762991104|sim_data_501796ab98789225|__AUTOMETRIC__
__AUTOMETRIC__|0.1.2|2588207|crew_log_f2d067066ae031d2|0|1786915224.879|702.148|21.942|26058563584|35762991104|sim_data_501796ab98789225|__AUTOMETRIC__
__AUTOMETRIC__|0.1.2|2588207|crew_log_f2d067066ae031d2|0|1786915225.881|195.641|6.114|26058563584|35762991104|sim_data_501796ab98789225|__AUTOMETRIC__
__AUTOMETRIC__|0.1.2|2588207|crew_log_f2d067066ae031d2|0|1786915226.883|130.692|4.084|26058563584|35762991104|sim_data_501796ab98789225|__AUTOMETRIC__
__AUTOMETRIC__|0.1.2|2588207|crew_log_f2d067066ae031d2|0|1786915227.885|82.873|2.590|26058563584|35762991104|sim_data_501796ab98789225|__AUTOMETRIC__
__AUTOMETRIC__|0.1.2|2588207|crew_log_f2d067066ae031d2|0|1786915228.886|24.966|0.780|26058563584|35762991104|sim_data_501796ab98789225|__AUTOMETRIC__
__AUTOMETRIC__|0.1.2|2588207|crew_log_f2d067066ae031d2|0|1786915229.892|46.744|1.461|26058563584|35762991104|sim_data_501796ab98789225|__AUTOMETRIC__
__AUTOMETRIC__|0.1.2|2588207|crew_log_f2d067066ae031d2|0|1786915230.893|0.000|0.000|26058563584|35762991104|sim_data_501796ab98789225|__AUTOMETRIC__
__AUTOMETRIC__|0.1.2|2588207|crew_log_f2d067066ae031d2|0|1786915231.895|0.999|0.031|26058563584|35762991104|sim_data_501796ab98789225|__AUTOMETRIC__
__AUTOMETRIC__|0.1.2|2588207|crew_log_f2d067066ae031d2|0|1786915232.896|0.000|0.000|26058563584|35762991104|sim_data_501796ab98789225|__AUTOMETRIC__
__AUTOMETRIC__|0.1.2|2588207|crew_log_f2d067066ae031d2|0|1786915233.897|0.000|0.000|26058563584|35762991104|sim_data_501796ab98789225|__AUTOMETRIC__
__AUTOMETRIC__|0.1.2|2588207|crew_log_f2d067066ae031d2|0|1786915234.899|0.999|0.031|26058563584|35762991104|sim_data_501796ab98789225|__AUTOMETRIC__
__AUTOMETRIC__|0.1.2|2588207|crew_log_f2d067066ae031d2|0|1786915235.900|0.000|0.000|26058563584|35762991104|sim_data_501796ab98789225|__AUTOMETRIC__
__AUTOMETRIC__|0.1.2|2588207|crew_log_f2d067066ae031d2|0|1786915236.902|0.000|0.000|26058563584|35762991104|sim_data_501796ab98789225|__AUTOMETRIC__
__AUTOMETRIC__|0.1.2|2588207|crew_log_f2d067066ae031d2|0|1786915237.904|0.999|0.031|26058563584|35762991104|sim_data_501796ab98789225|__AUTOMETRIC__
__AUTOMETRIC__|0.1.2|2588207|crew_log_f2d067066ae031d2|0|1786915238.906|0.000|0.000|26058563584|35762991104|sim_data_501796ab98789225|__AUTOMETRIC__
__AUTOMETRIC__|0.1.2|2588207|crew_log_f2d067066ae031d2|0|1786915239.907|0.000|0.000|26058563584|35762991104|sim_data_501796ab98789225|__AUTOMETRIC__
__AUTOMETRIC__|0.1.2|2588207|crew_log_f2d067066ae031d2|0|1786915240.909|0.000|0.000|26058563584|35762991104|sim_data_501796ab98789225|__AUTOMETRIC__
__AUTOMETRIC__|0.1.2|2588207|crew_log_f2d067066ae031d2|0|1786915241.911|0.998|0.031|26058563584|35762991104|sim_data_501796ab98789225|__AUTOMETRIC__
__AUTOMETRIC__|0.1.2|2588207|crew_log_f2d067066ae031d2|0|1786915242.912|0.000|0.000|26058563584|35762991104|sim_data_501796ab98789225|__AUTOMETRIC__
__AUTOMETRIC__|0.1.2|2588207|crew_log_f2d067066ae031d2|0|1786915243.914|0.000|0.000|26058563584|35762991104|sim_data_501796ab98789225|__AUTOMETRIC__
__AUTOMETRIC__|0.1.2|2588207|crew_log_f2d067066ae031d2|0|1786915244.915|0.999|0.031|26058563584|35762991104|sim_data_501796ab98789225|__AUTOMETRIC__
__AUTOMETRIC__|0.1.2|2588207|crew_log_f2d067066ae031d2|0|1786915245.917|0.998|0.031|26058563584|35762991104|sim_data_501796ab98789225|__AUTOMETRIC__
__AUTOMETRIC__|0.1.2|2588207|crew_log_f2d067066ae031d2|0|1786915246.919|0.000|0.000|26058563584|35762991104|sim_data_501796ab98789225|__AUTOMETRIC__
__AUTOMETRIC__|0.1.2|2588207|crew_log_f2d067066ae031d2|0|1786915247.921|0.999|0.031|26058563584|35762991104|sim_data_501796ab98789225|__AUTOMETRIC__
__AUTOMETRIC__|0.1.2|2588207|crew_log_f2d067066ae031d2|0|1786915248.922|0.000|0.000|26058563584|35762991104|sim_data_501796ab98789225|__AUTOMETRIC__
__AUTOMETRIC__|0.1.2|2588207|crew_log_f2d067066ae031d2|0|1786915249.924|0.000|0.000|26058563584|35762991104|sim_data_501796ab98789225|__AUTOMETRIC__
__AUTOMETRIC__|0.1.2|2588207|crew_log_f2d067066ae031d2|0|1786915251.128|39.033|1.220|26058563584|35762991104|sim_data_501796ab98789225|__AUTOMETRIC__
__AUTOMETRIC__|0.1.2|2588207|crew_log_f2d067066ae031d2|0|1786915252.129|25.967|0.811|26058563584|35762991104|sim_data_501796ab98789225|__AUTOMETRIC__
__AUTOMETRIC__|0.1.2|2588207|crew_log_f2d067066ae031d2|0|1786915253.131|1.997|0.062|26058563584|35762991104|sim_data_501796ab98789225|__AUTOMETRIC__
__AUTOMETRIC__|0.1.2|2588207|crew_log_f2d067066ae031d2|0|1786915254.132|0.999|0.031|26058563584|35762991104|sim_data_501796ab98789225|__AUTOMETRIC__
__AUTOMETRIC__|0.1.2|2588207|crew_log_f2d067066ae031d2|0|1786915255.133|0.999|0.031|26058563584|35762991104|sim_data_501796ab98789225|__AUTOMETRIC__
__AUTOMETRIC__|0.1.2|2588207|crew_log_f2d067066ae031d2|0|1786915256.135|23.962|0.749|26058563584|35762991104|sim_data_501796ab98789225|__AUTOMETRIC__
__AUTOMETRIC__|0.1.2|2588207|crew_log_f2d067066ae031d2|0|1786915257.137|0.998|0.031|26058563584|35762991104|sim_data_501796ab98789225|__AUTOMETRIC__
__AUTOMETRIC__|0.1.2|2588207|crew_log_f2d067066ae031d2|0|1786915258.139|0.998|0.031|26058563584|35762991104|sim_data_501796ab98789225|__AUTOMETRIC__
__AUTOMETRIC__|0.1.2|2588207|crew_log_f2d067066ae031d2|0|1786915259.348|20.682|0.646|26058563584|35762991104|sim_data_501796ab98789225|__AUTOMETRIC__
__AUTOMETRIC__|0.1.2|2588207|crew_log_f2d067066ae031d2|0|1786915260.349|1.997|0.062|26058563584|35762991104|sim_data_501796ab98789225|__AUTOMETRIC__
__AUTOMETRIC__|0.1.2|2588207|crew_log_f2d067066ae031d2|0|1786915261.351|0.998|0.031|26058563584|35762991104|sim_data_501796ab98789225|__AUTOMETRIC__
__AUTOMETRIC__|0.1.2|2588207|crew_log_f2d067066ae031d2|0|1786915262.352|0.999|0.031|26058563584|35762991104|sim_data_501796ab98789225|__AUTOMETRIC__
__AUTOMETRIC__|0.1.2|2588207|crew_log_f2d067066ae031d2|0|1786915263.354|0.998|0.031|26058563584|35762991104|sim_data_501796ab98789225|__AUTOMETRIC__
__AUTOMETRIC__|0.1.2|2588207|crew_log_f2d067066ae031d2|0|1786915264.356|0.998|0.031|26058563584|35762991104|sim_data_501796ab98789225|__AUTOMETRIC__
__AUTOMETRIC__|0.1.2|2588207|crew_log_f2d067066ae031d2|0|1786915265.358|0.998|0.031|26058563584|35762991104|sim_data_501796ab98789225|__AUTOMETRIC__
__AUTOMETRIC__|0.1.2|2588207|crew_log_f2d067066ae031d2|0|1786915266.360|0.998|0.031|26058563584|35762991104|sim_data_501796ab98789225|__AUTOMETRIC__
__AUTOMETRIC__|0.1.2|2588207|crew_log_f2d067066ae031d2|0|1786915267.362|23.945|0.748|26058563584|35762991104|sim_data_501796ab98789225|__AUTOMETRIC__
__AUTOMETRIC__|0.1.2|2588207|crew_log_f2d067066ae031d2|0|1786915268.363|1.997|0.062|26058563584|35762991104|sim_data_501796ab98789225|__AUTOMETRIC__
__AUTOMETRIC__|0.1.2|2588207|crew_log_f2d067066ae031d2|0|1786915269.365|1.997|0.062|26058563584|35762991104|sim_data_501796ab98789225|__AUTOMETRIC__
__AUTOMETRIC__|0.1.2|2588207|crew_log_f2d067066ae031d2|0|1786915270.366|0.999|0.031|26058563584|35762991104|sim_data_501796ab98789225|__AUTOMETRIC__
__AUTOMETRIC__|0.1.2|2588207|crew_log_f2d067066ae031d2|0|1786915271.368|63.902|1.997|26058563584|35762991104|sim_data_501796ab98789225|__AUTOMETRIC__
__AUTOMETRIC__|0.1.2|2588207|crew_log_f2d067066ae031d2|0|1786915272.369|98.862|3.089|26058563584|35762991104|sim_data_501796ab98789225|__AUTOMETRIC__
__AUTOMETRIC__|0.1.2|2588207|crew_log_f2d067066ae031d2|0|1786915273.371|99.855|3.120|26058563584|35762991104|sim_data_501796ab98789225|__AUTOMETRIC__
__AUTOMETRIC__|0.1.2|2588207|crew_log_f2d067066ae031d2|0|1786915274.372|287.606|8.988|26330144768|36035072000|sim_data_501796ab98789225|__AUTOMETRIC__
__AUTOMETRIC__|0.1.2|2588207|crew_log_f2d067066ae031d2|0|1786915275.374|590.099|18.441|26945658880|36650688512|sim_data_501796ab98789225|__AUTOMETRIC__
__AUTOMETRIC__|0.1.2|2588207|crew_log_f2d067066ae031d2|0|1786915276.376|98.758|3.086|27030069248|36735057920|sim_data_501796ab98789225|__AUTOMETRIC__
__AUTOMETRIC__|0.1.2|2588207|crew_log_f2d067066ae031d2|0|1786915277.378|131.694|4.115|27117625344|36822867968|sim_data_501796ab98789225|__AUTOMETRIC__
__AUTOMETRIC__|0.1.2|2588207|crew_log_f2d067066ae031d2|0|1786915278.555|72.221|2.257|27232706560|36938235904|sim_data_501796ab98789225|__AUTOMETRIC__
__AUTOMETRIC__|0.1.2|2588207|crew_log_f2d067066ae031d2|0|1786915279.557|27.953|0.874|27237163008|36942684160|sim_data_501796ab98789225|__AUTOMETRIC__
__AUTOMETRIC__|0.1.2|2588207|crew_log_f2d067066ae031d2|0|1786915280.559|0.998|0.031|27241095168|36946829312|sim_data_501796ab98789225|__AUTOMETRIC__
__AUTOMETRIC__|0.1.2|2588207|crew_log_f2d067066ae031d2|0|1786915281.561|0.998|0.031|27242668032|36948598784|sim_data_501796ab98789225|__AUTOMETRIC__
__AUTOMETRIC__|0.1.2|2588207|crew_log_f2d067066ae031d2|0|1786915282.562|1.997|0.062|27244503040|36950380544|sim_data_501796ab98789225|__AUTOMETRIC__
__AUTOMETRIC__|0.1.2|2588207|crew_log_f2d067066ae031d2|0|1786915283.689|23.070|0.721|27246862336|36952715264|sim_data_501796ab98789225|__AUTOMETRIC__
__AUTOMETRIC__|0.1.2|2588207|crew_log_f2d067066ae031d2|0|1786915284.691|0.999|0.031|27250008064|36956200960|sim_data_501796ab98789225|__AUTOMETRIC__
__AUTOMETRIC__|0.1.2|2588207|crew_log_f2d067066ae031d2|0|1786915285.692|0.998|0.031|27252367360|36958507008|sim_data_501796ab98789225|__AUTOMETRIC__
__AUTOMETRIC__|0.1.2|2588207|crew_log_f2d067066ae031d2|0|1786915286.694|0.998|0.031|27254988800|36960960512|sim_data_501796ab98789225|__AUTOMETRIC__
__AUTOMETRIC__|0.1.2|2588207|crew_log_f2d067066ae031d2|0|1786915287.697|1.996|0.062|27257348096|36963409920|sim_data_501796ab98789225|__AUTOMETRIC__
__AUTOMETRIC__|0.1.2|2588207|crew_log_f2d067066ae031d2|0|1786915288.698|25.965|0.811|27259707392|36965748736|sim_data_501796ab98789225|__AUTOMETRIC__
__AUTOMETRIC__|0.1.2|2588207|crew_log_f2d067066ae031d2|0|1786915289.699|1.997|0.062|27263377408|36969807872|sim_data_501796ab98789225|__AUTOMETRIC__
__AUTOMETRIC__|0.1.2|2588207|crew_log_f2d067066ae031d2|0|1786915290.701|0.998|0.031|27266523136|36972806144|sim_data_501796ab98789225|__AUTOMETRIC__
__AUTOMETRIC__|0.1.2|2588207|crew_log_f2d067066ae031d2|0|1786915291.702|0.998|0.031|27269406720|36975796224|sim_data_501796ab98789225|__AUTOMETRIC__
__AUTOMETRIC__|0.1.2|2588207|crew_log_f2d067066ae031d2|0|1786915292.704|1.997|0.062|27272290304|36978790400|sim_data_501796ab98789225|__AUTOMETRIC__
__AUTOMETRIC__|0.1.2|2588207|crew_log_f2d067066ae031d2|0|1786915293.705|0.999|0.031|27274911744|36981387264|sim_data_501796ab98789225|__AUTOMETRIC__
__AUTOMETRIC__|0.1.2|2588207|crew_log_f2d067066ae031d2|0|1786915294.707|0.998|0.031|27277795328|36984254464|sim_data_501796ab98789225|__AUTOMETRIC__
__AUTOMETRIC__|0.1.2|2588207|crew_log_f2d067066ae031d2|0|1786915295.708|0.999|0.031|27280678912|36987109376|sim_data_501796ab98789225|__AUTOMETRIC__
__AUTOMETRIC__|0.1.2|2588207|crew_log_f2d067066ae031d2|0|1786915296.710|25.950|0.811|27283038208|36989579264|sim_data_501796ab98789225|__AUTOMETRIC__
__AUTOMETRIC__|0.1.2|2588207|crew_log_f2d067066ae031d2|0|1786915297.712|1.996|0.062|27287756800|36994416640|sim_data_501796ab98789225|__AUTOMETRIC__
__AUTOMETRIC__|0.1.2|2588207|crew_log_f2d067066ae031d2|0|1786915298.714|0.999|0.031|27291426816|36998098944|sim_data_501796ab98789225|__AUTOMETRIC__
__AUTOMETRIC__|0.1.2|2588207|crew_log_f2d067066ae031d2|0|1786915299.715|2.996|0.094|27295096832|37001785344|sim_data_501796ab98789225|__AUTOMETRIC__
__AUTOMETRIC__|0.1.2|2588207|crew_log_f2d067066ae031d2|0|1786915300.716|3.995|0.125|27306893312|37013520384|sim_data_501796ab98789225|__AUTOMETRIC__
__AUTOMETRIC__|0.1.2|2588207|crew_log_f2d067066ae031d2|0|1786915301.717|88.887|2.778|27595857920|37303721984|sim_data_501796ab98789225|__AUTOMETRIC__
__AUTOMETRIC__|0.1.2|2588207|crew_log_f2d067066ae031d2|0|1786915302.719|98.877|3.090|28048318464|37758226432|sim_data_501796ab98789225|__AUTOMETRIC__
__AUTOMETRIC__|0.1.2|2588207|crew_log_f2d067066ae031d2|0|1786915303.720|100.856|3.152|28274024448|37985148928|sim_data_501796ab98789225|__AUTOMETRIC__
__AUTOMETRIC__|0.1.2|2588207|crew_log_f2d067066ae031d2|0|1786915304.721|98.872|3.090|28274024448|37985148928|sim_data_501796ab98789225|__AUTOMETRIC__
__AUTOMETRIC__|0.1.2|2588207|crew_log_f2d067066ae031d2|0|1786915305.723|99.856|3.121|28274024448|37985148928|sim_data_501796ab98789225|__AUTOMETRIC__
__AUTOMETRIC__|0.1.2|2588207|crew_log_f2d067066ae031d2|0|1786915306.725|99.814|3.119|28274024448|37985148928|sim_data_501796ab98789225|__AUTOMETRIC__
__AUTOMETRIC__|0.1.2|2588207|crew_log_f2d067066ae031d2|0|1786915307.727|99.806|3.119|28274024448|37985148928|sim_data_501796ab98789225|__AUTOMETRIC__
__AUTOMETRIC__|0.1.2|2588207|crew_log_f2d067066ae031d2|0|1786915308.728|98.862|3.089|28274024448|37985148928|sim_data_501796ab98789225|__AUTOMETRIC__
__AUTOMETRIC__|0.1.2|2588207|crew_log_f2d067066ae031d2|0|1786915309.729|99.875|3.121|28274024448|37985148928|sim_data_501796ab98789225|__AUTOMETRIC__
__AUTOMETRIC__|0.1.2|2588207|crew_log_f2d067066ae031d2|0|1786915310.731|99.881|3.121|28274024448|37985148928|sim_data_501796ab98789225|__AUTOMETRIC__
__AUTOMETRIC__|0.1.2|2588207|crew_log_f2d067066ae031d2|0|1786915311.732|99.854|3.120|28274024448|37985148928|sim_data_501796ab98789225|__AUTOMETRIC__
__AUTOMETRIC__|0.1.2|2588207|crew_log_f2d067066ae031d2|0|1786915312.733|99.862|3.121|28274024448|37985148928|sim_data_501796ab98789225|__AUTOMETRIC__
__AUTOMETRIC__|0.1.2|2588207|crew_log_f2d067066ae031d2|0|1786915313.735|98.871|3.090|28274024448|37985148928|sim_data_501796ab98789225|__AUTOMETRIC__
__AUTOMETRIC__|0.1.2|2588207|crew_log_f2d067066ae031d2|0|1786915314.736|99.848|3.120|28274024448|37985148928|sim_data_501796ab98789225|__AUTOMETRIC__
__AUTOMETRIC__|0.1.2|2588207|crew_log_f2d067066ae031d2|0|1786915315.738|99.859|3.121|28274024448|37985148928|sim_data_501796ab98789225|__AUTOMETRIC__
__AUTOMETRIC__|0.1.2|2588207|crew_log_f2d067066ae031d2|0|1786915316.739|99.830|3.120|28274024448|37985148928|sim_data_501796ab98789225|__AUTOMETRIC__
__AUTOMETRIC__|0.1.2|2588207|crew_log_f2d067066ae031d2|0|1786915317.741|99.800|3.119|28274024448|37985148928|sim_data_501796ab98789225|__AUTOMETRIC__
__AUTOMETRIC__|0.1.2|2588207|crew_log_f2d067066ae031d2|0|1786915318.743|99.864|3.121|28274810880|37985148928|sim_data_501796ab98789225|__AUTOMETRIC__
__AUTOMETRIC__|0.1.2|2588207|crew_log_f2d067066ae031d2|0|1786915319.744|634.940|19.842|28276383744|37985148928|sim_data_501796ab98789225|__AUTOMETRIC__
__AUTOMETRIC__|0.1.2|2588207|crew_log_f2d067066ae031d2|0|1786915320.746|123.823|3.869|28276383744|37985148928|sim_data_501796ab98789225|__AUTOMETRIC__
__AUTOMETRIC__|0.1.2|2588207|crew_log_f2d067066ae031d2|0|1786915321.748|131.754|4.117|28276383744|37985148928|sim_data_501796ab98789225|__AUTOMETRIC__
__AUTOMETRIC__|0.1.2|2588207|crew_log_f2d067066ae031d2|0|1786915322.938|71.426|2.232|28276383744|37985148928|sim_data_501796ab98789225|__AUTOMETRIC__
__AUTOMETRIC__|0.1.2|2588207|crew_log_f2d067066ae031d2|0|1786915323.939|27.963|0.874|28276383744|37985148928|sim_data_501796ab98789225|__AUTOMETRIC__
__AUTOMETRIC__|0.1.2|2588207|crew_log_f2d067066ae031d2|0|1786915324.940|1.997|0.062|28276383744|37985148928|sim_data_501796ab98789225|__AUTOMETRIC__
__AUTOMETRIC__|0.1.2|2588207|crew_log_f2d067066ae031d2|0|1786915325.942|0.999|0.031|28276383744|37985148928|sim_data_501796ab98789225|__AUTOMETRIC__
__AUTOMETRIC__|0.1.2|2588207|crew_log_f2d067066ae031d2|0|1786915326.943|0.998|0.031|28276383744|37985148928|sim_data_501796ab98789225|__AUTOMETRIC__
__AUTOMETRIC__|0.1.2|2588207|crew_log_f2d067066ae031d2|0|1786915327.945|27.946|0.873|28276383744|37985148928|sim_data_501796ab98789225|__AUTOMETRIC__
__AUTOMETRIC__|0.1.2|2588207|crew_log_f2d067066ae031d2|0|1786915328.947|0.999|0.031|28276383744|37985148928|sim_data_501796ab98789225|__AUTOMETRIC__
__AUTOMETRIC__|0.1.2|2588207|crew_log_f2d067066ae031d2|0|1786915329.948|0.999|0.031|28276383744|37985148928|sim_data_501796ab98789225|__AUTOMETRIC__
__AUTOMETRIC__|0.1.2|2588207|crew_log_f2d067066ae031d2|0|1786915331.059|26.105|0.816|28276383744|37985148928|sim_data_501796ab98789225|__AUTOMETRIC__
__AUTOMETRIC__|0.1.2|2588207|crew_log_f2d067066ae031d2|0|1786915332.060|0.998|0.031|28276383744|37985148928|sim_data_501796ab98789225|__AUTOMETRIC__
__AUTOMETRIC__|0.1.2|2588207|crew_log_f2d067066ae031d2|0|1786915333.062|0.999|0.031|28276383744|37985148928|sim_data_501796ab98789225|__AUTOMETRIC__
__AUTOMETRIC__|0.1.2|2588207|crew_log_f2d067066ae031d2|0|1786915334.063|1.997|0.062|28276383744|37985148928|sim_data_501796ab98789225|__AUTOMETRIC__
__AUTOMETRIC__|0.1.2|2588207|crew_log_f2d067066ae031d2|0|1786915335.064|26.964|0.843|28276383744|37985148928|sim_data_501796ab98789225|__AUTOMETRIC__
__AUTOMETRIC__|0.1.2|2588207|crew_log_f2d067066ae031d2|0|1786915336.067|1.996|0.062|28276383744|37985148928|sim_data_501796ab98789225|__AUTOMETRIC__
__AUTOMETRIC__|0.1.2|2588207|crew_log_f2d067066ae031d2|0|1786915337.068|0.998|0.031|28276383744|37985148928|sim_data_501796ab98789225|__AUTOMETRIC__
__AUTOMETRIC__|0.1.2|2588207|crew_log_f2d067066ae031d2|0|1786915338.070|9.982|0.312|28276383744|37985148928|sim_data_501796ab98789225|__AUTOMETRIC__
__AUTOMETRIC__|0.1.2|2588207|crew_log_f2d067066ae031d2|0|1786915339.071|80.898|2.528|28276645888|37985148928|sim_data_501796ab98789225|__AUTOMETRIC__
__AUTOMETRIC__|0.1.2|2588207|crew_log_f2d067066ae031d2|0|1786915340.072|99.875|3.121|28276645888|37985148928|sim_data_501796ab98789225|__AUTOMETRIC__
__AUTOMETRIC__|0.1.2|2588207|crew_log_f2d067066ae031d2|0|1786915341.074|98.870|3.090|28276908032|37985148928|sim_data_501796ab98789225|__AUTOMETRIC__
__AUTOMETRIC__|0.1.2|2588207|crew_log_f2d067066ae031d2|0|1786915342.075|564.296|17.634|28280840192|37985148928|sim_data_501796ab98789225|__AUTOMETRIC__
__AUTOMETRIC__|0.1.2|2588207|crew_log_f2d067066ae031d2|0|1786915343.076|190.751|5.961|28280840192|37985148928|sim_data_501796ab98789225|__AUTOMETRIC__
__AUTOMETRIC__|0.1.2|2588207|crew_log_f2d067066ae031d2|0|1786915344.078|131.796|4.119|28280840192|37985148928|sim_data_501796ab98789225|__AUTOMETRIC__
__AUTOMETRIC__|0.1.2|2588207|crew_log_f2d067066ae031d2|0|1786915345.079|85.873|2.684|28280840192|37985148928|sim_data_501796ab98789225|__AUTOMETRIC__
__AUTOMETRIC__|0.1.2|2588207|crew_log_f2d067066ae031d2|0|1786915346.180|49.951|1.561|28280840192|37985148928|sim_data_501796ab98789225|__AUTOMETRIC__
__AUTOMETRIC__|0.1.2|2588207|crew_log_f2d067066ae031d2|0|1786915347.182|0.998|0.031|28280840192|37985148928|sim_data_501796ab98789225|__AUTOMETRIC__
__AUTOMETRIC__|0.1.2|2588207|crew_log_f2d067066ae031d2|0|1786915348.184|0.998|0.031|28280840192|37985148928|sim_data_501796ab98789225|__AUTOMETRIC__
__AUTOMETRIC__|0.1.2|2588207|crew_log_f2d067066ae031d2|0|1786915349.186|1.997|0.062|28280840192|37985148928|sim_data_501796ab98789225|__AUTOMETRIC__
__AUTOMETRIC__|0.1.2|2588207|crew_log_f2d067066ae031d2|0|1786915350.187|25.959|0.811|28280840192|37985148928|sim_data_501796ab98789225|__AUTOMETRIC__
__AUTOMETRIC__|0.1.2|2588207|crew_log_f2d067066ae031d2|0|1786915351.189|1.996|0.062|28280840192|37985148928|sim_data_501796ab98789225|__AUTOMETRIC__
__AUTOMETRIC__|0.1.2|2588207|crew_log_f2d067066ae031d2|0|1786915352.190|1.997|0.062|28280840192|37985148928|sim_data_501796ab98789225|__AUTOMETRIC__
__AUTOMETRIC__|0.1.2|2588207|crew_log_f2d067066ae031d2|0|1786915353.192|0.998|0.031|28280840192|37985148928|sim_data_501796ab98789225|__AUTOMETRIC__
__AUTOMETRIC__|0.1.2|2588207|crew_log_f2d067066ae031d2|0|1786915354.194|26.958|0.842|28280840192|37985148928|sim_data_501796ab98789225|__AUTOMETRIC__
__AUTOMETRIC__|0.1.2|2588207|crew_log_f2d067066ae031d2|0|1786915355.195|0.999|0.031|28280840192|37985148928|sim_data_501796ab98789225|__AUTOMETRIC__
__AUTOMETRIC__|0.1.2|2588207|crew_log_f2d067066ae031d2|0|1786915356.196|1.997|0.062|28280840192|37985148928|sim_data_501796ab98789225|__AUTOMETRIC__
__AUTOMETRIC__|0.1.2|2588207|crew_log_f2d067066ae031d2|0|1786915357.404|23.183|0.724|28280840192|37985148928|sim_data_501796ab98789225|__AUTOMETRIC__
__AUTOMETRIC__|0.1.2|2588207|crew_log_f2d067066ae031d2|0|1786915358.406|0.998|0.031|28280840192|37985148928|sim_data_501796ab98789225|__AUTOMETRIC__
__AUTOMETRIC__|0.1.2|2588207|crew_log_f2d067066ae031d2|0|1786915359.407|0.999|0.031|28280840192|37985148928|sim_data_501796ab98789225|__AUTOMETRIC__
__AUTOMETRIC__|0.1.2|2588207|crew_log_f2d067066ae031d2|0|1786915360.409|1.997|0.062|28280840192|37985148928|sim_data_501796ab98789225|__AUTOMETRIC__
__AUTOMETRIC__|0.1.2|2588207|crew_log_f2d067066ae031d2|0|1786915361.410|34.949|1.092|28280840192|37985148928|sim_data_501796ab98789225|__AUTOMETRIC__
__AUTOMETRIC__|0.1.2|2588207|crew_log_f2d067066ae031d2|0|1786915362.412|87.883|2.746|28280840192|37985148928|sim_data_501796ab98789225|__AUTOMETRIC__
__AUTOMETRIC__|0.1.2|2588207|crew_log_f2d067066ae031d2|0|1786915363.413|99.860|3.121|28280840192|37985148928|sim_data_501796ab98789225|__AUTOMETRIC__
__AUTOMETRIC__|0.1.2|2588207|crew_log_f2d067066ae031d2|0|1786915364.414|99.862|3.121|28291063808|37995671552|sim_data_501796ab98789225|__AUTOMETRIC__
__AUTOMETRIC__|0.1.2|2588207|crew_log_f2d067066ae031d2|0|1786915365.416|562.179|17.568|28291063808|37995671552|sim_data_501796ab98789225|__AUTOMETRIC__
__AUTOMETRIC__|0.1.2|2588207|crew_log_f2d067066ae031d2|0|1786915366.417|314.550|9.830|28291063808|37995671552|sim_data_501796ab98789225|__AUTOMETRIC__
__AUTOMETRIC__|0.1.2|2588207|crew_log_f2d067066ae031d2|0|1786915367.419|130.765|4.086|28291063808|37995671552|sim_data_501796ab98789225|__AUTOMETRIC__
__AUTOMETRIC__|0.1.2|2588207|crew_log_f2d067066ae031d2|0|1786915368.485|99.473|3.109|28291063808|37995671552|sim_data_501796ab98789225|__AUTOMETRIC__
__AUTOMETRIC__|0.1.2|2588207|crew_log_f2d067066ae031d2|0|1786915369.716|44.657|1.396|28291063808|37995671552|sim_data_501796ab98789225|__AUTOMETRIC__
__AUTOMETRIC__|0.1.2|2588207|crew_log_f2d067066ae031d2|0|1786915370.718|0.999|0.031|28291063808|37995671552|sim_data_501796ab98789225|__AUTOMETRIC__
__AUTOMETRIC__|0.1.2|2588207|crew_log_f2d067066ae031d2|0|1786915371.719|0.998|0.031|28291063808|37995671552|sim_data_501796ab98789225|__AUTOMETRIC__
__AUTOMETRIC__|0.1.2|2588207|crew_log_f2d067066ae031d2|0|1786915372.721|0.998|0.031|28291063808|37995671552|sim_data_501796ab98789225|__AUTOMETRIC__
__AUTOMETRIC__|0.1.2|2588207|crew_log_f2d067066ae031d2|0|1786915373.722|26.962|0.843|28291063808|37995671552|sim_data_501796ab98789225|__AUTOMETRIC__
__AUTOMETRIC__|0.1.2|2588207|crew_log_f2d067066ae031d2|0|1786915374.724|2.995|0.094|28291063808|37995671552|sim_data_501796ab98789225|__AUTOMETRIC__
__AUTOMETRIC__|0.1.2|2588207|crew_log_f2d067066ae031d2|0|1786915375.725|0.999|0.031|28291063808|37995671552|sim_data_501796ab98789225|__AUTOMETRIC__
__AUTOMETRIC__|0.1.2|2588207|crew_log_f2d067066ae031d2|0|1786915376.727|0.999|0.031|28291063808|37995671552|sim_data_501796ab98789225|__AUTOMETRIC__
__AUTOMETRIC__|0.1.2|2588207|crew_log_f2d067066ae031d2|0|1786915377.729|26.941|0.842|28291063808|37995671552|sim_data_501796ab98789225|__AUTOMETRIC__
__AUTOMETRIC__|0.1.2|2588207|crew_log_f2d067066ae031d2|0|1786915378.730|1.997|0.062|28291063808|37995671552|sim_data_501796ab98789225|__AUTOMETRIC__
__AUTOMETRIC__|0.1.2|2588207|crew_log_f2d067066ae031d2|0|1786915379.732|0.998|0.031|28291063808|37995671552|sim_data_501796ab98789225|__AUTOMETRIC__
__AUTOMETRIC__|0.1.2|2588207|crew_log_f2d067066ae031d2|0|1786915380.733|0.999|0.031|28291063808|37995671552|sim_data_501796ab98789225|__AUTOMETRIC__
__AUTOMETRIC__|0.1.2|2588207|crew_log_f2d067066ae031d2|0|1786915381.735|28.955|0.905|28291063808|37995671552|sim_data_501796ab98789225|__AUTOMETRIC__
__AUTOMETRIC__|0.1.2|2588207|crew_log_f2d067066ae031d2|0|1786915382.737|0.998|0.031|28291063808|37995671552|sim_data_501796ab98789225|__AUTOMETRIC__
__AUTOMETRIC__|0.1.2|2588207|crew_log_f2d067066ae031d2|0|1786915383.738|1.997|0.062|28291063808|37995671552|sim_data_501796ab98789225|__AUTOMETRIC__
__AUTOMETRIC__|0.1.2|2588207|crew_log_f2d067066ae031d2|0|1786915384.739|19.973|0.624|28291063808|37997432832|sim_data_501796ab98789225|__AUTOMETRIC__
__AUTOMETRIC__|0.1.2|2588207|crew_log_f2d067066ae031d2|0|1786915385.741|80.887|2.528|28291084288|37995671552|sim_data_501796ab98789225|__AUTOMETRIC__
__AUTOMETRIC__|0.1.2|2588207|crew_log_f2d067066ae031d2|0|1786915386.742|98.837|3.089|28291084288|37995671552|sim_data_501796ab98789225|__AUTOMETRIC__
__AUTOMETRIC__|0.1.2|2588207|crew_log_f2d067066ae031d2|0|1786915387.744|99.848|3.120|28291084288|37995671552|sim_data_501796ab98789225|__AUTOMETRIC__
__AUTOMETRIC__|0.1.2|2588207|crew_log_f2d067066ae031d2|0|1786915388.745|601.239|18.789|28291084288|37995671552|sim_data_501796ab98789225|__AUTOMETRIC__
__AUTOMETRIC__|0.1.2|2588207|crew_log_f2d067066ae031d2|0|1786915389.747|244.576|7.643|28291084288|37995671552|sim_data_501796ab98789225|__AUTOMETRIC__
__AUTOMETRIC__|0.1.2|2588207|crew_log_f2d067066ae031d2|0|1786915390.748|131.802|4.119|28291084288|37995671552|sim_data_501796ab98789225|__AUTOMETRIC__
__AUTOMETRIC__|0.1.2|2588207|crew_log_f2d067066ae031d2|0|1786915391.904|99.551|3.111|28291084288|37995671552|sim_data_501796ab98789225|__AUTOMETRIC__
__AUTOMETRIC__|0.1.2|2588207|crew_log_f2d067066ae031d2|0|1786915393.158|43.030|1.345|28291084288|37995671552|sim_data_501796ab98789225|__AUTOMETRIC__
__AUTOMETRIC__|0.1.2|2588207|crew_log_f2d067066ae031d2|0|1786915394.160|1.997|0.062|28291084288|37995671552|sim_data_501796ab98789225|__AUTOMETRIC__
__AUTOMETRIC__|0.1.2|2588207|crew_log_f2d067066ae031d2|0|1786915395.161|0.999|0.031|28291084288|37995671552|sim_data_501796ab98789225|__AUTOMETRIC__
__AUTOMETRIC__|0.1.2|2588207|crew_log_f2d067066ae031d2|0|1786915396.163|0.998|0.031|28291084288|37995671552|sim_data_501796ab98789225|__AUTOMETRIC__
__AUTOMETRIC__|0.1.2|2588207|crew_log_f2d067066ae031d2|0|1786915397.164|27.957|0.874|28291084288|37995671552|sim_data_501796ab98789225|__AUTOMETRIC__
__AUTOMETRIC__|0.1.2|2588207|crew_log_f2d067066ae031d2|0|1786915398.166|0.998|0.031|28291084288|37995671552|sim_data_501796ab98789225|__AUTOMETRIC__
__AUTOMETRIC__|0.1.2|2588207|crew_log_f2d067066ae031d2|0|1786915399.168|0.999|0.031|28291084288|37995671552|sim_data_501796ab98789225|__AUTOMETRIC__
__AUTOMETRIC__|0.1.2|2588207|crew_log_f2d067066ae031d2|0|1786915400.327|24.152|0.755|28291084288|37995671552|sim_data_501796ab98789225|__AUTOMETRIC__
__AUTOMETRIC__|0.1.2|2588207|crew_log_f2d067066ae031d2|0|1786915401.328|0.999|0.031|28291084288|37995671552|sim_data_501796ab98789225|__AUTOMETRIC__
__AUTOMETRIC__|0.1.2|2588207|crew_log_f2d067066ae031d2|0|1786915402.330|1.997|0.062|28291084288|37995671552|sim_data_501796ab98789225|__AUTOMETRIC__
__AUTOMETRIC__|0.1.2|2588207|crew_log_f2d067066ae031d2|0|1786915403.331|0.998|0.031|28291084288|37995671552|sim_data_501796ab98789225|__AUTOMETRIC__
__AUTOMETRIC__|0.1.2|2588207|crew_log_f2d067066ae031d2|0|1786915404.333|26.960|0.843|28291084288|37995671552|sim_data_501796ab98789225|__AUTOMETRIC__
__AUTOMETRIC__|0.1.2|2588207|crew_log_f2d067066ae031d2|0|1786915405.334|1.997|0.062|28291084288|37995671552|sim_data_501796ab98789225|__AUTOMETRIC__
__AUTOMETRIC__|0.1.2|2588207|crew_log_f2d067066ae031d2|0|1786915406.336|0.999|0.031|28291084288|37995671552|sim_data_501796ab98789225|__AUTOMETRIC__
__AUTOMETRIC__|0.1.2|2588207|crew_log_f2d067066ae031d2|0|1786915407.337|18.967|0.593|28291084288|37995671552|sim_data_501796ab98789225|__AUTOMETRIC__
__AUTOMETRIC__|0.1.2|2588207|crew_log_f2d067066ae031d2|0|1786915408.339|89.898|2.809|28291084288|37995671552|sim_data_501796ab98789225|__AUTOMETRIC__
__AUTOMETRIC__|0.1.2|2588207|crew_log_f2d067066ae031d2|0|1786915409.340|98.847|3.089|28291084288|37995671552|sim_data_501796ab98789225|__AUTOMETRIC__
__AUTOMETRIC__|0.1.2|2588207|crew_log_f2d067066ae031d2|0|1786915410.341|99.874|3.121|28295016448|37999456256|sim_data_501796ab98789225|__AUTOMETRIC__
__AUTOMETRIC__|0.1.2|2588207|crew_log_f2d067066ae031d2|0|1786915411.343|472.407|14.763|28295016448|37999456256|sim_data_501796ab98789225|__AUTOMETRIC__
__AUTOMETRIC__|0.1.2|2588207|crew_log_f2d067066ae031d2|0|1786915412.344|312.542|9.767|28295016448|37999456256|sim_data_501796ab98789225|__AUTOMETRIC__
__AUTOMETRIC__|0.1.2|2588207|crew_log_f2d067066ae031d2|0|1786915413.345|130.821|4.088|28295016448|37999456256|sim_data_501796ab98789225|__AUTOMETRIC__
__AUTOMETRIC__|0.1.2|2588207|crew_log_f2d067066ae031d2|0|1786915414.442|99.431|3.107|28295016448|37999456256|sim_data_501796ab98789225|__AUTOMETRIC__
__AUTOMETRIC__|0.1.2|2588207|crew_log_f2d067066ae031d2|0|1786915415.679|44.449|1.389|28295016448|37999456256|sim_data_501796ab98789225|__AUTOMETRIC__
__AUTOMETRIC__|0.1.2|2588207|crew_log_f2d067066ae031d2|0|1786915416.681|1.997|0.062|28295016448|37999456256|sim_data_501796ab98789225|__AUTOMETRIC__
__AUTOMETRIC__|0.1.2|2588207|crew_log_f2d067066ae031d2|0|1786915417.682|0.999|0.031|28295016448|37999456256|sim_data_501796ab98789225|__AUTOMETRIC__
__AUTOMETRIC__|0.1.2|2588207|crew_log_f2d067066ae031d2|0|1786915418.684|1.997|0.062|28295016448|37999456256|sim_data_501796ab98789225|__AUTOMETRIC__
__AUTOMETRIC__|0.1.2|2588207|crew_log_f2d067066ae031d2|0|1786915419.686|25.946|0.811|28295016448|37999456256|sim_data_501796ab98789225|__AUTOMETRIC__
__AUTOMETRIC__|0.1.2|2588207|crew_log_f2d067066ae031d2|0|1786915420.687|1.997|0.062|28295016448|37999456256|sim_data_501796ab98789225|__AUTOMETRIC__
__AUTOMETRIC__|0.1.2|2588207|crew_log_f2d067066ae031d2|0|1786915421.689|0.999|0.031|28295016448|37999456256|sim_data_501796ab98789225|__AUTOMETRIC__
__AUTOMETRIC__|0.1.2|2588207|crew_log_f2d067066ae031d2|0|1786915422.690|1.997|0.062|28295016448|37999456256|sim_data_501796ab98789225|__AUTOMETRIC__
__AUTOMETRIC__|0.1.2|2588207|crew_log_f2d067066ae031d2|0|1786915423.691|27.964|0.874|28295016448|37999456256|sim_data_501796ab98789225|__AUTOMETRIC__
__AUTOMETRIC__|0.1.2|2588207|crew_log_f2d067066ae031d2|0|1786915424.693|0.999|0.031|28295016448|37999456256|sim_data_501796ab98789225|__AUTOMETRIC__
__AUTOMETRIC__|0.1.2|2588207|crew_log_f2d067066ae031d2|0|1786915425.694|0.999|0.031|28295016448|37999456256|sim_data_501796ab98789225|__AUTOMETRIC__
__AUTOMETRIC__|0.1.2|2588207|crew_log_f2d067066ae031d2|0|1786915426.709|27.608|0.863|28295016448|37999456256|sim_data_501796ab98789225|__AUTOMETRIC__
__AUTOMETRIC__|0.1.2|2588207|crew_log_f2d067066ae031d2|0|1786915427.710|1.997|0.062|28295016448|37999456256|sim_data_501796ab98789225|__AUTOMETRIC__
__AUTOMETRIC__|0.1.2|2588207|crew_log_f2d067066ae031d2|0|1786915428.712|0.998|0.031|28295016448|37999456256|sim_data_501796ab98789225|__AUTOMETRIC__
__AUTOMETRIC__|0.1.2|2588207|crew_log_f2d067066ae031d2|0|1786915429.714|0.998|0.031|28295016448|37999456256|sim_data_501796ab98789225|__AUTOMETRIC__
__AUTOMETRIC__|0.1.2|2588207|crew_log_f2d067066ae031d2|0|1786915430.715|52.935|1.654|28296065024|38001217536|sim_data_501796ab98789225|__AUTOMETRIC__
__AUTOMETRIC__|0.1.2|2588207|crew_log_f2d067066ae031d2|0|1786915431.716|98.858|3.089|28295016448|37999456256|sim_data_501796ab98789225|__AUTOMETRIC__
__AUTOMETRIC__|0.1.2|2588207|crew_log_f2d067066ae031d2|0|1786915432.718|99.875|3.121|28295016448|37999456256|sim_data_501796ab98789225|__AUTOMETRIC__
__AUTOMETRIC__|0.1.2|2588207|crew_log_f2d067066ae031d2|0|1786915433.719|336.498|10.516|28295016448|37999456256|sim_data_501796ab98789225|__AUTOMETRIC__
__AUTOMETRIC__|0.1.2|2588207|crew_log_f2d067066ae031d2|0|1786915434.721|410.428|12.826|28295016448|37999456256|sim_data_501796ab98789225|__AUTOMETRIC__
__AUTOMETRIC__|0.1.2|2588207|crew_log_f2d067066ae031d2|0|1786915435.722|99.865|3.121|28295016448|37999456256|sim_data_501796ab98789225|__AUTOMETRIC__
__AUTOMETRIC__|0.1.2|2588207|crew_log_f2d067066ae031d2|0|1786915436.723|120.838|3.776|28295016448|37999456256|sim_data_501796ab98789225|__AUTOMETRIC__
__AUTOMETRIC__|0.1.2|2588207|crew_log_f2d067066ae031d2|0|1786915437.725|79.887|2.496|28295016448|37999456256|sim_data_501796ab98789225|__AUTOMETRIC__
__AUTOMETRIC__|0.1.2|2588207|crew_log_f2d067066ae031d2|0|1786915438.782|52.031|1.626|28295016448|37999456256|sim_data_501796ab98789225|__AUTOMETRIC__
__AUTOMETRIC__|0.1.2|2588207|crew_log_f2d067066ae031d2|0|1786915439.784|1.996|0.062|28295016448|37999456256|sim_data_501796ab98789225|__AUTOMETRIC__
__AUTOMETRIC__|0.1.2|2588207|crew_log_f2d067066ae031d2|0|1786915440.785|0.999|0.031|28295016448|37999456256|sim_data_501796ab98789225|__AUTOMETRIC__
__AUTOMETRIC__|0.1.2|2588207|crew_log_f2d067066ae031d2|0|1786915441.787|0.998|0.031|28295016448|37999456256|sim_data_501796ab98789225|__AUTOMETRIC__
__AUTOMETRIC__|0.1.2|2588207|crew_log_f2d067066ae031d2|0|1786915442.788|0.999|0.031|28295016448|37999456256|sim_data_501796ab98789225|__AUTOMETRIC__
__AUTOMETRIC__|0.1.2|2588207|crew_log_f2d067066ae031d2|0|1786915443.790|27.962|0.874|28295016448|37999456256|sim_data_501796ab98789225|__AUTOMETRIC__
__AUTOMETRIC__|0.1.2|2588207|crew_log_f2d067066ae031d2|0|1786915444.791|0.999|0.031|28295016448|37999456256|sim_data_501796ab98789225|__AUTOMETRIC__
__AUTOMETRIC__|0.1.2|2588207|crew_log_f2d067066ae031d2|0|1786915445.793|0.999|0.031|28295016448|37999456256|sim_data_501796ab98789225|__AUTOMETRIC__
__AUTOMETRIC__|0.1.2|2588207|crew_log_f2d067066ae031d2|0|1786915446.794|0.998|0.031|28295016448|37999456256|sim_data_501796ab98789225|__AUTOMETRIC__
__AUTOMETRIC__|0.1.2|2588207|crew_log_f2d067066ae031d2|0|1786915447.796|0.999|0.031|28295016448|37999456256|sim_data_501796ab98789225|__AUTOMETRIC__
__AUTOMETRIC__|0.1.2|2588207|crew_log_f2d067066ae031d2|0|1786915448.798|27.948|0.873|28295016448|37999456256|sim_data_501796ab98789225|__AUTOMETRIC__
__AUTOMETRIC__|0.1.2|2588207|crew_log_f2d067066ae031d2|0|1786915449.800|0.998|0.031|28295016448|37999456256|sim_data_501796ab98789225|__AUTOMETRIC__
__AUTOMETRIC__|0.1.2|2588207|crew_log_f2d067066ae031d2|0|1786915450.801|1.997|0.062|28295016448|37999456256|sim_data_501796ab98789225|__AUTOMETRIC__
__AUTOMETRIC__|0.1.2|2588207|crew_log_f2d067066ae031d2|0|1786915451.802|0.999|0.031|28295016448|37999456256|sim_data_501796ab98789225|__AUTOMETRIC__
__AUTOMETRIC__|0.1.2|2588207|crew_log_f2d067066ae031d2|0|1786915452.804|0.999|0.031|28295016448|37999456256|sim_data_501796ab98789225|__AUTOMETRIC__
__AUTOMETRIC__|0.1.2|2588207|crew_log_f2d067066ae031d2|0|1786915453.805|27.957|0.874|28295016448|37999456256|sim_data_501796ab98789225|__AUTOMETRIC__
__AUTOMETRIC__|0.1.2|2588207|crew_log_f2d067066ae031d2|0|1786915454.807|0.999|0.031|28295016448|37999456256|sim_data_501796ab98789225|__AUTOMETRIC__
__AUTOMETRIC__|0.1.2|2588207|crew_log_f2d067066ae031d2|0|1786915455.808|1.997|0.062|28295016448|37999456256|sim_data_501796ab98789225|__AUTOMETRIC__
__AUTOMETRIC__|0.1.2|2588207|crew_log_f2d067066ae031d2|0|1786915456.810|0.999|0.031|28295016448|37999456256|sim_data_501796ab98789225|__AUTOMETRIC__
__AUTOMETRIC__|0.1.2|2588207|crew_log_f2d067066ae031d2|0|1786915457.811|0.998|0.031|28295016448|37999456256|sim_data_501796ab98789225|__AUTOMETRIC__
__AUTOMETRIC__|0.1.2|2588207|crew_log_f2d067066ae031d2|0|1786915458.813|84.836|2.651|28295016448|37999456256|sim_data_501796ab98789225|__AUTOMETRIC__
__AUTOMETRIC__|0.1.2|2588207|crew_log_f2d067066ae031d2|0|1786915459.815|99.804|3.119|28295016448|37999456256|sim_data_501796ab98789225|__AUTOMETRIC__
__AUTOMETRIC__|0.1.2|2588207|crew_log_f2d067066ae031d2|0|1786915460.817|99.862|3.121|28295016448|37999456256|sim_data_501796ab98789225|__AUTOMETRIC__
__AUTOMETRIC__|0.1.2|2588207|crew_log_f2d067066ae031d2|0|1786915461.818|192.726|6.023|28295016448|37999456256|sim_data_501796ab98789225|__AUTOMETRIC__
__AUTOMETRIC__|0.1.2|2588207|crew_log_f2d067066ae031d2|0|1786915462.820|560.997|17.531|28295016448|37999456256|sim_data_501796ab98789225|__AUTOMETRIC__
__AUTOMETRIC__|0.1.2|2588207|crew_log_f2d067066ae031d2|0|1786915463.821|98.863|3.089|28295016448|37999456256|sim_data_501796ab98789225|__AUTOMETRIC__
__AUTOMETRIC__|0.1.2|2588207|crew_log_f2d067066ae031d2|0|1786915464.823|131.763|4.118|28295016448|37999456256|sim_data_501796ab98789225|__AUTOMETRIC__
__AUTOMETRIC__|0.1.2|2588207|crew_log_f2d067066ae031d2|0|1786915465.916|69.520|2.172|28295016448|37999456256|sim_data_501796ab98789225|__AUTOMETRIC__
__AUTOMETRIC__|0.1.2|2588207|crew_log_f2d067066ae031d2|0|1786915466.918|27.959|0.874|28295016448|37999456256|sim_data_501796ab98789225|__AUTOMETRIC__
__AUTOMETRIC__|0.1.2|2588207|crew_log_f2d067066ae031d2|0|1786915467.919|1.997|0.062|28295016448|37999456256|sim_data_501796ab98789225|__AUTOMETRIC__
__AUTOMETRIC__|0.1.2|2588207|crew_log_f2d067066ae031d2|0|1786915468.921|0.998|0.031|28295016448|37999456256|sim_data_501796ab98789225|__AUTOMETRIC__
__AUTOMETRIC__|0.1.2|2588207|crew_log_f2d067066ae031d2|0|1786915469.923|0.998|0.031|28295016448|37999456256|sim_data_501796ab98789225|__AUTOMETRIC__
__AUTOMETRIC__|0.1.2|2588207|crew_log_f2d067066ae031d2|0|1786915470.924|27.959|0.874|28295016448|37999456256|sim_data_501796ab98789225|__AUTOMETRIC__
__AUTOMETRIC__|0.1.2|2588207|crew_log_f2d067066ae031d2|0|1786915471.926|0.999|0.031|28295016448|37999456256|sim_data_501796ab98789225|__AUTOMETRIC__
__AUTOMETRIC__|0.1.2|2588207|crew_log_f2d067066ae031d2|0|1786915472.927|0.999|0.031|28295016448|37999456256|sim_data_501796ab98789225|__AUTOMETRIC__
__AUTOMETRIC__|0.1.2|2588207|crew_log_f2d067066ae031d2|0|1786915473.928|26.967|0.843|28295016448|37999456256|sim_data_501796ab98789225|__AUTOMETRIC__
__AUTOMETRIC__|0.1.2|2588207|crew_log_f2d067066ae031d2|0|1786915474.930|1.997|0.062|28295016448|37999456256|sim_data_501796ab98789225|__AUTOMETRIC__
__AUTOMETRIC__|0.1.2|2588207|crew_log_f2d067066ae031d2|0|1786915475.931|1.997|0.062|28295016448|37999456256|sim_data_501796ab98789225|__AUTOMETRIC__
__AUTOMETRIC__|0.1.2|2588207|crew_log_f2d067066ae031d2|0|1786915476.933|0.999|0.031|28295016448|37999456256|sim_data_501796ab98789225|__AUTOMETRIC__
__AUTOMETRIC__|0.1.2|2588207|crew_log_f2d067066ae031d2|0|1786915477.934|26.959|0.842|28295016448|37999456256|sim_data_501796ab98789225|__AUTOMETRIC__
__AUTOMETRIC__|0.1.2|2588207|crew_log_f2d067066ae031d2|0|1786915478.936|1.996|0.062|28295016448|37999456256|sim_data_501796ab98789225|__AUTOMETRIC__
__AUTOMETRIC__|0.1.2|2588207|crew_log_f2d067066ae031d2|0|1786915479.938|0.998|0.031|28295016448|37999456256|sim_data_501796ab98789225|__AUTOMETRIC__
__AUTOMETRIC__|0.1.2|2588207|crew_log_f2d067066ae031d2|0|1786915480.940|25.961|0.811|28295016448|37999456256|sim_data_501796ab98789225|__AUTOMETRIC__
__AUTOMETRIC__|0.1.2|2588207|crew_log_f2d067066ae031d2|0|1786915481.941|92.874|2.902|28295016448|37999456256|sim_data_501796ab98789225|__AUTOMETRIC__
__AUTOMETRIC__|0.1.2|2588207|crew_log_f2d067066ae031d2|0|1786915482.942|98.850|3.089|28295016448|37999456256|sim_data_501796ab98789225|__AUTOMETRIC__
__AUTOMETRIC__|0.1.2|2588207|crew_log_f2d067066ae031d2|0|1786915483.944|116.836|3.651|28295016448|37999456256|sim_data_501796ab98789225|__AUTOMETRIC__
__AUTOMETRIC__|0.1.2|2588207|crew_log_f2d067066ae031d2|0|1786915484.945|574.254|17.945|28295016448|37999456256|sim_data_501796ab98789225|__AUTOMETRIC__
__AUTOMETRIC__|0.1.2|2588207|crew_log_f2d067066ae031d2|0|1786915485.947|713.966|22.311|28295016448|37999456256|sim_data_501796ab98789225|__AUTOMETRIC__
__AUTOMETRIC__|0.1.2|2588207|crew_log_f2d067066ae031d2|0|1786915486.948|98.871|3.090|28295016448|37999456256|sim_data_501796ab98789225|__AUTOMETRIC__
__AUTOMETRIC__|0.1.2|2588207|crew_log_f2d067066ae031d2|0|1786915487.949|131.829|4.120|28295016448|37999456256|sim_data_501796ab98789225|__AUTOMETRIC__
__AUTOMETRIC__|0.1.2|2588207|crew_log_f2d067066ae031d2|0|1786915488.951|93.856|2.933|28295016448|37999456256|sim_data_501796ab98789225|__AUTOMETRIC__
__AUTOMETRIC__|0.1.2|2588207|crew_log_f2d067066ae031d2|0|1786915490.158|45.570|1.424|28295016448|37999456256|sim_data_501796ab98789225|__AUTOMETRIC__
__AUTOMETRIC__|0.1.2|2588207|crew_log_f2d067066ae031d2|0|1786915491.159|1.997|0.062|28295016448|37999456256|sim_data_501796ab98789225|__AUTOMETRIC__
__AUTOMETRIC__|0.1.2|2588207|crew_log_f2d067066ae031d2|0|1786915492.160|0.999|0.031|28295016448|37999456256|sim_data_501796ab98789225|__AUTOMETRIC__
__AUTOMETRIC__|0.1.2|2588207|crew_log_f2d067066ae031d2|0|1786915493.162|0.998|0.031|28295016448|37999456256|sim_data_501796ab98789225|__AUTOMETRIC__
__AUTOMETRIC__|0.1.2|2588207|crew_log_f2d067066ae031d2|0|1786915494.163|0.999|0.031|28295016448|37999456256|sim_data_501796ab98789225|__AUTOMETRIC__
__AUTOMETRIC__|0.1.2|2588207|crew_log_f2d067066ae031d2|0|1786915495.165|26.965|0.843|28295016448|37999456256|sim_data_501796ab98789225|__AUTOMETRIC__
__AUTOMETRIC__|0.1.2|2588207|crew_log_f2d067066ae031d2|0|1786915496.166|0.998|0.031|28295016448|37999456256|sim_data_501796ab98789225|__AUTOMETRIC__
__AUTOMETRIC__|0.1.2|2588207|crew_log_f2d067066ae031d2|0|1786915497.168|0.999|0.031|28295016448|37999456256|sim_data_501796ab98789225|__AUTOMETRIC__
__AUTOMETRIC__|0.1.2|2588207|crew_log_f2d067066ae031d2|0|1786915498.169|0.999|0.031|28295016448|37999456256|sim_data_501796ab98789225|__AUTOMETRIC__
__AUTOMETRIC__|0.1.2|2588207|crew_log_f2d067066ae031d2|0|1786915499.170|27.962|0.874|28295016448|37999456256|sim_data_501796ab98789225|__AUTOMETRIC__
__AUTOMETRIC__|0.1.2|2588207|crew_log_f2d067066ae031d2|0|1786915500.172|1.997|0.062|28295016448|37999456256|sim_data_501796ab98789225|__AUTOMETRIC__
__AUTOMETRIC__|0.1.2|2588207|crew_log_f2d067066ae031d2|0|1786915501.173|0.999|0.031|28295016448|37999456256|sim_data_501796ab98789225|__AUTOMETRIC__
__AUTOMETRIC__|0.1.2|2588207|crew_log_f2d067066ae031d2|0|1786915502.174|0.999|0.031|28295016448|37999456256|sim_data_501796ab98789225|__AUTOMETRIC__
__AUTOMETRIC__|0.1.2|2588207|crew_log_f2d067066ae031d2|0|1786915503.176|27.957|0.874|28295016448|37999456256|sim_data_501796ab98789225|__AUTOMETRIC__
__AUTOMETRIC__|0.1.2|2588207|crew_log_f2d067066ae031d2|0|1786915504.177|1.997|0.062|28295016448|37999456256|sim_data_501796ab98789225|__AUTOMETRIC__
__AUTOMETRIC__|0.1.2|2588207|crew_log_f2d067066ae031d2|0|1786915505.179|0.999|0.031|28295016448|37999456256|sim_data_501796ab98789225|__AUTOMETRIC__
__AUTOMETRIC__|0.1.2|2588207|crew_log_f2d067066ae031d2|0|1786915506.180|0.999|0.031|28295016448|37999456256|sim_data_501796ab98789225|__AUTOMETRIC__
__AUTOMETRIC__|0.1.2|2588207|crew_log_f2d067066ae031d2|0|1786915507.182|0.998|0.031|28295016448|37999456256|sim_data_501796ab98789225|__AUTOMETRIC__
__AUTOMETRIC__|0.1.2|2588207|crew_log_f2d067066ae031d2|0|1786915508.183|77.906|2.435|28295016448|37999456256|sim_data_501796ab98789225|__AUTOMETRIC__
__AUTOMETRIC__|0.1.2|2588207|crew_log_f2d067066ae031d2|0|1786915509.185|98.846|3.089|28295016448|37999456256|sim_data_501796ab98789225|__AUTOMETRIC__
__AUTOMETRIC__|0.1.2|2588207|crew_log_f2d067066ae031d2|0|1786915510.186|99.859|3.121|28295016448|37999456256|sim_data_501796ab98789225|__AUTOMETRIC__
__AUTOMETRIC__|0.1.2|2588207|crew_log_f2d067066ae031d2|0|1786915511.187|289.627|9.051|28295016448|37999456256|sim_data_501796ab98789225|__AUTOMETRIC__
__AUTOMETRIC__|0.1.2|2588207|crew_log_f2d067066ae031d2|0|1786915512.189|622.117|19.441|28295016448|37999456256|sim_data_501796ab98789225|__AUTOMETRIC__
__AUTOMETRIC__|0.1.2|2588207|crew_log_f2d067066ae031d2|0|1786915513.190|98.852|3.089|28295016448|37999456256|sim_data_501796ab98789225|__AUTOMETRIC__
__AUTOMETRIC__|0.1.2|2588207|crew_log_f2d067066ae031d2|0|1786915514.192|131.815|4.119|28295016448|37999456256|sim_data_501796ab98789225|__AUTOMETRIC__
__AUTOMETRIC__|0.1.2|2588207|crew_log_f2d067066ae031d2|0|1786915515.193|75.894|2.372|28295016448|37999456256|sim_data_501796ab98789225|__AUTOMETRIC__
__AUTOMETRIC__|0.1.2|2588207|crew_log_f2d067066ae031d2|0|1786915516.222|53.456|1.670|28295016448|37999456256|sim_data_501796ab98789225|__AUTOMETRIC__
__AUTOMETRIC__|0.1.2|2588207|crew_log_f2d067066ae031d2|0|1786915517.223|0.999|0.031|28295016448|37999456256|sim_data_501796ab98789225|__AUTOMETRIC__
__AUTOMETRIC__|0.1.2|2588207|crew_log_f2d067066ae031d2|0|1786915518.225|0.999|0.031|28295016448|37999456256|sim_data_501796ab98789225|__AUTOMETRIC__
__AUTOMETRIC__|0.1.2|2588207|crew_log_f2d067066ae031d2|0|1786915519.226|1.997|0.062|28295016448|37999456256|sim_data_501796ab98789225|__AUTOMETRIC__
__AUTOMETRIC__|0.1.2|2588207|crew_log_f2d067066ae031d2|0|1786915520.228|0.998|0.031|28295016448|37999456256|sim_data_501796ab98789225|__AUTOMETRIC__
__AUTOMETRIC__|0.1.2|2588207|crew_log_f2d067066ae031d2|0|1786915521.230|0.999|0.031|28295016448|37999456256|sim_data_501796ab98789225|__AUTOMETRIC__
__AUTOMETRIC__|0.1.2|2588207|crew_log_f2d067066ae031d2|0|1786915522.231|26.961|0.843|28295016448|37999456256|sim_data_501796ab98789225|__AUTOMETRIC__
__AUTOMETRIC__|0.1.2|2588207|crew_log_f2d067066ae031d2|0|1786915523.233|0.999|0.031|28295016448|37999456256|sim_data_501796ab98789225|__AUTOMETRIC__
__AUTOMETRIC__|0.1.2|2588207|crew_log_f2d067066ae031d2|0|1786915524.234|0.998|0.031|28295016448|37999456256|sim_data_501796ab98789225|__AUTOMETRIC__
__AUTOMETRIC__|0.1.2|2588207|crew_log_f2d067066ae031d2|0|1786915525.236|0.999|0.031|28295016448|37999456256|sim_data_501796ab98789225|__AUTOMETRIC__
__AUTOMETRIC__|0.1.2|2588207|crew_log_f2d067066ae031d2|0|1786915526.237|1.997|0.062|28295016448|37999456256|sim_data_501796ab98789225|__AUTOMETRIC__
__AUTOMETRIC__|0.1.2|2588207|crew_log_f2d067066ae031d2|0|1786915527.238|27.961|0.874|28295016448|37999456256|sim_data_501796ab98789225|__AUTOMETRIC__
__AUTOMETRIC__|0.1.2|2588207|crew_log_f2d067066ae031d2|0|1786915528.240|0.998|0.031|28295016448|37999456256|sim_data_501796ab98789225|__AUTOMETRIC__
__AUTOMETRIC__|0.1.2|2588207|crew_log_f2d067066ae031d2|0|1786915529.242|0.998|0.031|28295016448|37999456256|sim_data_501796ab98789225|__AUTOMETRIC__
__AUTOMETRIC__|0.1.2|2588207|crew_log_f2d067066ae031d2|0|1786915530.244|0.998|0.031|28295016448|37999456256|sim_data_501796ab98789225|__AUTOMETRIC__
__AUTOMETRIC__|0.1.2|2588207|crew_log_f2d067066ae031d2|0|1786915531.246|27.953|0.874|28295016448|37999456256|sim_data_501796ab98789225|__AUTOMETRIC__
__AUTOMETRIC__|0.1.2|2588207|crew_log_f2d067066ae031d2|0|1786915532.247|1.997|0.062|28295016448|37999456256|sim_data_501796ab98789225|__AUTOMETRIC__
__AUTOMETRIC__|0.1.2|2588207|crew_log_f2d067066ae031d2|0|1786915533.248|0.999|0.031|28295016448|37999456256|sim_data_501796ab98789225|__AUTOMETRIC__
__AUTOMETRIC__|0.1.2|2588207|crew_log_f2d067066ae031d2|0|1786915534.250|0.998|0.031|28295016448|37999456256|sim_data_501796ab98789225|__AUTOMETRIC__
__AUTOMETRIC__|0.1.2|2588207|crew_log_f2d067066ae031d2|0|1786915535.252|7.986|0.250|28295016448|37999456256|sim_data_501796ab98789225|__AUTOMETRIC__
__AUTOMETRIC__|0.1.2|2588207|crew_log_f2d067066ae031d2|0|1786915536.253|35.947|1.123|28295278592|38001201152|sim_data_501796ab98789225|__AUTOMETRIC__
__AUTOMETRIC__|0.1.2|2588207|crew_log_f2d067066ae031d2|0|1786915537.254|97.863|3.058|28295016448|37999456256|sim_data_501796ab98789225|__AUTOMETRIC__
__AUTOMETRIC__|0.1.2|2588207|crew_log_f2d067066ae031d2|0|1786915538.256|98.868|3.090|28295016448|37999456256|sim_data_501796ab98789225|__AUTOMETRIC__
__AUTOMETRIC__|0.1.2|2588207|crew_log_f2d067066ae031d2|0|1786915539.257|293.549|9.173|28295016448|37999456256|sim_data_501796ab98789225|__AUTOMETRIC__
__AUTOMETRIC__|0.1.2|2588207|crew_log_f2d067066ae031d2|0|1786915540.259|497.914|15.560|28295016448|37999456256|sim_data_501796ab98789225|__AUTOMETRIC__
__AUTOMETRIC__|0.1.2|2588207|crew_log_f2d067066ae031d2|0|1786915541.261|128.812|4.025|28295016448|37999456256|sim_data_501796ab98789225|__AUTOMETRIC__
__AUTOMETRIC__|0.1.2|2588207|crew_log_f2d067066ae031d2|0|1786915542.262|102.859|3.214|28295016448|37999456256|sim_data_501796ab98789225|__AUTOMETRIC__
__AUTOMETRIC__|0.1.2|2588207|crew_log_f2d067066ae031d2|0|1786915543.264|65.901|2.059|28295016448|37999456256|sim_data_501796ab98789225|__AUTOMETRIC__
__AUTOMETRIC__|0.1.2|2588207|crew_log_f2d067066ae031d2|0|1786915544.265|26.962|0.843|28295016448|37999456256|sim_data_501796ab98789225|__AUTOMETRIC__
__AUTOMETRIC__|0.1.2|2588207|crew_log_f2d067066ae031d2|0|1786915545.267|1.997|0.062|28295016448|37999456256|sim_data_501796ab98789225|__AUTOMETRIC__
__AUTOMETRIC__|0.1.2|2588207|crew_log_f2d067066ae031d2|0|1786915546.268|0.998|0.031|28295016448|37999456256|sim_data_501796ab98789225|__AUTOMETRIC__
__AUTOMETRIC__|0.1.2|2588207|crew_log_f2d067066ae031d2|0|1786915547.427|23.308|0.728|28295016448|37999456256|sim_data_501796ab98789225|__AUTOMETRIC__
__AUTOMETRIC__|0.1.2|2588207|crew_log_f2d067066ae031d2|0|1786915548.428|0.999|0.031|28295016448|37999456256|sim_data_501796ab98789225|__AUTOMETRIC__
__AUTOMETRIC__|0.1.2|2588207|crew_log_f2d067066ae031d2|0|1786915549.429|1.997|0.062|28295016448|37999456256|sim_data_501796ab98789225|__AUTOMETRIC__
__AUTOMETRIC__|0.1.2|2588207|crew_log_f2d067066ae031d2|0|1786915550.431|0.998|0.031|28295016448|37999456256|sim_data_501796ab98789225|__AUTOMETRIC__
__AUTOMETRIC__|0.1.2|2588207|crew_log_f2d067066ae031d2|0|1786915551.433|26.962|0.843|28295016448|37999456256|sim_data_501796ab98789225|__AUTOMETRIC__
__AUTOMETRIC__|0.1.2|2588207|crew_log_f2d067066ae031d2|0|1786915552.435|1.997|0.062|28295016448|37999456256|sim_data_501796ab98789225|__AUTOMETRIC__
__AUTOMETRIC__|0.1.2|2588207|crew_log_f2d067066ae031d2|0|1786915553.436|0.999|0.031|28295016448|37999456256|sim_data_501796ab98789225|__AUTOMETRIC__
__AUTOMETRIC__|0.1.2|2588207|crew_log_f2d067066ae031d2|0|1786915554.437|0.999|0.031|28295016448|37999456256|sim_data_501796ab98789225|__AUTOMETRIC__
__AUTOMETRIC__|0.1.2|2588207|crew_log_f2d067066ae031d2|0|1786915555.439|27.956|0.874|28295016448|37999456256|sim_data_501796ab98789225|__AUTOMETRIC__
__AUTOMETRIC__|0.1.2|2588207|crew_log_f2d067066ae031d2|0|1786915556.440|1.997|0.062|28295016448|37999456256|sim_data_501796ab98789225|__AUTOMETRIC__
__AUTOMETRIC__|0.1.2|2588207|crew_log_f2d067066ae031d2|0|1786915557.442|0.999|0.031|28295016448|37999456256|sim_data_501796ab98789225|__AUTOMETRIC__
__AUTOMETRIC__|0.1.2|2588207|crew_log_f2d067066ae031d2|0|1786915558.443|12.983|0.406|28295016448|37999456256|sim_data_501796ab98789225|__AUTOMETRIC__
__AUTOMETRIC__|0.1.2|2588207|crew_log_f2d067066ae031d2|0|1786915559.445|58.893|1.840|28295016448|37999456256|sim_data_501796ab98789225|__AUTOMETRIC__
__AUTOMETRIC__|0.1.2|2588207|crew_log_f2d067066ae031d2|0|1786915560.447|99.804|3.119|28299988992|38004576256|sim_data_501796ab98789225|__AUTOMETRIC__
__AUTOMETRIC__|0.1.2|2588207|crew_log_f2d067066ae031d2|0|1786915561.448|99.861|3.121|28299988992|38004576256|sim_data_501796ab98789225|__AUTOMETRIC__
__AUTOMETRIC__|0.1.2|2588207|crew_log_f2d067066ae031d2|0|1786915562.450|272.521|8.516|28299988992|38004576256|sim_data_501796ab98789225|__AUTOMETRIC__
__AUTOMETRIC__|0.1.2|2588207|crew_log_f2d067066ae031d2|0|1786915563.451|623.068|19.471|28299988992|38004576256|sim_data_501796ab98789225|__AUTOMETRIC__
__AUTOMETRIC__|0.1.2|2588207|crew_log_f2d067066ae031d2|0|1786915564.453|99.857|3.121|28299988992|38004576256|sim_data_501796ab98789225|__AUTOMETRIC__
__AUTOMETRIC__|0.1.2|2588207|crew_log_f2d067066ae031d2|0|1786915565.454|130.815|4.088|28299988992|38004576256|sim_data_501796ab98789225|__AUTOMETRIC__
__AUTOMETRIC__|0.1.2|2588207|crew_log_f2d067066ae031d2|0|1786915566.621|71.143|2.223|28299988992|38004576256|sim_data_501796ab98789225|__AUTOMETRIC__
__AUTOMETRIC__|0.1.2|2588207|crew_log_f2d067066ae031d2|0|1786915567.622|28.956|0.905|28299988992|38004576256|sim_data_501796ab98789225|__AUTOMETRIC__
__AUTOMETRIC__|0.1.2|2588207|crew_log_f2d067066ae031d2|0|1786915568.624|0.999|0.031|28299988992|38004576256|sim_data_501796ab98789225|__AUTOMETRIC__
__AUTOMETRIC__|0.1.2|2588207|crew_log_f2d067066ae031d2|0|1786915569.625|0.999|0.031|28299988992|38004576256|sim_data_501796ab98789225|__AUTOMETRIC__
__AUTOMETRIC__|0.1.2|2588207|crew_log_f2d067066ae031d2|0|1786915570.627|0.998|0.031|28299988992|38004576256|sim_data_501796ab98789225|__AUTOMETRIC__
__AUTOMETRIC__|0.1.2|2588207|crew_log_f2d067066ae031d2|0|1786915571.628|26.961|0.843|28299988992|38004576256|sim_data_501796ab98789225|__AUTOMETRIC__
__AUTOMETRIC__|0.1.2|2588207|crew_log_f2d067066ae031d2|0|1786915572.629|1.997|0.062|28299988992|38004576256|sim_data_501796ab98789225|__AUTOMETRIC__
__AUTOMETRIC__|0.1.2|2588207|crew_log_f2d067066ae031d2|0|1786915573.631|0.998|0.031|28299988992|38004576256|sim_data_501796ab98789225|__AUTOMETRIC__
__AUTOMETRIC__|0.1.2|2588207|crew_log_f2d067066ae031d2|0|1786915574.835|22.432|0.701|28299988992|38004576256|sim_data_501796ab98789225|__AUTOMETRIC__
__AUTOMETRIC__|0.1.2|2588207|crew_log_f2d067066ae031d2|0|1786915575.836|1.997|0.062|28299988992|38004576256|sim_data_501796ab98789225|__AUTOMETRIC__
__AUTOMETRIC__|0.1.2|2588207|crew_log_f2d067066ae031d2|0|1786915576.837|0.999|0.031|28299988992|38004576256|sim_data_501796ab98789225|__AUTOMETRIC__
__AUTOMETRIC__|0.1.2|2588207|crew_log_f2d067066ae031d2|0|1786915577.839|0.999|0.031|28299988992|38004576256|sim_data_501796ab98789225|__AUTOMETRIC__
__AUTOMETRIC__|0.1.2|2588207|crew_log_f2d067066ae031d2|0|1786915578.840|27.961|0.874|28299988992|38004576256|sim_data_501796ab98789225|__AUTOMETRIC__
__AUTOMETRIC__|0.1.2|2588207|crew_log_f2d067066ae031d2|0|1786915579.841|0.999|0.031|28299988992|38004576256|sim_data_501796ab98789225|__AUTOMETRIC__
__AUTOMETRIC__|0.1.2|2588207|crew_log_f2d067066ae031d2|0|1786915580.843|1.997|0.062|28299988992|38004576256|sim_data_501796ab98789225|__AUTOMETRIC__
__AUTOMETRIC__|0.1.2|2588207|crew_log_f2d067066ae031d2|0|1786915581.845|0.998|0.031|28299988992|38004576256|sim_data_501796ab98789225|__AUTOMETRIC__
__AUTOMETRIC__|0.1.2|2588207|crew_log_f2d067066ae031d2|0|1786915582.846|10.986|0.343|28299988992|38004576256|sim_data_501796ab98789225|__AUTOMETRIC__
__AUTOMETRIC__|0.1.2|2588207|crew_log_f2d067066ae031d2|0|1786915583.847|50.927|1.591|28299988992|38004576256|sim_data_501796ab98789225|__AUTOMETRIC__
__AUTOMETRIC__|0.1.2|2588207|crew_log_f2d067066ae031d2|0|1786915584.849|99.846|3.120|28299988992|38004576256|sim_data_501796ab98789225|__AUTOMETRIC__
__AUTOMETRIC__|0.1.2|2588207|crew_log_f2d067066ae031d2|0|1786915585.850|99.852|3.120|28299988992|38004576256|sim_data_501796ab98789225|__AUTOMETRIC__
__AUTOMETRIC__|0.1.2|2588207|crew_log_f2d067066ae031d2|0|1786915586.852|392.437|12.264|28299988992|38004576256|sim_data_501796ab98789225|__AUTOMETRIC__
__AUTOMETRIC__|0.1.2|2588207|crew_log_f2d067066ae031d2|0|1786915587.853|399.457|12.483|28299988992|38004576256|sim_data_501796ab98789225|__AUTOMETRIC__
__AUTOMETRIC__|0.1.2|2588207|crew_log_f2d067066ae031d2|0|1786915588.856|131.585|4.112|28299988992|38004576256|sim_data_501796ab98789225|__AUTOMETRIC__
__AUTOMETRIC__|0.1.2|2588207|crew_log_f2d067066ae031d2|0|1786915590.082|99.549|3.111|28299988992|38004576256|sim_data_501796ab98789225|__AUTOMETRIC__
__AUTOMETRIC__|0.1.2|2588207|crew_log_f2d067066ae031d2|0|1786915591.319|44.468|1.390|28299988992|38004576256|sim_data_501796ab98789225|__AUTOMETRIC__
__AUTOMETRIC__|0.1.2|2588207|crew_log_f2d067066ae031d2|0|1786915592.320|0.999|0.031|28299988992|38004576256|sim_data_501796ab98789225|__AUTOMETRIC__
__AUTOMETRIC__|0.1.2|2588207|crew_log_f2d067066ae031d2|0|1786915593.321|0.999|0.031|28299988992|38004576256|sim_data_501796ab98789225|__AUTOMETRIC__
__AUTOMETRIC__|0.1.2|2588207|crew_log_f2d067066ae031d2|0|1786915594.323|0.999|0.031|28299988992|38004576256|sim_data_501796ab98789225|__AUTOMETRIC__
__AUTOMETRIC__|0.1.2|2588207|crew_log_f2d067066ae031d2|0|1786915595.324|27.962|0.874|28299988992|38004576256|sim_data_501796ab98789225|__AUTOMETRIC__
__AUTOMETRIC__|0.1.2|2588207|crew_log_f2d067066ae031d2|0|1786915596.325|0.999|0.031|28299988992|38004576256|sim_data_501796ab98789225|__AUTOMETRIC__
__AUTOMETRIC__|0.1.2|2588207|crew_log_f2d067066ae031d2|0|1786915597.327|0.999|0.031|28299988992|38004576256|sim_data_501796ab98789225|__AUTOMETRIC__
__AUTOMETRIC__|0.1.2|2588207|crew_log_f2d067066ae031d2|0|1786915598.328|0.999|0.031|28299988992|38004576256|sim_data_501796ab98789225|__AUTOMETRIC__
__AUTOMETRIC__|0.1.2|2588207|crew_log_f2d067066ae031d2|0|1786915599.330|27.962|0.874|28299988992|38004576256|sim_data_501796ab98789225|__AUTOMETRIC__
__AUTOMETRIC__|0.1.2|2588207|crew_log_f2d067066ae031d2|0|1786915600.331|1.997|0.062|28299988992|38004576256|sim_data_501796ab98789225|__AUTOMETRIC__
__AUTOMETRIC__|0.1.2|2588207|crew_log_f2d067066ae031d2|0|1786915601.332|0.999|0.031|28299988992|38004576256|sim_data_501796ab98789225|__AUTOMETRIC__
__AUTOMETRIC__|0.1.2|2588207|crew_log_f2d067066ae031d2|0|1786915602.334|0.999|0.031|28299988992|38004576256|sim_data_501796ab98789225|__AUTOMETRIC__
__AUTOMETRIC__|0.1.2|2588207|crew_log_f2d067066ae031d2|0|1786915603.335|26.963|0.843|28299988992|38004576256|sim_data_501796ab98789225|__AUTOMETRIC__
__AUTOMETRIC__|0.1.2|2588207|crew_log_f2d067066ae031d2|0|1786915604.337|1.997|0.062|28299988992|38004576256|sim_data_501796ab98789225|__AUTOMETRIC__
__AUTOMETRIC__|0.1.2|2588207|crew_log_f2d067066ae031d2|0|1786915605.338|1.997|0.062|28299988992|38004576256|sim_data_501796ab98789225|__AUTOMETRIC__
__AUTOMETRIC__|0.1.2|2588207|crew_log_f2d067066ae031d2|0|1786915606.340|0.998|0.031|28299988992|38004576256|sim_data_501796ab98789225|__AUTOMETRIC__
__AUTOMETRIC__|0.1.2|2588207|crew_log_f2d067066ae031d2|0|1786915607.341|6.991|0.218|28299988992|38004576256|sim_data_501796ab98789225|__AUTOMETRIC__
__AUTOMETRIC__|0.1.2|2588207|crew_log_f2d067066ae031d2|0|1786915608.342|64.919|2.029|28299988992|38004576256|sim_data_501796ab98789225|__AUTOMETRIC__
__AUTOMETRIC__|0.1.2|2588207|crew_log_f2d067066ae031d2|0|1786915609.361|100.101|3.128|28304986112|38009667584|sim_data_501796ab98789225|__AUTOMETRIC__
__AUTOMETRIC__|0.1.2|2588207|crew_log_f2d067066ae031d2|0|1786915610.362|98.863|3.089|28304986112|38009667584|sim_data_501796ab98789225|__AUTOMETRIC__
__AUTOMETRIC__|0.1.2|2588207|crew_log_f2d067066ae031d2|0|1786915611.364|286.588|8.956|28304986112|38009667584|sim_data_501796ab98789225|__AUTOMETRIC__
__AUTOMETRIC__|0.1.2|2588207|crew_log_f2d067066ae031d2|0|1786915612.365|493.330|15.417|28304986112|38009667584|sim_data_501796ab98789225|__AUTOMETRIC__
__AUTOMETRIC__|0.1.2|2588207|crew_log_f2d067066ae031d2|0|1786915613.367|132.807|4.150|28304986112|38009667584|sim_data_501796ab98789225|__AUTOMETRIC__
__AUTOMETRIC__|0.1.2|2588207|crew_log_f2d067066ae031d2|0|1786915614.368|97.868|3.058|28304986112|38009667584|sim_data_501796ab98789225|__AUTOMETRIC__
__AUTOMETRIC__|0.1.2|2588207|crew_log_f2d067066ae031d2|0|1786915615.369|61.918|1.935|28304986112|38009667584|sim_data_501796ab98789225|__AUTOMETRIC__
__AUTOMETRIC__|0.1.2|2588207|crew_log_f2d067066ae031d2|0|1786915616.371|27.956|0.874|28304986112|38009667584|sim_data_501796ab98789225|__AUTOMETRIC__
__AUTOMETRIC__|0.1.2|2588207|crew_log_f2d067066ae031d2|0|1786915617.372|1.997|0.062|28304986112|38009667584|sim_data_501796ab98789225|__AUTOMETRIC__
__AUTOMETRIC__|0.1.2|2588207|crew_log_f2d067066ae031d2|0|1786915618.374|0.998|0.031|28304986112|38009667584|sim_data_501796ab98789225|__AUTOMETRIC__
__AUTOMETRIC__|0.1.2|2588207|crew_log_f2d067066ae031d2|0|1786915619.375|0.999|0.031|28304986112|38009667584|sim_data_501796ab98789225|__AUTOMETRIC__
__AUTOMETRIC__|0.1.2|2588207|crew_log_f2d067066ae031d2|0|1786915620.377|26.955|0.842|28304986112|38009667584|sim_data_501796ab98789225|__AUTOMETRIC__
__AUTOMETRIC__|0.1.2|2588207|crew_log_f2d067066ae031d2|0|1786915621.378|0.999|0.031|28304986112|38009667584|sim_data_501796ab98789225|__AUTOMETRIC__
__AUTOMETRIC__|0.1.2|2588207|crew_log_f2d067066ae031d2|0|1786915622.380|1.997|0.062|28304986112|38009667584|sim_data_501796ab98789225|__AUTOMETRIC__
__AUTOMETRIC__|0.1.2|2588207|crew_log_f2d067066ae031d2|0|1786915623.528|23.516|0.735|28304986112|38009667584|sim_data_501796ab98789225|__AUTOMETRIC__
__AUTOMETRIC__|0.1.2|2588207|crew_log_f2d067066ae031d2|0|1786915624.529|1.998|0.062|28304986112|38009667584|sim_data_501796ab98789225|__AUTOMETRIC__
__AUTOMETRIC__|0.1.2|2588207|crew_log_f2d067066ae031d2|0|1786915625.531|0.998|0.031|28304986112|38009667584|sim_data_501796ab98789225|__AUTOMETRIC__
__AUTOMETRIC__|0.1.2|2588207|crew_log_f2d067066ae031d2|0|1786915626.532|0.999|0.031|28304986112|38009667584|sim_data_501796ab98789225|__AUTOMETRIC__
__AUTOMETRIC__|0.1.2|2588207|crew_log_f2d067066ae031d2|0|1786915627.577|26.806|0.838|28304986112|38009667584|sim_data_501796ab98789225|__AUTOMETRIC__
__AUTOMETRIC__|0.1.2|2588207|crew_log_f2d067066ae031d2|0|1786915628.578|0.999|0.031|28304986112|38009667584|sim_data_501796ab98789225|__AUTOMETRIC__
__AUTOMETRIC__|0.1.2|2588207|crew_log_f2d067066ae031d2|0|1786915629.579|0.999|0.031|28304986112|38009667584|sim_data_501796ab98789225|__AUTOMETRIC__
__AUTOMETRIC__|0.1.2|2588207|crew_log_f2d067066ae031d2|0|1786915630.581|1.997|0.062|28304986112|38009667584|sim_data_501796ab98789225|__AUTOMETRIC__
__AUTOMETRIC__|0.1.2|2588207|crew_log_f2d067066ae031d2|0|1786915631.582|11.985|0.375|28304986112|38009667584|sim_data_501796ab98789225|__AUTOMETRIC__
__AUTOMETRIC__|0.1.2|2588207|crew_log_f2d067066ae031d2|0|1786915632.584|55.918|1.747|28304986112|38009667584|sim_data_501796ab98789225|__AUTOMETRIC__
__AUTOMETRIC__|0.1.2|2588207|crew_log_f2d067066ae031d2|0|1786915633.585|99.864|3.121|28304986112|38009667584|sim_data_501796ab98789225|__AUTOMETRIC__
__AUTOMETRIC__|0.1.2|2588207|crew_log_f2d067066ae031d2|0|1786915634.586|99.846|3.120|28304986112|38009667584|sim_data_501796ab98789225|__AUTOMETRIC__
__AUTOMETRIC__|0.1.2|2588207|crew_log_f2d067066ae031d2|0|1786915635.588|390.500|12.203|28304986112|38009667584|sim_data_501796ab98789225|__AUTOMETRIC__
__AUTOMETRIC__|0.1.2|2588207|crew_log_f2d067066ae031d2|0|1786915636.589|353.489|11.047|28304986112|38009667584|sim_data_501796ab98789225|__AUTOMETRIC__
__AUTOMETRIC__|0.1.2|2588207|crew_log_f2d067066ae031d2|0|1786915637.591|132.810|4.150|28304986112|38009667584|sim_data_501796ab98789225|__AUTOMETRIC__
__AUTOMETRIC__|0.1.2|2588207|crew_log_f2d067066ae031d2|0|1786915638.833|99.023|3.094|28304986112|38009667584|sim_data_501796ab98789225|__AUTOMETRIC__
__AUTOMETRIC__|0.1.2|2588207|crew_log_f2d067066ae031d2|0|1786915640.072|44.386|1.387|28304986112|38009667584|sim_data_501796ab98789225|__AUTOMETRIC__
__AUTOMETRIC__|0.1.2|2588207|crew_log_f2d067066ae031d2|0|1786915641.073|0.999|0.031|28304986112|38009667584|sim_data_501796ab98789225|__AUTOMETRIC__
__AUTOMETRIC__|0.1.2|2588207|crew_log_f2d067066ae031d2|0|1786915642.075|0.999|0.031|28304986112|38009667584|sim_data_501796ab98789225|__AUTOMETRIC__
__AUTOMETRIC__|0.1.2|2588207|crew_log_f2d067066ae031d2|0|1786915643.076|0.999|0.031|28304986112|38009667584|sim_data_501796ab98789225|__AUTOMETRIC__
__AUTOMETRIC__|0.1.2|2588207|crew_log_f2d067066ae031d2|0|1786915644.078|26.956|0.842|28304986112|38009667584|sim_data_501796ab98789225|__AUTOMETRIC__
__AUTOMETRIC__|0.1.2|2588207|crew_log_f2d067066ae031d2|0|1786915645.079|0.999|0.031|28304986112|38009667584|sim_data_501796ab98789225|__AUTOMETRIC__
__AUTOMETRIC__|0.1.2|2588207|crew_log_f2d067066ae031d2|0|1786915646.080|0.999|0.031|28304986112|38009667584|sim_data_501796ab98789225|__AUTOMETRIC__
__AUTOMETRIC__|0.1.2|2588207|crew_log_f2d067066ae031d2|0|1786915647.082|0.998|0.031|28304986112|38009667584|sim_data_501796ab98789225|__AUTOMETRIC__
__AUTOMETRIC__|0.1.2|2588207|crew_log_f2d067066ae031d2|0|1786915648.083|28.960|0.905|28304986112|38009667584|sim_data_501796ab98789225|__AUTOMETRIC__
__AUTOMETRIC__|0.1.2|2588207|crew_log_f2d067066ae031d2|0|1786915649.085|0.998|0.031|28304986112|38009667584|sim_data_501796ab98789225|__AUTOMETRIC__
__AUTOMETRIC__|0.1.2|2588207|crew_log_f2d067066ae031d2|0|1786915650.086|0.998|0.031|28304986112|38009667584|sim_data_501796ab98789225|__AUTOMETRIC__
__AUTOMETRIC__|0.1.2|2588207|crew_log_f2d067066ae031d2|0|1786915651.092|27.852|0.870|28304986112|38009667584|sim_data_501796ab98789225|__AUTOMETRIC__
__AUTOMETRIC__|0.1.2|2588207|crew_log_f2d067066ae031d2|0|1786915652.093|0.999|0.031|28304986112|38009667584|sim_data_501796ab98789225|__AUTOMETRIC__
__AUTOMETRIC__|0.1.2|2588207|crew_log_f2d067066ae031d2|0|1786915653.094|0.999|0.031|28304986112|38009667584|sim_data_501796ab98789225|__AUTOMETRIC__
__AUTOMETRIC__|0.1.2|2588207|crew_log_f2d067066ae031d2|0|1786915654.096|1.997|0.062|28304986112|38009667584|sim_data_501796ab98789225|__AUTOMETRIC__
__AUTOMETRIC__|0.1.2|2588207|crew_log_f2d067066ae031d2|0|1786915655.097|51.929|1.623|28305248256|38011428864|sim_data_501796ab98789225|__AUTOMETRIC__
__AUTOMETRIC__|0.1.2|2588207|crew_log_f2d067066ae031d2|0|1786915656.098|99.869|3.121|28310253568|38014754816|sim_data_501796ab98789225|__AUTOMETRIC__
__AUTOMETRIC__|0.1.2|2588207|crew_log_f2d067066ae031d2|0|1786915657.100|98.827|3.088|28310253568|38014754816|sim_data_501796ab98789225|__AUTOMETRIC__
__AUTOMETRIC__|0.1.2|2588207|crew_log_f2d067066ae031d2|0|1786915658.101|152.791|4.775|28310253568|38014754816|sim_data_501796ab98789225|__AUTOMETRIC__
__AUTOMETRIC__|0.1.2|2588207|crew_log_f2d067066ae031d2|0|1786915659.103|613.170|19.162|28310253568|38014754816|sim_data_501796ab98789225|__AUTOMETRIC__
__AUTOMETRIC__|0.1.2|2588207|crew_log_f2d067066ae031d2|0|1786915660.104|98.867|3.090|28310253568|38014754816|sim_data_501796ab98789225|__AUTOMETRIC__
__AUTOMETRIC__|0.1.2|2588207|crew_log_f2d067066ae031d2|0|1786915661.106|132.802|4.150|28310253568|38014754816|sim_data_501796ab98789225|__AUTOMETRIC__
__AUTOMETRIC__|0.1.2|2588207|crew_log_f2d067066ae031d2|0|1786915662.293|71.589|2.237|28310253568|38014754816|sim_data_501796ab98789225|__AUTOMETRIC__
__AUTOMETRIC__|0.1.2|2588207|crew_log_f2d067066ae031d2|0|1786915663.295|27.956|0.874|28310253568|38014754816|sim_data_501796ab98789225|__AUTOMETRIC__
__AUTOMETRIC__|0.1.2|2588207|crew_log_f2d067066ae031d2|0|1786915664.296|0.999|0.031|28310253568|38014754816|sim_data_501796ab98789225|__AUTOMETRIC__
__AUTOMETRIC__|0.1.2|2588207|crew_log_f2d067066ae031d2|0|1786915665.298|0.998|0.031|28310253568|38014754816|sim_data_501796ab98789225|__AUTOMETRIC__
__AUTOMETRIC__|0.1.2|2588207|crew_log_f2d067066ae031d2|0|1786915666.299|0.999|0.031|28310253568|38014754816|sim_data_501796ab98789225|__AUTOMETRIC__
__AUTOMETRIC__|0.1.2|2588207|crew_log_f2d067066ae031d2|0|1786915667.300|27.964|0.874|28310253568|38014754816|sim_data_501796ab98789225|__AUTOMETRIC__
__AUTOMETRIC__|0.1.2|2588207|crew_log_f2d067066ae031d2|0|1786915668.302|0.999|0.031|28310253568|38014754816|sim_data_501796ab98789225|__AUTOMETRIC__
__AUTOMETRIC__|0.1.2|2588207|crew_log_f2d067066ae031d2|0|1786915669.304|1.995|0.062|28310253568|38014754816|sim_data_501796ab98789225|__AUTOMETRIC__
__AUTOMETRIC__|0.1.2|2588207|crew_log_f2d067066ae031d2|0|1786915670.305|0.999|0.031|28310253568|38014754816|sim_data_501796ab98789225|__AUTOMETRIC__
__AUTOMETRIC__|0.1.2|2588207|crew_log_f2d067066ae031d2|0|1786915671.307|26.963|0.843|28310253568|38014754816|sim_data_501796ab98789225|__AUTOMETRIC__
__AUTOMETRIC__|0.1.2|2588207|crew_log_f2d067066ae031d2|0|1786915672.308|0.999|0.031|28310253568|38014754816|sim_data_501796ab98789225|__AUTOMETRIC__
__AUTOMETRIC__|0.1.2|2588207|crew_log_f2d067066ae031d2|0|1786915673.309|2.996|0.094|28310253568|38014754816|sim_data_501796ab98789225|__AUTOMETRIC__
__AUTOMETRIC__|0.1.2|2588207|crew_log_f2d067066ae031d2|0|1786915674.311|0.999|0.031|28310253568|38014754816|sim_data_501796ab98789225|__AUTOMETRIC__
__AUTOMETRIC__|0.1.2|2588207|crew_log_f2d067066ae031d2|0|1786915675.312|26.959|0.842|28310253568|38014754816|sim_data_501796ab98789225|__AUTOMETRIC__
__AUTOMETRIC__|0.1.2|2588207|crew_log_f2d067066ae031d2|0|1786915676.314|1.997|0.062|28310253568|38014754816|sim_data_501796ab98789225|__AUTOMETRIC__
__AUTOMETRIC__|0.1.2|2588207|crew_log_f2d067066ae031d2|0|1786915677.315|0.999|0.031|28310253568|38014754816|sim_data_501796ab98789225|__AUTOMETRIC__
__AUTOMETRIC__|0.1.2|2588207|crew_log_f2d067066ae031d2|0|1786915678.316|16.976|0.531|28310253568|38014754816|sim_data_501796ab98789225|__AUTOMETRIC__
__AUTOMETRIC__|0.1.2|2588207|crew_log_f2d067066ae031d2|0|1786915679.318|89.886|2.809|28310253568|38014754816|sim_data_501796ab98789225|__AUTOMETRIC__
__AUTOMETRIC__|0.1.2|2588207|crew_log_f2d067066ae031d2|0|1786915680.319|98.854|3.089|28310253568|38014754816|sim_data_501796ab98789225|__AUTOMETRIC__
__AUTOMETRIC__|0.1.2|2588207|crew_log_f2d067066ae031d2|0|1786915681.321|110.854|3.464|28310253568|38014754816|sim_data_501796ab98789225|__AUTOMETRIC__
__AUTOMETRIC__|0.1.2|2588207|crew_log_f2d067066ae031d2|0|1786915682.322|633.139|19.786|28310253568|38014754816|sim_data_501796ab98789225|__AUTOMETRIC__
__AUTOMETRIC__|0.1.2|2588207|crew_log_f2d067066ae031d2|0|1786915683.323|105.835|3.307|28310253568|38014754816|sim_data_501796ab98789225|__AUTOMETRIC__
__AUTOMETRIC__|0.1.2|2588207|crew_log_f2d067066ae031d2|0|1786915684.325|130.806|4.088|28310253568|38014754816|sim_data_501796ab98789225|__AUTOMETRIC__
__AUTOMETRIC__|0.1.2|2588207|crew_log_f2d067066ae031d2|0|1786915685.326|71.902|2.247|28310253568|38014754816|sim_data_501796ab98789225|__AUTOMETRIC__
__AUTOMETRIC__|0.1.2|2588207|crew_log_f2d067066ae031d2|0|1786915686.328|54.926|1.716|28310253568|38014754816|sim_data_501796ab98789225|__AUTOMETRIC__
__AUTOMETRIC__|0.1.2|2588207|crew_log_f2d067066ae031d2|0|1786915687.329|0.999|0.031|28310253568|38014754816|sim_data_501796ab98789225|__AUTOMETRIC__
__AUTOMETRIC__|0.1.2|2588207|crew_log_f2d067066ae031d2|0|1786915688.330|0.999|0.031|28310253568|38014754816|sim_data_501796ab98789225|__AUTOMETRIC__
__AUTOMETRIC__|0.1.2|2588207|crew_log_f2d067066ae031d2|0|1786915689.332|1.997|0.062|28310253568|38014754816|sim_data_501796ab98789225|__AUTOMETRIC__
__AUTOMETRIC__|0.1.2|2588207|crew_log_f2d067066ae031d2|0|1786915690.333|25.961|0.811|28310253568|38014754816|sim_data_501796ab98789225|__AUTOMETRIC__
__AUTOMETRIC__|0.1.2|2588207|crew_log_f2d067066ae031d2|0|1786915691.335|1.997|0.062|28310253568|38014754816|sim_data_501796ab98789225|__AUTOMETRIC__
__AUTOMETRIC__|0.1.2|2588207|crew_log_f2d067066ae031d2|0|1786915692.336|0.999|0.031|28310253568|38014754816|sim_data_501796ab98789225|__AUTOMETRIC__
__AUTOMETRIC__|0.1.2|2588207|crew_log_f2d067066ae031d2|0|1786915693.337|0.999|0.031|28310253568|38014754816|sim_data_501796ab98789225|__AUTOMETRIC__
__AUTOMETRIC__|0.1.2|2588207|crew_log_f2d067066ae031d2|0|1786915694.339|27.962|0.874|28310253568|38014754816|sim_data_501796ab98789225|__AUTOMETRIC__
__AUTOMETRIC__|0.1.2|2588207|crew_log_f2d067066ae031d2|0|1786915695.340|0.999|0.031|28310253568|38014754816|sim_data_501796ab98789225|__AUTOMETRIC__
__AUTOMETRIC__|0.1.2|2588207|crew_log_f2d067066ae031d2|0|1786915696.341|0.999|0.031|28310253568|38014754816|sim_data_501796ab98789225|__AUTOMETRIC__
__AUTOMETRIC__|0.1.2|2588207|crew_log_f2d067066ae031d2|0|1786915697.343|1.997|0.062|28310253568|38014754816|sim_data_501796ab98789225|__AUTOMETRIC__
__AUTOMETRIC__|0.1.2|2588207|crew_log_f2d067066ae031d2|0|1786915698.344|26.965|0.843|28310253568|38014754816|sim_data_501796ab98789225|__AUTOMETRIC__
__AUTOMETRIC__|0.1.2|2588207|crew_log_f2d067066ae031d2|0|1786915699.346|1.997|0.062|28310253568|38014754816|sim_data_501796ab98789225|__AUTOMETRIC__
__AUTOMETRIC__|0.1.2|2588207|crew_log_f2d067066ae031d2|0|1786915700.347|0.999|0.031|28310253568|38014754816|sim_data_501796ab98789225|__AUTOMETRIC__
__AUTOMETRIC__|0.1.2|2588207|crew_log_f2d067066ae031d2|0|1786915701.348|15.978|0.499|28310253568|38014754816|sim_data_501796ab98789225|__AUTOMETRIC__
__AUTOMETRIC__|0.1.2|2588207|crew_log_f2d067066ae031d2|0|1786915702.350|89.830|2.807|28315279360|38019842048|sim_data_501796ab98789225|__AUTOMETRIC__
__AUTOMETRIC__|0.1.2|2588207|crew_log_f2d067066ae031d2|0|1786915703.352|98.861|3.089|28315279360|38019842048|sim_data_501796ab98789225|__AUTOMETRIC__
__AUTOMETRIC__|0.1.2|2588207|crew_log_f2d067066ae031d2|0|1786915704.353|98.862|3.089|28315279360|38019842048|sim_data_501796ab98789225|__AUTOMETRIC__
__AUTOMETRIC__|0.1.2|2588207|crew_log_f2d067066ae031d2|0|1786915705.354|456.377|14.262|28315279360|38019842048|sim_data_501796ab98789225|__AUTOMETRIC__
__AUTOMETRIC__|0.1.2|2588207|crew_log_f2d067066ae031d2|0|1786915706.356|481.319|15.041|28315279360|38019842048|sim_data_501796ab98789225|__AUTOMETRIC__
__AUTOMETRIC__|0.1.2|2588207|crew_log_f2d067066ae031d2|0|1786915707.357|130.817|4.088|28315279360|38019842048|sim_data_501796ab98789225|__AUTOMETRIC__
__AUTOMETRIC__|0.1.2|2588207|crew_log_f2d067066ae031d2|0|1786915708.359|98.876|3.090|28315279360|38019842048|sim_data_501796ab98789225|__AUTOMETRIC__
__AUTOMETRIC__|0.1.2|2588207|crew_log_f2d067066ae031d2|0|1786915709.360|61.923|1.935|28315279360|38019842048|sim_data_501796ab98789225|__AUTOMETRIC__
__AUTOMETRIC__|0.1.2|2588207|crew_log_f2d067066ae031d2|0|1786915710.361|27.958|0.874|28315279360|38019842048|sim_data_501796ab98789225|__AUTOMETRIC__
__AUTOMETRIC__|0.1.2|2588207|crew_log_f2d067066ae031d2|0|1786915711.363|0.999|0.031|28315279360|38019842048|sim_data_501796ab98789225|__AUTOMETRIC__
__AUTOMETRIC__|0.1.2|2588207|crew_log_f2d067066ae031d2|0|1786915712.364|1.996|0.062|28315279360|38019842048|sim_data_501796ab98789225|__AUTOMETRIC__
__AUTOMETRIC__|0.1.2|2588207|crew_log_f2d067066ae031d2|0|1786915713.366|0.999|0.031|28315279360|38019842048|sim_data_501796ab98789225|__AUTOMETRIC__
__AUTOMETRIC__|0.1.2|2588207|crew_log_f2d067066ae031d2|0|1786915714.367|26.964|0.843|28315279360|38019842048|sim_data_501796ab98789225|__AUTOMETRIC__
__AUTOMETRIC__|0.1.2|2588207|crew_log_f2d067066ae031d2|0|1786915715.369|0.000|0.000|28315279360|38019842048|sim_data_501796ab98789225|__AUTOMETRIC__
__AUTOMETRIC__|0.1.2|2588207|crew_log_f2d067066ae031d2|0|1786915716.370|1.997|0.062|28315279360|38019842048|sim_data_501796ab98789225|__AUTOMETRIC__
__AUTOMETRIC__|0.1.2|2588207|crew_log_f2d067066ae031d2|0|1786915717.517|24.417|0.763|28315279360|38019842048|sim_data_501796ab98789225|__AUTOMETRIC__
__AUTOMETRIC__|0.1.2|2588207|crew_log_f2d067066ae031d2|0|1786915718.519|0.998|0.031|28315279360|38019842048|sim_data_501796ab98789225|__AUTOMETRIC__
__AUTOMETRIC__|0.1.2|2588207|crew_log_f2d067066ae031d2|0|1786915719.520|0.999|0.031|28315279360|38019842048|sim_data_501796ab98789225|__AUTOMETRIC__
__AUTOMETRIC__|0.1.2|2588207|crew_log_f2d067066ae031d2|0|1786915720.521|0.999|0.031|28315279360|38019842048|sim_data_501796ab98789225|__AUTOMETRIC__
__AUTOMETRIC__|0.1.2|2588207|crew_log_f2d067066ae031d2|0|1786915721.523|1.997|0.062|28315279360|38019842048|sim_data_501796ab98789225|__AUTOMETRIC__
__AUTOMETRIC__|0.1.2|2588207|crew_log_f2d067066ae031d2|0|1786915722.525|27.947|0.873|28315279360|38019842048|sim_data_501796ab98789225|__AUTOMETRIC__
__AUTOMETRIC__|0.1.2|2588207|crew_log_f2d067066ae031d2|0|1786915723.526|0.999|0.031|28315279360|38019842048|sim_data_501796ab98789225|__AUTOMETRIC__
__AUTOMETRIC__|0.1.2|2588207|crew_log_f2d067066ae031d2|0|1786915724.528|1.997|0.062|28315279360|38019842048|sim_data_501796ab98789225|__AUTOMETRIC__
__AUTOMETRIC__|0.1.2|2588207|crew_log_f2d067066ae031d2|0|1786915725.529|0.999|0.031|28315279360|38019842048|sim_data_501796ab98789225|__AUTOMETRIC__
__AUTOMETRIC__|0.1.2|2588207|crew_log_f2d067066ae031d2|0|1786915726.530|22.971|0.718|28315279360|38021607424|sim_data_501796ab98789225|__AUTOMETRIC__
__AUTOMETRIC__|0.1.2|2588207|crew_log_f2d067066ae031d2|0|1786915727.532|92.864|2.902|28315279360|38019842048|sim_data_501796ab98789225|__AUTOMETRIC__
__AUTOMETRIC__|0.1.2|2588207|crew_log_f2d067066ae031d2|0|1786915728.533|99.856|3.120|28315279360|38019842048|sim_data_501796ab98789225|__AUTOMETRIC__
__AUTOMETRIC__|0.1.2|2588207|crew_log_f2d067066ae031d2|0|1786915729.534|146.807|4.588|28315279360|38019842048|sim_data_501796ab98789225|__AUTOMETRIC__
__AUTOMETRIC__|0.1.2|2588207|crew_log_f2d067066ae031d2|0|1786915730.536|648.121|20.254|28315279360|38019842048|sim_data_501796ab98789225|__AUTOMETRIC__
__AUTOMETRIC__|0.1.2|2588207|crew_log_f2d067066ae031d2|0|1786915731.537|98.870|3.090|28315279360|38019842048|sim_data_501796ab98789225|__AUTOMETRIC__
__AUTOMETRIC__|0.1.2|2588207|crew_log_f2d067066ae031d2|0|1786915732.539|131.703|4.116|28315279360|38019842048|sim_data_501796ab98789225|__AUTOMETRIC__
__AUTOMETRIC__|0.1.2|2588207|crew_log_f2d067066ae031d2|0|1786915733.541|66.897|2.091|28315279360|38019842048|sim_data_501796ab98789225|__AUTOMETRIC__
__AUTOMETRIC__|0.1.2|2588207|crew_log_f2d067066ae031d2|0|1786915734.542|54.917|1.716|28315279360|38019842048|sim_data_501796ab98789225|__AUTOMETRIC__
__AUTOMETRIC__|0.1.2|2588207|crew_log_f2d067066ae031d2|0|1786915735.544|1.997|0.062|28315279360|38019842048|sim_data_501796ab98789225|__AUTOMETRIC__
__AUTOMETRIC__|0.1.2|2588207|crew_log_f2d067066ae031d2|0|1786915736.545|0.000|0.000|28315279360|38019842048|sim_data_501796ab98789225|__AUTOMETRIC__
__AUTOMETRIC__|0.1.2|2588207|crew_log_f2d067066ae031d2|0|1786915737.546|0.999|0.031|28315279360|38019842048|sim_data_501796ab98789225|__AUTOMETRIC__
__AUTOMETRIC__|0.1.2|2588207|crew_log_f2d067066ae031d2|0|1786915738.595|26.683|0.834|28315279360|38019842048|sim_data_501796ab98789225|__AUTOMETRIC__
__AUTOMETRIC__|0.1.2|2588207|crew_log_f2d067066ae031d2|0|1786915739.597|1.997|0.062|28315279360|38019842048|sim_data_501796ab98789225|__AUTOMETRIC__
__AUTOMETRIC__|0.1.2|2588207|crew_log_f2d067066ae031d2|0|1786915740.598|0.999|0.031|28315279360|38019842048|sim_data_501796ab98789225|__AUTOMETRIC__
__AUTOMETRIC__|0.1.2|2588207|crew_log_f2d067066ae031d2|0|1786915741.600|0.999|0.031|28315279360|38019842048|sim_data_501796ab98789225|__AUTOMETRIC__
__AUTOMETRIC__|0.1.2|2588207|crew_log_f2d067066ae031d2|0|1786915742.843|21.720|0.679|28315279360|38019842048|sim_data_501796ab98789225|__AUTOMETRIC__
__AUTOMETRIC__|0.1.2|2588207|crew_log_f2d067066ae031d2|0|1786915743.844|1.997|0.062|28315279360|38019842048|sim_data_501796ab98789225|__AUTOMETRIC__
__AUTOMETRIC__|0.1.2|2588207|crew_log_f2d067066ae031d2|0|1786915744.845|0.999|0.031|28315279360|38019842048|sim_data_501796ab98789225|__AUTOMETRIC__
__AUTOMETRIC__|0.1.2|2588207|crew_log_f2d067066ae031d2|0|1786915745.847|1.997|0.062|28315279360|38019842048|sim_data_501796ab98789225|__AUTOMETRIC__
__AUTOMETRIC__|0.1.2|2588207|crew_log_f2d067066ae031d2|0|1786915747.094|21.647|0.676|28315279360|38019842048|sim_data_501796ab98789225|__AUTOMETRIC__
__AUTOMETRIC__|0.1.2|2588207|crew_log_f2d067066ae031d2|0|1786915748.095|0.999|0.031|28315279360|38019842048|sim_data_501796ab98789225|__AUTOMETRIC__
__AUTOMETRIC__|0.1.2|2588207|crew_log_f2d067066ae031d2|0|1786915749.097|1.997|0.062|28315279360|38019842048|sim_data_501796ab98789225|__AUTOMETRIC__
__AUTOMETRIC__|0.1.2|2588207|crew_log_f2d067066ae031d2|0|1786915750.105|1.984|0.062|28315279360|38019842048|sim_data_501796ab98789225|__AUTOMETRIC__
__AUTOMETRIC__|0.1.2|2588207|crew_log_f2d067066ae031d2|0|1786915751.109|1.992|0.062|28315279360|38019842048|sim_data_501796ab98789225|__AUTOMETRIC__
__AUTOMETRIC__|0.1.2|2588207|crew_log_f2d067066ae031d2|0|1786915752.110|11.984|0.375|28315279360|38019842048|sim_data_501796ab98789225|__AUTOMETRIC__
__AUTOMETRIC__|0.1.2|2588207|crew_log_f2d067066ae031d2|0|1786915753.111|82.894|2.590|28320751616|38024929280|sim_data_501796ab98789225|__AUTOMETRIC__
__AUTOMETRIC__|0.1.2|2588207|crew_log_f2d067066ae031d2|0|1786915754.113|99.864|3.121|28320751616|38024929280|sim_data_501796ab98789225|__AUTOMETRIC__
__AUTOMETRIC__|0.1.2|2588207|crew_log_f2d067066ae031d2|0|1786915755.114|99.840|3.120|28320751616|38024929280|sim_data_501796ab98789225|__AUTOMETRIC__
__AUTOMETRIC__|0.1.2|2588207|crew_log_f2d067066ae031d2|0|1786915756.116|398.478|12.452|28320751616|38024929280|sim_data_501796ab98789225|__AUTOMETRIC__
__AUTOMETRIC__|0.1.2|2588207|crew_log_f2d067066ae031d2|0|1786915757.117|443.400|13.856|28320751616|38024929280|sim_data_501796ab98789225|__AUTOMETRIC__
__AUTOMETRIC__|0.1.2|2588207|crew_log_f2d067066ae031d2|0|1786915758.119|129.805|4.056|28320751616|38024929280|sim_data_501796ab98789225|__AUTOMETRIC__
__AUTOMETRIC__|0.1.2|2588207|crew_log_f2d067066ae031d2|0|1786915759.378|100.025|3.126|28320751616|38024929280|sim_data_501796ab98789225|__AUTOMETRIC__
__AUTOMETRIC__|0.1.2|2588207|crew_log_f2d067066ae031d2|0|1786915760.615|44.474|1.390|28320751616|38024929280|sim_data_501796ab98789225|__AUTOMETRIC__
__AUTOMETRIC__|0.1.2|2588207|crew_log_f2d067066ae031d2|0|1786915761.616|0.999|0.031|28320751616|38024929280|sim_data_501796ab98789225|__AUTOMETRIC__
__AUTOMETRIC__|0.1.2|2588207|crew_log_f2d067066ae031d2|0|1786915762.618|1.996|0.062|28320751616|38024929280|sim_data_501796ab98789225|__AUTOMETRIC__
__AUTOMETRIC__|0.1.2|2588207|crew_log_f2d067066ae031d2|0|1786915763.620|0.998|0.031|28320751616|38024929280|sim_data_501796ab98789225|__AUTOMETRIC__
__AUTOMETRIC__|0.1.2|2588207|crew_log_f2d067066ae031d2|0|1786915764.622|25.961|0.811|28320751616|38024929280|sim_data_501796ab98789225|__AUTOMETRIC__
__AUTOMETRIC__|0.1.2|2588207|crew_log_f2d067066ae031d2|0|1786915765.626|1.991|0.062|28320751616|38024929280|sim_data_501796ab98789225|__AUTOMETRIC__
__AUTOMETRIC__|0.1.2|2588207|crew_log_f2d067066ae031d2|0|1786915766.628|0.999|0.031|28320751616|38024929280|sim_data_501796ab98789225|__AUTOMETRIC__
__AUTOMETRIC__|0.1.2|2588207|crew_log_f2d067066ae031d2|0|1786915767.629|0.999|0.031|28320751616|38024929280|sim_data_501796ab98789225|__AUTOMETRIC__
__AUTOMETRIC__|0.1.2|2588207|crew_log_f2d067066ae031d2|0|1786915768.630|27.962|0.874|28320751616|38024929280|sim_data_501796ab98789225|__AUTOMETRIC__
__AUTOMETRIC__|0.1.2|2588207|crew_log_f2d067066ae031d2|0|1786915769.632|0.998|0.031|28320751616|38024929280|sim_data_501796ab98789225|__AUTOMETRIC__
__AUTOMETRIC__|0.1.2|2588207|crew_log_f2d067066ae031d2|0|1786915770.633|1.997|0.062|28320751616|38024929280|sim_data_501796ab98789225|__AUTOMETRIC__
__AUTOMETRIC__|0.1.2|2588207|crew_log_f2d067066ae031d2|0|1786915771.698|31.946|0.998|28320751616|38024929280|sim_data_501796ab98789225|__AUTOMETRIC__
__AUTOMETRIC__|0.1.2|2588207|crew_log_f2d067066ae031d2|0|1786915772.700|0.998|0.031|28320751616|38024929280|sim_data_501796ab98789225|__AUTOMETRIC__
__AUTOMETRIC__|0.1.2|2588207|crew_log_f2d067066ae031d2|0|1786915773.701|1.997|0.062|28320751616|38024929280|sim_data_501796ab98789225|__AUTOMETRIC__
__AUTOMETRIC__|0.1.2|2588207|crew_log_f2d067066ae031d2|0|1786915774.703|0.998|0.031|28320751616|38024929280|sim_data_501796ab98789225|__AUTOMETRIC__
__AUTOMETRIC__|0.1.2|2588207|crew_log_f2d067066ae031d2|0|1786915775.704|14.980|0.468|28320751616|38024929280|sim_data_501796ab98789225|__AUTOMETRIC__
__AUTOMETRIC__|0.1.2|2588207|crew_log_f2d067066ae031d2|0|1786915776.705|74.898|2.341|28320751616|38024929280|sim_data_501796ab98789225|__AUTOMETRIC__
__AUTOMETRIC__|0.1.2|2588207|crew_log_f2d067066ae031d2|0|1786915777.707|99.852|3.120|28320751616|38024929280|sim_data_501796ab98789225|__AUTOMETRIC__
__AUTOMETRIC__|0.1.2|2588207|crew_log_f2d067066ae031d2|0|1786915778.708|98.854|3.089|28320751616|38024929280|sim_data_501796ab98789225|__AUTOMETRIC__
__AUTOMETRIC__|0.1.2|2588207|crew_log_f2d067066ae031d2|0|1786915779.710|562.172|17.568|28320751616|38024929280|sim_data_501796ab98789225|__AUTOMETRIC__
__AUTOMETRIC__|0.1.2|2588207|crew_log_f2d067066ae031d2|0|1786915780.711|177.725|5.554|28320751616|38024929280|sim_data_501796ab98789225|__AUTOMETRIC__
__AUTOMETRIC__|0.1.2|2588207|crew_log_f2d067066ae031d2|0|1786915781.713|130.829|4.088|28320751616|38024929280|sim_data_501796ab98789225|__AUTOMETRIC__
__AUTOMETRIC__|0.1.2|2588207|crew_log_f2d067066ae031d2|0|1786915782.714|86.832|2.713|28320751616|38024929280|sim_data_501796ab98789225|__AUTOMETRIC__
__AUTOMETRIC__|0.1.2|2588207|crew_log_f2d067066ae031d2|0|1786915783.819|49.790|1.556|28320751616|38024929280|sim_data_501796ab98789225|__AUTOMETRIC__
__AUTOMETRIC__|0.1.2|2588207|crew_log_f2d067066ae031d2|0|1786915784.820|0.999|0.031|28320751616|38024929280|sim_data_501796ab98789225|__AUTOMETRIC__
__AUTOMETRIC__|0.1.2|2588207|crew_log_f2d067066ae031d2|0|1786915785.822|1.997|0.062|28320751616|38024929280|sim_data_501796ab98789225|__AUTOMETRIC__
__AUTOMETRIC__|0.1.2|2588207|crew_log_f2d067066ae031d2|0|1786915786.823|0.999|0.031|28320751616|38024929280|sim_data_501796ab98789225|__AUTOMETRIC__
__AUTOMETRIC__|0.1.2|2588207|crew_log_f2d067066ae031d2|0|1786915787.825|26.961|0.843|28320751616|38024929280|sim_data_501796ab98789225|__AUTOMETRIC__
__AUTOMETRIC__|0.1.2|2588207|crew_log_f2d067066ae031d2|0|1786915788.826|0.999|0.031|28320751616|38024929280|sim_data_501796ab98789225|__AUTOMETRIC__
__AUTOMETRIC__|0.1.2|2588207|crew_log_f2d067066ae031d2|0|1786915789.828|0.999|0.031|28320751616|38024929280|sim_data_501796ab98789225|__AUTOMETRIC__
__AUTOMETRIC__|0.1.2|2588207|crew_log_f2d067066ae031d2|0|1786915790.829|0.999|0.031|28320751616|38024929280|sim_data_501796ab98789225|__AUTOMETRIC__
__AUTOMETRIC__|0.1.2|2588207|crew_log_f2d067066ae031d2|0|1786915791.830|28.963|0.905|28320751616|38024929280|sim_data_501796ab98789225|__AUTOMETRIC__
__AUTOMETRIC__|0.1.2|2588207|crew_log_f2d067066ae031d2|0|1786915792.832|0.998|0.031|28320751616|38024929280|sim_data_501796ab98789225|__AUTOMETRIC__
__AUTOMETRIC__|0.1.2|2588207|crew_log_f2d067066ae031d2|0|1786915793.833|0.999|0.031|28320751616|38024929280|sim_data_501796ab98789225|__AUTOMETRIC__
__AUTOMETRIC__|0.1.2|2588207|crew_log_f2d067066ae031d2|0|1786915794.835|26.964|0.843|28320751616|38024929280|sim_data_501796ab98789225|__AUTOMETRIC__
__AUTOMETRIC__|0.1.2|2588207|crew_log_f2d067066ae031d2|0|1786915795.836|2.996|0.094|28320751616|38024929280|sim_data_501796ab98789225|__AUTOMETRIC__
__AUTOMETRIC__|0.1.2|2588207|crew_log_f2d067066ae031d2|0|1786915796.838|0.999|0.031|28320751616|38024929280|sim_data_501796ab98789225|__AUTOMETRIC__
__AUTOMETRIC__|0.1.2|2588207|crew_log_f2d067066ae031d2|0|1786915797.839|0.999|0.031|28320751616|38024929280|sim_data_501796ab98789225|__AUTOMETRIC__
__AUTOMETRIC__|0.1.2|2588207|crew_log_f2d067066ae031d2|0|1786915798.840|59.928|1.873|28320751616|38024929280|sim_data_501796ab98789225|__AUTOMETRIC__
__AUTOMETRIC__|0.1.2|2588207|crew_log_f2d067066ae031d2|0|1786915799.842|98.867|3.090|28325711872|38030020608|sim_data_501796ab98789225|__AUTOMETRIC__
__AUTOMETRIC__|0.1.2|2588207|crew_log_f2d067066ae031d2|0|1786915800.843|99.840|3.120|28325711872|38030020608|sim_data_501796ab98789225|__AUTOMETRIC__
__AUTOMETRIC__|0.1.2|2588207|crew_log_f2d067066ae031d2|0|1786915801.844|181.782|5.681|28325711872|38030020608|sim_data_501796ab98789225|__AUTOMETRIC__
__AUTOMETRIC__|0.1.2|2588207|crew_log_f2d067066ae031d2|0|1786915802.846|605.932|18.935|28325711872|38030020608|sim_data_501796ab98789225|__AUTOMETRIC__
__AUTOMETRIC__|0.1.2|2588207|crew_log_f2d067066ae031d2|0|1786915803.848|99.834|3.120|28325711872|38030020608|sim_data_501796ab98789225|__AUTOMETRIC__
__AUTOMETRIC__|0.1.2|2588207|crew_log_f2d067066ae031d2|0|1786915804.849|131.824|4.120|28325711872|38030020608|sim_data_501796ab98789225|__AUTOMETRIC__
__AUTOMETRIC__|0.1.2|2588207|crew_log_f2d067066ae031d2|0|1786915805.986|70.354|2.199|28325711872|38030020608|sim_data_501796ab98789225|__AUTOMETRIC__
__AUTOMETRIC__|0.1.2|2588207|crew_log_f2d067066ae031d2|0|1786915806.988|27.963|0.874|28325711872|38030020608|sim_data_501796ab98789225|__AUTOMETRIC__
__AUTOMETRIC__|0.1.2|2588207|crew_log_f2d067066ae031d2|0|1786915807.989|2.996|0.094|28325711872|38030020608|sim_data_501796ab98789225|__AUTOMETRIC__
__AUTOMETRIC__|0.1.2|2588207|crew_log_f2d067066ae031d2|0|1786915808.990|0.000|0.000|28325711872|38030020608|sim_data_501796ab98789225|__AUTOMETRIC__
__AUTOMETRIC__|0.1.2|2588207|crew_log_f2d067066ae031d2|0|1786915809.992|0.999|0.031|28325711872|38030020608|sim_data_501796ab98789225|__AUTOMETRIC__
__AUTOMETRIC__|0.1.2|2588207|crew_log_f2d067066ae031d2|0|1786915810.993|26.955|0.842|28325711872|38030020608|sim_data_501796ab98789225|__AUTOMETRIC__
__AUTOMETRIC__|0.1.2|2588207|crew_log_f2d067066ae031d2|0|1786915811.995|0.999|0.031|28325711872|38030020608|sim_data_501796ab98789225|__AUTOMETRIC__
__AUTOMETRIC__|0.1.2|2588207|crew_log_f2d067066ae031d2|0|1786915812.997|1.996|0.062|28325711872|38030020608|sim_data_501796ab98789225|__AUTOMETRIC__
__AUTOMETRIC__|0.1.2|2588207|crew_log_f2d067066ae031d2|0|1786915813.998|0.999|0.031|28325711872|38030020608|sim_data_501796ab98789225|__AUTOMETRIC__
__AUTOMETRIC__|0.1.2|2588207|crew_log_f2d067066ae031d2|0|1786915814.999|27.962|0.874|28325711872|38030020608|sim_data_501796ab98789225|__AUTOMETRIC__
__AUTOMETRIC__|0.1.2|2588207|crew_log_f2d067066ae031d2|0|1786915816.001|0.999|0.031|28325711872|38030020608|sim_data_501796ab98789225|__AUTOMETRIC__
__AUTOMETRIC__|0.1.2|2588207|crew_log_f2d067066ae031d2|0|1786915817.002|1.997|0.062|28325711872|38030020608|sim_data_501796ab98789225|__AUTOMETRIC__
__AUTOMETRIC__|0.1.2|2588207|crew_log_f2d067066ae031d2|0|1786915818.004|0.999|0.031|28325711872|38030020608|sim_data_501796ab98789225|__AUTOMETRIC__
__AUTOMETRIC__|0.1.2|2588207|crew_log_f2d067066ae031d2|0|1786915819.005|26.961|0.843|28325711872|38030020608|sim_data_501796ab98789225|__AUTOMETRIC__
__AUTOMETRIC__|0.1.2|2588207|crew_log_f2d067066ae031d2|0|1786915820.007|1.997|0.062|28325711872|38030020608|sim_data_501796ab98789225|__AUTOMETRIC__
__AUTOMETRIC__|0.1.2|2588207|crew_log_f2d067066ae031d2|0|1786915821.008|0.998|0.031|28325711872|38030020608|sim_data_501796ab98789225|__AUTOMETRIC__
__AUTOMETRIC__|0.1.2|2588207|crew_log_f2d067066ae031d2|0|1786915822.010|1.997|0.062|28325711872|38030020608|sim_data_501796ab98789225|__AUTOMETRIC__
__AUTOMETRIC__|0.1.2|2588207|crew_log_f2d067066ae031d2|0|1786915823.011|9.983|0.312|28325711872|38030020608|sim_data_501796ab98789225|__AUTOMETRIC__
__AUTOMETRIC__|0.1.2|2588207|crew_log_f2d067066ae031d2|0|1786915824.013|57.913|1.810|28325711872|38030020608|sim_data_501796ab98789225|__AUTOMETRIC__
__AUTOMETRIC__|0.1.2|2588207|crew_log_f2d067066ae031d2|0|1786915825.014|99.869|3.121|28325711872|38030020608|sim_data_501796ab98789225|__AUTOMETRIC__
__AUTOMETRIC__|0.1.2|2588207|crew_log_f2d067066ae031d2|0|1786915826.016|98.859|3.089|28325711872|38030020608|sim_data_501796ab98789225|__AUTOMETRIC__
__AUTOMETRIC__|0.1.2|2588207|crew_log_f2d067066ae031d2|0|1786915827.017|459.305|14.353|28325711872|38030020608|sim_data_501796ab98789225|__AUTOMETRIC__
__AUTOMETRIC__|0.1.2|2588207|crew_log_f2d067066ae031d2|0|1786915828.019|313.529|9.798|28325711872|38030020608|sim_data_501796ab98789225|__AUTOMETRIC__
__AUTOMETRIC__|0.1.2|2588207|crew_log_f2d067066ae031d2|0|1786915829.020|131.817|4.119|28325711872|38030020608|sim_data_501796ab98789225|__AUTOMETRIC__
__AUTOMETRIC__|0.1.2|2588207|crew_log_f2d067066ae031d2|0|1786915830.101|98.930|3.092|28325711872|38030020608|sim_data_501796ab98789225|__AUTOMETRIC__
__AUTOMETRIC__|0.1.2|2588207|crew_log_f2d067066ae031d2|0|1786915831.342|44.326|1.385|28325711872|38030020608|sim_data_501796ab98789225|__AUTOMETRIC__
__AUTOMETRIC__|0.1.2|2588207|crew_log_f2d067066ae031d2|0|1786915832.344|0.999|0.031|28325711872|38030020608|sim_data_501796ab98789225|__AUTOMETRIC__
__AUTOMETRIC__|0.1.2|2588207|crew_log_f2d067066ae031d2|0|1786915833.346|0.998|0.031|28325711872|38030020608|sim_data_501796ab98789225|__AUTOMETRIC__
__AUTOMETRIC__|0.1.2|2588207|crew_log_f2d067066ae031d2|0|1786915834.347|0.999|0.031|28325711872|38030020608|sim_data_501796ab98789225|__AUTOMETRIC__
__AUTOMETRIC__|0.1.2|2588207|crew_log_f2d067066ae031d2|0|1786915835.348|27.963|0.874|28325711872|38030020608|sim_data_501796ab98789225|__AUTOMETRIC__
__AUTOMETRIC__|0.1.2|2588207|crew_log_f2d067066ae031d2|0|1786915836.350|0.998|0.031|28325711872|38030020608|sim_data_501796ab98789225|__AUTOMETRIC__
__AUTOMETRIC__|0.1.2|2588207|crew_log_f2d067066ae031d2|0|1786915837.351|0.999|0.031|28325711872|38030020608|sim_data_501796ab98789225|__AUTOMETRIC__
__AUTOMETRIC__|0.1.2|2588207|crew_log_f2d067066ae031d2|0|1786915838.353|1.997|0.062|28325711872|38030020608|sim_data_501796ab98789225|__AUTOMETRIC__
__AUTOMETRIC__|0.1.2|2588207|crew_log_f2d067066ae031d2|0|1786915839.354|27.965|0.874|28325711872|38030020608|sim_data_501796ab98789225|__AUTOMETRIC__
__AUTOMETRIC__|0.1.2|2588207|crew_log_f2d067066ae031d2|0|1786915840.355|0.999|0.031|28325711872|38030020608|sim_data_501796ab98789225|__AUTOMETRIC__
__AUTOMETRIC__|0.1.2|2588207|crew_log_f2d067066ae031d2|0|1786915841.357|0.998|0.031|28325711872|38030020608|sim_data_501796ab98789225|__AUTOMETRIC__
__AUTOMETRIC__|0.1.2|2588207|crew_log_f2d067066ae031d2|0|1786915842.621|25.307|0.791|28325711872|38030020608|sim_data_501796ab98789225|__AUTOMETRIC__
__AUTOMETRIC__|0.1.2|2588207|crew_log_f2d067066ae031d2|0|1786915843.623|0.998|0.031|28325711872|38030020608|sim_data_501796ab98789225|__AUTOMETRIC__
__AUTOMETRIC__|0.1.2|2588207|crew_log_f2d067066ae031d2|0|1786915844.625|1.997|0.062|28325711872|38030020608|sim_data_501796ab98789225|__AUTOMETRIC__
__AUTOMETRIC__|0.1.2|2588207|crew_log_f2d067066ae031d2|0|1786915845.626|0.999|0.031|28325711872|38030020608|sim_data_501796ab98789225|__AUTOMETRIC__
__AUTOMETRIC__|0.1.2|2588207|crew_log_f2d067066ae031d2|0|1786915846.628|7.987|0.250|28325711872|38030020608|sim_data_501796ab98789225|__AUTOMETRIC__
__AUTOMETRIC__|0.1.2|2588207|crew_log_f2d067066ae031d2|0|1786915847.629|57.923|1.810|28325974016|38030020608|sim_data_501796ab98789225|__AUTOMETRIC__
__AUTOMETRIC__|0.1.2|2588207|crew_log_f2d067066ae031d2|0|1786915848.630|98.867|3.090|28325974016|38030020608|sim_data_501796ab98789225|__AUTOMETRIC__
__AUTOMETRIC__|0.1.2|2588207|crew_log_f2d067066ae031d2|0|1786915849.632|99.856|3.120|28325974016|38030020608|sim_data_501796ab98789225|__AUTOMETRIC__
__AUTOMETRIC__|0.1.2|2588207|crew_log_f2d067066ae031d2|0|1786915850.633|139.825|4.370|28325974016|38030020608|sim_data_501796ab98789225|__AUTOMETRIC__
__AUTOMETRIC__|0.1.2|2588207|crew_log_f2d067066ae031d2|0|1786915851.635|662.869|20.715|28325974016|38030020608|sim_data_501796ab98789225|__AUTOMETRIC__
__AUTOMETRIC__|0.1.2|2588207|crew_log_f2d067066ae031d2|0|1786915852.636|98.860|3.089|28325974016|38030020608|sim_data_501796ab98789225|__AUTOMETRIC__
__AUTOMETRIC__|0.1.2|2588207|crew_log_f2d067066ae031d2|0|1786915853.638|131.736|4.117|28325974016|38030020608|sim_data_501796ab98789225|__AUTOMETRIC__
__AUTOMETRIC__|0.1.2|2588207|crew_log_f2d067066ae031d2|0|1786915854.640|85.878|2.684|28325974016|38030020608|sim_data_501796ab98789225|__AUTOMETRIC__
__AUTOMETRIC__|0.1.2|2588207|crew_log_f2d067066ae031d2|0|1786915855.761|49.058|1.533|28325974016|38030020608|sim_data_501796ab98789225|__AUTOMETRIC__
__AUTOMETRIC__|0.1.2|2588207|crew_log_f2d067066ae031d2|0|1786915856.762|0.999|0.031|28325974016|38030020608|sim_data_501796ab98789225|__AUTOMETRIC__
__AUTOMETRIC__|0.1.2|2588207|crew_log_f2d067066ae031d2|0|1786915857.764|0.999|0.031|28325974016|38030020608|sim_data_501796ab98789225|__AUTOMETRIC__
__AUTOMETRIC__|0.1.2|2588207|crew_log_f2d067066ae031d2|0|1786915858.765|1.997|0.062|28325974016|38030020608|sim_data_501796ab98789225|__AUTOMETRIC__
__AUTOMETRIC__|0.1.2|2588207|crew_log_f2d067066ae031d2|0|1786915859.766|26.963|0.843|28325974016|38030020608|sim_data_501796ab98789225|__AUTOMETRIC__
__AUTOMETRIC__|0.1.2|2588207|crew_log_f2d067066ae031d2|0|1786915860.768|0.999|0.031|28325974016|38030020608|sim_data_501796ab98789225|__AUTOMETRIC__
__AUTOMETRIC__|0.1.2|2588207|crew_log_f2d067066ae031d2|0|1786915861.769|0.998|0.031|28325974016|38030020608|sim_data_501796ab98789225|__AUTOMETRIC__
__AUTOMETRIC__|0.1.2|2588207|crew_log_f2d067066ae031d2|0|1786915862.839|26.180|0.818|28325974016|38030020608|sim_data_501796ab98789225|__AUTOMETRIC__
__AUTOMETRIC__|0.1.2|2588207|crew_log_f2d067066ae031d2|0|1786915863.841|1.996|0.062|28325974016|38030020608|sim_data_501796ab98789225|__AUTOMETRIC__
__AUTOMETRIC__|0.1.2|2588207|crew_log_f2d067066ae031d2|0|1786915864.842|0.999|0.031|28325974016|38030020608|sim_data_501796ab98789225|__AUTOMETRIC__
__AUTOMETRIC__|0.1.2|2588207|crew_log_f2d067066ae031d2|0|1786915865.844|0.999|0.031|28325974016|38030020608|sim_data_501796ab98789225|__AUTOMETRIC__
__AUTOMETRIC__|0.1.2|2588207|crew_log_f2d067066ae031d2|0|1786915866.845|26.959|0.842|28325974016|38030020608|sim_data_501796ab98789225|__AUTOMETRIC__
__AUTOMETRIC__|0.1.2|2588207|crew_log_f2d067066ae031d2|0|1786915867.847|1.997|0.062|28325974016|38030020608|sim_data_501796ab98789225|__AUTOMETRIC__
__AUTOMETRIC__|0.1.2|2588207|crew_log_f2d067066ae031d2|0|1786915868.848|1.997|0.062|28325974016|38030020608|sim_data_501796ab98789225|__AUTOMETRIC__
__AUTOMETRIC__|0.1.2|2588207|crew_log_f2d067066ae031d2|0|1786915869.849|8.987|0.281|28325974016|38030020608|sim_data_501796ab98789225|__AUTOMETRIC__
__AUTOMETRIC__|0.1.2|2588207|crew_log_f2d067066ae031d2|0|1786915870.851|88.867|2.777|28350967808|38055075840|sim_data_501796ab98789225|__AUTOMETRIC__
__AUTOMETRIC__|0.1.2|2588207|crew_log_f2d067066ae031d2|0|1786915871.853|99.798|3.119|28350967808|38055075840|sim_data_501796ab98789225|__AUTOMETRIC__
__AUTOMETRIC__|0.1.2|2588207|crew_log_f2d067066ae031d2|0|1786915872.854|99.869|3.121|28350967808|38055075840|sim_data_501796ab98789225|__AUTOMETRIC__
__AUTOMETRIC__|0.1.2|2588207|crew_log_f2d067066ae031d2|0|1786915873.856|580.888|18.153|28350967808|38055075840|sim_data_501796ab98789225|__AUTOMETRIC__
__AUTOMETRIC__|0.1.2|2588207|crew_log_f2d067066ae031d2|0|1786915874.858|172.775|5.399|28326060032|38030020608|sim_data_501796ab98789225|__AUTOMETRIC__
__AUTOMETRIC__|0.1.2|2588207|crew_log_f2d067066ae031d2|0|1786915875.859|120.832|3.776|28326060032|38030020608|sim_data_501796ab98789225|__AUTOMETRIC__
__AUTOMETRIC__|0.1.2|2588207|crew_log_f2d067066ae031d2|0|1786915877.012|99.771|3.118|28326060032|38030020608|sim_data_501796ab98789225|__AUTOMETRIC__
__AUTOMETRIC__|0.1.2|2588207|crew_log_f2d067066ae031d2|0|1786915878.250|44.396|1.387|28326060032|38030020608|sim_data_501796ab98789225|__AUTOMETRIC__
__AUTOMETRIC__|0.1.2|2588207|crew_log_f2d067066ae031d2|0|1786915879.252|1.997|0.062|28326060032|38030020608|sim_data_501796ab98789225|__AUTOMETRIC__
__AUTOMETRIC__|0.1.2|2588207|crew_log_f2d067066ae031d2|0|1786915880.253|0.999|0.031|28326060032|38030020608|sim_data_501796ab98789225|__AUTOMETRIC__
__AUTOMETRIC__|0.1.2|2588207|crew_log_f2d067066ae031d2|0|1786915881.255|0.998|0.031|28326060032|38030020608|sim_data_501796ab98789225|__AUTOMETRIC__
__AUTOMETRIC__|0.1.2|2588207|crew_log_f2d067066ae031d2|0|1786915882.256|26.965|0.843|28326060032|38030020608|sim_data_501796ab98789225|__AUTOMETRIC__
__AUTOMETRIC__|0.1.2|2588207|crew_log_f2d067066ae031d2|0|1786915883.258|0.999|0.031|28326060032|38030020608|sim_data_501796ab98789225|__AUTOMETRIC__
__AUTOMETRIC__|0.1.2|2588207|crew_log_f2d067066ae031d2|0|1786915884.259|1.996|0.062|28326060032|38030020608|sim_data_501796ab98789225|__AUTOMETRIC__
__AUTOMETRIC__|0.1.2|2588207|crew_log_f2d067066ae031d2|0|1786915885.261|0.999|0.031|28326060032|38030020608|sim_data_501796ab98789225|__AUTOMETRIC__
__AUTOMETRIC__|0.1.2|2588207|crew_log_f2d067066ae031d2|0|1786915886.262|27.964|0.874|28326060032|38030020608|sim_data_501796ab98789225|__AUTOMETRIC__
__AUTOMETRIC__|0.1.2|2588207|crew_log_f2d067066ae031d2|0|1786915887.263|0.999|0.031|28326060032|38030020608|sim_data_501796ab98789225|__AUTOMETRIC__
__AUTOMETRIC__|0.1.2|2588207|crew_log_f2d067066ae031d2|0|1786915888.265|1.997|0.062|28326060032|38030020608|sim_data_501796ab98789225|__AUTOMETRIC__
__AUTOMETRIC__|0.1.2|2588207|crew_log_f2d067066ae031d2|0|1786915889.266|0.999|0.031|28326060032|38030020608|sim_data_501796ab98789225|__AUTOMETRIC__
__AUTOMETRIC__|0.1.2|2588207|crew_log_f2d067066ae031d2|0|1786915890.268|26.963|0.843|28326060032|38030020608|sim_data_501796ab98789225|__AUTOMETRIC__
__AUTOMETRIC__|0.1.2|2588207|crew_log_f2d067066ae031d2|0|1786915891.269|1.997|0.062|28326060032|38030020608|sim_data_501796ab98789225|__AUTOMETRIC__
__AUTOMETRIC__|0.1.2|2588207|crew_log_f2d067066ae031d2|0|1786915892.270|0.999|0.031|28326060032|38030020608|sim_data_501796ab98789225|__AUTOMETRIC__
__AUTOMETRIC__|0.1.2|2588207|crew_log_f2d067066ae031d2|0|1786915893.272|0.999|0.031|28326060032|38030020608|sim_data_501796ab98789225|__AUTOMETRIC__
__AUTOMETRIC__|0.1.2|2588207|crew_log_f2d067066ae031d2|0|1786915894.274|49.908|1.560|28326060032|38031790080|sim_data_501796ab98789225|__AUTOMETRIC__
__AUTOMETRIC__|0.1.2|2588207|crew_log_f2d067066ae031d2|0|1786915895.275|98.878|3.090|28326060032|38030020608|sim_data_501796ab98789225|__AUTOMETRIC__
__AUTOMETRIC__|0.1.2|2588207|crew_log_f2d067066ae031d2|0|1786915896.276|99.869|3.121|28326060032|38030020608|sim_data_501796ab98789225|__AUTOMETRIC__
__AUTOMETRIC__|0.1.2|2588207|crew_log_f2d067066ae031d2|0|1786915897.277|275.632|8.613|28326060032|38030020608|sim_data_501796ab98789225|__AUTOMETRIC__
__AUTOMETRIC__|0.1.2|2588207|crew_log_f2d067066ae031d2|0|1786915898.279|530.049|16.564|28326060032|38030020608|sim_data_501796ab98789225|__AUTOMETRIC__
__AUTOMETRIC__|0.1.2|2588207|crew_log_f2d067066ae031d2|0|1786915899.281|115.846|3.620|28326060032|38030020608|sim_data_501796ab98789225|__AUTOMETRIC__
__AUTOMETRIC__|0.1.2|2588207|crew_log_f2d067066ae031d2|0|1786915900.282|114.828|3.588|28326060032|38030020608|sim_data_501796ab98789225|__AUTOMETRIC__
__AUTOMETRIC__|0.1.2|2588207|crew_log_f2d067066ae031d2|0|1786915901.314|66.844|2.089|28326060032|38030020608|sim_data_501796ab98789225|__AUTOMETRIC__
__AUTOMETRIC__|0.1.2|2588207|crew_log_f2d067066ae031d2|0|1786915902.316|27.962|0.874|28326060032|38030020608|sim_data_501796ab98789225|__AUTOMETRIC__
__AUTOMETRIC__|0.1.2|2588207|crew_log_f2d067066ae031d2|0|1786915903.317|1.997|0.062|28326060032|38030020608|sim_data_501796ab98789225|__AUTOMETRIC__
__AUTOMETRIC__|0.1.2|2588207|crew_log_f2d067066ae031d2|0|1786915904.319|0.998|0.031|28326060032|38030020608|sim_data_501796ab98789225|__AUTOMETRIC__
__AUTOMETRIC__|0.1.2|2588207|crew_log_f2d067066ae031d2|0|1786915905.320|0.999|0.031|28326060032|38030020608|sim_data_501796ab98789225|__AUTOMETRIC__
__AUTOMETRIC__|0.1.2|2588207|crew_log_f2d067066ae031d2|0|1786915906.322|27.959|0.874|28326060032|38030020608|sim_data_501796ab98789225|__AUTOMETRIC__
__AUTOMETRIC__|0.1.2|2588207|crew_log_f2d067066ae031d2|0|1786915907.323|0.999|0.031|28326060032|38030020608|sim_data_501796ab98789225|__AUTOMETRIC__
__AUTOMETRIC__|0.1.2|2588207|crew_log_f2d067066ae031d2|0|1786915908.325|0.998|0.031|28326060032|38030020608|sim_data_501796ab98789225|__AUTOMETRIC__
__AUTOMETRIC__|0.1.2|2588207|crew_log_f2d067066ae031d2|0|1786915909.326|0.999|0.031|28326060032|38030020608|sim_data_501796ab98789225|__AUTOMETRIC__
__AUTOMETRIC__|0.1.2|2588207|crew_log_f2d067066ae031d2|0|1786915910.327|26.963|0.843|28326060032|38030020608|sim_data_501796ab98789225|__AUTOMETRIC__
__AUTOMETRIC__|0.1.2|2588207|crew_log_f2d067066ae031d2|0|1786915911.329|0.998|0.031|28326060032|38030020608|sim_data_501796ab98789225|__AUTOMETRIC__
__AUTOMETRIC__|0.1.2|2588207|crew_log_f2d067066ae031d2|0|1786915912.330|1.997|0.062|28326060032|38030020608|sim_data_501796ab98789225|__AUTOMETRIC__
__AUTOMETRIC__|0.1.2|2588207|crew_log_f2d067066ae031d2|0|1786915913.332|0.999|0.031|28326060032|38030020608|sim_data_501796ab98789225|__AUTOMETRIC__
__AUTOMETRIC__|0.1.2|2588207|crew_log_f2d067066ae031d2|0|1786915914.334|0.998|0.031|28326060032|38030020608|sim_data_501796ab98789225|__AUTOMETRIC__
__AUTOMETRIC__|0.1.2|2588207|crew_log_f2d067066ae031d2|0|1786915915.335|27.962|0.874|28326060032|38030020608|sim_data_501796ab98789225|__AUTOMETRIC__
__AUTOMETRIC__|0.1.2|2588207|crew_log_f2d067066ae031d2|0|1786915916.337|1.997|0.062|28326060032|38030020608|sim_data_501796ab98789225|__AUTOMETRIC__
__AUTOMETRIC__|0.1.2|2588207|crew_log_f2d067066ae031d2|0|1786915917.340|0.996|0.031|28326060032|38030020608|sim_data_501796ab98789225|__AUTOMETRIC__
__AUTOMETRIC__|0.1.2|2588207|crew_log_f2d067066ae031d2|0|1786915918.342|6.991|0.218|28326060032|38030020608|sim_data_501796ab98789225|__AUTOMETRIC__
__AUTOMETRIC__|0.1.2|2588207|crew_log_f2d067066ae031d2|0|1786915919.343|88.877|2.777|28365705216|38069764096|sim_data_501796ab98789225|__AUTOMETRIC__
__AUTOMETRIC__|0.1.2|2588207|crew_log_f2d067066ae031d2|0|1786915920.344|98.874|3.090|28365705216|38069764096|sim_data_501796ab98789225|__AUTOMETRIC__
__AUTOMETRIC__|0.1.2|2588207|crew_log_f2d067066ae031d2|0|1786915921.346|99.879|3.121|28365705216|38069764096|sim_data_501796ab98789225|__AUTOMETRIC__
__AUTOMETRIC__|0.1.2|2588207|crew_log_f2d067066ae031d2|0|1786915922.347|588.166|18.380|28365705216|38069764096|sim_data_501796ab98789225|__AUTOMETRIC__
__AUTOMETRIC__|0.1.2|2588207|crew_log_f2d067066ae031d2|0|1786915923.349|231.534|7.235|28326117376|38030020608|sim_data_501796ab98789225|__AUTOMETRIC__
__AUTOMETRIC__|0.1.2|2588207|crew_log_f2d067066ae031d2|0|1786915924.351|131.771|4.118|28326117376|38030020608|sim_data_501796ab98789225|__AUTOMETRIC__
__AUTOMETRIC__|0.1.2|2588207|crew_log_f2d067066ae031d2|0|1786915925.482|99.930|3.123|28326117376|38030020608|sim_data_501796ab98789225|__AUTOMETRIC__
__AUTOMETRIC__|0.1.2|2588207|crew_log_f2d067066ae031d2|0|1786915926.717|44.519|1.391|28326117376|38030020608|sim_data_501796ab98789225|__AUTOMETRIC__
__AUTOMETRIC__|0.1.2|2588207|crew_log_f2d067066ae031d2|0|1786915927.718|0.999|0.031|28326117376|38030020608|sim_data_501796ab98789225|__AUTOMETRIC__
__AUTOMETRIC__|0.1.2|2588207|crew_log_f2d067066ae031d2|0|1786915928.720|0.999|0.031|28326117376|38030020608|sim_data_501796ab98789225|__AUTOMETRIC__
__AUTOMETRIC__|0.1.2|2588207|crew_log_f2d067066ae031d2|0|1786915929.721|0.998|0.031|28326117376|38030020608|sim_data_501796ab98789225|__AUTOMETRIC__
__AUTOMETRIC__|0.1.2|2588207|crew_log_f2d067066ae031d2|0|1786915930.723|27.954|0.874|28326117376|38030020608|sim_data_501796ab98789225|__AUTOMETRIC__
__AUTOMETRIC__|0.1.2|2588207|crew_log_f2d067066ae031d2|0|1786915931.726|0.997|0.031|28326117376|38030020608|sim_data_501796ab98789225|__AUTOMETRIC__
__AUTOMETRIC__|0.1.2|2588207|crew_log_f2d067066ae031d2|0|1786915932.727|1.997|0.062|28326117376|38030020608|sim_data_501796ab98789225|__AUTOMETRIC__
__AUTOMETRIC__|0.1.2|2588207|crew_log_f2d067066ae031d2|0|1786915933.729|0.998|0.031|28326117376|38030020608|sim_data_501796ab98789225|__AUTOMETRIC__
__AUTOMETRIC__|0.1.2|2588207|crew_log_f2d067066ae031d2|0|1786915934.731|25.955|0.811|28326117376|38030020608|sim_data_501796ab98789225|__AUTOMETRIC__
__AUTOMETRIC__|0.1.2|2588207|crew_log_f2d067066ae031d2|0|1786915935.732|1.997|0.062|28326117376|38030020608|sim_data_501796ab98789225|__AUTOMETRIC__
__AUTOMETRIC__|0.1.2|2588207|crew_log_f2d067066ae031d2|0|1786915936.733|1.998|0.062|28326117376|38030020608|sim_data_501796ab98789225|__AUTOMETRIC__
__AUTOMETRIC__|0.1.2|2588207|crew_log_f2d067066ae031d2|0|1786915937.735|0.998|0.031|28326117376|38030020608|sim_data_501796ab98789225|__AUTOMETRIC__
__AUTOMETRIC__|0.1.2|2588207|crew_log_f2d067066ae031d2|0|1786915938.736|26.960|0.843|28326117376|38030020608|sim_data_501796ab98789225|__AUTOMETRIC__
__AUTOMETRIC__|0.1.2|2588207|crew_log_f2d067066ae031d2|0|1786915939.738|1.997|0.062|28326117376|38030020608|sim_data_501796ab98789225|__AUTOMETRIC__
__AUTOMETRIC__|0.1.2|2588207|crew_log_f2d067066ae031d2|0|1786915940.739|0.999|0.031|28326117376|38030020608|sim_data_501796ab98789225|__AUTOMETRIC__
__AUTOMETRIC__|0.1.2|2588207|crew_log_f2d067066ae031d2|0|1786915941.740|12.983|0.406|28326117376|38030020608|sim_data_501796ab98789225|__AUTOMETRIC__
__AUTOMETRIC__|0.1.2|2588207|crew_log_f2d067066ae031d2|0|1786915942.742|88.884|2.778|28326117376|38030020608|sim_data_501796ab98789225|__AUTOMETRIC__
__AUTOMETRIC__|0.1.2|2588207|crew_log_f2d067066ae031d2|0|1786915943.743|98.871|3.090|28326117376|38030020608|sim_data_501796ab98789225|__AUTOMETRIC__
__AUTOMETRIC__|0.1.2|2588207|crew_log_f2d067066ae031d2|0|1786915944.745|99.798|3.119|28326117376|38030020608|sim_data_501796ab98789225|__AUTOMETRIC__
__AUTOMETRIC__|0.1.2|2588207|crew_log_f2d067066ae031d2|0|1786915945.746|361.508|11.297|28326117376|38030020608|sim_data_501796ab98789225|__AUTOMETRIC__
__AUTOMETRIC__|0.1.2|2588207|crew_log_f2d067066ae031d2|0|1786915946.750|391.704|12.241|28326117376|38030020608|sim_data_501796ab98789225|__AUTOMETRIC__
__AUTOMETRIC__|0.1.2|2588207|crew_log_f2d067066ae031d2|0|1786915947.751|98.863|3.089|28326117376|38030020608|sim_data_501796ab98789225|__AUTOMETRIC__
__AUTOMETRIC__|0.1.2|2588207|crew_log_f2d067066ae031d2|0|1786915948.752|131.804|4.119|28326117376|38030020608|sim_data_501796ab98789225|__AUTOMETRIC__
__AUTOMETRIC__|0.1.2|2588207|crew_log_f2d067066ae031d2|0|1786915949.945|72.118|2.254|28326117376|38030020608|sim_data_501796ab98789225|__AUTOMETRIC__
__AUTOMETRIC__|0.1.2|2588207|crew_log_f2d067066ae031d2|0|1786915950.946|28.957|0.905|28326117376|38030020608|sim_data_501796ab98789225|__AUTOMETRIC__
__AUTOMETRIC__|0.1.2|2588207|crew_log_f2d067066ae031d2|0|1786915951.948|0.999|0.031|28326117376|38030020608|sim_data_501796ab98789225|__AUTOMETRIC__
__AUTOMETRIC__|0.1.2|2588207|crew_log_f2d067066ae031d2|0|1786915952.949|0.999|0.031|28326117376|38030020608|sim_data_501796ab98789225|__AUTOMETRIC__
__AUTOMETRIC__|0.1.2|2588207|crew_log_f2d067066ae031d2|0|1786915953.951|0.998|0.031|28326117376|38030020608|sim_data_501796ab98789225|__AUTOMETRIC__
__AUTOMETRIC__|0.1.2|2588207|crew_log_f2d067066ae031d2|0|1786915954.953|27.939|0.873|28326117376|38030020608|sim_data_501796ab98789225|__AUTOMETRIC__
__AUTOMETRIC__|0.1.2|2588207|crew_log_f2d067066ae031d2|0|1786915955.955|0.999|0.031|28326117376|38030020608|sim_data_501796ab98789225|__AUTOMETRIC__
__AUTOMETRIC__|0.1.2|2588207|crew_log_f2d067066ae031d2|0|1786915956.956|0.999|0.031|28326117376|38030020608|sim_data_501796ab98789225|__AUTOMETRIC__
__AUTOMETRIC__|0.1.2|2588207|crew_log_f2d067066ae031d2|0|1786915957.957|0.999|0.031|28326117376|38030020608|sim_data_501796ab98789225|__AUTOMETRIC__
__AUTOMETRIC__|0.1.2|2588207|crew_log_f2d067066ae031d2|0|1786915958.959|26.965|0.843|28326117376|38030020608|sim_data_501796ab98789225|__AUTOMETRIC__
__AUTOMETRIC__|0.1.2|2588207|crew_log_f2d067066ae031d2|0|1786915959.960|2.996|0.094|28326117376|38030020608|sim_data_501796ab98789225|__AUTOMETRIC__
__AUTOMETRIC__|0.1.2|2588207|crew_log_f2d067066ae031d2|0|1786915960.961|0.999|0.031|28326117376|38030020608|sim_data_501796ab98789225|__AUTOMETRIC__
__AUTOMETRIC__|0.1.2|2588207|crew_log_f2d067066ae031d2|0|1786915962.141|22.886|0.715|28326117376|38030020608|sim_data_501796ab98789225|__AUTOMETRIC__
__AUTOMETRIC__|0.1.2|2588207|crew_log_f2d067066ae031d2|0|1786915963.152|1.979|0.062|28326117376|38030020608|sim_data_501796ab98789225|__AUTOMETRIC__
__AUTOMETRIC__|0.1.2|2588207|crew_log_f2d067066ae031d2|0|1786915964.153|0.999|0.031|28326117376|38030020608|sim_data_501796ab98789225|__AUTOMETRIC__
__AUTOMETRIC__|0.1.2|2588207|crew_log_f2d067066ae031d2|0|1786915965.155|1.996|0.062|28326117376|38030020608|sim_data_501796ab98789225|__AUTOMETRIC__
__AUTOMETRIC__|0.1.2|2588207|crew_log_f2d067066ae031d2|0|1786915966.156|51.939|1.623|28326903808|38031785984|sim_data_501796ab98789225|__AUTOMETRIC__
__AUTOMETRIC__|0.1.2|2588207|crew_log_f2d067066ae031d2|0|1786915967.157|99.864|3.121|28365901824|38069764096|sim_data_501796ab98789225|__AUTOMETRIC__
__AUTOMETRIC__|0.1.2|2588207|crew_log_f2d067066ae031d2|0|1786915968.159|99.861|3.121|28365901824|38069764096|sim_data_501796ab98789225|__AUTOMETRIC__
__AUTOMETRIC__|0.1.2|2588207|crew_log_f2d067066ae031d2|0|1786915969.160|334.543|10.454|28365901824|38069764096|sim_data_501796ab98789225|__AUTOMETRIC__
__AUTOMETRIC__|0.1.2|2588207|crew_log_f2d067066ae031d2|0|1786915970.161|314.596|9.831|28326313984|38030020608|sim_data_501796ab98789225|__AUTOMETRIC__
__AUTOMETRIC__|0.1.2|2588207|crew_log_f2d067066ae031d2|0|1786915971.163|99.865|3.121|28326313984|38030020608|sim_data_501796ab98789225|__AUTOMETRIC__
__AUTOMETRIC__|0.1.2|2588207|crew_log_f2d067066ae031d2|0|1786915972.164|131.822|4.119|28326313984|38030020608|sim_data_501796ab98789225|__AUTOMETRIC__
__AUTOMETRIC__|0.1.2|2588207|crew_log_f2d067066ae031d2|0|1786915973.429|73.494|2.297|28326313984|38030020608|sim_data_501796ab98789225|__AUTOMETRIC__
__AUTOMETRIC__|0.1.2|2588207|crew_log_f2d067066ae031d2|0|1786915974.431|27.950|0.873|28326313984|38030020608|sim_data_501796ab98789225|__AUTOMETRIC__
__AUTOMETRIC__|0.1.2|2588207|crew_log_f2d067066ae031d2|0|1786915975.433|0.999|0.031|28326313984|38030020608|sim_data_501796ab98789225|__AUTOMETRIC__
__AUTOMETRIC__|0.1.2|2588207|crew_log_f2d067066ae031d2|0|1786915976.434|1.997|0.062|28326313984|38030020608|sim_data_501796ab98789225|__AUTOMETRIC__
__AUTOMETRIC__|0.1.2|2588207|crew_log_f2d067066ae031d2|0|1786915977.609|22.969|0.718|28326313984|38030020608|sim_data_501796ab98789225|__AUTOMETRIC__
__AUTOMETRIC__|0.1.2|2588207|crew_log_f2d067066ae031d2|0|1786915978.611|1.997|0.062|28326313984|38030020608|sim_data_501796ab98789225|__AUTOMETRIC__
__AUTOMETRIC__|0.1.2|2588207|crew_log_f2d067066ae031d2|0|1786915979.612|0.999|0.031|28326313984|38030020608|sim_data_501796ab98789225|__AUTOMETRIC__
__AUTOMETRIC__|0.1.2|2588207|crew_log_f2d067066ae031d2|0|1786915980.613|0.999|0.031|28326313984|38030020608|sim_data_501796ab98789225|__AUTOMETRIC__
__AUTOMETRIC__|0.1.2|2588207|crew_log_f2d067066ae031d2|0|1786915981.615|27.962|0.874|28326313984|38030020608|sim_data_501796ab98789225|__AUTOMETRIC__
__AUTOMETRIC__|0.1.2|2588207|crew_log_f2d067066ae031d2|0|1786915982.616|1.997|0.062|28326313984|38030020608|sim_data_501796ab98789225|__AUTOMETRIC__
__AUTOMETRIC__|0.1.2|2588207|crew_log_f2d067066ae031d2|0|1786915983.632|0.984|0.031|28326313984|38030020608|sim_data_501796ab98789225|__AUTOMETRIC__
__AUTOMETRIC__|0.1.2|2588207|crew_log_f2d067066ae031d2|0|1786915984.634|26.965|0.843|28326313984|38030020608|sim_data_501796ab98789225|__AUTOMETRIC__
__AUTOMETRIC__|0.1.2|2588207|crew_log_f2d067066ae031d2|0|1786915985.636|0.998|0.031|28326313984|38030020608|sim_data_501796ab98789225|__AUTOMETRIC__
__AUTOMETRIC__|0.1.2|2588207|crew_log_f2d067066ae031d2|0|1786915986.638|1.997|0.062|28326313984|38030020608|sim_data_501796ab98789225|__AUTOMETRIC__
__AUTOMETRIC__|0.1.2|2588207|crew_log_f2d067066ae031d2|0|1786915987.639|1.997|0.062|28326313984|38030020608|sim_data_501796ab98789225|__AUTOMETRIC__
__AUTOMETRIC__|0.1.2|2588207|crew_log_f2d067066ae031d2|0|1786915988.640|75.898|2.372|28326313984|38030020608|sim_data_501796ab98789225|__AUTOMETRIC__
__AUTOMETRIC__|0.1.2|2588207|crew_log_f2d067066ae031d2|0|1786915989.642|98.862|3.089|28326313984|38030020608|sim_data_501796ab98789225|__AUTOMETRIC__
__AUTOMETRIC__|0.1.2|2588207|crew_log_f2d067066ae031d2|0|1786915990.643|99.882|3.121|28326313984|38030020608|sim_data_501796ab98789225|__AUTOMETRIC__
__AUTOMETRIC__|0.1.2|2588207|crew_log_f2d067066ae031d2|0|1786915991.645|462.192|14.443|28326313984|38030020608|sim_data_501796ab98789225|__AUTOMETRIC__
__AUTOMETRIC__|0.1.2|2588207|crew_log_f2d067066ae031d2|0|1786915992.646|295.587|9.237|28326313984|38030020608|sim_data_501796ab98789225|__AUTOMETRIC__
__AUTOMETRIC__|0.1.2|2588207|crew_log_f2d067066ae031d2|0|1786915993.647|130.844|4.089|28326313984|38030020608|sim_data_501796ab98789225|__AUTOMETRIC__
__AUTOMETRIC__|0.1.2|2588207|crew_log_f2d067066ae031d2|0|1786915994.741|99.672|3.115|28326313984|38030020608|sim_data_501796ab98789225|__AUTOMETRIC__
__AUTOMETRIC__|0.1.2|2588207|crew_log_f2d067066ae031d2|0|1786915995.985|44.214|1.382|28326313984|38030020608|sim_data_501796ab98789225|__AUTOMETRIC__
__AUTOMETRIC__|0.1.2|2588207|crew_log_f2d067066ae031d2|0|1786915996.986|1.997|0.062|28326313984|38030020608|sim_data_501796ab98789225|__AUTOMETRIC__
__AUTOMETRIC__|0.1.2|2588207|crew_log_f2d067066ae031d2|0|1786915997.987|0.999|0.031|28326313984|38030020608|sim_data_501796ab98789225|__AUTOMETRIC__
__AUTOMETRIC__|0.1.2|2588207|crew_log_f2d067066ae031d2|0|1786915998.989|0.999|0.031|28326313984|38030020608|sim_data_501796ab98789225|__AUTOMETRIC__
__AUTOMETRIC__|0.1.2|2588207|crew_log_f2d067066ae031d2|0|1786915999.990|25.968|0.811|28326313984|38030020608|sim_data_501796ab98789225|__AUTOMETRIC__
__AUTOMETRIC__|0.1.2|2588207|crew_log_f2d067066ae031d2|0|1786916000.991|1.997|0.062|28326313984|38030020608|sim_data_501796ab98789225|__AUTOMETRIC__
__AUTOMETRIC__|0.1.2|2588207|crew_log_f2d067066ae031d2|0|1786916001.993|0.998|0.031|28326313984|38030020608|sim_data_501796ab98789225|__AUTOMETRIC__
__AUTOMETRIC__|0.1.2|2588207|crew_log_f2d067066ae031d2|0|1786916002.994|0.999|0.031|28326313984|38030020608|sim_data_501796ab98789225|__AUTOMETRIC__
__AUTOMETRIC__|0.1.2|2588207|crew_log_f2d067066ae031d2|0|1786916003.996|27.964|0.874|28326313984|38030020608|sim_data_501796ab98789225|__AUTOMETRIC__
__AUTOMETRIC__|0.1.2|2588207|crew_log_f2d067066ae031d2|0|1786916004.997|0.999|0.031|28326313984|38030020608|sim_data_501796ab98789225|__AUTOMETRIC__
__AUTOMETRIC__|0.1.2|2588207|crew_log_f2d067066ae031d2|0|1786916005.998|1.997|0.062|28326313984|38030020608|sim_data_501796ab98789225|__AUTOMETRIC__
__AUTOMETRIC__|0.1.2|2588207|crew_log_f2d067066ae031d2|0|1786916007.109|24.305|0.760|28326313984|38030020608|sim_data_501796ab98789225|__AUTOMETRIC__
__AUTOMETRIC__|0.1.2|2588207|crew_log_f2d067066ae031d2|0|1786916008.111|2.996|0.094|28326313984|38030020608|sim_data_501796ab98789225|__AUTOMETRIC__
__AUTOMETRIC__|0.1.2|2588207|crew_log_f2d067066ae031d2|0|1786916009.112|0.999|0.031|28326313984|38030020608|sim_data_501796ab98789225|__AUTOMETRIC__
__AUTOMETRIC__|0.1.2|2588207|crew_log_f2d067066ae031d2|0|1786916010.113|0.999|0.031|28326313984|38030020608|sim_data_501796ab98789225|__AUTOMETRIC__
__AUTOMETRIC__|0.1.2|2588207|crew_log_f2d067066ae031d2|0|1786916011.115|43.941|1.373|28326313984|38030020608|sim_data_501796ab98789225|__AUTOMETRIC__
__AUTOMETRIC__|0.1.2|2588207|crew_log_f2d067066ae031d2|0|1786916012.119|97.604|3.050|28365905920|38069764096|sim_data_501796ab98789225|__AUTOMETRIC__
__AUTOMETRIC__|0.1.2|2588207|crew_log_f2d067066ae031d2|0|1786916013.120|99.872|3.121|28365905920|38069764096|sim_data_501796ab98789225|__AUTOMETRIC__
__AUTOMETRIC__|0.1.2|2588207|crew_log_f2d067066ae031d2|0|1786916014.121|286.623|8.957|28365905920|38069764096|sim_data_501796ab98789225|__AUTOMETRIC__
__AUTOMETRIC__|0.1.2|2588207|crew_log_f2d067066ae031d2|0|1786916015.123|574.937|17.967|28326318080|38030020608|sim_data_501796ab98789225|__AUTOMETRIC__
__AUTOMETRIC__|0.1.2|2588207|crew_log_f2d067066ae031d2|0|1786916016.124|107.862|3.371|28326318080|38030020608|sim_data_501796ab98789225|__AUTOMETRIC__
__AUTOMETRIC__|0.1.2|2588207|crew_log_f2d067066ae031d2|0|1786916017.126|131.834|4.120|28326318080|38030020608|sim_data_501796ab98789225|__AUTOMETRIC__
__AUTOMETRIC__|0.1.2|2588207|crew_log_f2d067066ae031d2|0|1786916018.127|75.899|2.372|28326318080|38030020608|sim_data_501796ab98789225|__AUTOMETRIC__
__AUTOMETRIC__|0.1.2|2588207|crew_log_f2d067066ae031d2|0|1786916019.158|54.335|1.698|28326318080|38030020608|sim_data_501796ab98789225|__AUTOMETRIC__
__AUTOMETRIC__|0.1.2|2588207|crew_log_f2d067066ae031d2|0|1786916020.159|1.997|0.062|28326318080|38030020608|sim_data_501796ab98789225|__AUTOMETRIC__
__AUTOMETRIC__|0.1.2|2588207|crew_log_f2d067066ae031d2|0|1786916021.160|0.999|0.031|28326318080|38030020608|sim_data_501796ab98789225|__AUTOMETRIC__
__AUTOMETRIC__|0.1.2|2588207|crew_log_f2d067066ae031d2|0|1786916022.164|0.997|0.031|28326318080|38030020608|sim_data_501796ab98789225|__AUTOMETRIC__
__AUTOMETRIC__|0.1.2|2588207|crew_log_f2d067066ae031d2|0|1786916023.165|26.960|0.843|28326318080|38030020608|sim_data_501796ab98789225|__AUTOMETRIC__
__AUTOMETRIC__|0.1.2|2588207|crew_log_f2d067066ae031d2|0|1786916024.167|1.997|0.062|28326318080|38030020608|sim_data_501796ab98789225|__AUTOMETRIC__
__AUTOMETRIC__|0.1.2|2588207|crew_log_f2d067066ae031d2|0|1786916025.168|0.999|0.031|28326318080|38030020608|sim_data_501796ab98789225|__AUTOMETRIC__
__AUTOMETRIC__|0.1.2|2588207|crew_log_f2d067066ae031d2|0|1786916026.202|1.933|0.060|28326318080|38030020608|sim_data_501796ab98789225|__AUTOMETRIC__
__AUTOMETRIC__|0.1.2|2588207|crew_log_f2d067066ae031d2|0|1786916027.204|26.962|0.843|28326318080|38030020608|sim_data_501796ab98789225|__AUTOMETRIC__
__AUTOMETRIC__|0.1.2|2588207|crew_log_f2d067066ae031d2|0|1786916028.205|0.999|0.031|28326318080|38030020608|sim_data_501796ab98789225|__AUTOMETRIC__
__AUTOMETRIC__|0.1.2|2588207|crew_log_f2d067066ae031d2|0|1786916029.207|0.999|0.031|28326318080|38030020608|sim_data_501796ab98789225|__AUTOMETRIC__
__AUTOMETRIC__|0.1.2|2588207|crew_log_f2d067066ae031d2|0|1786916030.208|1.997|0.062|28326318080|38030020608|sim_data_501796ab98789225|__AUTOMETRIC__
__AUTOMETRIC__|0.1.2|2588207|crew_log_f2d067066ae031d2|0|1786916031.492|22.592|0.706|28326318080|38030020608|sim_data_501796ab98789225|__AUTOMETRIC__
__AUTOMETRIC__|0.1.2|2588207|crew_log_f2d067066ae031d2|0|1786916032.493|0.999|0.031|28326318080|38030020608|sim_data_501796ab98789225|__AUTOMETRIC__
__AUTOMETRIC__|0.1.2|2588207|crew_log_f2d067066ae031d2|0|1786916033.495|0.999|0.031|28326318080|38030020608|sim_data_501796ab98789225|__AUTOMETRIC__
__AUTOMETRIC__|0.1.2|2588207|crew_log_f2d067066ae031d2|0|1786916034.496|36.950|1.155|28326318080|38030020608|sim_data_501796ab98789225|__AUTOMETRIC__
__AUTOMETRIC__|0.1.2|2588207|crew_log_f2d067066ae031d2|0|1786916035.497|93.873|2.934|28326318080|38030020608|sim_data_501796ab98789225|__AUTOMETRIC__
__AUTOMETRIC__|0.1.2|2588207|crew_log_f2d067066ae031d2|0|1786916036.499|100.810|3.150|28326318080|38030020608|sim_data_501796ab98789225|__AUTOMETRIC__
__AUTOMETRIC__|0.1.2|2588207|crew_log_f2d067066ae031d2|0|1786916037.501|194.625|6.082|28326318080|38030020608|sim_data_501796ab98789225|__AUTOMETRIC__
__AUTOMETRIC__|0.1.2|2588207|crew_log_f2d067066ae031d2|0|1786916038.503|643.982|20.124|28326318080|38030020608|sim_data_501796ab98789225|__AUTOMETRIC__
__AUTOMETRIC__|0.1.2|2588207|crew_log_f2d067066ae031d2|0|1786916039.504|99.851|3.120|28326318080|38030020608|sim_data_501796ab98789225|__AUTOMETRIC__
__AUTOMETRIC__|0.1.2|2588207|crew_log_f2d067066ae031d2|0|1786916040.505|130.826|4.088|28326318080|38030020608|sim_data_501796ab98789225|__AUTOMETRIC__
__AUTOMETRIC__|0.1.2|2588207|crew_log_f2d067066ae031d2|0|1786916041.764|73.090|2.284|28326318080|38030020608|sim_data_501796ab98789225|__AUTOMETRIC__
__AUTOMETRIC__|0.1.2|2588207|crew_log_f2d067066ae031d2|0|1786916042.765|29.964|0.936|28326318080|38030020608|sim_data_501796ab98789225|__AUTOMETRIC__
__AUTOMETRIC__|0.1.2|2588207|crew_log_f2d067066ae031d2|0|1786916043.767|0.999|0.031|28326318080|38030020608|sim_data_501796ab98789225|__AUTOMETRIC__
__AUTOMETRIC__|0.1.2|2588207|crew_log_f2d067066ae031d2|0|1786916044.768|0.999|0.031|28326318080|38030020608|sim_data_501796ab98789225|__AUTOMETRIC__
__AUTOMETRIC__|0.1.2|2588207|crew_log_f2d067066ae031d2|0|1786916045.962|23.461|0.733|28326318080|38030020608|sim_data_501796ab98789225|__AUTOMETRIC__
__AUTOMETRIC__|0.1.2|2588207|crew_log_f2d067066ae031d2|0|1786916046.963|0.999|0.031|28326318080|38030020608|sim_data_501796ab98789225|__AUTOMETRIC__
__AUTOMETRIC__|0.1.2|2588207|crew_log_f2d067066ae031d2|0|1786916047.964|1.997|0.062|28326318080|38030020608|sim_data_501796ab98789225|__AUTOMETRIC__
__AUTOMETRIC__|0.1.2|2588207|crew_log_f2d067066ae031d2|0|1786916048.966|0.999|0.031|28326318080|38030020608|sim_data_501796ab98789225|__AUTOMETRIC__
__AUTOMETRIC__|0.1.2|2588207|crew_log_f2d067066ae031d2|0|1786916049.967|27.961|0.874|28326318080|38030020608|sim_data_501796ab98789225|__AUTOMETRIC__
__AUTOMETRIC__|0.1.2|2588207|crew_log_f2d067066ae031d2|0|1786916050.968|0.999|0.031|28326318080|38030020608|sim_data_501796ab98789225|__AUTOMETRIC__
__AUTOMETRIC__|0.1.2|2588207|crew_log_f2d067066ae031d2|0|1786916051.970|0.999|0.031|28326318080|38030020608|sim_data_501796ab98789225|__AUTOMETRIC__
__AUTOMETRIC__|0.1.2|2588207|crew_log_f2d067066ae031d2|0|1786916052.971|27.963|0.874|28326318080|38030020608|sim_data_501796ab98789225|__AUTOMETRIC__
__AUTOMETRIC__|0.1.2|2588207|crew_log_f2d067066ae031d2|0|1786916053.972|1.997|0.062|28326318080|38030020608|sim_data_501796ab98789225|__AUTOMETRIC__
__AUTOMETRIC__|0.1.2|2588207|crew_log_f2d067066ae031d2|0|1786916054.974|1.997|0.062|28326318080|38030020608|sim_data_501796ab98789225|__AUTOMETRIC__
__AUTOMETRIC__|0.1.2|2588207|crew_log_f2d067066ae031d2|0|1786916055.975|0.999|0.031|28326318080|38030020608|sim_data_501796ab98789225|__AUTOMETRIC__
__AUTOMETRIC__|0.1.2|2588207|crew_log_f2d067066ae031d2|0|1786916056.977|83.882|2.621|28350468096|38054498304|sim_data_501796ab98789225|__AUTOMETRIC__
__AUTOMETRIC__|0.1.2|2588207|crew_log_f2d067066ae031d2|0|1786916057.978|99.870|3.121|28365934592|38069764096|sim_data_501796ab98789225|__AUTOMETRIC__
__AUTOMETRIC__|0.1.2|2588207|crew_log_f2d067066ae031d2|0|1786916058.979|98.878|3.090|28365934592|38069764096|sim_data_501796ab98789225|__AUTOMETRIC__
__AUTOMETRIC__|0.1.2|2588207|crew_log_f2d067066ae031d2|0|1786916059.980|379.542|11.861|28326346752|38030020608|sim_data_501796ab98789225|__AUTOMETRIC__
__AUTOMETRIC__|0.1.2|2588207|crew_log_f2d067066ae031d2|0|1786916060.982|482.327|15.073|28326346752|38030020608|sim_data_501796ab98789225|__AUTOMETRIC__
__AUTOMETRIC__|0.1.2|2588207|crew_log_f2d067066ae031d2|0|1786916061.983|131.831|4.120|28326346752|38030020608|sim_data_501796ab98789225|__AUTOMETRIC__
__AUTOMETRIC__|0.1.2|2588207|crew_log_f2d067066ae031d2|0|1786916062.994|98.940|3.092|28326346752|38030020608|sim_data_501796ab98789225|__AUTOMETRIC__
__AUTOMETRIC__|0.1.2|2588207|crew_log_f2d067066ae031d2|0|1786916063.995|63.911|1.997|28326346752|38030020608|sim_data_501796ab98789225|__AUTOMETRIC__
__AUTOMETRIC__|0.1.2|2588207|crew_log_f2d067066ae031d2|0|1786916064.997|28.958|0.905|28326346752|38030020608|sim_data_501796ab98789225|__AUTOMETRIC__
__AUTOMETRIC__|0.1.2|2588207|crew_log_f2d067066ae031d2|0|1786916065.998|0.999|0.031|28326346752|38030020608|sim_data_501796ab98789225|__AUTOMETRIC__
__AUTOMETRIC__|0.1.2|2588207|crew_log_f2d067066ae031d2|0|1786916066.999|0.999|0.031|28326346752|38030020608|sim_data_501796ab98789225|__AUTOMETRIC__
__AUTOMETRIC__|0.1.2|2588207|crew_log_f2d067066ae031d2|0|1786916068.001|0.999|0.031|28326346752|38030020608|sim_data_501796ab98789225|__AUTOMETRIC__
__AUTOMETRIC__|0.1.2|2588207|crew_log_f2d067066ae031d2|0|1786916069.002|28.959|0.905|28326346752|38030020608|sim_data_501796ab98789225|__AUTOMETRIC__
__AUTOMETRIC__|0.1.2|2588207|crew_log_f2d067066ae031d2|0|1786916070.004|0.999|0.031|28326346752|38030020608|sim_data_501796ab98789225|__AUTOMETRIC__
__AUTOMETRIC__|0.1.2|2588207|crew_log_f2d067066ae031d2|0|1786916071.005|0.999|0.031|28326346752|38030020608|sim_data_501796ab98789225|__AUTOMETRIC__
__AUTOMETRIC__|0.1.2|2588207|crew_log_f2d067066ae031d2|0|1786916072.017|27.666|0.865|28326346752|38030020608|sim_data_501796ab98789225|__AUTOMETRIC__
__AUTOMETRIC__|0.1.2|2588207|crew_log_f2d067066ae031d2|0|1786916073.018|1.997|0.062|28326346752|38030020608|sim_data_501796ab98789225|__AUTOMETRIC__
__AUTOMETRIC__|0.1.2|2588207|crew_log_f2d067066ae031d2|0|1786916074.020|0.999|0.031|28326346752|38030020608|sim_data_501796ab98789225|__AUTOMETRIC__
__AUTOMETRIC__|0.1.2|2588207|crew_log_f2d067066ae031d2|0|1786916075.021|1.997|0.062|28326346752|38030020608|sim_data_501796ab98789225|__AUTOMETRIC__
__AUTOMETRIC__|0.1.2|2588207|crew_log_f2d067066ae031d2|0|1786916076.022|27.961|0.874|28326346752|38030020608|sim_data_501796ab98789225|__AUTOMETRIC__
__AUTOMETRIC__|0.1.2|2588207|crew_log_f2d067066ae031d2|0|1786916077.024|0.999|0.031|28326346752|38030020608|sim_data_501796ab98789225|__AUTOMETRIC__
__AUTOMETRIC__|0.1.2|2588207|crew_log_f2d067066ae031d2|0|1786916078.025|1.997|0.062|28326346752|38030020608|sim_data_501796ab98789225|__AUTOMETRIC__
__AUTOMETRIC__|0.1.2|2588207|crew_log_f2d067066ae031d2|0|1786916079.026|7.989|0.250|28326346752|38030020608|sim_data_501796ab98789225|__AUTOMETRIC__
__AUTOMETRIC__|0.1.2|2588207|crew_log_f2d067066ae031d2|0|1786916080.028|78.898|2.466|28326346752|38030020608|sim_data_501796ab98789225|__AUTOMETRIC__
__AUTOMETRIC__|0.1.2|2588207|crew_log_f2d067066ae031d2|0|1786916081.029|99.856|3.121|28326346752|38030020608|sim_data_501796ab98789225|__AUTOMETRIC__
__AUTOMETRIC__|0.1.2|2588207|crew_log_f2d067066ae031d2|0|1786916082.030|98.870|3.090|28326346752|38030020608|sim_data_501796ab98789225|__AUTOMETRIC__
__AUTOMETRIC__|0.1.2|2588207|crew_log_f2d067066ae031d2|0|1786916083.032|501.314|15.666|28326346752|38030020608|sim_data_501796ab98789225|__AUTOMETRIC__
__AUTOMETRIC__|0.1.2|2588207|crew_log_f2d067066ae031d2|0|1786916084.033|300.663|9.396|28326346752|38030020608|sim_data_501796ab98789225|__AUTOMETRIC__
__AUTOMETRIC__|0.1.2|2588207|crew_log_f2d067066ae031d2|0|1786916085.035|131.774|4.118|28326346752|38030020608|sim_data_501796ab98789225|__AUTOMETRIC__
__AUTOMETRIC__|0.1.2|2588207|crew_log_f2d067066ae031d2|0|1786916086.112|98.414|3.075|28326346752|38030020608|sim_data_501796ab98789225|__AUTOMETRIC__
__AUTOMETRIC__|0.1.2|2588207|crew_log_f2d067066ae031d2|0|1786916087.346|45.365|1.418|28326346752|38030020608|sim_data_501796ab98789225|__AUTOMETRIC__
__AUTOMETRIC__|0.1.2|2588207|crew_log_f2d067066ae031d2|0|1786916088.347|0.999|0.031|28326346752|38030020608|sim_data_501796ab98789225|__AUTOMETRIC__
__AUTOMETRIC__|0.1.2|2588207|crew_log_f2d067066ae031d2|0|1786916089.349|0.999|0.031|28326346752|38030020608|sim_data_501796ab98789225|__AUTOMETRIC__
__AUTOMETRIC__|0.1.2|2588207|crew_log_f2d067066ae031d2|0|1786916090.350|0.999|0.031|28326346752|38030020608|sim_data_501796ab98789225|__AUTOMETRIC__
__AUTOMETRIC__|0.1.2|2588207|crew_log_f2d067066ae031d2|0|1786916091.386|26.070|0.815|28326346752|38030020608|sim_data_501796ab98789225|__AUTOMETRIC__
__AUTOMETRIC__|0.1.2|2588207|crew_log_f2d067066ae031d2|0|1786916092.387|0.998|0.031|28326346752|38030020608|sim_data_501796ab98789225|__AUTOMETRIC__
__AUTOMETRIC__|0.1.2|2588207|crew_log_f2d067066ae031d2|0|1786916093.389|1.998|0.062|28326346752|38030020608|sim_data_501796ab98789225|__AUTOMETRIC__
__AUTOMETRIC__|0.1.2|2588207|crew_log_f2d067066ae031d2|0|1786916094.390|0.999|0.031|28326346752|38030020608|sim_data_501796ab98789225|__AUTOMETRIC__
__AUTOMETRIC__|0.1.2|2588207|crew_log_f2d067066ae031d2|0|1786916095.391|0.999|0.031|28326346752|38030020608|sim_data_501796ab98789225|__AUTOMETRIC__
__AUTOMETRIC__|0.1.2|2588207|crew_log_f2d067066ae031d2|0|1786916096.393|26.965|0.843|28326346752|38030020608|sim_data_501796ab98789225|__AUTOMETRIC__
__AUTOMETRIC__|0.1.2|2588207|crew_log_f2d067066ae031d2|0|1786916097.394|0.998|0.031|28326346752|38030020608|sim_data_501796ab98789225|__AUTOMETRIC__
__AUTOMETRIC__|0.1.2|2588207|crew_log_f2d067066ae031d2|0|1786916098.396|1.997|0.062|28326346752|38030020608|sim_data_501796ab98789225|__AUTOMETRIC__
__AUTOMETRIC__|0.1.2|2588207|crew_log_f2d067066ae031d2|0|1786916099.397|1.997|0.062|28326346752|38030020608|sim_data_501796ab98789225|__AUTOMETRIC__
__AUTOMETRIC__|0.1.2|2588207|crew_log_f2d067066ae031d2|0|1786916100.398|26.961|0.843|28326346752|38030020608|sim_data_501796ab98789225|__AUTOMETRIC__
__AUTOMETRIC__|0.1.2|2588207|crew_log_f2d067066ae031d2|0|1786916101.400|0.999|0.031|28326346752|38030020608|sim_data_501796ab98789225|__AUTOMETRIC__
__AUTOMETRIC__|0.1.2|2588207|crew_log_f2d067066ae031d2|0|1786916102.401|0.999|0.031|28326346752|38030020608|sim_data_501796ab98789225|__AUTOMETRIC__
__AUTOMETRIC__|0.1.2|2588207|crew_log_f2d067066ae031d2|0|1786916103.402|1.998|0.062|28326346752|38030020608|sim_data_501796ab98789225|__AUTOMETRIC__
__AUTOMETRIC__|0.1.2|2588207|crew_log_f2d067066ae031d2|0|1786916104.404|36.952|1.155|28326346752|38030020608|sim_data_501796ab98789225|__AUTOMETRIC__
__AUTOMETRIC__|0.1.2|2588207|crew_log_f2d067066ae031d2|0|1786916105.405|95.859|2.996|28365946880|38069764096|sim_data_501796ab98789225|__AUTOMETRIC__
__AUTOMETRIC__|0.1.2|2588207|crew_log_f2d067066ae031d2|0|1786916106.406|98.870|3.090|28365946880|38069764096|sim_data_501796ab98789225|__AUTOMETRIC__
__AUTOMETRIC__|0.1.2|2588207|crew_log_f2d067066ae031d2|0|1786916107.408|99.879|3.121|28365946880|38069764096|sim_data_501796ab98789225|__AUTOMETRIC__
__AUTOMETRIC__|0.1.2|2588207|crew_log_f2d067066ae031d2|0|1786916108.409|399.434|12.482|28365946880|38069764096|sim_data_501796ab98789225|__AUTOMETRIC__
__AUTOMETRIC__|0.1.2|2588207|crew_log_f2d067066ae031d2|0|1786916109.410|493.296|15.415|28365946880|38069764096|sim_data_501796ab98789225|__AUTOMETRIC__
__AUTOMETRIC__|0.1.2|2588207|crew_log_f2d067066ae031d2|0|1786916110.412|110.863|3.464|28365946880|38069764096|sim_data_501796ab98789225|__AUTOMETRIC__
__AUTOMETRIC__|0.1.2|2588207|crew_log_f2d067066ae031d2|0|1786916111.413|118.836|3.714|28365946880|38069764096|sim_data_501796ab98789225|__AUTOMETRIC__
__AUTOMETRIC__|0.1.2|2588207|crew_log_f2d067066ae031d2|0|1786916112.609|69.391|2.168|28365946880|38069764096|sim_data_501796ab98789225|__AUTOMETRIC__
__AUTOMETRIC__|0.1.2|2588207|crew_log_f2d067066ae031d2|0|1786916113.610|28.965|0.905|28365946880|38069764096|sim_data_501796ab98789225|__AUTOMETRIC__
__AUTOMETRIC__|0.1.2|2588207|crew_log_f2d067066ae031d2|0|1786916114.612|1.997|0.062|28365946880|38069764096|sim_data_501796ab98789225|__AUTOMETRIC__
__AUTOMETRIC__|0.1.2|2588207|crew_log_f2d067066ae031d2|0|1786916115.613|0.999|0.031|28365946880|38069764096|sim_data_501796ab98789225|__AUTOMETRIC__
__AUTOMETRIC__|0.1.2|2588207|crew_log_f2d067066ae031d2|0|1786916116.614|0.999|0.031|28365946880|38069764096|sim_data_501796ab98789225|__AUTOMETRIC__
__AUTOMETRIC__|0.1.2|2588207|crew_log_f2d067066ae031d2|0|1786916117.616|26.960|0.842|28365946880|38069764096|sim_data_501796ab98789225|__AUTOMETRIC__
__AUTOMETRIC__|0.1.2|2588207|crew_log_f2d067066ae031d2|0|1786916118.617|1.997|0.062|28365946880|38069764096|sim_data_501796ab98789225|__AUTOMETRIC__
__AUTOMETRIC__|0.1.2|2588207|crew_log_f2d067066ae031d2|0|1786916119.619|0.999|0.031|28365946880|38069764096|sim_data_501796ab98789225|__AUTOMETRIC__
__AUTOMETRIC__|0.1.2|2588207|crew_log_f2d067066ae031d2|0|1786916120.620|0.998|0.031|28365946880|38069764096|sim_data_501796ab98789225|__AUTOMETRIC__
__AUTOMETRIC__|0.1.2|2588207|crew_log_f2d067066ae031d2|0|1786916121.622|26.963|0.843|28365946880|38069764096|sim_data_501796ab98789225|__AUTOMETRIC__
__AUTOMETRIC__|0.1.2|2588207|crew_log_f2d067066ae031d2|0|1786916122.623|2.996|0.094|28365946880|38069764096|sim_data_501796ab98789225|__AUTOMETRIC__
__AUTOMETRIC__|0.1.2|2588207|crew_log_f2d067066ae031d2|0|1786916123.624|0.999|0.031|28365946880|38069764096|sim_data_501796ab98789225|__AUTOMETRIC__
__AUTOMETRIC__|0.1.2|2588207|crew_log_f2d067066ae031d2|0|1786916124.625|0.999|0.031|28365946880|38069764096|sim_data_501796ab98789225|__AUTOMETRIC__
__AUTOMETRIC__|0.1.2|2588207|crew_log_f2d067066ae031d2|0|1786916125.627|26.967|0.843|28365946880|38069764096|sim_data_501796ab98789225|__AUTOMETRIC__
__AUTOMETRIC__|0.1.2|2588207|crew_log_f2d067066ae031d2|0|1786916126.628|1.997|0.062|28365946880|38069764096|sim_data_501796ab98789225|__AUTOMETRIC__
__AUTOMETRIC__|0.1.2|2588207|crew_log_f2d067066ae031d2|0|1786916127.630|0.999|0.031|28365946880|38069764096|sim_data_501796ab98789225|__AUTOMETRIC__
__AUTOMETRIC__|0.1.2|2588207|crew_log_f2d067066ae031d2|0|1786916128.631|1.997|0.062|28365946880|38069764096|sim_data_501796ab98789225|__AUTOMETRIC__
__AUTOMETRIC__|0.1.2|2588207|crew_log_f2d067066ae031d2|0|1786916129.632|53.930|1.685|28365946880|38069764096|sim_data_501796ab98789225|__AUTOMETRIC__
__AUTOMETRIC__|0.1.2|2588207|crew_log_f2d067066ae031d2|0|1786916130.634|99.865|3.121|28365946880|38069764096|sim_data_501796ab98789225|__AUTOMETRIC__
__AUTOMETRIC__|0.1.2|2588207|crew_log_f2d067066ae031d2|0|1786916131.635|99.864|3.121|28365946880|38069764096|sim_data_501796ab98789225|__AUTOMETRIC__
__AUTOMETRIC__|0.1.2|2588207|crew_log_f2d067066ae031d2|0|1786916132.636|302.591|9.456|28365946880|38069764096|sim_data_501796ab98789225|__AUTOMETRIC__
__AUTOMETRIC__|0.1.2|2588207|crew_log_f2d067066ae031d2|0|1786916133.638|466.364|14.574|28365946880|38069764096|sim_data_501796ab98789225|__AUTOMETRIC__
__AUTOMETRIC__|0.1.2|2588207|crew_log_f2d067066ae031d2|0|1786916134.639|129.841|4.058|28365946880|38069764096|sim_data_501796ab98789225|__AUTOMETRIC__
__AUTOMETRIC__|0.1.2|2588207|crew_log_f2d067066ae031d2|0|1786916135.640|101.871|3.183|28365946880|38069764096|sim_data_501796ab98789225|__AUTOMETRIC__
__AUTOMETRIC__|0.1.2|2588207|crew_log_f2d067066ae031d2|0|1786916136.644|66.733|2.085|28365946880|38069764096|sim_data_501796ab98789225|__AUTOMETRIC__
__AUTOMETRIC__|0.1.2|2588207|crew_log_f2d067066ae031d2|0|1786916137.645|27.964|0.874|28365946880|38069764096|sim_data_501796ab98789225|__AUTOMETRIC__
__AUTOMETRIC__|0.1.2|2588207|crew_log_f2d067066ae031d2|0|1786916138.647|1.997|0.062|28365946880|38069764096|sim_data_501796ab98789225|__AUTOMETRIC__
__AUTOMETRIC__|0.1.2|2588207|crew_log_f2d067066ae031d2|0|1786916139.648|0.999|0.031|28365946880|38069764096|sim_data_501796ab98789225|__AUTOMETRIC__
__AUTOMETRIC__|0.1.2|2588207|crew_log_f2d067066ae031d2|0|1786916140.649|0.999|0.031|28365946880|38069764096|sim_data_501796ab98789225|__AUTOMETRIC__
__AUTOMETRIC__|0.1.2|2588207|crew_log_f2d067066ae031d2|0|1786916141.914|21.357|0.667|28365946880|38069764096|sim_data_501796ab98789225|__AUTOMETRIC__
__AUTOMETRIC__|0.1.2|2588207|crew_log_f2d067066ae031d2|0|1786916142.915|0.999|0.031|28365946880|38069764096|sim_data_501796ab98789225|__AUTOMETRIC__
__AUTOMETRIC__|0.1.2|2588207|crew_log_f2d067066ae031d2|0|1786916143.916|1.997|0.062|28365946880|38069764096|sim_data_501796ab98789225|__AUTOMETRIC__
__AUTOMETRIC__|0.1.2|2588207|crew_log_f2d067066ae031d2|0|1786916144.918|26.955|0.842|28365946880|38069764096|sim_data_501796ab98789225|__AUTOMETRIC__
__AUTOMETRIC__|0.1.2|2588207|crew_log_f2d067066ae031d2|0|1786916145.919|1.998|0.062|28365946880|38069764096|sim_data_501796ab98789225|__AUTOMETRIC__
__AUTOMETRIC__|0.1.2|2588207|crew_log_f2d067066ae031d2|0|1786916146.921|0.998|0.031|28365946880|38069764096|sim_data_501796ab98789225|__AUTOMETRIC__
__AUTOMETRIC__|0.1.2|2588207|crew_log_f2d067066ae031d2|0|1786916147.923|1.997|0.062|28365946880|38069764096|sim_data_501796ab98789225|__AUTOMETRIC__
__AUTOMETRIC__|0.1.2|2588207|crew_log_f2d067066ae031d2|0|1786916148.924|26.964|0.843|28365946880|38069764096|sim_data_501796ab98789225|__AUTOMETRIC__
__AUTOMETRIC__|0.1.2|2588207|crew_log_f2d067066ae031d2|0|1786916149.925|1.997|0.062|28365946880|38069764096|sim_data_501796ab98789225|__AUTOMETRIC__
__AUTOMETRIC__|0.1.2|2588207|crew_log_f2d067066ae031d2|0|1786916150.927|0.999|0.031|28365946880|38069764096|sim_data_501796ab98789225|__AUTOMETRIC__
__AUTOMETRIC__|0.1.2|2588207|crew_log_f2d067066ae031d2|0|1786916151.928|38.945|1.217|28365946880|38069764096|sim_data_501796ab98789225|__AUTOMETRIC__
__AUTOMETRIC__|0.1.2|2588207|crew_log_f2d067066ae031d2|0|1786916152.930|94.888|2.965|28370935808|38074851328|sim_data_501796ab98789225|__AUTOMETRIC__
__AUTOMETRIC__|0.1.2|2588207|crew_log_f2d067066ae031d2|0|1786916153.931|99.867|3.121|28370935808|38074851328|sim_data_501796ab98789225|__AUTOMETRIC__
__AUTOMETRIC__|0.1.2|2588207|crew_log_f2d067066ae031d2|0|1786916154.932|99.875|3.121|28370935808|38074851328|sim_data_501796ab98789225|__AUTOMETRIC__
__AUTOMETRIC__|0.1.2|2588207|crew_log_f2d067066ae031d2|0|1786916155.933|631.197|19.725|28370935808|38074851328|sim_data_501796ab98789225|__AUTOMETRIC__
__AUTOMETRIC__|0.1.2|2588207|crew_log_f2d067066ae031d2|0|1786916156.935|233.705|7.303|28370935808|38074851328|sim_data_501796ab98789225|__AUTOMETRIC__
__AUTOMETRIC__|0.1.2|2588207|crew_log_f2d067066ae031d2|0|1786916157.936|115.839|3.620|28370935808|38074851328|sim_data_501796ab98789225|__AUTOMETRIC__
__AUTOMETRIC__|0.1.2|2588207|crew_log_f2d067066ae031d2|0|1786916158.937|92.873|2.902|28370935808|38074851328|sim_data_501796ab98789225|__AUTOMETRIC__
__AUTOMETRIC__|0.1.2|2588207|crew_log_f2d067066ae031d2|0|1786916160.120|46.490|1.453|28370935808|38074851328|sim_data_501796ab98789225|__AUTOMETRIC__
__AUTOMETRIC__|0.1.2|2588207|crew_log_f2d067066ae031d2|0|1786916161.122|1.997|0.062|28370935808|38074851328|sim_data_501796ab98789225|__AUTOMETRIC__
__AUTOMETRIC__|0.1.2|2588207|crew_log_f2d067066ae031d2|0|1786916162.123|0.999|0.031|28370935808|38074851328|sim_data_501796ab98789225|__AUTOMETRIC__
__AUTOMETRIC__|0.1.2|2588207|crew_log_f2d067066ae031d2|0|1786916163.125|0.998|0.031|28370935808|38074851328|sim_data_501796ab98789225|__AUTOMETRIC__
__AUTOMETRIC__|0.1.2|2588207|crew_log_f2d067066ae031d2|0|1786916164.266|24.548|0.767|28370935808|38074851328|sim_data_501796ab98789225|__AUTOMETRIC__
__AUTOMETRIC__|0.1.2|2588207|crew_log_f2d067066ae031d2|0|1786916165.268|0.997|0.031|28370935808|38074851328|sim_data_501796ab98789225|__AUTOMETRIC__
__AUTOMETRIC__|0.1.2|2588207|crew_log_f2d067066ae031d2|0|1786916166.273|0.996|0.031|28370935808|38074851328|sim_data_501796ab98789225|__AUTOMETRIC__
__AUTOMETRIC__|0.1.2|2588207|crew_log_f2d067066ae031d2|0|1786916167.274|0.999|0.031|28370935808|38074851328|sim_data_501796ab98789225|__AUTOMETRIC__
__AUTOMETRIC__|0.1.2|2588207|crew_log_f2d067066ae031d2|0|1786916168.276|0.999|0.031|28370935808|38074851328|sim_data_501796ab98789225|__AUTOMETRIC__
__AUTOMETRIC__|0.1.2|2588207|crew_log_f2d067066ae031d2|0|1786916169.277|28.953|0.905|28370935808|38074851328|sim_data_501796ab98789225|__AUTOMETRIC__
__AUTOMETRIC__|0.1.2|2588207|crew_log_f2d067066ae031d2|0|1786916170.279|0.998|0.031|28370935808|38074851328|sim_data_501796ab98789225|__AUTOMETRIC__
__AUTOMETRIC__|0.1.2|2588207|crew_log_f2d067066ae031d2|0|1786916171.281|0.998|0.031|28370935808|38074851328|sim_data_501796ab98789225|__AUTOMETRIC__
__AUTOMETRIC__|0.1.2|2588207|crew_log_f2d067066ae031d2|0|1786916172.283|0.999|0.031|28370935808|38074851328|sim_data_501796ab98789225|__AUTOMETRIC__
__AUTOMETRIC__|0.1.2|2588207|crew_log_f2d067066ae031d2|0|1786916173.289|27.812|0.869|28370935808|38074851328|sim_data_501796ab98789225|__AUTOMETRIC__
__AUTOMETRIC__|0.1.2|2588207|crew_log_f2d067066ae031d2|0|1786916174.294|0.996|0.031|28370935808|38074851328|sim_data_501796ab98789225|__AUTOMETRIC__
__AUTOMETRIC__|0.1.2|2588207|crew_log_f2d067066ae031d2|0|1786916175.295|1.997|0.062|28370935808|38074851328|sim_data_501796ab98789225|__AUTOMETRIC__
__AUTOMETRIC__|0.1.2|2588207|crew_log_f2d067066ae031d2|0|1786916176.297|0.999|0.031|28370935808|38074851328|sim_data_501796ab98789225|__AUTOMETRIC__
__AUTOMETRIC__|0.1.2|2588207|crew_log_f2d067066ae031d2|0|1786916177.298|1.998|0.062|28370935808|38074851328|sim_data_501796ab98789225|__AUTOMETRIC__
__AUTOMETRIC__|0.1.2|2588207|crew_log_f2d067066ae031d2|0|1786916178.301|0.997|0.031|28370935808|38074851328|sim_data_501796ab98789225|__AUTOMETRIC__
__AUTOMETRIC__|0.1.2|2588207|crew_log_f2d067066ae031d2|0|1786916179.302|1.998|0.062|28370935808|38074851328|sim_data_501796ab98789225|__AUTOMETRIC__
__AUTOMETRIC__|0.1.2|2588207|crew_log_f2d067066ae031d2|0|1786916180.304|0.999|0.031|28370935808|38074851328|sim_data_501796ab98789225|__AUTOMETRIC__
__AUTOMETRIC__|0.1.2|2588207|crew_log_f2d067066ae031d2|0|1786916181.305|0.999|0.031|28370935808|38074851328|sim_data_501796ab98789225|__AUTOMETRIC__
__AUTOMETRIC__|0.1.2|2588207|crew_log_f2d067066ae031d2|0|1786916182.306|56.923|1.779|28370935808|38074851328|sim_data_501796ab98789225|__AUTOMETRIC__
__AUTOMETRIC__|0.1.2|2588207|crew_log_f2d067066ae031d2|0|1786916183.308|98.845|3.089|28370935808|38074851328|sim_data_501796ab98789225|__AUTOMETRIC__
__AUTOMETRIC__|0.1.2|2588207|crew_log_f2d067066ae031d2|0|1786916184.310|99.842|3.120|28370935808|38074851328|sim_data_501796ab98789225|__AUTOMETRIC__
__AUTOMETRIC__|0.1.2|2588207|crew_log_f2d067066ae031d2|0|1786916185.311|180.764|5.649|28370935808|38074851328|sim_data_501796ab98789225|__AUTOMETRIC__
__AUTOMETRIC__|0.1.2|2588207|crew_log_f2d067066ae031d2|0|1786916186.312|580.103|18.128|28370935808|38074851328|sim_data_501796ab98789225|__AUTOMETRIC__
__AUTOMETRIC__|0.1.2|2588207|crew_log_f2d067066ae031d2|0|1786916187.315|99.789|3.118|28370935808|38074851328|sim_data_501796ab98789225|__AUTOMETRIC__
__AUTOMETRIC__|0.1.2|2588207|crew_log_f2d067066ae031d2|0|1786916188.316|131.816|4.119|28370935808|38074851328|sim_data_501796ab98789225|__AUTOMETRIC__
__AUTOMETRIC__|0.1.2|2588207|crew_log_f2d067066ae031d2|0|1786916189.483|71.151|2.223|28370935808|38074851328|sim_data_501796ab98789225|__AUTOMETRIC__
__AUTOMETRIC__|0.1.2|2588207|crew_log_f2d067066ae031d2|0|1786916190.485|26.932|0.842|28370935808|38074851328|sim_data_501796ab98789225|__AUTOMETRIC__
__AUTOMETRIC__|0.1.2|2588207|crew_log_f2d067066ae031d2|0|1786916191.486|1.997|0.062|28370935808|38074851328|sim_data_501796ab98789225|__AUTOMETRIC__
__AUTOMETRIC__|0.1.2|2588207|crew_log_f2d067066ae031d2|0|1786916192.488|0.999|0.031|28370935808|38074851328|sim_data_501796ab98789225|__AUTOMETRIC__
__AUTOMETRIC__|0.1.2|2588207|crew_log_f2d067066ae031d2|0|1786916193.489|0.998|0.031|28370935808|38074851328|sim_data_501796ab98789225|__AUTOMETRIC__
__AUTOMETRIC__|0.1.2|2588207|crew_log_f2d067066ae031d2|0|1786916194.491|27.955|0.874|28370935808|38074851328|sim_data_501796ab98789225|__AUTOMETRIC__
__AUTOMETRIC__|0.1.2|2588207|crew_log_f2d067066ae031d2|0|1786916195.492|0.999|0.031|28370935808|38074851328|sim_data_501796ab98789225|__AUTOMETRIC__
__AUTOMETRIC__|0.1.2|2588207|crew_log_f2d067066ae031d2|0|1786916196.494|0.998|0.031|28370935808|38074851328|sim_data_501796ab98789225|__AUTOMETRIC__
__AUTOMETRIC__|0.1.2|2588207|crew_log_f2d067066ae031d2|0|1786916197.502|27.792|0.868|28370935808|38074851328|sim_data_501796ab98789225|__AUTOMETRIC__
__AUTOMETRIC__|0.1.2|2588207|crew_log_f2d067066ae031d2|0|1786916198.503|0.999|0.031|28370935808|38074851328|sim_data_501796ab98789225|__AUTOMETRIC__
__AUTOMETRIC__|0.1.2|2588207|crew_log_f2d067066ae031d2|0|1786916199.505|0.999|0.031|28370935808|38074851328|sim_data_501796ab98789225|__AUTOMETRIC__
__AUTOMETRIC__|0.1.2|2588207|crew_log_f2d067066ae031d2|0|1786916200.506|1.997|0.062|28370935808|38074851328|sim_data_501796ab98789225|__AUTOMETRIC__
__AUTOMETRIC__|0.1.2|2588207|crew_log_f2d067066ae031d2|0|1786916201.507|26.964|0.843|28370935808|38074851328|sim_data_501796ab98789225|__AUTOMETRIC__
__AUTOMETRIC__|0.1.2|2588207|crew_log_f2d067066ae031d2|0|1786916202.509|1.997|0.062|28370935808|38074851328|sim_data_501796ab98789225|__AUTOMETRIC__
__AUTOMETRIC__|0.1.2|2588207|crew_log_f2d067066ae031d2|0|1786916203.510|0.999|0.031|28370935808|38074851328|sim_data_501796ab98789225|__AUTOMETRIC__
__AUTOMETRIC__|0.1.2|2588207|crew_log_f2d067066ae031d2|0|1786916204.512|1.997|0.062|28370935808|38074851328|sim_data_501796ab98789225|__AUTOMETRIC__
__AUTOMETRIC__|0.1.2|2588207|crew_log_f2d067066ae031d2|0|1786916205.513|66.910|2.091|28370935808|38074851328|sim_data_501796ab98789225|__AUTOMETRIC__
__AUTOMETRIC__|0.1.2|2588207|crew_log_f2d067066ae031d2|0|1786916206.514|99.861|3.121|28375965696|38079938560|sim_data_501796ab98789225|__AUTOMETRIC__
__AUTOMETRIC__|0.1.2|2588207|crew_log_f2d067066ae031d2|0|1786916207.516|98.848|3.089|28375965696|38079938560|sim_data_501796ab98789225|__AUTOMETRIC__
__AUTOMETRIC__|0.1.2|2588207|crew_log_f2d067066ae031d2|0|1786916208.517|215.727|6.741|28375965696|38079938560|sim_data_501796ab98789225|__AUTOMETRIC__
__AUTOMETRIC__|0.1.2|2588207|crew_log_f2d067066ae031d2|0|1786916209.518|535.289|16.728|28375965696|38079938560|sim_data_501796ab98789225|__AUTOMETRIC__
__AUTOMETRIC__|0.1.2|2588207|crew_log_f2d067066ae031d2|0|1786916210.520|111.834|3.495|28375965696|38079938560|sim_data_501796ab98789225|__AUTOMETRIC__
__AUTOMETRIC__|0.1.2|2588207|crew_log_f2d067066ae031d2|0|1786916211.521|118.840|3.714|28375965696|38079938560|sim_data_501796ab98789225|__AUTOMETRIC__
__AUTOMETRIC__|0.1.2|2588207|crew_log_f2d067066ae031d2|0|1786916212.569|67.791|2.118|28375965696|38079938560|sim_data_501796ab98789225|__AUTOMETRIC__
__AUTOMETRIC__|0.1.2|2588207|crew_log_f2d067066ae031d2|0|1786916213.570|28.962|0.905|28375965696|38079938560|sim_data_501796ab98789225|__AUTOMETRIC__
__AUTOMETRIC__|0.1.2|2588207|crew_log_f2d067066ae031d2|0|1786916214.571|1.997|0.062|28375965696|38079938560|sim_data_501796ab98789225|__AUTOMETRIC__
__AUTOMETRIC__|0.1.2|2588207|crew_log_f2d067066ae031d2|0|1786916215.572|0.999|0.031|28375965696|38079938560|sim_data_501796ab98789225|__AUTOMETRIC__
__AUTOMETRIC__|0.1.2|2588207|crew_log_f2d067066ae031d2|0|1786916216.574|0.000|0.000|28375965696|38079938560|sim_data_501796ab98789225|__AUTOMETRIC__
__AUTOMETRIC__|0.1.2|2588207|crew_log_f2d067066ae031d2|0|1786916217.575|28.958|0.905|28375965696|38079938560|sim_data_501796ab98789225|__AUTOMETRIC__
__AUTOMETRIC__|0.1.2|2588207|crew_log_f2d067066ae031d2|0|1786916218.577|0.999|0.031|28375965696|38079938560|sim_data_501796ab98789225|__AUTOMETRIC__
__AUTOMETRIC__|0.1.2|2588207|crew_log_f2d067066ae031d2|0|1786916219.578|0.999|0.031|28375965696|38079938560|sim_data_501796ab98789225|__AUTOMETRIC__
__AUTOMETRIC__|0.1.2|2588207|crew_log_f2d067066ae031d2|0|1786916220.579|26.958|0.842|28375965696|38079938560|sim_data_501796ab98789225|__AUTOMETRIC__
__AUTOMETRIC__|0.1.2|2588207|crew_log_f2d067066ae031d2|0|1786916221.581|0.998|0.031|28375965696|38079938560|sim_data_501796ab98789225|__AUTOMETRIC__
__AUTOMETRIC__|0.1.2|2588207|crew_log_f2d067066ae031d2|0|1786916222.582|2.996|0.094|28375965696|38079938560|sim_data_501796ab98789225|__AUTOMETRIC__
__AUTOMETRIC__|0.1.2|2588207|crew_log_f2d067066ae031d2|0|1786916223.584|0.999|0.031|28375965696|38079938560|sim_data_501796ab98789225|__AUTOMETRIC__
__AUTOMETRIC__|0.1.2|2588207|crew_log_f2d067066ae031d2|0|1786916224.585|26.961|0.843|28375965696|38079938560|sim_data_501796ab98789225|__AUTOMETRIC__
__AUTOMETRIC__|0.1.2|2588207|crew_log_f2d067066ae031d2|0|1786916225.587|1.997|0.062|28375965696|38079938560|sim_data_501796ab98789225|__AUTOMETRIC__
__AUTOMETRIC__|0.1.2|2588207|crew_log_f2d067066ae031d2|0|1786916226.588|0.999|0.031|28375965696|38079938560|sim_data_501796ab98789225|__AUTOMETRIC__
__AUTOMETRIC__|0.1.2|2588207|crew_log_f2d067066ae031d2|0|1786916227.590|16.979|0.531|28375965696|38079938560|sim_data_501796ab98789225|__AUTOMETRIC__
__AUTOMETRIC__|0.1.2|2588207|crew_log_f2d067066ae031d2|0|1786916228.591|90.866|2.840|28375965696|38079938560|sim_data_501796ab98789225|__AUTOMETRIC__
__AUTOMETRIC__|0.1.2|2588207|crew_log_f2d067066ae031d2|0|1786916229.592|99.859|3.121|28375965696|38079938560|sim_data_501796ab98789225|__AUTOMETRIC__
__AUTOMETRIC__|0.1.2|2588207|crew_log_f2d067066ae031d2|0|1786916230.594|103.867|3.246|28375965696|38079938560|sim_data_501796ab98789225|__AUTOMETRIC__
__AUTOMETRIC__|0.1.2|2588207|crew_log_f2d067066ae031d2|0|1786916231.595|289.615|9.050|28375965696|38079938560|sim_data_501796ab98789225|__AUTOMETRIC__
__AUTOMETRIC__|0.1.2|2588207|crew_log_f2d067066ae031d2|0|1786916232.596|270.656|8.458|28375965696|38079938560|sim_data_501796ab98789225|__AUTOMETRIC__
__AUTOMETRIC__|0.1.2|2588207|crew_log_f2d067066ae031d2|0|1786916233.598|189.716|5.929|28375965696|38079938560|sim_data_501796ab98789225|__AUTOMETRIC__
__AUTOMETRIC__|0.1.2|2588207|crew_log_f2d067066ae031d2|0|1786916234.599|120.829|3.776|28375965696|38079938560|sim_data_501796ab98789225|__AUTOMETRIC__
__AUTOMETRIC__|0.1.2|2588207|crew_log_f2d067066ae031d2|0|1786916235.657|99.270|3.102|28375965696|38079938560|sim_data_501796ab98789225|__AUTOMETRIC__
__AUTOMETRIC__|0.1.2|2588207|crew_log_f2d067066ae031d2|0|1786916236.903|44.938|1.404|28375965696|38079938560|sim_data_501796ab98789225|__AUTOMETRIC__
__AUTOMETRIC__|0.1.2|2588207|crew_log_f2d067066ae031d2|0|1786916237.904|0.000|0.000|28375965696|38079938560|sim_data_501796ab98789225|__AUTOMETRIC__
__AUTOMETRIC__|0.1.2|2588207|crew_log_f2d067066ae031d2|0|1786916238.906|1.997|0.062|28375965696|38079938560|sim_data_501796ab98789225|__AUTOMETRIC__
__AUTOMETRIC__|0.1.2|2588207|crew_log_f2d067066ae031d2|0|1786916239.907|0.999|0.031|28375965696|38079938560|sim_data_501796ab98789225|__AUTOMETRIC__
__AUTOMETRIC__|0.1.2|2588207|crew_log_f2d067066ae031d2|0|1786916240.908|26.962|0.843|28375965696|38079938560|sim_data_501796ab98789225|__AUTOMETRIC__
__AUTOMETRIC__|0.1.2|2588207|crew_log_f2d067066ae031d2|0|1786916241.910|0.999|0.031|28375965696|38079938560|sim_data_501796ab98789225|__AUTOMETRIC__
__AUTOMETRIC__|0.1.2|2588207|crew_log_f2d067066ae031d2|0|1786916242.911|1.997|0.062|28375965696|38079938560|sim_data_501796ab98789225|__AUTOMETRIC__
__AUTOMETRIC__|0.1.2|2588207|crew_log_f2d067066ae031d2|0|1786916243.913|0.998|0.031|28375965696|38079938560|sim_data_501796ab98789225|__AUTOMETRIC__
__AUTOMETRIC__|0.1.2|2588207|crew_log_f2d067066ae031d2|0|1786916244.914|26.964|0.843|28375965696|38079938560|sim_data_501796ab98789225|__AUTOMETRIC__
__AUTOMETRIC__|0.1.2|2588207|crew_log_f2d067066ae031d2|0|1786916245.916|1.997|0.062|28375965696|38079938560|sim_data_501796ab98789225|__AUTOMETRIC__
__AUTOMETRIC__|0.1.2|2588207|crew_log_f2d067066ae031d2|0|1786916246.919|0.997|0.031|28375965696|38079938560|sim_data_501796ab98789225|__AUTOMETRIC__
__AUTOMETRIC__|0.1.2|2588207|crew_log_f2d067066ae031d2|0|1786916247.920|0.999|0.031|28375965696|38079938560|sim_data_501796ab98789225|__AUTOMETRIC__
__AUTOMETRIC__|0.1.2|2588207|crew_log_f2d067066ae031d2|0|1786916248.922|26.962|0.843|28375965696|38079938560|sim_data_501796ab98789225|__AUTOMETRIC__
__AUTOMETRIC__|0.1.2|2588207|crew_log_f2d067066ae031d2|0|1786916249.923|2.996|0.094|28375965696|38079938560|sim_data_501796ab98789225|__AUTOMETRIC__
__AUTOMETRIC__|0.1.2|2588207|crew_log_f2d067066ae031d2|0|1786916250.925|0.998|0.031|28375965696|38079938560|sim_data_501796ab98789225|__AUTOMETRIC__
__AUTOMETRIC__|0.1.2|2588207|crew_log_f2d067066ae031d2|0|1786916251.926|1.997|0.062|28375965696|38079938560|sim_data_501796ab98789225|__AUTOMETRIC__
__AUTOMETRIC__|0.1.2|2588207|crew_log_f2d067066ae031d2|0|1786916252.927|25.969|0.812|28375965696|38079938560|sim_data_501796ab98789225|__AUTOMETRIC__
__AUTOMETRIC__|0.1.2|2588207|crew_log_f2d067066ae031d2|0|1786916253.929|92.869|2.902|28381016064|38085025792|sim_data_501796ab98789225|__AUTOMETRIC__
__AUTOMETRIC__|0.1.2|2588207|crew_log_f2d067066ae031d2|0|1786916254.930|98.830|3.088|28381016064|38085025792|sim_data_501796ab98789225|__AUTOMETRIC__
__AUTOMETRIC__|0.1.2|2588207|crew_log_f2d067066ae031d2|0|1786916255.932|99.843|3.120|28381016064|38085025792|sim_data_501796ab98789225|__AUTOMETRIC__
__AUTOMETRIC__|0.1.2|2588207|crew_log_f2d067066ae031d2|0|1786916256.933|500.316|15.635|28381016064|38085025792|sim_data_501796ab98789225|__AUTOMETRIC__
__AUTOMETRIC__|0.1.2|2588207|crew_log_f2d067066ae031d2|0|1786916257.935|228.662|7.146|28381016064|38085025792|sim_data_501796ab98789225|__AUTOMETRIC__
__AUTOMETRIC__|0.1.2|2588207|crew_log_f2d067066ae031d2|0|1786916258.936|131.823|4.119|28381016064|38085025792|sim_data_501796ab98789225|__AUTOMETRIC__
__AUTOMETRIC__|0.1.2|2588207|crew_log_f2d067066ae031d2|0|1786916259.951|98.558|3.080|28381016064|38085025792|sim_data_501796ab98789225|__AUTOMETRIC__
__AUTOMETRIC__|0.1.2|2588207|crew_log_f2d067066ae031d2|0|1786916261.220|45.698|1.428|28381016064|38085025792|sim_data_501796ab98789225|__AUTOMETRIC__
__AUTOMETRIC__|0.1.2|2588207|crew_log_f2d067066ae031d2|0|1786916262.221|1.997|0.062|28381016064|38085025792|sim_data_501796ab98789225|__AUTOMETRIC__
__AUTOMETRIC__|0.1.2|2588207|crew_log_f2d067066ae031d2|0|1786916263.223|0.999|0.031|28381016064|38085025792|sim_data_501796ab98789225|__AUTOMETRIC__
__AUTOMETRIC__|0.1.2|2588207|crew_log_f2d067066ae031d2|0|1786916264.224|0.999|0.031|28381016064|38085025792|sim_data_501796ab98789225|__AUTOMETRIC__
__AUTOMETRIC__|0.1.2|2588207|crew_log_f2d067066ae031d2|0|1786916265.226|26.962|0.843|28381016064|38085025792|sim_data_501796ab98789225|__AUTOMETRIC__
__AUTOMETRIC__|0.1.2|2588207|crew_log_f2d067066ae031d2|0|1786916266.227|2.996|0.094|28381016064|38085025792|sim_data_501796ab98789225|__AUTOMETRIC__
__AUTOMETRIC__|0.1.2|2588207|crew_log_f2d067066ae031d2|0|1786916267.228|0.999|0.031|28381016064|38085025792|sim_data_501796ab98789225|__AUTOMETRIC__
__AUTOMETRIC__|0.1.2|2588207|crew_log_f2d067066ae031d2|0|1786916268.304|25.106|0.785|28381016064|38085025792|sim_data_501796ab98789225|__AUTOMETRIC__
__AUTOMETRIC__|0.1.2|2588207|crew_log_f2d067066ae031d2|0|1786916269.305|0.999|0.031|28381016064|38085025792|sim_data_501796ab98789225|__AUTOMETRIC__
__AUTOMETRIC__|0.1.2|2588207|crew_log_f2d067066ae031d2|0|1786916270.307|1.997|0.062|28381016064|38085025792|sim_data_501796ab98789225|__AUTOMETRIC__
__AUTOMETRIC__|0.1.2|2588207|crew_log_f2d067066ae031d2|0|1786916271.308|1.997|0.062|28381016064|38085025792|sim_data_501796ab98789225|__AUTOMETRIC__
__AUTOMETRIC__|0.1.2|2588207|crew_log_f2d067066ae031d2|0|1786916272.310|26.963|0.843|28381016064|38085025792|sim_data_501796ab98789225|__AUTOMETRIC__
__AUTOMETRIC__|0.1.2|2588207|crew_log_f2d067066ae031d2|0|1786916273.311|1.997|0.062|28381016064|38085025792|sim_data_501796ab98789225|__AUTOMETRIC__
__AUTOMETRIC__|0.1.2|2588207|crew_log_f2d067066ae031d2|0|1786916274.313|0.998|0.031|28381016064|38085025792|sim_data_501796ab98789225|__AUTOMETRIC__
__AUTOMETRIC__|0.1.2|2588207|crew_log_f2d067066ae031d2|0|1786916275.315|17.970|0.562|28381016064|38085025792|sim_data_501796ab98789225|__AUTOMETRIC__
__AUTOMETRIC__|0.1.2|2588207|crew_log_f2d067066ae031d2|0|1786916276.316|89.862|2.808|28381016064|38085025792|sim_data_501796ab98789225|__AUTOMETRIC__
__AUTOMETRIC__|0.1.2|2588207|crew_log_f2d067066ae031d2|0|1786916277.318|99.877|3.121|28381016064|38085025792|sim_data_501796ab98789225|__AUTOMETRIC__
__AUTOMETRIC__|0.1.2|2588207|crew_log_f2d067066ae031d2|0|1786916278.319|105.836|3.307|28381016064|38085025792|sim_data_501796ab98789225|__AUTOMETRIC__
__AUTOMETRIC__|0.1.2|2588207|crew_log_f2d067066ae031d2|0|1786916279.320|659.121|20.598|28381016064|38085025792|sim_data_501796ab98789225|__AUTOMETRIC__
__AUTOMETRIC__|0.1.2|2588207|crew_log_f2d067066ae031d2|0|1786916280.322|99.875|3.121|28381016064|38085025792|sim_data_501796ab98789225|__AUTOMETRIC__
__AUTOMETRIC__|0.1.2|2588207|crew_log_f2d067066ae031d2|0|1786916281.323|112.841|3.526|28381016064|38085025792|sim_data_501796ab98789225|__AUTOMETRIC__
__AUTOMETRIC__|0.1.2|2588207|crew_log_f2d067066ae031d2|0|1786916282.324|94.869|2.965|28381016064|38085025792|sim_data_501796ab98789225|__AUTOMETRIC__
__AUTOMETRIC__|0.1.2|2588207|crew_log_f2d067066ae031d2|0|1786916283.549|45.745|1.430|28381016064|38085025792|sim_data_501796ab98789225|__AUTOMETRIC__
__AUTOMETRIC__|0.1.2|2588207|crew_log_f2d067066ae031d2|0|1786916284.550|0.999|0.031|28381016064|38085025792|sim_data_501796ab98789225|__AUTOMETRIC__
__AUTOMETRIC__|0.1.2|2588207|crew_log_f2d067066ae031d2|0|1786916285.551|0.999|0.031|28381016064|38085025792|sim_data_501796ab98789225|__AUTOMETRIC__
__AUTOMETRIC__|0.1.2|2588207|crew_log_f2d067066ae031d2|0|1786916286.553|1.997|0.062|28381016064|38085025792|sim_data_501796ab98789225|__AUTOMETRIC__
__AUTOMETRIC__|0.1.2|2588207|crew_log_f2d067066ae031d2|0|1786916287.554|25.959|0.811|28381016064|38085025792|sim_data_501796ab98789225|__AUTOMETRIC__
__AUTOMETRIC__|0.1.2|2588207|crew_log_f2d067066ae031d2|0|1786916288.556|1.997|0.062|28381016064|38085025792|sim_data_501796ab98789225|__AUTOMETRIC__
__AUTOMETRIC__|0.1.2|2588207|crew_log_f2d067066ae031d2|0|1786916289.557|0.998|0.031|28381016064|38085025792|sim_data_501796ab98789225|__AUTOMETRIC__
__AUTOMETRIC__|0.1.2|2588207|crew_log_f2d067066ae031d2|0|1786916290.559|1.997|0.062|28381016064|38085025792|sim_data_501796ab98789225|__AUTOMETRIC__
__AUTOMETRIC__|0.1.2|2588207|crew_log_f2d067066ae031d2|0|1786916291.560|26.963|0.843|28381016064|38085025792|sim_data_501796ab98789225|__AUTOMETRIC__
__AUTOMETRIC__|0.1.2|2588207|crew_log_f2d067066ae031d2|0|1786916292.561|0.999|0.031|28381016064|38085025792|sim_data_501796ab98789225|__AUTOMETRIC__
__AUTOMETRIC__|0.1.2|2588207|crew_log_f2d067066ae031d2|0|1786916293.563|0.999|0.031|28381016064|38085025792|sim_data_501796ab98789225|__AUTOMETRIC__
__AUTOMETRIC__|0.1.2|2588207|crew_log_f2d067066ae031d2|0|1786916294.780|23.832|0.745|28381016064|38085025792|sim_data_501796ab98789225|__AUTOMETRIC__
__AUTOMETRIC__|0.1.2|2588207|crew_log_f2d067066ae031d2|0|1786916295.781|0.999|0.031|28381016064|38085025792|sim_data_501796ab98789225|__AUTOMETRIC__
__AUTOMETRIC__|0.1.2|2588207|crew_log_f2d067066ae031d2|0|1786916296.782|0.999|0.031|28381016064|38085025792|sim_data_501796ab98789225|__AUTOMETRIC__
__AUTOMETRIC__|0.1.2|2588207|crew_log_f2d067066ae031d2|0|1786916297.784|1.997|0.062|28381016064|38085025792|sim_data_501796ab98789225|__AUTOMETRIC__
__AUTOMETRIC__|0.1.2|2588207|crew_log_f2d067066ae031d2|0|1786916298.785|51.932|1.623|28381016064|38086778880|sim_data_501796ab98789225|__AUTOMETRIC__
__AUTOMETRIC__|0.1.2|2588207|crew_log_f2d067066ae031d2|0|1786916299.786|99.887|3.121|28381016064|38085025792|sim_data_501796ab98789225|__AUTOMETRIC__
__AUTOMETRIC__|0.1.2|2588207|crew_log_f2d067066ae031d2|0|1786916300.787|98.885|3.090|28381016064|38085025792|sim_data_501796ab98789225|__AUTOMETRIC__
__AUTOMETRIC__|0.1.2|2588207|crew_log_f2d067066ae031d2|0|1786916301.789|132.825|4.151|28381016064|38085025792|sim_data_501796ab98789225|__AUTOMETRIC__
__AUTOMETRIC__|0.1.2|2588207|crew_log_f2d067066ae031d2|0|1786916302.790|659.018|20.594|28381016064|38085025792|sim_data_501796ab98789225|__AUTOMETRIC__
__AUTOMETRIC__|0.1.2|2588207|crew_log_f2d067066ae031d2|0|1786916303.791|137.846|4.308|28381016064|38085025792|sim_data_501796ab98789225|__AUTOMETRIC__
__AUTOMETRIC__|0.1.2|2588207|crew_log_f2d067066ae031d2|0|1786916304.792|111.868|3.496|28381016064|38085025792|sim_data_501796ab98789225|__AUTOMETRIC__
__AUTOMETRIC__|0.1.2|2588207|crew_log_f2d067066ae031d2|0|1786916305.793|85.902|2.684|28381016064|38085025792|sim_data_501796ab98789225|__AUTOMETRIC__
__AUTOMETRIC__|0.1.2|2588207|crew_log_f2d067066ae031d2|0|1786916306.894|49.965|1.561|28381016064|38085025792|sim_data_501796ab98789225|__AUTOMETRIC__
__AUTOMETRIC__|0.1.2|2588207|crew_log_f2d067066ae031d2|0|1786916307.896|0.999|0.031|28381016064|38085025792|sim_data_501796ab98789225|__AUTOMETRIC__
__AUTOMETRIC__|0.1.2|2588207|crew_log_f2d067066ae031d2|0|1786916308.897|1.997|0.062|28381016064|38085025792|sim_data_501796ab98789225|__AUTOMETRIC__
__AUTOMETRIC__|0.1.2|2588207|crew_log_f2d067066ae031d2|0|1786916309.898|0.000|0.000|28381016064|38085025792|sim_data_501796ab98789225|__AUTOMETRIC__
__AUTOMETRIC__|0.1.2|2588207|crew_log_f2d067066ae031d2|0|1786916310.900|27.956|0.874|28381016064|38085025792|sim_data_501796ab98789225|__AUTOMETRIC__
__AUTOMETRIC__|0.1.2|2588207|crew_log_f2d067066ae031d2|0|1786916311.901|0.998|0.031|28381016064|38085025792|sim_data_501796ab98789225|__AUTOMETRIC__
__AUTOMETRIC__|0.1.2|2588207|crew_log_f2d067066ae031d2|0|1786916312.903|0.999|0.031|28381016064|38085025792|sim_data_501796ab98789225|__AUTOMETRIC__
__AUTOMETRIC__|0.1.2|2588207|crew_log_f2d067066ae031d2|0|1786916313.904|0.999|0.031|28381016064|38085025792|sim_data_501796ab98789225|__AUTOMETRIC__
__AUTOMETRIC__|0.1.2|2588207|crew_log_f2d067066ae031d2|0|1786916314.906|27.958|0.874|28381016064|38085025792|sim_data_501796ab98789225|__AUTOMETRIC__
__AUTOMETRIC__|0.1.2|2588207|crew_log_f2d067066ae031d2|0|1786916315.907|1.997|0.062|28381016064|38085025792|sim_data_501796ab98789225|__AUTOMETRIC__
__AUTOMETRIC__|0.1.2|2588207|crew_log_f2d067066ae031d2|0|1786916316.909|0.998|0.031|28381016064|38085025792|sim_data_501796ab98789225|__AUTOMETRIC__
__AUTOMETRIC__|0.1.2|2588207|crew_log_f2d067066ae031d2|0|1786916317.911|1.996|0.062|28381016064|38085025792|sim_data_501796ab98789225|__AUTOMETRIC__
__AUTOMETRIC__|0.1.2|2588207|crew_log_f2d067066ae031d2|0|1786916318.913|26.961|0.843|28381016064|38085025792|sim_data_501796ab98789225|__AUTOMETRIC__
__AUTOMETRIC__|0.1.2|2588207|crew_log_f2d067066ae031d2|0|1786916319.914|0.999|0.031|28381016064|38085025792|sim_data_501796ab98789225|__AUTOMETRIC__
__AUTOMETRIC__|0.1.2|2588207|crew_log_f2d067066ae031d2|0|1786916320.915|2.996|0.094|28381016064|38085025792|sim_data_501796ab98789225|__AUTOMETRIC__
__AUTOMETRIC__|0.1.2|2588207|crew_log_f2d067066ae031d2|0|1786916321.917|0.999|0.031|28381016064|38085025792|sim_data_501796ab98789225|__AUTOMETRIC__
__AUTOMETRIC__|0.1.2|2588207|crew_log_f2d067066ae031d2|0|1786916322.918|69.912|2.185|28381016064|38085025792|sim_data_501796ab98789225|__AUTOMETRIC__
__AUTOMETRIC__|0.1.2|2588207|crew_log_f2d067066ae031d2|0|1786916323.919|98.861|3.089|28381016064|38085025792|sim_data_501796ab98789225|__AUTOMETRIC__
__AUTOMETRIC__|0.1.2|2588207|crew_log_f2d067066ae031d2|0|1786916324.921|98.843|3.089|28381016064|38085025792|sim_data_501796ab98789225|__AUTOMETRIC__
__AUTOMETRIC__|0.1.2|2588207|crew_log_f2d067066ae031d2|0|1786916325.922|466.386|14.575|28381016064|38085025792|sim_data_501796ab98789225|__AUTOMETRIC__
__AUTOMETRIC__|0.1.2|2588207|crew_log_f2d067066ae031d2|0|1786916326.924|406.480|12.703|28295450624|37999423488|sim_data_501796ab98789225|__AUTOMETRIC__
__AUTOMETRIC__|0.1.2|2588207|crew_log_f2d067066ae031d2|0|1786916327.925|98.827|3.088|28295450624|37999423488|sim_data_501796ab98789225|__AUTOMETRIC__
__AUTOMETRIC__|0.1.2|2588207|crew_log_f2d067066ae031d2|0|1786916328.927|128.830|4.026|28295450624|37999423488|sim_data_501796ab98789225|__AUTOMETRIC__
__AUTOMETRIC__|0.1.2|2588207|crew_log_f2d067066ae031d2|0|1786916329.928|69.899|2.184|28295450624|37999423488|sim_data_501796ab98789225|__AUTOMETRIC__
__AUTOMETRIC__|0.1.2|2588207|crew_log_f2d067066ae031d2|0|1786916330.930|54.911|1.716|28295450624|37999423488|sim_data_501796ab98789225|__AUTOMETRIC__
__AUTOMETRIC__|0.1.2|2588207|crew_log_f2d067066ae031d2|0|1786916331.931|0.999|0.031|28295450624|37999423488|sim_data_501796ab98789225|__AUTOMETRIC__
__AUTOMETRIC__|0.1.2|2588207|crew_log_f2d067066ae031d2|0|1786916332.932|0.999|0.031|28295450624|37999423488|sim_data_501796ab98789225|__AUTOMETRIC__
__AUTOMETRIC__|0.1.2|2588207|crew_log_f2d067066ae031d2|0|1786916333.934|0.998|0.031|28295450624|37999423488|sim_data_501796ab98789225|__AUTOMETRIC__
__AUTOMETRIC__|0.1.2|2588207|crew_log_f2d067066ae031d2|0|1786916334.936|27.948|0.873|28295450624|37999423488|sim_data_501796ab98789225|__AUTOMETRIC__
__AUTOMETRIC__|0.1.2|2588207|crew_log_f2d067066ae031d2|0|1786916335.937|1.997|0.062|28295450624|37999423488|sim_data_501796ab98789225|__AUTOMETRIC__
__AUTOMETRIC__|0.1.2|2588207|crew_log_f2d067066ae031d2|0|1786916336.939|0.998|0.031|28295450624|37999423488|sim_data_501796ab98789225|__AUTOMETRIC__
__AUTOMETRIC__|0.1.2|2588207|crew_log_f2d067066ae031d2|0|1786916338.040|24.532|0.767|28295450624|37999423488|sim_data_501796ab98789225|__AUTOMETRIC__
__AUTOMETRIC__|0.1.2|2588207|crew_log_f2d067066ae031d2|0|1786916339.041|0.998|0.031|28295450624|37999423488|sim_data_501796ab98789225|__AUTOMETRIC__
__AUTOMETRIC__|0.1.2|2588207|crew_log_f2d067066ae031d2|0|1786916340.043|1.997|0.062|28295450624|37999423488|sim_data_501796ab98789225|__AUTOMETRIC__
__AUTOMETRIC__|0.1.2|2588207|crew_log_f2d067066ae031d2|0|1786916341.045|1.997|0.062|28295450624|37999423488|sim_data_501796ab98789225|__AUTOMETRIC__
__AUTOMETRIC__|0.1.2|2588207|crew_log_f2d067066ae031d2|0|1786916342.046|26.963|0.843|28295450624|37999423488|sim_data_501796ab98789225|__AUTOMETRIC__
__AUTOMETRIC__|0.1.2|2588207|crew_log_f2d067066ae031d2|0|1786916343.047|1.997|0.062|28295450624|37999423488|sim_data_501796ab98789225|__AUTOMETRIC__
__AUTOMETRIC__|0.1.2|2588207|crew_log_f2d067066ae031d2|0|1786916344.049|1.996|0.062|28295450624|37999423488|sim_data_501796ab98789225|__AUTOMETRIC__
__AUTOMETRIC__|0.1.2|2588207|crew_log_f2d067066ae031d2|0|1786916345.051|17.975|0.562|28295450624|37999423488|sim_data_501796ab98789225|__AUTOMETRIC__
__AUTOMETRIC__|0.1.2|2588207|crew_log_f2d067066ae031d2|0|1786916346.052|89.853|2.808|28295450624|37999423488|sim_data_501796ab98789225|__AUTOMETRIC__
__AUTOMETRIC__|0.1.2|2588207|crew_log_f2d067066ae031d2|0|1786916347.054|99.862|3.121|28295450624|37999423488|sim_data_501796ab98789225|__AUTOMETRIC__
__AUTOMETRIC__|0.1.2|2588207|crew_log_f2d067066ae031d2|0|1786916348.055|108.810|3.400|28295450624|37999423488|sim_data_501796ab98789225|__AUTOMETRIC__
__AUTOMETRIC__|0.1.2|2588207|crew_log_f2d067066ae031d2|0|1786916349.057|658.963|20.593|28295450624|37999423488|sim_data_501796ab98789225|__AUTOMETRIC__
__AUTOMETRIC__|0.1.2|2588207|crew_log_f2d067066ae031d2|0|1786916350.058|111.841|3.495|28295450624|37999423488|sim_data_501796ab98789225|__AUTOMETRIC__
__AUTOMETRIC__|0.1.2|2588207|crew_log_f2d067066ae031d2|0|1786916351.060|131.776|4.118|28295450624|37999423488|sim_data_501796ab98789225|__AUTOMETRIC__
__AUTOMETRIC__|0.1.2|2588207|crew_log_f2d067066ae031d2|0|1786916352.062|76.873|2.402|28295450624|37999423488|sim_data_501796ab98789225|__AUTOMETRIC__
__AUTOMETRIC__|0.1.2|2588207|crew_log_f2d067066ae031d2|0|1786916353.067|54.706|1.710|28295450624|37999423488|sim_data_501796ab98789225|__AUTOMETRIC__
__AUTOMETRIC__|0.1.2|2588207|crew_log_f2d067066ae031d2|0|1786916354.068|1.997|0.062|28295450624|37999423488|sim_data_501796ab98789225|__AUTOMETRIC__
__AUTOMETRIC__|0.1.2|2588207|crew_log_f2d067066ae031d2|0|1786916355.070|0.998|0.031|28295450624|37999423488|sim_data_501796ab98789225|__AUTOMETRIC__
__AUTOMETRIC__|0.1.2|2588207|crew_log_f2d067066ae031d2|0|1786916356.071|0.999|0.031|28295450624|37999423488|sim_data_501796ab98789225|__AUTOMETRIC__
__AUTOMETRIC__|0.1.2|2588207|crew_log_f2d067066ae031d2|0|1786916357.073|26.957|0.842|28295450624|37999423488|sim_data_501796ab98789225|__AUTOMETRIC__
__AUTOMETRIC__|0.1.2|2588207|crew_log_f2d067066ae031d2|0|1786916358.075|0.998|0.031|28295450624|37999423488|sim_data_501796ab98789225|__AUTOMETRIC__
__AUTOMETRIC__|0.1.2|2588207|crew_log_f2d067066ae031d2|0|1786916359.076|0.999|0.031|28295450624|37999423488|sim_data_501796ab98789225|__AUTOMETRIC__
__AUTOMETRIC__|0.1.2|2588207|crew_log_f2d067066ae031d2|0|1786916360.078|0.999|0.031|28295450624|37999423488|sim_data_501796ab98789225|__AUTOMETRIC__
__AUTOMETRIC__|0.1.2|2588207|crew_log_f2d067066ae031d2|0|1786916361.080|27.952|0.874|28295450624|37999423488|sim_data_501796ab98789225|__AUTOMETRIC__
__AUTOMETRIC__|0.1.2|2588207|crew_log_f2d067066ae031d2|0|1786916362.081|0.999|0.031|28295450624|37999423488|sim_data_501796ab98789225|__AUTOMETRIC__
__AUTOMETRIC__|0.1.2|2588207|crew_log_f2d067066ae031d2|0|1786916363.082|1.997|0.062|28295450624|37999423488|sim_data_501796ab98789225|__AUTOMETRIC__
__AUTOMETRIC__|0.1.2|2588207|crew_log_f2d067066ae031d2|0|1786916364.292|23.150|0.723|28295450624|37999423488|sim_data_501796ab98789225|__AUTOMETRIC__
__AUTOMETRIC__|0.1.2|2588207|crew_log_f2d067066ae031d2|0|1786916365.294|0.998|0.031|28295450624|37999423488|sim_data_501796ab98789225|__AUTOMETRIC__
__AUTOMETRIC__|0.1.2|2588207|crew_log_f2d067066ae031d2|0|1786916366.295|0.999|0.031|28295450624|37999423488|sim_data_501796ab98789225|__AUTOMETRIC__
__AUTOMETRIC__|0.1.2|2588207|crew_log_f2d067066ae031d2|0|1786916367.297|2.995|0.094|28295450624|37999423488|sim_data_501796ab98789225|__AUTOMETRIC__
__AUTOMETRIC__|0.1.2|2588207|crew_log_f2d067066ae031d2|0|1786916368.298|42.925|1.341|28295450624|37999423488|sim_data_501796ab98789225|__AUTOMETRIC__
__AUTOMETRIC__|0.1.2|2588207|crew_log_f2d067066ae031d2|0|1786916369.300|96.863|3.027|28295450624|37999423488|sim_data_501796ab98789225|__AUTOMETRIC__
__AUTOMETRIC__|0.1.2|2588207|crew_log_f2d067066ae031d2|0|1786916370.301|99.844|3.120|28295450624|37999423488|sim_data_501796ab98789225|__AUTOMETRIC__
__AUTOMETRIC__|0.1.2|2588207|crew_log_f2d067066ae031d2|0|1786916371.303|291.403|9.106|28295450624|37999423488|sim_data_501796ab98789225|__AUTOMETRIC__
__AUTOMETRIC__|0.1.2|2588207|crew_log_f2d067066ae031d2|0|1786916372.305|588.209|18.382|28314849280|38019076096|sim_data_501796ab98789225|__AUTOMETRIC__
__AUTOMETRIC__|0.1.2|2588207|crew_log_f2d067066ae031d2|0|1786916373.306|136.806|4.275|28314849280|38019076096|sim_data_501796ab98789225|__AUTOMETRIC__
__AUTOMETRIC__|0.1.2|2588207|crew_log_f2d067066ae031d2|0|1786916374.308|130.810|4.088|28314849280|38019076096|sim_data_501796ab98789225|__AUTOMETRIC__
__AUTOMETRIC__|0.1.2|2588207|crew_log_f2d067066ae031d2|0|1786916375.309|86.859|2.714|28314849280|38019076096|sim_data_501796ab98789225|__AUTOMETRIC__
__AUTOMETRIC__|0.1.2|2588207|crew_log_f2d067066ae031d2|0|1786916376.442|49.438|1.545|28314849280|38019076096|sim_data_501796ab98789225|__AUTOMETRIC__
__AUTOMETRIC__|0.1.2|2588207|crew_log_f2d067066ae031d2|0|1786916377.443|1.997|0.062|28314849280|38019076096|sim_data_501796ab98789225|__AUTOMETRIC__
__AUTOMETRIC__|0.1.2|2588207|crew_log_f2d067066ae031d2|0|1786916378.445|0.998|0.031|28314849280|38019076096|sim_data_501796ab98789225|__AUTOMETRIC__
__AUTOMETRIC__|0.1.2|2588207|crew_log_f2d067066ae031d2|0|1786916379.447|0.999|0.031|28314849280|38019076096|sim_data_501796ab98789225|__AUTOMETRIC__
__AUTOMETRIC__|0.1.2|2588207|crew_log_f2d067066ae031d2|0|1786916380.448|27.958|0.874|28314849280|38019076096|sim_data_501796ab98789225|__AUTOMETRIC__
__AUTOMETRIC__|0.1.2|2588207|crew_log_f2d067066ae031d2|0|1786916381.449|1.997|0.062|28314849280|38019076096|sim_data_501796ab98789225|__AUTOMETRIC__
__AUTOMETRIC__|0.1.2|2588207|crew_log_f2d067066ae031d2|0|1786916382.451|0.999|0.031|28314849280|38019076096|sim_data_501796ab98789225|__AUTOMETRIC__
__AUTOMETRIC__|0.1.2|2588207|crew_log_f2d067066ae031d2|0|1786916383.452|0.999|0.031|28314849280|38019076096|sim_data_501796ab98789225|__AUTOMETRIC__
__AUTOMETRIC__|0.1.2|2588207|crew_log_f2d067066ae031d2|0|1786916384.454|26.964|0.843|28314849280|38019076096|sim_data_501796ab98789225|__AUTOMETRIC__
__AUTOMETRIC__|0.1.2|2588207|crew_log_f2d067066ae031d2|0|1786916385.455|0.998|0.031|28314849280|38019076096|sim_data_501796ab98789225|__AUTOMETRIC__
__AUTOMETRIC__|0.1.2|2588207|crew_log_f2d067066ae031d2|0|1786916386.456|1.997|0.062|28314849280|38019076096|sim_data_501796ab98789225|__AUTOMETRIC__
__AUTOMETRIC__|0.1.2|2588207|crew_log_f2d067066ae031d2|0|1786916387.458|1.997|0.062|28314849280|38019076096|sim_data_501796ab98789225|__AUTOMETRIC__
__AUTOMETRIC__|0.1.2|2588207|crew_log_f2d067066ae031d2|0|1786916388.460|0.998|0.031|28314849280|38019076096|sim_data_501796ab98789225|__AUTOMETRIC__
__AUTOMETRIC__|0.1.2|2588207|crew_log_f2d067066ae031d2|0|1786916389.505|25.824|0.807|28314849280|38019076096|sim_data_501796ab98789225|__AUTOMETRIC__
__AUTOMETRIC__|0.1.2|2588207|crew_log_f2d067066ae031d2|0|1786916390.507|1.997|0.062|28314849280|38019076096|sim_data_501796ab98789225|__AUTOMETRIC__
__AUTOMETRIC__|0.1.2|2588207|crew_log_f2d067066ae031d2|0|1786916391.508|0.999|0.031|28314849280|38019076096|sim_data_501796ab98789225|__AUTOMETRIC__
__AUTOMETRIC__|0.1.2|2588207|crew_log_f2d067066ae031d2|0|1786916392.510|2.996|0.094|28314849280|38019076096|sim_data_501796ab98789225|__AUTOMETRIC__
__AUTOMETRIC__|0.1.2|2588207|crew_log_f2d067066ae031d2|0|1786916393.511|26.965|0.843|28314849280|38019076096|sim_data_501796ab98789225|__AUTOMETRIC__
__AUTOMETRIC__|0.1.2|2588207|crew_log_f2d067066ae031d2|0|1786916394.512|93.884|2.934|28315111424|38019076096|sim_data_501796ab98789225|__AUTOMETRIC__
__AUTOMETRIC__|0.1.2|2588207|crew_log_f2d067066ae031d2|0|1786916395.514|99.842|3.120|28315111424|38019076096|sim_data_501796ab98789225|__AUTOMETRIC__
__AUTOMETRIC__|0.1.2|2588207|crew_log_f2d067066ae031d2|0|1786916396.515|98.840|3.089|28315111424|38019076096|sim_data_501796ab98789225|__AUTOMETRIC__
__AUTOMETRIC__|0.1.2|2588207|crew_log_f2d067066ae031d2|0|1786916397.517|597.272|18.665|28315111424|38019076096|sim_data_501796ab98789225|__AUTOMETRIC__
__AUTOMETRIC__|0.1.2|2588207|crew_log_f2d067066ae031d2|0|1786916398.519|156.685|4.896|28315111424|38019076096|sim_data_501796ab98789225|__AUTOMETRIC__
__AUTOMETRIC__|0.1.2|2588207|crew_log_f2d067066ae031d2|0|1786916399.520|131.786|4.118|28315111424|38019076096|sim_data_501796ab98789225|__AUTOMETRIC__
__AUTOMETRIC__|0.1.2|2588207|crew_log_f2d067066ae031d2|0|1786916400.522|80.886|2.528|28315111424|38019076096|sim_data_501796ab98789225|__AUTOMETRIC__
__AUTOMETRIC__|0.1.2|2588207|crew_log_f2d067066ae031d2|0|1786916401.571|52.410|1.638|28315111424|38019076096|sim_data_501796ab98789225|__AUTOMETRIC__
__AUTOMETRIC__|0.1.2|2588207|crew_log_f2d067066ae031d2|0|1786916402.572|0.999|0.031|28315111424|38019076096|sim_data_501796ab98789225|__AUTOMETRIC__
__AUTOMETRIC__|0.1.2|2588207|crew_log_f2d067066ae031d2|0|1786916403.574|0.999|0.031|28315111424|38019076096|sim_data_501796ab98789225|__AUTOMETRIC__
__AUTOMETRIC__|0.1.2|2588207|crew_log_f2d067066ae031d2|0|1786916404.575|0.999|0.031|28315111424|38019076096|sim_data_501796ab98789225|__AUTOMETRIC__
__AUTOMETRIC__|0.1.2|2588207|crew_log_f2d067066ae031d2|0|1786916405.577|26.958|0.842|28315111424|38019076096|sim_data_501796ab98789225|__AUTOMETRIC__
__AUTOMETRIC__|0.1.2|2588207|crew_log_f2d067066ae031d2|0|1786916406.578|0.999|0.031|28315111424|38019076096|sim_data_501796ab98789225|__AUTOMETRIC__
__AUTOMETRIC__|0.1.2|2588207|crew_log_f2d067066ae031d2|0|1786916407.579|0.999|0.031|28315111424|38019076096|sim_data_501796ab98789225|__AUTOMETRIC__
__AUTOMETRIC__|0.1.2|2588207|crew_log_f2d067066ae031d2|0|1786916408.640|26.402|0.825|28315111424|38019076096|sim_data_501796ab98789225|__AUTOMETRIC__
__AUTOMETRIC__|0.1.2|2588207|crew_log_f2d067066ae031d2|0|1786916409.641|0.999|0.031|28315111424|38019076096|sim_data_501796ab98789225|__AUTOMETRIC__
__AUTOMETRIC__|0.1.2|2588207|crew_log_f2d067066ae031d2|0|1786916410.643|1.997|0.062|28315111424|38019076096|sim_data_501796ab98789225|__AUTOMETRIC__
__AUTOMETRIC__|0.1.2|2588207|crew_log_f2d067066ae031d2|0|1786916411.644|0.998|0.031|28315111424|38019076096|sim_data_501796ab98789225|__AUTOMETRIC__
__AUTOMETRIC__|0.1.2|2588207|crew_log_f2d067066ae031d2|0|1786916412.646|27.960|0.874|28315111424|38019076096|sim_data_501796ab98789225|__AUTOMETRIC__
__AUTOMETRIC__|0.1.2|2588207|crew_log_f2d067066ae031d2|0|1786916413.647|1.997|0.062|28315111424|38019076096|sim_data_501796ab98789225|__AUTOMETRIC__
__AUTOMETRIC__|0.1.2|2588207|crew_log_f2d067066ae031d2|0|1786916414.649|0.998|0.031|28315111424|38019076096|sim_data_501796ab98789225|__AUTOMETRIC__
__AUTOMETRIC__|0.1.2|2588207|crew_log_f2d067066ae031d2|0|1786916415.650|24.966|0.780|28315111424|38019076096|sim_data_501796ab98789225|__AUTOMETRIC__
__AUTOMETRIC__|0.1.2|2588207|crew_log_f2d067066ae031d2|0|1786916416.651|92.872|2.902|28315111424|38019076096|sim_data_501796ab98789225|__AUTOMETRIC__
__AUTOMETRIC__|0.1.2|2588207|crew_log_f2d067066ae031d2|0|1786916417.653|99.863|3.121|28315111424|38019076096|sim_data_501796ab98789225|__AUTOMETRIC__
__AUTOMETRIC__|0.1.2|2588207|crew_log_f2d067066ae031d2|0|1786916418.655|177.616|5.550|28315111424|38019076096|sim_data_501796ab98789225|__AUTOMETRIC__
__AUTOMETRIC__|0.1.2|2588207|crew_log_f2d067066ae031d2|0|1786916419.656|585.196|18.287|28315111424|38019076096|sim_data_501796ab98789225|__AUTOMETRIC__
__AUTOMETRIC__|0.1.2|2588207|crew_log_f2d067066ae031d2|0|1786916420.658|99.849|3.120|28315111424|38019076096|sim_data_501796ab98789225|__AUTOMETRIC__
__AUTOMETRIC__|0.1.2|2588207|crew_log_f2d067066ae031d2|0|1786916421.659|130.826|4.088|28315111424|38019076096|sim_data_501796ab98789225|__AUTOMETRIC__
__AUTOMETRIC__|0.1.2|2588207|crew_log_f2d067066ae031d2|0|1786916422.661|94.863|2.964|28315111424|38019076096|sim_data_501796ab98789225|__AUTOMETRIC__
__AUTOMETRIC__|0.1.2|2588207|crew_log_f2d067066ae031d2|0|1786916423.850|46.225|1.445|28315111424|38019076096|sim_data_501796ab98789225|__AUTOMETRIC__
__AUTOMETRIC__|0.1.2|2588207|crew_log_f2d067066ae031d2|0|1786916424.852|0.998|0.031|28315111424|38019076096|sim_data_501796ab98789225|__AUTOMETRIC__
__AUTOMETRIC__|0.1.2|2588207|crew_log_f2d067066ae031d2|0|1786916425.854|0.998|0.031|28315111424|38019076096|sim_data_501796ab98789225|__AUTOMETRIC__
__AUTOMETRIC__|0.1.2|2588207|crew_log_f2d067066ae031d2|0|1786916426.857|0.997|0.031|28315111424|38019076096|sim_data_501796ab98789225|__AUTOMETRIC__
__AUTOMETRIC__|0.1.2|2588207|crew_log_f2d067066ae031d2|0|1786916427.858|28.959|0.905|28315111424|38019076096|sim_data_501796ab98789225|__AUTOMETRIC__
__AUTOMETRIC__|0.1.2|2588207|crew_log_f2d067066ae031d2|0|1786916428.860|0.998|0.031|28315111424|38019076096|sim_data_501796ab98789225|__AUTOMETRIC__
__AUTOMETRIC__|0.1.2|2588207|crew_log_f2d067066ae031d2|0|1786916429.862|0.999|0.031|28315111424|38019076096|sim_data_501796ab98789225|__AUTOMETRIC__
__AUTOMETRIC__|0.1.2|2588207|crew_log_f2d067066ae031d2|0|1786916431.029|23.120|0.723|28315111424|38019076096|sim_data_501796ab98789225|__AUTOMETRIC__
__AUTOMETRIC__|0.1.2|2588207|crew_log_f2d067066ae031d2|0|1786916432.031|1.997|0.062|28315111424|38019076096|sim_data_501796ab98789225|__AUTOMETRIC__
__AUTOMETRIC__|0.1.2|2588207|crew_log_f2d067066ae031d2|0|1786916433.032|0.999|0.031|28315111424|38019076096|sim_data_501796ab98789225|__AUTOMETRIC__
__AUTOMETRIC__|0.1.2|2588207|crew_log_f2d067066ae031d2|0|1786916434.033|0.999|0.031|28315111424|38019076096|sim_data_501796ab98789225|__AUTOMETRIC__
__AUTOMETRIC__|0.1.2|2588207|crew_log_f2d067066ae031d2|0|1786916435.035|27.965|0.874|28315111424|38019076096|sim_data_501796ab98789225|__AUTOMETRIC__
__AUTOMETRIC__|0.1.2|2588207|crew_log_f2d067066ae031d2|0|1786916436.036|1.997|0.062|28315111424|38019076096|sim_data_501796ab98789225|__AUTOMETRIC__
__AUTOMETRIC__|0.1.2|2588207|crew_log_f2d067066ae031d2|0|1786916437.037|0.999|0.031|28315111424|38019076096|sim_data_501796ab98789225|__AUTOMETRIC__
__AUTOMETRIC__|0.1.2|2588207|crew_log_f2d067066ae031d2|0|1786916438.039|1.997|0.062|28315111424|38019076096|sim_data_501796ab98789225|__AUTOMETRIC__
__AUTOMETRIC__|0.1.2|2588207|crew_log_f2d067066ae031d2|0|1786916439.041|86.820|2.713|28315111424|38019076096|sim_data_501796ab98789225|__AUTOMETRIC__
__AUTOMETRIC__|0.1.2|2588207|crew_log_f2d067066ae031d2|0|1786916440.042|99.839|3.120|28315111424|38019076096|sim_data_501796ab98789225|__AUTOMETRIC__
__AUTOMETRIC__|0.1.2|2588207|crew_log_f2d067066ae031d2|0|1786916441.044|99.840|3.120|28315111424|38019076096|sim_data_501796ab98789225|__AUTOMETRIC__
__AUTOMETRIC__|0.1.2|2588207|crew_log_f2d067066ae031d2|0|1786916442.045|513.277|16.040|28315111424|38019076096|sim_data_501796ab98789225|__AUTOMETRIC__
__AUTOMETRIC__|0.1.2|2588207|crew_log_f2d067066ae031d2|0|1786916443.047|253.650|7.927|28315111424|38019076096|sim_data_501796ab98789225|__AUTOMETRIC__
__AUTOMETRIC__|0.1.2|2588207|crew_log_f2d067066ae031d2|0|1786916444.048|131.804|4.119|28315111424|38019076096|sim_data_501796ab98789225|__AUTOMETRIC__
__AUTOMETRIC__|0.1.2|2588207|crew_log_f2d067066ae031d2|0|1786916445.050|95.851|2.995|28315111424|38019076096|sim_data_501796ab98789225|__AUTOMETRIC__
__AUTOMETRIC__|0.1.2|2588207|crew_log_f2d067066ae031d2|0|1786916446.259|45.498|1.422|28315111424|38019076096|sim_data_501796ab98789225|__AUTOMETRIC__
__AUTOMETRIC__|0.1.2|2588207|crew_log_f2d067066ae031d2|0|1786916447.260|1.997|0.062|28315111424|38019076096|sim_data_501796ab98789225|__AUTOMETRIC__
__AUTOMETRIC__|0.1.2|2588207|crew_log_f2d067066ae031d2|0|1786916448.261|0.999|0.031|28315111424|38019076096|sim_data_501796ab98789225|__AUTOMETRIC__
__AUTOMETRIC__|0.1.2|2588207|crew_log_f2d067066ae031d2|0|1786916449.263|0.998|0.031|28315111424|38019076096|sim_data_501796ab98789225|__AUTOMETRIC__
__AUTOMETRIC__|0.1.2|2588207|crew_log_f2d067066ae031d2|0|1786916450.265|26.963|0.843|28315111424|38019076096|sim_data_501796ab98789225|__AUTOMETRIC__
__AUTOMETRIC__|0.1.2|2588207|crew_log_f2d067066ae031d2|0|1786916451.266|0.999|0.031|28315111424|38019076096|sim_data_501796ab98789225|__AUTOMETRIC__
__AUTOMETRIC__|0.1.2|2588207|crew_log_f2d067066ae031d2|0|1786916452.268|1.997|0.062|28315111424|38019076096|sim_data_501796ab98789225|__AUTOMETRIC__
__AUTOMETRIC__|0.1.2|2588207|crew_log_f2d067066ae031d2|0|1786916453.269|0.999|0.031|28315111424|38019076096|sim_data_501796ab98789225|__AUTOMETRIC__
__AUTOMETRIC__|0.1.2|2588207|crew_log_f2d067066ae031d2|0|1786916454.270|26.966|0.843|28315111424|38019076096|sim_data_501796ab98789225|__AUTOMETRIC__
__AUTOMETRIC__|0.1.2|2588207|crew_log_f2d067066ae031d2|0|1786916455.271|1.997|0.062|28315111424|38019076096|sim_data_501796ab98789225|__AUTOMETRIC__
__AUTOMETRIC__|0.1.2|2588207|crew_log_f2d067066ae031d2|0|1786916456.273|0.998|0.031|28315111424|38019076096|sim_data_501796ab98789225|__AUTOMETRIC__
__AUTOMETRIC__|0.1.2|2588207|crew_log_f2d067066ae031d2|0|1786916457.275|1.997|0.062|28315111424|38019076096|sim_data_501796ab98789225|__AUTOMETRIC__
__AUTOMETRIC__|0.1.2|2588207|crew_log_f2d067066ae031d2|0|1786916458.276|27.966|0.874|28315111424|38019076096|sim_data_501796ab98789225|__AUTOMETRIC__
__AUTOMETRIC__|0.1.2|2588207|crew_log_f2d067066ae031d2|0|1786916459.278|0.998|0.031|28315111424|38019076096|sim_data_501796ab98789225|__AUTOMETRIC__
__AUTOMETRIC__|0.1.2|2588207|crew_log_f2d067066ae031d2|0|1786916460.279|0.999|0.031|28315111424|38019076096|sim_data_501796ab98789225|__AUTOMETRIC__
__AUTOMETRIC__|0.1.2|2588207|crew_log_f2d067066ae031d2|0|1786916461.281|1.997|0.062|28315111424|38019076096|sim_data_501796ab98789225|__AUTOMETRIC__
__AUTOMETRIC__|0.1.2|2588207|crew_log_f2d067066ae031d2|0|1786916462.282|48.933|1.529|28316684288|38020841472|sim_data_501796ab98789225|__AUTOMETRIC__
__AUTOMETRIC__|0.1.2|2588207|crew_log_f2d067066ae031d2|0|1786916463.284|98.856|3.089|28315111424|38019076096|sim_data_501796ab98789225|__AUTOMETRIC__
__AUTOMETRIC__|0.1.2|2588207|crew_log_f2d067066ae031d2|0|1786916464.285|99.849|3.120|28315111424|38019076096|sim_data_501796ab98789225|__AUTOMETRIC__
__AUTOMETRIC__|0.1.2|2588207|crew_log_f2d067066ae031d2|0|1786916465.286|315.606|9.863|28315111424|38019076096|sim_data_501796ab98789225|__AUTOMETRIC__
__AUTOMETRIC__|0.1.2|2588207|crew_log_f2d067066ae031d2|0|1786916466.288|437.194|13.662|28315111424|38019076096|sim_data_501796ab98789225|__AUTOMETRIC__
__AUTOMETRIC__|0.1.2|2588207|crew_log_f2d067066ae031d2|0|1786916467.290|98.855|3.089|28315111424|38019076096|sim_data_501796ab98789225|__AUTOMETRIC__
__AUTOMETRIC__|0.1.2|2588207|crew_log_f2d067066ae031d2|0|1786916468.292|131.681|4.115|28315111424|38019076096|sim_data_501796ab98789225|__AUTOMETRIC__
__AUTOMETRIC__|0.1.2|2588207|crew_log_f2d067066ae031d2|0|1786916469.312|68.616|2.144|28315111424|38019076096|sim_data_501796ab98789225|__AUTOMETRIC__
__AUTOMETRIC__|0.1.2|2588207|crew_log_f2d067066ae031d2|0|1786916470.314|54.926|1.716|28315111424|38019076096|sim_data_501796ab98789225|__AUTOMETRIC__
__AUTOMETRIC__|0.1.2|2588207|crew_log_f2d067066ae031d2|0|1786916471.315|1.996|0.062|28315111424|38019076096|sim_data_501796ab98789225|__AUTOMETRIC__
__AUTOMETRIC__|0.1.2|2588207|crew_log_f2d067066ae031d2|0|1786916472.317|0.998|0.031|28315111424|38019076096|sim_data_501796ab98789225|__AUTOMETRIC__
__AUTOMETRIC__|0.1.2|2588207|crew_log_f2d067066ae031d2|0|1786916473.319|0.998|0.031|28315111424|38019076096|sim_data_501796ab98789225|__AUTOMETRIC__
__AUTOMETRIC__|0.1.2|2588207|crew_log_f2d067066ae031d2|0|1786916474.320|27.960|0.874|28315111424|38019076096|sim_data_501796ab98789225|__AUTOMETRIC__
__AUTOMETRIC__|0.1.2|2588207|crew_log_f2d067066ae031d2|0|1786916475.322|0.999|0.031|28315111424|38019076096|sim_data_501796ab98789225|__AUTOMETRIC__
__AUTOMETRIC__|0.1.2|2588207|crew_log_f2d067066ae031d2|0|1786916476.324|1.997|0.062|28315111424|38019076096|sim_data_501796ab98789225|__AUTOMETRIC__
__AUTOMETRIC__|0.1.2|2588207|crew_log_f2d067066ae031d2|0|1786916477.327|26.922|0.841|28315111424|38019076096|sim_data_501796ab98789225|__AUTOMETRIC__
__AUTOMETRIC__|0.1.2|2588207|crew_log_f2d067066ae031d2|0|1786916478.328|1.997|0.062|28315111424|38019076096|sim_data_501796ab98789225|__AUTOMETRIC__
__AUTOMETRIC__|0.1.2|2588207|crew_log_f2d067066ae031d2|0|1786916479.330|0.998|0.031|28315111424|38019076096|sim_data_501796ab98789225|__AUTOMETRIC__
__AUTOMETRIC__|0.1.2|2588207|crew_log_f2d067066ae031d2|0|1786916480.332|0.999|0.031|28315111424|38019076096|sim_data_501796ab98789225|__AUTOMETRIC__
__AUTOMETRIC__|0.1.2|2588207|crew_log_f2d067066ae031d2|0|1786916481.333|27.956|0.874|28315111424|38019076096|sim_data_501796ab98789225|__AUTOMETRIC__
__AUTOMETRIC__|0.1.2|2588207|crew_log_f2d067066ae031d2|0|1786916482.334|1.997|0.062|28315111424|38019076096|sim_data_501796ab98789225|__AUTOMETRIC__
__AUTOMETRIC__|0.1.2|2588207|crew_log_f2d067066ae031d2|0|1786916483.336|0.999|0.031|28315111424|38019076096|sim_data_501796ab98789225|__AUTOMETRIC__
__AUTOMETRIC__|0.1.2|2588207|crew_log_f2d067066ae031d2|0|1786916484.337|17.974|0.562|28315111424|38019076096|sim_data_501796ab98789225|__AUTOMETRIC__
__AUTOMETRIC__|0.1.2|2588207|crew_log_f2d067066ae031d2|0|1786916485.339|89.880|2.809|28315111424|38019076096|sim_data_501796ab98789225|__AUTOMETRIC__
__AUTOMETRIC__|0.1.2|2588207|crew_log_f2d067066ae031d2|0|1786916486.341|98.816|3.088|28315111424|38019076096|sim_data_501796ab98789225|__AUTOMETRIC__
__AUTOMETRIC__|0.1.2|2588207|crew_log_f2d067066ae031d2|0|1786916487.342|99.852|3.120|28315111424|38019076096|sim_data_501796ab98789225|__AUTOMETRIC__
__AUTOMETRIC__|0.1.2|2588207|crew_log_f2d067066ae031d2|0|1786916488.343|656.088|20.503|28315111424|38019076096|sim_data_501796ab98789225|__AUTOMETRIC__
__AUTOMETRIC__|0.1.2|2588207|crew_log_f2d067066ae031d2|0|1786916489.346|130.722|4.085|28315111424|38019076096|sim_data_501796ab98789225|__AUTOMETRIC__
__AUTOMETRIC__|0.1.2|2588207|crew_log_f2d067066ae031d2|0|1786916490.347|131.815|4.119|28315111424|38019076096|sim_data_501796ab98789225|__AUTOMETRIC__
__AUTOMETRIC__|0.1.2|2588207|crew_log_f2d067066ae031d2|0|1786916491.349|74.868|2.340|28315111424|38019076096|sim_data_501796ab98789225|__AUTOMETRIC__
__AUTOMETRIC__|0.1.2|2588207|crew_log_f2d067066ae031d2|0|1786916492.350|54.920|1.716|28315111424|38019076096|sim_data_501796ab98789225|__AUTOMETRIC__
__AUTOMETRIC__|0.1.2|2588207|crew_log_f2d067066ae031d2|0|1786916493.352|1.997|0.062|28315111424|38019076096|sim_data_501796ab98789225|__AUTOMETRIC__
__AUTOMETRIC__|0.1.2|2588207|crew_log_f2d067066ae031d2|0|1786916494.353|0.999|0.031|28315111424|38019076096|sim_data_501796ab98789225|__AUTOMETRIC__
__AUTOMETRIC__|0.1.2|2588207|crew_log_f2d067066ae031d2|0|1786916495.354|0.000|0.000|28315111424|38019076096|sim_data_501796ab98789225|__AUTOMETRIC__
__AUTOMETRIC__|0.1.2|2588207|crew_log_f2d067066ae031d2|0|1786916496.356|27.959|0.874|28315111424|38019076096|sim_data_501796ab98789225|__AUTOMETRIC__
__AUTOMETRIC__|0.1.2|2588207|crew_log_f2d067066ae031d2|0|1786916497.357|1.997|0.062|28315111424|38019076096|sim_data_501796ab98789225|__AUTOMETRIC__
__AUTOMETRIC__|0.1.2|2588207|crew_log_f2d067066ae031d2|0|1786916498.359|0.999|0.031|28315111424|38019076096|sim_data_501796ab98789225|__AUTOMETRIC__
__AUTOMETRIC__|0.1.2|2588207|crew_log_f2d067066ae031d2|0|1786916499.361|0.998|0.031|28315111424|38019076096|sim_data_501796ab98789225|__AUTOMETRIC__
__AUTOMETRIC__|0.1.2|2588207|crew_log_f2d067066ae031d2|0|1786916500.362|27.962|0.874|28315111424|38019076096|sim_data_501796ab98789225|__AUTOMETRIC__
__AUTOMETRIC__|0.1.2|2588207|crew_log_f2d067066ae031d2|0|1786916501.364|0.000|0.000|28315111424|38019076096|sim_data_501796ab98789225|__AUTOMETRIC__
__AUTOMETRIC__|0.1.2|2588207|crew_log_f2d067066ae031d2|0|1786916502.374|1.981|0.062|28315111424|38019076096|sim_data_501796ab98789225|__AUTOMETRIC__
__AUTOMETRIC__|0.1.2|2588207|crew_log_f2d067066ae031d2|0|1786916503.468|25.596|0.800|28315111424|38019076096|sim_data_501796ab98789225|__AUTOMETRIC__
__AUTOMETRIC__|0.1.2|2588207|crew_log_f2d067066ae031d2|0|1786916504.469|0.998|0.031|28315111424|38019076096|sim_data_501796ab98789225|__AUTOMETRIC__
__AUTOMETRIC__|0.1.2|2588207|crew_log_f2d067066ae031d2|0|1786916505.471|1.997|0.062|28315111424|38019076096|sim_data_501796ab98789225|__AUTOMETRIC__
__AUTOMETRIC__|0.1.2|2588207|crew_log_f2d067066ae031d2|0|1786916506.472|0.998|0.031|28315111424|38019076096|sim_data_501796ab98789225|__AUTOMETRIC__
__AUTOMETRIC__|0.1.2|2588207|crew_log_f2d067066ae031d2|0|1786916507.474|42.926|1.341|28315111424|38020829184|sim_data_501796ab98789225|__AUTOMETRIC__
__AUTOMETRIC__|0.1.2|2588207|crew_log_f2d067066ae031d2|0|1786916508.475|98.865|3.090|28315111424|38019076096|sim_data_501796ab98789225|__AUTOMETRIC__
__AUTOMETRIC__|0.1.2|2588207|crew_log_f2d067066ae031d2|0|1786916509.478|98.736|3.086|28315111424|38019076096|sim_data_501796ab98789225|__AUTOMETRIC__
__AUTOMETRIC__|0.1.2|2588207|crew_log_f2d067066ae031d2|0|1786916510.479|288.599|9.019|28315111424|38019076096|sim_data_501796ab98789225|__AUTOMETRIC__
__AUTOMETRIC__|0.1.2|2588207|crew_log_f2d067066ae031d2|0|1786916511.481|495.367|15.480|28315111424|38019076096|sim_data_501796ab98789225|__AUTOMETRIC__
__AUTOMETRIC__|0.1.2|2588207|crew_log_f2d067066ae031d2|0|1786916512.482|98.867|3.090|28315111424|38019076096|sim_data_501796ab98789225|__AUTOMETRIC__
__AUTOMETRIC__|0.1.2|2588207|crew_log_f2d067066ae031d2|0|1786916513.484|130.814|4.088|28315111424|38019076096|sim_data_501796ab98789225|__AUTOMETRIC__
__AUTOMETRIC__|0.1.2|2588207|crew_log_f2d067066ae031d2|0|1786916514.485|79.873|2.496|28315111424|38019076096|sim_data_501796ab98789225|__AUTOMETRIC__
__AUTOMETRIC__|0.1.2|2588207|crew_log_f2d067066ae031d2|0|1786916515.532|53.484|1.671|28315111424|38019076096|sim_data_501796ab98789225|__AUTOMETRIC__
__AUTOMETRIC__|0.1.2|2588207|crew_log_f2d067066ae031d2|0|1786916516.534|0.998|0.031|28315111424|38019076096|sim_data_501796ab98789225|__AUTOMETRIC__
__AUTOMETRIC__|0.1.2|2588207|crew_log_f2d067066ae031d2|0|1786916517.536|0.998|0.031|28315111424|38019076096|sim_data_501796ab98789225|__AUTOMETRIC__
__AUTOMETRIC__|0.1.2|2588207|crew_log_f2d067066ae031d2|0|1786916518.537|0.999|0.031|28315111424|38019076096|sim_data_501796ab98789225|__AUTOMETRIC__
__AUTOMETRIC__|0.1.2|2588207|crew_log_f2d067066ae031d2|0|1786916519.539|27.944|0.873|28315111424|38019076096|sim_data_501796ab98789225|__AUTOMETRIC__
__AUTOMETRIC__|0.1.2|2588207|crew_log_f2d067066ae031d2|0|1786916520.541|0.998|0.031|28315111424|38019076096|sim_data_501796ab98789225|__AUTOMETRIC__
__AUTOMETRIC__|0.1.2|2588207|crew_log_f2d067066ae031d2|0|1786916521.542|0.998|0.031|28315111424|38019076096|sim_data_501796ab98789225|__AUTOMETRIC__
__AUTOMETRIC__|0.1.2|2588207|crew_log_f2d067066ae031d2|0|1786916522.544|0.999|0.031|28315111424|38019076096|sim_data_501796ab98789225|__AUTOMETRIC__
__AUTOMETRIC__|0.1.2|2588207|crew_log_f2d067066ae031d2|0|1786916523.545|0.999|0.031|28315111424|38019076096|sim_data_501796ab98789225|__AUTOMETRIC__
__AUTOMETRIC__|0.1.2|2588207|crew_log_f2d067066ae031d2|0|1786916524.547|1.997|0.062|28315111424|38019076096|sim_data_501796ab98789225|__AUTOMETRIC__
__AUTOMETRIC__|0.1.2|2588207|crew_log_f2d067066ae031d2|0|1786916525.548|26.966|0.843|28315111424|38019076096|sim_data_501796ab98789225|__AUTOMETRIC__
__AUTOMETRIC__|0.1.2|2588207|crew_log_f2d067066ae031d2|0|1786916526.550|1.996|0.062|28315111424|38019076096|sim_data_501796ab98789225|__AUTOMETRIC__
__AUTOMETRIC__|0.1.2|2588207|crew_log_f2d067066ae031d2|0|1786916527.551|0.998|0.031|28315111424|38019076096|sim_data_501796ab98789225|__AUTOMETRIC__
__AUTOMETRIC__|0.1.2|2588207|crew_log_f2d067066ae031d2|0|1786916528.553|1.997|0.062|28315111424|38019076096|sim_data_501796ab98789225|__AUTOMETRIC__
__AUTOMETRIC__|0.1.2|2588207|crew_log_f2d067066ae031d2|0|1786916529.556|25.919|0.810|28315111424|38019076096|sim_data_501796ab98789225|__AUTOMETRIC__
__AUTOMETRIC__|0.1.2|2588207|crew_log_f2d067066ae031d2|0|1786916530.558|2.995|0.094|28315111424|38019076096|sim_data_501796ab98789225|__AUTOMETRIC__
__AUTOMETRIC__|0.1.2|2588207|crew_log_f2d067066ae031d2|0|1786916531.559|1.997|0.062|28315111424|38019076096|sim_data_501796ab98789225|__AUTOMETRIC__
__AUTOMETRIC__|0.1.2|2588207|crew_log_f2d067066ae031d2|0|1786916532.561|0.998|0.031|28315111424|38019076096|sim_data_501796ab98789225|__AUTOMETRIC__
__AUTOMETRIC__|0.1.2|2588207|crew_log_f2d067066ae031d2|0|1786916533.562|56.900|1.778|28315111424|38019076096|sim_data_501796ab98789225|__AUTOMETRIC__
__AUTOMETRIC__|0.1.2|2588207|crew_log_f2d067066ae031d2|0|1786916534.564|98.850|3.089|28315111424|38019076096|sim_data_501796ab98789225|__AUTOMETRIC__
__AUTOMETRIC__|0.1.2|2588207|crew_log_f2d067066ae031d2|0|1786916535.566|98.822|3.088|28315111424|38019076096|sim_data_501796ab98789225|__AUTOMETRIC__
__AUTOMETRIC__|0.1.2|2588207|crew_log_f2d067066ae031d2|0|1786916536.567|324.523|10.141|28315111424|38019076096|sim_data_501796ab98789225|__AUTOMETRIC__
__AUTOMETRIC__|0.1.2|2588207|crew_log_f2d067066ae031d2|0|1786916537.569|452.295|14.134|28315111424|38019076096|sim_data_501796ab98789225|__AUTOMETRIC__
__AUTOMETRIC__|0.1.2|2588207|crew_log_f2d067066ae031d2|0|1786916538.570|130.807|4.088|28315111424|38019076096|sim_data_501796ab98789225|__AUTOMETRIC__
__AUTOMETRIC__|0.1.2|2588207|crew_log_f2d067066ae031d2|0|1786916539.572|99.792|3.118|28315111424|38019076096|sim_data_501796ab98789225|__AUTOMETRIC__
__AUTOMETRIC__|0.1.2|2588207|crew_log_f2d067066ae031d2|0|1786916540.574|58.895|1.840|28315111424|38019076096|sim_data_501796ab98789225|__AUTOMETRIC__
__AUTOMETRIC__|0.1.2|2588207|crew_log_f2d067066ae031d2|0|1786916541.575|28.960|0.905|28315111424|38019076096|sim_data_501796ab98789225|__AUTOMETRIC__
__AUTOMETRIC__|0.1.2|2588207|crew_log_f2d067066ae031d2|0|1786916542.577|0.999|0.031|28315111424|38019076096|sim_data_501796ab98789225|__AUTOMETRIC__
__AUTOMETRIC__|0.1.2|2588207|crew_log_f2d067066ae031d2|0|1786916543.578|0.999|0.031|28315111424|38019076096|sim_data_501796ab98789225|__AUTOMETRIC__
__AUTOMETRIC__|0.1.2|2588207|crew_log_f2d067066ae031d2|0|1786916544.580|0.998|0.031|28315111424|38019076096|sim_data_501796ab98789225|__AUTOMETRIC__
__AUTOMETRIC__|0.1.2|2588207|crew_log_f2d067066ae031d2|0|1786916545.581|27.963|0.874|28315111424|38019076096|sim_data_501796ab98789225|__AUTOMETRIC__
__AUTOMETRIC__|0.1.2|2588207|crew_log_f2d067066ae031d2|0|1786916546.583|0.998|0.031|28315111424|38019076096|sim_data_501796ab98789225|__AUTOMETRIC__
__AUTOMETRIC__|0.1.2|2588207|crew_log_f2d067066ae031d2|0|1786916547.585|0.999|0.031|28315111424|38019076096|sim_data_501796ab98789225|__AUTOMETRIC__
__AUTOMETRIC__|0.1.2|2588207|crew_log_f2d067066ae031d2|0|1786916548.588|26.902|0.841|28315111424|38019076096|sim_data_501796ab98789225|__AUTOMETRIC__
__AUTOMETRIC__|0.1.2|2588207|crew_log_f2d067066ae031d2|0|1786916549.591|1.995|0.062|28315111424|38019076096|sim_data_501796ab98789225|__AUTOMETRIC__
__AUTOMETRIC__|0.1.2|2588207|crew_log_f2d067066ae031d2|0|1786916550.592|1.997|0.062|28315111424|38019076096|sim_data_501796ab98789225|__AUTOMETRIC__
__AUTOMETRIC__|0.1.2|2588207|crew_log_f2d067066ae031d2|0|1786916551.593|0.999|0.031|28315111424|38019076096|sim_data_501796ab98789225|__AUTOMETRIC__
__AUTOMETRIC__|0.1.2|2588207|crew_log_f2d067066ae031d2|0|1786916552.595|26.966|0.843|28315111424|38019076096|sim_data_501796ab98789225|__AUTOMETRIC__
__AUTOMETRIC__|0.1.2|2588207|crew_log_f2d067066ae031d2|0|1786916553.596|0.999|0.031|28315111424|38019076096|sim_data_501796ab98789225|__AUTOMETRIC__
__AUTOMETRIC__|0.1.2|2588207|crew_log_f2d067066ae031d2|0|1786916554.598|2.995|0.094|28315111424|38019076096|sim_data_501796ab98789225|__AUTOMETRIC__
__AUTOMETRIC__|0.1.2|2588207|crew_log_f2d067066ae031d2|0|1786916555.599|22.968|0.718|28315111424|38020829184|sim_data_501796ab98789225|__AUTOMETRIC__
__AUTOMETRIC__|0.1.2|2588207|crew_log_f2d067066ae031d2|0|1786916556.601|91.850|2.870|28315111424|38019076096|sim_data_501796ab98789225|__AUTOMETRIC__
__AUTOMETRIC__|0.1.2|2588207|crew_log_f2d067066ae031d2|0|1786916557.602|98.870|3.090|28315111424|38019076096|sim_data_501796ab98789225|__AUTOMETRIC__
__AUTOMETRIC__|0.1.2|2588207|crew_log_f2d067066ae031d2|0|1786916558.603|147.806|4.619|28315111424|38019076096|sim_data_501796ab98789225|__AUTOMETRIC__
__AUTOMETRIC__|0.1.2|2588207|crew_log_f2d067066ae031d2|0|1786916559.605|595.769|18.618|28315111424|38019076096|sim_data_501796ab98789225|__AUTOMETRIC__
__AUTOMETRIC__|0.1.2|2588207|crew_log_f2d067066ae031d2|0|1786916560.607|98.859|3.089|28315111424|38019076096|sim_data_501796ab98789225|__AUTOMETRIC__
__AUTOMETRIC__|0.1.2|2588207|crew_log_f2d067066ae031d2|0|1786916561.608|131.819|4.119|28315111424|38019076096|sim_data_501796ab98789225|__AUTOMETRIC__
__AUTOMETRIC__|0.1.2|2588207|crew_log_f2d067066ae031d2|0|1786916562.661|99.731|3.117|28315111424|38019076096|sim_data_501796ab98789225|__AUTOMETRIC__
__AUTOMETRIC__|0.1.2|2588207|crew_log_f2d067066ae031d2|0|1786916563.899|44.428|1.388|28315111424|38019076096|sim_data_501796ab98789225|__AUTOMETRIC__
__AUTOMETRIC__|0.1.2|2588207|crew_log_f2d067066ae031d2|0|1786916564.901|1.996|0.062|28315111424|38019076096|sim_data_501796ab98789225|__AUTOMETRIC__
__AUTOMETRIC__|0.1.2|2588207|crew_log_f2d067066ae031d2|0|1786916565.902|0.999|0.031|28315111424|38019076096|sim_data_501796ab98789225|__AUTOMETRIC__
__AUTOMETRIC__|0.1.2|2588207|crew_log_f2d067066ae031d2|0|1786916566.904|0.998|0.031|28315111424|38019076096|sim_data_501796ab98789225|__AUTOMETRIC__
__AUTOMETRIC__|0.1.2|2588207|crew_log_f2d067066ae031d2|0|1786916567.905|26.961|0.843|28315111424|38019076096|sim_data_501796ab98789225|__AUTOMETRIC__
__AUTOMETRIC__|0.1.2|2588207|crew_log_f2d067066ae031d2|0|1786916568.906|1.997|0.062|28315111424|38019076096|sim_data_501796ab98789225|__AUTOMETRIC__
__AUTOMETRIC__|0.1.2|2588207|crew_log_f2d067066ae031d2|0|1786916569.908|0.998|0.031|28315111424|38019076096|sim_data_501796ab98789225|__AUTOMETRIC__
__AUTOMETRIC__|0.1.2|2588207|crew_log_f2d067066ae031d2|0|1786916570.910|0.999|0.031|28315111424|38019076096|sim_data_501796ab98789225|__AUTOMETRIC__
__AUTOMETRIC__|0.1.2|2588207|crew_log_f2d067066ae031d2|0|1786916571.911|27.963|0.874|28315111424|38019076096|sim_data_501796ab98789225|__AUTOMETRIC__
__AUTOMETRIC__|0.1.2|2588207|crew_log_f2d067066ae031d2|0|1786916572.912|0.999|0.031|28315111424|38019076096|sim_data_501796ab98789225|__AUTOMETRIC__
__AUTOMETRIC__|0.1.2|2588207|crew_log_f2d067066ae031d2|0|1786916573.914|1.997|0.062|28315111424|38019076096|sim_data_501796ab98789225|__AUTOMETRIC__
__AUTOMETRIC__|0.1.2|2588207|crew_log_f2d067066ae031d2|0|1786916575.038|24.906|0.778|28315111424|38019076096|sim_data_501796ab98789225|__AUTOMETRIC__
__AUTOMETRIC__|0.1.2|2588207|crew_log_f2d067066ae031d2|0|1786916576.039|0.999|0.031|28315111424|38019076096|sim_data_501796ab98789225|__AUTOMETRIC__
__AUTOMETRIC__|0.1.2|2588207|crew_log_f2d067066ae031d2|0|1786916577.041|2.995|0.094|28315111424|38019076096|sim_data_501796ab98789225|__AUTOMETRIC__
__AUTOMETRIC__|0.1.2|2588207|crew_log_f2d067066ae031d2|0|1786916578.043|0.999|0.031|28315111424|38019076096|sim_data_501796ab98789225|__AUTOMETRIC__
__AUTOMETRIC__|0.1.2|2588207|crew_log_f2d067066ae031d2|0|1786916579.044|42.925|1.341|28315373568|38020829184|sim_data_501796ab98789225|__AUTOMETRIC__
__AUTOMETRIC__|0.1.2|2588207|crew_log_f2d067066ae031d2|0|1786916580.046|97.803|3.056|28315111424|38019076096|sim_data_501796ab98789225|__AUTOMETRIC__
__AUTOMETRIC__|0.1.2|2588207|crew_log_f2d067066ae031d2|0|1786916581.048|99.864|3.121|28315111424|38019076096|sim_data_501796ab98789225|__AUTOMETRIC__
__AUTOMETRIC__|0.1.2|2588207|crew_log_f2d067066ae031d2|0|1786916582.049|233.696|7.303|28315111424|38019076096|sim_data_501796ab98789225|__AUTOMETRIC__
__AUTOMETRIC__|0.1.2|2588207|crew_log_f2d067066ae031d2|0|1786916583.051|554.182|17.318|28315111424|38019076096|sim_data_501796ab98789225|__AUTOMETRIC__
__AUTOMETRIC__|0.1.2|2588207|crew_log_f2d067066ae031d2|0|1786916584.052|103.837|3.245|28315111424|38019076096|sim_data_501796ab98789225|__AUTOMETRIC__
__AUTOMETRIC__|0.1.2|2588207|crew_log_f2d067066ae031d2|0|1786916585.054|127.813|3.994|28315111424|38019076096|sim_data_501796ab98789225|__AUTOMETRIC__
__AUTOMETRIC__|0.1.2|2588207|crew_log_f2d067066ae031d2|0|1786916586.135|69.362|2.168|28315111424|38019076096|sim_data_501796ab98789225|__AUTOMETRIC__
__AUTOMETRIC__|0.1.2|2588207|crew_log_f2d067066ae031d2|0|1786916587.137|28.941|0.904|28315111424|38019076096|sim_data_501796ab98789225|__AUTOMETRIC__
__AUTOMETRIC__|0.1.2|2588207|crew_log_f2d067066ae031d2|0|1786916588.138|0.999|0.031|28315111424|38019076096|sim_data_501796ab98789225|__AUTOMETRIC__
__AUTOMETRIC__|0.1.2|2588207|crew_log_f2d067066ae031d2|0|1786916589.140|0.998|0.031|28315111424|38019076096|sim_data_501796ab98789225|__AUTOMETRIC__
__AUTOMETRIC__|0.1.2|2588207|crew_log_f2d067066ae031d2|0|1786916590.142|0.998|0.031|28315111424|38019076096|sim_data_501796ab98789225|__AUTOMETRIC__
__AUTOMETRIC__|0.1.2|2588207|crew_log_f2d067066ae031d2|0|1786916591.143|26.963|0.843|28315111424|38019076096|sim_data_501796ab98789225|__AUTOMETRIC__
__AUTOMETRIC__|0.1.2|2588207|crew_log_f2d067066ae031d2|0|1786916592.145|0.999|0.031|28315111424|38019076096|sim_data_501796ab98789225|__AUTOMETRIC__
__AUTOMETRIC__|0.1.2|2588207|crew_log_f2d067066ae031d2|0|1786916593.147|0.998|0.031|28315111424|38019076096|sim_data_501796ab98789225|__AUTOMETRIC__
__AUTOMETRIC__|0.1.2|2588207|crew_log_f2d067066ae031d2|0|1786916594.148|0.999|0.031|28315111424|38019076096|sim_data_501796ab98789225|__AUTOMETRIC__
__AUTOMETRIC__|0.1.2|2588207|crew_log_f2d067066ae031d2|0|1786916595.150|27.953|0.874|28315111424|38019076096|sim_data_501796ab98789225|__AUTOMETRIC__
__AUTOMETRIC__|0.1.2|2588207|crew_log_f2d067066ae031d2|0|1786916596.151|0.999|0.031|28315111424|38019076096|sim_data_501796ab98789225|__AUTOMETRIC__
__AUTOMETRIC__|0.1.2|2588207|crew_log_f2d067066ae031d2|0|1786916597.153|0.998|0.031|28315111424|38019076096|sim_data_501796ab98789225|__AUTOMETRIC__
__AUTOMETRIC__|0.1.2|2588207|crew_log_f2d067066ae031d2|0|1786916598.155|0.998|0.031|28315111424|38019076096|sim_data_501796ab98789225|__AUTOMETRIC__
__AUTOMETRIC__|0.1.2|2588207|crew_log_f2d067066ae031d2|0|1786916599.156|27.949|0.873|28315111424|38019076096|sim_data_501796ab98789225|__AUTOMETRIC__
__AUTOMETRIC__|0.1.2|2588207|crew_log_f2d067066ae031d2|0|1786916600.159|1.996|0.062|28315111424|38019076096|sim_data_501796ab98789225|__AUTOMETRIC__
__AUTOMETRIC__|0.1.2|2588207|crew_log_f2d067066ae031d2|0|1786916601.160|0.999|0.031|28315111424|38019076096|sim_data_501796ab98789225|__AUTOMETRIC__
__AUTOMETRIC__|0.1.2|2588207|crew_log_f2d067066ae031d2|0|1786916602.161|1.997|0.062|28315111424|38019076096|sim_data_501796ab98789225|__AUTOMETRIC__
__AUTOMETRIC__|0.1.2|2588207|crew_log_f2d067066ae031d2|0|1786916603.163|65.908|2.060|28315111424|38019076096|sim_data_501796ab98789225|__AUTOMETRIC__
__AUTOMETRIC__|0.1.2|2588207|crew_log_f2d067066ae031d2|0|1786916604.164|99.859|3.121|28315111424|38019076096|sim_data_501796ab98789225|__AUTOMETRIC__
__AUTOMETRIC__|0.1.2|2588207|crew_log_f2d067066ae031d2|0|1786916605.166|98.859|3.089|28315111424|38019076096|sim_data_501796ab98789225|__AUTOMETRIC__
__AUTOMETRIC__|0.1.2|2588207|crew_log_f2d067066ae031d2|0|1786916606.167|439.407|13.731|28315111424|38019076096|sim_data_501796ab98789225|__AUTOMETRIC__
__AUTOMETRIC__|0.1.2|2588207|crew_log_f2d067066ae031d2|0|1786916607.169|363.409|11.357|28315111424|38019076096|sim_data_501796ab98789225|__AUTOMETRIC__
__AUTOMETRIC__|0.1.2|2588207|crew_log_f2d067066ae031d2|0|1786916608.170|131.813|4.119|28315111424|38019076096|sim_data_501796ab98789225|__AUTOMETRIC__
__AUTOMETRIC__|0.1.2|2588207|crew_log_f2d067066ae031d2|0|1786916609.171|98.868|3.090|28315111424|38019076096|sim_data_501796ab98789225|__AUTOMETRIC__
__AUTOMETRIC__|0.1.2|2588207|crew_log_f2d067066ae031d2|0|1786916610.332|71.508|2.235|28315111424|38019076096|sim_data_501796ab98789225|__AUTOMETRIC__
__AUTOMETRIC__|0.1.2|2588207|crew_log_f2d067066ae031d2|0|1786916611.334|28.960|0.905|28315111424|38019076096|sim_data_501796ab98789225|__AUTOMETRIC__
__AUTOMETRIC__|0.1.2|2588207|crew_log_f2d067066ae031d2|0|1786916612.335|1.997|0.062|28315111424|38019076096|sim_data_501796ab98789225|__AUTOMETRIC__
__AUTOMETRIC__|0.1.2|2588207|crew_log_f2d067066ae031d2|0|1786916613.336|0.999|0.031|28315111424|38019076096|sim_data_501796ab98789225|__AUTOMETRIC__
__AUTOMETRIC__|0.1.2|2588207|crew_log_f2d067066ae031d2|0|1786916614.515|22.911|0.716|28315111424|38019076096|sim_data_501796ab98789225|__AUTOMETRIC__
__AUTOMETRIC__|0.1.2|2588207|crew_log_f2d067066ae031d2|0|1786916615.516|0.999|0.031|28315111424|38019076096|sim_data_501796ab98789225|__AUTOMETRIC__
__AUTOMETRIC__|0.1.2|2588207|crew_log_f2d067066ae031d2|0|1786916616.518|1.997|0.062|28315111424|38019076096|sim_data_501796ab98789225|__AUTOMETRIC__
__AUTOMETRIC__|0.1.2|2588207|crew_log_f2d067066ae031d2|0|1786916617.520|0.998|0.031|28315111424|38019076096|sim_data_501796ab98789225|__AUTOMETRIC__
__AUTOMETRIC__|0.1.2|2588207|crew_log_f2d067066ae031d2|0|1786916618.521|27.962|0.874|28315111424|38019076096|sim_data_501796ab98789225|__AUTOMETRIC__
__AUTOMETRIC__|0.1.2|2588207|crew_log_f2d067066ae031d2|0|1786916619.522|1.997|0.062|28315111424|38019076096|sim_data_501796ab98789225|__AUTOMETRIC__
__AUTOMETRIC__|0.1.2|2588207|crew_log_f2d067066ae031d2|0|1786916620.524|0.998|0.031|28315111424|38019076096|sim_data_501796ab98789225|__AUTOMETRIC__
__AUTOMETRIC__|0.1.2|2588207|crew_log_f2d067066ae031d2|0|1786916621.526|26.959|0.842|28315111424|38019076096|sim_data_501796ab98789225|__AUTOMETRIC__
__AUTOMETRIC__|0.1.2|2588207|crew_log_f2d067066ae031d2|0|1786916622.527|2.996|0.094|28315111424|38019076096|sim_data_501796ab98789225|__AUTOMETRIC__
__AUTOMETRIC__|0.1.2|2588207|crew_log_f2d067066ae031d2|0|1786916623.529|0.999|0.031|28315111424|38019076096|sim_data_501796ab98789225|__AUTOMETRIC__
__AUTOMETRIC__|0.1.2|2588207|crew_log_f2d067066ae031d2|0|1786916624.530|0.999|0.031|28315111424|38019076096|sim_data_501796ab98789225|__AUTOMETRIC__
__AUTOMETRIC__|0.1.2|2588207|crew_log_f2d067066ae031d2|0|1786916625.532|63.884|1.996|28315111424|38019076096|sim_data_501796ab98789225|__AUTOMETRIC__
__AUTOMETRIC__|0.1.2|2588207|crew_log_f2d067066ae031d2|0|1786916626.533|99.877|3.121|28315111424|38019076096|sim_data_501796ab98789225|__AUTOMETRIC__
__AUTOMETRIC__|0.1.2|2588207|crew_log_f2d067066ae031d2|0|1786916627.534|98.865|3.090|28315111424|38019076096|sim_data_501796ab98789225|__AUTOMETRIC__
__AUTOMETRIC__|0.1.2|2588207|crew_log_f2d067066ae031d2|0|1786916628.536|368.501|11.516|28315111424|38019076096|sim_data_501796ab98789225|__AUTOMETRIC__
__AUTOMETRIC__|0.1.2|2588207|crew_log_f2d067066ae031d2|0|1786916629.537|366.475|11.452|28315111424|38019076096|sim_data_501796ab98789225|__AUTOMETRIC__
__AUTOMETRIC__|0.1.2|2588207|crew_log_f2d067066ae031d2|0|1786916630.539|130.734|4.085|28315111424|38019076096|sim_data_501796ab98789225|__AUTOMETRIC__
__AUTOMETRIC__|0.1.2|2588207|crew_log_f2d067066ae031d2|0|1786916631.773|99.727|3.116|28315111424|38019076096|sim_data_501796ab98789225|__AUTOMETRIC__
__AUTOMETRIC__|0.1.2|2588207|crew_log_f2d067066ae031d2|0|1786916633.014|44.295|1.384|28315111424|38019076096|sim_data_501796ab98789225|__AUTOMETRIC__
__AUTOMETRIC__|0.1.2|2588207|crew_log_f2d067066ae031d2|0|1786916634.016|1.997|0.062|28315111424|38019076096|sim_data_501796ab98789225|__AUTOMETRIC__
__AUTOMETRIC__|0.1.2|2588207|crew_log_f2d067066ae031d2|0|1786916635.017|0.999|0.031|28315111424|38019076096|sim_data_501796ab98789225|__AUTOMETRIC__
__AUTOMETRIC__|0.1.2|2588207|crew_log_f2d067066ae031d2|0|1786916636.019|0.998|0.031|28315111424|38019076096|sim_data_501796ab98789225|__AUTOMETRIC__
__AUTOMETRIC__|0.1.2|2588207|crew_log_f2d067066ae031d2|0|1786916637.020|26.955|0.842|28315111424|38019076096|sim_data_501796ab98789225|__AUTOMETRIC__
__AUTOMETRIC__|0.1.2|2588207|crew_log_f2d067066ae031d2|0|1786916638.022|1.997|0.062|28315111424|38019076096|sim_data_501796ab98789225|__AUTOMETRIC__
__AUTOMETRIC__|0.1.2|2588207|crew_log_f2d067066ae031d2|0|1786916639.023|0.999|0.031|28315111424|38019076096|sim_data_501796ab98789225|__AUTOMETRIC__
__AUTOMETRIC__|0.1.2|2588207|crew_log_f2d067066ae031d2|0|1786916640.093|25.240|0.789|28315111424|38019076096|sim_data_501796ab98789225|__AUTOMETRIC__
__AUTOMETRIC__|0.1.2|2588207|crew_log_f2d067066ae031d2|0|1786916641.095|1.995|0.062|28315111424|38019076096|sim_data_501796ab98789225|__AUTOMETRIC__
__AUTOMETRIC__|0.1.2|2588207|crew_log_f2d067066ae031d2|0|1786916642.097|1.997|0.062|28315111424|38019076096|sim_data_501796ab98789225|__AUTOMETRIC__
__AUTOMETRIC__|0.1.2|2588207|crew_log_f2d067066ae031d2|0|1786916643.098|0.999|0.031|28315111424|38019076096|sim_data_501796ab98789225|__AUTOMETRIC__
__AUTOMETRIC__|0.1.2|2588207|crew_log_f2d067066ae031d2|0|1786916644.100|26.954|0.842|28315111424|38019076096|sim_data_501796ab98789225|__AUTOMETRIC__
__AUTOMETRIC__|0.1.2|2588207|crew_log_f2d067066ae031d2|0|1786916645.101|0.999|0.031|28315111424|38019076096|sim_data_501796ab98789225|__AUTOMETRIC__
__AUTOMETRIC__|0.1.2|2588207|crew_log_f2d067066ae031d2|0|1786916646.103|1.997|0.062|28315111424|38019076096|sim_data_501796ab98789225|__AUTOMETRIC__
__AUTOMETRIC__|0.1.2|2588207|crew_log_f2d067066ae031d2|0|1786916647.104|25.958|0.811|28315111424|38019076096|sim_data_501796ab98789225|__AUTOMETRIC__
__AUTOMETRIC__|0.1.2|2588207|crew_log_f2d067066ae031d2|0|1786916648.106|81.896|2.559|28315111424|38019076096|sim_data_501796ab98789225|__AUTOMETRIC__
__AUTOMETRIC__|0.1.2|2588207|crew_log_f2d067066ae031d2|0|1786916649.107|99.860|3.121|28315111424|38019076096|sim_data_501796ab98789225|__AUTOMETRIC__
__AUTOMETRIC__|0.1.2|2588207|crew_log_f2d067066ae031d2|0|1786916650.108|99.862|3.121|28315111424|38019076096|sim_data_501796ab98789225|__AUTOMETRIC__
__AUTOMETRIC__|0.1.2|2588207|crew_log_f2d067066ae031d2|0|1786916651.110|661.778|20.681|28315111424|38019076096|sim_data_501796ab98789225|__AUTOMETRIC__
__AUTOMETRIC__|0.1.2|2588207|crew_log_f2d067066ae031d2|0|1786916652.112|194.733|6.085|28315111424|38019076096|sim_data_501796ab98789225|__AUTOMETRIC__
__AUTOMETRIC__|0.1.2|2588207|crew_log_f2d067066ae031d2|0|1786916653.113|132.785|4.150|28315111424|38019076096|sim_data_501796ab98789225|__AUTOMETRIC__
__AUTOMETRIC__|0.1.2|2588207|crew_log_f2d067066ae031d2|0|1786916654.115|99.859|3.121|28343685120|38047698944|sim_data_501796ab98789225|__AUTOMETRIC__
__AUTOMETRIC__|0.1.2|2588207|crew_log_f2d067066ae031d2|0|1786916655.334|69.714|2.179|28343685120|38047698944|sim_data_501796ab98789225|__AUTOMETRIC__
__AUTOMETRIC__|0.1.2|2588207|crew_log_f2d067066ae031d2|0|1786916656.335|27.957|0.874|28343685120|38047698944|sim_data_501796ab98789225|__AUTOMETRIC__
__AUTOMETRIC__|0.1.2|2588207|crew_log_f2d067066ae031d2|0|1786916657.337|2.996|0.094|28343685120|38047698944|sim_data_501796ab98789225|__AUTOMETRIC__
__AUTOMETRIC__|0.1.2|2588207|crew_log_f2d067066ae031d2|0|1786916658.338|0.998|0.031|28343685120|38047698944|sim_data_501796ab98789225|__AUTOMETRIC__
__AUTOMETRIC__|0.1.2|2588207|crew_log_f2d067066ae031d2|0|1786916659.340|0.000|0.000|28343685120|38047698944|sim_data_501796ab98789225|__AUTOMETRIC__
__AUTOMETRIC__|0.1.2|2588207|crew_log_f2d067066ae031d2|0|1786916660.341|27.960|0.874|28343685120|38047698944|sim_data_501796ab98789225|__AUTOMETRIC__
__AUTOMETRIC__|0.1.2|2588207|crew_log_f2d067066ae031d2|0|1786916661.343|0.998|0.031|28343685120|38047698944|sim_data_501796ab98789225|__AUTOMETRIC__
__AUTOMETRIC__|0.1.2|2588207|crew_log_f2d067066ae031d2|0|1786916662.344|1.997|0.062|28343685120|38047698944|sim_data_501796ab98789225|__AUTOMETRIC__
__AUTOMETRIC__|0.1.2|2588207|crew_log_f2d067066ae031d2|0|1786916663.346|0.999|0.031|28343685120|38047698944|sim_data_501796ab98789225|__AUTOMETRIC__
__AUTOMETRIC__|0.1.2|2588207|crew_log_f2d067066ae031d2|0|1786916664.347|27.963|0.874|28343685120|38047698944|sim_data_501796ab98789225|__AUTOMETRIC__
__AUTOMETRIC__|0.1.2|2588207|crew_log_f2d067066ae031d2|0|1786916665.349|0.999|0.031|28343685120|38047698944|sim_data_501796ab98789225|__AUTOMETRIC__
__AUTOMETRIC__|0.1.2|2588207|crew_log_f2d067066ae031d2|0|1786916666.350|1.997|0.062|28343685120|38047698944|sim_data_501796ab98789225|__AUTOMETRIC__
__AUTOMETRIC__|0.1.2|2588207|crew_log_f2d067066ae031d2|0|1786916667.352|0.999|0.031|28343685120|38047698944|sim_data_501796ab98789225|__AUTOMETRIC__
__AUTOMETRIC__|0.1.2|2588207|crew_log_f2d067066ae031d2|0|1786916668.353|27.959|0.874|28343685120|38047698944|sim_data_501796ab98789225|__AUTOMETRIC__
__AUTOMETRIC__|0.1.2|2588207|crew_log_f2d067066ae031d2|0|1786916669.354|0.999|0.031|28343685120|38047698944|sim_data_501796ab98789225|__AUTOMETRIC__
__AUTOMETRIC__|0.1.2|2588207|crew_log_f2d067066ae031d2|0|1786916670.356|1.996|0.062|28343685120|38047698944|sim_data_501796ab98789225|__AUTOMETRIC__
__AUTOMETRIC__|0.1.2|2588207|crew_log_f2d067066ae031d2|0|1786916671.359|0.998|0.031|28343685120|38047698944|sim_data_501796ab98789225|__AUTOMETRIC__
__AUTOMETRIC__|0.1.2|2588207|crew_log_f2d067066ae031d2|0|1786916672.360|29.959|0.936|28343685120|38047698944|sim_data_501796ab98789225|__AUTOMETRIC__
__AUTOMETRIC__|0.1.2|2588207|crew_log_f2d067066ae031d2|0|1786916673.361|83.871|2.621|28343685120|38047698944|sim_data_501796ab98789225|__AUTOMETRIC__
__AUTOMETRIC__|0.1.2|2588207|crew_log_f2d067066ae031d2|0|1786916674.363|98.850|3.089|28343685120|38047698944|sim_data_501796ab98789225|__AUTOMETRIC__
__AUTOMETRIC__|0.1.2|2588207|crew_log_f2d067066ae031d2|0|1786916675.364|99.850|3.120|28343685120|38047698944|sim_data_501796ab98789225|__AUTOMETRIC__
__AUTOMETRIC__|0.1.2|2588207|crew_log_f2d067066ae031d2|0|1786916676.366|621.072|19.409|28343685120|38047698944|sim_data_501796ab98789225|__AUTOMETRIC__
__AUTOMETRIC__|0.1.2|2588207|crew_log_f2d067066ae031d2|0|1786916677.367|242.667|7.583|28343685120|38047698944|sim_data_501796ab98789225|__AUTOMETRIC__
__AUTOMETRIC__|0.1.2|2588207|crew_log_f2d067066ae031d2|0|1786916678.369|132.807|4.150|28343685120|38047698944|sim_data_501796ab98789225|__AUTOMETRIC__
__AUTOMETRIC__|0.1.2|2588207|crew_log_f2d067066ae031d2|0|1786916679.522|98.857|3.089|28343685120|38047698944|sim_data_501796ab98789225|__AUTOMETRIC__
__AUTOMETRIC__|0.1.2|2588207|crew_log_f2d067066ae031d2|0|1786916680.786|44.310|1.385|28343685120|38047698944|sim_data_501796ab98789225|__AUTOMETRIC__
__AUTOMETRIC__|0.1.2|2588207|crew_log_f2d067066ae031d2|0|1786916681.788|0.998|0.031|28343685120|38047698944|sim_data_501796ab98789225|__AUTOMETRIC__
__AUTOMETRIC__|0.1.2|2588207|crew_log_f2d067066ae031d2|0|1786916682.789|0.999|0.031|28343685120|38047698944|sim_data_501796ab98789225|__AUTOMETRIC__
__AUTOMETRIC__|0.1.2|2588207|crew_log_f2d067066ae031d2|0|1786916683.791|1.997|0.062|28343685120|38047698944|sim_data_501796ab98789225|__AUTOMETRIC__
__AUTOMETRIC__|0.1.2|2588207|crew_log_f2d067066ae031d2|0|1786916684.792|25.964|0.811|28343685120|38047698944|sim_data_501796ab98789225|__AUTOMETRIC__
__AUTOMETRIC__|0.1.2|2588207|crew_log_f2d067066ae031d2|0|1786916685.793|1.997|0.062|28343685120|38047698944|sim_data_501796ab98789225|__AUTOMETRIC__
__AUTOMETRIC__|0.1.2|2588207|crew_log_f2d067066ae031d2|0|1786916686.795|0.999|0.031|28343685120|38047698944|sim_data_501796ab98789225|__AUTOMETRIC__
__AUTOMETRIC__|0.1.2|2588207|crew_log_f2d067066ae031d2|0|1786916687.971|23.816|0.744|28343685120|38047698944|sim_data_501796ab98789225|__AUTOMETRIC__
__AUTOMETRIC__|0.1.2|2588207|crew_log_f2d067066ae031d2|0|1786916688.972|1.997|0.062|28343685120|38047698944|sim_data_501796ab98789225|__AUTOMETRIC__
__AUTOMETRIC__|0.1.2|2588207|crew_log_f2d067066ae031d2|0|1786916689.973|0.999|0.031|28343685120|38047698944|sim_data_501796ab98789225|__AUTOMETRIC__
__AUTOMETRIC__|0.1.2|2588207|crew_log_f2d067066ae031d2|0|1786916690.975|0.999|0.031|28343685120|38047698944|sim_data_501796ab98789225|__AUTOMETRIC__
__AUTOMETRIC__|0.1.2|2588207|crew_log_f2d067066ae031d2|0|1786916691.976|27.962|0.874|28343685120|38047698944|sim_data_501796ab98789225|__AUTOMETRIC__
__AUTOMETRIC__|0.1.2|2588207|crew_log_f2d067066ae031d2|0|1786916692.978|1.997|0.062|28343685120|38047698944|sim_data_501796ab98789225|__AUTOMETRIC__
__AUTOMETRIC__|0.1.2|2588207|crew_log_f2d067066ae031d2|0|1786916693.979|0.999|0.031|28343685120|38047698944|sim_data_501796ab98789225|__AUTOMETRIC__
__AUTOMETRIC__|0.1.2|2588207|crew_log_f2d067066ae031d2|0|1786916694.981|0.998|0.031|28343685120|38047698944|sim_data_501796ab98789225|__AUTOMETRIC__
__AUTOMETRIC__|0.1.2|2588207|crew_log_f2d067066ae031d2|0|1786916695.982|86.891|2.715|28343685120|38047698944|sim_data_501796ab98789225|__AUTOMETRIC__
__AUTOMETRIC__|0.1.2|2588207|crew_log_f2d067066ae031d2|0|1786916696.984|99.862|3.121|28343685120|38047698944|sim_data_501796ab98789225|__AUTOMETRIC__
__AUTOMETRIC__|0.1.2|2588207|crew_log_f2d067066ae031d2|0|1786916697.985|98.866|3.090|28343685120|38047698944|sim_data_501796ab98789225|__AUTOMETRIC__
__AUTOMETRIC__|0.1.2|2588207|crew_log_f2d067066ae031d2|0|1786916698.987|448.313|14.010|28343685120|38047698944|sim_data_501796ab98789225|__AUTOMETRIC__
__AUTOMETRIC__|0.1.2|2588207|crew_log_f2d067066ae031d2|0|1786916699.988|355.487|11.109|28343685120|38047698944|sim_data_501796ab98789225|__AUTOMETRIC__
__AUTOMETRIC__|0.1.2|2588207|crew_log_f2d067066ae031d2|0|1786916700.989|192.746|6.023|28343685120|38047698944|sim_data_501796ab98789225|__AUTOMETRIC__
__AUTOMETRIC__|0.1.2|2588207|crew_log_f2d067066ae031d2|0|1786916701.991|131.789|4.118|28343685120|38047698944|sim_data_501796ab98789225|__AUTOMETRIC__
__AUTOMETRIC__|0.1.2|2588207|crew_log_f2d067066ae031d2|0|1786916703.249|98.558|3.080|28343685120|38047698944|sim_data_501796ab98789225|__AUTOMETRIC__
__AUTOMETRIC__|0.1.2|2588207|crew_log_f2d067066ae031d2|0|1786916704.251|28.954|0.905|28343685120|38047698944|sim_data_501796ab98789225|__AUTOMETRIC__
__AUTOMETRIC__|0.1.2|2588207|crew_log_f2d067066ae031d2|0|1786916705.252|27.964|0.874|28343685120|38047698944|sim_data_501796ab98789225|__AUTOMETRIC__
__AUTOMETRIC__|0.1.2|2588207|crew_log_f2d067066ae031d2|0|1786916706.253|0.999|0.031|28343685120|38047698944|sim_data_501796ab98789225|__AUTOMETRIC__
__AUTOMETRIC__|0.1.2|2588207|crew_log_f2d067066ae031d2|0|1786916707.255|0.998|0.031|28343685120|38047698944|sim_data_501796ab98789225|__AUTOMETRIC__
__AUTOMETRIC__|0.1.2|2588207|crew_log_f2d067066ae031d2|0|1786916708.257|27.958|0.874|28343685120|38047698944|sim_data_501796ab98789225|__AUTOMETRIC__
__AUTOMETRIC__|0.1.2|2588207|crew_log_f2d067066ae031d2|0|1786916709.258|0.998|0.031|28343685120|38047698944|sim_data_501796ab98789225|__AUTOMETRIC__
__AUTOMETRIC__|0.1.2|2588207|crew_log_f2d067066ae031d2|0|1786916710.260|0.999|0.031|28343685120|38047698944|sim_data_501796ab98789225|__AUTOMETRIC__
__AUTOMETRIC__|0.1.2|2588207|crew_log_f2d067066ae031d2|0|1786916711.261|1.997|0.062|28343685120|38047698944|sim_data_501796ab98789225|__AUTOMETRIC__
__AUTOMETRIC__|0.1.2|2588207|crew_log_f2d067066ae031d2|0|1786916712.263|28.954|0.905|28343685120|38047698944|sim_data_501796ab98789225|__AUTOMETRIC__
__AUTOMETRIC__|0.1.2|2588207|crew_log_f2d067066ae031d2|0|1786916713.264|0.998|0.031|28343685120|38047698944|sim_data_501796ab98789225|__AUTOMETRIC__
__AUTOMETRIC__|0.1.2|2588207|crew_log_f2d067066ae031d2|0|1786916714.266|0.998|0.031|28343685120|38047698944|sim_data_501796ab98789225|__AUTOMETRIC__
__AUTOMETRIC__|0.1.2|2588207|crew_log_f2d067066ae031d2|0|1786916715.268|27.960|0.874|28343685120|38047698944|sim_data_501796ab98789225|__AUTOMETRIC__
__AUTOMETRIC__|0.1.2|2588207|crew_log_f2d067066ae031d2|0|1786916716.269|0.998|0.031|28343685120|38047698944|sim_data_501796ab98789225|__AUTOMETRIC__
__AUTOMETRIC__|0.1.2|2588207|crew_log_f2d067066ae031d2|0|1786916717.271|0.998|0.031|28343685120|38047698944|sim_data_501796ab98789225|__AUTOMETRIC__
__AUTOMETRIC__|0.1.2|2588207|crew_log_f2d067066ae031d2|0|1786916718.273|1.997|0.062|28343685120|38047698944|sim_data_501796ab98789225|__AUTOMETRIC__
__AUTOMETRIC__|0.1.2|2588207|crew_log_f2d067066ae031d2|0|1786916719.274|52.933|1.654|28343685120|38047698944|sim_data_501796ab98789225|__AUTOMETRIC__
__AUTOMETRIC__|0.1.2|2588207|crew_log_f2d067066ae031d2|0|1786916720.276|98.833|3.089|28349865984|38053834752|sim_data_501796ab98789225|__AUTOMETRIC__
__AUTOMETRIC__|0.1.2|2588207|crew_log_f2d067066ae031d2|0|1786916721.277|100.861|3.152|28349865984|38053834752|sim_data_501796ab98789225|__AUTOMETRIC__
__AUTOMETRIC__|0.1.2|2588207|crew_log_f2d067066ae031d2|0|1786916722.278|98.880|3.090|28349865984|38053834752|sim_data_501796ab98789225|__AUTOMETRIC__
__AUTOMETRIC__|0.1.2|2588207|crew_log_f2d067066ae031d2|0|1786916723.279|378.535|11.829|28349865984|38053834752|sim_data_501796ab98789225|__AUTOMETRIC__
__AUTOMETRIC__|0.1.2|2588207|crew_log_f2d067066ae031d2|0|1786916724.281|490.243|15.320|28349865984|38053834752|sim_data_501796ab98789225|__AUTOMETRIC__
__AUTOMETRIC__|0.1.2|2588207|crew_log_f2d067066ae031d2|0|1786916725.282|411.491|12.859|28349865984|38053834752|sim_data_501796ab98789225|__AUTOMETRIC__
__AUTOMETRIC__|0.1.2|2588207|crew_log_f2d067066ae031d2|0|1786916726.284|98.844|3.089|28349865984|38053834752|sim_data_501796ab98789225|__AUTOMETRIC__
__AUTOMETRIC__|0.1.2|2588207|crew_log_f2d067066ae031d2|0|1786916727.285|131.815|4.119|28349865984|38053834752|sim_data_501796ab98789225|__AUTOMETRIC__
__AUTOMETRIC__|0.1.2|2588207|crew_log_f2d067066ae031d2|0|1786916728.510|71.026|2.220|28349865984|38053834752|sim_data_501796ab98789225|__AUTOMETRIC__
__AUTOMETRIC__|0.1.2|2588207|crew_log_f2d067066ae031d2|0|1786916729.511|27.960|0.874|28349865984|38053834752|sim_data_501796ab98789225|__AUTOMETRIC__
__AUTOMETRIC__|0.1.2|2588207|crew_log_f2d067066ae031d2|0|1786916730.513|1.998|0.062|28349865984|38053834752|sim_data_501796ab98789225|__AUTOMETRIC__
__AUTOMETRIC__|0.1.2|2588207|crew_log_f2d067066ae031d2|0|1786916731.514|0.999|0.031|28349865984|38053834752|sim_data_501796ab98789225|__AUTOMETRIC__
__AUTOMETRIC__|0.1.2|2588207|crew_log_f2d067066ae031d2|0|1786916732.515|0.999|0.031|28349865984|38053834752|sim_data_501796ab98789225|__AUTOMETRIC__
__AUTOMETRIC__|0.1.2|2588207|crew_log_f2d067066ae031d2|0|1786916733.517|26.963|0.843|28349865984|38053834752|sim_data_501796ab98789225|__AUTOMETRIC__
__AUTOMETRIC__|0.1.2|2588207|crew_log_f2d067066ae031d2|0|1786916734.518|1.997|0.062|28349865984|38053834752|sim_data_501796ab98789225|__AUTOMETRIC__
__AUTOMETRIC__|0.1.2|2588207|crew_log_f2d067066ae031d2|0|1786916735.520|0.998|0.031|28349865984|38053834752|sim_data_501796ab98789225|__AUTOMETRIC__
__AUTOMETRIC__|0.1.2|2588207|crew_log_f2d067066ae031d2|0|1786916736.521|1.997|0.062|28349865984|38053834752|sim_data_501796ab98789225|__AUTOMETRIC__
__AUTOMETRIC__|0.1.2|2588207|crew_log_f2d067066ae031d2|0|1786916737.523|0.999|0.031|28349865984|38053834752|sim_data_501796ab98789225|__AUTOMETRIC__
__AUTOMETRIC__|0.1.2|2588207|crew_log_f2d067066ae031d2|0|1786916738.524|26.962|0.843|28349865984|38053834752|sim_data_501796ab98789225|__AUTOMETRIC__
__AUTOMETRIC__|0.1.2|2588207|crew_log_f2d067066ae031d2|0|1786916739.526|1.997|0.062|28349865984|38053834752|sim_data_501796ab98789225|__AUTOMETRIC__
__AUTOMETRIC__|0.1.2|2588207|crew_log_f2d067066ae031d2|0|1786916740.527|0.999|0.031|28349865984|38053834752|sim_data_501796ab98789225|__AUTOMETRIC__
__AUTOMETRIC__|0.1.2|2588207|crew_log_f2d067066ae031d2|0|1786916741.529|0.998|0.031|28349865984|38053834752|sim_data_501796ab98789225|__AUTOMETRIC__
__AUTOMETRIC__|0.1.2|2588207|crew_log_f2d067066ae031d2|0|1786916742.531|0.997|0.031|28349865984|38053834752|sim_data_501796ab98789225|__AUTOMETRIC__
__AUTOMETRIC__|0.1.2|2588207|crew_log_f2d067066ae031d2|0|1786916743.726|23.432|0.732|28349865984|38053834752|sim_data_501796ab98789225|__AUTOMETRIC__
__AUTOMETRIC__|0.1.2|2588207|crew_log_f2d067066ae031d2|0|1786916744.728|1.997|0.062|28349865984|38053834752|sim_data_501796ab98789225|__AUTOMETRIC__
__AUTOMETRIC__|0.1.2|2588207|crew_log_f2d067066ae031d2|0|1786916745.729|0.999|0.031|28349865984|38053834752|sim_data_501796ab98789225|__AUTOMETRIC__
__AUTOMETRIC__|0.1.2|2588207|crew_log_f2d067066ae031d2|0|1786916746.731|0.998|0.031|28349865984|38053834752|sim_data_501796ab98789225|__AUTOMETRIC__
__AUTOMETRIC__|0.1.2|2588207|crew_log_f2d067066ae031d2|0|1786916747.732|1.997|0.062|28349865984|38053834752|sim_data_501796ab98789225|__AUTOMETRIC__
__AUTOMETRIC__|0.1.2|2588207|crew_log_f2d067066ae031d2|0|1786916748.734|0.998|0.031|28349865984|38053834752|sim_data_501796ab98789225|__AUTOMETRIC__
__AUTOMETRIC__|0.1.2|2588207|crew_log_f2d067066ae031d2|0|1786916749.735|17.977|0.562|28349865984|38053834752|sim_data_501796ab98789225|__AUTOMETRIC__
__AUTOMETRIC__|0.1.2|2588207|crew_log_f2d067066ae031d2|0|1786916750.736|90.894|2.840|28349865984|38053834752|sim_data_501796ab98789225|__AUTOMETRIC__
__AUTOMETRIC__|0.1.2|2588207|crew_log_f2d067066ae031d2|0|1786916751.738|99.849|3.120|28349865984|38053834752|sim_data_501796ab98789225|__AUTOMETRIC__
__AUTOMETRIC__|0.1.2|2588207|crew_log_f2d067066ae031d2|0|1786916752.739|99.867|3.121|28349865984|38053834752|sim_data_501796ab98789225|__AUTOMETRIC__
__AUTOMETRIC__|0.1.2|2588207|crew_log_f2d067066ae031d2|0|1786916753.740|576.094|18.003|28349865984|38053834752|sim_data_501796ab98789225|__AUTOMETRIC__
__AUTOMETRIC__|0.1.2|2588207|crew_log_f2d067066ae031d2|0|1786916754.742|210.720|6.585|28349865984|38053834752|sim_data_501796ab98789225|__AUTOMETRIC__
__AUTOMETRIC__|0.1.2|2588207|crew_log_f2d067066ae031d2|0|1786916755.743|131.824|4.119|28349865984|38053834752|sim_data_501796ab98789225|__AUTOMETRIC__
__AUTOMETRIC__|0.1.2|2588207|crew_log_f2d067066ae031d2|0|1786916756.745|94.863|2.964|28349865984|38053834752|sim_data_501796ab98789225|__AUTOMETRIC__
__AUTOMETRIC__|0.1.2|2588207|crew_log_f2d067066ae031d2|0|1786916757.950|46.445|1.451|28349865984|38053834752|sim_data_501796ab98789225|__AUTOMETRIC__
__AUTOMETRIC__|0.1.2|2588207|crew_log_f2d067066ae031d2|0|1786916758.952|1.997|0.062|28349865984|38053834752|sim_data_501796ab98789225|__AUTOMETRIC__
__AUTOMETRIC__|0.1.2|2588207|crew_log_f2d067066ae031d2|0|1786916759.953|0.999|0.031|28349865984|38053834752|sim_data_501796ab98789225|__AUTOMETRIC__
__AUTOMETRIC__|0.1.2|2588207|crew_log_f2d067066ae031d2|0|1786916760.954|0.000|0.000|28349865984|38053834752|sim_data_501796ab98789225|__AUTOMETRIC__
__AUTOMETRIC__|0.1.2|2588207|crew_log_f2d067066ae031d2|0|1786916761.956|26.962|0.843|28349865984|38053834752|sim_data_501796ab98789225|__AUTOMETRIC__
__AUTOMETRIC__|0.1.2|2588207|crew_log_f2d067066ae031d2|0|1786916762.957|1.997|0.062|28349865984|38053834752|sim_data_501796ab98789225|__AUTOMETRIC__
__AUTOMETRIC__|0.1.2|2588207|crew_log_f2d067066ae031d2|0|1786916763.959|0.999|0.031|28349865984|38053834752|sim_data_501796ab98789225|__AUTOMETRIC__
__AUTOMETRIC__|0.1.2|2588207|crew_log_f2d067066ae031d2|0|1786916764.961|1.996|0.062|28349865984|38053834752|sim_data_501796ab98789225|__AUTOMETRIC__
__AUTOMETRIC__|0.1.2|2588207|crew_log_f2d067066ae031d2|0|1786916765.962|26.964|0.843|28349865984|38053834752|sim_data_501796ab98789225|__AUTOMETRIC__
__AUTOMETRIC__|0.1.2|2588207|crew_log_f2d067066ae031d2|0|1786916766.964|0.998|0.031|28349865984|38053834752|sim_data_501796ab98789225|__AUTOMETRIC__
__AUTOMETRIC__|0.1.2|2588207|crew_log_f2d067066ae031d2|0|1786916767.965|0.998|0.031|28349865984|38053834752|sim_data_501796ab98789225|__AUTOMETRIC__
__AUTOMETRIC__|0.1.2|2588207|crew_log_f2d067066ae031d2|0|1786916769.084|25.932|0.810|28349865984|38053834752|sim_data_501796ab98789225|__AUTOMETRIC__
__AUTOMETRIC__|0.1.2|2588207|crew_log_f2d067066ae031d2|0|1786916770.085|0.999|0.031|28349865984|38053834752|sim_data_501796ab98789225|__AUTOMETRIC__
__AUTOMETRIC__|0.1.2|2588207|crew_log_f2d067066ae031d2|0|1786916771.087|0.998|0.031|28349865984|38053834752|sim_data_501796ab98789225|__AUTOMETRIC__
__AUTOMETRIC__|0.1.2|2588207|crew_log_f2d067066ae031d2|0|1786916772.088|1.997|0.062|28349865984|38053834752|sim_data_501796ab98789225|__AUTOMETRIC__
__AUTOMETRIC__|0.1.2|2588207|crew_log_f2d067066ae031d2|0|1786916773.089|44.941|1.404|28349865984|38055587840|sim_data_501796ab98789225|__AUTOMETRIC__
__AUTOMETRIC__|0.1.2|2588207|crew_log_f2d067066ae031d2|0|1786916774.091|97.873|3.059|28349865984|38053834752|sim_data_501796ab98789225|__AUTOMETRIC__
__AUTOMETRIC__|0.1.2|2588207|crew_log_f2d067066ae031d2|0|1786916775.092|98.857|3.089|28349865984|38053834752|sim_data_501796ab98789225|__AUTOMETRIC__
__AUTOMETRIC__|0.1.2|2588207|crew_log_f2d067066ae031d2|0|1786916776.093|100.873|3.152|28349865984|38053834752|sim_data_501796ab98789225|__AUTOMETRIC__
__AUTOMETRIC__|0.1.2|2588207|crew_log_f2d067066ae031d2|0|1786916777.095|581.249|18.164|28349865984|38053834752|sim_data_501796ab98789225|__AUTOMETRIC__
__AUTOMETRIC__|0.1.2|2588207|crew_log_f2d067066ae031d2|0|1786916778.096|181.725|5.679|28349865984|38053834752|sim_data_501796ab98789225|__AUTOMETRIC__
__AUTOMETRIC__|0.1.2|2588207|crew_log_f2d067066ae031d2|0|1786916779.098|131.812|4.119|28349865984|38053834752|sim_data_501796ab98789225|__AUTOMETRIC__
__AUTOMETRIC__|0.1.2|2588207|crew_log_f2d067066ae031d2|0|1786916780.099|78.883|2.465|28349865984|38053834752|sim_data_501796ab98789225|__AUTOMETRIC__
__AUTOMETRIC__|0.1.2|2588207|crew_log_f2d067066ae031d2|0|1786916781.137|52.982|1.656|28349865984|38053834752|sim_data_501796ab98789225|__AUTOMETRIC__
__AUTOMETRIC__|0.1.2|2588207|crew_log_f2d067066ae031d2|0|1786916782.138|1.997|0.062|28349865984|38053834752|sim_data_501796ab98789225|__AUTOMETRIC__
__AUTOMETRIC__|0.1.2|2588207|crew_log_f2d067066ae031d2|0|1786916783.140|0.999|0.031|28349865984|38053834752|sim_data_501796ab98789225|__AUTOMETRIC__
__AUTOMETRIC__|0.1.2|2588207|crew_log_f2d067066ae031d2|0|1786916784.141|0.998|0.031|28349865984|38053834752|sim_data_501796ab98789225|__AUTOMETRIC__
__AUTOMETRIC__|0.1.2|2588207|crew_log_f2d067066ae031d2|0|1786916785.383|21.738|0.679|28349865984|38053834752|sim_data_501796ab98789225|__AUTOMETRIC__
__AUTOMETRIC__|0.1.2|2588207|crew_log_f2d067066ae031d2|0|1786916786.385|0.999|0.031|28349865984|38053834752|sim_data_501796ab98789225|__AUTOMETRIC__
__AUTOMETRIC__|0.1.2|2588207|crew_log_f2d067066ae031d2|0|1786916787.386|1.997|0.062|28349865984|38053834752|sim_data_501796ab98789225|__AUTOMETRIC__
__AUTOMETRIC__|0.1.2|2588207|crew_log_f2d067066ae031d2|0|1786916788.387|0.999|0.031|28349865984|38053834752|sim_data_501796ab98789225|__AUTOMETRIC__
__AUTOMETRIC__|0.1.2|2588207|crew_log_f2d067066ae031d2|0|1786916789.389|26.964|0.843|28349865984|38053834752|sim_data_501796ab98789225|__AUTOMETRIC__
__AUTOMETRIC__|0.1.2|2588207|crew_log_f2d067066ae031d2|0|1786916790.390|1.997|0.062|28349865984|38053834752|sim_data_501796ab98789225|__AUTOMETRIC__
__AUTOMETRIC__|0.1.2|2588207|crew_log_f2d067066ae031d2|0|1786916791.392|0.998|0.031|28349865984|38053834752|sim_data_501796ab98789225|__AUTOMETRIC__
__AUTOMETRIC__|0.1.2|2588207|crew_log_f2d067066ae031d2|0|1786916792.393|0.999|0.031|28349865984|38053834752|sim_data_501796ab98789225|__AUTOMETRIC__
__AUTOMETRIC__|0.1.2|2588207|crew_log_f2d067066ae031d2|0|1786916793.395|27.955|0.874|28349865984|38053834752|sim_data_501796ab98789225|__AUTOMETRIC__
__AUTOMETRIC__|0.1.2|2588207|crew_log_f2d067066ae031d2|0|1786916794.397|1.997|0.062|28349865984|38053834752|sim_data_501796ab98789225|__AUTOMETRIC__
__AUTOMETRIC__|0.1.2|2588207|crew_log_f2d067066ae031d2|0|1786916795.398|0.998|0.031|28349865984|38053834752|sim_data_501796ab98789225|__AUTOMETRIC__
__AUTOMETRIC__|0.1.2|2588207|crew_log_f2d067066ae031d2|0|1786916796.400|1.997|0.062|28349865984|38053834752|sim_data_501796ab98789225|__AUTOMETRIC__
__AUTOMETRIC__|0.1.2|2588207|crew_log_f2d067066ae031d2|0|1786916797.401|48.929|1.529|28350652416|38055600128|sim_data_501796ab98789225|__AUTOMETRIC__
__AUTOMETRIC__|0.1.2|2588207|crew_log_f2d067066ae031d2|0|1786916798.403|99.845|3.120|28364959744|38069100544|sim_data_501796ab98789225|__AUTOMETRIC__
__AUTOMETRIC__|0.1.2|2588207|crew_log_f2d067066ae031d2|0|1786916799.404|98.856|3.089|28364959744|38069100544|sim_data_501796ab98789225|__AUTOMETRIC__
__AUTOMETRIC__|0.1.2|2588207|crew_log_f2d067066ae031d2|0|1786916800.406|319.503|9.984|28364959744|38069100544|sim_data_501796ab98789225|__AUTOMETRIC__
__AUTOMETRIC__|0.1.2|2588207|crew_log_f2d067066ae031d2|0|1786916801.408|538.963|16.843|28364959744|38069100544|sim_data_501796ab98789225|__AUTOMETRIC__
__AUTOMETRIC__|0.1.2|2588207|crew_log_f2d067066ae031d2|0|1786916802.409|100.834|3.151|28380164096|38084128768|sim_data_501796ab98789225|__AUTOMETRIC__
__AUTOMETRIC__|0.1.2|2588207|crew_log_f2d067066ae031d2|0|1786916803.411|131.793|4.119|28380164096|38084128768|sim_data_501796ab98789225|__AUTOMETRIC__
__AUTOMETRIC__|0.1.2|2588207|crew_log_f2d067066ae031d2|0|1786916804.412|84.873|2.652|28380164096|38084128768|sim_data_501796ab98789225|__AUTOMETRIC__
__AUTOMETRIC__|0.1.2|2588207|crew_log_f2d067066ae031d2|0|1786916805.517|49.784|1.556|28380164096|38084128768|sim_data_501796ab98789225|__AUTOMETRIC__
__AUTOMETRIC__|0.1.2|2588207|crew_log_f2d067066ae031d2|0|1786916806.519|0.998|0.031|28380164096|38084128768|sim_data_501796ab98789225|__AUTOMETRIC__
__AUTOMETRIC__|0.1.2|2588207|crew_log_f2d067066ae031d2|0|1786916807.520|0.998|0.031|28380164096|38084128768|sim_data_501796ab98789225|__AUTOMETRIC__
__AUTOMETRIC__|0.1.2|2588207|crew_log_f2d067066ae031d2|0|1786916808.522|1.997|0.062|28380164096|38084128768|sim_data_501796ab98789225|__AUTOMETRIC__
__AUTOMETRIC__|0.1.2|2588207|crew_log_f2d067066ae031d2|0|1786916809.524|0.998|0.031|28380164096|38084128768|sim_data_501796ab98789225|__AUTOMETRIC__
__AUTOMETRIC__|0.1.2|2588207|crew_log_f2d067066ae031d2|0|1786916810.525|26.957|0.842|28380164096|38084128768|sim_data_501796ab98789225|__AUTOMETRIC__
__AUTOMETRIC__|0.1.2|2588207|crew_log_f2d067066ae031d2|0|1786916811.527|1.997|0.062|28380164096|38084128768|sim_data_501796ab98789225|__AUTOMETRIC__
__AUTOMETRIC__|0.1.2|2588207|crew_log_f2d067066ae031d2|0|1786916812.528|1.997|0.062|28380164096|38084128768|sim_data_501796ab98789225|__AUTOMETRIC__
__AUTOMETRIC__|0.1.2|2588207|crew_log_f2d067066ae031d2|0|1786916813.530|0.998|0.031|28380164096|38084128768|sim_data_501796ab98789225|__AUTOMETRIC__
__AUTOMETRIC__|0.1.2|2588207|crew_log_f2d067066ae031d2|0|1786916814.531|26.965|0.843|28380164096|38084128768|sim_data_501796ab98789225|__AUTOMETRIC__
__AUTOMETRIC__|0.1.2|2588207|crew_log_f2d067066ae031d2|0|1786916815.533|0.999|0.031|28380164096|38084128768|sim_data_501796ab98789225|__AUTOMETRIC__
__AUTOMETRIC__|0.1.2|2588207|crew_log_f2d067066ae031d2|0|1786916816.534|0.999|0.031|28380164096|38084128768|sim_data_501796ab98789225|__AUTOMETRIC__
__AUTOMETRIC__|0.1.2|2588207|crew_log_f2d067066ae031d2|0|1786916817.535|1.998|0.062|28380164096|38084128768|sim_data_501796ab98789225|__AUTOMETRIC__
__AUTOMETRIC__|0.1.2|2588207|crew_log_f2d067066ae031d2|0|1786916818.584|26.713|0.835|28380164096|38084128768|sim_data_501796ab98789225|__AUTOMETRIC__
__AUTOMETRIC__|0.1.2|2588207|crew_log_f2d067066ae031d2|0|1786916819.585|1.997|0.062|28380164096|38084128768|sim_data_501796ab98789225|__AUTOMETRIC__
__AUTOMETRIC__|0.1.2|2588207|crew_log_f2d067066ae031d2|0|1786916820.586|0.998|0.031|28380164096|38084128768|sim_data_501796ab98789225|__AUTOMETRIC__
__AUTOMETRIC__|0.1.2|2588207|crew_log_f2d067066ae031d2|0|1786916821.588|0.999|0.031|28380164096|38084128768|sim_data_501796ab98789225|__AUTOMETRIC__
__AUTOMETRIC__|0.1.2|2588207|crew_log_f2d067066ae031d2|0|1786916822.589|27.963|0.874|28380164096|38084128768|sim_data_501796ab98789225|__AUTOMETRIC__
__AUTOMETRIC__|0.1.2|2588207|crew_log_f2d067066ae031d2|0|1786916823.591|92.837|2.901|28380164096|38084128768|sim_data_501796ab98789225|__AUTOMETRIC__
__AUTOMETRIC__|0.1.2|2588207|crew_log_f2d067066ae031d2|0|1786916824.593|99.822|3.119|28380164096|38084128768|sim_data_501796ab98789225|__AUTOMETRIC__
__AUTOMETRIC__|0.1.2|2588207|crew_log_f2d067066ae031d2|0|1786916825.594|156.800|4.900|28380164096|38084128768|sim_data_501796ab98789225|__AUTOMETRIC__
__AUTOMETRIC__|0.1.2|2588207|crew_log_f2d067066ae031d2|0|1786916826.595|704.084|22.003|28380164096|38084128768|sim_data_501796ab98789225|__AUTOMETRIC__
__AUTOMETRIC__|0.1.2|2588207|crew_log_f2d067066ae031d2|0|1786916827.597|162.716|5.085|28380164096|38084128768|sim_data_501796ab98789225|__AUTOMETRIC__
__AUTOMETRIC__|0.1.2|2588207|crew_log_f2d067066ae031d2|0|1786916828.598|131.799|4.119|28380164096|38084128768|sim_data_501796ab98789225|__AUTOMETRIC__
__AUTOMETRIC__|0.1.2|2588207|crew_log_f2d067066ae031d2|0|1786916829.600|80.890|2.528|28380164096|38084128768|sim_data_501796ab98789225|__AUTOMETRIC__
__AUTOMETRIC__|0.1.2|2588207|crew_log_f2d067066ae031d2|0|1786916830.661|52.754|1.649|28380164096|38084128768|sim_data_501796ab98789225|__AUTOMETRIC__
__AUTOMETRIC__|0.1.2|2588207|crew_log_f2d067066ae031d2|0|1786916831.663|1.997|0.062|28380164096|38084128768|sim_data_501796ab98789225|__AUTOMETRIC__
__AUTOMETRIC__|0.1.2|2588207|crew_log_f2d067066ae031d2|0|1786916832.665|0.998|0.031|28380164096|38084128768|sim_data_501796ab98789225|__AUTOMETRIC__
__AUTOMETRIC__|0.1.2|2588207|crew_log_f2d067066ae031d2|0|1786916833.669|0.996|0.031|28380164096|38084128768|sim_data_501796ab98789225|__AUTOMETRIC__
__AUTOMETRIC__|0.1.2|2588207|crew_log_f2d067066ae031d2|0|1786916834.670|26.964|0.843|28380164096|38084128768|sim_data_501796ab98789225|__AUTOMETRIC__
__AUTOMETRIC__|0.1.2|2588207|crew_log_f2d067066ae031d2|0|1786916835.671|1.997|0.062|28380164096|38084128768|sim_data_501796ab98789225|__AUTOMETRIC__
__AUTOMETRIC__|0.1.2|2588207|crew_log_f2d067066ae031d2|0|1786916836.673|0.999|0.031|28380164096|38084128768|sim_data_501796ab98789225|__AUTOMETRIC__
__AUTOMETRIC__|0.1.2|2588207|crew_log_f2d067066ae031d2|0|1786916837.746|25.160|0.786|28380164096|38084128768|sim_data_501796ab98789225|__AUTOMETRIC__
__AUTOMETRIC__|0.1.2|2588207|crew_log_f2d067066ae031d2|0|1786916838.748|1.997|0.062|28380164096|38084128768|sim_data_501796ab98789225|__AUTOMETRIC__
__AUTOMETRIC__|0.1.2|2588207|crew_log_f2d067066ae031d2|0|1786916839.749|0.998|0.031|28380164096|38084128768|sim_data_501796ab98789225|__AUTOMETRIC__
__AUTOMETRIC__|0.1.2|2588207|crew_log_f2d067066ae031d2|0|1786916840.750|0.999|0.031|28380164096|38084128768|sim_data_501796ab98789225|__AUTOMETRIC__
__AUTOMETRIC__|0.1.2|2588207|crew_log_f2d067066ae031d2|0|1786916841.752|27.959|0.874|28380164096|38084128768|sim_data_501796ab98789225|__AUTOMETRIC__
__AUTOMETRIC__|0.1.2|2588207|crew_log_f2d067066ae031d2|0|1786916842.754|1.995|0.062|28380164096|38084128768|sim_data_501796ab98789225|__AUTOMETRIC__
__AUTOMETRIC__|0.1.2|2588207|crew_log_f2d067066ae031d2|0|1786916843.756|0.999|0.031|28380164096|38084128768|sim_data_501796ab98789225|__AUTOMETRIC__
__AUTOMETRIC__|0.1.2|2588207|crew_log_f2d067066ae031d2|0|1786916844.757|17.977|0.562|28380164096|38084128768|sim_data_501796ab98789225|__AUTOMETRIC__
__AUTOMETRIC__|0.1.2|2588207|crew_log_f2d067066ae031d2|0|1786916845.758|89.870|2.808|28390477824|38094417920|sim_data_501796ab98789225|__AUTOMETRIC__
__AUTOMETRIC__|0.1.2|2588207|crew_log_f2d067066ae031d2|0|1786916846.760|99.869|3.121|28390477824|38094417920|sim_data_501796ab98789225|__AUTOMETRIC__
__AUTOMETRIC__|0.1.2|2588207|crew_log_f2d067066ae031d2|0|1786916847.761|126.828|3.963|28390477824|38094417920|sim_data_501796ab98789225|__AUTOMETRIC__
__AUTOMETRIC__|0.1.2|2588207|crew_log_f2d067066ae031d2|0|1786916848.762|665.000|20.781|28390477824|38094417920|sim_data_501796ab98789225|__AUTOMETRIC__
__AUTOMETRIC__|0.1.2|2588207|crew_log_f2d067066ae031d2|0|1786916849.764|179.749|5.617|28390477824|38094417920|sim_data_501796ab98789225|__AUTOMETRIC__
__AUTOMETRIC__|0.1.2|2588207|crew_log_f2d067066ae031d2|0|1786916850.765|130.814|4.088|28380467200|38084239360|sim_data_501796ab98789225|__AUTOMETRIC__
__AUTOMETRIC__|0.1.2|2588207|crew_log_f2d067066ae031d2|0|1786916851.767|99.864|3.121|28380467200|38084239360|sim_data_501796ab98789225|__AUTOMETRIC__
__AUTOMETRIC__|0.1.2|2588207|crew_log_f2d067066ae031d2|0|1786916852.769|56.885|1.778|28380467200|38084239360|sim_data_501796ab98789225|__AUTOMETRIC__
__AUTOMETRIC__|0.1.2|2588207|crew_log_f2d067066ae031d2|0|1786916853.770|28.959|0.905|28380467200|38084239360|sim_data_501796ab98789225|__AUTOMETRIC__
__AUTOMETRIC__|0.1.2|2588207|crew_log_f2d067066ae031d2|0|1786916854.772|0.998|0.031|28380467200|38084239360|sim_data_501796ab98789225|__AUTOMETRIC__
__AUTOMETRIC__|0.1.2|2588207|crew_log_f2d067066ae031d2|0|1786916855.773|0.999|0.031|28380467200|38084239360|sim_data_501796ab98789225|__AUTOMETRIC__
__AUTOMETRIC__|0.1.2|2588207|crew_log_f2d067066ae031d2|0|1786916856.847|25.143|0.786|28380467200|38084239360|sim_data_501796ab98789225|__AUTOMETRIC__
__AUTOMETRIC__|0.1.2|2588207|crew_log_f2d067066ae031d2|0|1786916857.849|1.997|0.062|28380467200|38084239360|sim_data_501796ab98789225|__AUTOMETRIC__
__AUTOMETRIC__|0.1.2|2588207|crew_log_f2d067066ae031d2|0|1786916858.850|0.999|0.031|28380467200|38084239360|sim_data_501796ab98789225|__AUTOMETRIC__
__AUTOMETRIC__|0.1.2|2588207|crew_log_f2d067066ae031d2|0|1786916859.851|0.999|0.031|28380467200|38084239360|sim_data_501796ab98789225|__AUTOMETRIC__
__AUTOMETRIC__|0.1.2|2588207|crew_log_f2d067066ae031d2|0|1786916860.853|27.963|0.874|28380467200|38084239360|sim_data_501796ab98789225|__AUTOMETRIC__
__AUTOMETRIC__|0.1.2|2588207|crew_log_f2d067066ae031d2|0|1786916861.854|1.997|0.062|28380467200|38084239360|sim_data_501796ab98789225|__AUTOMETRIC__
__AUTOMETRIC__|0.1.2|2588207|crew_log_f2d067066ae031d2|0|1786916862.856|0.998|0.031|28380467200|38084239360|sim_data_501796ab98789225|__AUTOMETRIC__
__AUTOMETRIC__|0.1.2|2588207|crew_log_f2d067066ae031d2|0|1786916863.857|0.999|0.031|28380467200|38084239360|sim_data_501796ab98789225|__AUTOMETRIC__
__AUTOMETRIC__|0.1.2|2588207|crew_log_f2d067066ae031d2|0|1786916864.858|28.964|0.905|28380467200|38084239360|sim_data_501796ab98789225|__AUTOMETRIC__
__AUTOMETRIC__|0.1.2|2588207|crew_log_f2d067066ae031d2|0|1786916865.860|0.998|0.031|28380467200|38084239360|sim_data_501796ab98789225|__AUTOMETRIC__
__AUTOMETRIC__|0.1.2|2588207|crew_log_f2d067066ae031d2|0|1786916866.861|0.999|0.031|28380467200|38084239360|sim_data_501796ab98789225|__AUTOMETRIC__
__AUTOMETRIC__|0.1.2|2588207|crew_log_f2d067066ae031d2|0|1786916867.862|28.965|0.905|28380467200|38084239360|sim_data_501796ab98789225|__AUTOMETRIC__
__AUTOMETRIC__|0.1.2|2588207|crew_log_f2d067066ae031d2|0|1786916868.864|93.859|2.933|28380467200|38084239360|sim_data_501796ab98789225|__AUTOMETRIC__
__AUTOMETRIC__|0.1.2|2588207|crew_log_f2d067066ae031d2|0|1786916869.865|98.878|3.090|28380467200|38084239360|sim_data_501796ab98789225|__AUTOMETRIC__
__AUTOMETRIC__|0.1.2|2588207|crew_log_f2d067066ae031d2|0|1786916870.866|143.807|4.494|28380467200|38084239360|sim_data_501796ab98789225|__AUTOMETRIC__
__AUTOMETRIC__|0.1.2|2588207|crew_log_f2d067066ae031d2|0|1786916871.868|666.206|20.819|28380467200|38084239360|sim_data_501796ab98789225|__AUTOMETRIC__
__AUTOMETRIC__|0.1.2|2588207|crew_log_f2d067066ae031d2|0|1786916872.869|117.795|3.681|28380467200|38084239360|sim_data_501796ab98789225|__AUTOMETRIC__
__AUTOMETRIC__|0.1.2|2588207|crew_log_f2d067066ae031d2|0|1786916873.871|131.843|4.120|28380467200|38084239360|sim_data_501796ab98789225|__AUTOMETRIC__
__AUTOMETRIC__|0.1.2|2588207|crew_log_f2d067066ae031d2|0|1786916874.872|73.902|2.309|28380467200|38084239360|sim_data_501796ab98789225|__AUTOMETRIC__
__AUTOMETRIC__|0.1.2|2588207|crew_log_f2d067066ae031d2|0|1786916875.873|54.934|1.717|28380467200|38084239360|sim_data_501796ab98789225|__AUTOMETRIC__
__AUTOMETRIC__|0.1.2|2588207|crew_log_f2d067066ae031d2|0|1786916876.874|0.999|0.031|28380467200|38084239360|sim_data_501796ab98789225|__AUTOMETRIC__
__AUTOMETRIC__|0.1.2|2588207|crew_log_f2d067066ae031d2|0|1786916877.876|0.999|0.031|28380467200|38084239360|sim_data_501796ab98789225|__AUTOMETRIC__
__AUTOMETRIC__|0.1.2|2588207|crew_log_f2d067066ae031d2|0|1786916878.877|1.997|0.062|28380467200|38084239360|sim_data_501796ab98789225|__AUTOMETRIC__
__AUTOMETRIC__|0.1.2|2588207|crew_log_f2d067066ae031d2|0|1786916879.878|26.965|0.843|28380467200|38084239360|sim_data_501796ab98789225|__AUTOMETRIC__
__AUTOMETRIC__|0.1.2|2588207|crew_log_f2d067066ae031d2|0|1786916880.880|1.997|0.062|28380467200|38084239360|sim_data_501796ab98789225|__AUTOMETRIC__
__AUTOMETRIC__|0.1.2|2588207|crew_log_f2d067066ae031d2|0|1786916881.881|0.999|0.031|28380467200|38084239360|sim_data_501796ab98789225|__AUTOMETRIC__
__AUTOMETRIC__|0.1.2|2588207|crew_log_f2d067066ae031d2|0|1786916882.883|0.998|0.031|28380467200|38084239360|sim_data_501796ab98789225|__AUTOMETRIC__
__AUTOMETRIC__|0.1.2|2588207|crew_log_f2d067066ae031d2|0|1786916883.884|27.966|0.874|28380467200|38084239360|sim_data_501796ab98789225|__AUTOMETRIC__
__AUTOMETRIC__|0.1.2|2588207|crew_log_f2d067066ae031d2|0|1786916884.886|0.999|0.031|28380467200|38084239360|sim_data_501796ab98789225|__AUTOMETRIC__
__AUTOMETRIC__|0.1.2|2588207|crew_log_f2d067066ae031d2|0|1786916885.887|0.999|0.031|28380467200|38084239360|sim_data_501796ab98789225|__AUTOMETRIC__
__AUTOMETRIC__|0.1.2|2588207|crew_log_f2d067066ae031d2|0|1786916886.900|27.634|0.864|28380467200|38084239360|sim_data_501796ab98789225|__AUTOMETRIC__
__AUTOMETRIC__|0.1.2|2588207|crew_log_f2d067066ae031d2|0|1786916887.902|1.997|0.062|28380467200|38084239360|sim_data_501796ab98789225|__AUTOMETRIC__
__AUTOMETRIC__|0.1.2|2588207|crew_log_f2d067066ae031d2|0|1786916888.903|0.999|0.031|28380467200|38084239360|sim_data_501796ab98789225|__AUTOMETRIC__
__AUTOMETRIC__|0.1.2|2588207|crew_log_f2d067066ae031d2|0|1786916889.905|0.999|0.031|28380467200|38084239360|sim_data_501796ab98789225|__AUTOMETRIC__
__AUTOMETRIC__|0.1.2|2588207|crew_log_f2d067066ae031d2|0|1786916890.906|43.947|1.373|28380467200|38084239360|sim_data_501796ab98789225|__AUTOMETRIC__
__AUTOMETRIC__|0.1.2|2588207|crew_log_f2d067066ae031d2|0|1786916891.907|96.874|3.027|28390498304|38094417920|sim_data_501796ab98789225|__AUTOMETRIC__
__AUTOMETRIC__|0.1.2|2588207|crew_log_f2d067066ae031d2|0|1786916892.909|99.824|3.119|28390498304|38094417920|sim_data_501796ab98789225|__AUTOMETRIC__
__AUTOMETRIC__|0.1.2|2588207|crew_log_f2d067066ae031d2|0|1786916893.910|284.645|8.895|28390498304|38094417920|sim_data_501796ab98789225|__AUTOMETRIC__
__AUTOMETRIC__|0.1.2|2588207|crew_log_f2d067066ae031d2|0|1786916894.911|420.408|13.138|28390498304|38094417920|sim_data_501796ab98789225|__AUTOMETRIC__
__AUTOMETRIC__|0.1.2|2588207|crew_log_f2d067066ae031d2|0|1786916895.913|99.881|3.121|28380487680|38084239360|sim_data_501796ab98789225|__AUTOMETRIC__
__AUTOMETRIC__|0.1.2|2588207|crew_log_f2d067066ae031d2|0|1786916896.914|131.840|4.120|28380487680|38084239360|sim_data_501796ab98789225|__AUTOMETRIC__
__AUTOMETRIC__|0.1.2|2588207|crew_log_f2d067066ae031d2|0|1786916897.915|74.902|2.341|28380487680|38084239360|sim_data_501796ab98789225|__AUTOMETRIC__
__AUTOMETRIC__|0.1.2|2588207|crew_log_f2d067066ae031d2|0|1786916898.917|55.913|1.747|28380487680|38084239360|sim_data_501796ab98789225|__AUTOMETRIC__
__AUTOMETRIC__|0.1.2|2588207|crew_log_f2d067066ae031d2|0|1786916899.918|0.999|0.031|28380487680|38084239360|sim_data_501796ab98789225|__AUTOMETRIC__
__AUTOMETRIC__|0.1.2|2588207|crew_log_f2d067066ae031d2|0|1786916900.919|0.999|0.031|28380487680|38084239360|sim_data_501796ab98789225|__AUTOMETRIC__
__AUTOMETRIC__|0.1.2|2588207|crew_log_f2d067066ae031d2|0|1786916901.921|1.997|0.062|28380487680|38084239360|sim_data_501796ab98789225|__AUTOMETRIC__
__AUTOMETRIC__|0.1.2|2588207|crew_log_f2d067066ae031d2|0|1786916902.922|25.950|0.811|28380487680|38084239360|sim_data_501796ab98789225|__AUTOMETRIC__
__AUTOMETRIC__|0.1.2|2588207|crew_log_f2d067066ae031d2|0|1786916903.924|1.998|0.062|28380487680|38084239360|sim_data_501796ab98789225|__AUTOMETRIC__
__AUTOMETRIC__|0.1.2|2588207|crew_log_f2d067066ae031d2|0|1786916904.925|0.999|0.031|28380487680|38084239360|sim_data_501796ab98789225|__AUTOMETRIC__
__AUTOMETRIC__|0.1.2|2588207|crew_log_f2d067066ae031d2|0|1786916905.926|0.999|0.031|28380487680|38084239360|sim_data_501796ab98789225|__AUTOMETRIC__
__AUTOMETRIC__|0.1.2|2588207|crew_log_f2d067066ae031d2|0|1786916906.928|28.960|0.905|28380487680|38084239360|sim_data_501796ab98789225|__AUTOMETRIC__
__AUTOMETRIC__|0.1.2|2588207|crew_log_f2d067066ae031d2|0|1786916907.929|0.000|0.000|28380487680|38084239360|sim_data_501796ab98789225|__AUTOMETRIC__
__AUTOMETRIC__|0.1.2|2588207|crew_log_f2d067066ae031d2|0|1786916908.931|1.997|0.062|28380487680|38084239360|sim_data_501796ab98789225|__AUTOMETRIC__
__AUTOMETRIC__|0.1.2|2588207|crew_log_f2d067066ae031d2|0|1786916909.932|27.964|0.874|28380487680|38084239360|sim_data_501796ab98789225|__AUTOMETRIC__
__AUTOMETRIC__|0.1.2|2588207|crew_log_f2d067066ae031d2|0|1786916910.933|1.997|0.062|28380487680|38084239360|sim_data_501796ab98789225|__AUTOMETRIC__
__AUTOMETRIC__|0.1.2|2588207|crew_log_f2d067066ae031d2|0|1786916911.934|0.999|0.031|28380487680|38084239360|sim_data_501796ab98789225|__AUTOMETRIC__
__AUTOMETRIC__|0.1.2|2588207|crew_log_f2d067066ae031d2|0|1786916912.942|1.985|0.062|28380487680|38084239360|sim_data_501796ab98789225|__AUTOMETRIC__
__AUTOMETRIC__|0.1.2|2588207|crew_log_f2d067066ae031d2|0|1786916913.943|49.936|1.560|28380749824|38085996544|sim_data_501796ab98789225|__AUTOMETRIC__
__AUTOMETRIC__|0.1.2|2588207|crew_log_f2d067066ae031d2|0|1786916914.945|98.872|3.090|28380487680|38084239360|sim_data_501796ab98789225|__AUTOMETRIC__
__AUTOMETRIC__|0.1.2|2588207|crew_log_f2d067066ae031d2|0|1786916915.946|98.879|3.090|28380487680|38084239360|sim_data_501796ab98789225|__AUTOMETRIC__
__AUTOMETRIC__|0.1.2|2588207|crew_log_f2d067066ae031d2|0|1786916916.947|289.601|9.050|28380487680|38084239360|sim_data_501796ab98789225|__AUTOMETRIC__
__AUTOMETRIC__|0.1.2|2588207|crew_log_f2d067066ae031d2|0|1786916917.949|470.353|14.699|28380487680|38084239360|sim_data_501796ab98789225|__AUTOMETRIC__
__AUTOMETRIC__|0.1.2|2588207|crew_log_f2d067066ae031d2|0|1786916918.950|131.778|4.118|28380487680|38084239360|sim_data_501796ab98789225|__AUTOMETRIC__
__AUTOMETRIC__|0.1.2|2588207|crew_log_f2d067066ae031d2|0|1786916919.952|98.859|3.089|28380487680|38084239360|sim_data_501796ab98789225|__AUTOMETRIC__
__AUTOMETRIC__|0.1.2|2588207|crew_log_f2d067066ae031d2|0|1786916920.953|64.907|2.028|28380487680|38084239360|sim_data_501796ab98789225|__AUTOMETRIC__
__AUTOMETRIC__|0.1.2|2588207|crew_log_f2d067066ae031d2|0|1786916921.955|27.959|0.874|28380487680|38084239360|sim_data_501796ab98789225|__AUTOMETRIC__
__AUTOMETRIC__|0.1.2|2588207|crew_log_f2d067066ae031d2|0|1786916922.956|1.997|0.062|28380487680|38084239360|sim_data_501796ab98789225|__AUTOMETRIC__
__AUTOMETRIC__|0.1.2|2588207|crew_log_f2d067066ae031d2|0|1786916923.958|0.999|0.031|28380487680|38084239360|sim_data_501796ab98789225|__AUTOMETRIC__
__AUTOMETRIC__|0.1.2|2588207|crew_log_f2d067066ae031d2|0|1786916925.113|24.237|0.757|28380487680|38084239360|sim_data_501796ab98789225|__AUTOMETRIC__
__AUTOMETRIC__|0.1.2|2588207|crew_log_f2d067066ae031d2|0|1786916926.114|0.999|0.031|28380487680|38084239360|sim_data_501796ab98789225|__AUTOMETRIC__
__AUTOMETRIC__|0.1.2|2588207|crew_log_f2d067066ae031d2|0|1786916927.116|0.999|0.031|28380487680|38084239360|sim_data_501796ab98789225|__AUTOMETRIC__
__AUTOMETRIC__|0.1.2|2588207|crew_log_f2d067066ae031d2|0|1786916928.117|0.999|0.031|28380487680|38084239360|sim_data_501796ab98789225|__AUTOMETRIC__
__AUTOMETRIC__|0.1.2|2588207|crew_log_f2d067066ae031d2|0|1786916929.118|27.957|0.874|28380487680|38084239360|sim_data_501796ab98789225|__AUTOMETRIC__
__AUTOMETRIC__|0.1.2|2588207|crew_log_f2d067066ae031d2|0|1786916930.120|1.998|0.062|28380487680|38084239360|sim_data_501796ab98789225|__AUTOMETRIC__
__AUTOMETRIC__|0.1.2|2588207|crew_log_f2d067066ae031d2|0|1786916931.121|0.999|0.031|28380487680|38084239360|sim_data_501796ab98789225|__AUTOMETRIC__
__AUTOMETRIC__|0.1.2|2588207|crew_log_f2d067066ae031d2|0|1786916932.306|23.631|0.738|28380487680|38084239360|sim_data_501796ab98789225|__AUTOMETRIC__
__AUTOMETRIC__|0.1.2|2588207|crew_log_f2d067066ae031d2|0|1786916933.307|0.998|0.031|28380487680|38084239360|sim_data_501796ab98789225|__AUTOMETRIC__
__AUTOMETRIC__|0.1.2|2588207|crew_log_f2d067066ae031d2|0|1786916934.309|0.999|0.031|28380487680|38084239360|sim_data_501796ab98789225|__AUTOMETRIC__
__AUTOMETRIC__|0.1.2|2588207|crew_log_f2d067066ae031d2|0|1786916935.310|2.996|0.094|28380487680|38084239360|sim_data_501796ab98789225|__AUTOMETRIC__
__AUTOMETRIC__|0.1.2|2588207|crew_log_f2d067066ae031d2|0|1786916936.311|59.922|1.873|28380487680|38084239360|sim_data_501796ab98789225|__AUTOMETRIC__
__AUTOMETRIC__|0.1.2|2588207|crew_log_f2d067066ae031d2|0|1786916937.312|99.871|3.121|28390559744|38094417920|sim_data_501796ab98789225|__AUTOMETRIC__
__AUTOMETRIC__|0.1.2|2588207|crew_log_f2d067066ae031d2|0|1786916938.314|99.883|3.121|28390559744|38094417920|sim_data_501796ab98789225|__AUTOMETRIC__
__AUTOMETRIC__|0.1.2|2588207|crew_log_f2d067066ae031d2|0|1786916939.315|292.640|9.145|28390559744|38094417920|sim_data_501796ab98789225|__AUTOMETRIC__
__AUTOMETRIC__|0.1.2|2588207|crew_log_f2d067066ae031d2|0|1786916940.316|389.547|12.173|28380491776|38084239360|sim_data_501796ab98789225|__AUTOMETRIC__
__AUTOMETRIC__|0.1.2|2588207|crew_log_f2d067066ae031d2|0|1786916941.317|102.851|3.214|28380491776|38084239360|sim_data_501796ab98789225|__AUTOMETRIC__
__AUTOMETRIC__|0.1.2|2588207|crew_log_f2d067066ae031d2|0|1786916942.319|131.830|4.120|28380491776|38084239360|sim_data_501796ab98789225|__AUTOMETRIC__
__AUTOMETRIC__|0.1.2|2588207|crew_log_f2d067066ae031d2|0|1786916943.364|98.527|3.079|28380491776|38084239360|sim_data_501796ab98789225|__AUTOMETRIC__
__AUTOMETRIC__|0.1.2|2588207|crew_log_f2d067066ae031d2|0|1786916944.365|27.966|0.874|28380491776|38084239360|sim_data_501796ab98789225|__AUTOMETRIC__
__AUTOMETRIC__|0.1.2|2588207|crew_log_f2d067066ae031d2|0|1786916945.367|28.960|0.905|28380491776|38084239360|sim_data_501796ab98789225|__AUTOMETRIC__
__AUTOMETRIC__|0.1.2|2588207|crew_log_f2d067066ae031d2|0|1786916946.368|0.999|0.031|28380491776|38084239360|sim_data_501796ab98789225|__AUTOMETRIC__
__AUTOMETRIC__|0.1.2|2588207|crew_log_f2d067066ae031d2|0|1786916947.370|1.997|0.062|28380491776|38084239360|sim_data_501796ab98789225|__AUTOMETRIC__
__AUTOMETRIC__|0.1.2|2588207|crew_log_f2d067066ae031d2|0|1786916948.371|0.999|0.031|28380491776|38084239360|sim_data_501796ab98789225|__AUTOMETRIC__
__AUTOMETRIC__|0.1.2|2588207|crew_log_f2d067066ae031d2|0|1786916949.373|0.998|0.031|28380491776|38084239360|sim_data_501796ab98789225|__AUTOMETRIC__
__AUTOMETRIC__|0.1.2|2588207|crew_log_f2d067066ae031d2|0|1786916950.374|26.965|0.843|28380491776|38084239360|sim_data_501796ab98789225|__AUTOMETRIC__
__AUTOMETRIC__|0.1.2|2588207|crew_log_f2d067066ae031d2|0|1786916951.375|0.999|0.031|28380491776|38084239360|sim_data_501796ab98789225|__AUTOMETRIC__
__AUTOMETRIC__|0.1.2|2588207|crew_log_f2d067066ae031d2|0|1786916952.377|1.997|0.062|28380491776|38084239360|sim_data_501796ab98789225|__AUTOMETRIC__
__AUTOMETRIC__|0.1.2|2588207|crew_log_f2d067066ae031d2|0|1786916953.379|0.998|0.031|28380491776|38084239360|sim_data_501796ab98789225|__AUTOMETRIC__
__AUTOMETRIC__|0.1.2|2588207|crew_log_f2d067066ae031d2|0|1786916954.380|0.999|0.031|28380491776|38084239360|sim_data_501796ab98789225|__AUTOMETRIC__
__AUTOMETRIC__|0.1.2|2588207|crew_log_f2d067066ae031d2|0|1786916955.381|0.999|0.031|28380491776|38084239360|sim_data_501796ab98789225|__AUTOMETRIC__
__AUTOMETRIC__|0.1.2|2588207|crew_log_f2d067066ae031d2|0|1786916956.581|22.508|0.703|28380491776|38084239360|sim_data_501796ab98789225|__AUTOMETRIC__
__AUTOMETRIC__|0.1.2|2588207|crew_log_f2d067066ae031d2|0|1786916957.582|2.996|0.094|28380491776|38084239360|sim_data_501796ab98789225|__AUTOMETRIC__
__AUTOMETRIC__|0.1.2|2588207|crew_log_f2d067066ae031d2|0|1786916958.583|0.999|0.031|28380491776|38084239360|sim_data_501796ab98789225|__AUTOMETRIC__
__AUTOMETRIC__|0.1.2|2588207|crew_log_f2d067066ae031d2|0|1786916959.585|0.998|0.031|28380491776|38084239360|sim_data_501796ab98789225|__AUTOMETRIC__
__AUTOMETRIC__|0.1.2|2588207|crew_log_f2d067066ae031d2|0|1786916960.839|22.337|0.698|28380491776|38084239360|sim_data_501796ab98789225|__AUTOMETRIC__
__AUTOMETRIC__|0.1.2|2588207|crew_log_f2d067066ae031d2|0|1786916961.840|1.997|0.062|28380491776|38084239360|sim_data_501796ab98789225|__AUTOMETRIC__
__AUTOMETRIC__|0.1.2|2588207|crew_log_f2d067066ae031d2|0|1786916962.841|0.999|0.031|28380491776|38084239360|sim_data_501796ab98789225|__AUTOMETRIC__
__AUTOMETRIC__|0.1.2|2588207|crew_log_f2d067066ae031d2|0|1786916963.843|1.997|0.062|28380491776|38084239360|sim_data_501796ab98789225|__AUTOMETRIC__
__AUTOMETRIC__|0.1.2|2588207|crew_log_f2d067066ae031d2|0|1786916964.845|42.921|1.341|28382064640|38085996544|sim_data_501796ab98789225|__AUTOMETRIC__
__AUTOMETRIC__|0.1.2|2588207|crew_log_f2d067066ae031d2|0|1786916965.846|97.878|3.059|28380491776|38084239360|sim_data_501796ab98789225|__AUTOMETRIC__
__AUTOMETRIC__|0.1.2|2588207|crew_log_f2d067066ae031d2|0|1786916966.847|98.877|3.090|28380491776|38084239360|sim_data_501796ab98789225|__AUTOMETRIC__
__AUTOMETRIC__|0.1.2|2588207|crew_log_f2d067066ae031d2|0|1786916967.848|112.858|3.527|28380491776|38084239360|sim_data_501796ab98789225|__AUTOMETRIC__
__AUTOMETRIC__|0.1.2|2588207|crew_log_f2d067066ae031d2|0|1786916968.850|680.089|21.253|28380491776|38084239360|sim_data_501796ab98789225|__AUTOMETRIC__
__AUTOMETRIC__|0.1.2|2588207|crew_log_f2d067066ae031d2|0|1786916969.851|133.802|4.181|28380491776|38084239360|sim_data_501796ab98789225|__AUTOMETRIC__
__AUTOMETRIC__|0.1.2|2588207|crew_log_f2d067066ae031d2|0|1786916970.853|131.815|4.119|28380491776|38084239360|sim_data_501796ab98789225|__AUTOMETRIC__
__AUTOMETRIC__|0.1.2|2588207|crew_log_f2d067066ae031d2|0|1786916971.854|75.904|2.372|28380491776|38084239360|sim_data_501796ab98789225|__AUTOMETRIC__
__AUTOMETRIC__|0.1.2|2588207|crew_log_f2d067066ae031d2|0|1786916972.878|54.676|1.709|28380491776|38084239360|sim_data_501796ab98789225|__AUTOMETRIC__
__AUTOMETRIC__|0.1.2|2588207|crew_log_f2d067066ae031d2|0|1786916973.880|1.997|0.062|28380491776|38084239360|sim_data_501796ab98789225|__AUTOMETRIC__
__AUTOMETRIC__|0.1.2|2588207|crew_log_f2d067066ae031d2|0|1786916974.881|0.000|0.000|28380491776|38084239360|sim_data_501796ab98789225|__AUTOMETRIC__
__AUTOMETRIC__|0.1.2|2588207|crew_log_f2d067066ae031d2|0|1786916975.883|0.999|0.031|28380491776|38084239360|sim_data_501796ab98789225|__AUTOMETRIC__
__AUTOMETRIC__|0.1.2|2588207|crew_log_f2d067066ae031d2|0|1786916976.884|27.967|0.874|28380491776|38084239360|sim_data_501796ab98789225|__AUTOMETRIC__
__AUTOMETRIC__|0.1.2|2588207|crew_log_f2d067066ae031d2|0|1786916977.885|1.997|0.062|28380491776|38084239360|sim_data_501796ab98789225|__AUTOMETRIC__
__AUTOMETRIC__|0.1.2|2588207|crew_log_f2d067066ae031d2|0|1786916978.886|0.999|0.031|28380491776|38084239360|sim_data_501796ab98789225|__AUTOMETRIC__
__AUTOMETRIC__|0.1.2|2588207|crew_log_f2d067066ae031d2|0|1786916979.888|0.999|0.031|28380491776|38084239360|sim_data_501796ab98789225|__AUTOMETRIC__
__AUTOMETRIC__|0.1.2|2588207|crew_log_f2d067066ae031d2|0|1786916980.889|1.998|0.062|28380491776|38084239360|sim_data_501796ab98789225|__AUTOMETRIC__
__AUTOMETRIC__|0.1.2|2588207|crew_log_f2d067066ae031d2|0|1786916981.890|27.965|0.874|28380491776|38084239360|sim_data_501796ab98789225|__AUTOMETRIC__
__AUTOMETRIC__|0.1.2|2588207|crew_log_f2d067066ae031d2|0|1786916982.892|0.999|0.031|28380491776|38084239360|sim_data_501796ab98789225|__AUTOMETRIC__
__AUTOMETRIC__|0.1.2|2588207|crew_log_f2d067066ae031d2|0|1786916983.893|0.998|0.031|28380491776|38084239360|sim_data_501796ab98789225|__AUTOMETRIC__
__AUTOMETRIC__|0.1.2|2588207|crew_log_f2d067066ae031d2|0|1786916984.895|0.999|0.031|28380491776|38084239360|sim_data_501796ab98789225|__AUTOMETRIC__
__AUTOMETRIC__|0.1.2|2588207|crew_log_f2d067066ae031d2|0|1786916985.896|26.967|0.843|28380491776|38084239360|sim_data_501796ab98789225|__AUTOMETRIC__
__AUTOMETRIC__|0.1.2|2588207|crew_log_f2d067066ae031d2|0|1786916986.897|1.997|0.062|28380491776|38084239360|sim_data_501796ab98789225|__AUTOMETRIC__
__AUTOMETRIC__|0.1.2|2588207|crew_log_f2d067066ae031d2|0|1786916987.898|1.997|0.062|28380491776|38084239360|sim_data_501796ab98789225|__AUTOMETRIC__
__AUTOMETRIC__|0.1.2|2588207|crew_log_f2d067066ae031d2|0|1786916988.899|0.999|0.031|28380491776|38084239360|sim_data_501796ab98789225|__AUTOMETRIC__
__AUTOMETRIC__|0.1.2|2588207|crew_log_f2d067066ae031d2|0|1786916989.901|65.912|2.060|28380491776|38084239360|sim_data_501796ab98789225|__AUTOMETRIC__
__AUTOMETRIC__|0.1.2|2588207|crew_log_f2d067066ae031d2|0|1786916990.902|99.865|3.121|28390559744|38094417920|sim_data_501796ab98789225|__AUTOMETRIC__
__AUTOMETRIC__|0.1.2|2588207|crew_log_f2d067066ae031d2|0|1786916991.904|99.852|3.120|28390559744|38094417920|sim_data_501796ab98789225|__AUTOMETRIC__
__AUTOMETRIC__|0.1.2|2588207|crew_log_f2d067066ae031d2|0|1786916992.905|443.470|13.858|28390559744|38094417920|sim_data_501796ab98789225|__AUTOMETRIC__
__AUTOMETRIC__|0.1.2|2588207|crew_log_f2d067066ae031d2|0|1786916993.907|468.118|14.629|28380549120|38084239360|sim_data_501796ab98789225|__AUTOMETRIC__
__AUTOMETRIC__|0.1.2|2588207|crew_log_f2d067066ae031d2|0|1786916994.908|98.867|3.090|28380549120|38084239360|sim_data_501796ab98789225|__AUTOMETRIC__
__AUTOMETRIC__|0.1.2|2588207|crew_log_f2d067066ae031d2|0|1786916995.909|131.834|4.120|28380549120|38084239360|sim_data_501796ab98789225|__AUTOMETRIC__
__AUTOMETRIC__|0.1.2|2588207|crew_log_f2d067066ae031d2|0|1786916997.160|72.739|2.273|28380549120|38084239360|sim_data_501796ab98789225|__AUTOMETRIC__
__AUTOMETRIC__|0.1.2|2588207|crew_log_f2d067066ae031d2|0|1786916998.162|28.966|0.905|28380549120|38084239360|sim_data_501796ab98789225|__AUTOMETRIC__
__AUTOMETRIC__|0.1.2|2588207|crew_log_f2d067066ae031d2|0|1786916999.163|0.999|0.031|28380549120|38084239360|sim_data_501796ab98789225|__AUTOMETRIC__
__AUTOMETRIC__|0.1.2|2588207|crew_log_f2d067066ae031d2|0|1786917000.165|0.998|0.031|28380549120|38084239360|sim_data_501796ab98789225|__AUTOMETRIC__
__AUTOMETRIC__|0.1.2|2588207|crew_log_f2d067066ae031d2|0|1786917001.166|0.999|0.031|28380549120|38084239360|sim_data_501796ab98789225|__AUTOMETRIC__
__AUTOMETRIC__|0.1.2|2588207|crew_log_f2d067066ae031d2|0|1786917002.167|27.962|0.874|28380549120|38084239360|sim_data_501796ab98789225|__AUTOMETRIC__
__AUTOMETRIC__|0.1.2|2588207|crew_log_f2d067066ae031d2|0|1786917003.169|0.998|0.031|28380549120|38084239360|sim_data_501796ab98789225|__AUTOMETRIC__
__AUTOMETRIC__|0.1.2|2588207|crew_log_f2d067066ae031d2|0|1786917004.171|1.996|0.062|28380549120|38084239360|sim_data_501796ab98789225|__AUTOMETRIC__
__AUTOMETRIC__|0.1.2|2588207|crew_log_f2d067066ae031d2|0|1786917005.401|22.761|0.711|28380549120|38084239360|sim_data_501796ab98789225|__AUTOMETRIC__
__AUTOMETRIC__|0.1.2|2588207|crew_log_f2d067066ae031d2|0|1786917006.402|1.997|0.062|28380549120|38084239360|sim_data_501796ab98789225|__AUTOMETRIC__
__AUTOMETRIC__|0.1.2|2588207|crew_log_f2d067066ae031d2|0|1786917007.404|0.999|0.031|28380549120|38084239360|sim_data_501796ab98789225|__AUTOMETRIC__
__AUTOMETRIC__|0.1.2|2588207|crew_log_f2d067066ae031d2|0|1786917008.405|0.999|0.031|28380549120|38084239360|sim_data_501796ab98789225|__AUTOMETRIC__
__AUTOMETRIC__|0.1.2|2588207|crew_log_f2d067066ae031d2|0|1786917009.407|27.955|0.874|28380549120|38084239360|sim_data_501796ab98789225|__AUTOMETRIC__
__AUTOMETRIC__|0.1.2|2588207|crew_log_f2d067066ae031d2|0|1786917010.408|1.997|0.062|28380549120|38084239360|sim_data_501796ab98789225|__AUTOMETRIC__
__AUTOMETRIC__|0.1.2|2588207|crew_log_f2d067066ae031d2|0|1786917011.409|0.999|0.031|28380549120|38084239360|sim_data_501796ab98789225|__AUTOMETRIC__
__AUTOMETRIC__|0.1.2|2588207|crew_log_f2d067066ae031d2|0|1786917012.410|1.998|0.062|28380549120|38084239360|sim_data_501796ab98789225|__AUTOMETRIC__
__AUTOMETRIC__|0.1.2|2588207|crew_log_f2d067066ae031d2|0|1786917013.412|39.946|1.248|28380549120|38084239360|sim_data_501796ab98789225|__AUTOMETRIC__
__AUTOMETRIC__|0.1.2|2588207|crew_log_f2d067066ae031d2|0|1786917014.413|95.838|2.995|28380549120|38084239360|sim_data_501796ab98789225|__AUTOMETRIC__
__AUTOMETRIC__|0.1.2|2588207|crew_log_f2d067066ae031d2|0|1786917015.415|98.870|3.090|28380549120|38084239360|sim_data_501796ab98789225|__AUTOMETRIC__
__AUTOMETRIC__|0.1.2|2588207|crew_log_f2d067066ae031d2|0|1786917016.416|226.660|7.083|28380549120|38084239360|sim_data_501796ab98789225|__AUTOMETRIC__
__AUTOMETRIC__|0.1.2|2588207|crew_log_f2d067066ae031d2|0|1786917017.418|604.204|18.881|28380549120|38084239360|sim_data_501796ab98789225|__AUTOMETRIC__
__AUTOMETRIC__|0.1.2|2588207|crew_log_f2d067066ae031d2|0|1786917018.419|99.863|3.121|28380549120|38084239360|sim_data_501796ab98789225|__AUTOMETRIC__
__AUTOMETRIC__|0.1.2|2588207|crew_log_f2d067066ae031d2|0|1786917019.420|130.826|4.088|28380549120|38084239360|sim_data_501796ab98789225|__AUTOMETRIC__
__AUTOMETRIC__|0.1.2|2588207|crew_log_f2d067066ae031d2|0|1786917020.648|72.515|2.266|28380549120|38084239360|sim_data_501796ab98789225|__AUTOMETRIC__
__AUTOMETRIC__|0.1.2|2588207|crew_log_f2d067066ae031d2|0|1786917021.649|28.964|0.905|28380549120|38084239360|sim_data_501796ab98789225|__AUTOMETRIC__
__AUTOMETRIC__|0.1.2|2588207|crew_log_f2d067066ae031d2|0|1786917022.650|0.999|0.031|28380549120|38084239360|sim_data_501796ab98789225|__AUTOMETRIC__
__AUTOMETRIC__|0.1.2|2588207|crew_log_f2d067066ae031d2|0|1786917023.652|0.999|0.031|28380549120|38084239360|sim_data_501796ab98789225|__AUTOMETRIC__
__AUTOMETRIC__|0.1.2|2588207|crew_log_f2d067066ae031d2|0|1786917024.829|23.783|0.743|28380549120|38084239360|sim_data_501796ab98789225|__AUTOMETRIC__
__AUTOMETRIC__|0.1.2|2588207|crew_log_f2d067066ae031d2|0|1786917025.830|0.999|0.031|28380549120|38084239360|sim_data_501796ab98789225|__AUTOMETRIC__
__AUTOMETRIC__|0.1.2|2588207|crew_log_f2d067066ae031d2|0|1786917026.831|0.999|0.031|28380549120|38084239360|sim_data_501796ab98789225|__AUTOMETRIC__
__AUTOMETRIC__|0.1.2|2588207|crew_log_f2d067066ae031d2|0|1786917027.832|0.999|0.031|28380549120|38084239360|sim_data_501796ab98789225|__AUTOMETRIC__
__AUTOMETRIC__|0.1.2|2588207|crew_log_f2d067066ae031d2|0|1786917028.834|27.965|0.874|28380549120|38084239360|sim_data_501796ab98789225|__AUTOMETRIC__
__AUTOMETRIC__|0.1.2|2588207|crew_log_f2d067066ae031d2|0|1786917029.835|1.998|0.062|28380549120|38084239360|sim_data_501796ab98789225|__AUTOMETRIC__
__AUTOMETRIC__|0.1.2|2588207|crew_log_f2d067066ae031d2|0|1786917030.836|0.999|0.031|28380549120|38084239360|sim_data_501796ab98789225|__AUTOMETRIC__
__AUTOMETRIC__|0.1.2|2588207|crew_log_f2d067066ae031d2|0|1786917031.837|0.999|0.031|28380549120|38084239360|sim_data_501796ab98789225|__AUTOMETRIC__
__AUTOMETRIC__|0.1.2|2588207|crew_log_f2d067066ae031d2|0|1786917032.838|27.964|0.874|28380549120|38084239360|sim_data_501796ab98789225|__AUTOMETRIC__
__AUTOMETRIC__|0.1.2|2588207|crew_log_f2d067066ae031d2|0|1786917033.840|1.998|0.062|28380549120|38084239360|sim_data_501796ab98789225|__AUTOMETRIC__
__AUTOMETRIC__|0.1.2|2588207|crew_log_f2d067066ae031d2|0|1786917034.841|0.999|0.031|28380549120|38084239360|sim_data_501796ab98789225|__AUTOMETRIC__
__AUTOMETRIC__|0.1.2|2588207|crew_log_f2d067066ae031d2|0|1786917035.842|1.998|0.062|28380549120|38084239360|sim_data_501796ab98789225|__AUTOMETRIC__
__AUTOMETRIC__|0.1.2|2588207|crew_log_f2d067066ae031d2|0|1786917036.844|60.882|1.903|28380811264|38084239360|sim_data_501796ab98789225|__AUTOMETRIC__
__AUTOMETRIC__|0.1.2|2588207|crew_log_f2d067066ae031d2|0|1786917037.845|99.883|3.121|28390662144|38094417920|sim_data_501796ab98789225|__AUTOMETRIC__
__AUTOMETRIC__|0.1.2|2588207|crew_log_f2d067066ae031d2|0|1786917038.846|99.883|3.121|28390662144|38094417920|sim_data_501796ab98789225|__AUTOMETRIC__
__AUTOMETRIC__|0.1.2|2588207|crew_log_f2d067066ae031d2|0|1786917039.847|386.618|12.082|28390662144|38094417920|sim_data_501796ab98789225|__AUTOMETRIC__
__AUTOMETRIC__|0.1.2|2588207|crew_log_f2d067066ae031d2|0|1786917040.848|456.410|14.263|28380651520|38084239360|sim_data_501796ab98789225|__AUTOMETRIC__
__AUTOMETRIC__|0.1.2|2588207|crew_log_f2d067066ae031d2|0|1786917041.850|99.872|3.121|28380651520|38084239360|sim_data_501796ab98789225|__AUTOMETRIC__
__AUTOMETRIC__|0.1.2|2588207|crew_log_f2d067066ae031d2|0|1786917042.851|130.845|4.089|28380651520|38084239360|sim_data_501796ab98789225|__AUTOMETRIC__
__AUTOMETRIC__|0.1.2|2588207|crew_log_f2d067066ae031d2|0|1786917044.075|72.685|2.271|28380651520|38084239360|sim_data_501796ab98789225|__AUTOMETRIC__
__AUTOMETRIC__|0.1.2|2588207|crew_log_f2d067066ae031d2|0|1786917045.077|28.963|0.905|28380651520|38084239360|sim_data_501796ab98789225|__AUTOMETRIC__
__AUTOMETRIC__|0.1.2|2588207|crew_log_f2d067066ae031d2|0|1786917046.078|0.998|0.031|28380651520|38084239360|sim_data_501796ab98789225|__AUTOMETRIC__
__AUTOMETRIC__|0.1.2|2588207|crew_log_f2d067066ae031d2|0|1786917047.080|0.999|0.031|28380651520|38084239360|sim_data_501796ab98789225|__AUTOMETRIC__
__AUTOMETRIC__|0.1.2|2588207|crew_log_f2d067066ae031d2|0|1786917048.081|0.999|0.031|28380651520|38084239360|sim_data_501796ab98789225|__AUTOMETRIC__
__AUTOMETRIC__|0.1.2|2588207|crew_log_f2d067066ae031d2|0|1786917049.082|27.962|0.874|28380651520|38084239360|sim_data_501796ab98789225|__AUTOMETRIC__
__AUTOMETRIC__|0.1.2|2588207|crew_log_f2d067066ae031d2|0|1786917050.084|1.997|0.062|28380651520|38084239360|sim_data_501796ab98789225|__AUTOMETRIC__
__AUTOMETRIC__|0.1.2|2588207|crew_log_f2d067066ae031d2|0|1786917051.085|0.999|0.031|28380651520|38084239360|sim_data_501796ab98789225|__AUTOMETRIC__
__AUTOMETRIC__|0.1.2|2588207|crew_log_f2d067066ae031d2|0|1786917052.086|27.963|0.874|28380651520|38084239360|sim_data_501796ab98789225|__AUTOMETRIC__
__AUTOMETRIC__|0.1.2|2588207|crew_log_f2d067066ae031d2|0|1786917053.087|0.999|0.031|28380651520|38084239360|sim_data_501796ab98789225|__AUTOMETRIC__
__AUTOMETRIC__|0.1.2|2588207|crew_log_f2d067066ae031d2|0|1786917054.089|1.997|0.062|28380651520|38084239360|sim_data_501796ab98789225|__AUTOMETRIC__
__AUTOMETRIC__|0.1.2|2588207|crew_log_f2d067066ae031d2|0|1786917055.090|1.997|0.062|28380651520|38084239360|sim_data_501796ab98789225|__AUTOMETRIC__
__AUTOMETRIC__|0.1.2|2588207|crew_log_f2d067066ae031d2|0|1786917056.092|26.962|0.843|28380651520|38084239360|sim_data_501796ab98789225|__AUTOMETRIC__
__AUTOMETRIC__|0.1.2|2588207|crew_log_f2d067066ae031d2|0|1786917057.093|1.997|0.062|28380651520|38084239360|sim_data_501796ab98789225|__AUTOMETRIC__
__AUTOMETRIC__|0.1.2|2588207|crew_log_f2d067066ae031d2|0|1786917058.094|1.997|0.062|28380651520|38084239360|sim_data_501796ab98789225|__AUTOMETRIC__
__AUTOMETRIC__|0.1.2|2588207|crew_log_f2d067066ae031d2|0|1786917059.096|21.972|0.687|28380651520|38086004736|sim_data_501796ab98789225|__AUTOMETRIC__
__AUTOMETRIC__|0.1.2|2588207|crew_log_f2d067066ae031d2|0|1786917060.097|85.844|2.683|28380651520|38084239360|sim_data_501796ab98789225|__AUTOMETRIC__
__AUTOMETRIC__|0.1.2|2588207|crew_log_f2d067066ae031d2|0|1786917061.099|98.875|3.090|28380651520|38084239360|sim_data_501796ab98789225|__AUTOMETRIC__
__AUTOMETRIC__|0.1.2|2588207|crew_log_f2d067066ae031d2|0|1786917062.100|99.862|3.121|28380651520|38084239360|sim_data_501796ab98789225|__AUTOMETRIC__
__AUTOMETRIC__|0.1.2|2588207|crew_log_f2d067066ae031d2|0|1786917063.101|627.132|19.598|28380651520|38084239360|sim_data_501796ab98789225|__AUTOMETRIC__
__AUTOMETRIC__|0.1.2|2588207|crew_log_f2d067066ae031d2|0|1786917064.103|247.673|7.740|28380651520|38084239360|sim_data_501796ab98789225|__AUTOMETRIC__
__AUTOMETRIC__|0.1.2|2588207|crew_log_f2d067066ae031d2|0|1786917065.105|132.758|4.149|28380651520|38084239360|sim_data_501796ab98789225|__AUTOMETRIC__
__AUTOMETRIC__|0.1.2|2588207|crew_log_f2d067066ae031d2|0|1786917066.278|98.858|3.089|28380651520|38084239360|sim_data_501796ab98789225|__AUTOMETRIC__
__AUTOMETRIC__|0.1.2|2588207|crew_log_f2d067066ae031d2|0|1786917067.544|43.429|1.357|28380651520|38084239360|sim_data_501796ab98789225|__AUTOMETRIC__
__AUTOMETRIC__|0.1.2|2588207|crew_log_f2d067066ae031d2|0|1786917068.546|1.998|0.062|28380651520|38084239360|sim_data_501796ab98789225|__AUTOMETRIC__
__AUTOMETRIC__|0.1.2|2588207|crew_log_f2d067066ae031d2|0|1786917069.551|0.995|0.031|28380651520|38084239360|sim_data_501796ab98789225|__AUTOMETRIC__
__AUTOMETRIC__|0.1.2|2588207|crew_log_f2d067066ae031d2|0|1786917070.552|0.999|0.031|28380651520|38084239360|sim_data_501796ab98789225|__AUTOMETRIC__
__AUTOMETRIC__|0.1.2|2588207|crew_log_f2d067066ae031d2|0|1786917071.554|27.962|0.874|28380651520|38084239360|sim_data_501796ab98789225|__AUTOMETRIC__
__AUTOMETRIC__|0.1.2|2588207|crew_log_f2d067066ae031d2|0|1786917072.555|0.998|0.031|28380651520|38084239360|sim_data_501796ab98789225|__AUTOMETRIC__
__AUTOMETRIC__|0.1.2|2588207|crew_log_f2d067066ae031d2|0|1786917073.557|1.996|0.062|28380651520|38084239360|sim_data_501796ab98789225|__AUTOMETRIC__
__AUTOMETRIC__|0.1.2|2588207|crew_log_f2d067066ae031d2|0|1786917074.559|0.999|0.031|28380651520|38084239360|sim_data_501796ab98789225|__AUTOMETRIC__
__AUTOMETRIC__|0.1.2|2588207|crew_log_f2d067066ae031d2|0|1786917075.560|26.964|0.843|28380651520|38084239360|sim_data_501796ab98789225|__AUTOMETRIC__
__AUTOMETRIC__|0.1.2|2588207|crew_log_f2d067066ae031d2|0|1786917076.561|1.997|0.062|28380651520|38084239360|sim_data_501796ab98789225|__AUTOMETRIC__
__AUTOMETRIC__|0.1.2|2588207|crew_log_f2d067066ae031d2|0|1786917077.563|0.999|0.031|28380651520|38084239360|sim_data_501796ab98789225|__AUTOMETRIC__
__AUTOMETRIC__|0.1.2|2588207|crew_log_f2d067066ae031d2|0|1786917078.564|1.997|0.062|28380651520|38084239360|sim_data_501796ab98789225|__AUTOMETRIC__
__AUTOMETRIC__|0.1.2|2588207|crew_log_f2d067066ae031d2|0|1786917079.565|27.964|0.874|28380651520|38084239360|sim_data_501796ab98789225|__AUTOMETRIC__
__AUTOMETRIC__|0.1.2|2588207|crew_log_f2d067066ae031d2|0|1786917080.567|0.998|0.031|28380651520|38084239360|sim_data_501796ab98789225|__AUTOMETRIC__
__AUTOMETRIC__|0.1.2|2588207|crew_log_f2d067066ae031d2|0|1786917081.568|1.998|0.062|28380651520|38084239360|sim_data_501796ab98789225|__AUTOMETRIC__
__AUTOMETRIC__|0.1.2|2588207|crew_log_f2d067066ae031d2|0|1786917082.569|0.999|0.031|28380651520|38084239360|sim_data_501796ab98789225|__AUTOMETRIC__
__AUTOMETRIC__|0.1.2|2588207|crew_log_f2d067066ae031d2|0|1786917083.571|31.937|0.998|28380651520|38086008832|sim_data_501796ab98789225|__AUTOMETRIC__
__AUTOMETRIC__|0.1.2|2588207|crew_log_f2d067066ae031d2|0|1786917084.573|93.883|2.934|28390653952|38094417920|sim_data_501796ab98789225|__AUTOMETRIC__
__AUTOMETRIC__|0.1.2|2588207|crew_log_f2d067066ae031d2|0|1786917085.574|99.872|3.121|28390653952|38094417920|sim_data_501796ab98789225|__AUTOMETRIC__
__AUTOMETRIC__|0.1.2|2588207|crew_log_f2d067066ae031d2|0|1786917086.575|197.757|6.180|28390653952|38094417920|sim_data_501796ab98789225|__AUTOMETRIC__
__AUTOMETRIC__|0.1.2|2588207|crew_log_f2d067066ae031d2|0|1786917087.576|566.274|17.696|28380643328|38084239360|sim_data_501796ab98789225|__AUTOMETRIC__
__AUTOMETRIC__|0.1.2|2588207|crew_log_f2d067066ae031d2|0|1786917088.577|276.691|8.647|28380643328|38084239360|sim_data_501796ab98789225|__AUTOMETRIC__
__AUTOMETRIC__|0.1.2|2588207|crew_log_f2d067066ae031d2|0|1786917089.579|132.841|4.151|28380643328|38084239360|sim_data_501796ab98789225|__AUTOMETRIC__
__AUTOMETRIC__|0.1.2|2588207|crew_log_f2d067066ae031d2|0|1786917090.640|98.914|3.091|28380643328|38084239360|sim_data_501796ab98789225|__AUTOMETRIC__
__AUTOMETRIC__|0.1.2|2588207|crew_log_f2d067066ae031d2|0|1786917091.889|44.046|1.376|28380643328|38084239360|sim_data_501796ab98789225|__AUTOMETRIC__
__AUTOMETRIC__|0.1.2|2588207|crew_log_f2d067066ae031d2|0|1786917092.890|0.999|0.031|28380643328|38084239360|sim_data_501796ab98789225|__AUTOMETRIC__
__AUTOMETRIC__|0.1.2|2588207|crew_log_f2d067066ae031d2|0|1786917093.895|1.990|0.062|28380643328|38084239360|sim_data_501796ab98789225|__AUTOMETRIC__
__AUTOMETRIC__|0.1.2|2588207|crew_log_f2d067066ae031d2|0|1786917094.897|0.999|0.031|28380643328|38084239360|sim_data_501796ab98789225|__AUTOMETRIC__
__AUTOMETRIC__|0.1.2|2588207|crew_log_f2d067066ae031d2|0|1786917095.898|27.960|0.874|28380643328|38084239360|sim_data_501796ab98789225|__AUTOMETRIC__
__AUTOMETRIC__|0.1.2|2588207|crew_log_f2d067066ae031d2|0|1786917096.899|0.999|0.031|28380643328|38084239360|sim_data_501796ab98789225|__AUTOMETRIC__
__AUTOMETRIC__|0.1.2|2588207|crew_log_f2d067066ae031d2|0|1786917097.901|0.999|0.031|28380643328|38084239360|sim_data_501796ab98789225|__AUTOMETRIC__
__AUTOMETRIC__|0.1.2|2588207|crew_log_f2d067066ae031d2|0|1786917098.902|0.999|0.031|28380643328|38084239360|sim_data_501796ab98789225|__AUTOMETRIC__
__AUTOMETRIC__|0.1.2|2588207|crew_log_f2d067066ae031d2|0|1786917099.903|26.968|0.843|28380643328|38084239360|sim_data_501796ab98789225|__AUTOMETRIC__
__AUTOMETRIC__|0.1.2|2588207|crew_log_f2d067066ae031d2|0|1786917100.904|1.998|0.062|28380643328|38084239360|sim_data_501796ab98789225|__AUTOMETRIC__
__AUTOMETRIC__|0.1.2|2588207|crew_log_f2d067066ae031d2|0|1786917101.905|1.997|0.062|28380643328|38084239360|sim_data_501796ab98789225|__AUTOMETRIC__
__AUTOMETRIC__|0.1.2|2588207|crew_log_f2d067066ae031d2|0|1786917102.907|0.998|0.031|28380643328|38084239360|sim_data_501796ab98789225|__AUTOMETRIC__
__AUTOMETRIC__|0.1.2|2588207|crew_log_f2d067066ae031d2|0|1786917103.908|26.964|0.843|28380643328|38084239360|sim_data_501796ab98789225|__AUTOMETRIC__
__AUTOMETRIC__|0.1.2|2588207|crew_log_f2d067066ae031d2|0|1786917104.910|2.996|0.094|28380643328|38084239360|sim_data_501796ab98789225|__AUTOMETRIC__
__AUTOMETRIC__|0.1.2|2588207|crew_log_f2d067066ae031d2|0|1786917105.911|0.999|0.031|28380643328|38084239360|sim_data_501796ab98789225|__AUTOMETRIC__
__AUTOMETRIC__|0.1.2|2588207|crew_log_f2d067066ae031d2|0|1786917106.912|0.999|0.031|28380643328|38084239360|sim_data_501796ab98789225|__AUTOMETRIC__
__AUTOMETRIC__|0.1.2|2588207|crew_log_f2d067066ae031d2|0|1786917107.914|32.955|1.030|28380643328|38086008832|sim_data_501796ab98789225|__AUTOMETRIC__
__AUTOMETRIC__|0.1.2|2588207|crew_log_f2d067066ae031d2|0|1786917108.915|94.880|2.965|28380643328|38084239360|sim_data_501796ab98789225|__AUTOMETRIC__
__AUTOMETRIC__|0.1.2|2588207|crew_log_f2d067066ae031d2|0|1786917109.916|98.880|3.090|28380643328|38084239360|sim_data_501796ab98789225|__AUTOMETRIC__
__AUTOMETRIC__|0.1.2|2588207|crew_log_f2d067066ae031d2|0|1786917110.917|167.810|5.244|28380643328|38084239360|sim_data_501796ab98789225|__AUTOMETRIC__
__AUTOMETRIC__|0.1.2|2588207|crew_log_f2d067066ae031d2|0|1786917111.919|575.265|17.977|28380643328|38084239360|sim_data_501796ab98789225|__AUTOMETRIC__
__AUTOMETRIC__|0.1.2|2588207|crew_log_f2d067066ae031d2|0|1786917112.920|99.872|3.121|28380643328|38084239360|sim_data_501796ab98789225|__AUTOMETRIC__
__AUTOMETRIC__|0.1.2|2588207|crew_log_f2d067066ae031d2|0|1786917113.921|130.810|4.088|28380643328|38084239360|sim_data_501796ab98789225|__AUTOMETRIC__
__AUTOMETRIC__|0.1.2|2588207|crew_log_f2d067066ae031d2|0|1786917115.101|71.181|2.224|28380643328|38084239360|sim_data_501796ab98789225|__AUTOMETRIC__
__AUTOMETRIC__|0.1.2|2588207|crew_log_f2d067066ae031d2|0|1786917116.103|28.960|0.905|28380643328|38084239360|sim_data_501796ab98789225|__AUTOMETRIC__
__AUTOMETRIC__|0.1.2|2588207|crew_log_f2d067066ae031d2|0|1786917117.104|0.998|0.031|28380643328|38084239360|sim_data_501796ab98789225|__AUTOMETRIC__
__AUTOMETRIC__|0.1.2|2588207|crew_log_f2d067066ae031d2|0|1786917118.105|0.999|0.031|28380643328|38084239360|sim_data_501796ab98789225|__AUTOMETRIC__
__AUTOMETRIC__|0.1.2|2588207|crew_log_f2d067066ae031d2|0|1786917119.284|22.911|0.716|28380643328|38084239360|sim_data_501796ab98789225|__AUTOMETRIC__
__AUTOMETRIC__|0.1.2|2588207|crew_log_f2d067066ae031d2|0|1786917120.285|1.997|0.062|28380643328|38084239360|sim_data_501796ab98789225|__AUTOMETRIC__
__AUTOMETRIC__|0.1.2|2588207|crew_log_f2d067066ae031d2|0|1786917121.287|1.997|0.062|28380643328|38084239360|sim_data_501796ab98789225|__AUTOMETRIC__
__AUTOMETRIC__|0.1.2|2588207|crew_log_f2d067066ae031d2|0|1786917122.288|0.999|0.031|28380643328|38084239360|sim_data_501796ab98789225|__AUTOMETRIC__
__AUTOMETRIC__|0.1.2|2588207|crew_log_f2d067066ae031d2|0|1786917123.289|27.967|0.874|28380643328|38084239360|sim_data_501796ab98789225|__AUTOMETRIC__
__AUTOMETRIC__|0.1.2|2588207|crew_log_f2d067066ae031d2|0|1786917124.290|0.999|0.031|28380643328|38084239360|sim_data_501796ab98789225|__AUTOMETRIC__
__AUTOMETRIC__|0.1.2|2588207|crew_log_f2d067066ae031d2|0|1786917125.292|0.999|0.031|28380643328|38084239360|sim_data_501796ab98789225|__AUTOMETRIC__
__AUTOMETRIC__|0.1.2|2588207|crew_log_f2d067066ae031d2|0|1786917126.293|27.961|0.874|28380643328|38084239360|sim_data_501796ab98789225|__AUTOMETRIC__
__AUTOMETRIC__|0.1.2|2588207|crew_log_f2d067066ae031d2|0|1786917127.294|1.997|0.062|28380643328|38084239360|sim_data_501796ab98789225|__AUTOMETRIC__
__AUTOMETRIC__|0.1.2|2588207|crew_log_f2d067066ae031d2|0|1786917128.296|0.998|0.031|28380643328|38084239360|sim_data_501796ab98789225|__AUTOMETRIC__
__AUTOMETRIC__|0.1.2|2588207|crew_log_f2d067066ae031d2|0|1786917129.297|0.999|0.031|28380643328|38084239360|sim_data_501796ab98789225|__AUTOMETRIC__
__AUTOMETRIC__|0.1.2|2588207|crew_log_f2d067066ae031d2|0|1786917130.299|47.937|1.498|28380643328|38085992448|sim_data_501796ab98789225|__AUTOMETRIC__
__AUTOMETRIC__|0.1.2|2588207|crew_log_f2d067066ae031d2|0|1786917131.300|98.871|3.090|28390649856|38094417920|sim_data_501796ab98789225|__AUTOMETRIC__
__AUTOMETRIC__|0.1.2|2588207|crew_log_f2d067066ae031d2|0|1786917132.301|98.874|3.090|28390649856|38094417920|sim_data_501796ab98789225|__AUTOMETRIC__
__AUTOMETRIC__|0.1.2|2588207|crew_log_f2d067066ae031d2|0|1786917133.302|319.604|9.988|28390649856|38094417920|sim_data_501796ab98789225|__AUTOMETRIC__
__AUTOMETRIC__|0.1.2|2588207|crew_log_f2d067066ae031d2|0|1786917134.304|570.250|17.820|28380639232|38084239360|sim_data_501796ab98789225|__AUTOMETRIC__
__AUTOMETRIC__|0.1.2|2588207|crew_log_f2d067066ae031d2|0|1786917135.305|107.884|3.371|28380639232|38084239360|sim_data_501796ab98789225|__AUTOMETRIC__
__AUTOMETRIC__|0.1.2|2588207|crew_log_f2d067066ae031d2|0|1786917136.306|130.859|4.089|28380639232|38084239360|sim_data_501796ab98789225|__AUTOMETRIC__
__AUTOMETRIC__|0.1.2|2588207|crew_log_f2d067066ae031d2|0|1786917137.307|77.905|2.435|28380639232|38084239360|sim_data_501796ab98789225|__AUTOMETRIC__
__AUTOMETRIC__|0.1.2|2588207|crew_log_f2d067066ae031d2|0|1786917138.342|54.108|1.691|28380639232|38084239360|sim_data_501796ab98789225|__AUTOMETRIC__
__AUTOMETRIC__|0.1.2|2588207|crew_log_f2d067066ae031d2|0|1786917139.344|0.999|0.031|28380639232|38084239360|sim_data_501796ab98789225|__AUTOMETRIC__
__AUTOMETRIC__|0.1.2|2588207|crew_log_f2d067066ae031d2|0|1786917140.345|0.999|0.031|28380639232|38084239360|sim_data_501796ab98789225|__AUTOMETRIC__
__AUTOMETRIC__|0.1.2|2588207|crew_log_f2d067066ae031d2|0|1786917141.346|0.999|0.031|28380639232|38084239360|sim_data_501796ab98789225|__AUTOMETRIC__
__AUTOMETRIC__|0.1.2|2588207|crew_log_f2d067066ae031d2|0|1786917142.347|27.963|0.874|28380639232|38084239360|sim_data_501796ab98789225|__AUTOMETRIC__
__AUTOMETRIC__|0.1.2|2588207|crew_log_f2d067066ae031d2|0|1786917143.349|0.999|0.031|28380639232|38084239360|sim_data_501796ab98789225|__AUTOMETRIC__
__AUTOMETRIC__|0.1.2|2588207|crew_log_f2d067066ae031d2|0|1786917144.350|0.999|0.031|28380639232|38084239360|sim_data_501796ab98789225|__AUTOMETRIC__
__AUTOMETRIC__|0.1.2|2588207|crew_log_f2d067066ae031d2|0|1786917145.351|1.997|0.062|28380639232|38084239360|sim_data_501796ab98789225|__AUTOMETRIC__
__AUTOMETRIC__|0.1.2|2588207|crew_log_f2d067066ae031d2|0|1786917146.353|27.948|0.873|28380639232|38084239360|sim_data_501796ab98789225|__AUTOMETRIC__
__AUTOMETRIC__|0.1.2|2588207|crew_log_f2d067066ae031d2|0|1786917147.355|0.998|0.031|28380639232|38084239360|sim_data_501796ab98789225|__AUTOMETRIC__
__AUTOMETRIC__|0.1.2|2588207|crew_log_f2d067066ae031d2|0|1786917148.356|1.998|0.062|28380639232|38084239360|sim_data_501796ab98789225|__AUTOMETRIC__
__AUTOMETRIC__|0.1.2|2588207|crew_log_f2d067066ae031d2|0|1786917149.386|26.223|0.819|28380639232|38084239360|sim_data_501796ab98789225|__AUTOMETRIC__
__AUTOMETRIC__|0.1.2|2588207|crew_log_f2d067066ae031d2|0|1786917150.387|1.997|0.062|28380639232|38084239360|sim_data_501796ab98789225|__AUTOMETRIC__
__AUTOMETRIC__|0.1.2|2588207|crew_log_f2d067066ae031d2|0|1786917151.389|1.997|0.062|28380639232|38084239360|sim_data_501796ab98789225|__AUTOMETRIC__
__AUTOMETRIC__|0.1.2|2588207|crew_log_f2d067066ae031d2|0|1786917152.390|0.999|0.031|28380639232|38084239360|sim_data_501796ab98789225|__AUTOMETRIC__
__AUTOMETRIC__|0.1.2|2588207|crew_log_f2d067066ae031d2|0|1786917153.391|50.931|1.592|28380901376|38086000640|sim_data_501796ab98789225|__AUTOMETRIC__
__AUTOMETRIC__|0.1.2|2588207|crew_log_f2d067066ae031d2|0|1786917154.393|99.826|3.120|28380639232|38084239360|sim_data_501796ab98789225|__AUTOMETRIC__
__AUTOMETRIC__|0.1.2|2588207|crew_log_f2d067066ae031d2|0|1786917155.394|99.860|3.121|28380639232|38084239360|sim_data_501796ab98789225|__AUTOMETRIC__
__AUTOMETRIC__|0.1.2|2588207|crew_log_f2d067066ae031d2|0|1786917156.396|292.504|9.141|28380639232|38084239360|sim_data_501796ab98789225|__AUTOMETRIC__
__AUTOMETRIC__|0.1.2|2588207|crew_log_f2d067066ae031d2|0|1786917157.397|544.303|17.009|28380639232|38084239360|sim_data_501796ab98789225|__AUTOMETRIC__
__AUTOMETRIC__|0.1.2|2588207|crew_log_f2d067066ae031d2|0|1786917158.399|111.842|3.495|28380639232|38084239360|sim_data_501796ab98789225|__AUTOMETRIC__
__AUTOMETRIC__|0.1.2|2588207|crew_log_f2d067066ae031d2|0|1786917159.400|118.839|3.714|28380639232|38084239360|sim_data_501796ab98789225|__AUTOMETRIC__
__AUTOMETRIC__|0.1.2|2588207|crew_log_f2d067066ae031d2|0|1786917160.453|68.392|2.137|28380639232|38084239360|sim_data_501796ab98789225|__AUTOMETRIC__
__AUTOMETRIC__|0.1.2|2588207|crew_log_f2d067066ae031d2|0|1786917161.454|26.963|0.843|28380639232|38084239360|sim_data_501796ab98789225|__AUTOMETRIC__
__AUTOMETRIC__|0.1.2|2588207|crew_log_f2d067066ae031d2|0|1786917162.456|1.997|0.062|28380639232|38084239360|sim_data_501796ab98789225|__AUTOMETRIC__
__AUTOMETRIC__|0.1.2|2588207|crew_log_f2d067066ae031d2|0|1786917163.457|1.997|0.062|28380639232|38084239360|sim_data_501796ab98789225|__AUTOMETRIC__
__AUTOMETRIC__|0.1.2|2588207|crew_log_f2d067066ae031d2|0|1786917164.458|0.999|0.031|28380639232|38084239360|sim_data_501796ab98789225|__AUTOMETRIC__
__AUTOMETRIC__|0.1.2|2588207|crew_log_f2d067066ae031d2|0|1786917165.460|26.963|0.843|28380639232|38084239360|sim_data_501796ab98789225|__AUTOMETRIC__
__AUTOMETRIC__|0.1.2|2588207|crew_log_f2d067066ae031d2|0|1786917166.462|0.998|0.031|28380639232|38084239360|sim_data_501796ab98789225|__AUTOMETRIC__
__AUTOMETRIC__|0.1.2|2588207|crew_log_f2d067066ae031d2|0|1786917167.463|1.997|0.062|28380639232|38084239360|sim_data_501796ab98789225|__AUTOMETRIC__
__AUTOMETRIC__|0.1.2|2588207|crew_log_f2d067066ae031d2|0|1786917168.465|0.999|0.031|28380639232|38084239360|sim_data_501796ab98789225|__AUTOMETRIC__
__AUTOMETRIC__|0.1.2|2588207|crew_log_f2d067066ae031d2|0|1786917169.466|26.957|0.842|28380639232|38084239360|sim_data_501796ab98789225|__AUTOMETRIC__
__AUTOMETRIC__|0.1.2|2588207|crew_log_f2d067066ae031d2|0|1786917170.468|1.997|0.062|28380639232|38084239360|sim_data_501796ab98789225|__AUTOMETRIC__
__AUTOMETRIC__|0.1.2|2588207|crew_log_f2d067066ae031d2|0|1786917171.469|1.997|0.062|28380639232|38084239360|sim_data_501796ab98789225|__AUTOMETRIC__
__AUTOMETRIC__|0.1.2|2588207|crew_log_f2d067066ae031d2|0|1786917172.471|0.999|0.031|28380639232|38084239360|sim_data_501796ab98789225|__AUTOMETRIC__
__AUTOMETRIC__|0.1.2|2588207|crew_log_f2d067066ae031d2|0|1786917173.472|27.960|0.874|28380639232|38084239360|sim_data_501796ab98789225|__AUTOMETRIC__
__AUTOMETRIC__|0.1.2|2588207|crew_log_f2d067066ae031d2|0|1786917174.473|0.999|0.031|28380639232|38084239360|sim_data_501796ab98789225|__AUTOMETRIC__
__AUTOMETRIC__|0.1.2|2588207|crew_log_f2d067066ae031d2|0|1786917175.475|0.999|0.031|28380639232|38084239360|sim_data_501796ab98789225|__AUTOMETRIC__
__AUTOMETRIC__|0.1.2|2588207|crew_log_f2d067066ae031d2|0|1786917176.477|1.996|0.062|28380639232|38084239360|sim_data_501796ab98789225|__AUTOMETRIC__
__AUTOMETRIC__|0.1.2|2588207|crew_log_f2d067066ae031d2|0|1786917177.478|52.930|1.654|28380377088|38084239360|sim_data_501796ab98789225|__AUTOMETRIC__
__AUTOMETRIC__|0.1.2|2588207|crew_log_f2d067066ae031d2|0|1786917178.479|99.870|3.121|28390379520|38094417920|sim_data_501796ab98789225|__AUTOMETRIC__
__AUTOMETRIC__|0.1.2|2588207|crew_log_f2d067066ae031d2|0|1786917179.481|99.826|3.120|28390379520|38094417920|sim_data_501796ab98789225|__AUTOMETRIC__
__AUTOMETRIC__|0.1.2|2588207|crew_log_f2d067066ae031d2|0|1786917180.482|362.551|11.330|28390379520|38094417920|sim_data_501796ab98789225|__AUTOMETRIC__
__AUTOMETRIC__|0.1.2|2588207|crew_log_f2d067066ae031d2|0|1786917181.484|530.354|16.574|28380368896|38084239360|sim_data_501796ab98789225|__AUTOMETRIC__
__AUTOMETRIC__|0.1.2|2588207|crew_log_f2d067066ae031d2|0|1786917182.485|98.854|3.089|28380368896|38084239360|sim_data_501796ab98789225|__AUTOMETRIC__
__AUTOMETRIC__|0.1.2|2588207|crew_log_f2d067066ae031d2|0|1786917183.487|131.806|4.119|28380368896|38084239360|sim_data_501796ab98789225|__AUTOMETRIC__
__AUTOMETRIC__|0.1.2|2588207|crew_log_f2d067066ae031d2|0|1786917184.488|69.891|2.184|28380368896|38084239360|sim_data_501796ab98789225|__AUTOMETRIC__
__AUTOMETRIC__|0.1.2|2588207|crew_log_f2d067066ae031d2|0|1786917185.490|54.913|1.716|28380368896|38084239360|sim_data_501796ab98789225|__AUTOMETRIC__
__AUTOMETRIC__|0.1.2|2588207|crew_log_f2d067066ae031d2|0|1786917186.492|0.998|0.031|28380368896|38084239360|sim_data_501796ab98789225|__AUTOMETRIC__
__AUTOMETRIC__|0.1.2|2588207|crew_log_f2d067066ae031d2|0|1786917187.493|1.997|0.062|28380368896|38084239360|sim_data_501796ab98789225|__AUTOMETRIC__
__AUTOMETRIC__|0.1.2|2588207|crew_log_f2d067066ae031d2|0|1786917188.495|0.998|0.031|28380368896|38084239360|sim_data_501796ab98789225|__AUTOMETRIC__
__AUTOMETRIC__|0.1.2|2588207|crew_log_f2d067066ae031d2|0|1786917189.496|30.959|0.967|28380368896|38084239360|sim_data_501796ab98789225|__AUTOMETRIC__
__AUTOMETRIC__|0.1.2|2588207|crew_log_f2d067066ae031d2|0|1786917190.497|0.999|0.031|28380368896|38084239360|sim_data_501796ab98789225|__AUTOMETRIC__
__AUTOMETRIC__|0.1.2|2588207|crew_log_f2d067066ae031d2|0|1786917191.499|0.999|0.031|28380368896|38084239360|sim_data_501796ab98789225|__AUTOMETRIC__
__AUTOMETRIC__|0.1.2|2588207|crew_log_f2d067066ae031d2|0|1786917192.548|26.695|0.834|28380368896|38084239360|sim_data_501796ab98789225|__AUTOMETRIC__
__AUTOMETRIC__|0.1.2|2588207|crew_log_f2d067066ae031d2|0|1786917193.549|0.999|0.031|28380368896|38084239360|sim_data_501796ab98789225|__AUTOMETRIC__
__AUTOMETRIC__|0.1.2|2588207|crew_log_f2d067066ae031d2|0|1786917194.550|2.996|0.094|28380368896|38084239360|sim_data_501796ab98789225|__AUTOMETRIC__
__AUTOMETRIC__|0.1.2|2588207|crew_log_f2d067066ae031d2|0|1786917195.552|0.999|0.031|28380368896|38084239360|sim_data_501796ab98789225|__AUTOMETRIC__
__AUTOMETRIC__|0.1.2|2588207|crew_log_f2d067066ae031d2|0|1786917196.553|27.948|0.873|28380368896|38084239360|sim_data_501796ab98789225|__AUTOMETRIC__
__AUTOMETRIC__|0.1.2|2588207|crew_log_f2d067066ae031d2|0|1786917197.555|0.999|0.031|28380368896|38084239360|sim_data_501796ab98789225|__AUTOMETRIC__
__AUTOMETRIC__|0.1.2|2588207|crew_log_f2d067066ae031d2|0|1786917198.557|0.998|0.031|28380368896|38084239360|sim_data_501796ab98789225|__AUTOMETRIC__
__AUTOMETRIC__|0.1.2|2588207|crew_log_f2d067066ae031d2|0|1786917199.559|7.986|0.250|28380368896|38084239360|sim_data_501796ab98789225|__AUTOMETRIC__
__AUTOMETRIC__|0.1.2|2588207|crew_log_f2d067066ae031d2|0|1786917200.560|89.859|2.808|28380368896|38084239360|sim_data_501796ab98789225|__AUTOMETRIC__
__AUTOMETRIC__|0.1.2|2588207|crew_log_f2d067066ae031d2|0|1786917201.562|98.874|3.090|28380368896|38084239360|sim_data_501796ab98789225|__AUTOMETRIC__
__AUTOMETRIC__|0.1.2|2588207|crew_log_f2d067066ae031d2|0|1786917202.563|98.860|3.089|28380368896|38084239360|sim_data_501796ab98789225|__AUTOMETRIC__
__AUTOMETRIC__|0.1.2|2588207|crew_log_f2d067066ae031d2|0|1786917203.564|592.292|18.509|28380368896|38084239360|sim_data_501796ab98789225|__AUTOMETRIC__
__AUTOMETRIC__|0.1.2|2588207|crew_log_f2d067066ae031d2|0|1786917204.566|260.616|8.144|28380368896|38084239360|sim_data_501796ab98789225|__AUTOMETRIC__
__AUTOMETRIC__|0.1.2|2588207|crew_log_f2d067066ae031d2|0|1786917205.567|131.829|4.120|28380368896|38084239360|sim_data_501796ab98789225|__AUTOMETRIC__
__AUTOMETRIC__|0.1.2|2588207|crew_log_f2d067066ae031d2|0|1786917206.585|100.218|3.132|28380368896|38084239360|sim_data_501796ab98789225|__AUTOMETRIC__
__AUTOMETRIC__|0.1.2|2588207|crew_log_f2d067066ae031d2|0|1786917207.834|44.819|1.401|28380368896|38084239360|sim_data_501796ab98789225|__AUTOMETRIC__
__AUTOMETRIC__|0.1.2|2588207|crew_log_f2d067066ae031d2|0|1786917208.836|0.999|0.031|28380368896|38084239360|sim_data_501796ab98789225|__AUTOMETRIC__
__AUTOMETRIC__|0.1.2|2588207|crew_log_f2d067066ae031d2|0|1786917209.837|0.999|0.031|28380368896|38084239360|sim_data_501796ab98789225|__AUTOMETRIC__
__AUTOMETRIC__|0.1.2|2588207|crew_log_f2d067066ae031d2|0|1786917210.839|0.998|0.031|28380368896|38084239360|sim_data_501796ab98789225|__AUTOMETRIC__
__AUTOMETRIC__|0.1.2|2588207|crew_log_f2d067066ae031d2|0|1786917211.840|25.964|0.811|28380368896|38084239360|sim_data_501796ab98789225|__AUTOMETRIC__
__AUTOMETRIC__|0.1.2|2588207|crew_log_f2d067066ae031d2|0|1786917212.842|2.996|0.094|28380368896|38084239360|sim_data_501796ab98789225|__AUTOMETRIC__
__AUTOMETRIC__|0.1.2|2588207|crew_log_f2d067066ae031d2|0|1786917213.843|0.999|0.031|28380368896|38084239360|sim_data_501796ab98789225|__AUTOMETRIC__
__AUTOMETRIC__|0.1.2|2588207|crew_log_f2d067066ae031d2|0|1786917214.844|0.999|0.031|28380368896|38084239360|sim_data_501796ab98789225|__AUTOMETRIC__
__AUTOMETRIC__|0.1.2|2588207|crew_log_f2d067066ae031d2|0|1786917215.846|27.957|0.874|28380368896|38084239360|sim_data_501796ab98789225|__AUTOMETRIC__
__AUTOMETRIC__|0.1.2|2588207|crew_log_f2d067066ae031d2|0|1786917216.848|0.998|0.031|28380368896|38084239360|sim_data_501796ab98789225|__AUTOMETRIC__
__AUTOMETRIC__|0.1.2|2588207|crew_log_f2d067066ae031d2|0|1786917217.849|0.999|0.031|28380368896|38084239360|sim_data_501796ab98789225|__AUTOMETRIC__
__AUTOMETRIC__|0.1.2|2588207|crew_log_f2d067066ae031d2|0|1786917218.977|25.704|0.803|28380368896|38084239360|sim_data_501796ab98789225|__AUTOMETRIC__
__AUTOMETRIC__|0.1.2|2588207|crew_log_f2d067066ae031d2|0|1786917219.979|0.999|0.031|28380368896|38084239360|sim_data_501796ab98789225|__AUTOMETRIC__
__AUTOMETRIC__|0.1.2|2588207|crew_log_f2d067066ae031d2|0|1786917220.981|0.998|0.031|28380368896|38084239360|sim_data_501796ab98789225|__AUTOMETRIC__
__AUTOMETRIC__|0.1.2|2588207|crew_log_f2d067066ae031d2|0|1786917221.982|0.999|0.031|28380368896|38084239360|sim_data_501796ab98789225|__AUTOMETRIC__
__AUTOMETRIC__|0.1.2|2588207|crew_log_f2d067066ae031d2|0|1786917222.983|61.920|1.935|28380368896|38084239360|sim_data_501796ab98789225|__AUTOMETRIC__
__AUTOMETRIC__|0.1.2|2588207|crew_log_f2d067066ae031d2|0|1786917223.984|99.877|3.121|28390412288|38094417920|sim_data_501796ab98789225|__AUTOMETRIC__
__AUTOMETRIC__|0.1.2|2588207|crew_log_f2d067066ae031d2|0|1786917224.986|98.846|3.089|28390412288|38094417920|sim_data_501796ab98789225|__AUTOMETRIC__
__AUTOMETRIC__|0.1.2|2588207|crew_log_f2d067066ae031d2|0|1786917225.987|351.490|10.984|28390412288|38094417920|sim_data_501796ab98789225|__AUTOMETRIC__
__AUTOMETRIC__|0.1.2|2588207|crew_log_f2d067066ae031d2|0|1786917226.989|566.043|17.689|28380401664|38084239360|sim_data_501796ab98789225|__AUTOMETRIC__
__AUTOMETRIC__|0.1.2|2588207|crew_log_f2d067066ae031d2|0|1786917227.990|98.860|3.089|28380401664|38084239360|sim_data_501796ab98789225|__AUTOMETRIC__
__AUTOMETRIC__|0.1.2|2588207|crew_log_f2d067066ae031d2|0|1786917228.992|131.789|4.118|28380401664|38084239360|sim_data_501796ab98789225|__AUTOMETRIC__
__AUTOMETRIC__|0.1.2|2588207|crew_log_f2d067066ae031d2|0|1786917230.254|72.882|2.278|28380401664|38084239360|sim_data_501796ab98789225|__AUTOMETRIC__
__AUTOMETRIC__|0.1.2|2588207|crew_log_f2d067066ae031d2|0|1786917231.256|28.959|0.905|28380401664|38084239360|sim_data_501796ab98789225|__AUTOMETRIC__
__AUTOMETRIC__|0.1.2|2588207|crew_log_f2d067066ae031d2|0|1786917232.257|0.999|0.031|28380401664|38084239360|sim_data_501796ab98789225|__AUTOMETRIC__
__AUTOMETRIC__|0.1.2|2588207|crew_log_f2d067066ae031d2|0|1786917233.259|0.998|0.031|28380401664|38084239360|sim_data_501796ab98789225|__AUTOMETRIC__
__AUTOMETRIC__|0.1.2|2588207|crew_log_f2d067066ae031d2|0|1786917234.260|0.999|0.031|28380401664|38084239360|sim_data_501796ab98789225|__AUTOMETRIC__
__AUTOMETRIC__|0.1.2|2588207|crew_log_f2d067066ae031d2|0|1786917235.261|26.957|0.842|28380401664|38084239360|sim_data_501796ab98789225|__AUTOMETRIC__
__AUTOMETRIC__|0.1.2|2588207|crew_log_f2d067066ae031d2|0|1786917236.263|1.997|0.062|28380401664|38084239360|sim_data_501796ab98789225|__AUTOMETRIC__
__AUTOMETRIC__|0.1.2|2588207|crew_log_f2d067066ae031d2|0|1786917237.265|0.998|0.031|28380401664|38084239360|sim_data_501796ab98789225|__AUTOMETRIC__
__AUTOMETRIC__|0.1.2|2588207|crew_log_f2d067066ae031d2|0|1786917238.266|1.997|0.062|28380401664|38084239360|sim_data_501796ab98789225|__AUTOMETRIC__
__AUTOMETRIC__|0.1.2|2588207|crew_log_f2d067066ae031d2|0|1786917239.267|26.966|0.843|28380401664|38084239360|sim_data_501796ab98789225|__AUTOMETRIC__
__AUTOMETRIC__|0.1.2|2588207|crew_log_f2d067066ae031d2|0|1786917240.269|1.997|0.062|28380401664|38084239360|sim_data_501796ab98789225|__AUTOMETRIC__
__AUTOMETRIC__|0.1.2|2588207|crew_log_f2d067066ae031d2|0|1786917241.270|0.999|0.031|28380401664|38084239360|sim_data_501796ab98789225|__AUTOMETRIC__
__AUTOMETRIC__|0.1.2|2588207|crew_log_f2d067066ae031d2|0|1786917242.271|0.999|0.031|28380401664|38084239360|sim_data_501796ab98789225|__AUTOMETRIC__
__AUTOMETRIC__|0.1.2|2588207|crew_log_f2d067066ae031d2|0|1786917243.273|1.996|0.062|28380401664|38084239360|sim_data_501796ab98789225|__AUTOMETRIC__
__AUTOMETRIC__|0.1.2|2588207|crew_log_f2d067066ae031d2|0|1786917244.475|23.310|0.728|28380401664|38084239360|sim_data_501796ab98789225|__AUTOMETRIC__
__AUTOMETRIC__|0.1.2|2588207|crew_log_f2d067066ae031d2|0|1786917245.476|0.999|0.031|28380401664|38084239360|sim_data_501796ab98789225|__AUTOMETRIC__
__AUTOMETRIC__|0.1.2|2588207|crew_log_f2d067066ae031d2|0|1786917246.477|1.997|0.062|28380401664|38084239360|sim_data_501796ab98789225|__AUTOMETRIC__
__AUTOMETRIC__|0.1.2|2588207|crew_log_f2d067066ae031d2|0|1786917247.480|1.994|0.062|28380401664|38084239360|sim_data_501796ab98789225|__AUTOMETRIC__
__AUTOMETRIC__|0.1.2|2588207|crew_log_f2d067066ae031d2|0|1786917248.481|1.997|0.062|28380401664|38084239360|sim_data_501796ab98789225|__AUTOMETRIC__
__AUTOMETRIC__|0.1.2|2588207|crew_log_f2d067066ae031d2|0|1786917249.483|88.892|2.778|28380401664|38084239360|sim_data_501796ab98789225|__AUTOMETRIC__
__AUTOMETRIC__|0.1.2|2588207|crew_log_f2d067066ae031d2|0|1786917250.484|98.855|3.089|28380401664|38084239360|sim_data_501796ab98789225|__AUTOMETRIC__
__AUTOMETRIC__|0.1.2|2588207|crew_log_f2d067066ae031d2|0|1786917251.485|99.868|3.121|28380401664|38084239360|sim_data_501796ab98789225|__AUTOMETRIC__
__AUTOMETRIC__|0.1.2|2588207|crew_log_f2d067066ae031d2|0|1786917252.487|375.482|11.734|28380401664|38084239360|sim_data_501796ab98789225|__AUTOMETRIC__
__AUTOMETRIC__|0.1.2|2588207|crew_log_f2d067066ae031d2|0|1786917253.488|370.464|11.577|28380401664|38084239360|sim_data_501796ab98789225|__AUTOMETRIC__
__AUTOMETRIC__|0.1.2|2588207|crew_log_f2d067066ae031d2|0|1786917254.490|131.826|4.120|28380401664|38084239360|sim_data_501796ab98789225|__AUTOMETRIC__
__AUTOMETRIC__|0.1.2|2588207|crew_log_f2d067066ae031d2|0|1786917255.670|99.120|3.098|28380401664|38084239360|sim_data_501796ab98789225|__AUTOMETRIC__
__AUTOMETRIC__|0.1.2|2588207|crew_log_f2d067066ae031d2|0|1786917256.919|44.041|1.376|28380401664|38084239360|sim_data_501796ab98789225|__AUTOMETRIC__
__AUTOMETRIC__|0.1.2|2588207|crew_log_f2d067066ae031d2|0|1786917257.920|1.997|0.062|28380401664|38084239360|sim_data_501796ab98789225|__AUTOMETRIC__
__AUTOMETRIC__|0.1.2|2588207|crew_log_f2d067066ae031d2|0|1786917258.922|0.999|0.031|28380401664|38084239360|sim_data_501796ab98789225|__AUTOMETRIC__
__AUTOMETRIC__|0.1.2|2588207|crew_log_f2d067066ae031d2|0|1786917259.923|0.999|0.031|28380401664|38084239360|sim_data_501796ab98789225|__AUTOMETRIC__
__AUTOMETRIC__|0.1.2|2588207|crew_log_f2d067066ae031d2|0|1786917260.924|27.961|0.874|28380401664|38084239360|sim_data_501796ab98789225|__AUTOMETRIC__
__AUTOMETRIC__|0.1.2|2588207|crew_log_f2d067066ae031d2|0|1786917261.926|0.998|0.031|28380401664|38084239360|sim_data_501796ab98789225|__AUTOMETRIC__
__AUTOMETRIC__|0.1.2|2588207|crew_log_f2d067066ae031d2|0|1786917262.927|1.997|0.062|28380401664|38084239360|sim_data_501796ab98789225|__AUTOMETRIC__
__AUTOMETRIC__|0.1.2|2588207|crew_log_f2d067066ae031d2|0|1786917264.003|25.105|0.785|28380401664|38084239360|sim_data_501796ab98789225|__AUTOMETRIC__
__AUTOMETRIC__|0.1.2|2588207|crew_log_f2d067066ae031d2|0|1786917265.004|0.999|0.031|28380401664|38084239360|sim_data_501796ab98789225|__AUTOMETRIC__
__AUTOMETRIC__|0.1.2|2588207|crew_log_f2d067066ae031d2|0|1786917266.006|0.999|0.031|28380401664|38084239360|sim_data_501796ab98789225|__AUTOMETRIC__
__AUTOMETRIC__|0.1.2|2588207|crew_log_f2d067066ae031d2|0|1786917267.012|1.987|0.062|28380401664|38084239360|sim_data_501796ab98789225|__AUTOMETRIC__
__AUTOMETRIC__|0.1.2|2588207|crew_log_f2d067066ae031d2|0|1786917268.014|27.961|0.874|28380401664|38084239360|sim_data_501796ab98789225|__AUTOMETRIC__
__AUTOMETRIC__|0.1.2|2588207|crew_log_f2d067066ae031d2|0|1786917269.015|0.999|0.031|28380401664|38084239360|sim_data_501796ab98789225|__AUTOMETRIC__
__AUTOMETRIC__|0.1.2|2588207|crew_log_f2d067066ae031d2|0|1786917270.016|1.997|0.062|28380401664|38084239360|sim_data_501796ab98789225|__AUTOMETRIC__
__AUTOMETRIC__|0.1.2|2588207|crew_log_f2d067066ae031d2|0|1786917271.018|25.963|0.811|28380401664|38084239360|sim_data_501796ab98789225|__AUTOMETRIC__
__AUTOMETRIC__|0.1.2|2588207|crew_log_f2d067066ae031d2|0|1786917272.019|90.884|2.840|28390367232|38094417920|sim_data_501796ab98789225|__AUTOMETRIC__
__AUTOMETRIC__|0.1.2|2588207|crew_log_f2d067066ae031d2|0|1786917273.020|99.857|3.121|28390367232|38094417920|sim_data_501796ab98789225|__AUTOMETRIC__
__AUTOMETRIC__|0.1.2|2588207|crew_log_f2d067066ae031d2|0|1786917274.021|166.802|5.213|28390367232|38094417920|sim_data_501796ab98789225|__AUTOMETRIC__
__AUTOMETRIC__|0.1.2|2588207|crew_log_f2d067066ae031d2|0|1786917275.023|569.294|17.790|28380356608|38084239360|sim_data_501796ab98789225|__AUTOMETRIC__
__AUTOMETRIC__|0.1.2|2588207|crew_log_f2d067066ae031d2|0|1786917276.024|384.468|12.015|28380356608|38084239360|sim_data_501796ab98789225|__AUTOMETRIC__
__AUTOMETRIC__|0.1.2|2588207|crew_log_f2d067066ae031d2|0|1786917277.025|120.832|3.776|28380356608|38084239360|sim_data_501796ab98789225|__AUTOMETRIC__
__AUTOMETRIC__|0.1.2|2588207|crew_log_f2d067066ae031d2|0|1786917278.294|99.361|3.105|28380356608|38084239360|sim_data_501796ab98789225|__AUTOMETRIC__
__AUTOMETRIC__|0.1.2|2588207|crew_log_f2d067066ae031d2|0|1786917279.541|44.884|1.403|28380356608|38084239360|sim_data_501796ab98789225|__AUTOMETRIC__
__AUTOMETRIC__|0.1.2|2588207|crew_log_f2d067066ae031d2|0|1786917280.543|0.999|0.031|28380356608|38084239360|sim_data_501796ab98789225|__AUTOMETRIC__
__AUTOMETRIC__|0.1.2|2588207|crew_log_f2d067066ae031d2|0|1786917281.544|0.998|0.031|28380356608|38084239360|sim_data_501796ab98789225|__AUTOMETRIC__
__AUTOMETRIC__|0.1.2|2588207|crew_log_f2d067066ae031d2|0|1786917282.546|0.998|0.031|28380356608|38084239360|sim_data_501796ab98789225|__AUTOMETRIC__
__AUTOMETRIC__|0.1.2|2588207|crew_log_f2d067066ae031d2|0|1786917283.547|26.964|0.843|28380356608|38084239360|sim_data_501796ab98789225|__AUTOMETRIC__
__AUTOMETRIC__|0.1.2|2588207|crew_log_f2d067066ae031d2|0|1786917284.549|1.997|0.062|28380356608|38084239360|sim_data_501796ab98789225|__AUTOMETRIC__
__AUTOMETRIC__|0.1.2|2588207|crew_log_f2d067066ae031d2|0|1786917285.550|0.999|0.031|28380356608|38084239360|sim_data_501796ab98789225|__AUTOMETRIC__
__AUTOMETRIC__|0.1.2|2588207|crew_log_f2d067066ae031d2|0|1786917286.551|0.999|0.031|28380356608|38084239360|sim_data_501796ab98789225|__AUTOMETRIC__
__AUTOMETRIC__|0.1.2|2588207|crew_log_f2d067066ae031d2|0|1786917287.553|28.961|0.905|28380356608|38084239360|sim_data_501796ab98789225|__AUTOMETRIC__
__AUTOMETRIC__|0.1.2|2588207|crew_log_f2d067066ae031d2|0|1786917288.554|0.999|0.031|28380356608|38084239360|sim_data_501796ab98789225|__AUTOMETRIC__
__AUTOMETRIC__|0.1.2|2588207|crew_log_f2d067066ae031d2|0|1786917289.555|1.997|0.062|28380356608|38084239360|sim_data_501796ab98789225|__AUTOMETRIC__
__AUTOMETRIC__|0.1.2|2588207|crew_log_f2d067066ae031d2|0|1786917290.697|24.531|0.767|28380356608|38084239360|sim_data_501796ab98789225|__AUTOMETRIC__
__AUTOMETRIC__|0.1.2|2588207|crew_log_f2d067066ae031d2|0|1786917291.698|1.997|0.062|28380356608|38084239360|sim_data_501796ab98789225|__AUTOMETRIC__
__AUTOMETRIC__|0.1.2|2588207|crew_log_f2d067066ae031d2|0|1786917292.700|0.998|0.031|28380356608|38084239360|sim_data_501796ab98789225|__AUTOMETRIC__
__AUTOMETRIC__|0.1.2|2588207|crew_log_f2d067066ae031d2|0|1786917293.702|0.998|0.031|28380356608|38084239360|sim_data_501796ab98789225|__AUTOMETRIC__
__AUTOMETRIC__|0.1.2|2588207|crew_log_f2d067066ae031d2|0|1786917294.703|42.948|1.342|28380356608|38085992448|sim_data_501796ab98789225|__AUTOMETRIC__
__AUTOMETRIC__|0.1.2|2588207|crew_log_f2d067066ae031d2|0|1786917295.704|96.869|3.027|28380356608|38084239360|sim_data_501796ab98789225|__AUTOMETRIC__
__AUTOMETRIC__|0.1.2|2588207|crew_log_f2d067066ae031d2|0|1786917296.705|99.877|3.121|28380356608|38084239360|sim_data_501796ab98789225|__AUTOMETRIC__
__AUTOMETRIC__|0.1.2|2588207|crew_log_f2d067066ae031d2|0|1786917297.707|238.672|7.459|28380356608|38084239360|sim_data_501796ab98789225|__AUTOMETRIC__
__AUTOMETRIC__|0.1.2|2588207|crew_log_f2d067066ae031d2|0|1786917298.708|575.090|17.972|28380356608|38084239360|sim_data_501796ab98789225|__AUTOMETRIC__
__AUTOMETRIC__|0.1.2|2588207|crew_log_f2d067066ae031d2|0|1786917299.710|98.862|3.089|28380356608|38084239360|sim_data_501796ab98789225|__AUTOMETRIC__
__AUTOMETRIC__|0.1.2|2588207|crew_log_f2d067066ae031d2|0|1786917300.711|131.827|4.120|28380356608|38084239360|sim_data_501796ab98789225|__AUTOMETRIC__
__AUTOMETRIC__|0.1.2|2588207|crew_log_f2d067066ae031d2|0|1786917301.880|71.020|2.219|28380356608|38084239360|sim_data_501796ab98789225|__AUTOMETRIC__
__AUTOMETRIC__|0.1.2|2588207|crew_log_f2d067066ae031d2|0|1786917302.881|28.959|0.905|28380356608|38084239360|sim_data_501796ab98789225|__AUTOMETRIC__
__AUTOMETRIC__|0.1.2|2588207|crew_log_f2d067066ae031d2|0|1786917303.883|0.999|0.031|28380356608|38084239360|sim_data_501796ab98789225|__AUTOMETRIC__
__AUTOMETRIC__|0.1.2|2588207|crew_log_f2d067066ae031d2|0|1786917304.884|0.999|0.031|28380356608|38084239360|sim_data_501796ab98789225|__AUTOMETRIC__
__AUTOMETRIC__|0.1.2|2588207|crew_log_f2d067066ae031d2|0|1786917305.885|0.999|0.031|28380356608|38084239360|sim_data_501796ab98789225|__AUTOMETRIC__
__AUTOMETRIC__|0.1.2|2588207|crew_log_f2d067066ae031d2|0|1786917306.887|27.948|0.873|28380356608|38084239360|sim_data_501796ab98789225|__AUTOMETRIC__
__AUTOMETRIC__|0.1.2|2588207|crew_log_f2d067066ae031d2|0|1786917307.889|0.998|0.031|28380356608|38084239360|sim_data_501796ab98789225|__AUTOMETRIC__
__AUTOMETRIC__|0.1.2|2588207|crew_log_f2d067066ae031d2|0|1786917308.890|0.998|0.031|28380356608|38084239360|sim_data_501796ab98789225|__AUTOMETRIC__
__AUTOMETRIC__|0.1.2|2588207|crew_log_f2d067066ae031d2|0|1786917309.892|0.999|0.031|28380356608|38084239360|sim_data_501796ab98789225|__AUTOMETRIC__
__AUTOMETRIC__|0.1.2|2588207|crew_log_f2d067066ae031d2|0|1786917310.915|27.374|0.855|28380356608|38084239360|sim_data_501796ab98789225|__AUTOMETRIC__
__AUTOMETRIC__|0.1.2|2588207|crew_log_f2d067066ae031d2|0|1786917311.916|0.999|0.031|28380356608|38084239360|sim_data_501796ab98789225|__AUTOMETRIC__
__AUTOMETRIC__|0.1.2|2588207|crew_log_f2d067066ae031d2|0|1786917312.918|0.999|0.031|28380356608|38084239360|sim_data_501796ab98789225|__AUTOMETRIC__
__AUTOMETRIC__|0.1.2|2588207|crew_log_f2d067066ae031d2|0|1786917313.919|1.997|0.062|28380356608|38084239360|sim_data_501796ab98789225|__AUTOMETRIC__
__AUTOMETRIC__|0.1.2|2588207|crew_log_f2d067066ae031d2|0|1786917314.970|26.636|0.832|28380356608|38084239360|sim_data_501796ab98789225|__AUTOMETRIC__
__AUTOMETRIC__|0.1.2|2588207|crew_log_f2d067066ae031d2|0|1786917315.972|0.999|0.031|28380356608|38084239360|sim_data_501796ab98789225|__AUTOMETRIC__
__AUTOMETRIC__|0.1.2|2588207|crew_log_f2d067066ae031d2|0|1786917316.973|0.999|0.031|28380356608|38084239360|sim_data_501796ab98789225|__AUTOMETRIC__
__AUTOMETRIC__|0.1.2|2588207|crew_log_f2d067066ae031d2|0|1786917317.974|2.995|0.094|28380356608|38084239360|sim_data_501796ab98789225|__AUTOMETRIC__
__AUTOMETRIC__|0.1.2|2588207|crew_log_f2d067066ae031d2|0|1786917318.976|19.977|0.624|28380356608|38084239360|sim_data_501796ab98789225|__AUTOMETRIC__
__AUTOMETRIC__|0.1.2|2588207|crew_log_f2d067066ae031d2|0|1786917319.977|85.882|2.684|28390313984|38094417920|sim_data_501796ab98789225|__AUTOMETRIC__
__AUTOMETRIC__|0.1.2|2588207|crew_log_f2d067066ae031d2|0|1786917320.978|98.877|3.090|28390313984|38094417920|sim_data_501796ab98789225|__AUTOMETRIC__
__AUTOMETRIC__|0.1.2|2588207|crew_log_f2d067066ae031d2|0|1786917321.980|105.856|3.308|28390313984|38094417920|sim_data_501796ab98789225|__AUTOMETRIC__
__AUTOMETRIC__|0.1.2|2588207|crew_log_f2d067066ae031d2|0|1786917322.981|384.487|12.015|28380008448|38083944448|sim_data_501796ab98789225|__AUTOMETRIC__
__AUTOMETRIC__|0.1.2|2588207|crew_log_f2d067066ae031d2|0|1786917323.982|571.190|17.850|28380008448|38083944448|sim_data_501796ab98789225|__AUTOMETRIC__
__AUTOMETRIC__|0.1.2|2588207|crew_log_f2d067066ae031d2|0|1786917324.984|97.860|3.058|28380008448|38083944448|sim_data_501796ab98789225|__AUTOMETRIC__
__AUTOMETRIC__|0.1.2|2588207|crew_log_f2d067066ae031d2|0|1786917325.985|132.809|4.150|28380008448|38083944448|sim_data_501796ab98789225|__AUTOMETRIC__
__AUTOMETRIC__|0.1.2|2588207|crew_log_f2d067066ae031d2|0|1786917327.082|69.307|2.166|28380008448|38083944448|sim_data_501796ab98789225|__AUTOMETRIC__
__AUTOMETRIC__|0.1.2|2588207|crew_log_f2d067066ae031d2|0|1786917328.084|27.950|0.873|28380008448|38083944448|sim_data_501796ab98789225|__AUTOMETRIC__
__AUTOMETRIC__|0.1.2|2588207|crew_log_f2d067066ae031d2|0|1786917329.085|1.997|0.062|28380008448|38083944448|sim_data_501796ab98789225|__AUTOMETRIC__
__AUTOMETRIC__|0.1.2|2588207|crew_log_f2d067066ae031d2|0|1786917330.086|0.000|0.000|28380008448|38083944448|sim_data_501796ab98789225|__AUTOMETRIC__
__AUTOMETRIC__|0.1.2|2588207|crew_log_f2d067066ae031d2|0|1786917331.088|0.999|0.031|28380008448|38083944448|sim_data_501796ab98789225|__AUTOMETRIC__
__AUTOMETRIC__|0.1.2|2588207|crew_log_f2d067066ae031d2|0|1786917332.089|27.963|0.874|28380008448|38083944448|sim_data_501796ab98789225|__AUTOMETRIC__
__AUTOMETRIC__|0.1.2|2588207|crew_log_f2d067066ae031d2|0|1786917333.090|1.997|0.062|28380008448|38083944448|sim_data_501796ab98789225|__AUTOMETRIC__
__AUTOMETRIC__|0.1.2|2588207|crew_log_f2d067066ae031d2|0|1786917334.092|0.999|0.031|28380008448|38083944448|sim_data_501796ab98789225|__AUTOMETRIC__
__AUTOMETRIC__|0.1.2|2588207|crew_log_f2d067066ae031d2|0|1786917335.093|0.998|0.031|28380008448|38083944448|sim_data_501796ab98789225|__AUTOMETRIC__
__AUTOMETRIC__|0.1.2|2588207|crew_log_f2d067066ae031d2|0|1786917336.095|27.959|0.874|28380008448|38083944448|sim_data_501796ab98789225|__AUTOMETRIC__
__AUTOMETRIC__|0.1.2|2588207|crew_log_f2d067066ae031d2|0|1786917337.096|0.999|0.031|28380008448|38083944448|sim_data_501796ab98789225|__AUTOMETRIC__
__AUTOMETRIC__|0.1.2|2588207|crew_log_f2d067066ae031d2|0|1786917338.098|1.996|0.062|28380008448|38083944448|sim_data_501796ab98789225|__AUTOMETRIC__
__AUTOMETRIC__|0.1.2|2588207|crew_log_f2d067066ae031d2|0|1786917339.099|27.960|0.874|28380008448|38083944448|sim_data_501796ab98789225|__AUTOMETRIC__
__AUTOMETRIC__|0.1.2|2588207|crew_log_f2d067066ae031d2|0|1786917340.101|0.999|0.031|28380008448|38083944448|sim_data_501796ab98789225|__AUTOMETRIC__
__AUTOMETRIC__|0.1.2|2588207|crew_log_f2d067066ae031d2|0|1786917341.102|1.997|0.062|28380008448|38083944448|sim_data_501796ab98789225|__AUTOMETRIC__
__AUTOMETRIC__|0.1.2|2588207|crew_log_f2d067066ae031d2|0|1786917342.104|0.998|0.031|28380008448|38083944448|sim_data_501796ab98789225|__AUTOMETRIC__
__AUTOMETRIC__|0.1.2|2588207|crew_log_f2d067066ae031d2|0|1786917343.105|53.929|1.685|28380532736|38085697536|sim_data_501796ab98789225|__AUTOMETRIC__
__AUTOMETRIC__|0.1.2|2588207|crew_log_f2d067066ae031d2|0|1786917344.106|99.856|3.121|28380008448|38083944448|sim_data_501796ab98789225|__AUTOMETRIC__
__AUTOMETRIC__|0.1.2|2588207|crew_log_f2d067066ae031d2|0|1786917345.108|98.843|3.089|28380008448|38083944448|sim_data_501796ab98789225|__AUTOMETRIC__
__AUTOMETRIC__|0.1.2|2588207|crew_log_f2d067066ae031d2|0|1786917346.109|286.622|8.957|28380008448|38083944448|sim_data_501796ab98789225|__AUTOMETRIC__
__AUTOMETRIC__|0.1.2|2588207|crew_log_f2d067066ae031d2|0|1786917347.111|463.388|14.481|28380008448|38083944448|sim_data_501796ab98789225|__AUTOMETRIC__
__AUTOMETRIC__|0.1.2|2588207|crew_log_f2d067066ae031d2|0|1786917348.113|131.749|4.117|28380008448|38083944448|sim_data_501796ab98789225|__AUTOMETRIC__
__AUTOMETRIC__|0.1.2|2588207|crew_log_f2d067066ae031d2|0|1786917349.114|98.875|3.090|28380008448|38083944448|sim_data_501796ab98789225|__AUTOMETRIC__
__AUTOMETRIC__|0.1.2|2588207|crew_log_f2d067066ae031d2|0|1786917350.151|66.537|2.079|28380008448|38083944448|sim_data_501796ab98789225|__AUTOMETRIC__
__AUTOMETRIC__|0.1.2|2588207|crew_log_f2d067066ae031d2|0|1786917351.152|26.966|0.843|28380008448|38083944448|sim_data_501796ab98789225|__AUTOMETRIC__
__AUTOMETRIC__|0.1.2|2588207|crew_log_f2d067066ae031d2|0|1786917352.153|2.996|0.094|28380008448|38083944448|sim_data_501796ab98789225|__AUTOMETRIC__
__AUTOMETRIC__|0.1.2|2588207|crew_log_f2d067066ae031d2|0|1786917353.155|0.999|0.031|28380008448|38083944448|sim_data_501796ab98789225|__AUTOMETRIC__
__AUTOMETRIC__|0.1.2|2588207|crew_log_f2d067066ae031d2|0|1786917354.156|0.998|0.031|28380008448|38083944448|sim_data_501796ab98789225|__AUTOMETRIC__
__AUTOMETRIC__|0.1.2|2588207|crew_log_f2d067066ae031d2|0|1786917355.157|26.966|0.843|28380008448|38083944448|sim_data_501796ab98789225|__AUTOMETRIC__
__AUTOMETRIC__|0.1.2|2588207|crew_log_f2d067066ae031d2|0|1786917356.159|1.997|0.062|28380008448|38083944448|sim_data_501796ab98789225|__AUTOMETRIC__
__AUTOMETRIC__|0.1.2|2588207|crew_log_f2d067066ae031d2|0|1786917357.160|0.999|0.031|28380008448|38083944448|sim_data_501796ab98789225|__AUTOMETRIC__
__AUTOMETRIC__|0.1.2|2588207|crew_log_f2d067066ae031d2|0|1786917358.172|26.692|0.834|28380008448|38083944448|sim_data_501796ab98789225|__AUTOMETRIC__
__AUTOMETRIC__|0.1.2|2588207|crew_log_f2d067066ae031d2|0|1786917359.173|0.999|0.031|28380008448|38083944448|sim_data_501796ab98789225|__AUTOMETRIC__
__AUTOMETRIC__|0.1.2|2588207|crew_log_f2d067066ae031d2|0|1786917360.174|1.997|0.062|28380008448|38083944448|sim_data_501796ab98789225|__AUTOMETRIC__
__AUTOMETRIC__|0.1.2|2588207|crew_log_f2d067066ae031d2|0|1786917361.176|1.998|0.062|28380008448|38083944448|sim_data_501796ab98789225|__AUTOMETRIC__
__AUTOMETRIC__|0.1.2|2588207|crew_log_f2d067066ae031d2|0|1786917362.177|26.954|0.842|28380008448|38083944448|sim_data_501796ab98789225|__AUTOMETRIC__
__AUTOMETRIC__|0.1.2|2588207|crew_log_f2d067066ae031d2|0|1786917363.179|0.999|0.031|28380008448|38083944448|sim_data_501796ab98789225|__AUTOMETRIC__
__AUTOMETRIC__|0.1.2|2588207|crew_log_f2d067066ae031d2|0|1786917364.180|1.997|0.062|28380008448|38083944448|sim_data_501796ab98789225|__AUTOMETRIC__
__AUTOMETRIC__|0.1.2|2588207|crew_log_f2d067066ae031d2|0|1786917365.181|9.986|0.312|28380008448|38083944448|sim_data_501796ab98789225|__AUTOMETRIC__
__AUTOMETRIC__|0.1.2|2588207|crew_log_f2d067066ae031d2|0|1786917366.183|87.882|2.746|28380008448|38083944448|sim_data_501796ab98789225|__AUTOMETRIC__
__AUTOMETRIC__|0.1.2|2588207|crew_log_f2d067066ae031d2|0|1786917367.186|99.691|3.115|28380008448|38083944448|sim_data_501796ab98789225|__AUTOMETRIC__
__AUTOMETRIC__|0.1.2|2588207|crew_log_f2d067066ae031d2|0|1786917368.187|98.828|3.088|28380008448|38083944448|sim_data_501796ab98789225|__AUTOMETRIC__
__AUTOMETRIC__|0.1.2|2588207|crew_log_f2d067066ae031d2|0|1786917369.189|502.236|15.695|28380008448|38083944448|sim_data_501796ab98789225|__AUTOMETRIC__
__AUTOMETRIC__|0.1.2|2588207|crew_log_f2d067066ae031d2|0|1786917370.190|493.350|15.417|28380008448|38083944448|sim_data_501796ab98789225|__AUTOMETRIC__
__AUTOMETRIC__|0.1.2|2588207|crew_log_f2d067066ae031d2|0|1786917371.192|120.854|3.777|28380008448|38083944448|sim_data_501796ab98789225|__AUTOMETRIC__
__AUTOMETRIC__|0.1.2|2588207|crew_log_f2d067066ae031d2|0|1786917372.193|109.858|3.433|28380008448|38083944448|sim_data_501796ab98789225|__AUTOMETRIC__
__AUTOMETRIC__|0.1.2|2588207|crew_log_f2d067066ae031d2|0|1786917373.198|66.648|2.083|28380008448|38083944448|sim_data_501796ab98789225|__AUTOMETRIC__
__AUTOMETRIC__|0.1.2|2588207|crew_log_f2d067066ae031d2|0|1786917374.200|28.955|0.905|28380008448|38083944448|sim_data_501796ab98789225|__AUTOMETRIC__
__AUTOMETRIC__|0.1.2|2588207|crew_log_f2d067066ae031d2|0|1786917375.201|1.998|0.062|28380008448|38083944448|sim_data_501796ab98789225|__AUTOMETRIC__
__AUTOMETRIC__|0.1.2|2588207|crew_log_f2d067066ae031d2|0|1786917376.202|0.999|0.031|28380008448|38083944448|sim_data_501796ab98789225|__AUTOMETRIC__
__AUTOMETRIC__|0.1.2|2588207|crew_log_f2d067066ae031d2|0|1786917377.204|0.999|0.031|28380008448|38083944448|sim_data_501796ab98789225|__AUTOMETRIC__
__AUTOMETRIC__|0.1.2|2588207|crew_log_f2d067066ae031d2|0|1786917378.206|26.950|0.842|28380008448|38083944448|sim_data_501796ab98789225|__AUTOMETRIC__
__AUTOMETRIC__|0.1.2|2588207|crew_log_f2d067066ae031d2|0|1786917379.207|1.997|0.062|28380008448|38083944448|sim_data_501796ab98789225|__AUTOMETRIC__
__AUTOMETRIC__|0.1.2|2588207|crew_log_f2d067066ae031d2|0|1786917380.208|0.998|0.031|28380008448|38083944448|sim_data_501796ab98789225|__AUTOMETRIC__
__AUTOMETRIC__|0.1.2|2588207|crew_log_f2d067066ae031d2|0|1786917381.210|0.999|0.031|28380008448|38083944448|sim_data_501796ab98789225|__AUTOMETRIC__
__AUTOMETRIC__|0.1.2|2588207|crew_log_f2d067066ae031d2|0|1786917382.211|27.965|0.874|28380008448|38083944448|sim_data_501796ab98789225|__AUTOMETRIC__
__AUTOMETRIC__|0.1.2|2588207|crew_log_f2d067066ae031d2|0|1786917383.212|0.999|0.031|28380008448|38083944448|sim_data_501796ab98789225|__AUTOMETRIC__
__AUTOMETRIC__|0.1.2|2588207|crew_log_f2d067066ae031d2|0|1786917384.214|1.997|0.062|28380008448|38083944448|sim_data_501796ab98789225|__AUTOMETRIC__
__AUTOMETRIC__|0.1.2|2588207|crew_log_f2d067066ae031d2|0|1786917385.215|0.999|0.031|28380008448|38083944448|sim_data_501796ab98789225|__AUTOMETRIC__
__AUTOMETRIC__|0.1.2|2588207|crew_log_f2d067066ae031d2|0|1786917386.216|27.963|0.874|28380008448|38083944448|sim_data_501796ab98789225|__AUTOMETRIC__
__AUTOMETRIC__|0.1.2|2588207|crew_log_f2d067066ae031d2|0|1786917387.218|0.999|0.031|28380008448|38083944448|sim_data_501796ab98789225|__AUTOMETRIC__
__AUTOMETRIC__|0.1.2|2588207|crew_log_f2d067066ae031d2|0|1786917388.219|1.996|0.062|28380008448|38083944448|sim_data_501796ab98789225|__AUTOMETRIC__
__AUTOMETRIC__|0.1.2|2588207|crew_log_f2d067066ae031d2|0|1786917389.221|0.999|0.031|28380008448|38083944448|sim_data_501796ab98789225|__AUTOMETRIC__
__AUTOMETRIC__|0.1.2|2588207|crew_log_f2d067066ae031d2|0|1786917390.222|74.890|2.340|28380008448|38083944448|sim_data_501796ab98789225|__AUTOMETRIC__
__AUTOMETRIC__|0.1.2|2588207|crew_log_f2d067066ae031d2|0|1786917391.224|99.870|3.121|28380008448|38083944448|sim_data_501796ab98789225|__AUTOMETRIC__
__AUTOMETRIC__|0.1.2|2588207|crew_log_f2d067066ae031d2|0|1786917392.225|98.858|3.089|28380008448|38083944448|sim_data_501796ab98789225|__AUTOMETRIC__
__AUTOMETRIC__|0.1.2|2588207|crew_log_f2d067066ae031d2|0|1786917393.226|418.383|13.074|28380008448|38083944448|sim_data_501796ab98789225|__AUTOMETRIC__
__AUTOMETRIC__|0.1.2|2588207|crew_log_f2d067066ae031d2|0|1786917394.228|482.370|15.074|28380008448|38083944448|sim_data_501796ab98789225|__AUTOMETRIC__
__AUTOMETRIC__|0.1.2|2588207|crew_log_f2d067066ae031d2|0|1786917395.229|109.867|3.433|28380008448|38083944448|sim_data_501796ab98789225|__AUTOMETRIC__
__AUTOMETRIC__|0.1.2|2588207|crew_log_f2d067066ae031d2|0|1786917396.230|121.859|3.808|28380008448|38083944448|sim_data_501796ab98789225|__AUTOMETRIC__
__AUTOMETRIC__|0.1.2|2588207|crew_log_f2d067066ae031d2|0|1786917397.427|69.344|2.167|28380008448|38083944448|sim_data_501796ab98789225|__AUTOMETRIC__
__AUTOMETRIC__|0.1.2|2588207|crew_log_f2d067066ae031d2|0|1786917398.430|27.923|0.873|28380008448|38083944448|sim_data_501796ab98789225|__AUTOMETRIC__
__AUTOMETRIC__|0.1.2|2588207|crew_log_f2d067066ae031d2|0|1786917399.431|1.997|0.062|28380008448|38083944448|sim_data_501796ab98789225|__AUTOMETRIC__
__AUTOMETRIC__|0.1.2|2588207|crew_log_f2d067066ae031d2|0|1786917400.433|0.999|0.031|28380008448|38083944448|sim_data_501796ab98789225|__AUTOMETRIC__
__AUTOMETRIC__|0.1.2|2588207|crew_log_f2d067066ae031d2|0|1786917401.434|1.997|0.062|28380008448|38083944448|sim_data_501796ab98789225|__AUTOMETRIC__
__AUTOMETRIC__|0.1.2|2588207|crew_log_f2d067066ae031d2|0|1786917402.435|26.959|0.842|28380008448|38083944448|sim_data_501796ab98789225|__AUTOMETRIC__
__AUTOMETRIC__|0.1.2|2588207|crew_log_f2d067066ae031d2|0|1786917403.437|0.999|0.031|28380008448|38083944448|sim_data_501796ab98789225|__AUTOMETRIC__
__AUTOMETRIC__|0.1.2|2588207|crew_log_f2d067066ae031d2|0|1786917404.438|0.999|0.031|28380008448|38083944448|sim_data_501796ab98789225|__AUTOMETRIC__
__AUTOMETRIC__|0.1.2|2588207|crew_log_f2d067066ae031d2|0|1786917405.553|25.111|0.785|28380008448|38083944448|sim_data_501796ab98789225|__AUTOMETRIC__
__AUTOMETRIC__|0.1.2|2588207|crew_log_f2d067066ae031d2|0|1786917406.554|1.997|0.062|28380008448|38083944448|sim_data_501796ab98789225|__AUTOMETRIC__
__AUTOMETRIC__|0.1.2|2588207|crew_log_f2d067066ae031d2|0|1786917407.556|0.999|0.031|28380008448|38083944448|sim_data_501796ab98789225|__AUTOMETRIC__
__AUTOMETRIC__|0.1.2|2588207|crew_log_f2d067066ae031d2|0|1786917408.557|0.999|0.031|28380008448|38083944448|sim_data_501796ab98789225|__AUTOMETRIC__
__AUTOMETRIC__|0.1.2|2588207|crew_log_f2d067066ae031d2|0|1786917409.559|26.963|0.843|28380008448|38083944448|sim_data_501796ab98789225|__AUTOMETRIC__
__AUTOMETRIC__|0.1.2|2588207|crew_log_f2d067066ae031d2|0|1786917410.560|2.996|0.094|28380008448|38083944448|sim_data_501796ab98789225|__AUTOMETRIC__
__AUTOMETRIC__|0.1.2|2588207|crew_log_f2d067066ae031d2|0|1786917411.564|0.995|0.031|28380008448|38083944448|sim_data_501796ab98789225|__AUTOMETRIC__
__AUTOMETRIC__|0.1.2|2588207|crew_log_f2d067066ae031d2|0|1786917412.566|1.997|0.062|28380008448|38083944448|sim_data_501796ab98789225|__AUTOMETRIC__
__AUTOMETRIC__|0.1.2|2588207|crew_log_f2d067066ae031d2|0|1786917413.567|86.889|2.715|28380008448|38083944448|sim_data_501796ab98789225|__AUTOMETRIC__
__AUTOMETRIC__|0.1.2|2588207|crew_log_f2d067066ae031d2|0|1786917414.569|98.867|3.090|28380008448|38083944448|sim_data_501796ab98789225|__AUTOMETRIC__
__AUTOMETRIC__|0.1.2|2588207|crew_log_f2d067066ae031d2|0|1786917415.570|98.871|3.090|28380008448|38083944448|sim_data_501796ab98789225|__AUTOMETRIC__
__AUTOMETRIC__|0.1.2|2588207|crew_log_f2d067066ae031d2|0|1786917416.571|180.736|5.648|28380008448|38083944448|sim_data_501796ab98789225|__AUTOMETRIC__
__AUTOMETRIC__|0.1.2|2588207|crew_log_f2d067066ae031d2|0|1786917417.573|579.223|18.101|28380008448|38083944448|sim_data_501796ab98789225|__AUTOMETRIC__
__AUTOMETRIC__|0.1.2|2588207|crew_log_f2d067066ae031d2|0|1786917418.574|452.409|14.138|28380008448|38083944448|sim_data_501796ab98789225|__AUTOMETRIC__
__AUTOMETRIC__|0.1.2|2588207|crew_log_f2d067066ae031d2|0|1786917419.575|131.838|4.120|28380008448|38083944448|sim_data_501796ab98789225|__AUTOMETRIC__
__AUTOMETRIC__|0.1.2|2588207|crew_log_f2d067066ae031d2|0|1786917420.577|98.869|3.090|28380008448|38083944448|sim_data_501796ab98789225|__AUTOMETRIC__
__AUTOMETRIC__|0.1.2|2588207|crew_log_f2d067066ae031d2|0|1786917421.578|61.911|1.935|28380008448|38083944448|sim_data_501796ab98789225|__AUTOMETRIC__
__AUTOMETRIC__|0.1.2|2588207|crew_log_f2d067066ae031d2|0|1786917422.579|27.962|0.874|28380008448|38083944448|sim_data_501796ab98789225|__AUTOMETRIC__
__AUTOMETRIC__|0.1.2|2588207|crew_log_f2d067066ae031d2|0|1786917423.581|0.999|0.031|28380008448|38083944448|sim_data_501796ab98789225|__AUTOMETRIC__
__AUTOMETRIC__|0.1.2|2588207|crew_log_f2d067066ae031d2|0|1786917424.582|0.999|0.031|28380008448|38083944448|sim_data_501796ab98789225|__AUTOMETRIC__
__AUTOMETRIC__|0.1.2|2588207|crew_log_f2d067066ae031d2|0|1786917425.583|1.997|0.062|28380008448|38083944448|sim_data_501796ab98789225|__AUTOMETRIC__
__AUTOMETRIC__|0.1.2|2588207|crew_log_f2d067066ae031d2|0|1786917426.585|26.965|0.843|28380008448|38083944448|sim_data_501796ab98789225|__AUTOMETRIC__
__AUTOMETRIC__|0.1.2|2588207|crew_log_f2d067066ae031d2|0|1786917427.586|1.997|0.062|28380008448|38083944448|sim_data_501796ab98789225|__AUTOMETRIC__
__AUTOMETRIC__|0.1.2|2588207|crew_log_f2d067066ae031d2|0|1786917428.588|0.999|0.031|28380008448|38083944448|sim_data_501796ab98789225|__AUTOMETRIC__
__AUTOMETRIC__|0.1.2|2588207|crew_log_f2d067066ae031d2|0|1786917429.589|1.997|0.062|28380008448|38083944448|sim_data_501796ab98789225|__AUTOMETRIC__
__AUTOMETRIC__|0.1.2|2588207|crew_log_f2d067066ae031d2|0|1786917430.591|26.960|0.843|28380008448|38083944448|sim_data_501796ab98789225|__AUTOMETRIC__
__AUTOMETRIC__|0.1.2|2588207|crew_log_f2d067066ae031d2|0|1786917431.593|1.997|0.062|28380008448|38083944448|sim_data_501796ab98789225|__AUTOMETRIC__
__AUTOMETRIC__|0.1.2|2588207|crew_log_f2d067066ae031d2|0|1786917432.594|0.999|0.031|28380008448|38083944448|sim_data_501796ab98789225|__AUTOMETRIC__
__AUTOMETRIC__|0.1.2|2588207|crew_log_f2d067066ae031d2|0|1786917433.716|24.961|0.780|28380008448|38083944448|sim_data_501796ab98789225|__AUTOMETRIC__
__AUTOMETRIC__|0.1.2|2588207|crew_log_f2d067066ae031d2|0|1786917434.717|0.999|0.031|28380008448|38083944448|sim_data_501796ab98789225|__AUTOMETRIC__
__AUTOMETRIC__|0.1.2|2588207|crew_log_f2d067066ae031d2|0|1786917435.719|1.997|0.062|28380008448|38083944448|sim_data_501796ab98789225|__AUTOMETRIC__
__AUTOMETRIC__|0.1.2|2588207|crew_log_f2d067066ae031d2|0|1786917436.720|0.999|0.031|28380008448|38083944448|sim_data_501796ab98789225|__AUTOMETRIC__
__AUTOMETRIC__|0.1.2|2588207|crew_log_f2d067066ae031d2|0|1786917437.721|43.948|1.373|28380008448|38085701632|sim_data_501796ab98789225|__AUTOMETRIC__
__AUTOMETRIC__|0.1.2|2588207|crew_log_f2d067066ae031d2|0|1786917438.723|97.855|3.058|28380008448|38083944448|sim_data_501796ab98789225|__AUTOMETRIC__
__AUTOMETRIC__|0.1.2|2588207|crew_log_f2d067066ae031d2|0|1786917439.724|98.873|3.090|28380008448|38083944448|sim_data_501796ab98789225|__AUTOMETRIC__
__AUTOMETRIC__|0.1.2|2588207|crew_log_f2d067066ae031d2|0|1786917440.725|241.683|7.553|28380008448|38083944448|sim_data_501796ab98789225|__AUTOMETRIC__
__AUTOMETRIC__|0.1.2|2588207|crew_log_f2d067066ae031d2|0|1786917441.726|557.303|17.416|28380008448|38083944448|sim_data_501796ab98789225|__AUTOMETRIC__
__AUTOMETRIC__|0.1.2|2588207|crew_log_f2d067066ae031d2|0|1786917442.728|98.855|3.089|28380008448|38083944448|sim_data_501796ab98789225|__AUTOMETRIC__
__AUTOMETRIC__|0.1.2|2588207|crew_log_f2d067066ae031d2|0|1786917443.729|131.825|4.120|28380008448|38083944448|sim_data_501796ab98789225|__AUTOMETRIC__
__AUTOMETRIC__|0.1.2|2588207|crew_log_f2d067066ae031d2|0|1786917444.878|70.519|2.204|28380008448|38083944448|sim_data_501796ab98789225|__AUTOMETRIC__
__AUTOMETRIC__|0.1.2|2588207|crew_log_f2d067066ae031d2|0|1786917445.879|27.962|0.874|28380008448|38083944448|sim_data_501796ab98789225|__AUTOMETRIC__
__AUTOMETRIC__|0.1.2|2588207|crew_log_f2d067066ae031d2|0|1786917446.881|1.997|0.062|28380008448|38083944448|sim_data_501796ab98789225|__AUTOMETRIC__
__AUTOMETRIC__|0.1.2|2588207|crew_log_f2d067066ae031d2|0|1786917447.882|0.998|0.031|28380008448|38083944448|sim_data_501796ab98789225|__AUTOMETRIC__
__AUTOMETRIC__|0.1.2|2588207|crew_log_f2d067066ae031d2|0|1786917448.884|0.999|0.031|28380008448|38083944448|sim_data_501796ab98789225|__AUTOMETRIC__
__AUTOMETRIC__|0.1.2|2588207|crew_log_f2d067066ae031d2|0|1786917449.885|0.999|0.031|28380008448|38083944448|sim_data_501796ab98789225|__AUTOMETRIC__
__AUTOMETRIC__|0.1.2|2588207|crew_log_f2d067066ae031d2|0|1786917450.886|26.967|0.843|28380008448|38083944448|sim_data_501796ab98789225|__AUTOMETRIC__
__AUTOMETRIC__|0.1.2|2588207|crew_log_f2d067066ae031d2|0|1786917451.888|1.997|0.062|28380008448|38083944448|sim_data_501796ab98789225|__AUTOMETRIC__
__AUTOMETRIC__|0.1.2|2588207|crew_log_f2d067066ae031d2|0|1786917452.889|0.999|0.031|28380008448|38083944448|sim_data_501796ab98789225|__AUTOMETRIC__
__AUTOMETRIC__|0.1.2|2588207|crew_log_f2d067066ae031d2|0|1786917453.890|0.999|0.031|28380008448|38083944448|sim_data_501796ab98789225|__AUTOMETRIC__
__AUTOMETRIC__|0.1.2|2588207|crew_log_f2d067066ae031d2|0|1786917454.931|26.899|0.841|28380008448|38083944448|sim_data_501796ab98789225|__AUTOMETRIC__
__AUTOMETRIC__|0.1.2|2588207|crew_log_f2d067066ae031d2|0|1786917455.933|1.997|0.062|28380008448|38083944448|sim_data_501796ab98789225|__AUTOMETRIC__
__AUTOMETRIC__|0.1.2|2588207|crew_log_f2d067066ae031d2|0|1786917456.934|0.999|0.031|28380008448|38083944448|sim_data_501796ab98789225|__AUTOMETRIC__
__AUTOMETRIC__|0.1.2|2588207|crew_log_f2d067066ae031d2|0|1786917457.935|0.999|0.031|28380008448|38083944448|sim_data_501796ab98789225|__AUTOMETRIC__
__AUTOMETRIC__|0.1.2|2588207|crew_log_f2d067066ae031d2|0|1786917458.936|27.963|0.874|28380008448|38083944448|sim_data_501796ab98789225|__AUTOMETRIC__
__AUTOMETRIC__|0.1.2|2588207|crew_log_f2d067066ae031d2|0|1786917459.938|1.997|0.062|28380008448|38083944448|sim_data_501796ab98789225|__AUTOMETRIC__
__AUTOMETRIC__|0.1.2|2588207|crew_log_f2d067066ae031d2|0|1786917460.939|1.997|0.062|28380008448|38083944448|sim_data_501796ab98789225|__AUTOMETRIC__
__AUTOMETRIC__|0.1.2|2588207|crew_log_f2d067066ae031d2|0|1786917461.941|0.999|0.031|28380008448|38083944448|sim_data_501796ab98789225|__AUTOMETRIC__
__AUTOMETRIC__|0.1.2|2588207|crew_log_f2d067066ae031d2|0|1786917462.943|0.997|0.031|28380008448|38083944448|sim_data_501796ab98789225|__AUTOMETRIC__
__AUTOMETRIC__|0.1.2|2588207|crew_log_f2d067066ae031d2|0|1786917463.944|54.938|1.717|28380008448|38083944448|sim_data_501796ab98789225|__AUTOMETRIC__
__AUTOMETRIC__|0.1.2|2588207|crew_log_f2d067066ae031d2|0|1786917464.946|91.882|2.871|28380008448|38083944448|sim_data_501796ab98789225|__AUTOMETRIC__
__AUTOMETRIC__|0.1.2|2588207|crew_log_f2d067066ae031d2|0|1786917465.947|98.872|3.090|28380008448|38083944448|sim_data_501796ab98789225|__AUTOMETRIC__
__AUTOMETRIC__|0.1.2|2588207|crew_log_f2d067066ae031d2|0|1786917466.948|158.778|4.962|28380008448|38083944448|sim_data_501796ab98789225|__AUTOMETRIC__
__AUTOMETRIC__|0.1.2|2588207|crew_log_f2d067066ae031d2|0|1786917467.950|489.379|15.293|28380008448|38083944448|sim_data_501796ab98789225|__AUTOMETRIC__
__AUTOMETRIC__|0.1.2|2588207|crew_log_f2d067066ae031d2|0|1786917468.951|702.659|21.958|28380008448|38083944448|sim_data_501796ab98789225|__AUTOMETRIC__
__AUTOMETRIC__|0.1.2|2588207|crew_log_f2d067066ae031d2|0|1786917469.953|99.862|3.121|28380008448|38083944448|sim_data_501796ab98789225|__AUTOMETRIC__
__AUTOMETRIC__|0.1.2|2588207|crew_log_f2d067066ae031d2|0|1786917470.954|131.828|4.120|28380008448|38083944448|sim_data_501796ab98789225|__AUTOMETRIC__
__AUTOMETRIC__|0.1.2|2588207|crew_log_f2d067066ae031d2|0|1786917471.956|77.893|2.434|28380008448|38083944448|sim_data_501796ab98789225|__AUTOMETRIC__
__AUTOMETRIC__|0.1.2|2588207|crew_log_f2d067066ae031d2|0|1786917472.985|53.444|1.670|28380008448|38083944448|sim_data_501796ab98789225|__AUTOMETRIC__
__AUTOMETRIC__|0.1.2|2588207|crew_log_f2d067066ae031d2|0|1786917473.986|0.999|0.031|28380008448|38083944448|sim_data_501796ab98789225|__AUTOMETRIC__
__AUTOMETRIC__|0.1.2|2588207|crew_log_f2d067066ae031d2|0|1786917474.988|1.996|0.062|28380008448|38083944448|sim_data_501796ab98789225|__AUTOMETRIC__
__AUTOMETRIC__|0.1.2|2588207|crew_log_f2d067066ae031d2|0|1786917475.989|0.999|0.031|28380008448|38083944448|sim_data_501796ab98789225|__AUTOMETRIC__
__AUTOMETRIC__|0.1.2|2588207|crew_log_f2d067066ae031d2|0|1786917476.990|27.964|0.874|28380008448|38083944448|sim_data_501796ab98789225|__AUTOMETRIC__
__AUTOMETRIC__|0.1.2|2588207|crew_log_f2d067066ae031d2|0|1786917477.992|0.999|0.031|28380008448|38083944448|sim_data_501796ab98789225|__AUTOMETRIC__
__AUTOMETRIC__|0.1.2|2588207|crew_log_f2d067066ae031d2|0|1786917478.994|0.998|0.031|28380008448|38083944448|sim_data_501796ab98789225|__AUTOMETRIC__
__AUTOMETRIC__|0.1.2|2588207|crew_log_f2d067066ae031d2|0|1786917479.995|1.997|0.062|28380008448|38083944448|sim_data_501796ab98789225|__AUTOMETRIC__
__AUTOMETRIC__|0.1.2|2588207|crew_log_f2d067066ae031d2|0|1786917480.996|26.965|0.843|28380008448|38083944448|sim_data_501796ab98789225|__AUTOMETRIC__
__AUTOMETRIC__|0.1.2|2588207|crew_log_f2d067066ae031d2|0|1786917481.998|1.998|0.062|28380008448|38083944448|sim_data_501796ab98789225|__AUTOMETRIC__
__AUTOMETRIC__|0.1.2|2588207|crew_log_f2d067066ae031d2|0|1786917482.999|0.998|0.031|28380008448|38083944448|sim_data_501796ab98789225|__AUTOMETRIC__
__AUTOMETRIC__|0.1.2|2588207|crew_log_f2d067066ae031d2|0|1786917484.127|24.826|0.776|28380008448|38083944448|sim_data_501796ab98789225|__AUTOMETRIC__
__AUTOMETRIC__|0.1.2|2588207|crew_log_f2d067066ae031d2|0|1786917485.129|0.999|0.031|28380008448|38083944448|sim_data_501796ab98789225|__AUTOMETRIC__
__AUTOMETRIC__|0.1.2|2588207|crew_log_f2d067066ae031d2|0|1786917486.130|1.997|0.062|28380008448|38083944448|sim_data_501796ab98789225|__AUTOMETRIC__
__AUTOMETRIC__|0.1.2|2588207|crew_log_f2d067066ae031d2|0|1786917487.131|0.999|0.031|28380008448|38083944448|sim_data_501796ab98789225|__AUTOMETRIC__
__AUTOMETRIC__|0.1.2|2588207|crew_log_f2d067066ae031d2|0|1786917488.133|36.945|1.155|28380008448|38083944448|sim_data_501796ab98789225|__AUTOMETRIC__
__AUTOMETRIC__|0.1.2|2588207|crew_log_f2d067066ae031d2|0|1786917489.135|94.829|2.963|28380008448|38083944448|sim_data_501796ab98789225|__AUTOMETRIC__
__AUTOMETRIC__|0.1.2|2588207|crew_log_f2d067066ae031d2|0|1786917490.136|98.840|3.089|28380008448|38083944448|sim_data_501796ab98789225|__AUTOMETRIC__
__AUTOMETRIC__|0.1.2|2588207|crew_log_f2d067066ae031d2|0|1786917491.138|191.755|5.992|28380008448|38083944448|sim_data_501796ab98789225|__AUTOMETRIC__
__AUTOMETRIC__|0.1.2|2588207|crew_log_f2d067066ae031d2|0|1786917492.139|573.262|17.914|28380008448|38083944448|sim_data_501796ab98789225|__AUTOMETRIC__
__AUTOMETRIC__|0.1.2|2588207|crew_log_f2d067066ae031d2|0|1786917493.141|98.831|3.088|28380008448|38083944448|sim_data_501796ab98789225|__AUTOMETRIC__
__AUTOMETRIC__|0.1.2|2588207|crew_log_f2d067066ae031d2|0|1786917494.142|131.802|4.119|28380008448|38083944448|sim_data_501796ab98789225|__AUTOMETRIC__
__AUTOMETRIC__|0.1.2|2588207|crew_log_f2d067066ae031d2|0|1786917495.334|71.313|2.229|28380008448|38083944448|sim_data_501796ab98789225|__AUTOMETRIC__
__AUTOMETRIC__|0.1.2|2588207|crew_log_f2d067066ae031d2|0|1786917496.335|28.964|0.905|28380008448|38083944448|sim_data_501796ab98789225|__AUTOMETRIC__
__AUTOMETRIC__|0.1.2|2588207|crew_log_f2d067066ae031d2|0|1786917497.337|1.997|0.062|28380008448|38083944448|sim_data_501796ab98789225|__AUTOMETRIC__
__AUTOMETRIC__|0.1.2|2588207|crew_log_f2d067066ae031d2|0|1786917498.338|0.999|0.031|28380008448|38083944448|sim_data_501796ab98789225|__AUTOMETRIC__
__AUTOMETRIC__|0.1.2|2588207|crew_log_f2d067066ae031d2|0|1786917499.340|0.998|0.031|28380008448|38083944448|sim_data_501796ab98789225|__AUTOMETRIC__
__AUTOMETRIC__|0.1.2|2588207|crew_log_f2d067066ae031d2|0|1786917500.341|26.960|0.843|28380008448|38083944448|sim_data_501796ab98789225|__AUTOMETRIC__
__AUTOMETRIC__|0.1.2|2588207|crew_log_f2d067066ae031d2|0|1786917501.343|0.999|0.031|28380008448|38083944448|sim_data_501796ab98789225|__AUTOMETRIC__
__AUTOMETRIC__|0.1.2|2588207|crew_log_f2d067066ae031d2|0|1786917502.344|1.997|0.062|28380008448|38083944448|sim_data_501796ab98789225|__AUTOMETRIC__
__AUTOMETRIC__|0.1.2|2588207|crew_log_f2d067066ae031d2|0|1786917503.360|27.558|0.861|28380008448|38083944448|sim_data_501796ab98789225|__AUTOMETRIC__
__AUTOMETRIC__|0.1.2|2588207|crew_log_f2d067066ae031d2|0|1786917504.361|0.999|0.031|28380008448|38083944448|sim_data_501796ab98789225|__AUTOMETRIC__
__AUTOMETRIC__|0.1.2|2588207|crew_log_f2d067066ae031d2|0|1786917505.363|1.997|0.062|28380008448|38083944448|sim_data_501796ab98789225|__AUTOMETRIC__
__AUTOMETRIC__|0.1.2|2588207|crew_log_f2d067066ae031d2|0|1786917506.364|0.999|0.031|28380008448|38083944448|sim_data_501796ab98789225|__AUTOMETRIC__
__AUTOMETRIC__|0.1.2|2588207|crew_log_f2d067066ae031d2|0|1786917507.366|26.966|0.843|28380008448|38083944448|sim_data_501796ab98789225|__AUTOMETRIC__
__AUTOMETRIC__|0.1.2|2588207|crew_log_f2d067066ae031d2|0|1786917508.367|1.997|0.062|28380008448|38083944448|sim_data_501796ab98789225|__AUTOMETRIC__
__AUTOMETRIC__|0.1.2|2588207|crew_log_f2d067066ae031d2|0|1786917509.368|1.998|0.062|28380008448|38083944448|sim_data_501796ab98789225|__AUTOMETRIC__
__AUTOMETRIC__|0.1.2|2588207|crew_log_f2d067066ae031d2|0|1786917510.370|1.997|0.062|28380008448|38083944448|sim_data_501796ab98789225|__AUTOMETRIC__
__AUTOMETRIC__|0.1.2|2588207|crew_log_f2d067066ae031d2|0|1786917511.371|85.889|2.684|28380008448|38083944448|sim_data_501796ab98789225|__AUTOMETRIC__
__AUTOMETRIC__|0.1.2|2588207|crew_log_f2d067066ae031d2|0|1786917512.372|98.841|3.089|28380008448|38083944448|sim_data_501796ab98789225|__AUTOMETRIC__
__AUTOMETRIC__|0.1.2|2588207|crew_log_f2d067066ae031d2|0|1786917513.374|99.844|3.120|28380008448|38083944448|sim_data_501796ab98789225|__AUTOMETRIC__
__AUTOMETRIC__|0.1.2|2588207|crew_log_f2d067066ae031d2|0|1786917514.376|273.576|8.549|28380008448|38083944448|sim_data_501796ab98789225|__AUTOMETRIC__
__AUTOMETRIC__|0.1.2|2588207|crew_log_f2d067066ae031d2|0|1786917515.377|396.448|12.389|28380008448|38083944448|sim_data_501796ab98789225|__AUTOMETRIC__
__AUTOMETRIC__|0.1.2|2588207|crew_log_f2d067066ae031d2|0|1786917516.378|172.742|5.398|28380008448|38083944448|sim_data_501796ab98789225|__AUTOMETRIC__
__AUTOMETRIC__|0.1.2|2588207|crew_log_f2d067066ae031d2|0|1786917517.380|131.806|4.119|28380008448|38083944448|sim_data_501796ab98789225|__AUTOMETRIC__
__AUTOMETRIC__|0.1.2|2588207|crew_log_f2d067066ae031d2|0|1786917518.381|93.855|2.933|28380008448|38083944448|sim_data_501796ab98789225|__AUTOMETRIC__
__AUTOMETRIC__|0.1.2|2588207|crew_log_f2d067066ae031d2|0|1786917519.581|47.501|1.484|28380008448|38083944448|sim_data_501796ab98789225|__AUTOMETRIC__
__AUTOMETRIC__|0.1.2|2588207|crew_log_f2d067066ae031d2|0|1786917520.583|0.998|0.031|28380008448|38083944448|sim_data_501796ab98789225|__AUTOMETRIC__
__AUTOMETRIC__|0.1.2|2588207|crew_log_f2d067066ae031d2|0|1786917521.584|0.998|0.031|28380008448|38083944448|sim_data_501796ab98789225|__AUTOMETRIC__
__AUTOMETRIC__|0.1.2|2588207|crew_log_f2d067066ae031d2|0|1786917522.586|0.999|0.031|28380008448|38083944448|sim_data_501796ab98789225|__AUTOMETRIC__
__AUTOMETRIC__|0.1.2|2588207|crew_log_f2d067066ae031d2|0|1786917523.588|27.951|0.873|28380008448|38083944448|sim_data_501796ab98789225|__AUTOMETRIC__
__AUTOMETRIC__|0.1.2|2588207|crew_log_f2d067066ae031d2|0|1786917524.589|0.998|0.031|28380008448|38083944448|sim_data_501796ab98789225|__AUTOMETRIC__
__AUTOMETRIC__|0.1.2|2588207|crew_log_f2d067066ae031d2|0|1786917525.591|1.997|0.062|28380008448|38083944448|sim_data_501796ab98789225|__AUTOMETRIC__
__AUTOMETRIC__|0.1.2|2588207|crew_log_f2d067066ae031d2|0|1786917526.593|0.998|0.031|28380008448|38083944448|sim_data_501796ab98789225|__AUTOMETRIC__
__AUTOMETRIC__|0.1.2|2588207|crew_log_f2d067066ae031d2|0|1786917527.594|27.960|0.874|28380008448|38083944448|sim_data_501796ab98789225|__AUTOMETRIC__
__AUTOMETRIC__|0.1.2|2588207|crew_log_f2d067066ae031d2|0|1786917528.596|0.998|0.031|28380008448|38083944448|sim_data_501796ab98789225|__AUTOMETRIC__
__AUTOMETRIC__|0.1.2|2588207|crew_log_f2d067066ae031d2|0|1786917529.597|1.997|0.062|28380008448|38083944448|sim_data_501796ab98789225|__AUTOMETRIC__
__AUTOMETRIC__|0.1.2|2588207|crew_log_f2d067066ae031d2|0|1786917530.599|0.999|0.031|28380008448|38083944448|sim_data_501796ab98789225|__AUTOMETRIC__
__AUTOMETRIC__|0.1.2|2588207|crew_log_f2d067066ae031d2|0|1786917531.600|27.959|0.874|28380008448|38083944448|sim_data_501796ab98789225|__AUTOMETRIC__
__AUTOMETRIC__|0.1.2|2588207|crew_log_f2d067066ae031d2|0|1786917532.602|1.997|0.062|28380008448|38083944448|sim_data_501796ab98789225|__AUTOMETRIC__
__AUTOMETRIC__|0.1.2|2588207|crew_log_f2d067066ae031d2|0|1786917533.603|0.998|0.031|28380008448|38083944448|sim_data_501796ab98789225|__AUTOMETRIC__
__AUTOMETRIC__|0.1.2|2588207|crew_log_f2d067066ae031d2|0|1786917534.605|0.998|0.031|28380008448|38083944448|sim_data_501796ab98789225|__AUTOMETRIC__
__AUTOMETRIC__|0.1.2|2588207|crew_log_f2d067066ae031d2|0|1786917535.606|24.965|0.780|28380008448|38085697536|sim_data_501796ab98789225|__AUTOMETRIC__
__AUTOMETRIC__|0.1.2|2588207|crew_log_f2d067066ae031d2|0|1786917536.608|91.881|2.871|28380008448|38083944448|sim_data_501796ab98789225|__AUTOMETRIC__
__AUTOMETRIC__|0.1.2|2588207|crew_log_f2d067066ae031d2|0|1786917537.609|99.854|3.120|28380008448|38083944448|sim_data_501796ab98789225|__AUTOMETRIC__
__AUTOMETRIC__|0.1.2|2588207|crew_log_f2d067066ae031d2|0|1786917538.610|112.851|3.527|28380008448|38083944448|sim_data_501796ab98789225|__AUTOMETRIC__
__AUTOMETRIC__|0.1.2|2588207|crew_log_f2d067066ae031d2|0|1786917539.612|433.267|13.540|28380008448|38083944448|sim_data_501796ab98789225|__AUTOMETRIC__
__AUTOMETRIC__|0.1.2|2588207|crew_log_f2d067066ae031d2|0|1786917540.613|453.395|14.169|28380008448|38083944448|sim_data_501796ab98789225|__AUTOMETRIC__
__AUTOMETRIC__|0.1.2|2588207|crew_log_f2d067066ae031d2|0|1786917541.615|130.828|4.088|28380008448|38083944448|sim_data_501796ab98789225|__AUTOMETRIC__
__AUTOMETRIC__|0.1.2|2588207|crew_log_f2d067066ae031d2|0|1786917542.616|99.855|3.120|28380008448|38083944448|sim_data_501796ab98789225|__AUTOMETRIC__
__AUTOMETRIC__|0.1.2|2588207|crew_log_f2d067066ae031d2|0|1786917543.618|61.909|1.935|28380008448|38083944448|sim_data_501796ab98789225|__AUTOMETRIC__
__AUTOMETRIC__|0.1.2|2588207|crew_log_f2d067066ae031d2|0|1786917544.619|27.955|0.874|28380008448|38083944448|sim_data_501796ab98789225|__AUTOMETRIC__
__AUTOMETRIC__|0.1.2|2588207|crew_log_f2d067066ae031d2|0|1786917545.621|1.997|0.062|28380008448|38083944448|sim_data_501796ab98789225|__AUTOMETRIC__
__AUTOMETRIC__|0.1.2|2588207|crew_log_f2d067066ae031d2|0|1786917546.622|0.999|0.031|28380008448|38083944448|sim_data_501796ab98789225|__AUTOMETRIC__
__AUTOMETRIC__|0.1.2|2588207|crew_log_f2d067066ae031d2|0|1786917547.655|26.137|0.817|28380008448|38083944448|sim_data_501796ab98789225|__AUTOMETRIC__
__AUTOMETRIC__|0.1.2|2588207|crew_log_f2d067066ae031d2|0|1786917548.656|1.997|0.062|28380008448|38083944448|sim_data_501796ab98789225|__AUTOMETRIC__
__AUTOMETRIC__|0.1.2|2588207|crew_log_f2d067066ae031d2|0|1786917549.658|1.996|0.062|28380008448|38083944448|sim_data_501796ab98789225|__AUTOMETRIC__
__AUTOMETRIC__|0.1.2|2588207|crew_log_f2d067066ae031d2|0|1786917550.660|0.998|0.031|28380008448|38083944448|sim_data_501796ab98789225|__AUTOMETRIC__
__AUTOMETRIC__|0.1.2|2588207|crew_log_f2d067066ae031d2|0|1786917551.662|26.964|0.843|28380008448|38083944448|sim_data_501796ab98789225|__AUTOMETRIC__
__AUTOMETRIC__|0.1.2|2588207|crew_log_f2d067066ae031d2|0|1786917552.663|0.998|0.031|28380008448|38083944448|sim_data_501796ab98789225|__AUTOMETRIC__
__AUTOMETRIC__|0.1.2|2588207|crew_log_f2d067066ae031d2|0|1786917553.665|1.997|0.062|28380008448|38083944448|sim_data_501796ab98789225|__AUTOMETRIC__
__AUTOMETRIC__|0.1.2|2588207|crew_log_f2d067066ae031d2|0|1786917554.855|23.521|0.735|28380008448|38083944448|sim_data_501796ab98789225|__AUTOMETRIC__
__AUTOMETRIC__|0.1.2|2588207|crew_log_f2d067066ae031d2|0|1786917555.856|0.999|0.031|28380008448|38083944448|sim_data_501796ab98789225|__AUTOMETRIC__
__AUTOMETRIC__|0.1.2|2588207|crew_log_f2d067066ae031d2|0|1786917556.858|1.997|0.062|28380008448|38083944448|sim_data_501796ab98789225|__AUTOMETRIC__
__AUTOMETRIC__|0.1.2|2588207|crew_log_f2d067066ae031d2|0|1786917557.859|0.998|0.031|28380008448|38083944448|sim_data_501796ab98789225|__AUTOMETRIC__
__AUTOMETRIC__|0.1.2|2588207|crew_log_f2d067066ae031d2|0|1786917558.861|51.933|1.623|28380008448|38083944448|sim_data_501796ab98789225|__AUTOMETRIC__
__AUTOMETRIC__|0.1.2|2588207|crew_log_f2d067066ae031d2|0|1786917559.862|98.870|3.090|28380008448|38083944448|sim_data_501796ab98789225|__AUTOMETRIC__
__AUTOMETRIC__|0.1.2|2588207|crew_log_f2d067066ae031d2|0|1786917560.863|99.857|3.121|28380008448|38083944448|sim_data_501796ab98789225|__AUTOMETRIC__
__AUTOMETRIC__|0.1.2|2588207|crew_log_f2d067066ae031d2|0|1786917561.865|230.678|7.209|28380008448|38083944448|sim_data_501796ab98789225|__AUTOMETRIC__
__AUTOMETRIC__|0.1.2|2588207|crew_log_f2d067066ae031d2|0|1786917562.866|570.328|17.823|28380008448|38083944448|sim_data_501796ab98789225|__AUTOMETRIC__
__AUTOMETRIC__|0.1.2|2588207|crew_log_f2d067066ae031d2|0|1786917563.867|294.625|9.207|28380008448|38083944448|sim_data_501796ab98789225|__AUTOMETRIC__
__AUTOMETRIC__|0.1.2|2588207|crew_log_f2d067066ae031d2|0|1786917564.869|130.817|4.088|28380008448|38083944448|sim_data_501796ab98789225|__AUTOMETRIC__
__AUTOMETRIC__|0.1.2|2588207|crew_log_f2d067066ae031d2|0|1786917565.870|98.866|3.090|28380008448|38083944448|sim_data_501796ab98789225|__AUTOMETRIC__
__AUTOMETRIC__|0.1.2|2588207|crew_log_f2d067066ae031d2|0|1786917566.871|56.922|1.779|28380008448|38083944448|sim_data_501796ab98789225|__AUTOMETRIC__
__AUTOMETRIC__|0.1.2|2588207|crew_log_f2d067066ae031d2|0|1786917567.873|29.955|0.936|28380008448|38083944448|sim_data_501796ab98789225|__AUTOMETRIC__
__AUTOMETRIC__|0.1.2|2588207|crew_log_f2d067066ae031d2|0|1786917568.874|0.998|0.031|28380008448|38083944448|sim_data_501796ab98789225|__AUTOMETRIC__
__AUTOMETRIC__|0.1.2|2588207|crew_log_f2d067066ae031d2|0|1786917569.877|0.998|0.031|28380008448|38083944448|sim_data_501796ab98789225|__AUTOMETRIC__
__AUTOMETRIC__|0.1.2|2588207|crew_log_f2d067066ae031d2|0|1786917570.878|0.999|0.031|28380008448|38083944448|sim_data_501796ab98789225|__AUTOMETRIC__
__AUTOMETRIC__|0.1.2|2588207|crew_log_f2d067066ae031d2|0|1786917571.879|27.967|0.874|28380008448|38083944448|sim_data_501796ab98789225|__AUTOMETRIC__
__AUTOMETRIC__|0.1.2|2588207|crew_log_f2d067066ae031d2|0|1786917572.881|0.999|0.031|28380008448|38083944448|sim_data_501796ab98789225|__AUTOMETRIC__
__AUTOMETRIC__|0.1.2|2588207|crew_log_f2d067066ae031d2|0|1786917573.882|1.997|0.062|28380008448|38083944448|sim_data_501796ab98789225|__AUTOMETRIC__
__AUTOMETRIC__|0.1.2|2588207|crew_log_f2d067066ae031d2|0|1786917574.919|27.003|0.844|28380008448|38083944448|sim_data_501796ab98789225|__AUTOMETRIC__
__AUTOMETRIC__|0.1.2|2588207|crew_log_f2d067066ae031d2|0|1786917575.921|0.998|0.031|28380008448|38083944448|sim_data_501796ab98789225|__AUTOMETRIC__
__AUTOMETRIC__|0.1.2|2588207|crew_log_f2d067066ae031d2|0|1786917576.922|0.999|0.031|28380008448|38083944448|sim_data_501796ab98789225|__AUTOMETRIC__
__AUTOMETRIC__|0.1.2|2588207|crew_log_f2d067066ae031d2|0|1786917577.923|1.997|0.062|28380008448|38083944448|sim_data_501796ab98789225|__AUTOMETRIC__
__AUTOMETRIC__|0.1.2|2588207|crew_log_f2d067066ae031d2|0|1786917578.925|26.962|0.843|28380008448|38083944448|sim_data_501796ab98789225|__AUTOMETRIC__
__AUTOMETRIC__|0.1.2|2588207|crew_log_f2d067066ae031d2|0|1786917579.927|1.996|0.062|28380008448|38083944448|sim_data_501796ab98789225|__AUTOMETRIC__
__AUTOMETRIC__|0.1.2|2588207|crew_log_f2d067066ae031d2|0|1786917580.928|0.999|0.031|28380008448|38083944448|sim_data_501796ab98789225|__AUTOMETRIC__
__AUTOMETRIC__|0.1.2|2588207|crew_log_f2d067066ae031d2|0|1786917581.929|2.996|0.094|28380008448|38083944448|sim_data_501796ab98789225|__AUTOMETRIC__
__AUTOMETRIC__|0.1.2|2588207|crew_log_f2d067066ae031d2|0|1786917582.931|64.909|2.028|28380008448|38083944448|sim_data_501796ab98789225|__AUTOMETRIC__
__AUTOMETRIC__|0.1.2|2588207|crew_log_f2d067066ae031d2|0|1786917583.932|99.856|3.121|28380008448|38083944448|sim_data_501796ab98789225|__AUTOMETRIC__
__AUTOMETRIC__|0.1.2|2588207|crew_log_f2d067066ae031d2|0|1786917584.934|98.803|3.088|28380008448|38083944448|sim_data_501796ab98789225|__AUTOMETRIC__
__AUTOMETRIC__|0.1.2|2588207|crew_log_f2d067066ae031d2|0|1786917585.936|316.274|9.884|28380008448|38083944448|sim_data_501796ab98789225|__AUTOMETRIC__
__AUTOMETRIC__|0.1.2|2588207|crew_log_f2d067066ae031d2|0|1786917586.938|345.510|10.797|28380008448|38083944448|sim_data_501796ab98789225|__AUTOMETRIC__
__AUTOMETRIC__|0.1.2|2588207|crew_log_f2d067066ae031d2|0|1786917587.939|344.546|10.767|28380008448|38083944448|sim_data_501796ab98789225|__AUTOMETRIC__
__AUTOMETRIC__|0.1.2|2588207|crew_log_f2d067066ae031d2|0|1786917588.940|179.755|5.617|28380008448|38083944448|sim_data_501796ab98789225|__AUTOMETRIC__
__AUTOMETRIC__|0.1.2|2588207|crew_log_f2d067066ae031d2|0|1786917589.942|131.733|4.117|28380008448|38083944448|sim_data_501796ab98789225|__AUTOMETRIC__
__AUTOMETRIC__|0.1.2|2588207|crew_log_f2d067066ae031d2|0|1786917590.944|98.870|3.090|28380008448|38083944448|sim_data_501796ab98789225|__AUTOMETRIC__
__AUTOMETRIC__|0.1.2|2588207|crew_log_f2d067066ae031d2|0|1786917591.947|66.769|2.087|28380008448|38083944448|sim_data_501796ab98789225|__AUTOMETRIC__
__AUTOMETRIC__|0.1.2|2588207|crew_log_f2d067066ae031d2|0|1786917592.949|28.960|0.905|28380008448|38083944448|sim_data_501796ab98789225|__AUTOMETRIC__
__AUTOMETRIC__|0.1.2|2588207|crew_log_f2d067066ae031d2|0|1786917593.950|0.998|0.031|28380008448|38083944448|sim_data_501796ab98789225|__AUTOMETRIC__
__AUTOMETRIC__|0.1.2|2588207|crew_log_f2d067066ae031d2|0|1786917594.956|0.995|0.031|28380008448|38083944448|sim_data_501796ab98789225|__AUTOMETRIC__
__AUTOMETRIC__|0.1.2|2588207|crew_log_f2d067066ae031d2|0|1786917595.957|0.999|0.031|28380008448|38083944448|sim_data_501796ab98789225|__AUTOMETRIC__
__AUTOMETRIC__|0.1.2|2588207|crew_log_f2d067066ae031d2|0|1786917596.958|0.999|0.031|28380008448|38083944448|sim_data_501796ab98789225|__AUTOMETRIC__
__AUTOMETRIC__|0.1.2|2588207|crew_log_f2d067066ae031d2|0|1786917597.960|27.958|0.874|28380008448|38083944448|sim_data_501796ab98789225|__AUTOMETRIC__
__AUTOMETRIC__|0.1.2|2588207|crew_log_f2d067066ae031d2|0|1786917598.962|0.998|0.031|28380008448|38083944448|sim_data_501796ab98789225|__AUTOMETRIC__
__AUTOMETRIC__|0.1.2|2588207|crew_log_f2d067066ae031d2|0|1786917599.963|0.998|0.031|28380008448|38083944448|sim_data_501796ab98789225|__AUTOMETRIC__
__AUTOMETRIC__|0.1.2|2588207|crew_log_f2d067066ae031d2|0|1786917600.965|0.999|0.031|28380008448|38083944448|sim_data_501796ab98789225|__AUTOMETRIC__
__AUTOMETRIC__|0.1.2|2588207|crew_log_f2d067066ae031d2|0|1786917601.966|27.957|0.874|28380008448|38083944448|sim_data_501796ab98789225|__AUTOMETRIC__
__AUTOMETRIC__|0.1.2|2588207|crew_log_f2d067066ae031d2|0|1786917602.968|1.997|0.062|28380008448|38083944448|sim_data_501796ab98789225|__AUTOMETRIC__
__AUTOMETRIC__|0.1.2|2588207|crew_log_f2d067066ae031d2|0|1786917603.969|0.998|0.031|28380008448|38083944448|sim_data_501796ab98789225|__AUTOMETRIC__
__AUTOMETRIC__|0.1.2|2588207|crew_log_f2d067066ae031d2|0|1786917604.971|0.999|0.031|28380008448|38083944448|sim_data_501796ab98789225|__AUTOMETRIC__
__AUTOMETRIC__|0.1.2|2588207|crew_log_f2d067066ae031d2|0|1786917605.972|0.999|0.031|28380008448|38083944448|sim_data_501796ab98789225|__AUTOMETRIC__
__AUTOMETRIC__|0.1.2|2588207|crew_log_f2d067066ae031d2|0|1786917606.973|28.959|0.905|28380008448|38083944448|sim_data_501796ab98789225|__AUTOMETRIC__
__AUTOMETRIC__|0.1.2|2588207|crew_log_f2d067066ae031d2|0|1786917607.976|0.998|0.031|28380008448|38083944448|sim_data_501796ab98789225|__AUTOMETRIC__
__AUTOMETRIC__|0.1.2|2588207|crew_log_f2d067066ae031d2|0|1786917608.977|0.999|0.031|28380008448|38083944448|sim_data_501796ab98789225|__AUTOMETRIC__
__AUTOMETRIC__|0.1.2|2588207|crew_log_f2d067066ae031d2|0|1786917609.979|0.998|0.031|28380008448|38083944448|sim_data_501796ab98789225|__AUTOMETRIC__
__AUTOMETRIC__|0.1.2|2588207|crew_log_f2d067066ae031d2|0|1786917610.981|42.926|1.341|28380008448|38085709824|sim_data_501796ab98789225|__AUTOMETRIC__
__AUTOMETRIC__|0.1.2|2588207|crew_log_f2d067066ae031d2|0|1786917611.982|93.884|2.934|28380008448|38083944448|sim_data_501796ab98789225|__AUTOMETRIC__
__AUTOMETRIC__|0.1.2|2588207|crew_log_f2d067066ae031d2|0|1786917612.983|98.862|3.089|28380008448|38083944448|sim_data_501796ab98789225|__AUTOMETRIC__
__AUTOMETRIC__|0.1.2|2588207|crew_log_f2d067066ae031d2|0|1786917613.985|170.702|5.334|28380008448|38083944448|sim_data_501796ab98789225|__AUTOMETRIC__
__AUTOMETRIC__|0.1.2|2588207|crew_log_f2d067066ae031d2|0|1786917614.986|657.145|20.536|28380008448|38083944448|sim_data_501796ab98789225|__AUTOMETRIC__
__AUTOMETRIC__|0.1.2|2588207|crew_log_f2d067066ae031d2|0|1786917615.988|248.603|7.769|28380008448|38083944448|sim_data_501796ab98789225|__AUTOMETRIC__
__AUTOMETRIC__|0.1.2|2588207|crew_log_f2d067066ae031d2|0|1786917616.989|131.810|4.119|28380008448|38083944448|sim_data_501796ab98789225|__AUTOMETRIC__
__AUTOMETRIC__|0.1.2|2588207|crew_log_f2d067066ae031d2|0|1786917618.004|95.611|2.988|28380008448|38083944448|sim_data_501796ab98789225|__AUTOMETRIC__
__AUTOMETRIC__|0.1.2|2588207|crew_log_f2d067066ae031d2|0|1786917619.208|45.659|1.427|28380008448|38083944448|sim_data_501796ab98789225|__AUTOMETRIC__
__AUTOMETRIC__|0.1.2|2588207|crew_log_f2d067066ae031d2|0|1786917620.210|0.998|0.031|28380008448|38083944448|sim_data_501796ab98789225|__AUTOMETRIC__
__AUTOMETRIC__|0.1.2|2588207|crew_log_f2d067066ae031d2|0|1786917621.212|1.997|0.062|28380008448|38083944448|sim_data_501796ab98789225|__AUTOMETRIC__
__AUTOMETRIC__|0.1.2|2588207|crew_log_f2d067066ae031d2|0|1786917622.213|0.999|0.031|28380008448|38083944448|sim_data_501796ab98789225|__AUTOMETRIC__
__AUTOMETRIC__|0.1.2|2588207|crew_log_f2d067066ae031d2|0|1786917623.215|26.955|0.842|28380008448|38083944448|sim_data_501796ab98789225|__AUTOMETRIC__
__AUTOMETRIC__|0.1.2|2588207|crew_log_f2d067066ae031d2|0|1786917624.216|1.997|0.062|28380008448|38083944448|sim_data_501796ab98789225|__AUTOMETRIC__
__AUTOMETRIC__|0.1.2|2588207|crew_log_f2d067066ae031d2|0|1786917625.217|0.999|0.031|28380008448|38083944448|sim_data_501796ab98789225|__AUTOMETRIC__
__AUTOMETRIC__|0.1.2|2588207|crew_log_f2d067066ae031d2|0|1786917626.219|0.999|0.031|28380008448|38083944448|sim_data_501796ab98789225|__AUTOMETRIC__
__AUTOMETRIC__|0.1.2|2588207|crew_log_f2d067066ae031d2|0|1786917627.307|25.739|0.804|28380008448|38083944448|sim_data_501796ab98789225|__AUTOMETRIC__
__AUTOMETRIC__|0.1.2|2588207|crew_log_f2d067066ae031d2|0|1786917628.310|0.997|0.031|28380008448|38083944448|sim_data_501796ab98789225|__AUTOMETRIC__
__AUTOMETRIC__|0.1.2|2588207|crew_log_f2d067066ae031d2|0|1786917629.311|1.997|0.062|28380008448|38083944448|sim_data_501796ab98789225|__AUTOMETRIC__
__AUTOMETRIC__|0.1.2|2588207|crew_log_f2d067066ae031d2|0|1786917630.313|0.998|0.031|28380008448|38083944448|sim_data_501796ab98789225|__AUTOMETRIC__
__AUTOMETRIC__|0.1.2|2588207|crew_log_f2d067066ae031d2|0|1786917631.315|26.956|0.842|28380008448|38083944448|sim_data_501796ab98789225|__AUTOMETRIC__
__AUTOMETRIC__|0.1.2|2588207|crew_log_f2d067066ae031d2|0|1786917632.316|2.996|0.094|28380008448|38083944448|sim_data_501796ab98789225|__AUTOMETRIC__
__AUTOMETRIC__|0.1.2|2588207|crew_log_f2d067066ae031d2|0|1786917633.317|0.999|0.031|28380008448|38083944448|sim_data_501796ab98789225|__AUTOMETRIC__
__AUTOMETRIC__|0.1.2|2588207|crew_log_f2d067066ae031d2|0|1786917634.318|0.999|0.031|28380008448|38083944448|sim_data_501796ab98789225|__AUTOMETRIC__
__AUTOMETRIC__|0.1.2|2588207|crew_log_f2d067066ae031d2|0|1786917635.320|1.997|0.062|28380008448|38083944448|sim_data_501796ab98789225|__AUTOMETRIC__
__AUTOMETRIC__|0.1.2|2588207|crew_log_f2d067066ae031d2|0|1786917636.321|75.899|2.372|28380008448|38083944448|sim_data_501796ab98789225|__AUTOMETRIC__
__AUTOMETRIC__|0.1.2|2588207|crew_log_f2d067066ae031d2|0|1786917637.323|99.867|3.121|28380008448|38083944448|sim_data_501796ab98789225|__AUTOMETRIC__
__AUTOMETRIC__|0.1.2|2588207|crew_log_f2d067066ae031d2|0|1786917638.324|99.878|3.121|28380008448|38083944448|sim_data_501796ab98789225|__AUTOMETRIC__
__AUTOMETRIC__|0.1.2|2588207|crew_log_f2d067066ae031d2|0|1786917639.325|458.322|14.323|28380008448|38083944448|sim_data_501796ab98789225|__AUTOMETRIC__
__AUTOMETRIC__|0.1.2|2588207|crew_log_f2d067066ae031d2|0|1786917640.327|330.422|10.326|28380008448|38083944448|sim_data_501796ab98789225|__AUTOMETRIC__
__AUTOMETRIC__|0.1.2|2588207|crew_log_f2d067066ae031d2|0|1786917641.329|130.796|4.087|28380008448|38083944448|sim_data_501796ab98789225|__AUTOMETRIC__
__AUTOMETRIC__|0.1.2|2588207|crew_log_f2d067066ae031d2|0|1786917642.450|99.892|3.122|28380008448|38083944448|sim_data_501796ab98789225|__AUTOMETRIC__
__AUTOMETRIC__|0.1.2|2588207|crew_log_f2d067066ae031d2|0|1786917643.692|44.269|1.383|28380008448|38083944448|sim_data_501796ab98789225|__AUTOMETRIC__
__AUTOMETRIC__|0.1.2|2588207|crew_log_f2d067066ae031d2|0|1786917644.694|0.999|0.031|28380008448|38083944448|sim_data_501796ab98789225|__AUTOMETRIC__
__AUTOMETRIC__|0.1.2|2588207|crew_log_f2d067066ae031d2|0|1786917645.695|1.996|0.062|28380008448|38083944448|sim_data_501796ab98789225|__AUTOMETRIC__
__AUTOMETRIC__|0.1.2|2588207|crew_log_f2d067066ae031d2|0|1786917646.697|0.998|0.031|28380008448|38083944448|sim_data_501796ab98789225|__AUTOMETRIC__
__AUTOMETRIC__|0.1.2|2588207|crew_log_f2d067066ae031d2|0|1786917647.699|27.956|0.874|28380008448|38083944448|sim_data_501796ab98789225|__AUTOMETRIC__
__AUTOMETRIC__|0.1.2|2588207|crew_log_f2d067066ae031d2|0|1786917648.700|0.999|0.031|28380008448|38083944448|sim_data_501796ab98789225|__AUTOMETRIC__
__AUTOMETRIC__|0.1.2|2588207|crew_log_f2d067066ae031d2|0|1786917649.702|0.998|0.031|28380008448|38083944448|sim_data_501796ab98789225|__AUTOMETRIC__
__AUTOMETRIC__|0.1.2|2588207|crew_log_f2d067066ae031d2|0|1786917650.776|25.123|0.785|28380008448|38083944448|sim_data_501796ab98789225|__AUTOMETRIC__
__AUTOMETRIC__|0.1.2|2588207|crew_log_f2d067066ae031d2|0|1786917651.778|1.997|0.062|28380008448|38083944448|sim_data_501796ab98789225|__AUTOMETRIC__
__AUTOMETRIC__|0.1.2|2588207|crew_log_f2d067066ae031d2|0|1786917652.779|1.997|0.062|28380008448|38083944448|sim_data_501796ab98789225|__AUTOMETRIC__
__AUTOMETRIC__|0.1.2|2588207|crew_log_f2d067066ae031d2|0|1786917653.781|0.999|0.031|28380008448|38083944448|sim_data_501796ab98789225|__AUTOMETRIC__
__AUTOMETRIC__|0.1.2|2588207|crew_log_f2d067066ae031d2|0|1786917654.782|26.960|0.842|28380008448|38083944448|sim_data_501796ab98789225|__AUTOMETRIC__
__AUTOMETRIC__|0.1.2|2588207|crew_log_f2d067066ae031d2|0|1786917655.784|1.997|0.062|28380008448|38083944448|sim_data_501796ab98789225|__AUTOMETRIC__
__AUTOMETRIC__|0.1.2|2588207|crew_log_f2d067066ae031d2|0|1786917656.791|1.985|0.062|28380008448|38083944448|sim_data_501796ab98789225|__AUTOMETRIC__
__AUTOMETRIC__|0.1.2|2588207|crew_log_f2d067066ae031d2|0|1786917657.792|24.968|0.780|28380008448|38083944448|sim_data_501796ab98789225|__AUTOMETRIC__
__AUTOMETRIC__|0.1.2|2588207|crew_log_f2d067066ae031d2|0|1786917658.794|92.820|2.901|28380008448|38083944448|sim_data_501796ab98789225|__AUTOMETRIC__
__AUTOMETRIC__|0.1.2|2588207|crew_log_f2d067066ae031d2|0|1786917659.795|99.867|3.121|28380008448|38083944448|sim_data_501796ab98789225|__AUTOMETRIC__
__AUTOMETRIC__|0.1.2|2588207|crew_log_f2d067066ae031d2|0|1786917660.797|155.754|4.867|28380008448|38083944448|sim_data_501796ab98789225|__AUTOMETRIC__
__AUTOMETRIC__|0.1.2|2588207|crew_log_f2d067066ae031d2|0|1786917661.798|540.276|16.884|28380008448|38083944448|sim_data_501796ab98789225|__AUTOMETRIC__
__AUTOMETRIC__|0.1.2|2588207|crew_log_f2d067066ae031d2|0|1786917662.800|378.390|11.825|28380008448|38083944448|sim_data_501796ab98789225|__AUTOMETRIC__
__AUTOMETRIC__|0.1.2|2588207|crew_log_f2d067066ae031d2|0|1786917663.801|130.817|4.088|28380008448|38083944448|sim_data_501796ab98789225|__AUTOMETRIC__
__AUTOMETRIC__|0.1.2|2588207|crew_log_f2d067066ae031d2|0|1786917665.038|100.233|3.132|28380008448|38083944448|sim_data_501796ab98789225|__AUTOMETRIC__
__AUTOMETRIC__|0.1.2|2588207|crew_log_f2d067066ae031d2|0|1786917666.286|44.098|1.378|28380008448|38083944448|sim_data_501796ab98789225|__AUTOMETRIC__
__AUTOMETRIC__|0.1.2|2588207|crew_log_f2d067066ae031d2|0|1786917667.287|1.997|0.062|28380008448|38083944448|sim_data_501796ab98789225|__AUTOMETRIC__
__AUTOMETRIC__|0.1.2|2588207|crew_log_f2d067066ae031d2|0|1786917668.289|0.999|0.031|28380008448|38083944448|sim_data_501796ab98789225|__AUTOMETRIC__
__AUTOMETRIC__|0.1.2|2588207|crew_log_f2d067066ae031d2|0|1786917669.290|0.999|0.031|28380008448|38083944448|sim_data_501796ab98789225|__AUTOMETRIC__
__AUTOMETRIC__|0.1.2|2588207|crew_log_f2d067066ae031d2|0|1786917670.292|26.954|0.842|28380008448|38083944448|sim_data_501796ab98789225|__AUTOMETRIC__
__AUTOMETRIC__|0.1.2|2588207|crew_log_f2d067066ae031d2|0|1786917671.293|1.997|0.062|28380008448|38083944448|sim_data_501796ab98789225|__AUTOMETRIC__
__AUTOMETRIC__|0.1.2|2588207|crew_log_f2d067066ae031d2|0|1786917672.294|0.999|0.031|28380008448|38083944448|sim_data_501796ab98789225|__AUTOMETRIC__
__AUTOMETRIC__|0.1.2|2588207|crew_log_f2d067066ae031d2|0|1786917673.296|0.999|0.031|28380008448|38083944448|sim_data_501796ab98789225|__AUTOMETRIC__
__AUTOMETRIC__|0.1.2|2588207|crew_log_f2d067066ae031d2|0|1786917674.297|27.966|0.874|28380008448|38083944448|sim_data_501796ab98789225|__AUTOMETRIC__
__AUTOMETRIC__|0.1.2|2588207|crew_log_f2d067066ae031d2|0|1786917675.298|0.999|0.031|28380008448|38083944448|sim_data_501796ab98789225|__AUTOMETRIC__
__AUTOMETRIC__|0.1.2|2588207|crew_log_f2d067066ae031d2|0|1786917676.300|1.997|0.062|28380008448|38083944448|sim_data_501796ab98789225|__AUTOMETRIC__
__AUTOMETRIC__|0.1.2|2588207|crew_log_f2d067066ae031d2|0|1786917677.301|0.999|0.031|28380008448|38083944448|sim_data_501796ab98789225|__AUTOMETRIC__
__AUTOMETRIC__|0.1.2|2588207|crew_log_f2d067066ae031d2|0|1786917678.303|26.961|0.843|28380008448|38083944448|sim_data_501796ab98789225|__AUTOMETRIC__
__AUTOMETRIC__|0.1.2|2588207|crew_log_f2d067066ae031d2|0|1786917679.304|2.996|0.094|28380008448|38083944448|sim_data_501796ab98789225|__AUTOMETRIC__
__AUTOMETRIC__|0.1.2|2588207|crew_log_f2d067066ae031d2|0|1786917680.305|0.998|0.031|28380008448|38083944448|sim_data_501796ab98789225|__AUTOMETRIC__
__AUTOMETRIC__|0.1.2|2588207|crew_log_f2d067066ae031d2|0|1786917681.307|0.999|0.031|28380008448|38083944448|sim_data_501796ab98789225|__AUTOMETRIC__
__AUTOMETRIC__|0.1.2|2588207|crew_log_f2d067066ae031d2|0|1786917682.308|40.945|1.280|28380008448|38083944448|sim_data_501796ab98789225|__AUTOMETRIC__
__AUTOMETRIC__|0.1.2|2588207|crew_log_f2d067066ae031d2|0|1786917683.309|83.900|2.622|28380008448|38083944448|sim_data_501796ab98789225|__AUTOMETRIC__
__AUTOMETRIC__|0.1.2|2588207|crew_log_f2d067066ae031d2|0|1786917684.311|99.863|3.121|28380008448|38083944448|sim_data_501796ab98789225|__AUTOMETRIC__
__AUTOMETRIC__|0.1.2|2588207|crew_log_f2d067066ae031d2|0|1786917685.312|157.808|4.931|28380008448|38083944448|sim_data_501796ab98789225|__AUTOMETRIC__
__AUTOMETRIC__|0.1.2|2588207|crew_log_f2d067066ae031d2|0|1786917686.313|639.175|19.974|28380008448|38083944448|sim_data_501796ab98789225|__AUTOMETRIC__
__AUTOMETRIC__|0.1.2|2588207|crew_log_f2d067066ae031d2|0|1786917687.315|99.854|3.120|28380008448|38083944448|sim_data_501796ab98789225|__AUTOMETRIC__
__AUTOMETRIC__|0.1.2|2588207|crew_log_f2d067066ae031d2|0|1786917688.316|131.816|4.119|28380008448|38083944448|sim_data_501796ab98789225|__AUTOMETRIC__
__AUTOMETRIC__|0.1.2|2588207|crew_log_f2d067066ae031d2|0|1786917689.317|68.918|2.154|28380008448|38083944448|sim_data_501796ab98789225|__AUTOMETRIC__
__AUTOMETRIC__|0.1.2|2588207|crew_log_f2d067066ae031d2|0|1786917690.318|55.922|1.748|28380008448|38083944448|sim_data_501796ab98789225|__AUTOMETRIC__
__AUTOMETRIC__|0.1.2|2588207|crew_log_f2d067066ae031d2|0|1786917691.320|0.999|0.031|28380008448|38083944448|sim_data_501796ab98789225|__AUTOMETRIC__
__AUTOMETRIC__|0.1.2|2588207|crew_log_f2d067066ae031d2|0|1786917692.321|0.999|0.031|28380008448|38083944448|sim_data_501796ab98789225|__AUTOMETRIC__
__AUTOMETRIC__|0.1.2|2588207|crew_log_f2d067066ae031d2|0|1786917693.323|0.999|0.031|28380008448|38083944448|sim_data_501796ab98789225|__AUTOMETRIC__
__AUTOMETRIC__|0.1.2|2588207|crew_log_f2d067066ae031d2|0|1786917694.324|26.963|0.843|28380008448|38083944448|sim_data_501796ab98789225|__AUTOMETRIC__
__AUTOMETRIC__|0.1.2|2588207|crew_log_f2d067066ae031d2|0|1786917695.328|1.991|0.062|28380008448|38083944448|sim_data_501796ab98789225|__AUTOMETRIC__
__AUTOMETRIC__|0.1.2|2588207|crew_log_f2d067066ae031d2|0|1786917696.330|0.998|0.031|28380008448|38083944448|sim_data_501796ab98789225|__AUTOMETRIC__
__AUTOMETRIC__|0.1.2|2588207|crew_log_f2d067066ae031d2|0|1786917697.340|26.721|0.835|28380008448|38083944448|sim_data_501796ab98789225|__AUTOMETRIC__
__AUTOMETRIC__|0.1.2|2588207|crew_log_f2d067066ae031d2|0|1786917698.342|1.997|0.062|28380008448|38083944448|sim_data_501796ab98789225|__AUTOMETRIC__
__AUTOMETRIC__|0.1.2|2588207|crew_log_f2d067066ae031d2|0|1786917699.343|1.997|0.062|28380008448|38083944448|sim_data_501796ab98789225|__AUTOMETRIC__
__AUTOMETRIC__|0.1.2|2588207|crew_log_f2d067066ae031d2|0|1786917700.345|0.998|0.031|28380008448|38083944448|sim_data_501796ab98789225|__AUTOMETRIC__
__AUTOMETRIC__|0.1.2|2588207|crew_log_f2d067066ae031d2|0|1786917701.347|27.941|0.873|28380008448|38083944448|sim_data_501796ab98789225|__AUTOMETRIC__
__AUTOMETRIC__|0.1.2|2588207|crew_log_f2d067066ae031d2|0|1786917702.348|1.997|0.062|28380008448|38083944448|sim_data_501796ab98789225|__AUTOMETRIC__
__AUTOMETRIC__|0.1.2|2588207|crew_log_f2d067066ae031d2|0|1786917703.350|0.999|0.031|28380008448|38083944448|sim_data_501796ab98789225|__AUTOMETRIC__
__AUTOMETRIC__|0.1.2|2588207|crew_log_f2d067066ae031d2|0|1786917704.351|8.987|0.281|28380008448|38083944448|sim_data_501796ab98789225|__AUTOMETRIC__
__AUTOMETRIC__|0.1.2|2588207|crew_log_f2d067066ae031d2|0|1786917705.353|88.806|2.775|28380008448|38083944448|sim_data_501796ab98789225|__AUTOMETRIC__
__AUTOMETRIC__|0.1.2|2588207|crew_log_f2d067066ae031d2|0|1786917706.355|98.851|3.089|28380008448|38083944448|sim_data_501796ab98789225|__AUTOMETRIC__
__AUTOMETRIC__|0.1.2|2588207|crew_log_f2d067066ae031d2|0|1786917707.356|99.867|3.121|28380008448|38083944448|sim_data_501796ab98789225|__AUTOMETRIC__
__AUTOMETRIC__|0.1.2|2588207|crew_log_f2d067066ae031d2|0|1786917708.358|364.449|11.389|28380008448|38083944448|sim_data_501796ab98789225|__AUTOMETRIC__
__AUTOMETRIC__|0.1.2|2588207|crew_log_f2d067066ae031d2|0|1786917709.359|470.131|14.692|28380008448|38083944448|sim_data_501796ab98789225|__AUTOMETRIC__
__AUTOMETRIC__|0.1.2|2588207|crew_log_f2d067066ae031d2|0|1786917710.361|129.830|4.057|28380008448|38083944448|sim_data_501796ab98789225|__AUTOMETRIC__
__AUTOMETRIC__|0.1.2|2588207|crew_log_f2d067066ae031d2|0|1786917711.363|100.814|3.150|28380008448|38083944448|sim_data_501796ab98789225|__AUTOMETRIC__
__AUTOMETRIC__|0.1.2|2588207|crew_log_f2d067066ae031d2|0|1786917712.364|59.917|1.872|28380008448|38083944448|sim_data_501796ab98789225|__AUTOMETRIC__
__AUTOMETRIC__|0.1.2|2588207|crew_log_f2d067066ae031d2|0|1786917713.365|28.960|0.905|28380008448|38083944448|sim_data_501796ab98789225|__AUTOMETRIC__
__AUTOMETRIC__|0.1.2|2588207|crew_log_f2d067066ae031d2|0|1786917714.367|1.997|0.062|28380008448|38083944448|sim_data_501796ab98789225|__AUTOMETRIC__
__AUTOMETRIC__|0.1.2|2588207|crew_log_f2d067066ae031d2|0|1786917715.369|1.996|0.062|28380008448|38083944448|sim_data_501796ab98789225|__AUTOMETRIC__
__AUTOMETRIC__|0.1.2|2588207|crew_log_f2d067066ae031d2|0|1786917716.615|22.474|0.702|28380008448|38083944448|sim_data_501796ab98789225|__AUTOMETRIC__
__AUTOMETRIC__|0.1.2|2588207|crew_log_f2d067066ae031d2|0|1786917717.616|0.999|0.031|28380008448|38083944448|sim_data_501796ab98789225|__AUTOMETRIC__
__AUTOMETRIC__|0.1.2|2588207|crew_log_f2d067066ae031d2|0|1786917718.618|0.999|0.031|28380008448|38083944448|sim_data_501796ab98789225|__AUTOMETRIC__
__AUTOMETRIC__|0.1.2|2588207|crew_log_f2d067066ae031d2|0|1786917719.619|1.997|0.062|28380008448|38083944448|sim_data_501796ab98789225|__AUTOMETRIC__
__AUTOMETRIC__|0.1.2|2588207|crew_log_f2d067066ae031d2|0|1786917720.620|26.962|0.843|28380008448|38083944448|sim_data_501796ab98789225|__AUTOMETRIC__
__AUTOMETRIC__|0.1.2|2588207|crew_log_f2d067066ae031d2|0|1786917721.623|1.995|0.062|28380008448|38083944448|sim_data_501796ab98789225|__AUTOMETRIC__
__AUTOMETRIC__|0.1.2|2588207|crew_log_f2d067066ae031d2|0|1786917722.624|0.999|0.031|28380008448|38083944448|sim_data_501796ab98789225|__AUTOMETRIC__
__AUTOMETRIC__|0.1.2|2588207|crew_log_f2d067066ae031d2|0|1786917723.625|1.997|0.062|28380008448|38083944448|sim_data_501796ab98789225|__AUTOMETRIC__
__AUTOMETRIC__|0.1.2|2588207|crew_log_f2d067066ae031d2|0|1786917724.627|27.953|0.874|28380008448|38083944448|sim_data_501796ab98789225|__AUTOMETRIC__
__AUTOMETRIC__|0.1.2|2588207|crew_log_f2d067066ae031d2|0|1786917725.630|0.997|0.031|28380008448|38083944448|sim_data_501796ab98789225|__AUTOMETRIC__
__AUTOMETRIC__|0.1.2|2588207|crew_log_f2d067066ae031d2|0|1786917726.631|1.997|0.062|28380008448|38083944448|sim_data_501796ab98789225|__AUTOMETRIC__
__AUTOMETRIC__|0.1.2|2588207|crew_log_f2d067066ae031d2|0|1786917727.633|0.999|0.031|28380008448|38083944448|sim_data_501796ab98789225|__AUTOMETRIC__
__AUTOMETRIC__|0.1.2|2588207|crew_log_f2d067066ae031d2|0|1786917728.634|81.856|2.558|28380008448|38083944448|sim_data_501796ab98789225|__AUTOMETRIC__
__AUTOMETRIC__|0.1.2|2588207|crew_log_f2d067066ae031d2|0|1786917729.636|97.859|3.058|28380008448|38083944448|sim_data_501796ab98789225|__AUTOMETRIC__
__AUTOMETRIC__|0.1.2|2588207|crew_log_f2d067066ae031d2|0|1786917730.637|100.850|3.152|28380008448|38083944448|sim_data_501796ab98789225|__AUTOMETRIC__
__AUTOMETRIC__|0.1.2|2588207|crew_log_f2d067066ae031d2|0|1786917731.639|506.005|15.813|28380008448|38083944448|sim_data_501796ab98789225|__AUTOMETRIC__
__AUTOMETRIC__|0.1.2|2588207|crew_log_f2d067066ae031d2|0|1786917732.640|297.624|9.301|28380008448|38083944448|sim_data_501796ab98789225|__AUTOMETRIC__
__AUTOMETRIC__|0.1.2|2588207|crew_log_f2d067066ae031d2|0|1786917733.642|131.829|4.120|28380008448|38083944448|sim_data_501796ab98789225|__AUTOMETRIC__
__AUTOMETRIC__|0.1.2|2588207|crew_log_f2d067066ae031d2|0|1786917734.724|98.862|3.089|28380008448|38083944448|sim_data_501796ab98789225|__AUTOMETRIC__
__AUTOMETRIC__|0.1.2|2588207|crew_log_f2d067066ae031d2|0|1786917735.725|28.965|0.905|28380008448|38083944448|sim_data_501796ab98789225|__AUTOMETRIC__
__AUTOMETRIC__|0.1.2|2588207|crew_log_f2d067066ae031d2|0|1786917736.727|29.957|0.936|28380008448|38083944448|sim_data_501796ab98789225|__AUTOMETRIC__
__AUTOMETRIC__|0.1.2|2588207|crew_log_f2d067066ae031d2|0|1786917737.728|0.999|0.031|28380008448|38083944448|sim_data_501796ab98789225|__AUTOMETRIC__
__AUTOMETRIC__|0.1.2|2588207|crew_log_f2d067066ae031d2|0|1786917738.729|0.999|0.031|28380008448|38083944448|sim_data_501796ab98789225|__AUTOMETRIC__
__AUTOMETRIC__|0.1.2|2588207|crew_log_f2d067066ae031d2|0|1786917739.765|27.048|0.845|28380008448|38083944448|sim_data_501796ab98789225|__AUTOMETRIC__
__AUTOMETRIC__|0.1.2|2588207|crew_log_f2d067066ae031d2|0|1786917740.766|0.999|0.031|28380008448|38083944448|sim_data_501796ab98789225|__AUTOMETRIC__
__AUTOMETRIC__|0.1.2|2588207|crew_log_f2d067066ae031d2|0|1786917741.768|0.998|0.031|28380008448|38083944448|sim_data_501796ab98789225|__AUTOMETRIC__
__AUTOMETRIC__|0.1.2|2588207|crew_log_f2d067066ae031d2|0|1786917742.769|0.999|0.031|28380008448|38083944448|sim_data_501796ab98789225|__AUTOMETRIC__
__AUTOMETRIC__|0.1.2|2588207|crew_log_f2d067066ae031d2|0|1786917743.771|27.953|0.874|28380008448|38083944448|sim_data_501796ab98789225|__AUTOMETRIC__
__AUTOMETRIC__|0.1.2|2588207|crew_log_f2d067066ae031d2|0|1786917744.772|1.998|0.062|28380008448|38083944448|sim_data_501796ab98789225|__AUTOMETRIC__
__AUTOMETRIC__|0.1.2|2588207|crew_log_f2d067066ae031d2|0|1786917745.774|0.999|0.031|28380008448|38083944448|sim_data_501796ab98789225|__AUTOMETRIC__
__AUTOMETRIC__|0.1.2|2588207|crew_log_f2d067066ae031d2|0|1786917746.775|0.999|0.031|28380008448|38083944448|sim_data_501796ab98789225|__AUTOMETRIC__
__AUTOMETRIC__|0.1.2|2588207|crew_log_f2d067066ae031d2|0|1786917747.879|26.274|0.821|28380008448|38083944448|sim_data_501796ab98789225|__AUTOMETRIC__
__AUTOMETRIC__|0.1.2|2588207|crew_log_f2d067066ae031d2|0|1786917748.880|0.999|0.031|28380008448|38083944448|sim_data_501796ab98789225|__AUTOMETRIC__
__AUTOMETRIC__|0.1.2|2588207|crew_log_f2d067066ae031d2|0|1786917749.882|0.999|0.031|28380008448|38083944448|sim_data_501796ab98789225|__AUTOMETRIC__
__AUTOMETRIC__|0.1.2|2588207|crew_log_f2d067066ae031d2|0|1786917750.883|1.997|0.062|28380008448|38083944448|sim_data_501796ab98789225|__AUTOMETRIC__
__AUTOMETRIC__|0.1.2|2588207|crew_log_f2d067066ae031d2|0|1786917751.885|17.966|0.561|28380008448|38083944448|sim_data_501796ab98789225|__AUTOMETRIC__
__AUTOMETRIC__|0.1.2|2588207|crew_log_f2d067066ae031d2|0|1786917752.886|91.874|2.871|28380008448|38083944448|sim_data_501796ab98789225|__AUTOMETRIC__
__AUTOMETRIC__|0.1.2|2588207|crew_log_f2d067066ae031d2|0|1786917753.888|98.876|3.090|28380008448|38083944448|sim_data_501796ab98789225|__AUTOMETRIC__
__AUTOMETRIC__|0.1.2|2588207|crew_log_f2d067066ae031d2|0|1786917754.890|99.811|3.119|28380008448|38083944448|sim_data_501796ab98789225|__AUTOMETRIC__
__AUTOMETRIC__|0.1.2|2588207|crew_log_f2d067066ae031d2|0|1786917755.891|418.449|13.077|28380008448|38083944448|sim_data_501796ab98789225|__AUTOMETRIC__
__AUTOMETRIC__|0.1.2|2588207|crew_log_f2d067066ae031d2|0|1786917756.892|468.340|14.636|28380008448|38083944448|sim_data_501796ab98789225|__AUTOMETRIC__
__AUTOMETRIC__|0.1.2|2588207|crew_log_f2d067066ae031d2|0|1786917757.894|131.831|4.120|28380008448|38083944448|sim_data_501796ab98789225|__AUTOMETRIC__
__AUTOMETRIC__|0.1.2|2588207|crew_log_f2d067066ae031d2|0|1786917758.895|98.882|3.090|28380008448|38083944448|sim_data_501796ab98789225|__AUTOMETRIC__
__AUTOMETRIC__|0.1.2|2588207|crew_log_f2d067066ae031d2|0|1786917760.114|60.706|1.897|28380008448|38083944448|sim_data_501796ab98789225|__AUTOMETRIC__
__AUTOMETRIC__|0.1.2|2588207|crew_log_f2d067066ae031d2|0|1786917761.115|34.956|1.092|28380008448|38083944448|sim_data_501796ab98789225|__AUTOMETRIC__
__AUTOMETRIC__|0.1.2|2588207|crew_log_f2d067066ae031d2|0|1786917762.116|1.997|0.062|28380008448|38083944448|sim_data_501796ab98789225|__AUTOMETRIC__
__AUTOMETRIC__|0.1.2|2588207|crew_log_f2d067066ae031d2|0|1786917763.118|1.997|0.062|28380008448|38083944448|sim_data_501796ab98789225|__AUTOMETRIC__
__AUTOMETRIC__|0.1.2|2588207|crew_log_f2d067066ae031d2|0|1786917764.119|0.999|0.031|28380008448|38083944448|sim_data_501796ab98789225|__AUTOMETRIC__
__AUTOMETRIC__|0.1.2|2588207|crew_log_f2d067066ae031d2|0|1786917765.120|31.952|0.999|28380008448|38083944448|sim_data_501796ab98789225|__AUTOMETRIC__
__AUTOMETRIC__|0.1.2|2588207|crew_log_f2d067066ae031d2|0|1786917766.122|1.997|0.062|28380008448|38083944448|sim_data_501796ab98789225|__AUTOMETRIC__
__AUTOMETRIC__|0.1.2|2588207|crew_log_f2d067066ae031d2|0|1786917767.123|1.997|0.062|28380008448|38083944448|sim_data_501796ab98789225|__AUTOMETRIC__
__AUTOMETRIC__|0.1.2|2588207|crew_log_f2d067066ae031d2|0|1786917768.124|0.999|0.031|28380008448|38083944448|sim_data_501796ab98789225|__AUTOMETRIC__
__AUTOMETRIC__|0.1.2|2588207|crew_log_f2d067066ae031d2|0|1786917769.126|33.957|1.061|28380008448|38083944448|sim_data_501796ab98789225|__AUTOMETRIC__
__AUTOMETRIC__|0.1.2|2588207|crew_log_f2d067066ae031d2|0|1786917770.127|0.998|0.031|28380008448|38083944448|sim_data_501796ab98789225|__AUTOMETRIC__
__AUTOMETRIC__|0.1.2|2588207|crew_log_f2d067066ae031d2|0|1786917771.129|1.997|0.062|28380008448|38083944448|sim_data_501796ab98789225|__AUTOMETRIC__
__AUTOMETRIC__|0.1.2|2588207|crew_log_f2d067066ae031d2|0|1786917772.327|28.365|0.886|28380008448|38083944448|sim_data_501796ab98789225|__AUTOMETRIC__
__AUTOMETRIC__|0.1.2|2588207|crew_log_f2d067066ae031d2|0|1786917773.329|1.997|0.062|28380008448|38083944448|sim_data_501796ab98789225|__AUTOMETRIC__
__AUTOMETRIC__|0.1.2|2588207|crew_log_f2d067066ae031d2|0|1786917774.330|0.998|0.031|28380008448|38083944448|sim_data_501796ab98789225|__AUTOMETRIC__
__AUTOMETRIC__|0.1.2|2588207|crew_log_f2d067066ae031d2|0|1786917775.331|1.997|0.062|28380008448|38083944448|sim_data_501796ab98789225|__AUTOMETRIC__
__AUTOMETRIC__|0.1.2|2588207|crew_log_f2d067066ae031d2|0|1786917776.333|33.957|1.061|28380008448|38083944448|sim_data_501796ab98789225|__AUTOMETRIC__
__AUTOMETRIC__|0.1.2|2588207|crew_log_f2d067066ae031d2|0|1786917777.334|93.868|2.933|28380008448|38083944448|sim_data_501796ab98789225|__AUTOMETRIC__
__AUTOMETRIC__|0.1.2|2588207|crew_log_f2d067066ae031d2|0|1786917778.335|99.870|3.121|28380008448|38083944448|sim_data_501796ab98789225|__AUTOMETRIC__
__AUTOMETRIC__|0.1.2|2588207|crew_log_f2d067066ae031d2|0|1786917779.337|174.782|5.462|28380008448|38083944448|sim_data_501796ab98789225|__AUTOMETRIC__
__AUTOMETRIC__|0.1.2|2588207|crew_log_f2d067066ae031d2|0|1786917780.338|622.126|19.441|28380008448|38083944448|sim_data_501796ab98789225|__AUTOMETRIC__
__AUTOMETRIC__|0.1.2|2588207|crew_log_f2d067066ae031d2|0|1786917781.340|98.854|3.089|28380008448|38083944448|sim_data_501796ab98789225|__AUTOMETRIC__
__AUTOMETRIC__|0.1.2|2588207|crew_log_f2d067066ae031d2|0|1786917782.341|131.825|4.120|28380008448|38083944448|sim_data_501796ab98789225|__AUTOMETRIC__
__AUTOMETRIC__|0.1.2|2588207|crew_log_f2d067066ae031d2|0|1786917783.342|66.897|2.091|28380008448|38083944448|sim_data_501796ab98789225|__AUTOMETRIC__
__AUTOMETRIC__|0.1.2|2588207|crew_log_f2d067066ae031d2|0|1786917784.344|57.911|1.810|28380008448|38083944448|sim_data_501796ab98789225|__AUTOMETRIC__
__AUTOMETRIC__|0.1.2|2588207|crew_log_f2d067066ae031d2|0|1786917785.345|0.999|0.031|28380008448|38083944448|sim_data_501796ab98789225|__AUTOMETRIC__
__AUTOMETRIC__|0.1.2|2588207|crew_log_f2d067066ae031d2|0|1786917786.347|0.999|0.031|28380008448|38083944448|sim_data_501796ab98789225|__AUTOMETRIC__
__AUTOMETRIC__|0.1.2|2588207|crew_log_f2d067066ae031d2|0|1786917787.348|0.999|0.031|28380008448|38083944448|sim_data_501796ab98789225|__AUTOMETRIC__
__AUTOMETRIC__|0.1.2|2588207|crew_log_f2d067066ae031d2|0|1786917788.429|24.977|0.781|28380008448|38083944448|sim_data_501796ab98789225|__AUTOMETRIC__
__AUTOMETRIC__|0.1.2|2588207|crew_log_f2d067066ae031d2|0|1786917789.431|1.997|0.062|28380008448|38083944448|sim_data_501796ab98789225|__AUTOMETRIC__
__AUTOMETRIC__|0.1.2|2588207|crew_log_f2d067066ae031d2|0|1786917790.432|0.998|0.031|28380008448|38083944448|sim_data_501796ab98789225|__AUTOMETRIC__
__AUTOMETRIC__|0.1.2|2588207|crew_log_f2d067066ae031d2|0|1786917791.434|1.997|0.062|28380008448|38083944448|sim_data_501796ab98789225|__AUTOMETRIC__
__AUTOMETRIC__|0.1.2|2588207|crew_log_f2d067066ae031d2|0|1786917792.486|26.614|0.832|28380008448|38083944448|sim_data_501796ab98789225|__AUTOMETRIC__
__AUTOMETRIC__|0.1.2|2588207|crew_log_f2d067066ae031d2|0|1786917793.488|0.998|0.031|28380008448|38083944448|sim_data_501796ab98789225|__AUTOMETRIC__
__AUTOMETRIC__|0.1.2|2588207|crew_log_f2d067066ae031d2|0|1786917794.489|0.999|0.031|28380008448|38083944448|sim_data_501796ab98789225|__AUTOMETRIC__
__AUTOMETRIC__|0.1.2|2588207|crew_log_f2d067066ae031d2|0|1786917795.490|1.997|0.062|28380008448|38083944448|sim_data_501796ab98789225|__AUTOMETRIC__
__AUTOMETRIC__|0.1.2|2588207|crew_log_f2d067066ae031d2|0|1786917796.492|26.958|0.842|28380008448|38083944448|sim_data_501796ab98789225|__AUTOMETRIC__
__AUTOMETRIC__|0.1.2|2588207|crew_log_f2d067066ae031d2|0|1786917797.493|1.997|0.062|28380008448|38083944448|sim_data_501796ab98789225|__AUTOMETRIC__
__AUTOMETRIC__|0.1.2|2588207|crew_log_f2d067066ae031d2|0|1786917798.495|1.997|0.062|28380008448|38083944448|sim_data_501796ab98789225|__AUTOMETRIC__
__AUTOMETRIC__|0.1.2|2588207|crew_log_f2d067066ae031d2|0|1786917799.496|0.998|0.031|28380008448|38083944448|sim_data_501796ab98789225|__AUTOMETRIC__
__AUTOMETRIC__|0.1.2|2588207|crew_log_f2d067066ae031d2|0|1786917800.498|0.998|0.031|28380008448|38083944448|sim_data_501796ab98789225|__AUTOMETRIC__
__AUTOMETRIC__|0.1.2|2588207|crew_log_f2d067066ae031d2|0|1786917801.500|84.872|2.652|28380008448|38083944448|sim_data_501796ab98789225|__AUTOMETRIC__
__AUTOMETRIC__|0.1.2|2588207|crew_log_f2d067066ae031d2|0|1786917802.501|98.856|3.089|28380008448|38083944448|sim_data_501796ab98789225|__AUTOMETRIC__
__AUTOMETRIC__|0.1.2|2588207|crew_log_f2d067066ae031d2|0|1786917803.503|99.820|3.119|28380008448|38083944448|sim_data_501796ab98789225|__AUTOMETRIC__
__AUTOMETRIC__|0.1.2|2588207|crew_log_f2d067066ae031d2|0|1786917804.504|226.709|7.085|28380008448|38083944448|sim_data_501796ab98789225|__AUTOMETRIC__
__AUTOMETRIC__|0.1.2|2588207|crew_log_f2d067066ae031d2|0|1786917805.506|614.063|19.189|28380008448|38083944448|sim_data_501796ab98789225|__AUTOMETRIC__
__AUTOMETRIC__|0.1.2|2588207|crew_log_f2d067066ae031d2|0|1786917806.507|99.852|3.120|28380008448|38083944448|sim_data_501796ab98789225|__AUTOMETRIC__
__AUTOMETRIC__|0.1.2|2588207|crew_log_f2d067066ae031d2|0|1786917807.509|113.853|3.558|28380008448|38083944448|sim_data_501796ab98789225|__AUTOMETRIC__
__AUTOMETRIC__|0.1.2|2588207|crew_log_f2d067066ae031d2|0|1786917808.510|73.864|2.308|28380008448|38083944448|sim_data_501796ab98789225|__AUTOMETRIC__
__AUTOMETRIC__|0.1.2|2588207|crew_log_f2d067066ae031d2|0|1786917809.610|50.908|1.591|28380008448|38083944448|sim_data_501796ab98789225|__AUTOMETRIC__
__AUTOMETRIC__|0.1.2|2588207|crew_log_f2d067066ae031d2|0|1786917810.612|0.999|0.031|28380008448|38083944448|sim_data_501796ab98789225|__AUTOMETRIC__
__AUTOMETRIC__|0.1.2|2588207|crew_log_f2d067066ae031d2|0|1786917811.613|1.997|0.062|28380008448|38083944448|sim_data_501796ab98789225|__AUTOMETRIC__
__AUTOMETRIC__|0.1.2|2588207|crew_log_f2d067066ae031d2|0|1786917812.615|0.000|0.000|28380008448|38083944448|sim_data_501796ab98789225|__AUTOMETRIC__
__AUTOMETRIC__|0.1.2|2588207|crew_log_f2d067066ae031d2|0|1786917813.617|27.961|0.874|28380008448|38083944448|sim_data_501796ab98789225|__AUTOMETRIC__
__AUTOMETRIC__|0.1.2|2588207|crew_log_f2d067066ae031d2|0|1786917814.618|1.997|0.062|28380008448|38083944448|sim_data_501796ab98789225|__AUTOMETRIC__
__AUTOMETRIC__|0.1.2|2588207|crew_log_f2d067066ae031d2|0|1786917815.620|0.998|0.031|28380008448|38083944448|sim_data_501796ab98789225|__AUTOMETRIC__
__AUTOMETRIC__|0.1.2|2588207|crew_log_f2d067066ae031d2|0|1786917816.621|0.998|0.031|28380008448|38083944448|sim_data_501796ab98789225|__AUTOMETRIC__
__AUTOMETRIC__|0.1.2|2588207|crew_log_f2d067066ae031d2|0|1786917817.623|28.963|0.905|28380008448|38083944448|sim_data_501796ab98789225|__AUTOMETRIC__
__AUTOMETRIC__|0.1.2|2588207|crew_log_f2d067066ae031d2|0|1786917818.624|0.999|0.031|28380008448|38083944448|sim_data_501796ab98789225|__AUTOMETRIC__
__AUTOMETRIC__|0.1.2|2588207|crew_log_f2d067066ae031d2|0|1786917819.626|1.997|0.062|28380008448|38083944448|sim_data_501796ab98789225|__AUTOMETRIC__
__AUTOMETRIC__|0.1.2|2588207|crew_log_f2d067066ae031d2|0|1786917820.872|22.459|0.702|28380008448|38083944448|sim_data_501796ab98789225|__AUTOMETRIC__
__AUTOMETRIC__|0.1.2|2588207|crew_log_f2d067066ae031d2|0|1786917821.874|1.997|0.062|28380008448|38083944448|sim_data_501796ab98789225|__AUTOMETRIC__
__AUTOMETRIC__|0.1.2|2588207|crew_log_f2d067066ae031d2|0|1786917822.875|0.999|0.031|28380008448|38083944448|sim_data_501796ab98789225|__AUTOMETRIC__
__AUTOMETRIC__|0.1.2|2588207|crew_log_f2d067066ae031d2|0|1786917823.876|1.997|0.062|28380008448|38083944448|sim_data_501796ab98789225|__AUTOMETRIC__
__AUTOMETRIC__|0.1.2|2588207|crew_log_f2d067066ae031d2|0|1786917824.878|5.992|0.187|28380008448|38083944448|sim_data_501796ab98789225|__AUTOMETRIC__
__AUTOMETRIC__|0.1.2|2588207|crew_log_f2d067066ae031d2|0|1786917825.879|56.929|1.779|28380008448|38083944448|sim_data_501796ab98789225|__AUTOMETRIC__
__AUTOMETRIC__|0.1.2|2588207|crew_log_f2d067066ae031d2|0|1786917826.880|99.881|3.121|28380008448|38083944448|sim_data_501796ab98789225|__AUTOMETRIC__
__AUTOMETRIC__|0.1.2|2588207|crew_log_f2d067066ae031d2|0|1786917827.881|98.877|3.090|28380008448|38083944448|sim_data_501796ab98789225|__AUTOMETRIC__
__AUTOMETRIC__|0.1.2|2588207|crew_log_f2d067066ae031d2|0|1786917828.883|380.506|11.891|28380008448|38083944448|sim_data_501796ab98789225|__AUTOMETRIC__
__AUTOMETRIC__|0.1.2|2588207|crew_log_f2d067066ae031d2|0|1786917829.884|421.424|13.169|28380008448|38083944448|sim_data_501796ab98789225|__AUTOMETRIC__
__AUTOMETRIC__|0.1.2|2588207|crew_log_f2d067066ae031d2|0|1786917830.886|130.801|4.088|28380008448|38083944448|sim_data_501796ab98789225|__AUTOMETRIC__
__AUTOMETRIC__|0.1.2|2588207|crew_log_f2d067066ae031d2|0|1786917831.888|99.790|3.118|28380008448|38083944448|sim_data_501796ab98789225|__AUTOMETRIC__
__AUTOMETRIC__|0.1.2|2588207|crew_log_f2d067066ae031d2|0|1786917833.016|68.214|2.132|28380008448|38083944448|sim_data_501796ab98789225|__AUTOMETRIC__
__AUTOMETRIC__|0.1.2|2588207|crew_log_f2d067066ae031d2|0|1786917834.018|27.961|0.874|28380008448|38083944448|sim_data_501796ab98789225|__AUTOMETRIC__
__AUTOMETRIC__|0.1.2|2588207|crew_log_f2d067066ae031d2|0|1786917835.019|1.997|0.062|28380008448|38083944448|sim_data_501796ab98789225|__AUTOMETRIC__
__AUTOMETRIC__|0.1.2|2588207|crew_log_f2d067066ae031d2|0|1786917836.021|0.999|0.031|28380008448|38083944448|sim_data_501796ab98789225|__AUTOMETRIC__
__AUTOMETRIC__|0.1.2|2588207|crew_log_f2d067066ae031d2|0|1786917837.201|22.865|0.715|28380008448|38083944448|sim_data_501796ab98789225|__AUTOMETRIC__
__AUTOMETRIC__|0.1.2|2588207|crew_log_f2d067066ae031d2|0|1786917838.203|0.999|0.031|28380008448|38083944448|sim_data_501796ab98789225|__AUTOMETRIC__
__AUTOMETRIC__|0.1.2|2588207|crew_log_f2d067066ae031d2|0|1786917839.204|1.997|0.062|28380008448|38083944448|sim_data_501796ab98789225|__AUTOMETRIC__
__AUTOMETRIC__|0.1.2|2588207|crew_log_f2d067066ae031d2|0|1786917840.206|1.997|0.062|28380008448|38083944448|sim_data_501796ab98789225|__AUTOMETRIC__
__AUTOMETRIC__|0.1.2|2588207|crew_log_f2d067066ae031d2|0|1786917841.207|26.963|0.843|28380008448|38083944448|sim_data_501796ab98789225|__AUTOMETRIC__
__AUTOMETRIC__|0.1.2|2588207|crew_log_f2d067066ae031d2|0|1786917842.208|0.998|0.031|28380008448|38083944448|sim_data_501796ab98789225|__AUTOMETRIC__
__AUTOMETRIC__|0.1.2|2588207|crew_log_f2d067066ae031d2|0|1786917843.210|0.999|0.031|28380008448|38083944448|sim_data_501796ab98789225|__AUTOMETRIC__
__AUTOMETRIC__|0.1.2|2588207|crew_log_f2d067066ae031d2|0|1786917844.299|25.715|0.804|28380008448|38083944448|sim_data_501796ab98789225|__AUTOMETRIC__
__AUTOMETRIC__|0.1.2|2588207|crew_log_f2d067066ae031d2|0|1786917845.300|0.999|0.031|28380008448|38083944448|sim_data_501796ab98789225|__AUTOMETRIC__
__AUTOMETRIC__|0.1.2|2588207|crew_log_f2d067066ae031d2|0|1786917846.302|1.997|0.062|28380008448|38083944448|sim_data_501796ab98789225|__AUTOMETRIC__
__AUTOMETRIC__|0.1.2|2588207|crew_log_f2d067066ae031d2|0|1786917847.303|0.999|0.031|28380008448|38083944448|sim_data_501796ab98789225|__AUTOMETRIC__
__AUTOMETRIC__|0.1.2|2588207|crew_log_f2d067066ae031d2|0|1786917848.304|62.913|1.966|28380008448|38083944448|sim_data_501796ab98789225|__AUTOMETRIC__
__AUTOMETRIC__|0.1.2|2588207|crew_log_f2d067066ae031d2|0|1786917849.306|98.864|3.089|28380008448|38083944448|sim_data_501796ab98789225|__AUTOMETRIC__
__AUTOMETRIC__|0.1.2|2588207|crew_log_f2d067066ae031d2|0|1786917850.307|99.866|3.121|28380008448|38083944448|sim_data_501796ab98789225|__AUTOMETRIC__
__AUTOMETRIC__|0.1.2|2588207|crew_log_f2d067066ae031d2|0|1786917851.308|118.844|3.714|28380008448|38083944448|sim_data_501796ab98789225|__AUTOMETRIC__
__AUTOMETRIC__|0.1.2|2588207|crew_log_f2d067066ae031d2|0|1786917852.310|663.108|20.722|28380008448|38083944448|sim_data_501796ab98789225|__AUTOMETRIC__
__AUTOMETRIC__|0.1.2|2588207|crew_log_f2d067066ae031d2|0|1786917853.311|120.850|3.777|28380008448|38083944448|sim_data_501796ab98789225|__AUTOMETRIC__
__AUTOMETRIC__|0.1.2|2588207|crew_log_f2d067066ae031d2|0|1786917854.312|130.823|4.088|28380008448|38083944448|sim_data_501796ab98789225|__AUTOMETRIC__
__AUTOMETRIC__|0.1.2|2588207|crew_log_f2d067066ae031d2|0|1786917855.314|74.852|2.339|28380008448|38083944448|sim_data_501796ab98789225|__AUTOMETRIC__
__AUTOMETRIC__|0.1.2|2588207|crew_log_f2d067066ae031d2|0|1786917856.326|55.347|1.730|28380008448|38083944448|sim_data_501796ab98789225|__AUTOMETRIC__
__AUTOMETRIC__|0.1.2|2588207|crew_log_f2d067066ae031d2|0|1786917857.327|1.997|0.062|28380008448|38083944448|sim_data_501796ab98789225|__AUTOMETRIC__
__AUTOMETRIC__|0.1.2|2588207|crew_log_f2d067066ae031d2|0|1786917858.329|0.998|0.031|28380008448|38083944448|sim_data_501796ab98789225|__AUTOMETRIC__
__AUTOMETRIC__|0.1.2|2588207|crew_log_f2d067066ae031d2|0|1786917859.331|0.999|0.031|28380008448|38083944448|sim_data_501796ab98789225|__AUTOMETRIC__
__AUTOMETRIC__|0.1.2|2588207|crew_log_f2d067066ae031d2|0|1786917860.332|25.963|0.811|28380008448|38083944448|sim_data_501796ab98789225|__AUTOMETRIC__
__AUTOMETRIC__|0.1.2|2588207|crew_log_f2d067066ae031d2|0|1786917861.334|2.995|0.094|28380008448|38083944448|sim_data_501796ab98789225|__AUTOMETRIC__
__AUTOMETRIC__|0.1.2|2588207|crew_log_f2d067066ae031d2|0|1786917862.335|0.998|0.031|28380008448|38083944448|sim_data_501796ab98789225|__AUTOMETRIC__
__AUTOMETRIC__|0.1.2|2588207|crew_log_f2d067066ae031d2|0|1786917863.337|0.999|0.031|28380008448|38083944448|sim_data_501796ab98789225|__AUTOMETRIC__
__AUTOMETRIC__|0.1.2|2588207|crew_log_f2d067066ae031d2|0|1786917864.338|27.964|0.874|28380008448|38083944448|sim_data_501796ab98789225|__AUTOMETRIC__
__AUTOMETRIC__|0.1.2|2588207|crew_log_f2d067066ae031d2|0|1786917865.339|0.999|0.031|28380008448|38083944448|sim_data_501796ab98789225|__AUTOMETRIC__
__AUTOMETRIC__|0.1.2|2588207|crew_log_f2d067066ae031d2|0|1786917866.341|1.997|0.062|28380008448|38083944448|sim_data_501796ab98789225|__AUTOMETRIC__
__AUTOMETRIC__|0.1.2|2588207|crew_log_f2d067066ae031d2|0|1786917867.343|27.955|0.874|28380008448|38083944448|sim_data_501796ab98789225|__AUTOMETRIC__
__AUTOMETRIC__|0.1.2|2588207|crew_log_f2d067066ae031d2|0|1786917868.344|0.998|0.031|28380008448|38083944448|sim_data_501796ab98789225|__AUTOMETRIC__
__AUTOMETRIC__|0.1.2|2588207|crew_log_f2d067066ae031d2|0|1786917869.350|1.988|0.062|28380008448|38083944448|sim_data_501796ab98789225|__AUTOMETRIC__
__AUTOMETRIC__|0.1.2|2588207|crew_log_f2d067066ae031d2|0|1786917870.352|0.999|0.031|28380008448|38083944448|sim_data_501796ab98789225|__AUTOMETRIC__
__AUTOMETRIC__|0.1.2|2588207|crew_log_f2d067066ae031d2|0|1786917871.353|57.904|1.810|28380008448|38083944448|sim_data_501796ab98789225|__AUTOMETRIC__
__AUTOMETRIC__|0.1.2|2588207|crew_log_f2d067066ae031d2|0|1786917872.355|100.838|3.151|28380008448|38083944448|sim_data_501796ab98789225|__AUTOMETRIC__
__AUTOMETRIC__|0.1.2|2588207|crew_log_f2d067066ae031d2|0|1786917873.357|99.809|3.119|28380008448|38083944448|sim_data_501796ab98789225|__AUTOMETRIC__
__AUTOMETRIC__|0.1.2|2588207|crew_log_f2d067066ae031d2|0|1786917874.358|378.508|11.828|28380008448|38083944448|sim_data_501796ab98789225|__AUTOMETRIC__
__AUTOMETRIC__|0.1.2|2588207|crew_log_f2d067066ae031d2|0|1786917875.359|453.361|14.168|28380008448|38083944448|sim_data_501796ab98789225|__AUTOMETRIC__
__AUTOMETRIC__|0.1.2|2588207|crew_log_f2d067066ae031d2|0|1786917876.372|131.350|4.105|28380008448|38083944448|sim_data_501796ab98789225|__AUTOMETRIC__
__AUTOMETRIC__|0.1.2|2588207|crew_log_f2d067066ae031d2|0|1786917877.373|98.879|3.090|28380008448|38083944448|sim_data_501796ab98789225|__AUTOMETRIC__
__AUTOMETRIC__|0.1.2|2588207|crew_log_f2d067066ae031d2|0|1786917878.375|58.919|1.841|28380008448|38083944448|sim_data_501796ab98789225|__AUTOMETRIC__
__AUTOMETRIC__|0.1.2|2588207|crew_log_f2d067066ae031d2|0|1786917879.376|28.948|0.905|28380008448|38083944448|sim_data_501796ab98789225|__AUTOMETRIC__
__AUTOMETRIC__|0.1.2|2588207|crew_log_f2d067066ae031d2|0|1786917880.378|0.999|0.031|28380008448|38083944448|sim_data_501796ab98789225|__AUTOMETRIC__
__AUTOMETRIC__|0.1.2|2588207|crew_log_f2d067066ae031d2|0|1786917881.379|0.999|0.031|28380008448|38083944448|sim_data_501796ab98789225|__AUTOMETRIC__
__AUTOMETRIC__|0.1.2|2588207|crew_log_f2d067066ae031d2|0|1786917882.381|0.998|0.031|28380008448|38083944448|sim_data_501796ab98789225|__AUTOMETRIC__
__AUTOMETRIC__|0.1.2|2588207|crew_log_f2d067066ae031d2|0|1786917883.382|27.946|0.873|28380008448|38083944448|sim_data_501796ab98789225|__AUTOMETRIC__
__AUTOMETRIC__|0.1.2|2588207|crew_log_f2d067066ae031d2|0|1786917884.384|0.999|0.031|28380008448|38083944448|sim_data_501796ab98789225|__AUTOMETRIC__
__AUTOMETRIC__|0.1.2|2588207|crew_log_f2d067066ae031d2|0|1786917885.385|0.999|0.031|28380008448|38083944448|sim_data_501796ab98789225|__AUTOMETRIC__
__AUTOMETRIC__|0.1.2|2588207|crew_log_f2d067066ae031d2|0|1786917886.387|0.998|0.031|28380008448|38083944448|sim_data_501796ab98789225|__AUTOMETRIC__
__AUTOMETRIC__|0.1.2|2588207|crew_log_f2d067066ae031d2|0|1786917887.388|27.958|0.874|28380008448|38083944448|sim_data_501796ab98789225|__AUTOMETRIC__
__AUTOMETRIC__|0.1.2|2588207|crew_log_f2d067066ae031d2|0|1786917888.389|0.999|0.031|28380008448|38083944448|sim_data_501796ab98789225|__AUTOMETRIC__
__AUTOMETRIC__|0.1.2|2588207|crew_log_f2d067066ae031d2|0|1786917889.391|1.997|0.062|28380008448|38083944448|sim_data_501796ab98789225|__AUTOMETRIC__
__AUTOMETRIC__|0.1.2|2588207|crew_log_f2d067066ae031d2|0|1786917890.592|23.318|0.729|28380008448|38083944448|sim_data_501796ab98789225|__AUTOMETRIC__
__AUTOMETRIC__|0.1.2|2588207|crew_log_f2d067066ae031d2|0|1786917891.593|0.998|0.031|28380008448|38083944448|sim_data_501796ab98789225|__AUTOMETRIC__
__AUTOMETRIC__|0.1.2|2588207|crew_log_f2d067066ae031d2|0|1786917892.595|1.997|0.062|28380008448|38083944448|sim_data_501796ab98789225|__AUTOMETRIC__
__AUTOMETRIC__|0.1.2|2588207|crew_log_f2d067066ae031d2|0|1786917893.597|1.996|0.062|28380008448|38083944448|sim_data_501796ab98789225|__AUTOMETRIC__
__AUTOMETRIC__|0.1.2|2588207|crew_log_f2d067066ae031d2|0|1786917894.598|50.935|1.592|28380008448|38085709824|sim_data_501796ab98789225|__AUTOMETRIC__
__AUTOMETRIC__|0.1.2|2588207|crew_log_f2d067066ae031d2|0|1786917895.599|99.873|3.121|28384821248|38088941568|sim_data_501796ab98789225|__AUTOMETRIC__
__AUTOMETRIC__|0.1.2|2588207|crew_log_f2d067066ae031d2|0|1786917896.601|98.857|3.089|28384821248|38088941568|sim_data_501796ab98789225|__AUTOMETRIC__
__AUTOMETRIC__|0.1.2|2588207|crew_log_f2d067066ae031d2|0|1786917897.602|99.863|3.121|28384821248|38088941568|sim_data_501796ab98789225|__AUTOMETRIC__
__AUTOMETRIC__|0.1.2|2588207|crew_log_f2d067066ae031d2|0|1786917898.604|1.997|0.062|28384821248|38156050432|__DEFAULT__|__AUTOMETRIC__
__AUTOMETRIC__|0.1.2|2588207|crew_log_f2d067066ae031d2|0|1786917899.605|0.000|0.000|28384821248|38156050432|__DEFAULT__|__AUTOMETRIC__
__AUTOMETRIC__|0.1.2|2588207|crew_log_f2d067066ae031d2|0|1786917900.606|0.000|0.000|28384821248|38156050432|__DEFAULT__|__AUTOMETRIC__
__AUTOMETRIC__|0.1.2|2588207|crew_log_f2d067066ae031d2|0|1786917901.608|0.000|0.000|28384821248|38156050432|__DEFAULT__|__AUTOMETRIC__
__AUTOMETRIC__|0.1.2|2588207|crew_log_f2d067066ae031d2|0|1786917902.609|0.000|0.000|28384821248|38156050432|__DEFAULT__|__AUTOMETRIC__
__AUTOMETRIC__|0.1.2|2588207|crew_log_f2d067066ae031d2|0|1786917903.611|0.000|0.000|28384821248|38156050432|__DEFAULT__|__AUTOMETRIC__
__AUTOMETRIC__|0.1.2|2588207|crew_log_f2d067066ae031d2|0|1786917904.613|0.000|0.000|28384821248|38156050432|__DEFAULT__|__AUTOMETRIC__
__AUTOMETRIC__|0.1.2|2588207|crew_log_f2d067066ae031d2|0|1786917905.614|0.000|0.000|28384821248|38156050432|__DEFAULT__|__AUTOMETRIC__
__AUTOMETRIC__|0.1.2|2588207|crew_log_f2d067066ae031d2|0|1786917906.616|0.000|0.000|28384821248|38156050432|__DEFAULT__|__AUTOMETRIC__
__AUTOMETRIC__|0.1.2|2588207|crew_log_f2d067066ae031d2|0|1786917907.617|0.000|0.000|28384821248|38156050432|__DEFAULT__|__AUTOMETRIC__
__AUTOMETRIC__|0.1.2|2588207|crew_log_f2d067066ae031d2|0|1786917908.619|0.000|0.000|28384821248|38156050432|__DEFAULT__|__AUTOMETRIC__
__AUTOMETRIC__|0.1.2|2588207|crew_log_f2d067066ae031d2|0|1786917909.620|0.000|0.000|28384821248|38156050432|__DEFAULT__|__AUTOMETRIC__
__AUTOMETRIC__|0.1.2|2588207|crew_log_f2d067066ae031d2|0|1786917910.622|0.000|0.000|28384821248|38156050432|__DEFAULT__|__AUTOMETRIC__
__AUTOMETRIC__|0.1.2|2588207|crew_log_f2d067066ae031d2|0|1786917911.623|0.000|0.000|28384821248|38156050432|__DEFAULT__|__AUTOMETRIC__
__AUTOMETRIC__|0.1.2|2588207|crew_log_f2d067066ae031d2|0|1786917912.625|0.000|0.000|28384821248|38156050432|__DEFAULT__|__AUTOMETRIC__
__AUTOMETRIC__|0.1.2|2588207|crew_log_f2d067066ae031d2|0|1786917913.627|0.000|0.000|28384821248|38156050432|__DEFAULT__|__AUTOMETRIC__
__AUTOMETRIC__|0.1.2|2588207|crew_log_f2d067066ae031d2|0|1786917914.628|0.000|0.000|28384821248|38156050432|__DEFAULT__|__AUTOMETRIC__
__AUTOMETRIC__|0.1.2|2588207|crew_log_f2d067066ae031d2|0|1786917915.630|0.000|0.000|28384821248|38156050432|__DEFAULT__|__AUTOMETRIC__
__AUTOMETRIC__|0.1.2|2588207|crew_log_f2d067066ae031d2|0|1786917916.631|0.000|0.000|28384821248|38156050432|__DEFAULT__|__AUTOMETRIC__
__AUTOMETRIC__|0.1.2|2588207|crew_log_f2d067066ae031d2|0|1786917917.633|0.000|0.000|28384821248|38156050432|__DEFAULT__|__AUTOMETRIC__
__AUTOMETRIC__|0.1.2|2588207|crew_log_f2d067066ae031d2|0|1786917918.634|0.000|0.000|28384821248|38156050432|__DEFAULT__|__AUTOMETRIC__
__AUTOMETRIC__|0.1.2|2588207|crew_log_f2d067066ae031d2|0|1786917919.636|0.000|0.000|28384821248|38156050432|__DEFAULT__|__AUTOMETRIC__
__AUTOMETRIC__|0.1.2|2588207|crew_log_f2d067066ae031d2|0|1786917920.637|0.000|0.000|28384821248|38156050432|__DEFAULT__|__AUTOMETRIC__
__AUTOMETRIC__|0.1.2|2588207|crew_log_f2d067066ae031d2|0|1786917921.639|0.000|0.000|28384821248|38156050432|__DEFAULT__|__AUTOMETRIC__
__AUTOMETRIC__|0.1.2|2588207|crew_log_f2d067066ae031d2|0|1786917922.647|0.000|0.000|28384821248|38156050432|__DEFAULT__|__AUTOMETRIC__
__AUTOMETRIC__|0.1.2|2588207|crew_log_f2d067066ae031d2|0|1786917923.649|0.000|0.000|28384821248|38156050432|__DEFAULT__|__AUTOMETRIC__
__AUTOMETRIC__|0.1.2|2588207|crew_log_f2d067066ae031d2|0|1786917924.650|0.000|0.000|28384821248|38156050432|__DEFAULT__|__AUTOMETRIC__
__AUTOMETRIC__|0.1.2|2588207|crew_log_f2d067066ae031d2|0|1786917925.652|0.000|0.000|28384821248|38156050432|__DEFAULT__|__AUTOMETRIC__
__AUTOMETRIC__|0.1.2|2588207|crew_log_f2d067066ae031d2|0|1786917926.653|0.000|0.000|28384821248|38156050432|__DEFAULT__|__AUTOMETRIC__
__AUTOMETRIC__|0.1.2|2588207|crew_log_f2d067066ae031d2|0|1786917927.655|0.000|0.000|28384821248|38156050432|__DEFAULT__|__AUTOMETRIC__
