__AUTOMETRIC__|0.1.2|18252|crew_log_541966426cf498b4|0|1786390298.478|97.129|3.035|241868800|266911744|gen_data_c698e3d710d5cb5d|__AUTOMETRIC__
__AUTOMETRIC__|0.1.2|18252|crew_log_541966426cf498b4|0|1786390299.492|100.152|3.130|278654976|303513600|gen_data_c698e3d710d5cb5d|__AUTOMETRIC__
__AUTOMETRIC__|0.1.2|18252|crew_log_541966426cf498b4|0|1786390300.497|96.371|3.012|418181120|450412544|gen_data_c698e3d710d5cb5d|__AUTOMETRIC__
__AUTOMETRIC__|0.1.2|18252|crew_log_541966426cf498b4|0|1786390301.511|101.735|3.179|404140032|436228096|gen_data_c698e3d710d5cb5d|__AUTOMETRIC__
__AUTOMETRIC__|0.1.2|18252|crew_log_541966426cf498b4|0|1786390302.526|100.077|3.127|403857408|435806208|gen_data_c698e3d710d5cb5d|__AUTOMETRIC__
__AUTOMETRIC__|0.1.2|18252|crew_log_541966426cf498b4|0|1786390303.539|100.197|3.131|403435520|435384320|gen_data_c698e3d710d5cb5d|__AUTOMETRIC__
__AUTOMETRIC__|0.1.2|18252|crew_log_541966426cf498b4|0|1786390304.541|99.856|3.120|403275776|435224576|gen_data_c698e3d710d5cb5d|__AUTOMETRIC__
__AUTOMETRIC__|0.1.2|18252|crew_log_541966426cf498b4|0|1786390305.546|102.557|3.205|402935808|434884608|gen_data_c698e3d710d5cb5d|__AUTOMETRIC__
__AUTOMETRIC__|0.1.2|18252|crew_log_541966426cf498b4|0|1786390306.557|97.372|3.043|402968576|434917376|gen_data_c698e3d710d5cb5d|__AUTOMETRIC__
__AUTOMETRIC__|0.1.2|18252|crew_log_541966426cf498b4|0|1786390307.572|100.122|3.129|403013632|434978816|gen_data_c698e3d710d5cb5d|__AUTOMETRIC__
__AUTOMETRIC__|0.1.2|18252|crew_log_541966426cf498b4|0|1786390308.587|100.026|3.126|403173376|435130368|gen_data_c698e3d710d5cb5d|__AUTOMETRIC__
__AUTOMETRIC__|0.1.2|18252|crew_log_541966426cf498b4|0|1786390309.602|100.119|3.129|402964480|434921472|gen_data_c698e3d710d5cb5d|__AUTOMETRIC__
__AUTOMETRIC__|0.1.2|18252|crew_log_541966426cf498b4|0|1786390310.613|100.448|3.139|403202048|435159040|gen_data_c698e3d710d5cb5d|__AUTOMETRIC__
__AUTOMETRIC__|0.1.2|18252|crew_log_541966426cf498b4|0|1786390311.626|100.197|3.131|403066880|435073024|gen_data_c698e3d710d5cb5d|__AUTOMETRIC__
__AUTOMETRIC__|0.1.2|18252|crew_log_541966426cf498b4|0|1786390312.639|98.703|3.084|403103744|435052544|gen_data_c698e3d710d5cb5d|__AUTOMETRIC__
__AUTOMETRIC__|0.1.2|18252|crew_log_541966426cf498b4|0|1786390313.646|102.488|3.203|402890752|434929664|gen_data_c698e3d710d5cb5d|__AUTOMETRIC__
__AUTOMETRIC__|0.1.2|18252|crew_log_541966426cf498b4|0|1786390314.659|100.267|3.133|403116032|435142656|gen_data_c698e3d710d5cb5d|__AUTOMETRIC__
__AUTOMETRIC__|0.1.2|18252|crew_log_541966426cf498b4|0|1786390315.674|100.062|3.127|403148800|435167232|gen_data_c698e3d710d5cb5d|__AUTOMETRIC__
__AUTOMETRIC__|0.1.2|18252|crew_log_541966426cf498b4|0|1786390316.686|97.219|3.038|403193856|435171328|gen_data_c698e3d710d5cb5d|__AUTOMETRIC__
__AUTOMETRIC__|0.1.2|18252|crew_log_541966426cf498b4|0|1786390317.688|102.875|3.215|403185664|435163136|gen_data_c698e3d710d5cb5d|__AUTOMETRIC__
__AUTOMETRIC__|0.1.2|18252|crew_log_541966426cf498b4|0|1786390318.704|98.461|3.077|403197952|435175424|gen_data_c698e3d710d5cb5d|__AUTOMETRIC__
__AUTOMETRIC__|0.1.2|18252|crew_log_541966426cf498b4|0|1786390319.719|97.028|3.032|403243008|435261440|gen_data_c698e3d710d5cb5d|__AUTOMETRIC__
__AUTOMETRIC__|0.1.2|18252|crew_log_541966426cf498b4|0|1786390320.733|100.086|3.128|403304448|435322880|gen_data_c698e3d710d5cb5d|__AUTOMETRIC__
__AUTOMETRIC__|0.1.2|18252|crew_log_541966426cf498b4|0|1786390321.737|102.736|3.211|403001344|435003392|gen_data_c698e3d710d5cb5d|__AUTOMETRIC__
__AUTOMETRIC__|0.1.2|18252|crew_log_541966426cf498b4|0|1786390322.754|98.375|3.074|403038208|435027968|gen_data_c698e3d710d5cb5d|__AUTOMETRIC__
__AUTOMETRIC__|0.1.2|18252|crew_log_541966426cf498b4|0|1786390323.760|97.776|3.055|402804736|434774016|gen_data_c698e3d710d5cb5d|__AUTOMETRIC__
__AUTOMETRIC__|0.1.2|18252|crew_log_541966426cf498b4|0|1786390324.774|100.167|3.130|402862080|434827264|gen_data_c698e3d710d5cb5d|__AUTOMETRIC__
__AUTOMETRIC__|0.1.2|18252|crew_log_541966426cf498b4|0|1786390325.782|100.752|3.148|402939904|434925568|gen_data_c698e3d710d5cb5d|__AUTOMETRIC__
__AUTOMETRIC__|0.1.2|18252|crew_log_541966426cf498b4|0|1786390326.798|98.445|3.076|402898944|434913280|gen_data_c698e3d710d5cb5d|__AUTOMETRIC__
__AUTOMETRIC__|0.1.2|18252|crew_log_541966426cf498b4|0|1786390327.811|97.171|3.037|402931712|434937856|gen_data_c698e3d710d5cb5d|__AUTOMETRIC__
__AUTOMETRIC__|0.1.2|18252|crew_log_541966426cf498b4|0|1786390328.827|103.078|3.221|403247104|435245056|gen_data_c698e3d710d5cb5d|__AUTOMETRIC__
__AUTOMETRIC__|0.1.2|18252|crew_log_541966426cf498b4|0|1786390329.828|99.845|3.120|403193856|435191808|gen_data_c698e3d710d5cb5d|__AUTOMETRIC__
__AUTOMETRIC__|0.1.2|18252|crew_log_541966426cf498b4|0|1786390330.829|99.897|3.122|403030016|435027968|gen_data_c698e3d710d5cb5d|__AUTOMETRIC__
__AUTOMETRIC__|0.1.2|18252|crew_log_541966426cf498b4|0|1786390331.832|98.233|3.070|403005440|435019776|gen_data_c698e3d710d5cb5d|__AUTOMETRIC__
__AUTOMETRIC__|0.1.2|18252|crew_log_541966426cf498b4|0|1786390332.848|99.888|3.122|402989056|435003392|gen_data_c698e3d710d5cb5d|__AUTOMETRIC__
__AUTOMETRIC__|0.1.2|18252|crew_log_541966426cf498b4|0|1786390333.862|98.669|3.083|402923520|434933760|gen_data_c698e3d710d5cb5d|__AUTOMETRIC__
__AUTOMETRIC__|0.1.2|18252|crew_log_541966426cf498b4|0|1786390334.867|99.500|3.109|402968576|434966528|gen_data_c698e3d710d5cb5d|__AUTOMETRIC__
__AUTOMETRIC__|0.1.2|18252|crew_log_541966426cf498b4|0|1786390335.879|100.313|3.135|402853888|434843648|gen_data_c698e3d710d5cb5d|__AUTOMETRIC__
__AUTOMETRIC__|0.1.2|18252|crew_log_541966426cf498b4|0|1786390336.884|99.575|3.112|402649088|434638848|gen_data_c698e3d710d5cb5d|__AUTOMETRIC__
__AUTOMETRIC__|0.1.2|18252|crew_log_541966426cf498b4|0|1786390337.886|99.716|3.116|402690048|434679808|gen_data_c698e3d710d5cb5d|__AUTOMETRIC__
__AUTOMETRIC__|0.1.2|18252|crew_log_541966426cf498b4|0|1786390338.888|98.276|3.071|403038208|435085312|gen_data_c698e3d710d5cb5d|__AUTOMETRIC__
__AUTOMETRIC__|0.1.2|18252|crew_log_541966426cf498b4|0|1786390339.903|100.040|3.126|402776064|434819072|gen_data_c698e3d710d5cb5d|__AUTOMETRIC__
__AUTOMETRIC__|0.1.2|18252|crew_log_541966426cf498b4|0|1786390340.916|98.755|3.086|402857984|434884608|gen_data_c698e3d710d5cb5d|__AUTOMETRIC__
__AUTOMETRIC__|0.1.2|18252|crew_log_541966426cf498b4|0|1786390341.926|100.513|3.141|402939904|434941952|gen_data_c698e3d710d5cb5d|__AUTOMETRIC__
__AUTOMETRIC__|0.1.2|18252|crew_log_541966426cf498b4|0|1786390342.936|99.033|3.095|402993152|434991104|gen_data_c698e3d710d5cb5d|__AUTOMETRIC__
__AUTOMETRIC__|0.1.2|18252|crew_log_541966426cf498b4|0|1786390343.949|101.816|3.182|402849792|434843648|gen_data_c698e3d710d5cb5d|__AUTOMETRIC__
__AUTOMETRIC__|0.1.2|18252|crew_log_541966426cf498b4|0|1786390344.960|100.413|3.138|403021824|435085312|gen_data_c698e3d710d5cb5d|__AUTOMETRIC__
__AUTOMETRIC__|0.1.2|18252|crew_log_541966426cf498b4|0|1786390345.972|98.860|3.089|402997248|434991104|gen_data_c698e3d710d5cb5d|__AUTOMETRIC__
__AUTOMETRIC__|0.1.2|18252|crew_log_541966426cf498b4|0|1786390346.988|100.001|3.125|403025920|435019776|gen_data_c698e3d710d5cb5d|__AUTOMETRIC__
__AUTOMETRIC__|0.1.2|18252|crew_log_541966426cf498b4|0|1786390348.001|97.135|3.035|402915328|435085312|gen_data_c698e3d710d5cb5d|__AUTOMETRIC__
__AUTOMETRIC__|0.1.2|18252|crew_log_541966426cf498b4|0|1786390349.017|99.957|3.124|403124224|435113984|gen_data_c698e3d710d5cb5d|__AUTOMETRIC__
__AUTOMETRIC__|0.1.2|18252|crew_log_541966426cf498b4|0|1786390350.031|100.122|3.129|403066880|435089408|gen_data_c698e3d710d5cb5d|__AUTOMETRIC__
__AUTOMETRIC__|0.1.2|18252|crew_log_541966426cf498b4|0|1786390351.046|98.537|3.079|402808832|434831360|gen_data_c698e3d710d5cb5d|__AUTOMETRIC__
__AUTOMETRIC__|0.1.2|18252|crew_log_541966426cf498b4|0|1786390352.060|98.652|3.083|402776064|434798592|gen_data_c698e3d710d5cb5d|__AUTOMETRIC__
__AUTOMETRIC__|0.1.2|18252|crew_log_541966426cf498b4|0|1786390353.075|100.022|3.126|402812928|434835456|gen_data_c698e3d710d5cb5d|__AUTOMETRIC__
__AUTOMETRIC__|0.1.2|18252|crew_log_541966426cf498b4|0|1786390354.086|97.385|3.043|402890752|434913280|gen_data_c698e3d710d5cb5d|__AUTOMETRIC__
__AUTOMETRIC__|0.1.2|18252|crew_log_541966426cf498b4|0|1786390355.101|98.504|3.078|403132416|435154944|gen_data_c698e3d710d5cb5d|__AUTOMETRIC__
__AUTOMETRIC__|0.1.2|18252|crew_log_541966426cf498b4|0|1786390356.105|99.661|3.114|403034112|435056640|gen_data_c698e3d710d5cb5d|__AUTOMETRIC__
__AUTOMETRIC__|0.1.2|18252|crew_log_541966426cf498b4|0|1786390357.113|99.126|3.098|402731008|434720768|gen_data_c698e3d710d5cb5d|__AUTOMETRIC__
__AUTOMETRIC__|0.1.2|18252|crew_log_541966426cf498b4|0|1786390358.120|99.390|3.106|402845696|434831360|gen_data_c698e3d710d5cb5d|__AUTOMETRIC__
__AUTOMETRIC__|0.1.2|18252|crew_log_541966426cf498b4|0|1786390359.133|100.262|3.133|402735104|434712576|gen_data_c698e3d710d5cb5d|__AUTOMETRIC__
__AUTOMETRIC__|0.1.2|18252|crew_log_541966426cf498b4|0|1786390360.135|99.743|3.117|402796544|434769920|gen_data_c698e3d710d5cb5d|__AUTOMETRIC__
__AUTOMETRIC__|0.1.2|18252|crew_log_541966426cf498b4|0|1786390361.151|99.954|3.124|402808832|434794496|gen_data_c698e3d710d5cb5d|__AUTOMETRIC__
__AUTOMETRIC__|0.1.2|18252|crew_log_541966426cf498b4|0|1786390362.155|101.134|3.160|402690048|434651136|gen_data_c698e3d710d5cb5d|__AUTOMETRIC__
__AUTOMETRIC__|0.1.2|18252|crew_log_541966426cf498b4|0|1786390363.170|100.153|3.130|402739200|434696192|gen_data_c698e3d710d5cb5d|__AUTOMETRIC__
__AUTOMETRIC__|0.1.2|18252|crew_log_541966426cf498b4|0|1786390364.175|99.434|3.107|402657280|434614272|gen_data_c698e3d710d5cb5d|__AUTOMETRIC__
__AUTOMETRIC__|0.1.2|18252|crew_log_541966426cf498b4|0|1786390365.177|99.845|3.120|402677760|434634752|gen_data_c698e3d710d5cb5d|__AUTOMETRIC__
__AUTOMETRIC__|0.1.2|18252|crew_log_541966426cf498b4|0|1786390366.181|99.612|3.113|402796544|434753536|gen_data_c698e3d710d5cb5d|__AUTOMETRIC__
__AUTOMETRIC__|0.1.2|18252|crew_log_541966426cf498b4|0|1786390367.187|99.417|3.107|403083264|435040256|gen_data_c698e3d710d5cb5d|__AUTOMETRIC__
__AUTOMETRIC__|0.1.2|18252|crew_log_541966426cf498b4|0|1786390368.197|100.513|3.141|402898944|434855936|gen_data_c698e3d710d5cb5d|__AUTOMETRIC__
__AUTOMETRIC__|0.1.2|18252|crew_log_541966426cf498b4|0|1786390369.202|101.027|3.157|403021824|434978816|gen_data_c698e3d710d5cb5d|__AUTOMETRIC__
__AUTOMETRIC__|0.1.2|18252|crew_log_541966426cf498b4|0|1786390370.218|98.454|3.077|402853888|434819072|gen_data_c698e3d710d5cb5d|__AUTOMETRIC__
__AUTOMETRIC__|0.1.2|18252|crew_log_541966426cf498b4|0|1786390371.231|98.713|3.085|402997248|434962432|gen_data_c698e3d710d5cb5d|__AUTOMETRIC__
__AUTOMETRIC__|0.1.2|18252|crew_log_541966426cf498b4|0|1786390372.240|99.108|3.097|403075072|435036160|gen_data_c698e3d710d5cb5d|__AUTOMETRIC__
__AUTOMETRIC__|0.1.2|18252|crew_log_541966426cf498b4|0|1786390373.244|99.606|3.113|403025920|434982912|gen_data_c698e3d710d5cb5d|__AUTOMETRIC__
__AUTOMETRIC__|0.1.2|18252|crew_log_541966426cf498b4|0|1786390374.258|100.181|3.131|403009536|434966528|gen_data_c698e3d710d5cb5d|__AUTOMETRIC__
__AUTOMETRIC__|0.1.2|18252|crew_log_541966426cf498b4|0|1786390375.261|98.120|3.066|403021824|434982912|gen_data_c698e3d710d5cb5d|__AUTOMETRIC__
__AUTOMETRIC__|0.1.2|18252|crew_log_541966426cf498b4|0|1786390376.269|99.165|3.099|403079168|435036160|gen_data_c698e3d710d5cb5d|__AUTOMETRIC__
__AUTOMETRIC__|0.1.2|18252|crew_log_541966426cf498b4|0|1786390377.273|99.601|3.113|402771968|434728960|gen_data_c698e3d710d5cb5d|__AUTOMETRIC__
__AUTOMETRIC__|0.1.2|18252|crew_log_541966426cf498b4|0|1786390378.283|100.627|3.145|402878464|434835456|gen_data_c698e3d710d5cb5d|__AUTOMETRIC__
__AUTOMETRIC__|0.1.2|18252|crew_log_541966426cf498b4|0|1786390379.284|99.870|3.121|402927616|434884608|gen_data_c698e3d710d5cb5d|__AUTOMETRIC__
__AUTOMETRIC__|0.1.2|18252|crew_log_541966426cf498b4|0|1786390380.295|95.804|2.994|402972672|434929664|gen_data_c698e3d710d5cb5d|__AUTOMETRIC__
__AUTOMETRIC__|0.1.2|18252|crew_log_541966426cf498b4|0|1786390381.297|102.895|3.215|402915328|434872320|gen_data_c698e3d710d5cb5d|__AUTOMETRIC__
__AUTOMETRIC__|0.1.2|18252|crew_log_541966426cf498b4|0|1786390382.310|98.760|3.086|402911232|434868224|gen_data_c698e3d710d5cb5d|__AUTOMETRIC__
__AUTOMETRIC__|0.1.2|18252|crew_log_541966426cf498b4|0|1786390383.325|101.585|3.175|403152896|435150848|gen_data_c698e3d710d5cb5d|__AUTOMETRIC__
__AUTOMETRIC__|0.1.2|18252|crew_log_541966426cf498b4|0|1786390384.341|100.005|3.125|402894848|434851840|gen_data_c698e3d710d5cb5d|__AUTOMETRIC__
__AUTOMETRIC__|0.1.2|18252|crew_log_541966426cf498b4|0|1786390385.351|100.517|3.141|402911232|434868224|gen_data_c698e3d710d5cb5d|__AUTOMETRIC__
__AUTOMETRIC__|0.1.2|18252|crew_log_541966426cf498b4|0|1786390386.361|99.019|3.094|402857984|434814976|gen_data_c698e3d710d5cb5d|__AUTOMETRIC__
__AUTOMETRIC__|0.1.2|18252|crew_log_541966426cf498b4|0|1786390387.374|100.237|3.132|402817024|434774016|gen_data_c698e3d710d5cb5d|__AUTOMETRIC__
__AUTOMETRIC__|0.1.2|18252|crew_log_541966426cf498b4|0|1786390388.386|98.877|3.090|402841600|434802688|gen_data_c698e3d710d5cb5d|__AUTOMETRIC__
__AUTOMETRIC__|0.1.2|18252|crew_log_541966426cf498b4|0|1786390389.398|97.194|3.037|402837504|434798592|gen_data_c698e3d710d5cb5d|__AUTOMETRIC__
__AUTOMETRIC__|0.1.2|18252|crew_log_541966426cf498b4|0|1786390390.405|96.208|3.006|402837504|434798592|gen_data_c698e3d710d5cb5d|__AUTOMETRIC__
__AUTOMETRIC__|0.1.2|18252|crew_log_541966426cf498b4|0|1786390391.409|101.171|3.162|402829312|434790400|gen_data_c698e3d710d5cb5d|__AUTOMETRIC__
__AUTOMETRIC__|0.1.2|18252|crew_log_541966426cf498b4|0|1786390392.423|100.199|3.131|402800640|434761728|gen_data_c698e3d710d5cb5d|__AUTOMETRIC__
__AUTOMETRIC__|0.1.2|18252|crew_log_541966426cf498b4|0|1786390393.427|99.582|3.112|402874368|434835456|gen_data_c698e3d710d5cb5d|__AUTOMETRIC__
__AUTOMETRIC__|0.1.2|18252|crew_log_541966426cf498b4|0|1786390394.435|99.223|3.101|402886656|434847744|gen_data_c698e3d710d5cb5d|__AUTOMETRIC__
__AUTOMETRIC__|0.1.2|18252|crew_log_541966426cf498b4|0|1786390395.438|98.099|3.066|402833408|434790400|gen_data_c698e3d710d5cb5d|__AUTOMETRIC__
__AUTOMETRIC__|0.1.2|18252|crew_log_541966426cf498b4|0|1786390396.443|98.015|3.063|402890752|434847744|gen_data_c698e3d710d5cb5d|__AUTOMETRIC__
__AUTOMETRIC__|0.1.2|18252|crew_log_541966426cf498b4|0|1786390397.454|100.387|3.137|402972672|434929664|gen_data_c698e3d710d5cb5d|__AUTOMETRIC__
__AUTOMETRIC__|0.1.2|18252|crew_log_541966426cf498b4|0|1786390398.469|100.093|3.128|403226624|435183616|gen_data_c698e3d710d5cb5d|__AUTOMETRIC__
__AUTOMETRIC__|0.1.2|18252|crew_log_541966426cf498b4|0|1786390399.483|98.624|3.082|403034112|434991104|gen_data_c698e3d710d5cb5d|__AUTOMETRIC__
__AUTOMETRIC__|0.1.2|18252|crew_log_541966426cf498b4|0|1786390400.494|102.048|3.189|402997248|434962432|gen_data_c698e3d710d5cb5d|__AUTOMETRIC__
__AUTOMETRIC__|0.1.2|18252|crew_log_541966426cf498b4|0|1786390401.510|99.962|3.124|402964480|434925568|gen_data_c698e3d710d5cb5d|__AUTOMETRIC__
__AUTOMETRIC__|0.1.2|18252|crew_log_541966426cf498b4|0|1786390402.511|99.889|3.122|403091456|435052544|gen_data_c698e3d710d5cb5d|__AUTOMETRIC__
__AUTOMETRIC__|0.1.2|18252|crew_log_541966426cf498b4|0|1786390403.527|98.426|3.076|402907136|434868224|gen_data_c698e3d710d5cb5d|__AUTOMETRIC__
__AUTOMETRIC__|0.1.2|18252|crew_log_541966426cf498b4|0|1786390404.528|99.869|3.121|402956288|434917376|gen_data_c698e3d710d5cb5d|__AUTOMETRIC__
__AUTOMETRIC__|0.1.2|18252|crew_log_541966426cf498b4|0|1786390405.541|97.165|3.036|403042304|435003392|gen_data_c698e3d710d5cb5d|__AUTOMETRIC__
__AUTOMETRIC__|0.1.2|18252|crew_log_541966426cf498b4|0|1786390406.552|100.485|3.140|402935808|434896896|gen_data_c698e3d710d5cb5d|__AUTOMETRIC__
__AUTOMETRIC__|0.1.2|18252|crew_log_541966426cf498b4|0|1786390407.566|100.103|3.128|402939904|434896896|gen_data_c698e3d710d5cb5d|__AUTOMETRIC__
__AUTOMETRIC__|0.1.2|18252|crew_log_541966426cf498b4|0|1786390408.580|100.247|3.133|403079168|435036160|gen_data_c698e3d710d5cb5d|__AUTOMETRIC__
__AUTOMETRIC__|0.1.2|18252|crew_log_541966426cf498b4|0|1786390409.593|100.178|3.131|403189760|435154944|gen_data_c698e3d710d5cb5d|__AUTOMETRIC__
__AUTOMETRIC__|0.1.2|18252|crew_log_541966426cf498b4|0|1786390410.609|98.443|3.076|402972672|434929664|gen_data_c698e3d710d5cb5d|__AUTOMETRIC__
__AUTOMETRIC__|0.1.2|18252|crew_log_541966426cf498b4|0|1786390411.620|98.920|3.091|402997248|434954240|gen_data_c698e3d710d5cb5d|__AUTOMETRIC__
__AUTOMETRIC__|0.1.2|18252|crew_log_541966426cf498b4|0|1786390412.621|99.874|3.121|403193856|435167232|gen_data_c698e3d710d5cb5d|__AUTOMETRIC__
__AUTOMETRIC__|0.1.2|18252|crew_log_541966426cf498b4|0|1786390413.626|101.086|3.159|402993152|434966528|gen_data_c698e3d710d5cb5d|__AUTOMETRIC__
__AUTOMETRIC__|0.1.2|18252|crew_log_541966426cf498b4|0|1786390414.639|97.193|3.037|403156992|435159040|gen_data_c698e3d710d5cb5d|__AUTOMETRIC__
__AUTOMETRIC__|0.1.2|18252|crew_log_541966426cf498b4|0|1786390415.654|101.544|3.173|403218432|435187712|gen_data_c698e3d710d5cb5d|__AUTOMETRIC__
__AUTOMETRIC__|0.1.2|18252|crew_log_541966426cf498b4|0|1786390416.671|99.933|3.123|402960384|434925568|gen_data_c698e3d710d5cb5d|__AUTOMETRIC__
__AUTOMETRIC__|0.1.2|18252|crew_log_541966426cf498b4|0|1786390417.676|99.523|3.110|402993152|435154944|gen_data_c698e3d710d5cb5d|__AUTOMETRIC__
__AUTOMETRIC__|0.1.2|18252|crew_log_541966426cf498b4|0|1786390418.682|97.852|3.058|403099648|435056640|gen_data_c698e3d710d5cb5d|__AUTOMETRIC__
__AUTOMETRIC__|0.1.2|18252|crew_log_541966426cf498b4|0|1786390419.684|98.220|3.069|403144704|435101696|gen_data_c698e3d710d5cb5d|__AUTOMETRIC__
__AUTOMETRIC__|0.1.2|18252|crew_log_541966426cf498b4|0|1786390420.686|96.609|3.019|403103744|435060736|gen_data_c698e3d710d5cb5d|__AUTOMETRIC__
__AUTOMETRIC__|0.1.2|18252|crew_log_541966426cf498b4|0|1786390421.697|100.501|3.141|403116032|435073024|gen_data_c698e3d710d5cb5d|__AUTOMETRIC__
__AUTOMETRIC__|0.1.2|18252|crew_log_541966426cf498b4|0|1786390422.702|101.033|3.157|403148800|435105792|gen_data_c698e3d710d5cb5d|__AUTOMETRIC__
__AUTOMETRIC__|0.1.2|18252|crew_log_541966426cf498b4|0|1786390423.718|93.872|2.933|403255296|435216384|gen_data_c698e3d710d5cb5d|__AUTOMETRIC__
__AUTOMETRIC__|0.1.2|18252|crew_log_541966426cf498b4|0|1786390424.730|100.279|3.134|403210240|435171328|gen_data_c698e3d710d5cb5d|__AUTOMETRIC__
__AUTOMETRIC__|0.1.2|18252|crew_log_541966426cf498b4|0|1786390425.744|100.245|3.133|403132416|435093504|gen_data_c698e3d710d5cb5d|__AUTOMETRIC__
__AUTOMETRIC__|0.1.2|18252|crew_log_541966426cf498b4|0|1786390426.760|99.955|3.124|403103744|435064832|gen_data_c698e3d710d5cb5d|__AUTOMETRIC__
__AUTOMETRIC__|0.1.2|18252|crew_log_541966426cf498b4|0|1786390427.764|97.979|3.062|403140608|435101696|gen_data_c698e3d710d5cb5d|__AUTOMETRIC__
__AUTOMETRIC__|0.1.2|18252|crew_log_541966426cf498b4|0|1786390428.770|97.860|3.058|403177472|435138560|gen_data_c698e3d710d5cb5d|__AUTOMETRIC__
__AUTOMETRIC__|0.1.2|18252|crew_log_541966426cf498b4|0|1786390429.773|99.720|3.116|403283968|435245056|gen_data_c698e3d710d5cb5d|__AUTOMETRIC__
__AUTOMETRIC__|0.1.2|18252|crew_log_541966426cf498b4|0|1786390430.779|102.520|3.204|403210240|435109888|gen_data_c698e3d710d5cb5d|__AUTOMETRIC__
__AUTOMETRIC__|0.1.2|18252|crew_log_541966426cf498b4|0|1786390431.784|101.003|3.156|403214336|435101696|gen_data_c698e3d710d5cb5d|__AUTOMETRIC__
__AUTOMETRIC__|0.1.2|18252|crew_log_541966426cf498b4|0|1786390432.791|96.224|3.007|402989056|434872320|gen_data_c698e3d710d5cb5d|__AUTOMETRIC__
__AUTOMETRIC__|0.1.2|18252|crew_log_541966426cf498b4|0|1786390433.794|99.725|3.116|403144704|435040256|gen_data_c698e3d710d5cb5d|__AUTOMETRIC__
__AUTOMETRIC__|0.1.2|18252|crew_log_541966426cf498b4|0|1786390434.809|98.503|3.078|403009536|434905088|gen_data_c698e3d710d5cb5d|__AUTOMETRIC__
__AUTOMETRIC__|0.1.2|18252|crew_log_541966426cf498b4|0|1786390435.823|100.209|3.132|403058688|434970624|gen_data_c698e3d710d5cb5d|__AUTOMETRIC__
__AUTOMETRIC__|0.1.2|18252|crew_log_541966426cf498b4|0|1786390436.838|100.028|3.126|403189760|435101696|gen_data_c698e3d710d5cb5d|__AUTOMETRIC__
__AUTOMETRIC__|0.1.2|18252|crew_log_541966426cf498b4|0|1786390437.840|99.783|3.118|403238912|435150848|gen_data_c698e3d710d5cb5d|__AUTOMETRIC__
__AUTOMETRIC__|0.1.2|18252|crew_log_541966426cf498b4|0|1786390438.844|99.587|3.112|403337216|435232768|gen_data_c698e3d710d5cb5d|__AUTOMETRIC__
__AUTOMETRIC__|0.1.2|18252|crew_log_541966426cf498b4|0|1786390439.857|97.215|3.038|403267584|435163136|gen_data_c698e3d710d5cb5d|__AUTOMETRIC__
__AUTOMETRIC__|0.1.2|18252|crew_log_541966426cf498b4|0|1786390440.869|101.864|3.183|403529728|435425280|gen_data_c698e3d710d5cb5d|__AUTOMETRIC__
__AUTOMETRIC__|0.1.2|18252|crew_log_541966426cf498b4|0|1786390441.873|101.241|3.164|403345408|435240960|gen_data_c698e3d710d5cb5d|__AUTOMETRIC__
__AUTOMETRIC__|0.1.2|18252|crew_log_541966426cf498b4|0|1786390442.886|101.762|3.180|403238912|435134464|gen_data_c698e3d710d5cb5d|__AUTOMETRIC__
__AUTOMETRIC__|0.1.2|18252|crew_log_541966426cf498b4|0|1786390443.902|98.449|3.077|403361792|435281920|gen_data_c698e3d710d5cb5d|__AUTOMETRIC__
__AUTOMETRIC__|0.1.2|18252|crew_log_541966426cf498b4|0|1786390444.905|99.706|3.116|403206144|435109888|gen_data_c698e3d710d5cb5d|__AUTOMETRIC__
__AUTOMETRIC__|0.1.2|18252|crew_log_541966426cf498b4|0|1786390445.915|100.527|3.141|402984960|434880512|gen_data_c698e3d710d5cb5d|__AUTOMETRIC__
__AUTOMETRIC__|0.1.2|18252|crew_log_541966426cf498b4|0|1786390446.918|99.698|3.116|403054592|434950144|gen_data_c698e3d710d5cb5d|__AUTOMETRIC__
__AUTOMETRIC__|0.1.2|18252|crew_log_541966426cf498b4|0|1786390447.927|99.147|3.098|403148800|435044352|gen_data_c698e3d710d5cb5d|__AUTOMETRIC__
__AUTOMETRIC__|0.1.2|18252|crew_log_541966426cf498b4|0|1786390448.943|99.943|3.123|403054592|434954240|gen_data_c698e3d710d5cb5d|__AUTOMETRIC__
__AUTOMETRIC__|0.1.2|18252|crew_log_541966426cf498b4|0|1786390449.956|98.700|3.084|403038208|434937856|gen_data_c698e3d710d5cb5d|__AUTOMETRIC__
__AUTOMETRIC__|0.1.2|18252|crew_log_541966426cf498b4|0|1786390450.966|97.430|3.045|403087360|434991104|gen_data_c698e3d710d5cb5d|__AUTOMETRIC__
__AUTOMETRIC__|0.1.2|18252|crew_log_541966426cf498b4|0|1786390451.981|97.033|3.032|403103744|435003392|gen_data_c698e3d710d5cb5d|__AUTOMETRIC__
__AUTOMETRIC__|0.1.2|18252|crew_log_541966426cf498b4|0|1786390452.993|98.761|3.086|403070976|434970624|gen_data_c698e3d710d5cb5d|__AUTOMETRIC__
__AUTOMETRIC__|0.1.2|18252|crew_log_541966426cf498b4|0|1786390454.004|100.443|3.139|403341312|435224576|gen_data_c698e3d710d5cb5d|__AUTOMETRIC__
__AUTOMETRIC__|0.1.2|18252|crew_log_541966426cf498b4|0|1786390455.006|99.894|3.122|403406848|435290112|gen_data_c698e3d710d5cb5d|__AUTOMETRIC__
__AUTOMETRIC__|0.1.2|18252|crew_log_541966426cf498b4|0|1786390456.021|99.987|3.125|403337216|435232768|gen_data_c698e3d710d5cb5d|__AUTOMETRIC__
__AUTOMETRIC__|0.1.2|18252|crew_log_541966426cf498b4|0|1786390457.036|97.037|3.032|403173376|435068928|gen_data_c698e3d710d5cb5d|__AUTOMETRIC__
__AUTOMETRIC__|0.1.2|18252|crew_log_541966426cf498b4|0|1786390458.040|99.570|3.112|403427328|435322880|gen_data_c698e3d710d5cb5d|__AUTOMETRIC__
__AUTOMETRIC__|0.1.2|18252|crew_log_541966426cf498b4|0|1786390459.054|98.660|3.083|403320832|435216384|gen_data_c698e3d710d5cb5d|__AUTOMETRIC__
__AUTOMETRIC__|0.1.2|18252|crew_log_541966426cf498b4|0|1786390460.065|100.401|3.138|403324928|435220480|gen_data_c698e3d710d5cb5d|__AUTOMETRIC__
__AUTOMETRIC__|0.1.2|18252|crew_log_541966426cf498b4|0|1786390461.076|98.920|3.091|403107840|435003392|gen_data_c698e3d710d5cb5d|__AUTOMETRIC__
__AUTOMETRIC__|0.1.2|18252|crew_log_541966426cf498b4|0|1786390462.089|100.258|3.133|403333120|435228672|gen_data_c698e3d710d5cb5d|__AUTOMETRIC__
__AUTOMETRIC__|0.1.2|18252|crew_log_541966426cf498b4|0|1786390463.101|97.316|3.041|403353600|435249152|gen_data_c698e3d710d5cb5d|__AUTOMETRIC__
__AUTOMETRIC__|0.1.2|18252|crew_log_541966426cf498b4|0|1786390464.108|97.700|3.053|403435520|435331072|gen_data_c698e3d710d5cb5d|__AUTOMETRIC__
__AUTOMETRIC__|0.1.2|18252|crew_log_541966426cf498b4|0|1786390465.112|99.596|3.112|403386368|435367936|gen_data_c698e3d710d5cb5d|__AUTOMETRIC__
__AUTOMETRIC__|0.1.2|18252|crew_log_541966426cf498b4|0|1786390466.115|99.749|3.117|403337216|435232768|gen_data_c698e3d710d5cb5d|__AUTOMETRIC__
__AUTOMETRIC__|0.1.2|18252|crew_log_541966426cf498b4|0|1786390467.128|98.729|3.085|403398656|435294208|gen_data_c698e3d710d5cb5d|__AUTOMETRIC__
__AUTOMETRIC__|0.1.2|18252|crew_log_541966426cf498b4|0|1786390468.143|99.984|3.124|403488768|435384320|gen_data_c698e3d710d5cb5d|__AUTOMETRIC__
__AUTOMETRIC__|0.1.2|18252|crew_log_541966426cf498b4|0|1786390469.146|99.706|3.116|403365888|435261440|gen_data_c698e3d710d5cb5d|__AUTOMETRIC__
__AUTOMETRIC__|0.1.2|18252|crew_log_541966426cf498b4|0|1786390470.152|99.438|3.107|403423232|435318784|gen_data_c698e3d710d5cb5d|__AUTOMETRIC__
__AUTOMETRIC__|0.1.2|18252|crew_log_541966426cf498b4|0|1786390471.163|100.462|3.139|403423232|435306496|gen_data_c698e3d710d5cb5d|__AUTOMETRIC__
__AUTOMETRIC__|0.1.2|18252|crew_log_541966426cf498b4|0|1786390472.174|100.502|3.141|403156992|435138560|gen_data_c698e3d710d5cb5d|__AUTOMETRIC__
__AUTOMETRIC__|0.1.2|18252|crew_log_541966426cf498b4|0|1786390473.189|99.978|3.124|403337216|435245056|gen_data_c698e3d710d5cb5d|__AUTOMETRIC__
__AUTOMETRIC__|0.1.2|18252|crew_log_541966426cf498b4|0|1786390474.194|99.587|3.112|403406848|435314688|gen_data_c698e3d710d5cb5d|__AUTOMETRIC__
__AUTOMETRIC__|0.1.2|18252|crew_log_541966426cf498b4|0|1786390475.196|98.206|3.069|403312640|435208192|gen_data_c698e3d710d5cb5d|__AUTOMETRIC__
__AUTOMETRIC__|0.1.2|18252|crew_log_541966426cf498b4|0|1786390476.207|101.940|3.186|403361792|435265536|gen_data_c698e3d710d5cb5d|__AUTOMETRIC__
__AUTOMETRIC__|0.1.2|18252|crew_log_541966426cf498b4|0|1786390477.221|97.118|3.035|403275776|435347456|gen_data_c698e3d710d5cb5d|__AUTOMETRIC__
__AUTOMETRIC__|0.1.2|18252|crew_log_541966426cf498b4|0|1786390478.231|98.980|3.093|403337216|435236864|gen_data_c698e3d710d5cb5d|__AUTOMETRIC__
__AUTOMETRIC__|0.1.2|18252|crew_log_541966426cf498b4|0|1786390479.235|102.724|3.210|403382272|435281920|gen_data_c698e3d710d5cb5d|__AUTOMETRIC__
__AUTOMETRIC__|0.1.2|18252|crew_log_541966426cf498b4|0|1786390480.236|96.770|3.024|403218432|435118080|gen_data_c698e3d710d5cb5d|__AUTOMETRIC__
__AUTOMETRIC__|0.1.2|18252|crew_log_541966426cf498b4|0|1786390481.249|100.279|3.134|403517440|435441664|gen_data_c698e3d710d5cb5d|__AUTOMETRIC__
__AUTOMETRIC__|0.1.2|18252|crew_log_541966426cf498b4|0|1786390482.261|98.878|3.090|403533824|435429376|gen_data_c698e3d710d5cb5d|__AUTOMETRIC__
__AUTOMETRIC__|0.1.2|18252|crew_log_541966426cf498b4|0|1786390483.275|100.075|3.127|403292160|435187712|gen_data_c698e3d710d5cb5d|__AUTOMETRIC__
__AUTOMETRIC__|0.1.2|18252|crew_log_541966426cf498b4|0|1786390484.292|99.915|3.122|403255296|435154944|gen_data_c698e3d710d5cb5d|__AUTOMETRIC__
__AUTOMETRIC__|0.1.2|18252|crew_log_541966426cf498b4|0|1786390485.298|100.983|3.156|403193856|435093504|gen_data_c698e3d710d5cb5d|__AUTOMETRIC__
__AUTOMETRIC__|0.1.2|18252|crew_log_541966426cf498b4|0|1786390486.314|99.941|3.123|403230720|435130368|gen_data_c698e3d710d5cb5d|__AUTOMETRIC__
__AUTOMETRIC__|0.1.2|18252|crew_log_541966426cf498b4|0|1786390487.323|97.507|3.047|403501056|435396608|gen_data_c698e3d710d5cb5d|__AUTOMETRIC__
__AUTOMETRIC__|0.1.2|18252|crew_log_541966426cf498b4|0|1786390488.339|100.022|3.126|403529728|435425280|gen_data_c698e3d710d5cb5d|__AUTOMETRIC__
__AUTOMETRIC__|0.1.2|18252|crew_log_541966426cf498b4|0|1786390489.351|100.333|3.135|403558400|435462144|gen_data_c698e3d710d5cb5d|__AUTOMETRIC__
__AUTOMETRIC__|0.1.2|18252|crew_log_541966426cf498b4|0|1786390490.365|100.190|3.131|403398656|435302400|gen_data_c698e3d710d5cb5d|__AUTOMETRIC__
__AUTOMETRIC__|0.1.2|18252|crew_log_541966426cf498b4|0|1786390491.378|100.266|3.133|403521536|435425280|gen_data_c698e3d710d5cb5d|__AUTOMETRIC__
__AUTOMETRIC__|0.1.2|18252|crew_log_541966426cf498b4|0|1786390492.386|97.633|3.051|403496960|435400704|gen_data_c698e3d710d5cb5d|__AUTOMETRIC__
__AUTOMETRIC__|0.1.2|18252|crew_log_541966426cf498b4|0|1786390493.387|99.891|3.122|403542016|435445760|gen_data_c698e3d710d5cb5d|__AUTOMETRIC__
__AUTOMETRIC__|0.1.2|18252|crew_log_541966426cf498b4|0|1786390494.388|98.329|3.073|403521536|435425280|gen_data_c698e3d710d5cb5d|__AUTOMETRIC__
__AUTOMETRIC__|0.1.2|18252|crew_log_541966426cf498b4|0|1786390495.395|99.287|3.103|403513344|435408896|gen_data_c698e3d710d5cb5d|__AUTOMETRIC__
__AUTOMETRIC__|0.1.2|18252|crew_log_541966426cf498b4|0|1786390496.409|100.150|3.130|403460096|435359744|gen_data_c698e3d710d5cb5d|__AUTOMETRIC__
__AUTOMETRIC__|0.1.2|18252|crew_log_541966426cf498b4|0|1786390497.424|100.120|3.129|403496960|435396608|gen_data_c698e3d710d5cb5d|__AUTOMETRIC__
__AUTOMETRIC__|0.1.2|18252|crew_log_541966426cf498b4|0|1786390498.440|99.945|3.123|403492864|435392512|gen_data_c698e3d710d5cb5d|__AUTOMETRIC__
__AUTOMETRIC__|0.1.2|18252|crew_log_541966426cf498b4|0|1786390499.441|99.859|3.121|403664896|435560448|gen_data_c698e3d710d5cb5d|__AUTOMETRIC__
__AUTOMETRIC__|0.1.2|18252|crew_log_541966426cf498b4|0|1786390500.455|100.172|3.130|403398656|435507200|gen_data_c698e3d710d5cb5d|__AUTOMETRIC__
__AUTOMETRIC__|0.1.2|18252|crew_log_541966426cf498b4|0|1786390501.460|96.417|3.013|403443712|435339264|gen_data_c698e3d710d5cb5d|__AUTOMETRIC__
__AUTOMETRIC__|0.1.2|18252|crew_log_541966426cf498b4|0|1786390502.470|99.059|3.096|403628032|435523584|gen_data_c698e3d710d5cb5d|__AUTOMETRIC__
__AUTOMETRIC__|0.1.2|18252|crew_log_541966426cf498b4|0|1786390503.474|99.593|3.112|403656704|435552256|gen_data_c698e3d710d5cb5d|__AUTOMETRIC__
__AUTOMETRIC__|0.1.2|18252|crew_log_541966426cf498b4|0|1786390504.486|98.775|3.087|403570688|435466240|gen_data_c698e3d710d5cb5d|__AUTOMETRIC__
__AUTOMETRIC__|0.1.2|18252|crew_log_541966426cf498b4|0|1786390505.489|99.655|3.114|403484672|435392512|gen_data_c698e3d710d5cb5d|__AUTOMETRIC__
__AUTOMETRIC__|0.1.2|18252|crew_log_541966426cf498b4|0|1786390506.499|102.113|3.191|403492864|435388416|gen_data_c698e3d710d5cb5d|__AUTOMETRIC__
__AUTOMETRIC__|0.1.2|18252|crew_log_541966426cf498b4|0|1786390507.502|99.712|3.116|403722240|435617792|gen_data_c698e3d710d5cb5d|__AUTOMETRIC__
__AUTOMETRIC__|0.1.2|18252|crew_log_541966426cf498b4|0|1786390508.517|100.047|3.126|403488768|435384320|gen_data_c698e3d710d5cb5d|__AUTOMETRIC__
__AUTOMETRIC__|0.1.2|18252|crew_log_541966426cf498b4|0|1786390509.528|98.970|3.093|403390464|435286016|gen_data_c698e3d710d5cb5d|__AUTOMETRIC__
__AUTOMETRIC__|0.1.2|18252|crew_log_541966426cf498b4|0|1786390510.533|99.497|3.109|403636224|435531776|gen_data_c698e3d710d5cb5d|__AUTOMETRIC__
__AUTOMETRIC__|0.1.2|18252|crew_log_541966426cf498b4|0|1786390511.543|97.416|3.044|403644416|435539968|gen_data_c698e3d710d5cb5d|__AUTOMETRIC__
__AUTOMETRIC__|0.1.2|18252|crew_log_541966426cf498b4|0|1786390512.548|101.099|3.159|403726336|435625984|gen_data_c698e3d710d5cb5d|__AUTOMETRIC__
__AUTOMETRIC__|0.1.2|18252|crew_log_541966426cf498b4|0|1786390513.554|99.369|3.105|403652608|435552256|gen_data_c698e3d710d5cb5d|__AUTOMETRIC__
__AUTOMETRIC__|0.1.2|18252|crew_log_541966426cf498b4|0|1786390514.556|99.839|3.120|403779584|435679232|gen_data_c698e3d710d5cb5d|__AUTOMETRIC__
__AUTOMETRIC__|0.1.2|18252|crew_log_541966426cf498b4|0|1786390515.571|100.091|3.128|403714048|435609600|gen_data_c698e3d710d5cb5d|__AUTOMETRIC__
__AUTOMETRIC__|0.1.2|18252|crew_log_541966426cf498b4|0|1786390516.581|100.553|3.142|403709952|435605504|gen_data_c698e3d710d5cb5d|__AUTOMETRIC__
__AUTOMETRIC__|0.1.2|18252|crew_log_541966426cf498b4|0|1786390517.595|98.571|3.080|403623936|435523584|gen_data_c698e3d710d5cb5d|__AUTOMETRIC__
__AUTOMETRIC__|0.1.2|18252|crew_log_541966426cf498b4|0|1786390518.610|100.118|3.129|403468288|435519488|gen_data_c698e3d710d5cb5d|__AUTOMETRIC__
__AUTOMETRIC__|0.1.2|18252|crew_log_541966426cf498b4|0|1786390519.624|97.084|3.034|403767296|435675136|gen_data_c698e3d710d5cb5d|__AUTOMETRIC__
__AUTOMETRIC__|0.1.2|18252|crew_log_541966426cf498b4|0|1786390520.637|95.571|2.987|403763200|435658752|gen_data_c698e3d710d5cb5d|__AUTOMETRIC__
__AUTOMETRIC__|0.1.2|18252|crew_log_541966426cf498b4|0|1786390521.654|99.890|3.122|403738624|435634176|gen_data_c698e3d710d5cb5d|__AUTOMETRIC__
__AUTOMETRIC__|0.1.2|18252|crew_log_541966426cf498b4|0|1786390522.665|100.406|3.138|403775488|435675136|gen_data_c698e3d710d5cb5d|__AUTOMETRIC__
__AUTOMETRIC__|0.1.2|18252|crew_log_541966426cf498b4|0|1786390523.666|99.896|3.122|403664896|435564544|gen_data_c698e3d710d5cb5d|__AUTOMETRIC__
__AUTOMETRIC__|0.1.2|18252|crew_log_541966426cf498b4|0|1786390524.671|99.522|3.110|403759104|435654656|gen_data_c698e3d710d5cb5d|__AUTOMETRIC__
__AUTOMETRIC__|0.1.2|18252|crew_log_541966426cf498b4|0|1786390525.687|96.945|3.030|403832832|435728384|gen_data_c698e3d710d5cb5d|__AUTOMETRIC__
__AUTOMETRIC__|0.1.2|18252|crew_log_541966426cf498b4|0|1786390526.697|98.977|3.093|403759104|435834880|gen_data_c698e3d710d5cb5d|__AUTOMETRIC__
__AUTOMETRIC__|0.1.2|18252|crew_log_541966426cf498b4|0|1786390527.701|94.961|2.968|403992576|435888128|gen_data_c698e3d710d5cb5d|__AUTOMETRIC__
__AUTOMETRIC__|0.1.2|18252|crew_log_541966426cf498b4|0|1786390528.717|101.484|3.171|403951616|435847168|gen_data_c698e3d710d5cb5d|__AUTOMETRIC__
__AUTOMETRIC__|0.1.2|18252|crew_log_541966426cf498b4|0|1786390529.731|97.113|3.035|403939328|435834880|gen_data_c698e3d710d5cb5d|__AUTOMETRIC__
__AUTOMETRIC__|0.1.2|18252|crew_log_541966426cf498b4|0|1786390530.742|97.315|3.041|403988480|435884032|gen_data_c698e3d710d5cb5d|__AUTOMETRIC__
__AUTOMETRIC__|0.1.2|18252|crew_log_541966426cf498b4|0|1786390531.746|99.608|3.113|403812352|435740672|gen_data_c698e3d710d5cb5d|__AUTOMETRIC__
__AUTOMETRIC__|0.1.2|18252|crew_log_541966426cf498b4|0|1786390532.750|98.080|3.065|404049920|435945472|gen_data_c698e3d710d5cb5d|__AUTOMETRIC__
__AUTOMETRIC__|0.1.2|18252|crew_log_541966426cf498b4|0|1786390533.752|99.767|3.118|404135936|436031488|gen_data_c698e3d710d5cb5d|__AUTOMETRIC__
__AUTOMETRIC__|0.1.2|18252|crew_log_541966426cf498b4|0|1786390534.763|97.412|3.044|403828736|435712000|gen_data_c698e3d710d5cb5d|__AUTOMETRIC__
__AUTOMETRIC__|0.1.2|18252|crew_log_541966426cf498b4|0|1786390535.768|102.542|3.204|404008960|435892224|gen_data_c698e3d710d5cb5d|__AUTOMETRIC__
__AUTOMETRIC__|0.1.2|18252|crew_log_541966426cf498b4|0|1786390536.777|99.147|3.098|403988480|435884032|gen_data_c698e3d710d5cb5d|__AUTOMETRIC__
__AUTOMETRIC__|0.1.2|18252|crew_log_541966426cf498b4|0|1786390537.778|99.879|3.121|404033536|435929088|gen_data_c698e3d710d5cb5d|__AUTOMETRIC__
__AUTOMETRIC__|0.1.2|18252|crew_log_541966426cf498b4|0|1786390538.791|101.830|3.182|404094976|435990528|gen_data_c698e3d710d5cb5d|__AUTOMETRIC__
__AUTOMETRIC__|0.1.2|18252|crew_log_541966426cf498b4|0|1786390539.807|99.920|3.122|403783680|435679232|gen_data_c698e3d710d5cb5d|__AUTOMETRIC__
__AUTOMETRIC__|0.1.2|18252|crew_log_541966426cf498b4|0|1786390540.823|100.012|3.125|403845120|435740672|gen_data_c698e3d710d5cb5d|__AUTOMETRIC__
__AUTOMETRIC__|0.1.2|18252|crew_log_541966426cf498b4|0|1786390541.835|98.767|3.086|404164608|436060160|gen_data_c698e3d710d5cb5d|__AUTOMETRIC__
__AUTOMETRIC__|0.1.2|18252|crew_log_541966426cf498b4|0|1786390542.849|100.172|3.130|403755008|435650560|gen_data_c698e3d710d5cb5d|__AUTOMETRIC__
__AUTOMETRIC__|0.1.2|18252|crew_log_541966426cf498b4|0|1786390543.862|100.287|3.134|404107264|436002816|gen_data_c698e3d710d5cb5d|__AUTOMETRIC__
__AUTOMETRIC__|0.1.2|18252|crew_log_541966426cf498b4|0|1786390544.864|95.056|2.970|403886080|435781632|gen_data_c698e3d710d5cb5d|__AUTOMETRIC__
__AUTOMETRIC__|0.1.2|18252|crew_log_541966426cf498b4|0|1786390545.878|98.615|3.082|403845120|435740672|gen_data_c698e3d710d5cb5d|__AUTOMETRIC__
__AUTOMETRIC__|0.1.2|18252|crew_log_541966426cf498b4|0|1786390546.894|100.017|3.126|403791872|435687424|gen_data_c698e3d710d5cb5d|__AUTOMETRIC__
__AUTOMETRIC__|0.1.2|18252|crew_log_541966426cf498b4|0|1786390547.906|100.333|3.135|403955712|435851264|gen_data_c698e3d710d5cb5d|__AUTOMETRIC__
__AUTOMETRIC__|0.1.2|18252|crew_log_541966426cf498b4|0|1786390548.913|97.794|3.056|403791872|435695616|gen_data_c698e3d710d5cb5d|__AUTOMETRIC__
__AUTOMETRIC__|0.1.2|18252|crew_log_541966426cf498b4|0|1786390549.923|100.524|3.141|403812352|435716096|gen_data_c698e3d710d5cb5d|__AUTOMETRIC__
__AUTOMETRIC__|0.1.2|18252|crew_log_541966426cf498b4|0|1786390550.928|99.521|3.110|404164608|436068352|gen_data_c698e3d710d5cb5d|__AUTOMETRIC__
__AUTOMETRIC__|0.1.2|18252|crew_log_541966426cf498b4|0|1786390551.931|99.710|3.116|404025344|435920896|gen_data_c698e3d710d5cb5d|__AUTOMETRIC__
__AUTOMETRIC__|0.1.2|18252|crew_log_541966426cf498b4|0|1786390552.936|101.037|3.157|404226048|436121600|gen_data_c698e3d710d5cb5d|__AUTOMETRIC__
__AUTOMETRIC__|0.1.2|18252|crew_log_541966426cf498b4|0|1786390553.950|97.112|3.035|404213760|436137984|gen_data_c698e3d710d5cb5d|__AUTOMETRIC__
__AUTOMETRIC__|0.1.2|18252|crew_log_541966426cf498b4|0|1786390554.965|98.456|3.077|404045824|435965952|gen_data_c698e3d710d5cb5d|__AUTOMETRIC__
__AUTOMETRIC__|0.1.2|18252|crew_log_541966426cf498b4|0|1786390555.973|102.338|3.198|404267008|436162560|gen_data_c698e3d710d5cb5d|__AUTOMETRIC__
__AUTOMETRIC__|0.1.2|18252|crew_log_541966426cf498b4|0|1786390556.981|99.193|3.100|404152320|436047872|gen_data_c698e3d710d5cb5d|__AUTOMETRIC__
__AUTOMETRIC__|0.1.2|18252|crew_log_541966426cf498b4|0|1786390557.987|102.499|3.203|404127744|436023296|gen_data_c698e3d710d5cb5d|__AUTOMETRIC__
__AUTOMETRIC__|0.1.2|18252|crew_log_541966426cf498b4|0|1786390559.002|98.595|3.081|404189184|436084736|gen_data_c698e3d710d5cb5d|__AUTOMETRIC__
__AUTOMETRIC__|0.1.2|18252|crew_log_541966426cf498b4|0|1786390560.015|100.219|3.132|404156416|436051968|gen_data_c698e3d710d5cb5d|__AUTOMETRIC__
__AUTOMETRIC__|0.1.2|18252|crew_log_541966426cf498b4|0|1786390561.016|99.923|3.123|404246528|436142080|gen_data_c698e3d710d5cb5d|__AUTOMETRIC__
__AUTOMETRIC__|0.1.2|18252|crew_log_541966426cf498b4|0|1786390562.030|100.119|3.129|404148224|436043776|gen_data_c698e3d710d5cb5d|__AUTOMETRIC__
__AUTOMETRIC__|0.1.2|18252|crew_log_541966426cf498b4|0|1786390563.039|99.155|3.099|404025344|435920896|gen_data_c698e3d710d5cb5d|__AUTOMETRIC__
__AUTOMETRIC__|0.1.2|18252|crew_log_541966426cf498b4|0|1786390564.054|100.058|3.127|404070400|435970048|gen_data_c698e3d710d5cb5d|__AUTOMETRIC__
__AUTOMETRIC__|0.1.2|18252|crew_log_541966426cf498b4|0|1786390565.055|98.266|3.071|404094976|435982336|gen_data_c698e3d710d5cb5d|__AUTOMETRIC__
__AUTOMETRIC__|0.1.2|18252|crew_log_541966426cf498b4|0|1786390566.060|101.052|3.158|404234240|436133888|gen_data_c698e3d710d5cb5d|__AUTOMETRIC__
__AUTOMETRIC__|0.1.2|18252|crew_log_541966426cf498b4|0|1786390567.075|98.602|3.081|404176896|436076544|gen_data_c698e3d710d5cb5d|__AUTOMETRIC__
__AUTOMETRIC__|0.1.2|18252|crew_log_541966426cf498b4|0|1786390568.089|100.081|3.128|404262912|436162560|gen_data_c698e3d710d5cb5d|__AUTOMETRIC__
__AUTOMETRIC__|0.1.2|18252|crew_log_541966426cf498b4|0|1786390569.104|98.612|3.082|404156416|436051968|gen_data_c698e3d710d5cb5d|__AUTOMETRIC__
__AUTOMETRIC__|0.1.2|18252|crew_log_541966426cf498b4|0|1786390570.110|97.814|3.057|403996672|435892224|gen_data_c698e3d710d5cb5d|__AUTOMETRIC__
__AUTOMETRIC__|0.1.2|18252|crew_log_541966426cf498b4|0|1786390571.124|98.616|3.082|404013056|435908608|gen_data_c698e3d710d5cb5d|__AUTOMETRIC__
__AUTOMETRIC__|0.1.2|18252|crew_log_541966426cf498b4|0|1786390572.137|97.189|3.037|403767296|435650560|gen_data_c698e3d710d5cb5d|__AUTOMETRIC__
__AUTOMETRIC__|0.1.2|18252|crew_log_541966426cf498b4|0|1786390573.145|102.247|3.195|403922944|435818496|gen_data_c698e3d710d5cb5d|__AUTOMETRIC__
__AUTOMETRIC__|0.1.2|18252|crew_log_541966426cf498b4|0|1786390574.158|100.292|3.134|403976192|435871744|gen_data_c698e3d710d5cb5d|__AUTOMETRIC__
__AUTOMETRIC__|0.1.2|18252|crew_log_541966426cf498b4|0|1786390575.173|98.533|3.079|403980288|435875840|gen_data_c698e3d710d5cb5d|__AUTOMETRIC__
__AUTOMETRIC__|0.1.2|18252|crew_log_541966426cf498b4|0|1786390576.185|97.302|3.041|403922944|435818496|gen_data_c698e3d710d5cb5d|__AUTOMETRIC__
__AUTOMETRIC__|0.1.2|18252|crew_log_541966426cf498b4|0|1786390577.198|100.205|3.131|404000768|435896320|gen_data_c698e3d710d5cb5d|__AUTOMETRIC__
__AUTOMETRIC__|0.1.2|18252|crew_log_541966426cf498b4|0|1786390578.205|100.866|3.152|403886080|435965952|gen_data_c698e3d710d5cb5d|__AUTOMETRIC__
__AUTOMETRIC__|0.1.2|18252|crew_log_541966426cf498b4|0|1786390579.211|97.816|3.057|403947520|435912704|gen_data_c698e3d710d5cb5d|__AUTOMETRIC__
__AUTOMETRIC__|0.1.2|18252|crew_log_541966426cf498b4|0|1786390580.221|95.986|3.000|403832832|435728384|gen_data_c698e3d710d5cb5d|__AUTOMETRIC__
__AUTOMETRIC__|0.1.2|18252|crew_log_541966426cf498b4|0|1786390581.226|97.914|3.060|403857408|435752960|gen_data_c698e3d710d5cb5d|__AUTOMETRIC__
__AUTOMETRIC__|0.1.2|18252|crew_log_541966426cf498b4|0|1786390582.235|100.685|3.146|403922944|435818496|gen_data_c698e3d710d5cb5d|__AUTOMETRIC__
__AUTOMETRIC__|0.1.2|18252|crew_log_541966426cf498b4|0|1786390583.245|95.849|2.995|404049920|435945472|gen_data_c698e3d710d5cb5d|__AUTOMETRIC__
__AUTOMETRIC__|0.1.2|18252|crew_log_541966426cf498b4|0|1786390584.260|100.081|3.128|404049920|435945472|gen_data_c698e3d710d5cb5d|__AUTOMETRIC__
__AUTOMETRIC__|0.1.2|18252|crew_log_541966426cf498b4|0|1786390585.276|99.988|3.125|403857408|435752960|gen_data_c698e3d710d5cb5d|__AUTOMETRIC__
__AUTOMETRIC__|0.1.2|18252|crew_log_541966426cf498b4|0|1786390586.280|101.159|3.161|403853312|435961856|gen_data_c698e3d710d5cb5d|__AUTOMETRIC__
__AUTOMETRIC__|0.1.2|18252|crew_log_541966426cf498b4|0|1786390587.281|99.857|3.121|403861504|435757056|gen_data_c698e3d710d5cb5d|__AUTOMETRIC__
__AUTOMETRIC__|0.1.2|18252|crew_log_541966426cf498b4|0|1786390588.294|98.770|3.087|403808256|435703808|gen_data_c698e3d710d5cb5d|__AUTOMETRIC__
__AUTOMETRIC__|0.1.2|18252|crew_log_541966426cf498b4|0|1786390589.295|103.019|3.219|404131840|436015104|gen_data_c698e3d710d5cb5d|__AUTOMETRIC__
__AUTOMETRIC__|0.1.2|18252|crew_log_541966426cf498b4|0|1786390590.308|97.168|3.036|404045824|435965952|gen_data_c698e3d710d5cb5d|__AUTOMETRIC__
__AUTOMETRIC__|0.1.2|18252|crew_log_541966426cf498b4|0|1786390591.309|99.871|3.121|404049920|435945472|gen_data_c698e3d710d5cb5d|__AUTOMETRIC__
__AUTOMETRIC__|0.1.2|18252|crew_log_541966426cf498b4|0|1786390592.326|102.991|3.218|404160512|436146176|gen_data_c698e3d710d5cb5d|__AUTOMETRIC__
__AUTOMETRIC__|0.1.2|18252|crew_log_541966426cf498b4|0|1786390593.341|98.506|3.078|404348928|436310016|gen_data_c698e3d710d5cb5d|__AUTOMETRIC__
__AUTOMETRIC__|0.1.2|18252|crew_log_541966426cf498b4|0|1786390594.344|102.821|3.213|404447232|436346880|gen_data_c698e3d710d5cb5d|__AUTOMETRIC__
__AUTOMETRIC__|0.1.2|18252|crew_log_541966426cf498b4|0|1786390595.348|99.614|3.113|404254720|436150272|gen_data_c698e3d710d5cb5d|__AUTOMETRIC__
__AUTOMETRIC__|0.1.2|18252|crew_log_541966426cf498b4|0|1786390596.348|98.397|3.075|404418560|436371456|gen_data_c698e3d710d5cb5d|__AUTOMETRIC__
__AUTOMETRIC__|0.1.2|18252|crew_log_541966426cf498b4|0|1786390597.364|96.866|3.027|404586496|436424704|gen_data_c698e3d710d5cb5d|__AUTOMETRIC__
__AUTOMETRIC__|0.1.2|18252|crew_log_541966426cf498b4|0|1786390598.379|100.112|3.129|404418560|436256768|gen_data_c698e3d710d5cb5d|__AUTOMETRIC__
__AUTOMETRIC__|0.1.2|18252|crew_log_541966426cf498b4|0|1786390599.384|99.469|3.108|404643840|436482048|gen_data_c698e3d710d5cb5d|__AUTOMETRIC__
__AUTOMETRIC__|0.1.2|18252|crew_log_541966426cf498b4|0|1786390600.390|100.947|3.155|404283392|436330496|gen_data_c698e3d710d5cb5d|__AUTOMETRIC__
__AUTOMETRIC__|0.1.2|18252|crew_log_541966426cf498b4|0|1786390601.396|99.457|3.108|404434944|436273152|gen_data_c698e3d710d5cb5d|__AUTOMETRIC__
__AUTOMETRIC__|0.1.2|18252|crew_log_541966426cf498b4|0|1786390602.410|98.585|3.081|404176896|436015104|gen_data_c698e3d710d5cb5d|__AUTOMETRIC__
__AUTOMETRIC__|0.1.2|18252|crew_log_541966426cf498b4|0|1786390603.424|100.190|3.131|404398080|436236288|gen_data_c698e3d710d5cb5d|__AUTOMETRIC__
__AUTOMETRIC__|0.1.2|18252|crew_log_541966426cf498b4|0|1786390604.426|99.758|3.117|404434944|436273152|gen_data_c698e3d710d5cb5d|__AUTOMETRIC__
__AUTOMETRIC__|0.1.2|18252|crew_log_541966426cf498b4|0|1786390605.432|99.409|3.107|404291584|436129792|gen_data_c698e3d710d5cb5d|__AUTOMETRIC__
__AUTOMETRIC__|0.1.2|18252|crew_log_541966426cf498b4|0|1786390606.448|98.453|3.077|404439040|436277248|gen_data_c698e3d710d5cb5d|__AUTOMETRIC__
__AUTOMETRIC__|0.1.2|18252|crew_log_541966426cf498b4|0|1786390607.449|99.847|3.120|404418560|436256768|gen_data_c698e3d710d5cb5d|__AUTOMETRIC__
__AUTOMETRIC__|0.1.2|18252|crew_log_541966426cf498b4|0|1786390608.451|101.360|3.168|404463616|436301824|gen_data_c698e3d710d5cb5d|__AUTOMETRIC__
__AUTOMETRIC__|0.1.2|18252|crew_log_541966426cf498b4|0|1786390609.455|99.677|3.115|404205568|436043776|gen_data_c698e3d710d5cb5d|__AUTOMETRIC__
__AUTOMETRIC__|0.1.2|18252|crew_log_541966426cf498b4|0|1786390610.457|99.806|3.119|404242432|436080640|gen_data_c698e3d710d5cb5d|__AUTOMETRIC__
__AUTOMETRIC__|0.1.2|18252|crew_log_541966426cf498b4|0|1786390611.472|99.995|3.125|404295680|436133888|gen_data_c698e3d710d5cb5d|__AUTOMETRIC__
__AUTOMETRIC__|0.1.2|18252|crew_log_541966426cf498b4|0|1786390612.473|99.878|3.121|404209664|436047872|gen_data_c698e3d710d5cb5d|__AUTOMETRIC__
__AUTOMETRIC__|0.1.2|18252|crew_log_541966426cf498b4|0|1786390613.483|97.518|3.047|404258816|436097024|gen_data_c698e3d710d5cb5d|__AUTOMETRIC__
__AUTOMETRIC__|0.1.2|18252|crew_log_541966426cf498b4|0|1786390614.497|93.992|2.937|404303872|436142080|gen_data_c698e3d710d5cb5d|__AUTOMETRIC__
__AUTOMETRIC__|0.1.2|18252|crew_log_541966426cf498b4|0|1786390615.510|101.786|3.181|404254720|436092928|gen_data_c698e3d710d5cb5d|__AUTOMETRIC__
__AUTOMETRIC__|0.1.2|18252|crew_log_541966426cf498b4|0|1786390616.523|100.279|3.134|404254720|436092928|gen_data_c698e3d710d5cb5d|__AUTOMETRIC__
__AUTOMETRIC__|0.1.2|18252|crew_log_541966426cf498b4|0|1786390617.530|100.882|3.153|404246528|436084736|gen_data_c698e3d710d5cb5d|__AUTOMETRIC__
__AUTOMETRIC__|0.1.2|18252|crew_log_541966426cf498b4|0|1786390618.545|100.043|3.126|404234240|436072448|gen_data_c698e3d710d5cb5d|__AUTOMETRIC__
__AUTOMETRIC__|0.1.2|18252|crew_log_541966426cf498b4|0|1786390619.560|96.964|3.030|404303872|436142080|gen_data_c698e3d710d5cb5d|__AUTOMETRIC__
__AUTOMETRIC__|0.1.2|18252|crew_log_541966426cf498b4|0|1786390620.576|96.897|3.028|404275200|436113408|gen_data_c698e3d710d5cb5d|__AUTOMETRIC__
__AUTOMETRIC__|0.1.2|18252|crew_log_541966426cf498b4|0|1786390621.590|100.191|3.131|404238336|436076544|gen_data_c698e3d710d5cb5d|__AUTOMETRIC__
__AUTOMETRIC__|0.1.2|18252|crew_log_541966426cf498b4|0|1786390622.602|100.286|3.134|404279296|436117504|gen_data_c698e3d710d5cb5d|__AUTOMETRIC__
__AUTOMETRIC__|0.1.2|18252|crew_log_541966426cf498b4|0|1786390623.606|99.625|3.113|404267008|436105216|gen_data_c698e3d710d5cb5d|__AUTOMETRIC__
__AUTOMETRIC__|0.1.2|18252|crew_log_541966426cf498b4|0|1786390624.614|102.301|3.197|404267008|436121600|gen_data_c698e3d710d5cb5d|__AUTOMETRIC__
__AUTOMETRIC__|0.1.2|18252|crew_log_541966426cf498b4|0|1786390625.626|100.351|3.136|404361216|436215808|gen_data_c698e3d710d5cb5d|__AUTOMETRIC__
__AUTOMETRIC__|0.1.2|18252|crew_log_541966426cf498b4|0|1786390626.636|99.064|3.096|404635648|436486144|gen_data_c698e3d710d5cb5d|__AUTOMETRIC__
__AUTOMETRIC__|0.1.2|18252|crew_log_541966426cf498b4|0|1786390627.640|101.141|3.161|404611072|436449280|gen_data_c698e3d710d5cb5d|__AUTOMETRIC__
__AUTOMETRIC__|0.1.2|18252|crew_log_541966426cf498b4|0|1786390628.652|97.280|3.040|404570112|436408320|gen_data_c698e3d710d5cb5d|__AUTOMETRIC__
__AUTOMETRIC__|0.1.2|18252|crew_log_541966426cf498b4|0|1786390629.656|99.605|3.113|404537344|436375552|gen_data_c698e3d710d5cb5d|__AUTOMETRIC__
__AUTOMETRIC__|0.1.2|18252|crew_log_541966426cf498b4|0|1786390630.663|99.284|3.103|404549632|436387840|gen_data_c698e3d710d5cb5d|__AUTOMETRIC__
__AUTOMETRIC__|0.1.2|18252|crew_log_541966426cf498b4|0|1786390631.676|100.213|3.132|404377600|436215808|gen_data_c698e3d710d5cb5d|__AUTOMETRIC__
__AUTOMETRIC__|0.1.2|18252|crew_log_541966426cf498b4|0|1786390632.678|99.804|3.119|404537344|436375552|gen_data_c698e3d710d5cb5d|__AUTOMETRIC__
__AUTOMETRIC__|0.1.2|18252|crew_log_541966426cf498b4|0|1786390633.689|100.484|3.140|404561920|436404224|gen_data_c698e3d710d5cb5d|__AUTOMETRIC__
__AUTOMETRIC__|0.1.2|18252|crew_log_541966426cf498b4|0|1786390634.696|97.779|3.056|404680704|436523008|gen_data_c698e3d710d5cb5d|__AUTOMETRIC__
__AUTOMETRIC__|0.1.2|18252|crew_log_541966426cf498b4|0|1786390635.709|98.699|3.084|404738048|436699136|gen_data_c698e3d710d5cb5d|__AUTOMETRIC__
__AUTOMETRIC__|0.1.2|18252|crew_log_541966426cf498b4|0|1786390636.726|99.912|3.122|404873216|436715520|gen_data_c698e3d710d5cb5d|__AUTOMETRIC__
__AUTOMETRIC__|0.1.2|18252|crew_log_541966426cf498b4|0|1786390637.739|98.694|3.084|404824064|436666368|gen_data_c698e3d710d5cb5d|__AUTOMETRIC__
__AUTOMETRIC__|0.1.2|18252|crew_log_541966426cf498b4|0|1786390638.753|100.188|3.131|404811776|436654080|gen_data_c698e3d710d5cb5d|__AUTOMETRIC__
__AUTOMETRIC__|0.1.2|18252|crew_log_541966426cf498b4|0|1786390639.767|98.549|3.080|404819968|436666368|gen_data_c698e3d710d5cb5d|__AUTOMETRIC__
__AUTOMETRIC__|0.1.2|18252|crew_log_541966426cf498b4|0|1786390640.783|98.439|3.076|404905984|436752384|gen_data_c698e3d710d5cb5d|__AUTOMETRIC__
__AUTOMETRIC__|0.1.2|18252|crew_log_541966426cf498b4|0|1786390641.784|96.745|3.023|405016576|436862976|gen_data_c698e3d710d5cb5d|__AUTOMETRIC__
__AUTOMETRIC__|0.1.2|18252|crew_log_541966426cf498b4|0|1786390642.800|100.003|3.125|405037056|436883456|gen_data_c698e3d710d5cb5d|__AUTOMETRIC__
__AUTOMETRIC__|0.1.2|18252|crew_log_541966426cf498b4|0|1786390643.805|99.510|3.110|404697088|436543488|gen_data_c698e3d710d5cb5d|__AUTOMETRIC__
__AUTOMETRIC__|0.1.2|18252|crew_log_541966426cf498b4|0|1786390644.811|99.354|3.105|404746240|436592640|gen_data_c698e3d710d5cb5d|__AUTOMETRIC__
__AUTOMETRIC__|0.1.2|18252|crew_log_541966426cf498b4|0|1786390645.817|99.422|3.107|404852736|436699136|gen_data_c698e3d710d5cb5d|__AUTOMETRIC__
__AUTOMETRIC__|0.1.2|18252|crew_log_541966426cf498b4|0|1786390646.828|100.493|3.140|404852736|436699136|gen_data_c698e3d710d5cb5d|__AUTOMETRIC__
__AUTOMETRIC__|0.1.2|18252|crew_log_541966426cf498b4|0|1786390647.830|99.784|3.118|404766720|436617216|gen_data_c698e3d710d5cb5d|__AUTOMETRIC__
__AUTOMETRIC__|0.1.2|18252|crew_log_541966426cf498b4|0|1786390648.835|97.936|3.060|404819968|436670464|gen_data_c698e3d710d5cb5d|__AUTOMETRIC__
__AUTOMETRIC__|0.1.2|18252|crew_log_541966426cf498b4|0|1786390649.841|97.862|3.058|404672512|436514816|gen_data_c698e3d710d5cb5d|__AUTOMETRIC__
__AUTOMETRIC__|0.1.2|18252|crew_log_541966426cf498b4|0|1786390650.844|98.197|3.069|404848640|436711424|gen_data_c698e3d710d5cb5d|__AUTOMETRIC__
__AUTOMETRIC__|0.1.2|18252|crew_log_541966426cf498b4|0|1786390651.860|99.961|3.124|404819968|436662272|gen_data_c698e3d710d5cb5d|__AUTOMETRIC__
__AUTOMETRIC__|0.1.2|18252|crew_log_541966426cf498b4|0|1786390652.863|99.680|3.115|404701184|436543488|gen_data_c698e3d710d5cb5d|__AUTOMETRIC__
__AUTOMETRIC__|0.1.2|18252|crew_log_541966426cf498b4|0|1786390653.877|100.106|3.128|404762624|436604928|gen_data_c698e3d710d5cb5d|__AUTOMETRIC__
__AUTOMETRIC__|0.1.2|18252|crew_log_541966426cf498b4|0|1786390654.880|99.740|3.117|404791296|436846592|gen_data_c698e3d710d5cb5d|__AUTOMETRIC__
__AUTOMETRIC__|0.1.2|18252|crew_log_541966426cf498b4|0|1786390655.889|100.697|3.147|404713472|436555776|gen_data_c698e3d710d5cb5d|__AUTOMETRIC__
__AUTOMETRIC__|0.1.2|18252|crew_log_541966426cf498b4|0|1786390656.892|99.674|3.115|404738048|436580352|gen_data_c698e3d710d5cb5d|__AUTOMETRIC__
__AUTOMETRIC__|0.1.2|18252|crew_log_541966426cf498b4|0|1786390657.897|97.938|3.061|404758528|436600832|gen_data_c698e3d710d5cb5d|__AUTOMETRIC__
__AUTOMETRIC__|0.1.2|18252|crew_log_541966426cf498b4|0|1786390658.900|99.689|3.115|404750336|436592640|gen_data_c698e3d710d5cb5d|__AUTOMETRIC__
__AUTOMETRIC__|0.1.2|18252|crew_log_541966426cf498b4|0|1786390659.916|99.964|3.124|404860928|436690944|gen_data_c698e3d710d5cb5d|__AUTOMETRIC__
__AUTOMETRIC__|0.1.2|18252|crew_log_541966426cf498b4|0|1786390660.922|100.969|3.155|404877312|436928512|gen_data_c698e3d710d5cb5d|__AUTOMETRIC__
__AUTOMETRIC__|0.1.2|18252|crew_log_541966426cf498b4|0|1786390661.928|99.370|3.105|405049344|436891648|gen_data_c698e3d710d5cb5d|__AUTOMETRIC__
__AUTOMETRIC__|0.1.2|18252|crew_log_541966426cf498b4|0|1786390662.932|99.578|3.112|404717568|436547584|gen_data_c698e3d710d5cb5d|__AUTOMETRIC__
__AUTOMETRIC__|0.1.2|18252|crew_log_541966426cf498b4|0|1786390663.934|99.826|3.120|404803584|436633600|gen_data_c698e3d710d5cb5d|__AUTOMETRIC__
__AUTOMETRIC__|0.1.2|18252|crew_log_541966426cf498b4|0|1786390664.949|98.580|3.081|404840448|436670464|gen_data_c698e3d710d5cb5d|__AUTOMETRIC__
__AUTOMETRIC__|0.1.2|18252|crew_log_541966426cf498b4|0|1786390665.964|101.521|3.173|404762624|436645888|gen_data_c698e3d710d5cb5d|__AUTOMETRIC__
__AUTOMETRIC__|0.1.2|18252|crew_log_541966426cf498b4|0|1786390666.966|101.352|3.167|404897792|436736000|gen_data_c698e3d710d5cb5d|__AUTOMETRIC__
__AUTOMETRIC__|0.1.2|18252|crew_log_541966426cf498b4|0|1786390667.975|97.590|3.050|404979712|436822016|gen_data_c698e3d710d5cb5d|__AUTOMETRIC__
__AUTOMETRIC__|0.1.2|18252|crew_log_541966426cf498b4|0|1786390668.986|98.944|3.092|485650432|517890048|gen_data_c698e3d710d5cb5d|__AUTOMETRIC__
__AUTOMETRIC__|0.1.2|18252|crew_log_541966426cf498b4|0|1786390669.991|99.486|3.109|486387712|518438912|gen_data_c698e3d710d5cb5d|__AUTOMETRIC__
__AUTOMETRIC__|0.1.2|18252|crew_log_541966426cf498b4|0|1786390670.999|100.735|3.148|487112704|519163904|gen_data_c698e3d710d5cb5d|__AUTOMETRIC__
__AUTOMETRIC__|0.1.2|18252|crew_log_541966426cf498b4|0|1786390672.011|95.716|2.991|487628800|519680000|gen_data_c698e3d710d5cb5d|__AUTOMETRIC__
__AUTOMETRIC__|0.1.2|18252|crew_log_541966426cf498b4|0|1786390673.021|100.586|3.143|487677952|519729152|gen_data_c698e3d710d5cb5d|__AUTOMETRIC__
__AUTOMETRIC__|0.1.2|18252|crew_log_541966426cf498b4|0|1786390674.032|100.441|3.139|487153664|519204864|gen_data_c698e3d710d5cb5d|__AUTOMETRIC__
__AUTOMETRIC__|0.1.2|18252|crew_log_541966426cf498b4|0|1786390675.037|99.554|3.111|487149568|519200768|gen_data_c698e3d710d5cb5d|__AUTOMETRIC__
__AUTOMETRIC__|0.1.2|18252|crew_log_541966426cf498b4|0|1786390676.043|96.223|3.007|487022592|519073792|gen_data_c698e3d710d5cb5d|__AUTOMETRIC__
__AUTOMETRIC__|0.1.2|18252|crew_log_541966426cf498b4|0|1786390677.045|103.012|3.219|487268352|519319552|gen_data_c698e3d710d5cb5d|__AUTOMETRIC__
__AUTOMETRIC__|0.1.2|18252|crew_log_541966426cf498b4|0|1786390678.057|98.763|3.086|487211008|519266304|gen_data_c698e3d710d5cb5d|__AUTOMETRIC__
__AUTOMETRIC__|0.1.2|18252|crew_log_541966426cf498b4|0|1786390679.058|99.924|3.123|487571456|519626752|gen_data_c698e3d710d5cb5d|__AUTOMETRIC__
__AUTOMETRIC__|0.1.2|18252|crew_log_541966426cf498b4|0|1786390680.070|100.300|3.134|487301120|519356416|gen_data_c698e3d710d5cb5d|__AUTOMETRIC__
__AUTOMETRIC__|0.1.2|18252|crew_log_541966426cf498b4|0|1786390681.083|100.293|3.134|487251968|519307264|gen_data_c698e3d710d5cb5d|__AUTOMETRIC__
__AUTOMETRIC__|0.1.2|18252|crew_log_541966426cf498b4|0|1786390682.098|100.072|3.127|487243776|519299072|gen_data_c698e3d710d5cb5d|__AUTOMETRIC__
__AUTOMETRIC__|0.1.2|18252|crew_log_541966426cf498b4|0|1786390683.105|100.855|3.152|487059456|519114752|gen_data_c698e3d710d5cb5d|__AUTOMETRIC__
__AUTOMETRIC__|0.1.2|18252|crew_log_541966426cf498b4|0|1786390684.112|100.888|3.153|487505920|519561216|gen_data_c698e3d710d5cb5d|__AUTOMETRIC__
__AUTOMETRIC__|0.1.2|18252|crew_log_541966426cf498b4|0|1786390685.115|99.636|3.114|487464960|519520256|gen_data_c698e3d710d5cb5d|__AUTOMETRIC__
__AUTOMETRIC__|0.1.2|18252|crew_log_541966426cf498b4|0|1786390686.129|97.143|3.036|487419904|519462912|gen_data_c698e3d710d5cb5d|__AUTOMETRIC__
__AUTOMETRIC__|0.1.2|18252|crew_log_541966426cf498b4|0|1786390687.130|98.270|3.071|487829504|519884800|gen_data_c698e3d710d5cb5d|__AUTOMETRIC__
__AUTOMETRIC__|0.1.2|18252|crew_log_541966426cf498b4|0|1786390688.134|98.095|3.065|487493632|519548928|gen_data_c698e3d710d5cb5d|__AUTOMETRIC__
__AUTOMETRIC__|0.1.2|18252|crew_log_541966426cf498b4|0|1786390689.138|101.138|3.161|487538688|519593984|gen_data_c698e3d710d5cb5d|__AUTOMETRIC__
__AUTOMETRIC__|0.1.2|18252|crew_log_541966426cf498b4|0|1786390690.140|98.223|3.069|487739392|519794688|gen_data_c698e3d710d5cb5d|__AUTOMETRIC__
__AUTOMETRIC__|0.1.2|18252|crew_log_541966426cf498b4|0|1786390691.155|100.061|3.127|487743488|519798784|gen_data_c698e3d710d5cb5d|__AUTOMETRIC__
__AUTOMETRIC__|0.1.2|18252|crew_log_541966426cf498b4|0|1786390692.159|99.594|3.112|487817216|519872512|gen_data_c698e3d710d5cb5d|__AUTOMETRIC__
__AUTOMETRIC__|0.1.2|18252|crew_log_541966426cf498b4|0|1786390693.162|99.777|3.118|487813120|519868416|gen_data_c698e3d710d5cb5d|__AUTOMETRIC__
__AUTOMETRIC__|0.1.2|18252|crew_log_541966426cf498b4|0|1786390694.163|99.823|3.119|487694336|519749632|gen_data_c698e3d710d5cb5d|__AUTOMETRIC__
__AUTOMETRIC__|0.1.2|18252|crew_log_541966426cf498b4|0|1786390695.178|100.106|3.128|487911424|519966720|gen_data_c698e3d710d5cb5d|__AUTOMETRIC__
__AUTOMETRIC__|0.1.2|18252|crew_log_541966426cf498b4|0|1786390696.191|100.246|3.133|487874560|519929856|gen_data_c698e3d710d5cb5d|__AUTOMETRIC__
__AUTOMETRIC__|0.1.2|18252|crew_log_541966426cf498b4|0|1786390697.205|98.663|3.083|488067072|520122368|gen_data_c698e3d710d5cb5d|__AUTOMETRIC__
__AUTOMETRIC__|0.1.2|18252|crew_log_541966426cf498b4|0|1786390698.214|95.979|2.999|487964672|520019968|gen_data_c698e3d710d5cb5d|__AUTOMETRIC__
__AUTOMETRIC__|0.1.2|18252|crew_log_541966426cf498b4|0|1786390699.222|100.696|3.147|488013824|520036352|gen_data_c698e3d710d5cb5d|__AUTOMETRIC__
__AUTOMETRIC__|0.1.2|18252|crew_log_541966426cf498b4|0|1786390700.239|99.955|3.124|488071168|520093696|gen_data_c698e3d710d5cb5d|__AUTOMETRIC__
__AUTOMETRIC__|0.1.2|18252|crew_log_541966426cf498b4|0|1786390701.246|97.712|3.053|487636992|519770112|gen_data_c698e3d710d5cb5d|__AUTOMETRIC__
__AUTOMETRIC__|0.1.2|18252|crew_log_541966426cf498b4|0|1786390702.263|99.837|3.120|487493632|519573504|gen_data_c698e3d710d5cb5d|__AUTOMETRIC__
__AUTOMETRIC__|0.1.2|18252|crew_log_541966426cf498b4|0|1786390703.277|100.212|3.132|487440384|519467008|gen_data_c698e3d710d5cb5d|__AUTOMETRIC__
__AUTOMETRIC__|0.1.2|18252|crew_log_541966426cf498b4|0|1786390704.288|102.004|3.188|487604224|519630848|gen_data_c698e3d710d5cb5d|__AUTOMETRIC__
__AUTOMETRIC__|0.1.2|18252|crew_log_541966426cf498b4|0|1786390705.304|99.962|3.124|487596032|519692288|gen_data_c698e3d710d5cb5d|__AUTOMETRIC__
__AUTOMETRIC__|0.1.2|18252|crew_log_541966426cf498b4|0|1786390706.314|100.484|3.140|487677952|519806976|gen_data_c698e3d710d5cb5d|__AUTOMETRIC__
__AUTOMETRIC__|0.1.2|18252|crew_log_541966426cf498b4|0|1786390707.318|99.623|3.113|487706624|519786496|gen_data_c698e3d710d5cb5d|__AUTOMETRIC__
__AUTOMETRIC__|0.1.2|18252|crew_log_541966426cf498b4|0|1786390708.329|97.426|3.045|487714816|519786496|gen_data_c698e3d710d5cb5d|__AUTOMETRIC__
__AUTOMETRIC__|0.1.2|18252|crew_log_541966426cf498b4|0|1786390709.333|99.583|3.112|487657472|519684096|gen_data_c698e3d710d5cb5d|__AUTOMETRIC__
__AUTOMETRIC__|0.1.2|18252|crew_log_541966426cf498b4|0|1786390710.336|99.635|3.114|487796736|519823360|gen_data_c698e3d710d5cb5d|__AUTOMETRIC__
__AUTOMETRIC__|0.1.2|18252|crew_log_541966426cf498b4|0|1786390711.349|100.260|3.133|487710720|519733248|gen_data_c698e3d710d5cb5d|__AUTOMETRIC__
__AUTOMETRIC__|0.1.2|18252|crew_log_541966426cf498b4|0|1786390712.364|100.145|3.130|487538688|519561216|gen_data_c698e3d710d5cb5d|__AUTOMETRIC__
__AUTOMETRIC__|0.1.2|18252|crew_log_541966426cf498b4|0|1786390713.376|97.275|3.040|488009728|520036352|gen_data_c698e3d710d5cb5d|__AUTOMETRIC__
__AUTOMETRIC__|0.1.2|18252|crew_log_541966426cf498b4|0|1786390714.391|100.025|3.126|488202240|520228864|gen_data_c698e3d710d5cb5d|__AUTOMETRIC__
__AUTOMETRIC__|0.1.2|18252|crew_log_541966426cf498b4|0|1786390715.403|98.824|3.088|487546880|519573504|gen_data_c698e3d710d5cb5d|__AUTOMETRIC__
__AUTOMETRIC__|0.1.2|18252|crew_log_541966426cf498b4|0|1786390716.409|99.402|3.106|487464960|519491584|gen_data_c698e3d710d5cb5d|__AUTOMETRIC__
__AUTOMETRIC__|0.1.2|18252|crew_log_541966426cf498b4|0|1786390717.413|99.622|3.113|487993344|520019968|gen_data_c698e3d710d5cb5d|__AUTOMETRIC__
__AUTOMETRIC__|0.1.2|18252|crew_log_541966426cf498b4|0|1786390718.423|98.991|3.093|487862272|519884800|gen_data_c698e3d710d5cb5d|__AUTOMETRIC__
__AUTOMETRIC__|0.1.2|18252|crew_log_541966426cf498b4|0|1786390719.436|100.270|3.133|488120320|520142848|gen_data_c698e3d710d5cb5d|__AUTOMETRIC__
__AUTOMETRIC__|0.1.2|18252|crew_log_541966426cf498b4|0|1786390720.449|98.702|3.084|488083456|520093696|gen_data_c698e3d710d5cb5d|__AUTOMETRIC__
__AUTOMETRIC__|0.1.2|18252|crew_log_541966426cf498b4|0|1786390721.461|101.855|3.183|488239104|520261632|gen_data_c698e3d710d5cb5d|__AUTOMETRIC__
__AUTOMETRIC__|0.1.2|18252|crew_log_541966426cf498b4|0|1786390722.464|98.202|3.069|487813120|519970816|gen_data_c698e3d710d5cb5d|__AUTOMETRIC__
__AUTOMETRIC__|0.1.2|18252|crew_log_541966426cf498b4|0|1786390723.466|102.941|3.217|487424000|519446528|gen_data_c698e3d710d5cb5d|__AUTOMETRIC__
__AUTOMETRIC__|0.1.2|18252|crew_log_541966426cf498b4|0|1786390724.472|99.319|3.104|487915520|519991296|gen_data_c698e3d710d5cb5d|__AUTOMETRIC__
__AUTOMETRIC__|0.1.2|18252|crew_log_541966426cf498b4|0|1786390725.489|99.914|3.122|487456768|519532544|gen_data_c698e3d710d5cb5d|__AUTOMETRIC__
__AUTOMETRIC__|0.1.2|18252|crew_log_541966426cf498b4|0|1786390726.492|99.653|3.114|487714816|519778304|gen_data_c698e3d710d5cb5d|__AUTOMETRIC__
__AUTOMETRIC__|0.1.2|18252|crew_log_541966426cf498b4|0|1786390727.497|101.122|3.160|487239680|519290880|gen_data_c698e3d710d5cb5d|__AUTOMETRIC__
__AUTOMETRIC__|0.1.2|18252|crew_log_541966426cf498b4|0|1786390728.512|98.544|3.079|487616512|519643136|gen_data_c698e3d710d5cb5d|__AUTOMETRIC__
__AUTOMETRIC__|0.1.2|18252|crew_log_541966426cf498b4|0|1786390729.524|100.353|3.136|487522304|519548928|gen_data_c698e3d710d5cb5d|__AUTOMETRIC__
__AUTOMETRIC__|0.1.2|18252|crew_log_541966426cf498b4|0|1786390730.539|98.452|3.077|488177664|520200192|gen_data_c698e3d710d5cb5d|__AUTOMETRIC__
__AUTOMETRIC__|0.1.2|18252|crew_log_541966426cf498b4|0|1786390731.554|98.576|3.081|487927808|519938048|gen_data_c698e3d710d5cb5d|__AUTOMETRIC__
__AUTOMETRIC__|0.1.2|18252|crew_log_541966426cf498b4|0|1786390732.559|101.074|3.159|487358464|519389184|gen_data_c698e3d710d5cb5d|__AUTOMETRIC__
__AUTOMETRIC__|0.1.2|18252|crew_log_541966426cf498b4|0|1786390733.575|99.964|3.124|488087552|520118272|gen_data_c698e3d710d5cb5d|__AUTOMETRIC__
__AUTOMETRIC__|0.1.2|18252|crew_log_541966426cf498b4|0|1786390734.588|101.739|3.179|487976960|520011776|gen_data_c698e3d710d5cb5d|__AUTOMETRIC__
__AUTOMETRIC__|0.1.2|18252|crew_log_541966426cf498b4|0|1786390735.599|100.433|3.139|487915520|519950336|gen_data_c698e3d710d5cb5d|__AUTOMETRIC__
__AUTOMETRIC__|0.1.2|18252|crew_log_541966426cf498b4|0|1786390736.615|98.429|3.076|487854080|519888896|gen_data_c698e3d710d5cb5d|__AUTOMETRIC__
__AUTOMETRIC__|0.1.2|18252|crew_log_541966426cf498b4|0|1786390737.629|100.195|3.131|487694336|519729152|gen_data_c698e3d710d5cb5d|__AUTOMETRIC__
__AUTOMETRIC__|0.1.2|18252|crew_log_541966426cf498b4|0|1786390738.631|98.240|3.070|487645184|519720960|gen_data_c698e3d710d5cb5d|__AUTOMETRIC__
__AUTOMETRIC__|0.1.2|18252|crew_log_541966426cf498b4|0|1786390739.645|100.118|3.129|487686144|519733248|gen_data_c698e3d710d5cb5d|__AUTOMETRIC__
__AUTOMETRIC__|0.1.2|18252|crew_log_541966426cf498b4|0|1786390740.661|98.477|3.077|487575552|519622656|gen_data_c698e3d710d5cb5d|__AUTOMETRIC__
__AUTOMETRIC__|0.1.2|18252|crew_log_541966426cf498b4|0|1786390741.664|99.703|3.116|487538688|519634944|gen_data_c698e3d710d5cb5d|__AUTOMETRIC__
__AUTOMETRIC__|0.1.2|18252|crew_log_541966426cf498b4|0|1786390742.667|96.594|3.019|487444480|519491584|gen_data_c698e3d710d5cb5d|__AUTOMETRIC__
__AUTOMETRIC__|0.1.2|18252|crew_log_541966426cf498b4|0|1786390743.678|100.417|3.138|488206336|520253440|gen_data_c698e3d710d5cb5d|__AUTOMETRIC__
__AUTOMETRIC__|0.1.2|18252|crew_log_541966426cf498b4|0|1786390744.681|96.573|3.018|487809024|519831552|gen_data_c698e3d710d5cb5d|__AUTOMETRIC__
__AUTOMETRIC__|0.1.2|18252|crew_log_541966426cf498b4|0|1786390745.692|100.482|3.140|487501824|519512064|gen_data_c698e3d710d5cb5d|__AUTOMETRIC__
__AUTOMETRIC__|0.1.2|18252|crew_log_541966426cf498b4|0|1786390746.704|100.374|3.137|487546880|519557120|gen_data_c698e3d710d5cb5d|__AUTOMETRIC__
__AUTOMETRIC__|0.1.2|18252|crew_log_541966426cf498b4|0|1786390747.718|98.639|3.082|487424000|519434240|gen_data_c698e3d710d5cb5d|__AUTOMETRIC__
__AUTOMETRIC__|0.1.2|18252|crew_log_541966426cf498b4|0|1786390748.722|98.038|3.064|487419904|519430144|gen_data_c698e3d710d5cb5d|__AUTOMETRIC__
__AUTOMETRIC__|0.1.2|18252|crew_log_541966426cf498b4|0|1786390749.724|99.789|3.118|487653376|519675904|gen_data_c698e3d710d5cb5d|__AUTOMETRIC__
__AUTOMETRIC__|0.1.2|18252|crew_log_541966426cf498b4|0|1786390750.726|99.835|3.120|487383040|519413760|gen_data_c698e3d710d5cb5d|__AUTOMETRIC__
__AUTOMETRIC__|0.1.2|18252|crew_log_541966426cf498b4|0|1786390751.738|100.339|3.136|487632896|519659520|gen_data_c698e3d710d5cb5d|__AUTOMETRIC__
__AUTOMETRIC__|0.1.2|18252|crew_log_541966426cf498b4|0|1786390752.742|99.557|3.111|487456768|519548928|gen_data_c698e3d710d5cb5d|__AUTOMETRIC__
__AUTOMETRIC__|0.1.2|18252|crew_log_541966426cf498b4|0|1786390753.757|100.125|3.129|487686144|519708672|gen_data_c698e3d710d5cb5d|__AUTOMETRIC__
__AUTOMETRIC__|0.1.2|18252|crew_log_541966426cf498b4|0|1786390754.763|99.404|3.106|488128512|520159232|gen_data_c698e3d710d5cb5d|__AUTOMETRIC__
__AUTOMETRIC__|0.1.2|18252|crew_log_541966426cf498b4|0|1786390755.777|98.573|3.080|488181760|520212480|gen_data_c698e3d710d5cb5d|__AUTOMETRIC__
__AUTOMETRIC__|0.1.2|18252|crew_log_541966426cf498b4|0|1786390756.781|102.719|3.210|488128512|520159232|gen_data_c698e3d710d5cb5d|__AUTOMETRIC__
__AUTOMETRIC__|0.1.2|18252|crew_log_541966426cf498b4|0|1786390757.790|99.094|3.097|488235008|520302592|gen_data_c698e3d710d5cb5d|__AUTOMETRIC__
__AUTOMETRIC__|0.1.2|18252|crew_log_541966426cf498b4|0|1786390758.797|99.303|3.103|488103936|520130560|gen_data_c698e3d710d5cb5d|__AUTOMETRIC__
__AUTOMETRIC__|0.1.2|18252|crew_log_541966426cf498b4|0|1786390759.811|98.628|3.082|488169472|520196096|gen_data_c698e3d710d5cb5d|__AUTOMETRIC__
__AUTOMETRIC__|0.1.2|18252|crew_log_541966426cf498b4|0|1786390760.818|96.245|3.008|487976960|520003584|gen_data_c698e3d710d5cb5d|__AUTOMETRIC__
__AUTOMETRIC__|0.1.2|18252|crew_log_541966426cf498b4|0|1786390761.822|99.564|3.111|488202240|520212480|gen_data_c698e3d710d5cb5d|__AUTOMETRIC__
__AUTOMETRIC__|0.1.2|18252|crew_log_541966426cf498b4|0|1786390762.824|98.277|3.071|488382464|520404992|gen_data_c698e3d710d5cb5d|__AUTOMETRIC__
__AUTOMETRIC__|0.1.2|18252|crew_log_541966426cf498b4|0|1786390763.836|100.345|3.136|488357888|520380416|gen_data_c698e3d710d5cb5d|__AUTOMETRIC__
__AUTOMETRIC__|0.1.2|18252|crew_log_541966426cf498b4|0|1786390764.852|96.892|3.028|488013824|520024064|gen_data_c698e3d710d5cb5d|__AUTOMETRIC__
__AUTOMETRIC__|0.1.2|18252|crew_log_541966426cf498b4|0|1786390765.856|101.084|3.159|461320192|493342720|gen_data_c698e3d710d5cb5d|__AUTOMETRIC__
__AUTOMETRIC__|0.1.2|18252|crew_log_541966426cf498b4|0|1786390766.858|98.262|3.071|487759872|519782400|gen_data_c698e3d710d5cb5d|__AUTOMETRIC__
__AUTOMETRIC__|0.1.2|18252|crew_log_541966426cf498b4|0|1786390767.872|98.638|3.082|487886848|519909376|gen_data_c698e3d710d5cb5d|__AUTOMETRIC__
__AUTOMETRIC__|0.1.2|18252|crew_log_541966426cf498b4|0|1786390768.876|99.591|3.112|488521728|520544256|gen_data_c698e3d710d5cb5d|__AUTOMETRIC__
__AUTOMETRIC__|0.1.2|18252|crew_log_541966426cf498b4|0|1786390769.879|98.179|3.068|488505344|520527872|gen_data_c698e3d710d5cb5d|__AUTOMETRIC__
__AUTOMETRIC__|0.1.2|18252|crew_log_541966426cf498b4|0|1786390770.893|98.630|3.082|488218624|520241152|gen_data_c698e3d710d5cb5d|__AUTOMETRIC__
__AUTOMETRIC__|0.1.2|18252|crew_log_541966426cf498b4|0|1786390771.906|100.208|3.132|487997440|520019968|gen_data_c698e3d710d5cb5d|__AUTOMETRIC__
__AUTOMETRIC__|0.1.2|18252|crew_log_541966426cf498b4|0|1786390772.911|97.988|3.062|488132608|520142848|gen_data_c698e3d710d5cb5d|__AUTOMETRIC__
__AUTOMETRIC__|0.1.2|18252|crew_log_541966426cf498b4|0|1786390773.925|98.609|3.082|487976960|519987200|gen_data_c698e3d710d5cb5d|__AUTOMETRIC__
__AUTOMETRIC__|0.1.2|18252|crew_log_541966426cf498b4|0|1786390774.927|98.195|3.069|488079360|520089600|gen_data_c698e3d710d5cb5d|__AUTOMETRIC__
__AUTOMETRIC__|0.1.2|18252|crew_log_541966426cf498b4|0|1786390775.933|99.435|3.107|487743488|519753728|gen_data_c698e3d710d5cb5d|__AUTOMETRIC__
__AUTOMETRIC__|0.1.2|18252|crew_log_541966426cf498b4|0|1786390776.937|101.170|3.162|487956480|519979008|gen_data_c698e3d710d5cb5d|__AUTOMETRIC__
__AUTOMETRIC__|0.1.2|18252|crew_log_541966426cf498b4|0|1786390777.952|100.043|3.126|487964672|519987200|gen_data_c698e3d710d5cb5d|__AUTOMETRIC__
__AUTOMETRIC__|0.1.2|18252|crew_log_541966426cf498b4|0|1786390778.968|98.421|3.076|488484864|520507392|gen_data_c698e3d710d5cb5d|__AUTOMETRIC__
__AUTOMETRIC__|0.1.2|18252|crew_log_541966426cf498b4|0|1786390779.984|99.956|3.124|488566784|520589312|gen_data_c698e3d710d5cb5d|__AUTOMETRIC__
__AUTOMETRIC__|0.1.2|18252|crew_log_541966426cf498b4|0|1786390780.996|97.289|3.040|488497152|520519680|gen_data_c698e3d710d5cb5d|__AUTOMETRIC__
__AUTOMETRIC__|0.1.2|18252|crew_log_541966426cf498b4|0|1786390782.001|97.946|3.061|488398848|520421376|gen_data_c698e3d710d5cb5d|__AUTOMETRIC__
__AUTOMETRIC__|0.1.2|18252|crew_log_541966426cf498b4|0|1786390783.017|99.951|3.123|488058880|520081408|gen_data_c698e3d710d5cb5d|__AUTOMETRIC__
__AUTOMETRIC__|0.1.2|18252|crew_log_541966426cf498b4|0|1786390784.031|100.191|3.131|488034304|520056832|gen_data_c698e3d710d5cb5d|__AUTOMETRIC__
__AUTOMETRIC__|0.1.2|18252|crew_log_541966426cf498b4|0|1786390785.047|99.985|3.125|487792640|519823360|gen_data_c698e3d710d5cb5d|__AUTOMETRIC__
__AUTOMETRIC__|0.1.2|18252|crew_log_541966426cf498b4|0|1786390786.059|97.249|3.039|488046592|520069120|gen_data_c698e3d710d5cb5d|__AUTOMETRIC__
__AUTOMETRIC__|0.1.2|18252|crew_log_541966426cf498b4|0|1786390787.061|99.780|3.118|489394176|521420800|gen_data_c698e3d710d5cb5d|__AUTOMETRIC__
__AUTOMETRIC__|0.1.2|18252|crew_log_541966426cf498b4|0|1786390788.068|99.299|3.103|489082880|521109504|gen_data_c698e3d710d5cb5d|__AUTOMETRIC__
__AUTOMETRIC__|0.1.2|18252|crew_log_541966426cf498b4|0|1786390789.071|99.686|3.115|489410560|521437184|gen_data_c698e3d710d5cb5d|__AUTOMETRIC__
__AUTOMETRIC__|0.1.2|18252|crew_log_541966426cf498b4|0|1786390790.075|99.678|3.115|489312256|521338880|gen_data_c698e3d710d5cb5d|__AUTOMETRIC__
__AUTOMETRIC__|0.1.2|18252|crew_log_541966426cf498b4|0|1786390791.078|99.607|3.113|488927232|520953856|gen_data_c698e3d710d5cb5d|__AUTOMETRIC__
__AUTOMETRIC__|0.1.2|18252|crew_log_541966426cf498b4|0|1786390792.084|99.441|3.108|488660992|520687616|gen_data_c698e3d710d5cb5d|__AUTOMETRIC__
__AUTOMETRIC__|0.1.2|18252|crew_log_541966426cf498b4|0|1786390793.100|98.467|3.077|488656896|520683520|gen_data_c698e3d710d5cb5d|__AUTOMETRIC__
__AUTOMETRIC__|0.1.2|18252|crew_log_541966426cf498b4|0|1786390794.109|99.044|3.095|488673280|520699904|gen_data_c698e3d710d5cb5d|__AUTOMETRIC__
__AUTOMETRIC__|0.1.2|18252|crew_log_541966426cf498b4|0|1786390795.111|98.308|3.072|489136128|521183232|gen_data_c698e3d710d5cb5d|__AUTOMETRIC__
__AUTOMETRIC__|0.1.2|18252|crew_log_541966426cf498b4|0|1786390796.113|98.247|3.070|488857600|520884224|gen_data_c698e3d710d5cb5d|__AUTOMETRIC__
__AUTOMETRIC__|0.1.2|18252|crew_log_541966426cf498b4|0|1786390797.124|100.428|3.138|489299968|521326592|gen_data_c698e3d710d5cb5d|__AUTOMETRIC__
__AUTOMETRIC__|0.1.2|18252|crew_log_541966426cf498b4|0|1786390798.139|100.038|3.126|489398272|521465856|gen_data_c698e3d710d5cb5d|__AUTOMETRIC__
__AUTOMETRIC__|0.1.2|18252|crew_log_541966426cf498b4|0|1786390799.155|99.973|3.124|489226240|521285632|gen_data_c698e3d710d5cb5d|__AUTOMETRIC__
__AUTOMETRIC__|0.1.2|18252|crew_log_541966426cf498b4|0|1786390800.166|97.402|3.044|489701376|521760768|gen_data_c698e3d710d5cb5d|__AUTOMETRIC__
__AUTOMETRIC__|0.1.2|18252|crew_log_541966426cf498b4|0|1786390801.171|100.978|3.156|489115648|521175040|gen_data_c698e3d710d5cb5d|__AUTOMETRIC__
__AUTOMETRIC__|0.1.2|18252|crew_log_541966426cf498b4|0|1786390802.179|99.267|3.102|489082880|521142272|gen_data_c698e3d710d5cb5d|__AUTOMETRIC__
__AUTOMETRIC__|0.1.2|18252|crew_log_541966426cf498b4|0|1786390803.186|100.799|3.150|489357312|521416704|gen_data_c698e3d710d5cb5d|__AUTOMETRIC__
__AUTOMETRIC__|0.1.2|18252|crew_log_541966426cf498b4|0|1786390804.201|100.127|3.129|489144320|521203712|gen_data_c698e3d710d5cb5d|__AUTOMETRIC__
__AUTOMETRIC__|0.1.2|18252|crew_log_541966426cf498b4|0|1786390805.202|98.305|3.072|489349120|521408512|gen_data_c698e3d710d5cb5d|__AUTOMETRIC__
__AUTOMETRIC__|0.1.2|18252|crew_log_541966426cf498b4|0|1786390806.214|98.824|3.088|489201664|521232384|gen_data_c698e3d710d5cb5d|__AUTOMETRIC__
__AUTOMETRIC__|0.1.2|18252|crew_log_541966426cf498b4|0|1786390807.218|101.158|3.161|489349120|521379840|gen_data_c698e3d710d5cb5d|__AUTOMETRIC__
__AUTOMETRIC__|0.1.2|18252|crew_log_541966426cf498b4|0|1786390808.232|100.139|3.129|489218048|521248768|gen_data_c698e3d710d5cb5d|__AUTOMETRIC__
__AUTOMETRIC__|0.1.2|18252|crew_log_541966426cf498b4|0|1786390809.234|99.780|3.118|488882176|520912896|gen_data_c698e3d710d5cb5d|__AUTOMETRIC__
__AUTOMETRIC__|0.1.2|18252|crew_log_541966426cf498b4|0|1786390810.241|99.363|3.105|489644032|521670656|gen_data_c698e3d710d5cb5d|__AUTOMETRIC__
__AUTOMETRIC__|0.1.2|18252|crew_log_541966426cf498b4|0|1786390811.254|100.199|3.131|489492480|521531392|gen_data_c698e3d710d5cb5d|__AUTOMETRIC__
__AUTOMETRIC__|0.1.2|18252|crew_log_541966426cf498b4|0|1786390812.258|99.675|3.115|489287680|521342976|gen_data_c698e3d710d5cb5d|__AUTOMETRIC__
__AUTOMETRIC__|0.1.2|18252|crew_log_541966426cf498b4|0|1786390813.267|100.642|3.145|489123840|521150464|gen_data_c698e3d710d5cb5d|__AUTOMETRIC__
__AUTOMETRIC__|0.1.2|18252|crew_log_541966426cf498b4|0|1786390814.278|100.399|3.137|489365504|521379840|gen_data_c698e3d710d5cb5d|__AUTOMETRIC__
__AUTOMETRIC__|0.1.2|18252|crew_log_541966426cf498b4|0|1786390815.290|97.326|3.041|489070592|521084928|gen_data_c698e3d710d5cb5d|__AUTOMETRIC__
__AUTOMETRIC__|0.1.2|18252|crew_log_541966426cf498b4|0|1786390816.302|100.360|3.136|489222144|521236480|gen_data_c698e3d710d5cb5d|__AUTOMETRIC__
__AUTOMETRIC__|0.1.2|18252|crew_log_541966426cf498b4|0|1786390817.315|98.677|3.084|489439232|521453568|gen_data_c698e3d710d5cb5d|__AUTOMETRIC__
__AUTOMETRIC__|0.1.2|18252|crew_log_541966426cf498b4|0|1786390818.323|99.225|3.101|489164800|521191424|gen_data_c698e3d710d5cb5d|__AUTOMETRIC__
__AUTOMETRIC__|0.1.2|18252|crew_log_541966426cf498b4|0|1786390819.325|104.468|3.265|489185280|521216000|gen_data_c698e3d710d5cb5d|__AUTOMETRIC__
__AUTOMETRIC__|0.1.2|18252|crew_log_541966426cf498b4|0|1786390820.333|97.711|3.053|489201664|521240576|gen_data_c698e3d710d5cb5d|__AUTOMETRIC__
__AUTOMETRIC__|0.1.2|18252|crew_log_541966426cf498b4|0|1786390821.345|100.266|3.133|489111552|521150464|gen_data_c698e3d710d5cb5d|__AUTOMETRIC__
__AUTOMETRIC__|0.1.2|18252|crew_log_541966426cf498b4|0|1786390822.361|96.900|3.028|489492480|521531392|gen_data_c698e3d710d5cb5d|__AUTOMETRIC__
__AUTOMETRIC__|0.1.2|18252|crew_log_541966426cf498b4|0|1786390823.377|100.031|3.126|489418752|521453568|gen_data_c698e3d710d5cb5d|__AUTOMETRIC__
__AUTOMETRIC__|0.1.2|18252|crew_log_541966426cf498b4|0|1786390824.389|100.370|3.137|489107456|521142272|gen_data_c698e3d710d5cb5d|__AUTOMETRIC__
__AUTOMETRIC__|0.1.2|18252|crew_log_541966426cf498b4|0|1786390825.399|98.942|3.092|489332736|521420800|gen_data_c698e3d710d5cb5d|__AUTOMETRIC__
__AUTOMETRIC__|0.1.2|18252|crew_log_541966426cf498b4|0|1786390826.413|98.652|3.083|489394176|521445376|gen_data_c698e3d710d5cb5d|__AUTOMETRIC__
__AUTOMETRIC__|0.1.2|18252|crew_log_541966426cf498b4|0|1786390827.417|101.104|3.159|489242624|521293824|gen_data_c698e3d710d5cb5d|__AUTOMETRIC__
__AUTOMETRIC__|0.1.2|18252|crew_log_541966426cf498b4|0|1786390828.427|99.069|3.096|489365504|521408512|gen_data_c698e3d710d5cb5d|__AUTOMETRIC__
__AUTOMETRIC__|0.1.2|18252|crew_log_541966426cf498b4|0|1786390829.432|99.520|3.110|489644032|521670656|gen_data_c698e3d710d5cb5d|__AUTOMETRIC__
__AUTOMETRIC__|0.1.2|18252|crew_log_541966426cf498b4|0|1786390830.444|100.308|3.135|489345024|521359360|gen_data_c698e3d710d5cb5d|__AUTOMETRIC__
__AUTOMETRIC__|0.1.2|18252|crew_log_541966426cf498b4|0|1786390831.459|100.111|3.128|489472000|521486336|gen_data_c698e3d710d5cb5d|__AUTOMETRIC__
__AUTOMETRIC__|0.1.2|18252|crew_log_541966426cf498b4|0|1786390832.461|101.361|3.168|489275392|521306112|gen_data_c698e3d710d5cb5d|__AUTOMETRIC__
__AUTOMETRIC__|0.1.2|18252|crew_log_541966426cf498b4|0|1786390833.472|100.433|3.139|489283584|521302016|gen_data_c698e3d710d5cb5d|__AUTOMETRIC__
__AUTOMETRIC__|0.1.2|18252|crew_log_541966426cf498b4|0|1786390834.475|98.172|3.068|489287680|521306112|gen_data_c698e3d710d5cb5d|__AUTOMETRIC__
__AUTOMETRIC__|0.1.2|18252|crew_log_541966426cf498b4|0|1786390835.480|99.415|3.107|489517056|521535488|gen_data_c698e3d710d5cb5d|__AUTOMETRIC__
__AUTOMETRIC__|0.1.2|18252|crew_log_541966426cf498b4|0|1786390836.483|99.764|3.118|489340928|521359360|gen_data_c698e3d710d5cb5d|__AUTOMETRIC__
__AUTOMETRIC__|0.1.2|18252|crew_log_541966426cf498b4|0|1786390837.498|100.011|3.125|489132032|521162752|gen_data_c698e3d710d5cb5d|__AUTOMETRIC__
__AUTOMETRIC__|0.1.2|18252|crew_log_541966426cf498b4|0|1786390838.503|98.002|3.063|489500672|521531392|gen_data_c698e3d710d5cb5d|__AUTOMETRIC__
__AUTOMETRIC__|0.1.2|18252|crew_log_541966426cf498b4|0|1786390839.509|97.866|3.058|489553920|521580544|gen_data_c698e3d710d5cb5d|__AUTOMETRIC__
__AUTOMETRIC__|0.1.2|18252|crew_log_541966426cf498b4|0|1786390840.510|99.837|3.120|489914368|521973760|gen_data_c698e3d710d5cb5d|__AUTOMETRIC__
__AUTOMETRIC__|0.1.2|18252|crew_log_541966426cf498b4|0|1786390841.524|103.256|3.227|489295872|521355264|gen_data_c698e3d710d5cb5d|__AUTOMETRIC__
__AUTOMETRIC__|0.1.2|18252|crew_log_541966426cf498b4|0|1786390842.540|99.982|3.124|489639936|521682944|gen_data_c698e3d710d5cb5d|__AUTOMETRIC__
__AUTOMETRIC__|0.1.2|18252|crew_log_541966426cf498b4|0|1786390843.554|100.124|3.129|489406464|521445376|gen_data_c698e3d710d5cb5d|__AUTOMETRIC__
__AUTOMETRIC__|0.1.2|18252|crew_log_541966426cf498b4|0|1786390844.564|100.592|3.143|489582592|521621504|gen_data_c698e3d710d5cb5d|__AUTOMETRIC__
__AUTOMETRIC__|0.1.2|18252|crew_log_541966426cf498b4|0|1786390845.565|99.848|3.120|489697280|521736192|gen_data_c698e3d710d5cb5d|__AUTOMETRIC__
__AUTOMETRIC__|0.1.2|18252|crew_log_541966426cf498b4|0|1786390846.568|96.666|3.021|489463808|521502720|gen_data_c698e3d710d5cb5d|__AUTOMETRIC__
__AUTOMETRIC__|0.1.2|18252|crew_log_541966426cf498b4|0|1786390847.569|99.904|3.122|489635840|521674752|gen_data_c698e3d710d5cb5d|__AUTOMETRIC__
__AUTOMETRIC__|0.1.2|18252|crew_log_541966426cf498b4|0|1786390848.573|96.479|3.015|489701376|521740288|gen_data_c698e3d710d5cb5d|__AUTOMETRIC__
__AUTOMETRIC__|0.1.2|18252|crew_log_541966426cf498b4|0|1786390849.587|101.646|3.176|489725952|521785344|gen_data_c698e3d710d5cb5d|__AUTOMETRIC__
__AUTOMETRIC__|0.1.2|18252|crew_log_541966426cf498b4|0|1786390850.593|102.574|3.205|489529344|521555968|gen_data_c698e3d710d5cb5d|__AUTOMETRIC__
__AUTOMETRIC__|0.1.2|18252|crew_log_541966426cf498b4|0|1786390851.606|97.141|3.036|489472000|521510912|gen_data_c698e3d710d5cb5d|__AUTOMETRIC__
__AUTOMETRIC__|0.1.2|18252|crew_log_541966426cf498b4|0|1786390852.607|99.894|3.122|489480192|521506816|gen_data_c698e3d710d5cb5d|__AUTOMETRIC__
__AUTOMETRIC__|0.1.2|18252|crew_log_541966426cf498b4|0|1786390853.612|99.545|3.111|489529344|521560064|gen_data_c698e3d710d5cb5d|__AUTOMETRIC__
__AUTOMETRIC__|0.1.2|18252|crew_log_541966426cf498b4|0|1786390854.625|100.216|3.132|489132032|521183232|gen_data_c698e3d710d5cb5d|__AUTOMETRIC__
__AUTOMETRIC__|0.1.2|18252|crew_log_541966426cf498b4|0|1786390855.640|100.051|3.127|489893888|521928704|gen_data_c698e3d710d5cb5d|__AUTOMETRIC__
__AUTOMETRIC__|0.1.2|18252|crew_log_541966426cf498b4|0|1786390856.646|99.440|3.107|489668608|521699328|gen_data_c698e3d710d5cb5d|__AUTOMETRIC__
__AUTOMETRIC__|0.1.2|18252|crew_log_541966426cf498b4|0|1786390857.662|99.976|3.124|489213952|521244672|gen_data_c698e3d710d5cb5d|__AUTOMETRIC__
__AUTOMETRIC__|0.1.2|18252|crew_log_541966426cf498b4|0|1786390858.669|99.290|3.103|489500672|521531392|gen_data_c698e3d710d5cb5d|__AUTOMETRIC__
__AUTOMETRIC__|0.1.2|18252|crew_log_541966426cf498b4|0|1786390859.673|98.055|3.064|489504768|521555968|gen_data_c698e3d710d5cb5d|__AUTOMETRIC__
__AUTOMETRIC__|0.1.2|18252|crew_log_541966426cf498b4|0|1786390860.686|98.713|3.085|489701376|521736192|gen_data_c698e3d710d5cb5d|__AUTOMETRIC__
__AUTOMETRIC__|0.1.2|18252|crew_log_541966426cf498b4|0|1786390861.691|97.960|3.061|489713664|521748480|gen_data_c698e3d710d5cb5d|__AUTOMETRIC__
__AUTOMETRIC__|0.1.2|18252|crew_log_541966426cf498b4|0|1786390862.694|99.629|3.113|489570304|521641984|gen_data_c698e3d710d5cb5d|__AUTOMETRIC__
__AUTOMETRIC__|0.1.2|18252|crew_log_541966426cf498b4|0|1786390863.708|98.628|3.082|489811968|521854976|gen_data_c698e3d710d5cb5d|__AUTOMETRIC__
__AUTOMETRIC__|0.1.2|18252|crew_log_541966426cf498b4|0|1786390864.718|100.617|3.144|489738240|521781248|gen_data_c698e3d710d5cb5d|__AUTOMETRIC__
__AUTOMETRIC__|0.1.2|18252|crew_log_541966426cf498b4|0|1786390865.732|100.078|3.127|489414656|521457664|gen_data_c698e3d710d5cb5d|__AUTOMETRIC__
__AUTOMETRIC__|0.1.2|18252|crew_log_541966426cf498b4|0|1786390866.735|98.227|3.070|489635840|521670656|gen_data_c698e3d710d5cb5d|__AUTOMETRIC__
__AUTOMETRIC__|0.1.2|18252|crew_log_541966426cf498b4|0|1786390867.748|98.705|3.085|489955328|521990144|gen_data_c698e3d710d5cb5d|__AUTOMETRIC__
__AUTOMETRIC__|0.1.2|18252|crew_log_541966426cf498b4|0|1786390868.764|99.970|3.124|489291776|521338880|gen_data_c698e3d710d5cb5d|__AUTOMETRIC__
__AUTOMETRIC__|0.1.2|18252|crew_log_541966426cf498b4|0|1786390869.776|98.820|3.088|489574400|521621504|gen_data_c698e3d710d5cb5d|__AUTOMETRIC__
__AUTOMETRIC__|0.1.2|18252|crew_log_541966426cf498b4|0|1786390870.777|101.384|3.168|489558016|521592832|gen_data_c698e3d710d5cb5d|__AUTOMETRIC__
__AUTOMETRIC__|0.1.2|18252|crew_log_541966426cf498b4|0|1786390871.793|99.991|3.125|489467904|521502720|gen_data_c698e3d710d5cb5d|__AUTOMETRIC__
__AUTOMETRIC__|0.1.2|18252|crew_log_541966426cf498b4|0|1786390872.797|99.571|3.112|489885696|521920512|gen_data_c698e3d710d5cb5d|__AUTOMETRIC__
__AUTOMETRIC__|0.1.2|18252|crew_log_541966426cf498b4|0|1786390873.807|97.462|3.046|489713664|521748480|gen_data_c698e3d710d5cb5d|__AUTOMETRIC__
__AUTOMETRIC__|0.1.2|18252|crew_log_541966426cf498b4|0|1786390874.810|102.852|3.214|489553920|521588736|gen_data_c698e3d710d5cb5d|__AUTOMETRIC__
__AUTOMETRIC__|0.1.2|18252|crew_log_541966426cf498b4|0|1786390875.823|98.748|3.086|489697280|521723904|gen_data_c698e3d710d5cb5d|__AUTOMETRIC__
__AUTOMETRIC__|0.1.2|18252|crew_log_541966426cf498b4|0|1786390876.825|102.886|3.215|489623552|521695232|gen_data_c698e3d710d5cb5d|__AUTOMETRIC__
__AUTOMETRIC__|0.1.2|18252|crew_log_541966426cf498b4|0|1786390877.835|98.982|3.093|489496576|521539584|gen_data_c698e3d710d5cb5d|__AUTOMETRIC__
__AUTOMETRIC__|0.1.2|18252|crew_log_541966426cf498b4|0|1786390878.844|99.163|3.099|489590784|521633792|gen_data_c698e3d710d5cb5d|__AUTOMETRIC__
__AUTOMETRIC__|0.1.2|18252|crew_log_541966426cf498b4|0|1786390879.850|99.387|3.106|490074112|522117120|gen_data_c698e3d710d5cb5d|__AUTOMETRIC__
__AUTOMETRIC__|0.1.2|18252|crew_log_541966426cf498b4|0|1786390880.864|97.043|3.033|489693184|521728000|gen_data_c698e3d710d5cb5d|__AUTOMETRIC__
__AUTOMETRIC__|0.1.2|18252|crew_log_541966426cf498b4|0|1786390881.880|100.024|3.126|489799680|521834496|gen_data_c698e3d710d5cb5d|__AUTOMETRIC__
__AUTOMETRIC__|0.1.2|18252|crew_log_541966426cf498b4|0|1786390882.891|97.371|3.043|489746432|521797632|gen_data_c698e3d710d5cb5d|__AUTOMETRIC__
__AUTOMETRIC__|0.1.2|18252|crew_log_541966426cf498b4|0|1786390883.898|96.128|3.004|489893888|521924608|gen_data_c698e3d710d5cb5d|__AUTOMETRIC__
__AUTOMETRIC__|0.1.2|18252|crew_log_541966426cf498b4|0|1786390884.901|98.148|3.067|489418752|521433088|gen_data_c698e3d710d5cb5d|__AUTOMETRIC__
__AUTOMETRIC__|0.1.2|18252|crew_log_541966426cf498b4|0|1786390885.915|100.197|3.131|490041344|522055680|gen_data_c698e3d710d5cb5d|__AUTOMETRIC__
__AUTOMETRIC__|0.1.2|18252|crew_log_541966426cf498b4|0|1786390886.925|100.535|3.142|490074112|522088448|gen_data_c698e3d710d5cb5d|__AUTOMETRIC__
__AUTOMETRIC__|0.1.2|18252|crew_log_541966426cf498b4|0|1786390887.938|100.309|3.135|490045440|522059776|gen_data_c698e3d710d5cb5d|__AUTOMETRIC__
__AUTOMETRIC__|0.1.2|18252|crew_log_541966426cf498b4|0|1786390888.950|100.297|3.134|489730048|521756672|gen_data_c698e3d710d5cb5d|__AUTOMETRIC__
__AUTOMETRIC__|0.1.2|18252|crew_log_541966426cf498b4|0|1786390889.966|99.971|3.124|489832448|521859072|gen_data_c698e3d710d5cb5d|__AUTOMETRIC__
__AUTOMETRIC__|0.1.2|18252|crew_log_541966426cf498b4|0|1786390890.970|99.588|3.112|489820160|521846784|gen_data_c698e3d710d5cb5d|__AUTOMETRIC__
__AUTOMETRIC__|0.1.2|18252|crew_log_541966426cf498b4|0|1786390891.984|100.202|3.131|489959424|521986048|gen_data_c698e3d710d5cb5d|__AUTOMETRIC__
__AUTOMETRIC__|0.1.2|18252|crew_log_541966426cf498b4|0|1786390892.985|98.327|3.073|489750528|521789440|gen_data_c698e3d710d5cb5d|__AUTOMETRIC__
__AUTOMETRIC__|0.1.2|18252|crew_log_541966426cf498b4|0|1786390893.987|99.832|3.120|490008576|522039296|gen_data_c698e3d710d5cb5d|__AUTOMETRIC__
__AUTOMETRIC__|0.1.2|18252|crew_log_541966426cf498b4|0|1786390895.001|100.121|3.129|489803776|521830400|gen_data_c698e3d710d5cb5d|__AUTOMETRIC__
__AUTOMETRIC__|0.1.2|18252|crew_log_541966426cf498b4|0|1786390896.008|97.727|3.054|490106880|522141696|gen_data_c698e3d710d5cb5d|__AUTOMETRIC__
__AUTOMETRIC__|0.1.2|18252|crew_log_541966426cf498b4|0|1786390897.022|98.650|3.083|489861120|521920512|gen_data_c698e3d710d5cb5d|__AUTOMETRIC__
__AUTOMETRIC__|0.1.2|18252|crew_log_541966426cf498b4|0|1786390898.035|101.840|3.183|489627648|521695232|gen_data_c698e3d710d5cb5d|__AUTOMETRIC__
__AUTOMETRIC__|0.1.2|18252|crew_log_541966426cf498b4|0|1786390899.037|99.780|3.118|489488384|521555968|gen_data_c698e3d710d5cb5d|__AUTOMETRIC__
__AUTOMETRIC__|0.1.2|18252|crew_log_541966426cf498b4|0|1786390900.044|100.822|3.151|489570304|521654272|gen_data_c698e3d710d5cb5d|__AUTOMETRIC__
__AUTOMETRIC__|0.1.2|18252|crew_log_541966426cf498b4|0|1786390901.049|99.542|3.111|489578496|521641984|gen_data_c698e3d710d5cb5d|__AUTOMETRIC__
__AUTOMETRIC__|0.1.2|18252|crew_log_541966426cf498b4|0|1786390902.065|98.381|3.074|489476096|521543680|gen_data_c698e3d710d5cb5d|__AUTOMETRIC__
__AUTOMETRIC__|0.1.2|18252|crew_log_541966426cf498b4|0|1786390903.081|98.430|3.076|489594880|521650176|gen_data_c698e3d710d5cb5d|__AUTOMETRIC__
__AUTOMETRIC__|0.1.2|18252|crew_log_541966426cf498b4|0|1786390904.085|94.988|2.968|489644032|521695232|gen_data_c698e3d710d5cb5d|__AUTOMETRIC__
__AUTOMETRIC__|0.1.2|18252|crew_log_541966426cf498b4|0|1786390905.098|100.207|3.131|489730048|521789440|gen_data_c698e3d710d5cb5d|__AUTOMETRIC__
__AUTOMETRIC__|0.1.2|18252|crew_log_541966426cf498b4|0|1786390906.108|100.534|3.142|489701376|521773056|gen_data_c698e3d710d5cb5d|__AUTOMETRIC__
__AUTOMETRIC__|0.1.2|18252|crew_log_541966426cf498b4|0|1786390907.123|98.523|3.079|489545728|521617408|gen_data_c698e3d710d5cb5d|__AUTOMETRIC__
__AUTOMETRIC__|0.1.2|18252|crew_log_541966426cf498b4|0|1786390908.133|97.504|3.047|489754624|521818112|gen_data_c698e3d710d5cb5d|__AUTOMETRIC__
__AUTOMETRIC__|0.1.2|18252|crew_log_541966426cf498b4|0|1786390909.144|98.961|3.093|490008576|522059776|gen_data_c698e3d710d5cb5d|__AUTOMETRIC__
__AUTOMETRIC__|0.1.2|18252|crew_log_541966426cf498b4|0|1786390910.156|100.325|3.135|489611264|521662464|gen_data_c698e3d710d5cb5d|__AUTOMETRIC__
__AUTOMETRIC__|0.1.2|18252|crew_log_541966426cf498b4|0|1786390911.169|100.260|3.133|489660416|521711616|gen_data_c698e3d710d5cb5d|__AUTOMETRIC__
__AUTOMETRIC__|0.1.2|18252|crew_log_541966426cf498b4|0|1786390912.182|98.701|3.084|489578496|521629696|gen_data_c698e3d710d5cb5d|__AUTOMETRIC__
__AUTOMETRIC__|0.1.2|18252|crew_log_541966426cf498b4|0|1786390913.185|99.667|3.115|490475520|522547200|gen_data_c698e3d710d5cb5d|__AUTOMETRIC__
__AUTOMETRIC__|0.1.2|18252|crew_log_541966426cf498b4|0|1786390914.199|92.528|2.892|489885696|521969664|gen_data_c698e3d710d5cb5d|__AUTOMETRIC__
__AUTOMETRIC__|0.1.2|18252|crew_log_541966426cf498b4|0|1786390915.212|100.181|3.131|490082304|522158080|gen_data_c698e3d710d5cb5d|__AUTOMETRIC__
__AUTOMETRIC__|0.1.2|18252|crew_log_541966426cf498b4|0|1786390916.227|101.656|3.177|490369024|522416128|gen_data_c698e3d710d5cb5d|__AUTOMETRIC__
__AUTOMETRIC__|0.1.2|18252|crew_log_541966426cf498b4|0|1786390917.237|99.023|3.094|490139648|522186752|gen_data_c698e3d710d5cb5d|__AUTOMETRIC__
__AUTOMETRIC__|0.1.2|18252|crew_log_541966426cf498b4|0|1786390918.251|98.559|3.080|490242048|522301440|gen_data_c698e3d710d5cb5d|__AUTOMETRIC__
__AUTOMETRIC__|0.1.2|18252|crew_log_541966426cf498b4|0|1786390919.254|99.738|3.117|490225664|522285056|gen_data_c698e3d710d5cb5d|__AUTOMETRIC__
__AUTOMETRIC__|0.1.2|18252|crew_log_541966426cf498b4|0|1786390920.265|100.495|3.140|490414080|522473472|gen_data_c698e3d710d5cb5d|__AUTOMETRIC__
__AUTOMETRIC__|0.1.2|18252|crew_log_541966426cf498b4|0|1786390921.280|98.485|3.078|490037248|522096640|gen_data_c698e3d710d5cb5d|__AUTOMETRIC__
__AUTOMETRIC__|0.1.2|18252|crew_log_541966426cf498b4|0|1786390922.286|99.445|3.108|490250240|522330112|gen_data_c698e3d710d5cb5d|__AUTOMETRIC__
__AUTOMETRIC__|0.1.2|18252|crew_log_541966426cf498b4|0|1786390923.299|100.239|3.132|489889792|521969664|gen_data_c698e3d710d5cb5d|__AUTOMETRIC__
__AUTOMETRIC__|0.1.2|18252|crew_log_541966426cf498b4|0|1786390924.314|100.067|3.127|490004480|522084352|gen_data_c698e3d710d5cb5d|__AUTOMETRIC__
__AUTOMETRIC__|0.1.2|18252|crew_log_541966426cf498b4|0|1786390925.317|99.627|3.113|490004480|522133504|gen_data_c698e3d710d5cb5d|__AUTOMETRIC__
__AUTOMETRIC__|0.1.2|18252|crew_log_541966426cf498b4|0|1786390926.327|100.591|3.143|490008576|522067968|gen_data_c698e3d710d5cb5d|__AUTOMETRIC__
__AUTOMETRIC__|0.1.2|18252|crew_log_541966426cf498b4|0|1786390927.331|98.069|3.065|489873408|521932800|gen_data_c698e3d710d5cb5d|__AUTOMETRIC__
__AUTOMETRIC__|0.1.2|18252|crew_log_541966426cf498b4|0|1786390928.345|98.596|3.081|490098688|522174464|gen_data_c698e3d710d5cb5d|__AUTOMETRIC__
__AUTOMETRIC__|0.1.2|18252|crew_log_541966426cf498b4|0|1786390929.356|100.430|3.138|489996288|522084352|gen_data_c698e3d710d5cb5d|__AUTOMETRIC__
__AUTOMETRIC__|0.1.2|18252|crew_log_541966426cf498b4|0|1786390930.370|100.165|3.130|489799680|521875456|gen_data_c698e3d710d5cb5d|__AUTOMETRIC__
__AUTOMETRIC__|0.1.2|18252|crew_log_541966426cf498b4|0|1786390931.385|98.588|3.081|490196992|522272768|gen_data_c698e3d710d5cb5d|__AUTOMETRIC__
__AUTOMETRIC__|0.1.2|18252|crew_log_541966426cf498b4|0|1786390932.388|102.808|3.213|490102784|522158080|gen_data_c698e3d710d5cb5d|__AUTOMETRIC__
__AUTOMETRIC__|0.1.2|18252|crew_log_541966426cf498b4|0|1786390933.390|98.218|3.069|490430464|522498048|gen_data_c698e3d710d5cb5d|__AUTOMETRIC__
__AUTOMETRIC__|0.1.2|18252|crew_log_541966426cf498b4|0|1786390934.395|96.398|3.012|490332160|522399744|gen_data_c698e3d710d5cb5d|__AUTOMETRIC__
__AUTOMETRIC__|0.1.2|18252|crew_log_541966426cf498b4|0|1786390935.397|99.819|3.119|490344448|522412032|gen_data_c698e3d710d5cb5d|__AUTOMETRIC__
__AUTOMETRIC__|0.1.2|18252|crew_log_541966426cf498b4|0|1786390936.398|98.277|3.071|490262528|522330112|gen_data_c698e3d710d5cb5d|__AUTOMETRIC__
__AUTOMETRIC__|0.1.2|18252|crew_log_541966426cf498b4|0|1786390937.410|98.894|3.090|490258432|522313728|gen_data_c698e3d710d5cb5d|__AUTOMETRIC__
__AUTOMETRIC__|0.1.2|18252|crew_log_541966426cf498b4|0|1786390938.425|100.047|3.126|490258432|522326016|gen_data_c698e3d710d5cb5d|__AUTOMETRIC__
__AUTOMETRIC__|0.1.2|18252|crew_log_541966426cf498b4|0|1786390939.439|100.126|3.129|490360832|522428416|gen_data_c698e3d710d5cb5d|__AUTOMETRIC__
__AUTOMETRIC__|0.1.2|18252|crew_log_541966426cf498b4|0|1786390940.447|99.249|3.102|490180608|522248192|gen_data_c698e3d710d5cb5d|__AUTOMETRIC__
__AUTOMETRIC__|0.1.2|18252|crew_log_541966426cf498b4|0|1786390941.459|98.804|3.088|490221568|522289152|gen_data_c698e3d710d5cb5d|__AUTOMETRIC__
__AUTOMETRIC__|0.1.2|18252|crew_log_541966426cf498b4|0|1786390942.475|98.431|3.076|490221568|522280960|gen_data_c698e3d710d5cb5d|__AUTOMETRIC__
__AUTOMETRIC__|0.1.2|18252|crew_log_541966426cf498b4|0|1786390943.480|99.470|3.108|490217472|522276864|gen_data_c698e3d710d5cb5d|__AUTOMETRIC__
__AUTOMETRIC__|0.1.2|18252|crew_log_541966426cf498b4|0|1786390944.494|98.613|3.082|490147840|522207232|gen_data_c698e3d710d5cb5d|__AUTOMETRIC__
__AUTOMETRIC__|0.1.2|18252|crew_log_541966426cf498b4|0|1786390945.507|101.772|3.180|490221568|522280960|gen_data_c698e3d710d5cb5d|__AUTOMETRIC__
__AUTOMETRIC__|0.1.2|18252|crew_log_541966426cf498b4|0|1786390946.518|100.508|3.141|490463232|522510336|gen_data_c698e3d710d5cb5d|__AUTOMETRIC__
__AUTOMETRIC__|0.1.2|18252|crew_log_541966426cf498b4|0|1786390947.521|99.641|3.114|490123264|522182656|gen_data_c698e3d710d5cb5d|__AUTOMETRIC__
__AUTOMETRIC__|0.1.2|18252|crew_log_541966426cf498b4|0|1786390948.530|100.723|3.148|490442752|522502144|gen_data_c698e3d710d5cb5d|__AUTOMETRIC__
__AUTOMETRIC__|0.1.2|18252|crew_log_541966426cf498b4|0|1786390949.541|98.873|3.090|489861120|521920512|gen_data_c698e3d710d5cb5d|__AUTOMETRIC__
__AUTOMETRIC__|0.1.2|18252|crew_log_541966426cf498b4|0|1786390950.545|102.726|3.210|490106880|522178560|gen_data_c698e3d710d5cb5d|__AUTOMETRIC__
__AUTOMETRIC__|0.1.2|18252|crew_log_541966426cf498b4|0|1786390951.560|100.085|3.128|490430464|522489856|gen_data_c698e3d710d5cb5d|__AUTOMETRIC__
__AUTOMETRIC__|0.1.2|18252|crew_log_541966426cf498b4|0|1786390952.576|99.944|3.123|490274816|522334208|gen_data_c698e3d710d5cb5d|__AUTOMETRIC__
__AUTOMETRIC__|0.1.2|18252|crew_log_541966426cf498b4|0|1786390953.587|97.349|3.042|490156032|522215424|gen_data_c698e3d710d5cb5d|__AUTOMETRIC__
__AUTOMETRIC__|0.1.2|18252|crew_log_541966426cf498b4|0|1786390954.594|102.410|3.200|490274816|522334208|gen_data_c698e3d710d5cb5d|__AUTOMETRIC__
__AUTOMETRIC__|0.1.2|18252|crew_log_541966426cf498b4|0|1786390955.606|98.851|3.089|490233856|522293248|gen_data_c698e3d710d5cb5d|__AUTOMETRIC__
__AUTOMETRIC__|0.1.2|18252|crew_log_541966426cf498b4|0|1786390956.612|96.256|3.008|490156032|522215424|gen_data_c698e3d710d5cb5d|__AUTOMETRIC__
__AUTOMETRIC__|0.1.2|18252|crew_log_541966426cf498b4|0|1786390957.623|100.477|3.140|490352640|522412032|gen_data_c698e3d710d5cb5d|__AUTOMETRIC__
__AUTOMETRIC__|0.1.2|18252|crew_log_541966426cf498b4|0|1786390958.637|98.615|3.082|490360832|522428416|gen_data_c698e3d710d5cb5d|__AUTOMETRIC__
__AUTOMETRIC__|0.1.2|18252|crew_log_541966426cf498b4|0|1786390959.643|99.371|3.105|490389504|522448896|gen_data_c698e3d710d5cb5d|__AUTOMETRIC__
__AUTOMETRIC__|0.1.2|18252|crew_log_541966426cf498b4|0|1786390960.644|99.938|3.123|490356736|522416128|gen_data_c698e3d710d5cb5d|__AUTOMETRIC__
__AUTOMETRIC__|0.1.2|18252|crew_log_541966426cf498b4|0|1786390961.645|99.879|3.121|490741760|522801152|gen_data_c698e3d710d5cb5d|__AUTOMETRIC__
__AUTOMETRIC__|0.1.2|18252|crew_log_541966426cf498b4|0|1786390962.649|98.056|3.064|489996288|522063872|gen_data_c698e3d710d5cb5d|__AUTOMETRIC__
__AUTOMETRIC__|0.1.2|18252|crew_log_541966426cf498b4|0|1786390963.656|100.882|3.153|490258432|522334208|gen_data_c698e3d710d5cb5d|__AUTOMETRIC__
__AUTOMETRIC__|0.1.2|18252|crew_log_541966426cf498b4|0|1786390964.661|99.503|3.109|490311680|522387456|gen_data_c698e3d710d5cb5d|__AUTOMETRIC__
__AUTOMETRIC__|0.1.2|18252|crew_log_541966426cf498b4|0|1786390965.673|97.298|3.041|490389504|522444800|gen_data_c698e3d710d5cb5d|__AUTOMETRIC__
__AUTOMETRIC__|0.1.2|18252|crew_log_541966426cf498b4|0|1786390966.681|100.699|3.147|490332160|522362880|gen_data_c698e3d710d5cb5d|__AUTOMETRIC__
__AUTOMETRIC__|0.1.2|18252|crew_log_541966426cf498b4|0|1786390967.686|102.608|3.207|490340352|522371072|gen_data_c698e3d710d5cb5d|__AUTOMETRIC__
__AUTOMETRIC__|0.1.2|18252|crew_log_541966426cf498b4|0|1786390968.696|99.037|3.095|490446848|522477568|gen_data_c698e3d710d5cb5d|__AUTOMETRIC__
__AUTOMETRIC__|0.1.2|18252|crew_log_541966426cf498b4|0|1786390969.702|99.428|3.107|490323968|522375168|gen_data_c698e3d710d5cb5d|__AUTOMETRIC__
__AUTOMETRIC__|0.1.2|18252|crew_log_541966426cf498b4|0|1786390970.716|100.150|3.130|490418176|522448896|gen_data_c698e3d710d5cb5d|__AUTOMETRIC__
__AUTOMETRIC__|0.1.2|18252|crew_log_541966426cf498b4|0|1786390971.732|96.859|3.027|490676224|522715136|gen_data_c698e3d710d5cb5d|__AUTOMETRIC__
__AUTOMETRIC__|0.1.2|18252|crew_log_541966426cf498b4|0|1786390972.742|97.502|3.047|490889216|522928128|gen_data_c698e3d710d5cb5d|__AUTOMETRIC__
__AUTOMETRIC__|0.1.2|18252|crew_log_541966426cf498b4|0|1786390973.755|100.245|3.133|490434560|522473472|gen_data_c698e3d710d5cb5d|__AUTOMETRIC__
__AUTOMETRIC__|0.1.2|18252|crew_log_541966426cf498b4|0|1786390974.759|99.579|3.112|490442752|522481664|gen_data_c698e3d710d5cb5d|__AUTOMETRIC__
__AUTOMETRIC__|0.1.2|18252|crew_log_541966426cf498b4|0|1786390975.764|99.477|3.109|490287104|522321920|gen_data_c698e3d710d5cb5d|__AUTOMETRIC__
__AUTOMETRIC__|0.1.2|18252|crew_log_541966426cf498b4|0|1786390976.777|100.267|3.133|490225664|522260480|gen_data_c698e3d710d5cb5d|__AUTOMETRIC__
__AUTOMETRIC__|0.1.2|18252|crew_log_541966426cf498b4|0|1786390977.784|99.284|3.103|490262528|522297344|gen_data_c698e3d710d5cb5d|__AUTOMETRIC__
__AUTOMETRIC__|0.1.2|18252|crew_log_541966426cf498b4|0|1786390978.791|99.313|3.104|490614784|522649600|gen_data_c698e3d710d5cb5d|__AUTOMETRIC__
__AUTOMETRIC__|0.1.2|18252|crew_log_541966426cf498b4|0|1786390979.807|100.008|3.125|490520576|522555392|gen_data_c698e3d710d5cb5d|__AUTOMETRIC__
__AUTOMETRIC__|0.1.2|18252|crew_log_541966426cf498b4|0|1786390980.816|100.620|3.144|490528768|522563584|gen_data_c698e3d710d5cb5d|__AUTOMETRIC__
__AUTOMETRIC__|0.1.2|18252|crew_log_541966426cf498b4|0|1786390981.832|98.482|3.078|490455040|522485760|gen_data_c698e3d710d5cb5d|__AUTOMETRIC__
__AUTOMETRIC__|0.1.2|18252|crew_log_541966426cf498b4|0|1786390982.834|99.718|3.116|490676224|522698752|gen_data_c698e3d710d5cb5d|__AUTOMETRIC__
__AUTOMETRIC__|0.1.2|18252|crew_log_541966426cf498b4|0|1786390983.847|100.275|3.134|490360832|522399744|gen_data_c698e3d710d5cb5d|__AUTOMETRIC__
__AUTOMETRIC__|0.1.2|18252|crew_log_541966426cf498b4|0|1786390984.858|98.925|3.091|490438656|522477568|gen_data_c698e3d710d5cb5d|__AUTOMETRIC__
__AUTOMETRIC__|0.1.2|18252|crew_log_541966426cf498b4|0|1786390985.873|100.065|3.127|490393600|522424320|gen_data_c698e3d710d5cb5d|__AUTOMETRIC__
__AUTOMETRIC__|0.1.2|18252|crew_log_541966426cf498b4|0|1786390986.875|99.833|3.120|490430464|522461184|gen_data_c698e3d710d5cb5d|__AUTOMETRIC__
__AUTOMETRIC__|0.1.2|18252|crew_log_541966426cf498b4|0|1786390987.888|100.224|3.132|490569728|522588160|gen_data_c698e3d710d5cb5d|__AUTOMETRIC__
__AUTOMETRIC__|0.1.2|18252|crew_log_541966426cf498b4|0|1786390988.894|99.386|3.106|490524672|522567680|gen_data_c698e3d710d5cb5d|__AUTOMETRIC__
__AUTOMETRIC__|0.1.2|18252|crew_log_541966426cf498b4|0|1786390989.903|100.738|3.148|490479616|522510336|gen_data_c698e3d710d5cb5d|__AUTOMETRIC__
__AUTOMETRIC__|0.1.2|18252|crew_log_541966426cf498b4|0|1786390990.915|97.247|3.039|490635264|522665984|gen_data_c698e3d710d5cb5d|__AUTOMETRIC__
__AUTOMETRIC__|0.1.2|18252|crew_log_541966426cf498b4|0|1786390991.916|99.918|3.122|490614784|522649600|gen_data_c698e3d710d5cb5d|__AUTOMETRIC__
__AUTOMETRIC__|0.1.2|18252|crew_log_541966426cf498b4|0|1786390992.919|102.801|3.213|490586112|522620928|gen_data_c698e3d710d5cb5d|__AUTOMETRIC__
__AUTOMETRIC__|0.1.2|18252|crew_log_541966426cf498b4|0|1786390993.920|98.312|3.072|490500096|522534912|gen_data_c698e3d710d5cb5d|__AUTOMETRIC__
__AUTOMETRIC__|0.1.2|18252|crew_log_541966426cf498b4|0|1786390994.933|100.268|3.133|490758144|522797056|gen_data_c698e3d710d5cb5d|__AUTOMETRIC__
__AUTOMETRIC__|0.1.2|18252|crew_log_541966426cf498b4|0|1786390995.944|98.882|3.090|490672128|522711040|gen_data_c698e3d710d5cb5d|__AUTOMETRIC__
__AUTOMETRIC__|0.1.2|18252|crew_log_541966426cf498b4|0|1786390996.956|98.866|3.090|490573824|522612736|gen_data_c698e3d710d5cb5d|__AUTOMETRIC__
__AUTOMETRIC__|0.1.2|18252|crew_log_541966426cf498b4|0|1786390997.969|98.698|3.084|490598400|522637312|gen_data_c698e3d710d5cb5d|__AUTOMETRIC__
__AUTOMETRIC__|0.1.2|18252|crew_log_541966426cf498b4|0|1786390998.978|99.134|3.098|490442752|522481664|gen_data_c698e3d710d5cb5d|__AUTOMETRIC__
__AUTOMETRIC__|0.1.2|18252|crew_log_541966426cf498b4|0|1786390999.981|99.678|3.115|490401792|522440704|gen_data_c698e3d710d5cb5d|__AUTOMETRIC__
__AUTOMETRIC__|0.1.2|18252|crew_log_541966426cf498b4|0|1786391000.994|98.654|3.083|490668032|522706944|gen_data_c698e3d710d5cb5d|__AUTOMETRIC__
__AUTOMETRIC__|0.1.2|18252|crew_log_541966426cf498b4|0|1786391001.997|98.167|3.068|490582016|522620928|gen_data_c698e3d710d5cb5d|__AUTOMETRIC__
__AUTOMETRIC__|0.1.2|18252|crew_log_541966426cf498b4|0|1786391003.010|95.628|2.988|490549248|522588160|gen_data_c698e3d710d5cb5d|__AUTOMETRIC__
__AUTOMETRIC__|0.1.2|18252|crew_log_541966426cf498b4|0|1786391004.018|99.210|3.100|490729472|522768384|gen_data_c698e3d710d5cb5d|__AUTOMETRIC__
__AUTOMETRIC__|0.1.2|18252|crew_log_541966426cf498b4|0|1786391005.030|98.886|3.090|490549248|522579968|gen_data_c698e3d710d5cb5d|__AUTOMETRIC__
__AUTOMETRIC__|0.1.2|18252|crew_log_541966426cf498b4|0|1786391006.031|98.277|3.071|490299392|522330112|gen_data_c698e3d710d5cb5d|__AUTOMETRIC__
__AUTOMETRIC__|0.1.2|18252|crew_log_541966426cf498b4|0|1786391007.045|100.165|3.130|490471424|522502144|gen_data_c698e3d710d5cb5d|__AUTOMETRIC__
__AUTOMETRIC__|0.1.2|18252|crew_log_541966426cf498b4|0|1786391008.047|96.722|3.023|490520576|522551296|gen_data_c698e3d710d5cb5d|__AUTOMETRIC__
__AUTOMETRIC__|0.1.2|18252|crew_log_541966426cf498b4|0|1786391009.052|99.442|3.108|490295296|522326016|gen_data_c698e3d710d5cb5d|__AUTOMETRIC__
__AUTOMETRIC__|0.1.2|18252|crew_log_541966426cf498b4|0|1786391010.057|101.118|3.160|490557440|522588160|gen_data_c698e3d710d5cb5d|__AUTOMETRIC__
__AUTOMETRIC__|0.1.2|18252|crew_log_541966426cf498b4|0|1786391011.058|99.822|3.119|490569728|522629120|gen_data_c698e3d710d5cb5d|__AUTOMETRIC__
__AUTOMETRIC__|0.1.2|18252|crew_log_541966426cf498b4|0|1786391012.072|95.537|2.986|490676224|522723328|gen_data_c698e3d710d5cb5d|__AUTOMETRIC__
__AUTOMETRIC__|0.1.2|18252|crew_log_541966426cf498b4|0|1786391013.078|101.020|3.157|490602496|522661888|gen_data_c698e3d710d5cb5d|__AUTOMETRIC__
__AUTOMETRIC__|0.1.2|18252|crew_log_541966426cf498b4|0|1786391014.092|98.583|3.081|490455040|522514432|gen_data_c698e3d710d5cb5d|__AUTOMETRIC__
__AUTOMETRIC__|0.1.2|18252|crew_log_541966426cf498b4|0|1786391015.102|97.530|3.048|490745856|522805248|gen_data_c698e3d710d5cb5d|__AUTOMETRIC__
__AUTOMETRIC__|0.1.2|18252|crew_log_541966426cf498b4|0|1786391016.117|98.479|3.077|490430464|522489856|gen_data_c698e3d710d5cb5d|__AUTOMETRIC__
__AUTOMETRIC__|0.1.2|18252|crew_log_541966426cf498b4|0|1786391017.131|98.606|3.081|490606592|522665984|gen_data_c698e3d710d5cb5d|__AUTOMETRIC__
__AUTOMETRIC__|0.1.2|18252|crew_log_541966426cf498b4|0|1786391018.134|98.109|3.066|490774528|522833920|gen_data_c698e3d710d5cb5d|__AUTOMETRIC__
__AUTOMETRIC__|0.1.2|18252|crew_log_541966426cf498b4|0|1786391019.137|102.893|3.215|490979328|523038720|gen_data_c698e3d710d5cb5d|__AUTOMETRIC__
__AUTOMETRIC__|0.1.2|18252|crew_log_541966426cf498b4|0|1786391020.151|98.564|3.080|491114496|523157504|gen_data_c698e3d710d5cb5d|__AUTOMETRIC__
__AUTOMETRIC__|0.1.2|18252|crew_log_541966426cf498b4|0|1786391021.165|98.678|3.084|490795008|522838016|gen_data_c698e3d710d5cb5d|__AUTOMETRIC__
__AUTOMETRIC__|0.1.2|18252|crew_log_541966426cf498b4|0|1786391022.169|101.098|3.159|491048960|523124736|gen_data_c698e3d710d5cb5d|__AUTOMETRIC__
__AUTOMETRIC__|0.1.2|18252|crew_log_541966426cf498b4|0|1786391023.173|99.583|3.112|491081728|523112448|gen_data_c698e3d710d5cb5d|__AUTOMETRIC__
__AUTOMETRIC__|0.1.2|18252|crew_log_541966426cf498b4|0|1786391024.189|100.044|3.126|491139072|523169792|gen_data_c698e3d710d5cb5d|__AUTOMETRIC__
__AUTOMETRIC__|0.1.2|18252|crew_log_541966426cf498b4|0|1786391025.202|100.242|3.133|491102208|523137024|gen_data_c698e3d710d5cb5d|__AUTOMETRIC__
__AUTOMETRIC__|0.1.2|18252|crew_log_541966426cf498b4|0|1786391026.215|98.647|3.083|491286528|523321344|gen_data_c698e3d710d5cb5d|__AUTOMETRIC__
__AUTOMETRIC__|0.1.2|18252|crew_log_541966426cf498b4|0|1786391027.221|97.891|3.059|490893312|522932224|gen_data_c698e3d710d5cb5d|__AUTOMETRIC__
__AUTOMETRIC__|0.1.2|18252|crew_log_541966426cf498b4|0|1786391028.225|99.577|3.112|491053056|523091968|gen_data_c698e3d710d5cb5d|__AUTOMETRIC__
__AUTOMETRIC__|0.1.2|18252|crew_log_541966426cf498b4|0|1786391029.231|100.998|3.156|491094016|523141120|gen_data_c698e3d710d5cb5d|__AUTOMETRIC__
__AUTOMETRIC__|0.1.2|18252|crew_log_541966426cf498b4|0|1786391030.233|99.813|3.119|490807296|522854400|gen_data_c698e3d710d5cb5d|__AUTOMETRIC__
__AUTOMETRIC__|0.1.2|18252|crew_log_541966426cf498b4|0|1786391031.240|97.736|3.054|491085824|523132928|gen_data_c698e3d710d5cb5d|__AUTOMETRIC__
__AUTOMETRIC__|0.1.2|18252|crew_log_541966426cf498b4|0|1786391032.244|101.115|3.160|491196416|523227136|gen_data_c698e3d710d5cb5d|__AUTOMETRIC__
__AUTOMETRIC__|0.1.2|18252|crew_log_541966426cf498b4|0|1786391033.259|98.531|3.079|490938368|522977280|gen_data_c698e3d710d5cb5d|__AUTOMETRIC__
__AUTOMETRIC__|0.1.2|18252|crew_log_541966426cf498b4|0|1786391034.276|101.467|3.171|491106304|523145216|gen_data_c698e3d710d5cb5d|__AUTOMETRIC__
__AUTOMETRIC__|0.1.2|18252|crew_log_541966426cf498b4|0|1786391035.278|96.633|3.020|490897408|522919936|gen_data_c698e3d710d5cb5d|__AUTOMETRIC__
__AUTOMETRIC__|0.1.2|18252|crew_log_541966426cf498b4|0|1786391036.284|97.858|3.058|490856448|522878976|gen_data_c698e3d710d5cb5d|__AUTOMETRIC__
__AUTOMETRIC__|0.1.2|18252|crew_log_541966426cf498b4|0|1786391037.298|98.614|3.082|491126784|523161600|gen_data_c698e3d710d5cb5d|__AUTOMETRIC__
__AUTOMETRIC__|0.1.2|18252|crew_log_541966426cf498b4|0|1786391038.308|97.449|3.045|491216896|523251712|gen_data_c698e3d710d5cb5d|__AUTOMETRIC__
__AUTOMETRIC__|0.1.2|18252|crew_log_541966426cf498b4|0|1786391039.314|96.361|3.011|490967040|523001856|gen_data_c698e3d710d5cb5d|__AUTOMETRIC__
__AUTOMETRIC__|0.1.2|18252|crew_log_541966426cf498b4|0|1786391040.327|100.257|3.133|490926080|522973184|gen_data_c698e3d710d5cb5d|__AUTOMETRIC__
__AUTOMETRIC__|0.1.2|18252|crew_log_541966426cf498b4|0|1786391041.328|96.711|3.022|491008000|523055104|gen_data_c698e3d710d5cb5d|__AUTOMETRIC__
__AUTOMETRIC__|0.1.2|18252|crew_log_541966426cf498b4|0|1786391042.330|98.296|3.072|491061248|523096064|gen_data_c698e3d710d5cb5d|__AUTOMETRIC__
__AUTOMETRIC__|0.1.2|18252|crew_log_541966426cf498b4|0|1786391043.332|99.790|3.118|491163648|523182080|gen_data_c698e3d710d5cb5d|__AUTOMETRIC__
__AUTOMETRIC__|0.1.2|18252|crew_log_541966426cf498b4|0|1786391044.336|99.623|3.113|491200512|523231232|gen_data_c698e3d710d5cb5d|__AUTOMETRIC__
__AUTOMETRIC__|0.1.2|18252|crew_log_541966426cf498b4|0|1786391045.352|98.405|3.075|491274240|523313152|gen_data_c698e3d710d5cb5d|__AUTOMETRIC__
__AUTOMETRIC__|0.1.2|18252|crew_log_541966426cf498b4|0|1786391046.359|102.420|3.201|491098112|523128832|gen_data_c698e3d710d5cb5d|__AUTOMETRIC__
__AUTOMETRIC__|0.1.2|18252|crew_log_541966426cf498b4|0|1786391047.370|100.448|3.139|490930176|522960896|gen_data_c698e3d710d5cb5d|__AUTOMETRIC__
__AUTOMETRIC__|0.1.2|18252|crew_log_541966426cf498b4|0|1786391048.383|97.118|3.035|491008000|523038720|gen_data_c698e3d710d5cb5d|__AUTOMETRIC__
__AUTOMETRIC__|0.1.2|18252|crew_log_541966426cf498b4|0|1786391049.388|102.607|3.206|490704896|522735616|gen_data_c698e3d710d5cb5d|__AUTOMETRIC__
__AUTOMETRIC__|0.1.2|18252|crew_log_541966426cf498b4|0|1786391050.396|99.293|3.103|490991616|523022336|gen_data_c698e3d710d5cb5d|__AUTOMETRIC__
__AUTOMETRIC__|0.1.2|18252|crew_log_541966426cf498b4|0|1786391051.409|100.236|3.132|491151360|523182080|gen_data_c698e3d710d5cb5d|__AUTOMETRIC__
__AUTOMETRIC__|0.1.2|18252|crew_log_541966426cf498b4|0|1786391052.414|96.412|3.013|491114496|523194368|gen_data_c698e3d710d5cb5d|__AUTOMETRIC__
__AUTOMETRIC__|0.1.2|18252|crew_log_541966426cf498b4|0|1786391053.416|99.760|3.118|491069440|523100160|gen_data_c698e3d710d5cb5d|__AUTOMETRIC__
__AUTOMETRIC__|0.1.2|18252|crew_log_541966426cf498b4|0|1786391054.419|99.747|3.117|491143168|523173888|gen_data_c698e3d710d5cb5d|__AUTOMETRIC__
__AUTOMETRIC__|0.1.2|18252|crew_log_541966426cf498b4|0|1786391055.424|99.419|3.107|491335680|523354112|gen_data_c698e3d710d5cb5d|__AUTOMETRIC__
__AUTOMETRIC__|0.1.2|18252|crew_log_541966426cf498b4|0|1786391056.428|99.619|3.113|490622976|522641408|gen_data_c698e3d710d5cb5d|__AUTOMETRIC__
__AUTOMETRIC__|0.1.2|18252|crew_log_541966426cf498b4|0|1786391057.442|100.140|3.129|490582016|522612736|gen_data_c698e3d710d5cb5d|__AUTOMETRIC__
__AUTOMETRIC__|0.1.2|18252|crew_log_541966426cf498b4|0|1786391058.451|100.724|3.148|490610688|522641408|gen_data_c698e3d710d5cb5d|__AUTOMETRIC__
__AUTOMETRIC__|0.1.2|18252|crew_log_541966426cf498b4|0|1786391059.454|99.663|3.114|490430464|522469376|gen_data_c698e3d710d5cb5d|__AUTOMETRIC__
__AUTOMETRIC__|0.1.2|18252|crew_log_541966426cf498b4|0|1786391060.457|99.746|3.117|491028480|523059200|gen_data_c698e3d710d5cb5d|__AUTOMETRIC__
__AUTOMETRIC__|0.1.2|18252|crew_log_541966426cf498b4|0|1786391061.466|100.619|3.144|491044864|523075584|gen_data_c698e3d710d5cb5d|__AUTOMETRIC__
__AUTOMETRIC__|0.1.2|18252|crew_log_541966426cf498b4|0|1786391062.481|100.111|3.128|490975232|523005952|gen_data_c698e3d710d5cb5d|__AUTOMETRIC__
__AUTOMETRIC__|0.1.2|18252|crew_log_541966426cf498b4|0|1786391063.495|98.604|3.081|491089920|523124736|gen_data_c698e3d710d5cb5d|__AUTOMETRIC__
__AUTOMETRIC__|0.1.2|18252|crew_log_541966426cf498b4|0|1786391064.508|100.229|3.132|490979328|523055104|gen_data_c698e3d710d5cb5d|__AUTOMETRIC__
__AUTOMETRIC__|0.1.2|18252|crew_log_541966426cf498b4|0|1786391065.521|98.700|3.084|491094016|523128832|gen_data_c698e3d710d5cb5d|__AUTOMETRIC__
__AUTOMETRIC__|0.1.2|18252|crew_log_541966426cf498b4|0|1786391066.536|98.564|3.080|490864640|522883072|gen_data_c698e3d710d5cb5d|__AUTOMETRIC__
__AUTOMETRIC__|0.1.2|18252|crew_log_541966426cf498b4|0|1786391067.538|99.759|3.117|490909696|522956800|gen_data_c698e3d710d5cb5d|__AUTOMETRIC__
__AUTOMETRIC__|0.1.2|18252|crew_log_541966426cf498b4|0|1786391068.552|100.213|3.132|490778624|522809344|gen_data_c698e3d710d5cb5d|__AUTOMETRIC__
__AUTOMETRIC__|0.1.2|18252|crew_log_541966426cf498b4|0|1786391069.568|99.883|3.121|490721280|522739712|gen_data_c698e3d710d5cb5d|__AUTOMETRIC__
__AUTOMETRIC__|0.1.2|18252|crew_log_541966426cf498b4|0|1786391070.576|100.768|3.149|491020288|523051008|gen_data_c698e3d710d5cb5d|__AUTOMETRIC__
__AUTOMETRIC__|0.1.2|18252|crew_log_541966426cf498b4|0|1786391071.584|99.285|3.103|491040768|523071488|gen_data_c698e3d710d5cb5d|__AUTOMETRIC__
__AUTOMETRIC__|0.1.2|18252|crew_log_541966426cf498b4|0|1786391072.597|100.229|3.132|490835968|522866688|gen_data_c698e3d710d5cb5d|__AUTOMETRIC__
__AUTOMETRIC__|0.1.2|18252|crew_log_541966426cf498b4|0|1786391073.612|98.506|3.078|490909696|522940416|gen_data_c698e3d710d5cb5d|__AUTOMETRIC__
__AUTOMETRIC__|0.1.2|18252|crew_log_541966426cf498b4|0|1786391074.616|98.080|3.065|491130880|523161600|gen_data_c698e3d710d5cb5d|__AUTOMETRIC__
__AUTOMETRIC__|0.1.2|18252|crew_log_541966426cf498b4|0|1786391075.625|99.109|3.097|491159552|523190272|gen_data_c698e3d710d5cb5d|__AUTOMETRIC__
__AUTOMETRIC__|0.1.2|18252|crew_log_541966426cf498b4|0|1786391076.630|99.487|3.109|491253760|523284480|gen_data_c698e3d710d5cb5d|__AUTOMETRIC__
__AUTOMETRIC__|0.1.2|18252|crew_log_541966426cf498b4|0|1786391077.638|100.769|3.149|490938368|522969088|gen_data_c698e3d710d5cb5d|__AUTOMETRIC__
__AUTOMETRIC__|0.1.2|18252|crew_log_541966426cf498b4|0|1786391078.646|99.153|3.099|491077632|523108352|gen_data_c698e3d710d5cb5d|__AUTOMETRIC__
__AUTOMETRIC__|0.1.2|18252|crew_log_541966426cf498b4|0|1786391079.659|98.731|3.085|491069440|523112448|gen_data_c698e3d710d5cb5d|__AUTOMETRIC__
__AUTOMETRIC__|0.1.2|18252|crew_log_541966426cf498b4|0|1786391080.671|100.412|3.138|491220992|523264000|gen_data_c698e3d710d5cb5d|__AUTOMETRIC__
__AUTOMETRIC__|0.1.2|18252|crew_log_541966426cf498b4|0|1786391081.675|99.529|3.110|491069440|523100160|gen_data_c698e3d710d5cb5d|__AUTOMETRIC__
__AUTOMETRIC__|0.1.2|18252|crew_log_541966426cf498b4|0|1786391082.679|98.058|3.064|491261952|523300864|gen_data_c698e3d710d5cb5d|__AUTOMETRIC__
__AUTOMETRIC__|0.1.2|18252|crew_log_541966426cf498b4|0|1786391083.688|100.637|3.145|491012096|523051008|gen_data_c698e3d710d5cb5d|__AUTOMETRIC__
__AUTOMETRIC__|0.1.2|18252|crew_log_541966426cf498b4|0|1786391084.696|100.769|3.149|491204608|523235328|gen_data_c698e3d710d5cb5d|__AUTOMETRIC__
__AUTOMETRIC__|0.1.2|18252|crew_log_541966426cf498b4|0|1786391085.706|102.148|3.192|491503616|523534336|gen_data_c698e3d710d5cb5d|__AUTOMETRIC__
__AUTOMETRIC__|0.1.2|18252|crew_log_541966426cf498b4|0|1786391086.709|99.710|3.116|491241472|523272192|gen_data_c698e3d710d5cb5d|__AUTOMETRIC__
__AUTOMETRIC__|0.1.2|18252|crew_log_541966426cf498b4|0|1786391087.715|100.900|3.153|491261952|523280384|gen_data_c698e3d710d5cb5d|__AUTOMETRIC__
__AUTOMETRIC__|0.1.2|18252|crew_log_541966426cf498b4|0|1786391088.718|96.573|3.018|491311104|523329536|gen_data_c698e3d710d5cb5d|__AUTOMETRIC__
__AUTOMETRIC__|0.1.2|18252|crew_log_541966426cf498b4|0|1786391089.722|99.615|3.113|491364352|523395072|gen_data_c698e3d710d5cb5d|__AUTOMETRIC__
__AUTOMETRIC__|0.1.2|18252|crew_log_541966426cf498b4|0|1786391090.724|98.259|3.071|491159552|523190272|gen_data_c698e3d710d5cb5d|__AUTOMETRIC__
__AUTOMETRIC__|0.1.2|18252|crew_log_541966426cf498b4|0|1786391091.731|99.281|3.103|491274240|523304960|gen_data_c698e3d710d5cb5d|__AUTOMETRIC__
__AUTOMETRIC__|0.1.2|18252|crew_log_541966426cf498b4|0|1786391092.736|99.502|3.109|491143168|523186176|gen_data_c698e3d710d5cb5d|__AUTOMETRIC__
__AUTOMETRIC__|0.1.2|18252|crew_log_541966426cf498b4|0|1786391093.753|99.932|3.123|491393024|523411456|gen_data_c698e3d710d5cb5d|__AUTOMETRIC__
__AUTOMETRIC__|0.1.2|18252|crew_log_541966426cf498b4|0|1786391094.755|98.193|3.069|491204608|523223040|gen_data_c698e3d710d5cb5d|__AUTOMETRIC__
__AUTOMETRIC__|0.1.2|18252|crew_log_541966426cf498b4|0|1786391095.771|101.529|3.173|491294720|523313152|gen_data_c698e3d710d5cb5d|__AUTOMETRIC__
__AUTOMETRIC__|0.1.2|18252|crew_log_541966426cf498b4|0|1786391096.780|100.623|3.144|491565056|523595776|gen_data_c698e3d710d5cb5d|__AUTOMETRIC__
__AUTOMETRIC__|0.1.2|18252|crew_log_541966426cf498b4|0|1786391097.795|100.051|3.127|491638784|523669504|gen_data_c698e3d710d5cb5d|__AUTOMETRIC__
__AUTOMETRIC__|0.1.2|18252|crew_log_541966426cf498b4|0|1786391098.798|99.774|3.118|491663360|523694080|gen_data_c698e3d710d5cb5d|__AUTOMETRIC__
__AUTOMETRIC__|0.1.2|18252|crew_log_541966426cf498b4|0|1786391099.805|97.738|3.054|491909120|523927552|gen_data_c698e3d710d5cb5d|__AUTOMETRIC__
__AUTOMETRIC__|0.1.2|18252|crew_log_541966426cf498b4|0|1786391100.816|98.906|3.091|491454464|523472896|gen_data_c698e3d710d5cb5d|__AUTOMETRIC__
__AUTOMETRIC__|0.1.2|18252|crew_log_541966426cf498b4|0|1786391101.821|97.877|3.059|491581440|523599872|gen_data_c698e3d710d5cb5d|__AUTOMETRIC__
__AUTOMETRIC__|0.1.2|18252|crew_log_541966426cf498b4|0|1786391102.828|99.319|3.104|491802624|523821056|gen_data_c698e3d710d5cb5d|__AUTOMETRIC__
__AUTOMETRIC__|0.1.2|18252|crew_log_541966426cf498b4|0|1786391103.843|100.088|3.128|491229184|523259904|gen_data_c698e3d710d5cb5d|__AUTOMETRIC__
__AUTOMETRIC__|0.1.2|18252|crew_log_541966426cf498b4|0|1786391104.858|100.068|3.127|491409408|523440128|gen_data_c698e3d710d5cb5d|__AUTOMETRIC__
__AUTOMETRIC__|0.1.2|18252|crew_log_541966426cf498b4|0|1786391105.865|97.720|3.054|491368448|523403264|gen_data_c698e3d710d5cb5d|__AUTOMETRIC__
__AUTOMETRIC__|0.1.2|18252|crew_log_541966426cf498b4|0|1786391106.868|98.147|3.067|491438080|523468800|gen_data_c698e3d710d5cb5d|__AUTOMETRIC__
__AUTOMETRIC__|0.1.2|18252|crew_log_541966426cf498b4|0|1786391107.877|100.719|3.147|491462656|523493376|gen_data_c698e3d710d5cb5d|__AUTOMETRIC__
__AUTOMETRIC__|0.1.2|18252|crew_log_541966426cf498b4|0|1786391108.886|100.590|3.143|491274240|523304960|gen_data_c698e3d710d5cb5d|__AUTOMETRIC__
__AUTOMETRIC__|0.1.2|18252|crew_log_541966426cf498b4|0|1786391109.899|98.713|3.085|491323392|523358208|gen_data_c698e3d710d5cb5d|__AUTOMETRIC__
__AUTOMETRIC__|0.1.2|18252|crew_log_541966426cf498b4|0|1786391110.915|99.992|3.125|491323392|523358208|gen_data_c698e3d710d5cb5d|__AUTOMETRIC__
__AUTOMETRIC__|0.1.2|18252|crew_log_541966426cf498b4|0|1786391111.923|97.621|3.051|491421696|523452416|gen_data_c698e3d710d5cb5d|__AUTOMETRIC__
__AUTOMETRIC__|0.1.2|18252|crew_log_541966426cf498b4|0|1786391112.933|99.056|3.095|491364352|523382784|gen_data_c698e3d710d5cb5d|__AUTOMETRIC__
__AUTOMETRIC__|0.1.2|18252|crew_log_541966426cf498b4|0|1786391113.948|100.033|3.126|491429888|523448320|gen_data_c698e3d710d5cb5d|__AUTOMETRIC__
__AUTOMETRIC__|0.1.2|18252|crew_log_541966426cf498b4|0|1786391114.955|99.337|3.104|491589632|523620352|gen_data_c698e3d710d5cb5d|__AUTOMETRIC__
__AUTOMETRIC__|0.1.2|18252|crew_log_541966426cf498b4|0|1786391115.970|96.955|3.030|491491328|523522048|gen_data_c698e3d710d5cb5d|__AUTOMETRIC__
__AUTOMETRIC__|0.1.2|18252|crew_log_541966426cf498b4|0|1786391116.981|100.467|3.140|491151360|523190272|gen_data_c698e3d710d5cb5d|__AUTOMETRIC__
__AUTOMETRIC__|0.1.2|18252|crew_log_541966426cf498b4|0|1786391117.991|99.030|3.095|491474944|523542528|gen_data_c698e3d710d5cb5d|__AUTOMETRIC__
__AUTOMETRIC__|0.1.2|18252|crew_log_541966426cf498b4|0|1786391118.992|98.318|3.072|491425792|523468800|gen_data_c698e3d710d5cb5d|__AUTOMETRIC__
__AUTOMETRIC__|0.1.2|18252|crew_log_541966426cf498b4|0|1786391120.004|100.380|3.137|491450368|523485184|gen_data_c698e3d710d5cb5d|__AUTOMETRIC__
__AUTOMETRIC__|0.1.2|18252|crew_log_541966426cf498b4|0|1786391121.010|100.945|3.155|491700224|523735040|gen_data_c698e3d710d5cb5d|__AUTOMETRIC__
__AUTOMETRIC__|0.1.2|18252|crew_log_541966426cf498b4|0|1786391122.024|98.622|3.082|491278336|523313152|gen_data_c698e3d710d5cb5d|__AUTOMETRIC__
__AUTOMETRIC__|0.1.2|18252|crew_log_541966426cf498b4|0|1786391123.025|101.498|3.172|491307008|523341824|gen_data_c698e3d710d5cb5d|__AUTOMETRIC__
__AUTOMETRIC__|0.1.2|18252|crew_log_541966426cf498b4|0|1786391124.037|95.709|2.991|491696128|523730944|gen_data_c698e3d710d5cb5d|__AUTOMETRIC__
__AUTOMETRIC__|0.1.2|18252|crew_log_541966426cf498b4|0|1786391125.053|98.447|3.076|491311104|523345920|gen_data_c698e3d710d5cb5d|__AUTOMETRIC__
__AUTOMETRIC__|0.1.2|18252|crew_log_541966426cf498b4|0|1786391126.054|99.887|3.121|491372544|523407360|gen_data_c698e3d710d5cb5d|__AUTOMETRIC__
__AUTOMETRIC__|0.1.2|18252|crew_log_541966426cf498b4|0|1786391127.056|99.763|3.118|491536384|523567104|gen_data_c698e3d710d5cb5d|__AUTOMETRIC__
__AUTOMETRIC__|0.1.2|18252|crew_log_541966426cf498b4|0|1786391128.058|99.787|3.118|491626496|523657216|gen_data_c698e3d710d5cb5d|__AUTOMETRIC__
__AUTOMETRIC__|0.1.2|18252|crew_log_541966426cf498b4|0|1786391129.073|100.121|3.129|491474944|523513856|gen_data_c698e3d710d5cb5d|__AUTOMETRIC__
__AUTOMETRIC__|0.1.2|18252|crew_log_541966426cf498b4|0|1786391130.076|98.158|3.067|491438080|523472896|gen_data_c698e3d710d5cb5d|__AUTOMETRIC__
__AUTOMETRIC__|0.1.2|18252|crew_log_541966426cf498b4|0|1786391131.081|99.471|3.108|491180032|523214848|gen_data_c698e3d710d5cb5d|__AUTOMETRIC__
__AUTOMETRIC__|0.1.2|18252|crew_log_541966426cf498b4|0|1786391132.083|99.810|3.119|491556864|523591680|gen_data_c698e3d710d5cb5d|__AUTOMETRIC__
__AUTOMETRIC__|0.1.2|18252|crew_log_541966426cf498b4|0|1786391133.088|101.068|3.158|491626496|523685888|gen_data_c698e3d710d5cb5d|__AUTOMETRIC__
__AUTOMETRIC__|0.1.2|18252|crew_log_541966426cf498b4|0|1786391134.091|98.121|3.066|491626496|523685888|gen_data_c698e3d710d5cb5d|__AUTOMETRIC__
__AUTOMETRIC__|0.1.2|18252|crew_log_541966426cf498b4|0|1786391135.092|99.881|3.121|491417600|523472896|gen_data_c698e3d710d5cb5d|__AUTOMETRIC__
__AUTOMETRIC__|0.1.2|18252|crew_log_541966426cf498b4|0|1786391136.101|97.576|3.049|491352064|523386880|gen_data_c698e3d710d5cb5d|__AUTOMETRIC__
__AUTOMETRIC__|0.1.2|18252|crew_log_541966426cf498b4|0|1786391137.104|101.220|3.163|491679744|523710464|gen_data_c698e3d710d5cb5d|__AUTOMETRIC__
__AUTOMETRIC__|0.1.2|18252|crew_log_541966426cf498b4|0|1786391138.118|100.224|3.132|491765760|523796480|gen_data_c698e3d710d5cb5d|__AUTOMETRIC__
__AUTOMETRIC__|0.1.2|18252|crew_log_541966426cf498b4|0|1786391139.119|102.950|3.217|491270144|523300864|gen_data_c698e3d710d5cb5d|__AUTOMETRIC__
__AUTOMETRIC__|0.1.2|18252|crew_log_541966426cf498b4|0|1786391140.131|98.877|3.090|491159552|523255808|gen_data_c698e3d710d5cb5d|__AUTOMETRIC__
__AUTOMETRIC__|0.1.2|18252|crew_log_541966426cf498b4|0|1786391141.145|98.575|3.080|491409408|523452416|gen_data_c698e3d710d5cb5d|__AUTOMETRIC__
__AUTOMETRIC__|0.1.2|18252|crew_log_541966426cf498b4|0|1786391142.150|101.061|3.158|491474944|523517952|gen_data_c698e3d710d5cb5d|__AUTOMETRIC__
__AUTOMETRIC__|0.1.2|18252|crew_log_541966426cf498b4|0|1786391143.160|98.977|3.093|492068864|524103680|gen_data_c698e3d710d5cb5d|__AUTOMETRIC__
__AUTOMETRIC__|0.1.2|18252|crew_log_541966426cf498b4|0|1786391144.171|100.511|3.141|491692032|523726848|gen_data_c698e3d710d5cb5d|__AUTOMETRIC__
__AUTOMETRIC__|0.1.2|18252|crew_log_541966426cf498b4|0|1786391145.183|100.353|3.136|491544576|523579392|gen_data_c698e3d710d5cb5d|__AUTOMETRIC__
__AUTOMETRIC__|0.1.2|18252|crew_log_541966426cf498b4|0|1786391146.185|99.814|3.119|489984000|522006528|gen_data_c698e3d710d5cb5d|__AUTOMETRIC__
__AUTOMETRIC__|0.1.2|18252|crew_log_541966426cf498b4|0|1786391147.199|100.118|3.129|491368448|523395072|gen_data_c698e3d710d5cb5d|__AUTOMETRIC__
__AUTOMETRIC__|0.1.2|18252|crew_log_541966426cf498b4|0|1786391148.208|97.567|3.049|491192320|523214848|gen_data_c698e3d710d5cb5d|__AUTOMETRIC__
__AUTOMETRIC__|0.1.2|18252|crew_log_541966426cf498b4|0|1786391149.211|99.684|3.115|491470848|523493376|gen_data_c698e3d710d5cb5d|__AUTOMETRIC__
__AUTOMETRIC__|0.1.2|18252|crew_log_541966426cf498b4|0|1786391150.214|101.246|3.164|491565056|523599872|gen_data_c698e3d710d5cb5d|__AUTOMETRIC__
__AUTOMETRIC__|0.1.2|18252|crew_log_541966426cf498b4|0|1786391151.220|96.327|3.010|491315200|523350016|gen_data_c698e3d710d5cb5d|__AUTOMETRIC__
__AUTOMETRIC__|0.1.2|18252|crew_log_541966426cf498b4|0|1786391152.232|98.787|3.087|491241472|523264000|gen_data_c698e3d710d5cb5d|__AUTOMETRIC__
__AUTOMETRIC__|0.1.2|18252|crew_log_541966426cf498b4|0|1786391153.234|99.842|3.120|491540480|523563008|gen_data_c698e3d710d5cb5d|__AUTOMETRIC__
__AUTOMETRIC__|0.1.2|18252|crew_log_541966426cf498b4|0|1786391154.236|99.788|3.118|491511808|523571200|gen_data_c698e3d710d5cb5d|__AUTOMETRIC__
__AUTOMETRIC__|0.1.2|18252|crew_log_541966426cf498b4|0|1786391155.239|98.131|3.067|491814912|523849728|gen_data_c698e3d710d5cb5d|__AUTOMETRIC__
__AUTOMETRIC__|0.1.2|18252|crew_log_541966426cf498b4|0|1786391156.254|100.051|3.127|492089344|524124160|gen_data_c698e3d710d5cb5d|__AUTOMETRIC__
__AUTOMETRIC__|0.1.2|18252|crew_log_541966426cf498b4|0|1786391157.264|100.576|3.143|492036096|524070912|gen_data_c698e3d710d5cb5d|__AUTOMETRIC__
__AUTOMETRIC__|0.1.2|18252|crew_log_541966426cf498b4|0|1786391158.276|100.365|3.136|491372544|523407360|gen_data_c698e3d710d5cb5d|__AUTOMETRIC__
__AUTOMETRIC__|0.1.2|18252|crew_log_541966426cf498b4|0|1786391159.290|97.121|3.035|491507712|523542528|gen_data_c698e3d710d5cb5d|__AUTOMETRIC__
__AUTOMETRIC__|0.1.2|18252|crew_log_541966426cf498b4|0|1786391160.300|100.540|3.142|492007424|524042240|gen_data_c698e3d710d5cb5d|__AUTOMETRIC__
__AUTOMETRIC__|0.1.2|18252|crew_log_541966426cf498b4|0|1786391161.306|100.963|3.155|491712512|523747328|gen_data_c698e3d710d5cb5d|__AUTOMETRIC__
__AUTOMETRIC__|0.1.2|18252|crew_log_541966426cf498b4|0|1786391162.308|98.235|3.070|491892736|523927552|gen_data_c698e3d710d5cb5d|__AUTOMETRIC__
__AUTOMETRIC__|0.1.2|18252|crew_log_541966426cf498b4|0|1786391163.319|97.321|3.041|492134400|524185600|gen_data_c698e3d710d5cb5d|__AUTOMETRIC__
__AUTOMETRIC__|0.1.2|18252|crew_log_541966426cf498b4|0|1786391164.323|99.659|3.114|491986944|524038144|gen_data_c698e3d710d5cb5d|__AUTOMETRIC__
__AUTOMETRIC__|0.1.2|18252|crew_log_541966426cf498b4|0|1786391165.334|97.319|3.041|492032000|524066816|gen_data_c698e3d710d5cb5d|__AUTOMETRIC__
__AUTOMETRIC__|0.1.2|18252|crew_log_541966426cf498b4|0|1786391166.340|100.995|3.156|490536960|522571776|gen_data_c698e3d710d5cb5d|__AUTOMETRIC__
__AUTOMETRIC__|0.1.2|18252|crew_log_541966426cf498b4|0|1786391167.356|99.921|3.123|491851776|523886592|gen_data_c698e3d710d5cb5d|__AUTOMETRIC__
__AUTOMETRIC__|0.1.2|18252|crew_log_541966426cf498b4|0|1786391168.369|100.264|3.133|492052480|524115968|gen_data_c698e3d710d5cb5d|__AUTOMETRIC__
__AUTOMETRIC__|0.1.2|18252|crew_log_541966426cf498b4|0|1786391169.372|99.736|3.117|491548672|523608064|gen_data_c698e3d710d5cb5d|__AUTOMETRIC__
__AUTOMETRIC__|0.1.2|18252|crew_log_541966426cf498b4|0|1786391170.381|97.510|3.047|491753472|523788288|gen_data_c698e3d710d5cb5d|__AUTOMETRIC__
__AUTOMETRIC__|0.1.2|18252|crew_log_541966426cf498b4|0|1786391171.383|98.302|3.072|491675648|523747328|gen_data_c698e3d710d5cb5d|__AUTOMETRIC__
__AUTOMETRIC__|0.1.2|18252|crew_log_541966426cf498b4|0|1786391172.392|100.641|3.145|491888640|523923456|gen_data_c698e3d710d5cb5d|__AUTOMETRIC__
__AUTOMETRIC__|0.1.2|18252|crew_log_541966426cf498b4|0|1786391173.397|94.864|2.964|491794432|523829248|gen_data_c698e3d710d5cb5d|__AUTOMETRIC__
__AUTOMETRIC__|0.1.2|18252|crew_log_541966426cf498b4|0|1786391174.399|102.851|3.214|491716608|523751424|gen_data_c698e3d710d5cb5d|__AUTOMETRIC__
__AUTOMETRIC__|0.1.2|18252|crew_log_541966426cf498b4|0|1786391175.412|98.742|3.086|491626496|523661312|gen_data_c698e3d710d5cb5d|__AUTOMETRIC__
__AUTOMETRIC__|0.1.2|18252|crew_log_541966426cf498b4|0|1786391176.426|100.154|3.130|491937792|523984896|gen_data_c698e3d710d5cb5d|__AUTOMETRIC__
__AUTOMETRIC__|0.1.2|18252|crew_log_541966426cf498b4|0|1786391177.430|99.633|3.114|491790336|523837440|gen_data_c698e3d710d5cb5d|__AUTOMETRIC__
__AUTOMETRIC__|0.1.2|18252|crew_log_541966426cf498b4|0|1786391178.440|100.558|3.142|491667456|523939840|gen_data_c698e3d710d5cb5d|__AUTOMETRIC__
__AUTOMETRIC__|0.1.2|18252|crew_log_541966426cf498b4|0|1786391179.442|96.653|3.020|491945984|524013568|gen_data_c698e3d710d5cb5d|__AUTOMETRIC__
__AUTOMETRIC__|0.1.2|18252|crew_log_541966426cf498b4|0|1786391180.455|100.294|3.134|492285952|524353536|gen_data_c698e3d710d5cb5d|__AUTOMETRIC__
__AUTOMETRIC__|0.1.2|18252|crew_log_541966426cf498b4|0|1786391181.468|26.201|0.819|491622400|523522048|__DEFAULT__|__AUTOMETRIC__
__AUTOMETRIC__|0.1.2|18252|crew_log_541966426cf498b4|0|1786391182.476|0.000|0.000|491622400|523522048|__DEFAULT__|__AUTOMETRIC__
__AUTOMETRIC__|0.1.2|18252|crew_log_541966426cf498b4|0|1786391183.480|1.556|0.049|491597824|523472896|__DEFAULT__|__AUTOMETRIC__
__AUTOMETRIC__|0.1.2|18252|crew_log_541966426cf498b4|0|1786391184.483|0.000|0.000|491597824|523472896|__DEFAULT__|__AUTOMETRIC__
__AUTOMETRIC__|0.1.2|18252|crew_log_541966426cf498b4|0|1786391185.486|0.000|0.000|491597824|523472896|__DEFAULT__|__AUTOMETRIC__
__AUTOMETRIC__|0.1.2|18252|crew_log_541966426cf498b4|0|1786391186.502|0.000|0.000|491597824|523472896|__DEFAULT__|__AUTOMETRIC__
__AUTOMETRIC__|0.1.2|18252|crew_log_541966426cf498b4|0|1786391187.517|0.000|0.000|491597824|523472896|__DEFAULT__|__AUTOMETRIC__
__AUTOMETRIC__|0.1.2|18252|crew_log_541966426cf498b4|0|1786391188.522|0.000|0.000|491597824|523472896|__DEFAULT__|__AUTOMETRIC__
__AUTOMETRIC__|0.1.2|18252|crew_log_541966426cf498b4|0|1786391189.537|0.000|0.000|491597824|523472896|__DEFAULT__|__AUTOMETRIC__
__AUTOMETRIC__|0.1.2|18252|crew_log_541966426cf498b4|0|1786391190.550|0.000|0.000|491597824|523472896|__DEFAULT__|__AUTOMETRIC__
__AUTOMETRIC__|0.1.2|18252|crew_log_541966426cf498b4|0|1786391191.557|0.000|0.000|491597824|523472896|__DEFAULT__|__AUTOMETRIC__
__AUTOMETRIC__|0.1.2|18252|crew_log_541966426cf498b4|0|1786391192.575|0.000|0.000|491597824|523472896|__DEFAULT__|__AUTOMETRIC__
__AUTOMETRIC__|0.1.2|18252|crew_log_541966426cf498b4|0|1786391193.590|0.000|0.000|491597824|523472896|__DEFAULT__|__AUTOMETRIC__
__AUTOMETRIC__|0.1.2|18252|crew_log_541966426cf498b4|0|1786391194.602|0.000|0.000|491597824|523472896|__DEFAULT__|__AUTOMETRIC__
__AUTOMETRIC__|0.1.2|18252|crew_log_541966426cf498b4|0|1786391195.604|0.000|0.000|491597824|523472896|__DEFAULT__|__AUTOMETRIC__
__AUTOMETRIC__|0.1.2|18252|crew_log_541966426cf498b4|0|1786391196.607|0.000|0.000|491597824|523472896|__DEFAULT__|__AUTOMETRIC__
__AUTOMETRIC__|0.1.2|18252|crew_log_541966426cf498b4|0|1786391197.615|0.000|0.000|491597824|523472896|__DEFAULT__|__AUTOMETRIC__
__AUTOMETRIC__|0.1.2|18252|crew_log_541966426cf498b4|0|1786391198.624|0.000|0.000|491597824|523472896|__DEFAULT__|__AUTOMETRIC__
__AUTOMETRIC__|0.1.2|18252|crew_log_541966426cf498b4|0|1786391199.627|4.675|0.146|508997632|541007872|compiled_brms_models_49671f87234ddcd0|__AUTOMETRIC__
__AUTOMETRIC__|0.1.2|18252|crew_log_541966426cf498b4|0|1786391200.632|97.955|3.061|610832384|643039232|compiled_brms_models_49671f87234ddcd0|__AUTOMETRIC__
__AUTOMETRIC__|0.1.2|18252|crew_log_541966426cf498b4|0|1786391201.636|104.228|3.257|678154240|710537216|compiled_brms_models_49671f87234ddcd0|__AUTOMETRIC__
__AUTOMETRIC__|0.1.2|18252|crew_log_541966426cf498b4|0|1786391202.648|97.304|3.041|793686016|826368000|compiled_brms_models_49671f87234ddcd0|__AUTOMETRIC__
__AUTOMETRIC__|0.1.2|18252|crew_log_541966426cf498b4|0|1786391203.654|102.441|3.201|793296896|825978880|compiled_brms_models_49671f87234ddcd0|__AUTOMETRIC__
__AUTOMETRIC__|0.1.2|18252|crew_log_541966426cf498b4|0|1786391204.669|100.109|3.128|949878784|982970368|compiled_brms_models_49671f87234ddcd0|__AUTOMETRIC__
__AUTOMETRIC__|0.1.2|18252|crew_log_541966426cf498b4|0|1786391205.681|100.316|3.135|973926400|1007079424|compiled_brms_models_49671f87234ddcd0|__AUTOMETRIC__
__AUTOMETRIC__|0.1.2|18252|crew_log_541966426cf498b4|0|1786391206.689|99.199|3.100|1219506176|1253367808|compiled_brms_models_49671f87234ddcd0|__AUTOMETRIC__
__AUTOMETRIC__|0.1.2|18252|crew_log_541966426cf498b4|0|1786391207.698|100.730|3.148|1270472704|1304326144|compiled_brms_models_49671f87234ddcd0|__AUTOMETRIC__
__AUTOMETRIC__|0.1.2|18252|crew_log_541966426cf498b4|0|1786391208.705|94.578|2.956|1275904000|1309470720|compiled_brms_models_49671f87234ddcd0|__AUTOMETRIC__
__AUTOMETRIC__|0.1.2|18252|crew_log_541966426cf498b4|0|1786391209.719|140.295|4.384|1417846784|1440673792|compiled_brms_models_49671f87234ddcd0|__AUTOMETRIC__
__AUTOMETRIC__|0.1.2|18252|crew_log_541966426cf498b4|0|1786391210.729|112.966|3.530|1498152960|1519521792|compiled_brms_models_49671f87234ddcd0|__AUTOMETRIC__
__AUTOMETRIC__|0.1.2|18252|crew_log_541966426cf498b4|0|1786391215.779|4.661|0.146|1501519872|1522298880|compiled_brms_models_49671f87234ddcd0|__AUTOMETRIC__
