__AUTOMETRIC__|0.1.2|2147024|crew_log_1f038d80c602ee2f|0|1786748175.579|61.994|0.323|206880768|2893901824|gen_data_c698e3d710d5cb5d|__AUTOMETRIC__
__AUTOMETRIC__|0.1.2|2147024|crew_log_1f038d80c602ee2f|0|1786748176.581|0.000|0.000|206880768|2893901824|gen_data_c698e3d710d5cb5d|__AUTOMETRIC__
__AUTOMETRIC__|0.1.2|2147024|crew_log_1f038d80c602ee2f|0|1786748177.582|0.000|0.000|206880768|2893901824|gen_data_c698e3d710d5cb5d|__AUTOMETRIC__
__AUTOMETRIC__|0.1.2|2147024|crew_log_1f038d80c602ee2f|0|1786748178.584|46.949|0.245|248946688|2935767040|gen_data_c698e3d710d5cb5d|__AUTOMETRIC__
__AUTOMETRIC__|0.1.2|2147024|crew_log_1f038d80c602ee2f|0|1786748179.585|93.893|0.489|374775808|3069157376|gen_data_c698e3d710d5cb5d|__AUTOMETRIC__
__AUTOMETRIC__|0.1.2|2147024|crew_log_1f038d80c602ee2f|0|1786748180.586|99.892|0.520|374775808|3069157376|gen_data_c698e3d710d5cb5d|__AUTOMETRIC__
__AUTOMETRIC__|0.1.2|2147024|crew_log_1f038d80c602ee2f|0|1786748181.587|98.894|0.515|374775808|3069157376|gen_data_c698e3d710d5cb5d|__AUTOMETRIC__
__AUTOMETRIC__|0.1.2|2147024|crew_log_1f038d80c602ee2f|0|1786748182.588|98.883|0.515|374775808|3069157376|gen_data_c698e3d710d5cb5d|__AUTOMETRIC__
__AUTOMETRIC__|0.1.2|2147024|crew_log_1f038d80c602ee2f|0|1786748183.589|99.891|0.520|374775808|3069157376|gen_data_c698e3d710d5cb5d|__AUTOMETRIC__
__AUTOMETRIC__|0.1.2|2147024|crew_log_1f038d80c602ee2f|0|1786748184.590|98.891|0.515|374775808|3069157376|gen_data_c698e3d710d5cb5d|__AUTOMETRIC__
__AUTOMETRIC__|0.1.2|2147024|crew_log_1f038d80c602ee2f|0|1786748185.591|98.889|0.515|374775808|3069157376|gen_data_c698e3d710d5cb5d|__AUTOMETRIC__
__AUTOMETRIC__|0.1.2|2147024|crew_log_1f038d80c602ee2f|0|1786748186.593|99.881|0.520|374775808|3069157376|gen_data_c698e3d710d5cb5d|__AUTOMETRIC__
__AUTOMETRIC__|0.1.2|2147024|crew_log_1f038d80c602ee2f|0|1786748187.594|98.883|0.515|374775808|3069157376|gen_data_c698e3d710d5cb5d|__AUTOMETRIC__
__AUTOMETRIC__|0.1.2|2147024|crew_log_1f038d80c602ee2f|0|1786748188.595|98.883|0.515|374775808|3069157376|gen_data_c698e3d710d5cb5d|__AUTOMETRIC__
__AUTOMETRIC__|0.1.2|2147024|crew_log_1f038d80c602ee2f|0|1786748189.596|99.893|0.520|374775808|3069157376|gen_data_c698e3d710d5cb5d|__AUTOMETRIC__
__AUTOMETRIC__|0.1.2|2147024|crew_log_1f038d80c602ee2f|0|1786748190.597|98.881|0.515|374775808|3069157376|gen_data_c698e3d710d5cb5d|__AUTOMETRIC__
__AUTOMETRIC__|0.1.2|2147024|crew_log_1f038d80c602ee2f|0|1786748191.598|98.887|0.515|374775808|3069157376|gen_data_c698e3d710d5cb5d|__AUTOMETRIC__
__AUTOMETRIC__|0.1.2|2147024|crew_log_1f038d80c602ee2f|0|1786748192.600|99.856|0.520|374775808|3069157376|gen_data_c698e3d710d5cb5d|__AUTOMETRIC__
__AUTOMETRIC__|0.1.2|2147024|crew_log_1f038d80c602ee2f|0|1786748193.601|98.884|0.515|374775808|3069157376|gen_data_c698e3d710d5cb5d|__AUTOMETRIC__
__AUTOMETRIC__|0.1.2|2147024|crew_log_1f038d80c602ee2f|0|1786748194.602|98.862|0.515|374775808|3069157376|gen_data_c698e3d710d5cb5d|__AUTOMETRIC__
__AUTOMETRIC__|0.1.2|2147024|crew_log_1f038d80c602ee2f|0|1786748195.604|99.868|0.520|374775808|3069157376|gen_data_c698e3d710d5cb5d|__AUTOMETRIC__
__AUTOMETRIC__|0.1.2|2147024|crew_log_1f038d80c602ee2f|0|1786748196.605|98.865|0.515|374775808|3069157376|gen_data_c698e3d710d5cb5d|__AUTOMETRIC__
__AUTOMETRIC__|0.1.2|2147024|crew_log_1f038d80c602ee2f|0|1786748197.606|98.857|0.515|374775808|3069157376|gen_data_c698e3d710d5cb5d|__AUTOMETRIC__
__AUTOMETRIC__|0.1.2|2147024|crew_log_1f038d80c602ee2f|0|1786748198.608|99.855|0.520|374775808|3069157376|gen_data_c698e3d710d5cb5d|__AUTOMETRIC__
__AUTOMETRIC__|0.1.2|2147024|crew_log_1f038d80c602ee2f|0|1786748199.610|98.836|0.515|374775808|3069157376|gen_data_c698e3d710d5cb5d|__AUTOMETRIC__
__AUTOMETRIC__|0.1.2|2147024|crew_log_1f038d80c602ee2f|0|1786748200.611|99.871|0.520|374775808|3069157376|gen_data_c698e3d710d5cb5d|__AUTOMETRIC__
__AUTOMETRIC__|0.1.2|2147024|crew_log_1f038d80c602ee2f|0|1786748201.612|98.865|0.515|374775808|3069157376|gen_data_c698e3d710d5cb5d|__AUTOMETRIC__
__AUTOMETRIC__|0.1.2|2147024|crew_log_1f038d80c602ee2f|0|1786748202.614|98.873|0.515|374775808|3069157376|gen_data_c698e3d710d5cb5d|__AUTOMETRIC__
__AUTOMETRIC__|0.1.2|2147024|crew_log_1f038d80c602ee2f|0|1786748203.615|99.867|0.520|374775808|3069157376|gen_data_c698e3d710d5cb5d|__AUTOMETRIC__
__AUTOMETRIC__|0.1.2|2147024|crew_log_1f038d80c602ee2f|0|1786748204.616|98.876|0.515|374775808|3069157376|gen_data_c698e3d710d5cb5d|__AUTOMETRIC__
__AUTOMETRIC__|0.1.2|2147024|crew_log_1f038d80c602ee2f|0|1786748205.618|98.783|0.514|374775808|3069157376|gen_data_c698e3d710d5cb5d|__AUTOMETRIC__
__AUTOMETRIC__|0.1.2|2147024|crew_log_1f038d80c602ee2f|0|1786748206.620|99.833|0.520|374775808|3069157376|gen_data_c698e3d710d5cb5d|__AUTOMETRIC__
__AUTOMETRIC__|0.1.2|2147024|crew_log_1f038d80c602ee2f|0|1786748207.621|98.863|0.515|374775808|3069157376|gen_data_c698e3d710d5cb5d|__AUTOMETRIC__
__AUTOMETRIC__|0.1.2|2147024|crew_log_1f038d80c602ee2f|0|1786748208.623|98.855|0.515|374775808|3069157376|gen_data_c698e3d710d5cb5d|__AUTOMETRIC__
__AUTOMETRIC__|0.1.2|2147024|crew_log_1f038d80c602ee2f|0|1786748209.626|99.733|0.519|374775808|3069157376|gen_data_c698e3d710d5cb5d|__AUTOMETRIC__
__AUTOMETRIC__|0.1.2|2147024|crew_log_1f038d80c602ee2f|0|1786748210.627|98.858|0.515|374775808|3069157376|gen_data_c698e3d710d5cb5d|__AUTOMETRIC__
__AUTOMETRIC__|0.1.2|2147024|crew_log_1f038d80c602ee2f|0|1786748211.628|99.853|0.520|374775808|3069157376|gen_data_c698e3d710d5cb5d|__AUTOMETRIC__
__AUTOMETRIC__|0.1.2|2147024|crew_log_1f038d80c602ee2f|0|1786748212.630|98.872|0.515|374775808|3069157376|gen_data_c698e3d710d5cb5d|__AUTOMETRIC__
__AUTOMETRIC__|0.1.2|2147024|crew_log_1f038d80c602ee2f|0|1786748213.631|98.871|0.515|374775808|3069157376|gen_data_c698e3d710d5cb5d|__AUTOMETRIC__
__AUTOMETRIC__|0.1.2|2147024|crew_log_1f038d80c602ee2f|0|1786748214.632|99.884|0.520|374775808|3069157376|gen_data_c698e3d710d5cb5d|__AUTOMETRIC__
__AUTOMETRIC__|0.1.2|2147024|crew_log_1f038d80c602ee2f|0|1786748215.633|98.885|0.515|374775808|3069157376|gen_data_c698e3d710d5cb5d|__AUTOMETRIC__
__AUTOMETRIC__|0.1.2|2147024|crew_log_1f038d80c602ee2f|0|1786748216.635|98.880|0.515|374775808|3069157376|gen_data_c698e3d710d5cb5d|__AUTOMETRIC__
__AUTOMETRIC__|0.1.2|2147024|crew_log_1f038d80c602ee2f|0|1786748217.636|99.884|0.520|374775808|3069157376|gen_data_c698e3d710d5cb5d|__AUTOMETRIC__
__AUTOMETRIC__|0.1.2|2147024|crew_log_1f038d80c602ee2f|0|1786748218.637|98.884|0.515|374775808|3069157376|gen_data_c698e3d710d5cb5d|__AUTOMETRIC__
__AUTOMETRIC__|0.1.2|2147024|crew_log_1f038d80c602ee2f|0|1786748219.640|98.734|0.514|374775808|3069157376|gen_data_c698e3d710d5cb5d|__AUTOMETRIC__
__AUTOMETRIC__|0.1.2|2147024|crew_log_1f038d80c602ee2f|0|1786748220.641|99.887|0.520|374775808|3069157376|gen_data_c698e3d710d5cb5d|__AUTOMETRIC__
__AUTOMETRIC__|0.1.2|2147024|crew_log_1f038d80c602ee2f|0|1786748221.642|98.878|0.515|374775808|3069157376|gen_data_c698e3d710d5cb5d|__AUTOMETRIC__
__AUTOMETRIC__|0.1.2|2147024|crew_log_1f038d80c602ee2f|0|1786748222.643|99.860|0.520|374775808|3069157376|gen_data_c698e3d710d5cb5d|__AUTOMETRIC__
__AUTOMETRIC__|0.1.2|2147024|crew_log_1f038d80c602ee2f|0|1786748223.645|98.883|0.515|374775808|3069157376|gen_data_c698e3d710d5cb5d|__AUTOMETRIC__
__AUTOMETRIC__|0.1.2|2147024|crew_log_1f038d80c602ee2f|0|1786748224.646|98.881|0.515|374775808|3069157376|gen_data_c698e3d710d5cb5d|__AUTOMETRIC__
__AUTOMETRIC__|0.1.2|2147024|crew_log_1f038d80c602ee2f|0|1786748225.647|99.887|0.520|374775808|3069157376|gen_data_c698e3d710d5cb5d|__AUTOMETRIC__
__AUTOMETRIC__|0.1.2|2147024|crew_log_1f038d80c602ee2f|0|1786748226.648|98.895|0.515|374775808|3069157376|gen_data_c698e3d710d5cb5d|__AUTOMETRIC__
__AUTOMETRIC__|0.1.2|2147024|crew_log_1f038d80c602ee2f|0|1786748227.649|98.863|0.515|374775808|3069157376|gen_data_c698e3d710d5cb5d|__AUTOMETRIC__
__AUTOMETRIC__|0.1.2|2147024|crew_log_1f038d80c602ee2f|0|1786748228.651|99.860|0.520|374775808|3069157376|gen_data_c698e3d710d5cb5d|__AUTOMETRIC__
__AUTOMETRIC__|0.1.2|2147024|crew_log_1f038d80c602ee2f|0|1786748229.652|98.855|0.515|374775808|3069157376|gen_data_c698e3d710d5cb5d|__AUTOMETRIC__
__AUTOMETRIC__|0.1.2|2147024|crew_log_1f038d80c602ee2f|0|1786748230.653|98.882|0.515|374775808|3069157376|gen_data_c698e3d710d5cb5d|__AUTOMETRIC__
__AUTOMETRIC__|0.1.2|2147024|crew_log_1f038d80c602ee2f|0|1786748231.655|99.876|0.520|374775808|3069157376|gen_data_c698e3d710d5cb5d|__AUTOMETRIC__
__AUTOMETRIC__|0.1.2|2147024|crew_log_1f038d80c602ee2f|0|1786748232.656|98.892|0.515|374775808|3069157376|gen_data_c698e3d710d5cb5d|__AUTOMETRIC__
__AUTOMETRIC__|0.1.2|2147024|crew_log_1f038d80c602ee2f|0|1786748233.657|98.876|0.515|374775808|3069157376|gen_data_c698e3d710d5cb5d|__AUTOMETRIC__
__AUTOMETRIC__|0.1.2|2147024|crew_log_1f038d80c602ee2f|0|1786748234.658|99.887|0.520|374775808|3069157376|gen_data_c698e3d710d5cb5d|__AUTOMETRIC__
__AUTOMETRIC__|0.1.2|2147024|crew_log_1f038d80c602ee2f|0|1786748235.659|98.887|0.515|374775808|3069157376|gen_data_c698e3d710d5cb5d|__AUTOMETRIC__
__AUTOMETRIC__|0.1.2|2147024|crew_log_1f038d80c602ee2f|0|1786748236.661|98.870|0.515|374775808|3069157376|gen_data_c698e3d710d5cb5d|__AUTOMETRIC__
__AUTOMETRIC__|0.1.2|2147024|crew_log_1f038d80c602ee2f|0|1786748237.662|99.888|0.520|374775808|3069157376|gen_data_c698e3d710d5cb5d|__AUTOMETRIC__
__AUTOMETRIC__|0.1.2|2147024|crew_log_1f038d80c602ee2f|0|1786748238.663|98.876|0.515|374775808|3069157376|gen_data_c698e3d710d5cb5d|__AUTOMETRIC__
__AUTOMETRIC__|0.1.2|2147024|crew_log_1f038d80c602ee2f|0|1786748239.664|98.866|0.515|374775808|3069157376|gen_data_c698e3d710d5cb5d|__AUTOMETRIC__
__AUTOMETRIC__|0.1.2|2147024|crew_log_1f038d80c602ee2f|0|1786748240.666|99.877|0.520|374775808|3069157376|gen_data_c698e3d710d5cb5d|__AUTOMETRIC__
__AUTOMETRIC__|0.1.2|2147024|crew_log_1f038d80c602ee2f|0|1786748241.667|98.887|0.515|374775808|3069157376|gen_data_c698e3d710d5cb5d|__AUTOMETRIC__
__AUTOMETRIC__|0.1.2|2147024|crew_log_1f038d80c602ee2f|0|1786748242.668|98.871|0.515|374775808|3069157376|gen_data_c698e3d710d5cb5d|__AUTOMETRIC__
__AUTOMETRIC__|0.1.2|2147024|crew_log_1f038d80c602ee2f|0|1786748243.672|99.588|0.519|374775808|3069157376|gen_data_c698e3d710d5cb5d|__AUTOMETRIC__
__AUTOMETRIC__|0.1.2|2147024|crew_log_1f038d80c602ee2f|0|1786748244.674|98.858|0.515|374775808|3069157376|gen_data_c698e3d710d5cb5d|__AUTOMETRIC__
__AUTOMETRIC__|0.1.2|2147024|crew_log_1f038d80c602ee2f|0|1786748245.675|99.882|0.520|374775808|3069157376|gen_data_c698e3d710d5cb5d|__AUTOMETRIC__
__AUTOMETRIC__|0.1.2|2147024|crew_log_1f038d80c602ee2f|0|1786748246.676|98.893|0.515|374775808|3069157376|gen_data_c698e3d710d5cb5d|__AUTOMETRIC__
__AUTOMETRIC__|0.1.2|2147024|crew_log_1f038d80c602ee2f|0|1786748247.677|98.881|0.515|374775808|3069157376|gen_data_c698e3d710d5cb5d|__AUTOMETRIC__
__AUTOMETRIC__|0.1.2|2147024|crew_log_1f038d80c602ee2f|0|1786748248.678|99.881|0.520|374775808|3069157376|gen_data_c698e3d710d5cb5d|__AUTOMETRIC__
__AUTOMETRIC__|0.1.2|2147024|crew_log_1f038d80c602ee2f|0|1786748249.680|98.850|0.515|374775808|3069157376|gen_data_c698e3d710d5cb5d|__AUTOMETRIC__
__AUTOMETRIC__|0.1.2|2147024|crew_log_1f038d80c602ee2f|0|1786748250.681|98.888|0.515|374775808|3069157376|gen_data_c698e3d710d5cb5d|__AUTOMETRIC__
__AUTOMETRIC__|0.1.2|2147024|crew_log_1f038d80c602ee2f|0|1786748251.682|99.884|0.520|374775808|3069157376|gen_data_c698e3d710d5cb5d|__AUTOMETRIC__
__AUTOMETRIC__|0.1.2|2147024|crew_log_1f038d80c602ee2f|0|1786748252.683|98.889|0.515|374775808|3069157376|gen_data_c698e3d710d5cb5d|__AUTOMETRIC__
__AUTOMETRIC__|0.1.2|2147024|crew_log_1f038d80c602ee2f|0|1786748253.684|98.876|0.515|374775808|3069157376|gen_data_c698e3d710d5cb5d|__AUTOMETRIC__
__AUTOMETRIC__|0.1.2|2147024|crew_log_1f038d80c602ee2f|0|1786748254.686|99.866|0.520|374775808|3069157376|gen_data_c698e3d710d5cb5d|__AUTOMETRIC__
__AUTOMETRIC__|0.1.2|2147024|crew_log_1f038d80c602ee2f|0|1786748255.687|98.881|0.515|374775808|3069157376|gen_data_c698e3d710d5cb5d|__AUTOMETRIC__
__AUTOMETRIC__|0.1.2|2147024|crew_log_1f038d80c602ee2f|0|1786748256.688|98.885|0.515|374775808|3069157376|gen_data_c698e3d710d5cb5d|__AUTOMETRIC__
__AUTOMETRIC__|0.1.2|2147024|crew_log_1f038d80c602ee2f|0|1786748257.689|99.871|0.520|374775808|3069157376|gen_data_c698e3d710d5cb5d|__AUTOMETRIC__
__AUTOMETRIC__|0.1.2|2147024|crew_log_1f038d80c602ee2f|0|1786748258.691|98.888|0.515|374775808|3069157376|gen_data_c698e3d710d5cb5d|__AUTOMETRIC__
__AUTOMETRIC__|0.1.2|2147024|crew_log_1f038d80c602ee2f|0|1786748259.692|99.869|0.520|374775808|3069157376|gen_data_c698e3d710d5cb5d|__AUTOMETRIC__
__AUTOMETRIC__|0.1.2|2147024|crew_log_1f038d80c602ee2f|0|1786748260.693|98.885|0.515|374775808|3069157376|gen_data_c698e3d710d5cb5d|__AUTOMETRIC__
__AUTOMETRIC__|0.1.2|2147024|crew_log_1f038d80c602ee2f|0|1786748261.694|98.888|0.515|374775808|3069157376|gen_data_c698e3d710d5cb5d|__AUTOMETRIC__
__AUTOMETRIC__|0.1.2|2147024|crew_log_1f038d80c602ee2f|0|1786748262.695|98.876|0.515|374775808|3069157376|gen_data_c698e3d710d5cb5d|__AUTOMETRIC__
__AUTOMETRIC__|0.1.2|2147024|crew_log_1f038d80c602ee2f|0|1786748263.697|99.888|0.520|374775808|3069157376|gen_data_c698e3d710d5cb5d|__AUTOMETRIC__
__AUTOMETRIC__|0.1.2|2147024|crew_log_1f038d80c602ee2f|0|1786748264.698|98.886|0.515|374775808|3069157376|gen_data_c698e3d710d5cb5d|__AUTOMETRIC__
__AUTOMETRIC__|0.1.2|2147024|crew_log_1f038d80c602ee2f|0|1786748265.699|99.877|0.520|374775808|3069157376|gen_data_c698e3d710d5cb5d|__AUTOMETRIC__
__AUTOMETRIC__|0.1.2|2147024|crew_log_1f038d80c602ee2f|0|1786748266.700|98.860|0.515|374775808|3069157376|gen_data_c698e3d710d5cb5d|__AUTOMETRIC__
__AUTOMETRIC__|0.1.2|2147024|crew_log_1f038d80c602ee2f|0|1786748267.702|98.872|0.515|374775808|3069157376|gen_data_c698e3d710d5cb5d|__AUTOMETRIC__
__AUTOMETRIC__|0.1.2|2147024|crew_log_1f038d80c602ee2f|0|1786748268.703|99.869|0.520|374775808|3069157376|gen_data_c698e3d710d5cb5d|__AUTOMETRIC__
__AUTOMETRIC__|0.1.2|2147024|crew_log_1f038d80c602ee2f|0|1786748269.704|98.860|0.515|374775808|3069157376|gen_data_c698e3d710d5cb5d|__AUTOMETRIC__
__AUTOMETRIC__|0.1.2|2147024|crew_log_1f038d80c602ee2f|0|1786748270.706|98.878|0.515|374775808|3069157376|gen_data_c698e3d710d5cb5d|__AUTOMETRIC__
__AUTOMETRIC__|0.1.2|2147024|crew_log_1f038d80c602ee2f|0|1786748271.708|99.807|0.520|374775808|3069157376|gen_data_c698e3d710d5cb5d|__AUTOMETRIC__
__AUTOMETRIC__|0.1.2|2147024|crew_log_1f038d80c602ee2f|0|1786748272.724|99.389|0.518|374775808|3069157376|gen_data_c698e3d710d5cb5d|__AUTOMETRIC__
__AUTOMETRIC__|0.1.2|2147024|crew_log_1f038d80c602ee2f|0|1786748273.725|98.882|0.515|374775808|3069157376|gen_data_c698e3d710d5cb5d|__AUTOMETRIC__
__AUTOMETRIC__|0.1.2|2147024|crew_log_1f038d80c602ee2f|0|1786748274.726|98.874|0.515|374775808|3069157376|gen_data_c698e3d710d5cb5d|__AUTOMETRIC__
__AUTOMETRIC__|0.1.2|2147024|crew_log_1f038d80c602ee2f|0|1786748275.727|99.874|0.520|374775808|3069157376|gen_data_c698e3d710d5cb5d|__AUTOMETRIC__
__AUTOMETRIC__|0.1.2|2147024|crew_log_1f038d80c602ee2f|0|1786748276.729|98.882|0.515|374775808|3069157376|gen_data_c698e3d710d5cb5d|__AUTOMETRIC__
__AUTOMETRIC__|0.1.2|2147024|crew_log_1f038d80c602ee2f|0|1786748277.730|98.878|0.515|374775808|3069157376|gen_data_c698e3d710d5cb5d|__AUTOMETRIC__
__AUTOMETRIC__|0.1.2|2147024|crew_log_1f038d80c602ee2f|0|1786748278.731|99.882|0.520|374775808|3069157376|gen_data_c698e3d710d5cb5d|__AUTOMETRIC__
__AUTOMETRIC__|0.1.2|2147024|crew_log_1f038d80c602ee2f|0|1786748279.732|98.862|0.515|374775808|3069157376|gen_data_c698e3d710d5cb5d|__AUTOMETRIC__
__AUTOMETRIC__|0.1.2|2147024|crew_log_1f038d80c602ee2f|0|1786748280.734|98.893|0.515|374775808|3069157376|gen_data_c698e3d710d5cb5d|__AUTOMETRIC__
__AUTOMETRIC__|0.1.2|2147024|crew_log_1f038d80c602ee2f|0|1786748281.735|98.887|0.515|374775808|3069157376|gen_data_c698e3d710d5cb5d|__AUTOMETRIC__
__AUTOMETRIC__|0.1.2|2147024|crew_log_1f038d80c602ee2f|0|1786748282.736|99.874|0.520|374775808|3069157376|gen_data_c698e3d710d5cb5d|__AUTOMETRIC__
__AUTOMETRIC__|0.1.2|2147024|crew_log_1f038d80c602ee2f|0|1786748283.737|98.889|0.515|374775808|3069157376|gen_data_c698e3d710d5cb5d|__AUTOMETRIC__
__AUTOMETRIC__|0.1.2|2147024|crew_log_1f038d80c602ee2f|0|1786748284.738|98.892|0.515|374775808|3069157376|gen_data_c698e3d710d5cb5d|__AUTOMETRIC__
__AUTOMETRIC__|0.1.2|2147024|crew_log_1f038d80c602ee2f|0|1786748285.740|99.852|0.520|374775808|3069157376|gen_data_c698e3d710d5cb5d|__AUTOMETRIC__
__AUTOMETRIC__|0.1.2|2147024|crew_log_1f038d80c602ee2f|0|1786748286.741|98.853|0.515|374775808|3069157376|gen_data_c698e3d710d5cb5d|__AUTOMETRIC__
__AUTOMETRIC__|0.1.2|2147024|crew_log_1f038d80c602ee2f|0|1786748287.743|98.858|0.515|374775808|3069157376|gen_data_c698e3d710d5cb5d|__AUTOMETRIC__
__AUTOMETRIC__|0.1.2|2147024|crew_log_1f038d80c602ee2f|0|1786748288.744|99.884|0.520|374775808|3069157376|gen_data_c698e3d710d5cb5d|__AUTOMETRIC__
__AUTOMETRIC__|0.1.2|2147024|crew_log_1f038d80c602ee2f|0|1786748289.745|98.873|0.515|374775808|3069157376|gen_data_c698e3d710d5cb5d|__AUTOMETRIC__
__AUTOMETRIC__|0.1.2|2147024|crew_log_1f038d80c602ee2f|0|1786748290.750|98.471|0.513|374775808|3069157376|gen_data_c698e3d710d5cb5d|__AUTOMETRIC__
__AUTOMETRIC__|0.1.2|2147024|crew_log_1f038d80c602ee2f|0|1786748291.752|99.873|0.520|374775808|3069157376|gen_data_c698e3d710d5cb5d|__AUTOMETRIC__
__AUTOMETRIC__|0.1.2|2147024|crew_log_1f038d80c602ee2f|0|1786748292.753|98.891|0.515|374775808|3069157376|gen_data_c698e3d710d5cb5d|__AUTOMETRIC__
__AUTOMETRIC__|0.1.2|2147024|crew_log_1f038d80c602ee2f|0|1786748293.754|98.885|0.515|374775808|3069157376|gen_data_c698e3d710d5cb5d|__AUTOMETRIC__
__AUTOMETRIC__|0.1.2|2147024|crew_log_1f038d80c602ee2f|0|1786748294.755|99.876|0.520|374775808|3069157376|gen_data_c698e3d710d5cb5d|__AUTOMETRIC__
__AUTOMETRIC__|0.1.2|2147024|crew_log_1f038d80c602ee2f|0|1786748295.756|98.874|0.515|374775808|3069157376|gen_data_c698e3d710d5cb5d|__AUTOMETRIC__
__AUTOMETRIC__|0.1.2|2147024|crew_log_1f038d80c602ee2f|0|1786748296.759|98.699|0.514|374775808|3069157376|gen_data_c698e3d710d5cb5d|__AUTOMETRIC__
__AUTOMETRIC__|0.1.2|2147024|crew_log_1f038d80c602ee2f|0|1786748297.761|99.844|0.520|374775808|3069157376|gen_data_c698e3d710d5cb5d|__AUTOMETRIC__
__AUTOMETRIC__|0.1.2|2147024|crew_log_1f038d80c602ee2f|0|1786748298.762|98.888|0.515|374775808|3069157376|gen_data_c698e3d710d5cb5d|__AUTOMETRIC__
__AUTOMETRIC__|0.1.2|2147024|crew_log_1f038d80c602ee2f|0|1786748299.764|98.862|0.515|374775808|3069157376|gen_data_c698e3d710d5cb5d|__AUTOMETRIC__
__AUTOMETRIC__|0.1.2|2147024|crew_log_1f038d80c602ee2f|0|1786748300.797|99.638|0.519|374775808|3069157376|gen_data_c698e3d710d5cb5d|__AUTOMETRIC__
__AUTOMETRIC__|0.1.2|2147024|crew_log_1f038d80c602ee2f|0|1786748301.798|98.895|0.515|374775808|3069157376|gen_data_c698e3d710d5cb5d|__AUTOMETRIC__
__AUTOMETRIC__|0.1.2|2147024|crew_log_1f038d80c602ee2f|0|1786748302.800|98.879|0.515|374775808|3069157376|gen_data_c698e3d710d5cb5d|__AUTOMETRIC__
__AUTOMETRIC__|0.1.2|2147024|crew_log_1f038d80c602ee2f|0|1786748303.801|100.859|0.525|374775808|3069157376|gen_data_c698e3d710d5cb5d|__AUTOMETRIC__
__AUTOMETRIC__|0.1.2|2147024|crew_log_1f038d80c602ee2f|0|1786748304.802|98.865|0.515|374775808|3069157376|gen_data_c698e3d710d5cb5d|__AUTOMETRIC__
__AUTOMETRIC__|0.1.2|2147024|crew_log_1f038d80c602ee2f|0|1786748305.804|98.886|0.515|374775808|3069157376|gen_data_c698e3d710d5cb5d|__AUTOMETRIC__
__AUTOMETRIC__|0.1.2|2147024|crew_log_1f038d80c602ee2f|0|1786748306.805|99.895|0.520|374775808|3069157376|gen_data_c698e3d710d5cb5d|__AUTOMETRIC__
__AUTOMETRIC__|0.1.2|2147024|crew_log_1f038d80c602ee2f|0|1786748307.806|98.887|0.515|374775808|3069157376|gen_data_c698e3d710d5cb5d|__AUTOMETRIC__
__AUTOMETRIC__|0.1.2|2147024|crew_log_1f038d80c602ee2f|0|1786748308.807|98.878|0.515|374775808|3069157376|gen_data_c698e3d710d5cb5d|__AUTOMETRIC__
__AUTOMETRIC__|0.1.2|2147024|crew_log_1f038d80c602ee2f|0|1786748309.808|98.856|0.515|374775808|3069157376|gen_data_c698e3d710d5cb5d|__AUTOMETRIC__
__AUTOMETRIC__|0.1.2|2147024|crew_log_1f038d80c602ee2f|0|1786748310.810|99.875|0.520|374775808|3069157376|gen_data_c698e3d710d5cb5d|__AUTOMETRIC__
__AUTOMETRIC__|0.1.2|2147024|crew_log_1f038d80c602ee2f|0|1786748311.811|98.861|0.515|374775808|3069157376|gen_data_c698e3d710d5cb5d|__AUTOMETRIC__
__AUTOMETRIC__|0.1.2|2147024|crew_log_1f038d80c602ee2f|0|1786748312.812|98.877|0.515|374775808|3069157376|gen_data_c698e3d710d5cb5d|__AUTOMETRIC__
__AUTOMETRIC__|0.1.2|2147024|crew_log_1f038d80c602ee2f|0|1786748313.814|99.878|0.520|374775808|3069157376|gen_data_c698e3d710d5cb5d|__AUTOMETRIC__
__AUTOMETRIC__|0.1.2|2147024|crew_log_1f038d80c602ee2f|0|1786748314.815|98.888|0.515|374775808|3069157376|gen_data_c698e3d710d5cb5d|__AUTOMETRIC__
__AUTOMETRIC__|0.1.2|2147024|crew_log_1f038d80c602ee2f|0|1786748315.816|98.863|0.515|374775808|3069157376|gen_data_c698e3d710d5cb5d|__AUTOMETRIC__
__AUTOMETRIC__|0.1.2|2147024|crew_log_1f038d80c602ee2f|0|1786748316.817|99.864|0.520|374775808|3069157376|gen_data_c698e3d710d5cb5d|__AUTOMETRIC__
__AUTOMETRIC__|0.1.2|2147024|crew_log_1f038d80c602ee2f|0|1786748317.819|98.879|0.515|374775808|3069157376|gen_data_c698e3d710d5cb5d|__AUTOMETRIC__
__AUTOMETRIC__|0.1.2|2147024|crew_log_1f038d80c602ee2f|0|1786748318.820|98.885|0.515|374775808|3069157376|gen_data_c698e3d710d5cb5d|__AUTOMETRIC__
__AUTOMETRIC__|0.1.2|2147024|crew_log_1f038d80c602ee2f|0|1786748319.821|98.871|0.515|374775808|3069157376|gen_data_c698e3d710d5cb5d|__AUTOMETRIC__
__AUTOMETRIC__|0.1.2|2147024|crew_log_1f038d80c602ee2f|0|1786748320.822|99.874|0.520|374775808|3069157376|gen_data_c698e3d710d5cb5d|__AUTOMETRIC__
__AUTOMETRIC__|0.1.2|2147024|crew_log_1f038d80c602ee2f|0|1786748321.824|98.875|0.515|374775808|3069157376|gen_data_c698e3d710d5cb5d|__AUTOMETRIC__
__AUTOMETRIC__|0.1.2|2147024|crew_log_1f038d80c602ee2f|0|1786748322.828|98.566|0.513|374775808|3069157376|gen_data_c698e3d710d5cb5d|__AUTOMETRIC__
__AUTOMETRIC__|0.1.2|2147024|crew_log_1f038d80c602ee2f|0|1786748323.829|99.864|0.520|374775808|3069157376|gen_data_c698e3d710d5cb5d|__AUTOMETRIC__
__AUTOMETRIC__|0.1.2|2147024|crew_log_1f038d80c602ee2f|0|1786748324.831|98.875|0.515|374775808|3069157376|gen_data_c698e3d710d5cb5d|__AUTOMETRIC__
__AUTOMETRIC__|0.1.2|2147024|crew_log_1f038d80c602ee2f|0|1786748325.832|98.870|0.515|374775808|3069157376|gen_data_c698e3d710d5cb5d|__AUTOMETRIC__
__AUTOMETRIC__|0.1.2|2147024|crew_log_1f038d80c602ee2f|0|1786748326.833|99.873|0.520|374775808|3069157376|gen_data_c698e3d710d5cb5d|__AUTOMETRIC__
__AUTOMETRIC__|0.1.2|2147024|crew_log_1f038d80c602ee2f|0|1786748327.835|98.828|0.515|374775808|3069157376|gen_data_c698e3d710d5cb5d|__AUTOMETRIC__
__AUTOMETRIC__|0.1.2|2147024|crew_log_1f038d80c602ee2f|0|1786748328.837|98.785|0.515|374775808|3069157376|gen_data_c698e3d710d5cb5d|__AUTOMETRIC__
__AUTOMETRIC__|0.1.2|2147024|crew_log_1f038d80c602ee2f|0|1786748329.840|99.765|0.520|374775808|3069157376|gen_data_c698e3d710d5cb5d|__AUTOMETRIC__
__AUTOMETRIC__|0.1.2|2147024|crew_log_1f038d80c602ee2f|0|1786748330.842|98.731|0.514|374775808|3069157376|gen_data_c698e3d710d5cb5d|__AUTOMETRIC__
__AUTOMETRIC__|0.1.2|2147024|crew_log_1f038d80c602ee2f|0|1786748331.847|99.533|0.518|374775808|3069157376|gen_data_c698e3d710d5cb5d|__AUTOMETRIC__
__AUTOMETRIC__|0.1.2|2147024|crew_log_1f038d80c602ee2f|0|1786748332.850|98.656|0.514|374775808|3069157376|gen_data_c698e3d710d5cb5d|__AUTOMETRIC__
__AUTOMETRIC__|0.1.2|2147024|crew_log_1f038d80c602ee2f|0|1786748333.852|98.870|0.515|374775808|3069157376|gen_data_c698e3d710d5cb5d|__AUTOMETRIC__
__AUTOMETRIC__|0.1.2|2147024|crew_log_1f038d80c602ee2f|0|1786748334.853|98.837|0.515|374775808|3069157376|gen_data_c698e3d710d5cb5d|__AUTOMETRIC__
__AUTOMETRIC__|0.1.2|2147024|crew_log_1f038d80c602ee2f|0|1786748335.855|99.870|0.520|374775808|3069157376|gen_data_c698e3d710d5cb5d|__AUTOMETRIC__
__AUTOMETRIC__|0.1.2|2147024|crew_log_1f038d80c602ee2f|0|1786748336.857|98.761|0.514|374775808|3069157376|gen_data_c698e3d710d5cb5d|__AUTOMETRIC__
__AUTOMETRIC__|0.1.2|2147024|crew_log_1f038d80c602ee2f|0|1786748337.859|98.825|0.515|374775808|3069157376|gen_data_c698e3d710d5cb5d|__AUTOMETRIC__
__AUTOMETRIC__|0.1.2|2147024|crew_log_1f038d80c602ee2f|0|1786748338.861|98.806|0.515|374775808|3069157376|gen_data_c698e3d710d5cb5d|__AUTOMETRIC__
__AUTOMETRIC__|0.1.2|2147024|crew_log_1f038d80c602ee2f|0|1786748339.863|99.747|0.520|374775808|3069157376|gen_data_c698e3d710d5cb5d|__AUTOMETRIC__
__AUTOMETRIC__|0.1.2|2147024|crew_log_1f038d80c602ee2f|0|1786748340.866|98.743|0.514|374775808|3069157376|gen_data_c698e3d710d5cb5d|__AUTOMETRIC__
__AUTOMETRIC__|0.1.2|2147024|crew_log_1f038d80c602ee2f|0|1786748341.869|98.656|0.514|374775808|3069157376|gen_data_c698e3d710d5cb5d|__AUTOMETRIC__
__AUTOMETRIC__|0.1.2|2147024|crew_log_1f038d80c602ee2f|0|1786748342.872|99.780|0.520|374775808|3069157376|gen_data_c698e3d710d5cb5d|__AUTOMETRIC__
__AUTOMETRIC__|0.1.2|2147024|crew_log_1f038d80c602ee2f|0|1786748343.874|98.732|0.514|374775808|3069157376|gen_data_c698e3d710d5cb5d|__AUTOMETRIC__
__AUTOMETRIC__|0.1.2|2147024|crew_log_1f038d80c602ee2f|0|1786748344.877|98.789|0.515|374775808|3069157376|gen_data_c698e3d710d5cb5d|__AUTOMETRIC__
__AUTOMETRIC__|0.1.2|2147024|crew_log_1f038d80c602ee2f|0|1786748345.879|99.799|0.520|374775808|3069157376|gen_data_c698e3d710d5cb5d|__AUTOMETRIC__
__AUTOMETRIC__|0.1.2|2147024|crew_log_1f038d80c602ee2f|0|1786748346.880|98.856|0.515|374775808|3069157376|gen_data_c698e3d710d5cb5d|__AUTOMETRIC__
__AUTOMETRIC__|0.1.2|2147024|crew_log_1f038d80c602ee2f|0|1786748347.883|98.719|0.514|374775808|3069157376|gen_data_c698e3d710d5cb5d|__AUTOMETRIC__
__AUTOMETRIC__|0.1.2|2147024|crew_log_1f038d80c602ee2f|0|1786748348.888|99.520|0.518|374775808|3069157376|gen_data_c698e3d710d5cb5d|__AUTOMETRIC__
__AUTOMETRIC__|0.1.2|2147024|crew_log_1f038d80c602ee2f|0|1786748349.889|98.866|0.515|374775808|3069157376|gen_data_c698e3d710d5cb5d|__AUTOMETRIC__
__AUTOMETRIC__|0.1.2|2147024|crew_log_1f038d80c602ee2f|0|1786748350.891|98.832|0.515|374775808|3069157376|gen_data_c698e3d710d5cb5d|__AUTOMETRIC__
__AUTOMETRIC__|0.1.2|2147024|crew_log_1f038d80c602ee2f|0|1786748351.893|99.813|0.520|374775808|3069157376|gen_data_c698e3d710d5cb5d|__AUTOMETRIC__
__AUTOMETRIC__|0.1.2|2147024|crew_log_1f038d80c602ee2f|0|1786748352.894|98.815|0.515|374775808|3069157376|gen_data_c698e3d710d5cb5d|__AUTOMETRIC__
__AUTOMETRIC__|0.1.2|2147024|crew_log_1f038d80c602ee2f|0|1786748353.896|99.811|0.520|374775808|3069157376|gen_data_c698e3d710d5cb5d|__AUTOMETRIC__
__AUTOMETRIC__|0.1.2|2147024|crew_log_1f038d80c602ee2f|0|1786748354.898|98.832|0.515|374775808|3069157376|gen_data_c698e3d710d5cb5d|__AUTOMETRIC__
__AUTOMETRIC__|0.1.2|2147024|crew_log_1f038d80c602ee2f|0|1786748355.899|99.857|0.520|374775808|3069157376|gen_data_c698e3d710d5cb5d|__AUTOMETRIC__
__AUTOMETRIC__|0.1.2|2147024|crew_log_1f038d80c602ee2f|0|1786748356.902|98.728|0.514|374775808|3069157376|gen_data_c698e3d710d5cb5d|__AUTOMETRIC__
__AUTOMETRIC__|0.1.2|2147024|crew_log_1f038d80c602ee2f|0|1786748357.904|99.811|0.520|374775808|3069157376|gen_data_c698e3d710d5cb5d|__AUTOMETRIC__
__AUTOMETRIC__|0.1.2|2147024|crew_log_1f038d80c602ee2f|0|1786748358.905|98.898|0.515|374775808|3069157376|gen_data_c698e3d710d5cb5d|__AUTOMETRIC__
__AUTOMETRIC__|0.1.2|2147024|crew_log_1f038d80c602ee2f|0|1786748359.906|99.867|0.520|374775808|3069157376|gen_data_c698e3d710d5cb5d|__AUTOMETRIC__
__AUTOMETRIC__|0.1.2|2147024|crew_log_1f038d80c602ee2f|0|1786748360.908|98.885|0.515|374775808|3069157376|gen_data_c698e3d710d5cb5d|__AUTOMETRIC__
__AUTOMETRIC__|0.1.2|2147024|crew_log_1f038d80c602ee2f|0|1786748361.909|99.894|0.520|374775808|3069157376|gen_data_c698e3d710d5cb5d|__AUTOMETRIC__
__AUTOMETRIC__|0.1.2|2147024|crew_log_1f038d80c602ee2f|0|1786748362.910|98.882|0.515|374775808|3069157376|gen_data_c698e3d710d5cb5d|__AUTOMETRIC__
__AUTOMETRIC__|0.1.2|2147024|crew_log_1f038d80c602ee2f|0|1786748363.911|98.887|0.515|374775808|3069157376|gen_data_c698e3d710d5cb5d|__AUTOMETRIC__
__AUTOMETRIC__|0.1.2|2147024|crew_log_1f038d80c602ee2f|0|1786748364.912|99.870|0.520|374775808|3069157376|gen_data_c698e3d710d5cb5d|__AUTOMETRIC__
__AUTOMETRIC__|0.1.2|2147024|crew_log_1f038d80c602ee2f|0|1786748365.914|98.875|0.515|374775808|3069157376|gen_data_c698e3d710d5cb5d|__AUTOMETRIC__
__AUTOMETRIC__|0.1.2|2147024|crew_log_1f038d80c602ee2f|0|1786748366.915|98.883|0.515|374775808|3069157376|gen_data_c698e3d710d5cb5d|__AUTOMETRIC__
__AUTOMETRIC__|0.1.2|2147024|crew_log_1f038d80c602ee2f|0|1786748367.916|99.891|0.520|374775808|3069157376|gen_data_c698e3d710d5cb5d|__AUTOMETRIC__
__AUTOMETRIC__|0.1.2|2147024|crew_log_1f038d80c602ee2f|0|1786748368.917|98.880|0.515|374775808|3069157376|gen_data_c698e3d710d5cb5d|__AUTOMETRIC__
__AUTOMETRIC__|0.1.2|2147024|crew_log_1f038d80c602ee2f|0|1786748369.918|99.871|0.520|374775808|3069157376|gen_data_c698e3d710d5cb5d|__AUTOMETRIC__
__AUTOMETRIC__|0.1.2|2147024|crew_log_1f038d80c602ee2f|0|1786748370.920|98.822|0.515|374775808|3069157376|gen_data_c698e3d710d5cb5d|__AUTOMETRIC__
__AUTOMETRIC__|0.1.2|2147024|crew_log_1f038d80c602ee2f|0|1786748371.921|99.874|0.520|374775808|3069157376|gen_data_c698e3d710d5cb5d|__AUTOMETRIC__
__AUTOMETRIC__|0.1.2|2147024|crew_log_1f038d80c602ee2f|0|1786748372.923|98.876|0.515|374775808|3069157376|gen_data_c698e3d710d5cb5d|__AUTOMETRIC__
__AUTOMETRIC__|0.1.2|2147024|crew_log_1f038d80c602ee2f|0|1786748373.924|98.878|0.515|374775808|3069157376|gen_data_c698e3d710d5cb5d|__AUTOMETRIC__
__AUTOMETRIC__|0.1.2|2147024|crew_log_1f038d80c602ee2f|0|1786748374.925|99.885|0.520|374775808|3069157376|gen_data_c698e3d710d5cb5d|__AUTOMETRIC__
__AUTOMETRIC__|0.1.2|2147024|crew_log_1f038d80c602ee2f|0|1786748375.926|98.882|0.515|374775808|3069157376|gen_data_c698e3d710d5cb5d|__AUTOMETRIC__
__AUTOMETRIC__|0.1.2|2147024|crew_log_1f038d80c602ee2f|0|1786748376.927|98.882|0.515|374775808|3069157376|gen_data_c698e3d710d5cb5d|__AUTOMETRIC__
__AUTOMETRIC__|0.1.2|2147024|crew_log_1f038d80c602ee2f|0|1786748377.929|99.887|0.520|374775808|3069157376|gen_data_c698e3d710d5cb5d|__AUTOMETRIC__
__AUTOMETRIC__|0.1.2|2147024|crew_log_1f038d80c602ee2f|0|1786748378.930|98.892|0.515|374775808|3069157376|gen_data_c698e3d710d5cb5d|__AUTOMETRIC__
__AUTOMETRIC__|0.1.2|2147024|crew_log_1f038d80c602ee2f|0|1786748379.931|99.871|0.520|374775808|3069157376|gen_data_c698e3d710d5cb5d|__AUTOMETRIC__
__AUTOMETRIC__|0.1.2|2147024|crew_log_1f038d80c602ee2f|0|1786748380.932|98.874|0.515|374775808|3069157376|gen_data_c698e3d710d5cb5d|__AUTOMETRIC__
__AUTOMETRIC__|0.1.2|2147024|crew_log_1f038d80c602ee2f|0|1786748381.933|98.877|0.515|374775808|3069157376|gen_data_c698e3d710d5cb5d|__AUTOMETRIC__
__AUTOMETRIC__|0.1.2|2147024|crew_log_1f038d80c602ee2f|0|1786748382.935|99.881|0.520|374775808|3069157376|gen_data_c698e3d710d5cb5d|__AUTOMETRIC__
__AUTOMETRIC__|0.1.2|2147024|crew_log_1f038d80c602ee2f|0|1786748383.936|98.868|0.515|374775808|3069157376|gen_data_c698e3d710d5cb5d|__AUTOMETRIC__
__AUTOMETRIC__|0.1.2|2147024|crew_log_1f038d80c602ee2f|0|1786748384.937|99.883|0.520|374775808|3069157376|gen_data_c698e3d710d5cb5d|__AUTOMETRIC__
__AUTOMETRIC__|0.1.2|2147024|crew_log_1f038d80c602ee2f|0|1786748385.939|98.843|0.515|374775808|3069157376|gen_data_c698e3d710d5cb5d|__AUTOMETRIC__
__AUTOMETRIC__|0.1.2|2147024|crew_log_1f038d80c602ee2f|0|1786748386.940|99.888|0.520|374775808|3069157376|gen_data_c698e3d710d5cb5d|__AUTOMETRIC__
__AUTOMETRIC__|0.1.2|2147024|crew_log_1f038d80c602ee2f|0|1786748387.941|98.882|0.515|374775808|3069157376|gen_data_c698e3d710d5cb5d|__AUTOMETRIC__
__AUTOMETRIC__|0.1.2|2147024|crew_log_1f038d80c602ee2f|0|1786748388.942|98.887|0.515|374775808|3069157376|gen_data_c698e3d710d5cb5d|__AUTOMETRIC__
__AUTOMETRIC__|0.1.2|2147024|crew_log_1f038d80c602ee2f|0|1786748389.946|99.597|0.519|374775808|3069157376|gen_data_c698e3d710d5cb5d|__AUTOMETRIC__
__AUTOMETRIC__|0.1.2|2147024|crew_log_1f038d80c602ee2f|0|1786748390.947|98.881|0.515|374775808|3069157376|gen_data_c698e3d710d5cb5d|__AUTOMETRIC__
__AUTOMETRIC__|0.1.2|2147024|crew_log_1f038d80c602ee2f|0|1786748391.949|99.875|0.520|374775808|3069157376|gen_data_c698e3d710d5cb5d|__AUTOMETRIC__
__AUTOMETRIC__|0.1.2|2147024|crew_log_1f038d80c602ee2f|0|1786748392.950|98.888|0.515|374775808|3069157376|gen_data_c698e3d710d5cb5d|__AUTOMETRIC__
__AUTOMETRIC__|0.1.2|2147024|crew_log_1f038d80c602ee2f|0|1786748393.951|99.878|0.520|374775808|3069157376|gen_data_c698e3d710d5cb5d|__AUTOMETRIC__
__AUTOMETRIC__|0.1.2|2147024|crew_log_1f038d80c602ee2f|0|1786748394.952|98.878|0.515|374775808|3069157376|gen_data_c698e3d710d5cb5d|__AUTOMETRIC__
__AUTOMETRIC__|0.1.2|2147024|crew_log_1f038d80c602ee2f|0|1786748395.954|98.873|0.515|374775808|3069157376|gen_data_c698e3d710d5cb5d|__AUTOMETRIC__
__AUTOMETRIC__|0.1.2|2147024|crew_log_1f038d80c602ee2f|0|1786748396.955|99.867|0.520|374775808|3069157376|gen_data_c698e3d710d5cb5d|__AUTOMETRIC__
__AUTOMETRIC__|0.1.2|2147024|crew_log_1f038d80c602ee2f|0|1786748397.956|98.868|0.515|374775808|3069157376|gen_data_c698e3d710d5cb5d|__AUTOMETRIC__
__AUTOMETRIC__|0.1.2|2147024|crew_log_1f038d80c602ee2f|0|1786748398.958|98.873|0.515|374775808|3069157376|gen_data_c698e3d710d5cb5d|__AUTOMETRIC__
__AUTOMETRIC__|0.1.2|2147024|crew_log_1f038d80c602ee2f|0|1786748399.959|99.861|0.520|374775808|3069157376|gen_data_c698e3d710d5cb5d|__AUTOMETRIC__
__AUTOMETRIC__|0.1.2|2147024|crew_log_1f038d80c602ee2f|0|1786748400.960|98.881|0.515|374775808|3069157376|gen_data_c698e3d710d5cb5d|__AUTOMETRIC__
__AUTOMETRIC__|0.1.2|2147024|crew_log_1f038d80c602ee2f|0|1786748401.961|99.891|0.520|374775808|3069157376|gen_data_c698e3d710d5cb5d|__AUTOMETRIC__
__AUTOMETRIC__|0.1.2|2147024|crew_log_1f038d80c602ee2f|0|1786748402.963|98.871|0.515|374775808|3069157376|gen_data_c698e3d710d5cb5d|__AUTOMETRIC__
__AUTOMETRIC__|0.1.2|2147024|crew_log_1f038d80c602ee2f|0|1786748403.964|99.872|0.520|374775808|3069157376|gen_data_c698e3d710d5cb5d|__AUTOMETRIC__
__AUTOMETRIC__|0.1.2|2147024|crew_log_1f038d80c602ee2f|0|1786748404.965|98.861|0.515|374775808|3069157376|gen_data_c698e3d710d5cb5d|__AUTOMETRIC__
__AUTOMETRIC__|0.1.2|2147024|crew_log_1f038d80c602ee2f|0|1786748405.966|98.877|0.515|374775808|3069157376|gen_data_c698e3d710d5cb5d|__AUTOMETRIC__
__AUTOMETRIC__|0.1.2|2147024|crew_log_1f038d80c602ee2f|0|1786748406.968|99.878|0.520|374775808|3069157376|gen_data_c698e3d710d5cb5d|__AUTOMETRIC__
__AUTOMETRIC__|0.1.2|2147024|crew_log_1f038d80c602ee2f|0|1786748407.969|98.870|0.515|374775808|3069157376|gen_data_c698e3d710d5cb5d|__AUTOMETRIC__
__AUTOMETRIC__|0.1.2|2147024|crew_log_1f038d80c602ee2f|0|1786748408.970|98.881|0.515|374775808|3069157376|gen_data_c698e3d710d5cb5d|__AUTOMETRIC__
__AUTOMETRIC__|0.1.2|2147024|crew_log_1f038d80c602ee2f|0|1786748409.977|99.337|0.517|374775808|3069157376|gen_data_c698e3d710d5cb5d|__AUTOMETRIC__
__AUTOMETRIC__|0.1.2|2147024|crew_log_1f038d80c602ee2f|0|1786748410.978|99.882|0.520|374775808|3069157376|gen_data_c698e3d710d5cb5d|__AUTOMETRIC__
__AUTOMETRIC__|0.1.2|2147024|crew_log_1f038d80c602ee2f|0|1786748411.979|98.867|0.515|374775808|3069157376|gen_data_c698e3d710d5cb5d|__AUTOMETRIC__
__AUTOMETRIC__|0.1.2|2147024|crew_log_1f038d80c602ee2f|0|1786748412.981|98.881|0.515|374775808|3069157376|gen_data_c698e3d710d5cb5d|__AUTOMETRIC__
__AUTOMETRIC__|0.1.2|2147024|crew_log_1f038d80c602ee2f|0|1786748413.982|99.880|0.520|374775808|3069157376|gen_data_c698e3d710d5cb5d|__AUTOMETRIC__
__AUTOMETRIC__|0.1.2|2147024|crew_log_1f038d80c602ee2f|0|1786748414.983|98.881|0.515|374775808|3069157376|gen_data_c698e3d710d5cb5d|__AUTOMETRIC__
__AUTOMETRIC__|0.1.2|2147024|crew_log_1f038d80c602ee2f|0|1786748415.984|98.880|0.515|374775808|3069157376|gen_data_c698e3d710d5cb5d|__AUTOMETRIC__
__AUTOMETRIC__|0.1.2|2147024|crew_log_1f038d80c602ee2f|0|1786748416.986|99.867|0.520|374775808|3069157376|gen_data_c698e3d710d5cb5d|__AUTOMETRIC__
__AUTOMETRIC__|0.1.2|2147024|crew_log_1f038d80c602ee2f|0|1786748417.987|98.818|0.515|374775808|3069157376|gen_data_c698e3d710d5cb5d|__AUTOMETRIC__
__AUTOMETRIC__|0.1.2|2147024|crew_log_1f038d80c602ee2f|0|1786748418.989|99.881|0.520|374775808|3069157376|gen_data_c698e3d710d5cb5d|__AUTOMETRIC__
__AUTOMETRIC__|0.1.2|2147024|crew_log_1f038d80c602ee2f|0|1786748419.990|98.868|0.515|374775808|3069157376|gen_data_c698e3d710d5cb5d|__AUTOMETRIC__
__AUTOMETRIC__|0.1.2|2147024|crew_log_1f038d80c602ee2f|0|1786748420.991|98.880|0.515|450273280|3144744960|gen_data_c698e3d710d5cb5d|__AUTOMETRIC__
__AUTOMETRIC__|0.1.2|2147024|crew_log_1f038d80c602ee2f|0|1786748421.992|99.869|0.520|450273280|3145285632|gen_data_c698e3d710d5cb5d|__AUTOMETRIC__
__AUTOMETRIC__|0.1.2|2147024|crew_log_1f038d80c602ee2f|0|1786748422.994|98.868|0.515|450273280|3145285632|gen_data_c698e3d710d5cb5d|__AUTOMETRIC__
__AUTOMETRIC__|0.1.2|2147024|crew_log_1f038d80c602ee2f|0|1786748423.995|98.872|0.515|450273280|3145420800|gen_data_c698e3d710d5cb5d|__AUTOMETRIC__
__AUTOMETRIC__|0.1.2|2147024|crew_log_1f038d80c602ee2f|0|1786748424.996|99.870|0.520|450273280|3145420800|gen_data_c698e3d710d5cb5d|__AUTOMETRIC__
__AUTOMETRIC__|0.1.2|2147024|crew_log_1f038d80c602ee2f|0|1786748425.998|98.862|0.515|451846144|3145961472|gen_data_c698e3d710d5cb5d|__AUTOMETRIC__
__AUTOMETRIC__|0.1.2|2147024|crew_log_1f038d80c602ee2f|0|1786748426.999|99.870|0.520|451846144|3145961472|gen_data_c698e3d710d5cb5d|__AUTOMETRIC__
__AUTOMETRIC__|0.1.2|2147024|crew_log_1f038d80c602ee2f|0|1786748428.000|98.869|0.515|451846144|3145961472|gen_data_c698e3d710d5cb5d|__AUTOMETRIC__
__AUTOMETRIC__|0.1.2|2147024|crew_log_1f038d80c602ee2f|0|1786748429.002|100.878|0.525|451846144|3145961472|gen_data_c698e3d710d5cb5d|__AUTOMETRIC__
__AUTOMETRIC__|0.1.2|2147024|crew_log_1f038d80c602ee2f|0|1786748430.003|98.860|0.515|451846144|3145961472|gen_data_c698e3d710d5cb5d|__AUTOMETRIC__
__AUTOMETRIC__|0.1.2|2147024|crew_log_1f038d80c602ee2f|0|1786748431.004|99.871|0.520|451846144|3145961472|gen_data_c698e3d710d5cb5d|__AUTOMETRIC__
__AUTOMETRIC__|0.1.2|2147024|crew_log_1f038d80c602ee2f|0|1786748432.014|99.075|0.516|451846144|3145961472|gen_data_c698e3d710d5cb5d|__AUTOMETRIC__
__AUTOMETRIC__|0.1.2|2147024|crew_log_1f038d80c602ee2f|0|1786748433.015|98.876|0.515|451846144|3145961472|gen_data_c698e3d710d5cb5d|__AUTOMETRIC__
__AUTOMETRIC__|0.1.2|2147024|crew_log_1f038d80c602ee2f|0|1786748434.016|99.874|0.520|451846144|3146096640|gen_data_c698e3d710d5cb5d|__AUTOMETRIC__
__AUTOMETRIC__|0.1.2|2147024|crew_log_1f038d80c602ee2f|0|1786748435.017|98.876|0.515|451846144|3146096640|gen_data_c698e3d710d5cb5d|__AUTOMETRIC__
__AUTOMETRIC__|0.1.2|2147024|crew_log_1f038d80c602ee2f|0|1786748436.019|98.887|0.515|456564736|3150684160|gen_data_c698e3d710d5cb5d|__AUTOMETRIC__
__AUTOMETRIC__|0.1.2|2147024|crew_log_1f038d80c602ee2f|0|1786748437.020|94.874|0.494|462856192|3359662080|gen_data_2eeeaa6bf15c9ba6|__AUTOMETRIC__
__AUTOMETRIC__|0.1.2|2147024|crew_log_1f038d80c602ee2f|0|1786748438.021|98.867|0.515|462856192|3359662080|gen_data_2eeeaa6bf15c9ba6|__AUTOMETRIC__
__AUTOMETRIC__|0.1.2|2147024|crew_log_1f038d80c602ee2f|0|1786748439.022|98.883|0.515|462856192|3359662080|gen_data_2eeeaa6bf15c9ba6|__AUTOMETRIC__
__AUTOMETRIC__|0.1.2|2147024|crew_log_1f038d80c602ee2f|0|1786748440.025|99.737|0.519|462856192|3359662080|gen_data_2eeeaa6bf15c9ba6|__AUTOMETRIC__
__AUTOMETRIC__|0.1.2|2147024|crew_log_1f038d80c602ee2f|0|1786748441.027|98.809|0.515|462856192|3359662080|gen_data_2eeeaa6bf15c9ba6|__AUTOMETRIC__
__AUTOMETRIC__|0.1.2|2147024|crew_log_1f038d80c602ee2f|0|1786748442.029|99.844|0.520|462856192|3359662080|gen_data_2eeeaa6bf15c9ba6|__AUTOMETRIC__
__AUTOMETRIC__|0.1.2|2147024|crew_log_1f038d80c602ee2f|0|1786748443.031|98.746|0.514|462856192|3359662080|gen_data_2eeeaa6bf15c9ba6|__AUTOMETRIC__
__AUTOMETRIC__|0.1.2|2147024|crew_log_1f038d80c602ee2f|0|1786748444.034|99.723|0.519|462856192|3359662080|gen_data_2eeeaa6bf15c9ba6|__AUTOMETRIC__
__AUTOMETRIC__|0.1.2|2147024|crew_log_1f038d80c602ee2f|0|1786748445.036|98.753|0.514|462856192|3359662080|gen_data_2eeeaa6bf15c9ba6|__AUTOMETRIC__
__AUTOMETRIC__|0.1.2|2147024|crew_log_1f038d80c602ee2f|0|1786748446.050|99.608|0.519|462856192|3359662080|gen_data_2eeeaa6bf15c9ba6|__AUTOMETRIC__
__AUTOMETRIC__|0.1.2|2147024|crew_log_1f038d80c602ee2f|0|1786748447.053|98.767|0.514|462856192|3359662080|gen_data_2eeeaa6bf15c9ba6|__AUTOMETRIC__
__AUTOMETRIC__|0.1.2|2147024|crew_log_1f038d80c602ee2f|0|1786748448.054|98.851|0.515|462856192|3359662080|gen_data_2eeeaa6bf15c9ba6|__AUTOMETRIC__
__AUTOMETRIC__|0.1.2|2147024|crew_log_1f038d80c602ee2f|0|1786748449.056|99.841|0.520|462856192|3359662080|gen_data_2eeeaa6bf15c9ba6|__AUTOMETRIC__
__AUTOMETRIC__|0.1.2|2147024|crew_log_1f038d80c602ee2f|0|1786748450.059|98.714|0.514|462856192|3359662080|gen_data_2eeeaa6bf15c9ba6|__AUTOMETRIC__
__AUTOMETRIC__|0.1.2|2147024|crew_log_1f038d80c602ee2f|0|1786748451.060|99.832|0.520|462856192|3359662080|gen_data_2eeeaa6bf15c9ba6|__AUTOMETRIC__
__AUTOMETRIC__|0.1.2|2147024|crew_log_1f038d80c602ee2f|0|1786748452.062|98.841|0.515|462856192|3359662080|gen_data_2eeeaa6bf15c9ba6|__AUTOMETRIC__
__AUTOMETRIC__|0.1.2|2147024|crew_log_1f038d80c602ee2f|0|1786748453.063|99.874|0.520|462856192|3359662080|gen_data_2eeeaa6bf15c9ba6|__AUTOMETRIC__
__AUTOMETRIC__|0.1.2|2147024|crew_log_1f038d80c602ee2f|0|1786748454.065|98.858|0.515|462856192|3359662080|gen_data_2eeeaa6bf15c9ba6|__AUTOMETRIC__
__AUTOMETRIC__|0.1.2|2147024|crew_log_1f038d80c602ee2f|0|1786748455.066|98.872|0.515|462856192|3359662080|gen_data_2eeeaa6bf15c9ba6|__AUTOMETRIC__
__AUTOMETRIC__|0.1.2|2147024|crew_log_1f038d80c602ee2f|0|1786748456.068|99.824|0.520|462856192|3359662080|gen_data_2eeeaa6bf15c9ba6|__AUTOMETRIC__
__AUTOMETRIC__|0.1.2|2147024|crew_log_1f038d80c602ee2f|0|1786748457.069|98.871|0.515|462856192|3359662080|gen_data_2eeeaa6bf15c9ba6|__AUTOMETRIC__
__AUTOMETRIC__|0.1.2|2147024|crew_log_1f038d80c602ee2f|0|1786748458.070|98.885|0.515|462856192|3359662080|gen_data_2eeeaa6bf15c9ba6|__AUTOMETRIC__
__AUTOMETRIC__|0.1.2|2147024|crew_log_1f038d80c602ee2f|0|1786748459.072|99.873|0.520|462856192|3359662080|gen_data_2eeeaa6bf15c9ba6|__AUTOMETRIC__
__AUTOMETRIC__|0.1.2|2147024|crew_log_1f038d80c602ee2f|0|1786748460.073|98.835|0.515|462856192|3359662080|gen_data_2eeeaa6bf15c9ba6|__AUTOMETRIC__
__AUTOMETRIC__|0.1.2|2147024|crew_log_1f038d80c602ee2f|0|1786748461.074|98.884|0.515|462856192|3359662080|gen_data_2eeeaa6bf15c9ba6|__AUTOMETRIC__
__AUTOMETRIC__|0.1.2|2147024|crew_log_1f038d80c602ee2f|0|1786748462.076|99.865|0.520|470720512|3366162432|gen_data_2eeeaa6bf15c9ba6|__AUTOMETRIC__
__AUTOMETRIC__|0.1.2|2147024|crew_log_1f038d80c602ee2f|0|1786748463.077|98.867|0.515|470720512|3366567936|gen_data_2eeeaa6bf15c9ba6|__AUTOMETRIC__
__AUTOMETRIC__|0.1.2|2147024|crew_log_1f038d80c602ee2f|0|1786748464.079|98.851|0.515|470720512|3366567936|gen_data_2eeeaa6bf15c9ba6|__AUTOMETRIC__
__AUTOMETRIC__|0.1.2|2147024|crew_log_1f038d80c602ee2f|0|1786748465.080|99.873|0.520|470720512|3366567936|gen_data_2eeeaa6bf15c9ba6|__AUTOMETRIC__
__AUTOMETRIC__|0.1.2|2147024|crew_log_1f038d80c602ee2f|0|1786748466.081|98.895|0.515|470720512|3366567936|gen_data_2eeeaa6bf15c9ba6|__AUTOMETRIC__
__AUTOMETRIC__|0.1.2|2147024|crew_log_1f038d80c602ee2f|0|1786748467.082|98.876|0.515|470720512|3366567936|gen_data_2eeeaa6bf15c9ba6|__AUTOMETRIC__
__AUTOMETRIC__|0.1.2|2147024|crew_log_1f038d80c602ee2f|0|1786748468.083|99.895|0.520|470720512|3366567936|gen_data_2eeeaa6bf15c9ba6|__AUTOMETRIC__
__AUTOMETRIC__|0.1.2|2147024|crew_log_1f038d80c602ee2f|0|1786748469.085|98.785|0.515|470720512|3366567936|gen_data_2eeeaa6bf15c9ba6|__AUTOMETRIC__
__AUTOMETRIC__|0.1.2|2147024|crew_log_1f038d80c602ee2f|0|1786748470.088|99.752|0.520|470720512|3366567936|gen_data_2eeeaa6bf15c9ba6|__AUTOMETRIC__
__AUTOMETRIC__|0.1.2|2147024|crew_log_1f038d80c602ee2f|0|1786748471.090|98.819|0.515|470720512|3366567936|gen_data_2eeeaa6bf15c9ba6|__AUTOMETRIC__
__AUTOMETRIC__|0.1.2|2147024|crew_log_1f038d80c602ee2f|0|1786748472.095|99.525|0.518|470720512|3366567936|gen_data_2eeeaa6bf15c9ba6|__AUTOMETRIC__
__AUTOMETRIC__|0.1.2|2147024|crew_log_1f038d80c602ee2f|0|1786748473.096|98.880|0.515|470720512|3366567936|gen_data_2eeeaa6bf15c9ba6|__AUTOMETRIC__
__AUTOMETRIC__|0.1.2|2147024|crew_log_1f038d80c602ee2f|0|1786748474.097|99.880|0.520|470720512|3366567936|gen_data_2eeeaa6bf15c9ba6|__AUTOMETRIC__
__AUTOMETRIC__|0.1.2|2147024|crew_log_1f038d80c602ee2f|0|1786748475.098|98.884|0.515|470720512|3366567936|gen_data_2eeeaa6bf15c9ba6|__AUTOMETRIC__
__AUTOMETRIC__|0.1.2|2147024|crew_log_1f038d80c602ee2f|0|1786748476.099|98.882|0.515|470720512|3366567936|gen_data_2eeeaa6bf15c9ba6|__AUTOMETRIC__
__AUTOMETRIC__|0.1.2|2147024|crew_log_1f038d80c602ee2f|0|1786748477.101|99.795|0.520|470720512|3366567936|gen_data_2eeeaa6bf15c9ba6|__AUTOMETRIC__
__AUTOMETRIC__|0.1.2|2147024|crew_log_1f038d80c602ee2f|0|1786748478.103|98.807|0.515|470720512|3366567936|gen_data_2eeeaa6bf15c9ba6|__AUTOMETRIC__
__AUTOMETRIC__|0.1.2|2147024|crew_log_1f038d80c602ee2f|0|1786748479.105|99.854|0.520|470720512|3366567936|gen_data_2eeeaa6bf15c9ba6|__AUTOMETRIC__
__AUTOMETRIC__|0.1.2|2147024|crew_log_1f038d80c602ee2f|0|1786748480.106|98.864|0.515|470720512|3366567936|gen_data_2eeeaa6bf15c9ba6|__AUTOMETRIC__
__AUTOMETRIC__|0.1.2|2147024|crew_log_1f038d80c602ee2f|0|1786748481.107|98.881|0.515|470720512|3366567936|gen_data_2eeeaa6bf15c9ba6|__AUTOMETRIC__
__AUTOMETRIC__|0.1.2|2147024|crew_log_1f038d80c602ee2f|0|1786748482.109|99.876|0.520|470720512|3366567936|gen_data_2eeeaa6bf15c9ba6|__AUTOMETRIC__
__AUTOMETRIC__|0.1.2|2147024|crew_log_1f038d80c602ee2f|0|1786748483.110|98.880|0.515|470720512|3366567936|gen_data_2eeeaa6bf15c9ba6|__AUTOMETRIC__
__AUTOMETRIC__|0.1.2|2147024|crew_log_1f038d80c602ee2f|0|1786748484.111|99.879|0.520|470720512|3366567936|gen_data_2eeeaa6bf15c9ba6|__AUTOMETRIC__
__AUTOMETRIC__|0.1.2|2147024|crew_log_1f038d80c602ee2f|0|1786748485.112|98.877|0.515|470720512|3366567936|gen_data_2eeeaa6bf15c9ba6|__AUTOMETRIC__
__AUTOMETRIC__|0.1.2|2147024|crew_log_1f038d80c602ee2f|0|1786748486.113|98.880|0.515|470720512|3366567936|gen_data_2eeeaa6bf15c9ba6|__AUTOMETRIC__
__AUTOMETRIC__|0.1.2|2147024|crew_log_1f038d80c602ee2f|0|1786748487.115|99.850|0.520|470720512|3366567936|gen_data_2eeeaa6bf15c9ba6|__AUTOMETRIC__
__AUTOMETRIC__|0.1.2|2147024|crew_log_1f038d80c602ee2f|0|1786748488.116|98.894|0.515|470720512|3366567936|gen_data_2eeeaa6bf15c9ba6|__AUTOMETRIC__
__AUTOMETRIC__|0.1.2|2147024|crew_log_1f038d80c602ee2f|0|1786748489.117|98.887|0.515|470720512|3366567936|gen_data_2eeeaa6bf15c9ba6|__AUTOMETRIC__
__AUTOMETRIC__|0.1.2|2147024|crew_log_1f038d80c602ee2f|0|1786748490.119|99.846|0.520|470720512|3366567936|gen_data_2eeeaa6bf15c9ba6|__AUTOMETRIC__
__AUTOMETRIC__|0.1.2|2147024|crew_log_1f038d80c602ee2f|0|1786748491.120|98.881|0.515|470720512|3366567936|gen_data_2eeeaa6bf15c9ba6|__AUTOMETRIC__
__AUTOMETRIC__|0.1.2|2147024|crew_log_1f038d80c602ee2f|0|1786748492.121|98.879|0.515|470720512|3366567936|gen_data_2eeeaa6bf15c9ba6|__AUTOMETRIC__
__AUTOMETRIC__|0.1.2|2147024|crew_log_1f038d80c602ee2f|0|1786748493.123|100.839|0.525|470720512|3366567936|gen_data_2eeeaa6bf15c9ba6|__AUTOMETRIC__
__AUTOMETRIC__|0.1.2|2147024|crew_log_1f038d80c602ee2f|0|1786748494.124|98.872|0.515|470720512|3366567936|gen_data_2eeeaa6bf15c9ba6|__AUTOMETRIC__
__AUTOMETRIC__|0.1.2|2147024|crew_log_1f038d80c602ee2f|0|1786748495.125|98.882|0.515|470720512|3366567936|gen_data_2eeeaa6bf15c9ba6|__AUTOMETRIC__
__AUTOMETRIC__|0.1.2|2147024|crew_log_1f038d80c602ee2f|0|1786748496.126|99.876|0.520|470720512|3366567936|gen_data_2eeeaa6bf15c9ba6|__AUTOMETRIC__
__AUTOMETRIC__|0.1.2|2147024|crew_log_1f038d80c602ee2f|0|1786748497.128|98.810|0.515|470720512|3366567936|gen_data_2eeeaa6bf15c9ba6|__AUTOMETRIC__
__AUTOMETRIC__|0.1.2|2147024|crew_log_1f038d80c602ee2f|0|1786748498.130|98.866|0.515|470720512|3366567936|gen_data_2eeeaa6bf15c9ba6|__AUTOMETRIC__
__AUTOMETRIC__|0.1.2|2147024|crew_log_1f038d80c602ee2f|0|1786748499.131|98.858|0.515|470720512|3366567936|gen_data_2eeeaa6bf15c9ba6|__AUTOMETRIC__
__AUTOMETRIC__|0.1.2|2147024|crew_log_1f038d80c602ee2f|0|1786748500.136|99.568|0.519|470720512|3366567936|gen_data_2eeeaa6bf15c9ba6|__AUTOMETRIC__
__AUTOMETRIC__|0.1.2|2147024|crew_log_1f038d80c602ee2f|0|1786748501.137|98.877|0.515|470720512|3366567936|gen_data_2eeeaa6bf15c9ba6|__AUTOMETRIC__
__AUTOMETRIC__|0.1.2|2147024|crew_log_1f038d80c602ee2f|0|1786748502.138|99.846|0.520|470720512|3366567936|gen_data_2eeeaa6bf15c9ba6|__AUTOMETRIC__
__AUTOMETRIC__|0.1.2|2147024|crew_log_1f038d80c602ee2f|0|1786748503.140|98.794|0.515|470720512|3366567936|gen_data_2eeeaa6bf15c9ba6|__AUTOMETRIC__
__AUTOMETRIC__|0.1.2|2147024|crew_log_1f038d80c602ee2f|0|1786748504.145|99.579|0.519|470720512|3366567936|gen_data_2eeeaa6bf15c9ba6|__AUTOMETRIC__
__AUTOMETRIC__|0.1.2|2147024|crew_log_1f038d80c602ee2f|0|1786748505.146|98.818|0.515|470720512|3366567936|gen_data_2eeeaa6bf15c9ba6|__AUTOMETRIC__
__AUTOMETRIC__|0.1.2|2147024|crew_log_1f038d80c602ee2f|0|1786748506.148|98.846|0.515|470720512|3366567936|gen_data_2eeeaa6bf15c9ba6|__AUTOMETRIC__
__AUTOMETRIC__|0.1.2|2147024|crew_log_1f038d80c602ee2f|0|1786748507.151|98.739|0.514|470720512|3366567936|gen_data_2eeeaa6bf15c9ba6|__AUTOMETRIC__
__AUTOMETRIC__|0.1.2|2147024|crew_log_1f038d80c602ee2f|0|1786748508.153|99.721|0.519|470720512|3366567936|gen_data_2eeeaa6bf15c9ba6|__AUTOMETRIC__
__AUTOMETRIC__|0.1.2|2147024|crew_log_1f038d80c602ee2f|0|1786748509.155|98.854|0.515|470720512|3366567936|gen_data_2eeeaa6bf15c9ba6|__AUTOMETRIC__
__AUTOMETRIC__|0.1.2|2147024|crew_log_1f038d80c602ee2f|0|1786748510.157|99.780|0.520|470720512|3366567936|gen_data_2eeeaa6bf15c9ba6|__AUTOMETRIC__
__AUTOMETRIC__|0.1.2|2147024|crew_log_1f038d80c602ee2f|0|1786748511.158|98.871|0.515|470720512|3366567936|gen_data_2eeeaa6bf15c9ba6|__AUTOMETRIC__
__AUTOMETRIC__|0.1.2|2147024|crew_log_1f038d80c602ee2f|0|1786748512.160|98.882|0.515|470720512|3366567936|gen_data_2eeeaa6bf15c9ba6|__AUTOMETRIC__
__AUTOMETRIC__|0.1.2|2147024|crew_log_1f038d80c602ee2f|0|1786748513.161|98.876|0.515|470720512|3366567936|gen_data_2eeeaa6bf15c9ba6|__AUTOMETRIC__
__AUTOMETRIC__|0.1.2|2147024|crew_log_1f038d80c602ee2f|0|1786748514.162|99.878|0.520|470720512|3366567936|gen_data_2eeeaa6bf15c9ba6|__AUTOMETRIC__
__AUTOMETRIC__|0.1.2|2147024|crew_log_1f038d80c602ee2f|0|1786748515.164|98.861|0.515|470720512|3366567936|gen_data_2eeeaa6bf15c9ba6|__AUTOMETRIC__
__AUTOMETRIC__|0.1.2|2147024|crew_log_1f038d80c602ee2f|0|1786748516.165|99.856|0.520|470720512|3366567936|gen_data_2eeeaa6bf15c9ba6|__AUTOMETRIC__
__AUTOMETRIC__|0.1.2|2147024|crew_log_1f038d80c602ee2f|0|1786748517.166|98.871|0.515|470720512|3366567936|gen_data_2eeeaa6bf15c9ba6|__AUTOMETRIC__
__AUTOMETRIC__|0.1.2|2147024|crew_log_1f038d80c602ee2f|0|1786748518.168|98.872|0.515|470720512|3366567936|gen_data_2eeeaa6bf15c9ba6|__AUTOMETRIC__
__AUTOMETRIC__|0.1.2|2147024|crew_log_1f038d80c602ee2f|0|1786748519.169|98.884|0.515|470720512|3366567936|gen_data_2eeeaa6bf15c9ba6|__AUTOMETRIC__
__AUTOMETRIC__|0.1.2|2147024|crew_log_1f038d80c602ee2f|0|1786748520.170|98.837|0.515|470720512|3366567936|gen_data_2eeeaa6bf15c9ba6|__AUTOMETRIC__
__AUTOMETRIC__|0.1.2|2147024|crew_log_1f038d80c602ee2f|0|1786748521.172|99.855|0.520|470720512|3366567936|gen_data_2eeeaa6bf15c9ba6|__AUTOMETRIC__
__AUTOMETRIC__|0.1.2|2147024|crew_log_1f038d80c602ee2f|0|1786748522.173|98.870|0.515|470720512|3366567936|gen_data_2eeeaa6bf15c9ba6|__AUTOMETRIC__
__AUTOMETRIC__|0.1.2|2147024|crew_log_1f038d80c602ee2f|0|1786748523.174|98.869|0.515|470720512|3366567936|gen_data_2eeeaa6bf15c9ba6|__AUTOMETRIC__
__AUTOMETRIC__|0.1.2|2147024|crew_log_1f038d80c602ee2f|0|1786748524.176|99.877|0.520|470720512|3366567936|gen_data_2eeeaa6bf15c9ba6|__AUTOMETRIC__
__AUTOMETRIC__|0.1.2|2147024|crew_log_1f038d80c602ee2f|0|1786748525.178|98.817|0.515|470720512|3366567936|gen_data_2eeeaa6bf15c9ba6|__AUTOMETRIC__
__AUTOMETRIC__|0.1.2|2147024|crew_log_1f038d80c602ee2f|0|1786748526.179|98.881|0.515|470720512|3366567936|gen_data_2eeeaa6bf15c9ba6|__AUTOMETRIC__
__AUTOMETRIC__|0.1.2|2147024|crew_log_1f038d80c602ee2f|0|1786748527.180|99.884|0.520|470720512|3366567936|gen_data_2eeeaa6bf15c9ba6|__AUTOMETRIC__
__AUTOMETRIC__|0.1.2|2147024|crew_log_1f038d80c602ee2f|0|1786748528.181|98.874|0.515|470720512|3366567936|gen_data_2eeeaa6bf15c9ba6|__AUTOMETRIC__
__AUTOMETRIC__|0.1.2|2147024|crew_log_1f038d80c602ee2f|0|1786748529.182|98.875|0.515|470720512|3366567936|gen_data_2eeeaa6bf15c9ba6|__AUTOMETRIC__
__AUTOMETRIC__|0.1.2|2147024|crew_log_1f038d80c602ee2f|0|1786748530.184|98.857|0.515|470720512|3366567936|gen_data_2eeeaa6bf15c9ba6|__AUTOMETRIC__
__AUTOMETRIC__|0.1.2|2147024|crew_log_1f038d80c602ee2f|0|1786748531.185|99.868|0.520|470720512|3366567936|gen_data_2eeeaa6bf15c9ba6|__AUTOMETRIC__
__AUTOMETRIC__|0.1.2|2147024|crew_log_1f038d80c602ee2f|0|1786748532.187|98.870|0.515|470720512|3366567936|gen_data_2eeeaa6bf15c9ba6|__AUTOMETRIC__
__AUTOMETRIC__|0.1.2|2147024|crew_log_1f038d80c602ee2f|0|1786748533.188|99.869|0.520|470720512|3366567936|gen_data_2eeeaa6bf15c9ba6|__AUTOMETRIC__
__AUTOMETRIC__|0.1.2|2147024|crew_log_1f038d80c602ee2f|0|1786748534.189|98.888|0.515|470720512|3366567936|gen_data_2eeeaa6bf15c9ba6|__AUTOMETRIC__
__AUTOMETRIC__|0.1.2|2147024|crew_log_1f038d80c602ee2f|0|1786748535.190|98.879|0.515|470720512|3366567936|gen_data_2eeeaa6bf15c9ba6|__AUTOMETRIC__
__AUTOMETRIC__|0.1.2|2147024|crew_log_1f038d80c602ee2f|0|1786748536.192|98.867|0.515|470720512|3366567936|gen_data_2eeeaa6bf15c9ba6|__AUTOMETRIC__
__AUTOMETRIC__|0.1.2|2147024|crew_log_1f038d80c602ee2f|0|1786748537.194|99.722|0.519|470720512|3366567936|gen_data_2eeeaa6bf15c9ba6|__AUTOMETRIC__
__AUTOMETRIC__|0.1.2|2147024|crew_log_1f038d80c602ee2f|0|1786748538.196|98.869|0.515|470720512|3366567936|gen_data_2eeeaa6bf15c9ba6|__AUTOMETRIC__
__AUTOMETRIC__|0.1.2|2147024|crew_log_1f038d80c602ee2f|0|1786748539.197|98.864|0.515|470720512|3366567936|gen_data_2eeeaa6bf15c9ba6|__AUTOMETRIC__
__AUTOMETRIC__|0.1.2|2147024|crew_log_1f038d80c602ee2f|0|1786748540.199|99.847|0.520|470720512|3366567936|gen_data_2eeeaa6bf15c9ba6|__AUTOMETRIC__
__AUTOMETRIC__|0.1.2|2147024|crew_log_1f038d80c602ee2f|0|1786748541.200|98.880|0.515|470720512|3366567936|gen_data_2eeeaa6bf15c9ba6|__AUTOMETRIC__
__AUTOMETRIC__|0.1.2|2147024|crew_log_1f038d80c602ee2f|0|1786748542.201|98.883|0.515|470720512|3366567936|gen_data_2eeeaa6bf15c9ba6|__AUTOMETRIC__
__AUTOMETRIC__|0.1.2|2147024|crew_log_1f038d80c602ee2f|0|1786748543.202|99.886|0.520|470720512|3366567936|gen_data_2eeeaa6bf15c9ba6|__AUTOMETRIC__
__AUTOMETRIC__|0.1.2|2147024|crew_log_1f038d80c602ee2f|0|1786748544.203|98.880|0.515|470720512|3366567936|gen_data_2eeeaa6bf15c9ba6|__AUTOMETRIC__
__AUTOMETRIC__|0.1.2|2147024|crew_log_1f038d80c602ee2f|0|1786748545.205|98.880|0.515|470720512|3366567936|gen_data_2eeeaa6bf15c9ba6|__AUTOMETRIC__
__AUTOMETRIC__|0.1.2|2147024|crew_log_1f038d80c602ee2f|0|1786748546.206|98.875|0.515|470720512|3366567936|gen_data_2eeeaa6bf15c9ba6|__AUTOMETRIC__
__AUTOMETRIC__|0.1.2|2147024|crew_log_1f038d80c602ee2f|0|1786748547.207|98.878|0.515|470720512|3366567936|gen_data_2eeeaa6bf15c9ba6|__AUTOMETRIC__
__AUTOMETRIC__|0.1.2|2147024|crew_log_1f038d80c602ee2f|0|1786748548.208|98.879|0.515|470720512|3366567936|gen_data_2eeeaa6bf15c9ba6|__AUTOMETRIC__
__AUTOMETRIC__|0.1.2|2147024|crew_log_1f038d80c602ee2f|0|1786748549.210|99.873|0.520|470720512|3366567936|gen_data_2eeeaa6bf15c9ba6|__AUTOMETRIC__
__AUTOMETRIC__|0.1.2|2147024|crew_log_1f038d80c602ee2f|0|1786748550.211|98.817|0.515|470720512|3366567936|gen_data_2eeeaa6bf15c9ba6|__AUTOMETRIC__
__AUTOMETRIC__|0.1.2|2147024|crew_log_1f038d80c602ee2f|0|1786748551.213|98.862|0.515|470720512|3366567936|gen_data_2eeeaa6bf15c9ba6|__AUTOMETRIC__
__AUTOMETRIC__|0.1.2|2147024|crew_log_1f038d80c602ee2f|0|1786748552.214|99.875|0.520|470720512|3366567936|gen_data_2eeeaa6bf15c9ba6|__AUTOMETRIC__
__AUTOMETRIC__|0.1.2|2147024|crew_log_1f038d80c602ee2f|0|1786748553.215|98.867|0.515|470720512|3366567936|gen_data_2eeeaa6bf15c9ba6|__AUTOMETRIC__
__AUTOMETRIC__|0.1.2|2147024|crew_log_1f038d80c602ee2f|0|1786748554.217|98.863|0.515|470720512|3366567936|gen_data_2eeeaa6bf15c9ba6|__AUTOMETRIC__
__AUTOMETRIC__|0.1.2|2147024|crew_log_1f038d80c602ee2f|0|1786748555.218|99.881|0.520|470720512|3366567936|gen_data_2eeeaa6bf15c9ba6|__AUTOMETRIC__
__AUTOMETRIC__|0.1.2|2147024|crew_log_1f038d80c602ee2f|0|1786748556.219|98.877|0.515|470720512|3366567936|gen_data_2eeeaa6bf15c9ba6|__AUTOMETRIC__
__AUTOMETRIC__|0.1.2|2147024|crew_log_1f038d80c602ee2f|0|1786748557.221|98.868|0.515|470720512|3366567936|gen_data_2eeeaa6bf15c9ba6|__AUTOMETRIC__
__AUTOMETRIC__|0.1.2|2147024|crew_log_1f038d80c602ee2f|0|1786748558.222|99.873|0.520|470720512|3366567936|gen_data_2eeeaa6bf15c9ba6|__AUTOMETRIC__
__AUTOMETRIC__|0.1.2|2147024|crew_log_1f038d80c602ee2f|0|1786748559.223|98.868|0.515|470720512|3366567936|gen_data_2eeeaa6bf15c9ba6|__AUTOMETRIC__
__AUTOMETRIC__|0.1.2|2147024|crew_log_1f038d80c602ee2f|0|1786748560.225|98.861|0.515|470720512|3366567936|gen_data_2eeeaa6bf15c9ba6|__AUTOMETRIC__
__AUTOMETRIC__|0.1.2|2147024|crew_log_1f038d80c602ee2f|0|1786748561.226|99.874|0.520|470720512|3366567936|gen_data_2eeeaa6bf15c9ba6|__AUTOMETRIC__
__AUTOMETRIC__|0.1.2|2147024|crew_log_1f038d80c602ee2f|0|1786748562.227|98.876|0.515|470720512|3366567936|gen_data_2eeeaa6bf15c9ba6|__AUTOMETRIC__
__AUTOMETRIC__|0.1.2|2147024|crew_log_1f038d80c602ee2f|0|1786748563.228|98.883|0.515|470720512|3366567936|gen_data_2eeeaa6bf15c9ba6|__AUTOMETRIC__
__AUTOMETRIC__|0.1.2|2147024|crew_log_1f038d80c602ee2f|0|1786748564.230|99.870|0.520|470720512|3366567936|gen_data_2eeeaa6bf15c9ba6|__AUTOMETRIC__
__AUTOMETRIC__|0.1.2|2147024|crew_log_1f038d80c602ee2f|0|1786748565.231|98.862|0.515|470720512|3366567936|gen_data_2eeeaa6bf15c9ba6|__AUTOMETRIC__
__AUTOMETRIC__|0.1.2|2147024|crew_log_1f038d80c602ee2f|0|1786748566.232|98.869|0.515|470720512|3366567936|gen_data_2eeeaa6bf15c9ba6|__AUTOMETRIC__
__AUTOMETRIC__|0.1.2|2147024|crew_log_1f038d80c602ee2f|0|1786748567.234|99.847|0.520|470720512|3366567936|gen_data_2eeeaa6bf15c9ba6|__AUTOMETRIC__
__AUTOMETRIC__|0.1.2|2147024|crew_log_1f038d80c602ee2f|0|1786748568.235|98.881|0.515|470720512|3366567936|gen_data_2eeeaa6bf15c9ba6|__AUTOMETRIC__
__AUTOMETRIC__|0.1.2|2147024|crew_log_1f038d80c602ee2f|0|1786748569.236|98.884|0.515|470720512|3366567936|gen_data_2eeeaa6bf15c9ba6|__AUTOMETRIC__
__AUTOMETRIC__|0.1.2|2147024|crew_log_1f038d80c602ee2f|0|1786748570.238|99.863|0.520|470720512|3366567936|gen_data_2eeeaa6bf15c9ba6|__AUTOMETRIC__
__AUTOMETRIC__|0.1.2|2147024|crew_log_1f038d80c602ee2f|0|1786748571.239|98.876|0.515|470720512|3366567936|gen_data_2eeeaa6bf15c9ba6|__AUTOMETRIC__
__AUTOMETRIC__|0.1.2|2147024|crew_log_1f038d80c602ee2f|0|1786748572.240|98.883|0.515|470720512|3366567936|gen_data_2eeeaa6bf15c9ba6|__AUTOMETRIC__
__AUTOMETRIC__|0.1.2|2147024|crew_log_1f038d80c602ee2f|0|1786748573.241|99.877|0.520|470720512|3366567936|gen_data_2eeeaa6bf15c9ba6|__AUTOMETRIC__
__AUTOMETRIC__|0.1.2|2147024|crew_log_1f038d80c602ee2f|0|1786748574.243|98.876|0.515|470720512|3366567936|gen_data_2eeeaa6bf15c9ba6|__AUTOMETRIC__
__AUTOMETRIC__|0.1.2|2147024|crew_log_1f038d80c602ee2f|0|1786748575.244|98.876|0.515|470720512|3366567936|gen_data_2eeeaa6bf15c9ba6|__AUTOMETRIC__
__AUTOMETRIC__|0.1.2|2147024|crew_log_1f038d80c602ee2f|0|1786748576.245|98.883|0.515|470720512|3366567936|gen_data_2eeeaa6bf15c9ba6|__AUTOMETRIC__
__AUTOMETRIC__|0.1.2|2147024|crew_log_1f038d80c602ee2f|0|1786748577.246|99.869|0.520|470720512|3366567936|gen_data_2eeeaa6bf15c9ba6|__AUTOMETRIC__
__AUTOMETRIC__|0.1.2|2147024|crew_log_1f038d80c602ee2f|0|1786748578.247|98.883|0.515|470720512|3366567936|gen_data_2eeeaa6bf15c9ba6|__AUTOMETRIC__
__AUTOMETRIC__|0.1.2|2147024|crew_log_1f038d80c602ee2f|0|1786748579.249|98.871|0.515|470720512|3366567936|gen_data_2eeeaa6bf15c9ba6|__AUTOMETRIC__
__AUTOMETRIC__|0.1.2|2147024|crew_log_1f038d80c602ee2f|0|1786748580.250|99.864|0.520|470720512|3366567936|gen_data_2eeeaa6bf15c9ba6|__AUTOMETRIC__
__AUTOMETRIC__|0.1.2|2147024|crew_log_1f038d80c602ee2f|0|1786748581.251|98.875|0.515|470720512|3366567936|gen_data_2eeeaa6bf15c9ba6|__AUTOMETRIC__
__AUTOMETRIC__|0.1.2|2147024|crew_log_1f038d80c602ee2f|0|1786748582.253|99.869|0.520|470720512|3366567936|gen_data_2eeeaa6bf15c9ba6|__AUTOMETRIC__
__AUTOMETRIC__|0.1.2|2147024|crew_log_1f038d80c602ee2f|0|1786748583.254|98.879|0.515|470720512|3366567936|gen_data_2eeeaa6bf15c9ba6|__AUTOMETRIC__
__AUTOMETRIC__|0.1.2|2147024|crew_log_1f038d80c602ee2f|0|1786748584.256|98.835|0.515|470720512|3366567936|gen_data_2eeeaa6bf15c9ba6|__AUTOMETRIC__
__AUTOMETRIC__|0.1.2|2147024|crew_log_1f038d80c602ee2f|0|1786748585.257|99.875|0.520|470720512|3366567936|gen_data_2eeeaa6bf15c9ba6|__AUTOMETRIC__
__AUTOMETRIC__|0.1.2|2147024|crew_log_1f038d80c602ee2f|0|1786748586.258|98.858|0.515|470720512|3366567936|gen_data_2eeeaa6bf15c9ba6|__AUTOMETRIC__
__AUTOMETRIC__|0.1.2|2147024|crew_log_1f038d80c602ee2f|0|1786748587.260|98.877|0.515|470720512|3366567936|gen_data_2eeeaa6bf15c9ba6|__AUTOMETRIC__
__AUTOMETRIC__|0.1.2|2147024|crew_log_1f038d80c602ee2f|0|1786748588.261|99.857|0.520|470720512|3366567936|gen_data_2eeeaa6bf15c9ba6|__AUTOMETRIC__
__AUTOMETRIC__|0.1.2|2147024|crew_log_1f038d80c602ee2f|0|1786748589.262|98.879|0.515|470720512|3366567936|gen_data_2eeeaa6bf15c9ba6|__AUTOMETRIC__
__AUTOMETRIC__|0.1.2|2147024|crew_log_1f038d80c602ee2f|0|1786748590.264|99.845|0.520|470720512|3366567936|gen_data_2eeeaa6bf15c9ba6|__AUTOMETRIC__
__AUTOMETRIC__|0.1.2|2147024|crew_log_1f038d80c602ee2f|0|1786748591.265|98.831|0.515|470720512|3366567936|gen_data_2eeeaa6bf15c9ba6|__AUTOMETRIC__
__AUTOMETRIC__|0.1.2|2147024|crew_log_1f038d80c602ee2f|0|1786748592.267|99.868|0.520|470720512|3366567936|gen_data_2eeeaa6bf15c9ba6|__AUTOMETRIC__
__AUTOMETRIC__|0.1.2|2147024|crew_log_1f038d80c602ee2f|0|1786748593.268|98.868|0.515|470720512|3366567936|gen_data_2eeeaa6bf15c9ba6|__AUTOMETRIC__
__AUTOMETRIC__|0.1.2|2147024|crew_log_1f038d80c602ee2f|0|1786748594.269|98.862|0.515|470720512|3366567936|gen_data_2eeeaa6bf15c9ba6|__AUTOMETRIC__
__AUTOMETRIC__|0.1.2|2147024|crew_log_1f038d80c602ee2f|0|1786748595.271|98.864|0.515|470720512|3366567936|gen_data_2eeeaa6bf15c9ba6|__AUTOMETRIC__
__AUTOMETRIC__|0.1.2|2147024|crew_log_1f038d80c602ee2f|0|1786748596.273|99.819|0.520|470720512|3366567936|gen_data_2eeeaa6bf15c9ba6|__AUTOMETRIC__
__AUTOMETRIC__|0.1.2|2147024|crew_log_1f038d80c602ee2f|0|1786748597.274|98.865|0.515|470720512|3366567936|gen_data_2eeeaa6bf15c9ba6|__AUTOMETRIC__
__AUTOMETRIC__|0.1.2|2147024|crew_log_1f038d80c602ee2f|0|1786748598.275|98.870|0.515|470720512|3366567936|gen_data_2eeeaa6bf15c9ba6|__AUTOMETRIC__
__AUTOMETRIC__|0.1.2|2147024|crew_log_1f038d80c602ee2f|0|1786748599.277|99.865|0.520|470720512|3366567936|gen_data_2eeeaa6bf15c9ba6|__AUTOMETRIC__
__AUTOMETRIC__|0.1.2|2147024|crew_log_1f038d80c602ee2f|0|1786748600.278|98.847|0.515|470720512|3366567936|gen_data_2eeeaa6bf15c9ba6|__AUTOMETRIC__
__AUTOMETRIC__|0.1.2|2147024|crew_log_1f038d80c602ee2f|0|1786748601.280|99.861|0.520|470720512|3366567936|gen_data_2eeeaa6bf15c9ba6|__AUTOMETRIC__
__AUTOMETRIC__|0.1.2|2147024|crew_log_1f038d80c602ee2f|0|1786748602.281|98.881|0.515|470720512|3366567936|gen_data_2eeeaa6bf15c9ba6|__AUTOMETRIC__
__AUTOMETRIC__|0.1.2|2147024|crew_log_1f038d80c602ee2f|0|1786748603.282|98.880|0.515|470720512|3366567936|gen_data_2eeeaa6bf15c9ba6|__AUTOMETRIC__
__AUTOMETRIC__|0.1.2|2147024|crew_log_1f038d80c602ee2f|0|1786748604.283|99.876|0.520|470720512|3366567936|gen_data_2eeeaa6bf15c9ba6|__AUTOMETRIC__
__AUTOMETRIC__|0.1.2|2147024|crew_log_1f038d80c602ee2f|0|1786748605.285|98.819|0.515|470720512|3366567936|gen_data_2eeeaa6bf15c9ba6|__AUTOMETRIC__
__AUTOMETRIC__|0.1.2|2147024|crew_log_1f038d80c602ee2f|0|1786748606.286|99.866|0.520|470720512|3366567936|gen_data_2eeeaa6bf15c9ba6|__AUTOMETRIC__
__AUTOMETRIC__|0.1.2|2147024|crew_log_1f038d80c602ee2f|0|1786748607.288|98.867|0.515|470720512|3366567936|gen_data_2eeeaa6bf15c9ba6|__AUTOMETRIC__
__AUTOMETRIC__|0.1.2|2147024|crew_log_1f038d80c602ee2f|0|1786748608.289|99.857|0.520|470720512|3366567936|gen_data_2eeeaa6bf15c9ba6|__AUTOMETRIC__
__AUTOMETRIC__|0.1.2|2147024|crew_log_1f038d80c602ee2f|0|1786748609.290|98.878|0.515|470720512|3366567936|gen_data_2eeeaa6bf15c9ba6|__AUTOMETRIC__
__AUTOMETRIC__|0.1.2|2147024|crew_log_1f038d80c602ee2f|0|1786748610.292|98.848|0.515|470720512|3366567936|gen_data_2eeeaa6bf15c9ba6|__AUTOMETRIC__
__AUTOMETRIC__|0.1.2|2147024|crew_log_1f038d80c602ee2f|0|1786748611.293|99.869|0.520|470720512|3366567936|gen_data_2eeeaa6bf15c9ba6|__AUTOMETRIC__
__AUTOMETRIC__|0.1.2|2147024|crew_log_1f038d80c602ee2f|0|1786748612.295|98.867|0.515|470720512|3366567936|gen_data_2eeeaa6bf15c9ba6|__AUTOMETRIC__
__AUTOMETRIC__|0.1.2|2147024|crew_log_1f038d80c602ee2f|0|1786748613.296|98.869|0.515|470720512|3366567936|gen_data_2eeeaa6bf15c9ba6|__AUTOMETRIC__
__AUTOMETRIC__|0.1.2|2147024|crew_log_1f038d80c602ee2f|0|1786748614.297|99.879|0.520|470720512|3366567936|gen_data_2eeeaa6bf15c9ba6|__AUTOMETRIC__
__AUTOMETRIC__|0.1.2|2147024|crew_log_1f038d80c602ee2f|0|1786748615.299|98.868|0.515|470720512|3366567936|gen_data_2eeeaa6bf15c9ba6|__AUTOMETRIC__
__AUTOMETRIC__|0.1.2|2147024|crew_log_1f038d80c602ee2f|0|1786748616.300|98.873|0.515|470720512|3366567936|gen_data_2eeeaa6bf15c9ba6|__AUTOMETRIC__
__AUTOMETRIC__|0.1.2|2147024|crew_log_1f038d80c602ee2f|0|1786748617.301|98.873|0.515|470720512|3366567936|gen_data_2eeeaa6bf15c9ba6|__AUTOMETRIC__
__AUTOMETRIC__|0.1.2|2147024|crew_log_1f038d80c602ee2f|0|1786748618.302|99.865|0.520|470720512|3366567936|gen_data_2eeeaa6bf15c9ba6|__AUTOMETRIC__
__AUTOMETRIC__|0.1.2|2147024|crew_log_1f038d80c602ee2f|0|1786748619.304|98.867|0.515|470720512|3366567936|gen_data_2eeeaa6bf15c9ba6|__AUTOMETRIC__
__AUTOMETRIC__|0.1.2|2147024|crew_log_1f038d80c602ee2f|0|1786748620.305|98.857|0.515|470720512|3366567936|gen_data_2eeeaa6bf15c9ba6|__AUTOMETRIC__
__AUTOMETRIC__|0.1.2|2147024|crew_log_1f038d80c602ee2f|0|1786748621.307|99.872|0.520|470720512|3366567936|gen_data_2eeeaa6bf15c9ba6|__AUTOMETRIC__
__AUTOMETRIC__|0.1.2|2147024|crew_log_1f038d80c602ee2f|0|1786748622.308|98.864|0.515|470720512|3366567936|gen_data_2eeeaa6bf15c9ba6|__AUTOMETRIC__
__AUTOMETRIC__|0.1.2|2147024|crew_log_1f038d80c602ee2f|0|1786748623.309|98.871|0.515|470720512|3366567936|gen_data_2eeeaa6bf15c9ba6|__AUTOMETRIC__
__AUTOMETRIC__|0.1.2|2147024|crew_log_1f038d80c602ee2f|0|1786748624.310|99.877|0.520|470720512|3366567936|gen_data_2eeeaa6bf15c9ba6|__AUTOMETRIC__
__AUTOMETRIC__|0.1.2|2147024|crew_log_1f038d80c602ee2f|0|1786748625.312|98.840|0.515|470720512|3366567936|gen_data_2eeeaa6bf15c9ba6|__AUTOMETRIC__
__AUTOMETRIC__|0.1.2|2147024|crew_log_1f038d80c602ee2f|0|1786748626.314|98.853|0.515|470720512|3366567936|gen_data_2eeeaa6bf15c9ba6|__AUTOMETRIC__
__AUTOMETRIC__|0.1.2|2147024|crew_log_1f038d80c602ee2f|0|1786748627.315|99.868|0.520|470720512|3366567936|gen_data_2eeeaa6bf15c9ba6|__AUTOMETRIC__
__AUTOMETRIC__|0.1.2|2147024|crew_log_1f038d80c602ee2f|0|1786748628.316|98.865|0.515|470720512|3366567936|gen_data_2eeeaa6bf15c9ba6|__AUTOMETRIC__
__AUTOMETRIC__|0.1.2|2147024|crew_log_1f038d80c602ee2f|0|1786748629.318|98.871|0.515|470720512|3366567936|gen_data_2eeeaa6bf15c9ba6|__AUTOMETRIC__
__AUTOMETRIC__|0.1.2|2147024|crew_log_1f038d80c602ee2f|0|1786748630.319|99.858|0.520|470720512|3366567936|gen_data_2eeeaa6bf15c9ba6|__AUTOMETRIC__
__AUTOMETRIC__|0.1.2|2147024|crew_log_1f038d80c602ee2f|0|1786748631.320|98.868|0.515|470720512|3366567936|gen_data_2eeeaa6bf15c9ba6|__AUTOMETRIC__
__AUTOMETRIC__|0.1.2|2147024|crew_log_1f038d80c602ee2f|0|1786748632.322|98.839|0.515|470720512|3366567936|gen_data_2eeeaa6bf15c9ba6|__AUTOMETRIC__
__AUTOMETRIC__|0.1.2|2147024|crew_log_1f038d80c602ee2f|0|1786748633.323|99.873|0.520|470720512|3366567936|gen_data_2eeeaa6bf15c9ba6|__AUTOMETRIC__
__AUTOMETRIC__|0.1.2|2147024|crew_log_1f038d80c602ee2f|0|1786748634.325|98.856|0.515|470720512|3366567936|gen_data_2eeeaa6bf15c9ba6|__AUTOMETRIC__
__AUTOMETRIC__|0.1.2|2147024|crew_log_1f038d80c602ee2f|0|1786748635.326|98.865|0.515|470720512|3366567936|gen_data_2eeeaa6bf15c9ba6|__AUTOMETRIC__
__AUTOMETRIC__|0.1.2|2147024|crew_log_1f038d80c602ee2f|0|1786748636.327|98.860|0.515|470720512|3366567936|gen_data_2eeeaa6bf15c9ba6|__AUTOMETRIC__
__AUTOMETRIC__|0.1.2|2147024|crew_log_1f038d80c602ee2f|0|1786748637.329|99.804|0.520|470720512|3366567936|gen_data_2eeeaa6bf15c9ba6|__AUTOMETRIC__
__AUTOMETRIC__|0.1.2|2147024|crew_log_1f038d80c602ee2f|0|1786748638.331|98.835|0.515|470720512|3366567936|gen_data_2eeeaa6bf15c9ba6|__AUTOMETRIC__
__AUTOMETRIC__|0.1.2|2147024|crew_log_1f038d80c602ee2f|0|1786748639.333|99.795|0.520|470720512|3366567936|gen_data_2eeeaa6bf15c9ba6|__AUTOMETRIC__
__AUTOMETRIC__|0.1.2|2147024|crew_log_1f038d80c602ee2f|0|1786748640.335|98.800|0.515|470720512|3366567936|gen_data_2eeeaa6bf15c9ba6|__AUTOMETRIC__
__AUTOMETRIC__|0.1.2|2147024|crew_log_1f038d80c602ee2f|0|1786748641.337|99.856|0.520|470720512|3366567936|gen_data_2eeeaa6bf15c9ba6|__AUTOMETRIC__
__AUTOMETRIC__|0.1.2|2147024|crew_log_1f038d80c602ee2f|0|1786748642.338|98.873|0.515|470720512|3366567936|gen_data_2eeeaa6bf15c9ba6|__AUTOMETRIC__
__AUTOMETRIC__|0.1.2|2147024|crew_log_1f038d80c602ee2f|0|1786748643.339|98.871|0.515|470720512|3366567936|gen_data_2eeeaa6bf15c9ba6|__AUTOMETRIC__
__AUTOMETRIC__|0.1.2|2147024|crew_log_1f038d80c602ee2f|0|1786748644.341|98.869|0.515|470720512|3366567936|gen_data_2eeeaa6bf15c9ba6|__AUTOMETRIC__
__AUTOMETRIC__|0.1.2|2147024|crew_log_1f038d80c602ee2f|0|1786748645.342|99.857|0.520|470720512|3366567936|gen_data_2eeeaa6bf15c9ba6|__AUTOMETRIC__
__AUTOMETRIC__|0.1.2|2147024|crew_log_1f038d80c602ee2f|0|1786748646.343|98.858|0.515|470720512|3366567936|gen_data_2eeeaa6bf15c9ba6|__AUTOMETRIC__
__AUTOMETRIC__|0.1.2|2147024|crew_log_1f038d80c602ee2f|0|1786748647.345|98.862|0.515|470720512|3366567936|gen_data_2eeeaa6bf15c9ba6|__AUTOMETRIC__
__AUTOMETRIC__|0.1.2|2147024|crew_log_1f038d80c602ee2f|0|1786748648.346|99.858|0.520|470720512|3366567936|gen_data_2eeeaa6bf15c9ba6|__AUTOMETRIC__
__AUTOMETRIC__|0.1.2|2147024|crew_log_1f038d80c602ee2f|0|1786748649.348|99.850|0.520|470720512|3366567936|gen_data_2eeeaa6bf15c9ba6|__AUTOMETRIC__
__AUTOMETRIC__|0.1.2|2147024|crew_log_1f038d80c602ee2f|0|1786748650.349|98.861|0.515|470720512|3366567936|gen_data_2eeeaa6bf15c9ba6|__AUTOMETRIC__
__AUTOMETRIC__|0.1.2|2147024|crew_log_1f038d80c602ee2f|0|1786748651.351|99.856|0.520|470720512|3366567936|gen_data_2eeeaa6bf15c9ba6|__AUTOMETRIC__
__AUTOMETRIC__|0.1.2|2147024|crew_log_1f038d80c602ee2f|0|1786748652.352|98.863|0.515|470720512|3366567936|gen_data_2eeeaa6bf15c9ba6|__AUTOMETRIC__
__AUTOMETRIC__|0.1.2|2147024|crew_log_1f038d80c602ee2f|0|1786748653.353|98.858|0.515|470720512|3366567936|gen_data_2eeeaa6bf15c9ba6|__AUTOMETRIC__
__AUTOMETRIC__|0.1.2|2147024|crew_log_1f038d80c602ee2f|0|1786748654.356|99.753|0.520|470720512|3366567936|gen_data_2eeeaa6bf15c9ba6|__AUTOMETRIC__
__AUTOMETRIC__|0.1.2|2147024|crew_log_1f038d80c602ee2f|0|1786748655.357|98.844|0.515|470720512|3366567936|gen_data_2eeeaa6bf15c9ba6|__AUTOMETRIC__
__AUTOMETRIC__|0.1.2|2147024|crew_log_1f038d80c602ee2f|0|1786748656.359|99.854|0.520|470720512|3366567936|gen_data_2eeeaa6bf15c9ba6|__AUTOMETRIC__
__AUTOMETRIC__|0.1.2|2147024|crew_log_1f038d80c602ee2f|0|1786748657.363|98.576|0.513|470720512|3366567936|gen_data_2eeeaa6bf15c9ba6|__AUTOMETRIC__
__AUTOMETRIC__|0.1.2|2147024|crew_log_1f038d80c602ee2f|0|1786748658.365|99.825|0.520|470720512|3366567936|gen_data_2eeeaa6bf15c9ba6|__AUTOMETRIC__
__AUTOMETRIC__|0.1.2|2147024|crew_log_1f038d80c602ee2f|0|1786748659.366|98.850|0.515|470720512|3366567936|gen_data_2eeeaa6bf15c9ba6|__AUTOMETRIC__
__AUTOMETRIC__|0.1.2|2147024|crew_log_1f038d80c602ee2f|0|1786748660.368|98.831|0.515|470720512|3366567936|gen_data_2eeeaa6bf15c9ba6|__AUTOMETRIC__
__AUTOMETRIC__|0.1.2|2147024|crew_log_1f038d80c602ee2f|0|1786748661.370|99.849|0.520|470720512|3366567936|gen_data_2eeeaa6bf15c9ba6|__AUTOMETRIC__
__AUTOMETRIC__|0.1.2|2147024|crew_log_1f038d80c602ee2f|0|1786748662.371|98.854|0.515|470720512|3366567936|gen_data_2eeeaa6bf15c9ba6|__AUTOMETRIC__
__AUTOMETRIC__|0.1.2|2147024|crew_log_1f038d80c602ee2f|0|1786748663.373|98.843|0.515|470720512|3366567936|gen_data_2eeeaa6bf15c9ba6|__AUTOMETRIC__
__AUTOMETRIC__|0.1.2|2147024|crew_log_1f038d80c602ee2f|0|1786748664.374|99.847|0.520|470720512|3366567936|gen_data_2eeeaa6bf15c9ba6|__AUTOMETRIC__
__AUTOMETRIC__|0.1.2|2147024|crew_log_1f038d80c602ee2f|0|1786748665.376|98.865|0.515|470720512|3366567936|gen_data_2eeeaa6bf15c9ba6|__AUTOMETRIC__
__AUTOMETRIC__|0.1.2|2147024|crew_log_1f038d80c602ee2f|0|1786748666.377|98.860|0.515|470720512|3366567936|gen_data_2eeeaa6bf15c9ba6|__AUTOMETRIC__
__AUTOMETRIC__|0.1.2|2147024|crew_log_1f038d80c602ee2f|0|1786748667.379|98.858|0.515|470720512|3366567936|gen_data_2eeeaa6bf15c9ba6|__AUTOMETRIC__
__AUTOMETRIC__|0.1.2|2147024|crew_log_1f038d80c602ee2f|0|1786748668.380|99.857|0.520|470720512|3366567936|gen_data_2eeeaa6bf15c9ba6|__AUTOMETRIC__
__AUTOMETRIC__|0.1.2|2147024|crew_log_1f038d80c602ee2f|0|1786748669.381|98.855|0.515|470720512|3366567936|gen_data_2eeeaa6bf15c9ba6|__AUTOMETRIC__
__AUTOMETRIC__|0.1.2|2147024|crew_log_1f038d80c602ee2f|0|1786748670.383|99.841|0.520|470720512|3366567936|gen_data_2eeeaa6bf15c9ba6|__AUTOMETRIC__
__AUTOMETRIC__|0.1.2|2147024|crew_log_1f038d80c602ee2f|0|1786748671.385|98.832|0.515|470720512|3366567936|gen_data_2eeeaa6bf15c9ba6|__AUTOMETRIC__
__AUTOMETRIC__|0.1.2|2147024|crew_log_1f038d80c602ee2f|0|1786748672.386|98.842|0.515|470720512|3366567936|gen_data_2eeeaa6bf15c9ba6|__AUTOMETRIC__
__AUTOMETRIC__|0.1.2|2147024|crew_log_1f038d80c602ee2f|0|1786748673.389|99.709|0.519|470720512|3366567936|gen_data_2eeeaa6bf15c9ba6|__AUTOMETRIC__
__AUTOMETRIC__|0.1.2|2147024|crew_log_1f038d80c602ee2f|0|1786748674.393|98.589|0.513|470720512|3366567936|gen_data_2eeeaa6bf15c9ba6|__AUTOMETRIC__
__AUTOMETRIC__|0.1.2|2147024|crew_log_1f038d80c602ee2f|0|1786748675.395|99.841|0.520|470720512|3366567936|gen_data_2eeeaa6bf15c9ba6|__AUTOMETRIC__
__AUTOMETRIC__|0.1.2|2147024|crew_log_1f038d80c602ee2f|0|1786748676.398|98.688|0.514|470720512|3366567936|gen_data_2eeeaa6bf15c9ba6|__AUTOMETRIC__
__AUTOMETRIC__|0.1.2|2147024|crew_log_1f038d80c602ee2f|0|1786748677.403|99.536|0.518|470720512|3366567936|gen_data_2eeeaa6bf15c9ba6|__AUTOMETRIC__
__AUTOMETRIC__|0.1.2|2147024|crew_log_1f038d80c602ee2f|0|1786748678.404|98.853|0.515|470720512|3366567936|gen_data_2eeeaa6bf15c9ba6|__AUTOMETRIC__
__AUTOMETRIC__|0.1.2|2147024|crew_log_1f038d80c602ee2f|0|1786748679.406|98.852|0.515|470720512|3366567936|gen_data_2eeeaa6bf15c9ba6|__AUTOMETRIC__
__AUTOMETRIC__|0.1.2|2147024|crew_log_1f038d80c602ee2f|0|1786748680.407|99.831|0.520|470720512|3366567936|gen_data_2eeeaa6bf15c9ba6|__AUTOMETRIC__
__AUTOMETRIC__|0.1.2|2147024|crew_log_1f038d80c602ee2f|0|1786748681.409|98.859|0.515|470720512|3366567936|gen_data_2eeeaa6bf15c9ba6|__AUTOMETRIC__
__AUTOMETRIC__|0.1.2|2147024|crew_log_1f038d80c602ee2f|0|1786748682.410|99.858|0.520|470720512|3366567936|gen_data_2eeeaa6bf15c9ba6|__AUTOMETRIC__
__AUTOMETRIC__|0.1.2|2147024|crew_log_1f038d80c602ee2f|0|1786748683.412|98.857|0.515|470720512|3366567936|gen_data_2eeeaa6bf15c9ba6|__AUTOMETRIC__
__AUTOMETRIC__|0.1.2|2147024|crew_log_1f038d80c602ee2f|0|1786748684.413|99.855|0.520|470720512|3366567936|gen_data_2eeeaa6bf15c9ba6|__AUTOMETRIC__
__AUTOMETRIC__|0.1.2|2147024|crew_log_1f038d80c602ee2f|0|1786748685.415|98.864|0.515|470720512|3366567936|gen_data_2eeeaa6bf15c9ba6|__AUTOMETRIC__
__AUTOMETRIC__|0.1.2|2147024|crew_log_1f038d80c602ee2f|0|1786748686.416|98.854|0.515|470720512|3366567936|gen_data_2eeeaa6bf15c9ba6|__AUTOMETRIC__
__AUTOMETRIC__|0.1.2|2147024|crew_log_1f038d80c602ee2f|0|1786748687.418|98.849|0.515|470720512|3366567936|gen_data_2eeeaa6bf15c9ba6|__AUTOMETRIC__
__AUTOMETRIC__|0.1.2|2147024|crew_log_1f038d80c602ee2f|0|1786748688.419|99.877|0.520|470720512|3366567936|gen_data_2eeeaa6bf15c9ba6|__AUTOMETRIC__
__AUTOMETRIC__|0.1.2|2147024|crew_log_1f038d80c602ee2f|0|1786748689.420|98.863|0.515|470720512|3366567936|gen_data_2eeeaa6bf15c9ba6|__AUTOMETRIC__
__AUTOMETRIC__|0.1.2|2147024|crew_log_1f038d80c602ee2f|0|1786748690.422|98.865|0.515|470720512|3366567936|gen_data_2eeeaa6bf15c9ba6|__AUTOMETRIC__
__AUTOMETRIC__|0.1.2|2147024|crew_log_1f038d80c602ee2f|0|1786748691.423|99.878|0.520|470720512|3366567936|gen_data_2eeeaa6bf15c9ba6|__AUTOMETRIC__
__AUTOMETRIC__|0.1.2|2147024|crew_log_1f038d80c602ee2f|0|1786748692.424|98.889|0.515|470720512|3366567936|gen_data_2eeeaa6bf15c9ba6|__AUTOMETRIC__
__AUTOMETRIC__|0.1.2|2147024|crew_log_1f038d80c602ee2f|0|1786748693.425|99.866|0.520|470720512|3366567936|gen_data_2eeeaa6bf15c9ba6|__AUTOMETRIC__
__AUTOMETRIC__|0.1.2|2147024|crew_log_1f038d80c602ee2f|0|1786748694.426|98.882|0.515|470720512|3366567936|gen_data_2eeeaa6bf15c9ba6|__AUTOMETRIC__
__AUTOMETRIC__|0.1.2|2147024|crew_log_1f038d80c602ee2f|0|1786748695.428|99.864|0.520|470720512|3366567936|gen_data_2eeeaa6bf15c9ba6|__AUTOMETRIC__
__AUTOMETRIC__|0.1.2|2147024|crew_log_1f038d80c602ee2f|0|1786748696.429|98.873|0.515|470720512|3366567936|gen_data_2eeeaa6bf15c9ba6|__AUTOMETRIC__
__AUTOMETRIC__|0.1.2|2147024|crew_log_1f038d80c602ee2f|0|1786748697.430|99.876|0.520|470720512|3366567936|gen_data_2eeeaa6bf15c9ba6|__AUTOMETRIC__
__AUTOMETRIC__|0.1.2|2147024|crew_log_1f038d80c602ee2f|0|1786748698.432|98.868|0.515|470720512|3366567936|gen_data_2eeeaa6bf15c9ba6|__AUTOMETRIC__
__AUTOMETRIC__|0.1.2|2147024|crew_log_1f038d80c602ee2f|0|1786748699.433|98.881|0.515|470720512|3366567936|gen_data_2eeeaa6bf15c9ba6|__AUTOMETRIC__
__AUTOMETRIC__|0.1.2|2147024|crew_log_1f038d80c602ee2f|0|1786748700.434|99.856|0.520|470720512|3366567936|gen_data_2eeeaa6bf15c9ba6|__AUTOMETRIC__
__AUTOMETRIC__|0.1.2|2147024|crew_log_1f038d80c602ee2f|0|1786748701.436|98.866|0.515|470720512|3366567936|gen_data_2eeeaa6bf15c9ba6|__AUTOMETRIC__
__AUTOMETRIC__|0.1.2|2147024|crew_log_1f038d80c602ee2f|0|1786748702.437|98.873|0.515|470720512|3366567936|gen_data_2eeeaa6bf15c9ba6|__AUTOMETRIC__
__AUTOMETRIC__|0.1.2|2147024|crew_log_1f038d80c602ee2f|0|1786748703.438|98.855|0.515|470720512|3366567936|gen_data_2eeeaa6bf15c9ba6|__AUTOMETRIC__
__AUTOMETRIC__|0.1.2|2147024|crew_log_1f038d80c602ee2f|0|1786748704.440|99.868|0.520|470720512|3366567936|gen_data_2eeeaa6bf15c9ba6|__AUTOMETRIC__
__AUTOMETRIC__|0.1.2|2147024|crew_log_1f038d80c602ee2f|0|1786748705.441|98.863|0.515|470720512|3366567936|gen_data_2eeeaa6bf15c9ba6|__AUTOMETRIC__
__AUTOMETRIC__|0.1.2|2147024|crew_log_1f038d80c602ee2f|0|1786748706.443|99.843|0.520|470720512|3366567936|gen_data_2eeeaa6bf15c9ba6|__AUTOMETRIC__
__AUTOMETRIC__|0.1.2|2147024|crew_log_1f038d80c602ee2f|0|1786748707.444|98.859|0.515|470720512|3366567936|gen_data_2eeeaa6bf15c9ba6|__AUTOMETRIC__
__AUTOMETRIC__|0.1.2|2147024|crew_log_1f038d80c602ee2f|0|1786748708.445|94.886|0.494|472293376|3570302976|gen_data_520099088186631f|__AUTOMETRIC__
__AUTOMETRIC__|0.1.2|2147024|crew_log_1f038d80c602ee2f|0|1786748709.447|98.870|0.515|472293376|3570302976|gen_data_520099088186631f|__AUTOMETRIC__
__AUTOMETRIC__|0.1.2|2147024|crew_log_1f038d80c602ee2f|0|1786748710.448|98.837|0.515|472293376|3570302976|gen_data_520099088186631f|__AUTOMETRIC__
__AUTOMETRIC__|0.1.2|2147024|crew_log_1f038d80c602ee2f|0|1786748711.450|99.874|0.520|472293376|3570302976|gen_data_520099088186631f|__AUTOMETRIC__
__AUTOMETRIC__|0.1.2|2147024|crew_log_1f038d80c602ee2f|0|1786748712.451|98.858|0.515|472293376|3570302976|gen_data_520099088186631f|__AUTOMETRIC__
__AUTOMETRIC__|0.1.2|2147024|crew_log_1f038d80c602ee2f|0|1786748713.453|98.848|0.515|472293376|3570302976|gen_data_520099088186631f|__AUTOMETRIC__
__AUTOMETRIC__|0.1.2|2147024|crew_log_1f038d80c602ee2f|0|1786748714.454|99.852|0.520|472293376|3570302976|gen_data_520099088186631f|__AUTOMETRIC__
__AUTOMETRIC__|0.1.2|2147024|crew_log_1f038d80c602ee2f|0|1786748715.455|98.870|0.515|472293376|3570302976|gen_data_520099088186631f|__AUTOMETRIC__
__AUTOMETRIC__|0.1.2|2147024|crew_log_1f038d80c602ee2f|0|1786748716.457|99.839|0.520|472293376|3570302976|gen_data_520099088186631f|__AUTOMETRIC__
__AUTOMETRIC__|0.1.2|2147024|crew_log_1f038d80c602ee2f|0|1786748717.461|98.623|0.514|472293376|3570302976|gen_data_520099088186631f|__AUTOMETRIC__
__AUTOMETRIC__|0.1.2|2147024|crew_log_1f038d80c602ee2f|0|1786748718.464|99.707|0.519|472293376|3570302976|gen_data_520099088186631f|__AUTOMETRIC__
__AUTOMETRIC__|0.1.2|2147024|crew_log_1f038d80c602ee2f|0|1786748719.467|98.709|0.514|472293376|3570302976|gen_data_520099088186631f|__AUTOMETRIC__
__AUTOMETRIC__|0.1.2|2147024|crew_log_1f038d80c602ee2f|0|1786748720.468|98.833|0.515|472293376|3570302976|gen_data_520099088186631f|__AUTOMETRIC__
__AUTOMETRIC__|0.1.2|2147024|crew_log_1f038d80c602ee2f|0|1786748721.470|99.864|0.520|472293376|3570302976|gen_data_520099088186631f|__AUTOMETRIC__
__AUTOMETRIC__|0.1.2|2147024|crew_log_1f038d80c602ee2f|0|1786748722.471|98.856|0.515|472293376|3570302976|gen_data_520099088186631f|__AUTOMETRIC__
__AUTOMETRIC__|0.1.2|2147024|crew_log_1f038d80c602ee2f|0|1786748723.473|99.845|0.520|472293376|3570302976|gen_data_520099088186631f|__AUTOMETRIC__
__AUTOMETRIC__|0.1.2|2147024|crew_log_1f038d80c602ee2f|0|1786748724.474|98.849|0.515|472293376|3570302976|gen_data_520099088186631f|__AUTOMETRIC__
__AUTOMETRIC__|0.1.2|2147024|crew_log_1f038d80c602ee2f|0|1786748725.476|98.848|0.515|472293376|3570302976|gen_data_520099088186631f|__AUTOMETRIC__
__AUTOMETRIC__|0.1.2|2147024|crew_log_1f038d80c602ee2f|0|1786748726.477|98.829|0.515|472293376|3570302976|gen_data_520099088186631f|__AUTOMETRIC__
__AUTOMETRIC__|0.1.2|2147024|crew_log_1f038d80c602ee2f|0|1786748727.479|99.849|0.520|472293376|3570302976|gen_data_520099088186631f|__AUTOMETRIC__
__AUTOMETRIC__|0.1.2|2147024|crew_log_1f038d80c602ee2f|0|1786748728.480|98.857|0.515|472293376|3570302976|gen_data_520099088186631f|__AUTOMETRIC__
__AUTOMETRIC__|0.1.2|2147024|crew_log_1f038d80c602ee2f|0|1786748729.482|98.851|0.515|472293376|3570302976|gen_data_520099088186631f|__AUTOMETRIC__
__AUTOMETRIC__|0.1.2|2147024|crew_log_1f038d80c602ee2f|0|1786748730.491|99.064|0.516|472293376|3570302976|gen_data_520099088186631f|__AUTOMETRIC__
__AUTOMETRIC__|0.1.2|2147024|crew_log_1f038d80c602ee2f|0|1786748731.493|99.852|0.520|472293376|3570302976|gen_data_520099088186631f|__AUTOMETRIC__
__AUTOMETRIC__|0.1.2|2147024|crew_log_1f038d80c602ee2f|0|1786748732.495|98.751|0.514|472293376|3570302976|gen_data_520099088186631f|__AUTOMETRIC__
__AUTOMETRIC__|0.1.2|2147024|crew_log_1f038d80c602ee2f|0|1786748733.497|98.858|0.515|472293376|3570302976|gen_data_520099088186631f|__AUTOMETRIC__
__AUTOMETRIC__|0.1.2|2147024|crew_log_1f038d80c602ee2f|0|1786748734.499|99.804|0.520|472293376|3570302976|gen_data_520099088186631f|__AUTOMETRIC__
__AUTOMETRIC__|0.1.2|2147024|crew_log_1f038d80c602ee2f|0|1786748735.501|98.765|0.514|472293376|3570302976|gen_data_520099088186631f|__AUTOMETRIC__
__AUTOMETRIC__|0.1.2|2147024|crew_log_1f038d80c602ee2f|0|1786748736.503|99.775|0.520|472293376|3570302976|gen_data_520099088186631f|__AUTOMETRIC__
__AUTOMETRIC__|0.1.2|2147024|crew_log_1f038d80c602ee2f|0|1786748737.505|98.861|0.515|472293376|3570302976|gen_data_520099088186631f|__AUTOMETRIC__
__AUTOMETRIC__|0.1.2|2147024|crew_log_1f038d80c602ee2f|0|1786748738.506|98.848|0.515|472293376|3570302976|gen_data_520099088186631f|__AUTOMETRIC__
__AUTOMETRIC__|0.1.2|2147024|crew_log_1f038d80c602ee2f|0|1786748739.508|98.863|0.515|472293376|3570302976|gen_data_520099088186631f|__AUTOMETRIC__
__AUTOMETRIC__|0.1.2|2147024|crew_log_1f038d80c602ee2f|0|1786748740.509|99.837|0.520|472293376|3570302976|gen_data_520099088186631f|__AUTOMETRIC__
__AUTOMETRIC__|0.1.2|2147024|crew_log_1f038d80c602ee2f|0|1786748741.511|98.864|0.515|472293376|3570302976|gen_data_520099088186631f|__AUTOMETRIC__
__AUTOMETRIC__|0.1.2|2147024|crew_log_1f038d80c602ee2f|0|1786748742.512|98.864|0.515|472293376|3570302976|gen_data_520099088186631f|__AUTOMETRIC__
__AUTOMETRIC__|0.1.2|2147024|crew_log_1f038d80c602ee2f|0|1786748743.514|99.866|0.520|472293376|3570302976|gen_data_520099088186631f|__AUTOMETRIC__
__AUTOMETRIC__|0.1.2|2147024|crew_log_1f038d80c602ee2f|0|1786748744.515|98.856|0.515|472293376|3570302976|gen_data_520099088186631f|__AUTOMETRIC__
__AUTOMETRIC__|0.1.2|2147024|crew_log_1f038d80c602ee2f|0|1786748745.517|98.818|0.515|472293376|3570302976|gen_data_520099088186631f|__AUTOMETRIC__
__AUTOMETRIC__|0.1.2|2147024|crew_log_1f038d80c602ee2f|0|1786748746.518|98.854|0.515|472293376|3570302976|gen_data_520099088186631f|__AUTOMETRIC__
__AUTOMETRIC__|0.1.2|2147024|crew_log_1f038d80c602ee2f|0|1786748747.520|99.852|0.520|472293376|3570302976|gen_data_520099088186631f|__AUTOMETRIC__
__AUTOMETRIC__|0.1.2|2147024|crew_log_1f038d80c602ee2f|0|1786748748.521|98.873|0.515|472293376|3570302976|gen_data_520099088186631f|__AUTOMETRIC__
__AUTOMETRIC__|0.1.2|2147024|crew_log_1f038d80c602ee2f|0|1786748749.523|98.816|0.515|472293376|3570302976|gen_data_520099088186631f|__AUTOMETRIC__
__AUTOMETRIC__|0.1.2|2147024|crew_log_1f038d80c602ee2f|0|1786748750.524|98.853|0.515|472293376|3570302976|gen_data_520099088186631f|__AUTOMETRIC__
__AUTOMETRIC__|0.1.2|2147024|crew_log_1f038d80c602ee2f|0|1786748751.526|99.877|0.520|472293376|3570302976|gen_data_520099088186631f|__AUTOMETRIC__
__AUTOMETRIC__|0.1.2|2147024|crew_log_1f038d80c602ee2f|0|1786748752.527|98.866|0.515|472293376|3570302976|gen_data_520099088186631f|__AUTOMETRIC__
__AUTOMETRIC__|0.1.2|2147024|crew_log_1f038d80c602ee2f|0|1786748753.528|98.864|0.515|472293376|3570302976|gen_data_520099088186631f|__AUTOMETRIC__
__AUTOMETRIC__|0.1.2|2147024|crew_log_1f038d80c602ee2f|0|1786748754.530|98.878|0.515|472293376|3570302976|gen_data_520099088186631f|__AUTOMETRIC__
__AUTOMETRIC__|0.1.2|2147024|crew_log_1f038d80c602ee2f|0|1786748755.531|99.850|0.520|472293376|3570302976|gen_data_520099088186631f|__AUTOMETRIC__
__AUTOMETRIC__|0.1.2|2147024|crew_log_1f038d80c602ee2f|0|1786748756.532|98.880|0.515|472293376|3570302976|gen_data_520099088186631f|__AUTOMETRIC__
__AUTOMETRIC__|0.1.2|2147024|crew_log_1f038d80c602ee2f|0|1786748757.534|99.854|0.520|472293376|3570302976|gen_data_520099088186631f|__AUTOMETRIC__
__AUTOMETRIC__|0.1.2|2147024|crew_log_1f038d80c602ee2f|0|1786748758.535|98.863|0.515|472293376|3570302976|gen_data_520099088186631f|__AUTOMETRIC__
__AUTOMETRIC__|0.1.2|2147024|crew_log_1f038d80c602ee2f|0|1786748759.537|98.802|0.515|472293376|3570302976|gen_data_520099088186631f|__AUTOMETRIC__
__AUTOMETRIC__|0.1.2|2147024|crew_log_1f038d80c602ee2f|0|1786748760.539|99.864|0.520|472293376|3570302976|gen_data_520099088186631f|__AUTOMETRIC__
__AUTOMETRIC__|0.1.2|2147024|crew_log_1f038d80c602ee2f|0|1786748761.540|98.883|0.515|472293376|3570302976|gen_data_520099088186631f|__AUTOMETRIC__
__AUTOMETRIC__|0.1.2|2147024|crew_log_1f038d80c602ee2f|0|1786748762.541|98.873|0.515|472293376|3570302976|gen_data_520099088186631f|__AUTOMETRIC__
__AUTOMETRIC__|0.1.2|2147024|crew_log_1f038d80c602ee2f|0|1786748763.542|99.864|0.520|472293376|3570302976|gen_data_520099088186631f|__AUTOMETRIC__
__AUTOMETRIC__|0.1.2|2147024|crew_log_1f038d80c602ee2f|0|1786748764.545|98.774|0.514|472293376|3570302976|gen_data_520099088186631f|__AUTOMETRIC__
__AUTOMETRIC__|0.1.2|2147024|crew_log_1f038d80c602ee2f|0|1786748765.546|98.887|0.515|472293376|3570302976|gen_data_520099088186631f|__AUTOMETRIC__
__AUTOMETRIC__|0.1.2|2147024|crew_log_1f038d80c602ee2f|0|1786748766.547|99.881|0.520|472293376|3570302976|gen_data_520099088186631f|__AUTOMETRIC__
__AUTOMETRIC__|0.1.2|2147024|crew_log_1f038d80c602ee2f|0|1786748767.548|98.877|0.515|472293376|3570302976|gen_data_520099088186631f|__AUTOMETRIC__
__AUTOMETRIC__|0.1.2|2147024|crew_log_1f038d80c602ee2f|0|1786748768.550|98.872|0.515|472293376|3570302976|gen_data_520099088186631f|__AUTOMETRIC__
__AUTOMETRIC__|0.1.2|2147024|crew_log_1f038d80c602ee2f|0|1786748769.551|99.866|0.520|472293376|3570302976|gen_data_520099088186631f|__AUTOMETRIC__
__AUTOMETRIC__|0.1.2|2147024|crew_log_1f038d80c602ee2f|0|1786748770.552|98.848|0.515|472293376|3570302976|gen_data_520099088186631f|__AUTOMETRIC__
__AUTOMETRIC__|0.1.2|2147024|crew_log_1f038d80c602ee2f|0|1786748771.554|99.869|0.520|472293376|3570302976|gen_data_520099088186631f|__AUTOMETRIC__
__AUTOMETRIC__|0.1.2|2147024|crew_log_1f038d80c602ee2f|0|1786748772.556|98.775|0.514|472293376|3570302976|gen_data_520099088186631f|__AUTOMETRIC__
__AUTOMETRIC__|0.1.2|2147024|crew_log_1f038d80c602ee2f|0|1786748773.557|98.866|0.515|472293376|3570302976|gen_data_520099088186631f|__AUTOMETRIC__
__AUTOMETRIC__|0.1.2|2147024|crew_log_1f038d80c602ee2f|0|1786748774.559|99.863|0.520|472293376|3570302976|gen_data_520099088186631f|__AUTOMETRIC__
__AUTOMETRIC__|0.1.2|2147024|crew_log_1f038d80c602ee2f|0|1786748775.561|98.817|0.515|472293376|3570302976|gen_data_520099088186631f|__AUTOMETRIC__
__AUTOMETRIC__|0.1.2|2147024|crew_log_1f038d80c602ee2f|0|1786748776.562|99.880|0.520|472293376|3570302976|gen_data_520099088186631f|__AUTOMETRIC__
__AUTOMETRIC__|0.1.2|2147024|crew_log_1f038d80c602ee2f|0|1786748777.563|98.877|0.515|472293376|3570302976|gen_data_520099088186631f|__AUTOMETRIC__
__AUTOMETRIC__|0.1.2|2147024|crew_log_1f038d80c602ee2f|0|1786748778.565|98.833|0.515|472293376|3570302976|gen_data_520099088186631f|__AUTOMETRIC__
__AUTOMETRIC__|0.1.2|2147024|crew_log_1f038d80c602ee2f|0|1786748779.566|98.872|0.515|472293376|3570302976|gen_data_520099088186631f|__AUTOMETRIC__
__AUTOMETRIC__|0.1.2|2147024|crew_log_1f038d80c602ee2f|0|1786748780.567|99.861|0.520|472293376|3570302976|gen_data_520099088186631f|__AUTOMETRIC__
__AUTOMETRIC__|0.1.2|2147024|crew_log_1f038d80c602ee2f|0|1786748781.569|98.873|0.515|472293376|3570302976|gen_data_520099088186631f|__AUTOMETRIC__
__AUTOMETRIC__|0.1.2|2147024|crew_log_1f038d80c602ee2f|0|1786748782.570|98.872|0.515|472293376|3570302976|gen_data_520099088186631f|__AUTOMETRIC__
__AUTOMETRIC__|0.1.2|2147024|crew_log_1f038d80c602ee2f|0|1786748783.571|98.880|0.515|472293376|3570302976|gen_data_520099088186631f|__AUTOMETRIC__
__AUTOMETRIC__|0.1.2|2147024|crew_log_1f038d80c602ee2f|0|1786748784.574|99.698|0.519|472293376|3570302976|gen_data_520099088186631f|__AUTOMETRIC__
__AUTOMETRIC__|0.1.2|2147024|crew_log_1f038d80c602ee2f|0|1786748785.575|98.878|0.515|472293376|3570302976|gen_data_520099088186631f|__AUTOMETRIC__
__AUTOMETRIC__|0.1.2|2147024|crew_log_1f038d80c602ee2f|0|1786748786.577|99.850|0.520|472293376|3570302976|gen_data_520099088186631f|__AUTOMETRIC__
__AUTOMETRIC__|0.1.2|2147024|crew_log_1f038d80c602ee2f|0|1786748787.578|98.865|0.515|472293376|3570302976|gen_data_520099088186631f|__AUTOMETRIC__
__AUTOMETRIC__|0.1.2|2147024|crew_log_1f038d80c602ee2f|0|1786748788.580|98.858|0.515|472293376|3570302976|gen_data_520099088186631f|__AUTOMETRIC__
__AUTOMETRIC__|0.1.2|2147024|crew_log_1f038d80c602ee2f|0|1786748789.581|99.859|0.520|472293376|3570302976|gen_data_520099088186631f|__AUTOMETRIC__
__AUTOMETRIC__|0.1.2|2147024|crew_log_1f038d80c602ee2f|0|1786748790.583|98.847|0.515|472293376|3570302976|gen_data_520099088186631f|__AUTOMETRIC__
__AUTOMETRIC__|0.1.2|2147024|crew_log_1f038d80c602ee2f|0|1786748791.584|98.869|0.515|472293376|3570302976|gen_data_520099088186631f|__AUTOMETRIC__
__AUTOMETRIC__|0.1.2|2147024|crew_log_1f038d80c602ee2f|0|1786748792.585|99.873|0.520|472293376|3570302976|gen_data_520099088186631f|__AUTOMETRIC__
__AUTOMETRIC__|0.1.2|2147024|crew_log_1f038d80c602ee2f|0|1786748793.586|98.884|0.515|472293376|3570302976|gen_data_520099088186631f|__AUTOMETRIC__
__AUTOMETRIC__|0.1.2|2147024|crew_log_1f038d80c602ee2f|0|1786748794.588|99.888|0.520|472293376|3570302976|gen_data_520099088186631f|__AUTOMETRIC__
__AUTOMETRIC__|0.1.2|2147024|crew_log_1f038d80c602ee2f|0|1786748795.589|98.870|0.515|472293376|3570302976|gen_data_520099088186631f|__AUTOMETRIC__
__AUTOMETRIC__|0.1.2|2147024|crew_log_1f038d80c602ee2f|0|1786748796.590|98.893|0.515|472293376|3570302976|gen_data_520099088186631f|__AUTOMETRIC__
__AUTOMETRIC__|0.1.2|2147024|crew_log_1f038d80c602ee2f|0|1786748797.591|99.883|0.520|472293376|3570302976|gen_data_520099088186631f|__AUTOMETRIC__
__AUTOMETRIC__|0.1.2|2147024|crew_log_1f038d80c602ee2f|0|1786748798.592|98.871|0.515|472293376|3570302976|gen_data_520099088186631f|__AUTOMETRIC__
__AUTOMETRIC__|0.1.2|2147024|crew_log_1f038d80c602ee2f|0|1786748799.594|98.878|0.515|472293376|3570302976|gen_data_520099088186631f|__AUTOMETRIC__
__AUTOMETRIC__|0.1.2|2147024|crew_log_1f038d80c602ee2f|0|1786748800.596|99.819|0.520|472293376|3570302976|gen_data_520099088186631f|__AUTOMETRIC__
__AUTOMETRIC__|0.1.2|2147024|crew_log_1f038d80c602ee2f|0|1786748801.597|98.883|0.515|472293376|3570302976|gen_data_520099088186631f|__AUTOMETRIC__
__AUTOMETRIC__|0.1.2|2147024|crew_log_1f038d80c602ee2f|0|1786748802.598|99.859|0.520|472293376|3570302976|gen_data_520099088186631f|__AUTOMETRIC__
__AUTOMETRIC__|0.1.2|2147024|crew_log_1f038d80c602ee2f|0|1786748803.599|98.880|0.515|472293376|3570302976|gen_data_520099088186631f|__AUTOMETRIC__
__AUTOMETRIC__|0.1.2|2147024|crew_log_1f038d80c602ee2f|0|1786748804.601|98.883|0.515|472293376|3570302976|gen_data_520099088186631f|__AUTOMETRIC__
__AUTOMETRIC__|0.1.2|2147024|crew_log_1f038d80c602ee2f|0|1786748805.602|99.883|0.520|472293376|3570302976|gen_data_520099088186631f|__AUTOMETRIC__
__AUTOMETRIC__|0.1.2|2147024|crew_log_1f038d80c602ee2f|0|1786748806.603|98.867|0.515|472293376|3570302976|gen_data_520099088186631f|__AUTOMETRIC__
__AUTOMETRIC__|0.1.2|2147024|crew_log_1f038d80c602ee2f|0|1786748807.604|98.878|0.515|472293376|3570302976|gen_data_520099088186631f|__AUTOMETRIC__
__AUTOMETRIC__|0.1.2|2147024|crew_log_1f038d80c602ee2f|0|1786748808.606|100.847|0.525|472293376|3570302976|gen_data_520099088186631f|__AUTOMETRIC__
__AUTOMETRIC__|0.1.2|2147024|crew_log_1f038d80c602ee2f|0|1786748809.607|98.879|0.515|472293376|3570302976|gen_data_520099088186631f|__AUTOMETRIC__
__AUTOMETRIC__|0.1.2|2147024|crew_log_1f038d80c602ee2f|0|1786748810.608|98.866|0.515|472293376|3570302976|gen_data_520099088186631f|__AUTOMETRIC__
__AUTOMETRIC__|0.1.2|2147024|crew_log_1f038d80c602ee2f|0|1786748811.610|99.880|0.520|472293376|3570302976|gen_data_520099088186631f|__AUTOMETRIC__
__AUTOMETRIC__|0.1.2|2147024|crew_log_1f038d80c602ee2f|0|1786748812.611|98.881|0.515|472293376|3570302976|gen_data_520099088186631f|__AUTOMETRIC__
__AUTOMETRIC__|0.1.2|2147024|crew_log_1f038d80c602ee2f|0|1786748813.612|98.875|0.515|472293376|3570302976|gen_data_520099088186631f|__AUTOMETRIC__
__AUTOMETRIC__|0.1.2|2147024|crew_log_1f038d80c602ee2f|0|1786748814.613|99.868|0.520|472293376|3570302976|gen_data_520099088186631f|__AUTOMETRIC__
__AUTOMETRIC__|0.1.2|2147024|crew_log_1f038d80c602ee2f|0|1786748815.615|98.831|0.515|472293376|3570302976|gen_data_520099088186631f|__AUTOMETRIC__
__AUTOMETRIC__|0.1.2|2147024|crew_log_1f038d80c602ee2f|0|1786748816.616|98.858|0.515|472293376|3570302976|gen_data_520099088186631f|__AUTOMETRIC__
__AUTOMETRIC__|0.1.2|2147024|crew_log_1f038d80c602ee2f|0|1786748817.618|99.856|0.520|472293376|3570302976|gen_data_520099088186631f|__AUTOMETRIC__
__AUTOMETRIC__|0.1.2|2147024|crew_log_1f038d80c602ee2f|0|1786748818.619|98.866|0.515|472293376|3570302976|gen_data_520099088186631f|__AUTOMETRIC__
__AUTOMETRIC__|0.1.2|2147024|crew_log_1f038d80c602ee2f|0|1786748819.621|98.876|0.515|472293376|3570302976|gen_data_520099088186631f|__AUTOMETRIC__
__AUTOMETRIC__|0.1.2|2147024|crew_log_1f038d80c602ee2f|0|1786748820.622|99.853|0.520|472293376|3570302976|gen_data_520099088186631f|__AUTOMETRIC__
__AUTOMETRIC__|0.1.2|2147024|crew_log_1f038d80c602ee2f|0|1786748821.623|98.871|0.515|472293376|3570302976|gen_data_520099088186631f|__AUTOMETRIC__
__AUTOMETRIC__|0.1.2|2147024|crew_log_1f038d80c602ee2f|0|1786748822.625|98.846|0.515|472293376|3570302976|gen_data_520099088186631f|__AUTOMETRIC__
__AUTOMETRIC__|0.1.2|2147024|crew_log_1f038d80c602ee2f|0|1786748823.626|99.863|0.520|472293376|3570302976|gen_data_520099088186631f|__AUTOMETRIC__
__AUTOMETRIC__|0.1.2|2147024|crew_log_1f038d80c602ee2f|0|1786748824.628|98.866|0.515|472293376|3570302976|gen_data_520099088186631f|__AUTOMETRIC__
__AUTOMETRIC__|0.1.2|2147024|crew_log_1f038d80c602ee2f|0|1786748825.629|98.851|0.515|472293376|3570302976|gen_data_520099088186631f|__AUTOMETRIC__
__AUTOMETRIC__|0.1.2|2147024|crew_log_1f038d80c602ee2f|0|1786748826.630|99.878|0.520|472293376|3570302976|gen_data_520099088186631f|__AUTOMETRIC__
__AUTOMETRIC__|0.1.2|2147024|crew_log_1f038d80c602ee2f|0|1786748827.632|98.867|0.515|472293376|3570302976|gen_data_520099088186631f|__AUTOMETRIC__
__AUTOMETRIC__|0.1.2|2147024|crew_log_1f038d80c602ee2f|0|1786748828.633|98.844|0.515|472293376|3570302976|gen_data_520099088186631f|__AUTOMETRIC__
__AUTOMETRIC__|0.1.2|2147024|crew_log_1f038d80c602ee2f|0|1786748829.635|99.821|0.520|472293376|3570302976|gen_data_520099088186631f|__AUTOMETRIC__
__AUTOMETRIC__|0.1.2|2147024|crew_log_1f038d80c602ee2f|0|1786748830.636|98.857|0.515|472293376|3570302976|gen_data_520099088186631f|__AUTOMETRIC__
__AUTOMETRIC__|0.1.2|2147024|crew_log_1f038d80c602ee2f|0|1786748831.638|98.883|0.515|472293376|3570302976|gen_data_520099088186631f|__AUTOMETRIC__
__AUTOMETRIC__|0.1.2|2147024|crew_log_1f038d80c602ee2f|0|1786748832.674|99.386|0.518|472293376|3570302976|gen_data_520099088186631f|__AUTOMETRIC__
__AUTOMETRIC__|0.1.2|2147024|crew_log_1f038d80c602ee2f|0|1786748833.675|98.867|0.515|472293376|3570302976|gen_data_520099088186631f|__AUTOMETRIC__
__AUTOMETRIC__|0.1.2|2147024|crew_log_1f038d80c602ee2f|0|1786748834.677|99.846|0.520|472293376|3570302976|gen_data_520099088186631f|__AUTOMETRIC__
__AUTOMETRIC__|0.1.2|2147024|crew_log_1f038d80c602ee2f|0|1786748835.678|98.869|0.515|472293376|3570302976|gen_data_520099088186631f|__AUTOMETRIC__
__AUTOMETRIC__|0.1.2|2147024|crew_log_1f038d80c602ee2f|0|1786748836.681|98.757|0.514|472293376|3570302976|gen_data_520099088186631f|__AUTOMETRIC__
__AUTOMETRIC__|0.1.2|2147024|crew_log_1f038d80c602ee2f|0|1786748837.683|98.799|0.515|472293376|3570302976|gen_data_520099088186631f|__AUTOMETRIC__
__AUTOMETRIC__|0.1.2|2147024|crew_log_1f038d80c602ee2f|0|1786748838.684|99.852|0.520|472293376|3570302976|gen_data_520099088186631f|__AUTOMETRIC__
__AUTOMETRIC__|0.1.2|2147024|crew_log_1f038d80c602ee2f|0|1786748839.687|98.758|0.514|472293376|3570302976|gen_data_520099088186631f|__AUTOMETRIC__
__AUTOMETRIC__|0.1.2|2147024|crew_log_1f038d80c602ee2f|0|1786748840.690|98.713|0.514|472293376|3570302976|gen_data_520099088186631f|__AUTOMETRIC__
__AUTOMETRIC__|0.1.2|2147024|crew_log_1f038d80c602ee2f|0|1786748841.691|98.819|0.515|472293376|3570302976|gen_data_520099088186631f|__AUTOMETRIC__
__AUTOMETRIC__|0.1.2|2147024|crew_log_1f038d80c602ee2f|0|1786748842.693|99.839|0.520|472293376|3570302976|gen_data_520099088186631f|__AUTOMETRIC__
__AUTOMETRIC__|0.1.2|2147024|crew_log_1f038d80c602ee2f|0|1786748843.694|98.877|0.515|472293376|3570302976|gen_data_520099088186631f|__AUTOMETRIC__
__AUTOMETRIC__|0.1.2|2147024|crew_log_1f038d80c602ee2f|0|1786748844.696|98.868|0.515|472293376|3570302976|gen_data_520099088186631f|__AUTOMETRIC__
__AUTOMETRIC__|0.1.2|2147024|crew_log_1f038d80c602ee2f|0|1786748845.697|99.865|0.520|472293376|3570302976|gen_data_520099088186631f|__AUTOMETRIC__
__AUTOMETRIC__|0.1.2|2147024|crew_log_1f038d80c602ee2f|0|1786748846.698|98.872|0.515|472293376|3570302976|gen_data_520099088186631f|__AUTOMETRIC__
__AUTOMETRIC__|0.1.2|2147024|crew_log_1f038d80c602ee2f|0|1786748847.699|98.884|0.515|472293376|3570302976|gen_data_520099088186631f|__AUTOMETRIC__
__AUTOMETRIC__|0.1.2|2147024|crew_log_1f038d80c602ee2f|0|1786748848.701|98.868|0.515|472293376|3570302976|gen_data_520099088186631f|__AUTOMETRIC__
__AUTOMETRIC__|0.1.2|2147024|crew_log_1f038d80c602ee2f|0|1786748849.702|99.867|0.520|472293376|3570302976|gen_data_520099088186631f|__AUTOMETRIC__
__AUTOMETRIC__|0.1.2|2147024|crew_log_1f038d80c602ee2f|0|1786748850.704|98.837|0.515|472293376|3570302976|gen_data_520099088186631f|__AUTOMETRIC__
__AUTOMETRIC__|0.1.2|2147024|crew_log_1f038d80c602ee2f|0|1786748851.705|98.869|0.515|472293376|3570302976|gen_data_520099088186631f|__AUTOMETRIC__
__AUTOMETRIC__|0.1.2|2147024|crew_log_1f038d80c602ee2f|0|1786748852.706|99.878|0.520|472293376|3570302976|gen_data_520099088186631f|__AUTOMETRIC__
__AUTOMETRIC__|0.1.2|2147024|crew_log_1f038d80c602ee2f|0|1786748853.708|98.876|0.515|472293376|3570302976|gen_data_520099088186631f|__AUTOMETRIC__
__AUTOMETRIC__|0.1.2|2147024|crew_log_1f038d80c602ee2f|0|1786748854.709|99.861|0.520|472293376|3570302976|gen_data_520099088186631f|__AUTOMETRIC__
__AUTOMETRIC__|0.1.2|2147024|crew_log_1f038d80c602ee2f|0|1786748855.710|98.874|0.515|472293376|3570302976|gen_data_520099088186631f|__AUTOMETRIC__
__AUTOMETRIC__|0.1.2|2147024|crew_log_1f038d80c602ee2f|0|1786748856.712|98.870|0.515|472293376|3570302976|gen_data_520099088186631f|__AUTOMETRIC__
__AUTOMETRIC__|0.1.2|2147024|crew_log_1f038d80c602ee2f|0|1786748857.713|99.861|0.520|472293376|3570302976|gen_data_520099088186631f|__AUTOMETRIC__
__AUTOMETRIC__|0.1.2|2147024|crew_log_1f038d80c602ee2f|0|1786748858.715|98.836|0.515|472293376|3570302976|gen_data_520099088186631f|__AUTOMETRIC__
__AUTOMETRIC__|0.1.2|2147024|crew_log_1f038d80c602ee2f|0|1786748859.718|99.680|0.519|472293376|3570302976|gen_data_520099088186631f|__AUTOMETRIC__
__AUTOMETRIC__|0.1.2|2147024|crew_log_1f038d80c602ee2f|0|1786748860.719|98.849|0.515|472293376|3570302976|gen_data_520099088186631f|__AUTOMETRIC__
__AUTOMETRIC__|0.1.2|2147024|crew_log_1f038d80c602ee2f|0|1786748861.721|98.864|0.515|472293376|3570302976|gen_data_520099088186631f|__AUTOMETRIC__
__AUTOMETRIC__|0.1.2|2147024|crew_log_1f038d80c602ee2f|0|1786748862.722|99.881|0.520|472293376|3570302976|gen_data_520099088186631f|__AUTOMETRIC__
__AUTOMETRIC__|0.1.2|2147024|crew_log_1f038d80c602ee2f|0|1786748863.723|98.878|0.515|472293376|3570302976|gen_data_520099088186631f|__AUTOMETRIC__
__AUTOMETRIC__|0.1.2|2147024|crew_log_1f038d80c602ee2f|0|1786748864.724|98.878|0.515|472293376|3570302976|gen_data_520099088186631f|__AUTOMETRIC__
__AUTOMETRIC__|0.1.2|2147024|crew_log_1f038d80c602ee2f|0|1786748865.726|99.865|0.520|472293376|3570302976|gen_data_520099088186631f|__AUTOMETRIC__
__AUTOMETRIC__|0.1.2|2147024|crew_log_1f038d80c602ee2f|0|1786748866.727|98.865|0.515|472293376|3570302976|gen_data_520099088186631f|__AUTOMETRIC__
__AUTOMETRIC__|0.1.2|2147024|crew_log_1f038d80c602ee2f|0|1786748867.728|98.882|0.515|472293376|3570302976|gen_data_520099088186631f|__AUTOMETRIC__
__AUTOMETRIC__|0.1.2|2147024|crew_log_1f038d80c602ee2f|0|1786748868.730|98.862|0.515|472293376|3570302976|gen_data_520099088186631f|__AUTOMETRIC__
__AUTOMETRIC__|0.1.2|2147024|crew_log_1f038d80c602ee2f|0|1786748869.731|98.867|0.515|472293376|3570302976|gen_data_520099088186631f|__AUTOMETRIC__
__AUTOMETRIC__|0.1.2|2147024|crew_log_1f038d80c602ee2f|0|1786748870.733|98.843|0.515|472293376|3570302976|gen_data_520099088186631f|__AUTOMETRIC__
__AUTOMETRIC__|0.1.2|2147024|crew_log_1f038d80c602ee2f|0|1786748871.734|99.821|0.520|472293376|3570302976|gen_data_520099088186631f|__AUTOMETRIC__
__AUTOMETRIC__|0.1.2|2147024|crew_log_1f038d80c602ee2f|0|1786748872.736|98.876|0.515|472293376|3570302976|gen_data_520099088186631f|__AUTOMETRIC__
__AUTOMETRIC__|0.1.2|2147024|crew_log_1f038d80c602ee2f|0|1786748873.737|98.872|0.515|472293376|3570302976|gen_data_520099088186631f|__AUTOMETRIC__
__AUTOMETRIC__|0.1.2|2147024|crew_log_1f038d80c602ee2f|0|1786748874.738|98.873|0.515|472293376|3570302976|gen_data_520099088186631f|__AUTOMETRIC__
__AUTOMETRIC__|0.1.2|2147024|crew_log_1f038d80c602ee2f|0|1786748875.740|99.861|0.520|472293376|3570302976|gen_data_520099088186631f|__AUTOMETRIC__
__AUTOMETRIC__|0.1.2|2147024|crew_log_1f038d80c602ee2f|0|1786748876.741|98.848|0.515|472293376|3570302976|gen_data_520099088186631f|__AUTOMETRIC__
__AUTOMETRIC__|0.1.2|2147024|crew_log_1f038d80c602ee2f|0|1786748877.742|98.873|0.515|472293376|3570302976|gen_data_520099088186631f|__AUTOMETRIC__
__AUTOMETRIC__|0.1.2|2147024|crew_log_1f038d80c602ee2f|0|1786748878.744|98.866|0.515|472293376|3570302976|gen_data_520099088186631f|__AUTOMETRIC__
__AUTOMETRIC__|0.1.2|2147024|crew_log_1f038d80c602ee2f|0|1786748879.745|98.876|0.515|472293376|3570302976|gen_data_520099088186631f|__AUTOMETRIC__
__AUTOMETRIC__|0.1.2|2147024|crew_log_1f038d80c602ee2f|0|1786748880.747|99.844|0.520|472293376|3570302976|gen_data_520099088186631f|__AUTOMETRIC__
__AUTOMETRIC__|0.1.2|2147024|crew_log_1f038d80c602ee2f|0|1786748881.748|98.871|0.515|472293376|3570302976|gen_data_520099088186631f|__AUTOMETRIC__
__AUTOMETRIC__|0.1.2|2147024|crew_log_1f038d80c602ee2f|0|1786748882.749|98.863|0.515|472293376|3570302976|gen_data_520099088186631f|__AUTOMETRIC__
__AUTOMETRIC__|0.1.2|2147024|crew_log_1f038d80c602ee2f|0|1786748883.751|99.855|0.520|472293376|3570302976|gen_data_520099088186631f|__AUTOMETRIC__
__AUTOMETRIC__|0.1.2|2147024|crew_log_1f038d80c602ee2f|0|1786748884.752|98.865|0.515|472293376|3570302976|gen_data_520099088186631f|__AUTOMETRIC__
__AUTOMETRIC__|0.1.2|2147024|crew_log_1f038d80c602ee2f|0|1786748885.753|98.883|0.515|472293376|3570302976|gen_data_520099088186631f|__AUTOMETRIC__
__AUTOMETRIC__|0.1.2|2147024|crew_log_1f038d80c602ee2f|0|1786748886.755|99.874|0.520|472293376|3570302976|gen_data_520099088186631f|__AUTOMETRIC__
__AUTOMETRIC__|0.1.2|2147024|crew_log_1f038d80c602ee2f|0|1786748887.756|98.870|0.515|472293376|3570302976|gen_data_520099088186631f|__AUTOMETRIC__
__AUTOMETRIC__|0.1.2|2147024|crew_log_1f038d80c602ee2f|0|1786748888.757|98.868|0.515|472293376|3570302976|gen_data_520099088186631f|__AUTOMETRIC__
__AUTOMETRIC__|0.1.2|2147024|crew_log_1f038d80c602ee2f|0|1786748889.759|98.861|0.515|472293376|3570302976|gen_data_520099088186631f|__AUTOMETRIC__
__AUTOMETRIC__|0.1.2|2147024|crew_log_1f038d80c602ee2f|0|1786748890.760|99.848|0.520|472293376|3570302976|gen_data_520099088186631f|__AUTOMETRIC__
__AUTOMETRIC__|0.1.2|2147024|crew_log_1f038d80c602ee2f|0|1786748891.761|98.866|0.515|472293376|3570302976|gen_data_520099088186631f|__AUTOMETRIC__
__AUTOMETRIC__|0.1.2|2147024|crew_log_1f038d80c602ee2f|0|1786748892.763|98.808|0.515|472293376|3570302976|gen_data_520099088186631f|__AUTOMETRIC__
__AUTOMETRIC__|0.1.2|2147024|crew_log_1f038d80c602ee2f|0|1786748893.765|98.871|0.515|472293376|3570302976|gen_data_520099088186631f|__AUTOMETRIC__
__AUTOMETRIC__|0.1.2|2147024|crew_log_1f038d80c602ee2f|0|1786748894.766|99.881|0.520|472293376|3570302976|gen_data_520099088186631f|__AUTOMETRIC__
__AUTOMETRIC__|0.1.2|2147024|crew_log_1f038d80c602ee2f|0|1786748895.767|98.887|0.515|472293376|3570302976|gen_data_520099088186631f|__AUTOMETRIC__
__AUTOMETRIC__|0.1.2|2147024|crew_log_1f038d80c602ee2f|0|1786748896.768|98.886|0.515|472293376|3570302976|gen_data_520099088186631f|__AUTOMETRIC__
__AUTOMETRIC__|0.1.2|2147024|crew_log_1f038d80c602ee2f|0|1786748897.770|98.869|0.515|472293376|3570302976|gen_data_520099088186631f|__AUTOMETRIC__
__AUTOMETRIC__|0.1.2|2147024|crew_log_1f038d80c602ee2f|0|1786748898.771|98.826|0.515|472293376|3570302976|gen_data_520099088186631f|__AUTOMETRIC__
__AUTOMETRIC__|0.1.2|2147024|crew_log_1f038d80c602ee2f|0|1786748899.774|99.732|0.519|472293376|3570302976|gen_data_520099088186631f|__AUTOMETRIC__
__AUTOMETRIC__|0.1.2|2147024|crew_log_1f038d80c602ee2f|0|1786748900.775|98.856|0.515|472293376|3570302976|gen_data_520099088186631f|__AUTOMETRIC__
__AUTOMETRIC__|0.1.2|2147024|crew_log_1f038d80c602ee2f|0|1786748901.777|98.868|0.515|472293376|3570302976|gen_data_520099088186631f|__AUTOMETRIC__
__AUTOMETRIC__|0.1.2|2147024|crew_log_1f038d80c602ee2f|0|1786748902.778|99.869|0.520|472293376|3570302976|gen_data_520099088186631f|__AUTOMETRIC__
__AUTOMETRIC__|0.1.2|2147024|crew_log_1f038d80c602ee2f|0|1786748903.779|98.872|0.515|472293376|3570302976|gen_data_520099088186631f|__AUTOMETRIC__
__AUTOMETRIC__|0.1.2|2147024|crew_log_1f038d80c602ee2f|0|1786748904.781|98.797|0.515|472293376|3570302976|gen_data_520099088186631f|__AUTOMETRIC__
__AUTOMETRIC__|0.1.2|2147024|crew_log_1f038d80c602ee2f|0|1786748905.783|99.810|0.520|472293376|3570302976|gen_data_520099088186631f|__AUTOMETRIC__
__AUTOMETRIC__|0.1.2|2147024|crew_log_1f038d80c602ee2f|0|1786748906.785|98.786|0.515|472293376|3570302976|gen_data_520099088186631f|__AUTOMETRIC__
__AUTOMETRIC__|0.1.2|2147024|crew_log_1f038d80c602ee2f|0|1786748907.787|98.861|0.515|472293376|3570302976|gen_data_520099088186631f|__AUTOMETRIC__
__AUTOMETRIC__|0.1.2|2147024|crew_log_1f038d80c602ee2f|0|1786748908.791|99.545|0.518|472293376|3570302976|gen_data_520099088186631f|__AUTOMETRIC__
__AUTOMETRIC__|0.1.2|2147024|crew_log_1f038d80c602ee2f|0|1786748909.793|98.852|0.515|472293376|3570302976|gen_data_520099088186631f|__AUTOMETRIC__
__AUTOMETRIC__|0.1.2|2147024|crew_log_1f038d80c602ee2f|0|1786748910.795|98.849|0.515|472293376|3570302976|gen_data_520099088186631f|__AUTOMETRIC__
__AUTOMETRIC__|0.1.2|2147024|crew_log_1f038d80c602ee2f|0|1786748911.796|99.872|0.520|472293376|3570302976|gen_data_520099088186631f|__AUTOMETRIC__
__AUTOMETRIC__|0.1.2|2147024|crew_log_1f038d80c602ee2f|0|1786748912.797|98.865|0.515|472293376|3570302976|gen_data_520099088186631f|__AUTOMETRIC__
__AUTOMETRIC__|0.1.2|2147024|crew_log_1f038d80c602ee2f|0|1786748913.798|98.881|0.515|472293376|3570302976|gen_data_520099088186631f|__AUTOMETRIC__
__AUTOMETRIC__|0.1.2|2147024|crew_log_1f038d80c602ee2f|0|1786748914.800|98.865|0.515|472293376|3570302976|gen_data_520099088186631f|__AUTOMETRIC__
__AUTOMETRIC__|0.1.2|2147024|crew_log_1f038d80c602ee2f|0|1786748915.801|99.858|0.520|472293376|3570302976|gen_data_520099088186631f|__AUTOMETRIC__
__AUTOMETRIC__|0.1.2|2147024|crew_log_1f038d80c602ee2f|0|1786748916.804|98.712|0.514|472293376|3570302976|gen_data_520099088186631f|__AUTOMETRIC__
__AUTOMETRIC__|0.1.2|2147024|crew_log_1f038d80c602ee2f|0|1786748917.806|98.849|0.515|472293376|3570302976|gen_data_520099088186631f|__AUTOMETRIC__
__AUTOMETRIC__|0.1.2|2147024|crew_log_1f038d80c602ee2f|0|1786748918.807|99.868|0.520|472293376|3570302976|gen_data_520099088186631f|__AUTOMETRIC__
__AUTOMETRIC__|0.1.2|2147024|crew_log_1f038d80c602ee2f|0|1786748919.808|98.865|0.515|472293376|3570302976|gen_data_520099088186631f|__AUTOMETRIC__
__AUTOMETRIC__|0.1.2|2147024|crew_log_1f038d80c602ee2f|0|1786748920.810|98.847|0.515|472293376|3570302976|gen_data_520099088186631f|__AUTOMETRIC__
__AUTOMETRIC__|0.1.2|2147024|crew_log_1f038d80c602ee2f|0|1786748921.811|98.859|0.515|472293376|3570302976|gen_data_520099088186631f|__AUTOMETRIC__
__AUTOMETRIC__|0.1.2|2147024|crew_log_1f038d80c602ee2f|0|1786748922.812|99.876|0.520|472293376|3570302976|gen_data_520099088186631f|__AUTOMETRIC__
__AUTOMETRIC__|0.1.2|2147024|crew_log_1f038d80c602ee2f|0|1786748923.814|98.884|0.515|472293376|3570302976|gen_data_520099088186631f|__AUTOMETRIC__
__AUTOMETRIC__|0.1.2|2147024|crew_log_1f038d80c602ee2f|0|1786748924.815|98.883|0.515|472293376|3570302976|gen_data_520099088186631f|__AUTOMETRIC__
__AUTOMETRIC__|0.1.2|2147024|crew_log_1f038d80c602ee2f|0|1786748925.816|98.869|0.515|472293376|3570302976|gen_data_520099088186631f|__AUTOMETRIC__
__AUTOMETRIC__|0.1.2|2147024|crew_log_1f038d80c602ee2f|0|1786748926.818|99.853|0.520|472293376|3570302976|gen_data_520099088186631f|__AUTOMETRIC__
__AUTOMETRIC__|0.1.2|2147024|crew_log_1f038d80c602ee2f|0|1786748927.819|98.877|0.515|472293376|3570302976|gen_data_520099088186631f|__AUTOMETRIC__
__AUTOMETRIC__|0.1.2|2147024|crew_log_1f038d80c602ee2f|0|1786748928.820|98.871|0.515|472293376|3570302976|gen_data_520099088186631f|__AUTOMETRIC__
__AUTOMETRIC__|0.1.2|2147024|crew_log_1f038d80c602ee2f|0|1786748929.822|98.868|0.515|472293376|3570302976|gen_data_520099088186631f|__AUTOMETRIC__
__AUTOMETRIC__|0.1.2|2147024|crew_log_1f038d80c602ee2f|0|1786748930.823|98.854|0.515|472293376|3570302976|gen_data_520099088186631f|__AUTOMETRIC__
__AUTOMETRIC__|0.1.2|2147024|crew_log_1f038d80c602ee2f|0|1786748931.824|99.860|0.520|472293376|3570302976|gen_data_520099088186631f|__AUTOMETRIC__
__AUTOMETRIC__|0.1.2|2147024|crew_log_1f038d80c602ee2f|0|1786748932.826|98.877|0.515|472293376|3570302976|gen_data_520099088186631f|__AUTOMETRIC__
__AUTOMETRIC__|0.1.2|2147024|crew_log_1f038d80c602ee2f|0|1786748933.827|98.861|0.515|472293376|3570302976|gen_data_520099088186631f|__AUTOMETRIC__
__AUTOMETRIC__|0.1.2|2147024|crew_log_1f038d80c602ee2f|0|1786748934.828|98.875|0.515|472293376|3570302976|gen_data_520099088186631f|__AUTOMETRIC__
__AUTOMETRIC__|0.1.2|2147024|crew_log_1f038d80c602ee2f|0|1786748935.830|99.869|0.520|472293376|3570302976|gen_data_520099088186631f|__AUTOMETRIC__
__AUTOMETRIC__|0.1.2|2147024|crew_log_1f038d80c602ee2f|0|1786748936.831|98.877|0.515|472293376|3570302976|gen_data_520099088186631f|__AUTOMETRIC__
__AUTOMETRIC__|0.1.2|2147024|crew_log_1f038d80c602ee2f|0|1786748937.832|98.866|0.515|472293376|3570302976|gen_data_520099088186631f|__AUTOMETRIC__
__AUTOMETRIC__|0.1.2|2147024|crew_log_1f038d80c602ee2f|0|1786748938.834|98.851|0.515|472293376|3570302976|gen_data_520099088186631f|__AUTOMETRIC__
__AUTOMETRIC__|0.1.2|2147024|crew_log_1f038d80c602ee2f|0|1786748939.835|99.856|0.520|472293376|3570302976|gen_data_520099088186631f|__AUTOMETRIC__
__AUTOMETRIC__|0.1.2|2147024|crew_log_1f038d80c602ee2f|0|1786748940.837|98.830|0.515|472293376|3570302976|gen_data_520099088186631f|__AUTOMETRIC__
__AUTOMETRIC__|0.1.2|2147024|crew_log_1f038d80c602ee2f|0|1786748941.838|98.870|0.515|472293376|3570302976|gen_data_520099088186631f|__AUTOMETRIC__
__AUTOMETRIC__|0.1.2|2147024|crew_log_1f038d80c602ee2f|0|1786748942.842|100.656|0.524|472293376|3570302976|gen_data_520099088186631f|__AUTOMETRIC__
__AUTOMETRIC__|0.1.2|2147024|crew_log_1f038d80c602ee2f|0|1786748943.843|98.852|0.515|472293376|3570302976|gen_data_520099088186631f|__AUTOMETRIC__
__AUTOMETRIC__|0.1.2|2147024|crew_log_1f038d80c602ee2f|0|1786748944.845|98.860|0.515|472293376|3570302976|gen_data_520099088186631f|__AUTOMETRIC__
__AUTOMETRIC__|0.1.2|2147024|crew_log_1f038d80c602ee2f|0|1786748945.846|98.844|0.515|472293376|3570302976|gen_data_520099088186631f|__AUTOMETRIC__
__AUTOMETRIC__|0.1.2|2147024|crew_log_1f038d80c602ee2f|0|1786748946.847|99.873|0.520|472293376|3570302976|gen_data_520099088186631f|__AUTOMETRIC__
__AUTOMETRIC__|0.1.2|2147024|crew_log_1f038d80c602ee2f|0|1786748947.849|98.865|0.515|472293376|3570302976|gen_data_520099088186631f|__AUTOMETRIC__
__AUTOMETRIC__|0.1.2|2147024|crew_log_1f038d80c602ee2f|0|1786748948.850|98.877|0.515|472293376|3570302976|gen_data_520099088186631f|__AUTOMETRIC__
__AUTOMETRIC__|0.1.2|2147024|crew_log_1f038d80c602ee2f|0|1786748949.851|98.868|0.515|472293376|3570302976|gen_data_520099088186631f|__AUTOMETRIC__
__AUTOMETRIC__|0.1.2|2147024|crew_log_1f038d80c602ee2f|0|1786748950.853|98.854|0.515|472293376|3570302976|gen_data_520099088186631f|__AUTOMETRIC__
__AUTOMETRIC__|0.1.2|2147024|crew_log_1f038d80c602ee2f|0|1786748951.854|99.874|0.520|472293376|3570302976|gen_data_520099088186631f|__AUTOMETRIC__
__AUTOMETRIC__|0.1.2|2147024|crew_log_1f038d80c602ee2f|0|1786748952.855|98.860|0.515|472293376|3570302976|gen_data_520099088186631f|__AUTOMETRIC__
__AUTOMETRIC__|0.1.2|2147024|crew_log_1f038d80c602ee2f|0|1786748953.857|98.869|0.515|472293376|3570302976|gen_data_520099088186631f|__AUTOMETRIC__
__AUTOMETRIC__|0.1.2|2147024|crew_log_1f038d80c602ee2f|0|1786748954.858|98.871|0.515|472293376|3570302976|gen_data_520099088186631f|__AUTOMETRIC__
__AUTOMETRIC__|0.1.2|2147024|crew_log_1f038d80c602ee2f|0|1786748955.860|99.852|0.520|472293376|3570302976|gen_data_520099088186631f|__AUTOMETRIC__
__AUTOMETRIC__|0.1.2|2147024|crew_log_1f038d80c602ee2f|0|1786748956.861|98.872|0.515|472293376|3570302976|gen_data_520099088186631f|__AUTOMETRIC__
__AUTOMETRIC__|0.1.2|2147024|crew_log_1f038d80c602ee2f|0|1786748957.862|98.870|0.515|472293376|3570302976|gen_data_520099088186631f|__AUTOMETRIC__
__AUTOMETRIC__|0.1.2|2147024|crew_log_1f038d80c602ee2f|0|1786748958.864|98.835|0.515|472293376|3570302976|gen_data_520099088186631f|__AUTOMETRIC__
__AUTOMETRIC__|0.1.2|2147024|crew_log_1f038d80c602ee2f|0|1786748959.865|98.879|0.515|472293376|3570302976|gen_data_520099088186631f|__AUTOMETRIC__
__AUTOMETRIC__|0.1.2|2147024|crew_log_1f038d80c602ee2f|0|1786748960.869|99.613|0.519|472293376|3570302976|gen_data_520099088186631f|__AUTOMETRIC__
__AUTOMETRIC__|0.1.2|2147024|crew_log_1f038d80c602ee2f|0|1786748961.870|98.881|0.515|472293376|3570302976|gen_data_520099088186631f|__AUTOMETRIC__
__AUTOMETRIC__|0.1.2|2147024|crew_log_1f038d80c602ee2f|0|1786748962.871|98.872|0.515|472293376|3570302976|gen_data_520099088186631f|__AUTOMETRIC__
__AUTOMETRIC__|0.1.2|2147024|crew_log_1f038d80c602ee2f|0|1786748963.873|98.883|0.515|472293376|3570302976|gen_data_520099088186631f|__AUTOMETRIC__
__AUTOMETRIC__|0.1.2|2147024|crew_log_1f038d80c602ee2f|0|1786748964.874|99.863|0.520|472293376|3570302976|gen_data_520099088186631f|__AUTOMETRIC__
__AUTOMETRIC__|0.1.2|2147024|crew_log_1f038d80c602ee2f|0|1786748965.875|98.873|0.515|472293376|3570302976|gen_data_520099088186631f|__AUTOMETRIC__
__AUTOMETRIC__|0.1.2|2147024|crew_log_1f038d80c602ee2f|0|1786748966.877|98.881|0.515|472293376|3570302976|gen_data_520099088186631f|__AUTOMETRIC__
__AUTOMETRIC__|0.1.2|2147024|crew_log_1f038d80c602ee2f|0|1786748967.878|98.874|0.515|472293376|3570302976|gen_data_520099088186631f|__AUTOMETRIC__
__AUTOMETRIC__|0.1.2|2147024|crew_log_1f038d80c602ee2f|0|1786748968.879|98.891|0.515|472293376|3570302976|gen_data_520099088186631f|__AUTOMETRIC__
__AUTOMETRIC__|0.1.2|2147024|crew_log_1f038d80c602ee2f|0|1786748969.880|99.871|0.520|472293376|3570302976|gen_data_520099088186631f|__AUTOMETRIC__
__AUTOMETRIC__|0.1.2|2147024|crew_log_1f038d80c602ee2f|0|1786748970.882|98.852|0.515|472293376|3570302976|gen_data_520099088186631f|__AUTOMETRIC__
__AUTOMETRIC__|0.1.2|2147024|crew_log_1f038d80c602ee2f|0|1786748971.883|98.875|0.515|472293376|3570302976|gen_data_520099088186631f|__AUTOMETRIC__
__AUTOMETRIC__|0.1.2|2147024|crew_log_1f038d80c602ee2f|0|1786748972.884|98.877|0.515|472293376|3570302976|gen_data_520099088186631f|__AUTOMETRIC__
__AUTOMETRIC__|0.1.2|2147024|crew_log_1f038d80c602ee2f|0|1786748973.885|98.878|0.515|472293376|3570302976|gen_data_520099088186631f|__AUTOMETRIC__
__AUTOMETRIC__|0.1.2|2147024|crew_log_1f038d80c602ee2f|0|1786748974.887|99.876|0.520|472293376|3570302976|gen_data_520099088186631f|__AUTOMETRIC__
__AUTOMETRIC__|0.1.2|2147024|crew_log_1f038d80c602ee2f|0|1786748975.888|98.869|0.515|472293376|3570302976|gen_data_520099088186631f|__AUTOMETRIC__
__AUTOMETRIC__|0.1.2|2147024|crew_log_1f038d80c602ee2f|0|1786748976.889|98.868|0.515|472293376|3570302976|gen_data_520099088186631f|__AUTOMETRIC__
__AUTOMETRIC__|0.1.2|2147024|crew_log_1f038d80c602ee2f|0|1786748977.891|98.861|0.515|472293376|3570302976|gen_data_520099088186631f|__AUTOMETRIC__
__AUTOMETRIC__|0.1.2|2147024|crew_log_1f038d80c602ee2f|0|1786748978.892|99.844|0.520|472293376|3570302976|gen_data_520099088186631f|__AUTOMETRIC__
__AUTOMETRIC__|0.1.2|2147024|crew_log_1f038d80c602ee2f|0|1786748979.894|98.877|0.515|472293376|3570302976|gen_data_520099088186631f|__AUTOMETRIC__
__AUTOMETRIC__|0.1.2|2147024|crew_log_1f038d80c602ee2f|0|1786748980.895|98.862|0.515|472293376|3570302976|gen_data_520099088186631f|__AUTOMETRIC__
__AUTOMETRIC__|0.1.2|2147024|crew_log_1f038d80c602ee2f|0|1786748981.896|98.873|0.515|472293376|3570302976|gen_data_520099088186631f|__AUTOMETRIC__
__AUTOMETRIC__|0.1.2|2147024|crew_log_1f038d80c602ee2f|0|1786748982.897|98.877|0.515|472293376|3570302976|gen_data_520099088186631f|__AUTOMETRIC__
__AUTOMETRIC__|0.1.2|2147024|crew_log_1f038d80c602ee2f|0|1786748983.899|99.870|0.520|472293376|3570302976|gen_data_520099088186631f|__AUTOMETRIC__
__AUTOMETRIC__|0.1.2|2147024|crew_log_1f038d80c602ee2f|0|1786748984.900|98.873|0.515|472293376|3570302976|gen_data_520099088186631f|__AUTOMETRIC__
__AUTOMETRIC__|0.1.2|2147024|crew_log_1f038d80c602ee2f|0|1786748985.901|98.870|0.515|472293376|3570302976|gen_data_520099088186631f|__AUTOMETRIC__
__AUTOMETRIC__|0.1.2|2147024|crew_log_1f038d80c602ee2f|0|1786748986.903|98.878|0.515|472293376|3570302976|gen_data_520099088186631f|__AUTOMETRIC__
__AUTOMETRIC__|0.1.2|2147024|crew_log_1f038d80c602ee2f|0|1786748987.904|98.886|0.515|472293376|3570302976|gen_data_520099088186631f|__AUTOMETRIC__
__AUTOMETRIC__|0.1.2|2147024|crew_log_1f038d80c602ee2f|0|1786748988.905|98.877|0.515|472293376|3570302976|gen_data_520099088186631f|__AUTOMETRIC__
__AUTOMETRIC__|0.1.2|2147024|crew_log_1f038d80c602ee2f|0|1786748989.906|99.870|0.520|472293376|3570302976|gen_data_520099088186631f|__AUTOMETRIC__
__AUTOMETRIC__|0.1.2|2147024|crew_log_1f038d80c602ee2f|0|1786748990.908|98.862|0.515|472293376|3570302976|gen_data_520099088186631f|__AUTOMETRIC__
__AUTOMETRIC__|0.1.2|2147024|crew_log_1f038d80c602ee2f|0|1786748991.909|98.872|0.515|472293376|3570302976|gen_data_520099088186631f|__AUTOMETRIC__
__AUTOMETRIC__|0.1.2|2147024|crew_log_1f038d80c602ee2f|0|1786748992.910|98.882|0.515|472293376|3570302976|gen_data_520099088186631f|__AUTOMETRIC__
__AUTOMETRIC__|0.1.2|2147024|crew_log_1f038d80c602ee2f|0|1786748993.911|98.889|0.515|472293376|3570302976|gen_data_520099088186631f|__AUTOMETRIC__
__AUTOMETRIC__|0.1.2|2147024|crew_log_1f038d80c602ee2f|0|1786748994.913|98.863|0.515|472293376|3570302976|gen_data_520099088186631f|__AUTOMETRIC__
__AUTOMETRIC__|0.1.2|2147024|crew_log_1f038d80c602ee2f|0|1786748995.914|99.879|0.520|472293376|3570302976|gen_data_520099088186631f|__AUTOMETRIC__
__AUTOMETRIC__|0.1.2|2147024|crew_log_1f038d80c602ee2f|0|1786748996.915|98.870|0.515|472293376|3570302976|gen_data_520099088186631f|__AUTOMETRIC__
__AUTOMETRIC__|0.1.2|2147024|crew_log_1f038d80c602ee2f|0|1786748997.916|98.883|0.515|472293376|3570302976|gen_data_520099088186631f|__AUTOMETRIC__
__AUTOMETRIC__|0.1.2|2147024|crew_log_1f038d80c602ee2f|0|1786748998.918|98.866|0.515|472293376|3570302976|gen_data_520099088186631f|__AUTOMETRIC__
__AUTOMETRIC__|0.1.2|2147024|crew_log_1f038d80c602ee2f|0|1786748999.919|98.880|0.515|472293376|3570302976|gen_data_520099088186631f|__AUTOMETRIC__
__AUTOMETRIC__|0.1.2|2147024|crew_log_1f038d80c602ee2f|0|1786749000.920|98.881|0.515|472293376|3570302976|gen_data_520099088186631f|__AUTOMETRIC__
__AUTOMETRIC__|0.1.2|2147024|crew_log_1f038d80c602ee2f|0|1786749001.922|98.867|0.515|472293376|3570302976|gen_data_520099088186631f|__AUTOMETRIC__
__AUTOMETRIC__|0.1.2|2147024|crew_log_1f038d80c602ee2f|0|1786749002.923|98.873|0.515|472293376|3570302976|gen_data_520099088186631f|__AUTOMETRIC__
__AUTOMETRIC__|0.1.2|2147024|crew_log_1f038d80c602ee2f|0|1786749003.924|99.857|0.520|472293376|3570302976|gen_data_520099088186631f|__AUTOMETRIC__
__AUTOMETRIC__|0.1.2|2147024|crew_log_1f038d80c602ee2f|0|1786749004.925|98.884|0.515|472293376|3570302976|gen_data_520099088186631f|__AUTOMETRIC__
__AUTOMETRIC__|0.1.2|2147024|crew_log_1f038d80c602ee2f|0|1786749005.927|93.885|0.489|475439104|3573460992|gen_data_347621554c024ed8|__AUTOMETRIC__
__AUTOMETRIC__|0.1.2|2147024|crew_log_1f038d80c602ee2f|0|1786749006.928|98.883|0.515|475439104|3573460992|gen_data_347621554c024ed8|__AUTOMETRIC__
__AUTOMETRIC__|0.1.2|2147024|crew_log_1f038d80c602ee2f|0|1786749007.929|98.883|0.515|475439104|3573460992|gen_data_347621554c024ed8|__AUTOMETRIC__
__AUTOMETRIC__|0.1.2|2147024|crew_log_1f038d80c602ee2f|0|1786749008.931|99.851|0.520|475439104|3573460992|gen_data_347621554c024ed8|__AUTOMETRIC__
__AUTOMETRIC__|0.1.2|2147024|crew_log_1f038d80c602ee2f|0|1786749009.932|98.880|0.515|475439104|3573460992|gen_data_347621554c024ed8|__AUTOMETRIC__
__AUTOMETRIC__|0.1.2|2147024|crew_log_1f038d80c602ee2f|0|1786749010.933|98.838|0.515|475439104|3573460992|gen_data_347621554c024ed8|__AUTOMETRIC__
__AUTOMETRIC__|0.1.2|2147024|crew_log_1f038d80c602ee2f|0|1786749011.935|99.863|0.520|475439104|3573460992|gen_data_347621554c024ed8|__AUTOMETRIC__
__AUTOMETRIC__|0.1.2|2147024|crew_log_1f038d80c602ee2f|0|1786749012.936|98.879|0.515|475439104|3573460992|gen_data_347621554c024ed8|__AUTOMETRIC__
__AUTOMETRIC__|0.1.2|2147024|crew_log_1f038d80c602ee2f|0|1786749013.937|98.879|0.515|475439104|3573460992|gen_data_347621554c024ed8|__AUTOMETRIC__
__AUTOMETRIC__|0.1.2|2147024|crew_log_1f038d80c602ee2f|0|1786749014.939|98.871|0.515|475439104|3573460992|gen_data_347621554c024ed8|__AUTOMETRIC__
__AUTOMETRIC__|0.1.2|2147024|crew_log_1f038d80c602ee2f|0|1786749015.940|99.885|0.520|475439104|3573460992|gen_data_347621554c024ed8|__AUTOMETRIC__
__AUTOMETRIC__|0.1.2|2147024|crew_log_1f038d80c602ee2f|0|1786749016.941|98.847|0.515|475439104|3573460992|gen_data_347621554c024ed8|__AUTOMETRIC__
__AUTOMETRIC__|0.1.2|2147024|crew_log_1f038d80c602ee2f|0|1786749017.942|98.891|0.515|475439104|3573460992|gen_data_347621554c024ed8|__AUTOMETRIC__
__AUTOMETRIC__|0.1.2|2147024|crew_log_1f038d80c602ee2f|0|1786749018.944|98.824|0.515|475439104|3573460992|gen_data_347621554c024ed8|__AUTOMETRIC__
__AUTOMETRIC__|0.1.2|2147024|crew_log_1f038d80c602ee2f|0|1786749019.945|98.871|0.515|475439104|3573460992|gen_data_347621554c024ed8|__AUTOMETRIC__
__AUTOMETRIC__|0.1.2|2147024|crew_log_1f038d80c602ee2f|0|1786749020.947|99.862|0.520|475439104|3573460992|gen_data_347621554c024ed8|__AUTOMETRIC__
__AUTOMETRIC__|0.1.2|2147024|crew_log_1f038d80c602ee2f|0|1786749021.948|98.871|0.515|475439104|3573460992|gen_data_347621554c024ed8|__AUTOMETRIC__
__AUTOMETRIC__|0.1.2|2147024|crew_log_1f038d80c602ee2f|0|1786749022.949|98.892|0.515|475439104|3573460992|gen_data_347621554c024ed8|__AUTOMETRIC__
__AUTOMETRIC__|0.1.2|2147024|crew_log_1f038d80c602ee2f|0|1786749023.950|98.890|0.515|475439104|3573460992|gen_data_347621554c024ed8|__AUTOMETRIC__
__AUTOMETRIC__|0.1.2|2147024|crew_log_1f038d80c602ee2f|0|1786749024.952|99.873|0.520|475439104|3573460992|gen_data_347621554c024ed8|__AUTOMETRIC__
__AUTOMETRIC__|0.1.2|2147024|crew_log_1f038d80c602ee2f|0|1786749025.953|98.870|0.515|475439104|3573460992|gen_data_347621554c024ed8|__AUTOMETRIC__
__AUTOMETRIC__|0.1.2|2147024|crew_log_1f038d80c602ee2f|0|1786749026.954|98.878|0.515|475439104|3573460992|gen_data_347621554c024ed8|__AUTOMETRIC__
__AUTOMETRIC__|0.1.2|2147024|crew_log_1f038d80c602ee2f|0|1786749027.955|98.879|0.515|475439104|3573460992|gen_data_347621554c024ed8|__AUTOMETRIC__
__AUTOMETRIC__|0.1.2|2147024|crew_log_1f038d80c602ee2f|0|1786749028.957|99.863|0.520|475439104|3573460992|gen_data_347621554c024ed8|__AUTOMETRIC__
__AUTOMETRIC__|0.1.2|2147024|crew_log_1f038d80c602ee2f|0|1786749029.958|98.882|0.515|475439104|3573460992|gen_data_347621554c024ed8|__AUTOMETRIC__
__AUTOMETRIC__|0.1.2|2147024|crew_log_1f038d80c602ee2f|0|1786749030.959|98.861|0.515|475439104|3573460992|gen_data_347621554c024ed8|__AUTOMETRIC__
__AUTOMETRIC__|0.1.2|2147024|crew_log_1f038d80c602ee2f|0|1786749031.961|98.825|0.515|475439104|3573460992|gen_data_347621554c024ed8|__AUTOMETRIC__
__AUTOMETRIC__|0.1.2|2147024|crew_log_1f038d80c602ee2f|0|1786749032.962|99.866|0.520|475439104|3573460992|gen_data_347621554c024ed8|__AUTOMETRIC__
__AUTOMETRIC__|0.1.2|2147024|crew_log_1f038d80c602ee2f|0|1786749033.964|98.866|0.515|475439104|3573460992|gen_data_347621554c024ed8|__AUTOMETRIC__
__AUTOMETRIC__|0.1.2|2147024|crew_log_1f038d80c602ee2f|0|1786749034.965|98.870|0.515|475439104|3573460992|gen_data_347621554c024ed8|__AUTOMETRIC__
__AUTOMETRIC__|0.1.2|2147024|crew_log_1f038d80c602ee2f|0|1786749035.966|99.879|0.520|475439104|3573460992|gen_data_347621554c024ed8|__AUTOMETRIC__
__AUTOMETRIC__|0.1.2|2147024|crew_log_1f038d80c602ee2f|0|1786749036.968|98.874|0.515|475439104|3573460992|gen_data_347621554c024ed8|__AUTOMETRIC__
__AUTOMETRIC__|0.1.2|2147024|crew_log_1f038d80c602ee2f|0|1786749037.969|98.862|0.515|475439104|3573460992|gen_data_347621554c024ed8|__AUTOMETRIC__
__AUTOMETRIC__|0.1.2|2147024|crew_log_1f038d80c602ee2f|0|1786749038.970|98.867|0.515|475439104|3573460992|gen_data_347621554c024ed8|__AUTOMETRIC__
__AUTOMETRIC__|0.1.2|2147024|crew_log_1f038d80c602ee2f|0|1786749039.972|99.869|0.520|475439104|3573460992|gen_data_347621554c024ed8|__AUTOMETRIC__
__AUTOMETRIC__|0.1.2|2147024|crew_log_1f038d80c602ee2f|0|1786749040.973|98.857|0.515|475439104|3573460992|gen_data_347621554c024ed8|__AUTOMETRIC__
__AUTOMETRIC__|0.1.2|2147024|crew_log_1f038d80c602ee2f|0|1786749041.974|98.864|0.515|475439104|3573460992|gen_data_347621554c024ed8|__AUTOMETRIC__
__AUTOMETRIC__|0.1.2|2147024|crew_log_1f038d80c602ee2f|0|1786749042.976|99.862|0.520|475439104|3573460992|gen_data_347621554c024ed8|__AUTOMETRIC__
__AUTOMETRIC__|0.1.2|2147024|crew_log_1f038d80c602ee2f|0|1786749043.977|98.868|0.515|475439104|3573460992|gen_data_347621554c024ed8|__AUTOMETRIC__
__AUTOMETRIC__|0.1.2|2147024|crew_log_1f038d80c602ee2f|0|1786749044.979|98.852|0.515|475439104|3573460992|gen_data_347621554c024ed8|__AUTOMETRIC__
__AUTOMETRIC__|0.1.2|2147024|crew_log_1f038d80c602ee2f|0|1786749045.980|98.841|0.515|475439104|3573460992|gen_data_347621554c024ed8|__AUTOMETRIC__
__AUTOMETRIC__|0.1.2|2147024|crew_log_1f038d80c602ee2f|0|1786749046.982|100.858|0.525|475439104|3573460992|gen_data_347621554c024ed8|__AUTOMETRIC__
__AUTOMETRIC__|0.1.2|2147024|crew_log_1f038d80c602ee2f|0|1786749047.983|98.851|0.515|475439104|3573460992|gen_data_347621554c024ed8|__AUTOMETRIC__
__AUTOMETRIC__|0.1.2|2147024|crew_log_1f038d80c602ee2f|0|1786749048.985|98.859|0.515|475439104|3573460992|gen_data_347621554c024ed8|__AUTOMETRIC__
__AUTOMETRIC__|0.1.2|2147024|crew_log_1f038d80c602ee2f|0|1786749049.986|98.853|0.515|475439104|3573460992|gen_data_347621554c024ed8|__AUTOMETRIC__
__AUTOMETRIC__|0.1.2|2147024|crew_log_1f038d80c602ee2f|0|1786749050.988|99.858|0.520|475439104|3573460992|gen_data_347621554c024ed8|__AUTOMETRIC__
__AUTOMETRIC__|0.1.2|2147024|crew_log_1f038d80c602ee2f|0|1786749051.989|98.869|0.515|475439104|3573460992|gen_data_347621554c024ed8|__AUTOMETRIC__
__AUTOMETRIC__|0.1.2|2147024|crew_log_1f038d80c602ee2f|0|1786749052.990|98.857|0.515|475439104|3573460992|gen_data_347621554c024ed8|__AUTOMETRIC__
__AUTOMETRIC__|0.1.2|2147024|crew_log_1f038d80c602ee2f|0|1786749053.992|99.859|0.520|475439104|3573460992|gen_data_347621554c024ed8|__AUTOMETRIC__
__AUTOMETRIC__|0.1.2|2147024|crew_log_1f038d80c602ee2f|0|1786749054.994|98.810|0.515|475439104|3573460992|gen_data_347621554c024ed8|__AUTOMETRIC__
__AUTOMETRIC__|0.1.2|2147024|crew_log_1f038d80c602ee2f|0|1786749055.997|99.677|0.519|475439104|3573460992|gen_data_347621554c024ed8|__AUTOMETRIC__
__AUTOMETRIC__|0.1.2|2147024|crew_log_1f038d80c602ee2f|0|1786749056.999|98.799|0.515|475439104|3573460992|gen_data_347621554c024ed8|__AUTOMETRIC__
__AUTOMETRIC__|0.1.2|2147024|crew_log_1f038d80c602ee2f|0|1786749058.000|98.873|0.515|475439104|3573460992|gen_data_347621554c024ed8|__AUTOMETRIC__
__AUTOMETRIC__|0.1.2|2147024|crew_log_1f038d80c602ee2f|0|1786749059.002|99.861|0.520|475439104|3573460992|gen_data_347621554c024ed8|__AUTOMETRIC__
__AUTOMETRIC__|0.1.2|2147024|crew_log_1f038d80c602ee2f|0|1786749060.003|98.876|0.515|475439104|3573460992|gen_data_347621554c024ed8|__AUTOMETRIC__
__AUTOMETRIC__|0.1.2|2147024|crew_log_1f038d80c602ee2f|0|1786749061.004|99.878|0.520|475439104|3573460992|gen_data_347621554c024ed8|__AUTOMETRIC__
__AUTOMETRIC__|0.1.2|2147024|crew_log_1f038d80c602ee2f|0|1786749062.007|98.732|0.514|475439104|3573460992|gen_data_347621554c024ed8|__AUTOMETRIC__
__AUTOMETRIC__|0.1.2|2147024|crew_log_1f038d80c602ee2f|0|1786749063.011|99.609|0.519|475439104|3573460992|gen_data_347621554c024ed8|__AUTOMETRIC__
__AUTOMETRIC__|0.1.2|2147024|crew_log_1f038d80c602ee2f|0|1786749064.012|98.876|0.515|475439104|3573460992|gen_data_347621554c024ed8|__AUTOMETRIC__
__AUTOMETRIC__|0.1.2|2147024|crew_log_1f038d80c602ee2f|0|1786749065.014|99.830|0.520|475439104|3573460992|gen_data_347621554c024ed8|__AUTOMETRIC__
__AUTOMETRIC__|0.1.2|2147024|crew_log_1f038d80c602ee2f|0|1786749066.015|98.871|0.515|475439104|3573460992|gen_data_347621554c024ed8|__AUTOMETRIC__
__AUTOMETRIC__|0.1.2|2147024|crew_log_1f038d80c602ee2f|0|1786749067.017|99.829|0.520|475439104|3573460992|gen_data_347621554c024ed8|__AUTOMETRIC__
__AUTOMETRIC__|0.1.2|2147024|crew_log_1f038d80c602ee2f|0|1786749068.018|98.852|0.515|475439104|3573460992|gen_data_347621554c024ed8|__AUTOMETRIC__
__AUTOMETRIC__|0.1.2|2147024|crew_log_1f038d80c602ee2f|0|1786749069.020|98.829|0.515|475439104|3573460992|gen_data_347621554c024ed8|__AUTOMETRIC__
__AUTOMETRIC__|0.1.2|2147024|crew_log_1f038d80c602ee2f|0|1786749070.022|99.836|0.520|475439104|3573460992|gen_data_347621554c024ed8|__AUTOMETRIC__
__AUTOMETRIC__|0.1.2|2147024|crew_log_1f038d80c602ee2f|0|1786749071.023|98.838|0.515|475439104|3573460992|gen_data_347621554c024ed8|__AUTOMETRIC__
__AUTOMETRIC__|0.1.2|2147024|crew_log_1f038d80c602ee2f|0|1786749072.025|99.815|0.520|475439104|3573460992|gen_data_347621554c024ed8|__AUTOMETRIC__
__AUTOMETRIC__|0.1.2|2147024|crew_log_1f038d80c602ee2f|0|1786749073.027|98.810|0.515|475439104|3573460992|gen_data_347621554c024ed8|__AUTOMETRIC__
__AUTOMETRIC__|0.1.2|2147024|crew_log_1f038d80c602ee2f|0|1786749074.029|98.830|0.515|475439104|3573460992|gen_data_347621554c024ed8|__AUTOMETRIC__
__AUTOMETRIC__|0.1.2|2147024|crew_log_1f038d80c602ee2f|0|1786749075.031|99.778|0.520|475439104|3573460992|gen_data_347621554c024ed8|__AUTOMETRIC__
__AUTOMETRIC__|0.1.2|2147024|crew_log_1f038d80c602ee2f|0|1786749076.033|98.765|0.514|475439104|3573460992|gen_data_347621554c024ed8|__AUTOMETRIC__
__AUTOMETRIC__|0.1.2|2147024|crew_log_1f038d80c602ee2f|0|1786749077.036|99.771|0.520|475439104|3573460992|gen_data_347621554c024ed8|__AUTOMETRIC__
__AUTOMETRIC__|0.1.2|2147024|crew_log_1f038d80c602ee2f|0|1786749078.037|98.852|0.515|475439104|3573460992|gen_data_347621554c024ed8|__AUTOMETRIC__
__AUTOMETRIC__|0.1.2|2147024|crew_log_1f038d80c602ee2f|0|1786749079.039|98.845|0.515|475439104|3573460992|gen_data_347621554c024ed8|__AUTOMETRIC__
__AUTOMETRIC__|0.1.2|2147024|crew_log_1f038d80c602ee2f|0|1786749080.040|99.860|0.520|475439104|3573460992|gen_data_347621554c024ed8|__AUTOMETRIC__
__AUTOMETRIC__|0.1.2|2147024|crew_log_1f038d80c602ee2f|0|1786749081.041|98.866|0.515|475439104|3573460992|gen_data_347621554c024ed8|__AUTOMETRIC__
__AUTOMETRIC__|0.1.2|2147024|crew_log_1f038d80c602ee2f|0|1786749082.043|99.860|0.520|475439104|3573460992|gen_data_347621554c024ed8|__AUTOMETRIC__
__AUTOMETRIC__|0.1.2|2147024|crew_log_1f038d80c602ee2f|0|1786749083.044|98.888|0.515|475439104|3573460992|gen_data_347621554c024ed8|__AUTOMETRIC__
__AUTOMETRIC__|0.1.2|2147024|crew_log_1f038d80c602ee2f|0|1786749084.045|98.870|0.515|475439104|3573460992|gen_data_347621554c024ed8|__AUTOMETRIC__
__AUTOMETRIC__|0.1.2|2147024|crew_log_1f038d80c602ee2f|0|1786749085.047|98.868|0.515|475439104|3573460992|gen_data_347621554c024ed8|__AUTOMETRIC__
__AUTOMETRIC__|0.1.2|2147024|crew_log_1f038d80c602ee2f|0|1786749086.048|99.877|0.520|475439104|3573460992|gen_data_347621554c024ed8|__AUTOMETRIC__
__AUTOMETRIC__|0.1.2|2147024|crew_log_1f038d80c602ee2f|0|1786749087.049|98.865|0.515|475439104|3573460992|gen_data_347621554c024ed8|__AUTOMETRIC__
__AUTOMETRIC__|0.1.2|2147024|crew_log_1f038d80c602ee2f|0|1786749088.050|98.878|0.515|475439104|3573460992|gen_data_347621554c024ed8|__AUTOMETRIC__
__AUTOMETRIC__|0.1.2|2147024|crew_log_1f038d80c602ee2f|0|1786749089.052|99.804|0.520|475439104|3573460992|gen_data_347621554c024ed8|__AUTOMETRIC__
__AUTOMETRIC__|0.1.2|2147024|crew_log_1f038d80c602ee2f|0|1786749090.054|98.844|0.515|475439104|3573460992|gen_data_347621554c024ed8|__AUTOMETRIC__
__AUTOMETRIC__|0.1.2|2147024|crew_log_1f038d80c602ee2f|0|1786749091.055|99.870|0.520|475439104|3573460992|gen_data_347621554c024ed8|__AUTOMETRIC__
__AUTOMETRIC__|0.1.2|2147024|crew_log_1f038d80c602ee2f|0|1786749092.056|98.881|0.515|475439104|3573460992|gen_data_347621554c024ed8|__AUTOMETRIC__
__AUTOMETRIC__|0.1.2|2147024|crew_log_1f038d80c602ee2f|0|1786749093.058|98.864|0.515|475439104|3573460992|gen_data_347621554c024ed8|__AUTOMETRIC__
__AUTOMETRIC__|0.1.2|2147024|crew_log_1f038d80c602ee2f|0|1786749094.059|99.881|0.520|475439104|3573460992|gen_data_347621554c024ed8|__AUTOMETRIC__
__AUTOMETRIC__|0.1.2|2147024|crew_log_1f038d80c602ee2f|0|1786749095.061|98.850|0.515|475439104|3573460992|gen_data_347621554c024ed8|__AUTOMETRIC__
__AUTOMETRIC__|0.1.2|2147024|crew_log_1f038d80c602ee2f|0|1786749096.062|98.869|0.515|475439104|3573460992|gen_data_347621554c024ed8|__AUTOMETRIC__
__AUTOMETRIC__|0.1.2|2147024|crew_log_1f038d80c602ee2f|0|1786749097.063|98.856|0.515|475439104|3573460992|gen_data_347621554c024ed8|__AUTOMETRIC__
__AUTOMETRIC__|0.1.2|2147024|crew_log_1f038d80c602ee2f|0|1786749098.065|99.875|0.520|475439104|3573460992|gen_data_347621554c024ed8|__AUTOMETRIC__
__AUTOMETRIC__|0.1.2|2147024|crew_log_1f038d80c602ee2f|0|1786749099.066|98.871|0.515|475439104|3573460992|gen_data_347621554c024ed8|__AUTOMETRIC__
__AUTOMETRIC__|0.1.2|2147024|crew_log_1f038d80c602ee2f|0|1786749100.067|98.873|0.515|475439104|3573460992|gen_data_347621554c024ed8|__AUTOMETRIC__
__AUTOMETRIC__|0.1.2|2147024|crew_log_1f038d80c602ee2f|0|1786749101.068|98.882|0.515|475439104|3573460992|gen_data_347621554c024ed8|__AUTOMETRIC__
__AUTOMETRIC__|0.1.2|2147024|crew_log_1f038d80c602ee2f|0|1786749102.070|99.826|0.520|475439104|3573460992|gen_data_347621554c024ed8|__AUTOMETRIC__
__AUTOMETRIC__|0.1.2|2147024|crew_log_1f038d80c602ee2f|0|1786749103.071|98.880|0.515|475439104|3573460992|gen_data_347621554c024ed8|__AUTOMETRIC__
__AUTOMETRIC__|0.1.2|2147024|crew_log_1f038d80c602ee2f|0|1786749104.073|98.878|0.515|475439104|3573460992|gen_data_347621554c024ed8|__AUTOMETRIC__
__AUTOMETRIC__|0.1.2|2147024|crew_log_1f038d80c602ee2f|0|1786749105.074|99.872|0.520|475439104|3573460992|gen_data_347621554c024ed8|__AUTOMETRIC__
__AUTOMETRIC__|0.1.2|2147024|crew_log_1f038d80c602ee2f|0|1786749106.076|98.831|0.515|475439104|3573460992|gen_data_347621554c024ed8|__AUTOMETRIC__
__AUTOMETRIC__|0.1.2|2147024|crew_log_1f038d80c602ee2f|0|1786749107.081|99.460|0.518|475439104|3573460992|gen_data_347621554c024ed8|__AUTOMETRIC__
__AUTOMETRIC__|0.1.2|2147024|crew_log_1f038d80c602ee2f|0|1786749108.082|98.876|0.515|475439104|3573460992|gen_data_347621554c024ed8|__AUTOMETRIC__
__AUTOMETRIC__|0.1.2|2147024|crew_log_1f038d80c602ee2f|0|1786749109.085|99.694|0.519|475439104|3573460992|gen_data_347621554c024ed8|__AUTOMETRIC__
__AUTOMETRIC__|0.1.2|2147024|crew_log_1f038d80c602ee2f|0|1786749110.087|98.830|0.515|475439104|3573460992|gen_data_347621554c024ed8|__AUTOMETRIC__
__AUTOMETRIC__|0.1.2|2147024|crew_log_1f038d80c602ee2f|0|1786749111.089|98.854|0.515|475439104|3573460992|gen_data_347621554c024ed8|__AUTOMETRIC__
__AUTOMETRIC__|0.1.2|2147024|crew_log_1f038d80c602ee2f|0|1786749112.090|99.873|0.520|475439104|3573460992|gen_data_347621554c024ed8|__AUTOMETRIC__
__AUTOMETRIC__|0.1.2|2147024|crew_log_1f038d80c602ee2f|0|1786749113.091|98.873|0.515|475439104|3573460992|gen_data_347621554c024ed8|__AUTOMETRIC__
__AUTOMETRIC__|0.1.2|2147024|crew_log_1f038d80c602ee2f|0|1786749114.094|99.697|0.519|475439104|3573460992|gen_data_347621554c024ed8|__AUTOMETRIC__
__AUTOMETRIC__|0.1.2|2147024|crew_log_1f038d80c602ee2f|0|1786749115.095|98.874|0.515|475439104|3573460992|gen_data_347621554c024ed8|__AUTOMETRIC__
__AUTOMETRIC__|0.1.2|2147024|crew_log_1f038d80c602ee2f|0|1786749116.097|98.871|0.515|475439104|3573460992|gen_data_347621554c024ed8|__AUTOMETRIC__
__AUTOMETRIC__|0.1.2|2147024|crew_log_1f038d80c602ee2f|0|1786749117.098|99.875|0.520|475439104|3573460992|gen_data_347621554c024ed8|__AUTOMETRIC__
__AUTOMETRIC__|0.1.2|2147024|crew_log_1f038d80c602ee2f|0|1786749118.100|98.791|0.515|475439104|3573460992|gen_data_347621554c024ed8|__AUTOMETRIC__
__AUTOMETRIC__|0.1.2|2147024|crew_log_1f038d80c602ee2f|0|1786749119.101|98.868|0.515|475439104|3573460992|gen_data_347621554c024ed8|__AUTOMETRIC__
__AUTOMETRIC__|0.1.2|2147024|crew_log_1f038d80c602ee2f|0|1786749120.103|100.878|0.525|475439104|3573460992|gen_data_347621554c024ed8|__AUTOMETRIC__
__AUTOMETRIC__|0.1.2|2147024|crew_log_1f038d80c602ee2f|0|1786749121.104|98.868|0.515|475439104|3573460992|gen_data_347621554c024ed8|__AUTOMETRIC__
__AUTOMETRIC__|0.1.2|2147024|crew_log_1f038d80c602ee2f|0|1786749122.105|99.876|0.520|475439104|3573460992|gen_data_347621554c024ed8|__AUTOMETRIC__
__AUTOMETRIC__|0.1.2|2147024|crew_log_1f038d80c602ee2f|0|1786749123.106|98.882|0.515|475439104|3573460992|gen_data_347621554c024ed8|__AUTOMETRIC__
__AUTOMETRIC__|0.1.2|2147024|crew_log_1f038d80c602ee2f|0|1786749124.108|98.859|0.515|475439104|3573460992|gen_data_347621554c024ed8|__AUTOMETRIC__
__AUTOMETRIC__|0.1.2|2147024|crew_log_1f038d80c602ee2f|0|1786749125.109|99.863|0.520|475439104|3573460992|gen_data_347621554c024ed8|__AUTOMETRIC__
__AUTOMETRIC__|0.1.2|2147024|crew_log_1f038d80c602ee2f|0|1786749126.110|98.880|0.515|475439104|3573460992|gen_data_347621554c024ed8|__AUTOMETRIC__
__AUTOMETRIC__|0.1.2|2147024|crew_log_1f038d80c602ee2f|0|1786749127.112|98.868|0.515|475439104|3573460992|gen_data_347621554c024ed8|__AUTOMETRIC__
__AUTOMETRIC__|0.1.2|2147024|crew_log_1f038d80c602ee2f|0|1786749128.113|99.869|0.520|475439104|3573460992|gen_data_347621554c024ed8|__AUTOMETRIC__
__AUTOMETRIC__|0.1.2|2147024|crew_log_1f038d80c602ee2f|0|1786749129.114|98.869|0.515|475439104|3573460992|gen_data_347621554c024ed8|__AUTOMETRIC__
__AUTOMETRIC__|0.1.2|2147024|crew_log_1f038d80c602ee2f|0|1786749130.116|99.789|0.520|475439104|3573460992|gen_data_347621554c024ed8|__AUTOMETRIC__
__AUTOMETRIC__|0.1.2|2147024|crew_log_1f038d80c602ee2f|0|1786749131.118|98.865|0.515|475439104|3573460992|gen_data_347621554c024ed8|__AUTOMETRIC__
__AUTOMETRIC__|0.1.2|2147024|crew_log_1f038d80c602ee2f|0|1786749132.119|99.860|0.520|475439104|3573460992|gen_data_347621554c024ed8|__AUTOMETRIC__
__AUTOMETRIC__|0.1.2|2147024|crew_log_1f038d80c602ee2f|0|1786749133.121|98.861|0.515|475439104|3573460992|gen_data_347621554c024ed8|__AUTOMETRIC__
__AUTOMETRIC__|0.1.2|2147024|crew_log_1f038d80c602ee2f|0|1786749134.122|99.873|0.520|475439104|3573460992|gen_data_347621554c024ed8|__AUTOMETRIC__
__AUTOMETRIC__|0.1.2|2147024|crew_log_1f038d80c602ee2f|0|1786749135.123|98.877|0.515|475439104|3573460992|gen_data_347621554c024ed8|__AUTOMETRIC__
__AUTOMETRIC__|0.1.2|2147024|crew_log_1f038d80c602ee2f|0|1786749136.125|98.866|0.515|475439104|3573460992|gen_data_347621554c024ed8|__AUTOMETRIC__
__AUTOMETRIC__|0.1.2|2147024|crew_log_1f038d80c602ee2f|0|1786749137.126|99.861|0.520|475439104|3573460992|gen_data_347621554c024ed8|__AUTOMETRIC__
__AUTOMETRIC__|0.1.2|2147024|crew_log_1f038d80c602ee2f|0|1786749138.130|98.582|0.513|475439104|3573460992|gen_data_347621554c024ed8|__AUTOMETRIC__
__AUTOMETRIC__|0.1.2|2147024|crew_log_1f038d80c602ee2f|0|1786749139.132|99.843|0.520|475439104|3573460992|gen_data_347621554c024ed8|__AUTOMETRIC__
__AUTOMETRIC__|0.1.2|2147024|crew_log_1f038d80c602ee2f|0|1786749140.135|98.695|0.514|475439104|3573460992|gen_data_347621554c024ed8|__AUTOMETRIC__
__AUTOMETRIC__|0.1.2|2147024|crew_log_1f038d80c602ee2f|0|1786749141.136|99.865|0.520|475439104|3573460992|gen_data_347621554c024ed8|__AUTOMETRIC__
__AUTOMETRIC__|0.1.2|2147024|crew_log_1f038d80c602ee2f|0|1786749142.137|98.869|0.515|475439104|3573460992|gen_data_347621554c024ed8|__AUTOMETRIC__
__AUTOMETRIC__|0.1.2|2147024|crew_log_1f038d80c602ee2f|0|1786749143.139|98.870|0.515|475439104|3573460992|gen_data_347621554c024ed8|__AUTOMETRIC__
__AUTOMETRIC__|0.1.2|2147024|crew_log_1f038d80c602ee2f|0|1786749144.140|99.854|0.520|475439104|3573460992|gen_data_347621554c024ed8|__AUTOMETRIC__
__AUTOMETRIC__|0.1.2|2147024|crew_log_1f038d80c602ee2f|0|1786749145.142|98.869|0.515|475439104|3573460992|gen_data_347621554c024ed8|__AUTOMETRIC__
__AUTOMETRIC__|0.1.2|2147024|crew_log_1f038d80c602ee2f|0|1786749146.143|99.859|0.520|475439104|3573460992|gen_data_347621554c024ed8|__AUTOMETRIC__
__AUTOMETRIC__|0.1.2|2147024|crew_log_1f038d80c602ee2f|0|1786749147.144|98.868|0.515|475439104|3573460992|gen_data_347621554c024ed8|__AUTOMETRIC__
__AUTOMETRIC__|0.1.2|2147024|crew_log_1f038d80c602ee2f|0|1786749148.146|99.858|0.520|475439104|3573460992|gen_data_347621554c024ed8|__AUTOMETRIC__
__AUTOMETRIC__|0.1.2|2147024|crew_log_1f038d80c602ee2f|0|1786749149.147|98.873|0.515|475439104|3573460992|gen_data_347621554c024ed8|__AUTOMETRIC__
__AUTOMETRIC__|0.1.2|2147024|crew_log_1f038d80c602ee2f|0|1786749150.148|99.874|0.520|475439104|3573460992|gen_data_347621554c024ed8|__AUTOMETRIC__
__AUTOMETRIC__|0.1.2|2147024|crew_log_1f038d80c602ee2f|0|1786749151.150|98.842|0.515|475439104|3573460992|gen_data_347621554c024ed8|__AUTOMETRIC__
__AUTOMETRIC__|0.1.2|2147024|crew_log_1f038d80c602ee2f|0|1786749152.151|99.848|0.520|475439104|3573460992|gen_data_347621554c024ed8|__AUTOMETRIC__
__AUTOMETRIC__|0.1.2|2147024|crew_log_1f038d80c602ee2f|0|1786749153.153|98.859|0.515|475439104|3573460992|gen_data_347621554c024ed8|__AUTOMETRIC__
__AUTOMETRIC__|0.1.2|2147024|crew_log_1f038d80c602ee2f|0|1786749154.173|99.042|0.516|475439104|3573460992|gen_data_347621554c024ed8|__AUTOMETRIC__
__AUTOMETRIC__|0.1.2|2147024|crew_log_1f038d80c602ee2f|0|1786749155.174|99.869|0.520|475439104|3573460992|gen_data_347621554c024ed8|__AUTOMETRIC__
__AUTOMETRIC__|0.1.2|2147024|crew_log_1f038d80c602ee2f|0|1786749156.175|98.866|0.515|475439104|3573460992|gen_data_347621554c024ed8|__AUTOMETRIC__
__AUTOMETRIC__|0.1.2|2147024|crew_log_1f038d80c602ee2f|0|1786749157.176|98.881|0.515|475439104|3573460992|gen_data_347621554c024ed8|__AUTOMETRIC__
__AUTOMETRIC__|0.1.2|2147024|crew_log_1f038d80c602ee2f|0|1786749158.178|99.869|0.520|475439104|3573460992|gen_data_347621554c024ed8|__AUTOMETRIC__
__AUTOMETRIC__|0.1.2|2147024|crew_log_1f038d80c602ee2f|0|1786749159.179|98.868|0.515|475439104|3573460992|gen_data_347621554c024ed8|__AUTOMETRIC__
__AUTOMETRIC__|0.1.2|2147024|crew_log_1f038d80c602ee2f|0|1786749160.181|99.836|0.520|475439104|3573460992|gen_data_347621554c024ed8|__AUTOMETRIC__
__AUTOMETRIC__|0.1.2|2147024|crew_log_1f038d80c602ee2f|0|1786749161.182|98.831|0.515|475439104|3573460992|gen_data_347621554c024ed8|__AUTOMETRIC__
__AUTOMETRIC__|0.1.2|2147024|crew_log_1f038d80c602ee2f|0|1786749162.184|99.864|0.520|475439104|3573460992|gen_data_347621554c024ed8|__AUTOMETRIC__
__AUTOMETRIC__|0.1.2|2147024|crew_log_1f038d80c602ee2f|0|1786749163.185|98.863|0.515|475439104|3573460992|gen_data_347621554c024ed8|__AUTOMETRIC__
__AUTOMETRIC__|0.1.2|2147024|crew_log_1f038d80c602ee2f|0|1786749164.186|98.878|0.515|475439104|3573460992|gen_data_347621554c024ed8|__AUTOMETRIC__
__AUTOMETRIC__|0.1.2|2147024|crew_log_1f038d80c602ee2f|0|1786749165.188|99.853|0.520|475439104|3573460992|gen_data_347621554c024ed8|__AUTOMETRIC__
__AUTOMETRIC__|0.1.2|2147024|crew_log_1f038d80c602ee2f|0|1786749166.189|98.880|0.515|475439104|3573460992|gen_data_347621554c024ed8|__AUTOMETRIC__
__AUTOMETRIC__|0.1.2|2147024|crew_log_1f038d80c602ee2f|0|1786749167.190|99.873|0.520|475439104|3573460992|gen_data_347621554c024ed8|__AUTOMETRIC__
__AUTOMETRIC__|0.1.2|2147024|crew_log_1f038d80c602ee2f|0|1786749168.192|99.854|0.520|475439104|3573460992|gen_data_347621554c024ed8|__AUTOMETRIC__
__AUTOMETRIC__|0.1.2|2147024|crew_log_1f038d80c602ee2f|0|1786749169.193|98.863|0.515|475439104|3573460992|gen_data_347621554c024ed8|__AUTOMETRIC__
__AUTOMETRIC__|0.1.2|2147024|crew_log_1f038d80c602ee2f|0|1786749170.195|98.859|0.515|475439104|3573460992|gen_data_347621554c024ed8|__AUTOMETRIC__
__AUTOMETRIC__|0.1.2|2147024|crew_log_1f038d80c602ee2f|0|1786749171.196|99.843|0.520|475439104|3573460992|gen_data_347621554c024ed8|__AUTOMETRIC__
__AUTOMETRIC__|0.1.2|2147024|crew_log_1f038d80c602ee2f|0|1786749172.198|98.864|0.515|475439104|3573460992|gen_data_347621554c024ed8|__AUTOMETRIC__
__AUTOMETRIC__|0.1.2|2147024|crew_log_1f038d80c602ee2f|0|1786749173.199|99.839|0.520|475439104|3573460992|gen_data_347621554c024ed8|__AUTOMETRIC__
__AUTOMETRIC__|0.1.2|2147024|crew_log_1f038d80c602ee2f|0|1786749174.202|98.764|0.514|475439104|3573460992|gen_data_347621554c024ed8|__AUTOMETRIC__
__AUTOMETRIC__|0.1.2|2147024|crew_log_1f038d80c602ee2f|0|1786749175.204|99.774|0.520|475439104|3573460992|gen_data_347621554c024ed8|__AUTOMETRIC__
__AUTOMETRIC__|0.1.2|2147024|crew_log_1f038d80c602ee2f|0|1786749176.206|98.807|0.515|475439104|3573460992|gen_data_347621554c024ed8|__AUTOMETRIC__
__AUTOMETRIC__|0.1.2|2147024|crew_log_1f038d80c602ee2f|0|1786749177.208|99.759|0.520|475439104|3573460992|gen_data_347621554c024ed8|__AUTOMETRIC__
__AUTOMETRIC__|0.1.2|2147024|crew_log_1f038d80c602ee2f|0|1786749178.210|98.843|0.515|475439104|3573460992|gen_data_347621554c024ed8|__AUTOMETRIC__
__AUTOMETRIC__|0.1.2|2147024|crew_log_1f038d80c602ee2f|0|1786749179.211|98.852|0.515|475439104|3573460992|gen_data_347621554c024ed8|__AUTOMETRIC__
__AUTOMETRIC__|0.1.2|2147024|crew_log_1f038d80c602ee2f|0|1786749180.213|99.812|0.520|475439104|3573460992|gen_data_347621554c024ed8|__AUTOMETRIC__
__AUTOMETRIC__|0.1.2|2147024|crew_log_1f038d80c602ee2f|0|1786749181.215|98.824|0.515|475439104|3573460992|gen_data_347621554c024ed8|__AUTOMETRIC__
__AUTOMETRIC__|0.1.2|2147024|crew_log_1f038d80c602ee2f|0|1786749182.217|99.802|0.520|475439104|3573460992|gen_data_347621554c024ed8|__AUTOMETRIC__
__AUTOMETRIC__|0.1.2|2147024|crew_log_1f038d80c602ee2f|0|1786749183.219|98.800|0.515|475439104|3573460992|gen_data_347621554c024ed8|__AUTOMETRIC__
__AUTOMETRIC__|0.1.2|2147024|crew_log_1f038d80c602ee2f|0|1786749184.220|99.870|0.520|475439104|3573460992|gen_data_347621554c024ed8|__AUTOMETRIC__
__AUTOMETRIC__|0.1.2|2147024|crew_log_1f038d80c602ee2f|0|1786749185.222|98.838|0.515|475439104|3573460992|gen_data_347621554c024ed8|__AUTOMETRIC__
__AUTOMETRIC__|0.1.2|2147024|crew_log_1f038d80c602ee2f|0|1786749186.223|98.872|0.515|475439104|3573460992|gen_data_347621554c024ed8|__AUTOMETRIC__
__AUTOMETRIC__|0.1.2|2147024|crew_log_1f038d80c602ee2f|0|1786749187.225|99.858|0.520|475439104|3573460992|gen_data_347621554c024ed8|__AUTOMETRIC__
__AUTOMETRIC__|0.1.2|2147024|crew_log_1f038d80c602ee2f|0|1786749188.226|98.867|0.515|475439104|3573460992|gen_data_347621554c024ed8|__AUTOMETRIC__
__AUTOMETRIC__|0.1.2|2147024|crew_log_1f038d80c602ee2f|0|1786749189.228|98.833|0.515|475439104|3573460992|gen_data_347621554c024ed8|__AUTOMETRIC__
__AUTOMETRIC__|0.1.2|2147024|crew_log_1f038d80c602ee2f|0|1786749190.229|99.888|0.520|475439104|3573460992|gen_data_347621554c024ed8|__AUTOMETRIC__
__AUTOMETRIC__|0.1.2|2147024|crew_log_1f038d80c602ee2f|0|1786749191.230|98.856|0.515|475439104|3573460992|gen_data_347621554c024ed8|__AUTOMETRIC__
__AUTOMETRIC__|0.1.2|2147024|crew_log_1f038d80c602ee2f|0|1786749192.232|98.876|0.515|475439104|3573460992|gen_data_347621554c024ed8|__AUTOMETRIC__
__AUTOMETRIC__|0.1.2|2147024|crew_log_1f038d80c602ee2f|0|1786749193.233|99.869|0.520|475439104|3573460992|gen_data_347621554c024ed8|__AUTOMETRIC__
__AUTOMETRIC__|0.1.2|2147024|crew_log_1f038d80c602ee2f|0|1786749194.234|98.877|0.515|475439104|3573460992|gen_data_347621554c024ed8|__AUTOMETRIC__
__AUTOMETRIC__|0.1.2|2147024|crew_log_1f038d80c602ee2f|0|1786749195.235|99.880|0.520|475439104|3573460992|gen_data_347621554c024ed8|__AUTOMETRIC__
__AUTOMETRIC__|0.1.2|2147024|crew_log_1f038d80c602ee2f|0|1786749196.237|98.880|0.515|475439104|3573460992|gen_data_347621554c024ed8|__AUTOMETRIC__
__AUTOMETRIC__|0.1.2|2147024|crew_log_1f038d80c602ee2f|0|1786749197.238|99.880|0.520|475439104|3573460992|gen_data_347621554c024ed8|__AUTOMETRIC__
__AUTOMETRIC__|0.1.2|2147024|crew_log_1f038d80c602ee2f|0|1786749198.239|98.873|0.515|475439104|3573460992|gen_data_347621554c024ed8|__AUTOMETRIC__
__AUTOMETRIC__|0.1.2|2147024|crew_log_1f038d80c602ee2f|0|1786749199.241|98.846|0.515|475439104|3573460992|gen_data_347621554c024ed8|__AUTOMETRIC__
__AUTOMETRIC__|0.1.2|2147024|crew_log_1f038d80c602ee2f|0|1786749200.242|99.857|0.520|475439104|3573460992|gen_data_347621554c024ed8|__AUTOMETRIC__
__AUTOMETRIC__|0.1.2|2147024|crew_log_1f038d80c602ee2f|0|1786749201.244|98.851|0.515|475439104|3573460992|gen_data_347621554c024ed8|__AUTOMETRIC__
__AUTOMETRIC__|0.1.2|2147024|crew_log_1f038d80c602ee2f|0|1786749202.245|98.858|0.515|475439104|3573460992|gen_data_347621554c024ed8|__AUTOMETRIC__
__AUTOMETRIC__|0.1.2|2147024|crew_log_1f038d80c602ee2f|0|1786749203.246|99.867|0.520|475439104|3573460992|gen_data_347621554c024ed8|__AUTOMETRIC__
__AUTOMETRIC__|0.1.2|2147024|crew_log_1f038d80c602ee2f|0|1786749204.248|98.881|0.515|475439104|3573460992|gen_data_347621554c024ed8|__AUTOMETRIC__
__AUTOMETRIC__|0.1.2|2147024|crew_log_1f038d80c602ee2f|0|1786749205.249|98.878|0.515|475439104|3573460992|gen_data_347621554c024ed8|__AUTOMETRIC__
__AUTOMETRIC__|0.1.2|2147024|crew_log_1f038d80c602ee2f|0|1786749206.250|99.869|0.520|475439104|3573460992|gen_data_347621554c024ed8|__AUTOMETRIC__
__AUTOMETRIC__|0.1.2|2147024|crew_log_1f038d80c602ee2f|0|1786749207.251|98.865|0.515|475439104|3573460992|gen_data_347621554c024ed8|__AUTOMETRIC__
__AUTOMETRIC__|0.1.2|2147024|crew_log_1f038d80c602ee2f|0|1786749208.254|99.765|0.520|475439104|3573460992|gen_data_347621554c024ed8|__AUTOMETRIC__
__AUTOMETRIC__|0.1.2|2147024|crew_log_1f038d80c602ee2f|0|1786749209.257|98.675|0.514|475439104|3573460992|gen_data_347621554c024ed8|__AUTOMETRIC__
__AUTOMETRIC__|0.1.2|2147024|crew_log_1f038d80c602ee2f|0|1786749210.258|99.865|0.520|475439104|3573460992|gen_data_347621554c024ed8|__AUTOMETRIC__
__AUTOMETRIC__|0.1.2|2147024|crew_log_1f038d80c602ee2f|0|1786749211.260|98.831|0.515|475439104|3573460992|gen_data_347621554c024ed8|__AUTOMETRIC__
__AUTOMETRIC__|0.1.2|2147024|crew_log_1f038d80c602ee2f|0|1786749212.261|99.880|0.520|475439104|3573460992|gen_data_347621554c024ed8|__AUTOMETRIC__
__AUTOMETRIC__|0.1.2|2147024|crew_log_1f038d80c602ee2f|0|1786749213.263|98.873|0.515|475439104|3573460992|gen_data_347621554c024ed8|__AUTOMETRIC__
__AUTOMETRIC__|0.1.2|2147024|crew_log_1f038d80c602ee2f|0|1786749214.264|98.872|0.515|475439104|3573460992|gen_data_347621554c024ed8|__AUTOMETRIC__
__AUTOMETRIC__|0.1.2|2147024|crew_log_1f038d80c602ee2f|0|1786749215.265|99.878|0.520|475439104|3573460992|gen_data_347621554c024ed8|__AUTOMETRIC__
__AUTOMETRIC__|0.1.2|2147024|crew_log_1f038d80c602ee2f|0|1786749216.266|98.873|0.515|475439104|3573460992|gen_data_347621554c024ed8|__AUTOMETRIC__
__AUTOMETRIC__|0.1.2|2147024|crew_log_1f038d80c602ee2f|0|1786749217.268|99.858|0.520|475439104|3573460992|gen_data_347621554c024ed8|__AUTOMETRIC__
__AUTOMETRIC__|0.1.2|2147024|crew_log_1f038d80c602ee2f|0|1786749218.269|98.861|0.515|475439104|3573460992|gen_data_347621554c024ed8|__AUTOMETRIC__
__AUTOMETRIC__|0.1.2|2147024|crew_log_1f038d80c602ee2f|0|1786749219.271|98.856|0.515|475439104|3573460992|gen_data_347621554c024ed8|__AUTOMETRIC__
__AUTOMETRIC__|0.1.2|2147024|crew_log_1f038d80c602ee2f|0|1786749220.272|99.874|0.520|475439104|3573460992|gen_data_347621554c024ed8|__AUTOMETRIC__
__AUTOMETRIC__|0.1.2|2147024|crew_log_1f038d80c602ee2f|0|1786749221.276|98.571|0.513|475439104|3573460992|gen_data_347621554c024ed8|__AUTOMETRIC__
__AUTOMETRIC__|0.1.2|2147024|crew_log_1f038d80c602ee2f|0|1786749222.278|99.873|0.520|475439104|3573460992|gen_data_347621554c024ed8|__AUTOMETRIC__
__AUTOMETRIC__|0.1.2|2147024|crew_log_1f038d80c602ee2f|0|1786749223.279|98.869|0.515|475439104|3573460992|gen_data_347621554c024ed8|__AUTOMETRIC__
__AUTOMETRIC__|0.1.2|2147024|crew_log_1f038d80c602ee2f|0|1786749224.280|99.874|0.520|475439104|3573460992|gen_data_347621554c024ed8|__AUTOMETRIC__
__AUTOMETRIC__|0.1.2|2147024|crew_log_1f038d80c602ee2f|0|1786749225.282|98.861|0.515|475439104|3573460992|gen_data_347621554c024ed8|__AUTOMETRIC__
__AUTOMETRIC__|0.1.2|2147024|crew_log_1f038d80c602ee2f|0|1786749226.283|99.864|0.520|475439104|3573460992|gen_data_347621554c024ed8|__AUTOMETRIC__
__AUTOMETRIC__|0.1.2|2147024|crew_log_1f038d80c602ee2f|0|1786749227.284|98.880|0.515|475439104|3573460992|gen_data_347621554c024ed8|__AUTOMETRIC__
__AUTOMETRIC__|0.1.2|2147024|crew_log_1f038d80c602ee2f|0|1786749228.286|98.865|0.515|475439104|3573460992|gen_data_347621554c024ed8|__AUTOMETRIC__
__AUTOMETRIC__|0.1.2|2147024|crew_log_1f038d80c602ee2f|0|1786749229.287|99.851|0.520|475439104|3573460992|gen_data_347621554c024ed8|__AUTOMETRIC__
__AUTOMETRIC__|0.1.2|2147024|crew_log_1f038d80c602ee2f|0|1786749230.288|98.860|0.515|475439104|3573460992|gen_data_347621554c024ed8|__AUTOMETRIC__
__AUTOMETRIC__|0.1.2|2147024|crew_log_1f038d80c602ee2f|0|1786749231.290|99.840|0.520|475439104|3573460992|gen_data_347621554c024ed8|__AUTOMETRIC__
__AUTOMETRIC__|0.1.2|2147024|crew_log_1f038d80c602ee2f|0|1786749232.291|98.861|0.515|475439104|3573460992|gen_data_347621554c024ed8|__AUTOMETRIC__
__AUTOMETRIC__|0.1.2|2147024|crew_log_1f038d80c602ee2f|0|1786749233.295|99.684|0.519|475439104|3573460992|gen_data_347621554c024ed8|__AUTOMETRIC__
__AUTOMETRIC__|0.1.2|2147024|crew_log_1f038d80c602ee2f|0|1786749234.296|99.831|0.520|475439104|3573460992|gen_data_347621554c024ed8|__AUTOMETRIC__
__AUTOMETRIC__|0.1.2|2147024|crew_log_1f038d80c602ee2f|0|1786749235.298|98.856|0.515|475439104|3573460992|gen_data_347621554c024ed8|__AUTOMETRIC__
__AUTOMETRIC__|0.1.2|2147024|crew_log_1f038d80c602ee2f|0|1786749236.299|99.863|0.520|475439104|3573460992|gen_data_347621554c024ed8|__AUTOMETRIC__
__AUTOMETRIC__|0.1.2|2147024|crew_log_1f038d80c602ee2f|0|1786749237.300|98.881|0.515|475439104|3573460992|gen_data_347621554c024ed8|__AUTOMETRIC__
__AUTOMETRIC__|0.1.2|2147024|crew_log_1f038d80c602ee2f|0|1786749238.302|98.882|0.515|475439104|3573460992|gen_data_347621554c024ed8|__AUTOMETRIC__
__AUTOMETRIC__|0.1.2|2147024|crew_log_1f038d80c602ee2f|0|1786749239.303|99.855|0.520|475439104|3573460992|gen_data_347621554c024ed8|__AUTOMETRIC__
__AUTOMETRIC__|0.1.2|2147024|crew_log_1f038d80c602ee2f|0|1786749240.304|98.870|0.515|475439104|3573460992|gen_data_347621554c024ed8|__AUTOMETRIC__
__AUTOMETRIC__|0.1.2|2147024|crew_log_1f038d80c602ee2f|0|1786749241.306|99.850|0.520|475439104|3573460992|gen_data_347621554c024ed8|__AUTOMETRIC__
__AUTOMETRIC__|0.1.2|2147024|crew_log_1f038d80c602ee2f|0|1786749242.307|98.868|0.515|475439104|3573460992|gen_data_347621554c024ed8|__AUTOMETRIC__
__AUTOMETRIC__|0.1.2|2147024|crew_log_1f038d80c602ee2f|0|1786749243.308|98.869|0.515|475439104|3573460992|gen_data_347621554c024ed8|__AUTOMETRIC__
__AUTOMETRIC__|0.1.2|2147024|crew_log_1f038d80c602ee2f|0|1786749244.310|99.864|0.520|475439104|3573460992|gen_data_347621554c024ed8|__AUTOMETRIC__
__AUTOMETRIC__|0.1.2|2147024|crew_log_1f038d80c602ee2f|0|1786749245.311|98.874|0.515|475439104|3573460992|gen_data_347621554c024ed8|__AUTOMETRIC__
__AUTOMETRIC__|0.1.2|2147024|crew_log_1f038d80c602ee2f|0|1786749246.312|99.860|0.520|475439104|3573460992|gen_data_347621554c024ed8|__AUTOMETRIC__
__AUTOMETRIC__|0.1.2|2147024|crew_log_1f038d80c602ee2f|0|1786749247.314|98.868|0.515|475439104|3573460992|gen_data_347621554c024ed8|__AUTOMETRIC__
__AUTOMETRIC__|0.1.2|2147024|crew_log_1f038d80c602ee2f|0|1786749248.315|99.870|0.520|475439104|3573460992|gen_data_347621554c024ed8|__AUTOMETRIC__
__AUTOMETRIC__|0.1.2|2147024|crew_log_1f038d80c602ee2f|0|1786749249.316|98.878|0.515|475439104|3573460992|gen_data_347621554c024ed8|__AUTOMETRIC__
__AUTOMETRIC__|0.1.2|2147024|crew_log_1f038d80c602ee2f|0|1786749250.318|98.857|0.515|475439104|3573460992|gen_data_347621554c024ed8|__AUTOMETRIC__
__AUTOMETRIC__|0.1.2|2147024|crew_log_1f038d80c602ee2f|0|1786749251.319|99.830|0.520|475439104|3573460992|gen_data_347621554c024ed8|__AUTOMETRIC__
__AUTOMETRIC__|0.1.2|2147024|crew_log_1f038d80c602ee2f|0|1786749252.321|98.876|0.515|475439104|3573460992|gen_data_347621554c024ed8|__AUTOMETRIC__
__AUTOMETRIC__|0.1.2|2147024|crew_log_1f038d80c602ee2f|0|1786749253.322|99.842|0.520|475439104|3573460992|gen_data_347621554c024ed8|__AUTOMETRIC__
__AUTOMETRIC__|0.1.2|2147024|crew_log_1f038d80c602ee2f|0|1786749254.324|98.863|0.515|475439104|3573460992|gen_data_347621554c024ed8|__AUTOMETRIC__
__AUTOMETRIC__|0.1.2|2147024|crew_log_1f038d80c602ee2f|0|1786749255.325|98.869|0.515|475439104|3573460992|gen_data_347621554c024ed8|__AUTOMETRIC__
__AUTOMETRIC__|0.1.2|2147024|crew_log_1f038d80c602ee2f|0|1786749256.326|99.884|0.520|475439104|3573460992|gen_data_347621554c024ed8|__AUTOMETRIC__
__AUTOMETRIC__|0.1.2|2147024|crew_log_1f038d80c602ee2f|0|1786749257.327|99.881|0.520|475439104|3573460992|gen_data_347621554c024ed8|__AUTOMETRIC__
__AUTOMETRIC__|0.1.2|2147024|crew_log_1f038d80c602ee2f|0|1786749258.329|98.873|0.515|475439104|3573460992|gen_data_347621554c024ed8|__AUTOMETRIC__
__AUTOMETRIC__|0.1.2|2147024|crew_log_1f038d80c602ee2f|0|1786749259.330|98.851|0.515|475439104|3573460992|gen_data_347621554c024ed8|__AUTOMETRIC__
__AUTOMETRIC__|0.1.2|2147024|crew_log_1f038d80c602ee2f|0|1786749260.331|99.878|0.520|475439104|3573460992|gen_data_347621554c024ed8|__AUTOMETRIC__
__AUTOMETRIC__|0.1.2|2147024|crew_log_1f038d80c602ee2f|0|1786749261.333|98.845|0.515|475439104|3573460992|gen_data_347621554c024ed8|__AUTOMETRIC__
__AUTOMETRIC__|0.1.2|2147024|crew_log_1f038d80c602ee2f|0|1786749262.334|99.872|0.520|475439104|3573460992|gen_data_347621554c024ed8|__AUTOMETRIC__
__AUTOMETRIC__|0.1.2|2147024|crew_log_1f038d80c602ee2f|0|1786749263.336|98.874|0.515|475439104|3573460992|gen_data_347621554c024ed8|__AUTOMETRIC__
__AUTOMETRIC__|0.1.2|2147024|crew_log_1f038d80c602ee2f|0|1786749264.337|99.826|0.520|475439104|3573460992|gen_data_347621554c024ed8|__AUTOMETRIC__
__AUTOMETRIC__|0.1.2|2147024|crew_log_1f038d80c602ee2f|0|1786749265.339|98.865|0.515|475439104|3573460992|gen_data_347621554c024ed8|__AUTOMETRIC__
__AUTOMETRIC__|0.1.2|2147024|crew_log_1f038d80c602ee2f|0|1786749266.340|98.857|0.515|475439104|3573460992|gen_data_347621554c024ed8|__AUTOMETRIC__
__AUTOMETRIC__|0.1.2|2147024|crew_log_1f038d80c602ee2f|0|1786749267.341|99.869|0.520|475439104|3573460992|gen_data_347621554c024ed8|__AUTOMETRIC__
__AUTOMETRIC__|0.1.2|2147024|crew_log_1f038d80c602ee2f|0|1786749268.343|98.856|0.515|475439104|3573460992|gen_data_347621554c024ed8|__AUTOMETRIC__
__AUTOMETRIC__|0.1.2|2147024|crew_log_1f038d80c602ee2f|0|1786749269.345|98.837|0.515|475439104|3573460992|gen_data_347621554c024ed8|__AUTOMETRIC__
__AUTOMETRIC__|0.1.2|2147024|crew_log_1f038d80c602ee2f|0|1786749270.346|99.870|0.520|475439104|3573460992|gen_data_347621554c024ed8|__AUTOMETRIC__
__AUTOMETRIC__|0.1.2|2147024|crew_log_1f038d80c602ee2f|0|1786749271.347|98.854|0.515|475439104|3573460992|gen_data_347621554c024ed8|__AUTOMETRIC__
__AUTOMETRIC__|0.1.2|2147024|crew_log_1f038d80c602ee2f|0|1786749272.349|99.850|0.520|475439104|3573460992|gen_data_347621554c024ed8|__AUTOMETRIC__
__AUTOMETRIC__|0.1.2|2147024|crew_log_1f038d80c602ee2f|0|1786749273.350|98.866|0.515|475439104|3573460992|gen_data_347621554c024ed8|__AUTOMETRIC__
__AUTOMETRIC__|0.1.2|2147024|crew_log_1f038d80c602ee2f|0|1786749274.351|98.871|0.515|475439104|3573460992|gen_data_347621554c024ed8|__AUTOMETRIC__
__AUTOMETRIC__|0.1.2|2147024|crew_log_1f038d80c602ee2f|0|1786749275.353|99.866|0.520|475439104|3573460992|gen_data_347621554c024ed8|__AUTOMETRIC__
__AUTOMETRIC__|0.1.2|2147024|crew_log_1f038d80c602ee2f|0|1786749276.354|98.855|0.515|475439104|3573460992|gen_data_347621554c024ed8|__AUTOMETRIC__
__AUTOMETRIC__|0.1.2|2147024|crew_log_1f038d80c602ee2f|0|1786749277.356|99.874|0.520|475439104|3573460992|gen_data_347621554c024ed8|__AUTOMETRIC__
__AUTOMETRIC__|0.1.2|2147024|crew_log_1f038d80c602ee2f|0|1786749278.357|98.863|0.515|475439104|3573460992|gen_data_347621554c024ed8|__AUTOMETRIC__
__AUTOMETRIC__|0.1.2|2147024|crew_log_1f038d80c602ee2f|0|1786749279.358|99.858|0.520|475439104|3573460992|gen_data_347621554c024ed8|__AUTOMETRIC__
__AUTOMETRIC__|0.1.2|2147024|crew_log_1f038d80c602ee2f|0|1786749280.360|98.865|0.515|475439104|3573460992|gen_data_347621554c024ed8|__AUTOMETRIC__
__AUTOMETRIC__|0.1.2|2147024|crew_log_1f038d80c602ee2f|0|1786749281.361|98.852|0.515|475439104|3573460992|gen_data_347621554c024ed8|__AUTOMETRIC__
__AUTOMETRIC__|0.1.2|2147024|crew_log_1f038d80c602ee2f|0|1786749282.363|99.856|0.520|475439104|3573460992|gen_data_347621554c024ed8|__AUTOMETRIC__
__AUTOMETRIC__|0.1.2|2147024|crew_log_1f038d80c602ee2f|0|1786749283.364|98.872|0.515|475439104|3573460992|gen_data_347621554c024ed8|__AUTOMETRIC__
__AUTOMETRIC__|0.1.2|2147024|crew_log_1f038d80c602ee2f|0|1786749284.365|99.856|0.520|475439104|3573460992|gen_data_347621554c024ed8|__AUTOMETRIC__
__AUTOMETRIC__|0.1.2|2147024|crew_log_1f038d80c602ee2f|0|1786749285.367|98.858|0.515|475439104|3573460992|gen_data_347621554c024ed8|__AUTOMETRIC__
__AUTOMETRIC__|0.1.2|2147024|crew_log_1f038d80c602ee2f|0|1786749286.368|98.861|0.515|475439104|3573460992|gen_data_347621554c024ed8|__AUTOMETRIC__
__AUTOMETRIC__|0.1.2|2147024|crew_log_1f038d80c602ee2f|0|1786749287.370|99.852|0.520|475439104|3573460992|gen_data_347621554c024ed8|__AUTOMETRIC__
__AUTOMETRIC__|0.1.2|2147024|crew_log_1f038d80c602ee2f|0|1786749288.371|87.893|0.458|475439104|3640569856|__DEFAULT__|__AUTOMETRIC__
__AUTOMETRIC__|0.1.2|2147024|crew_log_1f038d80c602ee2f|0|1786749289.372|0.000|0.000|475439104|3640569856|__DEFAULT__|__AUTOMETRIC__
__AUTOMETRIC__|0.1.2|2147024|crew_log_1f038d80c602ee2f|0|1786749290.373|0.000|0.000|475439104|3640569856|__DEFAULT__|__AUTOMETRIC__
__AUTOMETRIC__|0.1.2|2147024|crew_log_1f038d80c602ee2f|0|1786749291.375|0.000|0.000|475439104|3640569856|__DEFAULT__|__AUTOMETRIC__
__AUTOMETRIC__|0.1.2|2147024|crew_log_1f038d80c602ee2f|0|1786749292.376|0.000|0.000|475439104|3640569856|__DEFAULT__|__AUTOMETRIC__
__AUTOMETRIC__|0.1.2|2147024|crew_log_1f038d80c602ee2f|0|1786749293.378|0.000|0.000|475439104|3640569856|__DEFAULT__|__AUTOMETRIC__
__AUTOMETRIC__|0.1.2|2147024|crew_log_1f038d80c602ee2f|0|1786749294.379|0.000|0.000|475439104|3640569856|__DEFAULT__|__AUTOMETRIC__
__AUTOMETRIC__|0.1.2|2147024|crew_log_1f038d80c602ee2f|0|1786749295.380|0.000|0.000|475439104|3640569856|__DEFAULT__|__AUTOMETRIC__
__AUTOMETRIC__|0.1.2|2147024|crew_log_1f038d80c602ee2f|0|1786749296.382|0.000|0.000|475439104|3640569856|__DEFAULT__|__AUTOMETRIC__
__AUTOMETRIC__|0.1.2|2147024|crew_log_1f038d80c602ee2f|0|1786749297.383|0.000|0.000|475439104|3640569856|__DEFAULT__|__AUTOMETRIC__
__AUTOMETRIC__|0.1.2|2147024|crew_log_1f038d80c602ee2f|0|1786749298.384|0.000|0.000|475439104|3640569856|__DEFAULT__|__AUTOMETRIC__
__AUTOMETRIC__|0.1.2|2147024|crew_log_1f038d80c602ee2f|0|1786749299.386|0.000|0.000|475439104|3640569856|__DEFAULT__|__AUTOMETRIC__
__AUTOMETRIC__|0.1.2|2147024|crew_log_1f038d80c602ee2f|0|1786749300.387|0.000|0.000|475439104|3640569856|__DEFAULT__|__AUTOMETRIC__
__AUTOMETRIC__|0.1.2|2147024|crew_log_1f038d80c602ee2f|0|1786749301.388|0.000|0.000|475439104|3640569856|__DEFAULT__|__AUTOMETRIC__
__AUTOMETRIC__|0.1.2|2147024|crew_log_1f038d80c602ee2f|0|1786749302.390|0.000|0.000|475439104|3640569856|__DEFAULT__|__AUTOMETRIC__
__AUTOMETRIC__|0.1.2|2147024|crew_log_1f038d80c602ee2f|0|1786749303.391|92.882|0.484|631152640|3796746240|compiled_brms_models_a545e30bb05e3da8|__AUTOMETRIC__
__AUTOMETRIC__|0.1.2|2147024|crew_log_1f038d80c602ee2f|0|1786749304.392|98.880|0.515|753836032|3918344192|compiled_brms_models_a545e30bb05e3da8|__AUTOMETRIC__
__AUTOMETRIC__|0.1.2|2147024|crew_log_1f038d80c602ee2f|0|1786749305.394|99.878|0.520|914268160|4079071232|compiled_brms_models_a545e30bb05e3da8|__AUTOMETRIC__
__AUTOMETRIC__|0.1.2|2147024|crew_log_1f038d80c602ee2f|0|1786749306.395|95.878|0.499|1239851008|4404981760|compiled_brms_models_a545e30bb05e3da8|__AUTOMETRIC__
__AUTOMETRIC__|0.1.2|2147024|crew_log_1f038d80c602ee2f|0|1786749307.396|3.994|0.021|1241423872|4405862400|compiled_brms_models_a545e30bb05e3da8|__AUTOMETRIC__
__AUTOMETRIC__|0.1.2|2147024|crew_log_1f038d80c602ee2f|0|1786749308.397|4.994|0.026|1241423872|4405862400|compiled_brms_models_a545e30bb05e3da8|__AUTOMETRIC__
__AUTOMETRIC__|0.1.2|2147024|crew_log_1f038d80c602ee2f|0|1786749309.399|0.000|0.000|1241423872|4405862400|compiled_brms_models_a545e30bb05e3da8|__AUTOMETRIC__
__AUTOMETRIC__|0.1.2|2147024|crew_log_1f038d80c602ee2f|0|1786749310.400|0.000|0.000|1241423872|4405862400|compiled_brms_models_a545e30bb05e3da8|__AUTOMETRIC__
__AUTOMETRIC__|0.1.2|2147024|crew_log_1f038d80c602ee2f|0|1786749311.401|0.000|0.000|1241423872|4405862400|compiled_brms_models_a545e30bb05e3da8|__AUTOMETRIC__
__AUTOMETRIC__|0.1.2|2147024|crew_log_1f038d80c602ee2f|0|1786749312.403|0.000|0.000|1241423872|4405862400|compiled_brms_models_a545e30bb05e3da8|__AUTOMETRIC__
__AUTOMETRIC__|0.1.2|2147024|crew_log_1f038d80c602ee2f|0|1786749313.404|0.999|0.005|1241423872|4405862400|compiled_brms_models_a545e30bb05e3da8|__AUTOMETRIC__
__AUTOMETRIC__|0.1.2|2147024|crew_log_1f038d80c602ee2f|0|1786749314.406|0.000|0.000|1241423872|4405862400|compiled_brms_models_a545e30bb05e3da8|__AUTOMETRIC__
__AUTOMETRIC__|0.1.2|2147024|crew_log_1f038d80c602ee2f|0|1786749315.409|0.996|0.005|1241423872|4405862400|compiled_brms_models_a545e30bb05e3da8|__AUTOMETRIC__
__AUTOMETRIC__|0.1.2|2147024|crew_log_1f038d80c602ee2f|0|1786749316.412|0.000|0.000|1241423872|4405862400|compiled_brms_models_a545e30bb05e3da8|__AUTOMETRIC__
__AUTOMETRIC__|0.1.2|2147024|crew_log_1f038d80c602ee2f|0|1786749317.413|0.000|0.000|1241423872|4405862400|compiled_brms_models_a545e30bb05e3da8|__AUTOMETRIC__
__AUTOMETRIC__|0.1.2|2147024|crew_log_1f038d80c602ee2f|0|1786749318.415|0.000|0.000|1241423872|4405862400|compiled_brms_models_a545e30bb05e3da8|__AUTOMETRIC__
__AUTOMETRIC__|0.1.2|2147024|crew_log_1f038d80c602ee2f|0|1786749319.417|0.000|0.000|1241423872|4405862400|compiled_brms_models_a545e30bb05e3da8|__AUTOMETRIC__
__AUTOMETRIC__|0.1.2|2147024|crew_log_1f038d80c602ee2f|0|1786749320.418|0.000|0.000|1241423872|4405862400|compiled_brms_models_a545e30bb05e3da8|__AUTOMETRIC__
__AUTOMETRIC__|0.1.2|2147024|crew_log_1f038d80c602ee2f|0|1786749321.420|0.000|0.000|1241423872|4405862400|compiled_brms_models_a545e30bb05e3da8|__AUTOMETRIC__
__AUTOMETRIC__|0.1.2|2147024|crew_log_1f038d80c602ee2f|0|1786749322.421|0.999|0.005|1241423872|4405862400|compiled_brms_models_a545e30bb05e3da8|__AUTOMETRIC__
__AUTOMETRIC__|0.1.2|2147024|crew_log_1f038d80c602ee2f|0|1786749323.423|0.000|0.000|1241423872|4405862400|compiled_brms_models_a545e30bb05e3da8|__AUTOMETRIC__
__AUTOMETRIC__|0.1.2|2147024|crew_log_1f038d80c602ee2f|0|1786749324.425|0.000|0.000|1241423872|4405862400|compiled_brms_models_a545e30bb05e3da8|__AUTOMETRIC__
__AUTOMETRIC__|0.1.2|2147024|crew_log_1f038d80c602ee2f|0|1786749325.426|0.000|0.000|1241423872|4405862400|compiled_brms_models_a545e30bb05e3da8|__AUTOMETRIC__
__AUTOMETRIC__|0.1.2|2147024|crew_log_1f038d80c602ee2f|0|1786749326.428|0.000|0.000|1241423872|4405862400|compiled_brms_models_a545e30bb05e3da8|__AUTOMETRIC__
__AUTOMETRIC__|0.1.2|2147024|crew_log_1f038d80c602ee2f|0|1786749327.433|0.000|0.000|1241423872|4405862400|compiled_brms_models_a545e30bb05e3da8|__AUTOMETRIC__
__AUTOMETRIC__|0.1.2|2147024|crew_log_1f038d80c602ee2f|0|1786749328.434|0.000|0.000|1241423872|4405862400|compiled_brms_models_a545e30bb05e3da8|__AUTOMETRIC__
__AUTOMETRIC__|0.1.2|2147024|crew_log_1f038d80c602ee2f|0|1786749329.435|0.000|0.000|1241423872|4405862400|compiled_brms_models_a545e30bb05e3da8|__AUTOMETRIC__
__AUTOMETRIC__|0.1.2|2147024|crew_log_1f038d80c602ee2f|0|1786749330.437|0.999|0.005|1241423872|4405862400|compiled_brms_models_a545e30bb05e3da8|__AUTOMETRIC__
__AUTOMETRIC__|0.1.2|2147024|crew_log_1f038d80c602ee2f|0|1786749331.438|0.000|0.000|1241423872|4405862400|compiled_brms_models_a545e30bb05e3da8|__AUTOMETRIC__
__AUTOMETRIC__|0.1.2|2147024|crew_log_1f038d80c602ee2f|0|1786749332.440|55.926|0.291|1242996736|4409221120|compiled_brms_models_a545e30bb05e3da8|__AUTOMETRIC__
__AUTOMETRIC__|0.1.2|2147024|crew_log_1f038d80c602ee2f|0|1786749333.441|98.852|0.515|1318793216|12338003968|compiled_brms_models_a545e30bb05e3da8|__AUTOMETRIC__
__AUTOMETRIC__|0.1.2|2147024|crew_log_1f038d80c602ee2f|0|1786749334.443|107.823|0.562|1424175104|12479852544|compiled_brms_models_a545e30bb05e3da8|__AUTOMETRIC__
__AUTOMETRIC__|0.1.2|2147024|crew_log_1f038d80c602ee2f|0|1786749335.444|81.897|0.427|1424175104|12480671744|compiled_brms_models_a545e30bb05e3da8|__AUTOMETRIC__
__AUTOMETRIC__|0.1.2|2147024|crew_log_1f038d80c602ee2f|0|1786749336.446|93.850|0.489|1601908736|12724776960|compiled_brms_models_d069cb85a1bf488e|__AUTOMETRIC__
__AUTOMETRIC__|0.1.2|2147024|crew_log_1f038d80c602ee2f|0|1786749337.447|99.866|0.520|1601908736|12724776960|compiled_brms_models_d069cb85a1bf488e|__AUTOMETRIC__
__AUTOMETRIC__|0.1.2|2147024|crew_log_1f038d80c602ee2f|0|1786749338.448|40.944|0.213|1601908736|12724776960|compiled_brms_models_d069cb85a1bf488e|__AUTOMETRIC__
__AUTOMETRIC__|0.1.2|2147024|crew_log_1f038d80c602ee2f|0|1786749339.450|3.995|0.021|1601908736|12724776960|compiled_brms_models_d069cb85a1bf488e|__AUTOMETRIC__
__AUTOMETRIC__|0.1.2|2147024|crew_log_1f038d80c602ee2f|0|1786749340.451|0.000|0.000|1601908736|12724776960|compiled_brms_models_d069cb85a1bf488e|__AUTOMETRIC__
__AUTOMETRIC__|0.1.2|2147024|crew_log_1f038d80c602ee2f|0|1786749341.452|0.999|0.005|1601908736|12724776960|compiled_brms_models_d069cb85a1bf488e|__AUTOMETRIC__
__AUTOMETRIC__|0.1.2|2147024|crew_log_1f038d80c602ee2f|0|1786749342.454|0.000|0.000|1601908736|12724776960|compiled_brms_models_d069cb85a1bf488e|__AUTOMETRIC__
__AUTOMETRIC__|0.1.2|2147024|crew_log_1f038d80c602ee2f|0|1786749343.455|0.999|0.005|1601908736|12724776960|compiled_brms_models_d069cb85a1bf488e|__AUTOMETRIC__
__AUTOMETRIC__|0.1.2|2147024|crew_log_1f038d80c602ee2f|0|1786749344.456|0.000|0.000|1601908736|12724776960|compiled_brms_models_d069cb85a1bf488e|__AUTOMETRIC__
__AUTOMETRIC__|0.1.2|2147024|crew_log_1f038d80c602ee2f|0|1786749345.458|0.000|0.000|1601908736|12724776960|compiled_brms_models_d069cb85a1bf488e|__AUTOMETRIC__
__AUTOMETRIC__|0.1.2|2147024|crew_log_1f038d80c602ee2f|0|1786749346.459|0.000|0.000|1601908736|12724776960|compiled_brms_models_d069cb85a1bf488e|__AUTOMETRIC__
__AUTOMETRIC__|0.1.2|2147024|crew_log_1f038d80c602ee2f|0|1786749347.461|0.999|0.005|1601908736|12724776960|compiled_brms_models_d069cb85a1bf488e|__AUTOMETRIC__
__AUTOMETRIC__|0.1.2|2147024|crew_log_1f038d80c602ee2f|0|1786749348.462|0.000|0.000|1601908736|12724776960|compiled_brms_models_d069cb85a1bf488e|__AUTOMETRIC__
__AUTOMETRIC__|0.1.2|2147024|crew_log_1f038d80c602ee2f|0|1786749349.463|0.000|0.000|1601908736|12724776960|compiled_brms_models_d069cb85a1bf488e|__AUTOMETRIC__
__AUTOMETRIC__|0.1.2|2147024|crew_log_1f038d80c602ee2f|0|1786749350.465|0.000|0.000|1601908736|12724776960|compiled_brms_models_d069cb85a1bf488e|__AUTOMETRIC__
__AUTOMETRIC__|0.1.2|2147024|crew_log_1f038d80c602ee2f|0|1786749351.467|0.000|0.000|1601908736|12724776960|compiled_brms_models_d069cb85a1bf488e|__AUTOMETRIC__
__AUTOMETRIC__|0.1.2|2147024|crew_log_1f038d80c602ee2f|0|1786749352.468|0.000|0.000|1601908736|12724776960|compiled_brms_models_d069cb85a1bf488e|__AUTOMETRIC__
__AUTOMETRIC__|0.1.2|2147024|crew_log_1f038d80c602ee2f|0|1786749353.470|0.000|0.000|1601908736|12724776960|compiled_brms_models_d069cb85a1bf488e|__AUTOMETRIC__
__AUTOMETRIC__|0.1.2|2147024|crew_log_1f038d80c602ee2f|0|1786749354.471|31.956|0.166|1601908736|12724776960|compiled_brms_models_d069cb85a1bf488e|__AUTOMETRIC__
__AUTOMETRIC__|0.1.2|2147024|crew_log_1f038d80c602ee2f|0|1786749355.472|96.872|0.505|1601908736|12724776960|compiled_brms_models_d069cb85a1bf488e|__AUTOMETRIC__
__AUTOMETRIC__|0.1.2|2147024|crew_log_1f038d80c602ee2f|0|1786749356.474|75.891|0.395|1633366016|12823134208|compiled_brms_models_e126d73486fd80bf|__AUTOMETRIC__
__AUTOMETRIC__|0.1.2|2147024|crew_log_1f038d80c602ee2f|0|1786749357.475|97.869|0.510|1723019264|12912984064|compiled_brms_models_e126d73486fd80bf|__AUTOMETRIC__
__AUTOMETRIC__|0.1.2|2147024|crew_log_1f038d80c602ee2f|0|1786749358.477|98.828|0.515|1723019264|12912984064|compiled_brms_models_e126d73486fd80bf|__AUTOMETRIC__
__AUTOMETRIC__|0.1.2|2147024|crew_log_1f038d80c602ee2f|0|1786749359.479|38.926|0.203|1723019264|12912984064|compiled_brms_models_e126d73486fd80bf|__AUTOMETRIC__
__AUTOMETRIC__|0.1.2|2147024|crew_log_1f038d80c602ee2f|0|1786749360.480|5.992|0.031|1723019264|12912984064|compiled_brms_models_e126d73486fd80bf|__AUTOMETRIC__
__AUTOMETRIC__|0.1.2|2147024|crew_log_1f038d80c602ee2f|0|1786749361.482|0.000|0.000|1723019264|12912984064|compiled_brms_models_e126d73486fd80bf|__AUTOMETRIC__
__AUTOMETRIC__|0.1.2|2147024|crew_log_1f038d80c602ee2f|0|1786749362.483|0.000|0.000|1723019264|12912984064|compiled_brms_models_e126d73486fd80bf|__AUTOMETRIC__
__AUTOMETRIC__|0.1.2|2147024|crew_log_1f038d80c602ee2f|0|1786749363.485|0.000|0.000|1723019264|12912984064|compiled_brms_models_e126d73486fd80bf|__AUTOMETRIC__
__AUTOMETRIC__|0.1.2|2147024|crew_log_1f038d80c602ee2f|0|1786749364.486|0.000|0.000|1723019264|12912984064|compiled_brms_models_e126d73486fd80bf|__AUTOMETRIC__
__AUTOMETRIC__|0.1.2|2147024|crew_log_1f038d80c602ee2f|0|1786749365.488|0.998|0.005|1723019264|12912984064|compiled_brms_models_e126d73486fd80bf|__AUTOMETRIC__
__AUTOMETRIC__|0.1.2|2147024|crew_log_1f038d80c602ee2f|0|1786749366.489|0.000|0.000|1723019264|12912984064|compiled_brms_models_e126d73486fd80bf|__AUTOMETRIC__
__AUTOMETRIC__|0.1.2|2147024|crew_log_1f038d80c602ee2f|0|1786749367.491|0.000|0.000|1723019264|12912984064|compiled_brms_models_e126d73486fd80bf|__AUTOMETRIC__
__AUTOMETRIC__|0.1.2|2147024|crew_log_1f038d80c602ee2f|0|1786749368.492|0.000|0.000|1723019264|12912984064|compiled_brms_models_e126d73486fd80bf|__AUTOMETRIC__
__AUTOMETRIC__|0.1.2|2147024|crew_log_1f038d80c602ee2f|0|1786749369.494|0.000|0.000|1723019264|12912984064|compiled_brms_models_e126d73486fd80bf|__AUTOMETRIC__
__AUTOMETRIC__|0.1.2|2147024|crew_log_1f038d80c602ee2f|0|1786749370.495|0.000|0.000|1723019264|12912984064|compiled_brms_models_e126d73486fd80bf|__AUTOMETRIC__
__AUTOMETRIC__|0.1.2|2147024|crew_log_1f038d80c602ee2f|0|1786749371.497|0.000|0.000|1723019264|12912984064|compiled_brms_models_e126d73486fd80bf|__AUTOMETRIC__
__AUTOMETRIC__|0.1.2|2147024|crew_log_1f038d80c602ee2f|0|1786749372.498|0.999|0.005|1723019264|12912984064|compiled_brms_models_e126d73486fd80bf|__AUTOMETRIC__
__AUTOMETRIC__|0.1.2|2147024|crew_log_1f038d80c602ee2f|0|1786749373.499|10.987|0.057|1723019264|12912984064|compiled_brms_models_e126d73486fd80bf|__AUTOMETRIC__
__AUTOMETRIC__|0.1.2|2147024|crew_log_1f038d80c602ee2f|0|1786749374.501|93.856|0.489|1723019264|12912984064|compiled_brms_models_e126d73486fd80bf|__AUTOMETRIC__
__AUTOMETRIC__|0.1.2|2147024|crew_log_1f038d80c602ee2f|0|1786749375.502|74.898|0.390|1723019264|12912984064|sim_data_18e0522400a51a60|__AUTOMETRIC__
__AUTOMETRIC__|0.1.2|2147024|crew_log_1f038d80c602ee2f|0|1786749376.503|99.866|0.520|1723019264|12912984064|sim_data_18e0522400a51a60|__AUTOMETRIC__
__AUTOMETRIC__|0.1.2|2147024|crew_log_1f038d80c602ee2f|0|1786749377.505|98.881|0.515|1723019264|12912984064|sim_data_18e0522400a51a60|__AUTOMETRIC__
__AUTOMETRIC__|0.1.2|2147024|crew_log_1f038d80c602ee2f|0|1786749378.506|99.867|0.520|1723019264|12912984064|sim_data_18e0522400a51a60|__AUTOMETRIC__
__AUTOMETRIC__|0.1.2|2147024|crew_log_1f038d80c602ee2f|0|1786749379.507|99.860|0.520|1723019264|12912984064|sim_data_18e0522400a51a60|__AUTOMETRIC__
__AUTOMETRIC__|0.1.2|2147024|crew_log_1f038d80c602ee2f|0|1786749380.510|98.742|0.514|1793798144|12983427072|sim_data_18e0522400a51a60|__AUTOMETRIC__
__AUTOMETRIC__|0.1.2|2147024|crew_log_1f038d80c602ee2f|0|1786749381.511|100.852|0.525|1874014208|13063409664|sim_data_18e0522400a51a60|__AUTOMETRIC__
__AUTOMETRIC__|0.1.2|2147024|crew_log_1f038d80c602ee2f|0|1786749382.513|98.871|0.515|2127245312|13317234688|sim_data_18e0522400a51a60|__AUTOMETRIC__
__AUTOMETRIC__|0.1.2|2147024|crew_log_1f038d80c602ee2f|0|1786749383.514|99.871|0.520|2229481472|13418766336|sim_data_18e0522400a51a60|__AUTOMETRIC__
__AUTOMETRIC__|0.1.2|2147024|crew_log_1f038d80c602ee2f|0|1786749384.515|98.875|0.515|2566074368|13755879424|sim_data_18e0522400a51a60|__AUTOMETRIC__
__AUTOMETRIC__|0.1.2|2147024|crew_log_1f038d80c602ee2f|0|1786749385.517|99.797|0.520|2566074368|13755879424|sim_data_18e0522400a51a60|__AUTOMETRIC__
__AUTOMETRIC__|0.1.2|2147024|crew_log_1f038d80c602ee2f|0|1786749386.519|99.878|0.520|3092983808|14282117120|sim_data_18e0522400a51a60|__AUTOMETRIC__
__AUTOMETRIC__|0.1.2|2147024|crew_log_1f038d80c602ee2f|0|1786749387.520|99.858|0.520|3092983808|14282117120|sim_data_18e0522400a51a60|__AUTOMETRIC__
__AUTOMETRIC__|0.1.2|2147024|crew_log_1f038d80c602ee2f|0|1786749388.521|98.874|0.515|3092983808|14282117120|sim_data_18e0522400a51a60|__AUTOMETRIC__
__AUTOMETRIC__|0.1.2|2147024|crew_log_1f038d80c602ee2f|0|1786749389.523|99.872|0.520|3722129408|14911651840|sim_data_18e0522400a51a60|__AUTOMETRIC__
__AUTOMETRIC__|0.1.2|2147024|crew_log_1f038d80c602ee2f|0|1786749390.524|99.867|0.520|3722129408|14911651840|sim_data_18e0522400a51a60|__AUTOMETRIC__
__AUTOMETRIC__|0.1.2|2147024|crew_log_1f038d80c602ee2f|0|1786749391.525|98.860|0.515|3722129408|14911651840|sim_data_18e0522400a51a60|__AUTOMETRIC__
__AUTOMETRIC__|0.1.2|2147024|crew_log_1f038d80c602ee2f|0|1786749392.527|100.864|0.525|4160958464|15350992896|sim_data_18e0522400a51a60|__AUTOMETRIC__
__AUTOMETRIC__|0.1.2|2147024|crew_log_1f038d80c602ee2f|0|1786749393.528|98.888|0.515|4478676992|15668432896|sim_data_18e0522400a51a60|__AUTOMETRIC__
__AUTOMETRIC__|0.1.2|2147024|crew_log_1f038d80c602ee2f|0|1786749394.529|99.870|0.520|4478676992|15668432896|sim_data_18e0522400a51a60|__AUTOMETRIC__
__AUTOMETRIC__|0.1.2|2147024|crew_log_1f038d80c602ee2f|0|1786749395.530|99.874|0.520|4478676992|15668432896|sim_data_18e0522400a51a60|__AUTOMETRIC__
__AUTOMETRIC__|0.1.2|2147024|crew_log_1f038d80c602ee2f|0|1786749396.532|98.868|0.515|4963119104|16152059904|sim_data_18e0522400a51a60|__AUTOMETRIC__
__AUTOMETRIC__|0.1.2|2147024|crew_log_1f038d80c602ee2f|0|1786749397.533|100.858|0.525|5387792384|16577650688|sim_data_18e0522400a51a60|__AUTOMETRIC__
__AUTOMETRIC__|0.1.2|2147024|crew_log_1f038d80c602ee2f|0|1786749398.534|98.873|0.515|5387792384|16577650688|sim_data_18e0522400a51a60|__AUTOMETRIC__
__AUTOMETRIC__|0.1.2|2147024|crew_log_1f038d80c602ee2f|0|1786749399.536|99.865|0.520|5387792384|16577650688|sim_data_18e0522400a51a60|__AUTOMETRIC__
__AUTOMETRIC__|0.1.2|2147024|crew_log_1f038d80c602ee2f|0|1786749400.537|98.879|0.515|5521485824|16711434240|sim_data_18e0522400a51a60|__AUTOMETRIC__
__AUTOMETRIC__|0.1.2|2147024|crew_log_1f038d80c602ee2f|0|1786749401.538|99.846|0.520|6216691712|17406148608|sim_data_18e0522400a51a60|__AUTOMETRIC__
__AUTOMETRIC__|0.1.2|2147024|crew_log_1f038d80c602ee2f|0|1786749402.540|99.860|0.520|6479360000|17668784128|sim_data_18e0522400a51a60|__AUTOMETRIC__
__AUTOMETRIC__|0.1.2|2147024|crew_log_1f038d80c602ee2f|0|1786749403.541|99.870|0.520|6479360000|17668784128|sim_data_18e0522400a51a60|__AUTOMETRIC__
__AUTOMETRIC__|0.1.2|2147024|crew_log_1f038d80c602ee2f|0|1786749404.543|98.861|0.515|6479360000|17668784128|sim_data_18e0522400a51a60|__AUTOMETRIC__
__AUTOMETRIC__|0.1.2|2147024|crew_log_1f038d80c602ee2f|0|1786749405.544|99.866|0.520|6479360000|17668784128|sim_data_18e0522400a51a60|__AUTOMETRIC__
__AUTOMETRIC__|0.1.2|2147024|crew_log_1f038d80c602ee2f|0|1786749406.545|99.867|0.520|6822244352|18011336704|sim_data_18e0522400a51a60|__AUTOMETRIC__
__AUTOMETRIC__|0.1.2|2147024|crew_log_1f038d80c602ee2f|0|1786749407.546|98.881|0.515|7515877376|18705756160|sim_data_18e0522400a51a60|__AUTOMETRIC__
__AUTOMETRIC__|0.1.2|2147024|crew_log_1f038d80c602ee2f|0|1786749408.548|99.879|0.520|7787982848|18977968128|sim_data_18e0522400a51a60|__AUTOMETRIC__
__AUTOMETRIC__|0.1.2|2147024|crew_log_1f038d80c602ee2f|0|1786749409.549|99.871|0.520|7787982848|18977968128|sim_data_18e0522400a51a60|__AUTOMETRIC__
__AUTOMETRIC__|0.1.2|2147024|crew_log_1f038d80c602ee2f|0|1786749410.550|98.872|0.515|7787982848|18977968128|sim_data_18e0522400a51a60|__AUTOMETRIC__
__AUTOMETRIC__|0.1.2|2147024|crew_log_1f038d80c602ee2f|0|1786749411.552|99.848|0.520|7787982848|18977968128|sim_data_18e0522400a51a60|__AUTOMETRIC__
__AUTOMETRIC__|0.1.2|2147024|crew_log_1f038d80c602ee2f|0|1786749412.553|99.881|0.520|7787982848|18977968128|sim_data_18e0522400a51a60|__AUTOMETRIC__
__AUTOMETRIC__|0.1.2|2147024|crew_log_1f038d80c602ee2f|0|1786749413.554|98.867|0.515|8269279232|19459473408|sim_data_18e0522400a51a60|__AUTOMETRIC__
__AUTOMETRIC__|0.1.2|2147024|crew_log_1f038d80c602ee2f|0|1786749414.556|99.873|0.520|8967630848|20157521920|sim_data_18e0522400a51a60|__AUTOMETRIC__
__AUTOMETRIC__|0.1.2|2147024|crew_log_1f038d80c602ee2f|0|1786749415.557|99.878|0.520|9359273984|20549185536|sim_data_18e0522400a51a60|__AUTOMETRIC__
__AUTOMETRIC__|0.1.2|2147024|crew_log_1f038d80c602ee2f|0|1786749416.558|99.875|0.520|9359273984|20549185536|sim_data_18e0522400a51a60|__AUTOMETRIC__
__AUTOMETRIC__|0.1.2|2147024|crew_log_1f038d80c602ee2f|0|1786749417.559|99.866|0.520|9359273984|20549185536|sim_data_18e0522400a51a60|__AUTOMETRIC__
__AUTOMETRIC__|0.1.2|2147024|crew_log_1f038d80c602ee2f|0|1786749418.561|98.870|0.515|9359273984|20549185536|sim_data_18e0522400a51a60|__AUTOMETRIC__
__AUTOMETRIC__|0.1.2|2147024|crew_log_1f038d80c602ee2f|0|1786749419.562|99.882|0.520|9359273984|20549185536|sim_data_18e0522400a51a60|__AUTOMETRIC__
__AUTOMETRIC__|0.1.2|2147024|crew_log_1f038d80c602ee2f|0|1786749420.563|99.879|0.520|9359273984|20549185536|sim_data_18e0522400a51a60|__AUTOMETRIC__
