__AUTOMETRIC__|0.1.2|10972|crew_log_d30a611f8c0ca091|0|1786390300.387|97.456|3.045|233218048|258387968|gen_data_577e0fc0a1d73ff8|__AUTOMETRIC__
__AUTOMETRIC__|0.1.2|10972|crew_log_d30a611f8c0ca091|0|1786390301.402|96.977|3.031|276832256|301858816|gen_data_577e0fc0a1d73ff8|__AUTOMETRIC__
__AUTOMETRIC__|0.1.2|10972|crew_log_d30a611f8c0ca091|0|1786390302.416|94.015|2.938|413855744|445988864|gen_data_577e0fc0a1d73ff8|__AUTOMETRIC__
__AUTOMETRIC__|0.1.2|10972|crew_log_d30a611f8c0ca091|0|1786390303.430|98.572|3.080|404725760|436727808|gen_data_577e0fc0a1d73ff8|__AUTOMETRIC__
__AUTOMETRIC__|0.1.2|10972|crew_log_d30a611f8c0ca091|0|1786390304.430|99.969|3.124|405061632|437055488|gen_data_577e0fc0a1d73ff8|__AUTOMETRIC__
__AUTOMETRIC__|0.1.2|10972|crew_log_d30a611f8c0ca091|0|1786390305.436|100.953|3.155|404639744|436633600|gen_data_577e0fc0a1d73ff8|__AUTOMETRIC__
__AUTOMETRIC__|0.1.2|10972|crew_log_d30a611f8c0ca091|0|1786390306.447|100.527|3.141|404258816|436285440|gen_data_577e0fc0a1d73ff8|__AUTOMETRIC__
__AUTOMETRIC__|0.1.2|10972|crew_log_d30a611f8c0ca091|0|1786390307.461|100.117|3.129|404230144|436256768|gen_data_577e0fc0a1d73ff8|__AUTOMETRIC__
__AUTOMETRIC__|0.1.2|10972|crew_log_d30a611f8c0ca091|0|1786390308.477|100.022|3.126|404320256|436326400|gen_data_577e0fc0a1d73ff8|__AUTOMETRIC__
__AUTOMETRIC__|0.1.2|10972|crew_log_d30a611f8c0ca091|0|1786390309.491|100.105|3.128|404439040|436473856|gen_data_577e0fc0a1d73ff8|__AUTOMETRIC__
__AUTOMETRIC__|0.1.2|10972|crew_log_d30a611f8c0ca091|0|1786390310.503|100.416|3.138|404340736|436359168|gen_data_577e0fc0a1d73ff8|__AUTOMETRIC__
__AUTOMETRIC__|0.1.2|10972|crew_log_d30a611f8c0ca091|0|1786390311.516|97.114|3.035|404561920|436580352|gen_data_577e0fc0a1d73ff8|__AUTOMETRIC__
__AUTOMETRIC__|0.1.2|10972|crew_log_d30a611f8c0ca091|0|1786390312.530|98.650|3.083|404508672|436527104|gen_data_577e0fc0a1d73ff8|__AUTOMETRIC__
__AUTOMETRIC__|0.1.2|10972|crew_log_d30a611f8c0ca091|0|1786390313.535|101.025|3.157|404443136|436633600|gen_data_577e0fc0a1d73ff8|__AUTOMETRIC__
__AUTOMETRIC__|0.1.2|10972|crew_log_d30a611f8c0ca091|0|1786390314.549|98.640|3.082|404606976|436600832|gen_data_577e0fc0a1d73ff8|__AUTOMETRIC__
__AUTOMETRIC__|0.1.2|10972|crew_log_d30a611f8c0ca091|0|1786390315.565|98.427|3.076|404578304|436572160|gen_data_577e0fc0a1d73ff8|__AUTOMETRIC__
__AUTOMETRIC__|0.1.2|10972|crew_log_d30a611f8c0ca091|0|1786390316.577|97.216|3.038|404316160|436310016|gen_data_577e0fc0a1d73ff8|__AUTOMETRIC__
__AUTOMETRIC__|0.1.2|10972|crew_log_d30a611f8c0ca091|0|1786390317.579|102.969|3.218|404389888|436416512|gen_data_577e0fc0a1d73ff8|__AUTOMETRIC__
__AUTOMETRIC__|0.1.2|10972|crew_log_d30a611f8c0ca091|0|1786390318.581|99.849|3.120|404422656|436424704|gen_data_577e0fc0a1d73ff8|__AUTOMETRIC__
__AUTOMETRIC__|0.1.2|10972|crew_log_d30a611f8c0ca091|0|1786390319.595|98.598|3.081|404385792|436387840|gen_data_577e0fc0a1d73ff8|__AUTOMETRIC__
__AUTOMETRIC__|0.1.2|10972|crew_log_d30a611f8c0ca091|0|1786390320.609|98.589|3.081|404418560|436420608|gen_data_577e0fc0a1d73ff8|__AUTOMETRIC__
__AUTOMETRIC__|0.1.2|10972|crew_log_d30a611f8c0ca091|0|1786390321.612|101.229|3.163|404516864|436510720|gen_data_577e0fc0a1d73ff8|__AUTOMETRIC__
__AUTOMETRIC__|0.1.2|10972|crew_log_d30a611f8c0ca091|0|1786390322.627|98.565|3.080|404160512|436154368|gen_data_577e0fc0a1d73ff8|__AUTOMETRIC__
__AUTOMETRIC__|0.1.2|10972|crew_log_d30a611f8c0ca091|0|1786390323.635|99.176|3.099|404389888|436428800|gen_data_577e0fc0a1d73ff8|__AUTOMETRIC__
__AUTOMETRIC__|0.1.2|10972|crew_log_d30a611f8c0ca091|0|1786390324.650|97.030|3.032|404414464|436432896|gen_data_577e0fc0a1d73ff8|__AUTOMETRIC__
__AUTOMETRIC__|0.1.2|10972|crew_log_d30a611f8c0ca091|0|1786390325.661|100.466|3.140|404279296|436301824|gen_data_577e0fc0a1d73ff8|__AUTOMETRIC__
__AUTOMETRIC__|0.1.2|10972|crew_log_d30a611f8c0ca091|0|1786390326.676|100.067|3.127|404037632|436084736|gen_data_577e0fc0a1d73ff8|__AUTOMETRIC__
__AUTOMETRIC__|0.1.2|10972|crew_log_d30a611f8c0ca091|0|1786390327.685|97.547|3.048|404148224|436203520|gen_data_577e0fc0a1d73ff8|__AUTOMETRIC__
__AUTOMETRIC__|0.1.2|10972|crew_log_d30a611f8c0ca091|0|1786390328.688|99.702|3.116|404033536|436088832|gen_data_577e0fc0a1d73ff8|__AUTOMETRIC__
__AUTOMETRIC__|0.1.2|10972|crew_log_d30a611f8c0ca091|0|1786390329.704|99.905|3.122|404115456|436170752|gen_data_577e0fc0a1d73ff8|__AUTOMETRIC__
__AUTOMETRIC__|0.1.2|10972|crew_log_d30a611f8c0ca091|0|1786390330.720|99.951|3.123|404119552|436158464|gen_data_577e0fc0a1d73ff8|__AUTOMETRIC__
__AUTOMETRIC__|0.1.2|10972|crew_log_d30a611f8c0ca091|0|1786390331.736|98.420|3.076|404258816|436285440|gen_data_577e0fc0a1d73ff8|__AUTOMETRIC__
__AUTOMETRIC__|0.1.2|10972|crew_log_d30a611f8c0ca091|0|1786390332.739|99.733|3.117|404348928|436375552|gen_data_577e0fc0a1d73ff8|__AUTOMETRIC__
__AUTOMETRIC__|0.1.2|10972|crew_log_d30a611f8c0ca091|0|1786390333.753|97.103|3.034|404217856|436248576|gen_data_577e0fc0a1d73ff8|__AUTOMETRIC__
__AUTOMETRIC__|0.1.2|10972|crew_log_d30a611f8c0ca091|0|1786390334.756|99.728|3.117|404312064|436408320|gen_data_577e0fc0a1d73ff8|__AUTOMETRIC__
__AUTOMETRIC__|0.1.2|10972|crew_log_d30a611f8c0ca091|0|1786390335.772|98.430|3.076|404434944|436531200|gen_data_577e0fc0a1d73ff8|__AUTOMETRIC__
__AUTOMETRIC__|0.1.2|10972|crew_log_d30a611f8c0ca091|0|1786390336.774|98.160|3.068|404295680|436379648|gen_data_577e0fc0a1d73ff8|__AUTOMETRIC__
__AUTOMETRIC__|0.1.2|10972|crew_log_d30a611f8c0ca091|0|1786390337.778|99.650|3.114|404496384|436609024|gen_data_577e0fc0a1d73ff8|__AUTOMETRIC__
__AUTOMETRIC__|0.1.2|10972|crew_log_d30a611f8c0ca091|0|1786390338.779|99.866|3.121|404430848|436486144|gen_data_577e0fc0a1d73ff8|__AUTOMETRIC__
__AUTOMETRIC__|0.1.2|10972|crew_log_d30a611f8c0ca091|0|1786390339.795|100.021|3.126|404209664|436285440|gen_data_577e0fc0a1d73ff8|__AUTOMETRIC__
__AUTOMETRIC__|0.1.2|10972|crew_log_d30a611f8c0ca091|0|1786390340.807|98.770|3.087|404332544|436387840|gen_data_577e0fc0a1d73ff8|__AUTOMETRIC__
__AUTOMETRIC__|0.1.2|10972|crew_log_d30a611f8c0ca091|0|1786390341.818|98.884|3.090|404033536|436088832|gen_data_577e0fc0a1d73ff8|__AUTOMETRIC__
__AUTOMETRIC__|0.1.2|10972|crew_log_d30a611f8c0ca091|0|1786390342.828|97.468|3.046|404160512|436203520|gen_data_577e0fc0a1d73ff8|__AUTOMETRIC__
__AUTOMETRIC__|0.1.2|10972|crew_log_d30a611f8c0ca091|0|1786390343.838|97.488|3.046|404152320|436187136|gen_data_577e0fc0a1d73ff8|__AUTOMETRIC__
__AUTOMETRIC__|0.1.2|10972|crew_log_d30a611f8c0ca091|0|1786390344.850|100.399|3.137|404488192|436572160|gen_data_577e0fc0a1d73ff8|__AUTOMETRIC__
__AUTOMETRIC__|0.1.2|10972|crew_log_d30a611f8c0ca091|0|1786390345.864|98.607|3.081|404393984|436477952|gen_data_577e0fc0a1d73ff8|__AUTOMETRIC__
__AUTOMETRIC__|0.1.2|10972|crew_log_d30a611f8c0ca091|0|1786390346.878|100.153|3.130|404480000|436555776|gen_data_577e0fc0a1d73ff8|__AUTOMETRIC__
__AUTOMETRIC__|0.1.2|10972|crew_log_d30a611f8c0ca091|0|1786390347.890|97.272|3.040|404590592|436695040|gen_data_577e0fc0a1d73ff8|__AUTOMETRIC__
__AUTOMETRIC__|0.1.2|10972|crew_log_d30a611f8c0ca091|0|1786390348.906|99.941|3.123|404443136|436518912|gen_data_577e0fc0a1d73ff8|__AUTOMETRIC__
__AUTOMETRIC__|0.1.2|10972|crew_log_d30a611f8c0ca091|0|1786390349.921|100.051|3.127|404467712|436543488|gen_data_577e0fc0a1d73ff8|__AUTOMETRIC__
__AUTOMETRIC__|0.1.2|10972|crew_log_d30a611f8c0ca091|0|1786390350.935|97.088|3.034|404631552|436785152|gen_data_577e0fc0a1d73ff8|__AUTOMETRIC__
__AUTOMETRIC__|0.1.2|10972|crew_log_d30a611f8c0ca091|0|1786390351.950|100.050|3.127|404529152|436604928|gen_data_577e0fc0a1d73ff8|__AUTOMETRIC__
__AUTOMETRIC__|0.1.2|10972|crew_log_d30a611f8c0ca091|0|1786390352.967|99.910|3.122|404541440|436604928|gen_data_577e0fc0a1d73ff8|__AUTOMETRIC__
__AUTOMETRIC__|0.1.2|10972|crew_log_d30a611f8c0ca091|0|1786390353.975|100.782|3.149|404529152|436592640|gen_data_577e0fc0a1d73ff8|__AUTOMETRIC__
__AUTOMETRIC__|0.1.2|10972|crew_log_d30a611f8c0ca091|0|1786390354.991|98.420|3.076|404365312|436428800|gen_data_577e0fc0a1d73ff8|__AUTOMETRIC__
__AUTOMETRIC__|0.1.2|10972|crew_log_d30a611f8c0ca091|0|1786390355.995|98.037|3.064|404406272|436469760|gen_data_577e0fc0a1d73ff8|__AUTOMETRIC__
__AUTOMETRIC__|0.1.2|10972|crew_log_d30a611f8c0ca091|0|1786390357.003|102.250|3.195|404324352|436355072|gen_data_577e0fc0a1d73ff8|__AUTOMETRIC__
__AUTOMETRIC__|0.1.2|10972|crew_log_d30a611f8c0ca091|0|1786390358.009|99.411|3.107|404185088|436203520|gen_data_577e0fc0a1d73ff8|__AUTOMETRIC__
__AUTOMETRIC__|0.1.2|10972|crew_log_d30a611f8c0ca091|0|1786390359.023|97.085|3.034|404209664|436228096|gen_data_577e0fc0a1d73ff8|__AUTOMETRIC__
__AUTOMETRIC__|0.1.2|10972|crew_log_d30a611f8c0ca091|0|1786390360.026|99.683|3.115|404201472|436219904|gen_data_577e0fc0a1d73ff8|__AUTOMETRIC__
__AUTOMETRIC__|0.1.2|10972|crew_log_d30a611f8c0ca091|0|1786390361.041|100.046|3.126|404217856|436232192|gen_data_577e0fc0a1d73ff8|__AUTOMETRIC__
__AUTOMETRIC__|0.1.2|10972|crew_log_d30a611f8c0ca091|0|1786390362.045|98.097|3.066|404213760|436228096|gen_data_577e0fc0a1d73ff8|__AUTOMETRIC__
__AUTOMETRIC__|0.1.2|10972|crew_log_d30a611f8c0ca091|0|1786390363.060|100.071|3.127|404254720|436252672|gen_data_577e0fc0a1d73ff8|__AUTOMETRIC__
__AUTOMETRIC__|0.1.2|10972|crew_log_d30a611f8c0ca091|0|1786390364.068|97.676|3.052|404303872|436305920|gen_data_577e0fc0a1d73ff8|__AUTOMETRIC__
__AUTOMETRIC__|0.1.2|10972|crew_log_d30a611f8c0ca091|0|1786390365.070|99.727|3.116|404271104|436273152|gen_data_577e0fc0a1d73ff8|__AUTOMETRIC__
__AUTOMETRIC__|0.1.2|10972|crew_log_d30a611f8c0ca091|0|1786390366.085|100.076|3.127|404258816|436248576|gen_data_577e0fc0a1d73ff8|__AUTOMETRIC__
__AUTOMETRIC__|0.1.2|10972|crew_log_d30a611f8c0ca091|0|1786390367.095|100.563|3.143|404385792|436375552|gen_data_577e0fc0a1d73ff8|__AUTOMETRIC__
__AUTOMETRIC__|0.1.2|10972|crew_log_d30a611f8c0ca091|0|1786390368.104|99.069|3.096|404180992|436170752|gen_data_577e0fc0a1d73ff8|__AUTOMETRIC__
__AUTOMETRIC__|0.1.2|10972|crew_log_d30a611f8c0ca091|0|1786390369.106|99.824|3.119|404307968|436441088|gen_data_577e0fc0a1d73ff8|__AUTOMETRIC__
__AUTOMETRIC__|0.1.2|10972|crew_log_d30a611f8c0ca091|0|1786390370.107|99.933|3.123|404393984|436383744|gen_data_577e0fc0a1d73ff8|__AUTOMETRIC__
__AUTOMETRIC__|0.1.2|10972|crew_log_d30a611f8c0ca091|0|1786390371.123|96.920|3.029|404377600|436363264|gen_data_577e0fc0a1d73ff8|__AUTOMETRIC__
__AUTOMETRIC__|0.1.2|10972|crew_log_d30a611f8c0ca091|0|1786390372.129|99.408|3.107|404258816|436244480|gen_data_577e0fc0a1d73ff8|__AUTOMETRIC__
__AUTOMETRIC__|0.1.2|10972|crew_log_d30a611f8c0ca091|0|1786390373.134|97.906|3.060|404242432|436301824|gen_data_577e0fc0a1d73ff8|__AUTOMETRIC__
__AUTOMETRIC__|0.1.2|10972|crew_log_d30a611f8c0ca091|0|1786390374.149|96.988|3.031|404303872|436289536|gen_data_577e0fc0a1d73ff8|__AUTOMETRIC__
__AUTOMETRIC__|0.1.2|10972|crew_log_d30a611f8c0ca091|0|1786390375.153|96.432|3.014|404529152|436514816|gen_data_577e0fc0a1d73ff8|__AUTOMETRIC__
__AUTOMETRIC__|0.1.2|10972|crew_log_d30a611f8c0ca091|0|1786390376.160|99.395|3.106|404561920|436555776|gen_data_577e0fc0a1d73ff8|__AUTOMETRIC__
__AUTOMETRIC__|0.1.2|10972|crew_log_d30a611f8c0ca091|0|1786390377.166|97.836|3.057|404459520|436449280|gen_data_577e0fc0a1d73ff8|__AUTOMETRIC__
__AUTOMETRIC__|0.1.2|10972|crew_log_d30a611f8c0ca091|0|1786390378.173|100.852|3.152|404402176|436391936|gen_data_577e0fc0a1d73ff8|__AUTOMETRIC__
__AUTOMETRIC__|0.1.2|10972|crew_log_d30a611f8c0ca091|0|1786390379.175|99.788|3.118|404447232|436453376|gen_data_577e0fc0a1d73ff8|__AUTOMETRIC__
__AUTOMETRIC__|0.1.2|10972|crew_log_d30a611f8c0ca091|0|1786390380.185|99.043|3.095|404389888|436391936|gen_data_577e0fc0a1d73ff8|__AUTOMETRIC__
__AUTOMETRIC__|0.1.2|10972|crew_log_d30a611f8c0ca091|0|1786390381.188|101.199|3.162|404377600|436510720|gen_data_577e0fc0a1d73ff8|__AUTOMETRIC__
__AUTOMETRIC__|0.1.2|10972|crew_log_d30a611f8c0ca091|0|1786390382.201|98.744|3.086|404410368|436404224|gen_data_577e0fc0a1d73ff8|__AUTOMETRIC__
__AUTOMETRIC__|0.1.2|10972|crew_log_d30a611f8c0ca091|0|1786390383.202|99.849|3.120|404574208|436568064|gen_data_577e0fc0a1d73ff8|__AUTOMETRIC__
__AUTOMETRIC__|0.1.2|10972|crew_log_d30a611f8c0ca091|0|1786390384.215|98.710|3.085|404422656|436416512|gen_data_577e0fc0a1d73ff8|__AUTOMETRIC__
__AUTOMETRIC__|0.1.2|10972|crew_log_d30a611f8c0ca091|0|1786390385.224|94.505|2.953|404570112|436559872|gen_data_577e0fc0a1d73ff8|__AUTOMETRIC__
__AUTOMETRIC__|0.1.2|10972|crew_log_d30a611f8c0ca091|0|1786390386.238|100.140|3.129|404455424|436445184|gen_data_577e0fc0a1d73ff8|__AUTOMETRIC__
__AUTOMETRIC__|0.1.2|10972|crew_log_d30a611f8c0ca091|0|1786390387.249|95.868|2.996|404520960|436510720|gen_data_577e0fc0a1d73ff8|__AUTOMETRIC__
__AUTOMETRIC__|0.1.2|10972|crew_log_d30a611f8c0ca091|0|1786390388.261|101.912|3.185|404488192|436477952|gen_data_577e0fc0a1d73ff8|__AUTOMETRIC__
__AUTOMETRIC__|0.1.2|10972|crew_log_d30a611f8c0ca091|0|1786390389.273|100.325|3.135|404455424|436445184|gen_data_577e0fc0a1d73ff8|__AUTOMETRIC__
__AUTOMETRIC__|0.1.2|10972|crew_log_d30a611f8c0ca091|0|1786390390.281|96.114|3.004|404525056|436514816|gen_data_577e0fc0a1d73ff8|__AUTOMETRIC__
__AUTOMETRIC__|0.1.2|10972|crew_log_d30a611f8c0ca091|0|1786390391.282|101.442|3.170|404443136|436432896|gen_data_577e0fc0a1d73ff8|__AUTOMETRIC__
__AUTOMETRIC__|0.1.2|10972|crew_log_d30a611f8c0ca091|0|1786390392.297|98.500|3.078|404615168|436613120|gen_data_577e0fc0a1d73ff8|__AUTOMETRIC__
__AUTOMETRIC__|0.1.2|10972|crew_log_d30a611f8c0ca091|0|1786390393.301|99.670|3.115|404533248|436559872|gen_data_577e0fc0a1d73ff8|__AUTOMETRIC__
__AUTOMETRIC__|0.1.2|10972|crew_log_d30a611f8c0ca091|0|1786390394.308|97.687|3.053|404484096|436514816|gen_data_577e0fc0a1d73ff8|__AUTOMETRIC__
__AUTOMETRIC__|0.1.2|10972|crew_log_d30a611f8c0ca091|0|1786390395.312|96.555|3.017|404381696|436379648|gen_data_577e0fc0a1d73ff8|__AUTOMETRIC__
__AUTOMETRIC__|0.1.2|10972|crew_log_d30a611f8c0ca091|0|1786390396.315|101.218|3.163|404443136|436514816|gen_data_577e0fc0a1d73ff8|__AUTOMETRIC__
__AUTOMETRIC__|0.1.2|10972|crew_log_d30a611f8c0ca091|0|1786390397.331|96.892|3.028|404647936|436662272|gen_data_577e0fc0a1d73ff8|__AUTOMETRIC__
__AUTOMETRIC__|0.1.2|10972|crew_log_d30a611f8c0ca091|0|1786390398.344|100.266|3.133|404557824|436551680|gen_data_577e0fc0a1d73ff8|__AUTOMETRIC__
__AUTOMETRIC__|0.1.2|10972|crew_log_d30a611f8c0ca091|0|1786390399.360|98.381|3.074|404635648|436662272|gen_data_577e0fc0a1d73ff8|__AUTOMETRIC__
__AUTOMETRIC__|0.1.2|10972|crew_log_d30a611f8c0ca091|0|1786390400.370|95.954|2.999|404492288|436482048|gen_data_577e0fc0a1d73ff8|__AUTOMETRIC__
__AUTOMETRIC__|0.1.2|10972|crew_log_d30a611f8c0ca091|0|1786390401.383|100.216|3.132|404623360|436621312|gen_data_577e0fc0a1d73ff8|__AUTOMETRIC__
__AUTOMETRIC__|0.1.2|10972|crew_log_d30a611f8c0ca091|0|1786390402.385|99.794|3.119|404615168|436604928|gen_data_577e0fc0a1d73ff8|__AUTOMETRIC__
__AUTOMETRIC__|0.1.2|10972|crew_log_d30a611f8c0ca091|0|1786390403.401|100.055|3.127|404566016|436555776|gen_data_577e0fc0a1d73ff8|__AUTOMETRIC__
__AUTOMETRIC__|0.1.2|10972|crew_log_d30a611f8c0ca091|0|1786390404.403|99.773|3.118|404594688|436584448|gen_data_577e0fc0a1d73ff8|__AUTOMETRIC__
__AUTOMETRIC__|0.1.2|10972|crew_log_d30a611f8c0ca091|0|1786390405.415|100.327|3.135|404508672|436494336|gen_data_577e0fc0a1d73ff8|__AUTOMETRIC__
__AUTOMETRIC__|0.1.2|10972|crew_log_d30a611f8c0ca091|0|1786390406.425|99.039|3.095|404488192|436477952|gen_data_577e0fc0a1d73ff8|__AUTOMETRIC__
__AUTOMETRIC__|0.1.2|10972|crew_log_d30a611f8c0ca091|0|1786390407.426|99.847|3.120|404541440|436531200|gen_data_577e0fc0a1d73ff8|__AUTOMETRIC__
__AUTOMETRIC__|0.1.2|10972|crew_log_d30a611f8c0ca091|0|1786390408.437|98.902|3.091|404561920|436621312|gen_data_577e0fc0a1d73ff8|__AUTOMETRIC__
__AUTOMETRIC__|0.1.2|10972|crew_log_d30a611f8c0ca091|0|1786390409.454|99.924|3.123|404656128|436649984|gen_data_577e0fc0a1d73ff8|__AUTOMETRIC__
__AUTOMETRIC__|0.1.2|10972|crew_log_d30a611f8c0ca091|0|1786390410.467|97.150|3.036|404705280|436695040|gen_data_577e0fc0a1d73ff8|__AUTOMETRIC__
__AUTOMETRIC__|0.1.2|10972|crew_log_d30a611f8c0ca091|0|1786390411.478|98.883|3.090|404750336|436740096|gen_data_577e0fc0a1d73ff8|__AUTOMETRIC__
__AUTOMETRIC__|0.1.2|10972|crew_log_d30a611f8c0ca091|0|1786390412.481|99.752|3.117|404570112|436559872|gen_data_577e0fc0a1d73ff8|__AUTOMETRIC__
__AUTOMETRIC__|0.1.2|10972|crew_log_d30a611f8c0ca091|0|1786390413.484|101.250|3.164|404602880|436592640|gen_data_577e0fc0a1d73ff8|__AUTOMETRIC__
__AUTOMETRIC__|0.1.2|10972|crew_log_d30a611f8c0ca091|0|1786390414.498|98.605|3.081|404586496|436576256|gen_data_577e0fc0a1d73ff8|__AUTOMETRIC__
__AUTOMETRIC__|0.1.2|10972|crew_log_d30a611f8c0ca091|0|1786390415.513|100.085|3.128|404430848|436420608|gen_data_577e0fc0a1d73ff8|__AUTOMETRIC__
__AUTOMETRIC__|0.1.2|10972|crew_log_d30a611f8c0ca091|0|1786390416.515|99.811|3.119|404590592|436580352|gen_data_577e0fc0a1d73ff8|__AUTOMETRIC__
__AUTOMETRIC__|0.1.2|10972|crew_log_d30a611f8c0ca091|0|1786390417.519|96.489|3.015|404328448|436318208|gen_data_577e0fc0a1d73ff8|__AUTOMETRIC__
__AUTOMETRIC__|0.1.2|10972|crew_log_d30a611f8c0ca091|0|1786390418.525|97.868|3.058|404561920|436563968|gen_data_577e0fc0a1d73ff8|__AUTOMETRIC__
__AUTOMETRIC__|0.1.2|10972|crew_log_d30a611f8c0ca091|0|1786390419.529|101.157|3.161|404541440|436543488|gen_data_577e0fc0a1d73ff8|__AUTOMETRIC__
__AUTOMETRIC__|0.1.2|10972|crew_log_d30a611f8c0ca091|0|1786390420.530|101.390|3.168|404692992|436719616|gen_data_577e0fc0a1d73ff8|__AUTOMETRIC__
__AUTOMETRIC__|0.1.2|10972|crew_log_d30a611f8c0ca091|0|1786390421.543|98.742|3.086|404705280|436703232|gen_data_577e0fc0a1d73ff8|__AUTOMETRIC__
__AUTOMETRIC__|0.1.2|10972|crew_log_d30a611f8c0ca091|0|1786390422.560|98.327|3.073|404652032|436740096|gen_data_577e0fc0a1d73ff8|__AUTOMETRIC__
__AUTOMETRIC__|0.1.2|10972|crew_log_d30a611f8c0ca091|0|1786390423.561|99.861|3.121|404561920|436551680|gen_data_577e0fc0a1d73ff8|__AUTOMETRIC__
__AUTOMETRIC__|0.1.2|10972|crew_log_d30a611f8c0ca091|0|1786390424.576|97.010|3.032|404529152|436518912|gen_data_577e0fc0a1d73ff8|__AUTOMETRIC__
__AUTOMETRIC__|0.1.2|10972|crew_log_d30a611f8c0ca091|0|1786390425.588|101.871|3.183|404525056|436514816|gen_data_577e0fc0a1d73ff8|__AUTOMETRIC__
__AUTOMETRIC__|0.1.2|10972|crew_log_d30a611f8c0ca091|0|1786390426.605|99.899|3.122|404680704|436670464|gen_data_577e0fc0a1d73ff8|__AUTOMETRIC__
__AUTOMETRIC__|0.1.2|10972|crew_log_d30a611f8c0ca091|0|1786390427.608|98.199|3.069|404606976|436592640|gen_data_577e0fc0a1d73ff8|__AUTOMETRIC__
__AUTOMETRIC__|0.1.2|10972|crew_log_d30a611f8c0ca091|0|1786390428.614|100.933|3.154|404475904|436461568|gen_data_577e0fc0a1d73ff8|__AUTOMETRIC__
__AUTOMETRIC__|0.1.2|10972|crew_log_d30a611f8c0ca091|0|1786390429.618|99.573|3.112|404561920|436568064|gen_data_577e0fc0a1d73ff8|__AUTOMETRIC__
__AUTOMETRIC__|0.1.2|10972|crew_log_d30a611f8c0ca091|0|1786390430.623|99.518|3.110|404582400|436789248|gen_data_577e0fc0a1d73ff8|__AUTOMETRIC__
__AUTOMETRIC__|0.1.2|10972|crew_log_d30a611f8c0ca091|0|1786390431.627|101.102|3.159|404680704|436625408|gen_data_577e0fc0a1d73ff8|__AUTOMETRIC__
__AUTOMETRIC__|0.1.2|10972|crew_log_d30a611f8c0ca091|0|1786390432.634|99.334|3.104|404635648|436580352|gen_data_577e0fc0a1d73ff8|__AUTOMETRIC__
__AUTOMETRIC__|0.1.2|10972|crew_log_d30a611f8c0ca091|0|1786390433.640|99.433|3.107|404713472|436719616|gen_data_577e0fc0a1d73ff8|__AUTOMETRIC__
__AUTOMETRIC__|0.1.2|10972|crew_log_d30a611f8c0ca091|0|1786390434.655|98.532|3.079|404664320|436649984|gen_data_577e0fc0a1d73ff8|__AUTOMETRIC__
__AUTOMETRIC__|0.1.2|10972|crew_log_d30a611f8c0ca091|0|1786390435.666|100.427|3.138|404652032|436596736|gen_data_577e0fc0a1d73ff8|__AUTOMETRIC__
__AUTOMETRIC__|0.1.2|10972|crew_log_d30a611f8c0ca091|0|1786390436.680|100.176|3.130|404819968|436764672|gen_data_577e0fc0a1d73ff8|__AUTOMETRIC__
__AUTOMETRIC__|0.1.2|10972|crew_log_d30a611f8c0ca091|0|1786390437.683|99.651|3.114|404713472|436649984|gen_data_577e0fc0a1d73ff8|__AUTOMETRIC__
__AUTOMETRIC__|0.1.2|10972|crew_log_d30a611f8c0ca091|0|1786390438.688|101.065|3.158|404684800|436670464|gen_data_577e0fc0a1d73ff8|__AUTOMETRIC__
__AUTOMETRIC__|0.1.2|10972|crew_log_d30a611f8c0ca091|0|1786390439.703|100.120|3.129|404586496|436518912|gen_data_577e0fc0a1d73ff8|__AUTOMETRIC__
__AUTOMETRIC__|0.1.2|10972|crew_log_d30a611f8c0ca091|0|1786390440.714|98.845|3.089|404549632|436473856|gen_data_577e0fc0a1d73ff8|__AUTOMETRIC__
__AUTOMETRIC__|0.1.2|10972|crew_log_d30a611f8c0ca091|0|1786390441.730|99.972|3.124|404537344|436465664|gen_data_577e0fc0a1d73ff8|__AUTOMETRIC__
__AUTOMETRIC__|0.1.2|10972|crew_log_d30a611f8c0ca091|0|1786390442.745|96.993|3.031|404672512|436609024|gen_data_577e0fc0a1d73ff8|__AUTOMETRIC__
__AUTOMETRIC__|0.1.2|10972|crew_log_d30a611f8c0ca091|0|1786390443.747|99.861|3.121|404582400|436527104|gen_data_577e0fc0a1d73ff8|__AUTOMETRIC__
__AUTOMETRIC__|0.1.2|10972|crew_log_d30a611f8c0ca091|0|1786390444.749|101.328|3.166|404594688|436539392|gen_data_577e0fc0a1d73ff8|__AUTOMETRIC__
__AUTOMETRIC__|0.1.2|10972|crew_log_d30a611f8c0ca091|0|1786390445.761|98.778|3.087|404578304|436547584|gen_data_577e0fc0a1d73ff8|__AUTOMETRIC__
__AUTOMETRIC__|0.1.2|10972|crew_log_d30a611f8c0ca091|0|1786390446.777|99.969|3.124|404705280|436670464|gen_data_577e0fc0a1d73ff8|__AUTOMETRIC__
__AUTOMETRIC__|0.1.2|10972|crew_log_d30a611f8c0ca091|0|1786390447.787|99.077|3.096|404754432|436686848|gen_data_577e0fc0a1d73ff8|__AUTOMETRIC__
__AUTOMETRIC__|0.1.2|10972|crew_log_d30a611f8c0ca091|0|1786390448.800|100.179|3.131|404582400|436514816|gen_data_577e0fc0a1d73ff8|__AUTOMETRIC__
__AUTOMETRIC__|0.1.2|10972|crew_log_d30a611f8c0ca091|0|1786390449.815|100.068|3.127|404508672|436436992|gen_data_577e0fc0a1d73ff8|__AUTOMETRIC__
__AUTOMETRIC__|0.1.2|10972|crew_log_d30a611f8c0ca091|0|1786390450.827|95.793|2.994|404549632|436477952|gen_data_577e0fc0a1d73ff8|__AUTOMETRIC__
__AUTOMETRIC__|0.1.2|10972|crew_log_d30a611f8c0ca091|0|1786390451.839|97.264|3.040|404680704|436609024|gen_data_577e0fc0a1d73ff8|__AUTOMETRIC__
__AUTOMETRIC__|0.1.2|10972|crew_log_d30a611f8c0ca091|0|1786390452.852|97.105|3.035|404672512|436776960|gen_data_577e0fc0a1d73ff8|__AUTOMETRIC__
__AUTOMETRIC__|0.1.2|10972|crew_log_d30a611f8c0ca091|0|1786390453.864|100.361|3.136|404590592|436518912|gen_data_577e0fc0a1d73ff8|__AUTOMETRIC__
__AUTOMETRIC__|0.1.2|10972|crew_log_d30a611f8c0ca091|0|1786390454.881|99.854|3.120|404652032|436580352|gen_data_577e0fc0a1d73ff8|__AUTOMETRIC__
__AUTOMETRIC__|0.1.2|10972|crew_log_d30a611f8c0ca091|0|1786390455.893|100.375|3.137|404705280|436641792|gen_data_577e0fc0a1d73ff8|__AUTOMETRIC__
__AUTOMETRIC__|0.1.2|10972|crew_log_d30a611f8c0ca091|0|1786390456.897|99.643|3.114|404668416|436613120|gen_data_577e0fc0a1d73ff8|__AUTOMETRIC__
__AUTOMETRIC__|0.1.2|10972|crew_log_d30a611f8c0ca091|0|1786390457.913|99.931|3.123|404643840|436621312|gen_data_577e0fc0a1d73ff8|__AUTOMETRIC__
__AUTOMETRIC__|0.1.2|10972|crew_log_d30a611f8c0ca091|0|1786390458.927|100.134|3.129|404660224|436592640|gen_data_577e0fc0a1d73ff8|__AUTOMETRIC__
__AUTOMETRIC__|0.1.2|10972|crew_log_d30a611f8c0ca091|0|1786390459.942|100.109|3.128|404742144|436678656|gen_data_577e0fc0a1d73ff8|__AUTOMETRIC__
__AUTOMETRIC__|0.1.2|10972|crew_log_d30a611f8c0ca091|0|1786390460.948|99.412|3.107|404799488|436736000|gen_data_577e0fc0a1d73ff8|__AUTOMETRIC__
__AUTOMETRIC__|0.1.2|10972|crew_log_d30a611f8c0ca091|0|1786390461.964|99.959|3.124|404828160|436764672|gen_data_577e0fc0a1d73ff8|__AUTOMETRIC__
__AUTOMETRIC__|0.1.2|10972|crew_log_d30a611f8c0ca091|0|1786390462.977|98.714|3.085|404881408|436817920|gen_data_577e0fc0a1d73ff8|__AUTOMETRIC__
__AUTOMETRIC__|0.1.2|10972|crew_log_d30a611f8c0ca091|0|1786390463.983|99.420|3.107|404848640|436785152|gen_data_577e0fc0a1d73ff8|__AUTOMETRIC__
__AUTOMETRIC__|0.1.2|10972|crew_log_d30a611f8c0ca091|0|1786390464.991|100.737|3.148|404746240|436682752|gen_data_577e0fc0a1d73ff8|__AUTOMETRIC__
__AUTOMETRIC__|0.1.2|10972|crew_log_d30a611f8c0ca091|0|1786390466.004|98.737|3.086|404791296|436731904|gen_data_577e0fc0a1d73ff8|__AUTOMETRIC__
__AUTOMETRIC__|0.1.2|10972|crew_log_d30a611f8c0ca091|0|1786390467.017|100.287|3.134|404779008|436715520|gen_data_577e0fc0a1d73ff8|__AUTOMETRIC__
__AUTOMETRIC__|0.1.2|10972|crew_log_d30a611f8c0ca091|0|1786390468.019|99.720|3.116|404721664|436658176|gen_data_577e0fc0a1d73ff8|__AUTOMETRIC__
__AUTOMETRIC__|0.1.2|10972|crew_log_d30a611f8c0ca091|0|1786390469.021|98.298|3.072|404692992|436629504|gen_data_577e0fc0a1d73ff8|__AUTOMETRIC__
__AUTOMETRIC__|0.1.2|10972|crew_log_d30a611f8c0ca091|0|1786390470.026|96.380|3.012|404840448|436957184|gen_data_577e0fc0a1d73ff8|__AUTOMETRIC__
__AUTOMETRIC__|0.1.2|10972|crew_log_d30a611f8c0ca091|0|1786390471.037|97.389|3.043|404832256|436760576|gen_data_577e0fc0a1d73ff8|__AUTOMETRIC__
__AUTOMETRIC__|0.1.2|10972|crew_log_d30a611f8c0ca091|0|1786390472.047|97.476|3.046|404865024|436793344|gen_data_577e0fc0a1d73ff8|__AUTOMETRIC__
__AUTOMETRIC__|0.1.2|10972|crew_log_d30a611f8c0ca091|0|1786390473.061|103.169|3.224|404779008|436764672|gen_data_577e0fc0a1d73ff8|__AUTOMETRIC__
__AUTOMETRIC__|0.1.2|10972|crew_log_d30a611f8c0ca091|0|1786390474.065|98.026|3.063|404705280|436633600|gen_data_577e0fc0a1d73ff8|__AUTOMETRIC__
__AUTOMETRIC__|0.1.2|10972|crew_log_d30a611f8c0ca091|0|1786390475.069|99.611|3.113|404676608|436789248|gen_data_577e0fc0a1d73ff8|__AUTOMETRIC__
__AUTOMETRIC__|0.1.2|10972|crew_log_d30a611f8c0ca091|0|1786390476.083|100.238|3.132|404840448|436846592|gen_data_577e0fc0a1d73ff8|__AUTOMETRIC__
__AUTOMETRIC__|0.1.2|10972|crew_log_d30a611f8c0ca091|0|1786390477.097|101.612|3.175|404791296|436727808|gen_data_577e0fc0a1d73ff8|__AUTOMETRIC__
__AUTOMETRIC__|0.1.2|10972|crew_log_d30a611f8c0ca091|0|1786390478.105|97.726|3.054|404758528|436695040|gen_data_577e0fc0a1d73ff8|__AUTOMETRIC__
__AUTOMETRIC__|0.1.2|10972|crew_log_d30a611f8c0ca091|0|1786390479.111|99.347|3.105|404783104|436764672|gen_data_577e0fc0a1d73ff8|__AUTOMETRIC__
__AUTOMETRIC__|0.1.2|10972|crew_log_d30a611f8c0ca091|0|1786390480.126|100.121|3.129|404709376|436637696|gen_data_577e0fc0a1d73ff8|__AUTOMETRIC__
__AUTOMETRIC__|0.1.2|10972|crew_log_d30a611f8c0ca091|0|1786390481.141|100.044|3.126|404746240|436690944|gen_data_577e0fc0a1d73ff8|__AUTOMETRIC__
__AUTOMETRIC__|0.1.2|10972|crew_log_d30a611f8c0ca091|0|1786390482.153|98.845|3.089|404893696|436830208|gen_data_577e0fc0a1d73ff8|__AUTOMETRIC__
__AUTOMETRIC__|0.1.2|10972|crew_log_d30a611f8c0ca091|0|1786390483.168|96.898|3.028|404774912|436703232|gen_data_577e0fc0a1d73ff8|__AUTOMETRIC__
__AUTOMETRIC__|0.1.2|10972|crew_log_d30a611f8c0ca091|0|1786390484.182|97.156|3.036|404852736|436781056|gen_data_577e0fc0a1d73ff8|__AUTOMETRIC__
__AUTOMETRIC__|0.1.2|10972|crew_log_d30a611f8c0ca091|0|1786390485.186|97.978|3.062|404836352|436764672|gen_data_577e0fc0a1d73ff8|__AUTOMETRIC__
__AUTOMETRIC__|0.1.2|10972|crew_log_d30a611f8c0ca091|0|1786390486.189|101.247|3.164|404795392|436736000|gen_data_577e0fc0a1d73ff8|__AUTOMETRIC__
__AUTOMETRIC__|0.1.2|10972|crew_log_d30a611f8c0ca091|0|1786390487.200|98.929|3.092|404889600|436879360|gen_data_577e0fc0a1d73ff8|__AUTOMETRIC__
__AUTOMETRIC__|0.1.2|10972|crew_log_d30a611f8c0ca091|0|1786390488.215|100.113|3.129|405078016|437014528|gen_data_577e0fc0a1d73ff8|__AUTOMETRIC__
__AUTOMETRIC__|0.1.2|10972|crew_log_d30a611f8c0ca091|0|1786390489.226|100.394|3.137|404992000|436920320|gen_data_577e0fc0a1d73ff8|__AUTOMETRIC__
__AUTOMETRIC__|0.1.2|10972|crew_log_d30a611f8c0ca091|0|1786390490.240|100.176|3.131|404885504|436813824|gen_data_577e0fc0a1d73ff8|__AUTOMETRIC__
__AUTOMETRIC__|0.1.2|10972|crew_log_d30a611f8c0ca091|0|1786390491.253|98.752|3.086|404828160|436772864|gen_data_577e0fc0a1d73ff8|__AUTOMETRIC__
__AUTOMETRIC__|0.1.2|10972|crew_log_d30a611f8c0ca091|0|1786390492.258|99.456|3.108|404856832|436793344|gen_data_577e0fc0a1d73ff8|__AUTOMETRIC__
__AUTOMETRIC__|0.1.2|10972|crew_log_d30a611f8c0ca091|0|1786390493.260|99.791|3.118|404738048|436674560|gen_data_577e0fc0a1d73ff8|__AUTOMETRIC__
__AUTOMETRIC__|0.1.2|10972|crew_log_d30a611f8c0ca091|0|1786390494.262|99.884|3.121|404738048|436670464|gen_data_577e0fc0a1d73ff8|__AUTOMETRIC__
__AUTOMETRIC__|0.1.2|10972|crew_log_d30a611f8c0ca091|0|1786390495.270|99.172|3.099|404914176|436842496|gen_data_577e0fc0a1d73ff8|__AUTOMETRIC__
__AUTOMETRIC__|0.1.2|10972|crew_log_d30a611f8c0ca091|0|1786390496.272|99.803|3.119|404938752|436875264|gen_data_577e0fc0a1d73ff8|__AUTOMETRIC__
__AUTOMETRIC__|0.1.2|10972|crew_log_d30a611f8c0ca091|0|1786390497.285|98.743|3.086|404926464|436854784|gen_data_577e0fc0a1d73ff8|__AUTOMETRIC__
__AUTOMETRIC__|0.1.2|10972|crew_log_d30a611f8c0ca091|0|1786390498.298|100.190|3.131|404979712|436908032|gen_data_577e0fc0a1d73ff8|__AUTOMETRIC__
__AUTOMETRIC__|0.1.2|10972|crew_log_d30a611f8c0ca091|0|1786390499.302|99.655|3.114|405008384|436936704|gen_data_577e0fc0a1d73ff8|__AUTOMETRIC__
__AUTOMETRIC__|0.1.2|10972|crew_log_d30a611f8c0ca091|0|1786390500.314|100.347|3.136|405012480|436940800|gen_data_577e0fc0a1d73ff8|__AUTOMETRIC__
__AUTOMETRIC__|0.1.2|10972|crew_log_d30a611f8c0ca091|0|1786390501.320|97.843|3.058|405073920|437002240|gen_data_577e0fc0a1d73ff8|__AUTOMETRIC__
__AUTOMETRIC__|0.1.2|10972|crew_log_d30a611f8c0ca091|0|1786390502.329|100.671|3.146|405049344|436977664|gen_data_577e0fc0a1d73ff8|__AUTOMETRIC__
__AUTOMETRIC__|0.1.2|10972|crew_log_d30a611f8c0ca091|0|1786390503.333|98.061|3.064|404942848|436871168|gen_data_577e0fc0a1d73ff8|__AUTOMETRIC__
__AUTOMETRIC__|0.1.2|10972|crew_log_d30a611f8c0ca091|0|1786390504.343|100.491|3.140|405020672|436957184|gen_data_577e0fc0a1d73ff8|__AUTOMETRIC__
__AUTOMETRIC__|0.1.2|10972|crew_log_d30a611f8c0ca091|0|1786390505.347|98.127|3.066|404889600|436858880|gen_data_577e0fc0a1d73ff8|__AUTOMETRIC__
__AUTOMETRIC__|0.1.2|10972|crew_log_d30a611f8c0ca091|0|1786390506.359|98.797|3.087|404942848|436879360|gen_data_577e0fc0a1d73ff8|__AUTOMETRIC__
__AUTOMETRIC__|0.1.2|10972|crew_log_d30a611f8c0ca091|0|1786390507.361|99.751|3.117|405008384|436944896|gen_data_577e0fc0a1d73ff8|__AUTOMETRIC__
__AUTOMETRIC__|0.1.2|10972|crew_log_d30a611f8c0ca091|0|1786390508.375|100.200|3.131|404967424|436903936|gen_data_577e0fc0a1d73ff8|__AUTOMETRIC__
__AUTOMETRIC__|0.1.2|10972|crew_log_d30a611f8c0ca091|0|1786390509.386|98.863|3.089|405024768|436965376|gen_data_577e0fc0a1d73ff8|__AUTOMETRIC__
__AUTOMETRIC__|0.1.2|10972|crew_log_d30a611f8c0ca091|0|1786390510.394|100.799|3.150|405348352|437280768|gen_data_577e0fc0a1d73ff8|__AUTOMETRIC__
__AUTOMETRIC__|0.1.2|10972|crew_log_d30a611f8c0ca091|0|1786390511.401|99.265|3.102|405282816|437211136|gen_data_577e0fc0a1d73ff8|__AUTOMETRIC__
__AUTOMETRIC__|0.1.2|10972|crew_log_d30a611f8c0ca091|0|1786390512.406|99.490|3.109|405291008|437354496|gen_data_577e0fc0a1d73ff8|__AUTOMETRIC__
__AUTOMETRIC__|0.1.2|10972|crew_log_d30a611f8c0ca091|0|1786390513.412|99.455|3.108|405274624|437202944|gen_data_577e0fc0a1d73ff8|__AUTOMETRIC__
__AUTOMETRIC__|0.1.2|10972|crew_log_d30a611f8c0ca091|0|1786390514.416|99.604|3.113|405303296|437231616|gen_data_577e0fc0a1d73ff8|__AUTOMETRIC__
__AUTOMETRIC__|0.1.2|10972|crew_log_d30a611f8c0ca091|0|1786390515.417|99.879|3.121|405090304|437018624|gen_data_577e0fc0a1d73ff8|__AUTOMETRIC__
__AUTOMETRIC__|0.1.2|10972|crew_log_d30a611f8c0ca091|0|1786390516.425|97.697|3.053|405118976|437047296|gen_data_577e0fc0a1d73ff8|__AUTOMETRIC__
__AUTOMETRIC__|0.1.2|10972|crew_log_d30a611f8c0ca091|0|1786390517.439|98.547|3.080|405192704|437129216|gen_data_577e0fc0a1d73ff8|__AUTOMETRIC__
__AUTOMETRIC__|0.1.2|10972|crew_log_d30a611f8c0ca091|0|1786390518.455|98.426|3.076|405364736|437293056|gen_data_577e0fc0a1d73ff8|__AUTOMETRIC__
__AUTOMETRIC__|0.1.2|10972|crew_log_d30a611f8c0ca091|0|1786390519.468|98.729|3.085|405131264|437059584|gen_data_577e0fc0a1d73ff8|__AUTOMETRIC__
__AUTOMETRIC__|0.1.2|10972|crew_log_d30a611f8c0ca091|0|1786390520.480|98.861|3.089|405217280|437149696|gen_data_577e0fc0a1d73ff8|__AUTOMETRIC__
__AUTOMETRIC__|0.1.2|10972|crew_log_d30a611f8c0ca091|0|1786390521.482|99.798|3.119|405131264|437084160|gen_data_577e0fc0a1d73ff8|__AUTOMETRIC__
__AUTOMETRIC__|0.1.2|10972|crew_log_d30a611f8c0ca091|0|1786390522.492|102.070|3.190|404930560|436883456|gen_data_577e0fc0a1d73ff8|__AUTOMETRIC__
__AUTOMETRIC__|0.1.2|10972|crew_log_d30a611f8c0ca091|0|1786390523.508|98.475|3.077|404938752|436891648|gen_data_577e0fc0a1d73ff8|__AUTOMETRIC__
__AUTOMETRIC__|0.1.2|10972|crew_log_d30a611f8c0ca091|0|1786390524.514|99.364|3.105|404938752|436879360|gen_data_577e0fc0a1d73ff8|__AUTOMETRIC__
__AUTOMETRIC__|0.1.2|10972|crew_log_d30a611f8c0ca091|0|1786390525.530|95.357|2.980|404865024|436793344|gen_data_577e0fc0a1d73ff8|__AUTOMETRIC__
__AUTOMETRIC__|0.1.2|10972|crew_log_d30a611f8c0ca091|0|1786390526.541|98.928|3.091|404869120|436797440|gen_data_577e0fc0a1d73ff8|__AUTOMETRIC__
__AUTOMETRIC__|0.1.2|10972|crew_log_d30a611f8c0ca091|0|1786390527.545|101.125|3.160|404881408|436826112|gen_data_577e0fc0a1d73ff8|__AUTOMETRIC__
__AUTOMETRIC__|0.1.2|10972|crew_log_d30a611f8c0ca091|0|1786390528.560|95.452|2.983|404828160|436772864|gen_data_577e0fc0a1d73ff8|__AUTOMETRIC__
__AUTOMETRIC__|0.1.2|10972|crew_log_d30a611f8c0ca091|0|1786390529.573|98.731|3.085|404979712|436924416|gen_data_577e0fc0a1d73ff8|__AUTOMETRIC__
__AUTOMETRIC__|0.1.2|10972|crew_log_d30a611f8c0ca091|0|1786390530.588|100.002|3.125|405127168|437067776|gen_data_577e0fc0a1d73ff8|__AUTOMETRIC__
__AUTOMETRIC__|0.1.2|10972|crew_log_d30a611f8c0ca091|0|1786390531.605|98.386|3.075|404987904|436916224|gen_data_577e0fc0a1d73ff8|__AUTOMETRIC__
__AUTOMETRIC__|0.1.2|10972|crew_log_d30a611f8c0ca091|0|1786390532.611|100.952|3.155|404983808|436912128|gen_data_577e0fc0a1d73ff8|__AUTOMETRIC__
__AUTOMETRIC__|0.1.2|10972|crew_log_d30a611f8c0ca091|0|1786390533.624|100.209|3.132|404983808|436912128|gen_data_577e0fc0a1d73ff8|__AUTOMETRIC__
__AUTOMETRIC__|0.1.2|10972|crew_log_d30a611f8c0ca091|0|1786390534.638|97.099|3.034|405123072|437051392|gen_data_577e0fc0a1d73ff8|__AUTOMETRIC__
__AUTOMETRIC__|0.1.2|10972|crew_log_d30a611f8c0ca091|0|1786390535.642|102.762|3.211|404967424|436895744|gen_data_577e0fc0a1d73ff8|__AUTOMETRIC__
__AUTOMETRIC__|0.1.2|10972|crew_log_d30a611f8c0ca091|0|1786390536.650|99.217|3.101|404869120|436809728|gen_data_577e0fc0a1d73ff8|__AUTOMETRIC__
__AUTOMETRIC__|0.1.2|10972|crew_log_d30a611f8c0ca091|0|1786390537.652|98.244|3.070|404910080|436838400|gen_data_577e0fc0a1d73ff8|__AUTOMETRIC__
__AUTOMETRIC__|0.1.2|10972|crew_log_d30a611f8c0ca091|0|1786390538.666|100.163|3.130|404856832|436879360|gen_data_577e0fc0a1d73ff8|__AUTOMETRIC__
__AUTOMETRIC__|0.1.2|10972|crew_log_d30a611f8c0ca091|0|1786390539.667|99.838|3.120|405008384|436936704|gen_data_577e0fc0a1d73ff8|__AUTOMETRIC__
__AUTOMETRIC__|0.1.2|10972|crew_log_d30a611f8c0ca091|0|1786390540.681|98.609|3.082|405016576|436944896|gen_data_577e0fc0a1d73ff8|__AUTOMETRIC__
__AUTOMETRIC__|0.1.2|10972|crew_log_d30a611f8c0ca091|0|1786390541.695|100.159|3.130|404987904|436920320|gen_data_577e0fc0a1d73ff8|__AUTOMETRIC__
__AUTOMETRIC__|0.1.2|10972|crew_log_d30a611f8c0ca091|0|1786390542.709|98.679|3.084|405008384|436961280|gen_data_577e0fc0a1d73ff8|__AUTOMETRIC__
__AUTOMETRIC__|0.1.2|10972|crew_log_d30a611f8c0ca091|0|1786390543.721|100.325|3.135|405123072|437104640|gen_data_577e0fc0a1d73ff8|__AUTOMETRIC__
__AUTOMETRIC__|0.1.2|10972|crew_log_d30a611f8c0ca091|0|1786390544.726|99.524|3.110|405078016|437010432|gen_data_577e0fc0a1d73ff8|__AUTOMETRIC__
__AUTOMETRIC__|0.1.2|10972|crew_log_d30a611f8c0ca091|0|1786390545.739|98.712|3.085|404938752|436989952|gen_data_577e0fc0a1d73ff8|__AUTOMETRIC__
__AUTOMETRIC__|0.1.2|10972|crew_log_d30a611f8c0ca091|0|1786390546.751|98.752|3.086|405094400|437047296|gen_data_577e0fc0a1d73ff8|__AUTOMETRIC__
__AUTOMETRIC__|0.1.2|10972|crew_log_d30a611f8c0ca091|0|1786390547.763|98.907|3.091|404938752|436862976|gen_data_577e0fc0a1d73ff8|__AUTOMETRIC__
__AUTOMETRIC__|0.1.2|10972|crew_log_d30a611f8c0ca091|0|1786390548.772|100.590|3.143|405053440|436977664|gen_data_577e0fc0a1d73ff8|__AUTOMETRIC__
__AUTOMETRIC__|0.1.2|10972|crew_log_d30a611f8c0ca091|0|1786390549.780|100.766|3.149|405053440|436977664|gen_data_577e0fc0a1d73ff8|__AUTOMETRIC__
__AUTOMETRIC__|0.1.2|10972|crew_log_d30a611f8c0ca091|0|1786390550.786|99.437|3.107|404996096|436920320|gen_data_577e0fc0a1d73ff8|__AUTOMETRIC__
__AUTOMETRIC__|0.1.2|10972|crew_log_d30a611f8c0ca091|0|1786390551.790|99.609|3.113|404873216|436801536|gen_data_577e0fc0a1d73ff8|__AUTOMETRIC__
__AUTOMETRIC__|0.1.2|10972|crew_log_d30a611f8c0ca091|0|1786390552.796|97.799|3.056|405000192|436928512|gen_data_577e0fc0a1d73ff8|__AUTOMETRIC__
__AUTOMETRIC__|0.1.2|10972|crew_log_d30a611f8c0ca091|0|1786390553.811|98.576|3.081|404819968|436748288|gen_data_577e0fc0a1d73ff8|__AUTOMETRIC__
__AUTOMETRIC__|0.1.2|10972|crew_log_d30a611f8c0ca091|0|1786390554.823|98.753|3.086|404979712|436916224|gen_data_577e0fc0a1d73ff8|__AUTOMETRIC__
__AUTOMETRIC__|0.1.2|10972|crew_log_d30a611f8c0ca091|0|1786390555.832|97.584|3.049|405090304|437030912|gen_data_577e0fc0a1d73ff8|__AUTOMETRIC__
__AUTOMETRIC__|0.1.2|10972|crew_log_d30a611f8c0ca091|0|1786390556.840|97.686|3.053|405176320|437116928|gen_data_577e0fc0a1d73ff8|__AUTOMETRIC__
__AUTOMETRIC__|0.1.2|10972|crew_log_d30a611f8c0ca091|0|1786390557.846|99.358|3.105|405229568|437166080|gen_data_577e0fc0a1d73ff8|__AUTOMETRIC__
__AUTOMETRIC__|0.1.2|10972|crew_log_d30a611f8c0ca091|0|1786390558.861|98.530|3.079|404955136|436908032|gen_data_577e0fc0a1d73ff8|__AUTOMETRIC__
__AUTOMETRIC__|0.1.2|10972|crew_log_d30a611f8c0ca091|0|1786390559.876|100.090|3.128|405237760|437174272|gen_data_577e0fc0a1d73ff8|__AUTOMETRIC__
__AUTOMETRIC__|0.1.2|10972|crew_log_d30a611f8c0ca091|0|1786390560.891|98.553|3.080|404946944|436883456|gen_data_577e0fc0a1d73ff8|__AUTOMETRIC__
__AUTOMETRIC__|0.1.2|10972|crew_log_d30a611f8c0ca091|0|1786390561.905|95.481|2.984|405278720|437211136|gen_data_577e0fc0a1d73ff8|__AUTOMETRIC__
__AUTOMETRIC__|0.1.2|10972|crew_log_d30a611f8c0ca091|0|1786390562.913|100.789|3.150|405110784|437051392|gen_data_577e0fc0a1d73ff8|__AUTOMETRIC__
__AUTOMETRIC__|0.1.2|10972|crew_log_d30a611f8c0ca091|0|1786390563.915|99.784|3.118|405135360|437067776|gen_data_577e0fc0a1d73ff8|__AUTOMETRIC__
__AUTOMETRIC__|0.1.2|10972|crew_log_d30a611f8c0ca091|0|1786390564.929|100.171|3.130|404934656|436867072|gen_data_577e0fc0a1d73ff8|__AUTOMETRIC__
__AUTOMETRIC__|0.1.2|10972|crew_log_d30a611f8c0ca091|0|1786390565.937|100.711|3.147|405266432|437198848|gen_data_577e0fc0a1d73ff8|__AUTOMETRIC__
__AUTOMETRIC__|0.1.2|10972|crew_log_d30a611f8c0ca091|0|1786390566.951|98.634|3.082|405184512|437125120|gen_data_577e0fc0a1d73ff8|__AUTOMETRIC__
__AUTOMETRIC__|0.1.2|10972|crew_log_d30a611f8c0ca091|0|1786390567.962|98.878|3.090|405295104|437235712|gen_data_577e0fc0a1d73ff8|__AUTOMETRIC__
__AUTOMETRIC__|0.1.2|10972|crew_log_d30a611f8c0ca091|0|1786390568.976|100.187|3.131|405340160|437280768|gen_data_577e0fc0a1d73ff8|__AUTOMETRIC__
__AUTOMETRIC__|0.1.2|10972|crew_log_d30a611f8c0ca091|0|1786390569.985|100.652|3.145|405123072|437055488|gen_data_577e0fc0a1d73ff8|__AUTOMETRIC__
__AUTOMETRIC__|0.1.2|10972|crew_log_d30a611f8c0ca091|0|1786390570.998|101.799|3.181|405348352|437280768|gen_data_577e0fc0a1d73ff8|__AUTOMETRIC__
__AUTOMETRIC__|0.1.2|10972|crew_log_d30a611f8c0ca091|0|1786390572.010|94.187|2.943|405352448|437284864|gen_data_577e0fc0a1d73ff8|__AUTOMETRIC__
__AUTOMETRIC__|0.1.2|10972|crew_log_d30a611f8c0ca091|0|1786390573.020|100.584|3.143|405471232|437403648|gen_data_577e0fc0a1d73ff8|__AUTOMETRIC__
__AUTOMETRIC__|0.1.2|10972|crew_log_d30a611f8c0ca091|0|1786390574.034|100.111|3.128|405581824|437514240|gen_data_577e0fc0a1d73ff8|__AUTOMETRIC__
__AUTOMETRIC__|0.1.2|10972|crew_log_d30a611f8c0ca091|0|1786390575.046|100.362|3.136|405590016|437522432|gen_data_577e0fc0a1d73ff8|__AUTOMETRIC__
__AUTOMETRIC__|0.1.2|10972|crew_log_d30a611f8c0ca091|0|1786390576.061|100.142|3.129|405381120|437313536|gen_data_577e0fc0a1d73ff8|__AUTOMETRIC__
__AUTOMETRIC__|0.1.2|10972|crew_log_d30a611f8c0ca091|0|1786390577.072|97.328|3.042|405487616|437420032|gen_data_577e0fc0a1d73ff8|__AUTOMETRIC__
__AUTOMETRIC__|0.1.2|10972|crew_log_d30a611f8c0ca091|0|1786390578.080|100.713|3.147|405389312|437321728|gen_data_577e0fc0a1d73ff8|__AUTOMETRIC__
__AUTOMETRIC__|0.1.2|10972|crew_log_d30a611f8c0ca091|0|1786390579.087|99.336|3.104|405401600|437334016|gen_data_577e0fc0a1d73ff8|__AUTOMETRIC__
__AUTOMETRIC__|0.1.2|10972|crew_log_d30a611f8c0ca091|0|1786390580.097|100.587|3.143|405475328|437407744|gen_data_577e0fc0a1d73ff8|__AUTOMETRIC__
__AUTOMETRIC__|0.1.2|10972|crew_log_d30a611f8c0ca091|0|1786390581.113|99.935|3.123|405610496|437542912|gen_data_577e0fc0a1d73ff8|__AUTOMETRIC__
__AUTOMETRIC__|0.1.2|10972|crew_log_d30a611f8c0ca091|0|1786390582.127|100.174|3.130|405618688|437551104|gen_data_577e0fc0a1d73ff8|__AUTOMETRIC__
__AUTOMETRIC__|0.1.2|10972|crew_log_d30a611f8c0ca091|0|1786390583.135|97.676|3.052|405553152|437485568|gen_data_577e0fc0a1d73ff8|__AUTOMETRIC__
__AUTOMETRIC__|0.1.2|10972|crew_log_d30a611f8c0ca091|0|1786390584.150|99.994|3.125|405626880|437559296|gen_data_577e0fc0a1d73ff8|__AUTOMETRIC__
__AUTOMETRIC__|0.1.2|10972|crew_log_d30a611f8c0ca091|0|1786390585.167|99.913|3.122|405590016|437522432|gen_data_577e0fc0a1d73ff8|__AUTOMETRIC__
__AUTOMETRIC__|0.1.2|10972|crew_log_d30a611f8c0ca091|0|1786390586.170|98.189|3.068|405639168|437579776|gen_data_577e0fc0a1d73ff8|__AUTOMETRIC__
__AUTOMETRIC__|0.1.2|10972|crew_log_d30a611f8c0ca091|0|1786390587.171|99.867|3.121|405655552|437587968|gen_data_577e0fc0a1d73ff8|__AUTOMETRIC__
__AUTOMETRIC__|0.1.2|10972|crew_log_d30a611f8c0ca091|0|1786390588.184|98.676|3.084|405508096|437440512|gen_data_577e0fc0a1d73ff8|__AUTOMETRIC__
__AUTOMETRIC__|0.1.2|10972|crew_log_d30a611f8c0ca091|0|1786390589.186|102.898|3.216|405442560|437391360|gen_data_577e0fc0a1d73ff8|__AUTOMETRIC__
__AUTOMETRIC__|0.1.2|10972|crew_log_d30a611f8c0ca091|0|1786390590.200|100.216|3.132|405360640|437293056|gen_data_577e0fc0a1d73ff8|__AUTOMETRIC__
__AUTOMETRIC__|0.1.2|10972|crew_log_d30a611f8c0ca091|0|1786390591.203|102.852|3.214|405630976|437571584|gen_data_577e0fc0a1d73ff8|__AUTOMETRIC__
__AUTOMETRIC__|0.1.2|10972|crew_log_d30a611f8c0ca091|0|1786390592.217|97.075|3.034|405610496|437551104|gen_data_577e0fc0a1d73ff8|__AUTOMETRIC__
__AUTOMETRIC__|0.1.2|10972|crew_log_d30a611f8c0ca091|0|1786390593.232|100.000|3.125|405651456|437583872|gen_data_577e0fc0a1d73ff8|__AUTOMETRIC__
__AUTOMETRIC__|0.1.2|10972|crew_log_d30a611f8c0ca091|0|1786390594.234|101.406|3.169|405565440|437497856|gen_data_577e0fc0a1d73ff8|__AUTOMETRIC__
__AUTOMETRIC__|0.1.2|10972|crew_log_d30a611f8c0ca091|0|1786390595.241|97.758|3.055|405512192|437440512|gen_data_577e0fc0a1d73ff8|__AUTOMETRIC__
__AUTOMETRIC__|0.1.2|10972|crew_log_d30a611f8c0ca091|0|1786390596.256|98.450|3.077|405659648|437587968|gen_data_577e0fc0a1d73ff8|__AUTOMETRIC__
__AUTOMETRIC__|0.1.2|10972|crew_log_d30a611f8c0ca091|0|1786390597.270|100.172|3.130|405663744|437518336|gen_data_577e0fc0a1d73ff8|__AUTOMETRIC__
__AUTOMETRIC__|0.1.2|10972|crew_log_d30a611f8c0ca091|0|1786390598.285|100.066|3.127|405684224|437538816|gen_data_577e0fc0a1d73ff8|__AUTOMETRIC__
__AUTOMETRIC__|0.1.2|10972|crew_log_d30a611f8c0ca091|0|1786390599.291|99.475|3.109|405778432|437637120|gen_data_577e0fc0a1d73ff8|__AUTOMETRIC__
__AUTOMETRIC__|0.1.2|10972|crew_log_d30a611f8c0ca091|0|1786390600.295|99.525|3.110|405667840|437526528|gen_data_577e0fc0a1d73ff8|__AUTOMETRIC__
__AUTOMETRIC__|0.1.2|10972|crew_log_d30a611f8c0ca091|0|1786390601.302|99.373|3.105|405835776|437751808|gen_data_577e0fc0a1d73ff8|__AUTOMETRIC__
__AUTOMETRIC__|0.1.2|10972|crew_log_d30a611f8c0ca091|0|1786390602.303|99.825|3.120|405655552|437514240|gen_data_577e0fc0a1d73ff8|__AUTOMETRIC__
__AUTOMETRIC__|0.1.2|10972|crew_log_d30a611f8c0ca091|0|1786390603.316|100.347|3.136|405790720|437649408|gen_data_577e0fc0a1d73ff8|__AUTOMETRIC__
__AUTOMETRIC__|0.1.2|10972|crew_log_d30a611f8c0ca091|0|1786390604.332|99.869|3.121|405622784|437481472|gen_data_577e0fc0a1d73ff8|__AUTOMETRIC__
__AUTOMETRIC__|0.1.2|10972|crew_log_d30a611f8c0ca091|0|1786390605.337|99.565|3.111|405676032|437534720|gen_data_577e0fc0a1d73ff8|__AUTOMETRIC__
__AUTOMETRIC__|0.1.2|10972|crew_log_d30a611f8c0ca091|0|1786390606.338|98.290|3.072|405876736|437735424|gen_data_577e0fc0a1d73ff8|__AUTOMETRIC__
__AUTOMETRIC__|0.1.2|10972|crew_log_d30a611f8c0ca091|0|1786390607.354|98.425|3.076|405884928|437743616|gen_data_577e0fc0a1d73ff8|__AUTOMETRIC__
__AUTOMETRIC__|0.1.2|10972|crew_log_d30a611f8c0ca091|0|1786390608.356|98.241|3.070|405823488|437682176|gen_data_577e0fc0a1d73ff8|__AUTOMETRIC__
__AUTOMETRIC__|0.1.2|10972|crew_log_d30a611f8c0ca091|0|1786390609.360|102.742|3.211|405639168|437497856|gen_data_577e0fc0a1d73ff8|__AUTOMETRIC__
__AUTOMETRIC__|0.1.2|10972|crew_log_d30a611f8c0ca091|0|1786390610.363|98.149|3.067|405827584|437682176|gen_data_577e0fc0a1d73ff8|__AUTOMETRIC__
__AUTOMETRIC__|0.1.2|10972|crew_log_d30a611f8c0ca091|0|1786390611.364|99.887|3.121|405671936|437530624|gen_data_577e0fc0a1d73ff8|__AUTOMETRIC__
__AUTOMETRIC__|0.1.2|10972|crew_log_d30a611f8c0ca091|0|1786390612.379|96.961|3.030|405700608|437559296|gen_data_577e0fc0a1d73ff8|__AUTOMETRIC__
__AUTOMETRIC__|0.1.2|10972|crew_log_d30a611f8c0ca091|0|1786390613.388|99.177|3.099|405737472|437608448|gen_data_577e0fc0a1d73ff8|__AUTOMETRIC__
__AUTOMETRIC__|0.1.2|10972|crew_log_d30a611f8c0ca091|0|1786390614.403|101.528|3.173|405876736|437747712|gen_data_577e0fc0a1d73ff8|__AUTOMETRIC__
__AUTOMETRIC__|0.1.2|10972|crew_log_d30a611f8c0ca091|0|1786390615.416|101.879|3.184|405712896|437583872|gen_data_577e0fc0a1d73ff8|__AUTOMETRIC__
__AUTOMETRIC__|0.1.2|10972|crew_log_d30a611f8c0ca091|0|1786390616.428|98.749|3.086|405848064|437719040|gen_data_577e0fc0a1d73ff8|__AUTOMETRIC__
__AUTOMETRIC__|0.1.2|10972|crew_log_d30a611f8c0ca091|0|1786390617.436|100.760|3.149|405868544|437739520|gen_data_577e0fc0a1d73ff8|__AUTOMETRIC__
__AUTOMETRIC__|0.1.2|10972|crew_log_d30a611f8c0ca091|0|1786390618.451|100.064|3.127|405651456|437510144|gen_data_577e0fc0a1d73ff8|__AUTOMETRIC__
__AUTOMETRIC__|0.1.2|10972|crew_log_d30a611f8c0ca091|0|1786390619.467|99.975|3.124|405676032|437534720|gen_data_577e0fc0a1d73ff8|__AUTOMETRIC__
__AUTOMETRIC__|0.1.2|10972|crew_log_d30a611f8c0ca091|0|1786390620.482|98.492|3.078|405884928|437739520|gen_data_577e0fc0a1d73ff8|__AUTOMETRIC__
__AUTOMETRIC__|0.1.2|10972|crew_log_d30a611f8c0ca091|0|1786390621.498|101.568|3.174|405770240|437624832|gen_data_577e0fc0a1d73ff8|__AUTOMETRIC__
__AUTOMETRIC__|0.1.2|10972|crew_log_d30a611f8c0ca091|0|1786390622.509|98.866|3.090|405839872|437723136|gen_data_577e0fc0a1d73ff8|__AUTOMETRIC__
__AUTOMETRIC__|0.1.2|10972|crew_log_d30a611f8c0ca091|0|1786390623.513|96.483|3.015|405831680|437690368|gen_data_577e0fc0a1d73ff8|__AUTOMETRIC__
__AUTOMETRIC__|0.1.2|10972|crew_log_d30a611f8c0ca091|0|1786390624.520|97.827|3.057|405647360|437555200|gen_data_577e0fc0a1d73ff8|__AUTOMETRIC__
__AUTOMETRIC__|0.1.2|10972|crew_log_d30a611f8c0ca091|0|1786390625.535|100.038|3.126|405790720|437649408|gen_data_577e0fc0a1d73ff8|__AUTOMETRIC__
__AUTOMETRIC__|0.1.2|10972|crew_log_d30a611f8c0ca091|0|1786390626.543|97.629|3.051|405876736|437735424|gen_data_577e0fc0a1d73ff8|__AUTOMETRIC__
__AUTOMETRIC__|0.1.2|10972|crew_log_d30a611f8c0ca091|0|1786390627.546|102.849|3.214|405794816|437657600|gen_data_577e0fc0a1d73ff8|__AUTOMETRIC__
__AUTOMETRIC__|0.1.2|10972|crew_log_d30a611f8c0ca091|0|1786390628.556|99.015|3.094|405860352|437723136|gen_data_577e0fc0a1d73ff8|__AUTOMETRIC__
__AUTOMETRIC__|0.1.2|10972|crew_log_d30a611f8c0ca091|0|1786390629.562|100.975|3.155|405827584|437686272|gen_data_577e0fc0a1d73ff8|__AUTOMETRIC__
__AUTOMETRIC__|0.1.2|10972|crew_log_d30a611f8c0ca091|0|1786390630.567|99.412|3.107|405848064|437710848|gen_data_577e0fc0a1d73ff8|__AUTOMETRIC__
__AUTOMETRIC__|0.1.2|10972|crew_log_d30a611f8c0ca091|0|1786390631.581|100.216|3.132|406048768|437911552|gen_data_577e0fc0a1d73ff8|__AUTOMETRIC__
__AUTOMETRIC__|0.1.2|10972|crew_log_d30a611f8c0ca091|0|1786390632.584|98.147|3.067|406036480|437899264|gen_data_577e0fc0a1d73ff8|__AUTOMETRIC__
__AUTOMETRIC__|0.1.2|10972|crew_log_d30a611f8c0ca091|0|1786390633.595|98.847|3.089|406097920|437956608|gen_data_577e0fc0a1d73ff8|__AUTOMETRIC__
__AUTOMETRIC__|0.1.2|10972|crew_log_d30a611f8c0ca091|0|1786390634.602|99.314|3.104|405905408|437764096|gen_data_577e0fc0a1d73ff8|__AUTOMETRIC__
__AUTOMETRIC__|0.1.2|10972|crew_log_d30a611f8c0ca091|0|1786390635.615|100.302|3.134|406003712|437862400|gen_data_577e0fc0a1d73ff8|__AUTOMETRIC__
__AUTOMETRIC__|0.1.2|10972|crew_log_d30a611f8c0ca091|0|1786390636.631|99.918|3.122|405913600|437772288|gen_data_577e0fc0a1d73ff8|__AUTOMETRIC__
__AUTOMETRIC__|0.1.2|10972|crew_log_d30a611f8c0ca091|0|1786390637.645|100.235|3.132|405909504|437768192|gen_data_577e0fc0a1d73ff8|__AUTOMETRIC__
__AUTOMETRIC__|0.1.2|10972|crew_log_d30a611f8c0ca091|0|1786390638.659|100.095|3.128|405905408|437764096|gen_data_577e0fc0a1d73ff8|__AUTOMETRIC__
__AUTOMETRIC__|0.1.2|10972|crew_log_d30a611f8c0ca091|0|1786390639.674|100.053|3.127|406020096|437878784|gen_data_577e0fc0a1d73ff8|__AUTOMETRIC__
__AUTOMETRIC__|0.1.2|10972|crew_log_d30a611f8c0ca091|0|1786390640.689|98.523|3.079|405987328|437846016|gen_data_577e0fc0a1d73ff8|__AUTOMETRIC__
__AUTOMETRIC__|0.1.2|10972|crew_log_d30a611f8c0ca091|0|1786390641.691|99.853|3.120|405975040|437833728|gen_data_577e0fc0a1d73ff8|__AUTOMETRIC__
__AUTOMETRIC__|0.1.2|10972|crew_log_d30a611f8c0ca091|0|1786390642.704|100.213|3.132|405917696|437776384|gen_data_577e0fc0a1d73ff8|__AUTOMETRIC__
__AUTOMETRIC__|0.1.2|10972|crew_log_d30a611f8c0ca091|0|1786390643.710|99.476|3.109|406028288|437886976|gen_data_577e0fc0a1d73ff8|__AUTOMETRIC__
__AUTOMETRIC__|0.1.2|10972|crew_log_d30a611f8c0ca091|0|1786390644.719|99.117|3.097|406048768|437907456|gen_data_577e0fc0a1d73ff8|__AUTOMETRIC__
__AUTOMETRIC__|0.1.2|10972|crew_log_d30a611f8c0ca091|0|1786390645.724|97.952|3.061|406175744|438030336|gen_data_577e0fc0a1d73ff8|__AUTOMETRIC__
__AUTOMETRIC__|0.1.2|10972|crew_log_d30a611f8c0ca091|0|1786390646.735|100.368|3.137|406085632|437940224|gen_data_577e0fc0a1d73ff8|__AUTOMETRIC__
__AUTOMETRIC__|0.1.2|10972|crew_log_d30a611f8c0ca091|0|1786390647.752|99.951|3.123|406028288|437960704|gen_data_577e0fc0a1d73ff8|__AUTOMETRIC__
__AUTOMETRIC__|0.1.2|10972|crew_log_d30a611f8c0ca091|0|1786390648.757|96.380|3.012|405995520|437854208|gen_data_577e0fc0a1d73ff8|__AUTOMETRIC__
__AUTOMETRIC__|0.1.2|10972|crew_log_d30a611f8c0ca091|0|1786390649.764|100.847|3.151|406032384|437891072|gen_data_577e0fc0a1d73ff8|__AUTOMETRIC__
__AUTOMETRIC__|0.1.2|10972|crew_log_d30a611f8c0ca091|0|1786390650.765|99.877|3.121|405925888|437784576|gen_data_577e0fc0a1d73ff8|__AUTOMETRIC__
__AUTOMETRIC__|0.1.2|10972|crew_log_d30a611f8c0ca091|0|1786390651.781|98.429|3.076|406040576|437899264|gen_data_577e0fc0a1d73ff8|__AUTOMETRIC__
__AUTOMETRIC__|0.1.2|10972|crew_log_d30a611f8c0ca091|0|1786390652.784|99.674|3.115|405991424|437850112|gen_data_577e0fc0a1d73ff8|__AUTOMETRIC__
__AUTOMETRIC__|0.1.2|10972|crew_log_d30a611f8c0ca091|0|1786390653.798|100.150|3.130|405843968|437702656|gen_data_577e0fc0a1d73ff8|__AUTOMETRIC__
__AUTOMETRIC__|0.1.2|10972|crew_log_d30a611f8c0ca091|0|1786390654.801|96.630|3.020|406073344|437932032|gen_data_577e0fc0a1d73ff8|__AUTOMETRIC__
__AUTOMETRIC__|0.1.2|10972|crew_log_d30a611f8c0ca091|0|1786390655.809|97.622|3.051|406093824|437952512|gen_data_577e0fc0a1d73ff8|__AUTOMETRIC__
__AUTOMETRIC__|0.1.2|10972|crew_log_d30a611f8c0ca091|0|1786390656.814|101.114|3.160|406118400|437977088|gen_data_577e0fc0a1d73ff8|__AUTOMETRIC__
__AUTOMETRIC__|0.1.2|10972|crew_log_d30a611f8c0ca091|0|1786390657.817|98.075|3.065|405983232|437841920|gen_data_577e0fc0a1d73ff8|__AUTOMETRIC__
__AUTOMETRIC__|0.1.2|10972|crew_log_d30a611f8c0ca091|0|1786390658.822|99.534|3.110|406020096|437878784|gen_data_577e0fc0a1d73ff8|__AUTOMETRIC__
__AUTOMETRIC__|0.1.2|10972|crew_log_d30a611f8c0ca091|0|1786390659.837|100.017|3.126|406257664|438132736|gen_data_577e0fc0a1d73ff8|__AUTOMETRIC__
__AUTOMETRIC__|0.1.2|10972|crew_log_d30a611f8c0ca091|0|1786390660.843|101.034|3.157|406249472|438153216|gen_data_577e0fc0a1d73ff8|__AUTOMETRIC__
__AUTOMETRIC__|0.1.2|10972|crew_log_d30a611f8c0ca091|0|1786390661.850|99.315|3.104|406302720|438161408|gen_data_577e0fc0a1d73ff8|__AUTOMETRIC__
__AUTOMETRIC__|0.1.2|10972|crew_log_d30a611f8c0ca091|0|1786390662.855|99.494|3.109|406118400|437972992|gen_data_577e0fc0a1d73ff8|__AUTOMETRIC__
__AUTOMETRIC__|0.1.2|10972|crew_log_d30a611f8c0ca091|0|1786390663.857|101.378|3.168|406056960|437911552|gen_data_577e0fc0a1d73ff8|__AUTOMETRIC__
__AUTOMETRIC__|0.1.2|10972|crew_log_d30a611f8c0ca091|0|1786390664.870|98.666|3.083|406118400|437997568|gen_data_577e0fc0a1d73ff8|__AUTOMETRIC__
__AUTOMETRIC__|0.1.2|10972|crew_log_d30a611f8c0ca091|0|1786390665.874|101.179|3.162|405999616|437858304|gen_data_577e0fc0a1d73ff8|__AUTOMETRIC__
__AUTOMETRIC__|0.1.2|10972|crew_log_d30a611f8c0ca091|0|1786390666.888|98.612|3.082|405929984|437796864|gen_data_577e0fc0a1d73ff8|__AUTOMETRIC__
__AUTOMETRIC__|0.1.2|10972|crew_log_d30a611f8c0ca091|0|1786390667.897|100.657|3.146|406020096|437878784|gen_data_577e0fc0a1d73ff8|__AUTOMETRIC__
__AUTOMETRIC__|0.1.2|10972|crew_log_d30a611f8c0ca091|0|1786390668.907|99.022|3.094|406024192|437882880|gen_data_577e0fc0a1d73ff8|__AUTOMETRIC__
__AUTOMETRIC__|0.1.2|10972|crew_log_d30a611f8c0ca091|0|1786390669.911|99.584|3.112|406073344|437932032|gen_data_577e0fc0a1d73ff8|__AUTOMETRIC__
__AUTOMETRIC__|0.1.2|10972|crew_log_d30a611f8c0ca091|0|1786390670.920|99.089|3.097|406241280|438099968|gen_data_577e0fc0a1d73ff8|__AUTOMETRIC__
__AUTOMETRIC__|0.1.2|10972|crew_log_d30a611f8c0ca091|0|1786390671.932|97.301|3.041|406302720|438161408|gen_data_577e0fc0a1d73ff8|__AUTOMETRIC__
__AUTOMETRIC__|0.1.2|10972|crew_log_d30a611f8c0ca091|0|1786390672.944|98.770|3.087|406196224|438054912|gen_data_577e0fc0a1d73ff8|__AUTOMETRIC__
__AUTOMETRIC__|0.1.2|10972|crew_log_d30a611f8c0ca091|0|1786390673.954|99.061|3.096|406409216|438267904|gen_data_577e0fc0a1d73ff8|__AUTOMETRIC__
__AUTOMETRIC__|0.1.2|10972|crew_log_d30a611f8c0ca091|0|1786390674.959|99.521|3.110|406331392|438190080|gen_data_577e0fc0a1d73ff8|__AUTOMETRIC__
__AUTOMETRIC__|0.1.2|10972|crew_log_d30a611f8c0ca091|0|1786390675.964|99.416|3.107|406638592|438497280|gen_data_577e0fc0a1d73ff8|__AUTOMETRIC__
__AUTOMETRIC__|0.1.2|10972|crew_log_d30a611f8c0ca091|0|1786390676.981|99.891|3.122|406622208|438480896|gen_data_577e0fc0a1d73ff8|__AUTOMETRIC__
__AUTOMETRIC__|0.1.2|10972|crew_log_d30a611f8c0ca091|0|1786390677.996|100.125|3.129|406536192|438394880|gen_data_577e0fc0a1d73ff8|__AUTOMETRIC__
__AUTOMETRIC__|0.1.2|10972|crew_log_d30a611f8c0ca091|0|1786390679.010|100.129|3.129|406560768|438419456|gen_data_577e0fc0a1d73ff8|__AUTOMETRIC__
__AUTOMETRIC__|0.1.2|10972|crew_log_d30a611f8c0ca091|0|1786390680.025|98.555|3.080|406568960|438427648|gen_data_577e0fc0a1d73ff8|__AUTOMETRIC__
__AUTOMETRIC__|0.1.2|10972|crew_log_d30a611f8c0ca091|0|1786390681.035|100.515|3.141|406786048|438644736|gen_data_577e0fc0a1d73ff8|__AUTOMETRIC__
__AUTOMETRIC__|0.1.2|10972|crew_log_d30a611f8c0ca091|0|1786390682.038|99.735|3.117|406593536|438452224|gen_data_577e0fc0a1d73ff8|__AUTOMETRIC__
__AUTOMETRIC__|0.1.2|10972|crew_log_d30a611f8c0ca091|0|1786390683.044|99.364|3.105|406806528|438665216|gen_data_577e0fc0a1d73ff8|__AUTOMETRIC__
__AUTOMETRIC__|0.1.2|10972|crew_log_d30a611f8c0ca091|0|1786390684.047|99.655|3.114|406614016|438472704|gen_data_577e0fc0a1d73ff8|__AUTOMETRIC__
__AUTOMETRIC__|0.1.2|10972|crew_log_d30a611f8c0ca091|0|1786390685.051|98.117|3.066|406642688|438501376|gen_data_577e0fc0a1d73ff8|__AUTOMETRIC__
__AUTOMETRIC__|0.1.2|10972|crew_log_d30a611f8c0ca091|0|1786390686.066|100.083|3.128|406511616|438370304|gen_data_577e0fc0a1d73ff8|__AUTOMETRIC__
__AUTOMETRIC__|0.1.2|10972|crew_log_d30a611f8c0ca091|0|1786390687.067|96.695|3.022|406523904|438382592|gen_data_577e0fc0a1d73ff8|__AUTOMETRIC__
__AUTOMETRIC__|0.1.2|10972|crew_log_d30a611f8c0ca091|0|1786390688.071|98.057|3.064|406695936|438554624|gen_data_577e0fc0a1d73ff8|__AUTOMETRIC__
__AUTOMETRIC__|0.1.2|10972|crew_log_d30a611f8c0ca091|0|1786390689.075|101.193|3.162|406806528|438665216|gen_data_577e0fc0a1d73ff8|__AUTOMETRIC__
__AUTOMETRIC__|0.1.2|10972|crew_log_d30a611f8c0ca091|0|1786390690.079|96.520|3.016|406659072|438517760|gen_data_577e0fc0a1d73ff8|__AUTOMETRIC__
__AUTOMETRIC__|0.1.2|10972|crew_log_d30a611f8c0ca091|0|1786390691.093|98.622|3.082|406732800|438591488|gen_data_577e0fc0a1d73ff8|__AUTOMETRIC__
__AUTOMETRIC__|0.1.2|10972|crew_log_d30a611f8c0ca091|0|1786390692.097|98.020|3.063|406749184|438607872|gen_data_577e0fc0a1d73ff8|__AUTOMETRIC__
__AUTOMETRIC__|0.1.2|10972|crew_log_d30a611f8c0ca091|0|1786390693.099|99.789|3.118|406781952|438640640|gen_data_577e0fc0a1d73ff8|__AUTOMETRIC__
__AUTOMETRIC__|0.1.2|10972|crew_log_d30a611f8c0ca091|0|1786390694.102|99.735|3.117|406601728|438460416|gen_data_577e0fc0a1d73ff8|__AUTOMETRIC__
__AUTOMETRIC__|0.1.2|10972|crew_log_d30a611f8c0ca091|0|1786390695.116|100.146|3.130|406564864|438464512|gen_data_577e0fc0a1d73ff8|__AUTOMETRIC__
__AUTOMETRIC__|0.1.2|10972|crew_log_d30a611f8c0ca091|0|1786390696.130|100.178|3.131|406642688|438550528|gen_data_577e0fc0a1d73ff8|__AUTOMETRIC__
__AUTOMETRIC__|0.1.2|10972|crew_log_d30a611f8c0ca091|0|1786390697.142|100.322|3.135|406577152|438435840|gen_data_577e0fc0a1d73ff8|__AUTOMETRIC__
__AUTOMETRIC__|0.1.2|10972|crew_log_d30a611f8c0ca091|0|1786390698.153|95.843|2.995|406585344|438439936|gen_data_577e0fc0a1d73ff8|__AUTOMETRIC__
__AUTOMETRIC__|0.1.2|10972|crew_log_d30a611f8c0ca091|0|1786390699.160|100.815|3.150|406695936|438534144|gen_data_577e0fc0a1d73ff8|__AUTOMETRIC__
__AUTOMETRIC__|0.1.2|10972|crew_log_d30a611f8c0ca091|0|1786390700.176|98.480|3.077|406667264|438505472|gen_data_577e0fc0a1d73ff8|__AUTOMETRIC__
__AUTOMETRIC__|0.1.2|10972|crew_log_d30a611f8c0ca091|0|1786390701.183|99.300|3.103|406650880|438493184|gen_data_577e0fc0a1d73ff8|__AUTOMETRIC__
__AUTOMETRIC__|0.1.2|10972|crew_log_d30a611f8c0ca091|0|1786390702.185|98.242|3.070|406609920|438480896|gen_data_577e0fc0a1d73ff8|__AUTOMETRIC__
__AUTOMETRIC__|0.1.2|10972|crew_log_d30a611f8c0ca091|0|1786390703.198|98.674|3.084|406630400|438472704|gen_data_577e0fc0a1d73ff8|__AUTOMETRIC__
__AUTOMETRIC__|0.1.2|10972|crew_log_d30a611f8c0ca091|0|1786390704.209|100.457|3.139|406659072|438501376|gen_data_577e0fc0a1d73ff8|__AUTOMETRIC__
__AUTOMETRIC__|0.1.2|10972|crew_log_d30a611f8c0ca091|0|1786390705.226|98.361|3.074|406704128|438550528|gen_data_577e0fc0a1d73ff8|__AUTOMETRIC__
__AUTOMETRIC__|0.1.2|10972|crew_log_d30a611f8c0ca091|0|1786390706.238|100.327|3.135|406876160|438812672|gen_data_577e0fc0a1d73ff8|__AUTOMETRIC__
__AUTOMETRIC__|0.1.2|10972|crew_log_d30a611f8c0ca091|0|1786390707.254|99.936|3.123|406622208|438468608|gen_data_577e0fc0a1d73ff8|__AUTOMETRIC__
__AUTOMETRIC__|0.1.2|10972|crew_log_d30a611f8c0ca091|0|1786390708.266|100.429|3.138|406863872|438706176|gen_data_577e0fc0a1d73ff8|__AUTOMETRIC__
__AUTOMETRIC__|0.1.2|10972|crew_log_d30a611f8c0ca091|0|1786390709.273|99.281|3.103|406835200|438677504|gen_data_577e0fc0a1d73ff8|__AUTOMETRIC__
__AUTOMETRIC__|0.1.2|10972|crew_log_d30a611f8c0ca091|0|1786390710.274|99.863|3.121|406716416|438558720|gen_data_577e0fc0a1d73ff8|__AUTOMETRIC__
__AUTOMETRIC__|0.1.2|10972|crew_log_d30a611f8c0ca091|0|1786390711.287|98.765|3.086|406667264|438509568|gen_data_577e0fc0a1d73ff8|__AUTOMETRIC__
__AUTOMETRIC__|0.1.2|10972|crew_log_d30a611f8c0ca091|0|1786390712.302|99.997|3.125|406605824|438448128|gen_data_577e0fc0a1d73ff8|__AUTOMETRIC__
__AUTOMETRIC__|0.1.2|10972|crew_log_d30a611f8c0ca091|0|1786390713.313|98.984|3.093|490971136|523030528|gen_data_577e0fc0a1d73ff8|__AUTOMETRIC__
__AUTOMETRIC__|0.1.2|10972|crew_log_d30a611f8c0ca091|0|1786390714.327|97.002|3.031|491458560|523513856|gen_data_577e0fc0a1d73ff8|__AUTOMETRIC__
__AUTOMETRIC__|0.1.2|10972|crew_log_d30a611f8c0ca091|0|1786390715.339|98.828|3.088|492044288|524103680|gen_data_577e0fc0a1d73ff8|__AUTOMETRIC__
__AUTOMETRIC__|0.1.2|10972|crew_log_d30a611f8c0ca091|0|1786390716.347|102.301|3.197|491913216|523972608|gen_data_577e0fc0a1d73ff8|__AUTOMETRIC__
__AUTOMETRIC__|0.1.2|10972|crew_log_d30a611f8c0ca091|0|1786390717.350|99.752|3.117|492183552|524242944|gen_data_577e0fc0a1d73ff8|__AUTOMETRIC__
__AUTOMETRIC__|0.1.2|10972|crew_log_d30a611f8c0ca091|0|1786390718.360|99.035|3.095|492220416|524283904|gen_data_577e0fc0a1d73ff8|__AUTOMETRIC__
__AUTOMETRIC__|0.1.2|10972|crew_log_d30a611f8c0ca091|0|1786390719.373|100.234|3.132|492093440|524156928|gen_data_577e0fc0a1d73ff8|__AUTOMETRIC__
__AUTOMETRIC__|0.1.2|10972|crew_log_d30a611f8c0ca091|0|1786390720.387|98.565|3.080|492273664|524337152|gen_data_577e0fc0a1d73ff8|__AUTOMETRIC__
__AUTOMETRIC__|0.1.2|10972|crew_log_d30a611f8c0ca091|0|1786390721.399|98.878|3.090|492179456|524242944|gen_data_577e0fc0a1d73ff8|__AUTOMETRIC__
__AUTOMETRIC__|0.1.2|10972|crew_log_d30a611f8c0ca091|0|1786390722.403|99.611|3.113|492359680|524423168|gen_data_577e0fc0a1d73ff8|__AUTOMETRIC__
__AUTOMETRIC__|0.1.2|10972|crew_log_d30a611f8c0ca091|0|1786390723.418|100.042|3.126|492068864|524132352|gen_data_577e0fc0a1d73ff8|__AUTOMETRIC__
__AUTOMETRIC__|0.1.2|10972|crew_log_d30a611f8c0ca091|0|1786390724.425|102.370|3.199|491663360|523726848|gen_data_577e0fc0a1d73ff8|__AUTOMETRIC__
__AUTOMETRIC__|0.1.2|10972|crew_log_d30a611f8c0ca091|0|1786390725.442|99.910|3.122|491806720|523870208|gen_data_577e0fc0a1d73ff8|__AUTOMETRIC__
__AUTOMETRIC__|0.1.2|10972|crew_log_d30a611f8c0ca091|0|1786390726.445|99.702|3.116|492015616|524079104|gen_data_577e0fc0a1d73ff8|__AUTOMETRIC__
__AUTOMETRIC__|0.1.2|10972|crew_log_d30a611f8c0ca091|0|1786390727.450|99.476|3.109|492486656|524550144|gen_data_577e0fc0a1d73ff8|__AUTOMETRIC__
__AUTOMETRIC__|0.1.2|10972|crew_log_d30a611f8c0ca091|0|1786390728.464|100.148|3.130|492179456|524242944|gen_data_577e0fc0a1d73ff8|__AUTOMETRIC__
__AUTOMETRIC__|0.1.2|10972|crew_log_d30a611f8c0ca091|0|1786390729.477|100.226|3.132|492351488|524414976|gen_data_577e0fc0a1d73ff8|__AUTOMETRIC__
__AUTOMETRIC__|0.1.2|10972|crew_log_d30a611f8c0ca091|0|1786390730.492|100.087|3.128|492265472|524328960|gen_data_577e0fc0a1d73ff8|__AUTOMETRIC__
__AUTOMETRIC__|0.1.2|10972|crew_log_d30a611f8c0ca091|0|1786390731.507|100.071|3.127|491921408|523984896|gen_data_577e0fc0a1d73ff8|__AUTOMETRIC__
__AUTOMETRIC__|0.1.2|10972|crew_log_d30a611f8c0ca091|0|1786390732.511|99.637|3.114|492437504|524500992|gen_data_577e0fc0a1d73ff8|__AUTOMETRIC__
__AUTOMETRIC__|0.1.2|10972|crew_log_d30a611f8c0ca091|0|1786390733.526|100.037|3.126|492482560|524546048|gen_data_577e0fc0a1d73ff8|__AUTOMETRIC__
__AUTOMETRIC__|0.1.2|10972|crew_log_d30a611f8c0ca091|0|1786390734.542|98.448|3.076|492318720|524390400|gen_data_577e0fc0a1d73ff8|__AUTOMETRIC__
__AUTOMETRIC__|0.1.2|10972|crew_log_d30a611f8c0ca091|0|1786390735.552|102.091|3.190|492539904|524603392|gen_data_577e0fc0a1d73ff8|__AUTOMETRIC__
__AUTOMETRIC__|0.1.2|10972|crew_log_d30a611f8c0ca091|0|1786390736.553|99.859|3.121|492683264|524746752|gen_data_577e0fc0a1d73ff8|__AUTOMETRIC__
__AUTOMETRIC__|0.1.2|10972|crew_log_d30a611f8c0ca091|0|1786390737.567|100.160|3.130|492507136|524570624|gen_data_577e0fc0a1d73ff8|__AUTOMETRIC__
__AUTOMETRIC__|0.1.2|10972|crew_log_d30a611f8c0ca091|0|1786390738.569|99.868|3.121|492449792|524570624|gen_data_577e0fc0a1d73ff8|__AUTOMETRIC__
__AUTOMETRIC__|0.1.2|10972|crew_log_d30a611f8c0ca091|0|1786390739.585|99.953|3.124|492527616|524591104|gen_data_577e0fc0a1d73ff8|__AUTOMETRIC__
__AUTOMETRIC__|0.1.2|10972|crew_log_d30a611f8c0ca091|0|1786390740.598|100.247|3.133|492453888|524517376|gen_data_577e0fc0a1d73ff8|__AUTOMETRIC__
__AUTOMETRIC__|0.1.2|10972|crew_log_d30a611f8c0ca091|0|1786390741.601|99.702|3.116|492621824|524685312|gen_data_577e0fc0a1d73ff8|__AUTOMETRIC__
__AUTOMETRIC__|0.1.2|10972|crew_log_d30a611f8c0ca091|0|1786390742.605|97.987|3.062|492552192|524615680|gen_data_577e0fc0a1d73ff8|__AUTOMETRIC__
__AUTOMETRIC__|0.1.2|10972|crew_log_d30a611f8c0ca091|0|1786390743.616|100.495|3.140|492564480|524627968|gen_data_577e0fc0a1d73ff8|__AUTOMETRIC__
__AUTOMETRIC__|0.1.2|10972|crew_log_d30a611f8c0ca091|0|1786390744.620|96.505|3.016|492756992|524820480|gen_data_577e0fc0a1d73ff8|__AUTOMETRIC__
__AUTOMETRIC__|0.1.2|10972|crew_log_d30a611f8c0ca091|0|1786390745.631|100.463|3.139|493060096|525123584|gen_data_577e0fc0a1d73ff8|__AUTOMETRIC__
__AUTOMETRIC__|0.1.2|10972|crew_log_d30a611f8c0ca091|0|1786390746.643|100.364|3.136|491847680|523915264|gen_data_577e0fc0a1d73ff8|__AUTOMETRIC__
__AUTOMETRIC__|0.1.2|10972|crew_log_d30a611f8c0ca091|0|1786390747.657|100.186|3.131|492019712|524128256|gen_data_577e0fc0a1d73ff8|__AUTOMETRIC__
__AUTOMETRIC__|0.1.2|10972|crew_log_d30a611f8c0ca091|0|1786390748.660|99.629|3.113|492339200|524460032|gen_data_577e0fc0a1d73ff8|__AUTOMETRIC__
__AUTOMETRIC__|0.1.2|10972|crew_log_d30a611f8c0ca091|0|1786390749.663|99.774|3.118|492089344|524206080|gen_data_577e0fc0a1d73ff8|__AUTOMETRIC__
__AUTOMETRIC__|0.1.2|10972|crew_log_d30a611f8c0ca091|0|1786390750.679|98.388|3.075|492236800|524353536|gen_data_577e0fc0a1d73ff8|__AUTOMETRIC__
__AUTOMETRIC__|0.1.2|10972|crew_log_d30a611f8c0ca091|0|1786390751.691|100.379|3.137|492150784|524267520|gen_data_577e0fc0a1d73ff8|__AUTOMETRIC__
__AUTOMETRIC__|0.1.2|10972|crew_log_d30a611f8c0ca091|0|1786390752.694|99.680|3.115|492285952|524386304|gen_data_577e0fc0a1d73ff8|__AUTOMETRIC__
__AUTOMETRIC__|0.1.2|10972|crew_log_d30a611f8c0ca091|0|1786390753.709|100.088|3.128|492523520|524595200|gen_data_577e0fc0a1d73ff8|__AUTOMETRIC__
__AUTOMETRIC__|0.1.2|10972|crew_log_d30a611f8c0ca091|0|1786390754.716|100.805|3.150|492912640|525053952|gen_data_577e0fc0a1d73ff8|__AUTOMETRIC__
__AUTOMETRIC__|0.1.2|10972|crew_log_d30a611f8c0ca091|0|1786390755.729|98.736|3.085|492548096|524677120|gen_data_577e0fc0a1d73ff8|__AUTOMETRIC__
__AUTOMETRIC__|0.1.2|10972|crew_log_d30a611f8c0ca091|0|1786390756.733|99.602|3.113|492834816|524967936|gen_data_577e0fc0a1d73ff8|__AUTOMETRIC__
__AUTOMETRIC__|0.1.2|10972|crew_log_d30a611f8c0ca091|0|1786390757.742|95.996|3.000|492453888|524587008|gen_data_577e0fc0a1d73ff8|__AUTOMETRIC__
__AUTOMETRIC__|0.1.2|10972|crew_log_d30a611f8c0ca091|0|1786390758.750|99.188|3.100|492412928|524546048|gen_data_577e0fc0a1d73ff8|__AUTOMETRIC__
__AUTOMETRIC__|0.1.2|10972|crew_log_d30a611f8c0ca091|0|1786390759.765|100.071|3.127|492896256|525029376|gen_data_577e0fc0a1d73ff8|__AUTOMETRIC__
__AUTOMETRIC__|0.1.2|10972|crew_log_d30a611f8c0ca091|0|1786390760.770|99.489|3.109|492900352|525033472|gen_data_577e0fc0a1d73ff8|__AUTOMETRIC__
__AUTOMETRIC__|0.1.2|10972|crew_log_d30a611f8c0ca091|0|1786390761.774|99.595|3.112|492830720|524947456|gen_data_577e0fc0a1d73ff8|__AUTOMETRIC__
__AUTOMETRIC__|0.1.2|10972|crew_log_d30a611f8c0ca091|0|1786390762.776|99.790|3.118|492675072|524763136|gen_data_577e0fc0a1d73ff8|__AUTOMETRIC__
__AUTOMETRIC__|0.1.2|10972|crew_log_d30a611f8c0ca091|0|1786390763.789|101.878|3.184|492736512|524824576|gen_data_577e0fc0a1d73ff8|__AUTOMETRIC__
__AUTOMETRIC__|0.1.2|10972|crew_log_d30a611f8c0ca091|0|1786390764.791|99.819|3.119|492822528|524894208|gen_data_577e0fc0a1d73ff8|__AUTOMETRIC__
__AUTOMETRIC__|0.1.2|10972|crew_log_d30a611f8c0ca091|0|1786390765.793|102.889|3.215|492920832|525041664|gen_data_577e0fc0a1d73ff8|__AUTOMETRIC__
__AUTOMETRIC__|0.1.2|10972|crew_log_d30a611f8c0ca091|0|1786390766.794|99.857|3.121|493096960|525217792|gen_data_577e0fc0a1d73ff8|__AUTOMETRIC__
__AUTOMETRIC__|0.1.2|10972|crew_log_d30a611f8c0ca091|0|1786390767.811|96.860|3.027|492847104|524963840|gen_data_577e0fc0a1d73ff8|__AUTOMETRIC__
__AUTOMETRIC__|0.1.2|10972|crew_log_d30a611f8c0ca091|0|1786390768.815|96.478|3.015|492511232|524599296|gen_data_577e0fc0a1d73ff8|__AUTOMETRIC__
__AUTOMETRIC__|0.1.2|10972|crew_log_d30a611f8c0ca091|0|1786390769.818|99.667|3.115|492322816|524652544|gen_data_577e0fc0a1d73ff8|__AUTOMETRIC__
__AUTOMETRIC__|0.1.2|10972|crew_log_d30a611f8c0ca091|0|1786390770.833|98.544|3.079|492679168|524763136|gen_data_577e0fc0a1d73ff8|__AUTOMETRIC__
__AUTOMETRIC__|0.1.2|10972|crew_log_d30a611f8c0ca091|0|1786390771.843|99.025|3.095|492441600|524525568|gen_data_577e0fc0a1d73ff8|__AUTOMETRIC__
__AUTOMETRIC__|0.1.2|10972|crew_log_d30a611f8c0ca091|0|1786390772.848|99.444|3.108|492523520|524607488|gen_data_577e0fc0a1d73ff8|__AUTOMETRIC__
__AUTOMETRIC__|0.1.2|10972|crew_log_d30a611f8c0ca091|0|1786390773.863|100.102|3.128|492711936|524795904|gen_data_577e0fc0a1d73ff8|__AUTOMETRIC__
__AUTOMETRIC__|0.1.2|10972|crew_log_d30a611f8c0ca091|0|1786390774.864|99.857|3.121|492863488|525070336|gen_data_577e0fc0a1d73ff8|__AUTOMETRIC__
__AUTOMETRIC__|0.1.2|10972|crew_log_d30a611f8c0ca091|0|1786390775.872|100.816|3.151|492507136|524824576|gen_data_577e0fc0a1d73ff8|__AUTOMETRIC__
__AUTOMETRIC__|0.1.2|10972|crew_log_d30a611f8c0ca091|0|1786390776.874|98.214|3.069|493031424|525156352|gen_data_577e0fc0a1d73ff8|__AUTOMETRIC__
__AUTOMETRIC__|0.1.2|10972|crew_log_d30a611f8c0ca091|0|1786390777.876|99.835|3.120|492765184|524931072|gen_data_577e0fc0a1d73ff8|__AUTOMETRIC__
__AUTOMETRIC__|0.1.2|10972|crew_log_d30a611f8c0ca091|0|1786390778.891|100.065|3.127|492945408|525045760|gen_data_577e0fc0a1d73ff8|__AUTOMETRIC__
__AUTOMETRIC__|0.1.2|10972|crew_log_d30a611f8c0ca091|0|1786390779.904|98.655|3.083|492802048|524898304|gen_data_577e0fc0a1d73ff8|__AUTOMETRIC__
__AUTOMETRIC__|0.1.2|10972|crew_log_d30a611f8c0ca091|0|1786390780.917|98.688|3.084|492609536|524922880|gen_data_577e0fc0a1d73ff8|__AUTOMETRIC__
__AUTOMETRIC__|0.1.2|10972|crew_log_d30a611f8c0ca091|0|1786390781.923|101.005|3.156|493101056|525197312|gen_data_577e0fc0a1d73ff8|__AUTOMETRIC__
__AUTOMETRIC__|0.1.2|10972|crew_log_d30a611f8c0ca091|0|1786390782.924|99.859|3.121|492756992|524853248|gen_data_577e0fc0a1d73ff8|__AUTOMETRIC__
__AUTOMETRIC__|0.1.2|10972|crew_log_d30a611f8c0ca091|0|1786390783.936|100.398|3.137|492863488|524959744|gen_data_577e0fc0a1d73ff8|__AUTOMETRIC__
__AUTOMETRIC__|0.1.2|10972|crew_log_d30a611f8c0ca091|0|1786390784.937|95.213|2.975|492974080|525070336|gen_data_577e0fc0a1d73ff8|__AUTOMETRIC__
__AUTOMETRIC__|0.1.2|10972|crew_log_d30a611f8c0ca091|0|1786390785.949|98.791|3.087|492609536|524914688|gen_data_577e0fc0a1d73ff8|__AUTOMETRIC__
__AUTOMETRIC__|0.1.2|10972|crew_log_d30a611f8c0ca091|0|1786390786.965|98.407|3.075|492810240|524902400|gen_data_577e0fc0a1d73ff8|__AUTOMETRIC__
__AUTOMETRIC__|0.1.2|10972|crew_log_d30a611f8c0ca091|0|1786390787.974|99.137|3.098|492503040|524595200|gen_data_577e0fc0a1d73ff8|__AUTOMETRIC__
__AUTOMETRIC__|0.1.2|10972|crew_log_d30a611f8c0ca091|0|1786390788.978|99.586|3.112|492560384|524652544|gen_data_577e0fc0a1d73ff8|__AUTOMETRIC__
__AUTOMETRIC__|0.1.2|10972|crew_log_d30a611f8c0ca091|0|1786390789.979|99.890|3.122|458776576|490872832|gen_data_577e0fc0a1d73ff8|__AUTOMETRIC__
__AUTOMETRIC__|0.1.2|10972|crew_log_d30a611f8c0ca091|0|1786390790.984|102.614|3.207|493088768|525209600|gen_data_577e0fc0a1d73ff8|__AUTOMETRIC__
__AUTOMETRIC__|0.1.2|10972|crew_log_d30a611f8c0ca091|0|1786390791.990|99.442|3.108|492953600|525037568|gen_data_577e0fc0a1d73ff8|__AUTOMETRIC__
__AUTOMETRIC__|0.1.2|10972|crew_log_d30a611f8c0ca091|0|1786390792.993|99.752|3.117|492916736|525000704|gen_data_577e0fc0a1d73ff8|__AUTOMETRIC__
__AUTOMETRIC__|0.1.2|10972|crew_log_d30a611f8c0ca091|0|1786390794.000|99.236|3.101|493137920|525221888|gen_data_577e0fc0a1d73ff8|__AUTOMETRIC__
__AUTOMETRIC__|0.1.2|10972|crew_log_d30a611f8c0ca091|0|1786390795.003|99.708|3.116|493080576|525164544|gen_data_577e0fc0a1d73ff8|__AUTOMETRIC__
__AUTOMETRIC__|0.1.2|10972|crew_log_d30a611f8c0ca091|0|1786390796.019|100.019|3.126|493264896|525340672|gen_data_577e0fc0a1d73ff8|__AUTOMETRIC__
__AUTOMETRIC__|0.1.2|10972|crew_log_d30a611f8c0ca091|0|1786390797.031|100.332|3.135|493113344|525189120|gen_data_577e0fc0a1d73ff8|__AUTOMETRIC__
__AUTOMETRIC__|0.1.2|10972|crew_log_d30a611f8c0ca091|0|1786390798.046|100.070|3.127|492994560|525062144|gen_data_577e0fc0a1d73ff8|__AUTOMETRIC__
__AUTOMETRIC__|0.1.2|10972|crew_log_d30a611f8c0ca091|0|1786390799.062|96.872|3.027|493314048|525381632|gen_data_577e0fc0a1d73ff8|__AUTOMETRIC__
__AUTOMETRIC__|0.1.2|10972|crew_log_d30a611f8c0ca091|0|1786390800.074|100.311|3.135|493211648|525279232|gen_data_577e0fc0a1d73ff8|__AUTOMETRIC__
__AUTOMETRIC__|0.1.2|10972|crew_log_d30a611f8c0ca091|0|1786390801.077|99.780|3.118|493170688|525238272|gen_data_577e0fc0a1d73ff8|__AUTOMETRIC__
__AUTOMETRIC__|0.1.2|10972|crew_log_d30a611f8c0ca091|0|1786390802.083|99.330|3.104|493174784|525242368|gen_data_577e0fc0a1d73ff8|__AUTOMETRIC__
__AUTOMETRIC__|0.1.2|10972|crew_log_d30a611f8c0ca091|0|1786390803.092|100.730|3.148|493666304|525766656|gen_data_577e0fc0a1d73ff8|__AUTOMETRIC__
__AUTOMETRIC__|0.1.2|10972|crew_log_d30a611f8c0ca091|0|1786390804.108|99.941|3.123|493527040|525627392|gen_data_577e0fc0a1d73ff8|__AUTOMETRIC__
__AUTOMETRIC__|0.1.2|10972|crew_log_d30a611f8c0ca091|0|1786390805.122|98.607|3.081|493297664|525398016|gen_data_577e0fc0a1d73ff8|__AUTOMETRIC__
__AUTOMETRIC__|0.1.2|10972|crew_log_d30a611f8c0ca091|0|1786390806.136|97.033|3.032|493424640|525524992|gen_data_577e0fc0a1d73ff8|__AUTOMETRIC__
__AUTOMETRIC__|0.1.2|10972|crew_log_d30a611f8c0ca091|0|1786390807.139|101.310|3.166|493469696|525570048|gen_data_577e0fc0a1d73ff8|__AUTOMETRIC__
__AUTOMETRIC__|0.1.2|10972|crew_log_d30a611f8c0ca091|0|1786390808.154|98.555|3.080|493260800|525357056|gen_data_577e0fc0a1d73ff8|__AUTOMETRIC__
__AUTOMETRIC__|0.1.2|10972|crew_log_d30a611f8c0ca091|0|1786390809.156|99.764|3.118|493625344|525692928|gen_data_577e0fc0a1d73ff8|__AUTOMETRIC__
__AUTOMETRIC__|0.1.2|10972|crew_log_d30a611f8c0ca091|0|1786390810.163|97.770|3.055|493314048|525381632|gen_data_577e0fc0a1d73ff8|__AUTOMETRIC__
__AUTOMETRIC__|0.1.2|10972|crew_log_d30a611f8c0ca091|0|1786390811.175|97.228|3.038|493670400|525737984|gen_data_577e0fc0a1d73ff8|__AUTOMETRIC__
__AUTOMETRIC__|0.1.2|10972|crew_log_d30a611f8c0ca091|0|1786390812.179|96.512|3.016|493559808|525627392|gen_data_577e0fc0a1d73ff8|__AUTOMETRIC__
__AUTOMETRIC__|0.1.2|10972|crew_log_d30a611f8c0ca091|0|1786390813.188|100.641|3.145|493158400|525254656|gen_data_577e0fc0a1d73ff8|__AUTOMETRIC__
__AUTOMETRIC__|0.1.2|10972|crew_log_d30a611f8c0ca091|0|1786390814.201|100.288|3.134|493449216|525541376|gen_data_577e0fc0a1d73ff8|__AUTOMETRIC__
__AUTOMETRIC__|0.1.2|10972|crew_log_d30a611f8c0ca091|0|1786390815.212|97.342|3.042|493780992|525885440|gen_data_577e0fc0a1d73ff8|__AUTOMETRIC__
__AUTOMETRIC__|0.1.2|10972|crew_log_d30a611f8c0ca091|0|1786390816.225|100.310|3.135|493289472|525365248|gen_data_577e0fc0a1d73ff8|__AUTOMETRIC__
__AUTOMETRIC__|0.1.2|10972|crew_log_d30a611f8c0ca091|0|1786390817.237|100.272|3.134|493555712|525631488|gen_data_577e0fc0a1d73ff8|__AUTOMETRIC__
__AUTOMETRIC__|0.1.2|10972|crew_log_d30a611f8c0ca091|0|1786390818.246|99.173|3.099|493416448|525492224|gen_data_577e0fc0a1d73ff8|__AUTOMETRIC__
__AUTOMETRIC__|0.1.2|10972|crew_log_d30a611f8c0ca091|0|1786390819.248|101.293|3.165|493309952|525377536|gen_data_577e0fc0a1d73ff8|__AUTOMETRIC__
__AUTOMETRIC__|0.1.2|10972|crew_log_d30a611f8c0ca091|0|1786390820.256|97.742|3.054|493441024|525508608|gen_data_577e0fc0a1d73ff8|__AUTOMETRIC__
__AUTOMETRIC__|0.1.2|10972|crew_log_d30a611f8c0ca091|0|1786390821.268|100.346|3.136|493395968|525463552|gen_data_577e0fc0a1d73ff8|__AUTOMETRIC__
__AUTOMETRIC__|0.1.2|10972|crew_log_d30a611f8c0ca091|0|1786390822.284|96.836|3.026|493457408|525524992|gen_data_577e0fc0a1d73ff8|__AUTOMETRIC__
__AUTOMETRIC__|0.1.2|10972|crew_log_d30a611f8c0ca091|0|1786390823.299|100.093|3.128|493473792|525541376|gen_data_577e0fc0a1d73ff8|__AUTOMETRIC__
__AUTOMETRIC__|0.1.2|10972|crew_log_d30a611f8c0ca091|0|1786390824.310|100.425|3.138|493715456|525783040|gen_data_577e0fc0a1d73ff8|__AUTOMETRIC__
__AUTOMETRIC__|0.1.2|10972|crew_log_d30a611f8c0ca091|0|1786390825.321|97.376|3.043|493461504|525529088|gen_data_577e0fc0a1d73ff8|__AUTOMETRIC__
__AUTOMETRIC__|0.1.2|10972|crew_log_d30a611f8c0ca091|0|1786390826.335|100.180|3.131|493486080|525615104|gen_data_577e0fc0a1d73ff8|__AUTOMETRIC__
__AUTOMETRIC__|0.1.2|10972|crew_log_d30a611f8c0ca091|0|1786390827.339|98.059|3.064|493551616|525627392|gen_data_577e0fc0a1d73ff8|__AUTOMETRIC__
__AUTOMETRIC__|0.1.2|10972|crew_log_d30a611f8c0ca091|0|1786390828.349|103.607|3.238|493768704|525840384|gen_data_577e0fc0a1d73ff8|__AUTOMETRIC__
__AUTOMETRIC__|0.1.2|10972|crew_log_d30a611f8c0ca091|0|1786390829.354|99.516|3.110|493608960|525750272|gen_data_577e0fc0a1d73ff8|__AUTOMETRIC__
__AUTOMETRIC__|0.1.2|10972|crew_log_d30a611f8c0ca091|0|1786390830.366|101.903|3.184|493445120|525586432|gen_data_577e0fc0a1d73ff8|__AUTOMETRIC__
__AUTOMETRIC__|0.1.2|10972|crew_log_d30a611f8c0ca091|0|1786390831.380|100.215|3.132|494268416|526397440|gen_data_577e0fc0a1d73ff8|__AUTOMETRIC__
__AUTOMETRIC__|0.1.2|10972|crew_log_d30a611f8c0ca091|0|1786390832.383|99.700|3.116|493592576|525692928|gen_data_577e0fc0a1d73ff8|__AUTOMETRIC__
__AUTOMETRIC__|0.1.2|10972|crew_log_d30a611f8c0ca091|0|1786390833.392|100.567|3.143|493871104|525971456|gen_data_577e0fc0a1d73ff8|__AUTOMETRIC__
__AUTOMETRIC__|0.1.2|10972|crew_log_d30a611f8c0ca091|0|1786390834.397|98.041|3.064|493875200|525975552|gen_data_577e0fc0a1d73ff8|__AUTOMETRIC__
__AUTOMETRIC__|0.1.2|10972|crew_log_d30a611f8c0ca091|0|1786390835.401|96.398|3.012|493903872|526057472|gen_data_577e0fc0a1d73ff8|__AUTOMETRIC__
__AUTOMETRIC__|0.1.2|10972|crew_log_d30a611f8c0ca091|0|1786390836.406|102.682|3.209|493846528|525910016|gen_data_577e0fc0a1d73ff8|__AUTOMETRIC__
__AUTOMETRIC__|0.1.2|10972|crew_log_d30a611f8c0ca091|0|1786390837.421|100.061|3.127|493830144|525893632|gen_data_577e0fc0a1d73ff8|__AUTOMETRIC__
__AUTOMETRIC__|0.1.2|10972|crew_log_d30a611f8c0ca091|0|1786390838.424|99.702|3.116|493563904|525627392|gen_data_577e0fc0a1d73ff8|__AUTOMETRIC__
__AUTOMETRIC__|0.1.2|10972|crew_log_d30a611f8c0ca091|0|1786390839.430|97.875|3.059|494120960|526184448|gen_data_577e0fc0a1d73ff8|__AUTOMETRIC__
__AUTOMETRIC__|0.1.2|10972|crew_log_d30a611f8c0ca091|0|1786390840.432|99.734|3.117|493957120|526020608|gen_data_577e0fc0a1d73ff8|__AUTOMETRIC__
__AUTOMETRIC__|0.1.2|10972|crew_log_d30a611f8c0ca091|0|1786390841.446|98.604|3.081|493879296|525942784|gen_data_577e0fc0a1d73ff8|__AUTOMETRIC__
__AUTOMETRIC__|0.1.2|10972|crew_log_d30a611f8c0ca091|0|1786390842.462|100.044|3.126|493867008|525930496|gen_data_577e0fc0a1d73ff8|__AUTOMETRIC__
__AUTOMETRIC__|0.1.2|10972|crew_log_d30a611f8c0ca091|0|1786390843.475|100.197|3.131|493875200|525938688|gen_data_577e0fc0a1d73ff8|__AUTOMETRIC__
__AUTOMETRIC__|0.1.2|10972|crew_log_d30a611f8c0ca091|0|1786390844.485|100.553|3.142|493928448|525996032|gen_data_577e0fc0a1d73ff8|__AUTOMETRIC__
__AUTOMETRIC__|0.1.2|10972|crew_log_d30a611f8c0ca091|0|1786390845.488|99.737|3.117|494145536|526213120|gen_data_577e0fc0a1d73ff8|__AUTOMETRIC__
__AUTOMETRIC__|0.1.2|10972|crew_log_d30a611f8c0ca091|0|1786390846.490|98.235|3.070|494141440|526209024|gen_data_577e0fc0a1d73ff8|__AUTOMETRIC__
__AUTOMETRIC__|0.1.2|10972|crew_log_d30a611f8c0ca091|0|1786390847.505|100.096|3.128|493756416|525824000|gen_data_577e0fc0a1d73ff8|__AUTOMETRIC__
__AUTOMETRIC__|0.1.2|10972|crew_log_d30a611f8c0ca091|0|1786390848.509|99.587|3.112|493551616|525619200|gen_data_577e0fc0a1d73ff8|__AUTOMETRIC__
__AUTOMETRIC__|0.1.2|10972|crew_log_d30a611f8c0ca091|0|1786390849.525|99.908|3.122|493699072|525811712|gen_data_577e0fc0a1d73ff8|__AUTOMETRIC__
__AUTOMETRIC__|0.1.2|10972|crew_log_d30a611f8c0ca091|0|1786390850.530|101.114|3.160|493572096|525639680|gen_data_577e0fc0a1d73ff8|__AUTOMETRIC__
__AUTOMETRIC__|0.1.2|10972|crew_log_d30a611f8c0ca091|0|1786390851.542|98.794|3.087|493764608|525832192|gen_data_577e0fc0a1d73ff8|__AUTOMETRIC__
__AUTOMETRIC__|0.1.2|10972|crew_log_d30a611f8c0ca091|0|1786390852.544|102.910|3.216|493662208|525729792|gen_data_577e0fc0a1d73ff8|__AUTOMETRIC__
__AUTOMETRIC__|0.1.2|10972|crew_log_d30a611f8c0ca091|0|1786390853.548|96.523|3.016|493748224|525815808|gen_data_577e0fc0a1d73ff8|__AUTOMETRIC__
__AUTOMETRIC__|0.1.2|10972|crew_log_d30a611f8c0ca091|0|1786390854.562|98.632|3.082|493768704|525836288|gen_data_577e0fc0a1d73ff8|__AUTOMETRIC__
__AUTOMETRIC__|0.1.2|10972|crew_log_d30a611f8c0ca091|0|1786390855.577|98.513|3.079|493715456|525783040|gen_data_577e0fc0a1d73ff8|__AUTOMETRIC__
__AUTOMETRIC__|0.1.2|10972|crew_log_d30a611f8c0ca091|0|1786390856.584|99.249|3.102|493723648|525791232|gen_data_577e0fc0a1d73ff8|__AUTOMETRIC__
__AUTOMETRIC__|0.1.2|10972|crew_log_d30a611f8c0ca091|0|1786390857.599|100.114|3.129|493469696|525537280|gen_data_577e0fc0a1d73ff8|__AUTOMETRIC__
__AUTOMETRIC__|0.1.2|10972|crew_log_d30a611f8c0ca091|0|1786390858.605|99.345|3.105|493649920|525737984|gen_data_577e0fc0a1d73ff8|__AUTOMETRIC__
__AUTOMETRIC__|0.1.2|10972|crew_log_d30a611f8c0ca091|0|1786390859.609|101.164|3.161|493760512|525848576|gen_data_577e0fc0a1d73ff8|__AUTOMETRIC__
__AUTOMETRIC__|0.1.2|10972|crew_log_d30a611f8c0ca091|0|1786390860.623|100.205|3.131|493568000|525656064|gen_data_577e0fc0a1d73ff8|__AUTOMETRIC__
__AUTOMETRIC__|0.1.2|10972|crew_log_d30a611f8c0ca091|0|1786390861.628|99.515|3.110|493797376|525885440|gen_data_577e0fc0a1d73ff8|__AUTOMETRIC__
__AUTOMETRIC__|0.1.2|10972|crew_log_d30a611f8c0ca091|0|1786390862.633|97.880|3.059|493707264|525778944|gen_data_577e0fc0a1d73ff8|__AUTOMETRIC__
__AUTOMETRIC__|0.1.2|10972|crew_log_d30a611f8c0ca091|0|1786390863.645|98.819|3.088|493617152|525684736|gen_data_577e0fc0a1d73ff8|__AUTOMETRIC__
__AUTOMETRIC__|0.1.2|10972|crew_log_d30a611f8c0ca091|0|1786390864.657|100.338|3.136|493654016|525721600|gen_data_577e0fc0a1d73ff8|__AUTOMETRIC__
__AUTOMETRIC__|0.1.2|10972|crew_log_d30a611f8c0ca091|0|1786390865.671|100.169|3.130|494075904|526143488|gen_data_577e0fc0a1d73ff8|__AUTOMETRIC__
__AUTOMETRIC__|0.1.2|10972|crew_log_d30a611f8c0ca091|0|1786390866.687|96.913|3.029|494034944|526123008|gen_data_577e0fc0a1d73ff8|__AUTOMETRIC__
__AUTOMETRIC__|0.1.2|10972|crew_log_d30a611f8c0ca091|0|1786390867.702|100.118|3.129|493834240|525926400|gen_data_577e0fc0a1d73ff8|__AUTOMETRIC__
__AUTOMETRIC__|0.1.2|10972|crew_log_d30a611f8c0ca091|0|1786390868.702|99.933|3.123|493867008|525955072|gen_data_577e0fc0a1d73ff8|__AUTOMETRIC__
__AUTOMETRIC__|0.1.2|10972|crew_log_d30a611f8c0ca091|0|1786390869.712|100.571|3.143|493842432|525930496|gen_data_577e0fc0a1d73ff8|__AUTOMETRIC__
__AUTOMETRIC__|0.1.2|10972|crew_log_d30a611f8c0ca091|0|1786390870.715|101.235|3.164|493879296|525946880|gen_data_577e0fc0a1d73ff8|__AUTOMETRIC__
__AUTOMETRIC__|0.1.2|10972|crew_log_d30a611f8c0ca091|0|1786390871.731|99.992|3.125|493961216|526028800|gen_data_577e0fc0a1d73ff8|__AUTOMETRIC__
__AUTOMETRIC__|0.1.2|10972|crew_log_d30a611f8c0ca091|0|1786390872.736|99.462|3.108|493711360|525783040|gen_data_577e0fc0a1d73ff8|__AUTOMETRIC__
__AUTOMETRIC__|0.1.2|10972|crew_log_d30a611f8c0ca091|0|1786390873.745|99.166|3.099|493985792|526053376|gen_data_577e0fc0a1d73ff8|__AUTOMETRIC__
__AUTOMETRIC__|0.1.2|10972|crew_log_d30a611f8c0ca091|0|1786390874.748|101.191|3.162|494125056|526192640|gen_data_577e0fc0a1d73ff8|__AUTOMETRIC__
__AUTOMETRIC__|0.1.2|10972|crew_log_d30a611f8c0ca091|0|1786390875.762|98.695|3.084|493907968|525975552|gen_data_577e0fc0a1d73ff8|__AUTOMETRIC__
__AUTOMETRIC__|0.1.2|10972|crew_log_d30a611f8c0ca091|0|1786390876.778|99.936|3.123|493973504|526041088|gen_data_577e0fc0a1d73ff8|__AUTOMETRIC__
__AUTOMETRIC__|0.1.2|10972|crew_log_d30a611f8c0ca091|0|1786390877.788|99.027|3.095|494006272|526073856|gen_data_577e0fc0a1d73ff8|__AUTOMETRIC__
__AUTOMETRIC__|0.1.2|10972|crew_log_d30a611f8c0ca091|0|1786390878.796|102.252|3.195|494305280|526372864|gen_data_577e0fc0a1d73ff8|__AUTOMETRIC__
__AUTOMETRIC__|0.1.2|10972|crew_log_d30a611f8c0ca091|0|1786390879.803|97.808|3.056|494227456|526327808|gen_data_577e0fc0a1d73ff8|__AUTOMETRIC__
__AUTOMETRIC__|0.1.2|10972|crew_log_d30a611f8c0ca091|0|1786390880.817|97.075|3.034|493867008|525967360|gen_data_577e0fc0a1d73ff8|__AUTOMETRIC__
__AUTOMETRIC__|0.1.2|10972|crew_log_d30a611f8c0ca091|0|1786390881.831|100.125|3.129|493707264|525807616|gen_data_577e0fc0a1d73ff8|__AUTOMETRIC__
__AUTOMETRIC__|0.1.2|10972|crew_log_d30a611f8c0ca091|0|1786390882.843|98.870|3.090|493895680|525996032|gen_data_577e0fc0a1d73ff8|__AUTOMETRIC__
__AUTOMETRIC__|0.1.2|10972|crew_log_d30a611f8c0ca091|0|1786390883.851|99.178|3.099|494178304|526278656|gen_data_577e0fc0a1d73ff8|__AUTOMETRIC__
__AUTOMETRIC__|0.1.2|10972|crew_log_d30a611f8c0ca091|0|1786390884.853|98.195|3.069|493948928|526049280|gen_data_577e0fc0a1d73ff8|__AUTOMETRIC__
__AUTOMETRIC__|0.1.2|10972|crew_log_d30a611f8c0ca091|0|1786390885.854|98.328|3.073|494010368|526094336|gen_data_577e0fc0a1d73ff8|__AUTOMETRIC__
__AUTOMETRIC__|0.1.2|10972|crew_log_d30a611f8c0ca091|0|1786390886.863|100.684|3.146|493961216|526045184|gen_data_577e0fc0a1d73ff8|__AUTOMETRIC__
__AUTOMETRIC__|0.1.2|10972|crew_log_d30a611f8c0ca091|0|1786390887.875|100.376|3.137|493936640|526032896|gen_data_577e0fc0a1d73ff8|__AUTOMETRIC__
__AUTOMETRIC__|0.1.2|10972|crew_log_d30a611f8c0ca091|0|1786390888.889|100.183|3.131|494071808|526159872|gen_data_577e0fc0a1d73ff8|__AUTOMETRIC__
__AUTOMETRIC__|0.1.2|10972|crew_log_d30a611f8c0ca091|0|1786390889.904|96.952|3.030|494010368|526090240|gen_data_577e0fc0a1d73ff8|__AUTOMETRIC__
__AUTOMETRIC__|0.1.2|10972|crew_log_d30a611f8c0ca091|0|1786390890.908|99.586|3.112|493989888|526073856|gen_data_577e0fc0a1d73ff8|__AUTOMETRIC__
__AUTOMETRIC__|0.1.2|10972|crew_log_d30a611f8c0ca091|0|1786390891.920|100.395|3.137|494280704|526364672|gen_data_577e0fc0a1d73ff8|__AUTOMETRIC__
__AUTOMETRIC__|0.1.2|10972|crew_log_d30a611f8c0ca091|0|1786390892.923|99.683|3.115|494145536|526229504|gen_data_577e0fc0a1d73ff8|__AUTOMETRIC__
__AUTOMETRIC__|0.1.2|10972|crew_log_d30a611f8c0ca091|0|1786390893.925|99.781|3.118|494264320|526336000|gen_data_577e0fc0a1d73ff8|__AUTOMETRIC__
__AUTOMETRIC__|0.1.2|10972|crew_log_d30a611f8c0ca091|0|1786390894.939|100.236|3.132|494022656|526094336|gen_data_577e0fc0a1d73ff8|__AUTOMETRIC__
__AUTOMETRIC__|0.1.2|10972|crew_log_d30a611f8c0ca091|0|1786390895.946|97.718|3.054|494456832|526528512|gen_data_577e0fc0a1d73ff8|__AUTOMETRIC__
__AUTOMETRIC__|0.1.2|10972|crew_log_d30a611f8c0ca091|0|1786390896.959|100.238|3.132|494477312|526581760|gen_data_577e0fc0a1d73ff8|__AUTOMETRIC__
__AUTOMETRIC__|0.1.2|10972|crew_log_d30a611f8c0ca091|0|1786390897.972|100.224|3.132|494243840|526344192|gen_data_577e0fc0a1d73ff8|__AUTOMETRIC__
__AUTOMETRIC__|0.1.2|10972|crew_log_d30a611f8c0ca091|0|1786390898.974|99.850|3.120|494448640|526553088|gen_data_577e0fc0a1d73ff8|__AUTOMETRIC__
__AUTOMETRIC__|0.1.2|10972|crew_log_d30a611f8c0ca091|0|1786390899.983|100.682|3.146|494469120|526569472|gen_data_577e0fc0a1d73ff8|__AUTOMETRIC__
__AUTOMETRIC__|0.1.2|10972|crew_log_d30a611f8c0ca091|0|1786390900.987|97.987|3.062|494583808|526725120|gen_data_577e0fc0a1d73ff8|__AUTOMETRIC__
__AUTOMETRIC__|0.1.2|10972|crew_log_d30a611f8c0ca091|0|1786390902.004|99.922|3.123|494608384|526708736|gen_data_577e0fc0a1d73ff8|__AUTOMETRIC__
__AUTOMETRIC__|0.1.2|10972|crew_log_d30a611f8c0ca091|0|1786390903.019|96.976|3.030|494211072|526311424|gen_data_577e0fc0a1d73ff8|__AUTOMETRIC__
__AUTOMETRIC__|0.1.2|10972|crew_log_d30a611f8c0ca091|0|1786390904.022|99.652|3.114|494252032|526360576|gen_data_577e0fc0a1d73ff8|__AUTOMETRIC__
__AUTOMETRIC__|0.1.2|10972|crew_log_d30a611f8c0ca091|0|1786390905.036|100.210|3.132|494391296|526487552|gen_data_577e0fc0a1d73ff8|__AUTOMETRIC__
__AUTOMETRIC__|0.1.2|10972|crew_log_d30a611f8c0ca091|0|1786390906.047|98.845|3.089|494104576|526200832|gen_data_577e0fc0a1d73ff8|__AUTOMETRIC__
__AUTOMETRIC__|0.1.2|10972|crew_log_d30a611f8c0ca091|0|1786390907.060|98.716|3.085|494264320|526360576|gen_data_577e0fc0a1d73ff8|__AUTOMETRIC__
__AUTOMETRIC__|0.1.2|10972|crew_log_d30a611f8c0ca091|0|1786390908.072|98.864|3.090|494452736|526565376|gen_data_577e0fc0a1d73ff8|__AUTOMETRIC__
__AUTOMETRIC__|0.1.2|10972|crew_log_d30a611f8c0ca091|0|1786390909.081|102.212|3.194|494231552|526352384|gen_data_577e0fc0a1d73ff8|__AUTOMETRIC__
__AUTOMETRIC__|0.1.2|10972|crew_log_d30a611f8c0ca091|0|1786390910.093|100.311|3.135|494419968|526553088|gen_data_577e0fc0a1d73ff8|__AUTOMETRIC__
__AUTOMETRIC__|0.1.2|10972|crew_log_d30a611f8c0ca091|0|1786390911.106|98.782|3.087|494391296|526520320|gen_data_577e0fc0a1d73ff8|__AUTOMETRIC__
__AUTOMETRIC__|0.1.2|10972|crew_log_d30a611f8c0ca091|0|1786390912.121|100.078|3.127|494522368|526647296|gen_data_577e0fc0a1d73ff8|__AUTOMETRIC__
__AUTOMETRIC__|0.1.2|10972|crew_log_d30a611f8c0ca091|0|1786390913.124|98.058|3.064|494276608|526393344|gen_data_577e0fc0a1d73ff8|__AUTOMETRIC__
__AUTOMETRIC__|0.1.2|10972|crew_log_d30a611f8c0ca091|0|1786390914.137|100.336|3.135|494247936|526458880|gen_data_577e0fc0a1d73ff8|__AUTOMETRIC__
__AUTOMETRIC__|0.1.2|10972|crew_log_d30a611f8c0ca091|0|1786390915.151|98.600|3.081|494555136|526667776|gen_data_577e0fc0a1d73ff8|__AUTOMETRIC__
__AUTOMETRIC__|0.1.2|10972|crew_log_d30a611f8c0ca091|0|1786390916.164|100.245|3.133|494632960|526745600|gen_data_577e0fc0a1d73ff8|__AUTOMETRIC__
__AUTOMETRIC__|0.1.2|10972|crew_log_d30a611f8c0ca091|0|1786390917.176|100.392|3.137|494555136|526667776|gen_data_577e0fc0a1d73ff8|__AUTOMETRIC__
__AUTOMETRIC__|0.1.2|10972|crew_log_d30a611f8c0ca091|0|1786390918.188|100.312|3.135|494735360|526852096|gen_data_577e0fc0a1d73ff8|__AUTOMETRIC__
__AUTOMETRIC__|0.1.2|10972|crew_log_d30a611f8c0ca091|0|1786390919.191|99.674|3.115|494682112|526798848|gen_data_577e0fc0a1d73ff8|__AUTOMETRIC__
__AUTOMETRIC__|0.1.2|10972|crew_log_d30a611f8c0ca091|0|1786390920.201|100.550|3.142|494796800|526913536|gen_data_577e0fc0a1d73ff8|__AUTOMETRIC__
__AUTOMETRIC__|0.1.2|10972|crew_log_d30a611f8c0ca091|0|1786390921.217|98.487|3.078|494469120|526585856|gen_data_577e0fc0a1d73ff8|__AUTOMETRIC__
__AUTOMETRIC__|0.1.2|10972|crew_log_d30a611f8c0ca091|0|1786390922.221|96.443|3.014|494657536|526774272|gen_data_577e0fc0a1d73ff8|__AUTOMETRIC__
__AUTOMETRIC__|0.1.2|10972|crew_log_d30a611f8c0ca091|0|1786390923.222|98.386|3.075|494522368|526639104|gen_data_577e0fc0a1d73ff8|__AUTOMETRIC__
__AUTOMETRIC__|0.1.2|10972|crew_log_d30a611f8c0ca091|0|1786390924.237|100.081|3.128|494448640|526565376|gen_data_577e0fc0a1d73ff8|__AUTOMETRIC__
__AUTOMETRIC__|0.1.2|10972|crew_log_d30a611f8c0ca091|0|1786390925.240|98.057|3.064|494497792|526614528|gen_data_577e0fc0a1d73ff8|__AUTOMETRIC__
__AUTOMETRIC__|0.1.2|10972|crew_log_d30a611f8c0ca091|0|1786390926.250|100.591|3.143|494682112|526782464|gen_data_577e0fc0a1d73ff8|__AUTOMETRIC__
__AUTOMETRIC__|0.1.2|10972|crew_log_d30a611f8c0ca091|0|1786390927.253|99.739|3.117|494559232|526659584|gen_data_577e0fc0a1d73ff8|__AUTOMETRIC__
__AUTOMETRIC__|0.1.2|10972|crew_log_d30a611f8c0ca091|0|1786390928.267|100.133|3.129|494379008|526479360|gen_data_577e0fc0a1d73ff8|__AUTOMETRIC__
__AUTOMETRIC__|0.1.2|10972|crew_log_d30a611f8c0ca091|0|1786390929.278|98.878|3.090|494424064|526524416|gen_data_577e0fc0a1d73ff8|__AUTOMETRIC__
__AUTOMETRIC__|0.1.2|10972|crew_log_d30a611f8c0ca091|0|1786390930.291|98.773|3.087|494370816|526471168|gen_data_577e0fc0a1d73ff8|__AUTOMETRIC__
__AUTOMETRIC__|0.1.2|10972|crew_log_d30a611f8c0ca091|0|1786390931.292|101.413|3.169|494411776|526512128|gen_data_577e0fc0a1d73ff8|__AUTOMETRIC__
__AUTOMETRIC__|0.1.2|10972|crew_log_d30a611f8c0ca091|0|1786390932.294|98.248|3.070|494497792|526598144|gen_data_577e0fc0a1d73ff8|__AUTOMETRIC__
__AUTOMETRIC__|0.1.2|10972|crew_log_d30a611f8c0ca091|0|1786390933.297|96.566|3.018|494768128|526884864|gen_data_577e0fc0a1d73ff8|__AUTOMETRIC__
__AUTOMETRIC__|0.1.2|10972|crew_log_d30a611f8c0ca091|0|1786390934.300|99.719|3.116|494739456|526848000|gen_data_577e0fc0a1d73ff8|__AUTOMETRIC__
__AUTOMETRIC__|0.1.2|10972|crew_log_d30a611f8c0ca091|0|1786390935.303|99.680|3.115|494510080|526610432|gen_data_577e0fc0a1d73ff8|__AUTOMETRIC__
__AUTOMETRIC__|0.1.2|10972|crew_log_d30a611f8c0ca091|0|1786390936.319|98.459|3.077|494743552|526848000|gen_data_577e0fc0a1d73ff8|__AUTOMETRIC__
__AUTOMETRIC__|0.1.2|10972|crew_log_d30a611f8c0ca091|0|1786390937.331|98.826|3.088|494571520|526671872|gen_data_577e0fc0a1d73ff8|__AUTOMETRIC__
__AUTOMETRIC__|0.1.2|10972|crew_log_d30a611f8c0ca091|0|1786390938.332|98.336|3.073|494526464|526626816|gen_data_577e0fc0a1d73ff8|__AUTOMETRIC__
__AUTOMETRIC__|0.1.2|10972|crew_log_d30a611f8c0ca091|0|1786390939.346|100.114|3.129|494387200|526487552|gen_data_577e0fc0a1d73ff8|__AUTOMETRIC__
__AUTOMETRIC__|0.1.2|10972|crew_log_d30a611f8c0ca091|0|1786390940.355|100.670|3.146|494682112|526790656|gen_data_577e0fc0a1d73ff8|__AUTOMETRIC__
__AUTOMETRIC__|0.1.2|10972|crew_log_d30a611f8c0ca091|0|1786390941.365|99.042|3.095|494338048|526446592|gen_data_577e0fc0a1d73ff8|__AUTOMETRIC__
__AUTOMETRIC__|0.1.2|10972|crew_log_d30a611f8c0ca091|0|1786390942.380|100.094|3.128|494616576|526721024|gen_data_577e0fc0a1d73ff8|__AUTOMETRIC__
__AUTOMETRIC__|0.1.2|10972|crew_log_d30a611f8c0ca091|0|1786390943.386|99.374|3.105|494747648|526848000|gen_data_577e0fc0a1d73ff8|__AUTOMETRIC__
__AUTOMETRIC__|0.1.2|10972|crew_log_d30a611f8c0ca091|0|1786390944.401|97.002|3.031|494702592|526802944|gen_data_577e0fc0a1d73ff8|__AUTOMETRIC__
__AUTOMETRIC__|0.1.2|10972|crew_log_d30a611f8c0ca091|0|1786390945.414|98.726|3.085|494886912|526991360|gen_data_577e0fc0a1d73ff8|__AUTOMETRIC__
__AUTOMETRIC__|0.1.2|10972|crew_log_d30a611f8c0ca091|0|1786390946.424|100.528|3.141|495198208|527298560|gen_data_577e0fc0a1d73ff8|__AUTOMETRIC__
__AUTOMETRIC__|0.1.2|10972|crew_log_d30a611f8c0ca091|0|1786390947.427|98.159|3.067|495054848|527159296|gen_data_577e0fc0a1d73ff8|__AUTOMETRIC__
__AUTOMETRIC__|0.1.2|10972|crew_log_d30a611f8c0ca091|0|1786390948.435|99.173|3.099|494555136|526659584|gen_data_577e0fc0a1d73ff8|__AUTOMETRIC__
__AUTOMETRIC__|0.1.2|10972|crew_log_d30a611f8c0ca091|0|1786390949.447|98.877|3.090|494706688|526827520|gen_data_577e0fc0a1d73ff8|__AUTOMETRIC__
__AUTOMETRIC__|0.1.2|10972|crew_log_d30a611f8c0ca091|0|1786390950.450|98.051|3.064|494899200|527011840|gen_data_577e0fc0a1d73ff8|__AUTOMETRIC__
__AUTOMETRIC__|0.1.2|10972|crew_log_d30a611f8c0ca091|0|1786390951.465|100.093|3.128|494841856|526962688|gen_data_577e0fc0a1d73ff8|__AUTOMETRIC__
__AUTOMETRIC__|0.1.2|10972|crew_log_d30a611f8c0ca091|0|1786390952.466|98.343|3.073|494678016|526794752|gen_data_577e0fc0a1d73ff8|__AUTOMETRIC__
__AUTOMETRIC__|0.1.2|10972|crew_log_d30a611f8c0ca091|0|1786390953.477|98.964|3.093|494817280|526921728|gen_data_577e0fc0a1d73ff8|__AUTOMETRIC__
__AUTOMETRIC__|0.1.2|10972|crew_log_d30a611f8c0ca091|0|1786390954.486|100.651|3.145|494784512|526995456|gen_data_577e0fc0a1d73ff8|__AUTOMETRIC__
__AUTOMETRIC__|0.1.2|10972|crew_log_d30a611f8c0ca091|0|1786390955.494|94.507|2.953|494989312|527114240|gen_data_577e0fc0a1d73ff8|__AUTOMETRIC__
__AUTOMETRIC__|0.1.2|10972|crew_log_d30a611f8c0ca091|0|1786390956.501|99.314|3.104|494796800|526905344|gen_data_577e0fc0a1d73ff8|__AUTOMETRIC__
__AUTOMETRIC__|0.1.2|10972|crew_log_d30a611f8c0ca091|0|1786390957.512|100.423|3.138|494718976|526827520|gen_data_577e0fc0a1d73ff8|__AUTOMETRIC__
__AUTOMETRIC__|0.1.2|10972|crew_log_d30a611f8c0ca091|0|1786390958.525|98.733|3.085|494903296|527011840|gen_data_577e0fc0a1d73ff8|__AUTOMETRIC__
__AUTOMETRIC__|0.1.2|10972|crew_log_d30a611f8c0ca091|0|1786390959.535|102.094|3.190|494968832|527077376|gen_data_577e0fc0a1d73ff8|__AUTOMETRIC__
__AUTOMETRIC__|0.1.2|10972|crew_log_d30a611f8c0ca091|0|1786390960.552|99.915|3.122|494768128|526876672|gen_data_577e0fc0a1d73ff8|__AUTOMETRIC__
__AUTOMETRIC__|0.1.2|10972|crew_log_d30a611f8c0ca091|0|1786390961.567|100.036|3.126|494612480|526770176|gen_data_577e0fc0a1d73ff8|__AUTOMETRIC__
__AUTOMETRIC__|0.1.2|10972|crew_log_d30a611f8c0ca091|0|1786390962.571|99.563|3.111|494911488|527052800|gen_data_577e0fc0a1d73ff8|__AUTOMETRIC__
__AUTOMETRIC__|0.1.2|10972|crew_log_d30a611f8c0ca091|0|1786390963.576|101.078|3.159|494850048|526991360|gen_data_577e0fc0a1d73ff8|__AUTOMETRIC__
__AUTOMETRIC__|0.1.2|10972|crew_log_d30a611f8c0ca091|0|1786390964.582|99.455|3.108|495112192|527245312|gen_data_577e0fc0a1d73ff8|__AUTOMETRIC__
__AUTOMETRIC__|0.1.2|10972|crew_log_d30a611f8c0ca091|0|1786390965.593|101.944|3.186|494858240|526983168|gen_data_577e0fc0a1d73ff8|__AUTOMETRIC__
__AUTOMETRIC__|0.1.2|10972|crew_log_d30a611f8c0ca091|0|1786390966.604|98.899|3.091|495415296|527519744|gen_data_577e0fc0a1d73ff8|__AUTOMETRIC__
__AUTOMETRIC__|0.1.2|10972|crew_log_d30a611f8c0ca091|0|1786390967.608|95.011|2.969|495083520|527192064|gen_data_577e0fc0a1d73ff8|__AUTOMETRIC__
__AUTOMETRIC__|0.1.2|10972|crew_log_d30a611f8c0ca091|0|1786390968.616|97.635|3.051|495263744|527335424|gen_data_577e0fc0a1d73ff8|__AUTOMETRIC__
__AUTOMETRIC__|0.1.2|10972|crew_log_d30a611f8c0ca091|0|1786390969.622|100.933|3.154|494624768|526696448|gen_data_577e0fc0a1d73ff8|__AUTOMETRIC__
__AUTOMETRIC__|0.1.2|10972|crew_log_d30a611f8c0ca091|0|1786390970.638|100.000|3.125|494891008|526962688|gen_data_577e0fc0a1d73ff8|__AUTOMETRIC__
__AUTOMETRIC__|0.1.2|10972|crew_log_d30a611f8c0ca091|0|1786390971.653|101.619|3.176|494931968|527003648|gen_data_577e0fc0a1d73ff8|__AUTOMETRIC__
__AUTOMETRIC__|0.1.2|10972|crew_log_d30a611f8c0ca091|0|1786390972.663|99.004|3.094|494788608|526856192|gen_data_577e0fc0a1d73ff8|__AUTOMETRIC__
__AUTOMETRIC__|0.1.2|10972|crew_log_d30a611f8c0ca091|0|1786390973.675|100.347|3.136|494788608|526856192|gen_data_577e0fc0a1d73ff8|__AUTOMETRIC__
__AUTOMETRIC__|0.1.2|10972|crew_log_d30a611f8c0ca091|0|1786390974.679|99.524|3.110|495185920|527257600|gen_data_577e0fc0a1d73ff8|__AUTOMETRIC__
__AUTOMETRIC__|0.1.2|10972|crew_log_d30a611f8c0ca091|0|1786390975.687|99.288|3.103|495034368|527122432|gen_data_577e0fc0a1d73ff8|__AUTOMETRIC__
__AUTOMETRIC__|0.1.2|10972|crew_log_d30a611f8c0ca091|0|1786390976.700|98.729|3.085|494620672|526700544|gen_data_577e0fc0a1d73ff8|__AUTOMETRIC__
__AUTOMETRIC__|0.1.2|10972|crew_log_d30a611f8c0ca091|0|1786390977.704|99.519|3.110|494841856|526921728|gen_data_577e0fc0a1d73ff8|__AUTOMETRIC__
__AUTOMETRIC__|0.1.2|10972|crew_log_d30a611f8c0ca091|0|1786390978.713|99.121|3.098|494792704|526872576|gen_data_577e0fc0a1d73ff8|__AUTOMETRIC__
__AUTOMETRIC__|0.1.2|10972|crew_log_d30a611f8c0ca091|0|1786390979.716|101.317|3.166|494981120|527052800|gen_data_577e0fc0a1d73ff8|__AUTOMETRIC__
__AUTOMETRIC__|0.1.2|10972|crew_log_d30a611f8c0ca091|0|1786390980.724|97.614|3.050|494768128|526839808|gen_data_577e0fc0a1d73ff8|__AUTOMETRIC__
__AUTOMETRIC__|0.1.2|10972|crew_log_d30a611f8c0ca091|0|1786390981.740|98.420|3.076|494960640|527032320|gen_data_577e0fc0a1d73ff8|__AUTOMETRIC__
__AUTOMETRIC__|0.1.2|10972|crew_log_d30a611f8c0ca091|0|1786390982.742|98.288|3.071|495132672|527228928|gen_data_577e0fc0a1d73ff8|__AUTOMETRIC__
__AUTOMETRIC__|0.1.2|10972|crew_log_d30a611f8c0ca091|0|1786390983.754|98.816|3.088|494915584|527036416|gen_data_577e0fc0a1d73ff8|__AUTOMETRIC__
__AUTOMETRIC__|0.1.2|10972|crew_log_d30a611f8c0ca091|0|1786390984.764|98.948|3.092|495079424|527163392|gen_data_577e0fc0a1d73ff8|__AUTOMETRIC__
__AUTOMETRIC__|0.1.2|10972|crew_log_d30a611f8c0ca091|0|1786390985.780|99.975|3.124|495067136|527151104|gen_data_577e0fc0a1d73ff8|__AUTOMETRIC__
__AUTOMETRIC__|0.1.2|10972|crew_log_d30a611f8c0ca091|0|1786390986.796|98.459|3.077|494907392|526991360|gen_data_577e0fc0a1d73ff8|__AUTOMETRIC__
__AUTOMETRIC__|0.1.2|10972|crew_log_d30a611f8c0ca091|0|1786390987.809|97.162|3.036|494874624|526958592|gen_data_577e0fc0a1d73ff8|__AUTOMETRIC__
__AUTOMETRIC__|0.1.2|10972|crew_log_d30a611f8c0ca091|0|1786390988.816|99.319|3.104|495374336|527458304|gen_data_577e0fc0a1d73ff8|__AUTOMETRIC__
__AUTOMETRIC__|0.1.2|10972|crew_log_d30a611f8c0ca091|0|1786390989.823|99.277|3.102|495042560|527126528|gen_data_577e0fc0a1d73ff8|__AUTOMETRIC__
__AUTOMETRIC__|0.1.2|10972|crew_log_d30a611f8c0ca091|0|1786390990.835|97.322|3.041|494997504|527085568|gen_data_577e0fc0a1d73ff8|__AUTOMETRIC__
__AUTOMETRIC__|0.1.2|10972|crew_log_d30a611f8c0ca091|0|1786390991.836|99.883|3.121|495161344|527249408|gen_data_577e0fc0a1d73ff8|__AUTOMETRIC__
__AUTOMETRIC__|0.1.2|10972|crew_log_d30a611f8c0ca091|0|1786390992.839|101.212|3.163|494825472|526901248|gen_data_577e0fc0a1d73ff8|__AUTOMETRIC__
__AUTOMETRIC__|0.1.2|10972|crew_log_d30a611f8c0ca091|0|1786390993.841|96.705|3.022|494878720|526954496|gen_data_577e0fc0a1d73ff8|__AUTOMETRIC__
__AUTOMETRIC__|0.1.2|10972|crew_log_d30a611f8c0ca091|0|1786390994.854|98.667|3.083|495083520|527159296|gen_data_577e0fc0a1d73ff8|__AUTOMETRIC__
__AUTOMETRIC__|0.1.2|10972|crew_log_d30a611f8c0ca091|0|1786390995.868|100.203|3.131|494882816|526958592|gen_data_577e0fc0a1d73ff8|__AUTOMETRIC__
__AUTOMETRIC__|0.1.2|10972|crew_log_d30a611f8c0ca091|0|1786390996.877|100.646|3.145|494878720|526950400|gen_data_577e0fc0a1d73ff8|__AUTOMETRIC__
__AUTOMETRIC__|0.1.2|10972|crew_log_d30a611f8c0ca091|0|1786390997.891|100.134|3.129|494964736|527036416|gen_data_577e0fc0a1d73ff8|__AUTOMETRIC__
__AUTOMETRIC__|0.1.2|10972|crew_log_d30a611f8c0ca091|0|1786390998.899|99.238|3.101|495083520|527155200|gen_data_577e0fc0a1d73ff8|__AUTOMETRIC__
__AUTOMETRIC__|0.1.2|10972|crew_log_d30a611f8c0ca091|0|1786390999.902|104.418|3.263|495087616|527171584|gen_data_577e0fc0a1d73ff8|__AUTOMETRIC__
__AUTOMETRIC__|0.1.2|10972|crew_log_d30a611f8c0ca091|0|1786391000.916|97.066|3.033|494968832|527052800|gen_data_577e0fc0a1d73ff8|__AUTOMETRIC__
__AUTOMETRIC__|0.1.2|10972|crew_log_d30a611f8c0ca091|0|1786391001.918|102.928|3.217|494972928|527056896|gen_data_577e0fc0a1d73ff8|__AUTOMETRIC__
__AUTOMETRIC__|0.1.2|10972|crew_log_d30a611f8c0ca091|0|1786391002.933|98.467|3.077|494997504|527089664|gen_data_577e0fc0a1d73ff8|__AUTOMETRIC__
__AUTOMETRIC__|0.1.2|10972|crew_log_d30a611f8c0ca091|0|1786391003.940|97.815|3.057|494862336|526946304|gen_data_577e0fc0a1d73ff8|__AUTOMETRIC__
__AUTOMETRIC__|0.1.2|10972|crew_log_d30a611f8c0ca091|0|1786391004.952|100.280|3.134|494956544|527040512|gen_data_577e0fc0a1d73ff8|__AUTOMETRIC__
__AUTOMETRIC__|0.1.2|10972|crew_log_d30a611f8c0ca091|0|1786391005.969|98.411|3.075|494915584|526991360|gen_data_577e0fc0a1d73ff8|__AUTOMETRIC__
__AUTOMETRIC__|0.1.2|10972|crew_log_d30a611f8c0ca091|0|1786391006.981|100.271|3.133|495022080|527097856|gen_data_577e0fc0a1d73ff8|__AUTOMETRIC__
__AUTOMETRIC__|0.1.2|10972|crew_log_d30a611f8c0ca091|0|1786391007.983|99.837|3.120|494931968|527007744|gen_data_577e0fc0a1d73ff8|__AUTOMETRIC__
__AUTOMETRIC__|0.1.2|10972|crew_log_d30a611f8c0ca091|0|1786391008.989|99.398|3.106|494940160|527011840|gen_data_577e0fc0a1d73ff8|__AUTOMETRIC__
__AUTOMETRIC__|0.1.2|10972|crew_log_d30a611f8c0ca091|0|1786391009.994|96.376|3.012|495079424|527151104|gen_data_577e0fc0a1d73ff8|__AUTOMETRIC__
__AUTOMETRIC__|0.1.2|10972|crew_log_d30a611f8c0ca091|0|1786391010.996|101.350|3.167|495198208|527278080|gen_data_577e0fc0a1d73ff8|__AUTOMETRIC__
__AUTOMETRIC__|0.1.2|10972|crew_log_d30a611f8c0ca091|0|1786391012.010|100.209|3.132|495390720|527470592|gen_data_577e0fc0a1d73ff8|__AUTOMETRIC__
__AUTOMETRIC__|0.1.2|10972|crew_log_d30a611f8c0ca091|0|1786391013.014|99.565|3.111|494964736|527056896|gen_data_577e0fc0a1d73ff8|__AUTOMETRIC__
__AUTOMETRIC__|0.1.2|10972|crew_log_d30a611f8c0ca091|0|1786391014.030|100.021|3.126|495108096|527179776|gen_data_577e0fc0a1d73ff8|__AUTOMETRIC__
__AUTOMETRIC__|0.1.2|10972|crew_log_d30a611f8c0ca091|0|1786391015.039|97.484|3.046|494845952|526995456|gen_data_577e0fc0a1d73ff8|__AUTOMETRIC__
__AUTOMETRIC__|0.1.2|10972|crew_log_d30a611f8c0ca091|0|1786391016.054|103.198|3.225|495177728|527249408|gen_data_577e0fc0a1d73ff8|__AUTOMETRIC__
__AUTOMETRIC__|0.1.2|10972|crew_log_d30a611f8c0ca091|0|1786391017.069|100.043|3.126|495173632|527249408|gen_data_577e0fc0a1d73ff8|__AUTOMETRIC__
__AUTOMETRIC__|0.1.2|10972|crew_log_d30a611f8c0ca091|0|1786391018.071|98.208|3.069|495235072|527314944|gen_data_577e0fc0a1d73ff8|__AUTOMETRIC__
__AUTOMETRIC__|0.1.2|10972|crew_log_d30a611f8c0ca091|0|1786391019.075|102.735|3.210|495050752|527126528|gen_data_577e0fc0a1d73ff8|__AUTOMETRIC__
__AUTOMETRIC__|0.1.2|10972|crew_log_d30a611f8c0ca091|0|1786391020.089|100.199|3.131|495087616|527167488|gen_data_577e0fc0a1d73ff8|__AUTOMETRIC__
__AUTOMETRIC__|0.1.2|10972|crew_log_d30a611f8c0ca091|0|1786391021.104|97.013|3.032|494977024|527069184|gen_data_577e0fc0a1d73ff8|__AUTOMETRIC__
__AUTOMETRIC__|0.1.2|10972|crew_log_d30a611f8c0ca091|0|1786391022.106|101.328|3.167|495067136|527134720|gen_data_577e0fc0a1d73ff8|__AUTOMETRIC__
__AUTOMETRIC__|0.1.2|10972|crew_log_d30a611f8c0ca091|0|1786391023.110|99.545|3.111|495243264|527319040|gen_data_577e0fc0a1d73ff8|__AUTOMETRIC__
__AUTOMETRIC__|0.1.2|10972|crew_log_d30a611f8c0ca091|0|1786391024.111|99.987|3.125|494989312|527056896|gen_data_577e0fc0a1d73ff8|__AUTOMETRIC__
__AUTOMETRIC__|0.1.2|10972|crew_log_d30a611f8c0ca091|0|1786391025.124|100.243|3.133|495321088|527392768|gen_data_577e0fc0a1d73ff8|__AUTOMETRIC__
__AUTOMETRIC__|0.1.2|10972|crew_log_d30a611f8c0ca091|0|1786391026.139|100.047|3.126|495153152|527224832|gen_data_577e0fc0a1d73ff8|__AUTOMETRIC__
__AUTOMETRIC__|0.1.2|10972|crew_log_d30a611f8c0ca091|0|1786391027.143|99.631|3.113|495108096|527224832|gen_data_577e0fc0a1d73ff8|__AUTOMETRIC__
__AUTOMETRIC__|0.1.2|10972|crew_log_d30a611f8c0ca091|0|1786391028.147|99.576|3.112|495386624|527458304|gen_data_577e0fc0a1d73ff8|__AUTOMETRIC__
__AUTOMETRIC__|0.1.2|10972|crew_log_d30a611f8c0ca091|0|1786391029.154|100.790|3.150|495235072|527306752|gen_data_577e0fc0a1d73ff8|__AUTOMETRIC__
__AUTOMETRIC__|0.1.2|10972|crew_log_d30a611f8c0ca091|0|1786391030.170|100.032|3.126|495476736|527548416|gen_data_577e0fc0a1d73ff8|__AUTOMETRIC__
__AUTOMETRIC__|0.1.2|10972|crew_log_d30a611f8c0ca091|0|1786391031.177|99.326|3.104|495374336|527446016|gen_data_577e0fc0a1d73ff8|__AUTOMETRIC__
__AUTOMETRIC__|0.1.2|10972|crew_log_d30a611f8c0ca091|0|1786391032.182|101.021|3.157|495366144|527437824|gen_data_577e0fc0a1d73ff8|__AUTOMETRIC__
__AUTOMETRIC__|0.1.2|10972|crew_log_d30a611f8c0ca091|0|1786391033.183|96.789|3.025|495259648|527331328|gen_data_577e0fc0a1d73ff8|__AUTOMETRIC__
__AUTOMETRIC__|0.1.2|10972|crew_log_d30a611f8c0ca091|0|1786391034.197|98.646|3.083|495243264|527335424|gen_data_577e0fc0a1d73ff8|__AUTOMETRIC__
__AUTOMETRIC__|0.1.2|10972|crew_log_d30a611f8c0ca091|0|1786391035.200|102.743|3.211|495362048|527454208|gen_data_577e0fc0a1d73ff8|__AUTOMETRIC__
__AUTOMETRIC__|0.1.2|10972|crew_log_d30a611f8c0ca091|0|1786391036.206|99.437|3.107|495386624|527478784|gen_data_577e0fc0a1d73ff8|__AUTOMETRIC__
__AUTOMETRIC__|0.1.2|10972|crew_log_d30a611f8c0ca091|0|1786391037.221|100.098|3.128|495222784|527298560|gen_data_577e0fc0a1d73ff8|__AUTOMETRIC__
__AUTOMETRIC__|0.1.2|10972|crew_log_d30a611f8c0ca091|0|1786391038.229|99.140|3.098|495509504|527585280|gen_data_577e0fc0a1d73ff8|__AUTOMETRIC__
__AUTOMETRIC__|0.1.2|10972|crew_log_d30a611f8c0ca091|0|1786391039.235|99.379|3.106|495591424|527671296|gen_data_577e0fc0a1d73ff8|__AUTOMETRIC__
__AUTOMETRIC__|0.1.2|10972|crew_log_d30a611f8c0ca091|0|1786391040.248|100.312|3.135|495411200|527560704|gen_data_577e0fc0a1d73ff8|__AUTOMETRIC__
__AUTOMETRIC__|0.1.2|10972|crew_log_d30a611f8c0ca091|0|1786391041.252|99.565|3.111|495316992|527421440|gen_data_577e0fc0a1d73ff8|__AUTOMETRIC__
__AUTOMETRIC__|0.1.2|10972|crew_log_d30a611f8c0ca091|0|1786391042.267|98.503|3.078|495374336|527454208|gen_data_577e0fc0a1d73ff8|__AUTOMETRIC__
__AUTOMETRIC__|0.1.2|10972|crew_log_d30a611f8c0ca091|0|1786391043.270|99.705|3.116|495497216|527572992|gen_data_577e0fc0a1d73ff8|__AUTOMETRIC__
__AUTOMETRIC__|0.1.2|10972|crew_log_d30a611f8c0ca091|0|1786391044.274|99.692|3.115|495513600|527609856|gen_data_577e0fc0a1d73ff8|__AUTOMETRIC__
__AUTOMETRIC__|0.1.2|10972|crew_log_d30a611f8c0ca091|0|1786391045.289|98.500|3.078|495452160|527527936|gen_data_577e0fc0a1d73ff8|__AUTOMETRIC__
__AUTOMETRIC__|0.1.2|10972|crew_log_d30a611f8c0ca091|0|1786391046.296|100.830|3.151|495386624|527568896|gen_data_577e0fc0a1d73ff8|__AUTOMETRIC__
__AUTOMETRIC__|0.1.2|10972|crew_log_d30a611f8c0ca091|0|1786391047.308|100.335|3.135|495611904|527728640|gen_data_577e0fc0a1d73ff8|__AUTOMETRIC__
__AUTOMETRIC__|0.1.2|10972|crew_log_d30a611f8c0ca091|0|1786391048.320|95.705|2.991|495423488|527540224|gen_data_577e0fc0a1d73ff8|__AUTOMETRIC__
__AUTOMETRIC__|0.1.2|10972|crew_log_d30a611f8c0ca091|0|1786391049.325|101.110|3.160|495419392|527536128|gen_data_577e0fc0a1d73ff8|__AUTOMETRIC__
__AUTOMETRIC__|0.1.2|10972|crew_log_d30a611f8c0ca091|0|1786391050.332|99.292|3.103|495550464|527667200|gen_data_577e0fc0a1d73ff8|__AUTOMETRIC__
__AUTOMETRIC__|0.1.2|10972|crew_log_d30a611f8c0ca091|0|1786391051.346|98.651|3.083|495284224|527400960|gen_data_577e0fc0a1d73ff8|__AUTOMETRIC__
__AUTOMETRIC__|0.1.2|10972|crew_log_d30a611f8c0ca091|0|1786391052.352|99.423|3.107|495546368|527663104|gen_data_577e0fc0a1d73ff8|__AUTOMETRIC__
__AUTOMETRIC__|0.1.2|10972|crew_log_d30a611f8c0ca091|0|1786391053.352|99.954|3.124|495316992|527433728|gen_data_577e0fc0a1d73ff8|__AUTOMETRIC__
__AUTOMETRIC__|0.1.2|10972|crew_log_d30a611f8c0ca091|0|1786391054.354|102.869|3.215|495431680|527503360|gen_data_577e0fc0a1d73ff8|__AUTOMETRIC__
__AUTOMETRIC__|0.1.2|10972|crew_log_d30a611f8c0ca091|0|1786391055.362|97.670|3.052|495497216|527568896|gen_data_577e0fc0a1d73ff8|__AUTOMETRIC__
__AUTOMETRIC__|0.1.2|10972|crew_log_d30a611f8c0ca091|0|1786391056.366|99.635|3.114|495316992|527388672|gen_data_577e0fc0a1d73ff8|__AUTOMETRIC__
__AUTOMETRIC__|0.1.2|10972|crew_log_d30a611f8c0ca091|0|1786391057.380|100.176|3.130|495472640|527544320|gen_data_577e0fc0a1d73ff8|__AUTOMETRIC__
__AUTOMETRIC__|0.1.2|10972|crew_log_d30a611f8c0ca091|0|1786391058.387|100.819|3.151|495521792|527593472|gen_data_577e0fc0a1d73ff8|__AUTOMETRIC__
__AUTOMETRIC__|0.1.2|10972|crew_log_d30a611f8c0ca091|0|1786391059.392|99.572|3.112|495427584|527499264|gen_data_577e0fc0a1d73ff8|__AUTOMETRIC__
__AUTOMETRIC__|0.1.2|10972|crew_log_d30a611f8c0ca091|0|1786391060.395|99.692|3.115|495575040|527683584|gen_data_577e0fc0a1d73ff8|__AUTOMETRIC__
__AUTOMETRIC__|0.1.2|10972|crew_log_d30a611f8c0ca091|0|1786391061.402|97.675|3.052|495529984|527638528|gen_data_577e0fc0a1d73ff8|__AUTOMETRIC__
__AUTOMETRIC__|0.1.2|10972|crew_log_d30a611f8c0ca091|0|1786391062.417|100.145|3.130|495476736|527577088|gen_data_577e0fc0a1d73ff8|__AUTOMETRIC__
__AUTOMETRIC__|0.1.2|10972|crew_log_d30a611f8c0ca091|0|1786391063.433|96.867|3.027|495480832|527560704|gen_data_577e0fc0a1d73ff8|__AUTOMETRIC__
__AUTOMETRIC__|0.1.2|10972|crew_log_d30a611f8c0ca091|0|1786391064.444|98.897|3.091|495706112|527785984|gen_data_577e0fc0a1d73ff8|__AUTOMETRIC__
__AUTOMETRIC__|0.1.2|10972|crew_log_d30a611f8c0ca091|0|1786391065.459|100.021|3.126|495517696|527597568|gen_data_577e0fc0a1d73ff8|__AUTOMETRIC__
__AUTOMETRIC__|0.1.2|10972|crew_log_d30a611f8c0ca091|0|1786391066.475|98.450|3.077|495738880|527818752|gen_data_577e0fc0a1d73ff8|__AUTOMETRIC__
__AUTOMETRIC__|0.1.2|10972|crew_log_d30a611f8c0ca091|0|1786391067.492|96.849|3.027|495796224|527876096|gen_data_577e0fc0a1d73ff8|__AUTOMETRIC__
__AUTOMETRIC__|0.1.2|10972|crew_log_d30a611f8c0ca091|0|1786391068.504|100.348|3.136|495771648|527851520|gen_data_577e0fc0a1d73ff8|__AUTOMETRIC__
__AUTOMETRIC__|0.1.2|10972|crew_log_d30a611f8c0ca091|0|1786391069.506|99.772|3.118|495104000|527368192|gen_data_577e0fc0a1d73ff8|__AUTOMETRIC__
__AUTOMETRIC__|0.1.2|10972|crew_log_d30a611f8c0ca091|0|1786391070.515|96.019|3.001|495677440|527753216|gen_data_577e0fc0a1d73ff8|__AUTOMETRIC__
__AUTOMETRIC__|0.1.2|10972|crew_log_d30a611f8c0ca091|0|1786391071.520|99.532|3.110|495595520|527671296|gen_data_577e0fc0a1d73ff8|__AUTOMETRIC__
__AUTOMETRIC__|0.1.2|10972|crew_log_d30a611f8c0ca091|0|1786391072.533|100.227|3.132|495849472|527921152|gen_data_577e0fc0a1d73ff8|__AUTOMETRIC__
__AUTOMETRIC__|0.1.2|10972|crew_log_d30a611f8c0ca091|0|1786391073.534|99.892|3.122|495591424|527663104|gen_data_577e0fc0a1d73ff8|__AUTOMETRIC__
__AUTOMETRIC__|0.1.2|10972|crew_log_d30a611f8c0ca091|0|1786391074.539|101.087|3.159|492273664|524345344|gen_data_577e0fc0a1d73ff8|__AUTOMETRIC__
__AUTOMETRIC__|0.1.2|10972|crew_log_d30a611f8c0ca091|0|1786391075.548|99.062|3.096|495661056|527736832|gen_data_577e0fc0a1d73ff8|__AUTOMETRIC__
__AUTOMETRIC__|0.1.2|10972|crew_log_d30a611f8c0ca091|0|1786391076.553|97.983|3.062|495878144|527953920|gen_data_577e0fc0a1d73ff8|__AUTOMETRIC__
__AUTOMETRIC__|0.1.2|10972|crew_log_d30a611f8c0ca091|0|1786391077.558|101.019|3.157|495579136|527654912|gen_data_577e0fc0a1d73ff8|__AUTOMETRIC__
__AUTOMETRIC__|0.1.2|10972|crew_log_d30a611f8c0ca091|0|1786391078.567|99.106|3.097|495419392|527495168|gen_data_577e0fc0a1d73ff8|__AUTOMETRIC__
__AUTOMETRIC__|0.1.2|10972|crew_log_d30a611f8c0ca091|0|1786391079.580|100.320|3.135|495579136|527654912|gen_data_577e0fc0a1d73ff8|__AUTOMETRIC__
__AUTOMETRIC__|0.1.2|10972|crew_log_d30a611f8c0ca091|0|1786391080.594|100.117|3.129|495583232|527671296|gen_data_577e0fc0a1d73ff8|__AUTOMETRIC__
__AUTOMETRIC__|0.1.2|10972|crew_log_d30a611f8c0ca091|0|1786391081.598|96.511|3.016|495546368|527634432|gen_data_577e0fc0a1d73ff8|__AUTOMETRIC__
__AUTOMETRIC__|0.1.2|10972|crew_log_d30a611f8c0ca091|0|1786391082.601|99.715|3.116|495656960|527732736|gen_data_577e0fc0a1d73ff8|__AUTOMETRIC__
__AUTOMETRIC__|0.1.2|10972|crew_log_d30a611f8c0ca091|0|1786391083.610|100.636|3.145|495947776|528019456|gen_data_577e0fc0a1d73ff8|__AUTOMETRIC__
__AUTOMETRIC__|0.1.2|10972|crew_log_d30a611f8c0ca091|0|1786391084.618|99.201|3.100|496017408|528089088|gen_data_577e0fc0a1d73ff8|__AUTOMETRIC__
__AUTOMETRIC__|0.1.2|10972|crew_log_d30a611f8c0ca091|0|1786391085.626|100.770|3.149|495718400|527790080|gen_data_577e0fc0a1d73ff8|__AUTOMETRIC__
__AUTOMETRIC__|0.1.2|10972|crew_log_d30a611f8c0ca091|0|1786391086.630|98.061|3.064|495788032|527859712|gen_data_577e0fc0a1d73ff8|__AUTOMETRIC__
__AUTOMETRIC__|0.1.2|10972|crew_log_d30a611f8c0ca091|0|1786391087.637|100.787|3.150|495992832|528064512|gen_data_577e0fc0a1d73ff8|__AUTOMETRIC__
__AUTOMETRIC__|0.1.2|10972|crew_log_d30a611f8c0ca091|0|1786391088.640|98.167|3.068|495681536|527753216|gen_data_577e0fc0a1d73ff8|__AUTOMETRIC__
__AUTOMETRIC__|0.1.2|10972|crew_log_d30a611f8c0ca091|0|1786391089.646|99.429|3.107|495857664|527945728|gen_data_577e0fc0a1d73ff8|__AUTOMETRIC__
__AUTOMETRIC__|0.1.2|10972|crew_log_d30a611f8c0ca091|0|1786391090.647|98.268|3.071|495587328|527847424|gen_data_577e0fc0a1d73ff8|__AUTOMETRIC__
__AUTOMETRIC__|0.1.2|10972|crew_log_d30a611f8c0ca091|0|1786391091.653|101.020|3.157|495931392|528015360|gen_data_577e0fc0a1d73ff8|__AUTOMETRIC__
__AUTOMETRIC__|0.1.2|10972|crew_log_d30a611f8c0ca091|0|1786391092.659|97.816|3.057|495804416|527880192|gen_data_577e0fc0a1d73ff8|__AUTOMETRIC__
__AUTOMETRIC__|0.1.2|10972|crew_log_d30a611f8c0ca091|0|1786391093.674|98.585|3.081|495611904|527679488|gen_data_577e0fc0a1d73ff8|__AUTOMETRIC__
__AUTOMETRIC__|0.1.2|10972|crew_log_d30a611f8c0ca091|0|1786391094.677|99.652|3.114|495935488|528003072|gen_data_577e0fc0a1d73ff8|__AUTOMETRIC__
__AUTOMETRIC__|0.1.2|10972|crew_log_d30a611f8c0ca091|0|1786391095.693|99.939|3.123|496013312|528093184|gen_data_577e0fc0a1d73ff8|__AUTOMETRIC__
__AUTOMETRIC__|0.1.2|10972|crew_log_d30a611f8c0ca091|0|1786391096.701|100.746|3.148|495431680|527544320|gen_data_577e0fc0a1d73ff8|__AUTOMETRIC__
__AUTOMETRIC__|0.1.2|10972|crew_log_d30a611f8c0ca091|0|1786391097.717|98.481|3.078|495546368|527798272|gen_data_577e0fc0a1d73ff8|__AUTOMETRIC__
__AUTOMETRIC__|0.1.2|10972|crew_log_d30a611f8c0ca091|0|1786391098.720|99.687|3.115|495464448|527536128|gen_data_577e0fc0a1d73ff8|__AUTOMETRIC__
__AUTOMETRIC__|0.1.2|10972|crew_log_d30a611f8c0ca091|0|1786391099.726|97.848|3.058|495468544|527540224|gen_data_577e0fc0a1d73ff8|__AUTOMETRIC__
__AUTOMETRIC__|0.1.2|10972|crew_log_d30a611f8c0ca091|0|1786391100.737|100.482|3.140|495980544|528052224|gen_data_577e0fc0a1d73ff8|__AUTOMETRIC__
__AUTOMETRIC__|0.1.2|10972|crew_log_d30a611f8c0ca091|0|1786391101.742|97.903|3.059|495857664|527929344|gen_data_577e0fc0a1d73ff8|__AUTOMETRIC__
__AUTOMETRIC__|0.1.2|10972|crew_log_d30a611f8c0ca091|0|1786391102.751|100.642|3.145|495763456|527835136|gen_data_577e0fc0a1d73ff8|__AUTOMETRIC__
__AUTOMETRIC__|0.1.2|10972|crew_log_d30a611f8c0ca091|0|1786391103.764|100.247|3.133|495890432|527962112|gen_data_577e0fc0a1d73ff8|__AUTOMETRIC__
__AUTOMETRIC__|0.1.2|10972|crew_log_d30a611f8c0ca091|0|1786391104.779|100.070|3.127|495697920|527925248|gen_data_577e0fc0a1d73ff8|__AUTOMETRIC__
__AUTOMETRIC__|0.1.2|10972|crew_log_d30a611f8c0ca091|0|1786391105.787|99.258|3.102|495972352|528039936|gen_data_577e0fc0a1d73ff8|__AUTOMETRIC__
__AUTOMETRIC__|0.1.2|10972|crew_log_d30a611f8c0ca091|0|1786391106.789|101.326|3.166|496050176|528224256|gen_data_577e0fc0a1d73ff8|__AUTOMETRIC__
__AUTOMETRIC__|0.1.2|10972|crew_log_d30a611f8c0ca091|0|1786391107.798|102.210|3.194|495874048|528052224|gen_data_577e0fc0a1d73ff8|__AUTOMETRIC__
__AUTOMETRIC__|0.1.2|10972|crew_log_d30a611f8c0ca091|0|1786391108.807|97.547|3.048|495964160|528142336|gen_data_577e0fc0a1d73ff8|__AUTOMETRIC__
__AUTOMETRIC__|0.1.2|10972|crew_log_d30a611f8c0ca091|0|1786391109.822|100.061|3.127|496017408|528195584|gen_data_577e0fc0a1d73ff8|__AUTOMETRIC__
__AUTOMETRIC__|0.1.2|10972|crew_log_d30a611f8c0ca091|0|1786391110.836|100.230|3.132|495951872|528130048|gen_data_577e0fc0a1d73ff8|__AUTOMETRIC__
__AUTOMETRIC__|0.1.2|10972|crew_log_d30a611f8c0ca091|0|1786391111.846|100.511|3.141|496029696|528207872|gen_data_577e0fc0a1d73ff8|__AUTOMETRIC__
__AUTOMETRIC__|0.1.2|10972|crew_log_d30a611f8c0ca091|0|1786391112.855|99.114|3.097|495751168|528060416|gen_data_577e0fc0a1d73ff8|__AUTOMETRIC__
__AUTOMETRIC__|0.1.2|10972|crew_log_d30a611f8c0ca091|0|1786391113.870|100.042|3.126|495828992|528007168|gen_data_577e0fc0a1d73ff8|__AUTOMETRIC__
__AUTOMETRIC__|0.1.2|10972|crew_log_d30a611f8c0ca091|0|1786391114.875|99.492|3.109|496033792|528252928|gen_data_577e0fc0a1d73ff8|__AUTOMETRIC__
__AUTOMETRIC__|0.1.2|10972|crew_log_d30a611f8c0ca091|0|1786391115.877|99.845|3.120|495988736|528216064|gen_data_577e0fc0a1d73ff8|__AUTOMETRIC__
__AUTOMETRIC__|0.1.2|10972|crew_log_d30a611f8c0ca091|0|1786391116.888|98.921|3.091|496074752|528277504|gen_data_577e0fc0a1d73ff8|__AUTOMETRIC__
__AUTOMETRIC__|0.1.2|10972|crew_log_d30a611f8c0ca091|0|1786391117.898|98.956|3.092|495894528|527966208|gen_data_577e0fc0a1d73ff8|__AUTOMETRIC__
__AUTOMETRIC__|0.1.2|10972|crew_log_d30a611f8c0ca091|0|1786391118.913|101.631|3.176|495853568|528117760|gen_data_577e0fc0a1d73ff8|__AUTOMETRIC__
__AUTOMETRIC__|0.1.2|10972|crew_log_d30a611f8c0ca091|0|1786391119.925|100.367|3.136|495919104|527986688|gen_data_577e0fc0a1d73ff8|__AUTOMETRIC__
__AUTOMETRIC__|0.1.2|10972|crew_log_d30a611f8c0ca091|0|1786391120.933|99.242|3.101|495964160|528031744|gen_data_577e0fc0a1d73ff8|__AUTOMETRIC__
__AUTOMETRIC__|0.1.2|10972|crew_log_d30a611f8c0ca091|0|1786391121.946|98.694|3.084|496271360|528343040|gen_data_577e0fc0a1d73ff8|__AUTOMETRIC__
__AUTOMETRIC__|0.1.2|10972|crew_log_d30a611f8c0ca091|0|1786391122.962|99.965|3.124|496082944|528158720|gen_data_577e0fc0a1d73ff8|__AUTOMETRIC__
__AUTOMETRIC__|0.1.2|10972|crew_log_d30a611f8c0ca091|0|1786391123.974|101.845|3.183|496103424|528175104|gen_data_577e0fc0a1d73ff8|__AUTOMETRIC__
__AUTOMETRIC__|0.1.2|10972|crew_log_d30a611f8c0ca091|0|1786391124.989|100.104|3.128|496082944|528154624|gen_data_577e0fc0a1d73ff8|__AUTOMETRIC__
__AUTOMETRIC__|0.1.2|10972|crew_log_d30a611f8c0ca091|0|1786391125.993|101.185|3.162|496451584|528523264|gen_data_577e0fc0a1d73ff8|__AUTOMETRIC__
__AUTOMETRIC__|0.1.2|10972|crew_log_d30a611f8c0ca091|0|1786391127.009|101.482|3.171|496332800|528404480|gen_data_577e0fc0a1d73ff8|__AUTOMETRIC__
__AUTOMETRIC__|0.1.2|10972|crew_log_d30a611f8c0ca091|0|1786391128.011|101.355|3.167|495779840|528084992|gen_data_577e0fc0a1d73ff8|__AUTOMETRIC__
__AUTOMETRIC__|0.1.2|10972|crew_log_d30a611f8c0ca091|0|1786391129.025|97.053|3.033|496005120|528080896|gen_data_577e0fc0a1d73ff8|__AUTOMETRIC__
__AUTOMETRIC__|0.1.2|10972|crew_log_d30a611f8c0ca091|0|1786391130.028|98.197|3.069|496111616|528183296|gen_data_577e0fc0a1d73ff8|__AUTOMETRIC__
__AUTOMETRIC__|0.1.2|10972|crew_log_d30a611f8c0ca091|0|1786391131.033|99.419|3.107|496111616|528183296|gen_data_577e0fc0a1d73ff8|__AUTOMETRIC__
__AUTOMETRIC__|0.1.2|10972|crew_log_d30a611f8c0ca091|0|1786391132.035|99.876|3.121|496001024|528166912|gen_data_577e0fc0a1d73ff8|__AUTOMETRIC__
__AUTOMETRIC__|0.1.2|10972|crew_log_d30a611f8c0ca091|0|1786391133.040|99.511|3.110|496017408|528089088|gen_data_577e0fc0a1d73ff8|__AUTOMETRIC__
__AUTOMETRIC__|0.1.2|10972|crew_log_d30a611f8c0ca091|0|1786391134.044|102.690|3.209|496054272|528125952|gen_data_577e0fc0a1d73ff8|__AUTOMETRIC__
__AUTOMETRIC__|0.1.2|10972|crew_log_d30a611f8c0ca091|0|1786391135.045|99.886|3.121|495763456|527835136|gen_data_577e0fc0a1d73ff8|__AUTOMETRIC__
__AUTOMETRIC__|0.1.2|10972|crew_log_d30a611f8c0ca091|0|1786391136.054|99.121|3.098|496144384|528216064|gen_data_577e0fc0a1d73ff8|__AUTOMETRIC__
__AUTOMETRIC__|0.1.2|10972|crew_log_d30a611f8c0ca091|0|1786391137.057|101.223|3.163|495861760|527933440|gen_data_577e0fc0a1d73ff8|__AUTOMETRIC__
__AUTOMETRIC__|0.1.2|10972|crew_log_d30a611f8c0ca091|0|1786391138.071|97.084|3.034|496054272|528125952|gen_data_577e0fc0a1d73ff8|__AUTOMETRIC__
__AUTOMETRIC__|0.1.2|10972|crew_log_d30a611f8c0ca091|0|1786391139.073|101.389|3.168|496156672|528297984|gen_data_577e0fc0a1d73ff8|__AUTOMETRIC__
__AUTOMETRIC__|0.1.2|10972|crew_log_d30a611f8c0ca091|0|1786391140.083|97.410|3.044|496111616|528191488|gen_data_577e0fc0a1d73ff8|__AUTOMETRIC__
__AUTOMETRIC__|0.1.2|10972|crew_log_d30a611f8c0ca091|0|1786391141.098|101.631|3.176|495910912|528183296|gen_data_577e0fc0a1d73ff8|__AUTOMETRIC__
__AUTOMETRIC__|0.1.2|10972|crew_log_d30a611f8c0ca091|0|1786391142.102|102.671|3.208|496459776|528535552|gen_data_577e0fc0a1d73ff8|__AUTOMETRIC__
__AUTOMETRIC__|0.1.2|10972|crew_log_d30a611f8c0ca091|0|1786391143.113|99.005|3.094|496328704|528404480|gen_data_577e0fc0a1d73ff8|__AUTOMETRIC__
__AUTOMETRIC__|0.1.2|10972|crew_log_d30a611f8c0ca091|0|1786391144.124|100.399|3.137|496537600|528621568|gen_data_577e0fc0a1d73ff8|__AUTOMETRIC__
__AUTOMETRIC__|0.1.2|10972|crew_log_d30a611f8c0ca091|0|1786391145.138|100.190|3.131|496345088|528429056|gen_data_577e0fc0a1d73ff8|__AUTOMETRIC__
__AUTOMETRIC__|0.1.2|10972|crew_log_d30a611f8c0ca091|0|1786391146.153|100.021|3.126|496533504|528613376|gen_data_577e0fc0a1d73ff8|__AUTOMETRIC__
__AUTOMETRIC__|0.1.2|10972|crew_log_d30a611f8c0ca091|0|1786391147.169|99.960|3.124|496455680|528531456|gen_data_577e0fc0a1d73ff8|__AUTOMETRIC__
__AUTOMETRIC__|0.1.2|10972|crew_log_d30a611f8c0ca091|0|1786391148.178|97.630|3.051|496025600|528101376|gen_data_577e0fc0a1d73ff8|__AUTOMETRIC__
__AUTOMETRIC__|0.1.2|10972|crew_log_d30a611f8c0ca091|0|1786391149.180|99.776|3.118|496345088|528420864|gen_data_577e0fc0a1d73ff8|__AUTOMETRIC__
__AUTOMETRIC__|0.1.2|10972|crew_log_d30a611f8c0ca091|0|1786391150.184|101.131|3.160|496168960|528244736|gen_data_577e0fc0a1d73ff8|__AUTOMETRIC__
__AUTOMETRIC__|0.1.2|10972|crew_log_d30a611f8c0ca091|0|1786391151.189|99.479|3.109|496160768|528236544|gen_data_577e0fc0a1d73ff8|__AUTOMETRIC__
__AUTOMETRIC__|0.1.2|10972|crew_log_d30a611f8c0ca091|0|1786391152.202|98.761|3.086|496287744|528363520|gen_data_577e0fc0a1d73ff8|__AUTOMETRIC__
__AUTOMETRIC__|0.1.2|10972|crew_log_d30a611f8c0ca091|0|1786391153.218|98.408|3.075|496431104|528506880|gen_data_577e0fc0a1d73ff8|__AUTOMETRIC__
__AUTOMETRIC__|0.1.2|10972|crew_log_d30a611f8c0ca091|0|1786391154.220|99.765|3.118|495902720|528019456|gen_data_577e0fc0a1d73ff8|__AUTOMETRIC__
__AUTOMETRIC__|0.1.2|10972|crew_log_d30a611f8c0ca091|0|1786391155.224|98.062|3.064|496381952|528461824|gen_data_577e0fc0a1d73ff8|__AUTOMETRIC__
__AUTOMETRIC__|0.1.2|10972|crew_log_d30a611f8c0ca091|0|1786391156.239|100.109|3.128|496279552|528420864|gen_data_577e0fc0a1d73ff8|__AUTOMETRIC__
__AUTOMETRIC__|0.1.2|10972|crew_log_d30a611f8c0ca091|0|1786391157.249|100.512|3.141|496484352|528560128|gen_data_577e0fc0a1d73ff8|__AUTOMETRIC__
__AUTOMETRIC__|0.1.2|10972|crew_log_d30a611f8c0ca091|0|1786391158.261|100.346|3.136|494989312|527069184|gen_data_577e0fc0a1d73ff8|__AUTOMETRIC__
__AUTOMETRIC__|0.1.2|10972|crew_log_d30a611f8c0ca091|0|1786391159.273|95.712|2.991|496541696|528625664|gen_data_577e0fc0a1d73ff8|__AUTOMETRIC__
__AUTOMETRIC__|0.1.2|10972|crew_log_d30a611f8c0ca091|0|1786391160.285|98.881|3.090|496685056|528773120|gen_data_577e0fc0a1d73ff8|__AUTOMETRIC__
__AUTOMETRIC__|0.1.2|10972|crew_log_d30a611f8c0ca091|0|1786391161.290|101.064|3.158|496795648|528879616|gen_data_577e0fc0a1d73ff8|__AUTOMETRIC__
__AUTOMETRIC__|0.1.2|10972|crew_log_d30a611f8c0ca091|0|1786391162.293|102.828|3.213|496697344|528781312|gen_data_577e0fc0a1d73ff8|__AUTOMETRIC__
__AUTOMETRIC__|0.1.2|10972|crew_log_d30a611f8c0ca091|0|1786391163.304|98.908|3.091|496640000|528723968|gen_data_577e0fc0a1d73ff8|__AUTOMETRIC__
__AUTOMETRIC__|0.1.2|10972|crew_log_d30a611f8c0ca091|0|1786391164.308|101.126|3.160|496488448|528568320|gen_data_577e0fc0a1d73ff8|__AUTOMETRIC__
__AUTOMETRIC__|0.1.2|10972|crew_log_d30a611f8c0ca091|0|1786391165.318|97.428|3.045|496844800|528924672|gen_data_577e0fc0a1d73ff8|__AUTOMETRIC__
__AUTOMETRIC__|0.1.2|10972|crew_log_d30a611f8c0ca091|0|1786391166.324|100.960|3.155|496795648|528871424|gen_data_577e0fc0a1d73ff8|__AUTOMETRIC__
__AUTOMETRIC__|0.1.2|10972|crew_log_d30a611f8c0ca091|0|1786391167.341|98.365|3.074|496586752|528662528|gen_data_577e0fc0a1d73ff8|__AUTOMETRIC__
__AUTOMETRIC__|0.1.2|10972|crew_log_d30a611f8c0ca091|0|1786391168.354|100.202|3.131|496730112|528805888|gen_data_577e0fc0a1d73ff8|__AUTOMETRIC__
__AUTOMETRIC__|0.1.2|10972|crew_log_d30a611f8c0ca091|0|1786391169.357|99.760|3.117|496693248|528769024|gen_data_577e0fc0a1d73ff8|__AUTOMETRIC__
__AUTOMETRIC__|0.1.2|10972|crew_log_d30a611f8c0ca091|0|1786391170.366|99.061|3.096|496484352|528568320|gen_data_577e0fc0a1d73ff8|__AUTOMETRIC__
__AUTOMETRIC__|0.1.2|10972|crew_log_d30a611f8c0ca091|0|1786391171.383|99.920|3.123|496689152|528764928|gen_data_577e0fc0a1d73ff8|__AUTOMETRIC__
__AUTOMETRIC__|0.1.2|10972|crew_log_d30a611f8c0ca091|0|1786391172.392|102.188|3.193|496791552|528867328|gen_data_577e0fc0a1d73ff8|__AUTOMETRIC__
__AUTOMETRIC__|0.1.2|10972|crew_log_d30a611f8c0ca091|0|1786391173.397|97.976|3.062|496967680|529043456|gen_data_577e0fc0a1d73ff8|__AUTOMETRIC__
__AUTOMETRIC__|0.1.2|10972|crew_log_d30a611f8c0ca091|0|1786391174.399|99.737|3.117|496750592|528826368|gen_data_577e0fc0a1d73ff8|__AUTOMETRIC__
__AUTOMETRIC__|0.1.2|10972|crew_log_d30a611f8c0ca091|0|1786391175.412|100.284|3.134|496664576|528740352|gen_data_577e0fc0a1d73ff8|__AUTOMETRIC__
__AUTOMETRIC__|0.1.2|10972|crew_log_d30a611f8c0ca091|0|1786391176.426|97.049|3.033|496693248|528769024|gen_data_577e0fc0a1d73ff8|__AUTOMETRIC__
__AUTOMETRIC__|0.1.2|10972|crew_log_d30a611f8c0ca091|0|1786391177.430|99.658|3.114|496750592|528826368|gen_data_577e0fc0a1d73ff8|__AUTOMETRIC__
__AUTOMETRIC__|0.1.2|10972|crew_log_d30a611f8c0ca091|0|1786391178.440|102.106|3.191|496689152|528764928|gen_data_577e0fc0a1d73ff8|__AUTOMETRIC__
__AUTOMETRIC__|0.1.2|10972|crew_log_d30a611f8c0ca091|0|1786391179.442|98.211|3.069|496082944|528158720|gen_data_577e0fc0a1d73ff8|__AUTOMETRIC__
__AUTOMETRIC__|0.1.2|10972|crew_log_d30a611f8c0ca091|0|1786391180.455|100.293|3.134|496386048|528494592|gen_data_577e0fc0a1d73ff8|__AUTOMETRIC__
__AUTOMETRIC__|0.1.2|10972|crew_log_d30a611f8c0ca091|0|1786391181.469|100.165|3.130|496484352|528592896|gen_data_577e0fc0a1d73ff8|__AUTOMETRIC__
__AUTOMETRIC__|0.1.2|10972|crew_log_d30a611f8c0ca091|0|1786391182.476|99.250|3.102|496316416|528424960|gen_data_577e0fc0a1d73ff8|__AUTOMETRIC__
__AUTOMETRIC__|0.1.2|10972|crew_log_d30a611f8c0ca091|0|1786391183.481|101.113|3.160|496373760|528482304|gen_data_577e0fc0a1d73ff8|__AUTOMETRIC__
__AUTOMETRIC__|0.1.2|10972|crew_log_d30a611f8c0ca091|0|1786391184.483|99.736|3.117|496812032|528920576|gen_data_577e0fc0a1d73ff8|__AUTOMETRIC__
__AUTOMETRIC__|0.1.2|10972|crew_log_d30a611f8c0ca091|0|1786391185.485|99.789|3.118|496529408|528637952|gen_data_577e0fc0a1d73ff8|__AUTOMETRIC__
__AUTOMETRIC__|0.1.2|10972|crew_log_d30a611f8c0ca091|0|1786391186.502|98.373|3.074|496398336|528502784|gen_data_577e0fc0a1d73ff8|__AUTOMETRIC__
__AUTOMETRIC__|0.1.2|10972|crew_log_d30a611f8c0ca091|0|1786391187.517|98.486|3.078|496680960|528756736|gen_data_577e0fc0a1d73ff8|__AUTOMETRIC__
__AUTOMETRIC__|0.1.2|10972|crew_log_d30a611f8c0ca091|0|1786391188.522|97.934|3.060|501002240|533327872|gen_data_577e0fc0a1d73ff8|__AUTOMETRIC__
__AUTOMETRIC__|0.1.2|10972|crew_log_d30a611f8c0ca091|0|1786391189.537|6.162|0.193|501170176|533487616|__DEFAULT__|__AUTOMETRIC__
__AUTOMETRIC__|0.1.2|10972|crew_log_d30a611f8c0ca091|0|1786391190.550|0.000|0.000|496001024|527917056|__DEFAULT__|__AUTOMETRIC__
__AUTOMETRIC__|0.1.2|10972|crew_log_d30a611f8c0ca091|0|1786391191.557|0.000|0.000|496001024|527917056|__DEFAULT__|__AUTOMETRIC__
__AUTOMETRIC__|0.1.2|10972|crew_log_d30a611f8c0ca091|0|1786391192.576|0.000|0.000|496001024|527917056|__DEFAULT__|__AUTOMETRIC__
__AUTOMETRIC__|0.1.2|10972|crew_log_d30a611f8c0ca091|0|1786391193.590|0.000|0.000|496001024|527917056|__DEFAULT__|__AUTOMETRIC__
__AUTOMETRIC__|0.1.2|10972|crew_log_d30a611f8c0ca091|0|1786391194.602|0.000|0.000|496001024|527917056|__DEFAULT__|__AUTOMETRIC__
__AUTOMETRIC__|0.1.2|10972|crew_log_d30a611f8c0ca091|0|1786391195.604|0.000|0.000|496001024|527917056|__DEFAULT__|__AUTOMETRIC__
__AUTOMETRIC__|0.1.2|10972|crew_log_d30a611f8c0ca091|0|1786391196.607|0.000|0.000|496001024|527917056|__DEFAULT__|__AUTOMETRIC__
__AUTOMETRIC__|0.1.2|10972|crew_log_d30a611f8c0ca091|0|1786391197.615|0.000|0.000|496001024|527917056|__DEFAULT__|__AUTOMETRIC__
__AUTOMETRIC__|0.1.2|10972|crew_log_d30a611f8c0ca091|0|1786391198.624|1.549|0.048|496001024|527917056|__DEFAULT__|__AUTOMETRIC__
__AUTOMETRIC__|0.1.2|10972|crew_log_d30a611f8c0ca091|0|1786391199.627|0.000|0.000|496001024|527917056|__DEFAULT__|__AUTOMETRIC__
__AUTOMETRIC__|0.1.2|10972|crew_log_d30a611f8c0ca091|0|1786391200.632|97.958|3.061|615428096|647684096|compiled_brms_models_27714e3bd30d3b3e|__AUTOMETRIC__
__AUTOMETRIC__|0.1.2|10972|crew_log_d30a611f8c0ca091|0|1786391201.636|102.661|3.208|677658624|710078464|compiled_brms_models_27714e3bd30d3b3e|__AUTOMETRIC__
__AUTOMETRIC__|0.1.2|10972|crew_log_d30a611f8c0ca091|0|1786391202.648|97.302|3.041|682397696|714928128|compiled_brms_models_27714e3bd30d3b3e|__AUTOMETRIC__
__AUTOMETRIC__|0.1.2|10972|crew_log_d30a611f8c0ca091|0|1786391203.654|102.433|3.201|792686592|825409536|compiled_brms_models_27714e3bd30d3b3e|__AUTOMETRIC__
__AUTOMETRIC__|0.1.2|10972|crew_log_d30a611f8c0ca091|0|1786391204.669|100.118|3.129|862633984|895930368|compiled_brms_models_27714e3bd30d3b3e|__AUTOMETRIC__
__AUTOMETRIC__|0.1.2|10972|crew_log_d30a611f8c0ca091|0|1786391205.681|100.323|3.135|949739520|982863872|compiled_brms_models_27714e3bd30d3b3e|__AUTOMETRIC__
__AUTOMETRIC__|0.1.2|10972|crew_log_d30a611f8c0ca091|0|1786391206.689|99.196|3.100|1125298176|1158877184|compiled_brms_models_27714e3bd30d3b3e|__AUTOMETRIC__
__AUTOMETRIC__|0.1.2|10972|crew_log_d30a611f8c0ca091|0|1786391207.698|100.729|3.148|1257299968|1291177984|compiled_brms_models_27714e3bd30d3b3e|__AUTOMETRIC__
__AUTOMETRIC__|0.1.2|10972|crew_log_d30a611f8c0ca091|0|1786391208.705|99.226|3.101|1259458560|1293185024|compiled_brms_models_27714e3bd30d3b3e|__AUTOMETRIC__
__AUTOMETRIC__|0.1.2|10972|crew_log_d30a611f8c0ca091|0|1786391209.719|98.667|3.083|1259659264|1293385728|compiled_brms_models_27714e3bd30d3b3e|__AUTOMETRIC__
__AUTOMETRIC__|0.1.2|10972|crew_log_d30a611f8c0ca091|0|1786391210.729|85.089|2.659|1402748928|1435623424|compiled_brms_models_27714e3bd30d3b3e|__AUTOMETRIC__
__AUTOMETRIC__|0.1.2|10972|crew_log_d30a611f8c0ca091|0|1786391211.737|122.393|3.825|1530929152|1552773120|compiled_brms_models_27714e3bd30d3b3e|__AUTOMETRIC__
__AUTOMETRIC__|0.1.2|10972|crew_log_d30a611f8c0ca091|0|1786391212.753|98.492|3.078|1498284032|1519996928|compiled_brms_models_27714e3bd30d3b3e|__AUTOMETRIC__
