__AUTOMETRIC__|0.1.2|26748|crew_log_c16f6190816157fc|0|1786391311.981|92.774|2.899|243163136|268132352|gen_data_c1c0841eb5d178ed|__AUTOMETRIC__
__AUTOMETRIC__|0.1.2|26748|crew_log_c16f6190816157fc|0|1786391312.989|3.101|0.097|229658624|254496768|gen_data_c1c0841eb5d178ed|__AUTOMETRIC__
__AUTOMETRIC__|0.1.2|26748|crew_log_c16f6190816157fc|0|1786391313.996|1.551|0.048|229335040|254173184|gen_data_c1c0841eb5d178ed|__AUTOMETRIC__
__AUTOMETRIC__|0.1.2|26748|crew_log_c16f6190816157fc|0|1786391315.000|0.000|0.000|229335040|254173184|gen_data_c1c0841eb5d178ed|__AUTOMETRIC__
__AUTOMETRIC__|0.1.2|26748|crew_log_c16f6190816157fc|0|1786391316.014|0.000|0.000|229335040|254173184|gen_data_c1c0841eb5d178ed|__AUTOMETRIC__
__AUTOMETRIC__|0.1.2|26748|crew_log_c16f6190816157fc|0|1786391317.019|0.000|0.000|229335040|254173184|gen_data_c1c0841eb5d178ed|__AUTOMETRIC__
__AUTOMETRIC__|0.1.2|26748|crew_log_c16f6190816157fc|0|1786391318.030|1.545|0.048|229335040|254173184|gen_data_c1c0841eb5d178ed|__AUTOMETRIC__
__AUTOMETRIC__|0.1.2|26748|crew_log_c16f6190816157fc|0|1786391319.037|0.000|0.000|229367808|254205952|gen_data_c1c0841eb5d178ed|__AUTOMETRIC__
__AUTOMETRIC__|0.1.2|26748|crew_log_c16f6190816157fc|0|1786391320.044|0.000|0.000|229367808|254205952|gen_data_c1c0841eb5d178ed|__AUTOMETRIC__
__AUTOMETRIC__|0.1.2|26748|crew_log_c16f6190816157fc|0|1786391321.047|0.000|0.000|229376000|254214144|gen_data_c1c0841eb5d178ed|__AUTOMETRIC__
__AUTOMETRIC__|0.1.2|26748|crew_log_c16f6190816157fc|0|1786391322.062|4.619|0.144|230252544|255086592|gen_data_c1c0841eb5d178ed|__AUTOMETRIC__
__AUTOMETRIC__|0.1.2|26748|crew_log_c16f6190816157fc|0|1786391323.068|96.345|3.011|397967360|423272448|gen_data_c1c0841eb5d178ed|__AUTOMETRIC__
__AUTOMETRIC__|0.1.2|26748|crew_log_c16f6190816157fc|0|1786391324.072|99.621|3.113|414212096|446271488|gen_data_c1c0841eb5d178ed|__AUTOMETRIC__
__AUTOMETRIC__|0.1.2|26748|crew_log_c16f6190816157fc|0|1786391325.080|99.147|3.098|403345408|435331072|gen_data_c1c0841eb5d178ed|__AUTOMETRIC__
__AUTOMETRIC__|0.1.2|26748|crew_log_c16f6190816157fc|0|1786391326.094|95.511|2.985|403668992|435646464|gen_data_c1c0841eb5d178ed|__AUTOMETRIC__
__AUTOMETRIC__|0.1.2|26748|crew_log_c16f6190816157fc|0|1786391327.100|99.433|3.107|403144704|435122176|gen_data_c1c0841eb5d178ed|__AUTOMETRIC__
__AUTOMETRIC__|0.1.2|26748|crew_log_c16f6190816157fc|0|1786391328.108|100.812|3.150|403062784|435040256|gen_data_c1c0841eb5d178ed|__AUTOMETRIC__
__AUTOMETRIC__|0.1.2|26748|crew_log_c16f6190816157fc|0|1786391329.115|97.746|3.055|403070976|435048448|gen_data_c1c0841eb5d178ed|__AUTOMETRIC__
__AUTOMETRIC__|0.1.2|26748|crew_log_c16f6190816157fc|0|1786391330.120|99.489|3.109|403349504|435326976|gen_data_c1c0841eb5d178ed|__AUTOMETRIC__
__AUTOMETRIC__|0.1.2|26748|crew_log_c16f6190816157fc|0|1786391331.134|100.095|3.128|403353600|435331072|gen_data_c1c0841eb5d178ed|__AUTOMETRIC__
__AUTOMETRIC__|0.1.2|26748|crew_log_c16f6190816157fc|0|1786391332.138|98.106|3.066|403374080|435351552|gen_data_c1c0841eb5d178ed|__AUTOMETRIC__
__AUTOMETRIC__|0.1.2|26748|crew_log_c16f6190816157fc|0|1786391333.145|99.296|3.103|402960384|434937856|gen_data_c1c0841eb5d178ed|__AUTOMETRIC__
__AUTOMETRIC__|0.1.2|26748|crew_log_c16f6190816157fc|0|1786391334.147|98.238|3.070|402866176|435073024|gen_data_c1c0841eb5d178ed|__AUTOMETRIC__
__AUTOMETRIC__|0.1.2|26748|crew_log_c16f6190816157fc|0|1786391335.156|102.245|3.195|403001344|435032064|gen_data_c1c0841eb5d178ed|__AUTOMETRIC__
__AUTOMETRIC__|0.1.2|26748|crew_log_c16f6190816157fc|0|1786391336.162|99.323|3.104|403017728|435027968|gen_data_c1c0841eb5d178ed|__AUTOMETRIC__
__AUTOMETRIC__|0.1.2|26748|crew_log_c16f6190816157fc|0|1786391337.169|102.417|3.201|403087360|435122176|gen_data_c1c0841eb5d178ed|__AUTOMETRIC__
__AUTOMETRIC__|0.1.2|26748|crew_log_c16f6190816157fc|0|1786391338.170|99.956|3.124|403079168|435113984|gen_data_c1c0841eb5d178ed|__AUTOMETRIC__
__AUTOMETRIC__|0.1.2|26748|crew_log_c16f6190816157fc|0|1786391339.175|99.441|3.108|402952192|434987008|gen_data_c1c0841eb5d178ed|__AUTOMETRIC__
__AUTOMETRIC__|0.1.2|26748|crew_log_c16f6190816157fc|0|1786391340.191|98.411|3.075|402903040|434925568|gen_data_c1c0841eb5d178ed|__AUTOMETRIC__
__AUTOMETRIC__|0.1.2|26748|crew_log_c16f6190816157fc|0|1786391341.197|102.519|3.204|403025920|435052544|gen_data_c1c0841eb5d178ed|__AUTOMETRIC__
__AUTOMETRIC__|0.1.2|26748|crew_log_c16f6190816157fc|0|1786391342.202|99.559|3.111|403025920|435044352|gen_data_c1c0841eb5d178ed|__AUTOMETRIC__
__AUTOMETRIC__|0.1.2|26748|crew_log_c16f6190816157fc|0|1786391343.208|99.364|3.105|402915328|434921472|gen_data_c1c0841eb5d178ed|__AUTOMETRIC__
__AUTOMETRIC__|0.1.2|26748|crew_log_c16f6190816157fc|0|1786391344.210|98.241|3.070|402976768|434999296|gen_data_c1c0841eb5d178ed|__AUTOMETRIC__
__AUTOMETRIC__|0.1.2|26748|crew_log_c16f6190816157fc|0|1786391345.215|98.019|3.063|402927616|434950144|gen_data_c1c0841eb5d178ed|__AUTOMETRIC__
__AUTOMETRIC__|0.1.2|26748|crew_log_c16f6190816157fc|0|1786391346.215|98.350|3.073|402927616|434941952|gen_data_c1c0841eb5d178ed|__AUTOMETRIC__
__AUTOMETRIC__|0.1.2|26748|crew_log_c16f6190816157fc|0|1786391347.222|93.089|2.909|403025920|435073024|gen_data_c1c0841eb5d178ed|__AUTOMETRIC__
__AUTOMETRIC__|0.1.2|26748|crew_log_c16f6190816157fc|0|1786391348.226|99.660|3.114|403095552|435101696|gen_data_c1c0841eb5d178ed|__AUTOMETRIC__
__AUTOMETRIC__|0.1.2|26748|crew_log_c16f6190816157fc|0|1786391349.231|101.053|3.158|402874368|434921472|gen_data_c1c0841eb5d178ed|__AUTOMETRIC__
__AUTOMETRIC__|0.1.2|26748|crew_log_c16f6190816157fc|0|1786391350.236|99.530|3.110|402915328|434950144|gen_data_c1c0841eb5d178ed|__AUTOMETRIC__
__AUTOMETRIC__|0.1.2|26748|crew_log_c16f6190816157fc|0|1786391351.246|99.015|3.094|402927616|434941952|gen_data_c1c0841eb5d178ed|__AUTOMETRIC__
__AUTOMETRIC__|0.1.2|26748|crew_log_c16f6190816157fc|0|1786391352.249|99.694|3.115|402948096|434962432|gen_data_c1c0841eb5d178ed|__AUTOMETRIC__
__AUTOMETRIC__|0.1.2|26748|crew_log_c16f6190816157fc|0|1786391353.252|99.703|3.116|403046400|435085312|gen_data_c1c0841eb5d178ed|__AUTOMETRIC__
__AUTOMETRIC__|0.1.2|26748|crew_log_c16f6190816157fc|0|1786391354.267|98.502|3.078|403087360|435101696|gen_data_c1c0841eb5d178ed|__AUTOMETRIC__
__AUTOMETRIC__|0.1.2|26748|crew_log_c16f6190816157fc|0|1786391355.275|100.716|3.147|403107840|435113984|gen_data_c1c0841eb5d178ed|__AUTOMETRIC__
__AUTOMETRIC__|0.1.2|26748|crew_log_c16f6190816157fc|0|1786391356.279|99.616|3.113|402935808|434966528|gen_data_c1c0841eb5d178ed|__AUTOMETRIC__
__AUTOMETRIC__|0.1.2|26748|crew_log_c16f6190816157fc|0|1786391357.290|100.500|3.141|402993152|435019776|gen_data_c1c0841eb5d178ed|__AUTOMETRIC__
__AUTOMETRIC__|0.1.2|26748|crew_log_c16f6190816157fc|0|1786391358.298|99.176|3.099|403083264|435101696|gen_data_c1c0841eb5d178ed|__AUTOMETRIC__
__AUTOMETRIC__|0.1.2|26748|crew_log_c16f6190816157fc|0|1786391359.301|99.653|3.114|403079168|435093504|gen_data_c1c0841eb5d178ed|__AUTOMETRIC__
__AUTOMETRIC__|0.1.2|26748|crew_log_c16f6190816157fc|0|1786391360.307|99.443|3.108|403091456|435105792|gen_data_c1c0841eb5d178ed|__AUTOMETRIC__
__AUTOMETRIC__|0.1.2|26748|crew_log_c16f6190816157fc|0|1786391361.312|99.464|3.108|403107840|435122176|gen_data_c1c0841eb5d178ed|__AUTOMETRIC__
__AUTOMETRIC__|0.1.2|26748|crew_log_c16f6190816157fc|0|1786391362.316|99.679|3.115|402997248|435007488|gen_data_c1c0841eb5d178ed|__AUTOMETRIC__
__AUTOMETRIC__|0.1.2|26748|crew_log_c16f6190816157fc|0|1786391363.328|100.368|3.136|402993152|435003392|gen_data_c1c0841eb5d178ed|__AUTOMETRIC__
__AUTOMETRIC__|0.1.2|26748|crew_log_c16f6190816157fc|0|1786391364.342|100.096|3.128|403009536|435019776|gen_data_c1c0841eb5d178ed|__AUTOMETRIC__
__AUTOMETRIC__|0.1.2|26748|crew_log_c16f6190816157fc|0|1786391365.350|99.226|3.101|403005440|435015680|gen_data_c1c0841eb5d178ed|__AUTOMETRIC__
__AUTOMETRIC__|0.1.2|26748|crew_log_c16f6190816157fc|0|1786391366.354|99.559|3.111|403030016|435040256|gen_data_c1c0841eb5d178ed|__AUTOMETRIC__
__AUTOMETRIC__|0.1.2|26748|crew_log_c16f6190816157fc|0|1786391367.360|97.907|3.060|403070976|435101696|gen_data_c1c0841eb5d178ed|__AUTOMETRIC__
__AUTOMETRIC__|0.1.2|26748|crew_log_c16f6190816157fc|0|1786391368.365|97.950|3.061|403087360|435093504|gen_data_c1c0841eb5d178ed|__AUTOMETRIC__
__AUTOMETRIC__|0.1.2|26748|crew_log_c16f6190816157fc|0|1786391369.374|100.607|3.144|402935808|434950144|gen_data_c1c0841eb5d178ed|__AUTOMETRIC__
__AUTOMETRIC__|0.1.2|26748|crew_log_c16f6190816157fc|0|1786391370.386|98.899|3.091|402898944|434880512|gen_data_c1c0841eb5d178ed|__AUTOMETRIC__
__AUTOMETRIC__|0.1.2|26748|crew_log_c16f6190816157fc|0|1786391371.399|100.237|3.132|402952192|434929664|gen_data_c1c0841eb5d178ed|__AUTOMETRIC__
__AUTOMETRIC__|0.1.2|26748|crew_log_c16f6190816157fc|0|1786391372.411|98.751|3.086|403001344|434991104|gen_data_c1c0841eb5d178ed|__AUTOMETRIC__
__AUTOMETRIC__|0.1.2|26748|crew_log_c16f6190816157fc|0|1786391373.426|98.527|3.079|403042304|435027968|gen_data_c1c0841eb5d178ed|__AUTOMETRIC__
__AUTOMETRIC__|0.1.2|26748|crew_log_c16f6190816157fc|0|1786391374.438|97.311|3.041|403144704|435118080|gen_data_c1c0841eb5d178ed|__AUTOMETRIC__
__AUTOMETRIC__|0.1.2|26748|crew_log_c16f6190816157fc|0|1786391375.450|100.376|3.137|403271680|435249152|gen_data_c1c0841eb5d178ed|__AUTOMETRIC__
__AUTOMETRIC__|0.1.2|26748|crew_log_c16f6190816157fc|0|1786391376.457|96.214|3.007|403296256|435269632|gen_data_c1c0841eb5d178ed|__AUTOMETRIC__
__AUTOMETRIC__|0.1.2|26748|crew_log_c16f6190816157fc|0|1786391377.463|99.331|3.104|403288064|435261440|gen_data_c1c0841eb5d178ed|__AUTOMETRIC__
__AUTOMETRIC__|0.1.2|26748|crew_log_c16f6190816157fc|0|1786391378.475|98.894|3.090|403296256|435269632|gen_data_c1c0841eb5d178ed|__AUTOMETRIC__
__AUTOMETRIC__|0.1.2|26748|crew_log_c16f6190816157fc|0|1786391379.487|100.322|3.135|403533824|435507200|gen_data_c1c0841eb5d178ed|__AUTOMETRIC__
__AUTOMETRIC__|0.1.2|26748|crew_log_c16f6190816157fc|0|1786391380.494|99.265|3.102|403304448|435277824|gen_data_c1c0841eb5d178ed|__AUTOMETRIC__
__AUTOMETRIC__|0.1.2|26748|crew_log_c16f6190816157fc|0|1786391381.507|100.246|3.133|403312640|435286016|gen_data_c1c0841eb5d178ed|__AUTOMETRIC__
__AUTOMETRIC__|0.1.2|26748|crew_log_c16f6190816157fc|0|1786391382.521|98.676|3.084|403312640|435286016|gen_data_c1c0841eb5d178ed|__AUTOMETRIC__
__AUTOMETRIC__|0.1.2|26748|crew_log_c16f6190816157fc|0|1786391383.522|99.888|3.121|403185664|435159040|gen_data_c1c0841eb5d178ed|__AUTOMETRIC__
__AUTOMETRIC__|0.1.2|26748|crew_log_c16f6190816157fc|0|1786391384.523|103.051|3.220|403185664|435159040|gen_data_c1c0841eb5d178ed|__AUTOMETRIC__
__AUTOMETRIC__|0.1.2|26748|crew_log_c16f6190816157fc|0|1786391385.527|99.559|3.111|403206144|435179520|gen_data_c1c0841eb5d178ed|__AUTOMETRIC__
__AUTOMETRIC__|0.1.2|26748|crew_log_c16f6190816157fc|0|1786391386.530|99.724|3.116|403189760|435163136|gen_data_c1c0841eb5d178ed|__AUTOMETRIC__
__AUTOMETRIC__|0.1.2|26748|crew_log_c16f6190816157fc|0|1786391387.544|100.192|3.131|403206144|435179520|gen_data_c1c0841eb5d178ed|__AUTOMETRIC__
__AUTOMETRIC__|0.1.2|26748|crew_log_c16f6190816157fc|0|1786391388.549|94.774|2.962|403210240|435183616|gen_data_c1c0841eb5d178ed|__AUTOMETRIC__
__AUTOMETRIC__|0.1.2|26748|crew_log_c16f6190816157fc|0|1786391389.551|101.386|3.168|403271680|435245056|gen_data_c1c0841eb5d178ed|__AUTOMETRIC__
__AUTOMETRIC__|0.1.2|26748|crew_log_c16f6190816157fc|0|1786391390.554|99.747|3.117|403267584|435240960|gen_data_c1c0841eb5d178ed|__AUTOMETRIC__
__AUTOMETRIC__|0.1.2|26748|crew_log_c16f6190816157fc|0|1786391391.561|100.799|3.150|403259392|435232768|gen_data_c1c0841eb5d178ed|__AUTOMETRIC__
__AUTOMETRIC__|0.1.2|26748|crew_log_c16f6190816157fc|0|1786391392.563|99.841|3.120|403288064|435261440|gen_data_c1c0841eb5d178ed|__AUTOMETRIC__
__AUTOMETRIC__|0.1.2|26748|crew_log_c16f6190816157fc|0|1786391393.578|100.070|3.127|403525632|435499008|gen_data_c1c0841eb5d178ed|__AUTOMETRIC__
__AUTOMETRIC__|0.1.2|26748|crew_log_c16f6190816157fc|0|1786391394.582|99.604|3.113|403316736|435302400|gen_data_c1c0841eb5d178ed|__AUTOMETRIC__
__AUTOMETRIC__|0.1.2|26748|crew_log_c16f6190816157fc|0|1786391395.588|100.865|3.152|403333120|435306496|gen_data_c1c0841eb5d178ed|__AUTOMETRIC__
__AUTOMETRIC__|0.1.2|26748|crew_log_c16f6190816157fc|0|1786391396.593|94.931|2.967|403259392|435232768|gen_data_c1c0841eb5d178ed|__AUTOMETRIC__
__AUTOMETRIC__|0.1.2|26748|crew_log_c16f6190816157fc|0|1786391397.596|96.537|3.017|403263488|435236864|gen_data_c1c0841eb5d178ed|__AUTOMETRIC__
__AUTOMETRIC__|0.1.2|26748|crew_log_c16f6190816157fc|0|1786391398.607|97.329|3.042|403263488|435245056|gen_data_c1c0841eb5d178ed|__AUTOMETRIC__
__AUTOMETRIC__|0.1.2|26748|crew_log_c16f6190816157fc|0|1786391399.617|100.575|3.143|403607552|435580928|gen_data_c1c0841eb5d178ed|__AUTOMETRIC__
__AUTOMETRIC__|0.1.2|26748|crew_log_c16f6190816157fc|0|1786391400.622|99.545|3.111|403353600|435326976|gen_data_c1c0841eb5d178ed|__AUTOMETRIC__
__AUTOMETRIC__|0.1.2|26748|crew_log_c16f6190816157fc|0|1786391401.627|97.922|3.060|403365888|435339264|gen_data_c1c0841eb5d178ed|__AUTOMETRIC__
__AUTOMETRIC__|0.1.2|26748|crew_log_c16f6190816157fc|0|1786391402.633|99.417|3.107|403361792|435335168|gen_data_c1c0841eb5d178ed|__AUTOMETRIC__
__AUTOMETRIC__|0.1.2|26748|crew_log_c16f6190816157fc|0|1786391403.646|98.680|3.084|403357696|435331072|gen_data_c1c0841eb5d178ed|__AUTOMETRIC__
__AUTOMETRIC__|0.1.2|26748|crew_log_c16f6190816157fc|0|1786391404.657|100.496|3.140|403365888|435339264|gen_data_c1c0841eb5d178ed|__AUTOMETRIC__
__AUTOMETRIC__|0.1.2|26748|crew_log_c16f6190816157fc|0|1786391405.671|100.152|3.130|403357696|435331072|gen_data_c1c0841eb5d178ed|__AUTOMETRIC__
__AUTOMETRIC__|0.1.2|26748|crew_log_c16f6190816157fc|0|1786391406.675|99.606|3.113|403378176|435351552|gen_data_c1c0841eb5d178ed|__AUTOMETRIC__
__AUTOMETRIC__|0.1.2|26748|crew_log_c16f6190816157fc|0|1786391407.682|100.854|3.152|403374080|435347456|gen_data_c1c0841eb5d178ed|__AUTOMETRIC__
__AUTOMETRIC__|0.1.2|26748|crew_log_c16f6190816157fc|0|1786391408.697|100.025|3.126|403423232|435396608|gen_data_c1c0841eb5d178ed|__AUTOMETRIC__
__AUTOMETRIC__|0.1.2|26748|crew_log_c16f6190816157fc|0|1786391409.711|98.681|3.084|403431424|435404800|gen_data_c1c0841eb5d178ed|__AUTOMETRIC__
__AUTOMETRIC__|0.1.2|26748|crew_log_c16f6190816157fc|0|1786391410.714|99.721|3.116|403345408|435339264|gen_data_c1c0841eb5d178ed|__AUTOMETRIC__
__AUTOMETRIC__|0.1.2|26748|crew_log_c16f6190816157fc|0|1786391411.717|98.093|3.065|403361792|435347456|gen_data_c1c0841eb5d178ed|__AUTOMETRIC__
__AUTOMETRIC__|0.1.2|26748|crew_log_c16f6190816157fc|0|1786391412.722|99.516|3.110|403369984|435343360|gen_data_c1c0841eb5d178ed|__AUTOMETRIC__
__AUTOMETRIC__|0.1.2|26748|crew_log_c16f6190816157fc|0|1786391413.728|100.955|3.155|403361792|435335168|gen_data_c1c0841eb5d178ed|__AUTOMETRIC__
__AUTOMETRIC__|0.1.2|26748|crew_log_c16f6190816157fc|0|1786391414.728|96.820|3.026|403353600|435326976|gen_data_c1c0841eb5d178ed|__AUTOMETRIC__
__AUTOMETRIC__|0.1.2|26748|crew_log_c16f6190816157fc|0|1786391415.742|98.669|3.083|403439616|435429376|gen_data_c1c0841eb5d178ed|__AUTOMETRIC__
__AUTOMETRIC__|0.1.2|26748|crew_log_c16f6190816157fc|0|1786391416.747|97.988|3.062|403456000|435429376|gen_data_c1c0841eb5d178ed|__AUTOMETRIC__
__AUTOMETRIC__|0.1.2|26748|crew_log_c16f6190816157fc|0|1786391417.751|99.562|3.111|403357696|435331072|gen_data_c1c0841eb5d178ed|__AUTOMETRIC__
__AUTOMETRIC__|0.1.2|26748|crew_log_c16f6190816157fc|0|1786391418.760|100.699|3.147|403394560|435367936|gen_data_c1c0841eb5d178ed|__AUTOMETRIC__
__AUTOMETRIC__|0.1.2|26748|crew_log_c16f6190816157fc|0|1786391419.773|100.241|3.133|403673088|435658752|gen_data_c1c0841eb5d178ed|__AUTOMETRIC__
__AUTOMETRIC__|0.1.2|26748|crew_log_c16f6190816157fc|0|1786391420.783|99.003|3.094|403435520|435408896|gen_data_c1c0841eb5d178ed|__AUTOMETRIC__
__AUTOMETRIC__|0.1.2|26748|crew_log_c16f6190816157fc|0|1786391421.787|98.023|3.063|403456000|435449856|gen_data_c1c0841eb5d178ed|__AUTOMETRIC__
__AUTOMETRIC__|0.1.2|26748|crew_log_c16f6190816157fc|0|1786391422.796|102.187|3.193|403542016|435515392|gen_data_c1c0841eb5d178ed|__AUTOMETRIC__
__AUTOMETRIC__|0.1.2|26748|crew_log_c16f6190816157fc|0|1786391423.797|99.871|3.121|403525632|435499008|gen_data_c1c0841eb5d178ed|__AUTOMETRIC__
__AUTOMETRIC__|0.1.2|26748|crew_log_c16f6190816157fc|0|1786391424.813|100.051|3.127|403517440|435490816|gen_data_c1c0841eb5d178ed|__AUTOMETRIC__
__AUTOMETRIC__|0.1.2|26748|crew_log_c16f6190816157fc|0|1786391425.816|96.547|3.017|403546112|435519488|gen_data_c1c0841eb5d178ed|__AUTOMETRIC__
__AUTOMETRIC__|0.1.2|26748|crew_log_c16f6190816157fc|0|1786391426.820|96.521|3.016|403542016|435515392|gen_data_c1c0841eb5d178ed|__AUTOMETRIC__
__AUTOMETRIC__|0.1.2|26748|crew_log_c16f6190816157fc|0|1786391427.821|99.873|3.121|403546112|435519488|gen_data_c1c0841eb5d178ed|__AUTOMETRIC__
__AUTOMETRIC__|0.1.2|26748|crew_log_c16f6190816157fc|0|1786391428.823|99.830|3.120|403562496|435535872|gen_data_c1c0841eb5d178ed|__AUTOMETRIC__
__AUTOMETRIC__|0.1.2|26748|crew_log_c16f6190816157fc|0|1786391429.837|100.088|3.128|403591168|435564544|gen_data_c1c0841eb5d178ed|__AUTOMETRIC__
__AUTOMETRIC__|0.1.2|26748|crew_log_c16f6190816157fc|0|1786391430.842|99.585|3.112|403562496|435535872|gen_data_c1c0841eb5d178ed|__AUTOMETRIC__
__AUTOMETRIC__|0.1.2|26748|crew_log_c16f6190816157fc|0|1786391431.843|99.805|3.119|403582976|435564544|gen_data_c1c0841eb5d178ed|__AUTOMETRIC__
__AUTOMETRIC__|0.1.2|26748|crew_log_c16f6190816157fc|0|1786391432.852|100.708|3.147|403587072|435568640|gen_data_c1c0841eb5d178ed|__AUTOMETRIC__
__AUTOMETRIC__|0.1.2|26748|crew_log_c16f6190816157fc|0|1786391433.854|96.696|3.022|403578880|435560448|gen_data_c1c0841eb5d178ed|__AUTOMETRIC__
__AUTOMETRIC__|0.1.2|26748|crew_log_c16f6190816157fc|0|1786391434.860|99.429|3.107|403628032|435613696|gen_data_c1c0841eb5d178ed|__AUTOMETRIC__
__AUTOMETRIC__|0.1.2|26748|crew_log_c16f6190816157fc|0|1786391435.864|99.608|3.113|403701760|435675136|gen_data_c1c0841eb5d178ed|__AUTOMETRIC__
__AUTOMETRIC__|0.1.2|26748|crew_log_c16f6190816157fc|0|1786391436.868|101.116|3.160|403537920|435519488|gen_data_c1c0841eb5d178ed|__AUTOMETRIC__
__AUTOMETRIC__|0.1.2|26748|crew_log_c16f6190816157fc|0|1786391437.873|96.361|3.011|403628032|435617792|gen_data_c1c0841eb5d178ed|__AUTOMETRIC__
__AUTOMETRIC__|0.1.2|26748|crew_log_c16f6190816157fc|0|1786391438.875|98.294|3.072|403677184|435658752|gen_data_c1c0841eb5d178ed|__AUTOMETRIC__
__AUTOMETRIC__|0.1.2|26748|crew_log_c16f6190816157fc|0|1786391439.877|98.200|3.069|403914752|435896320|gen_data_c1c0841eb5d178ed|__AUTOMETRIC__
__AUTOMETRIC__|0.1.2|26748|crew_log_c16f6190816157fc|0|1786391440.883|97.897|3.059|403677184|435658752|gen_data_c1c0841eb5d178ed|__AUTOMETRIC__
__AUTOMETRIC__|0.1.2|26748|crew_log_c16f6190816157fc|0|1786391441.888|99.450|3.108|403681280|435662848|gen_data_c1c0841eb5d178ed|__AUTOMETRIC__
__AUTOMETRIC__|0.1.2|26748|crew_log_c16f6190816157fc|0|1786391442.904|100.023|3.126|403705856|435679232|gen_data_c1c0841eb5d178ed|__AUTOMETRIC__
__AUTOMETRIC__|0.1.2|26748|crew_log_c16f6190816157fc|0|1786391443.917|100.180|3.131|403677184|435650560|gen_data_c1c0841eb5d178ed|__AUTOMETRIC__
__AUTOMETRIC__|0.1.2|26748|crew_log_c16f6190816157fc|0|1786391444.933|100.007|3.125|403730432|435642368|gen_data_c1c0841eb5d178ed|__AUTOMETRIC__
__AUTOMETRIC__|0.1.2|26748|crew_log_c16f6190816157fc|0|1786391445.934|99.885|3.121|403767296|435679232|gen_data_c1c0841eb5d178ed|__AUTOMETRIC__
__AUTOMETRIC__|0.1.2|26748|crew_log_c16f6190816157fc|0|1786391446.940|99.414|3.107|403771392|435683328|gen_data_c1c0841eb5d178ed|__AUTOMETRIC__
__AUTOMETRIC__|0.1.2|26748|crew_log_c16f6190816157fc|0|1786391447.953|98.690|3.084|403845120|435757056|gen_data_c1c0841eb5d178ed|__AUTOMETRIC__
__AUTOMETRIC__|0.1.2|26748|crew_log_c16f6190816157fc|0|1786391448.958|99.547|3.111|403841024|435752960|gen_data_c1c0841eb5d178ed|__AUTOMETRIC__
__AUTOMETRIC__|0.1.2|26748|crew_log_c16f6190816157fc|0|1786391449.963|101.081|3.159|403722240|435634176|gen_data_c1c0841eb5d178ed|__AUTOMETRIC__
__AUTOMETRIC__|0.1.2|26748|crew_log_c16f6190816157fc|0|1786391450.978|100.047|3.126|403734528|435646464|gen_data_c1c0841eb5d178ed|__AUTOMETRIC__
__AUTOMETRIC__|0.1.2|26748|crew_log_c16f6190816157fc|0|1786391451.988|97.453|3.045|403804160|435728384|gen_data_c1c0841eb5d178ed|__AUTOMETRIC__
__AUTOMETRIC__|0.1.2|26748|crew_log_c16f6190816157fc|0|1786391452.989|96.739|3.023|403816448|435740672|gen_data_c1c0841eb5d178ed|__AUTOMETRIC__
__AUTOMETRIC__|0.1.2|26748|crew_log_c16f6190816157fc|0|1786391453.992|99.748|3.117|403869696|435789824|gen_data_c1c0841eb5d178ed|__AUTOMETRIC__
__AUTOMETRIC__|0.1.2|26748|crew_log_c16f6190816157fc|0|1786391454.998|97.832|3.057|403877888|435789824|gen_data_c1c0841eb5d178ed|__AUTOMETRIC__
__AUTOMETRIC__|0.1.2|26748|crew_log_c16f6190816157fc|0|1786391456.001|98.137|3.067|403795968|435716096|gen_data_c1c0841eb5d178ed|__AUTOMETRIC__
__AUTOMETRIC__|0.1.2|26748|crew_log_c16f6190816157fc|0|1786391457.004|99.729|3.117|403828736|435748864|gen_data_c1c0841eb5d178ed|__AUTOMETRIC__
__AUTOMETRIC__|0.1.2|26748|crew_log_c16f6190816157fc|0|1786391458.018|100.117|3.129|403849216|435769344|gen_data_c1c0841eb5d178ed|__AUTOMETRIC__
__AUTOMETRIC__|0.1.2|26748|crew_log_c16f6190816157fc|0|1786391459.028|99.012|3.094|404086784|435998720|gen_data_c1c0841eb5d178ed|__AUTOMETRIC__
__AUTOMETRIC__|0.1.2|26748|crew_log_c16f6190816157fc|0|1786391460.040|98.798|3.087|403832832|435744768|gen_data_c1c0841eb5d178ed|__AUTOMETRIC__
__AUTOMETRIC__|0.1.2|26748|crew_log_c16f6190816157fc|0|1786391461.042|99.857|3.121|403845120|435757056|gen_data_c1c0841eb5d178ed|__AUTOMETRIC__
__AUTOMETRIC__|0.1.2|26748|crew_log_c16f6190816157fc|0|1786391462.048|99.398|3.106|403881984|435793920|gen_data_c1c0841eb5d178ed|__AUTOMETRIC__
__AUTOMETRIC__|0.1.2|26748|crew_log_c16f6190816157fc|0|1786391463.063|97.003|3.031|403861504|435773440|gen_data_c1c0841eb5d178ed|__AUTOMETRIC__
__AUTOMETRIC__|0.1.2|26748|crew_log_c16f6190816157fc|0|1786391464.079|98.423|3.076|403886080|435798016|gen_data_c1c0841eb5d178ed|__AUTOMETRIC__
__AUTOMETRIC__|0.1.2|26748|crew_log_c16f6190816157fc|0|1786391465.093|100.078|3.127|403841024|435752960|gen_data_c1c0841eb5d178ed|__AUTOMETRIC__
__AUTOMETRIC__|0.1.2|26748|crew_log_c16f6190816157fc|0|1786391466.108|98.597|3.081|403881984|435793920|gen_data_c1c0841eb5d178ed|__AUTOMETRIC__
__AUTOMETRIC__|0.1.2|26748|crew_log_c16f6190816157fc|0|1786391467.114|97.801|3.056|403865600|435777536|gen_data_c1c0841eb5d178ed|__AUTOMETRIC__
__AUTOMETRIC__|0.1.2|26748|crew_log_c16f6190816157fc|0|1786391468.122|100.755|3.149|403898368|435810304|gen_data_c1c0841eb5d178ed|__AUTOMETRIC__
__AUTOMETRIC__|0.1.2|26748|crew_log_c16f6190816157fc|0|1786391469.122|98.426|3.076|403877888|435789824|gen_data_c1c0841eb5d178ed|__AUTOMETRIC__
__AUTOMETRIC__|0.1.2|26748|crew_log_c16f6190816157fc|0|1786391470.135|98.701|3.084|403873792|435789824|gen_data_c1c0841eb5d178ed|__AUTOMETRIC__
__AUTOMETRIC__|0.1.2|26748|crew_log_c16f6190816157fc|0|1786391471.137|99.795|3.119|403894272|435806208|gen_data_c1c0841eb5d178ed|__AUTOMETRIC__
__AUTOMETRIC__|0.1.2|26748|crew_log_c16f6190816157fc|0|1786391472.141|99.607|3.113|403849216|435761152|gen_data_c1c0841eb5d178ed|__AUTOMETRIC__
__AUTOMETRIC__|0.1.2|26748|crew_log_c16f6190816157fc|0|1786391473.150|100.698|3.147|403951616|435867648|gen_data_c1c0841eb5d178ed|__AUTOMETRIC__
__AUTOMETRIC__|0.1.2|26748|crew_log_c16f6190816157fc|0|1786391474.158|97.646|3.051|403980288|435900416|gen_data_c1c0841eb5d178ed|__AUTOMETRIC__
__AUTOMETRIC__|0.1.2|26748|crew_log_c16f6190816157fc|0|1786391475.161|99.664|3.114|403963904|435879936|gen_data_c1c0841eb5d178ed|__AUTOMETRIC__
__AUTOMETRIC__|0.1.2|26748|crew_log_c16f6190816157fc|0|1786391476.165|98.117|3.066|404008960|435924992|gen_data_c1c0841eb5d178ed|__AUTOMETRIC__
__AUTOMETRIC__|0.1.2|26748|crew_log_c16f6190816157fc|0|1786391477.175|99.004|3.094|404021248|435937280|gen_data_c1c0841eb5d178ed|__AUTOMETRIC__
__AUTOMETRIC__|0.1.2|26748|crew_log_c16f6190816157fc|0|1786391478.182|100.854|3.152|404283392|436199424|gen_data_c1c0841eb5d178ed|__AUTOMETRIC__
__AUTOMETRIC__|0.1.2|26748|crew_log_c16f6190816157fc|0|1786391479.193|97.321|3.041|404008960|435924992|gen_data_c1c0841eb5d178ed|__AUTOMETRIC__
__AUTOMETRIC__|0.1.2|26748|crew_log_c16f6190816157fc|0|1786391480.200|100.875|3.152|404107264|436023296|gen_data_c1c0841eb5d178ed|__AUTOMETRIC__
__AUTOMETRIC__|0.1.2|26748|crew_log_c16f6190816157fc|0|1786391481.213|100.312|3.135|404115456|436031488|gen_data_c1c0841eb5d178ed|__AUTOMETRIC__
__AUTOMETRIC__|0.1.2|26748|crew_log_c16f6190816157fc|0|1786391482.219|99.353|3.105|404111360|436027392|gen_data_c1c0841eb5d178ed|__AUTOMETRIC__
__AUTOMETRIC__|0.1.2|26748|crew_log_c16f6190816157fc|0|1786391483.231|100.412|3.138|404148224|436064256|gen_data_c1c0841eb5d178ed|__AUTOMETRIC__
__AUTOMETRIC__|0.1.2|26748|crew_log_c16f6190816157fc|0|1786391484.238|99.237|3.101|404140032|436056064|gen_data_c1c0841eb5d178ed|__AUTOMETRIC__
__AUTOMETRIC__|0.1.2|26748|crew_log_c16f6190816157fc|0|1786391485.243|101.107|3.160|404193280|436109312|gen_data_c1c0841eb5d178ed|__AUTOMETRIC__
__AUTOMETRIC__|0.1.2|26748|crew_log_c16f6190816157fc|0|1786391486.252|99.111|3.097|404193280|436109312|gen_data_c1c0841eb5d178ed|__AUTOMETRIC__
__AUTOMETRIC__|0.1.2|26748|crew_log_c16f6190816157fc|0|1786391487.256|98.023|3.063|404209664|436125696|gen_data_c1c0841eb5d178ed|__AUTOMETRIC__
__AUTOMETRIC__|0.1.2|26748|crew_log_c16f6190816157fc|0|1786391488.258|101.346|3.167|404180992|436097024|gen_data_c1c0841eb5d178ed|__AUTOMETRIC__
__AUTOMETRIC__|0.1.2|26748|crew_log_c16f6190816157fc|0|1786391489.268|97.465|3.046|404189184|436105216|gen_data_c1c0841eb5d178ed|__AUTOMETRIC__
__AUTOMETRIC__|0.1.2|26748|crew_log_c16f6190816157fc|0|1786391490.275|100.849|3.152|404205568|436121600|gen_data_c1c0841eb5d178ed|__AUTOMETRIC__
__AUTOMETRIC__|0.1.2|26748|crew_log_c16f6190816157fc|0|1786391491.280|96.383|3.012|404180992|436101120|gen_data_c1c0841eb5d178ed|__AUTOMETRIC__
__AUTOMETRIC__|0.1.2|26748|crew_log_c16f6190816157fc|0|1786391492.289|99.139|3.098|404303872|436248576|gen_data_c1c0841eb5d178ed|__AUTOMETRIC__
__AUTOMETRIC__|0.1.2|26748|crew_log_c16f6190816157fc|0|1786391493.303|100.156|3.130|404348928|436264960|gen_data_c1c0841eb5d178ed|__AUTOMETRIC__
__AUTOMETRIC__|0.1.2|26748|crew_log_c16f6190816157fc|0|1786391494.309|99.386|3.106|404283392|436199424|gen_data_c1c0841eb5d178ed|__AUTOMETRIC__
__AUTOMETRIC__|0.1.2|26748|crew_log_c16f6190816157fc|0|1786391495.321|98.795|3.087|404295680|436219904|gen_data_c1c0841eb5d178ed|__AUTOMETRIC__
__AUTOMETRIC__|0.1.2|26748|crew_log_c16f6190816157fc|0|1786391496.331|99.024|3.094|404549632|436469760|gen_data_c1c0841eb5d178ed|__AUTOMETRIC__
__AUTOMETRIC__|0.1.2|26748|crew_log_c16f6190816157fc|0|1786391497.338|99.309|3.103|404426752|436412416|gen_data_c1c0841eb5d178ed|__AUTOMETRIC__
__AUTOMETRIC__|0.1.2|26748|crew_log_c16f6190816157fc|0|1786391498.339|99.891|3.122|404426752|436412416|gen_data_c1c0841eb5d178ed|__AUTOMETRIC__
__AUTOMETRIC__|0.1.2|26748|crew_log_c16f6190816157fc|0|1786391499.352|98.788|3.087|404492288|436408320|gen_data_c1c0841eb5d178ed|__AUTOMETRIC__
__AUTOMETRIC__|0.1.2|26748|crew_log_c16f6190816157fc|0|1786391500.358|99.391|3.106|404418560|436334592|gen_data_c1c0841eb5d178ed|__AUTOMETRIC__
__AUTOMETRIC__|0.1.2|26748|crew_log_c16f6190816157fc|0|1786391501.371|98.636|3.082|404410368|436330496|gen_data_c1c0841eb5d178ed|__AUTOMETRIC__
__AUTOMETRIC__|0.1.2|26748|crew_log_c16f6190816157fc|0|1786391502.375|98.088|3.065|404443136|436363264|gen_data_c1c0841eb5d178ed|__AUTOMETRIC__
__AUTOMETRIC__|0.1.2|26748|crew_log_c16f6190816157fc|0|1786391503.389|100.186|3.131|404443136|436363264|gen_data_c1c0841eb5d178ed|__AUTOMETRIC__
__AUTOMETRIC__|0.1.2|26748|crew_log_c16f6190816157fc|0|1786391504.394|97.966|3.061|404455424|436379648|gen_data_c1c0841eb5d178ed|__AUTOMETRIC__
__AUTOMETRIC__|0.1.2|26748|crew_log_c16f6190816157fc|0|1786391505.402|99.150|3.098|404467712|436383744|gen_data_c1c0841eb5d178ed|__AUTOMETRIC__
__AUTOMETRIC__|0.1.2|26748|crew_log_c16f6190816157fc|0|1786391506.414|100.410|3.138|404418560|436334592|gen_data_c1c0841eb5d178ed|__AUTOMETRIC__
__AUTOMETRIC__|0.1.2|26748|crew_log_c16f6190816157fc|0|1786391507.426|98.786|3.087|404434944|436350976|gen_data_c1c0841eb5d178ed|__AUTOMETRIC__
__AUTOMETRIC__|0.1.2|26748|crew_log_c16f6190816157fc|0|1786391508.432|100.914|3.154|404516864|436432896|gen_data_c1c0841eb5d178ed|__AUTOMETRIC__
__AUTOMETRIC__|0.1.2|26748|crew_log_c16f6190816157fc|0|1786391509.437|99.564|3.111|404553728|436469760|gen_data_c1c0841eb5d178ed|__AUTOMETRIC__
__AUTOMETRIC__|0.1.2|26748|crew_log_c16f6190816157fc|0|1786391510.444|99.326|3.104|404590592|436506624|gen_data_c1c0841eb5d178ed|__AUTOMETRIC__
__AUTOMETRIC__|0.1.2|26748|crew_log_c16f6190816157fc|0|1786391511.452|99.195|3.100|404848640|436764672|gen_data_c1c0841eb5d178ed|__AUTOMETRIC__
__AUTOMETRIC__|0.1.2|26748|crew_log_c16f6190816157fc|0|1786391512.463|100.453|3.139|404783104|436699136|gen_data_c1c0841eb5d178ed|__AUTOMETRIC__
__AUTOMETRIC__|0.1.2|26748|crew_log_c16f6190816157fc|0|1786391513.469|99.407|3.106|404803584|436719616|gen_data_c1c0841eb5d178ed|__AUTOMETRIC__
__AUTOMETRIC__|0.1.2|26748|crew_log_c16f6190816157fc|0|1786391514.474|99.456|3.108|405086208|437002240|gen_data_c1c0841eb5d178ed|__AUTOMETRIC__
__AUTOMETRIC__|0.1.2|26748|crew_log_c16f6190816157fc|0|1786391515.481|102.437|3.201|404832256|436748288|gen_data_c1c0841eb5d178ed|__AUTOMETRIC__
__AUTOMETRIC__|0.1.2|26748|crew_log_c16f6190816157fc|0|1786391516.495|98.609|3.082|404840448|436756480|gen_data_c1c0841eb5d178ed|__AUTOMETRIC__
__AUTOMETRIC__|0.1.2|26748|crew_log_c16f6190816157fc|0|1786391517.507|100.368|3.137|404836352|436752384|gen_data_c1c0841eb5d178ed|__AUTOMETRIC__
__AUTOMETRIC__|0.1.2|26748|crew_log_c16f6190816157fc|0|1786391518.517|97.497|3.047|404811776|436727808|gen_data_c1c0841eb5d178ed|__AUTOMETRIC__
__AUTOMETRIC__|0.1.2|26748|crew_log_c16f6190816157fc|0|1786391519.521|98.045|3.064|404811776|436727808|gen_data_c1c0841eb5d178ed|__AUTOMETRIC__
__AUTOMETRIC__|0.1.2|26748|crew_log_c16f6190816157fc|0|1786391520.534|98.666|3.083|404852736|436768768|gen_data_c1c0841eb5d178ed|__AUTOMETRIC__
__AUTOMETRIC__|0.1.2|26748|crew_log_c16f6190816157fc|0|1786391521.538|99.608|3.113|404852736|436768768|gen_data_c1c0841eb5d178ed|__AUTOMETRIC__
__AUTOMETRIC__|0.1.2|26748|crew_log_c16f6190816157fc|0|1786391522.543|97.955|3.061|404922368|436838400|gen_data_c1c0841eb5d178ed|__AUTOMETRIC__
__AUTOMETRIC__|0.1.2|26748|crew_log_c16f6190816157fc|0|1786391523.550|97.738|3.054|404996096|436965376|gen_data_c1c0841eb5d178ed|__AUTOMETRIC__
__AUTOMETRIC__|0.1.2|26748|crew_log_c16f6190816157fc|0|1786391524.559|100.640|3.145|405032960|436948992|gen_data_c1c0841eb5d178ed|__AUTOMETRIC__
__AUTOMETRIC__|0.1.2|26748|crew_log_c16f6190816157fc|0|1786391525.562|99.696|3.115|405041152|436965376|gen_data_c1c0841eb5d178ed|__AUTOMETRIC__
__AUTOMETRIC__|0.1.2|26748|crew_log_c16f6190816157fc|0|1786391526.573|100.477|3.140|405069824|436985856|gen_data_c1c0841eb5d178ed|__AUTOMETRIC__
__AUTOMETRIC__|0.1.2|26748|crew_log_c16f6190816157fc|0|1786391527.588|98.485|3.078|405049344|436965376|gen_data_c1c0841eb5d178ed|__AUTOMETRIC__
__AUTOMETRIC__|0.1.2|26748|crew_log_c16f6190816157fc|0|1786391528.602|100.250|3.133|405065728|436981760|gen_data_c1c0841eb5d178ed|__AUTOMETRIC__
__AUTOMETRIC__|0.1.2|26748|crew_log_c16f6190816157fc|0|1786391529.609|97.676|3.052|405073920|436989952|gen_data_c1c0841eb5d178ed|__AUTOMETRIC__
__AUTOMETRIC__|0.1.2|26748|crew_log_c16f6190816157fc|0|1786391530.623|95.600|2.987|405049344|436965376|gen_data_c1c0841eb5d178ed|__AUTOMETRIC__
__AUTOMETRIC__|0.1.2|26748|crew_log_c16f6190816157fc|0|1786391531.626|99.620|3.113|405057536|436973568|gen_data_c1c0841eb5d178ed|__AUTOMETRIC__
__AUTOMETRIC__|0.1.2|26748|crew_log_c16f6190816157fc|0|1786391532.638|100.376|3.137|405024768|436940800|gen_data_c1c0841eb5d178ed|__AUTOMETRIC__
__AUTOMETRIC__|0.1.2|26748|crew_log_c16f6190816157fc|0|1786391533.639|99.960|3.124|487235584|519364608|gen_data_c1c0841eb5d178ed|__AUTOMETRIC__
__AUTOMETRIC__|0.1.2|26748|crew_log_c16f6190816157fc|0|1786391534.646|100.794|3.150|487751680|519880704|gen_data_c1c0841eb5d178ed|__AUTOMETRIC__
__AUTOMETRIC__|0.1.2|26748|crew_log_c16f6190816157fc|0|1786391535.646|96.891|3.028|488034304|520163328|gen_data_c1c0841eb5d178ed|__AUTOMETRIC__
__AUTOMETRIC__|0.1.2|26748|crew_log_c16f6190816157fc|0|1786391536.647|98.389|3.075|488038400|520167424|gen_data_c1c0841eb5d178ed|__AUTOMETRIC__
__AUTOMETRIC__|0.1.2|26748|crew_log_c16f6190816157fc|0|1786391537.661|98.540|3.079|488558592|520687616|gen_data_c1c0841eb5d178ed|__AUTOMETRIC__
__AUTOMETRIC__|0.1.2|26748|crew_log_c16f6190816157fc|0|1786391538.664|102.849|3.214|488595456|520724480|gen_data_c1c0841eb5d178ed|__AUTOMETRIC__
__AUTOMETRIC__|0.1.2|26748|crew_log_c16f6190816157fc|0|1786391539.672|99.208|3.100|488263680|520392704|gen_data_c1c0841eb5d178ed|__AUTOMETRIC__
__AUTOMETRIC__|0.1.2|26748|crew_log_c16f6190816157fc|0|1786391540.676|98.054|3.064|488304640|520433664|gen_data_c1c0841eb5d178ed|__AUTOMETRIC__
__AUTOMETRIC__|0.1.2|26748|crew_log_c16f6190816157fc|0|1786391541.691|98.496|3.078|488333312|520462336|gen_data_c1c0841eb5d178ed|__AUTOMETRIC__
__AUTOMETRIC__|0.1.2|26748|crew_log_c16f6190816157fc|0|1786391542.697|100.967|3.155|488325120|520454144|gen_data_c1c0841eb5d178ed|__AUTOMETRIC__
__AUTOMETRIC__|0.1.2|26748|crew_log_c16f6190816157fc|0|1786391543.704|99.337|3.104|488628224|520761344|gen_data_c1c0841eb5d178ed|__AUTOMETRIC__
__AUTOMETRIC__|0.1.2|26748|crew_log_c16f6190816157fc|0|1786391544.707|99.693|3.115|488611840|520744960|gen_data_c1c0841eb5d178ed|__AUTOMETRIC__
__AUTOMETRIC__|0.1.2|26748|crew_log_c16f6190816157fc|0|1786391545.713|99.407|3.106|488644608|520777728|gen_data_c1c0841eb5d178ed|__AUTOMETRIC__
__AUTOMETRIC__|0.1.2|26748|crew_log_c16f6190816157fc|0|1786391546.727|100.142|3.129|488652800|520785920|gen_data_c1c0841eb5d178ed|__AUTOMETRIC__
__AUTOMETRIC__|0.1.2|26748|crew_log_c16f6190816157fc|0|1786391547.731|94.904|2.966|488894464|521027584|gen_data_c1c0841eb5d178ed|__AUTOMETRIC__
__AUTOMETRIC__|0.1.2|26748|crew_log_c16f6190816157fc|0|1786391548.733|99.812|3.119|488968192|521101312|gen_data_c1c0841eb5d178ed|__AUTOMETRIC__
__AUTOMETRIC__|0.1.2|26748|crew_log_c16f6190816157fc|0|1786391549.748|100.079|3.127|489197568|521330688|gen_data_c1c0841eb5d178ed|__AUTOMETRIC__
__AUTOMETRIC__|0.1.2|26748|crew_log_c16f6190816157fc|0|1786391550.761|100.223|3.132|488632320|520822784|gen_data_c1c0841eb5d178ed|__AUTOMETRIC__
__AUTOMETRIC__|0.1.2|26748|crew_log_c16f6190816157fc|0|1786391551.776|100.129|3.129|488632320|520822784|gen_data_c1c0841eb5d178ed|__AUTOMETRIC__
__AUTOMETRIC__|0.1.2|26748|crew_log_c16f6190816157fc|0|1786391552.776|99.951|3.123|488726528|520863744|gen_data_c1c0841eb5d178ed|__AUTOMETRIC__
__AUTOMETRIC__|0.1.2|26748|crew_log_c16f6190816157fc|0|1786391553.780|98.086|3.065|488767488|520916992|gen_data_c1c0841eb5d178ed|__AUTOMETRIC__
__AUTOMETRIC__|0.1.2|26748|crew_log_c16f6190816157fc|0|1786391554.795|98.477|3.077|489078784|521211904|gen_data_c1c0841eb5d178ed|__AUTOMETRIC__
__AUTOMETRIC__|0.1.2|26748|crew_log_c16f6190816157fc|0|1786391555.808|94.144|2.942|489123840|521256960|gen_data_c1c0841eb5d178ed|__AUTOMETRIC__
__AUTOMETRIC__|0.1.2|26748|crew_log_c16f6190816157fc|0|1786391556.823|100.051|3.127|489078784|521211904|gen_data_c1c0841eb5d178ed|__AUTOMETRIC__
__AUTOMETRIC__|0.1.2|26748|crew_log_c16f6190816157fc|0|1786391557.827|99.568|3.112|489099264|521232384|gen_data_c1c0841eb5d178ed|__AUTOMETRIC__
__AUTOMETRIC__|0.1.2|26748|crew_log_c16f6190816157fc|0|1786391558.841|100.222|3.132|489103360|521236480|gen_data_c1c0841eb5d178ed|__AUTOMETRIC__
__AUTOMETRIC__|0.1.2|26748|crew_log_c16f6190816157fc|0|1786391559.852|100.408|3.138|489365504|521498624|gen_data_c1c0841eb5d178ed|__AUTOMETRIC__
__AUTOMETRIC__|0.1.2|26748|crew_log_c16f6190816157fc|0|1786391560.859|97.808|3.056|489390080|521523200|gen_data_c1c0841eb5d178ed|__AUTOMETRIC__
__AUTOMETRIC__|0.1.2|26748|crew_log_c16f6190816157fc|0|1786391561.861|93.515|2.922|493547520|525918208|__DEFAULT__|__AUTOMETRIC__
__AUTOMETRIC__|0.1.2|26748|crew_log_c16f6190816157fc|0|1786391562.866|97.910|3.060|501325824|533336064|gen_data_8c5e4bc4df5ba92c|__AUTOMETRIC__
__AUTOMETRIC__|0.1.2|26748|crew_log_c16f6190816157fc|0|1786391563.881|100.092|3.128|500776960|532787200|gen_data_8c5e4bc4df5ba92c|__AUTOMETRIC__
__AUTOMETRIC__|0.1.2|26748|crew_log_c16f6190816157fc|0|1786391564.882|96.782|3.024|500781056|532791296|gen_data_8c5e4bc4df5ba92c|__AUTOMETRIC__
__AUTOMETRIC__|0.1.2|26748|crew_log_c16f6190816157fc|0|1786391565.887|99.549|3.111|500801536|532811776|gen_data_8c5e4bc4df5ba92c|__AUTOMETRIC__
__AUTOMETRIC__|0.1.2|26748|crew_log_c16f6190816157fc|0|1786391566.890|98.103|3.066|500805632|532815872|gen_data_8c5e4bc4df5ba92c|__AUTOMETRIC__
__AUTOMETRIC__|0.1.2|26748|crew_log_c16f6190816157fc|0|1786391567.905|100.089|3.128|508928000|540958720|gen_data_8c5e4bc4df5ba92c|__AUTOMETRIC__
__AUTOMETRIC__|0.1.2|26748|crew_log_c16f6190816157fc|0|1786391568.914|99.053|3.095|508940288|540971008|gen_data_8c5e4bc4df5ba92c|__AUTOMETRIC__
__AUTOMETRIC__|0.1.2|26748|crew_log_c16f6190816157fc|0|1786391569.919|99.569|3.112|508985344|541016064|gen_data_8c5e4bc4df5ba92c|__AUTOMETRIC__
__AUTOMETRIC__|0.1.2|26748|crew_log_c16f6190816157fc|0|1786391570.924|99.415|3.107|508940288|540971008|gen_data_8c5e4bc4df5ba92c|__AUTOMETRIC__
__AUTOMETRIC__|0.1.2|26748|crew_log_c16f6190816157fc|0|1786391571.926|99.872|3.121|509022208|541052928|gen_data_8c5e4bc4df5ba92c|__AUTOMETRIC__
__AUTOMETRIC__|0.1.2|26748|crew_log_c16f6190816157fc|0|1786391572.930|101.164|3.161|509038592|541069312|gen_data_8c5e4bc4df5ba92c|__AUTOMETRIC__
__AUTOMETRIC__|0.1.2|26748|crew_log_c16f6190816157fc|0|1786391573.944|101.636|3.176|509030400|541061120|gen_data_8c5e4bc4df5ba92c|__AUTOMETRIC__
__AUTOMETRIC__|0.1.2|26748|crew_log_c16f6190816157fc|0|1786391574.949|99.553|3.111|502484992|534523904|gen_data_8c5e4bc4df5ba92c|__AUTOMETRIC__
__AUTOMETRIC__|0.1.2|26748|crew_log_c16f6190816157fc|0|1786391575.962|98.732|3.085|502456320|534495232|gen_data_8c5e4bc4df5ba92c|__AUTOMETRIC__
__AUTOMETRIC__|0.1.2|26748|crew_log_c16f6190816157fc|0|1786391576.970|99.207|3.100|502484992|534523904|gen_data_8c5e4bc4df5ba92c|__AUTOMETRIC__
__AUTOMETRIC__|0.1.2|26748|crew_log_c16f6190816157fc|0|1786391577.977|100.876|3.152|502534144|534573056|gen_data_8c5e4bc4df5ba92c|__AUTOMETRIC__
__AUTOMETRIC__|0.1.2|26748|crew_log_c16f6190816157fc|0|1786391578.980|96.560|3.018|502530048|534568960|gen_data_8c5e4bc4df5ba92c|__AUTOMETRIC__
__AUTOMETRIC__|0.1.2|26748|crew_log_c16f6190816157fc|0|1786391579.996|99.963|3.124|502566912|534605824|gen_data_8c5e4bc4df5ba92c|__AUTOMETRIC__
__AUTOMETRIC__|0.1.2|26748|crew_log_c16f6190816157fc|0|1786391581.012|99.970|3.124|502534144|534573056|gen_data_8c5e4bc4df5ba92c|__AUTOMETRIC__
__AUTOMETRIC__|0.1.2|26748|crew_log_c16f6190816157fc|0|1786391582.015|98.137|3.067|502583296|534622208|gen_data_8c5e4bc4df5ba92c|__AUTOMETRIC__
__AUTOMETRIC__|0.1.2|26748|crew_log_c16f6190816157fc|0|1786391583.020|97.936|3.061|502636544|534675456|gen_data_8c5e4bc4df5ba92c|__AUTOMETRIC__
__AUTOMETRIC__|0.1.2|26748|crew_log_c16f6190816157fc|0|1786391584.024|101.118|3.160|502632448|534671360|gen_data_8c5e4bc4df5ba92c|__AUTOMETRIC__
__AUTOMETRIC__|0.1.2|26748|crew_log_c16f6190816157fc|0|1786391585.039|98.576|3.080|502677504|534716416|gen_data_8c5e4bc4df5ba92c|__AUTOMETRIC__
__AUTOMETRIC__|0.1.2|26748|crew_log_c16f6190816157fc|0|1786391586.052|98.649|3.083|503234560|535273472|gen_data_8c5e4bc4df5ba92c|__AUTOMETRIC__
__AUTOMETRIC__|0.1.2|26748|crew_log_c16f6190816157fc|0|1786391587.060|100.748|3.148|501923840|533962752|gen_data_8c5e4bc4df5ba92c|__AUTOMETRIC__
__AUTOMETRIC__|0.1.2|26748|crew_log_c16f6190816157fc|0|1786391588.061|99.981|3.124|501936128|533975040|gen_data_8c5e4bc4df5ba92c|__AUTOMETRIC__
__AUTOMETRIC__|0.1.2|26748|crew_log_c16f6190816157fc|0|1786391589.075|97.061|3.033|501964800|534003712|gen_data_8c5e4bc4df5ba92c|__AUTOMETRIC__
__AUTOMETRIC__|0.1.2|26748|crew_log_c16f6190816157fc|0|1786391590.077|99.821|3.119|501977088|534016000|gen_data_8c5e4bc4df5ba92c|__AUTOMETRIC__
__AUTOMETRIC__|0.1.2|26748|crew_log_c16f6190816157fc|0|1786391591.091|98.606|3.081|501936128|533975040|gen_data_8c5e4bc4df5ba92c|__AUTOMETRIC__
__AUTOMETRIC__|0.1.2|26748|crew_log_c16f6190816157fc|0|1786391592.091|98.404|3.075|501989376|534028288|gen_data_8c5e4bc4df5ba92c|__AUTOMETRIC__
__AUTOMETRIC__|0.1.2|26748|crew_log_c16f6190816157fc|0|1786391593.096|99.546|3.111|501948416|533987328|gen_data_8c5e4bc4df5ba92c|__AUTOMETRIC__
__AUTOMETRIC__|0.1.2|26748|crew_log_c16f6190816157fc|0|1786391594.107|98.842|3.089|501952512|533991424|gen_data_8c5e4bc4df5ba92c|__AUTOMETRIC__
__AUTOMETRIC__|0.1.2|26748|crew_log_c16f6190816157fc|0|1786391595.111|99.655|3.114|501964800|534003712|gen_data_8c5e4bc4df5ba92c|__AUTOMETRIC__
__AUTOMETRIC__|0.1.2|26748|crew_log_c16f6190816157fc|0|1786391596.124|100.292|3.134|501989376|534028288|gen_data_8c5e4bc4df5ba92c|__AUTOMETRIC__
__AUTOMETRIC__|0.1.2|26748|crew_log_c16f6190816157fc|0|1786391597.131|100.850|3.152|502005760|534044672|gen_data_8c5e4bc4df5ba92c|__AUTOMETRIC__
__AUTOMETRIC__|0.1.2|26748|crew_log_c16f6190816157fc|0|1786391598.140|97.484|3.046|501993472|534024192|gen_data_8c5e4bc4df5ba92c|__AUTOMETRIC__
__AUTOMETRIC__|0.1.2|26748|crew_log_c16f6190816157fc|0|1786391599.140|95.314|2.979|501874688|533913600|gen_data_8c5e4bc4df5ba92c|__AUTOMETRIC__
__AUTOMETRIC__|0.1.2|26748|crew_log_c16f6190816157fc|0|1786391600.146|97.865|3.058|501915648|533954560|gen_data_8c5e4bc4df5ba92c|__AUTOMETRIC__
__AUTOMETRIC__|0.1.2|26748|crew_log_c16f6190816157fc|0|1786391601.158|98.798|3.087|501882880|533921792|gen_data_8c5e4bc4df5ba92c|__AUTOMETRIC__
__AUTOMETRIC__|0.1.2|26748|crew_log_c16f6190816157fc|0|1786391602.172|100.153|3.130|501968896|534007808|gen_data_8c5e4bc4df5ba92c|__AUTOMETRIC__
__AUTOMETRIC__|0.1.2|26748|crew_log_c16f6190816157fc|0|1786391603.181|97.638|3.051|501923840|533962752|gen_data_8c5e4bc4df5ba92c|__AUTOMETRIC__
__AUTOMETRIC__|0.1.2|26748|crew_log_c16f6190816157fc|0|1786391604.182|99.833|3.120|502009856|534048768|gen_data_8c5e4bc4df5ba92c|__AUTOMETRIC__
__AUTOMETRIC__|0.1.2|26748|crew_log_c16f6190816157fc|0|1786391605.189|99.302|3.103|501952512|533991424|gen_data_8c5e4bc4df5ba92c|__AUTOMETRIC__
__AUTOMETRIC__|0.1.2|26748|crew_log_c16f6190816157fc|0|1786391606.199|100.568|3.143|501977088|534011904|gen_data_8c5e4bc4df5ba92c|__AUTOMETRIC__
__AUTOMETRIC__|0.1.2|26748|crew_log_c16f6190816157fc|0|1786391607.201|99.832|3.120|502001664|534036480|gen_data_8c5e4bc4df5ba92c|__AUTOMETRIC__
__AUTOMETRIC__|0.1.2|26748|crew_log_c16f6190816157fc|0|1786391608.209|99.244|3.101|501989376|534024192|gen_data_8c5e4bc4df5ba92c|__AUTOMETRIC__
__AUTOMETRIC__|0.1.2|26748|crew_log_c16f6190816157fc|0|1786391609.213|101.137|3.161|502075392|534110208|gen_data_8c5e4bc4df5ba92c|__AUTOMETRIC__
__AUTOMETRIC__|0.1.2|26748|crew_log_c16f6190816157fc|0|1786391610.221|99.154|3.099|502030336|534065152|gen_data_8c5e4bc4df5ba92c|__AUTOMETRIC__
__AUTOMETRIC__|0.1.2|26748|crew_log_c16f6190816157fc|0|1786391611.235|97.134|3.035|501932032|533905408|gen_data_8c5e4bc4df5ba92c|__AUTOMETRIC__
__AUTOMETRIC__|0.1.2|26748|crew_log_c16f6190816157fc|0|1786391612.244|99.091|3.097|501919744|533893120|gen_data_8c5e4bc4df5ba92c|__AUTOMETRIC__
__AUTOMETRIC__|0.1.2|26748|crew_log_c16f6190816157fc|0|1786391613.249|99.475|3.109|501944320|533917696|gen_data_8c5e4bc4df5ba92c|__AUTOMETRIC__
__AUTOMETRIC__|0.1.2|26748|crew_log_c16f6190816157fc|0|1786391614.259|100.538|3.142|501956608|533929984|gen_data_8c5e4bc4df5ba92c|__AUTOMETRIC__
__AUTOMETRIC__|0.1.2|26748|crew_log_c16f6190816157fc|0|1786391615.261|98.314|3.072|501915648|533889024|gen_data_8c5e4bc4df5ba92c|__AUTOMETRIC__
__AUTOMETRIC__|0.1.2|26748|crew_log_c16f6190816157fc|0|1786391616.274|100.266|3.133|501960704|533934080|gen_data_8c5e4bc4df5ba92c|__AUTOMETRIC__
__AUTOMETRIC__|0.1.2|26748|crew_log_c16f6190816157fc|0|1786391617.284|98.991|3.093|501956608|533929984|gen_data_8c5e4bc4df5ba92c|__AUTOMETRIC__
__AUTOMETRIC__|0.1.2|26748|crew_log_c16f6190816157fc|0|1786391618.293|99.103|3.097|501915648|533889024|gen_data_8c5e4bc4df5ba92c|__AUTOMETRIC__
__AUTOMETRIC__|0.1.2|26748|crew_log_c16f6190816157fc|0|1786391619.301|96.132|3.004|501960704|533934080|gen_data_8c5e4bc4df5ba92c|__AUTOMETRIC__
__AUTOMETRIC__|0.1.2|26748|crew_log_c16f6190816157fc|0|1786391620.309|99.112|3.097|501915648|533889024|gen_data_8c5e4bc4df5ba92c|__AUTOMETRIC__
__AUTOMETRIC__|0.1.2|26748|crew_log_c16f6190816157fc|0|1786391621.311|99.880|3.121|501960704|533934080|gen_data_8c5e4bc4df5ba92c|__AUTOMETRIC__
__AUTOMETRIC__|0.1.2|26748|crew_log_c16f6190816157fc|0|1786391622.323|100.312|3.135|501932032|533905408|gen_data_8c5e4bc4df5ba92c|__AUTOMETRIC__
__AUTOMETRIC__|0.1.2|26748|crew_log_c16f6190816157fc|0|1786391623.334|98.909|3.091|501846016|533803008|gen_data_8c5e4bc4df5ba92c|__AUTOMETRIC__
__AUTOMETRIC__|0.1.2|26748|crew_log_c16f6190816157fc|0|1786391624.340|96.293|3.009|501850112|533807104|gen_data_8c5e4bc4df5ba92c|__AUTOMETRIC__
__AUTOMETRIC__|0.1.2|26748|crew_log_c16f6190816157fc|0|1786391625.345|99.545|3.111|501813248|533770240|gen_data_8c5e4bc4df5ba92c|__AUTOMETRIC__
__AUTOMETRIC__|0.1.2|26748|crew_log_c16f6190816157fc|0|1786391626.354|99.046|3.095|501850112|533807104|gen_data_8c5e4bc4df5ba92c|__AUTOMETRIC__
__AUTOMETRIC__|0.1.2|26748|crew_log_c16f6190816157fc|0|1786391627.361|96.199|3.006|501825536|533782528|gen_data_8c5e4bc4df5ba92c|__AUTOMETRIC__
__AUTOMETRIC__|0.1.2|26748|crew_log_c16f6190816157fc|0|1786391628.364|99.766|3.118|501850112|533807104|gen_data_8c5e4bc4df5ba92c|__AUTOMETRIC__
__AUTOMETRIC__|0.1.2|26748|crew_log_c16f6190816157fc|0|1786391629.369|102.541|3.204|501854208|533811200|gen_data_8c5e4bc4df5ba92c|__AUTOMETRIC__
__AUTOMETRIC__|0.1.2|26748|crew_log_c16f6190816157fc|0|1786391630.379|99.026|3.095|501809152|533766144|gen_data_8c5e4bc4df5ba92c|__AUTOMETRIC__
__AUTOMETRIC__|0.1.2|26748|crew_log_c16f6190816157fc|0|1786391631.383|101.154|3.161|501850112|533807104|gen_data_8c5e4bc4df5ba92c|__AUTOMETRIC__
__AUTOMETRIC__|0.1.2|26748|crew_log_c16f6190816157fc|0|1786391632.387|99.628|3.113|501858304|533815296|gen_data_8c5e4bc4df5ba92c|__AUTOMETRIC__
__AUTOMETRIC__|0.1.2|26748|crew_log_c16f6190816157fc|0|1786391633.395|99.208|3.100|501882880|533839872|gen_data_8c5e4bc4df5ba92c|__AUTOMETRIC__
__AUTOMETRIC__|0.1.2|26748|crew_log_c16f6190816157fc|0|1786391634.401|102.478|3.202|501919744|533876736|gen_data_8c5e4bc4df5ba92c|__AUTOMETRIC__
__AUTOMETRIC__|0.1.2|26748|crew_log_c16f6190816157fc|0|1786391635.409|99.274|3.102|501620736|533577728|gen_data_8c5e4bc4df5ba92c|__AUTOMETRIC__
__AUTOMETRIC__|0.1.2|26748|crew_log_c16f6190816157fc|0|1786391636.423|100.085|3.128|501673984|533630976|gen_data_8c5e4bc4df5ba92c|__AUTOMETRIC__
__AUTOMETRIC__|0.1.2|26748|crew_log_c16f6190816157fc|0|1786391637.436|100.329|3.135|501714944|533671936|gen_data_8c5e4bc4df5ba92c|__AUTOMETRIC__
__AUTOMETRIC__|0.1.2|26748|crew_log_c16f6190816157fc|0|1786391638.443|99.303|3.103|501719040|533676032|gen_data_8c5e4bc4df5ba92c|__AUTOMETRIC__
__AUTOMETRIC__|0.1.2|26748|crew_log_c16f6190816157fc|0|1786391639.452|97.518|3.047|501739520|533696512|gen_data_8c5e4bc4df5ba92c|__AUTOMETRIC__
__AUTOMETRIC__|0.1.2|26748|crew_log_c16f6190816157fc|0|1786391640.459|100.921|3.154|501735424|533692416|gen_data_8c5e4bc4df5ba92c|__AUTOMETRIC__
__AUTOMETRIC__|0.1.2|26748|crew_log_c16f6190816157fc|0|1786391641.465|99.384|3.106|501714944|533671936|gen_data_8c5e4bc4df5ba92c|__AUTOMETRIC__
__AUTOMETRIC__|0.1.2|26748|crew_log_c16f6190816157fc|0|1786391642.470|97.940|3.061|501702656|533659648|gen_data_8c5e4bc4df5ba92c|__AUTOMETRIC__
__AUTOMETRIC__|0.1.2|26748|crew_log_c16f6190816157fc|0|1786391643.484|97.047|3.033|501714944|533671936|gen_data_8c5e4bc4df5ba92c|__AUTOMETRIC__
__AUTOMETRIC__|0.1.2|26748|crew_log_c16f6190816157fc|0|1786391644.485|98.333|3.073|501682176|533639168|gen_data_8c5e4bc4df5ba92c|__AUTOMETRIC__
__AUTOMETRIC__|0.1.2|26748|crew_log_c16f6190816157fc|0|1786391645.500|96.982|3.031|501735424|533692416|gen_data_8c5e4bc4df5ba92c|__AUTOMETRIC__
__AUTOMETRIC__|0.1.2|26748|crew_log_c16f6190816157fc|0|1786391646.513|100.272|3.133|501731328|533688320|gen_data_8c5e4bc4df5ba92c|__AUTOMETRIC__
__AUTOMETRIC__|0.1.2|26748|crew_log_c16f6190816157fc|0|1786391647.526|98.741|3.086|501551104|533532672|gen_data_8c5e4bc4df5ba92c|__AUTOMETRIC__
__AUTOMETRIC__|0.1.2|26748|crew_log_c16f6190816157fc|0|1786391648.528|99.762|3.118|501559296|533540864|gen_data_8c5e4bc4df5ba92c|__AUTOMETRIC__
__AUTOMETRIC__|0.1.2|26748|crew_log_c16f6190816157fc|0|1786391649.530|98.311|3.072|501542912|533524480|gen_data_8c5e4bc4df5ba92c|__AUTOMETRIC__
__AUTOMETRIC__|0.1.2|26748|crew_log_c16f6190816157fc|0|1786391650.545|100.061|3.127|501559296|533540864|gen_data_8c5e4bc4df5ba92c|__AUTOMETRIC__
__AUTOMETRIC__|0.1.2|26748|crew_log_c16f6190816157fc|0|1786391651.548|99.701|3.116|501567488|533549056|gen_data_8c5e4bc4df5ba92c|__AUTOMETRIC__
__AUTOMETRIC__|0.1.2|26748|crew_log_c16f6190816157fc|0|1786391652.559|98.841|3.089|501555200|533536768|gen_data_8c5e4bc4df5ba92c|__AUTOMETRIC__
__AUTOMETRIC__|0.1.2|26748|crew_log_c16f6190816157fc|0|1786391653.575|98.476|3.077|501567488|533549056|gen_data_8c5e4bc4df5ba92c|__AUTOMETRIC__
__AUTOMETRIC__|0.1.2|26748|crew_log_c16f6190816157fc|0|1786391654.589|98.616|3.082|501542912|533524480|gen_data_8c5e4bc4df5ba92c|__AUTOMETRIC__
__AUTOMETRIC__|0.1.2|26748|crew_log_c16f6190816157fc|0|1786391655.591|96.651|3.020|501583872|533565440|gen_data_8c5e4bc4df5ba92c|__AUTOMETRIC__
__AUTOMETRIC__|0.1.2|26748|crew_log_c16f6190816157fc|0|1786391656.593|99.858|3.121|501587968|533569536|gen_data_8c5e4bc4df5ba92c|__AUTOMETRIC__
__AUTOMETRIC__|0.1.2|26748|crew_log_c16f6190816157fc|0|1786391657.606|100.214|3.132|501624832|533606400|gen_data_8c5e4bc4df5ba92c|__AUTOMETRIC__
__AUTOMETRIC__|0.1.2|26748|crew_log_c16f6190816157fc|0|1786391658.620|100.187|3.131|501702656|533659648|gen_data_8c5e4bc4df5ba92c|__AUTOMETRIC__
__AUTOMETRIC__|0.1.2|26748|crew_log_c16f6190816157fc|0|1786391659.625|97.919|3.060|501501952|533458944|gen_data_8c5e4bc4df5ba92c|__AUTOMETRIC__
__AUTOMETRIC__|0.1.2|26748|crew_log_c16f6190816157fc|0|1786391660.629|99.632|3.114|501518336|533475328|gen_data_8c5e4bc4df5ba92c|__AUTOMETRIC__
__AUTOMETRIC__|0.1.2|26748|crew_log_c16f6190816157fc|0|1786391661.633|101.101|3.159|501526528|533483520|gen_data_8c5e4bc4df5ba92c|__AUTOMETRIC__
__AUTOMETRIC__|0.1.2|26748|crew_log_c16f6190816157fc|0|1786391662.649|100.033|3.126|501514240|533471232|gen_data_8c5e4bc4df5ba92c|__AUTOMETRIC__
__AUTOMETRIC__|0.1.2|26748|crew_log_c16f6190816157fc|0|1786391663.655|99.351|3.105|501600256|533557248|gen_data_8c5e4bc4df5ba92c|__AUTOMETRIC__
__AUTOMETRIC__|0.1.2|26748|crew_log_c16f6190816157fc|0|1786391664.662|99.360|3.105|501563392|533520384|gen_data_8c5e4bc4df5ba92c|__AUTOMETRIC__
__AUTOMETRIC__|0.1.2|26748|crew_log_c16f6190816157fc|0|1786391665.672|100.482|3.140|501616640|533573632|gen_data_8c5e4bc4df5ba92c|__AUTOMETRIC__
__AUTOMETRIC__|0.1.2|26748|crew_log_c16f6190816157fc|0|1786391666.678|99.394|3.106|501600256|533557248|gen_data_8c5e4bc4df5ba92c|__AUTOMETRIC__
__AUTOMETRIC__|0.1.2|26748|crew_log_c16f6190816157fc|0|1786391667.683|99.542|3.111|501624832|533581824|gen_data_8c5e4bc4df5ba92c|__AUTOMETRIC__
__AUTOMETRIC__|0.1.2|26748|crew_log_c16f6190816157fc|0|1786391668.688|97.992|3.062|501661696|533618688|gen_data_8c5e4bc4df5ba92c|__AUTOMETRIC__
__AUTOMETRIC__|0.1.2|26748|crew_log_c16f6190816157fc|0|1786391669.699|100.459|3.139|501653504|533610496|gen_data_8c5e4bc4df5ba92c|__AUTOMETRIC__
__AUTOMETRIC__|0.1.2|26748|crew_log_c16f6190816157fc|0|1786391670.710|100.372|3.137|501698560|533655552|gen_data_8c5e4bc4df5ba92c|__AUTOMETRIC__
__AUTOMETRIC__|0.1.2|26748|crew_log_c16f6190816157fc|0|1786391671.711|98.399|3.075|501424128|533381120|gen_data_8c5e4bc4df5ba92c|__AUTOMETRIC__
__AUTOMETRIC__|0.1.2|26748|crew_log_c16f6190816157fc|0|1786391672.722|98.909|3.091|501465088|533422080|gen_data_8c5e4bc4df5ba92c|__AUTOMETRIC__
__AUTOMETRIC__|0.1.2|26748|crew_log_c16f6190816157fc|0|1786391673.734|100.303|3.134|501477376|533434368|gen_data_8c5e4bc4df5ba92c|__AUTOMETRIC__
__AUTOMETRIC__|0.1.2|26748|crew_log_c16f6190816157fc|0|1786391674.737|98.197|3.069|501477376|533434368|gen_data_8c5e4bc4df5ba92c|__AUTOMETRIC__
__AUTOMETRIC__|0.1.2|26748|crew_log_c16f6190816157fc|0|1786391675.741|101.108|3.160|501530624|533487616|gen_data_8c5e4bc4df5ba92c|__AUTOMETRIC__
__AUTOMETRIC__|0.1.2|26748|crew_log_c16f6190816157fc|0|1786391676.756|98.550|3.080|501596160|533553152|gen_data_8c5e4bc4df5ba92c|__AUTOMETRIC__
__AUTOMETRIC__|0.1.2|26748|crew_log_c16f6190816157fc|0|1786391677.771|98.503|3.078|501493760|533450752|gen_data_8c5e4bc4df5ba92c|__AUTOMETRIC__
__AUTOMETRIC__|0.1.2|26748|crew_log_c16f6190816157fc|0|1786391678.783|100.418|3.138|501452800|533409792|gen_data_8c5e4bc4df5ba92c|__AUTOMETRIC__
__AUTOMETRIC__|0.1.2|26748|crew_log_c16f6190816157fc|0|1786391679.786|96.510|3.016|501489664|533446656|gen_data_8c5e4bc4df5ba92c|__AUTOMETRIC__
__AUTOMETRIC__|0.1.2|26748|crew_log_c16f6190816157fc|0|1786391680.788|96.678|3.021|501493760|533450752|gen_data_8c5e4bc4df5ba92c|__AUTOMETRIC__
__AUTOMETRIC__|0.1.2|26748|crew_log_c16f6190816157fc|0|1786391681.803|100.062|3.127|501518336|533475328|gen_data_8c5e4bc4df5ba92c|__AUTOMETRIC__
__AUTOMETRIC__|0.1.2|26748|crew_log_c16f6190816157fc|0|1786391682.809|99.445|3.108|501403648|533364736|gen_data_8c5e4bc4df5ba92c|__AUTOMETRIC__
__AUTOMETRIC__|0.1.2|26748|crew_log_c16f6190816157fc|0|1786391683.813|99.612|3.113|501432320|533393408|gen_data_8c5e4bc4df5ba92c|__AUTOMETRIC__
__AUTOMETRIC__|0.1.2|26748|crew_log_c16f6190816157fc|0|1786391684.827|98.620|3.082|501432320|533393408|gen_data_8c5e4bc4df5ba92c|__AUTOMETRIC__
__AUTOMETRIC__|0.1.2|26748|crew_log_c16f6190816157fc|0|1786391685.829|98.220|3.069|501469184|533430272|gen_data_8c5e4bc4df5ba92c|__AUTOMETRIC__
__AUTOMETRIC__|0.1.2|26748|crew_log_c16f6190816157fc|0|1786391686.833|99.567|3.111|501465088|533426176|gen_data_8c5e4bc4df5ba92c|__AUTOMETRIC__
__AUTOMETRIC__|0.1.2|26748|crew_log_c16f6190816157fc|0|1786391687.837|98.082|3.065|501485568|533446656|gen_data_8c5e4bc4df5ba92c|__AUTOMETRIC__
__AUTOMETRIC__|0.1.2|26748|crew_log_c16f6190816157fc|0|1786391688.841|99.617|3.113|501477376|533438464|gen_data_8c5e4bc4df5ba92c|__AUTOMETRIC__
__AUTOMETRIC__|0.1.2|26748|crew_log_c16f6190816157fc|0|1786391689.843|99.752|3.117|501493760|533454848|gen_data_8c5e4bc4df5ba92c|__AUTOMETRIC__
__AUTOMETRIC__|0.1.2|26748|crew_log_c16f6190816157fc|0|1786391690.858|100.146|3.130|501493760|533454848|gen_data_8c5e4bc4df5ba92c|__AUTOMETRIC__
__AUTOMETRIC__|0.1.2|26748|crew_log_c16f6190816157fc|0|1786391691.863|99.503|3.109|501485568|533446656|gen_data_8c5e4bc4df5ba92c|__AUTOMETRIC__
__AUTOMETRIC__|0.1.2|26748|crew_log_c16f6190816157fc|0|1786391692.865|102.858|3.214|501501952|533463040|gen_data_8c5e4bc4df5ba92c|__AUTOMETRIC__
__AUTOMETRIC__|0.1.2|26748|crew_log_c16f6190816157fc|0|1786391693.878|98.685|3.084|501506048|533467136|gen_data_8c5e4bc4df5ba92c|__AUTOMETRIC__
__AUTOMETRIC__|0.1.2|26748|crew_log_c16f6190816157fc|0|1786391694.894|101.532|3.173|501391360|533348352|gen_data_8c5e4bc4df5ba92c|__AUTOMETRIC__
__AUTOMETRIC__|0.1.2|26748|crew_log_c16f6190816157fc|0|1786391695.895|101.521|3.173|501399552|533356544|gen_data_8c5e4bc4df5ba92c|__AUTOMETRIC__
__AUTOMETRIC__|0.1.2|26748|crew_log_c16f6190816157fc|0|1786391696.899|101.156|3.161|501391360|533348352|gen_data_8c5e4bc4df5ba92c|__AUTOMETRIC__
__AUTOMETRIC__|0.1.2|26748|crew_log_c16f6190816157fc|0|1786391697.913|98.553|3.080|501399552|533356544|gen_data_8c5e4bc4df5ba92c|__AUTOMETRIC__
__AUTOMETRIC__|0.1.2|26748|crew_log_c16f6190816157fc|0|1786391698.919|96.363|3.011|501391360|533348352|gen_data_8c5e4bc4df5ba92c|__AUTOMETRIC__
__AUTOMETRIC__|0.1.2|26748|crew_log_c16f6190816157fc|0|1786391699.931|100.310|3.135|501403648|533360640|gen_data_8c5e4bc4df5ba92c|__AUTOMETRIC__
__AUTOMETRIC__|0.1.2|26748|crew_log_c16f6190816157fc|0|1786391700.931|98.430|3.076|501415936|533372928|gen_data_8c5e4bc4df5ba92c|__AUTOMETRIC__
__AUTOMETRIC__|0.1.2|26748|crew_log_c16f6190816157fc|0|1786391701.944|100.285|3.134|501420032|533377024|gen_data_8c5e4bc4df5ba92c|__AUTOMETRIC__
__AUTOMETRIC__|0.1.2|26748|crew_log_c16f6190816157fc|0|1786391702.956|97.243|3.039|501424128|533381120|gen_data_8c5e4bc4df5ba92c|__AUTOMETRIC__
__AUTOMETRIC__|0.1.2|26748|crew_log_c16f6190816157fc|0|1786391703.959|101.296|3.165|501420032|533377024|gen_data_8c5e4bc4df5ba92c|__AUTOMETRIC__
__AUTOMETRIC__|0.1.2|26748|crew_log_c16f6190816157fc|0|1786391704.964|99.459|3.108|501456896|533413888|gen_data_8c5e4bc4df5ba92c|__AUTOMETRIC__
__AUTOMETRIC__|0.1.2|26748|crew_log_c16f6190816157fc|0|1786391705.965|98.344|3.073|501477376|533434368|gen_data_8c5e4bc4df5ba92c|__AUTOMETRIC__
__AUTOMETRIC__|0.1.2|26748|crew_log_c16f6190816157fc|0|1786391706.969|98.041|3.064|501243904|533209088|gen_data_8c5e4bc4df5ba92c|__AUTOMETRIC__
__AUTOMETRIC__|0.1.2|26748|crew_log_c16f6190816157fc|0|1786391707.977|99.211|3.100|501243904|533209088|gen_data_8c5e4bc4df5ba92c|__AUTOMETRIC__
__AUTOMETRIC__|0.1.2|26748|crew_log_c16f6190816157fc|0|1786391708.980|99.700|3.116|501243904|533209088|gen_data_8c5e4bc4df5ba92c|__AUTOMETRIC__
__AUTOMETRIC__|0.1.2|26748|crew_log_c16f6190816157fc|0|1786391709.989|100.629|3.145|501284864|533250048|gen_data_8c5e4bc4df5ba92c|__AUTOMETRIC__
__AUTOMETRIC__|0.1.2|26748|crew_log_c16f6190816157fc|0|1786391710.996|97.781|3.056|501284864|533250048|gen_data_8c5e4bc4df5ba92c|__AUTOMETRIC__
__AUTOMETRIC__|0.1.2|26748|crew_log_c16f6190816157fc|0|1786391712.002|97.821|3.057|501338112|533303296|gen_data_8c5e4bc4df5ba92c|__AUTOMETRIC__
__AUTOMETRIC__|0.1.2|26748|crew_log_c16f6190816157fc|0|1786391713.007|97.979|3.062|501284864|533229568|gen_data_8c5e4bc4df5ba92c|__AUTOMETRIC__
__AUTOMETRIC__|0.1.2|26748|crew_log_c16f6190816157fc|0|1786391714.017|98.989|3.093|501288960|533233664|gen_data_8c5e4bc4df5ba92c|__AUTOMETRIC__
__AUTOMETRIC__|0.1.2|26748|crew_log_c16f6190816157fc|0|1786391715.026|100.679|3.146|501321728|533266432|gen_data_8c5e4bc4df5ba92c|__AUTOMETRIC__
__AUTOMETRIC__|0.1.2|26748|crew_log_c16f6190816157fc|0|1786391716.032|97.868|3.058|501329920|533274624|gen_data_8c5e4bc4df5ba92c|__AUTOMETRIC__
__AUTOMETRIC__|0.1.2|26748|crew_log_c16f6190816157fc|0|1786391717.038|100.961|3.155|501370880|533315584|gen_data_8c5e4bc4df5ba92c|__AUTOMETRIC__
__AUTOMETRIC__|0.1.2|26748|crew_log_c16f6190816157fc|0|1786391718.042|98.062|3.064|501391360|533331968|gen_data_8c5e4bc4df5ba92c|__AUTOMETRIC__
__AUTOMETRIC__|0.1.2|26748|crew_log_c16f6190816157fc|0|1786391719.053|100.441|3.139|501272576|533221376|gen_data_8c5e4bc4df5ba92c|__AUTOMETRIC__
__AUTOMETRIC__|0.1.2|26748|crew_log_c16f6190816157fc|0|1786391720.056|98.097|3.066|501293056|533241856|gen_data_8c5e4bc4df5ba92c|__AUTOMETRIC__
__AUTOMETRIC__|0.1.2|26748|crew_log_c16f6190816157fc|0|1786391721.060|99.686|3.115|501293056|533241856|gen_data_8c5e4bc4df5ba92c|__AUTOMETRIC__
__AUTOMETRIC__|0.1.2|26748|crew_log_c16f6190816157fc|0|1786391722.064|99.600|3.113|501305344|533254144|gen_data_8c5e4bc4df5ba92c|__AUTOMETRIC__
__AUTOMETRIC__|0.1.2|26748|crew_log_c16f6190816157fc|0|1786391723.068|97.997|3.062|501321728|533270528|gen_data_8c5e4bc4df5ba92c|__AUTOMETRIC__
__AUTOMETRIC__|0.1.2|26748|crew_log_c16f6190816157fc|0|1786391724.073|101.059|3.158|501317632|533266432|gen_data_8c5e4bc4df5ba92c|__AUTOMETRIC__
__AUTOMETRIC__|0.1.2|26748|crew_log_c16f6190816157fc|0|1786391725.081|97.658|3.052|501313536|533262336|gen_data_8c5e4bc4df5ba92c|__AUTOMETRIC__
__AUTOMETRIC__|0.1.2|26748|crew_log_c16f6190816157fc|0|1786391726.093|100.365|3.136|501309440|533258240|gen_data_8c5e4bc4df5ba92c|__AUTOMETRIC__
__AUTOMETRIC__|0.1.2|26748|crew_log_c16f6190816157fc|0|1786391727.097|96.461|3.014|501317632|533266432|gen_data_8c5e4bc4df5ba92c|__AUTOMETRIC__
__AUTOMETRIC__|0.1.2|26748|crew_log_c16f6190816157fc|0|1786391728.101|102.787|3.212|501313536|533262336|gen_data_8c5e4bc4df5ba92c|__AUTOMETRIC__
__AUTOMETRIC__|0.1.2|26748|crew_log_c16f6190816157fc|0|1786391729.108|97.707|3.053|501354496|533303296|gen_data_8c5e4bc4df5ba92c|__AUTOMETRIC__
__AUTOMETRIC__|0.1.2|26748|crew_log_c16f6190816157fc|0|1786391730.119|102.053|3.189|501100544|533057536|gen_data_8c5e4bc4df5ba92c|__AUTOMETRIC__
__AUTOMETRIC__|0.1.2|26748|crew_log_c16f6190816157fc|0|1786391731.128|99.060|3.096|501096448|533053440|gen_data_8c5e4bc4df5ba92c|__AUTOMETRIC__
__AUTOMETRIC__|0.1.2|26748|crew_log_c16f6190816157fc|0|1786391732.136|100.723|3.148|501133312|533090304|gen_data_8c5e4bc4df5ba92c|__AUTOMETRIC__
__AUTOMETRIC__|0.1.2|26748|crew_log_c16f6190816157fc|0|1786391733.149|100.289|3.134|501133312|533090304|gen_data_8c5e4bc4df5ba92c|__AUTOMETRIC__
__AUTOMETRIC__|0.1.2|26748|crew_log_c16f6190816157fc|0|1786391734.156|97.715|3.054|501137408|533094400|gen_data_8c5e4bc4df5ba92c|__AUTOMETRIC__
__AUTOMETRIC__|0.1.2|26748|crew_log_c16f6190816157fc|0|1786391735.163|99.336|3.104|501133312|533090304|gen_data_8c5e4bc4df5ba92c|__AUTOMETRIC__
__AUTOMETRIC__|0.1.2|26748|crew_log_c16f6190816157fc|0|1786391736.177|100.214|3.132|501129216|533086208|gen_data_8c5e4bc4df5ba92c|__AUTOMETRIC__
__AUTOMETRIC__|0.1.2|26748|crew_log_c16f6190816157fc|0|1786391737.180|98.110|3.066|501133312|533090304|gen_data_8c5e4bc4df5ba92c|__AUTOMETRIC__
__AUTOMETRIC__|0.1.2|26748|crew_log_c16f6190816157fc|0|1786391738.186|99.436|3.107|501194752|533151744|gen_data_8c5e4bc4df5ba92c|__AUTOMETRIC__
__AUTOMETRIC__|0.1.2|26748|crew_log_c16f6190816157fc|0|1786391739.195|100.593|3.144|501190656|533147648|gen_data_8c5e4bc4df5ba92c|__AUTOMETRIC__
__AUTOMETRIC__|0.1.2|26748|crew_log_c16f6190816157fc|0|1786391740.199|99.583|3.112|501239808|533192704|gen_data_8c5e4bc4df5ba92c|__AUTOMETRIC__
__AUTOMETRIC__|0.1.2|26748|crew_log_c16f6190816157fc|0|1786391741.204|98.023|3.063|501260288|533200896|gen_data_8c5e4bc4df5ba92c|__AUTOMETRIC__
__AUTOMETRIC__|0.1.2|26748|crew_log_c16f6190816157fc|0|1786391742.209|100.983|3.156|501137408|533078016|gen_data_8c5e4bc4df5ba92c|__AUTOMETRIC__
__AUTOMETRIC__|0.1.2|26748|crew_log_c16f6190816157fc|0|1786391743.214|99.554|3.111|501170176|533110784|gen_data_8c5e4bc4df5ba92c|__AUTOMETRIC__
__AUTOMETRIC__|0.1.2|26748|crew_log_c16f6190816157fc|0|1786391744.220|99.439|3.107|501182464|533123072|gen_data_8c5e4bc4df5ba92c|__AUTOMETRIC__
__AUTOMETRIC__|0.1.2|26748|crew_log_c16f6190816157fc|0|1786391745.229|100.642|3.145|501211136|533151744|gen_data_8c5e4bc4df5ba92c|__AUTOMETRIC__
__AUTOMETRIC__|0.1.2|26748|crew_log_c16f6190816157fc|0|1786391746.234|99.467|3.108|501235712|533176320|gen_data_8c5e4bc4df5ba92c|__AUTOMETRIC__
__AUTOMETRIC__|0.1.2|26748|crew_log_c16f6190816157fc|0|1786391747.246|97.279|3.040|501182464|533123072|gen_data_8c5e4bc4df5ba92c|__AUTOMETRIC__
__AUTOMETRIC__|0.1.2|26748|crew_log_c16f6190816157fc|0|1786391748.251|99.504|3.110|501182464|533123072|gen_data_8c5e4bc4df5ba92c|__AUTOMETRIC__
__AUTOMETRIC__|0.1.2|26748|crew_log_c16f6190816157fc|0|1786391749.252|99.923|3.123|501186560|533127168|gen_data_8c5e4bc4df5ba92c|__AUTOMETRIC__
__AUTOMETRIC__|0.1.2|26748|crew_log_c16f6190816157fc|0|1786391750.257|96.343|3.011|501198848|533139456|gen_data_8c5e4bc4df5ba92c|__AUTOMETRIC__
__AUTOMETRIC__|0.1.2|26748|crew_log_c16f6190816157fc|0|1786391751.269|98.870|3.090|501207040|533147648|gen_data_8c5e4bc4df5ba92c|__AUTOMETRIC__
__AUTOMETRIC__|0.1.2|26748|crew_log_c16f6190816157fc|0|1786391752.271|101.277|3.165|501239808|533180416|gen_data_8c5e4bc4df5ba92c|__AUTOMETRIC__
__AUTOMETRIC__|0.1.2|26748|crew_log_c16f6190816157fc|0|1786391753.287|100.021|3.126|501231616|533172224|gen_data_8c5e4bc4df5ba92c|__AUTOMETRIC__
__AUTOMETRIC__|0.1.2|26748|crew_log_c16f6190816157fc|0|1786391754.288|99.845|3.120|501235712|533176320|gen_data_8c5e4bc4df5ba92c|__AUTOMETRIC__
__AUTOMETRIC__|0.1.2|26748|crew_log_c16f6190816157fc|0|1786391755.298|99.072|3.096|501256192|533196800|gen_data_8c5e4bc4df5ba92c|__AUTOMETRIC__
__AUTOMETRIC__|0.1.2|26748|crew_log_c16f6190816157fc|0|1786391756.300|99.736|3.117|501268480|533209088|gen_data_8c5e4bc4df5ba92c|__AUTOMETRIC__
__AUTOMETRIC__|0.1.2|26748|crew_log_c16f6190816157fc|0|1786391757.313|100.328|3.135|501280768|533221376|gen_data_8c5e4bc4df5ba92c|__AUTOMETRIC__
__AUTOMETRIC__|0.1.2|26748|crew_log_c16f6190816157fc|0|1786391758.319|97.863|3.058|501272576|533213184|gen_data_8c5e4bc4df5ba92c|__AUTOMETRIC__
__AUTOMETRIC__|0.1.2|26748|crew_log_c16f6190816157fc|0|1786391759.321|99.778|3.118|501301248|533241856|gen_data_8c5e4bc4df5ba92c|__AUTOMETRIC__
__AUTOMETRIC__|0.1.2|26748|crew_log_c16f6190816157fc|0|1786391760.321|99.944|3.123|501301248|533241856|gen_data_8c5e4bc4df5ba92c|__AUTOMETRIC__
__AUTOMETRIC__|0.1.2|26748|crew_log_c16f6190816157fc|0|1786391761.333|100.361|3.136|501297152|533237760|gen_data_8c5e4bc4df5ba92c|__AUTOMETRIC__
__AUTOMETRIC__|0.1.2|26748|crew_log_c16f6190816157fc|0|1786391762.347|97.086|3.034|501305344|533245952|gen_data_8c5e4bc4df5ba92c|__AUTOMETRIC__
__AUTOMETRIC__|0.1.2|26748|crew_log_c16f6190816157fc|0|1786391763.354|102.457|3.202|501338112|533278720|gen_data_8c5e4bc4df5ba92c|__AUTOMETRIC__
__AUTOMETRIC__|0.1.2|26748|crew_log_c16f6190816157fc|0|1786391764.356|98.212|3.069|501252096|533192704|gen_data_8c5e4bc4df5ba92c|__AUTOMETRIC__
__AUTOMETRIC__|0.1.2|26748|crew_log_c16f6190816157fc|0|1786391765.362|99.403|3.106|501243904|533184512|gen_data_8c5e4bc4df5ba92c|__AUTOMETRIC__
__AUTOMETRIC__|0.1.2|26748|crew_log_c16f6190816157fc|0|1786391766.373|100.450|3.139|501243904|533184512|gen_data_8c5e4bc4df5ba92c|__AUTOMETRIC__
__AUTOMETRIC__|0.1.2|26748|crew_log_c16f6190816157fc|0|1786391767.378|96.395|3.012|501252096|533192704|gen_data_8c5e4bc4df5ba92c|__AUTOMETRIC__
__AUTOMETRIC__|0.1.2|26748|crew_log_c16f6190816157fc|0|1786391768.381|101.243|3.164|501248000|533188608|gen_data_8c5e4bc4df5ba92c|__AUTOMETRIC__
__AUTOMETRIC__|0.1.2|26748|crew_log_c16f6190816157fc|0|1786391769.396|100.054|3.127|501309440|533250048|gen_data_8c5e4bc4df5ba92c|__AUTOMETRIC__
__AUTOMETRIC__|0.1.2|26748|crew_log_c16f6190816157fc|0|1786391770.401|99.524|3.110|501301248|533241856|gen_data_8c5e4bc4df5ba92c|__AUTOMETRIC__
__AUTOMETRIC__|0.1.2|26748|crew_log_c16f6190816157fc|0|1786391771.403|99.787|3.118|501301248|533241856|gen_data_8c5e4bc4df5ba92c|__AUTOMETRIC__
__AUTOMETRIC__|0.1.2|26748|crew_log_c16f6190816157fc|0|1786391772.410|97.829|3.057|501305344|533245952|gen_data_8c5e4bc4df5ba92c|__AUTOMETRIC__
__AUTOMETRIC__|0.1.2|26748|crew_log_c16f6190816157fc|0|1786391773.413|102.798|3.212|501305344|533245952|gen_data_8c5e4bc4df5ba92c|__AUTOMETRIC__
__AUTOMETRIC__|0.1.2|26748|crew_log_c16f6190816157fc|0|1786391774.426|98.682|3.084|501334016|533274624|gen_data_8c5e4bc4df5ba92c|__AUTOMETRIC__
__AUTOMETRIC__|0.1.2|26748|crew_log_c16f6190816157fc|0|1786391775.429|99.704|3.116|501133312|533073920|gen_data_8c5e4bc4df5ba92c|__AUTOMETRIC__
__AUTOMETRIC__|0.1.2|26748|crew_log_c16f6190816157fc|0|1786391776.430|99.870|3.121|501194752|533143552|gen_data_8c5e4bc4df5ba92c|__AUTOMETRIC__
__AUTOMETRIC__|0.1.2|26748|crew_log_c16f6190816157fc|0|1786391777.435|99.584|3.112|501235712|533184512|gen_data_8c5e4bc4df5ba92c|__AUTOMETRIC__
__AUTOMETRIC__|0.1.2|26748|crew_log_c16f6190816157fc|0|1786391778.449|97.018|3.032|501272576|533221376|gen_data_8c5e4bc4df5ba92c|__AUTOMETRIC__
__AUTOMETRIC__|0.1.2|26748|crew_log_c16f6190816157fc|0|1786391779.455|99.416|3.107|501317632|533262336|gen_data_8c5e4bc4df5ba92c|__AUTOMETRIC__
__AUTOMETRIC__|0.1.2|26748|crew_log_c16f6190816157fc|0|1786391780.456|95.202|2.975|501506048|533454848|gen_data_8c5e4bc4df5ba92c|__AUTOMETRIC__
__AUTOMETRIC__|0.1.2|26748|crew_log_c16f6190816157fc|0|1786391781.470|103.304|3.228|501424128|533372928|gen_data_8c5e4bc4df5ba92c|__AUTOMETRIC__
__AUTOMETRIC__|0.1.2|26748|crew_log_c16f6190816157fc|0|1786391782.483|100.242|3.133|501440512|533389312|gen_data_8c5e4bc4df5ba92c|__AUTOMETRIC__
__AUTOMETRIC__|0.1.2|26748|crew_log_c16f6190816157fc|0|1786391783.493|100.523|3.141|501440512|533389312|gen_data_8c5e4bc4df5ba92c|__AUTOMETRIC__
__AUTOMETRIC__|0.1.2|26748|crew_log_c16f6190816157fc|0|1786391784.498|99.507|3.110|501456896|533405696|gen_data_8c5e4bc4df5ba92c|__AUTOMETRIC__
__AUTOMETRIC__|0.1.2|26748|crew_log_c16f6190816157fc|0|1786391785.502|99.577|3.112|501456896|533405696|gen_data_8c5e4bc4df5ba92c|__AUTOMETRIC__
__AUTOMETRIC__|0.1.2|26748|crew_log_c16f6190816157fc|0|1786391786.513|100.444|3.139|501489664|533430272|gen_data_8c5e4bc4df5ba92c|__AUTOMETRIC__
__AUTOMETRIC__|0.1.2|26748|crew_log_c16f6190816157fc|0|1786391787.521|100.845|3.151|501473280|533413888|gen_data_8c5e4bc4df5ba92c|__AUTOMETRIC__
__AUTOMETRIC__|0.1.2|26748|crew_log_c16f6190816157fc|0|1786391788.536|99.995|3.125|501473280|533413888|gen_data_8c5e4bc4df5ba92c|__AUTOMETRIC__
__AUTOMETRIC__|0.1.2|26748|crew_log_c16f6190816157fc|0|1786391789.550|97.098|3.034|501477376|533417984|gen_data_8c5e4bc4df5ba92c|__AUTOMETRIC__
__AUTOMETRIC__|0.1.2|26748|crew_log_c16f6190816157fc|0|1786391790.562|101.924|3.185|501481472|533422080|gen_data_8c5e4bc4df5ba92c|__AUTOMETRIC__
__AUTOMETRIC__|0.1.2|26748|crew_log_c16f6190816157fc|0|1786391791.563|98.307|3.072|501497856|533442560|gen_data_8c5e4bc4df5ba92c|__AUTOMETRIC__
__AUTOMETRIC__|0.1.2|26748|crew_log_c16f6190816157fc|0|1786391792.571|99.252|3.102|501481472|533426176|gen_data_8c5e4bc4df5ba92c|__AUTOMETRIC__
__AUTOMETRIC__|0.1.2|26748|crew_log_c16f6190816157fc|0|1786391793.607|93.509|2.922|513810432|546263040|gen_data_629decefb53a1ea5|__AUTOMETRIC__
__AUTOMETRIC__|0.1.2|26748|crew_log_c16f6190816157fc|0|1786391794.623|98.425|3.076|506277888|538263552|gen_data_629decefb53a1ea5|__AUTOMETRIC__
__AUTOMETRIC__|0.1.2|26748|crew_log_c16f6190816157fc|0|1786391795.625|96.603|3.019|506290176|538275840|gen_data_629decefb53a1ea5|__AUTOMETRIC__
__AUTOMETRIC__|0.1.2|26748|crew_log_c16f6190816157fc|0|1786391796.639|100.157|3.130|506208256|538193920|gen_data_629decefb53a1ea5|__AUTOMETRIC__
__AUTOMETRIC__|0.1.2|26748|crew_log_c16f6190816157fc|0|1786391797.642|98.208|3.069|506290176|538275840|gen_data_629decefb53a1ea5|__AUTOMETRIC__
__AUTOMETRIC__|0.1.2|26748|crew_log_c16f6190816157fc|0|1786391798.642|101.537|3.173|506130432|538075136|gen_data_629decefb53a1ea5|__AUTOMETRIC__
__AUTOMETRIC__|0.1.2|26748|crew_log_c16f6190816157fc|0|1786391799.646|101.136|3.160|506101760|538046464|gen_data_629decefb53a1ea5|__AUTOMETRIC__
__AUTOMETRIC__|0.1.2|26748|crew_log_c16f6190816157fc|0|1786391800.652|99.413|3.107|506159104|538103808|gen_data_629decefb53a1ea5|__AUTOMETRIC__
__AUTOMETRIC__|0.1.2|26748|crew_log_c16f6190816157fc|0|1786391801.656|99.613|3.113|506343424|538288128|gen_data_629decefb53a1ea5|__AUTOMETRIC__
__AUTOMETRIC__|0.1.2|26748|crew_log_c16f6190816157fc|0|1786391802.661|101.015|3.157|506159104|538103808|gen_data_629decefb53a1ea5|__AUTOMETRIC__
__AUTOMETRIC__|0.1.2|26748|crew_log_c16f6190816157fc|0|1786391803.666|99.503|3.109|506101760|538046464|gen_data_629decefb53a1ea5|__AUTOMETRIC__
__AUTOMETRIC__|0.1.2|26748|crew_log_c16f6190816157fc|0|1786391804.667|99.986|3.125|506155008|538099712|gen_data_629decefb53a1ea5|__AUTOMETRIC__
__AUTOMETRIC__|0.1.2|26748|crew_log_c16f6190816157fc|0|1786391805.682|100.053|3.127|506183680|538128384|gen_data_629decefb53a1ea5|__AUTOMETRIC__
__AUTOMETRIC__|0.1.2|26748|crew_log_c16f6190816157fc|0|1786391806.684|99.791|3.118|506159104|538103808|gen_data_629decefb53a1ea5|__AUTOMETRIC__
__AUTOMETRIC__|0.1.2|26748|crew_log_c16f6190816157fc|0|1786391807.698|97.016|3.032|506236928|538181632|gen_data_629decefb53a1ea5|__AUTOMETRIC__
__AUTOMETRIC__|0.1.2|26748|crew_log_c16f6190816157fc|0|1786391808.700|99.893|3.122|506224640|538169344|gen_data_629decefb53a1ea5|__AUTOMETRIC__
__AUTOMETRIC__|0.1.2|26748|crew_log_c16f6190816157fc|0|1786391809.701|99.805|3.119|506134528|538079232|gen_data_629decefb53a1ea5|__AUTOMETRIC__
__AUTOMETRIC__|0.1.2|26748|crew_log_c16f6190816157fc|0|1786391810.702|99.918|3.122|506142720|538087424|gen_data_629decefb53a1ea5|__AUTOMETRIC__
__AUTOMETRIC__|0.1.2|26748|crew_log_c16f6190816157fc|0|1786391811.715|100.283|3.134|506122240|538066944|gen_data_629decefb53a1ea5|__AUTOMETRIC__
__AUTOMETRIC__|0.1.2|26748|crew_log_c16f6190816157fc|0|1786391812.727|100.407|3.138|506208256|538152960|gen_data_629decefb53a1ea5|__AUTOMETRIC__
__AUTOMETRIC__|0.1.2|26748|crew_log_c16f6190816157fc|0|1786391813.732|99.493|3.109|506183680|538128384|gen_data_629decefb53a1ea5|__AUTOMETRIC__
__AUTOMETRIC__|0.1.2|26748|crew_log_c16f6190816157fc|0|1786391814.738|99.390|3.106|506425344|538370048|gen_data_629decefb53a1ea5|__AUTOMETRIC__
__AUTOMETRIC__|0.1.2|26748|crew_log_c16f6190816157fc|0|1786391815.743|101.003|3.156|508297216|540241920|gen_data_629decefb53a1ea5|__AUTOMETRIC__
__AUTOMETRIC__|0.1.2|26748|crew_log_c16f6190816157fc|0|1786391816.744|99.906|3.122|508276736|540221440|gen_data_629decefb53a1ea5|__AUTOMETRIC__
__AUTOMETRIC__|0.1.2|26748|crew_log_c16f6190816157fc|0|1786391817.750|99.465|3.108|508346368|540291072|gen_data_629decefb53a1ea5|__AUTOMETRIC__
__AUTOMETRIC__|0.1.2|26748|crew_log_c16f6190816157fc|0|1786391818.755|99.499|3.109|508321792|540266496|gen_data_629decefb53a1ea5|__AUTOMETRIC__
__AUTOMETRIC__|0.1.2|26748|crew_log_c16f6190816157fc|0|1786391819.767|95.669|2.990|508366848|540311552|gen_data_629decefb53a1ea5|__AUTOMETRIC__
__AUTOMETRIC__|0.1.2|26748|crew_log_c16f6190816157fc|0|1786391820.767|99.989|3.125|508387328|540332032|gen_data_629decefb53a1ea5|__AUTOMETRIC__
__AUTOMETRIC__|0.1.2|26748|crew_log_c16f6190816157fc|0|1786391821.770|101.269|3.165|505364480|537309184|gen_data_629decefb53a1ea5|__AUTOMETRIC__
__AUTOMETRIC__|0.1.2|26748|crew_log_c16f6190816157fc|0|1786391822.772|99.784|3.118|505413632|537358336|gen_data_629decefb53a1ea5|__AUTOMETRIC__
__AUTOMETRIC__|0.1.2|26748|crew_log_c16f6190816157fc|0|1786391823.785|100.317|3.135|505430016|537374720|gen_data_629decefb53a1ea5|__AUTOMETRIC__
__AUTOMETRIC__|0.1.2|26748|crew_log_c16f6190816157fc|0|1786391824.787|99.825|3.120|505470976|537415680|gen_data_629decefb53a1ea5|__AUTOMETRIC__
__AUTOMETRIC__|0.1.2|26748|crew_log_c16f6190816157fc|0|1786391825.800|98.717|3.085|505483264|537427968|gen_data_629decefb53a1ea5|__AUTOMETRIC__
__AUTOMETRIC__|0.1.2|26748|crew_log_c16f6190816157fc|0|1786391826.806|102.517|3.204|505470976|537415680|gen_data_629decefb53a1ea5|__AUTOMETRIC__
__AUTOMETRIC__|0.1.2|26748|crew_log_c16f6190816157fc|0|1786391827.810|99.560|3.111|505462784|537407488|gen_data_629decefb53a1ea5|__AUTOMETRIC__
__AUTOMETRIC__|0.1.2|26748|crew_log_c16f6190816157fc|0|1786391828.814|98.083|3.065|505438208|537382912|gen_data_629decefb53a1ea5|__AUTOMETRIC__
__AUTOMETRIC__|0.1.2|26748|crew_log_c16f6190816157fc|0|1786391829.828|97.073|3.034|505466880|537411584|gen_data_629decefb53a1ea5|__AUTOMETRIC__
__AUTOMETRIC__|0.1.2|26748|crew_log_c16f6190816157fc|0|1786391830.843|100.041|3.126|505483264|537427968|gen_data_629decefb53a1ea5|__AUTOMETRIC__
__AUTOMETRIC__|0.1.2|26748|crew_log_c16f6190816157fc|0|1786391831.847|96.460|3.014|505466880|537411584|gen_data_629decefb53a1ea5|__AUTOMETRIC__
__AUTOMETRIC__|0.1.2|26748|crew_log_c16f6190816157fc|0|1786391832.862|100.095|3.128|505507840|537452544|gen_data_629decefb53a1ea5|__AUTOMETRIC__
__AUTOMETRIC__|0.1.2|26748|crew_log_c16f6190816157fc|0|1786391833.867|101.059|3.158|505442304|537387008|gen_data_629decefb53a1ea5|__AUTOMETRIC__
__AUTOMETRIC__|0.1.2|26748|crew_log_c16f6190816157fc|0|1786391834.870|96.519|3.016|505454592|537399296|gen_data_629decefb53a1ea5|__AUTOMETRIC__
__AUTOMETRIC__|0.1.2|26748|crew_log_c16f6190816157fc|0|1786391835.878|97.662|3.052|505475072|537419776|gen_data_629decefb53a1ea5|__AUTOMETRIC__
__AUTOMETRIC__|0.1.2|26748|crew_log_c16f6190816157fc|0|1786391836.879|98.368|3.074|505454592|537399296|gen_data_629decefb53a1ea5|__AUTOMETRIC__
__AUTOMETRIC__|0.1.2|26748|crew_log_c16f6190816157fc|0|1786391837.883|99.658|3.114|505520128|537464832|gen_data_629decefb53a1ea5|__AUTOMETRIC__
__AUTOMETRIC__|0.1.2|26748|crew_log_c16f6190816157fc|0|1786391838.889|97.819|3.057|505552896|537497600|gen_data_629decefb53a1ea5|__AUTOMETRIC__
__AUTOMETRIC__|0.1.2|26748|crew_log_c16f6190816157fc|0|1786391839.897|100.702|3.147|505561088|537505792|gen_data_629decefb53a1ea5|__AUTOMETRIC__
__AUTOMETRIC__|0.1.2|26748|crew_log_c16f6190816157fc|0|1786391840.905|99.271|3.102|505573376|537518080|gen_data_629decefb53a1ea5|__AUTOMETRIC__
__AUTOMETRIC__|0.1.2|26748|crew_log_c16f6190816157fc|0|1786391841.918|98.680|3.084|505540608|537485312|gen_data_629decefb53a1ea5|__AUTOMETRIC__
__AUTOMETRIC__|0.1.2|26748|crew_log_c16f6190816157fc|0|1786391842.921|99.738|3.117|505577472|537522176|gen_data_629decefb53a1ea5|__AUTOMETRIC__
__AUTOMETRIC__|0.1.2|26748|crew_log_c16f6190816157fc|0|1786391843.933|100.315|3.135|505577472|537522176|gen_data_629decefb53a1ea5|__AUTOMETRIC__
__AUTOMETRIC__|0.1.2|26748|crew_log_c16f6190816157fc|0|1786391844.937|98.102|3.066|505597952|537542656|gen_data_629decefb53a1ea5|__AUTOMETRIC__
__AUTOMETRIC__|0.1.2|26748|crew_log_c16f6190816157fc|0|1786391845.951|100.131|3.129|505262080|537214976|gen_data_629decefb53a1ea5|__AUTOMETRIC__
__AUTOMETRIC__|0.1.2|26748|crew_log_c16f6190816157fc|0|1786391846.955|98.002|3.063|505253888|537206784|gen_data_629decefb53a1ea5|__AUTOMETRIC__
__AUTOMETRIC__|0.1.2|26748|crew_log_c16f6190816157fc|0|1786391847.966|98.906|3.091|505298944|537251840|gen_data_629decefb53a1ea5|__AUTOMETRIC__
__AUTOMETRIC__|0.1.2|26748|crew_log_c16f6190816157fc|0|1786391848.976|100.646|3.145|505339904|537292800|gen_data_629decefb53a1ea5|__AUTOMETRIC__
__AUTOMETRIC__|0.1.2|26748|crew_log_c16f6190816157fc|0|1786391849.985|97.467|3.046|505348096|537300992|gen_data_629decefb53a1ea5|__AUTOMETRIC__
__AUTOMETRIC__|0.1.2|26748|crew_log_c16f6190816157fc|0|1786391850.995|100.638|3.145|505434112|537378816|gen_data_629decefb53a1ea5|__AUTOMETRIC__
__AUTOMETRIC__|0.1.2|26748|crew_log_c16f6190816157fc|0|1786391852.004|99.119|3.097|505327616|537272320|gen_data_629decefb53a1ea5|__AUTOMETRIC__
__AUTOMETRIC__|0.1.2|26748|crew_log_c16f6190816157fc|0|1786391853.015|97.366|3.043|505348096|537292800|gen_data_629decefb53a1ea5|__AUTOMETRIC__
__AUTOMETRIC__|0.1.2|26748|crew_log_c16f6190816157fc|0|1786391854.022|99.306|3.103|505323520|537268224|gen_data_629decefb53a1ea5|__AUTOMETRIC__
__AUTOMETRIC__|0.1.2|26748|crew_log_c16f6190816157fc|0|1786391855.025|99.672|3.115|505364480|537309184|gen_data_629decefb53a1ea5|__AUTOMETRIC__
__AUTOMETRIC__|0.1.2|26748|crew_log_c16f6190816157fc|0|1786391856.035|97.436|3.045|505368576|537313280|gen_data_629decefb53a1ea5|__AUTOMETRIC__
__AUTOMETRIC__|0.1.2|26748|crew_log_c16f6190816157fc|0|1786391857.039|99.621|3.113|505229312|537174016|gen_data_629decefb53a1ea5|__AUTOMETRIC__
__AUTOMETRIC__|0.1.2|26748|crew_log_c16f6190816157fc|0|1786391858.049|98.997|3.094|505253888|537198592|gen_data_629decefb53a1ea5|__AUTOMETRIC__
__AUTOMETRIC__|0.1.2|26748|crew_log_c16f6190816157fc|0|1786391859.053|98.014|3.063|505245696|537190400|gen_data_629decefb53a1ea5|__AUTOMETRIC__
__AUTOMETRIC__|0.1.2|26748|crew_log_c16f6190816157fc|0|1786391860.060|99.296|3.103|505249792|537194496|gen_data_629decefb53a1ea5|__AUTOMETRIC__
__AUTOMETRIC__|0.1.2|26748|crew_log_c16f6190816157fc|0|1786391861.075|100.063|3.127|505274368|537219072|gen_data_629decefb53a1ea5|__AUTOMETRIC__
__AUTOMETRIC__|0.1.2|26748|crew_log_c16f6190816157fc|0|1786391862.076|98.384|3.075|505270272|537214976|gen_data_629decefb53a1ea5|__AUTOMETRIC__
__AUTOMETRIC__|0.1.2|26748|crew_log_c16f6190816157fc|0|1786391863.080|98.074|3.065|505290752|537235456|gen_data_629decefb53a1ea5|__AUTOMETRIC__
__AUTOMETRIC__|0.1.2|26748|crew_log_c16f6190816157fc|0|1786391864.080|99.952|3.124|505278464|537223168|gen_data_629decefb53a1ea5|__AUTOMETRIC__
__AUTOMETRIC__|0.1.2|26748|crew_log_c16f6190816157fc|0|1786391865.080|99.985|3.125|505290752|537235456|gen_data_629decefb53a1ea5|__AUTOMETRIC__
__AUTOMETRIC__|0.1.2|26748|crew_log_c16f6190816157fc|0|1786391866.083|102.885|3.215|505298944|537243648|gen_data_629decefb53a1ea5|__AUTOMETRIC__
__AUTOMETRIC__|0.1.2|26748|crew_log_c16f6190816157fc|0|1786391867.090|97.761|3.055|505307136|537251840|gen_data_629decefb53a1ea5|__AUTOMETRIC__
__AUTOMETRIC__|0.1.2|26748|crew_log_c16f6190816157fc|0|1786391868.095|99.429|3.107|505311232|537255936|gen_data_629decefb53a1ea5|__AUTOMETRIC__
__AUTOMETRIC__|0.1.2|26748|crew_log_c16f6190816157fc|0|1786391869.103|100.838|3.151|505303040|537247744|gen_data_629decefb53a1ea5|__AUTOMETRIC__
__AUTOMETRIC__|0.1.2|26748|crew_log_c16f6190816157fc|0|1786391870.109|97.818|3.057|505024512|537001984|gen_data_629decefb53a1ea5|__AUTOMETRIC__
__AUTOMETRIC__|0.1.2|26748|crew_log_c16f6190816157fc|0|1786391871.115|99.405|3.106|505036800|537014272|gen_data_629decefb53a1ea5|__AUTOMETRIC__
__AUTOMETRIC__|0.1.2|26748|crew_log_c16f6190816157fc|0|1786391872.122|97.732|3.054|505032704|537010176|gen_data_629decefb53a1ea5|__AUTOMETRIC__
__AUTOMETRIC__|0.1.2|26748|crew_log_c16f6190816157fc|0|1786391873.123|99.871|3.121|505044992|537022464|gen_data_629decefb53a1ea5|__AUTOMETRIC__
__AUTOMETRIC__|0.1.2|26748|crew_log_c16f6190816157fc|0|1786391874.125|99.880|3.121|505032704|537010176|gen_data_629decefb53a1ea5|__AUTOMETRIC__
__AUTOMETRIC__|0.1.2|26748|crew_log_c16f6190816157fc|0|1786391875.130|97.921|3.060|505040896|537018368|gen_data_629decefb53a1ea5|__AUTOMETRIC__
__AUTOMETRIC__|0.1.2|26748|crew_log_c16f6190816157fc|0|1786391876.132|98.201|3.069|505049088|537026560|gen_data_629decefb53a1ea5|__AUTOMETRIC__
__AUTOMETRIC__|0.1.2|26748|crew_log_c16f6190816157fc|0|1786391877.139|99.331|3.104|505049088|537026560|gen_data_629decefb53a1ea5|__AUTOMETRIC__
__AUTOMETRIC__|0.1.2|26748|crew_log_c16f6190816157fc|0|1786391878.153|100.189|3.131|505053184|537030656|gen_data_629decefb53a1ea5|__AUTOMETRIC__
__AUTOMETRIC__|0.1.2|26748|crew_log_c16f6190816157fc|0|1786391879.158|99.517|3.110|505049088|537026560|gen_data_629decefb53a1ea5|__AUTOMETRIC__
__AUTOMETRIC__|0.1.2|26748|crew_log_c16f6190816157fc|0|1786391880.172|97.009|3.032|505053184|537030656|gen_data_629decefb53a1ea5|__AUTOMETRIC__
__AUTOMETRIC__|0.1.2|26748|crew_log_c16f6190816157fc|0|1786391881.175|102.806|3.213|504807424|536764416|gen_data_629decefb53a1ea5|__AUTOMETRIC__
__AUTOMETRIC__|0.1.2|26748|crew_log_c16f6190816157fc|0|1786391882.183|97.688|3.053|504922112|536879104|gen_data_629decefb53a1ea5|__AUTOMETRIC__
__AUTOMETRIC__|0.1.2|26748|crew_log_c16f6190816157fc|0|1786391883.198|98.486|3.078|504930304|536887296|gen_data_629decefb53a1ea5|__AUTOMETRIC__
__AUTOMETRIC__|0.1.2|26748|crew_log_c16f6190816157fc|0|1786391884.200|99.810|3.119|504930304|536887296|gen_data_629decefb53a1ea5|__AUTOMETRIC__
__AUTOMETRIC__|0.1.2|26748|crew_log_c16f6190816157fc|0|1786391885.202|95.163|2.974|504967168|536924160|gen_data_629decefb53a1ea5|__AUTOMETRIC__
__AUTOMETRIC__|0.1.2|26748|crew_log_c16f6190816157fc|0|1786391886.216|100.131|3.129|504954880|536911872|gen_data_629decefb53a1ea5|__AUTOMETRIC__
__AUTOMETRIC__|0.1.2|26748|crew_log_c16f6190816157fc|0|1786391887.232|98.472|3.077|505212928|537178112|gen_data_629decefb53a1ea5|__AUTOMETRIC__
__AUTOMETRIC__|0.1.2|26748|crew_log_c16f6190816157fc|0|1786391888.247|98.529|3.079|504971264|536936448|gen_data_629decefb53a1ea5|__AUTOMETRIC__
__AUTOMETRIC__|0.1.2|26748|crew_log_c16f6190816157fc|0|1786391889.253|99.410|3.107|504991744|536956928|gen_data_629decefb53a1ea5|__AUTOMETRIC__
__AUTOMETRIC__|0.1.2|26748|crew_log_c16f6190816157fc|0|1786391890.254|101.445|3.170|504999936|536965120|gen_data_629decefb53a1ea5|__AUTOMETRIC__
__AUTOMETRIC__|0.1.2|26748|crew_log_c16f6190816157fc|0|1786391891.254|99.992|3.125|504995840|536961024|gen_data_629decefb53a1ea5|__AUTOMETRIC__
__AUTOMETRIC__|0.1.2|26748|crew_log_c16f6190816157fc|0|1786391892.268|97.046|3.033|504995840|536961024|gen_data_629decefb53a1ea5|__AUTOMETRIC__
__AUTOMETRIC__|0.1.2|26748|crew_log_c16f6190816157fc|0|1786391893.274|102.527|3.204|504922112|536875008|gen_data_629decefb53a1ea5|__AUTOMETRIC__
__AUTOMETRIC__|0.1.2|26748|crew_log_c16f6190816157fc|0|1786391894.277|98.143|3.067|504860672|536842240|gen_data_629decefb53a1ea5|__AUTOMETRIC__
__AUTOMETRIC__|0.1.2|26748|crew_log_c16f6190816157fc|0|1786391895.281|97.998|3.062|504872960|536854528|gen_data_629decefb53a1ea5|__AUTOMETRIC__
__AUTOMETRIC__|0.1.2|26748|crew_log_c16f6190816157fc|0|1786391896.282|96.792|3.025|504868864|536850432|gen_data_629decefb53a1ea5|__AUTOMETRIC__
__AUTOMETRIC__|0.1.2|26748|crew_log_c16f6190816157fc|0|1786391897.285|98.212|3.069|504872960|536854528|gen_data_629decefb53a1ea5|__AUTOMETRIC__
__AUTOMETRIC__|0.1.2|26748|crew_log_c16f6190816157fc|0|1786391898.285|101.530|3.173|504868864|536850432|gen_data_629decefb53a1ea5|__AUTOMETRIC__
__AUTOMETRIC__|0.1.2|26748|crew_log_c16f6190816157fc|0|1786391899.300|100.031|3.126|504864768|536846336|gen_data_629decefb53a1ea5|__AUTOMETRIC__
__AUTOMETRIC__|0.1.2|26748|crew_log_c16f6190816157fc|0|1786391900.304|99.656|3.114|504868864|536850432|gen_data_629decefb53a1ea5|__AUTOMETRIC__
__AUTOMETRIC__|0.1.2|26748|crew_log_c16f6190816157fc|0|1786391901.318|100.176|3.130|504856576|536838144|gen_data_629decefb53a1ea5|__AUTOMETRIC__
__AUTOMETRIC__|0.1.2|26748|crew_log_c16f6190816157fc|0|1786391902.320|98.163|3.068|504872960|536854528|gen_data_629decefb53a1ea5|__AUTOMETRIC__
__AUTOMETRIC__|0.1.2|26748|crew_log_c16f6190816157fc|0|1786391903.322|99.801|3.119|504877056|536858624|gen_data_629decefb53a1ea5|__AUTOMETRIC__
__AUTOMETRIC__|0.1.2|26748|crew_log_c16f6190816157fc|0|1786391904.336|98.610|3.082|504983552|536965120|gen_data_629decefb53a1ea5|__AUTOMETRIC__
__AUTOMETRIC__|0.1.2|26748|crew_log_c16f6190816157fc|0|1786391905.340|99.630|3.113|504614912|536563712|gen_data_629decefb53a1ea5|__AUTOMETRIC__
__AUTOMETRIC__|0.1.2|26748|crew_log_c16f6190816157fc|0|1786391906.343|99.754|3.117|504631296|536596480|gen_data_629decefb53a1ea5|__AUTOMETRIC__
__AUTOMETRIC__|0.1.2|26748|crew_log_c16f6190816157fc|0|1786391907.348|99.462|3.108|504643584|536608768|gen_data_629decefb53a1ea5|__AUTOMETRIC__
__AUTOMETRIC__|0.1.2|26748|crew_log_c16f6190816157fc|0|1786391908.351|98.145|3.067|504651776|536616960|gen_data_629decefb53a1ea5|__AUTOMETRIC__
__AUTOMETRIC__|0.1.2|26748|crew_log_c16f6190816157fc|0|1786391909.351|99.980|3.124|504688640|536653824|gen_data_629decefb53a1ea5|__AUTOMETRIC__
__AUTOMETRIC__|0.1.2|26748|crew_log_c16f6190816157fc|0|1786391910.363|98.825|3.088|504770560|536768512|gen_data_629decefb53a1ea5|__AUTOMETRIC__
__AUTOMETRIC__|0.1.2|26748|crew_log_c16f6190816157fc|0|1786391911.369|99.452|3.108|504758272|536756224|gen_data_629decefb53a1ea5|__AUTOMETRIC__
__AUTOMETRIC__|0.1.2|26748|crew_log_c16f6190816157fc|0|1786391912.383|100.130|3.129|504807424|536805376|gen_data_629decefb53a1ea5|__AUTOMETRIC__
__AUTOMETRIC__|0.1.2|26748|crew_log_c16f6190816157fc|0|1786391913.396|100.207|3.131|504836096|536834048|gen_data_629decefb53a1ea5|__AUTOMETRIC__
__AUTOMETRIC__|0.1.2|26748|crew_log_c16f6190816157fc|0|1786391914.402|96.327|3.010|504868864|536866816|gen_data_629decefb53a1ea5|__AUTOMETRIC__
__AUTOMETRIC__|0.1.2|26748|crew_log_c16f6190816157fc|0|1786391915.403|99.890|3.122|504893440|536891392|gen_data_629decefb53a1ea5|__AUTOMETRIC__
__AUTOMETRIC__|0.1.2|26748|crew_log_c16f6190816157fc|0|1786391916.404|99.904|3.122|504512512|536514560|gen_data_629decefb53a1ea5|__AUTOMETRIC__
__AUTOMETRIC__|0.1.2|26748|crew_log_c16f6190816157fc|0|1786391917.419|100.087|3.128|504786944|536764416|gen_data_629decefb53a1ea5|__AUTOMETRIC__
__AUTOMETRIC__|0.1.2|26748|crew_log_c16f6190816157fc|0|1786391918.419|99.994|3.125|504782848|536760320|gen_data_629decefb53a1ea5|__AUTOMETRIC__
__AUTOMETRIC__|0.1.2|26748|crew_log_c16f6190816157fc|0|1786391919.430|100.454|3.139|504795136|536772608|gen_data_629decefb53a1ea5|__AUTOMETRIC__
__AUTOMETRIC__|0.1.2|26748|crew_log_c16f6190816157fc|0|1786391920.433|99.670|3.115|504811520|536788992|gen_data_629decefb53a1ea5|__AUTOMETRIC__
__AUTOMETRIC__|0.1.2|26748|crew_log_c16f6190816157fc|0|1786391921.448|100.073|3.127|504799232|536776704|gen_data_629decefb53a1ea5|__AUTOMETRIC__
__AUTOMETRIC__|0.1.2|26748|crew_log_c16f6190816157fc|0|1786391922.450|98.277|3.071|504791040|536768512|gen_data_629decefb53a1ea5|__AUTOMETRIC__
__AUTOMETRIC__|0.1.2|26748|crew_log_c16f6190816157fc|0|1786391923.452|98.195|3.069|504791040|536768512|gen_data_629decefb53a1ea5|__AUTOMETRIC__
__AUTOMETRIC__|0.1.2|26748|crew_log_c16f6190816157fc|0|1786391924.466|98.619|3.082|504803328|536780800|gen_data_629decefb53a1ea5|__AUTOMETRIC__
__AUTOMETRIC__|0.1.2|26748|crew_log_c16f6190816157fc|0|1786391925.480|98.667|3.083|504815616|536793088|gen_data_629decefb53a1ea5|__AUTOMETRIC__
__AUTOMETRIC__|0.1.2|26748|crew_log_c16f6190816157fc|0|1786391926.489|99.136|3.098|504807424|536784896|gen_data_629decefb53a1ea5|__AUTOMETRIC__
__AUTOMETRIC__|0.1.2|26748|crew_log_c16f6190816157fc|0|1786391927.493|99.577|3.112|504827904|536805376|gen_data_629decefb53a1ea5|__AUTOMETRIC__
__AUTOMETRIC__|0.1.2|26748|crew_log_c16f6190816157fc|0|1786391928.497|98.040|3.064|504569856|536547328|gen_data_629decefb53a1ea5|__AUTOMETRIC__
__AUTOMETRIC__|0.1.2|26748|crew_log_c16f6190816157fc|0|1786391929.498|99.874|3.121|504643584|536625152|gen_data_629decefb53a1ea5|__AUTOMETRIC__
__AUTOMETRIC__|0.1.2|26748|crew_log_c16f6190816157fc|0|1786391930.502|98.064|3.064|504647680|536629248|gen_data_629decefb53a1ea5|__AUTOMETRIC__
__AUTOMETRIC__|0.1.2|26748|crew_log_c16f6190816157fc|0|1786391931.503|101.416|3.169|504639488|536621056|gen_data_629decefb53a1ea5|__AUTOMETRIC__
__AUTOMETRIC__|0.1.2|26748|crew_log_c16f6190816157fc|0|1786391932.505|99.801|3.119|504668160|536649728|gen_data_629decefb53a1ea5|__AUTOMETRIC__
__AUTOMETRIC__|0.1.2|26748|crew_log_c16f6190816157fc|0|1786391933.509|96.551|3.017|504647680|536629248|gen_data_629decefb53a1ea5|__AUTOMETRIC__
__AUTOMETRIC__|0.1.2|26748|crew_log_c16f6190816157fc|0|1786391934.512|96.543|3.017|504668160|536649728|gen_data_629decefb53a1ea5|__AUTOMETRIC__
__AUTOMETRIC__|0.1.2|26748|crew_log_c16f6190816157fc|0|1786391935.521|99.086|3.096|504672256|536653824|gen_data_629decefb53a1ea5|__AUTOMETRIC__
__AUTOMETRIC__|0.1.2|26748|crew_log_c16f6190816157fc|0|1786391936.524|99.721|3.116|504799232|536883200|gen_data_629decefb53a1ea5|__AUTOMETRIC__
__AUTOMETRIC__|0.1.2|26748|crew_log_c16f6190816157fc|0|1786391937.528|99.599|3.112|504700928|536682496|gen_data_629decefb53a1ea5|__AUTOMETRIC__
__AUTOMETRIC__|0.1.2|26748|crew_log_c16f6190816157fc|0|1786391938.536|100.796|3.150|504688640|536670208|gen_data_629decefb53a1ea5|__AUTOMETRIC__
__AUTOMETRIC__|0.1.2|26748|crew_log_c16f6190816157fc|0|1786391939.544|96.084|3.003|504561664|536559616|gen_data_629decefb53a1ea5|__AUTOMETRIC__
__AUTOMETRIC__|0.1.2|26748|crew_log_c16f6190816157fc|0|1786391940.547|98.191|3.068|504541184|536539136|gen_data_629decefb53a1ea5|__AUTOMETRIC__
__AUTOMETRIC__|0.1.2|26748|crew_log_c16f6190816157fc|0|1786391941.561|100.093|3.128|504569856|536567808|gen_data_629decefb53a1ea5|__AUTOMETRIC__
__AUTOMETRIC__|0.1.2|26748|crew_log_c16f6190816157fc|0|1786391942.574|100.303|3.134|504627200|536625152|gen_data_629decefb53a1ea5|__AUTOMETRIC__
__AUTOMETRIC__|0.1.2|26748|crew_log_c16f6190816157fc|0|1786391943.577|99.698|3.116|504602624|536600576|gen_data_629decefb53a1ea5|__AUTOMETRIC__
__AUTOMETRIC__|0.1.2|26748|crew_log_c16f6190816157fc|0|1786391944.591|100.113|3.129|504639488|536637440|gen_data_629decefb53a1ea5|__AUTOMETRIC__
__AUTOMETRIC__|0.1.2|26748|crew_log_c16f6190816157fc|0|1786391945.605|100.189|3.131|504659968|536657920|gen_data_629decefb53a1ea5|__AUTOMETRIC__
__AUTOMETRIC__|0.1.2|26748|crew_log_c16f6190816157fc|0|1786391946.619|100.190|3.131|504680448|536678400|gen_data_629decefb53a1ea5|__AUTOMETRIC__
__AUTOMETRIC__|0.1.2|26748|crew_log_c16f6190816157fc|0|1786391947.634|100.015|3.125|504688640|536686592|gen_data_629decefb53a1ea5|__AUTOMETRIC__
__AUTOMETRIC__|0.1.2|26748|crew_log_c16f6190816157fc|0|1786391948.640|99.432|3.107|504684544|536682496|gen_data_629decefb53a1ea5|__AUTOMETRIC__
__AUTOMETRIC__|0.1.2|26748|crew_log_c16f6190816157fc|0|1786391949.651|98.907|3.091|504709120|536707072|gen_data_629decefb53a1ea5|__AUTOMETRIC__
__AUTOMETRIC__|0.1.2|26748|crew_log_c16f6190816157fc|0|1786391950.653|99.796|3.119|504700928|536698880|gen_data_629decefb53a1ea5|__AUTOMETRIC__
__AUTOMETRIC__|0.1.2|26748|crew_log_c16f6190816157fc|0|1786391951.656|99.661|3.114|504557568|536535040|gen_data_629decefb53a1ea5|__AUTOMETRIC__
__AUTOMETRIC__|0.1.2|26748|crew_log_c16f6190816157fc|0|1786391952.658|96.676|3.021|504582144|536559616|gen_data_629decefb53a1ea5|__AUTOMETRIC__
__AUTOMETRIC__|0.1.2|26748|crew_log_c16f6190816157fc|0|1786391953.661|101.308|3.166|504565760|536543232|gen_data_629decefb53a1ea5|__AUTOMETRIC__
__AUTOMETRIC__|0.1.2|26748|crew_log_c16f6190816157fc|0|1786391954.663|99.824|3.119|504573952|536551424|gen_data_629decefb53a1ea5|__AUTOMETRIC__
__AUTOMETRIC__|0.1.2|26748|crew_log_c16f6190816157fc|0|1786391955.663|99.989|3.125|504631296|536608768|gen_data_629decefb53a1ea5|__AUTOMETRIC__
__AUTOMETRIC__|0.1.2|26748|crew_log_c16f6190816157fc|0|1786391956.667|99.630|3.113|504557568|536535040|gen_data_629decefb53a1ea5|__AUTOMETRIC__
__AUTOMETRIC__|0.1.2|26748|crew_log_c16f6190816157fc|0|1786391957.672|97.858|3.058|504561664|536539136|gen_data_629decefb53a1ea5|__AUTOMETRIC__
__AUTOMETRIC__|0.1.2|26748|crew_log_c16f6190816157fc|0|1786391958.677|101.106|3.160|504565760|536543232|gen_data_629decefb53a1ea5|__AUTOMETRIC__
__AUTOMETRIC__|0.1.2|26748|crew_log_c16f6190816157fc|0|1786391959.685|99.173|3.099|504586240|536563712|gen_data_629decefb53a1ea5|__AUTOMETRIC__
__AUTOMETRIC__|0.1.2|26748|crew_log_c16f6190816157fc|0|1786391960.696|100.474|3.140|504590336|536567808|gen_data_629decefb53a1ea5|__AUTOMETRIC__
__AUTOMETRIC__|0.1.2|26748|crew_log_c16f6190816157fc|0|1786391961.699|98.200|3.069|504586240|536563712|gen_data_629decefb53a1ea5|__AUTOMETRIC__
__AUTOMETRIC__|0.1.2|26748|crew_log_c16f6190816157fc|0|1786391962.707|100.757|3.149|504475648|536453120|gen_data_629decefb53a1ea5|__AUTOMETRIC__
__AUTOMETRIC__|0.1.2|26748|crew_log_c16f6190816157fc|0|1786391963.721|96.997|3.031|504467456|536444928|gen_data_629decefb53a1ea5|__AUTOMETRIC__
__AUTOMETRIC__|0.1.2|26748|crew_log_c16f6190816157fc|0|1786391964.724|101.343|3.167|504496128|536473600|gen_data_629decefb53a1ea5|__AUTOMETRIC__
__AUTOMETRIC__|0.1.2|26748|crew_log_c16f6190816157fc|0|1786391965.728|99.551|3.111|504508416|536485888|gen_data_629decefb53a1ea5|__AUTOMETRIC__
__AUTOMETRIC__|0.1.2|26748|crew_log_c16f6190816157fc|0|1786391966.731|99.729|3.117|504500224|536477696|gen_data_629decefb53a1ea5|__AUTOMETRIC__
__AUTOMETRIC__|0.1.2|26748|crew_log_c16f6190816157fc|0|1786391967.745|100.093|3.128|504549376|536526848|gen_data_629decefb53a1ea5|__AUTOMETRIC__
__AUTOMETRIC__|0.1.2|26748|crew_log_c16f6190816157fc|0|1786391968.754|100.671|3.146|504520704|536498176|gen_data_629decefb53a1ea5|__AUTOMETRIC__
__AUTOMETRIC__|0.1.2|26748|crew_log_c16f6190816157fc|0|1786391969.759|99.502|3.109|504569856|536547328|gen_data_629decefb53a1ea5|__AUTOMETRIC__
__AUTOMETRIC__|0.1.2|26748|crew_log_c16f6190816157fc|0|1786391970.770|100.518|3.141|504610816|536588288|gen_data_629decefb53a1ea5|__AUTOMETRIC__
__AUTOMETRIC__|0.1.2|26748|crew_log_c16f6190816157fc|0|1786391971.773|98.121|3.066|504606720|536584192|gen_data_629decefb53a1ea5|__AUTOMETRIC__
__AUTOMETRIC__|0.1.2|26748|crew_log_c16f6190816157fc|0|1786391972.787|100.175|3.130|504659968|536637440|gen_data_629decefb53a1ea5|__AUTOMETRIC__
__AUTOMETRIC__|0.1.2|26748|crew_log_c16f6190816157fc|0|1786391973.801|100.098|3.128|504516608|536494080|gen_data_629decefb53a1ea5|__AUTOMETRIC__
__AUTOMETRIC__|0.1.2|26748|crew_log_c16f6190816157fc|0|1786391974.817|99.994|3.125|504582144|536559616|gen_data_629decefb53a1ea5|__AUTOMETRIC__
__AUTOMETRIC__|0.1.2|26748|crew_log_c16f6190816157fc|0|1786391975.828|97.341|3.042|504635392|536612864|gen_data_629decefb53a1ea5|__AUTOMETRIC__
__AUTOMETRIC__|0.1.2|26748|crew_log_c16f6190816157fc|0|1786391976.834|100.974|3.155|504635392|536612864|gen_data_629decefb53a1ea5|__AUTOMETRIC__
__AUTOMETRIC__|0.1.2|26748|crew_log_c16f6190816157fc|0|1786391977.843|99.109|3.097|504651776|536629248|gen_data_629decefb53a1ea5|__AUTOMETRIC__
__AUTOMETRIC__|0.1.2|26748|crew_log_c16f6190816157fc|0|1786391978.851|97.637|3.051|504635392|536612864|gen_data_629decefb53a1ea5|__AUTOMETRIC__
__AUTOMETRIC__|0.1.2|26748|crew_log_c16f6190816157fc|0|1786391979.861|97.520|3.047|504639488|536616960|gen_data_629decefb53a1ea5|__AUTOMETRIC__
__AUTOMETRIC__|0.1.2|26748|crew_log_c16f6190816157fc|0|1786391980.867|102.537|3.204|504590336|536535040|gen_data_629decefb53a1ea5|__AUTOMETRIC__
__AUTOMETRIC__|0.1.2|26748|crew_log_c16f6190816157fc|0|1786391981.880|98.670|3.083|504606720|536551424|gen_data_629decefb53a1ea5|__AUTOMETRIC__
__AUTOMETRIC__|0.1.2|26748|crew_log_c16f6190816157fc|0|1786391982.886|99.359|3.105|504610816|536555520|gen_data_629decefb53a1ea5|__AUTOMETRIC__
__AUTOMETRIC__|0.1.2|26748|crew_log_c16f6190816157fc|0|1786391983.901|100.100|3.128|504602624|536547328|gen_data_629decefb53a1ea5|__AUTOMETRIC__
__AUTOMETRIC__|0.1.2|26748|crew_log_c16f6190816157fc|0|1786391984.908|99.289|3.103|504619008|536563712|gen_data_629decefb53a1ea5|__AUTOMETRIC__
__AUTOMETRIC__|0.1.2|26748|crew_log_c16f6190816157fc|0|1786391985.923|96.979|3.031|504496128|536440832|gen_data_629decefb53a1ea5|__AUTOMETRIC__
__AUTOMETRIC__|0.1.2|26748|crew_log_c16f6190816157fc|0|1786391986.930|99.286|3.103|504487936|536432640|gen_data_629decefb53a1ea5|__AUTOMETRIC__
__AUTOMETRIC__|0.1.2|26748|crew_log_c16f6190816157fc|0|1786391987.935|98.007|3.063|504500224|536444928|gen_data_629decefb53a1ea5|__AUTOMETRIC__
__AUTOMETRIC__|0.1.2|26748|crew_log_c16f6190816157fc|0|1786391988.941|99.421|3.107|504512512|536457216|gen_data_629decefb53a1ea5|__AUTOMETRIC__
__AUTOMETRIC__|0.1.2|26748|crew_log_c16f6190816157fc|0|1786391989.946|99.447|3.108|504528896|536473600|gen_data_629decefb53a1ea5|__AUTOMETRIC__
__AUTOMETRIC__|0.1.2|26748|crew_log_c16f6190816157fc|0|1786391990.952|99.474|3.109|504549376|536494080|gen_data_629decefb53a1ea5|__AUTOMETRIC__
__AUTOMETRIC__|0.1.2|26748|crew_log_c16f6190816157fc|0|1786391991.953|99.843|3.120|504553472|536498176|gen_data_629decefb53a1ea5|__AUTOMETRIC__
__AUTOMETRIC__|0.1.2|26748|crew_log_c16f6190816157fc|0|1786391992.954|99.933|3.123|504565760|536518656|gen_data_629decefb53a1ea5|__AUTOMETRIC__
__AUTOMETRIC__|0.1.2|26748|crew_log_c16f6190816157fc|0|1786391993.962|100.764|3.149|504578048|536530944|gen_data_629decefb53a1ea5|__AUTOMETRIC__
__AUTOMETRIC__|0.1.2|26748|crew_log_c16f6190816157fc|0|1786391994.970|99.152|3.099|504582144|536535040|gen_data_629decefb53a1ea5|__AUTOMETRIC__
__AUTOMETRIC__|0.1.2|26748|crew_log_c16f6190816157fc|0|1786391995.980|102.175|3.193|504569856|536522752|gen_data_629decefb53a1ea5|__AUTOMETRIC__
__AUTOMETRIC__|0.1.2|26748|crew_log_c16f6190816157fc|0|1786391996.983|99.683|3.115|504573952|536518656|gen_data_629decefb53a1ea5|__AUTOMETRIC__
__AUTOMETRIC__|0.1.2|26748|crew_log_c16f6190816157fc|0|1786391997.986|96.552|3.017|504569856|536518656|gen_data_629decefb53a1ea5|__AUTOMETRIC__
__AUTOMETRIC__|0.1.2|26748|crew_log_c16f6190816157fc|0|1786391998.996|102.113|3.191|504573952|536522752|gen_data_629decefb53a1ea5|__AUTOMETRIC__
__AUTOMETRIC__|0.1.2|26748|crew_log_c16f6190816157fc|0|1786391999.997|99.902|3.122|504569856|536518656|gen_data_629decefb53a1ea5|__AUTOMETRIC__
__AUTOMETRIC__|0.1.2|26748|crew_log_c16f6190816157fc|0|1786392000.997|99.996|3.125|504598528|536547328|gen_data_629decefb53a1ea5|__AUTOMETRIC__
__AUTOMETRIC__|0.1.2|26748|crew_log_c16f6190816157fc|0|1786392002.002|99.548|3.111|504643584|536592384|gen_data_629decefb53a1ea5|__AUTOMETRIC__
__AUTOMETRIC__|0.1.2|26748|crew_log_c16f6190816157fc|0|1786392003.008|102.454|3.202|504631296|536580096|gen_data_629decefb53a1ea5|__AUTOMETRIC__
__AUTOMETRIC__|0.1.2|26748|crew_log_c16f6190816157fc|0|1786392004.014|99.458|3.108|504643584|536592384|gen_data_629decefb53a1ea5|__AUTOMETRIC__
__AUTOMETRIC__|0.1.2|26748|crew_log_c16f6190816157fc|0|1786392005.023|99.042|3.095|504684544|536633344|gen_data_629decefb53a1ea5|__AUTOMETRIC__
__AUTOMETRIC__|0.1.2|26748|crew_log_c16f6190816157fc|0|1786392006.038|100.080|3.128|504676352|536625152|gen_data_629decefb53a1ea5|__AUTOMETRIC__
__AUTOMETRIC__|0.1.2|26748|crew_log_c16f6190816157fc|0|1786392007.042|99.572|3.112|504721408|536670208|gen_data_629decefb53a1ea5|__AUTOMETRIC__
__AUTOMETRIC__|0.1.2|26748|crew_log_c16f6190816157fc|0|1786392008.045|99.741|3.117|504606720|536551424|gen_data_629decefb53a1ea5|__AUTOMETRIC__
__AUTOMETRIC__|0.1.2|26748|crew_log_c16f6190816157fc|0|1786392009.058|98.692|3.084|504700928|536649728|gen_data_629decefb53a1ea5|__AUTOMETRIC__
__AUTOMETRIC__|0.1.2|26748|crew_log_c16f6190816157fc|0|1786392010.060|98.239|3.070|504725504|536674304|gen_data_629decefb53a1ea5|__AUTOMETRIC__
__AUTOMETRIC__|0.1.2|26748|crew_log_c16f6190816157fc|0|1786392011.061|99.914|3.122|504709120|536657920|gen_data_629decefb53a1ea5|__AUTOMETRIC__
__AUTOMETRIC__|0.1.2|26748|crew_log_c16f6190816157fc|0|1786392012.062|99.911|3.122|504713216|536662016|gen_data_629decefb53a1ea5|__AUTOMETRIC__
__AUTOMETRIC__|0.1.2|26748|crew_log_c16f6190816157fc|0|1786392013.075|100.287|3.134|504733696|536682496|gen_data_629decefb53a1ea5|__AUTOMETRIC__
__AUTOMETRIC__|0.1.2|26748|crew_log_c16f6190816157fc|0|1786392014.087|100.342|3.136|504745984|536694784|gen_data_629decefb53a1ea5|__AUTOMETRIC__
__AUTOMETRIC__|0.1.2|26748|crew_log_c16f6190816157fc|0|1786392015.090|98.154|3.067|504750080|536698880|gen_data_629decefb53a1ea5|__AUTOMETRIC__
__AUTOMETRIC__|0.1.2|26748|crew_log_c16f6190816157fc|0|1786392016.094|99.546|3.111|504729600|536678400|gen_data_629decefb53a1ea5|__AUTOMETRIC__
__AUTOMETRIC__|0.1.2|26748|crew_log_c16f6190816157fc|0|1786392017.096|99.849|3.120|504795136|536743936|gen_data_629decefb53a1ea5|__AUTOMETRIC__
__AUTOMETRIC__|0.1.2|26748|crew_log_c16f6190816157fc|0|1786392018.106|95.859|2.996|504750080|536698880|gen_data_629decefb53a1ea5|__AUTOMETRIC__
__AUTOMETRIC__|0.1.2|26748|crew_log_c16f6190816157fc|0|1786392019.107|99.914|3.122|501223424|533172224|gen_data_629decefb53a1ea5|__AUTOMETRIC__
__AUTOMETRIC__|0.1.2|26748|crew_log_c16f6190816157fc|0|1786392020.108|99.938|3.123|504664064|536612864|gen_data_629decefb53a1ea5|__AUTOMETRIC__
__AUTOMETRIC__|0.1.2|26748|crew_log_c16f6190816157fc|0|1786392021.123|100.093|3.128|504696832|536645632|gen_data_629decefb53a1ea5|__AUTOMETRIC__
__AUTOMETRIC__|0.1.2|26748|crew_log_c16f6190816157fc|0|1786392022.127|93.373|2.918|512487424|544854016|gen_data_577e0fc0a1d73ff8|__AUTOMETRIC__
__AUTOMETRIC__|0.1.2|26748|crew_log_c16f6190816157fc|0|1786392023.130|102.750|3.211|506531840|538476544|gen_data_577e0fc0a1d73ff8|__AUTOMETRIC__
__AUTOMETRIC__|0.1.2|26748|crew_log_c16f6190816157fc|0|1786392024.144|100.158|3.130|506605568|538550272|gen_data_577e0fc0a1d73ff8|__AUTOMETRIC__
__AUTOMETRIC__|0.1.2|26748|crew_log_c16f6190816157fc|0|1786392025.158|98.636|3.082|508698624|540721152|gen_data_577e0fc0a1d73ff8|__AUTOMETRIC__
__AUTOMETRIC__|0.1.2|26748|crew_log_c16f6190816157fc|0|1786392026.172|100.175|3.130|509087744|541032448|gen_data_577e0fc0a1d73ff8|__AUTOMETRIC__
__AUTOMETRIC__|0.1.2|26748|crew_log_c16f6190816157fc|0|1786392027.172|99.967|3.124|509100032|541044736|gen_data_577e0fc0a1d73ff8|__AUTOMETRIC__
__AUTOMETRIC__|0.1.2|26748|crew_log_c16f6190816157fc|0|1786392028.176|99.623|3.113|509140992|541085696|gen_data_577e0fc0a1d73ff8|__AUTOMETRIC__
__AUTOMETRIC__|0.1.2|26748|crew_log_c16f6190816157fc|0|1786392029.177|99.918|3.122|509186048|541130752|gen_data_577e0fc0a1d73ff8|__AUTOMETRIC__
__AUTOMETRIC__|0.1.2|26748|crew_log_c16f6190816157fc|0|1786392030.192|100.025|3.126|509210624|541155328|gen_data_577e0fc0a1d73ff8|__AUTOMETRIC__
__AUTOMETRIC__|0.1.2|26748|crew_log_c16f6190816157fc|0|1786392031.208|98.424|3.076|509251584|541196288|gen_data_577e0fc0a1d73ff8|__AUTOMETRIC__
__AUTOMETRIC__|0.1.2|26748|crew_log_c16f6190816157fc|0|1786392032.221|98.723|3.085|502382592|534327296|gen_data_577e0fc0a1d73ff8|__AUTOMETRIC__
__AUTOMETRIC__|0.1.2|26748|crew_log_c16f6190816157fc|0|1786392033.223|101.375|3.168|502362112|534306816|gen_data_577e0fc0a1d73ff8|__AUTOMETRIC__
__AUTOMETRIC__|0.1.2|26748|crew_log_c16f6190816157fc|0|1786392034.224|99.918|3.122|502407168|534351872|gen_data_577e0fc0a1d73ff8|__AUTOMETRIC__
__AUTOMETRIC__|0.1.2|26748|crew_log_c16f6190816157fc|0|1786392035.237|100.273|3.134|502444032|534388736|gen_data_577e0fc0a1d73ff8|__AUTOMETRIC__
__AUTOMETRIC__|0.1.2|26748|crew_log_c16f6190816157fc|0|1786392036.237|99.923|3.123|502484992|534429696|gen_data_577e0fc0a1d73ff8|__AUTOMETRIC__
__AUTOMETRIC__|0.1.2|26748|crew_log_c16f6190816157fc|0|1786392037.252|98.610|3.082|502530048|534474752|gen_data_577e0fc0a1d73ff8|__AUTOMETRIC__
__AUTOMETRIC__|0.1.2|26748|crew_log_c16f6190816157fc|0|1786392038.266|98.571|3.080|502493184|534437888|gen_data_577e0fc0a1d73ff8|__AUTOMETRIC__
__AUTOMETRIC__|0.1.2|26748|crew_log_c16f6190816157fc|0|1786392039.282|101.542|3.173|502472704|534417408|gen_data_577e0fc0a1d73ff8|__AUTOMETRIC__
__AUTOMETRIC__|0.1.2|26748|crew_log_c16f6190816157fc|0|1786392040.283|99.834|3.120|502517760|534462464|gen_data_577e0fc0a1d73ff8|__AUTOMETRIC__
__AUTOMETRIC__|0.1.2|26748|crew_log_c16f6190816157fc|0|1786392041.287|99.681|3.115|502534144|534478848|gen_data_577e0fc0a1d73ff8|__AUTOMETRIC__
__AUTOMETRIC__|0.1.2|26748|crew_log_c16f6190816157fc|0|1786392042.292|99.417|3.107|502513664|534458368|gen_data_577e0fc0a1d73ff8|__AUTOMETRIC__
__AUTOMETRIC__|0.1.2|26748|crew_log_c16f6190816157fc|0|1786392043.302|99.017|3.094|502566912|534511616|gen_data_577e0fc0a1d73ff8|__AUTOMETRIC__
__AUTOMETRIC__|0.1.2|26748|crew_log_c16f6190816157fc|0|1786392044.317|98.595|3.081|502546432|534491136|gen_data_577e0fc0a1d73ff8|__AUTOMETRIC__
__AUTOMETRIC__|0.1.2|26748|crew_log_c16f6190816157fc|0|1786392045.317|99.936|3.123|502083584|534048768|gen_data_577e0fc0a1d73ff8|__AUTOMETRIC__
__AUTOMETRIC__|0.1.2|26748|crew_log_c16f6190816157fc|0|1786392046.331|100.187|3.131|502071296|534036480|gen_data_577e0fc0a1d73ff8|__AUTOMETRIC__
__AUTOMETRIC__|0.1.2|26748|crew_log_c16f6190816157fc|0|1786392047.335|99.584|3.112|502112256|534077440|gen_data_577e0fc0a1d73ff8|__AUTOMETRIC__
__AUTOMETRIC__|0.1.2|26748|crew_log_c16f6190816157fc|0|1786392048.338|99.697|3.116|502128640|534093824|gen_data_577e0fc0a1d73ff8|__AUTOMETRIC__
__AUTOMETRIC__|0.1.2|26748|crew_log_c16f6190816157fc|0|1786392049.342|98.063|3.064|502181888|534147072|gen_data_577e0fc0a1d73ff8|__AUTOMETRIC__
__AUTOMETRIC__|0.1.2|26748|crew_log_c16f6190816157fc|0|1786392050.344|99.783|3.118|502165504|534130688|gen_data_577e0fc0a1d73ff8|__AUTOMETRIC__
__AUTOMETRIC__|0.1.2|26748|crew_log_c16f6190816157fc|0|1786392051.352|102.332|3.198|502206464|534171648|gen_data_577e0fc0a1d73ff8|__AUTOMETRIC__
__AUTOMETRIC__|0.1.2|26748|crew_log_c16f6190816157fc|0|1786392052.358|97.877|3.059|502198272|534163456|gen_data_577e0fc0a1d73ff8|__AUTOMETRIC__
__AUTOMETRIC__|0.1.2|26748|crew_log_c16f6190816157fc|0|1786392053.360|98.246|3.070|502218752|534183936|gen_data_577e0fc0a1d73ff8|__AUTOMETRIC__
__AUTOMETRIC__|0.1.2|26748|crew_log_c16f6190816157fc|0|1786392054.362|99.744|3.117|502226944|534192128|gen_data_577e0fc0a1d73ff8|__AUTOMETRIC__
__AUTOMETRIC__|0.1.2|26748|crew_log_c16f6190816157fc|0|1786392055.365|98.140|3.067|502255616|534200320|gen_data_577e0fc0a1d73ff8|__AUTOMETRIC__
__AUTOMETRIC__|0.1.2|26748|crew_log_c16f6190816157fc|0|1786392056.368|99.706|3.116|501993472|533962752|gen_data_577e0fc0a1d73ff8|__AUTOMETRIC__
__AUTOMETRIC__|0.1.2|26748|crew_log_c16f6190816157fc|0|1786392057.384|98.415|3.075|501997568|533966848|gen_data_577e0fc0a1d73ff8|__AUTOMETRIC__
__AUTOMETRIC__|0.1.2|26748|crew_log_c16f6190816157fc|0|1786392058.399|100.106|3.128|502259712|534228992|gen_data_577e0fc0a1d73ff8|__AUTOMETRIC__
__AUTOMETRIC__|0.1.2|26748|crew_log_c16f6190816157fc|0|1786392059.402|99.696|3.115|502050816|534020096|gen_data_577e0fc0a1d73ff8|__AUTOMETRIC__
__AUTOMETRIC__|0.1.2|26748|crew_log_c16f6190816157fc|0|1786392060.417|100.043|3.126|502054912|534024192|gen_data_577e0fc0a1d73ff8|__AUTOMETRIC__
__AUTOMETRIC__|0.1.2|26748|crew_log_c16f6190816157fc|0|1786392061.421|99.604|3.113|502054912|534024192|gen_data_577e0fc0a1d73ff8|__AUTOMETRIC__
__AUTOMETRIC__|0.1.2|26748|crew_log_c16f6190816157fc|0|1786392062.428|100.850|3.152|502026240|533979136|gen_data_577e0fc0a1d73ff8|__AUTOMETRIC__
__AUTOMETRIC__|0.1.2|26748|crew_log_c16f6190816157fc|0|1786392063.429|99.903|3.122|502050816|534003712|gen_data_577e0fc0a1d73ff8|__AUTOMETRIC__
__AUTOMETRIC__|0.1.2|26748|crew_log_c16f6190816157fc|0|1786392064.442|100.247|3.133|502071296|534024192|gen_data_577e0fc0a1d73ff8|__AUTOMETRIC__
__AUTOMETRIC__|0.1.2|26748|crew_log_c16f6190816157fc|0|1786392065.445|99.698|3.116|502112256|534065152|gen_data_577e0fc0a1d73ff8|__AUTOMETRIC__
__AUTOMETRIC__|0.1.2|26748|crew_log_c16f6190816157fc|0|1786392066.459|100.154|3.130|502132736|534085632|gen_data_577e0fc0a1d73ff8|__AUTOMETRIC__
__AUTOMETRIC__|0.1.2|26748|crew_log_c16f6190816157fc|0|1786392067.461|99.800|3.119|502128640|534073344|gen_data_577e0fc0a1d73ff8|__AUTOMETRIC__
__AUTOMETRIC__|0.1.2|26748|crew_log_c16f6190816157fc|0|1786392068.463|98.261|3.071|501645312|533590016|gen_data_577e0fc0a1d73ff8|__AUTOMETRIC__
__AUTOMETRIC__|0.1.2|26748|crew_log_c16f6190816157fc|0|1786392069.465|98.204|3.069|501653504|533598208|gen_data_577e0fc0a1d73ff8|__AUTOMETRIC__
__AUTOMETRIC__|0.1.2|26748|crew_log_c16f6190816157fc|0|1786392070.467|99.815|3.119|501686272|533630976|gen_data_577e0fc0a1d73ff8|__AUTOMETRIC__
__AUTOMETRIC__|0.1.2|26748|crew_log_c16f6190816157fc|0|1786392071.475|100.835|3.151|501706752|533651456|gen_data_577e0fc0a1d73ff8|__AUTOMETRIC__
__AUTOMETRIC__|0.1.2|26748|crew_log_c16f6190816157fc|0|1786392072.478|99.657|3.114|501764096|533708800|gen_data_577e0fc0a1d73ff8|__AUTOMETRIC__
__AUTOMETRIC__|0.1.2|26748|crew_log_c16f6190816157fc|0|1786392073.479|99.867|3.121|501760000|533704704|gen_data_577e0fc0a1d73ff8|__AUTOMETRIC__
__AUTOMETRIC__|0.1.2|26748|crew_log_c16f6190816157fc|0|1786392074.482|99.697|3.116|501739520|533684224|gen_data_577e0fc0a1d73ff8|__AUTOMETRIC__
__AUTOMETRIC__|0.1.2|26748|crew_log_c16f6190816157fc|0|1786392075.486|96.561|3.018|501739520|533684224|gen_data_577e0fc0a1d73ff8|__AUTOMETRIC__
__AUTOMETRIC__|0.1.2|26748|crew_log_c16f6190816157fc|0|1786392076.500|100.113|3.129|501747712|533692416|gen_data_577e0fc0a1d73ff8|__AUTOMETRIC__
__AUTOMETRIC__|0.1.2|26748|crew_log_c16f6190816157fc|0|1786392077.515|98.497|3.078|501768192|533712896|gen_data_577e0fc0a1d73ff8|__AUTOMETRIC__
__AUTOMETRIC__|0.1.2|26748|crew_log_c16f6190816157fc|0|1786392078.517|98.242|3.070|501772288|533716992|gen_data_577e0fc0a1d73ff8|__AUTOMETRIC__
__AUTOMETRIC__|0.1.2|26748|crew_log_c16f6190816157fc|0|1786392079.524|97.741|3.054|501772288|533716992|gen_data_577e0fc0a1d73ff8|__AUTOMETRIC__
__AUTOMETRIC__|0.1.2|26748|crew_log_c16f6190816157fc|0|1786392080.532|97.672|3.052|501477376|533463040|gen_data_577e0fc0a1d73ff8|__AUTOMETRIC__
__AUTOMETRIC__|0.1.2|26748|crew_log_c16f6190816157fc|0|1786392081.543|102.061|3.189|501485568|533471232|gen_data_577e0fc0a1d73ff8|__AUTOMETRIC__
__AUTOMETRIC__|0.1.2|26748|crew_log_c16f6190816157fc|0|1786392082.550|100.855|3.152|501485568|533471232|gen_data_577e0fc0a1d73ff8|__AUTOMETRIC__
__AUTOMETRIC__|0.1.2|26748|crew_log_c16f6190816157fc|0|1786392083.563|98.675|3.084|501530624|533516288|gen_data_577e0fc0a1d73ff8|__AUTOMETRIC__
__AUTOMETRIC__|0.1.2|26748|crew_log_c16f6190816157fc|0|1786392084.575|101.870|3.183|501497856|533483520|gen_data_577e0fc0a1d73ff8|__AUTOMETRIC__
__AUTOMETRIC__|0.1.2|26748|crew_log_c16f6190816157fc|0|1786392085.579|99.687|3.115|501526528|533512192|gen_data_577e0fc0a1d73ff8|__AUTOMETRIC__
__AUTOMETRIC__|0.1.2|26748|crew_log_c16f6190816157fc|0|1786392086.587|100.692|3.147|501530624|533516288|gen_data_577e0fc0a1d73ff8|__AUTOMETRIC__
__AUTOMETRIC__|0.1.2|26748|crew_log_c16f6190816157fc|0|1786392087.593|97.831|3.057|501493760|533479424|gen_data_577e0fc0a1d73ff8|__AUTOMETRIC__
__AUTOMETRIC__|0.1.2|26748|crew_log_c16f6190816157fc|0|1786392088.601|100.826|3.151|501534720|533520384|gen_data_577e0fc0a1d73ff8|__AUTOMETRIC__
__AUTOMETRIC__|0.1.2|26748|crew_log_c16f6190816157fc|0|1786392089.610|99.086|3.096|501538816|533524480|gen_data_577e0fc0a1d73ff8|__AUTOMETRIC__
__AUTOMETRIC__|0.1.2|26748|crew_log_c16f6190816157fc|0|1786392090.619|103.796|3.244|501542912|533528576|gen_data_577e0fc0a1d73ff8|__AUTOMETRIC__
__AUTOMETRIC__|0.1.2|26748|crew_log_c16f6190816157fc|0|1786392091.632|100.173|3.130|501194752|533172224|gen_data_577e0fc0a1d73ff8|__AUTOMETRIC__
__AUTOMETRIC__|0.1.2|26748|crew_log_c16f6190816157fc|0|1786392092.641|99.165|3.099|501166080|533143552|gen_data_577e0fc0a1d73ff8|__AUTOMETRIC__
__AUTOMETRIC__|0.1.2|26748|crew_log_c16f6190816157fc|0|1786392093.646|101.078|3.159|501198848|533176320|gen_data_577e0fc0a1d73ff8|__AUTOMETRIC__
__AUTOMETRIC__|0.1.2|26748|crew_log_c16f6190816157fc|0|1786392094.652|97.799|3.056|501211136|533188608|gen_data_577e0fc0a1d73ff8|__AUTOMETRIC__
__AUTOMETRIC__|0.1.2|26748|crew_log_c16f6190816157fc|0|1786392095.658|100.995|3.156|501186560|533164032|gen_data_577e0fc0a1d73ff8|__AUTOMETRIC__
__AUTOMETRIC__|0.1.2|26748|crew_log_c16f6190816157fc|0|1786392096.663|99.470|3.108|501350400|533327872|gen_data_577e0fc0a1d73ff8|__AUTOMETRIC__
__AUTOMETRIC__|0.1.2|26748|crew_log_c16f6190816157fc|0|1786392097.671|99.207|3.100|501170176|533147648|gen_data_577e0fc0a1d73ff8|__AUTOMETRIC__
__AUTOMETRIC__|0.1.2|26748|crew_log_c16f6190816157fc|0|1786392098.674|99.669|3.115|501198848|533143552|gen_data_577e0fc0a1d73ff8|__AUTOMETRIC__
__AUTOMETRIC__|0.1.2|26748|crew_log_c16f6190816157fc|0|1786392099.684|99.018|3.094|501211136|533155840|gen_data_577e0fc0a1d73ff8|__AUTOMETRIC__
__AUTOMETRIC__|0.1.2|26748|crew_log_c16f6190816157fc|0|1786392100.697|97.166|3.036|501202944|533147648|gen_data_577e0fc0a1d73ff8|__AUTOMETRIC__
__AUTOMETRIC__|0.1.2|26748|crew_log_c16f6190816157fc|0|1786392101.705|100.758|3.149|501211136|533155840|gen_data_577e0fc0a1d73ff8|__AUTOMETRIC__
__AUTOMETRIC__|0.1.2|26748|crew_log_c16f6190816157fc|0|1786392102.712|99.341|3.104|501223424|533168128|gen_data_577e0fc0a1d73ff8|__AUTOMETRIC__
__AUTOMETRIC__|0.1.2|26748|crew_log_c16f6190816157fc|0|1786392103.722|100.519|3.141|501043200|532987904|gen_data_577e0fc0a1d73ff8|__AUTOMETRIC__
__AUTOMETRIC__|0.1.2|26748|crew_log_c16f6190816157fc|0|1786392104.737|97.050|3.033|501063680|533008384|gen_data_577e0fc0a1d73ff8|__AUTOMETRIC__
__AUTOMETRIC__|0.1.2|26748|crew_log_c16f6190816157fc|0|1786392105.745|100.712|3.147|501055488|533000192|gen_data_577e0fc0a1d73ff8|__AUTOMETRIC__
__AUTOMETRIC__|0.1.2|26748|crew_log_c16f6190816157fc|0|1786392106.752|97.806|3.056|501055488|533000192|gen_data_577e0fc0a1d73ff8|__AUTOMETRIC__
__AUTOMETRIC__|0.1.2|26748|crew_log_c16f6190816157fc|0|1786392107.766|100.080|3.127|501063680|533008384|gen_data_577e0fc0a1d73ff8|__AUTOMETRIC__
__AUTOMETRIC__|0.1.2|26748|crew_log_c16f6190816157fc|0|1786392108.769|102.909|3.216|501035008|532979712|gen_data_577e0fc0a1d73ff8|__AUTOMETRIC__
__AUTOMETRIC__|0.1.2|26748|crew_log_c16f6190816157fc|0|1786392109.777|96.091|3.003|501047296|532992000|gen_data_577e0fc0a1d73ff8|__AUTOMETRIC__
__AUTOMETRIC__|0.1.2|26748|crew_log_c16f6190816157fc|0|1786392110.784|100.826|3.151|501067776|533012480|gen_data_577e0fc0a1d73ff8|__AUTOMETRIC__
__AUTOMETRIC__|0.1.2|26748|crew_log_c16f6190816157fc|0|1786392111.790|99.428|3.107|501063680|533008384|gen_data_577e0fc0a1d73ff8|__AUTOMETRIC__
__AUTOMETRIC__|0.1.2|26748|crew_log_c16f6190816157fc|0|1786392112.791|99.843|3.120|501088256|533032960|gen_data_577e0fc0a1d73ff8|__AUTOMETRIC__
__AUTOMETRIC__|0.1.2|26748|crew_log_c16f6190816157fc|0|1786392113.799|100.796|3.150|501075968|533020672|gen_data_577e0fc0a1d73ff8|__AUTOMETRIC__
__AUTOMETRIC__|0.1.2|26748|crew_log_c16f6190816157fc|0|1786392114.803|99.566|3.111|500887552|532832256|gen_data_577e0fc0a1d73ff8|__AUTOMETRIC__
__AUTOMETRIC__|0.1.2|26748|crew_log_c16f6190816157fc|0|1786392115.811|99.276|3.102|500899840|532844544|gen_data_577e0fc0a1d73ff8|__AUTOMETRIC__
__AUTOMETRIC__|0.1.2|26748|crew_log_c16f6190816157fc|0|1786392116.823|100.325|3.135|500899840|532844544|gen_data_577e0fc0a1d73ff8|__AUTOMETRIC__
__AUTOMETRIC__|0.1.2|26748|crew_log_c16f6190816157fc|0|1786392117.826|98.155|3.067|500908032|532852736|gen_data_577e0fc0a1d73ff8|__AUTOMETRIC__
__AUTOMETRIC__|0.1.2|26748|crew_log_c16f6190816157fc|0|1786392118.830|99.616|3.113|500903936|532848640|gen_data_577e0fc0a1d73ff8|__AUTOMETRIC__
__AUTOMETRIC__|0.1.2|26748|crew_log_c16f6190816157fc|0|1786392119.842|98.774|3.087|500912128|532856832|gen_data_577e0fc0a1d73ff8|__AUTOMETRIC__
__AUTOMETRIC__|0.1.2|26748|crew_log_c16f6190816157fc|0|1786392120.847|97.978|3.062|500908032|532852736|gen_data_577e0fc0a1d73ff8|__AUTOMETRIC__
__AUTOMETRIC__|0.1.2|26748|crew_log_c16f6190816157fc|0|1786392121.851|99.602|3.113|500903936|532848640|gen_data_577e0fc0a1d73ff8|__AUTOMETRIC__
__AUTOMETRIC__|0.1.2|26748|crew_log_c16f6190816157fc|0|1786392122.854|99.634|3.114|500916224|532860928|gen_data_577e0fc0a1d73ff8|__AUTOMETRIC__
__AUTOMETRIC__|0.1.2|26748|crew_log_c16f6190816157fc|0|1786392123.858|99.632|3.113|500912128|532856832|gen_data_577e0fc0a1d73ff8|__AUTOMETRIC__
__AUTOMETRIC__|0.1.2|26748|crew_log_c16f6190816157fc|0|1786392124.871|98.762|3.086|500961280|532905984|gen_data_577e0fc0a1d73ff8|__AUTOMETRIC__
__AUTOMETRIC__|0.1.2|26748|crew_log_c16f6190816157fc|0|1786392125.872|99.867|3.121|500998144|532942848|gen_data_577e0fc0a1d73ff8|__AUTOMETRIC__
__AUTOMETRIC__|0.1.2|26748|crew_log_c16f6190816157fc|0|1786392126.878|97.826|3.057|500727808|532672512|gen_data_577e0fc0a1d73ff8|__AUTOMETRIC__
__AUTOMETRIC__|0.1.2|26748|crew_log_c16f6190816157fc|0|1786392127.884|99.442|3.108|500736000|532680704|gen_data_577e0fc0a1d73ff8|__AUTOMETRIC__
__AUTOMETRIC__|0.1.2|26748|crew_log_c16f6190816157fc|0|1786392128.885|96.764|3.024|500740096|532684800|gen_data_577e0fc0a1d73ff8|__AUTOMETRIC__
__AUTOMETRIC__|0.1.2|26748|crew_log_c16f6190816157fc|0|1786392129.887|98.198|3.069|500842496|532787200|gen_data_577e0fc0a1d73ff8|__AUTOMETRIC__
__AUTOMETRIC__|0.1.2|26748|crew_log_c16f6190816157fc|0|1786392130.901|100.230|3.132|500817920|532762624|gen_data_577e0fc0a1d73ff8|__AUTOMETRIC__
__AUTOMETRIC__|0.1.2|26748|crew_log_c16f6190816157fc|0|1786392131.904|99.647|3.114|501194752|533164032|gen_data_577e0fc0a1d73ff8|__AUTOMETRIC__
__AUTOMETRIC__|0.1.2|26748|crew_log_c16f6190816157fc|0|1786392132.918|100.217|3.132|500883456|532852736|gen_data_577e0fc0a1d73ff8|__AUTOMETRIC__
__AUTOMETRIC__|0.1.2|26748|crew_log_c16f6190816157fc|0|1786392133.920|99.808|3.119|500875264|532844544|gen_data_577e0fc0a1d73ff8|__AUTOMETRIC__
__AUTOMETRIC__|0.1.2|26748|crew_log_c16f6190816157fc|0|1786392134.934|98.546|3.080|500883456|532852736|gen_data_577e0fc0a1d73ff8|__AUTOMETRIC__
__AUTOMETRIC__|0.1.2|26748|crew_log_c16f6190816157fc|0|1786392135.949|98.520|3.079|500887552|532856832|gen_data_577e0fc0a1d73ff8|__AUTOMETRIC__
__AUTOMETRIC__|0.1.2|26748|crew_log_c16f6190816157fc|0|1786392136.959|100.647|3.145|500887552|532856832|gen_data_577e0fc0a1d73ff8|__AUTOMETRIC__
__AUTOMETRIC__|0.1.2|26748|crew_log_c16f6190816157fc|0|1786392137.972|100.182|3.131|500703232|532656128|gen_data_577e0fc0a1d73ff8|__AUTOMETRIC__
__AUTOMETRIC__|0.1.2|26748|crew_log_c16f6190816157fc|0|1786392138.986|100.141|3.129|500711424|532664320|gen_data_577e0fc0a1d73ff8|__AUTOMETRIC__
__AUTOMETRIC__|0.1.2|26748|crew_log_c16f6190816157fc|0|1786392139.999|98.802|3.088|500727808|532680704|gen_data_577e0fc0a1d73ff8|__AUTOMETRIC__
__AUTOMETRIC__|0.1.2|26748|crew_log_c16f6190816157fc|0|1786392141.003|99.520|3.110|500760576|532713472|gen_data_577e0fc0a1d73ff8|__AUTOMETRIC__
__AUTOMETRIC__|0.1.2|26748|crew_log_c16f6190816157fc|0|1786392142.005|99.832|3.120|500748288|532701184|gen_data_577e0fc0a1d73ff8|__AUTOMETRIC__
__AUTOMETRIC__|0.1.2|26748|crew_log_c16f6190816157fc|0|1786392143.007|99.786|3.118|500781056|532733952|gen_data_577e0fc0a1d73ff8|__AUTOMETRIC__
__AUTOMETRIC__|0.1.2|26748|crew_log_c16f6190816157fc|0|1786392144.011|99.636|3.114|500768768|532721664|gen_data_577e0fc0a1d73ff8|__AUTOMETRIC__
__AUTOMETRIC__|0.1.2|26748|crew_log_c16f6190816157fc|0|1786392145.013|99.755|3.117|500768768|532721664|gen_data_577e0fc0a1d73ff8|__AUTOMETRIC__
__AUTOMETRIC__|0.1.2|26748|crew_log_c16f6190816157fc|0|1786392146.029|100.045|3.126|500772864|532725760|gen_data_577e0fc0a1d73ff8|__AUTOMETRIC__
__AUTOMETRIC__|0.1.2|26748|crew_log_c16f6190816157fc|0|1786392147.030|99.871|3.121|500772864|532725760|gen_data_577e0fc0a1d73ff8|__AUTOMETRIC__
__AUTOMETRIC__|0.1.2|26748|crew_log_c16f6190816157fc|0|1786392148.045|100.093|3.128|500809728|532762624|gen_data_577e0fc0a1d73ff8|__AUTOMETRIC__
__AUTOMETRIC__|0.1.2|26748|crew_log_c16f6190816157fc|0|1786392149.050|99.440|3.107|500482048|532439040|gen_data_577e0fc0a1d73ff8|__AUTOMETRIC__
__AUTOMETRIC__|0.1.2|26748|crew_log_c16f6190816157fc|0|1786392150.058|99.263|3.102|500518912|532463616|gen_data_577e0fc0a1d73ff8|__AUTOMETRIC__
__AUTOMETRIC__|0.1.2|26748|crew_log_c16f6190816157fc|0|1786392151.064|100.934|3.154|500563968|532508672|gen_data_577e0fc0a1d73ff8|__AUTOMETRIC__
__AUTOMETRIC__|0.1.2|26748|crew_log_c16f6190816157fc|0|1786392152.078|98.623|3.082|500527104|532471808|gen_data_577e0fc0a1d73ff8|__AUTOMETRIC__
__AUTOMETRIC__|0.1.2|26748|crew_log_c16f6190816157fc|0|1786392153.090|100.332|3.135|500555776|532500480|gen_data_577e0fc0a1d73ff8|__AUTOMETRIC__
__AUTOMETRIC__|0.1.2|26748|crew_log_c16f6190816157fc|0|1786392154.090|98.416|3.076|500596736|532541440|gen_data_577e0fc0a1d73ff8|__AUTOMETRIC__
__AUTOMETRIC__|0.1.2|26748|crew_log_c16f6190816157fc|0|1786392155.104|100.172|3.130|500613120|532566016|gen_data_577e0fc0a1d73ff8|__AUTOMETRIC__
__AUTOMETRIC__|0.1.2|26748|crew_log_c16f6190816157fc|0|1786392156.107|98.185|3.068|500621312|532574208|gen_data_577e0fc0a1d73ff8|__AUTOMETRIC__
__AUTOMETRIC__|0.1.2|26748|crew_log_c16f6190816157fc|0|1786392157.116|99.074|3.096|500625408|532574208|gen_data_577e0fc0a1d73ff8|__AUTOMETRIC__
__AUTOMETRIC__|0.1.2|26748|crew_log_c16f6190816157fc|0|1786392158.131|100.022|3.126|500666368|532611072|gen_data_577e0fc0a1d73ff8|__AUTOMETRIC__
__AUTOMETRIC__|0.1.2|26748|crew_log_c16f6190816157fc|0|1786392159.139|96.106|3.003|500678656|532623360|gen_data_577e0fc0a1d73ff8|__AUTOMETRIC__
__AUTOMETRIC__|0.1.2|26748|crew_log_c16f6190816157fc|0|1786392160.153|98.692|3.084|500682752|532627456|gen_data_577e0fc0a1d73ff8|__AUTOMETRIC__
__AUTOMETRIC__|0.1.2|26748|crew_log_c16f6190816157fc|0|1786392161.159|99.395|3.106|500592640|532537344|gen_data_577e0fc0a1d73ff8|__AUTOMETRIC__
__AUTOMETRIC__|0.1.2|26748|crew_log_c16f6190816157fc|0|1786392162.172|98.676|3.084|500592640|532537344|gen_data_577e0fc0a1d73ff8|__AUTOMETRIC__
__AUTOMETRIC__|0.1.2|26748|crew_log_c16f6190816157fc|0|1786392163.176|101.146|3.161|500617216|532561920|gen_data_577e0fc0a1d73ff8|__AUTOMETRIC__
__AUTOMETRIC__|0.1.2|26748|crew_log_c16f6190816157fc|0|1786392164.185|99.167|3.099|500645888|532590592|gen_data_577e0fc0a1d73ff8|__AUTOMETRIC__
__AUTOMETRIC__|0.1.2|26748|crew_log_c16f6190816157fc|0|1786392165.187|99.759|3.117|500633600|532578304|gen_data_577e0fc0a1d73ff8|__AUTOMETRIC__
__AUTOMETRIC__|0.1.2|26748|crew_log_c16f6190816157fc|0|1786392166.201|98.636|3.082|500908032|532852736|gen_data_577e0fc0a1d73ff8|__AUTOMETRIC__
__AUTOMETRIC__|0.1.2|26748|crew_log_c16f6190816157fc|0|1786392167.208|100.852|3.152|500670464|532619264|gen_data_577e0fc0a1d73ff8|__AUTOMETRIC__
__AUTOMETRIC__|0.1.2|26748|crew_log_c16f6190816157fc|0|1786392168.209|96.823|3.026|500682752|532631552|gen_data_577e0fc0a1d73ff8|__AUTOMETRIC__
__AUTOMETRIC__|0.1.2|26748|crew_log_c16f6190816157fc|0|1786392169.210|99.901|3.122|500715520|532664320|gen_data_577e0fc0a1d73ff8|__AUTOMETRIC__
__AUTOMETRIC__|0.1.2|26748|crew_log_c16f6190816157fc|0|1786392170.217|99.242|3.101|500731904|532680704|gen_data_577e0fc0a1d73ff8|__AUTOMETRIC__
__AUTOMETRIC__|0.1.2|26748|crew_log_c16f6190816157fc|0|1786392171.227|100.605|3.144|500744192|532692992|gen_data_577e0fc0a1d73ff8|__AUTOMETRIC__
__AUTOMETRIC__|0.1.2|26748|crew_log_c16f6190816157fc|0|1786392172.231|99.583|3.112|500527104|532471808|gen_data_577e0fc0a1d73ff8|__AUTOMETRIC__
__AUTOMETRIC__|0.1.2|26748|crew_log_c16f6190816157fc|0|1786392173.235|99.611|3.113|500596736|532541440|gen_data_577e0fc0a1d73ff8|__AUTOMETRIC__
__AUTOMETRIC__|0.1.2|26748|crew_log_c16f6190816157fc|0|1786392174.240|102.563|3.205|500604928|532549632|gen_data_577e0fc0a1d73ff8|__AUTOMETRIC__
__AUTOMETRIC__|0.1.2|26748|crew_log_c16f6190816157fc|0|1786392175.244|99.663|3.114|500604928|532549632|gen_data_577e0fc0a1d73ff8|__AUTOMETRIC__
__AUTOMETRIC__|0.1.2|26748|crew_log_c16f6190816157fc|0|1786392176.250|99.394|3.106|500617216|532561920|gen_data_577e0fc0a1d73ff8|__AUTOMETRIC__
__AUTOMETRIC__|0.1.2|26748|crew_log_c16f6190816157fc|0|1786392177.261|100.455|3.139|500617216|532561920|gen_data_577e0fc0a1d73ff8|__AUTOMETRIC__
__AUTOMETRIC__|0.1.2|26748|crew_log_c16f6190816157fc|0|1786392178.277|99.985|3.125|500699136|532643840|gen_data_577e0fc0a1d73ff8|__AUTOMETRIC__
__AUTOMETRIC__|0.1.2|26748|crew_log_c16f6190816157fc|0|1786392179.278|99.873|3.121|500699136|532643840|gen_data_577e0fc0a1d73ff8|__AUTOMETRIC__
__AUTOMETRIC__|0.1.2|26748|crew_log_c16f6190816157fc|0|1786392180.293|100.078|3.127|500695040|532639744|gen_data_577e0fc0a1d73ff8|__AUTOMETRIC__
__AUTOMETRIC__|0.1.2|26748|crew_log_c16f6190816157fc|0|1786392181.293|99.940|3.123|500695040|532639744|gen_data_577e0fc0a1d73ff8|__AUTOMETRIC__
__AUTOMETRIC__|0.1.2|26748|crew_log_c16f6190816157fc|0|1786392182.308|100.087|3.128|500699136|532643840|gen_data_577e0fc0a1d73ff8|__AUTOMETRIC__
__AUTOMETRIC__|0.1.2|26748|crew_log_c16f6190816157fc|0|1786392183.313|97.938|3.061|500592640|532537344|gen_data_577e0fc0a1d73ff8|__AUTOMETRIC__
__AUTOMETRIC__|0.1.2|26748|crew_log_c16f6190816157fc|0|1786392184.313|101.530|3.173|500600832|532545536|gen_data_577e0fc0a1d73ff8|__AUTOMETRIC__
__AUTOMETRIC__|0.1.2|26748|crew_log_c16f6190816157fc|0|1786392185.319|97.867|3.058|500592640|532537344|gen_data_577e0fc0a1d73ff8|__AUTOMETRIC__
__AUTOMETRIC__|0.1.2|26748|crew_log_c16f6190816157fc|0|1786392186.331|100.341|3.136|500600832|532545536|gen_data_577e0fc0a1d73ff8|__AUTOMETRIC__
__AUTOMETRIC__|0.1.2|26748|crew_log_c16f6190816157fc|0|1786392187.342|98.966|3.093|500600832|532545536|gen_data_577e0fc0a1d73ff8|__AUTOMETRIC__
__AUTOMETRIC__|0.1.2|26748|crew_log_c16f6190816157fc|0|1786392188.345|99.702|3.116|500666368|532611072|gen_data_577e0fc0a1d73ff8|__AUTOMETRIC__
__AUTOMETRIC__|0.1.2|26748|crew_log_c16f6190816157fc|0|1786392189.345|96.853|3.027|500666368|532611072|gen_data_577e0fc0a1d73ff8|__AUTOMETRIC__
__AUTOMETRIC__|0.1.2|26748|crew_log_c16f6190816157fc|0|1786392190.346|101.496|3.172|500690944|532635648|gen_data_577e0fc0a1d73ff8|__AUTOMETRIC__
__AUTOMETRIC__|0.1.2|26748|crew_log_c16f6190816157fc|0|1786392191.358|98.757|3.086|500715520|532660224|gen_data_577e0fc0a1d73ff8|__AUTOMETRIC__
__AUTOMETRIC__|0.1.2|26748|crew_log_c16f6190816157fc|0|1786392192.362|99.654|3.114|500723712|532668416|gen_data_577e0fc0a1d73ff8|__AUTOMETRIC__
__AUTOMETRIC__|0.1.2|26748|crew_log_c16f6190816157fc|0|1786392193.362|99.987|3.125|500736000|532680704|gen_data_577e0fc0a1d73ff8|__AUTOMETRIC__
__AUTOMETRIC__|0.1.2|26748|crew_log_c16f6190816157fc|0|1786392194.377|90.861|2.839|500592640|532537344|gen_data_577e0fc0a1d73ff8|__AUTOMETRIC__
__AUTOMETRIC__|0.1.2|26748|crew_log_c16f6190816157fc|0|1786392195.391|101.691|3.178|500625408|532578304|gen_data_577e0fc0a1d73ff8|__AUTOMETRIC__
__AUTOMETRIC__|0.1.2|26748|crew_log_c16f6190816157fc|0|1786392196.395|102.629|3.207|500658176|532611072|gen_data_577e0fc0a1d73ff8|__AUTOMETRIC__
__AUTOMETRIC__|0.1.2|26748|crew_log_c16f6190816157fc|0|1786392197.401|99.409|3.107|500682752|532635648|gen_data_577e0fc0a1d73ff8|__AUTOMETRIC__
__AUTOMETRIC__|0.1.2|26748|crew_log_c16f6190816157fc|0|1786392198.404|99.711|3.116|500707328|532660224|gen_data_577e0fc0a1d73ff8|__AUTOMETRIC__
__AUTOMETRIC__|0.1.2|26748|crew_log_c16f6190816157fc|0|1786392199.419|100.132|3.129|500764672|532717568|gen_data_577e0fc0a1d73ff8|__AUTOMETRIC__
__AUTOMETRIC__|0.1.2|26748|crew_log_c16f6190816157fc|0|1786392200.433|100.070|3.127|500695040|532647936|gen_data_577e0fc0a1d73ff8|__AUTOMETRIC__
__AUTOMETRIC__|0.1.2|26748|crew_log_c16f6190816157fc|0|1786392201.436|99.718|3.116|500760576|532717568|gen_data_577e0fc0a1d73ff8|__AUTOMETRIC__
__AUTOMETRIC__|0.1.2|26748|crew_log_c16f6190816157fc|0|1786392202.441|101.083|3.159|500768768|532725760|gen_data_577e0fc0a1d73ff8|__AUTOMETRIC__
__AUTOMETRIC__|0.1.2|26748|crew_log_c16f6190816157fc|0|1786392203.448|99.273|3.102|500776960|532733952|gen_data_577e0fc0a1d73ff8|__AUTOMETRIC__
__AUTOMETRIC__|0.1.2|26748|crew_log_c16f6190816157fc|0|1786392204.458|100.574|3.143|500772864|532729856|gen_data_577e0fc0a1d73ff8|__AUTOMETRIC__
__AUTOMETRIC__|0.1.2|26748|crew_log_c16f6190816157fc|0|1786392205.463|99.523|3.110|500764672|532709376|gen_data_577e0fc0a1d73ff8|__AUTOMETRIC__
__AUTOMETRIC__|0.1.2|26748|crew_log_c16f6190816157fc|0|1786392206.467|99.615|3.113|500723712|532668416|gen_data_577e0fc0a1d73ff8|__AUTOMETRIC__
__AUTOMETRIC__|0.1.2|26748|crew_log_c16f6190816157fc|0|1786392207.474|99.323|3.104|500760576|532705280|gen_data_577e0fc0a1d73ff8|__AUTOMETRIC__
__AUTOMETRIC__|0.1.2|26748|crew_log_c16f6190816157fc|0|1786392208.478|99.523|3.110|500764672|532709376|gen_data_577e0fc0a1d73ff8|__AUTOMETRIC__
__AUTOMETRIC__|0.1.2|26748|crew_log_c16f6190816157fc|0|1786392209.488|100.612|3.144|500776960|532721664|gen_data_577e0fc0a1d73ff8|__AUTOMETRIC__
__AUTOMETRIC__|0.1.2|26748|crew_log_c16f6190816157fc|0|1786392210.496|99.232|3.101|500805632|532766720|gen_data_577e0fc0a1d73ff8|__AUTOMETRIC__
__AUTOMETRIC__|0.1.2|26748|crew_log_c16f6190816157fc|0|1786392211.510|100.136|3.129|500793344|532754432|gen_data_577e0fc0a1d73ff8|__AUTOMETRIC__
__AUTOMETRIC__|0.1.2|26748|crew_log_c16f6190816157fc|0|1786392212.517|100.837|3.151|500817920|532779008|gen_data_577e0fc0a1d73ff8|__AUTOMETRIC__
__AUTOMETRIC__|0.1.2|26748|crew_log_c16f6190816157fc|0|1786392213.527|97.461|3.046|500809728|532770816|gen_data_577e0fc0a1d73ff8|__AUTOMETRIC__
__AUTOMETRIC__|0.1.2|26748|crew_log_c16f6190816157fc|0|1786392214.533|97.898|3.059|500834304|532795392|gen_data_577e0fc0a1d73ff8|__AUTOMETRIC__
__AUTOMETRIC__|0.1.2|26748|crew_log_c16f6190816157fc|0|1786392215.545|97.265|3.040|500830208|532791296|gen_data_577e0fc0a1d73ff8|__AUTOMETRIC__
__AUTOMETRIC__|0.1.2|26748|crew_log_c16f6190816157fc|0|1786392216.548|101.191|3.162|500846592|532791296|gen_data_577e0fc0a1d73ff8|__AUTOMETRIC__
__AUTOMETRIC__|0.1.2|26748|crew_log_c16f6190816157fc|0|1786392217.558|99.023|3.094|500707328|532660224|gen_data_577e0fc0a1d73ff8|__AUTOMETRIC__
__AUTOMETRIC__|0.1.2|26748|crew_log_c16f6190816157fc|0|1786392218.570|97.327|3.041|500695040|532647936|gen_data_577e0fc0a1d73ff8|__AUTOMETRIC__
__AUTOMETRIC__|0.1.2|26748|crew_log_c16f6190816157fc|0|1786392219.585|100.073|3.127|500707328|532660224|gen_data_577e0fc0a1d73ff8|__AUTOMETRIC__
__AUTOMETRIC__|0.1.2|26748|crew_log_c16f6190816157fc|0|1786392220.601|99.924|3.123|500711424|532664320|gen_data_577e0fc0a1d73ff8|__AUTOMETRIC__
__AUTOMETRIC__|0.1.2|26748|crew_log_c16f6190816157fc|0|1786392221.608|97.697|3.053|500822016|532770816|gen_data_577e0fc0a1d73ff8|__AUTOMETRIC__
__AUTOMETRIC__|0.1.2|26748|crew_log_c16f6190816157fc|0|1786392222.612|99.698|3.116|500826112|532774912|gen_data_577e0fc0a1d73ff8|__AUTOMETRIC__
__AUTOMETRIC__|0.1.2|26748|crew_log_c16f6190816157fc|0|1786392223.617|97.872|3.058|500822016|532770816|gen_data_577e0fc0a1d73ff8|__AUTOMETRIC__
__AUTOMETRIC__|0.1.2|26748|crew_log_c16f6190816157fc|0|1786392224.625|99.269|3.102|500822016|532770816|gen_data_577e0fc0a1d73ff8|__AUTOMETRIC__
__AUTOMETRIC__|0.1.2|26748|crew_log_c16f6190816157fc|0|1786392225.640|98.484|3.078|500817920|532766720|gen_data_577e0fc0a1d73ff8|__AUTOMETRIC__
__AUTOMETRIC__|0.1.2|26748|crew_log_c16f6190816157fc|0|1786392226.648|99.228|3.101|500883456|532832256|gen_data_577e0fc0a1d73ff8|__AUTOMETRIC__
__AUTOMETRIC__|0.1.2|26748|crew_log_c16f6190816157fc|0|1786392227.651|99.649|3.114|500940800|532889600|gen_data_577e0fc0a1d73ff8|__AUTOMETRIC__
__AUTOMETRIC__|0.1.2|26748|crew_log_c16f6190816157fc|0|1786392228.658|97.810|3.057|500850688|532795392|gen_data_577e0fc0a1d73ff8|__AUTOMETRIC__
__AUTOMETRIC__|0.1.2|26748|crew_log_c16f6190816157fc|0|1786392229.663|99.515|3.110|500862976|532807680|gen_data_577e0fc0a1d73ff8|__AUTOMETRIC__
__AUTOMETRIC__|0.1.2|26748|crew_log_c16f6190816157fc|0|1786392230.667|97.984|3.062|500867072|532819968|gen_data_577e0fc0a1d73ff8|__AUTOMETRIC__
__AUTOMETRIC__|0.1.2|26748|crew_log_c16f6190816157fc|0|1786392231.680|97.211|3.038|500932608|532877312|gen_data_577e0fc0a1d73ff8|__AUTOMETRIC__
__AUTOMETRIC__|0.1.2|26748|crew_log_c16f6190816157fc|0|1786392232.682|99.744|3.117|500948992|532893696|gen_data_577e0fc0a1d73ff8|__AUTOMETRIC__
__AUTOMETRIC__|0.1.2|26748|crew_log_c16f6190816157fc|0|1786392233.686|99.692|3.115|501145600|533090304|gen_data_577e0fc0a1d73ff8|__AUTOMETRIC__
__AUTOMETRIC__|0.1.2|26748|crew_log_c16f6190816157fc|0|1786392234.691|101.056|3.158|500916224|532860928|gen_data_577e0fc0a1d73ff8|__AUTOMETRIC__
__AUTOMETRIC__|0.1.2|26748|crew_log_c16f6190816157fc|0|1786392235.697|97.834|3.057|500908032|532852736|gen_data_577e0fc0a1d73ff8|__AUTOMETRIC__
__AUTOMETRIC__|0.1.2|26748|crew_log_c16f6190816157fc|0|1786392236.700|99.640|3.114|500928512|532873216|gen_data_577e0fc0a1d73ff8|__AUTOMETRIC__
__AUTOMETRIC__|0.1.2|26748|crew_log_c16f6190816157fc|0|1786392237.711|97.427|3.045|500928512|532873216|gen_data_577e0fc0a1d73ff8|__AUTOMETRIC__
__AUTOMETRIC__|0.1.2|26748|crew_log_c16f6190816157fc|0|1786392238.725|100.098|3.128|500981760|532926464|gen_data_577e0fc0a1d73ff8|__AUTOMETRIC__
__AUTOMETRIC__|0.1.2|26748|crew_log_c16f6190816157fc|0|1786392239.733|97.701|3.053|500989952|532934656|gen_data_577e0fc0a1d73ff8|__AUTOMETRIC__
__AUTOMETRIC__|0.1.2|26748|crew_log_c16f6190816157fc|0|1786392240.737|99.618|3.113|500989952|532934656|gen_data_577e0fc0a1d73ff8|__AUTOMETRIC__
__AUTOMETRIC__|0.1.2|26748|crew_log_c16f6190816157fc|0|1786392241.744|97.708|3.053|501026816|532971520|gen_data_577e0fc0a1d73ff8|__AUTOMETRIC__
__AUTOMETRIC__|0.1.2|26748|crew_log_c16f6190816157fc|0|1786392242.749|96.374|3.012|501035008|532979712|gen_data_577e0fc0a1d73ff8|__AUTOMETRIC__
__AUTOMETRIC__|0.1.2|26748|crew_log_c16f6190816157fc|0|1786392243.755|101.015|3.157|501104640|533049344|gen_data_577e0fc0a1d73ff8|__AUTOMETRIC__
__AUTOMETRIC__|0.1.2|26748|crew_log_c16f6190816157fc|0|1786392244.761|97.861|3.058|501059584|533004288|gen_data_577e0fc0a1d73ff8|__AUTOMETRIC__
__AUTOMETRIC__|0.1.2|26748|crew_log_c16f6190816157fc|0|1786392245.776|100.061|3.127|501051392|532996096|gen_data_577e0fc0a1d73ff8|__AUTOMETRIC__
__AUTOMETRIC__|0.1.2|26748|crew_log_c16f6190816157fc|0|1786392246.782|99.342|3.104|501059584|533004288|gen_data_577e0fc0a1d73ff8|__AUTOMETRIC__
__AUTOMETRIC__|0.1.2|26748|crew_log_c16f6190816157fc|0|1786392247.791|99.187|3.100|501063680|533008384|gen_data_577e0fc0a1d73ff8|__AUTOMETRIC__
__AUTOMETRIC__|0.1.2|26748|crew_log_c16f6190816157fc|0|1786392248.797|94.706|2.960|509669376|541626368|gen_data_7a665530732d970d|__AUTOMETRIC__
__AUTOMETRIC__|0.1.2|26748|crew_log_c16f6190816157fc|0|1786392249.799|96.717|3.022|507080704|539037696|gen_data_7a665530732d970d|__AUTOMETRIC__
__AUTOMETRIC__|0.1.2|26748|crew_log_c16f6190816157fc|0|1786392250.813|100.088|3.128|507174912|539131904|gen_data_7a665530732d970d|__AUTOMETRIC__
__AUTOMETRIC__|0.1.2|26748|crew_log_c16f6190816157fc|0|1786392251.818|99.503|3.109|506908672|538853376|gen_data_7a665530732d970d|__AUTOMETRIC__
__AUTOMETRIC__|0.1.2|26748|crew_log_c16f6190816157fc|0|1786392252.832|98.676|3.084|506929152|538873856|gen_data_7a665530732d970d|__AUTOMETRIC__
__AUTOMETRIC__|0.1.2|26748|crew_log_c16f6190816157fc|0|1786392253.832|99.955|3.124|506933248|538877952|gen_data_7a665530732d970d|__AUTOMETRIC__
__AUTOMETRIC__|0.1.2|26748|crew_log_c16f6190816157fc|0|1786392254.839|99.344|3.104|506929152|538873856|gen_data_7a665530732d970d|__AUTOMETRIC__
__AUTOMETRIC__|0.1.2|26748|crew_log_c16f6190816157fc|0|1786392255.842|99.654|3.114|506937344|538882048|gen_data_7a665530732d970d|__AUTOMETRIC__
__AUTOMETRIC__|0.1.2|26748|crew_log_c16f6190816157fc|0|1786392256.843|96.773|3.024|506925056|538869760|gen_data_7a665530732d970d|__AUTOMETRIC__
__AUTOMETRIC__|0.1.2|26748|crew_log_c16f6190816157fc|0|1786392257.845|102.915|3.216|506929152|538873856|gen_data_7a665530732d970d|__AUTOMETRIC__
__AUTOMETRIC__|0.1.2|26748|crew_log_c16f6190816157fc|0|1786392258.847|95.161|2.974|506937344|538882048|gen_data_7a665530732d970d|__AUTOMETRIC__
__AUTOMETRIC__|0.1.2|26748|crew_log_c16f6190816157fc|0|1786392259.861|95.497|2.984|506945536|538890240|gen_data_7a665530732d970d|__AUTOMETRIC__
__AUTOMETRIC__|0.1.2|26748|crew_log_c16f6190816157fc|0|1786392260.862|99.979|3.124|506986496|538931200|gen_data_7a665530732d970d|__AUTOMETRIC__
__AUTOMETRIC__|0.1.2|26748|crew_log_c16f6190816157fc|0|1786392261.868|99.320|3.104|506982400|538927104|gen_data_7a665530732d970d|__AUTOMETRIC__
__AUTOMETRIC__|0.1.2|26748|crew_log_c16f6190816157fc|0|1786392262.869|99.913|3.122|506961920|538906624|gen_data_7a665530732d970d|__AUTOMETRIC__
__AUTOMETRIC__|0.1.2|26748|crew_log_c16f6190816157fc|0|1786392263.875|97.887|3.059|506949632|538894336|gen_data_7a665530732d970d|__AUTOMETRIC__
__AUTOMETRIC__|0.1.2|26748|crew_log_c16f6190816157fc|0|1786392264.888|100.205|3.131|506953728|538898432|gen_data_7a665530732d970d|__AUTOMETRIC__
__AUTOMETRIC__|0.1.2|26748|crew_log_c16f6190816157fc|0|1786392265.889|96.791|3.025|506998784|538943488|gen_data_7a665530732d970d|__AUTOMETRIC__
__AUTOMETRIC__|0.1.2|26748|crew_log_c16f6190816157fc|0|1786392266.890|101.457|3.171|506998784|538943488|gen_data_7a665530732d970d|__AUTOMETRIC__
__AUTOMETRIC__|0.1.2|26748|crew_log_c16f6190816157fc|0|1786392267.906|99.956|3.124|507047936|538992640|gen_data_7a665530732d970d|__AUTOMETRIC__
__AUTOMETRIC__|0.1.2|26748|crew_log_c16f6190816157fc|0|1786392268.914|99.282|3.103|508817408|540762112|gen_data_7a665530732d970d|__AUTOMETRIC__
__AUTOMETRIC__|0.1.2|26748|crew_log_c16f6190816157fc|0|1786392269.927|97.117|3.035|508858368|540803072|gen_data_7a665530732d970d|__AUTOMETRIC__
__AUTOMETRIC__|0.1.2|26748|crew_log_c16f6190816157fc|0|1786392270.941|100.186|3.131|508821504|540766208|gen_data_7a665530732d970d|__AUTOMETRIC__
__AUTOMETRIC__|0.1.2|26748|crew_log_c16f6190816157fc|0|1786392271.955|98.654|3.083|508911616|540856320|gen_data_7a665530732d970d|__AUTOMETRIC__
__AUTOMETRIC__|0.1.2|26748|crew_log_c16f6190816157fc|0|1786392272.969|98.629|3.082|508895232|540839936|gen_data_7a665530732d970d|__AUTOMETRIC__
__AUTOMETRIC__|0.1.2|26748|crew_log_c16f6190816157fc|0|1786392273.982|98.636|3.082|508923904|540868608|gen_data_7a665530732d970d|__AUTOMETRIC__
__AUTOMETRIC__|0.1.2|26748|crew_log_c16f6190816157fc|0|1786392274.984|101.364|3.168|505663488|537649152|gen_data_7a665530732d970d|__AUTOMETRIC__
__AUTOMETRIC__|0.1.2|26748|crew_log_c16f6190816157fc|0|1786392275.986|96.718|3.022|505618432|537604096|gen_data_7a665530732d970d|__AUTOMETRIC__
__AUTOMETRIC__|0.1.2|26748|crew_log_c16f6190816157fc|0|1786392277.001|98.483|3.078|505716736|537702400|gen_data_7a665530732d970d|__AUTOMETRIC__
__AUTOMETRIC__|0.1.2|26748|crew_log_c16f6190816157fc|0|1786392278.003|99.871|3.121|505716736|537702400|gen_data_7a665530732d970d|__AUTOMETRIC__
__AUTOMETRIC__|0.1.2|26748|crew_log_c16f6190816157fc|0|1786392279.017|98.568|3.080|505720832|537706496|gen_data_7a665530732d970d|__AUTOMETRIC__
__AUTOMETRIC__|0.1.2|26748|crew_log_c16f6190816157fc|0|1786392280.030|97.152|3.036|505749504|537735168|gen_data_7a665530732d970d|__AUTOMETRIC__
__AUTOMETRIC__|0.1.2|26748|crew_log_c16f6190816157fc|0|1786392281.046|101.552|3.174|505679872|537665536|gen_data_7a665530732d970d|__AUTOMETRIC__
__AUTOMETRIC__|0.1.2|26748|crew_log_c16f6190816157fc|0|1786392282.058|100.343|3.136|505733120|537718784|gen_data_7a665530732d970d|__AUTOMETRIC__
__AUTOMETRIC__|0.1.2|26748|crew_log_c16f6190816157fc|0|1786392283.073|98.535|3.079|505724928|537710592|gen_data_7a665530732d970d|__AUTOMETRIC__
__AUTOMETRIC__|0.1.2|26748|crew_log_c16f6190816157fc|0|1786392284.077|96.455|3.014|505720832|537706496|gen_data_7a665530732d970d|__AUTOMETRIC__
__AUTOMETRIC__|0.1.2|26748|crew_log_c16f6190816157fc|0|1786392285.084|102.462|3.202|505749504|537735168|gen_data_7a665530732d970d|__AUTOMETRIC__
__AUTOMETRIC__|0.1.2|26748|crew_log_c16f6190816157fc|0|1786392286.085|99.829|3.120|505778176|537722880|gen_data_7a665530732d970d|__AUTOMETRIC__
__AUTOMETRIC__|0.1.2|26748|crew_log_c16f6190816157fc|0|1786392287.101|98.506|3.078|505720832|537665536|gen_data_7a665530732d970d|__AUTOMETRIC__
__AUTOMETRIC__|0.1.2|26748|crew_log_c16f6190816157fc|0|1786392288.104|99.701|3.116|505733120|537677824|gen_data_7a665530732d970d|__AUTOMETRIC__
__AUTOMETRIC__|0.1.2|26748|crew_log_c16f6190816157fc|0|1786392289.108|99.596|3.112|505716736|537661440|gen_data_7a665530732d970d|__AUTOMETRIC__
__AUTOMETRIC__|0.1.2|26748|crew_log_c16f6190816157fc|0|1786392290.113|99.491|3.109|505790464|537735168|gen_data_7a665530732d970d|__AUTOMETRIC__
__AUTOMETRIC__|0.1.2|26748|crew_log_c16f6190816157fc|0|1786392291.117|99.577|3.112|505769984|537714688|gen_data_7a665530732d970d|__AUTOMETRIC__
__AUTOMETRIC__|0.1.2|26748|crew_log_c16f6190816157fc|0|1786392292.118|99.947|3.123|505802752|537747456|gen_data_7a665530732d970d|__AUTOMETRIC__
__AUTOMETRIC__|0.1.2|26748|crew_log_c16f6190816157fc|0|1786392293.122|94.869|2.965|505778176|537722880|gen_data_7a665530732d970d|__AUTOMETRIC__
__AUTOMETRIC__|0.1.2|26748|crew_log_c16f6190816157fc|0|1786392294.138|99.973|3.124|505790464|537735168|gen_data_7a665530732d970d|__AUTOMETRIC__
__AUTOMETRIC__|0.1.2|26748|crew_log_c16f6190816157fc|0|1786392295.139|96.769|3.024|505843712|537788416|gen_data_7a665530732d970d|__AUTOMETRIC__
__AUTOMETRIC__|0.1.2|26748|crew_log_c16f6190816157fc|0|1786392296.146|99.286|3.103|505815040|537759744|gen_data_7a665530732d970d|__AUTOMETRIC__
__AUTOMETRIC__|0.1.2|26748|crew_log_c16f6190816157fc|0|1786392297.148|99.844|3.120|505843712|537788416|gen_data_7a665530732d970d|__AUTOMETRIC__
__AUTOMETRIC__|0.1.2|26748|crew_log_c16f6190816157fc|0|1786392298.163|100.041|3.126|505843712|537788416|gen_data_7a665530732d970d|__AUTOMETRIC__
__AUTOMETRIC__|0.1.2|26748|crew_log_c16f6190816157fc|0|1786392299.167|98.020|3.063|505397248|537341952|gen_data_7a665530732d970d|__AUTOMETRIC__
__AUTOMETRIC__|0.1.2|26748|crew_log_c16f6190816157fc|0|1786392300.183|96.913|3.029|505417728|537362432|gen_data_7a665530732d970d|__AUTOMETRIC__
__AUTOMETRIC__|0.1.2|26748|crew_log_c16f6190816157fc|0|1786392301.195|98.833|3.089|505413632|537358336|gen_data_7a665530732d970d|__AUTOMETRIC__
__AUTOMETRIC__|0.1.2|26748|crew_log_c16f6190816157fc|0|1786392302.198|99.669|3.115|505446400|537391104|gen_data_7a665530732d970d|__AUTOMETRIC__
__AUTOMETRIC__|0.1.2|26748|crew_log_c16f6190816157fc|0|1786392303.200|99.800|3.119|505462784|537407488|gen_data_7a665530732d970d|__AUTOMETRIC__
__AUTOMETRIC__|0.1.2|26748|crew_log_c16f6190816157fc|0|1786392304.215|100.050|3.127|505692160|537636864|gen_data_7a665530732d970d|__AUTOMETRIC__
__AUTOMETRIC__|0.1.2|26748|crew_log_c16f6190816157fc|0|1786392305.229|100.182|3.131|505483264|537473024|gen_data_7a665530732d970d|__AUTOMETRIC__
__AUTOMETRIC__|0.1.2|26748|crew_log_c16f6190816157fc|0|1786392306.243|100.220|3.132|505454592|537444352|gen_data_7a665530732d970d|__AUTOMETRIC__
__AUTOMETRIC__|0.1.2|26748|crew_log_c16f6190816157fc|0|1786392307.248|99.497|3.109|505532416|537522176|gen_data_7a665530732d970d|__AUTOMETRIC__
__AUTOMETRIC__|0.1.2|26748|crew_log_c16f6190816157fc|0|1786392308.258|98.955|3.092|505630720|537624576|gen_data_7a665530732d970d|__AUTOMETRIC__
__AUTOMETRIC__|0.1.2|26748|crew_log_c16f6190816157fc|0|1786392309.261|99.736|3.117|505556992|537546752|gen_data_7a665530732d970d|__AUTOMETRIC__
__AUTOMETRIC__|0.1.2|26748|crew_log_c16f6190816157fc|0|1786392310.264|99.698|3.116|505577472|537567232|gen_data_7a665530732d970d|__AUTOMETRIC__
__AUTOMETRIC__|0.1.2|26748|crew_log_c16f6190816157fc|0|1786392311.268|101.187|3.162|505434112|537378816|gen_data_7a665530732d970d|__AUTOMETRIC__
__AUTOMETRIC__|0.1.2|26748|crew_log_c16f6190816157fc|0|1786392312.268|98.412|3.075|505446400|537391104|gen_data_7a665530732d970d|__AUTOMETRIC__
__AUTOMETRIC__|0.1.2|26748|crew_log_c16f6190816157fc|0|1786392313.277|97.503|3.047|505454592|537399296|gen_data_7a665530732d970d|__AUTOMETRIC__
__AUTOMETRIC__|0.1.2|26748|crew_log_c16f6190816157fc|0|1786392314.292|100.105|3.128|505479168|537423872|gen_data_7a665530732d970d|__AUTOMETRIC__
__AUTOMETRIC__|0.1.2|26748|crew_log_c16f6190816157fc|0|1786392315.293|99.892|3.122|505454592|537399296|gen_data_7a665530732d970d|__AUTOMETRIC__
__AUTOMETRIC__|0.1.2|26748|crew_log_c16f6190816157fc|0|1786392316.307|100.196|3.131|505491456|537436160|gen_data_7a665530732d970d|__AUTOMETRIC__
__AUTOMETRIC__|0.1.2|26748|crew_log_c16f6190816157fc|0|1786392317.321|100.112|3.128|505458688|537403392|gen_data_7a665530732d970d|__AUTOMETRIC__
__AUTOMETRIC__|0.1.2|26748|crew_log_c16f6190816157fc|0|1786392318.335|100.213|3.132|505483264|537427968|gen_data_7a665530732d970d|__AUTOMETRIC__
__AUTOMETRIC__|0.1.2|26748|crew_log_c16f6190816157fc|0|1786392319.336|98.348|3.073|505483264|537427968|gen_data_7a665530732d970d|__AUTOMETRIC__
__AUTOMETRIC__|0.1.2|26748|crew_log_c16f6190816157fc|0|1786392320.337|98.333|3.073|505475072|537419776|gen_data_7a665530732d970d|__AUTOMETRIC__
__AUTOMETRIC__|0.1.2|26748|crew_log_c16f6190816157fc|0|1786392321.338|99.896|3.122|505524224|537468928|gen_data_7a665530732d970d|__AUTOMETRIC__
__AUTOMETRIC__|0.1.2|26748|crew_log_c16f6190816157fc|0|1786392322.353|98.527|3.079|505495552|537440256|gen_data_7a665530732d970d|__AUTOMETRIC__
__AUTOMETRIC__|0.1.2|26748|crew_log_c16f6190816157fc|0|1786392323.366|101.786|3.181|505303040|537247744|gen_data_7a665530732d970d|__AUTOMETRIC__
__AUTOMETRIC__|0.1.2|26748|crew_log_c16f6190816157fc|0|1786392324.368|99.822|3.119|505335808|537280512|gen_data_7a665530732d970d|__AUTOMETRIC__
__AUTOMETRIC__|0.1.2|26748|crew_log_c16f6190816157fc|0|1786392325.381|100.200|3.131|505352192|537296896|gen_data_7a665530732d970d|__AUTOMETRIC__
__AUTOMETRIC__|0.1.2|26748|crew_log_c16f6190816157fc|0|1786392326.396|100.048|3.127|505389056|537333760|gen_data_7a665530732d970d|__AUTOMETRIC__
__AUTOMETRIC__|0.1.2|26748|crew_log_c16f6190816157fc|0|1786392327.409|100.295|3.134|505372672|537317376|gen_data_7a665530732d970d|__AUTOMETRIC__
__AUTOMETRIC__|0.1.2|26748|crew_log_c16f6190816157fc|0|1786392328.417|99.161|3.099|505413632|537358336|gen_data_7a665530732d970d|__AUTOMETRIC__
__AUTOMETRIC__|0.1.2|26748|crew_log_c16f6190816157fc|0|1786392329.421|99.674|3.115|505405440|537350144|gen_data_7a665530732d970d|__AUTOMETRIC__
__AUTOMETRIC__|0.1.2|26748|crew_log_c16f6190816157fc|0|1786392330.435|101.644|3.176|505409536|537354240|gen_data_7a665530732d970d|__AUTOMETRIC__
__AUTOMETRIC__|0.1.2|26748|crew_log_c16f6190816157fc|0|1786392331.438|101.330|3.167|505413632|537358336|gen_data_7a665530732d970d|__AUTOMETRIC__
__AUTOMETRIC__|0.1.2|26748|crew_log_c16f6190816157fc|0|1786392332.450|97.237|3.039|505430016|537374720|gen_data_7a665530732d970d|__AUTOMETRIC__
__AUTOMETRIC__|0.1.2|26748|crew_log_c16f6190816157fc|0|1786392333.459|97.575|3.049|505430016|537374720|gen_data_7a665530732d970d|__AUTOMETRIC__
__AUTOMETRIC__|0.1.2|26748|crew_log_c16f6190816157fc|0|1786392334.472|100.254|3.133|505442304|537387008|gen_data_7a665530732d970d|__AUTOMETRIC__
__AUTOMETRIC__|0.1.2|26748|crew_log_c16f6190816157fc|0|1786392335.477|99.448|3.108|505217024|537161728|gen_data_7a665530732d970d|__AUTOMETRIC__
__AUTOMETRIC__|0.1.2|26748|crew_log_c16f6190816157fc|0|1786392336.488|100.507|3.141|505225216|537169920|gen_data_7a665530732d970d|__AUTOMETRIC__
__AUTOMETRIC__|0.1.2|26748|crew_log_c16f6190816157fc|0|1786392337.496|97.611|3.050|505225216|537169920|gen_data_7a665530732d970d|__AUTOMETRIC__
__AUTOMETRIC__|0.1.2|26748|crew_log_c16f6190816157fc|0|1786392338.503|100.898|3.153|505237504|537182208|gen_data_7a665530732d970d|__AUTOMETRIC__
__AUTOMETRIC__|0.1.2|26748|crew_log_c16f6190816157fc|0|1786392339.509|97.888|3.059|505249792|537194496|gen_data_7a665530732d970d|__AUTOMETRIC__
__AUTOMETRIC__|0.1.2|26748|crew_log_c16f6190816157fc|0|1786392340.511|99.745|3.117|505241600|537186304|gen_data_7a665530732d970d|__AUTOMETRIC__
__AUTOMETRIC__|0.1.2|26748|crew_log_c16f6190816157fc|0|1786392341.525|100.176|3.131|505262080|537206784|gen_data_7a665530732d970d|__AUTOMETRIC__
__AUTOMETRIC__|0.1.2|26748|crew_log_c16f6190816157fc|0|1786392342.525|98.404|3.075|505249792|537194496|gen_data_7a665530732d970d|__AUTOMETRIC__
__AUTOMETRIC__|0.1.2|26748|crew_log_c16f6190816157fc|0|1786392343.530|99.568|3.111|505266176|537210880|gen_data_7a665530732d970d|__AUTOMETRIC__
__AUTOMETRIC__|0.1.2|26748|crew_log_c16f6190816157fc|0|1786392344.540|100.561|3.143|505266176|537210880|gen_data_7a665530732d970d|__AUTOMETRIC__
__AUTOMETRIC__|0.1.2|26748|crew_log_c16f6190816157fc|0|1786392345.548|97.609|3.050|505262080|537206784|gen_data_7a665530732d970d|__AUTOMETRIC__
__AUTOMETRIC__|0.1.2|26748|crew_log_c16f6190816157fc|0|1786392346.558|97.453|3.045|505266176|537210880|gen_data_7a665530732d970d|__AUTOMETRIC__
__AUTOMETRIC__|0.1.2|26748|crew_log_c16f6190816157fc|0|1786392347.566|100.807|3.150|505131008|537075712|gen_data_7a665530732d970d|__AUTOMETRIC__
__AUTOMETRIC__|0.1.2|26748|crew_log_c16f6190816157fc|0|1786392348.571|99.418|3.107|505143296|537088000|gen_data_7a665530732d970d|__AUTOMETRIC__
__AUTOMETRIC__|0.1.2|26748|crew_log_c16f6190816157fc|0|1786392349.584|100.345|3.136|505143296|537088000|gen_data_7a665530732d970d|__AUTOMETRIC__
__AUTOMETRIC__|0.1.2|26748|crew_log_c16f6190816157fc|0|1786392350.594|98.942|3.092|505135104|537079808|gen_data_7a665530732d970d|__AUTOMETRIC__
__AUTOMETRIC__|0.1.2|26748|crew_log_c16f6190816157fc|0|1786392351.599|99.556|3.111|505147392|537092096|gen_data_7a665530732d970d|__AUTOMETRIC__
__AUTOMETRIC__|0.1.2|26748|crew_log_c16f6190816157fc|0|1786392352.611|100.375|3.137|505159680|537104384|gen_data_7a665530732d970d|__AUTOMETRIC__
__AUTOMETRIC__|0.1.2|26748|crew_log_c16f6190816157fc|0|1786392353.622|98.855|3.089|505147392|537092096|gen_data_7a665530732d970d|__AUTOMETRIC__
__AUTOMETRIC__|0.1.2|26748|crew_log_c16f6190816157fc|0|1786392354.630|100.783|3.149|505155584|537100288|gen_data_7a665530732d970d|__AUTOMETRIC__
__AUTOMETRIC__|0.1.2|26748|crew_log_c16f6190816157fc|0|1786392355.636|99.395|3.106|505147392|537092096|gen_data_7a665530732d970d|__AUTOMETRIC__
__AUTOMETRIC__|0.1.2|26748|crew_log_c16f6190816157fc|0|1786392356.641|97.959|3.061|505159680|537104384|gen_data_7a665530732d970d|__AUTOMETRIC__
__AUTOMETRIC__|0.1.2|26748|crew_log_c16f6190816157fc|0|1786392357.656|98.560|3.080|505163776|537108480|gen_data_7a665530732d970d|__AUTOMETRIC__
__AUTOMETRIC__|0.1.2|26748|crew_log_c16f6190816157fc|0|1786392358.667|98.875|3.090|504995840|536940544|gen_data_7a665530732d970d|__AUTOMETRIC__
__AUTOMETRIC__|0.1.2|26748|crew_log_c16f6190816157fc|0|1786392359.670|99.649|3.114|505004032|536948736|gen_data_7a665530732d970d|__AUTOMETRIC__
__AUTOMETRIC__|0.1.2|26748|crew_log_c16f6190816157fc|0|1786392360.684|100.220|3.132|504999936|536944640|gen_data_7a665530732d970d|__AUTOMETRIC__
__AUTOMETRIC__|0.1.2|26748|crew_log_c16f6190816157fc|0|1786392361.690|99.405|3.106|505012224|536956928|gen_data_7a665530732d970d|__AUTOMETRIC__
__AUTOMETRIC__|0.1.2|26748|crew_log_c16f6190816157fc|0|1786392362.694|99.620|3.113|504995840|536940544|gen_data_7a665530732d970d|__AUTOMETRIC__
__AUTOMETRIC__|0.1.2|26748|crew_log_c16f6190816157fc|0|1786392363.696|99.771|3.118|505008128|536952832|gen_data_7a665530732d970d|__AUTOMETRIC__
__AUTOMETRIC__|0.1.2|26748|crew_log_c16f6190816157fc|0|1786392364.699|98.126|3.066|505008128|536952832|gen_data_7a665530732d970d|__AUTOMETRIC__
__AUTOMETRIC__|0.1.2|26748|crew_log_c16f6190816157fc|0|1786392365.713|98.583|3.081|504995840|536940544|gen_data_7a665530732d970d|__AUTOMETRIC__
__AUTOMETRIC__|0.1.2|26748|crew_log_c16f6190816157fc|0|1786392366.717|98.082|3.065|505012224|536956928|gen_data_7a665530732d970d|__AUTOMETRIC__
__AUTOMETRIC__|0.1.2|26748|crew_log_c16f6190816157fc|0|1786392367.722|101.042|3.158|504995840|536940544|gen_data_7a665530732d970d|__AUTOMETRIC__
__AUTOMETRIC__|0.1.2|26748|crew_log_c16f6190816157fc|0|1786392368.723|98.329|3.073|505020416|536965120|gen_data_7a665530732d970d|__AUTOMETRIC__
__AUTOMETRIC__|0.1.2|26748|crew_log_c16f6190816157fc|0|1786392369.732|99.105|3.097|505057280|537001984|gen_data_7a665530732d970d|__AUTOMETRIC__
__AUTOMETRIC__|0.1.2|26748|crew_log_c16f6190816157fc|0|1786392370.733|98.404|3.075|504889344|536834048|gen_data_7a665530732d970d|__AUTOMETRIC__
__AUTOMETRIC__|0.1.2|26748|crew_log_c16f6190816157fc|0|1786392371.737|102.725|3.210|504889344|536834048|gen_data_7a665530732d970d|__AUTOMETRIC__
__AUTOMETRIC__|0.1.2|26748|crew_log_c16f6190816157fc|0|1786392372.746|97.505|3.047|504881152|536825856|gen_data_7a665530732d970d|__AUTOMETRIC__
__AUTOMETRIC__|0.1.2|26748|crew_log_c16f6190816157fc|0|1786392373.747|99.915|3.122|504918016|536862720|gen_data_7a665530732d970d|__AUTOMETRIC__
__AUTOMETRIC__|0.1.2|26748|crew_log_c16f6190816157fc|0|1786392374.762|100.082|3.128|504942592|536887296|gen_data_7a665530732d970d|__AUTOMETRIC__
__AUTOMETRIC__|0.1.2|26748|crew_log_c16f6190816157fc|0|1786392375.763|99.846|3.120|505176064|537120768|gen_data_7a665530732d970d|__AUTOMETRIC__
__AUTOMETRIC__|0.1.2|26748|crew_log_c16f6190816157fc|0|1786392376.769|101.012|3.157|504922112|536866816|gen_data_7a665530732d970d|__AUTOMETRIC__
__AUTOMETRIC__|0.1.2|26748|crew_log_c16f6190816157fc|0|1786392377.775|97.871|3.058|504913920|536858624|gen_data_7a665530732d970d|__AUTOMETRIC__
__AUTOMETRIC__|0.1.2|26748|crew_log_c16f6190816157fc|0|1786392378.775|98.413|3.075|504922112|536866816|gen_data_7a665530732d970d|__AUTOMETRIC__
__AUTOMETRIC__|0.1.2|26748|crew_log_c16f6190816157fc|0|1786392379.777|99.746|3.117|504926208|536870912|gen_data_7a665530732d970d|__AUTOMETRIC__
__AUTOMETRIC__|0.1.2|26748|crew_log_c16f6190816157fc|0|1786392380.792|98.558|3.080|504918016|536862720|gen_data_7a665530732d970d|__AUTOMETRIC__
__AUTOMETRIC__|0.1.2|26748|crew_log_c16f6190816157fc|0|1786392381.795|101.256|3.164|504791040|536748032|gen_data_7a665530732d970d|__AUTOMETRIC__
__AUTOMETRIC__|0.1.2|26748|crew_log_c16f6190816157fc|0|1786392382.800|102.634|3.207|504832000|536797184|gen_data_7a665530732d970d|__AUTOMETRIC__
__AUTOMETRIC__|0.1.2|26748|crew_log_c16f6190816157fc|0|1786392383.802|99.789|3.118|504840192|536805376|gen_data_7a665530732d970d|__AUTOMETRIC__
__AUTOMETRIC__|0.1.2|26748|crew_log_c16f6190816157fc|0|1786392384.807|99.539|3.111|504840192|536805376|gen_data_7a665530732d970d|__AUTOMETRIC__
__AUTOMETRIC__|0.1.2|26748|crew_log_c16f6190816157fc|0|1786392385.809|99.787|3.118|504840192|536805376|gen_data_7a665530732d970d|__AUTOMETRIC__
__AUTOMETRIC__|0.1.2|26748|crew_log_c16f6190816157fc|0|1786392386.823|100.092|3.128|504860672|536825856|gen_data_7a665530732d970d|__AUTOMETRIC__
__AUTOMETRIC__|0.1.2|26748|crew_log_c16f6190816157fc|0|1786392387.824|98.358|3.074|504840192|536805376|gen_data_7a665530732d970d|__AUTOMETRIC__
__AUTOMETRIC__|0.1.2|26748|crew_log_c16f6190816157fc|0|1786392388.830|101.011|3.157|504844288|536809472|gen_data_7a665530732d970d|__AUTOMETRIC__
__AUTOMETRIC__|0.1.2|26748|crew_log_c16f6190816157fc|0|1786392389.830|98.370|3.074|504840192|536805376|gen_data_7a665530732d970d|__AUTOMETRIC__
__AUTOMETRIC__|0.1.2|26748|crew_log_c16f6190816157fc|0|1786392390.834|99.669|3.115|504848384|536813568|gen_data_7a665530732d970d|__AUTOMETRIC__
__AUTOMETRIC__|0.1.2|26748|crew_log_c16f6190816157fc|0|1786392391.842|99.198|3.100|504889344|536854528|gen_data_7a665530732d970d|__AUTOMETRIC__
__AUTOMETRIC__|0.1.2|26748|crew_log_c16f6190816157fc|0|1786392392.842|98.415|3.075|504877056|536842240|gen_data_7a665530732d970d|__AUTOMETRIC__
__AUTOMETRIC__|0.1.2|26748|crew_log_c16f6190816157fc|0|1786392393.856|100.136|3.129|504811520|536756224|gen_data_7a665530732d970d|__AUTOMETRIC__
__AUTOMETRIC__|0.1.2|26748|crew_log_c16f6190816157fc|0|1786392394.859|98.153|3.067|504807424|536752128|gen_data_7a665530732d970d|__AUTOMETRIC__
__AUTOMETRIC__|0.1.2|26748|crew_log_c16f6190816157fc|0|1786392395.872|98.692|3.084|504840192|536784896|gen_data_7a665530732d970d|__AUTOMETRIC__
__AUTOMETRIC__|0.1.2|26748|crew_log_c16f6190816157fc|0|1786392396.887|100.143|3.129|504877056|536821760|gen_data_7a665530732d970d|__AUTOMETRIC__
__AUTOMETRIC__|0.1.2|26748|crew_log_c16f6190816157fc|0|1786392397.890|99.703|3.116|504860672|536805376|gen_data_7a665530732d970d|__AUTOMETRIC__
__AUTOMETRIC__|0.1.2|26748|crew_log_c16f6190816157fc|0|1786392398.904|100.151|3.130|504877056|536821760|gen_data_7a665530732d970d|__AUTOMETRIC__
__AUTOMETRIC__|0.1.2|26748|crew_log_c16f6190816157fc|0|1786392399.920|98.435|3.076|504897536|536842240|gen_data_7a665530732d970d|__AUTOMETRIC__
__AUTOMETRIC__|0.1.2|26748|crew_log_c16f6190816157fc|0|1786392400.922|101.342|3.167|504918016|536862720|gen_data_7a665530732d970d|__AUTOMETRIC__
__AUTOMETRIC__|0.1.2|26748|crew_log_c16f6190816157fc|0|1786392401.923|99.896|3.122|504946688|536891392|gen_data_7a665530732d970d|__AUTOMETRIC__
__AUTOMETRIC__|0.1.2|26748|crew_log_c16f6190816157fc|0|1786392402.930|96.175|3.005|504942592|536887296|gen_data_7a665530732d970d|__AUTOMETRIC__
__AUTOMETRIC__|0.1.2|26748|crew_log_c16f6190816157fc|0|1786392403.944|100.126|3.129|505020416|536965120|gen_data_7a665530732d970d|__AUTOMETRIC__
__AUTOMETRIC__|0.1.2|26748|crew_log_c16f6190816157fc|0|1786392404.945|99.909|3.122|504852480|536797184|gen_data_7a665530732d970d|__AUTOMETRIC__
__AUTOMETRIC__|0.1.2|26748|crew_log_c16f6190816157fc|0|1786392405.959|100.218|3.132|504954880|536907776|gen_data_7a665530732d970d|__AUTOMETRIC__
__AUTOMETRIC__|0.1.2|26748|crew_log_c16f6190816157fc|0|1786392406.959|99.923|3.123|504942592|536895488|gen_data_7a665530732d970d|__AUTOMETRIC__
__AUTOMETRIC__|0.1.2|26748|crew_log_c16f6190816157fc|0|1786392407.960|99.967|3.124|504934400|536887296|gen_data_7a665530732d970d|__AUTOMETRIC__
__AUTOMETRIC__|0.1.2|26748|crew_log_c16f6190816157fc|0|1786392408.960|99.973|3.124|504967168|536920064|gen_data_7a665530732d970d|__AUTOMETRIC__
__AUTOMETRIC__|0.1.2|26748|crew_log_c16f6190816157fc|0|1786392409.965|99.510|3.110|504938496|536891392|gen_data_7a665530732d970d|__AUTOMETRIC__
__AUTOMETRIC__|0.1.2|26748|crew_log_c16f6190816157fc|0|1786392410.980|100.025|3.126|504967168|536911872|gen_data_7a665530732d970d|__AUTOMETRIC__
__AUTOMETRIC__|0.1.2|26748|crew_log_c16f6190816157fc|0|1786392411.983|101.248|3.164|504975360|536920064|gen_data_7a665530732d970d|__AUTOMETRIC__
__AUTOMETRIC__|0.1.2|26748|crew_log_c16f6190816157fc|0|1786392412.990|97.834|3.057|504963072|536907776|gen_data_7a665530732d970d|__AUTOMETRIC__
__AUTOMETRIC__|0.1.2|26748|crew_log_c16f6190816157fc|0|1786392414.004|100.142|3.129|504979456|536924160|gen_data_7a665530732d970d|__AUTOMETRIC__
__AUTOMETRIC__|0.1.2|26748|crew_log_c16f6190816157fc|0|1786392415.009|97.927|3.060|504971264|536915968|gen_data_7a665530732d970d|__AUTOMETRIC__
__AUTOMETRIC__|0.1.2|26748|crew_log_c16f6190816157fc|0|1786392416.016|99.345|3.105|504995840|536940544|gen_data_7a665530732d970d|__AUTOMETRIC__
__AUTOMETRIC__|0.1.2|26748|crew_log_c16f6190816157fc|0|1786392417.027|100.424|3.138|504840192|536797184|gen_data_7a665530732d970d|__AUTOMETRIC__
__AUTOMETRIC__|0.1.2|26748|crew_log_c16f6190816157fc|0|1786392418.031|98.010|3.063|504877056|536829952|gen_data_7a665530732d970d|__AUTOMETRIC__
__AUTOMETRIC__|0.1.2|26748|crew_log_c16f6190816157fc|0|1786392419.037|99.406|3.106|504885248|536838144|gen_data_7a665530732d970d|__AUTOMETRIC__
__AUTOMETRIC__|0.1.2|26748|crew_log_c16f6190816157fc|0|1786392420.051|98.599|3.081|504889344|536842240|gen_data_7a665530732d970d|__AUTOMETRIC__
__AUTOMETRIC__|0.1.2|26748|crew_log_c16f6190816157fc|0|1786392421.053|96.743|3.023|504893440|536846336|gen_data_7a665530732d970d|__AUTOMETRIC__
__AUTOMETRIC__|0.1.2|26748|crew_log_c16f6190816157fc|0|1786392422.068|100.040|3.126|504938496|536891392|gen_data_7a665530732d970d|__AUTOMETRIC__
__AUTOMETRIC__|0.1.2|26748|crew_log_c16f6190816157fc|0|1786392423.084|99.994|3.125|504893440|536846336|gen_data_7a665530732d970d|__AUTOMETRIC__
__AUTOMETRIC__|0.1.2|26748|crew_log_c16f6190816157fc|0|1786392424.089|99.463|3.108|504975360|536928256|gen_data_7a665530732d970d|__AUTOMETRIC__
__AUTOMETRIC__|0.1.2|26748|crew_log_c16f6190816157fc|0|1786392425.091|96.729|3.023|504942592|536895488|gen_data_7a665530732d970d|__AUTOMETRIC__
__AUTOMETRIC__|0.1.2|26748|crew_log_c16f6190816157fc|0|1786392426.107|99.968|3.124|504971264|536924160|gen_data_7a665530732d970d|__AUTOMETRIC__
__AUTOMETRIC__|0.1.2|26748|crew_log_c16f6190816157fc|0|1786392427.118|100.420|3.138|505016320|536969216|gen_data_7a665530732d970d|__AUTOMETRIC__
__AUTOMETRIC__|0.1.2|26748|crew_log_c16f6190816157fc|0|1786392428.124|99.399|3.106|504844288|536788992|gen_data_7a665530732d970d|__AUTOMETRIC__
__AUTOMETRIC__|0.1.2|26748|crew_log_c16f6190816157fc|0|1786392429.130|99.364|3.105|504922112|536866816|gen_data_7a665530732d970d|__AUTOMETRIC__
__AUTOMETRIC__|0.1.2|26748|crew_log_c16f6190816157fc|0|1786392430.145|100.119|3.129|504881152|536825856|gen_data_7a665530732d970d|__AUTOMETRIC__
__AUTOMETRIC__|0.1.2|26748|crew_log_c16f6190816157fc|0|1786392431.147|99.746|3.117|504967168|536911872|gen_data_7a665530732d970d|__AUTOMETRIC__
__AUTOMETRIC__|0.1.2|26748|crew_log_c16f6190816157fc|0|1786392432.162|95.449|2.983|504979456|536924160|gen_data_7a665530732d970d|__AUTOMETRIC__
__AUTOMETRIC__|0.1.2|26748|crew_log_c16f6190816157fc|0|1786392433.167|98.013|3.063|504971264|536915968|gen_data_7a665530732d970d|__AUTOMETRIC__
__AUTOMETRIC__|0.1.2|26748|crew_log_c16f6190816157fc|0|1786392434.180|98.673|3.084|505004032|536948736|gen_data_7a665530732d970d|__AUTOMETRIC__
__AUTOMETRIC__|0.1.2|26748|crew_log_c16f6190816157fc|0|1786392435.194|100.155|3.130|504971264|536915968|gen_data_7a665530732d970d|__AUTOMETRIC__
__AUTOMETRIC__|0.1.2|26748|crew_log_c16f6190816157fc|0|1786392436.207|100.267|3.133|505008128|536952832|gen_data_7a665530732d970d|__AUTOMETRIC__
__AUTOMETRIC__|0.1.2|26748|crew_log_c16f6190816157fc|0|1786392437.222|98.525|3.079|504999936|536944640|gen_data_7a665530732d970d|__AUTOMETRIC__
__AUTOMETRIC__|0.1.2|26748|crew_log_c16f6190816157fc|0|1786392438.237|98.503|3.078|505008128|536952832|gen_data_7a665530732d970d|__AUTOMETRIC__
__AUTOMETRIC__|0.1.2|26748|crew_log_c16f6190816157fc|0|1786392439.242|97.943|3.061|504836096|536780800|gen_data_7a665530732d970d|__AUTOMETRIC__
__AUTOMETRIC__|0.1.2|26748|crew_log_c16f6190816157fc|0|1786392440.250|100.765|3.149|504815616|536760320|gen_data_7a665530732d970d|__AUTOMETRIC__
__AUTOMETRIC__|0.1.2|26748|crew_log_c16f6190816157fc|0|1786392441.255|99.534|3.110|504848384|536793088|gen_data_7a665530732d970d|__AUTOMETRIC__
__AUTOMETRIC__|0.1.2|26748|crew_log_c16f6190816157fc|0|1786392442.266|100.414|3.138|504827904|536772608|gen_data_7a665530732d970d|__AUTOMETRIC__
__AUTOMETRIC__|0.1.2|26748|crew_log_c16f6190816157fc|0|1786392443.282|100.037|3.126|504852480|536797184|gen_data_7a665530732d970d|__AUTOMETRIC__
__AUTOMETRIC__|0.1.2|26748|crew_log_c16f6190816157fc|0|1786392444.297|98.506|3.078|504868864|536813568|gen_data_7a665530732d970d|__AUTOMETRIC__
__AUTOMETRIC__|0.1.2|26748|crew_log_c16f6190816157fc|0|1786392445.300|101.193|3.162|504946688|536895488|gen_data_7a665530732d970d|__AUTOMETRIC__
__AUTOMETRIC__|0.1.2|26748|crew_log_c16f6190816157fc|0|1786392446.305|99.548|3.111|504950784|536899584|gen_data_7a665530732d970d|__AUTOMETRIC__
__AUTOMETRIC__|0.1.2|26748|crew_log_c16f6190816157fc|0|1786392447.319|98.589|3.081|504926208|536875008|gen_data_7a665530732d970d|__AUTOMETRIC__
__AUTOMETRIC__|0.1.2|26748|crew_log_c16f6190816157fc|0|1786392448.334|98.556|3.080|504954880|536903680|gen_data_7a665530732d970d|__AUTOMETRIC__
__AUTOMETRIC__|0.1.2|26748|crew_log_c16f6190816157fc|0|1786392449.335|99.939|3.123|504979456|536928256|gen_data_7a665530732d970d|__AUTOMETRIC__
__AUTOMETRIC__|0.1.2|26748|crew_log_c16f6190816157fc|0|1786392450.336|99.851|3.120|504967168|536915968|gen_data_7a665530732d970d|__AUTOMETRIC__
__AUTOMETRIC__|0.1.2|26748|crew_log_c16f6190816157fc|0|1786392451.338|99.844|3.120|504926208|536875008|gen_data_7a665530732d970d|__AUTOMETRIC__
__AUTOMETRIC__|0.1.2|26748|crew_log_c16f6190816157fc|0|1786392452.352|100.156|3.130|504913920|536862720|gen_data_7a665530732d970d|__AUTOMETRIC__
__AUTOMETRIC__|0.1.2|26748|crew_log_c16f6190816157fc|0|1786392453.358|99.378|3.106|504963072|536911872|gen_data_7a665530732d970d|__AUTOMETRIC__
__AUTOMETRIC__|0.1.2|26748|crew_log_c16f6190816157fc|0|1786392454.369|100.398|3.137|504979456|536928256|gen_data_7a665530732d970d|__AUTOMETRIC__
__AUTOMETRIC__|0.1.2|26748|crew_log_c16f6190816157fc|0|1786392455.373|99.663|3.114|504971264|536920064|gen_data_7a665530732d970d|__AUTOMETRIC__
__AUTOMETRIC__|0.1.2|26748|crew_log_c16f6190816157fc|0|1786392456.378|101.092|3.159|505016320|536965120|gen_data_7a665530732d970d|__AUTOMETRIC__
__AUTOMETRIC__|0.1.2|26748|crew_log_c16f6190816157fc|0|1786392457.381|99.652|3.114|504999936|536948736|gen_data_7a665530732d970d|__AUTOMETRIC__
__AUTOMETRIC__|0.1.2|26748|crew_log_c16f6190816157fc|0|1786392458.392|100.429|3.138|505053184|537001984|gen_data_7a665530732d970d|__AUTOMETRIC__
__AUTOMETRIC__|0.1.2|26748|crew_log_c16f6190816157fc|0|1786392459.395|99.687|3.115|505073664|537022464|gen_data_7a665530732d970d|__AUTOMETRIC__
__AUTOMETRIC__|0.1.2|26748|crew_log_c16f6190816157fc|0|1786392460.400|97.980|3.062|505069568|537018368|gen_data_7a665530732d970d|__AUTOMETRIC__
__AUTOMETRIC__|0.1.2|26748|crew_log_c16f6190816157fc|0|1786392461.406|99.368|3.105|505081856|537030656|gen_data_7a665530732d970d|__AUTOMETRIC__
__AUTOMETRIC__|0.1.2|26748|crew_log_c16f6190816157fc|0|1786392462.414|99.250|3.102|504987648|536932352|gen_data_7a665530732d970d|__AUTOMETRIC__
__AUTOMETRIC__|0.1.2|26748|crew_log_c16f6190816157fc|0|1786392463.421|96.202|3.006|504999936|536944640|gen_data_7a665530732d970d|__AUTOMETRIC__
__AUTOMETRIC__|0.1.2|26748|crew_log_c16f6190816157fc|0|1786392464.429|99.200|3.100|505004032|536948736|gen_data_7a665530732d970d|__AUTOMETRIC__
__AUTOMETRIC__|0.1.2|26748|crew_log_c16f6190816157fc|0|1786392465.439|100.549|3.142|504999936|536944640|gen_data_7a665530732d970d|__AUTOMETRIC__
__AUTOMETRIC__|0.1.2|26748|crew_log_c16f6190816157fc|0|1786392466.449|97.458|3.046|505004032|536948736|gen_data_7a665530732d970d|__AUTOMETRIC__
__AUTOMETRIC__|0.1.2|26748|crew_log_c16f6190816157fc|0|1786392467.461|100.409|3.138|504995840|536940544|gen_data_7a665530732d970d|__AUTOMETRIC__
__AUTOMETRIC__|0.1.2|26748|crew_log_c16f6190816157fc|0|1786392468.471|98.996|3.094|504991744|536936448|gen_data_7a665530732d970d|__AUTOMETRIC__
__AUTOMETRIC__|0.1.2|26748|crew_log_c16f6190816157fc|0|1786392469.485|98.613|3.082|504999936|536944640|gen_data_7a665530732d970d|__AUTOMETRIC__
__AUTOMETRIC__|0.1.2|26748|crew_log_c16f6190816157fc|0|1786392470.493|97.690|3.053|505012224|536956928|gen_data_7a665530732d970d|__AUTOMETRIC__
__AUTOMETRIC__|0.1.2|26748|crew_log_c16f6190816157fc|0|1786392471.504|100.433|3.139|505040896|536985600|gen_data_7a665530732d970d|__AUTOMETRIC__
__AUTOMETRIC__|0.1.2|26748|crew_log_c16f6190816157fc|0|1786392472.506|98.263|3.071|505012224|536956928|gen_data_7a665530732d970d|__AUTOMETRIC__
__AUTOMETRIC__|0.1.2|26748|crew_log_c16f6190816157fc|0|1786392473.512|97.817|3.057|504938496|536883200|gen_data_7a665530732d970d|__AUTOMETRIC__
__AUTOMETRIC__|0.1.2|26748|crew_log_c16f6190816157fc|0|1786392474.521|99.102|3.097|504905728|536850432|gen_data_7a665530732d970d|__AUTOMETRIC__
__AUTOMETRIC__|0.1.2|26748|crew_log_c16f6190816157fc|0|1786392475.529|99.239|3.101|504918016|536862720|gen_data_7a665530732d970d|__AUTOMETRIC__
__AUTOMETRIC__|0.1.2|26748|crew_log_c16f6190816157fc|0|1786392476.538|99.088|3.097|504950784|536895488|gen_data_7a665530732d970d|__AUTOMETRIC__
__AUTOMETRIC__|0.1.2|26748|crew_log_c16f6190816157fc|0|1786392477.545|99.264|3.102|504918016|536862720|gen_data_7a665530732d970d|__AUTOMETRIC__
__AUTOMETRIC__|0.1.2|26748|crew_log_c16f6190816157fc|0|1786392478.557|94.244|2.945|507383808|539357184|gen_data_d442e3cb875d5595|__AUTOMETRIC__
__AUTOMETRIC__|0.1.2|26748|crew_log_c16f6190816157fc|0|1786392479.571|98.571|3.080|509661184|541605888|gen_data_d442e3cb875d5595|__AUTOMETRIC__
__AUTOMETRIC__|0.1.2|26748|crew_log_c16f6190816157fc|0|1786392480.584|100.269|3.133|509714432|541659136|gen_data_d442e3cb875d5595|__AUTOMETRIC__
__AUTOMETRIC__|0.1.2|26748|crew_log_c16f6190816157fc|0|1786392481.599|98.532|3.079|509730816|541675520|gen_data_d442e3cb875d5595|__AUTOMETRIC__
__AUTOMETRIC__|0.1.2|26748|crew_log_c16f6190816157fc|0|1786392482.607|97.624|3.051|509800448|541745152|gen_data_d442e3cb875d5595|__AUTOMETRIC__
__AUTOMETRIC__|0.1.2|26748|crew_log_c16f6190816157fc|0|1786392483.611|101.141|3.161|509796352|541741056|gen_data_d442e3cb875d5595|__AUTOMETRIC__
__AUTOMETRIC__|0.1.2|26748|crew_log_c16f6190816157fc|0|1786392484.626|100.106|3.128|509804544|541749248|gen_data_d442e3cb875d5595|__AUTOMETRIC__
__AUTOMETRIC__|0.1.2|26748|crew_log_c16f6190816157fc|0|1786392485.637|100.492|3.140|502112256|534056960|gen_data_d442e3cb875d5595|__AUTOMETRIC__
__AUTOMETRIC__|0.1.2|26748|crew_log_c16f6190816157fc|0|1786392486.642|100.994|3.156|502087680|534048768|gen_data_d442e3cb875d5595|__AUTOMETRIC__
__AUTOMETRIC__|0.1.2|26748|crew_log_c16f6190816157fc|0|1786392487.647|99.521|3.110|502140928|534102016|gen_data_d442e3cb875d5595|__AUTOMETRIC__
__AUTOMETRIC__|0.1.2|26748|crew_log_c16f6190816157fc|0|1786392488.658|100.462|3.139|502108160|534069248|gen_data_d442e3cb875d5595|__AUTOMETRIC__
__AUTOMETRIC__|0.1.2|26748|crew_log_c16f6190816157fc|0|1786392489.662|99.638|3.114|502149120|534110208|gen_data_d442e3cb875d5595|__AUTOMETRIC__
__AUTOMETRIC__|0.1.2|26748|crew_log_c16f6190816157fc|0|1786392490.669|99.222|3.101|502161408|534122496|gen_data_d442e3cb875d5595|__AUTOMETRIC__
__AUTOMETRIC__|0.1.2|26748|crew_log_c16f6190816157fc|0|1786392491.674|102.654|3.208|502112256|534073344|gen_data_d442e3cb875d5595|__AUTOMETRIC__
__AUTOMETRIC__|0.1.2|26748|crew_log_c16f6190816157fc|0|1786392492.680|96.266|3.008|502169600|534130688|gen_data_d442e3cb875d5595|__AUTOMETRIC__
__AUTOMETRIC__|0.1.2|26748|crew_log_c16f6190816157fc|0|1786392493.688|100.819|3.151|502206464|534167552|gen_data_d442e3cb875d5595|__AUTOMETRIC__
__AUTOMETRIC__|0.1.2|26748|crew_log_c16f6190816157fc|0|1786392494.692|98.023|3.063|502181888|534142976|gen_data_d442e3cb875d5595|__AUTOMETRIC__
__AUTOMETRIC__|0.1.2|26748|crew_log_c16f6190816157fc|0|1786392495.700|97.683|3.053|502267904|534228992|gen_data_d442e3cb875d5595|__AUTOMETRIC__
__AUTOMETRIC__|0.1.2|26748|crew_log_c16f6190816157fc|0|1786392496.703|99.722|3.116|502235136|534196224|gen_data_d442e3cb875d5595|__AUTOMETRIC__
__AUTOMETRIC__|0.1.2|26748|crew_log_c16f6190816157fc|0|1786392497.713|98.957|3.092|501477376|533422080|gen_data_d442e3cb875d5595|__AUTOMETRIC__
__AUTOMETRIC__|0.1.2|26748|crew_log_c16f6190816157fc|0|1786392498.716|99.701|3.116|501456896|533401600|gen_data_d442e3cb875d5595|__AUTOMETRIC__
__AUTOMETRIC__|0.1.2|26748|crew_log_c16f6190816157fc|0|1786392499.718|101.373|3.168|501518336|533463040|gen_data_d442e3cb875d5595|__AUTOMETRIC__
__AUTOMETRIC__|0.1.2|26748|crew_log_c16f6190816157fc|0|1786392500.733|97.008|3.031|501555200|533499904|gen_data_d442e3cb875d5595|__AUTOMETRIC__
__AUTOMETRIC__|0.1.2|26748|crew_log_c16f6190816157fc|0|1786392501.749|101.509|3.172|501526528|533471232|gen_data_d442e3cb875d5595|__AUTOMETRIC__
__AUTOMETRIC__|0.1.2|26748|crew_log_c16f6190816157fc|0|1786392502.762|98.644|3.083|501571584|533516288|gen_data_d442e3cb875d5595|__AUTOMETRIC__
__AUTOMETRIC__|0.1.2|26748|crew_log_c16f6190816157fc|0|1786392503.765|101.308|3.166|501538816|533483520|gen_data_d442e3cb875d5595|__AUTOMETRIC__
__AUTOMETRIC__|0.1.2|26748|crew_log_c16f6190816157fc|0|1786392504.770|97.957|3.061|501530624|533475328|gen_data_d442e3cb875d5595|__AUTOMETRIC__
__AUTOMETRIC__|0.1.2|26748|crew_log_c16f6190816157fc|0|1786392505.772|98.177|3.068|501579776|533524480|gen_data_d442e3cb875d5595|__AUTOMETRIC__
__AUTOMETRIC__|0.1.2|26748|crew_log_c16f6190816157fc|0|1786392506.782|100.606|3.144|501547008|533491712|gen_data_d442e3cb875d5595|__AUTOMETRIC__
__AUTOMETRIC__|0.1.2|26748|crew_log_c16f6190816157fc|0|1786392507.795|98.696|3.084|501600256|533544960|gen_data_d442e3cb875d5595|__AUTOMETRIC__
__AUTOMETRIC__|0.1.2|26748|crew_log_c16f6190816157fc|0|1786392508.807|97.292|3.040|501563392|533508096|gen_data_d442e3cb875d5595|__AUTOMETRIC__
__AUTOMETRIC__|0.1.2|26748|crew_log_c16f6190816157fc|0|1786392509.808|99.921|3.123|501190656|533135360|gen_data_d442e3cb875d5595|__AUTOMETRIC__
__AUTOMETRIC__|0.1.2|26748|crew_log_c16f6190816157fc|0|1786392510.810|99.813|3.119|501202944|533147648|gen_data_d442e3cb875d5595|__AUTOMETRIC__
__AUTOMETRIC__|0.1.2|26748|crew_log_c16f6190816157fc|0|1786392511.823|97.095|3.034|501190656|533135360|gen_data_d442e3cb875d5595|__AUTOMETRIC__
__AUTOMETRIC__|0.1.2|26748|crew_log_c16f6190816157fc|0|1786392512.827|99.628|3.113|501239808|533184512|gen_data_d442e3cb875d5595|__AUTOMETRIC__
__AUTOMETRIC__|0.1.2|26748|crew_log_c16f6190816157fc|0|1786392513.833|97.817|3.057|501194752|533139456|gen_data_d442e3cb875d5595|__AUTOMETRIC__
__AUTOMETRIC__|0.1.2|26748|crew_log_c16f6190816157fc|0|1786392514.838|99.594|3.112|501276672|533221376|gen_data_d442e3cb875d5595|__AUTOMETRIC__
__AUTOMETRIC__|0.1.2|26748|crew_log_c16f6190816157fc|0|1786392515.852|100.131|3.129|501153792|533131264|gen_data_d442e3cb875d5595|__AUTOMETRIC__
__AUTOMETRIC__|0.1.2|26748|crew_log_c16f6190816157fc|0|1786392516.865|98.659|3.083|501207040|533151744|gen_data_d442e3cb875d5595|__AUTOMETRIC__
__AUTOMETRIC__|0.1.2|26748|crew_log_c16f6190816157fc|0|1786392517.877|100.401|3.138|501190656|533135360|gen_data_d442e3cb875d5595|__AUTOMETRIC__
__AUTOMETRIC__|0.1.2|26748|crew_log_c16f6190816157fc|0|1786392518.881|98.031|3.063|501198848|533143552|gen_data_d442e3cb875d5595|__AUTOMETRIC__
__AUTOMETRIC__|0.1.2|26748|crew_log_c16f6190816157fc|0|1786392519.894|100.258|3.133|501268480|533213184|gen_data_d442e3cb875d5595|__AUTOMETRIC__
__AUTOMETRIC__|0.1.2|26748|crew_log_c16f6190816157fc|0|1786392520.910|98.435|3.076|501239808|533184512|gen_data_d442e3cb875d5595|__AUTOMETRIC__
__AUTOMETRIC__|0.1.2|26748|crew_log_c16f6190816157fc|0|1786392521.921|100.465|3.140|453378048|485478400|gen_data_d442e3cb875d5595|__AUTOMETRIC__
__AUTOMETRIC__|0.1.2|26748|crew_log_c16f6190816157fc|0|1786392522.924|98.160|3.067|501035008|533045248|gen_data_d442e3cb875d5595|__AUTOMETRIC__
__AUTOMETRIC__|0.1.2|26748|crew_log_c16f6190816157fc|0|1786392523.934|99.004|3.094|501170176|533114880|gen_data_d442e3cb875d5595|__AUTOMETRIC__
__AUTOMETRIC__|0.1.2|26748|crew_log_c16f6190816157fc|0|1786392524.939|101.082|3.159|501174272|533118976|gen_data_d442e3cb875d5595|__AUTOMETRIC__
__AUTOMETRIC__|0.1.2|26748|crew_log_c16f6190816157fc|0|1786392525.953|100.153|3.130|501219328|533164032|gen_data_d442e3cb875d5595|__AUTOMETRIC__
__AUTOMETRIC__|0.1.2|26748|crew_log_c16f6190816157fc|0|1786392526.953|99.986|3.125|501264384|533209088|gen_data_d442e3cb875d5595|__AUTOMETRIC__
__AUTOMETRIC__|0.1.2|26748|crew_log_c16f6190816157fc|0|1786392527.959|99.358|3.105|501260288|533204992|gen_data_d442e3cb875d5595|__AUTOMETRIC__
__AUTOMETRIC__|0.1.2|26748|crew_log_c16f6190816157fc|0|1786392528.965|99.474|3.109|501272576|533217280|gen_data_d442e3cb875d5595|__AUTOMETRIC__
__AUTOMETRIC__|0.1.2|26748|crew_log_c16f6190816157fc|0|1786392529.977|98.762|3.086|501252096|533196800|gen_data_d442e3cb875d5595|__AUTOMETRIC__
__AUTOMETRIC__|0.1.2|26748|crew_log_c16f6190816157fc|0|1786392530.981|99.616|3.113|501284864|533229568|gen_data_d442e3cb875d5595|__AUTOMETRIC__
__AUTOMETRIC__|0.1.2|26748|crew_log_c16f6190816157fc|0|1786392531.994|98.760|3.086|501305344|533250048|gen_data_d442e3cb875d5595|__AUTOMETRIC__
__AUTOMETRIC__|0.1.2|26748|crew_log_c16f6190816157fc|0|1786392532.995|99.888|3.122|501309440|533254144|gen_data_d442e3cb875d5595|__AUTOMETRIC__
__AUTOMETRIC__|0.1.2|26748|crew_log_c16f6190816157fc|0|1786392534.000|101.014|3.157|501338112|533282816|gen_data_d442e3cb875d5595|__AUTOMETRIC__
__AUTOMETRIC__|0.1.2|26748|crew_log_c16f6190816157fc|0|1786392535.005|97.968|3.061|500781056|532738048|gen_data_d442e3cb875d5595|__AUTOMETRIC__
__AUTOMETRIC__|0.1.2|26748|crew_log_c16f6190816157fc|0|1786392536.008|99.721|3.116|500842496|532791296|gen_data_d442e3cb875d5595|__AUTOMETRIC__
__AUTOMETRIC__|0.1.2|26748|crew_log_c16f6190816157fc|0|1786392537.022|100.174|3.130|500850688|532799488|gen_data_d442e3cb875d5595|__AUTOMETRIC__
__AUTOMETRIC__|0.1.2|26748|crew_log_c16f6190816157fc|0|1786392538.036|98.589|3.081|500842496|532791296|gen_data_d442e3cb875d5595|__AUTOMETRIC__
__AUTOMETRIC__|0.1.2|26748|crew_log_c16f6190816157fc|0|1786392539.037|98.311|3.072|500850688|532799488|gen_data_d442e3cb875d5595|__AUTOMETRIC__
__AUTOMETRIC__|0.1.2|26748|crew_log_c16f6190816157fc|0|1786392540.040|98.194|3.069|500846592|532795392|gen_data_d442e3cb875d5595|__AUTOMETRIC__
__AUTOMETRIC__|0.1.2|26748|crew_log_c16f6190816157fc|0|1786392541.042|98.161|3.068|500846592|532795392|gen_data_d442e3cb875d5595|__AUTOMETRIC__
__AUTOMETRIC__|0.1.2|26748|crew_log_c16f6190816157fc|0|1786392542.047|101.067|3.158|500854784|532803584|gen_data_d442e3cb875d5595|__AUTOMETRIC__
__AUTOMETRIC__|0.1.2|26748|crew_log_c16f6190816157fc|0|1786392543.051|99.596|3.112|500854784|532803584|gen_data_d442e3cb875d5595|__AUTOMETRIC__
__AUTOMETRIC__|0.1.2|26748|crew_log_c16f6190816157fc|0|1786392544.066|100.067|3.127|500858880|532807680|gen_data_d442e3cb875d5595|__AUTOMETRIC__
__AUTOMETRIC__|0.1.2|26748|crew_log_c16f6190816157fc|0|1786392545.067|99.910|3.122|500899840|532848640|gen_data_d442e3cb875d5595|__AUTOMETRIC__
__AUTOMETRIC__|0.1.2|26748|crew_log_c16f6190816157fc|0|1786392546.081|100.186|3.131|500916224|532860928|gen_data_d442e3cb875d5595|__AUTOMETRIC__
__AUTOMETRIC__|0.1.2|26748|crew_log_c16f6190816157fc|0|1786392547.095|100.158|3.130|500555776|532533248|gen_data_d442e3cb875d5595|__AUTOMETRIC__
__AUTOMETRIC__|0.1.2|26748|crew_log_c16f6190816157fc|0|1786392548.096|95.214|2.975|500555776|532533248|gen_data_d442e3cb875d5595|__AUTOMETRIC__
__AUTOMETRIC__|0.1.2|26748|crew_log_c16f6190816157fc|0|1786392549.101|99.544|3.111|500592640|532570112|gen_data_d442e3cb875d5595|__AUTOMETRIC__
__AUTOMETRIC__|0.1.2|26748|crew_log_c16f6190816157fc|0|1786392550.114|100.263|3.133|500600832|532578304|gen_data_d442e3cb875d5595|__AUTOMETRIC__
__AUTOMETRIC__|0.1.2|26748|crew_log_c16f6190816157fc|0|1786392551.118|97.982|3.062|500625408|532602880|gen_data_d442e3cb875d5595|__AUTOMETRIC__
__AUTOMETRIC__|0.1.2|26748|crew_log_c16f6190816157fc|0|1786392552.133|100.094|3.128|500629504|532606976|gen_data_d442e3cb875d5595|__AUTOMETRIC__
__AUTOMETRIC__|0.1.2|26748|crew_log_c16f6190816157fc|0|1786392553.148|100.066|3.127|500957184|532905984|gen_data_d442e3cb875d5595|__AUTOMETRIC__
__AUTOMETRIC__|0.1.2|26748|crew_log_c16f6190816157fc|0|1786392554.148|98.427|3.076|500723712|532672512|gen_data_d442e3cb875d5595|__AUTOMETRIC__
__AUTOMETRIC__|0.1.2|26748|crew_log_c16f6190816157fc|0|1786392555.148|98.434|3.076|500711424|532660224|gen_data_d442e3cb875d5595|__AUTOMETRIC__
__AUTOMETRIC__|0.1.2|26748|crew_log_c16f6190816157fc|0|1786392556.162|100.145|3.130|500740096|532688896|gen_data_d442e3cb875d5595|__AUTOMETRIC__
__AUTOMETRIC__|0.1.2|26748|crew_log_c16f6190816157fc|0|1786392557.168|97.823|3.057|500736000|532684800|gen_data_d442e3cb875d5595|__AUTOMETRIC__
__AUTOMETRIC__|0.1.2|26748|crew_log_c16f6190816157fc|0|1786392558.174|97.870|3.058|500744192|532688896|gen_data_d442e3cb875d5595|__AUTOMETRIC__
__AUTOMETRIC__|0.1.2|26748|crew_log_c16f6190816157fc|0|1786392559.179|99.538|3.111|500527104|532471808|gen_data_d442e3cb875d5595|__AUTOMETRIC__
__AUTOMETRIC__|0.1.2|26748|crew_log_c16f6190816157fc|0|1786392560.190|98.856|3.089|500502528|532447232|gen_data_d442e3cb875d5595|__AUTOMETRIC__
__AUTOMETRIC__|0.1.2|26748|crew_log_c16f6190816157fc|0|1786392561.197|99.390|3.106|500531200|532475904|gen_data_d442e3cb875d5595|__AUTOMETRIC__
__AUTOMETRIC__|0.1.2|26748|crew_log_c16f6190816157fc|0|1786392562.198|99.874|3.121|500543488|532488192|gen_data_d442e3cb875d5595|__AUTOMETRIC__
__AUTOMETRIC__|0.1.2|26748|crew_log_c16f6190816157fc|0|1786392563.200|99.779|3.118|500547584|532492288|gen_data_d442e3cb875d5595|__AUTOMETRIC__
__AUTOMETRIC__|0.1.2|26748|crew_log_c16f6190816157fc|0|1786392564.215|100.047|3.126|500555776|532500480|gen_data_d442e3cb875d5595|__AUTOMETRIC__
__AUTOMETRIC__|0.1.2|26748|crew_log_c16f6190816157fc|0|1786392565.216|98.365|3.074|500551680|532496384|gen_data_d442e3cb875d5595|__AUTOMETRIC__
__AUTOMETRIC__|0.1.2|26748|crew_log_c16f6190816157fc|0|1786392566.227|102.009|3.188|500547584|532492288|gen_data_d442e3cb875d5595|__AUTOMETRIC__
__AUTOMETRIC__|0.1.2|26748|crew_log_c16f6190816157fc|0|1786392567.229|98.201|3.069|500551680|532496384|gen_data_d442e3cb875d5595|__AUTOMETRIC__
__AUTOMETRIC__|0.1.2|26748|crew_log_c16f6190816157fc|0|1786392568.243|98.600|3.081|500555776|532500480|gen_data_d442e3cb875d5595|__AUTOMETRIC__
__AUTOMETRIC__|0.1.2|26748|crew_log_c16f6190816157fc|0|1786392569.249|97.913|3.060|500559872|532504576|gen_data_d442e3cb875d5595|__AUTOMETRIC__
__AUTOMETRIC__|0.1.2|26748|crew_log_c16f6190816157fc|0|1786392570.252|101.216|3.163|500576256|532520960|gen_data_d442e3cb875d5595|__AUTOMETRIC__
__AUTOMETRIC__|0.1.2|26748|crew_log_c16f6190816157fc|0|1786392571.268|100.002|3.125|500404224|532348928|gen_data_d442e3cb875d5595|__AUTOMETRIC__
__AUTOMETRIC__|0.1.2|26748|crew_log_c16f6190816157fc|0|1786392572.283|100.014|3.125|500408320|532353024|gen_data_d442e3cb875d5595|__AUTOMETRIC__
__AUTOMETRIC__|0.1.2|26748|crew_log_c16f6190816157fc|0|1786392573.286|99.737|3.117|500408320|532353024|gen_data_d442e3cb875d5595|__AUTOMETRIC__
__AUTOMETRIC__|0.1.2|26748|crew_log_c16f6190816157fc|0|1786392574.288|99.810|3.119|500465664|532410368|gen_data_d442e3cb875d5595|__AUTOMETRIC__
__AUTOMETRIC__|0.1.2|26748|crew_log_c16f6190816157fc|0|1786392575.302|100.167|3.130|500490240|532434944|gen_data_d442e3cb875d5595|__AUTOMETRIC__
__AUTOMETRIC__|0.1.2|26748|crew_log_c16f6190816157fc|0|1786392576.316|100.123|3.129|500469760|532414464|gen_data_d442e3cb875d5595|__AUTOMETRIC__
__AUTOMETRIC__|0.1.2|26748|crew_log_c16f6190816157fc|0|1786392577.332|99.999|3.125|500506624|532451328|gen_data_d442e3cb875d5595|__AUTOMETRIC__
__AUTOMETRIC__|0.1.2|26748|crew_log_c16f6190816157fc|0|1786392578.343|100.442|3.139|500502528|532447232|gen_data_d442e3cb875d5595|__AUTOMETRIC__
__AUTOMETRIC__|0.1.2|26748|crew_log_c16f6190816157fc|0|1786392579.346|98.104|3.066|500572160|532516864|gen_data_d442e3cb875d5595|__AUTOMETRIC__
__AUTOMETRIC__|0.1.2|26748|crew_log_c16f6190816157fc|0|1786392580.347|99.891|3.122|500547584|532492288|gen_data_d442e3cb875d5595|__AUTOMETRIC__
__AUTOMETRIC__|0.1.2|26748|crew_log_c16f6190816157fc|0|1786392581.350|99.748|3.117|500576256|532520960|gen_data_d442e3cb875d5595|__AUTOMETRIC__
__AUTOMETRIC__|0.1.2|26748|crew_log_c16f6190816157fc|0|1786392582.366|100.000|3.125|500367360|532344832|gen_data_d442e3cb875d5595|__AUTOMETRIC__
__AUTOMETRIC__|0.1.2|26748|crew_log_c16f6190816157fc|0|1786392583.370|99.585|3.112|500346880|532324352|gen_data_d442e3cb875d5595|__AUTOMETRIC__
__AUTOMETRIC__|0.1.2|26748|crew_log_c16f6190816157fc|0|1786392584.384|100.180|3.131|500379648|532357120|gen_data_d442e3cb875d5595|__AUTOMETRIC__
__AUTOMETRIC__|0.1.2|26748|crew_log_c16f6190816157fc|0|1786392585.394|100.516|3.141|500416512|532393984|gen_data_d442e3cb875d5595|__AUTOMETRIC__
__AUTOMETRIC__|0.1.2|26748|crew_log_c16f6190816157fc|0|1786392586.396|99.832|3.120|500420608|532398080|gen_data_d442e3cb875d5595|__AUTOMETRIC__
__AUTOMETRIC__|0.1.2|26748|crew_log_c16f6190816157fc|0|1786392587.402|99.354|3.105|500469760|532422656|gen_data_d442e3cb875d5595|__AUTOMETRIC__
__AUTOMETRIC__|0.1.2|26748|crew_log_c16f6190816157fc|0|1786392588.409|100.839|3.151|500453376|532406272|gen_data_d442e3cb875d5595|__AUTOMETRIC__
__AUTOMETRIC__|0.1.2|26748|crew_log_c16f6190816157fc|0|1786392589.423|100.206|3.131|500436992|532389888|gen_data_d442e3cb875d5595|__AUTOMETRIC__
__AUTOMETRIC__|0.1.2|26748|crew_log_c16f6190816157fc|0|1786392590.432|99.072|3.096|500477952|532430848|gen_data_d442e3cb875d5595|__AUTOMETRIC__
__AUTOMETRIC__|0.1.2|26748|crew_log_c16f6190816157fc|0|1786392591.443|100.499|3.141|500441088|532393984|gen_data_d442e3cb875d5595|__AUTOMETRIC__
__AUTOMETRIC__|0.1.2|26748|crew_log_c16f6190816157fc|0|1786392592.449|99.374|3.105|500490240|532443136|gen_data_d442e3cb875d5595|__AUTOMETRIC__
__AUTOMETRIC__|0.1.2|26748|crew_log_c16f6190816157fc|0|1786392593.460|98.970|3.093|500228096|532180992|gen_data_d442e3cb875d5595|__AUTOMETRIC__
__AUTOMETRIC__|0.1.2|26748|crew_log_c16f6190816157fc|0|1786392594.474|100.154|3.130|500293632|532238336|gen_data_d442e3cb875d5595|__AUTOMETRIC__
__AUTOMETRIC__|0.1.2|26748|crew_log_c16f6190816157fc|0|1786392595.477|99.668|3.115|500330496|532275200|gen_data_d442e3cb875d5595|__AUTOMETRIC__
__AUTOMETRIC__|0.1.2|26748|crew_log_c16f6190816157fc|0|1786392596.479|99.814|3.119|500293632|532238336|gen_data_d442e3cb875d5595|__AUTOMETRIC__
__AUTOMETRIC__|0.1.2|26748|crew_log_c16f6190816157fc|0|1786392597.481|98.265|3.071|500383744|532328448|gen_data_d442e3cb875d5595|__AUTOMETRIC__
__AUTOMETRIC__|0.1.2|26748|crew_log_c16f6190816157fc|0|1786392598.486|99.475|3.109|500383744|532332544|gen_data_d442e3cb875d5595|__AUTOMETRIC__
__AUTOMETRIC__|0.1.2|26748|crew_log_c16f6190816157fc|0|1786392599.491|99.441|3.108|500428800|532377600|gen_data_d442e3cb875d5595|__AUTOMETRIC__
__AUTOMETRIC__|0.1.2|26748|crew_log_c16f6190816157fc|0|1786392600.494|99.745|3.117|500436992|532385792|gen_data_d442e3cb875d5595|__AUTOMETRIC__
__AUTOMETRIC__|0.1.2|26748|crew_log_c16f6190816157fc|0|1786392601.510|99.995|3.125|500441088|532389888|gen_data_d442e3cb875d5595|__AUTOMETRIC__
__AUTOMETRIC__|0.1.2|26748|crew_log_c16f6190816157fc|0|1786392602.511|99.831|3.120|500498432|532447232|gen_data_d442e3cb875d5595|__AUTOMETRIC__
__AUTOMETRIC__|0.1.2|26748|crew_log_c16f6190816157fc|0|1786392603.512|99.951|3.123|500473856|532426752|gen_data_d442e3cb875d5595|__AUTOMETRIC__
__AUTOMETRIC__|0.1.2|26748|crew_log_c16f6190816157fc|0|1786392604.524|98.798|3.087|500510720|532455424|gen_data_d442e3cb875d5595|__AUTOMETRIC__
__AUTOMETRIC__|0.1.2|26748|crew_log_c16f6190816157fc|0|1786392605.526|99.836|3.120|500228096|532176896|gen_data_d442e3cb875d5595|__AUTOMETRIC__
__AUTOMETRIC__|0.1.2|26748|crew_log_c16f6190816157fc|0|1786392606.530|99.580|3.112|500191232|532140032|gen_data_d442e3cb875d5595|__AUTOMETRIC__
__AUTOMETRIC__|0.1.2|26748|crew_log_c16f6190816157fc|0|1786392607.537|99.304|3.103|500248576|532197376|gen_data_d442e3cb875d5595|__AUTOMETRIC__
__AUTOMETRIC__|0.1.2|26748|crew_log_c16f6190816157fc|0|1786392608.542|99.494|3.109|500215808|532164608|gen_data_d442e3cb875d5595|__AUTOMETRIC__
__AUTOMETRIC__|0.1.2|26748|crew_log_c16f6190816157fc|0|1786392609.549|97.708|3.053|500244480|532193280|gen_data_d442e3cb875d5595|__AUTOMETRIC__
__AUTOMETRIC__|0.1.2|26748|crew_log_c16f6190816157fc|0|1786392610.559|99.061|3.096|500252672|532201472|gen_data_d442e3cb875d5595|__AUTOMETRIC__
__AUTOMETRIC__|0.1.2|26748|crew_log_c16f6190816157fc|0|1786392611.560|101.466|3.171|500236288|532185088|gen_data_d442e3cb875d5595|__AUTOMETRIC__
__AUTOMETRIC__|0.1.2|26748|crew_log_c16f6190816157fc|0|1786392612.572|98.793|3.087|500244480|532193280|gen_data_d442e3cb875d5595|__AUTOMETRIC__
__AUTOMETRIC__|0.1.2|26748|crew_log_c16f6190816157fc|0|1786392613.575|99.755|3.117|500240384|532189184|gen_data_d442e3cb875d5595|__AUTOMETRIC__
__AUTOMETRIC__|0.1.2|26748|crew_log_c16f6190816157fc|0|1786392614.576|99.903|3.122|500301824|532250624|gen_data_d442e3cb875d5595|__AUTOMETRIC__
__AUTOMETRIC__|0.1.2|26748|crew_log_c16f6190816157fc|0|1786392615.581|100.998|3.156|500453376|532398080|gen_data_d442e3cb875d5595|__AUTOMETRIC__
__AUTOMETRIC__|0.1.2|26748|crew_log_c16f6190816157fc|0|1786392616.594|100.276|3.134|500289536|532242432|gen_data_d442e3cb875d5595|__AUTOMETRIC__
__AUTOMETRIC__|0.1.2|26748|crew_log_c16f6190816157fc|0|1786392617.597|99.679|3.115|500293632|532246528|gen_data_d442e3cb875d5595|__AUTOMETRIC__
__AUTOMETRIC__|0.1.2|26748|crew_log_c16f6190816157fc|0|1786392618.601|98.022|3.063|500281344|532234240|gen_data_d442e3cb875d5595|__AUTOMETRIC__
__AUTOMETRIC__|0.1.2|26748|crew_log_c16f6190816157fc|0|1786392619.606|96.413|3.013|500350976|532303872|gen_data_d442e3cb875d5595|__AUTOMETRIC__
__AUTOMETRIC__|0.1.2|26748|crew_log_c16f6190816157fc|0|1786392620.617|101.978|3.187|500375552|532328448|gen_data_d442e3cb875d5595|__AUTOMETRIC__
__AUTOMETRIC__|0.1.2|26748|crew_log_c16f6190816157fc|0|1786392621.617|96.880|3.027|500400128|532353024|gen_data_d442e3cb875d5595|__AUTOMETRIC__
__AUTOMETRIC__|0.1.2|26748|crew_log_c16f6190816157fc|0|1786392622.618|96.802|3.025|500404224|532348928|gen_data_d442e3cb875d5595|__AUTOMETRIC__
__AUTOMETRIC__|0.1.2|26748|crew_log_c16f6190816157fc|0|1786392623.623|101.110|3.160|500396032|532340736|gen_data_d442e3cb875d5595|__AUTOMETRIC__
__AUTOMETRIC__|0.1.2|26748|crew_log_c16f6190816157fc|0|1786392624.631|99.209|3.100|500404224|532348928|gen_data_d442e3cb875d5595|__AUTOMETRIC__
__AUTOMETRIC__|0.1.2|26748|crew_log_c16f6190816157fc|0|1786392625.632|95.209|2.975|500400128|532344832|gen_data_d442e3cb875d5595|__AUTOMETRIC__
__AUTOMETRIC__|0.1.2|26748|crew_log_c16f6190816157fc|0|1786392626.633|98.347|3.073|500441088|532385792|gen_data_d442e3cb875d5595|__AUTOMETRIC__
__AUTOMETRIC__|0.1.2|26748|crew_log_c16f6190816157fc|0|1786392627.633|99.920|3.122|500523008|532475904|gen_data_d442e3cb875d5595|__AUTOMETRIC__
__AUTOMETRIC__|0.1.2|26748|crew_log_c16f6190816157fc|0|1786392628.647|100.208|3.131|500387840|532332544|gen_data_d442e3cb875d5595|__AUTOMETRIC__
__AUTOMETRIC__|0.1.2|26748|crew_log_c16f6190816157fc|0|1786392629.662|98.555|3.080|500408320|532353024|gen_data_d442e3cb875d5595|__AUTOMETRIC__
__AUTOMETRIC__|0.1.2|26748|crew_log_c16f6190816157fc|0|1786392630.677|98.525|3.079|500428800|532373504|gen_data_d442e3cb875d5595|__AUTOMETRIC__
__AUTOMETRIC__|0.1.2|26748|crew_log_c16f6190816157fc|0|1786392631.688|100.415|3.138|500428800|532373504|gen_data_d442e3cb875d5595|__AUTOMETRIC__
__AUTOMETRIC__|0.1.2|26748|crew_log_c16f6190816157fc|0|1786392632.701|98.704|3.085|500449280|532393984|gen_data_d442e3cb875d5595|__AUTOMETRIC__
__AUTOMETRIC__|0.1.2|26748|crew_log_c16f6190816157fc|0|1786392633.717|98.450|3.077|500428800|532373504|gen_data_d442e3cb875d5595|__AUTOMETRIC__
__AUTOMETRIC__|0.1.2|26748|crew_log_c16f6190816157fc|0|1786392634.727|100.578|3.143|500436992|532381696|gen_data_d442e3cb875d5595|__AUTOMETRIC__
__AUTOMETRIC__|0.1.2|26748|crew_log_c16f6190816157fc|0|1786392635.727|99.926|3.123|500453376|532398080|gen_data_d442e3cb875d5595|__AUTOMETRIC__
__AUTOMETRIC__|0.1.2|26748|crew_log_c16f6190816157fc|0|1786392636.738|100.469|3.140|500445184|532389888|gen_data_d442e3cb875d5595|__AUTOMETRIC__
__AUTOMETRIC__|0.1.2|26748|crew_log_c16f6190816157fc|0|1786392637.739|98.403|3.075|500453376|532398080|gen_data_d442e3cb875d5595|__AUTOMETRIC__
__AUTOMETRIC__|0.1.2|26748|crew_log_c16f6190816157fc|0|1786392638.739|99.954|3.124|500535296|532488192|gen_data_d442e3cb875d5595|__AUTOMETRIC__
__AUTOMETRIC__|0.1.2|26748|crew_log_c16f6190816157fc|0|1786392639.753|100.212|3.132|500396032|532340736|gen_data_d442e3cb875d5595|__AUTOMETRIC__
__AUTOMETRIC__|0.1.2|26748|crew_log_c16f6190816157fc|0|1786392640.768|100.060|3.127|500404224|532348928|gen_data_d442e3cb875d5595|__AUTOMETRIC__
__AUTOMETRIC__|0.1.2|26748|crew_log_c16f6190816157fc|0|1786392641.778|97.458|3.046|500387840|532332544|gen_data_d442e3cb875d5595|__AUTOMETRIC__
__AUTOMETRIC__|0.1.2|26748|crew_log_c16f6190816157fc|0|1786392642.784|102.515|3.204|500428800|532373504|gen_data_d442e3cb875d5595|__AUTOMETRIC__
__AUTOMETRIC__|0.1.2|26748|crew_log_c16f6190816157fc|0|1786392643.797|100.176|3.131|500387840|532332544|gen_data_d442e3cb875d5595|__AUTOMETRIC__
__AUTOMETRIC__|0.1.2|26748|crew_log_c16f6190816157fc|0|1786392644.808|97.438|3.045|500400128|532344832|gen_data_d442e3cb875d5595|__AUTOMETRIC__
__AUTOMETRIC__|0.1.2|26748|crew_log_c16f6190816157fc|0|1786392645.814|99.358|3.105|500400128|532344832|gen_data_d442e3cb875d5595|__AUTOMETRIC__
__AUTOMETRIC__|0.1.2|26748|crew_log_c16f6190816157fc|0|1786392646.815|99.913|3.122|500441088|532385792|gen_data_d442e3cb875d5595|__AUTOMETRIC__
__AUTOMETRIC__|0.1.2|26748|crew_log_c16f6190816157fc|0|1786392647.822|99.318|3.104|500432896|532385792|gen_data_d442e3cb875d5595|__AUTOMETRIC__
__AUTOMETRIC__|0.1.2|26748|crew_log_c16f6190816157fc|0|1786392648.823|99.924|3.123|500416512|532369408|gen_data_d442e3cb875d5595|__AUTOMETRIC__
__AUTOMETRIC__|0.1.2|26748|crew_log_c16f6190816157fc|0|1786392649.828|101.054|3.158|500502528|532455424|gen_data_d442e3cb875d5595|__AUTOMETRIC__
__AUTOMETRIC__|0.1.2|26748|crew_log_c16f6190816157fc|0|1786392650.831|99.707|3.116|500318208|532271104|gen_data_d442e3cb875d5595|__AUTOMETRIC__
__AUTOMETRIC__|0.1.2|26748|crew_log_c16f6190816157fc|0|1786392651.831|99.919|3.122|500383744|532332544|gen_data_d442e3cb875d5595|__AUTOMETRIC__
__AUTOMETRIC__|0.1.2|26748|crew_log_c16f6190816157fc|0|1786392652.844|100.302|3.134|500445184|532393984|gen_data_d442e3cb875d5595|__AUTOMETRIC__
__AUTOMETRIC__|0.1.2|26748|crew_log_c16f6190816157fc|0|1786392653.858|100.189|3.131|500432896|532377600|gen_data_d442e3cb875d5595|__AUTOMETRIC__
__AUTOMETRIC__|0.1.2|26748|crew_log_c16f6190816157fc|0|1786392654.858|99.928|3.123|500457472|532402176|gen_data_d442e3cb875d5595|__AUTOMETRIC__
__AUTOMETRIC__|0.1.2|26748|crew_log_c16f6190816157fc|0|1786392655.867|99.118|3.097|500473856|532418560|gen_data_d442e3cb875d5595|__AUTOMETRIC__
__AUTOMETRIC__|0.1.2|26748|crew_log_c16f6190816157fc|0|1786392656.882|100.096|3.128|500457472|532402176|gen_data_d442e3cb875d5595|__AUTOMETRIC__
__AUTOMETRIC__|0.1.2|26748|crew_log_c16f6190816157fc|0|1786392657.897|96.993|3.031|500453376|532398080|gen_data_d442e3cb875d5595|__AUTOMETRIC__
__AUTOMETRIC__|0.1.2|26748|crew_log_c16f6190816157fc|0|1786392658.912|98.530|3.079|500445184|532389888|gen_data_d442e3cb875d5595|__AUTOMETRIC__
__AUTOMETRIC__|0.1.2|26748|crew_log_c16f6190816157fc|0|1786392659.916|99.609|3.113|500535296|532480000|gen_data_d442e3cb875d5595|__AUTOMETRIC__
__AUTOMETRIC__|0.1.2|26748|crew_log_c16f6190816157fc|0|1786392660.931|100.082|3.128|500559872|532504576|gen_data_d442e3cb875d5595|__AUTOMETRIC__
__AUTOMETRIC__|0.1.2|26748|crew_log_c16f6190816157fc|0|1786392661.945|100.132|3.129|500305920|532250624|gen_data_d442e3cb875d5595|__AUTOMETRIC__
__AUTOMETRIC__|0.1.2|26748|crew_log_c16f6190816157fc|0|1786392662.945|98.376|3.074|500461568|532406272|gen_data_d442e3cb875d5595|__AUTOMETRIC__
__AUTOMETRIC__|0.1.2|26748|crew_log_c16f6190816157fc|0|1786392663.947|99.845|3.120|500514816|532459520|gen_data_d442e3cb875d5595|__AUTOMETRIC__
__AUTOMETRIC__|0.1.2|26748|crew_log_c16f6190816157fc|0|1786392664.950|99.696|3.116|500518912|532463616|gen_data_d442e3cb875d5595|__AUTOMETRIC__
__AUTOMETRIC__|0.1.2|26748|crew_log_c16f6190816157fc|0|1786392665.959|100.693|3.147|500547584|532492288|gen_data_d442e3cb875d5595|__AUTOMETRIC__
__AUTOMETRIC__|0.1.2|26748|crew_log_c16f6190816157fc|0|1786392666.963|99.581|3.112|500559872|532504576|gen_data_d442e3cb875d5595|__AUTOMETRIC__
__AUTOMETRIC__|0.1.2|26748|crew_log_c16f6190816157fc|0|1786392667.977|100.100|3.128|500596736|532541440|gen_data_d442e3cb875d5595|__AUTOMETRIC__
__AUTOMETRIC__|0.1.2|26748|crew_log_c16f6190816157fc|0|1786392668.981|99.697|3.116|500613120|532557824|gen_data_d442e3cb875d5595|__AUTOMETRIC__
__AUTOMETRIC__|0.1.2|26748|crew_log_c16f6190816157fc|0|1786392669.996|100.041|3.126|500604928|532549632|gen_data_d442e3cb875d5595|__AUTOMETRIC__
__AUTOMETRIC__|0.1.2|26748|crew_log_c16f6190816157fc|0|1786392671.009|98.712|3.085|500645888|532590592|gen_data_d442e3cb875d5595|__AUTOMETRIC__
__AUTOMETRIC__|0.1.2|26748|crew_log_c16f6190816157fc|0|1786392672.010|99.924|3.123|500609024|532553728|gen_data_d442e3cb875d5595|__AUTOMETRIC__
__AUTOMETRIC__|0.1.2|26748|crew_log_c16f6190816157fc|0|1786392673.018|99.119|3.097|500592640|532537344|gen_data_d442e3cb875d5595|__AUTOMETRIC__
__AUTOMETRIC__|0.1.2|26748|crew_log_c16f6190816157fc|0|1786392674.032|100.207|3.131|500555776|532500480|gen_data_d442e3cb875d5595|__AUTOMETRIC__
__AUTOMETRIC__|0.1.2|26748|crew_log_c16f6190816157fc|0|1786392675.046|100.145|3.130|500588544|532533248|gen_data_d442e3cb875d5595|__AUTOMETRIC__
__AUTOMETRIC__|0.1.2|26748|crew_log_c16f6190816157fc|0|1786392676.051|99.538|3.111|500543488|532488192|gen_data_d442e3cb875d5595|__AUTOMETRIC__
__AUTOMETRIC__|0.1.2|26748|crew_log_c16f6190816157fc|0|1786392677.064|100.248|3.133|500563968|532508672|gen_data_d442e3cb875d5595|__AUTOMETRIC__
__AUTOMETRIC__|0.1.2|26748|crew_log_c16f6190816157fc|0|1786392678.071|97.748|3.055|500596736|532541440|gen_data_d442e3cb875d5595|__AUTOMETRIC__
__AUTOMETRIC__|0.1.2|26748|crew_log_c16f6190816157fc|0|1786392679.074|101.249|3.164|500539392|532484096|gen_data_d442e3cb875d5595|__AUTOMETRIC__
__AUTOMETRIC__|0.1.2|26748|crew_log_c16f6190816157fc|0|1786392680.077|102.850|3.214|500535296|532480000|gen_data_d442e3cb875d5595|__AUTOMETRIC__
__AUTOMETRIC__|0.1.2|26748|crew_log_c16f6190816157fc|0|1786392681.078|99.875|3.121|500613120|532557824|gen_data_d442e3cb875d5595|__AUTOMETRIC__
__AUTOMETRIC__|0.1.2|26748|crew_log_c16f6190816157fc|0|1786392682.078|96.829|3.026|500637696|532582400|gen_data_d442e3cb875d5595|__AUTOMETRIC__
__AUTOMETRIC__|0.1.2|26748|crew_log_c16f6190816157fc|0|1786392683.094|98.492|3.078|500649984|532594688|gen_data_d442e3cb875d5595|__AUTOMETRIC__
__AUTOMETRIC__|0.1.2|26748|crew_log_c16f6190816157fc|0|1786392684.110|99.965|3.124|500645888|532590592|gen_data_d442e3cb875d5595|__AUTOMETRIC__
__AUTOMETRIC__|0.1.2|26748|crew_log_c16f6190816157fc|0|1786392685.111|98.283|3.071|500547584|532492288|gen_data_d442e3cb875d5595|__AUTOMETRIC__
__AUTOMETRIC__|0.1.2|26748|crew_log_c16f6190816157fc|0|1786392686.119|99.211|3.100|500559872|532504576|gen_data_d442e3cb875d5595|__AUTOMETRIC__
__AUTOMETRIC__|0.1.2|26748|crew_log_c16f6190816157fc|0|1786392687.123|101.201|3.163|500592640|532537344|gen_data_d442e3cb875d5595|__AUTOMETRIC__
__AUTOMETRIC__|0.1.2|26748|crew_log_c16f6190816157fc|0|1786392688.138|98.527|3.079|500674560|532619264|gen_data_d442e3cb875d5595|__AUTOMETRIC__
__AUTOMETRIC__|0.1.2|26748|crew_log_c16f6190816157fc|0|1786392689.143|99.514|3.110|500682752|532631552|gen_data_d442e3cb875d5595|__AUTOMETRIC__
__AUTOMETRIC__|0.1.2|26748|crew_log_c16f6190816157fc|0|1786392690.151|99.206|3.100|500715520|532664320|gen_data_d442e3cb875d5595|__AUTOMETRIC__
__AUTOMETRIC__|0.1.2|26748|crew_log_c16f6190816157fc|0|1786392691.157|100.941|3.154|500731904|532688896|gen_data_d442e3cb875d5595|__AUTOMETRIC__
__AUTOMETRIC__|0.1.2|26748|crew_log_c16f6190816157fc|0|1786392692.162|97.929|3.060|500797440|532754432|gen_data_d442e3cb875d5595|__AUTOMETRIC__
__AUTOMETRIC__|0.1.2|26748|crew_log_c16f6190816157fc|0|1786392693.173|100.483|3.140|500789248|532746240|gen_data_d442e3cb875d5595|__AUTOMETRIC__
__AUTOMETRIC__|0.1.2|26748|crew_log_c16f6190816157fc|0|1786392694.185|97.209|3.038|500793344|532750336|gen_data_d442e3cb875d5595|__AUTOMETRIC__
__AUTOMETRIC__|0.1.2|26748|crew_log_c16f6190816157fc|0|1786392695.192|99.388|3.106|500809728|532766720|gen_data_d442e3cb875d5595|__AUTOMETRIC__
__AUTOMETRIC__|0.1.2|26748|crew_log_c16f6190816157fc|0|1786392696.194|98.203|3.069|500715520|532660224|gen_data_d442e3cb875d5595|__AUTOMETRIC__
__AUTOMETRIC__|0.1.2|26748|crew_log_c16f6190816157fc|0|1786392697.203|97.531|3.048|500813824|532758528|gen_data_d442e3cb875d5595|__AUTOMETRIC__
__AUTOMETRIC__|0.1.2|26748|crew_log_c16f6190816157fc|0|1786392698.210|99.285|3.103|500830208|532774912|gen_data_d442e3cb875d5595|__AUTOMETRIC__
__AUTOMETRIC__|0.1.2|26748|crew_log_c16f6190816157fc|0|1786392699.221|98.969|3.093|500793344|532738048|gen_data_d442e3cb875d5595|__AUTOMETRIC__
__AUTOMETRIC__|0.1.2|26748|crew_log_c16f6190816157fc|0|1786392700.229|99.194|3.100|500801536|532746240|gen_data_d442e3cb875d5595|__AUTOMETRIC__
__AUTOMETRIC__|0.1.2|26748|crew_log_c16f6190816157fc|0|1786392701.237|100.742|3.148|500826112|532770816|gen_data_d442e3cb875d5595|__AUTOMETRIC__
__AUTOMETRIC__|0.1.2|26748|crew_log_c16f6190816157fc|0|1786392702.247|97.518|3.047|500817920|532762624|gen_data_d442e3cb875d5595|__AUTOMETRIC__
__AUTOMETRIC__|0.1.2|26748|crew_log_c16f6190816157fc|0|1786392703.249|99.771|3.118|500879360|532824064|gen_data_d442e3cb875d5595|__AUTOMETRIC__
__AUTOMETRIC__|0.1.2|26748|crew_log_c16f6190816157fc|0|1786392704.257|99.173|3.099|500838400|532783104|gen_data_d442e3cb875d5595|__AUTOMETRIC__
__AUTOMETRIC__|0.1.2|26748|crew_log_c16f6190816157fc|0|1786392705.269|100.388|3.137|500867072|532811776|gen_data_d442e3cb875d5595|__AUTOMETRIC__
__AUTOMETRIC__|0.1.2|26748|crew_log_c16f6190816157fc|0|1786392706.277|99.144|3.098|500830208|532774912|gen_data_d442e3cb875d5595|__AUTOMETRIC__
__AUTOMETRIC__|0.1.2|26748|crew_log_c16f6190816157fc|0|1786392707.291|97.164|3.036|507650048|539598848|gen_data_e88f2932e5a9cb23|__AUTOMETRIC__
__AUTOMETRIC__|0.1.2|26748|crew_log_c16f6190816157fc|0|1786392708.302|100.419|3.138|507445248|539394048|gen_data_e88f2932e5a9cb23|__AUTOMETRIC__
__AUTOMETRIC__|0.1.2|26748|crew_log_c16f6190816157fc|0|1786392709.317|98.488|3.078|507469824|539418624|gen_data_e88f2932e5a9cb23|__AUTOMETRIC__
__AUTOMETRIC__|0.1.2|26748|crew_log_c16f6190816157fc|0|1786392710.320|98.176|3.068|507465728|539414528|gen_data_e88f2932e5a9cb23|__AUTOMETRIC__
__AUTOMETRIC__|0.1.2|26748|crew_log_c16f6190816157fc|0|1786392711.329|100.638|3.145|507486208|539435008|gen_data_e88f2932e5a9cb23|__AUTOMETRIC__
__AUTOMETRIC__|0.1.2|26748|crew_log_c16f6190816157fc|0|1786392712.336|96.205|3.006|507457536|539406336|gen_data_e88f2932e5a9cb23|__AUTOMETRIC__
__AUTOMETRIC__|0.1.2|26748|crew_log_c16f6190816157fc|0|1786392713.337|99.881|3.121|507428864|539377664|gen_data_e88f2932e5a9cb23|__AUTOMETRIC__
__AUTOMETRIC__|0.1.2|26748|crew_log_c16f6190816157fc|0|1786392714.343|100.950|3.155|507486208|539435008|gen_data_e88f2932e5a9cb23|__AUTOMETRIC__
__AUTOMETRIC__|0.1.2|26748|crew_log_c16f6190816157fc|0|1786392715.355|95.775|2.993|507432960|539381760|gen_data_e88f2932e5a9cb23|__AUTOMETRIC__
__AUTOMETRIC__|0.1.2|26748|crew_log_c16f6190816157fc|0|1786392716.356|101.440|3.170|507490304|539439104|gen_data_e88f2932e5a9cb23|__AUTOMETRIC__
__AUTOMETRIC__|0.1.2|26748|crew_log_c16f6190816157fc|0|1786392717.370|98.665|3.083|507518976|539467776|gen_data_e88f2932e5a9cb23|__AUTOMETRIC__
__AUTOMETRIC__|0.1.2|26748|crew_log_c16f6190816157fc|0|1786392718.370|99.955|3.124|506560512|538509312|gen_data_e88f2932e5a9cb23|__AUTOMETRIC__
__AUTOMETRIC__|0.1.2|26748|crew_log_c16f6190816157fc|0|1786392719.379|100.637|3.145|507396096|539344896|gen_data_e88f2932e5a9cb23|__AUTOMETRIC__
__AUTOMETRIC__|0.1.2|26748|crew_log_c16f6190816157fc|0|1786392720.381|98.274|3.071|507453440|539402240|gen_data_e88f2932e5a9cb23|__AUTOMETRIC__
__AUTOMETRIC__|0.1.2|26748|crew_log_c16f6190816157fc|0|1786392721.382|99.931|3.123|507408384|539357184|gen_data_e88f2932e5a9cb23|__AUTOMETRIC__
__AUTOMETRIC__|0.1.2|26748|crew_log_c16f6190816157fc|0|1786392722.385|99.705|3.116|507482112|539430912|gen_data_e88f2932e5a9cb23|__AUTOMETRIC__
__AUTOMETRIC__|0.1.2|26748|crew_log_c16f6190816157fc|0|1786392723.399|95.516|2.985|509100032|541069312|gen_data_e88f2932e5a9cb23|__AUTOMETRIC__
__AUTOMETRIC__|0.1.2|26748|crew_log_c16f6190816157fc|0|1786392724.401|99.796|3.119|509284352|541249536|gen_data_e88f2932e5a9cb23|__AUTOMETRIC__
__AUTOMETRIC__|0.1.2|26748|crew_log_c16f6190816157fc|0|1786392725.401|99.950|3.123|509329408|541294592|gen_data_e88f2932e5a9cb23|__AUTOMETRIC__
__AUTOMETRIC__|0.1.2|26748|crew_log_c16f6190816157fc|0|1786392726.414|98.756|3.086|509292544|541257728|gen_data_e88f2932e5a9cb23|__AUTOMETRIC__
__AUTOMETRIC__|0.1.2|26748|crew_log_c16f6190816157fc|0|1786392727.419|101.008|3.156|509300736|541265920|gen_data_e88f2932e5a9cb23|__AUTOMETRIC__
__AUTOMETRIC__|0.1.2|26748|crew_log_c16f6190816157fc|0|1786392728.423|98.106|3.066|509407232|541356032|gen_data_e88f2932e5a9cb23|__AUTOMETRIC__
__AUTOMETRIC__|0.1.2|26748|crew_log_c16f6190816157fc|0|1786392729.429|99.389|3.106|505769984|537759744|gen_data_e88f2932e5a9cb23|__AUTOMETRIC__
__AUTOMETRIC__|0.1.2|26748|crew_log_c16f6190816157fc|0|1786392730.431|98.227|3.070|505798656|537747456|gen_data_e88f2932e5a9cb23|__AUTOMETRIC__
__AUTOMETRIC__|0.1.2|26748|crew_log_c16f6190816157fc|0|1786392731.437|101.009|3.157|505896960|537845760|gen_data_e88f2932e5a9cb23|__AUTOMETRIC__
__AUTOMETRIC__|0.1.2|26748|crew_log_c16f6190816157fc|0|1786392732.440|98.086|3.065|505864192|537812992|gen_data_e88f2932e5a9cb23|__AUTOMETRIC__
__AUTOMETRIC__|0.1.2|26748|crew_log_c16f6190816157fc|0|1786392733.445|99.493|3.109|505860096|537808896|gen_data_e88f2932e5a9cb23|__AUTOMETRIC__
__AUTOMETRIC__|0.1.2|26748|crew_log_c16f6190816157fc|0|1786392734.456|98.963|3.093|505872384|537821184|gen_data_e88f2932e5a9cb23|__AUTOMETRIC__
__AUTOMETRIC__|0.1.2|26748|crew_log_c16f6190816157fc|0|1786392735.458|96.675|3.021|505872384|537821184|gen_data_e88f2932e5a9cb23|__AUTOMETRIC__
__AUTOMETRIC__|0.1.2|26748|crew_log_c16f6190816157fc|0|1786392736.459|98.355|3.074|505868288|537817088|gen_data_e88f2932e5a9cb23|__AUTOMETRIC__
__AUTOMETRIC__|0.1.2|26748|crew_log_c16f6190816157fc|0|1786392737.462|99.713|3.116|505872384|537821184|gen_data_e88f2932e5a9cb23|__AUTOMETRIC__
__AUTOMETRIC__|0.1.2|26748|crew_log_c16f6190816157fc|0|1786392738.468|100.886|3.153|505880576|537829376|gen_data_e88f2932e5a9cb23|__AUTOMETRIC__
__AUTOMETRIC__|0.1.2|26748|crew_log_c16f6190816157fc|0|1786392739.474|97.922|3.060|505872384|537821184|gen_data_e88f2932e5a9cb23|__AUTOMETRIC__
__AUTOMETRIC__|0.1.2|26748|crew_log_c16f6190816157fc|0|1786392740.480|99.369|3.105|505778176|537743360|gen_data_e88f2932e5a9cb23|__AUTOMETRIC__
__AUTOMETRIC__|0.1.2|26748|crew_log_c16f6190816157fc|0|1786392741.485|101.008|3.156|505806848|537772032|gen_data_e88f2932e5a9cb23|__AUTOMETRIC__
__AUTOMETRIC__|0.1.2|26748|crew_log_c16f6190816157fc|0|1786392742.488|96.578|3.018|505815040|537780224|gen_data_e88f2932e5a9cb23|__AUTOMETRIC__
__AUTOMETRIC__|0.1.2|26748|crew_log_c16f6190816157fc|0|1786392743.492|99.605|3.113|505847808|537812992|gen_data_e88f2932e5a9cb23|__AUTOMETRIC__
__AUTOMETRIC__|0.1.2|26748|crew_log_c16f6190816157fc|0|1786392744.507|100.057|3.127|505860096|537825280|gen_data_e88f2932e5a9cb23|__AUTOMETRIC__
__AUTOMETRIC__|0.1.2|26748|crew_log_c16f6190816157fc|0|1786392745.509|95.199|2.975|505831424|537796608|gen_data_e88f2932e5a9cb23|__AUTOMETRIC__
__AUTOMETRIC__|0.1.2|26748|crew_log_c16f6190816157fc|0|1786392746.518|100.657|3.146|505868288|537833472|gen_data_e88f2932e5a9cb23|__AUTOMETRIC__
__AUTOMETRIC__|0.1.2|26748|crew_log_c16f6190816157fc|0|1786392747.529|98.899|3.091|505884672|537849856|gen_data_e88f2932e5a9cb23|__AUTOMETRIC__
__AUTOMETRIC__|0.1.2|26748|crew_log_c16f6190816157fc|0|1786392748.530|98.268|3.071|505888768|537853952|gen_data_e88f2932e5a9cb23|__AUTOMETRIC__
__AUTOMETRIC__|0.1.2|26748|crew_log_c16f6190816157fc|0|1786392749.543|98.733|3.085|505901056|537866240|gen_data_e88f2932e5a9cb23|__AUTOMETRIC__
__AUTOMETRIC__|0.1.2|26748|crew_log_c16f6190816157fc|0|1786392750.556|98.699|3.084|505917440|537866240|gen_data_e88f2932e5a9cb23|__AUTOMETRIC__
__AUTOMETRIC__|0.1.2|26748|crew_log_c16f6190816157fc|0|1786392751.563|100.891|3.153|505548800|537513984|gen_data_e88f2932e5a9cb23|__AUTOMETRIC__
__AUTOMETRIC__|0.1.2|26748|crew_log_c16f6190816157fc|0|1786392752.573|99.053|3.095|505577472|537542656|gen_data_e88f2932e5a9cb23|__AUTOMETRIC__
__AUTOMETRIC__|0.1.2|26748|crew_log_c16f6190816157fc|0|1786392753.576|99.667|3.115|505597952|537563136|gen_data_e88f2932e5a9cb23|__AUTOMETRIC__
__AUTOMETRIC__|0.1.2|26748|crew_log_c16f6190816157fc|0|1786392754.578|99.819|3.119|505643008|537608192|gen_data_e88f2932e5a9cb23|__AUTOMETRIC__
__AUTOMETRIC__|0.1.2|26748|crew_log_c16f6190816157fc|0|1786392755.579|99.884|3.121|505659392|537624576|gen_data_e88f2932e5a9cb23|__AUTOMETRIC__
__AUTOMETRIC__|0.1.2|26748|crew_log_c16f6190816157fc|0|1786392756.592|100.219|3.132|505704448|537669632|gen_data_e88f2932e5a9cb23|__AUTOMETRIC__
__AUTOMETRIC__|0.1.2|26748|crew_log_c16f6190816157fc|0|1786392757.607|98.603|3.081|505688064|537653248|gen_data_e88f2932e5a9cb23|__AUTOMETRIC__
__AUTOMETRIC__|0.1.2|26748|crew_log_c16f6190816157fc|0|1786392758.621|98.623|3.082|505700352|537665536|gen_data_e88f2932e5a9cb23|__AUTOMETRIC__
__AUTOMETRIC__|0.1.2|26748|crew_log_c16f6190816157fc|0|1786392759.634|101.725|3.179|505712640|537677824|gen_data_e88f2932e5a9cb23|__AUTOMETRIC__
__AUTOMETRIC__|0.1.2|26748|crew_log_c16f6190816157fc|0|1786392760.636|96.758|3.024|505741312|537706496|gen_data_e88f2932e5a9cb23|__AUTOMETRIC__
__AUTOMETRIC__|0.1.2|26748|crew_log_c16f6190816157fc|0|1786392761.637|99.864|3.121|505782272|537731072|gen_data_e88f2932e5a9cb23|__AUTOMETRIC__
__AUTOMETRIC__|0.1.2|26748|crew_log_c16f6190816157fc|0|1786392762.640|99.717|3.116|505618432|537571328|gen_data_e88f2932e5a9cb23|__AUTOMETRIC__
__AUTOMETRIC__|0.1.2|26748|crew_log_c16f6190816157fc|0|1786392763.646|99.337|3.104|505679872|537632768|gen_data_e88f2932e5a9cb23|__AUTOMETRIC__
__AUTOMETRIC__|0.1.2|26748|crew_log_c16f6190816157fc|0|1786392764.649|99.758|3.117|505655296|537608192|gen_data_e88f2932e5a9cb23|__AUTOMETRIC__
__AUTOMETRIC__|0.1.2|26748|crew_log_c16f6190816157fc|0|1786392765.650|99.857|3.121|505647104|537600000|gen_data_e88f2932e5a9cb23|__AUTOMETRIC__
__AUTOMETRIC__|0.1.2|26748|crew_log_c16f6190816157fc|0|1786392766.652|98.298|3.072|505729024|537681920|gen_data_e88f2932e5a9cb23|__AUTOMETRIC__
__AUTOMETRIC__|0.1.2|26748|crew_log_c16f6190816157fc|0|1786392767.666|100.110|3.128|505712640|537665536|gen_data_e88f2932e5a9cb23|__AUTOMETRIC__
__AUTOMETRIC__|0.1.2|26748|crew_log_c16f6190816157fc|0|1786392768.671|96.398|3.012|505708544|537661440|gen_data_e88f2932e5a9cb23|__AUTOMETRIC__
__AUTOMETRIC__|0.1.2|26748|crew_log_c16f6190816157fc|0|1786392769.680|99.078|3.096|505790464|537743360|gen_data_e88f2932e5a9cb23|__AUTOMETRIC__
__AUTOMETRIC__|0.1.2|26748|crew_log_c16f6190816157fc|0|1786392770.695|97.029|3.032|505778176|537731072|gen_data_e88f2932e5a9cb23|__AUTOMETRIC__
__AUTOMETRIC__|0.1.2|26748|crew_log_c16f6190816157fc|0|1786392771.699|99.623|3.113|505778176|537731072|gen_data_e88f2932e5a9cb23|__AUTOMETRIC__
__AUTOMETRIC__|0.1.2|26748|crew_log_c16f6190816157fc|0|1786392772.704|102.627|3.207|505634816|537595904|gen_data_e88f2932e5a9cb23|__AUTOMETRIC__
__AUTOMETRIC__|0.1.2|26748|crew_log_c16f6190816157fc|0|1786392773.708|97.963|3.061|505683968|537645056|gen_data_e88f2932e5a9cb23|__AUTOMETRIC__
__AUTOMETRIC__|0.1.2|26748|crew_log_c16f6190816157fc|0|1786392774.716|100.842|3.151|505675776|537636864|gen_data_e88f2932e5a9cb23|__AUTOMETRIC__
__AUTOMETRIC__|0.1.2|26748|crew_log_c16f6190816157fc|0|1786392775.718|99.799|3.119|505696256|537657344|gen_data_e88f2932e5a9cb23|__AUTOMETRIC__
__AUTOMETRIC__|0.1.2|26748|crew_log_c16f6190816157fc|0|1786392776.720|99.765|3.118|505733120|537694208|gen_data_e88f2932e5a9cb23|__AUTOMETRIC__
__AUTOMETRIC__|0.1.2|26748|crew_log_c16f6190816157fc|0|1786392777.725|96.406|3.013|505696256|537657344|gen_data_e88f2932e5a9cb23|__AUTOMETRIC__
__AUTOMETRIC__|0.1.2|26748|crew_log_c16f6190816157fc|0|1786392778.730|94.853|2.964|505692160|537653248|gen_data_e88f2932e5a9cb23|__AUTOMETRIC__
__AUTOMETRIC__|0.1.2|26748|crew_log_c16f6190816157fc|0|1786392779.731|93.612|2.925|505700352|537661440|gen_data_e88f2932e5a9cb23|__AUTOMETRIC__
__AUTOMETRIC__|0.1.2|26748|crew_log_c16f6190816157fc|0|1786392780.731|100.002|3.125|505696256|537657344|gen_data_e88f2932e5a9cb23|__AUTOMETRIC__
__AUTOMETRIC__|0.1.2|26748|crew_log_c16f6190816157fc|0|1786392781.740|97.541|3.048|505704448|537665536|gen_data_e88f2932e5a9cb23|__AUTOMETRIC__
__AUTOMETRIC__|0.1.2|26748|crew_log_c16f6190816157fc|0|1786392782.750|100.610|3.144|505712640|537673728|gen_data_e88f2932e5a9cb23|__AUTOMETRIC__
__AUTOMETRIC__|0.1.2|26748|crew_log_c16f6190816157fc|0|1786392783.752|99.747|3.117|505606144|537554944|gen_data_e88f2932e5a9cb23|__AUTOMETRIC__
__AUTOMETRIC__|0.1.2|26748|crew_log_c16f6190816157fc|0|1786392784.753|99.907|3.122|505675776|537624576|gen_data_e88f2932e5a9cb23|__AUTOMETRIC__
__AUTOMETRIC__|0.1.2|26748|crew_log_c16f6190816157fc|0|1786392785.768|100.097|3.128|505618432|537567232|gen_data_e88f2932e5a9cb23|__AUTOMETRIC__
__AUTOMETRIC__|0.1.2|26748|crew_log_c16f6190816157fc|0|1786392786.782|98.588|3.081|505651200|537600000|gen_data_e88f2932e5a9cb23|__AUTOMETRIC__
__AUTOMETRIC__|0.1.2|26748|crew_log_c16f6190816157fc|0|1786392787.787|99.511|3.110|505659392|537608192|gen_data_e88f2932e5a9cb23|__AUTOMETRIC__
__AUTOMETRIC__|0.1.2|26748|crew_log_c16f6190816157fc|0|1786392788.791|99.575|3.112|505565184|537513984|gen_data_e88f2932e5a9cb23|__AUTOMETRIC__
__AUTOMETRIC__|0.1.2|26748|crew_log_c16f6190816157fc|0|1786392789.795|99.684|3.115|505581568|537534464|gen_data_e88f2932e5a9cb23|__AUTOMETRIC__
__AUTOMETRIC__|0.1.2|26748|crew_log_c16f6190816157fc|0|1786392790.804|99.112|3.097|505622528|537575424|gen_data_e88f2932e5a9cb23|__AUTOMETRIC__
__AUTOMETRIC__|0.1.2|26748|crew_log_c16f6190816157fc|0|1786392791.804|98.377|3.074|505589760|537542656|gen_data_e88f2932e5a9cb23|__AUTOMETRIC__
__AUTOMETRIC__|0.1.2|26748|crew_log_c16f6190816157fc|0|1786392792.810|101.003|3.156|505602048|537554944|gen_data_e88f2932e5a9cb23|__AUTOMETRIC__
__AUTOMETRIC__|0.1.2|26748|crew_log_c16f6190816157fc|0|1786392793.812|98.169|3.068|505610240|537559040|gen_data_e88f2932e5a9cb23|__AUTOMETRIC__
__AUTOMETRIC__|0.1.2|26748|crew_log_c16f6190816157fc|0|1786392794.815|99.735|3.117|505532416|537481216|gen_data_e88f2932e5a9cb23|__AUTOMETRIC__
__AUTOMETRIC__|0.1.2|26748|crew_log_c16f6190816157fc|0|1786392795.826|100.495|3.140|505552896|537501696|gen_data_e88f2932e5a9cb23|__AUTOMETRIC__
__AUTOMETRIC__|0.1.2|26748|crew_log_c16f6190816157fc|0|1786392796.841|99.994|3.125|505565184|537513984|gen_data_e88f2932e5a9cb23|__AUTOMETRIC__
__AUTOMETRIC__|0.1.2|26748|crew_log_c16f6190816157fc|0|1786392797.857|100.042|3.126|505561088|537509888|gen_data_e88f2932e5a9cb23|__AUTOMETRIC__
__AUTOMETRIC__|0.1.2|26748|crew_log_c16f6190816157fc|0|1786392798.870|98.647|3.083|505606144|537554944|gen_data_e88f2932e5a9cb23|__AUTOMETRIC__
__AUTOMETRIC__|0.1.2|26748|crew_log_c16f6190816157fc|0|1786392799.885|101.645|3.176|505565184|537513984|gen_data_e88f2932e5a9cb23|__AUTOMETRIC__
__AUTOMETRIC__|0.1.2|26748|crew_log_c16f6190816157fc|0|1786392800.899|95.508|2.985|505565184|537513984|gen_data_e88f2932e5a9cb23|__AUTOMETRIC__
__AUTOMETRIC__|0.1.2|26748|crew_log_c16f6190816157fc|0|1786392801.901|96.674|3.021|505606144|537554944|gen_data_e88f2932e5a9cb23|__AUTOMETRIC__
__AUTOMETRIC__|0.1.2|26748|crew_log_c16f6190816157fc|0|1786392802.902|99.892|3.122|505610240|537559040|gen_data_e88f2932e5a9cb23|__AUTOMETRIC__
__AUTOMETRIC__|0.1.2|26748|crew_log_c16f6190816157fc|0|1786392803.909|100.923|3.154|505573376|537522176|gen_data_e88f2932e5a9cb23|__AUTOMETRIC__
__AUTOMETRIC__|0.1.2|26748|crew_log_c16f6190816157fc|0|1786392804.915|99.388|3.106|505556992|537505792|gen_data_e88f2932e5a9cb23|__AUTOMETRIC__
__AUTOMETRIC__|0.1.2|26748|crew_log_c16f6190816157fc|0|1786392805.917|99.813|3.119|505569280|537518080|gen_data_e88f2932e5a9cb23|__AUTOMETRIC__
__AUTOMETRIC__|0.1.2|26748|crew_log_c16f6190816157fc|0|1786392806.932|100.074|3.127|505536512|537485312|gen_data_e88f2932e5a9cb23|__AUTOMETRIC__
__AUTOMETRIC__|0.1.2|26748|crew_log_c16f6190816157fc|0|1786392807.933|99.813|3.119|505569280|537518080|gen_data_e88f2932e5a9cb23|__AUTOMETRIC__
__AUTOMETRIC__|0.1.2|26748|crew_log_c16f6190816157fc|0|1786392808.934|98.381|3.074|505577472|537526272|gen_data_e88f2932e5a9cb23|__AUTOMETRIC__
__AUTOMETRIC__|0.1.2|26748|crew_log_c16f6190816157fc|0|1786392809.935|99.867|3.121|505536512|537485312|gen_data_e88f2932e5a9cb23|__AUTOMETRIC__
__AUTOMETRIC__|0.1.2|26748|crew_log_c16f6190816157fc|0|1786392810.949|97.151|3.036|505569280|537518080|gen_data_e88f2932e5a9cb23|__AUTOMETRIC__
__AUTOMETRIC__|0.1.2|26748|crew_log_c16f6190816157fc|0|1786392811.953|101.121|3.160|505573376|537522176|gen_data_e88f2932e5a9cb23|__AUTOMETRIC__
__AUTOMETRIC__|0.1.2|26748|crew_log_c16f6190816157fc|0|1786392812.963|97.443|3.045|505544704|537493504|gen_data_e88f2932e5a9cb23|__AUTOMETRIC__
__AUTOMETRIC__|0.1.2|26748|crew_log_c16f6190816157fc|0|1786392813.970|100.832|3.151|505577472|537526272|gen_data_e88f2932e5a9cb23|__AUTOMETRIC__
__AUTOMETRIC__|0.1.2|26748|crew_log_c16f6190816157fc|0|1786392814.978|99.278|3.102|505495552|537444352|gen_data_e88f2932e5a9cb23|__AUTOMETRIC__
__AUTOMETRIC__|0.1.2|26748|crew_log_c16f6190816157fc|0|1786392815.984|100.948|3.155|505483264|537432064|gen_data_e88f2932e5a9cb23|__AUTOMETRIC__
__AUTOMETRIC__|0.1.2|26748|crew_log_c16f6190816157fc|0|1786392816.989|99.451|3.108|505511936|537460736|gen_data_e88f2932e5a9cb23|__AUTOMETRIC__
__AUTOMETRIC__|0.1.2|26748|crew_log_c16f6190816157fc|0|1786392817.995|97.860|3.058|505532416|537481216|gen_data_e88f2932e5a9cb23|__AUTOMETRIC__
__AUTOMETRIC__|0.1.2|26748|crew_log_c16f6190816157fc|0|1786392819.001|102.496|3.203|505581568|537530368|gen_data_e88f2932e5a9cb23|__AUTOMETRIC__
__AUTOMETRIC__|0.1.2|26748|crew_log_c16f6190816157fc|0|1786392820.012|98.898|3.091|505610240|537559040|gen_data_e88f2932e5a9cb23|__AUTOMETRIC__
__AUTOMETRIC__|0.1.2|26748|crew_log_c16f6190816157fc|0|1786392821.018|97.909|3.060|505593856|537542656|gen_data_e88f2932e5a9cb23|__AUTOMETRIC__
__AUTOMETRIC__|0.1.2|26748|crew_log_c16f6190816157fc|0|1786392822.024|99.353|3.105|505561088|537509888|gen_data_e88f2932e5a9cb23|__AUTOMETRIC__
__AUTOMETRIC__|0.1.2|26748|crew_log_c16f6190816157fc|0|1786392823.031|100.890|3.153|505597952|537546752|gen_data_e88f2932e5a9cb23|__AUTOMETRIC__
__AUTOMETRIC__|0.1.2|26748|crew_log_c16f6190816157fc|0|1786392824.040|99.107|3.097|505630720|537579520|gen_data_e88f2932e5a9cb23|__AUTOMETRIC__
__AUTOMETRIC__|0.1.2|26748|crew_log_c16f6190816157fc|0|1786392825.047|97.749|3.055|505561088|537509888|gen_data_e88f2932e5a9cb23|__AUTOMETRIC__
__AUTOMETRIC__|0.1.2|26748|crew_log_c16f6190816157fc|0|1786392826.056|97.574|3.049|505462784|537427968|gen_data_e88f2932e5a9cb23|__AUTOMETRIC__
__AUTOMETRIC__|0.1.2|26748|crew_log_c16f6190816157fc|0|1786392827.059|98.112|3.066|505466880|537432064|gen_data_e88f2932e5a9cb23|__AUTOMETRIC__
__AUTOMETRIC__|0.1.2|26748|crew_log_c16f6190816157fc|0|1786392828.062|98.155|3.067|505450496|537415680|gen_data_e88f2932e5a9cb23|__AUTOMETRIC__
__AUTOMETRIC__|0.1.2|26748|crew_log_c16f6190816157fc|0|1786392829.067|99.530|3.110|505511936|537477120|gen_data_e88f2932e5a9cb23|__AUTOMETRIC__
__AUTOMETRIC__|0.1.2|26748|crew_log_c16f6190816157fc|0|1786392830.080|100.280|3.134|505532416|537497600|gen_data_e88f2932e5a9cb23|__AUTOMETRIC__
__AUTOMETRIC__|0.1.2|26748|crew_log_c16f6190816157fc|0|1786392831.082|99.790|3.118|505520128|537485312|gen_data_e88f2932e5a9cb23|__AUTOMETRIC__
__AUTOMETRIC__|0.1.2|26748|crew_log_c16f6190816157fc|0|1786392832.086|99.609|3.113|505581568|537546752|gen_data_e88f2932e5a9cb23|__AUTOMETRIC__
__AUTOMETRIC__|0.1.2|26748|crew_log_c16f6190816157fc|0|1786392833.093|97.707|3.053|505602048|537567232|gen_data_e88f2932e5a9cb23|__AUTOMETRIC__
__AUTOMETRIC__|0.1.2|26748|crew_log_c16f6190816157fc|0|1786392834.106|97.154|3.036|505597952|537563136|gen_data_e88f2932e5a9cb23|__AUTOMETRIC__
__AUTOMETRIC__|0.1.2|26748|crew_log_c16f6190816157fc|0|1786392835.107|95.223|2.976|505610240|537575424|gen_data_e88f2932e5a9cb23|__AUTOMETRIC__
__AUTOMETRIC__|0.1.2|26748|crew_log_c16f6190816157fc|0|1786392836.112|99.577|3.112|505503744|537456640|gen_data_e88f2932e5a9cb23|__AUTOMETRIC__
__AUTOMETRIC__|0.1.2|26748|crew_log_c16f6190816157fc|0|1786392837.119|99.293|3.103|505491456|537444352|gen_data_e88f2932e5a9cb23|__AUTOMETRIC__
__AUTOMETRIC__|0.1.2|26748|crew_log_c16f6190816157fc|0|1786392838.130|100.428|3.138|505507840|537460736|gen_data_e88f2932e5a9cb23|__AUTOMETRIC__
__AUTOMETRIC__|0.1.2|26748|crew_log_c16f6190816157fc|0|1786392839.145|100.085|3.128|505528320|537481216|gen_data_e88f2932e5a9cb23|__AUTOMETRIC__
__AUTOMETRIC__|0.1.2|26748|crew_log_c16f6190816157fc|0|1786392840.148|99.639|3.114|505516032|537468928|gen_data_e88f2932e5a9cb23|__AUTOMETRIC__
__AUTOMETRIC__|0.1.2|26748|crew_log_c16f6190816157fc|0|1786392841.156|100.758|3.149|505528320|537481216|gen_data_e88f2932e5a9cb23|__AUTOMETRIC__
__AUTOMETRIC__|0.1.2|26748|crew_log_c16f6190816157fc|0|1786392842.160|98.061|3.064|505561088|537513984|gen_data_e88f2932e5a9cb23|__AUTOMETRIC__
__AUTOMETRIC__|0.1.2|26748|crew_log_c16f6190816157fc|0|1786392843.164|99.592|3.112|505552896|537505792|gen_data_e88f2932e5a9cb23|__AUTOMETRIC__
__AUTOMETRIC__|0.1.2|26748|crew_log_c16f6190816157fc|0|1786392844.173|100.701|3.147|505520128|537473024|gen_data_e88f2932e5a9cb23|__AUTOMETRIC__
__AUTOMETRIC__|0.1.2|26748|crew_log_c16f6190816157fc|0|1786392845.174|99.906|3.122|505573376|537526272|gen_data_e88f2932e5a9cb23|__AUTOMETRIC__
__AUTOMETRIC__|0.1.2|26748|crew_log_c16f6190816157fc|0|1786392846.189|100.034|3.126|505380864|537341952|gen_data_e88f2932e5a9cb23|__AUTOMETRIC__
__AUTOMETRIC__|0.1.2|26748|crew_log_c16f6190816157fc|0|1786392847.198|99.072|3.096|505446400|537395200|gen_data_e88f2932e5a9cb23|__AUTOMETRIC__
__AUTOMETRIC__|0.1.2|26748|crew_log_c16f6190816157fc|0|1786392848.208|99.075|3.096|505454592|537403392|gen_data_e88f2932e5a9cb23|__AUTOMETRIC__
__AUTOMETRIC__|0.1.2|26748|crew_log_c16f6190816157fc|0|1786392849.216|100.757|3.149|505495552|537444352|gen_data_e88f2932e5a9cb23|__AUTOMETRIC__
__AUTOMETRIC__|0.1.2|26748|crew_log_c16f6190816157fc|0|1786392850.224|99.216|3.101|505511936|537460736|gen_data_e88f2932e5a9cb23|__AUTOMETRIC__
__AUTOMETRIC__|0.1.2|26748|crew_log_c16f6190816157fc|0|1786392851.227|99.647|3.114|505524224|537473024|gen_data_e88f2932e5a9cb23|__AUTOMETRIC__
__AUTOMETRIC__|0.1.2|26748|crew_log_c16f6190816157fc|0|1786392852.236|100.628|3.145|505503744|537456640|gen_data_e88f2932e5a9cb23|__AUTOMETRIC__
__AUTOMETRIC__|0.1.2|26748|crew_log_c16f6190816157fc|0|1786392853.244|97.746|3.055|505540608|537493504|gen_data_e88f2932e5a9cb23|__AUTOMETRIC__
__AUTOMETRIC__|0.1.2|26748|crew_log_c16f6190816157fc|0|1786392854.251|100.788|3.150|505524224|537477120|gen_data_e88f2932e5a9cb23|__AUTOMETRIC__
__AUTOMETRIC__|0.1.2|26748|crew_log_c16f6190816157fc|0|1786392855.252|99.897|3.122|505516032|537468928|gen_data_e88f2932e5a9cb23|__AUTOMETRIC__
__AUTOMETRIC__|0.1.2|26748|crew_log_c16f6190816157fc|0|1786392856.267|100.085|3.128|505524224|537473024|gen_data_e88f2932e5a9cb23|__AUTOMETRIC__
__AUTOMETRIC__|0.1.2|26748|crew_log_c16f6190816157fc|0|1786392857.273|94.722|2.960|505483264|537432064|gen_data_e88f2932e5a9cb23|__AUTOMETRIC__
__AUTOMETRIC__|0.1.2|26748|crew_log_c16f6190816157fc|0|1786392858.281|100.733|3.148|505475072|537423872|gen_data_e88f2932e5a9cb23|__AUTOMETRIC__
__AUTOMETRIC__|0.1.2|26748|crew_log_c16f6190816157fc|0|1786392859.292|98.991|3.093|505483264|537432064|gen_data_e88f2932e5a9cb23|__AUTOMETRIC__
__AUTOMETRIC__|0.1.2|26748|crew_log_c16f6190816157fc|0|1786392860.297|104.127|3.254|505483264|537432064|gen_data_e88f2932e5a9cb23|__AUTOMETRIC__
__AUTOMETRIC__|0.1.2|26748|crew_log_c16f6190816157fc|0|1786392861.299|98.237|3.070|505479168|537427968|gen_data_e88f2932e5a9cb23|__AUTOMETRIC__
__AUTOMETRIC__|0.1.2|26748|crew_log_c16f6190816157fc|0|1786392862.300|99.937|3.123|505475072|537423872|gen_data_e88f2932e5a9cb23|__AUTOMETRIC__
__AUTOMETRIC__|0.1.2|26748|crew_log_c16f6190816157fc|0|1786392863.303|98.069|3.065|505540608|537489408|gen_data_e88f2932e5a9cb23|__AUTOMETRIC__
__AUTOMETRIC__|0.1.2|26748|crew_log_c16f6190816157fc|0|1786392864.306|99.730|3.117|505479168|537427968|gen_data_e88f2932e5a9cb23|__AUTOMETRIC__
__AUTOMETRIC__|0.1.2|26748|crew_log_c16f6190816157fc|0|1786392865.317|100.520|3.141|505556992|537505792|gen_data_e88f2932e5a9cb23|__AUTOMETRIC__
__AUTOMETRIC__|0.1.2|26748|crew_log_c16f6190816157fc|0|1786392866.319|99.749|3.117|505540608|537489408|gen_data_e88f2932e5a9cb23|__AUTOMETRIC__
__AUTOMETRIC__|0.1.2|26748|crew_log_c16f6190816157fc|0|1786392867.333|100.141|3.129|505356288|537305088|gen_data_e88f2932e5a9cb23|__AUTOMETRIC__
__AUTOMETRIC__|0.1.2|26748|crew_log_c16f6190816157fc|0|1786392868.340|100.878|3.152|505401344|537350144|gen_data_e88f2932e5a9cb23|__AUTOMETRIC__
__AUTOMETRIC__|0.1.2|26748|crew_log_c16f6190816157fc|0|1786392869.345|99.545|3.111|505458688|537407488|gen_data_e88f2932e5a9cb23|__AUTOMETRIC__
__AUTOMETRIC__|0.1.2|26748|crew_log_c16f6190816157fc|0|1786392870.347|98.179|3.068|505425920|537374720|gen_data_e88f2932e5a9cb23|__AUTOMETRIC__
__AUTOMETRIC__|0.1.2|26748|crew_log_c16f6190816157fc|0|1786392871.362|100.069|3.127|505516032|537464832|gen_data_e88f2932e5a9cb23|__AUTOMETRIC__
__AUTOMETRIC__|0.1.2|26748|crew_log_c16f6190816157fc|0|1786392872.373|100.436|3.139|505507840|537456640|gen_data_e88f2932e5a9cb23|__AUTOMETRIC__
__AUTOMETRIC__|0.1.2|26748|crew_log_c16f6190816157fc|0|1786392873.387|100.196|3.131|505524224|537473024|gen_data_e88f2932e5a9cb23|__AUTOMETRIC__
__AUTOMETRIC__|0.1.2|26748|crew_log_c16f6190816157fc|0|1786392874.402|98.539|3.079|505552896|537501696|gen_data_e88f2932e5a9cb23|__AUTOMETRIC__
__AUTOMETRIC__|0.1.2|26748|crew_log_c16f6190816157fc|0|1786392875.414|98.792|3.087|505585664|537534464|gen_data_e88f2932e5a9cb23|__AUTOMETRIC__
__AUTOMETRIC__|0.1.2|26748|crew_log_c16f6190816157fc|0|1786392876.428|100.209|3.132|505548800|537497600|gen_data_e88f2932e5a9cb23|__AUTOMETRIC__
__AUTOMETRIC__|0.1.2|26748|crew_log_c16f6190816157fc|0|1786392877.434|97.823|3.057|505532416|537481216|gen_data_e88f2932e5a9cb23|__AUTOMETRIC__
__AUTOMETRIC__|0.1.2|26748|crew_log_c16f6190816157fc|0|1786392878.447|100.217|3.132|505540608|537489408|gen_data_e88f2932e5a9cb23|__AUTOMETRIC__
__AUTOMETRIC__|0.1.2|26748|crew_log_c16f6190816157fc|0|1786392879.453|100.994|3.156|505540608|537489408|gen_data_e88f2932e5a9cb23|__AUTOMETRIC__
__AUTOMETRIC__|0.1.2|26748|crew_log_c16f6190816157fc|0|1786392880.458|99.456|3.108|505544704|537493504|gen_data_e88f2932e5a9cb23|__AUTOMETRIC__
__AUTOMETRIC__|0.1.2|26748|crew_log_c16f6190816157fc|0|1786392881.470|100.443|3.139|505782272|537731072|gen_data_e88f2932e5a9cb23|__AUTOMETRIC__
__AUTOMETRIC__|0.1.2|26748|crew_log_c16f6190816157fc|0|1786392882.484|98.541|3.079|505565184|537513984|gen_data_e88f2932e5a9cb23|__AUTOMETRIC__
__AUTOMETRIC__|0.1.2|26748|crew_log_c16f6190816157fc|0|1786392883.488|99.627|3.113|505602048|537550848|gen_data_e88f2932e5a9cb23|__AUTOMETRIC__
__AUTOMETRIC__|0.1.2|26748|crew_log_c16f6190816157fc|0|1786392884.502|100.159|3.130|505569280|537518080|gen_data_e88f2932e5a9cb23|__AUTOMETRIC__
__AUTOMETRIC__|0.1.2|26748|crew_log_c16f6190816157fc|0|1786392885.517|98.538|3.079|505593856|537542656|gen_data_e88f2932e5a9cb23|__AUTOMETRIC__
__AUTOMETRIC__|0.1.2|26748|crew_log_c16f6190816157fc|0|1786392886.531|98.622|3.082|505602048|537550848|gen_data_e88f2932e5a9cb23|__AUTOMETRIC__
__AUTOMETRIC__|0.1.2|26748|crew_log_c16f6190816157fc|0|1786392887.544|97.159|3.036|505552896|537522176|gen_data_e88f2932e5a9cb23|__AUTOMETRIC__
__AUTOMETRIC__|0.1.2|26748|crew_log_c16f6190816157fc|0|1786392888.558|100.171|3.130|505516032|537485312|gen_data_e88f2932e5a9cb23|__AUTOMETRIC__
__AUTOMETRIC__|0.1.2|26748|crew_log_c16f6190816157fc|0|1786392889.561|99.716|3.116|505532416|537501696|gen_data_e88f2932e5a9cb23|__AUTOMETRIC__
__AUTOMETRIC__|0.1.2|26748|crew_log_c16f6190816157fc|0|1786392890.563|99.781|3.118|505573376|537542656|gen_data_e88f2932e5a9cb23|__AUTOMETRIC__
__AUTOMETRIC__|0.1.2|26748|crew_log_c16f6190816157fc|0|1786392891.565|98.216|3.069|505528320|537497600|gen_data_e88f2932e5a9cb23|__AUTOMETRIC__
__AUTOMETRIC__|0.1.2|26748|crew_log_c16f6190816157fc|0|1786392892.576|100.441|3.139|505569280|537538560|gen_data_e88f2932e5a9cb23|__AUTOMETRIC__
__AUTOMETRIC__|0.1.2|26748|crew_log_c16f6190816157fc|0|1786392893.592|100.042|3.126|505622528|537591808|gen_data_e88f2932e5a9cb23|__AUTOMETRIC__
__AUTOMETRIC__|0.1.2|26748|crew_log_c16f6190816157fc|0|1786392894.606|98.615|3.082|505606144|537575424|gen_data_e88f2932e5a9cb23|__AUTOMETRIC__
__AUTOMETRIC__|0.1.2|26748|crew_log_c16f6190816157fc|0|1786392895.609|101.186|3.162|505667584|537636864|gen_data_e88f2932e5a9cb23|__AUTOMETRIC__
__AUTOMETRIC__|0.1.2|26748|crew_log_c16f6190816157fc|0|1786392896.625|100.032|3.126|505704448|537653248|gen_data_e88f2932e5a9cb23|__AUTOMETRIC__
__AUTOMETRIC__|0.1.2|26748|crew_log_c16f6190816157fc|0|1786392897.626|99.903|3.122|505597952|537546752|gen_data_e88f2932e5a9cb23|__AUTOMETRIC__
__AUTOMETRIC__|0.1.2|26748|crew_log_c16f6190816157fc|0|1786392898.636|100.552|3.142|505659392|537608192|gen_data_e88f2932e5a9cb23|__AUTOMETRIC__
__AUTOMETRIC__|0.1.2|26748|crew_log_c16f6190816157fc|0|1786392899.639|98.095|3.065|505712640|537661440|gen_data_e88f2932e5a9cb23|__AUTOMETRIC__
__AUTOMETRIC__|0.1.2|26748|crew_log_c16f6190816157fc|0|1786392900.642|98.213|3.069|505696256|537645056|gen_data_e88f2932e5a9cb23|__AUTOMETRIC__
__AUTOMETRIC__|0.1.2|26748|crew_log_c16f6190816157fc|0|1786392901.646|99.582|3.112|505708544|537657344|gen_data_e88f2932e5a9cb23|__AUTOMETRIC__
__AUTOMETRIC__|0.1.2|26748|crew_log_c16f6190816157fc|0|1786392902.649|99.684|3.115|505692160|537640960|gen_data_e88f2932e5a9cb23|__AUTOMETRIC__
__AUTOMETRIC__|0.1.2|26748|crew_log_c16f6190816157fc|0|1786392903.656|99.272|3.102|505679872|537628672|gen_data_e88f2932e5a9cb23|__AUTOMETRIC__
__AUTOMETRIC__|0.1.2|26748|crew_log_c16f6190816157fc|0|1786392904.667|97.424|3.045|505704448|537653248|gen_data_e88f2932e5a9cb23|__AUTOMETRIC__
__AUTOMETRIC__|0.1.2|26748|crew_log_c16f6190816157fc|0|1786392905.668|98.255|3.070|505720832|537669632|gen_data_e88f2932e5a9cb23|__AUTOMETRIC__
__AUTOMETRIC__|0.1.2|26748|crew_log_c16f6190816157fc|0|1786392906.668|98.442|3.076|505733120|537681920|gen_data_e88f2932e5a9cb23|__AUTOMETRIC__
__AUTOMETRIC__|0.1.2|26748|crew_log_c16f6190816157fc|0|1786392907.672|98.119|3.066|505651200|537604096|gen_data_e88f2932e5a9cb23|__AUTOMETRIC__
__AUTOMETRIC__|0.1.2|26748|crew_log_c16f6190816157fc|0|1786392908.672|96.841|3.026|505700352|537653248|gen_data_e88f2932e5a9cb23|__AUTOMETRIC__
__AUTOMETRIC__|0.1.2|26748|crew_log_c16f6190816157fc|0|1786392909.672|99.980|3.124|505683968|537636864|gen_data_e88f2932e5a9cb23|__AUTOMETRIC__
__AUTOMETRIC__|0.1.2|26748|crew_log_c16f6190816157fc|0|1786392910.676|98.091|3.065|505659392|537612288|gen_data_e88f2932e5a9cb23|__AUTOMETRIC__
__AUTOMETRIC__|0.1.2|26748|crew_log_c16f6190816157fc|0|1786392911.689|100.257|3.133|505679872|537632768|gen_data_e88f2932e5a9cb23|__AUTOMETRIC__
__AUTOMETRIC__|0.1.2|26748|crew_log_c16f6190816157fc|0|1786392912.689|90.597|2.831|510013440|542359552|__DEFAULT__|__AUTOMETRIC__
__AUTOMETRIC__|0.1.2|26748|crew_log_c16f6190816157fc|0|1786392913.700|0.000|0.000|505077760|537030656|__DEFAULT__|__AUTOMETRIC__
__AUTOMETRIC__|0.1.2|26748|crew_log_c16f6190816157fc|0|1786392914.701|0.000|0.000|505077760|537030656|__DEFAULT__|__AUTOMETRIC__
__AUTOMETRIC__|0.1.2|26748|crew_log_c16f6190816157fc|0|1786392915.708|0.000|0.000|504778752|536731648|__DEFAULT__|__AUTOMETRIC__
__AUTOMETRIC__|0.1.2|26748|crew_log_c16f6190816157fc|0|1786392916.710|62.345|1.948|679743488|712167424|compiled_brms_models_a890b6595d9733b2|__AUTOMETRIC__
__AUTOMETRIC__|0.1.2|26748|crew_log_c16f6190816157fc|0|1786392917.712|99.850|3.120|829710336|862523392|compiled_brms_models_a890b6595d9733b2|__AUTOMETRIC__
__AUTOMETRIC__|0.1.2|26748|crew_log_c16f6190816157fc|0|1786392918.712|98.416|3.076|1150021632|1183731712|compiled_brms_models_a890b6595d9733b2|__AUTOMETRIC__
__AUTOMETRIC__|0.1.2|26748|crew_log_c16f6190816157fc|0|1786392919.715|112.202|3.506|1441226752|1474150400|compiled_brms_models_a890b6595d9733b2|__AUTOMETRIC__
__AUTOMETRIC__|0.1.2|26748|crew_log_c16f6190816157fc|0|1786392920.723|120.912|3.778|1544839168|1567272960|compiled_brms_models_a890b6595d9733b2|__AUTOMETRIC__
__AUTOMETRIC__|0.1.2|26748|crew_log_c16f6190816157fc|0|1786392970.116|6.186|0.193|1490718720|1511280640|compiled_brms_models_a890b6595d9733b2|__AUTOMETRIC__
__AUTOMETRIC__|0.1.2|26748|crew_log_c16f6190816157fc|0|1786392971.127|72.618|2.269|1570275328|1590726656|compiled_brms_models_a890b6595d9733b2|__AUTOMETRIC__
__AUTOMETRIC__|0.1.2|26748|crew_log_c16f6190816157fc|0|1786392972.141|100.168|3.130|1588330496|1609162752|compiled_brms_models_a890b6595d9733b2|__AUTOMETRIC__
__AUTOMETRIC__|0.1.2|26748|crew_log_c16f6190816157fc|0|1786392973.150|95.997|3.000|1934585856|1955893248|compiled_brms_models_bd4b56ca5add0235|__AUTOMETRIC__
__AUTOMETRIC__|0.1.2|26748|crew_log_c16f6190816157fc|0|1786392974.157|99.352|3.105|1903570944|1924685824|compiled_brms_models_bd4b56ca5add0235|__AUTOMETRIC__
__AUTOMETRIC__|0.1.2|26748|crew_log_c16f6190816157fc|0|1786393021.543|6.177|0.193|1885790208|1906696192|compiled_brms_models_bd4b56ca5add0235|__AUTOMETRIC__
__AUTOMETRIC__|0.1.2|26748|crew_log_c16f6190816157fc|0|1786393022.551|75.932|2.373|2139041792|2160291840|compiled_brms_models_bd4b56ca5add0235|__AUTOMETRIC__
__AUTOMETRIC__|0.1.2|26748|crew_log_c16f6190816157fc|0|1786393023.552|99.864|3.121|2153566208|2175000576|compiled_brms_models_bd4b56ca5add0235|__AUTOMETRIC__
__AUTOMETRIC__|0.1.2|26748|crew_log_c16f6190816157fc|0|1786393024.566|95.526|2.985|2255630336|2276880384|compiled_brms_models_d95e25707b0821d3|__AUTOMETRIC__
__AUTOMETRIC__|0.1.2|26748|crew_log_c16f6190816157fc|0|1786393025.580|100.228|3.132|2033725440|2056929280|compiled_brms_models_d95e25707b0821d3|__AUTOMETRIC__
__AUTOMETRIC__|0.1.2|26748|crew_log_c16f6190816157fc|0|1786393073.985|7.798|0.244|1990701056|2013712384|compiled_brms_models_d95e25707b0821d3|__AUTOMETRIC__
__AUTOMETRIC__|0.1.2|26748|crew_log_c16f6190816157fc|0|1786393075.001|60.008|1.875|2040643584|2063847424|compiled_brms_models_d95e25707b0821d3|__AUTOMETRIC__
__AUTOMETRIC__|0.1.2|26748|crew_log_c16f6190816157fc|0|1786393076.002|99.856|3.120|2049253376|2071928832|compiled_brms_models_d95e25707b0821d3|__AUTOMETRIC__
__AUTOMETRIC__|0.1.2|26748|crew_log_c16f6190816157fc|0|1786393077.011|100.657|3.146|2145628160|2168217600|compiled_brms_models_58b581e910497f08|__AUTOMETRIC__
__AUTOMETRIC__|0.1.2|26748|crew_log_c16f6190816157fc|0|1786393078.017|99.414|3.107|2103975936|2127360000|compiled_brms_models_58b581e910497f08|__AUTOMETRIC__
__AUTOMETRIC__|0.1.2|26748|crew_log_c16f6190816157fc|0|1786393125.478|4.619|0.144|1977774080|2000875520|compiled_brms_models_58b581e910497f08|__AUTOMETRIC__
__AUTOMETRIC__|0.1.2|26748|crew_log_c16f6190816157fc|0|1786393126.488|49.516|1.547|1983660032|2006351872|compiled_brms_models_58b581e910497f08|__AUTOMETRIC__
__AUTOMETRIC__|0.1.2|26748|crew_log_c16f6190816157fc|0|1786393127.502|98.612|3.082|2030907392|2053681152|compiled_brms_models_58b581e910497f08|__AUTOMETRIC__
__AUTOMETRIC__|0.1.2|26748|crew_log_c16f6190816157fc|0|1786393128.516|92.441|2.889|2135961600|2158809088|compiled_brms_models_bdc42720cfd5494e|__AUTOMETRIC__
__AUTOMETRIC__|0.1.2|26748|crew_log_c16f6190816157fc|0|1786393129.521|99.515|3.110|2089689088|2113077248|compiled_brms_models_bdc42720cfd5494e|__AUTOMETRIC__
__AUTOMETRIC__|0.1.2|26748|crew_log_c16f6190816157fc|0|1786393169.831|3.098|0.097|1985802240|2008711168|compiled_brms_models_bdc42720cfd5494e|__AUTOMETRIC__
__AUTOMETRIC__|0.1.2|26748|crew_log_c16f6190816157fc|0|1786393170.842|52.575|1.643|2023514112|2047049728|compiled_brms_models_bdc42720cfd5494e|__AUTOMETRIC__
__AUTOMETRIC__|0.1.2|26748|crew_log_c16f6190816157fc|0|1786393171.856|98.570|3.080|2048634880|2071289856|compiled_brms_models_bdc42720cfd5494e|__AUTOMETRIC__
__AUTOMETRIC__|0.1.2|26748|crew_log_c16f6190816157fc|0|1786393172.857|40.591|1.268|2122162176|2145161216|sim_data_345e031ce91f1b82|__AUTOMETRIC__
__AUTOMETRIC__|0.1.2|26748|crew_log_c16f6190816157fc|0|1786393173.862|99.516|3.110|2080301056|2102403072|sim_data_345e031ce91f1b82|__AUTOMETRIC__
__AUTOMETRIC__|0.1.2|26748|crew_log_c16f6190816157fc|0|1786393174.869|100.898|3.153|2085363712|2107367424|sim_data_345e031ce91f1b82|__AUTOMETRIC__
__AUTOMETRIC__|0.1.2|26748|crew_log_c16f6190816157fc|0|1786393175.873|102.694|3.209|1756131328|1778118656|sim_data_345e031ce91f1b82|__AUTOMETRIC__
__AUTOMETRIC__|0.1.2|26748|crew_log_c16f6190816157fc|0|1786393176.882|99.057|3.096|2126184448|2148171776|sim_data_345e031ce91f1b82|__AUTOMETRIC__
__AUTOMETRIC__|0.1.2|26748|crew_log_c16f6190816157fc|0|1786393177.895|100.338|3.136|2566062080|2589294592|sim_data_345e031ce91f1b82|__AUTOMETRIC__
__AUTOMETRIC__|0.1.2|26748|crew_log_c16f6190816157fc|0|1786393178.901|100.864|3.152|2767409152|2791161856|sim_data_345e031ce91f1b82|__AUTOMETRIC__
__AUTOMETRIC__|0.1.2|26748|crew_log_c16f6190816157fc|0|1786393179.916|100.153|3.130|3094913024|3119362048|sim_data_345e031ce91f1b82|__AUTOMETRIC__
__AUTOMETRIC__|0.1.2|26748|crew_log_c16f6190816157fc|0|1786393180.931|99.980|3.124|3324690432|3349733376|sim_data_345e031ce91f1b82|__AUTOMETRIC__
__AUTOMETRIC__|0.1.2|26748|crew_log_c16f6190816157fc|0|1786393181.938|99.349|3.105|3742629888|3768553472|sim_data_345e031ce91f1b82|__AUTOMETRIC__
__AUTOMETRIC__|0.1.2|26748|crew_log_c16f6190816157fc|0|1786393182.947|100.630|3.145|3742638080|3768561664|sim_data_345e031ce91f1b82|__AUTOMETRIC__
__AUTOMETRIC__|0.1.2|26748|crew_log_c16f6190816157fc|0|1786393183.962|100.112|3.129|215494656|243453952|sim_data_345e031ce91f1b82|__AUTOMETRIC__
__AUTOMETRIC__|0.1.2|26748|crew_log_c16f6190816157fc|0|1786393184.966|101.173|3.162|215220224|243113984|sim_data_345e031ce91f1b82|__AUTOMETRIC__
__AUTOMETRIC__|0.1.2|26748|crew_log_c16f6190816157fc|0|1786393185.973|97.701|3.053|470982656|499859456|sim_data_345e031ce91f1b82|__AUTOMETRIC__
__AUTOMETRIC__|0.1.2|26748|crew_log_c16f6190816157fc|0|1786393186.979|99.443|3.108|1138622464|1169207296|sim_data_345e031ce91f1b82|__AUTOMETRIC__
__AUTOMETRIC__|0.1.2|26748|crew_log_c16f6190816157fc|0|1786393187.988|99.120|3.097|1138216960|1168474112|sim_data_345e031ce91f1b82|__AUTOMETRIC__
__AUTOMETRIC__|0.1.2|26748|crew_log_c16f6190816157fc|0|1786393188.994|100.893|3.153|1138212864|1168470016|sim_data_345e031ce91f1b82|__AUTOMETRIC__
__AUTOMETRIC__|0.1.2|26748|crew_log_c16f6190816157fc|0|1786393189.996|98.249|3.070|2082799616|2115485696|sim_data_345e031ce91f1b82|__AUTOMETRIC__
__AUTOMETRIC__|0.1.2|26748|crew_log_c16f6190816157fc|0|1786393191.010|98.641|3.083|2240585728|2273808384|sim_data_345e031ce91f1b82|__AUTOMETRIC__
__AUTOMETRIC__|0.1.2|26748|crew_log_c16f6190816157fc|0|1786393192.011|103.000|3.219|2240143360|2273234944|sim_data_345e031ce91f1b82|__AUTOMETRIC__
__AUTOMETRIC__|0.1.2|26748|crew_log_c16f6190816157fc|0|1786393193.024|98.769|3.087|2240151552|2273243136|sim_data_345e031ce91f1b82|__AUTOMETRIC__
__AUTOMETRIC__|0.1.2|26748|crew_log_c16f6190816157fc|0|1786393194.028|99.517|3.110|2883137536|2917888000|sim_data_345e031ce91f1b82|__AUTOMETRIC__
__AUTOMETRIC__|0.1.2|26748|crew_log_c16f6190816157fc|0|1786393195.042|97.114|3.035|3574353920|3611848704|sim_data_345e031ce91f1b82|__AUTOMETRIC__
__AUTOMETRIC__|0.1.2|26748|crew_log_c16f6190816157fc|0|1786393196.059|99.913|3.122|3573940224|3611435008|sim_data_345e031ce91f1b82|__AUTOMETRIC__
__AUTOMETRIC__|0.1.2|26748|crew_log_c16f6190816157fc|0|1786393197.075|101.454|3.170|3573682176|3611176960|sim_data_345e031ce91f1b82|__AUTOMETRIC__
__AUTOMETRIC__|0.1.2|26748|crew_log_c16f6190816157fc|0|1786393198.078|99.664|3.115|3573469184|3610963968|sim_data_345e031ce91f1b82|__AUTOMETRIC__
__AUTOMETRIC__|0.1.2|26748|crew_log_c16f6190816157fc|0|1786393199.083|97.982|3.062|4233121792|4272709632|sim_data_345e031ce91f1b82|__AUTOMETRIC__
__AUTOMETRIC__|0.1.2|26748|crew_log_c16f6190816157fc|0|1786393200.096|100.254|3.133|865611776|907329536|sim_data_345e031ce91f1b82|__AUTOMETRIC__
__AUTOMETRIC__|0.1.2|26748|crew_log_c16f6190816157fc|0|1786393201.106|100.580|3.143|870842368|912441344|sim_data_345e031ce91f1b82|__AUTOMETRIC__
__AUTOMETRIC__|0.1.2|26748|crew_log_c16f6190816157fc|0|1786393202.117|100.433|3.139|870850560|912449536|sim_data_345e031ce91f1b82|__AUTOMETRIC__
__AUTOMETRIC__|0.1.2|26748|crew_log_c16f6190816157fc|0|1786393203.128|100.463|3.139|870408192|912007168|sim_data_345e031ce91f1b82|__AUTOMETRIC__
__AUTOMETRIC__|0.1.2|26748|crew_log_c16f6190816157fc|0|1786393204.132|99.568|3.111|870416384|912015360|sim_data_345e031ce91f1b82|__AUTOMETRIC__
__AUTOMETRIC__|0.1.2|26748|crew_log_c16f6190816157fc|0|1786393205.144|97.299|3.041|1237397504|1280204800|sim_data_345e031ce91f1b82|__AUTOMETRIC__
__AUTOMETRIC__|0.1.2|26748|crew_log_c16f6190816157fc|0|1786393206.147|98.175|3.068|954249216|1809612800|sim_data_345e031ce91f1b82|__AUTOMETRIC__
__AUTOMETRIC__|0.1.2|26748|crew_log_c16f6190816157fc|0|1786393207.150|99.629|3.113|3265728512|2468184064|sim_data_345e031ce91f1b82|__AUTOMETRIC__
__AUTOMETRIC__|0.1.2|26748|crew_log_c16f6190816157fc|0|1786393208.154|101.207|3.163|2255233024|2805944320|sim_data_345e031ce91f1b82|__AUTOMETRIC__
__AUTOMETRIC__|0.1.2|26748|crew_log_c16f6190816157fc|0|1786393209.169|95.404|2.981|2223935488|2833608704|sim_data_345e031ce91f1b82|__AUTOMETRIC__
__AUTOMETRIC__|0.1.2|26748|crew_log_c16f6190816157fc|0|1786393210.178|99.183|3.099|2165858304|2833063936|sim_data_345e031ce91f1b82|__AUTOMETRIC__
__AUTOMETRIC__|0.1.2|26748|crew_log_c16f6190816157fc|0|1786393211.194|93.756|2.930|1888030720|2833047552|sim_data_345e031ce91f1b82|__AUTOMETRIC__
__AUTOMETRIC__|0.1.2|26748|crew_log_c16f6190816157fc|0|1786393212.208|78.575|2.455|268271616|2833047552|sim_data_345e031ce91f1b82|__AUTOMETRIC__
__AUTOMETRIC__|0.1.2|26748|crew_log_c16f6190816157fc|0|1786393213.214|54.405|1.700|3208605696|2833059840|sim_data_345e031ce91f1b82|__AUTOMETRIC__
__AUTOMETRIC__|0.1.2|26748|crew_log_c16f6190816157fc|0|1786393214.223|74.317|2.322|3338584064|2833096704|sim_data_345e031ce91f1b82|__AUTOMETRIC__
