__AUTOMETRIC__|0.1.2|11248|crew_log_881ae90a4d151b0d|0|1786319311.449|99.561|6.223|187944960|212733952|compiled_brms_models_e9080d10aa3825da|__AUTOMETRIC__
__AUTOMETRIC__|0.1.2|11248|crew_log_881ae90a4d151b0d|0|1786319312.463|57.006|3.563|222527488|247525376|compiled_brms_models_e9080d10aa3825da|__AUTOMETRIC__
__AUTOMETRIC__|0.1.2|11248|crew_log_881ae90a4d151b0d|0|1786319313.466|43.630|2.727|225296384|249892864|compiled_brms_models_e9080d10aa3825da|__AUTOMETRIC__
__AUTOMETRIC__|0.1.2|11248|crew_log_881ae90a4d151b0d|0|1786319314.479|0.000|0.000|220123136|244707328|compiled_brms_models_e9080d10aa3825da|__AUTOMETRIC__
__AUTOMETRIC__|0.1.2|11248|crew_log_881ae90a4d151b0d|0|1786320891.010|0.042|0.003|264577024|289214464|compiled_brms_models_e9080d10aa3825da|__AUTOMETRIC__
__AUTOMETRIC__|0.1.2|11248|crew_log_881ae90a4d151b0d|0|1786320892.023|67.881|4.243|273444864|298119168|compiled_brms_models_e9080d10aa3825da|__AUTOMETRIC__
__AUTOMETRIC__|0.1.2|11248|crew_log_881ae90a4d151b0d|0|1786320893.030|62.028|3.877|376483840|401354752|compiled_brms_models_e9080d10aa3825da|__AUTOMETRIC__
__AUTOMETRIC__|0.1.2|11248|crew_log_881ae90a4d151b0d|0|1786320894.043|61.751|3.859|391237632|422514688|compiled_brms_models_e9080d10aa3825da|__AUTOMETRIC__
__AUTOMETRIC__|0.1.2|11248|crew_log_881ae90a4d151b0d|0|1786320895.053|94.333|5.896|419057664|449511424|compiled_brms_models_e9080d10aa3825da|__AUTOMETRIC__
__AUTOMETRIC__|0.1.2|11248|crew_log_881ae90a4d151b0d|0|1786320896.065|101.853|6.366|416653312|447029248|compiled_brms_models_e9080d10aa3825da|__AUTOMETRIC__
__AUTOMETRIC__|0.1.2|11248|crew_log_881ae90a4d151b0d|0|1786320897.079|137.218|8.576|510427136|533676032|compiled_brms_models_e9080d10aa3825da|__AUTOMETRIC__
__AUTOMETRIC__|0.1.2|11248|crew_log_881ae90a4d151b0d|0|1786320898.093|131.025|8.189|516112384|535560192|compiled_brms_models_e9080d10aa3825da|__AUTOMETRIC__
__AUTOMETRIC__|0.1.2|11248|crew_log_881ae90a4d151b0d|0|1786321003.194|30.929|1.933|539447296|558428160|compiled_brms_models_e9080d10aa3825da|__AUTOMETRIC__
__AUTOMETRIC__|0.1.2|11248|crew_log_881ae90a4d151b0d|0|1786321004.206|98.750|6.172|659742720|678076416|compiled_brms_models_e9080d10aa3825da|__AUTOMETRIC__
__AUTOMETRIC__|0.1.2|11248|crew_log_881ae90a4d151b0d|0|1786321005.219|86.402|5.400|652394496|670658560|compiled_brms_models_5bcd0f6032dfb11a|__AUTOMETRIC__
__AUTOMETRIC__|0.1.2|11248|crew_log_881ae90a4d151b0d|0|1786321006.230|100.453|6.278|679469056|697921536|compiled_brms_models_5bcd0f6032dfb11a|__AUTOMETRIC__
__AUTOMETRIC__|0.1.2|11248|crew_log_881ae90a4d151b0d|0|1786321096.230|7.730|0.483|676601856|702689280|compiled_brms_models_5bcd0f6032dfb11a|__AUTOMETRIC__
__AUTOMETRIC__|0.1.2|11248|crew_log_881ae90a4d151b0d|0|1786321097.241|71.076|4.442|677588992|704176128|compiled_brms_models_5bcd0f6032dfb11a|__AUTOMETRIC__
__AUTOMETRIC__|0.1.2|11248|crew_log_881ae90a4d151b0d|0|1786321098.253|100.390|6.274|690442240|716271616|compiled_brms_models_5bcd0f6032dfb11a|__AUTOMETRIC__
__AUTOMETRIC__|0.1.2|11248|crew_log_881ae90a4d151b0d|0|1786321099.266|12.337|0.771|683339776|708517888|__DEFAULT__|__AUTOMETRIC__
__AUTOMETRIC__|0.1.2|11248|crew_log_881ae90a4d151b0d|0|1786321100.278|0.000|0.000|683339776|708517888|__DEFAULT__|__AUTOMETRIC__
__AUTOMETRIC__|0.1.2|11248|crew_log_881ae90a4d151b0d|0|1786321101.291|0.000|0.000|683130880|708296704|__DEFAULT__|__AUTOMETRIC__
__AUTOMETRIC__|0.1.2|11248|crew_log_881ae90a4d151b0d|0|1786321102.302|0.000|0.000|683122688|708288512|__DEFAULT__|__AUTOMETRIC__
__AUTOMETRIC__|0.1.2|11248|crew_log_881ae90a4d151b0d|0|1786321103.313|0.000|0.000|683130880|708296704|__DEFAULT__|__AUTOMETRIC__
__AUTOMETRIC__|0.1.2|11248|crew_log_881ae90a4d151b0d|0|1786321104.326|0.000|0.000|683130880|708296704|__DEFAULT__|__AUTOMETRIC__
__AUTOMETRIC__|0.1.2|11248|crew_log_881ae90a4d151b0d|0|1786321105.327|0.000|0.000|683130880|708296704|__DEFAULT__|__AUTOMETRIC__
__AUTOMETRIC__|0.1.2|11248|crew_log_881ae90a4d151b0d|0|1786321106.341|0.000|0.000|683122688|708288512|__DEFAULT__|__AUTOMETRIC__
__AUTOMETRIC__|0.1.2|11248|crew_log_881ae90a4d151b0d|0|1786321107.355|0.000|0.000|683130880|708296704|__DEFAULT__|__AUTOMETRIC__
__AUTOMETRIC__|0.1.2|11248|crew_log_881ae90a4d151b0d|0|1786321108.365|0.000|0.000|683122688|708288512|__DEFAULT__|__AUTOMETRIC__
__AUTOMETRIC__|0.1.2|11248|crew_log_881ae90a4d151b0d|0|1786321109.377|91.094|5.693|774365184|800399360|sim_data_345e031ce91f1b82|__AUTOMETRIC__
__AUTOMETRIC__|0.1.2|11248|crew_log_881ae90a4d151b0d|0|1786321110.389|97.208|6.075|872919040|901251072|sim_data_345e031ce91f1b82|__AUTOMETRIC__
__AUTOMETRIC__|0.1.2|11248|crew_log_881ae90a4d151b0d|0|1786321111.401|100.357|6.272|1033019392|1062088704|sim_data_345e031ce91f1b82|__AUTOMETRIC__
__AUTOMETRIC__|0.1.2|11248|crew_log_881ae90a4d151b0d|0|1786321112.415|98.604|6.163|1243234304|1272041472|sim_data_345e031ce91f1b82|__AUTOMETRIC__
__AUTOMETRIC__|0.1.2|11248|crew_log_881ae90a4d151b0d|0|1786321113.426|92.776|5.798|1400418304|1429905408|sim_data_345e031ce91f1b82|__AUTOMETRIC__
__AUTOMETRIC__|0.1.2|11248|crew_log_881ae90a4d151b0d|0|1786321114.439|78.685|4.918|1585664000|1615069184|sim_data_345e031ce91f1b82|__AUTOMETRIC__
__AUTOMETRIC__|0.1.2|11248|crew_log_881ae90a4d151b0d|0|1786321115.439|79.664|4.979|1652047872|1680543744|sim_data_345e031ce91f1b82|__AUTOMETRIC__
__AUTOMETRIC__|0.1.2|11248|crew_log_881ae90a4d151b0d|0|1786321116.439|99.965|6.248|1645867008|1674190848|sim_data_345e031ce91f1b82|__AUTOMETRIC__
__AUTOMETRIC__|0.1.2|11248|crew_log_881ae90a4d151b0d|0|1786321117.455|98.493|6.156|1758670848|1787543552|sim_data_345e031ce91f1b82|__AUTOMETRIC__
__AUTOMETRIC__|0.1.2|11248|crew_log_881ae90a4d151b0d|0|1786321118.467|98.763|6.173|2031292416|2060779520|sim_data_345e031ce91f1b82|__AUTOMETRIC__
__AUTOMETRIC__|0.1.2|11248|crew_log_881ae90a4d151b0d|0|1786321119.478|94.313|5.895|2039230464|2068762624|sim_data_345e031ce91f1b82|__AUTOMETRIC__
__AUTOMETRIC__|0.1.2|11248|crew_log_881ae90a4d151b0d|0|1786321120.491|89.409|5.588|2037391360|2065604608|sim_data_345e031ce91f1b82|__AUTOMETRIC__
__AUTOMETRIC__|0.1.2|11248|crew_log_881ae90a4d151b0d|0|1786321121.492|99.925|6.245|2037121024|2065334272|sim_data_345e031ce91f1b82|__AUTOMETRIC__
__AUTOMETRIC__|0.1.2|11248|crew_log_881ae90a4d151b0d|0|1786321122.507|98.504|6.156|2037121024|2065334272|sim_data_345e031ce91f1b82|__AUTOMETRIC__
__AUTOMETRIC__|0.1.2|11248|crew_log_881ae90a4d151b0d|0|1786321123.521|98.685|6.168|2037121024|2065334272|sim_data_345e031ce91f1b82|__AUTOMETRIC__
__AUTOMETRIC__|0.1.2|11248|crew_log_881ae90a4d151b0d|0|1786321124.521|98.394|6.150|2037125120|2065338368|sim_data_345e031ce91f1b82|__AUTOMETRIC__
__AUTOMETRIC__|0.1.2|11248|crew_log_881ae90a4d151b0d|0|1786321125.536|100.104|6.256|2037125120|2065338368|sim_data_345e031ce91f1b82|__AUTOMETRIC__
__AUTOMETRIC__|0.1.2|11248|crew_log_881ae90a4d151b0d|0|1786321126.550|100.075|6.255|2037125120|2065338368|sim_data_345e031ce91f1b82|__AUTOMETRIC__
__AUTOMETRIC__|0.1.2|11248|crew_log_881ae90a4d151b0d|0|1786321127.566|100.028|6.252|2037125120|2065338368|sim_data_345e031ce91f1b82|__AUTOMETRIC__
__AUTOMETRIC__|0.1.2|11248|crew_log_881ae90a4d151b0d|0|1786321128.581|96.924|6.058|2038095872|2066243584|sim_data_345e031ce91f1b82|__AUTOMETRIC__
__AUTOMETRIC__|0.1.2|11248|crew_log_881ae90a4d151b0d|0|1786321129.597|100.037|6.252|2038079488|2066227200|sim_data_345e031ce91f1b82|__AUTOMETRIC__
__AUTOMETRIC__|0.1.2|11248|crew_log_881ae90a4d151b0d|0|1786321130.600|99.659|6.229|2038063104|2066194432|sim_data_345e031ce91f1b82|__AUTOMETRIC__
__AUTOMETRIC__|0.1.2|11248|crew_log_881ae90a4d151b0d|0|1786321131.613|101.802|6.363|2038050816|2066182144|sim_data_345e031ce91f1b82|__AUTOMETRIC__
__AUTOMETRIC__|0.1.2|11248|crew_log_881ae90a4d151b0d|0|1786321132.627|98.582|6.161|2038050816|2066182144|sim_data_345e031ce91f1b82|__AUTOMETRIC__
__AUTOMETRIC__|0.1.2|11248|crew_log_881ae90a4d151b0d|0|1786321133.640|100.263|6.266|2038050816|2066182144|sim_data_345e031ce91f1b82|__AUTOMETRIC__
__AUTOMETRIC__|0.1.2|11248|crew_log_881ae90a4d151b0d|0|1786321134.654|100.153|6.260|2038050816|2066182144|sim_data_345e031ce91f1b82|__AUTOMETRIC__
__AUTOMETRIC__|0.1.2|11248|crew_log_881ae90a4d151b0d|0|1786321135.669|100.059|6.254|2038054912|2066186240|sim_data_345e031ce91f1b82|__AUTOMETRIC__
__AUTOMETRIC__|0.1.2|11248|crew_log_881ae90a4d151b0d|0|1786321136.684|100.075|6.255|2038050816|2066182144|sim_data_345e031ce91f1b82|__AUTOMETRIC__
__AUTOMETRIC__|0.1.2|11248|crew_log_881ae90a4d151b0d|0|1786321137.696|100.378|6.274|2038996992|2067132416|sim_data_345e031ce91f1b82|__AUTOMETRIC__
__AUTOMETRIC__|0.1.2|11248|crew_log_881ae90a4d151b0d|0|1786321138.698|99.853|6.241|2038988800|2067124224|sim_data_345e031ce91f1b82|__AUTOMETRIC__
__AUTOMETRIC__|0.1.2|11248|crew_log_881ae90a4d151b0d|0|1786321139.700|98.217|6.139|2038988800|2067124224|sim_data_345e031ce91f1b82|__AUTOMETRIC__
__AUTOMETRIC__|0.1.2|11248|crew_log_881ae90a4d151b0d|0|1786321140.700|99.984|6.249|2038988800|2067124224|sim_data_345e031ce91f1b82|__AUTOMETRIC__
__AUTOMETRIC__|0.1.2|11248|crew_log_881ae90a4d151b0d|0|1786321141.714|100.199|6.262|2038988800|2067124224|sim_data_345e031ce91f1b82|__AUTOMETRIC__
__AUTOMETRIC__|0.1.2|11248|crew_log_881ae90a4d151b0d|0|1786321142.728|100.103|6.256|2038988800|2067124224|sim_data_345e031ce91f1b82|__AUTOMETRIC__
__AUTOMETRIC__|0.1.2|11248|crew_log_881ae90a4d151b0d|0|1786321143.742|98.611|6.163|2038988800|2067124224|sim_data_345e031ce91f1b82|__AUTOMETRIC__
__AUTOMETRIC__|0.1.2|11248|crew_log_881ae90a4d151b0d|0|1786321144.756|100.223|6.264|2038988800|2067124224|sim_data_345e031ce91f1b82|__AUTOMETRIC__
__AUTOMETRIC__|0.1.2|11248|crew_log_881ae90a4d151b0d|0|1786321145.770|98.579|6.161|2039955456|2068090880|sim_data_345e031ce91f1b82|__AUTOMETRIC__
__AUTOMETRIC__|0.1.2|11248|crew_log_881ae90a4d151b0d|0|1786321146.771|99.935|6.246|2039906304|2068041728|sim_data_345e031ce91f1b82|__AUTOMETRIC__
__AUTOMETRIC__|0.1.2|11248|crew_log_881ae90a4d151b0d|0|1786321147.783|98.749|6.172|2039906304|2068041728|sim_data_345e031ce91f1b82|__AUTOMETRIC__
__AUTOMETRIC__|0.1.2|11248|crew_log_881ae90a4d151b0d|0|1786321148.797|100.215|6.263|2039914496|2068049920|sim_data_345e031ce91f1b82|__AUTOMETRIC__
__AUTOMETRIC__|0.1.2|11248|crew_log_881ae90a4d151b0d|0|1786321149.811|100.102|6.256|2039914496|2068049920|sim_data_345e031ce91f1b82|__AUTOMETRIC__
__AUTOMETRIC__|0.1.2|11248|crew_log_881ae90a4d151b0d|0|1786321150.827|98.458|6.154|2039906304|2068041728|sim_data_345e031ce91f1b82|__AUTOMETRIC__
__AUTOMETRIC__|0.1.2|11248|crew_log_881ae90a4d151b0d|0|1786321151.842|100.066|6.254|2039914496|2068049920|sim_data_345e031ce91f1b82|__AUTOMETRIC__
__AUTOMETRIC__|0.1.2|11248|crew_log_881ae90a4d151b0d|0|1786321152.856|100.139|6.259|2039914496|2068049920|sim_data_345e031ce91f1b82|__AUTOMETRIC__
__AUTOMETRIC__|0.1.2|11248|crew_log_881ae90a4d151b0d|0|1786321153.871|98.569|6.161|2090491904|2118770688|sim_data_345e031ce91f1b82|__AUTOMETRIC__
__AUTOMETRIC__|0.1.2|11248|crew_log_881ae90a4d151b0d|0|1786321154.882|100.400|6.275|2183032832|2211827712|sim_data_345e031ce91f1b82|__AUTOMETRIC__
__AUTOMETRIC__|0.1.2|11248|crew_log_881ae90a4d151b0d|0|1786321155.895|98.741|6.171|2144153600|2172780544|sim_data_345e031ce91f1b82|__AUTOMETRIC__
__AUTOMETRIC__|0.1.2|11248|crew_log_881ae90a4d151b0d|0|1786321156.909|100.183|6.261|2043408384|2072297472|sim_data_345e031ce91f1b82|__AUTOMETRIC__
__AUTOMETRIC__|0.1.2|11248|crew_log_881ae90a4d151b0d|0|1786321157.924|100.025|6.252|2047725568|2076594176|sim_data_345e031ce91f1b82|__AUTOMETRIC__
__AUTOMETRIC__|0.1.2|11248|crew_log_881ae90a4d151b0d|0|1786321158.924|90.612|5.663|2054107136|2083545088|sim_data_345e031ce91f1b82|__AUTOMETRIC__
__AUTOMETRIC__|0.1.2|11248|crew_log_881ae90a4d151b0d|0|1786321159.925|92.119|5.757|2052886528|2080976896|sim_data_345e031ce91f1b82|__AUTOMETRIC__
__AUTOMETRIC__|0.1.2|11248|crew_log_881ae90a4d151b0d|0|1786321160.939|101.700|6.356|2052096000|2079555584|sim_data_345e031ce91f1b82|__AUTOMETRIC__
__AUTOMETRIC__|0.1.2|11248|crew_log_881ae90a4d151b0d|0|1786321161.940|99.956|6.247|2052096000|2079555584|sim_data_345e031ce91f1b82|__AUTOMETRIC__
__AUTOMETRIC__|0.1.2|11248|crew_log_881ae90a4d151b0d|0|1786321162.955|98.529|6.158|2052096000|2079555584|sim_data_345e031ce91f1b82|__AUTOMETRIC__
__AUTOMETRIC__|0.1.2|11248|crew_log_881ae90a4d151b0d|0|1786321163.968|100.189|6.262|2052096000|2079555584|sim_data_345e031ce91f1b82|__AUTOMETRIC__
__AUTOMETRIC__|0.1.2|11248|crew_log_881ae90a4d151b0d|0|1786321164.984|96.953|6.060|2053042176|2080432128|sim_data_345e031ce91f1b82|__AUTOMETRIC__
__AUTOMETRIC__|0.1.2|11248|crew_log_881ae90a4d151b0d|0|1786321165.997|100.193|6.262|2053033984|2080423936|sim_data_345e031ce91f1b82|__AUTOMETRIC__
__AUTOMETRIC__|0.1.2|11248|crew_log_881ae90a4d151b0d|0|1786321167.008|100.471|6.279|2053038080|2080428032|sim_data_345e031ce91f1b82|__AUTOMETRIC__
__AUTOMETRIC__|0.1.2|11248|crew_log_881ae90a4d151b0d|0|1786321168.009|99.899|6.244|2053038080|2080428032|sim_data_345e031ce91f1b82|__AUTOMETRIC__
__AUTOMETRIC__|0.1.2|11248|crew_log_881ae90a4d151b0d|0|1786321169.021|97.316|6.082|2053038080|2080428032|sim_data_345e031ce91f1b82|__AUTOMETRIC__
__AUTOMETRIC__|0.1.2|11248|crew_log_881ae90a4d151b0d|0|1786321170.032|98.884|6.180|2054037504|2081427456|sim_data_345e031ce91f1b82|__AUTOMETRIC__
__AUTOMETRIC__|0.1.2|11248|crew_log_881ae90a4d151b0d|0|1786321171.046|98.607|6.163|2054004736|2081394688|sim_data_345e031ce91f1b82|__AUTOMETRIC__
__AUTOMETRIC__|0.1.2|11248|crew_log_881ae90a4d151b0d|0|1786321172.058|100.396|6.275|2054004736|2081394688|sim_data_345e031ce91f1b82|__AUTOMETRIC__
__AUTOMETRIC__|0.1.2|11248|crew_log_881ae90a4d151b0d|0|1786321173.071|100.206|6.263|2054004736|2081394688|sim_data_345e031ce91f1b82|__AUTOMETRIC__
__AUTOMETRIC__|0.1.2|11248|crew_log_881ae90a4d151b0d|0|1786321174.086|100.118|6.257|2054004736|2081394688|sim_data_345e031ce91f1b82|__AUTOMETRIC__
__AUTOMETRIC__|0.1.2|11248|crew_log_881ae90a4d151b0d|0|1786321175.101|98.507|6.157|2054004736|2081394688|sim_data_345e031ce91f1b82|__AUTOMETRIC__
__AUTOMETRIC__|0.1.2|11248|crew_log_881ae90a4d151b0d|0|1786321176.116|98.493|6.156|2054926336|2082312192|sim_data_345e031ce91f1b82|__AUTOMETRIC__
__AUTOMETRIC__|0.1.2|11248|crew_log_881ae90a4d151b0d|0|1786321177.131|100.047|6.253|2054889472|2082275328|sim_data_345e031ce91f1b82|__AUTOMETRIC__
__AUTOMETRIC__|0.1.2|11248|crew_log_881ae90a4d151b0d|0|1786321178.144|101.770|6.361|2054889472|2082275328|sim_data_345e031ce91f1b82|__AUTOMETRIC__
__AUTOMETRIC__|0.1.2|11248|crew_log_881ae90a4d151b0d|0|1786321179.158|98.659|6.166|2054889472|2082275328|sim_data_345e031ce91f1b82|__AUTOMETRIC__
__AUTOMETRIC__|0.1.2|11248|crew_log_881ae90a4d151b0d|0|1786321180.173|98.501|6.156|2054889472|2082275328|sim_data_345e031ce91f1b82|__AUTOMETRIC__
__AUTOMETRIC__|0.1.2|11248|crew_log_881ae90a4d151b0d|0|1786321181.188|100.107|6.257|2054889472|2082275328|sim_data_345e031ce91f1b82|__AUTOMETRIC__
__AUTOMETRIC__|0.1.2|11248|crew_log_881ae90a4d151b0d|0|1786321182.189|98.360|6.148|2181914624|2209542144|sim_data_345e031ce91f1b82|__AUTOMETRIC__
__AUTOMETRIC__|0.1.2|11248|crew_log_881ae90a4d151b0d|0|1786321183.201|101.899|6.369|2148909056|2176483328|sim_data_345e031ce91f1b82|__AUTOMETRIC__
__AUTOMETRIC__|0.1.2|11248|crew_log_881ae90a4d151b0d|0|1786321184.201|99.963|6.248|2103934976|2131308544|sim_data_345e031ce91f1b82|__AUTOMETRIC__
__AUTOMETRIC__|0.1.2|11248|crew_log_881ae90a4d151b0d|0|1786321185.203|99.833|6.240|2110820352|2138832896|sim_data_345e031ce91f1b82|__AUTOMETRIC__
__AUTOMETRIC__|0.1.2|11248|crew_log_881ae90a4d151b0d|0|1786321186.218|100.022|6.251|2055237632|2082963456|sim_data_345e031ce91f1b82|__AUTOMETRIC__
__AUTOMETRIC__|0.1.2|11248|crew_log_881ae90a4d151b0d|0|1786321187.232|86.301|5.394|2068090880|2095824896|sim_data_345e031ce91f1b82|__AUTOMETRIC__
__AUTOMETRIC__|0.1.2|11248|crew_log_881ae90a4d151b0d|0|1786321188.243|100.432|6.277|2065047552|2091364352|sim_data_345e031ce91f1b82|__AUTOMETRIC__
__AUTOMETRIC__|0.1.2|11248|crew_log_881ae90a4d151b0d|0|1786321189.257|97.057|6.066|2064830464|2091147264|sim_data_345e031ce91f1b82|__AUTOMETRIC__
__AUTOMETRIC__|0.1.2|11248|crew_log_881ae90a4d151b0d|0|1786321190.271|98.621|6.164|2064830464|2091147264|sim_data_345e031ce91f1b82|__AUTOMETRIC__
__AUTOMETRIC__|0.1.2|11248|crew_log_881ae90a4d151b0d|0|1786321191.284|101.849|6.366|2065862656|2092113920|sim_data_345e031ce91f1b82|__AUTOMETRIC__
__AUTOMETRIC__|0.1.2|11248|crew_log_881ae90a4d151b0d|0|1786321192.295|98.927|6.183|2065858560|2092109824|sim_data_345e031ce91f1b82|__AUTOMETRIC__
__AUTOMETRIC__|0.1.2|11248|crew_log_881ae90a4d151b0d|0|1786321193.306|100.437|6.277|2065858560|2092109824|sim_data_345e031ce91f1b82|__AUTOMETRIC__
__AUTOMETRIC__|0.1.2|11248|crew_log_881ae90a4d151b0d|0|1786321194.319|100.265|6.267|2065854464|2092105728|sim_data_345e031ce91f1b82|__AUTOMETRIC__
__AUTOMETRIC__|0.1.2|11248|crew_log_881ae90a4d151b0d|0|1786321195.335|96.842|6.053|2066718720|2092969984|sim_data_345e031ce91f1b82|__AUTOMETRIC__
__AUTOMETRIC__|0.1.2|11248|crew_log_881ae90a4d151b0d|0|1786321196.349|98.629|6.164|2066731008|2092982272|sim_data_345e031ce91f1b82|__AUTOMETRIC__
__AUTOMETRIC__|0.1.2|11248|crew_log_881ae90a4d151b0d|0|1786321197.364|103.176|6.448|2066731008|2092982272|sim_data_345e031ce91f1b82|__AUTOMETRIC__
__AUTOMETRIC__|0.1.2|11248|crew_log_881ae90a4d151b0d|0|1786321198.379|100.028|6.252|2067771392|2094022656|sim_data_345e031ce91f1b82|__AUTOMETRIC__
__AUTOMETRIC__|0.1.2|11248|crew_log_881ae90a4d151b0d|0|1786321199.380|99.926|6.245|2067718144|2093969408|sim_data_345e031ce91f1b82|__AUTOMETRIC__
__AUTOMETRIC__|0.1.2|11248|crew_log_881ae90a4d151b0d|0|1786321200.393|100.266|6.267|2067718144|2093969408|sim_data_345e031ce91f1b82|__AUTOMETRIC__
__AUTOMETRIC__|0.1.2|11248|crew_log_881ae90a4d151b0d|0|1786321201.407|100.153|6.260|2067718144|2093969408|sim_data_345e031ce91f1b82|__AUTOMETRIC__
__AUTOMETRIC__|0.1.2|11248|crew_log_881ae90a4d151b0d|0|1786321202.422|98.578|6.161|2186760192|2213203968|sim_data_345e031ce91f1b82|__AUTOMETRIC__
__AUTOMETRIC__|0.1.2|11248|crew_log_881ae90a4d151b0d|0|1786321203.436|104.743|6.546|1987137536|2013491200|sim_data_345e031ce91f1b82|__AUTOMETRIC__
__AUTOMETRIC__|0.1.2|11248|crew_log_881ae90a4d151b0d|0|1786321204.450|101.669|6.354|1963360256|1989799936|sim_data_345e031ce91f1b82|__AUTOMETRIC__
__AUTOMETRIC__|0.1.2|11248|crew_log_881ae90a4d151b0d|0|1786321205.465|100.088|6.256|2095906816|2122448896|sim_data_345e031ce91f1b82|__AUTOMETRIC__
__AUTOMETRIC__|0.1.2|11248|crew_log_881ae90a4d151b0d|0|1786321206.477|101.857|6.366|2055282688|2081751040|sim_data_345e031ce91f1b82|__AUTOMETRIC__
__AUTOMETRIC__|0.1.2|11248|crew_log_881ae90a4d151b0d|0|1786321207.492|81.596|5.100|2067599360|2093617152|sim_data_345e031ce91f1b82|__AUTOMETRIC__
__AUTOMETRIC__|0.1.2|11248|crew_log_881ae90a4d151b0d|0|1786321208.492|101.545|6.347|2062512128|2087813120|sim_data_345e031ce91f1b82|__AUTOMETRIC__
__AUTOMETRIC__|0.1.2|11248|crew_log_881ae90a4d151b0d|0|1786321209.508|100.006|6.250|2062209024|2087436288|sim_data_345e031ce91f1b82|__AUTOMETRIC__
__AUTOMETRIC__|0.1.2|11248|crew_log_881ae90a4d151b0d|0|1786321210.523|98.497|6.156|2062209024|2087436288|sim_data_345e031ce91f1b82|__AUTOMETRIC__
__AUTOMETRIC__|0.1.2|11248|crew_log_881ae90a4d151b0d|0|1786321211.535|100.347|6.272|2062209024|2087436288|sim_data_345e031ce91f1b82|__AUTOMETRIC__
__AUTOMETRIC__|0.1.2|11248|crew_log_881ae90a4d151b0d|0|1786321212.551|98.466|6.154|2063228928|2088390656|sim_data_345e031ce91f1b82|__AUTOMETRIC__
__AUTOMETRIC__|0.1.2|11248|crew_log_881ae90a4d151b0d|0|1786321213.565|100.164|6.260|2063183872|2088345600|sim_data_345e031ce91f1b82|__AUTOMETRIC__
__AUTOMETRIC__|0.1.2|11248|crew_log_881ae90a4d151b0d|0|1786321214.578|100.291|6.268|2063183872|2088345600|sim_data_345e031ce91f1b82|__AUTOMETRIC__
__AUTOMETRIC__|0.1.2|11248|crew_log_881ae90a4d151b0d|0|1786321215.590|100.299|6.269|2063183872|2088345600|sim_data_345e031ce91f1b82|__AUTOMETRIC__
__AUTOMETRIC__|0.1.2|11248|crew_log_881ae90a4d151b0d|0|1786321216.605|100.134|6.258|2064060416|2089222144|sim_data_345e031ce91f1b82|__AUTOMETRIC__
__AUTOMETRIC__|0.1.2|11248|crew_log_881ae90a4d151b0d|0|1786321217.619|100.070|6.254|2064027648|2089189376|sim_data_345e031ce91f1b82|__AUTOMETRIC__
__AUTOMETRIC__|0.1.2|11248|crew_log_881ae90a4d151b0d|0|1786321218.631|98.886|6.180|2064027648|2089189376|sim_data_345e031ce91f1b82|__AUTOMETRIC__
__AUTOMETRIC__|0.1.2|11248|crew_log_881ae90a4d151b0d|0|1786321219.643|101.841|6.365|2064027648|2089189376|sim_data_345e031ce91f1b82|__AUTOMETRIC__
__AUTOMETRIC__|0.1.2|11248|crew_log_881ae90a4d151b0d|0|1786321220.658|100.105|6.257|2064027648|2089189376|sim_data_345e031ce91f1b82|__AUTOMETRIC__
__AUTOMETRIC__|0.1.2|11248|crew_log_881ae90a4d151b0d|0|1786321221.674|98.406|6.150|2064994304|2090151936|sim_data_345e031ce91f1b82|__AUTOMETRIC__
__AUTOMETRIC__|0.1.2|11248|crew_log_881ae90a4d151b0d|0|1786321222.690|100.002|6.250|2064994304|2090151936|sim_data_345e031ce91f1b82|__AUTOMETRIC__
__AUTOMETRIC__|0.1.2|11248|crew_log_881ae90a4d151b0d|0|1786321223.690|99.920|6.245|2064994304|2090151936|sim_data_345e031ce91f1b82|__AUTOMETRIC__
__AUTOMETRIC__|0.1.2|11248|crew_log_881ae90a4d151b0d|0|1786321224.703|100.317|6.270|2064994304|2090151936|sim_data_345e031ce91f1b82|__AUTOMETRIC__
__AUTOMETRIC__|0.1.2|11248|crew_log_881ae90a4d151b0d|0|1786321225.714|98.926|6.183|2064994304|2090151936|sim_data_345e031ce91f1b82|__AUTOMETRIC__
__AUTOMETRIC__|0.1.2|11248|crew_log_881ae90a4d151b0d|0|1786321226.727|98.718|6.170|2181472256|2206638080|sim_data_345e031ce91f1b82|__AUTOMETRIC__
__AUTOMETRIC__|0.1.2|11248|crew_log_881ae90a4d151b0d|0|1786321227.740|103.331|6.458|2130186240|2155515904|sim_data_345e031ce91f1b82|__AUTOMETRIC__
__AUTOMETRIC__|0.1.2|11248|crew_log_881ae90a4d151b0d|0|1786321228.752|100.367|6.273|2129485824|2154741760|sim_data_345e031ce91f1b82|__AUTOMETRIC__
__AUTOMETRIC__|0.1.2|11248|crew_log_881ae90a4d151b0d|0|1786321229.765|101.777|6.361|2063220736|2088841216|sim_data_345e031ce91f1b82|__AUTOMETRIC__
__AUTOMETRIC__|0.1.2|11248|crew_log_881ae90a4d151b0d|0|1786321230.780|100.030|6.252|2069286912|2094923776|sim_data_345e031ce91f1b82|__AUTOMETRIC__
__AUTOMETRIC__|0.1.2|11248|crew_log_881ae90a4d151b0d|0|1786321231.781|81.229|5.077|2096623616|2121838592|sim_data_345e031ce91f1b82|__AUTOMETRIC__
__AUTOMETRIC__|0.1.2|11248|crew_log_881ae90a4d151b0d|0|1786321232.795|101.639|6.352|2071470080|2096021504|sim_data_345e031ce91f1b82|__AUTOMETRIC__
__AUTOMETRIC__|0.1.2|11248|crew_log_881ae90a4d151b0d|0|1786321233.811|100.032|6.252|2070073344|2094276608|sim_data_345e031ce91f1b82|__AUTOMETRIC__
__AUTOMETRIC__|0.1.2|11248|crew_log_881ae90a4d151b0d|0|1786321234.824|100.195|6.262|2070081536|2094284800|sim_data_345e031ce91f1b82|__AUTOMETRIC__
__AUTOMETRIC__|0.1.2|11248|crew_log_881ae90a4d151b0d|0|1786321235.839|98.526|6.158|2070073344|2094276608|sim_data_345e031ce91f1b82|__AUTOMETRIC__
__AUTOMETRIC__|0.1.2|11248|crew_log_881ae90a4d151b0d|0|1786321236.853|100.175|6.261|2070073344|2094276608|sim_data_345e031ce91f1b82|__AUTOMETRIC__
__AUTOMETRIC__|0.1.2|11248|crew_log_881ae90a4d151b0d|0|1786321237.867|98.633|6.165|2070073344|2094276608|sim_data_345e031ce91f1b82|__AUTOMETRIC__
__AUTOMETRIC__|0.1.2|11248|crew_log_881ae90a4d151b0d|0|1786321238.881|100.110|6.257|2070081536|2094284800|sim_data_345e031ce91f1b82|__AUTOMETRIC__
__AUTOMETRIC__|0.1.2|11248|crew_log_881ae90a4d151b0d|0|1786321239.896|103.207|6.450|2070073344|2094276608|sim_data_345e031ce91f1b82|__AUTOMETRIC__
__AUTOMETRIC__|0.1.2|11248|crew_log_881ae90a4d151b0d|0|1786321240.907|97.303|6.081|2071183360|2095321088|sim_data_345e031ce91f1b82|__AUTOMETRIC__
__AUTOMETRIC__|0.1.2|11248|crew_log_881ae90a4d151b0d|0|1786321241.920|100.287|6.268|2071113728|2095251456|sim_data_345e031ce91f1b82|__AUTOMETRIC__
__AUTOMETRIC__|0.1.2|11248|crew_log_881ae90a4d151b0d|0|1786321242.934|100.144|6.259|2071113728|2095251456|sim_data_345e031ce91f1b82|__AUTOMETRIC__
__AUTOMETRIC__|0.1.2|11248|crew_log_881ae90a4d151b0d|0|1786321243.935|99.947|6.247|2071113728|2095251456|sim_data_345e031ce91f1b82|__AUTOMETRIC__
__AUTOMETRIC__|0.1.2|11248|crew_log_881ae90a4d151b0d|0|1786321244.948|100.256|6.266|2071105536|2095243264|sim_data_345e031ce91f1b82|__AUTOMETRIC__
__AUTOMETRIC__|0.1.2|11248|crew_log_881ae90a4d151b0d|0|1786321245.962|98.585|6.162|2071977984|2096115712|sim_data_345e031ce91f1b82|__AUTOMETRIC__
__AUTOMETRIC__|0.1.2|11248|crew_log_881ae90a4d151b0d|0|1786321246.976|98.619|6.164|2071924736|2096062464|sim_data_345e031ce91f1b82|__AUTOMETRIC__
__AUTOMETRIC__|0.1.2|11248|crew_log_881ae90a4d151b0d|0|1786321247.989|97.228|6.077|2071924736|2096062464|sim_data_345e031ce91f1b82|__AUTOMETRIC__
__AUTOMETRIC__|0.1.2|11248|crew_log_881ae90a4d151b0d|0|1786321249.000|100.373|6.273|2071924736|2096062464|sim_data_345e031ce91f1b82|__AUTOMETRIC__
__AUTOMETRIC__|0.1.2|11248|crew_log_881ae90a4d151b0d|0|1786321250.001|99.920|6.245|2071924736|2096062464|sim_data_345e031ce91f1b82|__AUTOMETRIC__
__AUTOMETRIC__|0.1.2|11248|crew_log_881ae90a4d151b0d|0|1786321251.003|99.837|6.240|2071924736|2096062464|sim_data_345e031ce91f1b82|__AUTOMETRIC__
__AUTOMETRIC__|0.1.2|11248|crew_log_881ae90a4d151b0d|0|1786321252.016|98.699|6.169|2071924736|2096062464|sim_data_345e031ce91f1b82|__AUTOMETRIC__
__AUTOMETRIC__|0.1.2|11248|crew_log_881ae90a4d151b0d|0|1786321253.028|100.382|6.274|2071924736|2096062464|sim_data_345e031ce91f1b82|__AUTOMETRIC__
__AUTOMETRIC__|0.1.2|11248|crew_log_881ae90a4d151b0d|0|1786321254.040|97.227|6.077|2072940544|2097078272|sim_data_345e031ce91f1b82|__AUTOMETRIC__
__AUTOMETRIC__|0.1.2|11248|crew_log_881ae90a4d151b0d|0|1786321255.053|98.721|6.170|2072940544|2097078272|sim_data_345e031ce91f1b82|__AUTOMETRIC__
__AUTOMETRIC__|0.1.2|11248|crew_log_881ae90a4d151b0d|0|1786321256.068|101.593|6.350|2072940544|2097078272|sim_data_345e031ce91f1b82|__AUTOMETRIC__
__AUTOMETRIC__|0.1.2|11248|crew_log_881ae90a4d151b0d|0|1786321257.083|101.675|6.355|2072940544|2097078272|sim_data_345e031ce91f1b82|__AUTOMETRIC__
__AUTOMETRIC__|0.1.2|11248|crew_log_881ae90a4d151b0d|0|1786321258.097|100.119|6.257|2072940544|2097078272|sim_data_345e031ce91f1b82|__AUTOMETRIC__
__AUTOMETRIC__|0.1.2|11248|crew_log_881ae90a4d151b0d|0|1786321259.109|100.337|6.271|2072940544|2097078272|sim_data_345e031ce91f1b82|__AUTOMETRIC__
__AUTOMETRIC__|0.1.2|11248|crew_log_881ae90a4d151b0d|0|1786321260.124|100.106|6.257|2190942208|2215186432|sim_data_345e031ce91f1b82|__AUTOMETRIC__
__AUTOMETRIC__|0.1.2|11248|crew_log_881ae90a4d151b0d|0|1786321261.124|98.370|6.148|2165854208|2190041088|sim_data_345e031ce91f1b82|__AUTOMETRIC__
__AUTOMETRIC__|0.1.2|11248|crew_log_881ae90a4d151b0d|0|1786321262.139|103.213|6.451|2099421184|2123538432|sim_data_345e031ce91f1b82|__AUTOMETRIC__
__AUTOMETRIC__|0.1.2|11248|crew_log_881ae90a4d151b0d|0|1786321263.152|100.222|6.264|2057240576|2081976320|sim_data_345e031ce91f1b82|__AUTOMETRIC__
__AUTOMETRIC__|0.1.2|11248|crew_log_881ae90a4d151b0d|0|1786321264.168|100.011|6.251|2066903040|2091094016|sim_data_345e031ce91f1b82|__AUTOMETRIC__
__AUTOMETRIC__|0.1.2|11248|crew_log_881ae90a4d151b0d|0|1786321265.182|96.996|6.062|2079272960|2103754752|sim_data_345e031ce91f1b82|__AUTOMETRIC__
__AUTOMETRIC__|0.1.2|11248|crew_log_881ae90a4d151b0d|0|1786321266.183|87.492|5.468|2075271168|2098290688|sim_data_345e031ce91f1b82|__AUTOMETRIC__
__AUTOMETRIC__|0.1.2|11248|crew_log_881ae90a4d151b0d|0|1786321267.184|99.899|6.244|2074836992|2097856512|sim_data_345e031ce91f1b82|__AUTOMETRIC__
__AUTOMETRIC__|0.1.2|11248|crew_log_881ae90a4d151b0d|0|1786321268.196|100.288|6.268|2074836992|2097856512|sim_data_345e031ce91f1b82|__AUTOMETRIC__
__AUTOMETRIC__|0.1.2|11248|crew_log_881ae90a4d151b0d|0|1786321269.209|98.744|6.172|2074836992|2097856512|sim_data_345e031ce91f1b82|__AUTOMETRIC__
__AUTOMETRIC__|0.1.2|11248|crew_log_881ae90a4d151b0d|0|1786321270.224|101.635|6.352|2074836992|2097856512|sim_data_345e031ce91f1b82|__AUTOMETRIC__
__AUTOMETRIC__|0.1.2|11248|crew_log_881ae90a4d151b0d|0|1786321271.225|99.887|6.243|2074836992|2097856512|sim_data_345e031ce91f1b82|__AUTOMETRIC__
__AUTOMETRIC__|0.1.2|11248|crew_log_881ae90a4d151b0d|0|1786321272.240|101.616|6.351|2074836992|2097856512|sim_data_345e031ce91f1b82|__AUTOMETRIC__
__AUTOMETRIC__|0.1.2|11248|crew_log_881ae90a4d151b0d|0|1786321273.252|98.768|6.173|2074836992|2097856512|sim_data_345e031ce91f1b82|__AUTOMETRIC__
__AUTOMETRIC__|0.1.2|11248|crew_log_881ae90a4d151b0d|0|1786321274.266|98.678|6.167|2074836992|2097856512|sim_data_345e031ce91f1b82|__AUTOMETRIC__
__AUTOMETRIC__|0.1.2|11248|crew_log_881ae90a4d151b0d|0|1786321275.279|100.170|6.261|2074836992|2097856512|sim_data_345e031ce91f1b82|__AUTOMETRIC__
__AUTOMETRIC__|0.1.2|11248|crew_log_881ae90a4d151b0d|0|1786321276.294|101.682|6.355|2074836992|2097856512|sim_data_345e031ce91f1b82|__AUTOMETRIC__
__AUTOMETRIC__|0.1.2|11248|crew_log_881ae90a4d151b0d|0|1786321277.305|100.443|6.278|2074836992|2097856512|sim_data_345e031ce91f1b82|__AUTOMETRIC__
__AUTOMETRIC__|0.1.2|11248|crew_log_881ae90a4d151b0d|0|1786321278.318|98.727|6.170|2074836992|2097856512|sim_data_345e031ce91f1b82|__AUTOMETRIC__
__AUTOMETRIC__|0.1.2|11248|crew_log_881ae90a4d151b0d|0|1786321279.333|100.014|6.251|2074836992|2097856512|sim_data_345e031ce91f1b82|__AUTOMETRIC__
__AUTOMETRIC__|0.1.2|11248|crew_log_881ae90a4d151b0d|0|1786321280.349|100.021|6.251|2074836992|2097856512|sim_data_345e031ce91f1b82|__AUTOMETRIC__
__AUTOMETRIC__|0.1.2|11248|crew_log_881ae90a4d151b0d|0|1786321281.364|100.026|6.252|2074836992|2097856512|sim_data_345e031ce91f1b82|__AUTOMETRIC__
__AUTOMETRIC__|0.1.2|11248|crew_log_881ae90a4d151b0d|0|1786321282.377|101.828|6.364|2074836992|2097856512|sim_data_345e031ce91f1b82|__AUTOMETRIC__
__AUTOMETRIC__|0.1.2|11248|crew_log_881ae90a4d151b0d|0|1786321283.393|99.958|6.247|2074836992|2097856512|sim_data_345e031ce91f1b82|__AUTOMETRIC__
__AUTOMETRIC__|0.1.2|11248|crew_log_881ae90a4d151b0d|0|1786321284.406|100.190|6.262|2074836992|2097856512|sim_data_345e031ce91f1b82|__AUTOMETRIC__
__AUTOMETRIC__|0.1.2|11248|crew_log_881ae90a4d151b0d|0|1786321285.420|100.204|6.263|2074836992|2097856512|sim_data_345e031ce91f1b82|__AUTOMETRIC__
__AUTOMETRIC__|0.1.2|11248|crew_log_881ae90a4d151b0d|0|1786321286.434|100.158|6.260|2074836992|2097856512|sim_data_345e031ce91f1b82|__AUTOMETRIC__
__AUTOMETRIC__|0.1.2|11248|crew_log_881ae90a4d151b0d|0|1786321287.448|100.154|6.260|2074836992|2097856512|sim_data_345e031ce91f1b82|__AUTOMETRIC__
__AUTOMETRIC__|0.1.2|11248|crew_log_881ae90a4d151b0d|0|1786321288.462|100.142|6.259|2074836992|2097856512|sim_data_345e031ce91f1b82|__AUTOMETRIC__
__AUTOMETRIC__|0.1.2|11248|crew_log_881ae90a4d151b0d|0|1786321289.478|100.020|6.251|2074836992|2097856512|sim_data_345e031ce91f1b82|__AUTOMETRIC__
__AUTOMETRIC__|0.1.2|11248|crew_log_881ae90a4d151b0d|0|1786321290.479|99.865|6.242|2074836992|2097856512|sim_data_345e031ce91f1b82|__AUTOMETRIC__
__AUTOMETRIC__|0.1.2|11248|crew_log_881ae90a4d151b0d|0|1786321291.494|100.097|6.256|2074836992|2097856512|sim_data_345e031ce91f1b82|__AUTOMETRIC__
__AUTOMETRIC__|0.1.2|11248|crew_log_881ae90a4d151b0d|0|1786321292.508|100.127|6.258|2074836992|2097856512|sim_data_345e031ce91f1b82|__AUTOMETRIC__
__AUTOMETRIC__|0.1.2|11248|crew_log_881ae90a4d151b0d|0|1786321293.521|98.718|6.170|2074836992|2097856512|sim_data_345e031ce91f1b82|__AUTOMETRIC__
__AUTOMETRIC__|0.1.2|11248|crew_log_881ae90a4d151b0d|0|1786321294.521|99.962|6.248|2074836992|2097856512|sim_data_345e031ce91f1b82|__AUTOMETRIC__
__AUTOMETRIC__|0.1.2|11248|crew_log_881ae90a4d151b0d|0|1786321295.536|101.635|6.352|2074836992|2097856512|sim_data_345e031ce91f1b82|__AUTOMETRIC__
__AUTOMETRIC__|0.1.2|11248|crew_log_881ae90a4d151b0d|0|1786321296.552|100.010|6.251|2074836992|2097856512|sim_data_345e031ce91f1b82|__AUTOMETRIC__
__AUTOMETRIC__|0.1.2|11248|crew_log_881ae90a4d151b0d|0|1786321297.565|100.189|6.262|2074836992|2097856512|sim_data_345e031ce91f1b82|__AUTOMETRIC__
__AUTOMETRIC__|0.1.2|11248|crew_log_881ae90a4d151b0d|0|1786321298.566|99.958|6.247|2074836992|2097856512|sim_data_345e031ce91f1b82|__AUTOMETRIC__
__AUTOMETRIC__|0.1.2|11248|crew_log_881ae90a4d151b0d|0|1786321299.578|100.309|6.269|2074836992|2097856512|sim_data_345e031ce91f1b82|__AUTOMETRIC__
__AUTOMETRIC__|0.1.2|11248|crew_log_881ae90a4d151b0d|0|1786321300.593|97.042|6.065|2074836992|2097856512|sim_data_345e031ce91f1b82|__AUTOMETRIC__
__AUTOMETRIC__|0.1.2|11248|crew_log_881ae90a4d151b0d|0|1786321301.593|99.998|6.250|2074836992|2097856512|sim_data_345e031ce91f1b82|__AUTOMETRIC__
__AUTOMETRIC__|0.1.2|11248|crew_log_881ae90a4d151b0d|0|1786321302.608|99.998|6.250|2074836992|2097856512|sim_data_345e031ce91f1b82|__AUTOMETRIC__
__AUTOMETRIC__|0.1.2|11248|crew_log_881ae90a4d151b0d|0|1786321303.623|100.109|6.257|2074836992|2097856512|sim_data_345e031ce91f1b82|__AUTOMETRIC__
__AUTOMETRIC__|0.1.2|11248|crew_log_881ae90a4d151b0d|0|1786321304.637|98.612|6.163|2074836992|2097856512|sim_data_345e031ce91f1b82|__AUTOMETRIC__
__AUTOMETRIC__|0.1.2|11248|crew_log_881ae90a4d151b0d|0|1786321305.651|100.108|6.257|2074836992|2097856512|sim_data_345e031ce91f1b82|__AUTOMETRIC__
__AUTOMETRIC__|0.1.2|11248|crew_log_881ae90a4d151b0d|0|1786321306.666|100.065|6.254|2074836992|2097856512|sim_data_345e031ce91f1b82|__AUTOMETRIC__
__AUTOMETRIC__|0.1.2|11248|crew_log_881ae90a4d151b0d|0|1786321307.681|101.642|6.353|2074836992|2097856512|sim_data_345e031ce91f1b82|__AUTOMETRIC__
__AUTOMETRIC__|0.1.2|11248|crew_log_881ae90a4d151b0d|0|1786321308.681|99.958|6.247|2074836992|2097856512|sim_data_345e031ce91f1b82|__AUTOMETRIC__
__AUTOMETRIC__|0.1.2|11248|crew_log_881ae90a4d151b0d|0|1786321309.693|98.823|6.176|2074836992|2097856512|sim_data_345e031ce91f1b82|__AUTOMETRIC__
__AUTOMETRIC__|0.1.2|11248|crew_log_881ae90a4d151b0d|0|1786321310.708|101.655|6.353|2074836992|2097856512|sim_data_345e031ce91f1b82|__AUTOMETRIC__
__AUTOMETRIC__|0.1.2|11248|crew_log_881ae90a4d151b0d|0|1786321311.721|100.258|6.266|2074836992|2097856512|sim_data_345e031ce91f1b82|__AUTOMETRIC__
__AUTOMETRIC__|0.1.2|11248|crew_log_881ae90a4d151b0d|0|1786321312.721|100.004|6.250|2074836992|2097856512|sim_data_345e031ce91f1b82|__AUTOMETRIC__
__AUTOMETRIC__|0.1.2|11248|crew_log_881ae90a4d151b0d|0|1786321313.736|100.005|6.250|2074836992|2097856512|sim_data_345e031ce91f1b82|__AUTOMETRIC__
__AUTOMETRIC__|0.1.2|11248|crew_log_881ae90a4d151b0d|0|1786321314.748|98.793|6.175|2074836992|2097856512|sim_data_345e031ce91f1b82|__AUTOMETRIC__
__AUTOMETRIC__|0.1.2|11248|crew_log_881ae90a4d151b0d|0|1786321315.762|100.164|6.260|2074836992|2097856512|sim_data_345e031ce91f1b82|__AUTOMETRIC__
__AUTOMETRIC__|0.1.2|11248|crew_log_881ae90a4d151b0d|0|1786321316.778|100.018|6.251|2074836992|2097856512|sim_data_345e031ce91f1b82|__AUTOMETRIC__
__AUTOMETRIC__|0.1.2|11248|crew_log_881ae90a4d151b0d|0|1786321317.792|100.124|6.258|2074836992|2097856512|sim_data_345e031ce91f1b82|__AUTOMETRIC__
__AUTOMETRIC__|0.1.2|11248|crew_log_881ae90a4d151b0d|0|1786321318.808|99.978|6.249|2074836992|2097856512|sim_data_345e031ce91f1b82|__AUTOMETRIC__
__AUTOMETRIC__|0.1.2|11248|crew_log_881ae90a4d151b0d|0|1786321319.819|95.808|5.988|2074836992|2097856512|sim_data_345e031ce91f1b82|__AUTOMETRIC__
__AUTOMETRIC__|0.1.2|11248|crew_log_881ae90a4d151b0d|0|1786321320.832|98.722|6.170|2074836992|2097856512|sim_data_345e031ce91f1b82|__AUTOMETRIC__
__AUTOMETRIC__|0.1.2|11248|crew_log_881ae90a4d151b0d|0|1786321321.833|99.925|6.245|2074836992|2097856512|sim_data_345e031ce91f1b82|__AUTOMETRIC__
__AUTOMETRIC__|0.1.2|11248|crew_log_881ae90a4d151b0d|0|1786321322.847|100.181|6.261|2074845184|2097864704|sim_data_345e031ce91f1b82|__AUTOMETRIC__
__AUTOMETRIC__|0.1.2|11248|crew_log_881ae90a4d151b0d|0|1786321323.860|100.197|6.262|2074845184|2097864704|sim_data_345e031ce91f1b82|__AUTOMETRIC__
__AUTOMETRIC__|0.1.2|11248|crew_log_881ae90a4d151b0d|0|1786321324.875|100.123|6.258|2074836992|2097856512|sim_data_345e031ce91f1b82|__AUTOMETRIC__
__AUTOMETRIC__|0.1.2|11248|crew_log_881ae90a4d151b0d|0|1786321325.876|99.896|6.243|2074836992|2097856512|sim_data_345e031ce91f1b82|__AUTOMETRIC__
__AUTOMETRIC__|0.1.2|11248|crew_log_881ae90a4d151b0d|0|1786321326.890|100.161|6.260|2074836992|2097856512|sim_data_345e031ce91f1b82|__AUTOMETRIC__
__AUTOMETRIC__|0.1.2|11248|crew_log_881ae90a4d151b0d|0|1786321327.903|98.647|6.165|2074836992|2097856512|sim_data_345e031ce91f1b82|__AUTOMETRIC__
__AUTOMETRIC__|0.1.2|11248|crew_log_881ae90a4d151b0d|0|1786321328.917|100.198|6.262|2075910144|2098868224|sim_data_345e031ce91f1b82|__AUTOMETRIC__
__AUTOMETRIC__|0.1.2|11248|crew_log_881ae90a4d151b0d|0|1786321329.932|100.079|6.255|2075865088|2098823168|sim_data_345e031ce91f1b82|__AUTOMETRIC__
__AUTOMETRIC__|0.1.2|11248|crew_log_881ae90a4d151b0d|0|1786321330.945|98.687|6.168|2075865088|2098823168|sim_data_345e031ce91f1b82|__AUTOMETRIC__
__AUTOMETRIC__|0.1.2|11248|crew_log_881ae90a4d151b0d|0|1786321331.960|100.030|6.252|2075865088|2098823168|sim_data_345e031ce91f1b82|__AUTOMETRIC__
__AUTOMETRIC__|0.1.2|11248|crew_log_881ae90a4d151b0d|0|1786321332.973|98.728|6.171|2075865088|2098823168|sim_data_345e031ce91f1b82|__AUTOMETRIC__
__AUTOMETRIC__|0.1.2|11248|crew_log_881ae90a4d151b0d|0|1786321333.974|101.501|6.344|2075865088|2098823168|sim_data_345e031ce91f1b82|__AUTOMETRIC__
__AUTOMETRIC__|0.1.2|11248|crew_log_881ae90a4d151b0d|0|1786321334.988|100.144|6.259|2075865088|2098823168|sim_data_345e031ce91f1b82|__AUTOMETRIC__
__AUTOMETRIC__|0.1.2|11248|crew_log_881ae90a4d151b0d|0|1786321336.001|100.284|6.268|2075865088|2098823168|sim_data_345e031ce91f1b82|__AUTOMETRIC__
__AUTOMETRIC__|0.1.2|11248|crew_log_881ae90a4d151b0d|0|1786321337.016|100.043|6.253|2075865088|2098823168|sim_data_345e031ce91f1b82|__AUTOMETRIC__
__AUTOMETRIC__|0.1.2|11248|crew_log_881ae90a4d151b0d|0|1786321338.031|100.050|6.253|2075865088|2098823168|sim_data_345e031ce91f1b82|__AUTOMETRIC__
__AUTOMETRIC__|0.1.2|11248|crew_log_881ae90a4d151b0d|0|1786321339.045|98.638|6.165|2075865088|2098823168|sim_data_345e031ce91f1b82|__AUTOMETRIC__
__AUTOMETRIC__|0.1.2|11248|crew_log_881ae90a4d151b0d|0|1786321340.061|99.968|6.248|2075865088|2098823168|sim_data_345e031ce91f1b82|__AUTOMETRIC__
__AUTOMETRIC__|0.1.2|11248|crew_log_881ae90a4d151b0d|0|1786321341.062|99.892|6.243|2075865088|2098823168|sim_data_345e031ce91f1b82|__AUTOMETRIC__
__AUTOMETRIC__|0.1.2|11248|crew_log_881ae90a4d151b0d|0|1786321342.074|100.388|6.274|2075865088|2098823168|sim_data_345e031ce91f1b82|__AUTOMETRIC__
__AUTOMETRIC__|0.1.2|11248|crew_log_881ae90a4d151b0d|0|1786321343.089|100.000|6.250|2075865088|2098823168|sim_data_345e031ce91f1b82|__AUTOMETRIC__
__AUTOMETRIC__|0.1.2|11248|crew_log_881ae90a4d151b0d|0|1786321344.103|100.171|6.261|2075873280|2098831360|sim_data_345e031ce91f1b82|__AUTOMETRIC__
__AUTOMETRIC__|0.1.2|11248|crew_log_881ae90a4d151b0d|0|1786321345.116|98.700|6.169|2075865088|2098823168|sim_data_345e031ce91f1b82|__AUTOMETRIC__
__AUTOMETRIC__|0.1.2|11248|crew_log_881ae90a4d151b0d|0|1786321346.130|100.228|6.264|2075865088|2098823168|sim_data_345e031ce91f1b82|__AUTOMETRIC__
__AUTOMETRIC__|0.1.2|11248|crew_log_881ae90a4d151b0d|0|1786321347.144|100.154|6.260|2075865088|2098823168|sim_data_345e031ce91f1b82|__AUTOMETRIC__
__AUTOMETRIC__|0.1.2|11248|crew_log_881ae90a4d151b0d|0|1786321348.158|98.611|6.163|2075865088|2098823168|sim_data_345e031ce91f1b82|__AUTOMETRIC__
__AUTOMETRIC__|0.1.2|11248|crew_log_881ae90a4d151b0d|0|1786321349.173|100.077|6.255|2075865088|2098823168|sim_data_345e031ce91f1b82|__AUTOMETRIC__
__AUTOMETRIC__|0.1.2|11248|crew_log_881ae90a4d151b0d|0|1786321350.188|99.990|6.249|2075865088|2098823168|sim_data_345e031ce91f1b82|__AUTOMETRIC__
__AUTOMETRIC__|0.1.2|11248|crew_log_881ae90a4d151b0d|0|1786321351.203|100.076|6.255|2075865088|2098823168|sim_data_345e031ce91f1b82|__AUTOMETRIC__
__AUTOMETRIC__|0.1.2|11248|crew_log_881ae90a4d151b0d|0|1786321352.217|100.215|6.263|2075865088|2098823168|sim_data_345e031ce91f1b82|__AUTOMETRIC__
__AUTOMETRIC__|0.1.2|11248|crew_log_881ae90a4d151b0d|0|1786321353.232|100.084|6.255|2075865088|2098823168|sim_data_345e031ce91f1b82|__AUTOMETRIC__
__AUTOMETRIC__|0.1.2|11248|crew_log_881ae90a4d151b0d|0|1786321354.244|100.338|6.271|2075865088|2098823168|sim_data_345e031ce91f1b82|__AUTOMETRIC__
__AUTOMETRIC__|0.1.2|11248|crew_log_881ae90a4d151b0d|0|1786321355.258|98.641|6.165|2075865088|2098823168|sim_data_345e031ce91f1b82|__AUTOMETRIC__
__AUTOMETRIC__|0.1.2|11248|crew_log_881ae90a4d151b0d|0|1786321356.269|100.415|6.276|2075865088|2098823168|sim_data_345e031ce91f1b82|__AUTOMETRIC__
__AUTOMETRIC__|0.1.2|11248|crew_log_881ae90a4d151b0d|0|1786321357.283|100.191|6.262|2075865088|2098823168|sim_data_345e031ce91f1b82|__AUTOMETRIC__
__AUTOMETRIC__|0.1.2|11248|crew_log_881ae90a4d151b0d|0|1786321358.297|100.083|6.255|2075865088|2098823168|sim_data_345e031ce91f1b82|__AUTOMETRIC__
__AUTOMETRIC__|0.1.2|11248|crew_log_881ae90a4d151b0d|0|1786321359.312|100.109|6.257|2075865088|2098823168|sim_data_345e031ce91f1b82|__AUTOMETRIC__
__AUTOMETRIC__|0.1.2|11248|crew_log_881ae90a4d151b0d|0|1786321360.326|100.192|6.262|2075865088|2098823168|sim_data_345e031ce91f1b82|__AUTOMETRIC__
__AUTOMETRIC__|0.1.2|11248|crew_log_881ae90a4d151b0d|0|1786321361.340|100.154|6.260|2075865088|2098823168|sim_data_345e031ce91f1b82|__AUTOMETRIC__
__AUTOMETRIC__|0.1.2|11248|crew_log_881ae90a4d151b0d|0|1786321362.354|100.176|6.261|2075865088|2098823168|sim_data_345e031ce91f1b82|__AUTOMETRIC__
__AUTOMETRIC__|0.1.2|11248|crew_log_881ae90a4d151b0d|0|1786321363.369|100.005|6.250|2075865088|2098823168|sim_data_345e031ce91f1b82|__AUTOMETRIC__
__AUTOMETRIC__|0.1.2|11248|crew_log_881ae90a4d151b0d|0|1786321364.369|99.998|6.250|2075865088|2098823168|sim_data_345e031ce91f1b82|__AUTOMETRIC__
__AUTOMETRIC__|0.1.2|11248|crew_log_881ae90a4d151b0d|0|1786321365.382|101.819|6.364|2075865088|2098823168|sim_data_345e031ce91f1b82|__AUTOMETRIC__
__AUTOMETRIC__|0.1.2|11248|crew_log_881ae90a4d151b0d|0|1786321366.382|98.422|6.151|2075865088|2098823168|sim_data_345e031ce91f1b82|__AUTOMETRIC__
__AUTOMETRIC__|0.1.2|11248|crew_log_881ae90a4d151b0d|0|1786321367.396|100.138|6.259|2075865088|2098823168|sim_data_345e031ce91f1b82|__AUTOMETRIC__
__AUTOMETRIC__|0.1.2|11248|crew_log_881ae90a4d151b0d|0|1786321368.411|100.065|6.254|2075865088|2098823168|sim_data_345e031ce91f1b82|__AUTOMETRIC__
__AUTOMETRIC__|0.1.2|11248|crew_log_881ae90a4d151b0d|0|1786321369.425|100.156|6.260|2075865088|2098823168|sim_data_345e031ce91f1b82|__AUTOMETRIC__
__AUTOMETRIC__|0.1.2|11248|crew_log_881ae90a4d151b0d|0|1786321370.426|98.397|6.150|2075865088|2098823168|sim_data_345e031ce91f1b82|__AUTOMETRIC__
__AUTOMETRIC__|0.1.2|11248|crew_log_881ae90a4d151b0d|0|1786321371.439|100.240|6.265|2075865088|2098823168|sim_data_345e031ce91f1b82|__AUTOMETRIC__
__AUTOMETRIC__|0.1.2|11248|crew_log_881ae90a4d151b0d|0|1786321372.440|99.874|6.242|2075865088|2098823168|sim_data_345e031ce91f1b82|__AUTOMETRIC__
__AUTOMETRIC__|0.1.2|11248|crew_log_881ae90a4d151b0d|0|1786321373.454|100.184|6.262|2075865088|2098823168|sim_data_345e031ce91f1b82|__AUTOMETRIC__
__AUTOMETRIC__|0.1.2|11248|crew_log_881ae90a4d151b0d|0|1786321374.468|100.193|6.262|2075865088|2098823168|sim_data_345e031ce91f1b82|__AUTOMETRIC__
__AUTOMETRIC__|0.1.2|11248|crew_log_881ae90a4d151b0d|0|1786321375.480|100.326|6.270|2075865088|2098823168|sim_data_345e031ce91f1b82|__AUTOMETRIC__
__AUTOMETRIC__|0.1.2|11248|crew_log_881ae90a4d151b0d|0|1786321376.481|99.940|6.246|2075865088|2098823168|sim_data_345e031ce91f1b82|__AUTOMETRIC__
__AUTOMETRIC__|0.1.2|11248|crew_log_881ae90a4d151b0d|0|1786321377.493|100.307|6.269|2075865088|2098823168|sim_data_345e031ce91f1b82|__AUTOMETRIC__
__AUTOMETRIC__|0.1.2|11248|crew_log_881ae90a4d151b0d|0|1786321378.493|98.434|6.152|2075865088|2098823168|sim_data_345e031ce91f1b82|__AUTOMETRIC__
__AUTOMETRIC__|0.1.2|11248|crew_log_881ae90a4d151b0d|0|1786321379.506|98.723|6.170|2075865088|2098823168|sim_data_345e031ce91f1b82|__AUTOMETRIC__
__AUTOMETRIC__|0.1.2|11248|crew_log_881ae90a4d151b0d|0|1786321380.520|101.715|6.357|2075865088|2098823168|sim_data_345e031ce91f1b82|__AUTOMETRIC__
__AUTOMETRIC__|0.1.2|11248|crew_log_881ae90a4d151b0d|0|1786321381.534|100.168|6.260|2075865088|2098823168|sim_data_345e031ce91f1b82|__AUTOMETRIC__
__AUTOMETRIC__|0.1.2|11248|crew_log_881ae90a4d151b0d|0|1786321382.534|99.984|6.249|2075865088|2098823168|sim_data_345e031ce91f1b82|__AUTOMETRIC__
__AUTOMETRIC__|0.1.2|11248|crew_log_881ae90a4d151b0d|0|1786321383.548|100.118|6.257|2075865088|2098823168|sim_data_345e031ce91f1b82|__AUTOMETRIC__
__AUTOMETRIC__|0.1.2|11248|crew_log_881ae90a4d151b0d|0|1786321384.561|100.292|6.268|2075865088|2098823168|sim_data_345e031ce91f1b82|__AUTOMETRIC__
__AUTOMETRIC__|0.1.2|11248|crew_log_881ae90a4d151b0d|0|1786321385.574|98.717|6.170|2075865088|2098823168|sim_data_345e031ce91f1b82|__AUTOMETRIC__
__AUTOMETRIC__|0.1.2|11248|crew_log_881ae90a4d151b0d|0|1786321386.587|100.287|6.268|2075865088|2098823168|sim_data_345e031ce91f1b82|__AUTOMETRIC__
__AUTOMETRIC__|0.1.2|11248|crew_log_881ae90a4d151b0d|0|1786321387.602|100.018|6.251|2075865088|2098823168|sim_data_345e031ce91f1b82|__AUTOMETRIC__
__AUTOMETRIC__|0.1.2|11248|crew_log_881ae90a4d151b0d|0|1786321388.615|98.754|6.172|2075865088|2098823168|sim_data_345e031ce91f1b82|__AUTOMETRIC__
__AUTOMETRIC__|0.1.2|11248|crew_log_881ae90a4d151b0d|0|1786321389.629|100.150|6.259|2076745728|2099703808|sim_data_345e031ce91f1b82|__AUTOMETRIC__
__AUTOMETRIC__|0.1.2|11248|crew_log_881ae90a4d151b0d|0|1786321390.643|100.153|6.260|2076676096|2099634176|sim_data_345e031ce91f1b82|__AUTOMETRIC__
__AUTOMETRIC__|0.1.2|11248|crew_log_881ae90a4d151b0d|0|1786321391.656|98.674|6.167|2076676096|2099634176|sim_data_345e031ce91f1b82|__AUTOMETRIC__
__AUTOMETRIC__|0.1.2|11248|crew_log_881ae90a4d151b0d|0|1786321392.672|98.466|6.154|2076676096|2099634176|sim_data_345e031ce91f1b82|__AUTOMETRIC__
__AUTOMETRIC__|0.1.2|11248|crew_log_881ae90a4d151b0d|0|1786321393.674|98.262|6.141|2076676096|2099634176|sim_data_345e031ce91f1b82|__AUTOMETRIC__
__AUTOMETRIC__|0.1.2|11248|crew_log_881ae90a4d151b0d|0|1786321394.686|100.318|6.270|2076676096|2099634176|sim_data_345e031ce91f1b82|__AUTOMETRIC__
__AUTOMETRIC__|0.1.2|11248|crew_log_881ae90a4d151b0d|0|1786321395.701|98.531|6.158|2076676096|2099634176|sim_data_345e031ce91f1b82|__AUTOMETRIC__
__AUTOMETRIC__|0.1.2|11248|crew_log_881ae90a4d151b0d|0|1786321396.716|100.044|6.253|2076676096|2099634176|sim_data_345e031ce91f1b82|__AUTOMETRIC__
__AUTOMETRIC__|0.1.2|11248|crew_log_881ae90a4d151b0d|0|1786321397.729|98.717|6.170|2076676096|2099634176|sim_data_345e031ce91f1b82|__AUTOMETRIC__
__AUTOMETRIC__|0.1.2|11248|crew_log_881ae90a4d151b0d|0|1786321398.744|100.060|6.254|2076676096|2099634176|sim_data_345e031ce91f1b82|__AUTOMETRIC__
__AUTOMETRIC__|0.1.2|11248|crew_log_881ae90a4d151b0d|0|1786321399.759|100.112|6.257|2076676096|2099634176|sim_data_345e031ce91f1b82|__AUTOMETRIC__
__AUTOMETRIC__|0.1.2|11248|crew_log_881ae90a4d151b0d|0|1786321400.774|100.064|6.254|2076676096|2099634176|sim_data_345e031ce91f1b82|__AUTOMETRIC__
__AUTOMETRIC__|0.1.2|11248|crew_log_881ae90a4d151b0d|0|1786321401.786|98.744|6.172|2076676096|2099634176|sim_data_345e031ce91f1b82|__AUTOMETRIC__
__AUTOMETRIC__|0.1.2|11248|crew_log_881ae90a4d151b0d|0|1786321402.801|100.159|6.260|2076676096|2099634176|sim_data_345e031ce91f1b82|__AUTOMETRIC__
__AUTOMETRIC__|0.1.2|11248|crew_log_881ae90a4d151b0d|0|1786321403.815|100.139|6.259|2076676096|2099634176|sim_data_345e031ce91f1b82|__AUTOMETRIC__
__AUTOMETRIC__|0.1.2|11248|crew_log_881ae90a4d151b0d|0|1786321404.825|97.389|6.087|2076676096|2099634176|sim_data_345e031ce91f1b82|__AUTOMETRIC__
__AUTOMETRIC__|0.1.2|11248|crew_log_881ae90a4d151b0d|0|1786321405.839|100.198|6.262|2076676096|2099634176|sim_data_345e031ce91f1b82|__AUTOMETRIC__
__AUTOMETRIC__|0.1.2|11248|crew_log_881ae90a4d151b0d|0|1786321406.854|100.032|6.252|2076676096|2099634176|sim_data_345e031ce91f1b82|__AUTOMETRIC__
__AUTOMETRIC__|0.1.2|11248|crew_log_881ae90a4d151b0d|0|1786321407.868|100.231|6.264|2076676096|2099634176|sim_data_345e031ce91f1b82|__AUTOMETRIC__
__AUTOMETRIC__|0.1.2|11248|crew_log_881ae90a4d151b0d|0|1786321408.882|98.590|6.162|2076676096|2099634176|sim_data_345e031ce91f1b82|__AUTOMETRIC__
__AUTOMETRIC__|0.1.2|11248|crew_log_881ae90a4d151b0d|0|1786321409.895|98.689|6.168|2076676096|2099634176|sim_data_345e031ce91f1b82|__AUTOMETRIC__
__AUTOMETRIC__|0.1.2|11248|crew_log_881ae90a4d151b0d|0|1786321410.907|100.380|6.274|2076676096|2099634176|sim_data_345e031ce91f1b82|__AUTOMETRIC__
__AUTOMETRIC__|0.1.2|11248|crew_log_881ae90a4d151b0d|0|1786321411.923|99.993|6.250|2076676096|2099634176|sim_data_345e031ce91f1b82|__AUTOMETRIC__
__AUTOMETRIC__|0.1.2|11248|crew_log_881ae90a4d151b0d|0|1786321412.938|100.003|6.250|2076676096|2099634176|sim_data_345e031ce91f1b82|__AUTOMETRIC__
__AUTOMETRIC__|0.1.2|11248|crew_log_881ae90a4d151b0d|0|1786321413.954|99.978|6.249|2076676096|2099634176|sim_data_345e031ce91f1b82|__AUTOMETRIC__
__AUTOMETRIC__|0.1.2|11248|crew_log_881ae90a4d151b0d|0|1786321414.967|100.241|6.265|2076676096|2099634176|sim_data_345e031ce91f1b82|__AUTOMETRIC__
__AUTOMETRIC__|0.1.2|11248|crew_log_881ae90a4d151b0d|0|1786321415.980|100.339|6.271|2076676096|2099634176|sim_data_345e031ce91f1b82|__AUTOMETRIC__
__AUTOMETRIC__|0.1.2|11248|crew_log_881ae90a4d151b0d|0|1786321416.994|101.683|6.355|2076676096|2099634176|sim_data_345e031ce91f1b82|__AUTOMETRIC__
__AUTOMETRIC__|0.1.2|11248|crew_log_881ae90a4d151b0d|0|1786321418.008|98.642|6.165|2076676096|2099634176|sim_data_345e031ce91f1b82|__AUTOMETRIC__
__AUTOMETRIC__|0.1.2|11248|crew_log_881ae90a4d151b0d|0|1786321419.023|100.044|6.253|2076676096|2099634176|sim_data_345e031ce91f1b82|__AUTOMETRIC__
__AUTOMETRIC__|0.1.2|11248|crew_log_881ae90a4d151b0d|0|1786321420.036|98.725|6.170|2076676096|2099634176|sim_data_345e031ce91f1b82|__AUTOMETRIC__
__AUTOMETRIC__|0.1.2|11248|crew_log_881ae90a4d151b0d|0|1786321421.036|98.418|6.151|2076676096|2099634176|sim_data_345e031ce91f1b82|__AUTOMETRIC__
__AUTOMETRIC__|0.1.2|11248|crew_log_881ae90a4d151b0d|0|1786321422.048|100.378|6.274|2076676096|2099634176|sim_data_345e031ce91f1b82|__AUTOMETRIC__
__AUTOMETRIC__|0.1.2|11248|crew_log_881ae90a4d151b0d|0|1786321423.059|100.456|6.279|2076676096|2099634176|sim_data_345e031ce91f1b82|__AUTOMETRIC__
__AUTOMETRIC__|0.1.2|11248|crew_log_881ae90a4d151b0d|0|1786321424.075|99.965|6.248|2076676096|2099634176|sim_data_345e031ce91f1b82|__AUTOMETRIC__
__AUTOMETRIC__|0.1.2|11248|crew_log_881ae90a4d151b0d|0|1786321425.089|98.604|6.163|2076676096|2099634176|sim_data_345e031ce91f1b82|__AUTOMETRIC__
__AUTOMETRIC__|0.1.2|11248|crew_log_881ae90a4d151b0d|0|1786321426.103|100.179|6.261|2076676096|2099634176|sim_data_345e031ce91f1b82|__AUTOMETRIC__
__AUTOMETRIC__|0.1.2|11248|crew_log_881ae90a4d151b0d|0|1786321427.117|100.103|6.256|2076676096|2099634176|sim_data_345e031ce91f1b82|__AUTOMETRIC__
__AUTOMETRIC__|0.1.2|11248|crew_log_881ae90a4d151b0d|0|1786321428.132|98.549|6.159|2076676096|2099634176|sim_data_345e031ce91f1b82|__AUTOMETRIC__
__AUTOMETRIC__|0.1.2|11248|crew_log_881ae90a4d151b0d|0|1786321429.144|98.779|6.174|2076676096|2099634176|sim_data_345e031ce91f1b82|__AUTOMETRIC__
__AUTOMETRIC__|0.1.2|11248|crew_log_881ae90a4d151b0d|0|1786321430.159|100.112|6.257|2076676096|2099634176|sim_data_345e031ce91f1b82|__AUTOMETRIC__
__AUTOMETRIC__|0.1.2|11248|crew_log_881ae90a4d151b0d|0|1786321431.173|100.129|6.258|2076676096|2099634176|sim_data_345e031ce91f1b82|__AUTOMETRIC__
__AUTOMETRIC__|0.1.2|11248|crew_log_881ae90a4d151b0d|0|1786321432.189|99.991|6.249|2076676096|2099634176|sim_data_345e031ce91f1b82|__AUTOMETRIC__
__AUTOMETRIC__|0.1.2|11248|crew_log_881ae90a4d151b0d|0|1786321433.190|99.905|6.244|2076676096|2099634176|sim_data_345e031ce91f1b82|__AUTOMETRIC__
__AUTOMETRIC__|0.1.2|11248|crew_log_881ae90a4d151b0d|0|1786321434.203|100.182|6.261|2076676096|2099634176|sim_data_345e031ce91f1b82|__AUTOMETRIC__
__AUTOMETRIC__|0.1.2|11248|crew_log_881ae90a4d151b0d|0|1786321435.216|98.723|6.170|2076676096|2099634176|sim_data_345e031ce91f1b82|__AUTOMETRIC__
__AUTOMETRIC__|0.1.2|11248|crew_log_881ae90a4d151b0d|0|1786321436.217|99.983|6.249|2076676096|2099634176|sim_data_345e031ce91f1b82|__AUTOMETRIC__
__AUTOMETRIC__|0.1.2|11248|crew_log_881ae90a4d151b0d|0|1786321437.230|100.244|6.265|2076676096|2099634176|sim_data_345e031ce91f1b82|__AUTOMETRIC__
__AUTOMETRIC__|0.1.2|11248|crew_log_881ae90a4d151b0d|0|1786321438.230|96.841|6.053|2076676096|2099634176|sim_data_345e031ce91f1b82|__AUTOMETRIC__
__AUTOMETRIC__|0.1.2|11248|crew_log_881ae90a4d151b0d|0|1786321439.246|100.012|6.251|2076684288|2099642368|sim_data_345e031ce91f1b82|__AUTOMETRIC__
__AUTOMETRIC__|0.1.2|11248|crew_log_881ae90a4d151b0d|0|1786321440.261|100.021|6.251|2076676096|2099634176|sim_data_345e031ce91f1b82|__AUTOMETRIC__
__AUTOMETRIC__|0.1.2|11248|crew_log_881ae90a4d151b0d|0|1786321441.262|99.946|6.247|2076684288|2099642368|sim_data_345e031ce91f1b82|__AUTOMETRIC__
__AUTOMETRIC__|0.1.2|11248|crew_log_881ae90a4d151b0d|0|1786321442.276|98.575|6.161|2076676096|2099634176|sim_data_345e031ce91f1b82|__AUTOMETRIC__
__AUTOMETRIC__|0.1.2|11248|crew_log_881ae90a4d151b0d|0|1786321443.291|100.101|6.256|2076676096|2099634176|sim_data_345e031ce91f1b82|__AUTOMETRIC__
__AUTOMETRIC__|0.1.2|11248|crew_log_881ae90a4d151b0d|0|1786321444.306|100.066|6.254|2076676096|2099634176|sim_data_345e031ce91f1b82|__AUTOMETRIC__
__AUTOMETRIC__|0.1.2|11248|crew_log_881ae90a4d151b0d|0|1786321445.318|98.755|6.172|2076676096|2099634176|sim_data_345e031ce91f1b82|__AUTOMETRIC__
__AUTOMETRIC__|0.1.2|11248|crew_log_881ae90a4d151b0d|0|1786321446.331|98.684|6.168|2076676096|2099634176|sim_data_345e031ce91f1b82|__AUTOMETRIC__
__AUTOMETRIC__|0.1.2|11248|crew_log_881ae90a4d151b0d|0|1786321447.344|100.259|6.266|2076676096|2099634176|sim_data_345e031ce91f1b82|__AUTOMETRIC__
__AUTOMETRIC__|0.1.2|11248|crew_log_881ae90a4d151b0d|0|1786321448.346|99.820|6.239|2076676096|2099634176|sim_data_345e031ce91f1b82|__AUTOMETRIC__
__AUTOMETRIC__|0.1.2|11248|crew_log_881ae90a4d151b0d|0|1786321449.362|99.978|6.249|2076676096|2099634176|sim_data_345e031ce91f1b82|__AUTOMETRIC__
__AUTOMETRIC__|0.1.2|11248|crew_log_881ae90a4d151b0d|0|1786321450.375|100.247|6.265|2076676096|2099634176|sim_data_345e031ce91f1b82|__AUTOMETRIC__
__AUTOMETRIC__|0.1.2|11248|crew_log_881ae90a4d151b0d|0|1786321451.387|100.353|6.272|2076676096|2099634176|sim_data_345e031ce91f1b82|__AUTOMETRIC__
__AUTOMETRIC__|0.1.2|11248|crew_log_881ae90a4d151b0d|0|1786321452.399|100.426|6.277|2076676096|2099634176|sim_data_345e031ce91f1b82|__AUTOMETRIC__
__AUTOMETRIC__|0.1.2|11248|crew_log_881ae90a4d151b0d|0|1786321453.412|98.650|6.166|2076676096|2099634176|sim_data_345e031ce91f1b82|__AUTOMETRIC__
__AUTOMETRIC__|0.1.2|11248|crew_log_881ae90a4d151b0d|0|1786321454.427|101.668|6.354|2076676096|2099634176|sim_data_345e031ce91f1b82|__AUTOMETRIC__
__AUTOMETRIC__|0.1.2|11248|crew_log_881ae90a4d151b0d|0|1786321455.428|99.868|6.242|2076676096|2099634176|sim_data_345e031ce91f1b82|__AUTOMETRIC__
__AUTOMETRIC__|0.1.2|11248|crew_log_881ae90a4d151b0d|0|1786321456.443|100.027|6.252|2077741056|2100695040|sim_data_345e031ce91f1b82|__AUTOMETRIC__
__AUTOMETRIC__|0.1.2|11248|crew_log_881ae90a4d151b0d|0|1786321457.456|101.808|6.363|2077700096|2100654080|sim_data_345e031ce91f1b82|__AUTOMETRIC__
__AUTOMETRIC__|0.1.2|11248|crew_log_881ae90a4d151b0d|0|1786321458.469|101.866|6.367|2077700096|2100654080|sim_data_345e031ce91f1b82|__AUTOMETRIC__
__AUTOMETRIC__|0.1.2|11248|crew_log_881ae90a4d151b0d|0|1786321459.483|100.169|6.261|2077700096|2100654080|sim_data_345e031ce91f1b82|__AUTOMETRIC__
__AUTOMETRIC__|0.1.2|11248|crew_log_881ae90a4d151b0d|0|1786321460.497|100.140|6.259|2077708288|2100662272|sim_data_345e031ce91f1b82|__AUTOMETRIC__
__AUTOMETRIC__|0.1.2|11248|crew_log_881ae90a4d151b0d|0|1786321461.511|100.146|6.259|2077708288|2100662272|sim_data_345e031ce91f1b82|__AUTOMETRIC__
__AUTOMETRIC__|0.1.2|11248|crew_log_881ae90a4d151b0d|0|1786321462.512|99.847|6.240|2077708288|2100662272|sim_data_345e031ce91f1b82|__AUTOMETRIC__
__AUTOMETRIC__|0.1.2|11248|crew_log_881ae90a4d151b0d|0|1786321463.524|98.814|6.176|2077700096|2100654080|sim_data_345e031ce91f1b82|__AUTOMETRIC__
__AUTOMETRIC__|0.1.2|11248|crew_log_881ae90a4d151b0d|0|1786321464.535|98.922|6.183|2077700096|2100654080|sim_data_345e031ce91f1b82|__AUTOMETRIC__
__AUTOMETRIC__|0.1.2|11248|crew_log_881ae90a4d151b0d|0|1786321465.550|100.057|6.254|2077700096|2100654080|sim_data_345e031ce91f1b82|__AUTOMETRIC__
__AUTOMETRIC__|0.1.2|11248|crew_log_881ae90a4d151b0d|0|1786321466.563|100.267|6.267|2077700096|2100654080|sim_data_345e031ce91f1b82|__AUTOMETRIC__
__AUTOMETRIC__|0.1.2|11248|crew_log_881ae90a4d151b0d|0|1786321467.577|100.142|6.259|2077700096|2100654080|sim_data_345e031ce91f1b82|__AUTOMETRIC__
__AUTOMETRIC__|0.1.2|11248|crew_log_881ae90a4d151b0d|0|1786321468.592|100.091|6.256|2077700096|2100654080|sim_data_345e031ce91f1b82|__AUTOMETRIC__
__AUTOMETRIC__|0.1.2|11248|crew_log_881ae90a4d151b0d|0|1786321469.605|100.263|6.266|2077700096|2100654080|sim_data_345e031ce91f1b82|__AUTOMETRIC__
__AUTOMETRIC__|0.1.2|11248|crew_log_881ae90a4d151b0d|0|1786321470.620|100.107|6.257|2077700096|2100654080|sim_data_345e031ce91f1b82|__AUTOMETRIC__
__AUTOMETRIC__|0.1.2|11248|crew_log_881ae90a4d151b0d|0|1786321471.620|99.921|6.245|2077700096|2100654080|sim_data_345e031ce91f1b82|__AUTOMETRIC__
__AUTOMETRIC__|0.1.2|11248|crew_log_881ae90a4d151b0d|0|1786321472.635|100.121|6.258|2077700096|2100654080|sim_data_345e031ce91f1b82|__AUTOMETRIC__
__AUTOMETRIC__|0.1.2|11248|crew_log_881ae90a4d151b0d|0|1786321473.650|99.999|6.250|2077700096|2100654080|sim_data_345e031ce91f1b82|__AUTOMETRIC__
__AUTOMETRIC__|0.1.2|11248|crew_log_881ae90a4d151b0d|0|1786321474.652|99.855|6.241|2077700096|2100654080|sim_data_345e031ce91f1b82|__AUTOMETRIC__
__AUTOMETRIC__|0.1.2|11248|crew_log_881ae90a4d151b0d|0|1786321475.667|100.058|6.254|2077700096|2100654080|sim_data_345e031ce91f1b82|__AUTOMETRIC__
__AUTOMETRIC__|0.1.2|11248|crew_log_881ae90a4d151b0d|0|1786321476.681|100.146|6.259|2077700096|2100654080|sim_data_345e031ce91f1b82|__AUTOMETRIC__
__AUTOMETRIC__|0.1.2|11248|crew_log_881ae90a4d151b0d|0|1786321477.696|100.081|6.255|2077700096|2100654080|sim_data_345e031ce91f1b82|__AUTOMETRIC__
__AUTOMETRIC__|0.1.2|11248|crew_log_881ae90a4d151b0d|0|1786321478.711|100.084|6.255|2077708288|2100662272|sim_data_345e031ce91f1b82|__AUTOMETRIC__
__AUTOMETRIC__|0.1.2|11248|crew_log_881ae90a4d151b0d|0|1786321479.725|98.542|6.159|2077700096|2100654080|sim_data_345e031ce91f1b82|__AUTOMETRIC__
__AUTOMETRIC__|0.1.2|11248|crew_log_881ae90a4d151b0d|0|1786321480.726|99.993|6.250|2077700096|2100654080|sim_data_345e031ce91f1b82|__AUTOMETRIC__
__AUTOMETRIC__|0.1.2|11248|crew_log_881ae90a4d151b0d|0|1786321481.739|98.632|6.165|2077700096|2100654080|sim_data_345e031ce91f1b82|__AUTOMETRIC__
__AUTOMETRIC__|0.1.2|11248|crew_log_881ae90a4d151b0d|0|1786321482.756|101.482|6.343|2077700096|2100654080|sim_data_345e031ce91f1b82|__AUTOMETRIC__
__AUTOMETRIC__|0.1.2|11248|crew_log_881ae90a4d151b0d|0|1786321483.770|98.565|6.160|2077700096|2100654080|sim_data_345e031ce91f1b82|__AUTOMETRIC__
__AUTOMETRIC__|0.1.2|11248|crew_log_881ae90a4d151b0d|0|1786321484.784|100.176|6.261|2077782016|2100768768|sim_data_345e031ce91f1b82|__AUTOMETRIC__
__AUTOMETRIC__|0.1.2|11248|crew_log_881ae90a4d151b0d|0|1786321485.785|99.866|6.242|2077782016|2100768768|sim_data_345e031ce91f1b82|__AUTOMETRIC__
__AUTOMETRIC__|0.1.2|11248|crew_log_881ae90a4d151b0d|0|1786321486.800|101.651|6.353|2077782016|2100768768|sim_data_345e031ce91f1b82|__AUTOMETRIC__
__AUTOMETRIC__|0.1.2|11248|crew_log_881ae90a4d151b0d|0|1786321487.812|100.345|6.272|2077782016|2100768768|sim_data_345e031ce91f1b82|__AUTOMETRIC__
__AUTOMETRIC__|0.1.2|11248|crew_log_881ae90a4d151b0d|0|1786321488.827|98.537|6.159|2077782016|2100768768|sim_data_345e031ce91f1b82|__AUTOMETRIC__
__AUTOMETRIC__|0.1.2|11248|crew_log_881ae90a4d151b0d|0|1786321489.840|100.205|6.263|2077782016|2100768768|sim_data_345e031ce91f1b82|__AUTOMETRIC__
__AUTOMETRIC__|0.1.2|11248|crew_log_881ae90a4d151b0d|0|1786321490.840|99.990|6.249|2077782016|2100768768|sim_data_345e031ce91f1b82|__AUTOMETRIC__
__AUTOMETRIC__|0.1.2|11248|crew_log_881ae90a4d151b0d|0|1786321491.841|99.937|6.246|2077782016|2100768768|sim_data_345e031ce91f1b82|__AUTOMETRIC__
__AUTOMETRIC__|0.1.2|11248|crew_log_881ae90a4d151b0d|0|1786321492.853|100.362|6.273|2077782016|2100768768|sim_data_345e031ce91f1b82|__AUTOMETRIC__
__AUTOMETRIC__|0.1.2|11248|crew_log_881ae90a4d151b0d|0|1786321493.866|98.724|6.170|2077782016|2100768768|sim_data_345e031ce91f1b82|__AUTOMETRIC__
__AUTOMETRIC__|0.1.2|11248|crew_log_881ae90a4d151b0d|0|1786321494.882|100.005|6.250|2077782016|2100768768|sim_data_345e031ce91f1b82|__AUTOMETRIC__
__AUTOMETRIC__|0.1.2|11248|crew_log_881ae90a4d151b0d|0|1786321495.897|101.511|6.344|2077782016|2100768768|sim_data_345e031ce91f1b82|__AUTOMETRIC__
__AUTOMETRIC__|0.1.2|11248|crew_log_881ae90a4d151b0d|0|1786321496.911|98.637|6.165|2077782016|2100768768|sim_data_345e031ce91f1b82|__AUTOMETRIC__
__AUTOMETRIC__|0.1.2|11248|crew_log_881ae90a4d151b0d|0|1786321497.913|101.385|6.337|2077782016|2100768768|sim_data_345e031ce91f1b82|__AUTOMETRIC__
__AUTOMETRIC__|0.1.2|11248|crew_log_881ae90a4d151b0d|0|1786321498.928|98.529|6.158|2077782016|2100768768|sim_data_345e031ce91f1b82|__AUTOMETRIC__
__AUTOMETRIC__|0.1.2|11248|crew_log_881ae90a4d151b0d|0|1786321499.943|101.637|6.352|2077782016|2100768768|sim_data_345e031ce91f1b82|__AUTOMETRIC__
__AUTOMETRIC__|0.1.2|11248|crew_log_881ae90a4d151b0d|0|1786321500.956|100.175|6.261|2077782016|2100768768|sim_data_345e031ce91f1b82|__AUTOMETRIC__
__AUTOMETRIC__|0.1.2|11248|crew_log_881ae90a4d151b0d|0|1786321501.966|100.568|6.285|2077782016|2100768768|sim_data_345e031ce91f1b82|__AUTOMETRIC__
__AUTOMETRIC__|0.1.2|11248|crew_log_881ae90a4d151b0d|0|1786321502.978|100.418|6.276|2077782016|2100768768|sim_data_345e031ce91f1b82|__AUTOMETRIC__
__AUTOMETRIC__|0.1.2|11248|crew_log_881ae90a4d151b0d|0|1786321503.991|98.656|6.166|2077782016|2100768768|sim_data_345e031ce91f1b82|__AUTOMETRIC__
__AUTOMETRIC__|0.1.2|11248|crew_log_881ae90a4d151b0d|0|1786321505.006|100.122|6.258|2077782016|2100768768|sim_data_345e031ce91f1b82|__AUTOMETRIC__
__AUTOMETRIC__|0.1.2|11248|crew_log_881ae90a4d151b0d|0|1786321506.006|101.492|6.343|2077782016|2100768768|sim_data_345e031ce91f1b82|__AUTOMETRIC__
__AUTOMETRIC__|0.1.2|11248|crew_log_881ae90a4d151b0d|0|1786321507.020|100.163|6.260|2077782016|2100768768|sim_data_345e031ce91f1b82|__AUTOMETRIC__
__AUTOMETRIC__|0.1.2|11248|crew_log_881ae90a4d151b0d|0|1786321508.035|100.140|6.259|2077782016|2100768768|sim_data_345e031ce91f1b82|__AUTOMETRIC__
__AUTOMETRIC__|0.1.2|11248|crew_log_881ae90a4d151b0d|0|1786321509.051|99.949|6.247|2077782016|2100768768|sim_data_345e031ce91f1b82|__AUTOMETRIC__
__AUTOMETRIC__|0.1.2|11248|crew_log_881ae90a4d151b0d|0|1786321510.064|100.280|6.268|2077782016|2100768768|sim_data_345e031ce91f1b82|__AUTOMETRIC__
__AUTOMETRIC__|0.1.2|11248|crew_log_881ae90a4d151b0d|0|1786321511.064|99.990|6.249|2077782016|2100768768|sim_data_345e031ce91f1b82|__AUTOMETRIC__
__AUTOMETRIC__|0.1.2|11248|crew_log_881ae90a4d151b0d|0|1786321512.076|98.749|6.172|2077782016|2100768768|sim_data_345e031ce91f1b82|__AUTOMETRIC__
__AUTOMETRIC__|0.1.2|11248|crew_log_881ae90a4d151b0d|0|1786321513.091|100.050|6.253|2077782016|2100768768|sim_data_345e031ce91f1b82|__AUTOMETRIC__
__AUTOMETRIC__|0.1.2|11248|crew_log_881ae90a4d151b0d|0|1786321514.105|98.628|6.164|2077782016|2100768768|sim_data_345e031ce91f1b82|__AUTOMETRIC__
__AUTOMETRIC__|0.1.2|11248|crew_log_881ae90a4d151b0d|0|1786321515.119|100.149|6.259|2077782016|2100768768|sim_data_345e031ce91f1b82|__AUTOMETRIC__
__AUTOMETRIC__|0.1.2|11248|crew_log_881ae90a4d151b0d|0|1786321516.133|100.195|6.262|2077782016|2100768768|sim_data_345e031ce91f1b82|__AUTOMETRIC__
__AUTOMETRIC__|0.1.2|11248|crew_log_881ae90a4d151b0d|0|1786321517.145|98.844|6.178|2077782016|2100768768|sim_data_345e031ce91f1b82|__AUTOMETRIC__
__AUTOMETRIC__|0.1.2|11248|crew_log_881ae90a4d151b0d|0|1786321518.160|100.069|6.254|2077782016|2100768768|sim_data_345e031ce91f1b82|__AUTOMETRIC__
__AUTOMETRIC__|0.1.2|11248|crew_log_881ae90a4d151b0d|0|1786321519.174|100.089|6.256|2077782016|2100768768|sim_data_345e031ce91f1b82|__AUTOMETRIC__
__AUTOMETRIC__|0.1.2|11248|crew_log_881ae90a4d151b0d|0|1786321520.189|100.099|6.256|2077782016|2100768768|sim_data_345e031ce91f1b82|__AUTOMETRIC__
__AUTOMETRIC__|0.1.2|11248|crew_log_881ae90a4d151b0d|0|1786321521.204|100.036|6.252|2157027328|2179989504|sim_data_345e031ce91f1b82|__AUTOMETRIC__
__AUTOMETRIC__|0.1.2|11248|crew_log_881ae90a4d151b0d|0|1786321522.218|98.665|6.167|2167455744|2190770176|sim_data_345e031ce91f1b82|__AUTOMETRIC__
__AUTOMETRIC__|0.1.2|11248|crew_log_881ae90a4d151b0d|0|1786321523.233|101.568|6.348|2252640256|2275971072|sim_data_345e031ce91f1b82|__AUTOMETRIC__
__AUTOMETRIC__|0.1.2|11248|crew_log_881ae90a4d151b0d|0|1786321524.248|101.643|6.353|2067038208|2090332160|sim_data_345e031ce91f1b82|__AUTOMETRIC__
__AUTOMETRIC__|0.1.2|11248|crew_log_881ae90a4d151b0d|0|1786321525.261|98.707|6.169|2073690112|2097565696|sim_data_345e031ce91f1b82|__AUTOMETRIC__
__AUTOMETRIC__|0.1.2|11248|crew_log_881ae90a4d151b0d|0|1786321526.275|100.166|6.260|2061279232|2085380096|sim_data_345e031ce91f1b82|__AUTOMETRIC__
__AUTOMETRIC__|0.1.2|11248|crew_log_881ae90a4d151b0d|0|1786321527.290|81.545|5.097|2071633920|2094866432|sim_data_345e031ce91f1b82|__AUTOMETRIC__
__AUTOMETRIC__|0.1.2|11248|crew_log_881ae90a4d151b0d|0|1786321528.304|100.178|6.261|2067922944|2090455040|sim_data_345e031ce91f1b82|__AUTOMETRIC__
__AUTOMETRIC__|0.1.2|11248|crew_log_881ae90a4d151b0d|0|1786321529.318|98.615|6.163|2067542016|2089947136|sim_data_345e031ce91f1b82|__AUTOMETRIC__
__AUTOMETRIC__|0.1.2|11248|crew_log_881ae90a4d151b0d|0|1786321530.332|101.739|6.359|2067484672|2089832448|sim_data_345e031ce91f1b82|__AUTOMETRIC__
__AUTOMETRIC__|0.1.2|11248|crew_log_881ae90a4d151b0d|0|1786321531.347|100.026|6.252|2067484672|2089832448|sim_data_345e031ce91f1b82|__AUTOMETRIC__
__AUTOMETRIC__|0.1.2|11248|crew_log_881ae90a4d151b0d|0|1786321532.362|100.123|6.258|2067484672|2089832448|sim_data_345e031ce91f1b82|__AUTOMETRIC__
__AUTOMETRIC__|0.1.2|11248|crew_log_881ae90a4d151b0d|0|1786321533.377|98.449|6.153|2068525056|2090807296|sim_data_345e031ce91f1b82|__AUTOMETRIC__
__AUTOMETRIC__|0.1.2|11248|crew_log_881ae90a4d151b0d|0|1786321534.390|100.266|6.267|2068525056|2090807296|sim_data_345e031ce91f1b82|__AUTOMETRIC__
__AUTOMETRIC__|0.1.2|11248|crew_log_881ae90a4d151b0d|0|1786321535.403|100.263|6.266|2068525056|2090807296|sim_data_345e031ce91f1b82|__AUTOMETRIC__
__AUTOMETRIC__|0.1.2|11248|crew_log_881ae90a4d151b0d|0|1786321536.416|101.875|6.367|2068525056|2090807296|sim_data_345e031ce91f1b82|__AUTOMETRIC__
__AUTOMETRIC__|0.1.2|11248|crew_log_881ae90a4d151b0d|0|1786321537.428|98.763|6.173|2068525056|2090807296|sim_data_345e031ce91f1b82|__AUTOMETRIC__
__AUTOMETRIC__|0.1.2|11248|crew_log_881ae90a4d151b0d|0|1786321538.428|103.080|6.442|2068525056|2090807296|sim_data_345e031ce91f1b82|__AUTOMETRIC__
__AUTOMETRIC__|0.1.2|11248|crew_log_881ae90a4d151b0d|0|1786321539.443|96.996|6.062|2069372928|2091655168|sim_data_345e031ce91f1b82|__AUTOMETRIC__
__AUTOMETRIC__|0.1.2|11248|crew_log_881ae90a4d151b0d|0|1786321540.444|101.486|6.343|2069372928|2091655168|sim_data_345e031ce91f1b82|__AUTOMETRIC__
__AUTOMETRIC__|0.1.2|11248|crew_log_881ae90a4d151b0d|0|1786321541.457|100.263|6.266|2069377024|2091659264|sim_data_345e031ce91f1b82|__AUTOMETRIC__
__AUTOMETRIC__|0.1.2|11248|crew_log_881ae90a4d151b0d|0|1786321542.471|100.139|6.259|2069377024|2091659264|sim_data_345e031ce91f1b82|__AUTOMETRIC__
__AUTOMETRIC__|0.1.2|11248|crew_log_881ae90a4d151b0d|0|1786321543.483|100.336|6.271|2069385216|2091667456|sim_data_345e031ce91f1b82|__AUTOMETRIC__
__AUTOMETRIC__|0.1.2|11248|crew_log_881ae90a4d151b0d|0|1786321544.484|96.856|6.053|2070417408|2092699648|sim_data_345e031ce91f1b82|__AUTOMETRIC__
__AUTOMETRIC__|0.1.2|11248|crew_log_881ae90a4d151b0d|0|1786321545.498|100.128|6.258|2070347776|2092630016|sim_data_345e031ce91f1b82|__AUTOMETRIC__
__AUTOMETRIC__|0.1.2|11248|crew_log_881ae90a4d151b0d|0|1786321546.511|100.285|6.268|2070347776|2092630016|sim_data_345e031ce91f1b82|__AUTOMETRIC__
__AUTOMETRIC__|0.1.2|11248|crew_log_881ae90a4d151b0d|0|1786321547.526|100.037|6.252|2070347776|2092630016|sim_data_345e031ce91f1b82|__AUTOMETRIC__
__AUTOMETRIC__|0.1.2|11248|crew_log_881ae90a4d151b0d|0|1786321548.540|100.130|6.258|2070347776|2092630016|sim_data_345e031ce91f1b82|__AUTOMETRIC__
__AUTOMETRIC__|0.1.2|11248|crew_log_881ae90a4d151b0d|0|1786321549.555|98.508|6.157|2070347776|2092630016|sim_data_345e031ce91f1b82|__AUTOMETRIC__
__AUTOMETRIC__|0.1.2|11248|crew_log_881ae90a4d151b0d|0|1786321550.570|100.067|6.254|2070347776|2092630016|sim_data_345e031ce91f1b82|__AUTOMETRIC__
__AUTOMETRIC__|0.1.2|11248|crew_log_881ae90a4d151b0d|0|1786321551.585|98.547|6.159|2070347776|2092630016|sim_data_345e031ce91f1b82|__AUTOMETRIC__
__AUTOMETRIC__|0.1.2|11248|crew_log_881ae90a4d151b0d|0|1786321552.598|98.734|6.171|2201600000|2223874048|sim_data_345e031ce91f1b82|__AUTOMETRIC__
__AUTOMETRIC__|0.1.2|11248|crew_log_881ae90a4d151b0d|0|1786321553.613|101.590|6.349|2204868608|2227499008|sim_data_345e031ce91f1b82|__AUTOMETRIC__
__AUTOMETRIC__|0.1.2|11248|crew_log_881ae90a4d151b0d|0|1786321554.625|98.822|6.176|2210938880|2233552896|sim_data_345e031ce91f1b82|__AUTOMETRIC__
__AUTOMETRIC__|0.1.2|11248|crew_log_881ae90a4d151b0d|0|1786321555.641|99.989|6.249|2214227968|2236731392|sim_data_345e031ce91f1b82|__AUTOMETRIC__
__AUTOMETRIC__|0.1.2|11248|crew_log_881ae90a4d151b0d|0|1786321556.655|103.251|6.453|2077335552|2099752960|sim_data_345e031ce91f1b82|__AUTOMETRIC__
__AUTOMETRIC__|0.1.2|11248|crew_log_881ae90a4d151b0d|0|1786321557.670|81.587|5.099|2084786176|2107478016|sim_data_345e031ce91f1b82|__AUTOMETRIC__
__AUTOMETRIC__|0.1.2|11248|crew_log_881ae90a4d151b0d|0|1786321558.685|100.037|6.252|2082705408|2104193024|sim_data_345e031ce91f1b82|__AUTOMETRIC__
__AUTOMETRIC__|0.1.2|11248|crew_log_881ae90a4d151b0d|0|1786321559.686|99.897|6.244|2082717696|2104205312|sim_data_345e031ce91f1b82|__AUTOMETRIC__
__AUTOMETRIC__|0.1.2|11248|crew_log_881ae90a4d151b0d|0|1786321560.698|100.378|6.274|2082062336|2103439360|sim_data_345e031ce91f1b82|__AUTOMETRIC__
__AUTOMETRIC__|0.1.2|11248|crew_log_881ae90a4d151b0d|0|1786321561.712|97.094|6.068|2083164160|2104479744|sim_data_345e031ce91f1b82|__AUTOMETRIC__
__AUTOMETRIC__|0.1.2|11248|crew_log_881ae90a4d151b0d|0|1786321562.725|97.157|6.072|2083061760|2104377344|sim_data_345e031ce91f1b82|__AUTOMETRIC__
__AUTOMETRIC__|0.1.2|11248|crew_log_881ae90a4d151b0d|0|1786321563.739|103.191|6.449|2083065856|2104381440|sim_data_345e031ce91f1b82|__AUTOMETRIC__
__AUTOMETRIC__|0.1.2|11248|crew_log_881ae90a4d151b0d|0|1786321564.756|99.876|6.242|2083930112|2105245696|sim_data_345e031ce91f1b82|__AUTOMETRIC__
__AUTOMETRIC__|0.1.2|11248|crew_log_881ae90a4d151b0d|0|1786321565.771|100.071|6.254|2083934208|2105249792|sim_data_345e031ce91f1b82|__AUTOMETRIC__
__AUTOMETRIC__|0.1.2|11248|crew_log_881ae90a4d151b0d|0|1786321566.785|100.184|6.261|2083942400|2105257984|sim_data_345e031ce91f1b82|__AUTOMETRIC__
__AUTOMETRIC__|0.1.2|11248|crew_log_881ae90a4d151b0d|0|1786321567.800|100.029|6.252|2084864000|2106179584|sim_data_345e031ce91f1b82|__AUTOMETRIC__
__AUTOMETRIC__|0.1.2|11248|crew_log_881ae90a4d151b0d|0|1786321568.802|99.843|6.240|2084868096|2106183680|sim_data_345e031ce91f1b82|__AUTOMETRIC__
__AUTOMETRIC__|0.1.2|11248|crew_log_881ae90a4d151b0d|0|1786321569.812|100.545|6.284|2084872192|2106187776|sim_data_345e031ce91f1b82|__AUTOMETRIC__
__AUTOMETRIC__|0.1.2|11248|crew_log_881ae90a4d151b0d|0|1786321570.827|100.079|6.255|2122616832|2144010240|sim_data_345e031ce91f1b82|__AUTOMETRIC__
__AUTOMETRIC__|0.1.2|11248|crew_log_881ae90a4d151b0d|0|1786321571.842|100.039|6.252|2175344640|2196787200|sim_data_345e031ce91f1b82|__AUTOMETRIC__
__AUTOMETRIC__|0.1.2|11248|crew_log_881ae90a4d151b0d|0|1786321572.857|98.502|6.156|2242248704|2263691264|sim_data_345e031ce91f1b82|__AUTOMETRIC__
__AUTOMETRIC__|0.1.2|11248|crew_log_881ae90a4d151b0d|0|1786321573.872|100.040|6.252|2243039232|2264633344|sim_data_345e031ce91f1b82|__AUTOMETRIC__
__AUTOMETRIC__|0.1.2|11248|crew_log_881ae90a4d151b0d|0|1786321574.887|103.184|6.449|2089684992|2111442944|sim_data_345e031ce91f1b82|__AUTOMETRIC__
__AUTOMETRIC__|0.1.2|11248|crew_log_881ae90a4d151b0d|0|1786321575.902|84.655|5.291|2095923200|2118213632|sim_data_345e031ce91f1b82|__AUTOMETRIC__
__AUTOMETRIC__|0.1.2|11248|crew_log_881ae90a4d151b0d|0|1786321576.915|98.744|6.172|2082918400|2104086528|sim_data_345e031ce91f1b82|__AUTOMETRIC__
__AUTOMETRIC__|0.1.2|11248|crew_log_881ae90a4d151b0d|0|1786321577.930|100.008|6.250|2082050048|2102472704|sim_data_345e031ce91f1b82|__AUTOMETRIC__
__AUTOMETRIC__|0.1.2|11248|crew_log_881ae90a4d151b0d|0|1786321578.945|100.115|6.257|2082054144|2102476800|sim_data_345e031ce91f1b82|__AUTOMETRIC__
__AUTOMETRIC__|0.1.2|11248|crew_log_881ae90a4d151b0d|0|1786321579.958|98.713|6.170|2082045952|2102468608|sim_data_345e031ce91f1b82|__AUTOMETRIC__
__AUTOMETRIC__|0.1.2|11248|crew_log_881ae90a4d151b0d|0|1786321580.972|100.100|6.256|2082058240|2102480896|sim_data_345e031ce91f1b82|__AUTOMETRIC__
__AUTOMETRIC__|0.1.2|11248|crew_log_881ae90a4d151b0d|0|1786321581.987|96.992|6.062|2083008512|2103365632|sim_data_345e031ce91f1b82|__AUTOMETRIC__
__AUTOMETRIC__|0.1.2|11248|crew_log_881ae90a4d151b0d|0|1786321583.002|100.077|6.255|2082914304|2103271424|sim_data_345e031ce91f1b82|__AUTOMETRIC__
__AUTOMETRIC__|0.1.2|11248|crew_log_881ae90a4d151b0d|0|1786321584.016|98.621|6.164|2082922496|2103279616|sim_data_345e031ce91f1b82|__AUTOMETRIC__
__AUTOMETRIC__|0.1.2|11248|crew_log_881ae90a4d151b0d|0|1786321585.030|100.198|6.262|2082914304|2103271424|sim_data_345e031ce91f1b82|__AUTOMETRIC__
__AUTOMETRIC__|0.1.2|11248|crew_log_881ae90a4d151b0d|0|1786321586.044|98.601|6.163|2082914304|2103271424|sim_data_345e031ce91f1b82|__AUTOMETRIC__
__AUTOMETRIC__|0.1.2|11248|crew_log_881ae90a4d151b0d|0|1786321587.059|100.068|6.254|2083889152|2104246272|sim_data_345e031ce91f1b82|__AUTOMETRIC__
__AUTOMETRIC__|0.1.2|11248|crew_log_881ae90a4d151b0d|0|1786321588.073|100.110|6.257|2083885056|2104242176|sim_data_345e031ce91f1b82|__AUTOMETRIC__
__AUTOMETRIC__|0.1.2|11248|crew_log_881ae90a4d151b0d|0|1786321589.085|100.368|6.273|2083893248|2104250368|sim_data_345e031ce91f1b82|__AUTOMETRIC__
__AUTOMETRIC__|0.1.2|11248|crew_log_881ae90a4d151b0d|0|1786321590.099|97.105|6.069|2084802560|2105155584|sim_data_345e031ce91f1b82|__AUTOMETRIC__
__AUTOMETRIC__|0.1.2|11248|crew_log_881ae90a4d151b0d|0|1786321591.113|100.156|6.260|2084806656|2105159680|sim_data_345e031ce91f1b82|__AUTOMETRIC__
__AUTOMETRIC__|0.1.2|11248|crew_log_881ae90a4d151b0d|0|1786321592.127|100.161|6.260|2084806656|2105159680|sim_data_345e031ce91f1b82|__AUTOMETRIC__
__AUTOMETRIC__|0.1.2|11248|crew_log_881ae90a4d151b0d|0|1786321593.142|100.092|6.256|2084806656|2105159680|sim_data_345e031ce91f1b82|__AUTOMETRIC__
__AUTOMETRIC__|0.1.2|11248|crew_log_881ae90a4d151b0d|0|1786321594.155|100.197|6.262|2273415168|2293960704|sim_data_345e031ce91f1b82|__AUTOMETRIC__
__AUTOMETRIC__|0.1.2|11248|crew_log_881ae90a4d151b0d|0|1786321595.170|100.110|6.257|2222592000|2243031040|sim_data_345e031ce91f1b82|__AUTOMETRIC__
__AUTOMETRIC__|0.1.2|11248|crew_log_881ae90a4d151b0d|0|1786321596.182|100.342|6.271|2227982336|2248744960|sim_data_345e031ce91f1b82|__AUTOMETRIC__
__AUTOMETRIC__|0.1.2|11248|crew_log_881ae90a4d151b0d|0|1786321597.197|103.152|6.447|2097143808|2118057984|sim_data_345e031ce91f1b82|__AUTOMETRIC__
__AUTOMETRIC__|0.1.2|11248|crew_log_881ae90a4d151b0d|0|1786321598.197|84.358|5.272|2107277312|2128265216|sim_data_345e031ce91f1b82|__AUTOMETRIC__
__AUTOMETRIC__|0.1.2|11248|crew_log_881ae90a4d151b0d|0|1786321599.211|100.158|6.260|2105028608|2124472320|sim_data_345e031ce91f1b82|__AUTOMETRIC__
__AUTOMETRIC__|0.1.2|11248|crew_log_881ae90a4d151b0d|0|1786321600.226|98.576|6.161|2104963072|2124374016|sim_data_345e031ce91f1b82|__AUTOMETRIC__
__AUTOMETRIC__|0.1.2|11248|crew_log_881ae90a4d151b0d|0|1786321601.240|98.599|6.162|2105765888|2125115392|sim_data_345e031ce91f1b82|__AUTOMETRIC__
__AUTOMETRIC__|0.1.2|11248|crew_log_881ae90a4d151b0d|0|1786321602.251|100.418|6.276|2105782272|2125131776|sim_data_345e031ce91f1b82|__AUTOMETRIC__
__AUTOMETRIC__|0.1.2|11248|crew_log_881ae90a4d151b0d|0|1786321603.265|100.160|6.260|2105720832|2125070336|sim_data_345e031ce91f1b82|__AUTOMETRIC__
__AUTOMETRIC__|0.1.2|11248|crew_log_881ae90a4d151b0d|0|1786321604.279|100.172|6.261|2106699776|2126049280|sim_data_345e031ce91f1b82|__AUTOMETRIC__
__AUTOMETRIC__|0.1.2|11248|crew_log_881ae90a4d151b0d|0|1786321605.291|100.366|6.273|2106679296|2126028800|sim_data_345e031ce91f1b82|__AUTOMETRIC__
__AUTOMETRIC__|0.1.2|11248|crew_log_881ae90a4d151b0d|0|1786321606.305|100.182|6.261|2107674624|2127024128|sim_data_345e031ce91f1b82|__AUTOMETRIC__
__AUTOMETRIC__|0.1.2|11248|crew_log_881ae90a4d151b0d|0|1786321607.320|100.009|6.251|2107555840|2126905344|sim_data_345e031ce91f1b82|__AUTOMETRIC__
__AUTOMETRIC__|0.1.2|11248|crew_log_881ae90a4d151b0d|0|1786321608.333|98.751|6.172|2107555840|2126905344|sim_data_345e031ce91f1b82|__AUTOMETRIC__
__AUTOMETRIC__|0.1.2|11248|crew_log_881ae90a4d151b0d|0|1786321609.348|100.107|6.257|2211954688|2231304192|sim_data_345e031ce91f1b82|__AUTOMETRIC__
__AUTOMETRIC__|0.1.2|11248|crew_log_881ae90a4d151b0d|0|1786321610.349|99.897|6.244|2324545536|2344517632|sim_data_345e031ce91f1b82|__AUTOMETRIC__
__AUTOMETRIC__|0.1.2|11248|crew_log_881ae90a4d151b0d|0|1786321611.349|104.667|6.542|2104905728|2124402688|sim_data_345e031ce91f1b82|__AUTOMETRIC__
__AUTOMETRIC__|0.1.2|11248|crew_log_881ae90a4d151b0d|0|1786321612.364|100.044|6.253|2112307200|2131931136|sim_data_345e031ce91f1b82|__AUTOMETRIC__
__AUTOMETRIC__|0.1.2|11248|crew_log_881ae90a4d151b0d|0|1786321613.377|97.122|6.070|2112282624|2132348928|sim_data_345e031ce91f1b82|__AUTOMETRIC__
__AUTOMETRIC__|0.1.2|11248|crew_log_881ae90a4d151b0d|0|1786321614.392|86.280|5.392|2110550016|2129788928|sim_data_345e031ce91f1b82|__AUTOMETRIC__
__AUTOMETRIC__|0.1.2|11248|crew_log_881ae90a4d151b0d|0|1786321615.406|100.097|6.256|2109886464|2128490496|sim_data_345e031ce91f1b82|__AUTOMETRIC__
__AUTOMETRIC__|0.1.2|11248|crew_log_881ae90a4d151b0d|0|1786321616.421|97.018|6.064|2110734336|2129235968|sim_data_345e031ce91f1b82|__AUTOMETRIC__
__AUTOMETRIC__|0.1.2|11248|crew_log_881ae90a4d151b0d|0|1786321617.421|99.960|6.248|2110656512|2129158144|sim_data_345e031ce91f1b82|__AUTOMETRIC__
__AUTOMETRIC__|0.1.2|11248|crew_log_881ae90a4d151b0d|0|1786321618.434|100.266|6.267|2110726144|2129227776|sim_data_345e031ce91f1b82|__AUTOMETRIC__
__AUTOMETRIC__|0.1.2|11248|crew_log_881ae90a4d151b0d|0|1786321619.449|100.046|6.253|2111610880|2130112512|sim_data_345e031ce91f1b82|__AUTOMETRIC__
__AUTOMETRIC__|0.1.2|11248|crew_log_881ae90a4d151b0d|0|1786321620.464|100.132|6.258|2111627264|2130128896|sim_data_345e031ce91f1b82|__AUTOMETRIC__
__AUTOMETRIC__|0.1.2|11248|crew_log_881ae90a4d151b0d|0|1786321621.479|100.016|6.251|2112602112|2131103744|sim_data_345e031ce91f1b82|__AUTOMETRIC__
__AUTOMETRIC__|0.1.2|11248|crew_log_881ae90a4d151b0d|0|1786321622.495|100.024|6.251|2112487424|2130989056|sim_data_345e031ce91f1b82|__AUTOMETRIC__
__AUTOMETRIC__|0.1.2|11248|crew_log_881ae90a4d151b0d|0|1786321623.509|100.122|6.258|2266042368|2284564480|sim_data_345e031ce91f1b82|__AUTOMETRIC__
__AUTOMETRIC__|0.1.2|11248|crew_log_881ae90a4d151b0d|0|1786321624.522|101.766|6.360|2264969216|2283651072|sim_data_345e031ce91f1b82|__AUTOMETRIC__
__AUTOMETRIC__|0.1.2|11248|crew_log_881ae90a4d151b0d|0|1786321625.537|100.068|6.254|2111705088|2130358272|sim_data_345e031ce91f1b82|__AUTOMETRIC__
__AUTOMETRIC__|0.1.2|11248|crew_log_881ae90a4d151b0d|0|1786321626.537|101.549|6.347|2117279744|2136313856|sim_data_345e031ce91f1b82|__AUTOMETRIC__
__AUTOMETRIC__|0.1.2|11248|crew_log_881ae90a4d151b0d|0|1786321627.552|97.053|6.066|2116001792|2135363584|sim_data_345e031ce91f1b82|__AUTOMETRIC__
__AUTOMETRIC__|0.1.2|11248|crew_log_881ae90a4d151b0d|0|1786321628.564|87.952|5.497|2114162688|2131800064|sim_data_345e031ce91f1b82|__AUTOMETRIC__
__AUTOMETRIC__|0.1.2|11248|crew_log_881ae90a4d151b0d|0|1786321629.564|99.977|6.249|2113298432|2130935808|sim_data_345e031ce91f1b82|__AUTOMETRIC__
__AUTOMETRIC__|0.1.2|11248|crew_log_881ae90a4d151b0d|0|1786321630.578|100.171|6.261|2113294336|2130931712|sim_data_345e031ce91f1b82|__AUTOMETRIC__
__AUTOMETRIC__|0.1.2|11248|crew_log_881ae90a4d151b0d|0|1786321631.579|99.974|6.248|2113310720|2130948096|sim_data_345e031ce91f1b82|__AUTOMETRIC__
__AUTOMETRIC__|0.1.2|11248|crew_log_881ae90a4d151b0d|0|1786321632.592|100.217|6.264|2114379776|2131951616|sim_data_345e031ce91f1b82|__AUTOMETRIC__
__AUTOMETRIC__|0.1.2|11248|crew_log_881ae90a4d151b0d|0|1786321633.607|100.108|6.257|2114306048|2131877888|sim_data_345e031ce91f1b82|__AUTOMETRIC__
__AUTOMETRIC__|0.1.2|11248|crew_log_881ae90a4d151b0d|0|1786321634.621|100.077|6.255|2114301952|2131873792|sim_data_345e031ce91f1b82|__AUTOMETRIC__
__AUTOMETRIC__|0.1.2|11248|crew_log_881ae90a4d151b0d|0|1786321635.637|101.575|6.348|2114310144|2131881984|sim_data_345e031ce91f1b82|__AUTOMETRIC__
__AUTOMETRIC__|0.1.2|11248|crew_log_881ae90a4d151b0d|0|1786321636.651|100.142|6.259|2115223552|2132795392|sim_data_345e031ce91f1b82|__AUTOMETRIC__
__AUTOMETRIC__|0.1.2|11248|crew_log_881ae90a4d151b0d|0|1786321637.665|100.111|6.257|2115117056|2132688896|sim_data_345e031ce91f1b82|__AUTOMETRIC__
__AUTOMETRIC__|0.1.2|11248|crew_log_881ae90a4d151b0d|0|1786321638.678|98.742|6.171|2115190784|2132762624|sim_data_345e031ce91f1b82|__AUTOMETRIC__
__AUTOMETRIC__|0.1.2|11248|crew_log_881ae90a4d151b0d|0|1786321639.692|100.207|6.263|2116169728|2133741568|sim_data_345e031ce91f1b82|__AUTOMETRIC__
__AUTOMETRIC__|0.1.2|11248|crew_log_881ae90a4d151b0d|0|1786321640.706|100.096|6.256|2116112384|2133684224|sim_data_345e031ce91f1b82|__AUTOMETRIC__
__AUTOMETRIC__|0.1.2|11248|crew_log_881ae90a4d151b0d|0|1786321641.718|101.942|6.371|2116116480|2133688320|sim_data_345e031ce91f1b82|__AUTOMETRIC__
__AUTOMETRIC__|0.1.2|11248|crew_log_881ae90a4d151b0d|0|1786321642.730|100.320|6.270|2116116480|2133688320|sim_data_345e031ce91f1b82|__AUTOMETRIC__
__AUTOMETRIC__|0.1.2|11248|crew_log_881ae90a4d151b0d|0|1786321643.742|98.866|6.179|2116128768|2133700608|sim_data_345e031ce91f1b82|__AUTOMETRIC__
__AUTOMETRIC__|0.1.2|11248|crew_log_881ae90a4d151b0d|0|1786321644.757|98.518|6.157|2272485376|2290401280|sim_data_345e031ce91f1b82|__AUTOMETRIC__
__AUTOMETRIC__|0.1.2|11248|crew_log_881ae90a4d151b0d|0|1786321645.770|98.668|6.167|2275467264|2293227520|sim_data_345e031ce91f1b82|__AUTOMETRIC__
__AUTOMETRIC__|0.1.2|11248|crew_log_881ae90a4d151b0d|0|1786321646.783|103.325|6.458|2125672448|2143666176|sim_data_345e031ce91f1b82|__AUTOMETRIC__
__AUTOMETRIC__|0.1.2|11248|crew_log_881ae90a4d151b0d|0|1786321647.797|100.243|6.265|2123927552|2142203904|sim_data_345e031ce91f1b82|__AUTOMETRIC__
__AUTOMETRIC__|0.1.2|11248|crew_log_881ae90a4d151b0d|0|1786321648.812|83.071|5.192|2133098496|2150793216|sim_data_345e031ce91f1b82|__AUTOMETRIC__
__AUTOMETRIC__|0.1.2|11248|crew_log_881ae90a4d151b0d|0|1786321649.826|100.158|6.260|2128523264|2145574912|sim_data_345e031ce91f1b82|__AUTOMETRIC__
__AUTOMETRIC__|0.1.2|11248|crew_log_881ae90a4d151b0d|0|1786321650.837|101.998|6.375|2127912960|2144595968|sim_data_345e031ce91f1b82|__AUTOMETRIC__
__AUTOMETRIC__|0.1.2|11248|crew_log_881ae90a4d151b0d|0|1786321651.850|97.224|6.076|2127912960|2144595968|sim_data_345e031ce91f1b82|__AUTOMETRIC__
__AUTOMETRIC__|0.1.2|11248|crew_log_881ae90a4d151b0d|0|1786321652.861|102.007|6.375|2127908864|2144591872|sim_data_345e031ce91f1b82|__AUTOMETRIC__
__AUTOMETRIC__|0.1.2|11248|crew_log_881ae90a4d151b0d|0|1786321653.873|98.812|6.176|2128941056|2145558528|sim_data_345e031ce91f1b82|__AUTOMETRIC__
__AUTOMETRIC__|0.1.2|11248|crew_log_881ae90a4d151b0d|0|1786321654.886|101.809|6.363|2128941056|2145558528|sim_data_345e031ce91f1b82|__AUTOMETRIC__
__AUTOMETRIC__|0.1.2|11248|crew_log_881ae90a4d151b0d|0|1786321655.898|98.775|6.173|2128945152|2145562624|sim_data_345e031ce91f1b82|__AUTOMETRIC__
__AUTOMETRIC__|0.1.2|11248|crew_log_881ae90a4d151b0d|0|1786321656.898|101.546|6.347|2129817600|2146435072|sim_data_345e031ce91f1b82|__AUTOMETRIC__
__AUTOMETRIC__|0.1.2|11248|crew_log_881ae90a4d151b0d|0|1786321657.913|98.544|6.159|2129821696|2146439168|sim_data_345e031ce91f1b82|__AUTOMETRIC__
__AUTOMETRIC__|0.1.2|11248|crew_log_881ae90a4d151b0d|0|1786321658.926|100.275|6.267|2129833984|2146451456|sim_data_345e031ce91f1b82|__AUTOMETRIC__
__AUTOMETRIC__|0.1.2|11248|crew_log_881ae90a4d151b0d|0|1786321659.937|98.900|6.181|2130837504|2147454976|sim_data_345e031ce91f1b82|__AUTOMETRIC__
__AUTOMETRIC__|0.1.2|11248|crew_log_881ae90a4d151b0d|0|1786321660.938|99.866|6.242|2130771968|2147389440|sim_data_345e031ce91f1b82|__AUTOMETRIC__
__AUTOMETRIC__|0.1.2|11248|crew_log_881ae90a4d151b0d|0|1786321661.953|100.146|6.259|2130776064|2147393536|sim_data_345e031ce91f1b82|__AUTOMETRIC__
__AUTOMETRIC__|0.1.2|11248|crew_log_881ae90a4d151b0d|0|1786321662.968|100.021|6.251|2130771968|2147389440|sim_data_345e031ce91f1b82|__AUTOMETRIC__
__AUTOMETRIC__|0.1.2|11248|crew_log_881ae90a4d151b0d|0|1786321663.969|99.930|6.246|2130776064|2147393536|sim_data_345e031ce91f1b82|__AUTOMETRIC__
__AUTOMETRIC__|0.1.2|11248|crew_log_881ae90a4d151b0d|0|1786321664.969|99.952|6.247|2269855744|2286604288|sim_data_345e031ce91f1b82|__AUTOMETRIC__
__AUTOMETRIC__|0.1.2|11248|crew_log_881ae90a4d151b0d|0|1786321665.982|106.478|6.655|2125410304|2142199808|sim_data_345e031ce91f1b82|__AUTOMETRIC__
__AUTOMETRIC__|0.1.2|11248|crew_log_881ae90a4d151b0d|0|1786321666.982|103.116|6.445|1957433344|1974132736|sim_data_345e031ce91f1b82|__AUTOMETRIC__
__AUTOMETRIC__|0.1.2|11248|crew_log_881ae90a4d151b0d|0|1786321667.995|101.789|6.362|2081357824|2098413568|sim_data_345e031ce91f1b82|__AUTOMETRIC__
__AUTOMETRIC__|0.1.2|11248|crew_log_881ae90a4d151b0d|0|1786321669.011|101.537|6.346|2098237440|2115272704|sim_data_345e031ce91f1b82|__AUTOMETRIC__
__AUTOMETRIC__|0.1.2|11248|crew_log_881ae90a4d151b0d|0|1786321670.011|84.377|5.274|2111463424|2127896576|sim_data_345e031ce91f1b82|__AUTOMETRIC__
__AUTOMETRIC__|0.1.2|11248|crew_log_881ae90a4d151b0d|0|1786321671.027|99.909|6.244|2108018688|2123735040|sim_data_345e031ce91f1b82|__AUTOMETRIC__
__AUTOMETRIC__|0.1.2|11248|crew_log_881ae90a4d151b0d|0|1786321672.028|99.860|6.241|2107785216|2123497472|sim_data_345e031ce91f1b82|__AUTOMETRIC__
__AUTOMETRIC__|0.1.2|11248|crew_log_881ae90a4d151b0d|0|1786321673.043|98.585|6.162|2107785216|2123497472|sim_data_345e031ce91f1b82|__AUTOMETRIC__
__AUTOMETRIC__|0.1.2|11248|crew_log_881ae90a4d151b0d|0|1786321674.058|98.459|6.154|2107785216|2123497472|sim_data_345e031ce91f1b82|__AUTOMETRIC__
__AUTOMETRIC__|0.1.2|11248|crew_log_881ae90a4d151b0d|0|1786321675.072|98.653|6.166|2107785216|2123497472|sim_data_345e031ce91f1b82|__AUTOMETRIC__
__AUTOMETRIC__|0.1.2|11248|crew_log_881ae90a4d151b0d|0|1786321676.085|98.736|6.171|2107785216|2123497472|sim_data_345e031ce91f1b82|__AUTOMETRIC__
__AUTOMETRIC__|0.1.2|11248|crew_log_881ae90a4d151b0d|0|1786321677.086|99.877|6.242|2108895232|2124546048|sim_data_345e031ce91f1b82|__AUTOMETRIC__
__AUTOMETRIC__|0.1.2|11248|crew_log_881ae90a4d151b0d|0|1786321678.099|98.712|6.170|2108829696|2124480512|sim_data_345e031ce91f1b82|__AUTOMETRIC__
__AUTOMETRIC__|0.1.2|11248|crew_log_881ae90a4d151b0d|0|1786321679.114|100.114|6.257|2108829696|2124480512|sim_data_345e031ce91f1b82|__AUTOMETRIC__
__AUTOMETRIC__|0.1.2|11248|crew_log_881ae90a4d151b0d|0|1786321680.128|100.164|6.260|2108829696|2124480512|sim_data_345e031ce91f1b82|__AUTOMETRIC__
__AUTOMETRIC__|0.1.2|11248|crew_log_881ae90a4d151b0d|0|1786321681.139|100.379|6.274|2108829696|2124480512|sim_data_345e031ce91f1b82|__AUTOMETRIC__
__AUTOMETRIC__|0.1.2|11248|crew_log_881ae90a4d151b0d|0|1786321682.142|99.787|6.237|2108829696|2124480512|sim_data_345e031ce91f1b82|__AUTOMETRIC__
__AUTOMETRIC__|0.1.2|11248|crew_log_881ae90a4d151b0d|0|1786321683.157|100.061|6.254|2108829696|2124480512|sim_data_345e031ce91f1b82|__AUTOMETRIC__
__AUTOMETRIC__|0.1.2|11248|crew_log_881ae90a4d151b0d|0|1786321684.172|100.033|6.252|2108829696|2124480512|sim_data_345e031ce91f1b82|__AUTOMETRIC__
__AUTOMETRIC__|0.1.2|11248|crew_log_881ae90a4d151b0d|0|1786321685.187|96.986|6.062|2109767680|2125418496|sim_data_345e031ce91f1b82|__AUTOMETRIC__
__AUTOMETRIC__|0.1.2|11248|crew_log_881ae90a4d151b0d|0|1786321686.198|100.414|6.276|2109698048|2125348864|sim_data_345e031ce91f1b82|__AUTOMETRIC__
__AUTOMETRIC__|0.1.2|11248|crew_log_881ae90a4d151b0d|0|1786321687.211|100.316|6.270|2109698048|2125348864|sim_data_345e031ce91f1b82|__AUTOMETRIC__
__AUTOMETRIC__|0.1.2|11248|crew_log_881ae90a4d151b0d|0|1786321688.222|98.843|6.178|2109698048|2125348864|sim_data_345e031ce91f1b82|__AUTOMETRIC__
__AUTOMETRIC__|0.1.2|11248|crew_log_881ae90a4d151b0d|0|1786321689.223|99.985|6.249|2109698048|2125348864|sim_data_345e031ce91f1b82|__AUTOMETRIC__
__AUTOMETRIC__|0.1.2|11248|crew_log_881ae90a4d151b0d|0|1786321690.223|99.964|6.248|2109710336|2125361152|sim_data_345e031ce91f1b82|__AUTOMETRIC__
__AUTOMETRIC__|0.1.2|11248|crew_log_881ae90a4d151b0d|0|1786321691.238|100.082|6.255|2109702144|2125352960|sim_data_345e031ce91f1b82|__AUTOMETRIC__
__AUTOMETRIC__|0.1.2|11248|crew_log_881ae90a4d151b0d|0|1786321692.252|97.054|6.066|2110717952|2126368768|sim_data_345e031ce91f1b82|__AUTOMETRIC__
__AUTOMETRIC__|0.1.2|11248|crew_log_881ae90a4d151b0d|0|1786321693.266|100.170|6.261|2110652416|2126303232|sim_data_345e031ce91f1b82|__AUTOMETRIC__
__AUTOMETRIC__|0.1.2|11248|crew_log_881ae90a4d151b0d|0|1786321694.280|100.163|6.260|2110660608|2126311424|sim_data_345e031ce91f1b82|__AUTOMETRIC__
__AUTOMETRIC__|0.1.2|11248|crew_log_881ae90a4d151b0d|0|1786321695.294|100.112|6.257|2110660608|2126311424|sim_data_345e031ce91f1b82|__AUTOMETRIC__
__AUTOMETRIC__|0.1.2|11248|crew_log_881ae90a4d151b0d|0|1786321696.309|100.130|6.258|2110656512|2126307328|sim_data_345e031ce91f1b82|__AUTOMETRIC__
__AUTOMETRIC__|0.1.2|11248|crew_log_881ae90a4d151b0d|0|1786321697.321|100.304|6.269|2211794944|2227523584|sim_data_345e031ce91f1b82|__AUTOMETRIC__
__AUTOMETRIC__|0.1.2|11248|crew_log_881ae90a4d151b0d|0|1786321698.332|98.911|6.182|2311241728|2327191552|sim_data_345e031ce91f1b82|__AUTOMETRIC__
__AUTOMETRIC__|0.1.2|11248|crew_log_881ae90a4d151b0d|0|1786321699.344|101.905|6.369|2264977408|2280718336|sim_data_345e031ce91f1b82|__AUTOMETRIC__
__AUTOMETRIC__|0.1.2|11248|crew_log_881ae90a4d151b0d|0|1786321700.357|103.347|6.459|2110337024|2126368768|sim_data_345e031ce91f1b82|__AUTOMETRIC__
__AUTOMETRIC__|0.1.2|11248|crew_log_881ae90a4d151b0d|0|1786321701.371|100.156|6.260|2114457600|2130685952|sim_data_345e031ce91f1b82|__AUTOMETRIC__
__AUTOMETRIC__|0.1.2|11248|crew_log_881ae90a4d151b0d|0|1786321702.385|83.203|5.200|2118914048|2135199744|sim_data_345e031ce91f1b82|__AUTOMETRIC__
__AUTOMETRIC__|0.1.2|11248|crew_log_881ae90a4d151b0d|0|1786321703.396|97.374|6.086|2116272128|2131247104|sim_data_345e031ce91f1b82|__AUTOMETRIC__
__AUTOMETRIC__|0.1.2|11248|crew_log_881ae90a4d151b0d|0|1786321704.409|100.283|6.268|2115850240|2130608128|sim_data_345e031ce91f1b82|__AUTOMETRIC__
__AUTOMETRIC__|0.1.2|11248|crew_log_881ae90a4d151b0d|0|1786321705.422|100.286|6.268|2115833856|2130591744|sim_data_345e031ce91f1b82|__AUTOMETRIC__
__AUTOMETRIC__|0.1.2|11248|crew_log_881ae90a4d151b0d|0|1786321706.437|100.050|6.253|2115833856|2130591744|sim_data_345e031ce91f1b82|__AUTOMETRIC__
__AUTOMETRIC__|0.1.2|11248|crew_log_881ae90a4d151b0d|0|1786321707.452|100.062|6.254|2115919872|2130616320|sim_data_345e031ce91f1b82|__AUTOMETRIC__
__AUTOMETRIC__|0.1.2|11248|crew_log_881ae90a4d151b0d|0|1786321708.465|100.220|6.264|2116784128|2131480576|sim_data_345e031ce91f1b82|__AUTOMETRIC__
__AUTOMETRIC__|0.1.2|11248|crew_log_881ae90a4d151b0d|0|1786321709.479|100.149|6.259|2116784128|2131480576|sim_data_345e031ce91f1b82|__AUTOMETRIC__
__AUTOMETRIC__|0.1.2|11248|crew_log_881ae90a4d151b0d|0|1786321710.495|99.964|6.248|2116784128|2131480576|sim_data_345e031ce91f1b82|__AUTOMETRIC__
__AUTOMETRIC__|0.1.2|11248|crew_log_881ae90a4d151b0d|0|1786321711.510|100.078|6.255|2116784128|2131480576|sim_data_345e031ce91f1b82|__AUTOMETRIC__
__AUTOMETRIC__|0.1.2|11248|crew_log_881ae90a4d151b0d|0|1786321712.521|98.908|6.182|2116784128|2131480576|sim_data_345e031ce91f1b82|__AUTOMETRIC__
__AUTOMETRIC__|0.1.2|11248|crew_log_881ae90a4d151b0d|0|1786321713.535|98.629|6.164|2117681152|2132377600|sim_data_345e031ce91f1b82|__AUTOMETRIC__
__AUTOMETRIC__|0.1.2|11248|crew_log_881ae90a4d151b0d|0|1786321714.551|98.468|6.154|2117681152|2132377600|sim_data_345e031ce91f1b82|__AUTOMETRIC__
__AUTOMETRIC__|0.1.2|11248|crew_log_881ae90a4d151b0d|0|1786321715.564|100.251|6.266|2117685248|2132381696|sim_data_345e031ce91f1b82|__AUTOMETRIC__
__AUTOMETRIC__|0.1.2|11248|crew_log_881ae90a4d151b0d|0|1786321716.579|100.063|6.254|2117681152|2132377600|sim_data_345e031ce91f1b82|__AUTOMETRIC__
__AUTOMETRIC__|0.1.2|11248|crew_log_881ae90a4d151b0d|0|1786321717.594|100.023|6.251|2117681152|2132377600|sim_data_345e031ce91f1b82|__AUTOMETRIC__
__AUTOMETRIC__|0.1.2|11248|crew_log_881ae90a4d151b0d|0|1786321718.605|100.458|6.279|2117685248|2132381696|sim_data_345e031ce91f1b82|__AUTOMETRIC__
__AUTOMETRIC__|0.1.2|11248|crew_log_881ae90a4d151b0d|0|1786321719.620|98.546|6.159|2118696960|2133393408|sim_data_345e031ce91f1b82|__AUTOMETRIC__
__AUTOMETRIC__|0.1.2|11248|crew_log_881ae90a4d151b0d|0|1786321720.634|100.103|6.256|2118668288|2133364736|sim_data_345e031ce91f1b82|__AUTOMETRIC__
__AUTOMETRIC__|0.1.2|11248|crew_log_881ae90a4d151b0d|0|1786321721.649|100.114|6.257|2118672384|2133368832|sim_data_345e031ce91f1b82|__AUTOMETRIC__
__AUTOMETRIC__|0.1.2|11248|crew_log_881ae90a4d151b0d|0|1786321722.649|99.956|6.247|2118672384|2133368832|sim_data_345e031ce91f1b82|__AUTOMETRIC__
__AUTOMETRIC__|0.1.2|11248|crew_log_881ae90a4d151b0d|0|1786321723.664|100.125|6.258|2118668288|2133364736|sim_data_345e031ce91f1b82|__AUTOMETRIC__
__AUTOMETRIC__|0.1.2|11248|crew_log_881ae90a4d151b0d|0|1786321724.677|98.684|6.168|2118668288|2133364736|sim_data_345e031ce91f1b82|__AUTOMETRIC__
__AUTOMETRIC__|0.1.2|11248|crew_log_881ae90a4d151b0d|0|1786321725.690|100.279|6.267|2227666944|2242392064|sim_data_345e031ce91f1b82|__AUTOMETRIC__
__AUTOMETRIC__|0.1.2|11248|crew_log_881ae90a4d151b0d|0|1786321726.703|101.738|6.359|2271997952|2286858240|sim_data_345e031ce91f1b82|__AUTOMETRIC__
__AUTOMETRIC__|0.1.2|11248|crew_log_881ae90a4d151b0d|0|1786321727.715|103.453|6.466|2116517888|2131288064|sim_data_345e031ce91f1b82|__AUTOMETRIC__
__AUTOMETRIC__|0.1.2|11248|crew_log_881ae90a4d151b0d|0|1786321728.727|100.366|6.273|2124062720|2139213824|sim_data_345e031ce91f1b82|__AUTOMETRIC__
__AUTOMETRIC__|0.1.2|11248|crew_log_881ae90a4d151b0d|0|1786321729.742|101.665|6.354|2119393280|2134532096|sim_data_345e031ce91f1b82|__AUTOMETRIC__
__AUTOMETRIC__|0.1.2|11248|crew_log_881ae90a4d151b0d|0|1786321730.757|79.993|5.000|2128244736|2142756864|sim_data_345e031ce91f1b82|__AUTOMETRIC__
__AUTOMETRIC__|0.1.2|11248|crew_log_881ae90a4d151b0d|0|1786321731.772|98.574|6.161|2127507456|2141310976|sim_data_345e031ce91f1b82|__AUTOMETRIC__
__AUTOMETRIC__|0.1.2|11248|crew_log_881ae90a4d151b0d|0|1786321732.785|101.831|6.364|2127507456|2141310976|sim_data_345e031ce91f1b82|__AUTOMETRIC__
__AUTOMETRIC__|0.1.2|11248|crew_log_881ae90a4d151b0d|0|1786321733.796|100.388|6.274|2127507456|2141310976|sim_data_345e031ce91f1b82|__AUTOMETRIC__
__AUTOMETRIC__|0.1.2|11248|crew_log_881ae90a4d151b0d|0|1786321734.808|100.381|6.274|2127507456|2141310976|sim_data_345e031ce91f1b82|__AUTOMETRIC__
__AUTOMETRIC__|0.1.2|11248|crew_log_881ae90a4d151b0d|0|1786321735.822|100.135|6.258|2127507456|2141310976|sim_data_345e031ce91f1b82|__AUTOMETRIC__
__AUTOMETRIC__|0.1.2|11248|crew_log_881ae90a4d151b0d|0|1786321736.836|98.593|6.162|2128539648|2142273536|sim_data_345e031ce91f1b82|__AUTOMETRIC__
__AUTOMETRIC__|0.1.2|11248|crew_log_881ae90a4d151b0d|0|1786321737.849|97.204|6.075|2128539648|2142273536|sim_data_345e031ce91f1b82|__AUTOMETRIC__
__AUTOMETRIC__|0.1.2|11248|crew_log_881ae90a4d151b0d|0|1786321738.863|98.612|6.163|2128539648|2142273536|sim_data_345e031ce91f1b82|__AUTOMETRIC__
__AUTOMETRIC__|0.1.2|11248|crew_log_881ae90a4d151b0d|0|1786321739.874|100.436|6.277|2128547840|2142281728|sim_data_345e031ce91f1b82|__AUTOMETRIC__
__AUTOMETRIC__|0.1.2|11248|crew_log_881ae90a4d151b0d|0|1786321740.888|100.187|6.262|2128547840|2142281728|sim_data_345e031ce91f1b82|__AUTOMETRIC__
__AUTOMETRIC__|0.1.2|11248|crew_log_881ae90a4d151b0d|0|1786321741.903|100.066|6.254|2129494016|2143227904|sim_data_345e031ce91f1b82|__AUTOMETRIC__
__AUTOMETRIC__|0.1.2|11248|crew_log_881ae90a4d151b0d|0|1786321742.903|99.969|6.248|2129444864|2143178752|sim_data_345e031ce91f1b82|__AUTOMETRIC__
__AUTOMETRIC__|0.1.2|11248|crew_log_881ae90a4d151b0d|0|1786321743.919|98.508|6.157|2129436672|2143170560|sim_data_345e031ce91f1b82|__AUTOMETRIC__
__AUTOMETRIC__|0.1.2|11248|crew_log_881ae90a4d151b0d|0|1786321744.933|100.111|6.257|2129436672|2143170560|sim_data_345e031ce91f1b82|__AUTOMETRIC__
__AUTOMETRIC__|0.1.2|11248|crew_log_881ae90a4d151b0d|0|1786321745.946|100.285|6.268|2129436672|2143170560|sim_data_345e031ce91f1b82|__AUTOMETRIC__
__AUTOMETRIC__|0.1.2|11248|crew_log_881ae90a4d151b0d|0|1786321746.960|100.102|6.256|2130436096|2144169984|sim_data_345e031ce91f1b82|__AUTOMETRIC__
__AUTOMETRIC__|0.1.2|11248|crew_log_881ae90a4d151b0d|0|1786321747.974|97.103|6.069|2130370560|2144104448|sim_data_345e031ce91f1b82|__AUTOMETRIC__
__AUTOMETRIC__|0.1.2|11248|crew_log_881ae90a4d151b0d|0|1786321748.988|100.167|6.260|2130370560|2144104448|sim_data_345e031ce91f1b82|__AUTOMETRIC__
__AUTOMETRIC__|0.1.2|11248|crew_log_881ae90a4d151b0d|0|1786321750.002|100.163|6.260|2130370560|2144104448|sim_data_345e031ce91f1b82|__AUTOMETRIC__
__AUTOMETRIC__|0.1.2|11248|crew_log_881ae90a4d151b0d|0|1786321751.017|100.081|6.255|2130370560|2144104448|sim_data_345e031ce91f1b82|__AUTOMETRIC__
__AUTOMETRIC__|0.1.2|11248|crew_log_881ae90a4d151b0d|0|1786321752.032|100.088|6.256|2130370560|2144104448|sim_data_345e031ce91f1b82|__AUTOMETRIC__
__AUTOMETRIC__|0.1.2|11248|crew_log_881ae90a4d151b0d|0|1786321753.047|98.497|6.156|2265985024|2279694336|sim_data_345e031ce91f1b82|__AUTOMETRIC__
__AUTOMETRIC__|0.1.2|11248|crew_log_881ae90a4d151b0d|0|1786321754.061|101.657|6.354|2142244864|2156290048|sim_data_345e031ce91f1b82|__AUTOMETRIC__
__AUTOMETRIC__|0.1.2|11248|crew_log_881ae90a4d151b0d|0|1786321755.075|100.241|6.265|2145722368|2159587328|sim_data_345e031ce91f1b82|__AUTOMETRIC__
__AUTOMETRIC__|0.1.2|11248|crew_log_881ae90a4d151b0d|0|1786321756.076|99.863|6.241|2150871040|2164932608|sim_data_345e031ce91f1b82|__AUTOMETRIC__
__AUTOMETRIC__|0.1.2|11248|crew_log_881ae90a4d151b0d|0|1786321757.091|100.033|6.252|2155270144|2169499648|sim_data_345e031ce91f1b82|__AUTOMETRIC__
__AUTOMETRIC__|0.1.2|11248|crew_log_881ae90a4d151b0d|0|1786321758.105|83.252|5.203|2149609472|2163302400|sim_data_345e031ce91f1b82|__AUTOMETRIC__
__AUTOMETRIC__|0.1.2|11248|crew_log_881ae90a4d151b0d|0|1786321759.118|100.189|6.262|2137325568|2150252544|sim_data_345e031ce91f1b82|__AUTOMETRIC__
__AUTOMETRIC__|0.1.2|11248|crew_log_881ae90a4d151b0d|0|1786321760.133|100.075|6.255|2137214976|2150141952|sim_data_345e031ce91f1b82|__AUTOMETRIC__
__AUTOMETRIC__|0.1.2|11248|crew_log_881ae90a4d151b0d|0|1786321761.145|97.249|6.078|2137227264|2150154240|sim_data_345e031ce91f1b82|__AUTOMETRIC__
__AUTOMETRIC__|0.1.2|11248|crew_log_881ae90a4d151b0d|0|1786321762.159|100.245|6.265|2136924160|2149773312|sim_data_345e031ce91f1b82|__AUTOMETRIC__
__AUTOMETRIC__|0.1.2|11248|crew_log_881ae90a4d151b0d|0|1786321763.169|99.017|6.189|2136924160|2149773312|sim_data_345e031ce91f1b82|__AUTOMETRIC__
__AUTOMETRIC__|0.1.2|11248|crew_log_881ae90a4d151b0d|0|1786321764.179|100.505|6.282|2136924160|2149773312|sim_data_345e031ce91f1b82|__AUTOMETRIC__
__AUTOMETRIC__|0.1.2|11248|crew_log_881ae90a4d151b0d|0|1786321765.193|94.013|5.876|2137849856|2150637568|sim_data_345e031ce91f1b82|__AUTOMETRIC__
__AUTOMETRIC__|0.1.2|11248|crew_log_881ae90a4d151b0d|0|1786321766.209|101.531|6.346|2137788416|2150576128|sim_data_345e031ce91f1b82|__AUTOMETRIC__
__AUTOMETRIC__|0.1.2|11248|crew_log_881ae90a4d151b0d|0|1786321767.210|101.450|6.341|2137784320|2150572032|sim_data_345e031ce91f1b82|__AUTOMETRIC__
__AUTOMETRIC__|0.1.2|11248|crew_log_881ae90a4d151b0d|0|1786321768.224|100.111|6.257|2137776128|2150563840|sim_data_345e031ce91f1b82|__AUTOMETRIC__
__AUTOMETRIC__|0.1.2|11248|crew_log_881ae90a4d151b0d|0|1786321769.225|101.526|6.345|2137776128|2150563840|sim_data_345e031ce91f1b82|__AUTOMETRIC__
__AUTOMETRIC__|0.1.2|11248|crew_log_881ae90a4d151b0d|0|1786321770.237|103.377|6.461|2137780224|2150567936|sim_data_345e031ce91f1b82|__AUTOMETRIC__
__AUTOMETRIC__|0.1.2|11248|crew_log_881ae90a4d151b0d|0|1786321771.251|100.213|6.263|2138853376|2151641088|sim_data_345e031ce91f1b82|__AUTOMETRIC__
__AUTOMETRIC__|0.1.2|11248|crew_log_881ae90a4d151b0d|0|1786321772.264|100.272|6.267|2138796032|2151583744|sim_data_345e031ce91f1b82|__AUTOMETRIC__
__AUTOMETRIC__|0.1.2|11248|crew_log_881ae90a4d151b0d|0|1786321773.278|98.612|6.163|2138796032|2151583744|sim_data_345e031ce91f1b82|__AUTOMETRIC__
__AUTOMETRIC__|0.1.2|11248|crew_log_881ae90a4d151b0d|0|1786321774.291|100.202|6.263|2138796032|2151583744|sim_data_345e031ce91f1b82|__AUTOMETRIC__
__AUTOMETRIC__|0.1.2|11248|crew_log_881ae90a4d151b0d|0|1786321775.304|100.242|6.265|2138796032|2151583744|sim_data_345e031ce91f1b82|__AUTOMETRIC__
__AUTOMETRIC__|0.1.2|11248|crew_log_881ae90a4d151b0d|0|1786321776.320|99.997|6.250|2138800128|2151587840|sim_data_345e031ce91f1b82|__AUTOMETRIC__
__AUTOMETRIC__|0.1.2|11248|crew_log_881ae90a4d151b0d|0|1786321777.321|96.758|6.047|2139688960|2152476672|sim_data_345e031ce91f1b82|__AUTOMETRIC__
__AUTOMETRIC__|0.1.2|11248|crew_log_881ae90a4d151b0d|0|1786321778.335|100.168|6.260|2139615232|2152402944|sim_data_345e031ce91f1b82|__AUTOMETRIC__
__AUTOMETRIC__|0.1.2|11248|crew_log_881ae90a4d151b0d|0|1786321779.350|98.549|6.159|2139627520|2152415232|sim_data_345e031ce91f1b82|__AUTOMETRIC__
__AUTOMETRIC__|0.1.2|11248|crew_log_881ae90a4d151b0d|0|1786321780.351|101.477|6.342|2139627520|2152415232|sim_data_345e031ce91f1b82|__AUTOMETRIC__
__AUTOMETRIC__|0.1.2|11248|crew_log_881ae90a4d151b0d|0|1786321781.351|98.410|6.151|2139619328|2152407040|sim_data_345e031ce91f1b82|__AUTOMETRIC__
__AUTOMETRIC__|0.1.2|11248|crew_log_881ae90a4d151b0d|0|1786321782.364|100.225|6.264|2139615232|2152402944|sim_data_345e031ce91f1b82|__AUTOMETRIC__
__AUTOMETRIC__|0.1.2|11248|crew_log_881ae90a4d151b0d|0|1786321783.365|99.966|6.248|2267230208|2280017920|sim_data_345e031ce91f1b82|__AUTOMETRIC__
__AUTOMETRIC__|0.1.2|11248|crew_log_881ae90a4d151b0d|0|1786321784.365|101.524|6.345|2277953536|2290909184|sim_data_345e031ce91f1b82|__AUTOMETRIC__
__AUTOMETRIC__|0.1.2|11248|crew_log_881ae90a4d151b0d|0|1786321785.379|101.698|6.356|2183077888|2195955712|sim_data_345e031ce91f1b82|__AUTOMETRIC__
__AUTOMETRIC__|0.1.2|11248|crew_log_881ae90a4d151b0d|0|1786321786.394|100.045|6.253|2187718656|2201092096|sim_data_345e031ce91f1b82|__AUTOMETRIC__
__AUTOMETRIC__|0.1.2|11248|crew_log_881ae90a4d151b0d|0|1786321787.409|98.508|6.157|2188861440|2202038272|sim_data_345e031ce91f1b82|__AUTOMETRIC__
__AUTOMETRIC__|0.1.2|11248|crew_log_881ae90a4d151b0d|0|1786321788.424|83.131|5.196|2158489600|2171957248|sim_data_345e031ce91f1b82|__AUTOMETRIC__
__AUTOMETRIC__|0.1.2|11248|crew_log_881ae90a4d151b0d|0|1786321789.440|99.998|6.250|2146701312|2158813184|sim_data_345e031ce91f1b82|__AUTOMETRIC__
__AUTOMETRIC__|0.1.2|11248|crew_log_881ae90a4d151b0d|0|1786321790.455|100.111|6.257|2146377728|2158260224|sim_data_345e031ce91f1b82|__AUTOMETRIC__
__AUTOMETRIC__|0.1.2|11248|crew_log_881ae90a4d151b0d|0|1786321791.469|100.109|6.257|2147356672|2159173632|sim_data_345e031ce91f1b82|__AUTOMETRIC__
__AUTOMETRIC__|0.1.2|11248|crew_log_881ae90a4d151b0d|0|1786321792.483|100.210|6.263|2147319808|2159136768|sim_data_345e031ce91f1b82|__AUTOMETRIC__
__AUTOMETRIC__|0.1.2|11248|crew_log_881ae90a4d151b0d|0|1786321793.496|100.165|6.260|2147323904|2159140864|sim_data_345e031ce91f1b82|__AUTOMETRIC__
__AUTOMETRIC__|0.1.2|11248|crew_log_881ae90a4d151b0d|0|1786321794.511|98.531|6.158|2148380672|2160197632|sim_data_345e031ce91f1b82|__AUTOMETRIC__
__AUTOMETRIC__|0.1.2|11248|crew_log_881ae90a4d151b0d|0|1786321795.525|100.163|6.260|2148282368|2160099328|sim_data_345e031ce91f1b82|__AUTOMETRIC__
__AUTOMETRIC__|0.1.2|11248|crew_log_881ae90a4d151b0d|0|1786321796.541|100.015|6.251|2148294656|2160111616|sim_data_345e031ce91f1b82|__AUTOMETRIC__
__AUTOMETRIC__|0.1.2|11248|crew_log_881ae90a4d151b0d|0|1786321797.555|100.109|6.257|2149220352|2161037312|sim_data_345e031ce91f1b82|__AUTOMETRIC__
__AUTOMETRIC__|0.1.2|11248|crew_log_881ae90a4d151b0d|0|1786321798.569|98.667|6.167|2149191680|2161008640|sim_data_345e031ce91f1b82|__AUTOMETRIC__
__AUTOMETRIC__|0.1.2|11248|crew_log_881ae90a4d151b0d|0|1786321799.582|100.213|6.263|2149191680|2161008640|sim_data_345e031ce91f1b82|__AUTOMETRIC__
__AUTOMETRIC__|0.1.2|11248|crew_log_881ae90a4d151b0d|0|1786321800.582|96.859|6.054|2292232192|2304524288|sim_data_345e031ce91f1b82|__AUTOMETRIC__
__AUTOMETRIC__|0.1.2|11248|crew_log_881ae90a4d151b0d|0|1786321801.597|101.611|6.351|2186256384|2198179840|sim_data_345e031ce91f1b82|__AUTOMETRIC__
__AUTOMETRIC__|0.1.2|11248|crew_log_881ae90a4d151b0d|0|1786321802.612|97.020|6.064|2189869056|2201808896|sim_data_345e031ce91f1b82|__AUTOMETRIC__
__AUTOMETRIC__|0.1.2|11248|crew_log_881ae90a4d151b0d|0|1786321803.627|100.084|6.255|2192343040|2204733440|sim_data_345e031ce91f1b82|__AUTOMETRIC__
__AUTOMETRIC__|0.1.2|11248|crew_log_881ae90a4d151b0d|0|1786321804.628|101.435|6.340|2160422912|2172719104|sim_data_345e031ce91f1b82|__AUTOMETRIC__
__AUTOMETRIC__|0.1.2|11248|crew_log_881ae90a4d151b0d|0|1786321805.628|78.113|4.882|2166562816|2178326528|sim_data_345e031ce91f1b82|__AUTOMETRIC__
__AUTOMETRIC__|0.1.2|11248|crew_log_881ae90a4d151b0d|0|1786321806.644|101.554|6.347|2155773952|2166702080|sim_data_345e031ce91f1b82|__AUTOMETRIC__
__AUTOMETRIC__|0.1.2|11248|crew_log_881ae90a4d151b0d|0|1786321807.644|99.932|6.246|2155270144|2166104064|sim_data_345e031ce91f1b82|__AUTOMETRIC__
__AUTOMETRIC__|0.1.2|11248|crew_log_881ae90a4d151b0d|0|1786321808.645|101.517|6.345|2155266048|2166099968|sim_data_345e031ce91f1b82|__AUTOMETRIC__
__AUTOMETRIC__|0.1.2|11248|crew_log_881ae90a4d151b0d|0|1786321809.657|100.361|6.273|2156310528|2167078912|sim_data_345e031ce91f1b82|__AUTOMETRIC__
__AUTOMETRIC__|0.1.2|11248|crew_log_881ae90a4d151b0d|0|1786321810.672|100.056|6.253|2156314624|2167083008|sim_data_345e031ce91f1b82|__AUTOMETRIC__
__AUTOMETRIC__|0.1.2|11248|crew_log_881ae90a4d151b0d|0|1786321811.686|100.172|6.261|2156310528|2167078912|sim_data_345e031ce91f1b82|__AUTOMETRIC__
__AUTOMETRIC__|0.1.2|11248|crew_log_881ae90a4d151b0d|0|1786321812.700|97.068|6.067|2157211648|2167980032|sim_data_345e031ce91f1b82|__AUTOMETRIC__
__AUTOMETRIC__|0.1.2|11248|crew_log_881ae90a4d151b0d|0|1786321813.714|100.119|6.257|2157170688|2167939072|sim_data_345e031ce91f1b82|__AUTOMETRIC__
__AUTOMETRIC__|0.1.2|11248|crew_log_881ae90a4d151b0d|0|1786321814.715|99.886|6.243|2157174784|2167943168|sim_data_345e031ce91f1b82|__AUTOMETRIC__
__AUTOMETRIC__|0.1.2|11248|crew_log_881ae90a4d151b0d|0|1786321815.727|100.386|6.274|2157166592|2167934976|sim_data_345e031ce91f1b82|__AUTOMETRIC__
__AUTOMETRIC__|0.1.2|11248|crew_log_881ae90a4d151b0d|0|1786321816.727|99.966|6.248|2157178880|2167947264|sim_data_345e031ce91f1b82|__AUTOMETRIC__
__AUTOMETRIC__|0.1.2|11248|crew_log_881ae90a4d151b0d|0|1786321817.741|95.566|5.973|2158194688|2168963072|sim_data_345e031ce91f1b82|__AUTOMETRIC__
__AUTOMETRIC__|0.1.2|11248|crew_log_881ae90a4d151b0d|0|1786321818.754|100.290|6.268|2158129152|2168897536|sim_data_345e031ce91f1b82|__AUTOMETRIC__
__AUTOMETRIC__|0.1.2|11248|crew_log_881ae90a4d151b0d|0|1786321819.769|100.017|6.251|2158141440|2168909824|sim_data_345e031ce91f1b82|__AUTOMETRIC__
__AUTOMETRIC__|0.1.2|11248|crew_log_881ae90a4d151b0d|0|1786321820.781|100.372|6.273|2158120960|2168889344|sim_data_345e031ce91f1b82|__AUTOMETRIC__
__AUTOMETRIC__|0.1.2|11248|crew_log_881ae90a4d151b0d|0|1786321821.797|99.999|6.250|2270547968|2281316352|sim_data_345e031ce91f1b82|__AUTOMETRIC__
__AUTOMETRIC__|0.1.2|11248|crew_log_881ae90a4d151b0d|0|1786321822.811|101.674|6.355|2335137792|2346266624|sim_data_345e031ce91f1b82|__AUTOMETRIC__
__AUTOMETRIC__|0.1.2|11248|crew_log_881ae90a4d151b0d|0|1786321823.823|103.447|6.465|2225410048|2236350464|sim_data_345e031ce91f1b82|__AUTOMETRIC__
__AUTOMETRIC__|0.1.2|11248|crew_log_881ae90a4d151b0d|0|1786321824.837|100.166|6.260|2228506624|2239827968|sim_data_345e031ce91f1b82|__AUTOMETRIC__
__AUTOMETRIC__|0.1.2|11248|crew_log_881ae90a4d151b0d|0|1786321825.852|98.525|6.158|2231738368|2243268608|sim_data_345e031ce91f1b82|__AUTOMETRIC__
__AUTOMETRIC__|0.1.2|11248|crew_log_881ae90a4d151b0d|0|1786321826.866|81.675|5.105|2176794624|2188132352|sim_data_345e031ce91f1b82|__AUTOMETRIC__
__AUTOMETRIC__|0.1.2|11248|crew_log_881ae90a4d151b0d|0|1786321827.877|98.851|6.178|2167369728|2177589248|sim_data_345e031ce91f1b82|__AUTOMETRIC__
__AUTOMETRIC__|0.1.2|11248|crew_log_881ae90a4d151b0d|0|1786321828.893|100.044|6.253|2166730752|2176634880|sim_data_345e031ce91f1b82|__AUTOMETRIC__
__AUTOMETRIC__|0.1.2|11248|crew_log_881ae90a4d151b0d|0|1786321829.908|100.076|6.255|2166730752|2176634880|sim_data_345e031ce91f1b82|__AUTOMETRIC__
__AUTOMETRIC__|0.1.2|11248|crew_log_881ae90a4d151b0d|0|1786321830.920|100.320|6.270|2166730752|2176634880|sim_data_345e031ce91f1b82|__AUTOMETRIC__
__AUTOMETRIC__|0.1.2|11248|crew_log_881ae90a4d151b0d|0|1786321831.932|100.349|6.272|2166730752|2176634880|sim_data_345e031ce91f1b82|__AUTOMETRIC__
__AUTOMETRIC__|0.1.2|11248|crew_log_881ae90a4d151b0d|0|1786321832.947|100.098|6.256|2166730752|2176634880|sim_data_345e031ce91f1b82|__AUTOMETRIC__
__AUTOMETRIC__|0.1.2|11248|crew_log_881ae90a4d151b0d|0|1786321833.960|100.194|6.262|2166730752|2176634880|sim_data_345e031ce91f1b82|__AUTOMETRIC__
__AUTOMETRIC__|0.1.2|11248|crew_log_881ae90a4d151b0d|0|1786321834.972|98.819|6.176|2166730752|2176634880|sim_data_345e031ce91f1b82|__AUTOMETRIC__
__AUTOMETRIC__|0.1.2|11248|crew_log_881ae90a4d151b0d|0|1786321835.985|100.289|6.268|2166730752|2176634880|sim_data_345e031ce91f1b82|__AUTOMETRIC__
__AUTOMETRIC__|0.1.2|11248|crew_log_881ae90a4d151b0d|0|1786321836.999|100.151|6.259|2166730752|2176634880|sim_data_345e031ce91f1b82|__AUTOMETRIC__
__AUTOMETRIC__|0.1.2|11248|crew_log_881ae90a4d151b0d|0|1786321838.014|98.562|6.160|2167701504|2177540096|sim_data_345e031ce91f1b82|__AUTOMETRIC__
__AUTOMETRIC__|0.1.2|11248|crew_log_881ae90a4d151b0d|0|1786321839.028|100.154|6.260|2167672832|2177511424|sim_data_345e031ce91f1b82|__AUTOMETRIC__
__AUTOMETRIC__|0.1.2|11248|crew_log_881ae90a4d151b0d|0|1786321840.040|97.191|6.074|2167672832|2177511424|sim_data_345e031ce91f1b82|__AUTOMETRIC__
__AUTOMETRIC__|0.1.2|11248|crew_log_881ae90a4d151b0d|0|1786321841.041|99.985|6.249|2167672832|2177511424|sim_data_345e031ce91f1b82|__AUTOMETRIC__
__AUTOMETRIC__|0.1.2|11248|crew_log_881ae90a4d151b0d|0|1786321842.056|100.056|6.253|2167672832|2177511424|sim_data_345e031ce91f1b82|__AUTOMETRIC__
__AUTOMETRIC__|0.1.2|11248|crew_log_881ae90a4d151b0d|0|1786321843.071|100.065|6.254|2167676928|2177515520|sim_data_345e031ce91f1b82|__AUTOMETRIC__
__AUTOMETRIC__|0.1.2|11248|crew_log_881ae90a4d151b0d|0|1786321844.085|98.569|6.161|2167676928|2177515520|sim_data_345e031ce91f1b82|__AUTOMETRIC__
__AUTOMETRIC__|0.1.2|11248|crew_log_881ae90a4d151b0d|0|1786321845.099|100.223|6.264|2167676928|2177515520|sim_data_345e031ce91f1b82|__AUTOMETRIC__
__AUTOMETRIC__|0.1.2|11248|crew_log_881ae90a4d151b0d|0|1786321846.113|100.148|6.259|2167672832|2177511424|sim_data_345e031ce91f1b82|__AUTOMETRIC__
__AUTOMETRIC__|0.1.2|11248|crew_log_881ae90a4d151b0d|0|1786321847.113|99.967|6.248|2167676928|2177515520|sim_data_345e031ce91f1b82|__AUTOMETRIC__
__AUTOMETRIC__|0.1.2|11248|crew_log_881ae90a4d151b0d|0|1786321848.127|97.113|6.070|2167672832|2177511424|sim_data_345e031ce91f1b82|__AUTOMETRIC__
__AUTOMETRIC__|0.1.2|11248|crew_log_881ae90a4d151b0d|0|1786321849.141|100.164|6.260|2167672832|2177511424|sim_data_345e031ce91f1b82|__AUTOMETRIC__
__AUTOMETRIC__|0.1.2|11248|crew_log_881ae90a4d151b0d|0|1786321850.154|100.258|6.266|2167705600|2177560576|sim_data_345e031ce91f1b82|__AUTOMETRIC__
__AUTOMETRIC__|0.1.2|11248|crew_log_881ae90a4d151b0d|0|1786321851.154|99.942|6.246|2167705600|2177560576|sim_data_345e031ce91f1b82|__AUTOMETRIC__
__AUTOMETRIC__|0.1.2|11248|crew_log_881ae90a4d151b0d|0|1786321852.155|98.326|6.145|2167705600|2177560576|sim_data_345e031ce91f1b82|__AUTOMETRIC__
__AUTOMETRIC__|0.1.2|11248|crew_log_881ae90a4d151b0d|0|1786321853.168|97.225|6.077|2168672256|2178527232|sim_data_345e031ce91f1b82|__AUTOMETRIC__
__AUTOMETRIC__|0.1.2|11248|crew_log_881ae90a4d151b0d|0|1786321854.180|100.305|6.269|2168647680|2178502656|sim_data_345e031ce91f1b82|__AUTOMETRIC__
__AUTOMETRIC__|0.1.2|11248|crew_log_881ae90a4d151b0d|0|1786321855.192|98.833|6.177|2168647680|2178502656|sim_data_345e031ce91f1b82|__AUTOMETRIC__
__AUTOMETRIC__|0.1.2|11248|crew_log_881ae90a4d151b0d|0|1786321856.206|100.188|6.262|2168643584|2178498560|sim_data_345e031ce91f1b82|__AUTOMETRIC__
__AUTOMETRIC__|0.1.2|11248|crew_log_881ae90a4d151b0d|0|1786321857.217|100.447|6.278|2168643584|2178498560|sim_data_345e031ce91f1b82|__AUTOMETRIC__
__AUTOMETRIC__|0.1.2|11248|crew_log_881ae90a4d151b0d|0|1786321858.232|100.076|6.255|2168643584|2178498560|sim_data_345e031ce91f1b82|__AUTOMETRIC__
__AUTOMETRIC__|0.1.2|11248|crew_log_881ae90a4d151b0d|0|1786321859.246|100.146|6.259|2168643584|2178498560|sim_data_345e031ce91f1b82|__AUTOMETRIC__
__AUTOMETRIC__|0.1.2|11248|crew_log_881ae90a4d151b0d|0|1786321860.259|98.701|6.169|2168643584|2178498560|sim_data_345e031ce91f1b82|__AUTOMETRIC__
__AUTOMETRIC__|0.1.2|11248|crew_log_881ae90a4d151b0d|0|1786321861.273|100.129|6.258|2168643584|2178498560|sim_data_345e031ce91f1b82|__AUTOMETRIC__
__AUTOMETRIC__|0.1.2|11248|crew_log_881ae90a4d151b0d|0|1786321862.288|98.566|6.160|2168647680|2178502656|sim_data_345e031ce91f1b82|__AUTOMETRIC__
__AUTOMETRIC__|0.1.2|11248|crew_log_881ae90a4d151b0d|0|1786321863.303|100.066|6.254|2168643584|2178498560|sim_data_345e031ce91f1b82|__AUTOMETRIC__
__AUTOMETRIC__|0.1.2|11248|crew_log_881ae90a4d151b0d|0|1786321864.316|101.765|6.360|2168647680|2178502656|sim_data_345e031ce91f1b82|__AUTOMETRIC__
__AUTOMETRIC__|0.1.2|11248|crew_log_881ae90a4d151b0d|0|1786321865.329|100.277|6.267|2168643584|2178498560|sim_data_345e031ce91f1b82|__AUTOMETRIC__
__AUTOMETRIC__|0.1.2|11248|crew_log_881ae90a4d151b0d|0|1786321866.330|99.957|6.247|2168643584|2178498560|sim_data_345e031ce91f1b82|__AUTOMETRIC__
__AUTOMETRIC__|0.1.2|11248|crew_log_881ae90a4d151b0d|0|1786321867.342|100.309|6.269|2168643584|2178498560|sim_data_345e031ce91f1b82|__AUTOMETRIC__
__AUTOMETRIC__|0.1.2|11248|crew_log_881ae90a4d151b0d|0|1786321868.356|100.134|6.258|2169536512|2179391488|sim_data_345e031ce91f1b82|__AUTOMETRIC__
__AUTOMETRIC__|0.1.2|11248|crew_log_881ae90a4d151b0d|0|1786321869.369|100.280|6.268|2169495552|2179350528|sim_data_345e031ce91f1b82|__AUTOMETRIC__
__AUTOMETRIC__|0.1.2|11248|crew_log_881ae90a4d151b0d|0|1786321870.384|100.104|6.256|2169495552|2179350528|sim_data_345e031ce91f1b82|__AUTOMETRIC__
__AUTOMETRIC__|0.1.2|11248|crew_log_881ae90a4d151b0d|0|1786321871.398|100.107|6.257|2169495552|2179350528|sim_data_345e031ce91f1b82|__AUTOMETRIC__
__AUTOMETRIC__|0.1.2|11248|crew_log_881ae90a4d151b0d|0|1786321872.412|98.620|6.164|2169495552|2179350528|sim_data_345e031ce91f1b82|__AUTOMETRIC__
__AUTOMETRIC__|0.1.2|11248|crew_log_881ae90a4d151b0d|0|1786321873.426|101.727|6.358|2169499648|2179354624|sim_data_345e031ce91f1b82|__AUTOMETRIC__
__AUTOMETRIC__|0.1.2|11248|crew_log_881ae90a4d151b0d|0|1786321874.439|101.772|6.361|2169499648|2179354624|sim_data_345e031ce91f1b82|__AUTOMETRIC__
__AUTOMETRIC__|0.1.2|11248|crew_log_881ae90a4d151b0d|0|1786321875.454|100.121|6.258|2169499648|2179354624|sim_data_345e031ce91f1b82|__AUTOMETRIC__
__AUTOMETRIC__|0.1.2|11248|crew_log_881ae90a4d151b0d|0|1786321876.467|100.198|6.262|2169499648|2179354624|sim_data_345e031ce91f1b82|__AUTOMETRIC__
__AUTOMETRIC__|0.1.2|11248|crew_log_881ae90a4d151b0d|0|1786321877.481|100.238|6.265|2169499648|2179354624|sim_data_345e031ce91f1b82|__AUTOMETRIC__
__AUTOMETRIC__|0.1.2|11248|crew_log_881ae90a4d151b0d|0|1786321878.494|100.213|6.263|2169499648|2179354624|sim_data_345e031ce91f1b82|__AUTOMETRIC__
__AUTOMETRIC__|0.1.2|11248|crew_log_881ae90a4d151b0d|0|1786321879.508|100.175|6.261|2169499648|2179354624|sim_data_345e031ce91f1b82|__AUTOMETRIC__
__AUTOMETRIC__|0.1.2|11248|crew_log_881ae90a4d151b0d|0|1786321880.523|100.081|6.255|2169499648|2179354624|sim_data_345e031ce91f1b82|__AUTOMETRIC__
__AUTOMETRIC__|0.1.2|11248|crew_log_881ae90a4d151b0d|0|1786321881.525|99.764|6.235|2169499648|2179354624|sim_data_345e031ce91f1b82|__AUTOMETRIC__
__AUTOMETRIC__|0.1.2|11248|crew_log_881ae90a4d151b0d|0|1786321882.538|100.288|6.268|2169499648|2179354624|sim_data_345e031ce91f1b82|__AUTOMETRIC__
__AUTOMETRIC__|0.1.2|11248|crew_log_881ae90a4d151b0d|0|1786321883.552|98.616|6.163|2169499648|2179354624|sim_data_345e031ce91f1b82|__AUTOMETRIC__
__AUTOMETRIC__|0.1.2|11248|crew_log_881ae90a4d151b0d|0|1786321884.563|100.477|6.280|2169499648|2179354624|sim_data_345e031ce91f1b82|__AUTOMETRIC__
__AUTOMETRIC__|0.1.2|11248|crew_log_881ae90a4d151b0d|0|1786321885.576|101.717|6.357|2316640256|2327064576|sim_data_345e031ce91f1b82|__AUTOMETRIC__
__AUTOMETRIC__|0.1.2|11248|crew_log_881ae90a4d151b0d|0|1786321886.589|101.823|6.364|2274152448|2284085248|sim_data_345e031ce91f1b82|__AUTOMETRIC__
__AUTOMETRIC__|0.1.2|11248|crew_log_881ae90a4d151b0d|0|1786321887.603|101.716|6.357|2264870912|2274738176|sim_data_345e031ce91f1b82|__AUTOMETRIC__
__AUTOMETRIC__|0.1.2|11248|crew_log_881ae90a4d151b0d|0|1786321888.604|101.500|6.344|2139635712|2149765120|sim_data_345e031ce91f1b82|__AUTOMETRIC__
__AUTOMETRIC__|0.1.2|11248|crew_log_881ae90a4d151b0d|0|1786321889.617|98.674|6.167|2145656832|2155769856|sim_data_345e031ce91f1b82|__AUTOMETRIC__
__AUTOMETRIC__|0.1.2|11248|crew_log_881ae90a4d151b0d|0|1786321890.631|80.163|5.010|2144276480|2153996288|sim_data_345e031ce91f1b82|__AUTOMETRIC__
__AUTOMETRIC__|0.1.2|11248|crew_log_881ae90a4d151b0d|0|1786321891.631|99.971|6.248|2140434432|2149441536|sim_data_345e031ce91f1b82|__AUTOMETRIC__
__AUTOMETRIC__|0.1.2|11248|crew_log_881ae90a4d151b0d|0|1786321892.647|101.512|6.344|2140164096|2148990976|sim_data_345e031ce91f1b82|__AUTOMETRIC__
__AUTOMETRIC__|0.1.2|11248|crew_log_881ae90a4d151b0d|0|1786321893.659|100.326|6.270|2140164096|2148990976|sim_data_345e031ce91f1b82|__AUTOMETRIC__
__AUTOMETRIC__|0.1.2|11248|crew_log_881ae90a4d151b0d|0|1786321894.674|98.502|6.156|2140164096|2148990976|sim_data_345e031ce91f1b82|__AUTOMETRIC__
__AUTOMETRIC__|0.1.2|11248|crew_log_881ae90a4d151b0d|0|1786321895.689|100.047|6.253|2140164096|2148990976|sim_data_345e031ce91f1b82|__AUTOMETRIC__
__AUTOMETRIC__|0.1.2|11248|crew_log_881ae90a4d151b0d|0|1786321896.690|98.421|6.151|2141208576|2149974016|sim_data_345e031ce91f1b82|__AUTOMETRIC__
__AUTOMETRIC__|0.1.2|11248|crew_log_881ae90a4d151b0d|0|1786321897.703|100.224|6.264|2141155328|2149920768|sim_data_345e031ce91f1b82|__AUTOMETRIC__
__AUTOMETRIC__|0.1.2|11248|crew_log_881ae90a4d151b0d|0|1786321898.718|100.104|6.257|2141155328|2149920768|sim_data_345e031ce91f1b82|__AUTOMETRIC__
__AUTOMETRIC__|0.1.2|11248|crew_log_881ae90a4d151b0d|0|1786321899.732|100.136|6.258|2141155328|2149920768|sim_data_345e031ce91f1b82|__AUTOMETRIC__
__AUTOMETRIC__|0.1.2|11248|crew_log_881ae90a4d151b0d|0|1786321900.745|100.195|6.262|2141155328|2149920768|sim_data_345e031ce91f1b82|__AUTOMETRIC__
__AUTOMETRIC__|0.1.2|11248|crew_log_881ae90a4d151b0d|0|1786321901.758|100.278|6.267|2142154752|2150920192|sim_data_345e031ce91f1b82|__AUTOMETRIC__
__AUTOMETRIC__|0.1.2|11248|crew_log_881ae90a4d151b0d|0|1786321902.773|100.109|6.257|2142081024|2150846464|sim_data_345e031ce91f1b82|__AUTOMETRIC__
__AUTOMETRIC__|0.1.2|11248|crew_log_881ae90a4d151b0d|0|1786321903.788|100.020|6.251|2142081024|2150846464|sim_data_345e031ce91f1b82|__AUTOMETRIC__
__AUTOMETRIC__|0.1.2|11248|crew_log_881ae90a4d151b0d|0|1786321904.803|98.581|6.161|2142081024|2150846464|sim_data_345e031ce91f1b82|__AUTOMETRIC__
__AUTOMETRIC__|0.1.2|11248|crew_log_881ae90a4d151b0d|0|1786321905.803|101.553|6.347|2142081024|2150846464|sim_data_345e031ce91f1b82|__AUTOMETRIC__
__AUTOMETRIC__|0.1.2|11248|crew_log_881ae90a4d151b0d|0|1786321906.818|101.538|6.346|2143055872|2151821312|sim_data_345e031ce91f1b82|__AUTOMETRIC__
__AUTOMETRIC__|0.1.2|11248|crew_log_881ae90a4d151b0d|0|1786321907.819|99.923|6.245|2143014912|2151780352|sim_data_345e031ce91f1b82|__AUTOMETRIC__
__AUTOMETRIC__|0.1.2|11248|crew_log_881ae90a4d151b0d|0|1786321908.834|97.003|6.063|2143014912|2151780352|sim_data_345e031ce91f1b82|__AUTOMETRIC__
__AUTOMETRIC__|0.1.2|11248|crew_log_881ae90a4d151b0d|0|1786321909.847|101.836|6.365|2143014912|2151780352|sim_data_345e031ce91f1b82|__AUTOMETRIC__
__AUTOMETRIC__|0.1.2|11248|crew_log_881ae90a4d151b0d|0|1786321910.862|99.999|6.250|2143014912|2151780352|sim_data_345e031ce91f1b82|__AUTOMETRIC__
__AUTOMETRIC__|0.1.2|11248|crew_log_881ae90a4d151b0d|0|1786321911.875|98.756|6.172|2297798656|2306584576|sim_data_345e031ce91f1b82|__AUTOMETRIC__
__AUTOMETRIC__|0.1.2|11248|crew_log_881ae90a4d151b0d|0|1786321912.889|103.197|6.450|2172358656|2181263360|sim_data_345e031ce91f1b82|__AUTOMETRIC__
__AUTOMETRIC__|0.1.2|11248|crew_log_881ae90a4d151b0d|0|1786321913.903|100.198|6.262|2172944384|2181849088|sim_data_345e031ce91f1b82|__AUTOMETRIC__
__AUTOMETRIC__|0.1.2|11248|crew_log_881ae90a4d151b0d|0|1786321914.918|100.053|6.253|2179411968|2188582912|sim_data_345e031ce91f1b82|__AUTOMETRIC__
__AUTOMETRIC__|0.1.2|11248|crew_log_881ae90a4d151b0d|0|1786321915.932|100.109|6.257|2168139776|2177400832|sim_data_345e031ce91f1b82|__AUTOMETRIC__
__AUTOMETRIC__|0.1.2|11248|crew_log_881ae90a4d151b0d|0|1786321916.948|81.575|5.098|2163904512|2171928576|sim_data_345e031ce91f1b82|__AUTOMETRIC__
__AUTOMETRIC__|0.1.2|11248|crew_log_881ae90a4d151b0d|0|1786321917.961|98.649|6.166|2163359744|2171256832|sim_data_345e031ce91f1b82|__AUTOMETRIC__
__AUTOMETRIC__|0.1.2|11248|crew_log_881ae90a4d151b0d|0|1786321918.975|100.224|6.264|2163359744|2171256832|sim_data_345e031ce91f1b82|__AUTOMETRIC__
__AUTOMETRIC__|0.1.2|11248|crew_log_881ae90a4d151b0d|0|1786321919.975|99.978|6.249|2163372032|2171269120|sim_data_345e031ce91f1b82|__AUTOMETRIC__
__AUTOMETRIC__|0.1.2|11248|crew_log_881ae90a4d151b0d|0|1786321920.989|100.129|6.258|2163372032|2171269120|sim_data_345e031ce91f1b82|__AUTOMETRIC__
__AUTOMETRIC__|0.1.2|11248|crew_log_881ae90a4d151b0d|0|1786321921.995|100.967|6.310|2164445184|2172276736|sim_data_345e031ce91f1b82|__AUTOMETRIC__
__AUTOMETRIC__|0.1.2|11248|crew_log_881ae90a4d151b0d|0|1786321923.010|100.025|6.252|2164391936|2172223488|sim_data_345e031ce91f1b82|__AUTOMETRIC__
__AUTOMETRIC__|0.1.2|11248|crew_log_881ae90a4d151b0d|0|1786321924.025|100.153|6.260|2164391936|2172223488|sim_data_345e031ce91f1b82|__AUTOMETRIC__
__AUTOMETRIC__|0.1.2|11248|crew_log_881ae90a4d151b0d|0|1786321925.039|100.080|6.255|2164391936|2172223488|sim_data_345e031ce91f1b82|__AUTOMETRIC__
__AUTOMETRIC__|0.1.2|11248|crew_log_881ae90a4d151b0d|0|1786321926.055|100.000|6.250|2165346304|2173177856|sim_data_345e031ce91f1b82|__AUTOMETRIC__
__AUTOMETRIC__|0.1.2|11248|crew_log_881ae90a4d151b0d|0|1786321927.067|98.768|6.173|2165288960|2173120512|sim_data_345e031ce91f1b82|__AUTOMETRIC__
__AUTOMETRIC__|0.1.2|11248|crew_log_881ae90a4d151b0d|0|1786321928.081|100.173|6.261|2165288960|2173120512|sim_data_345e031ce91f1b82|__AUTOMETRIC__
__AUTOMETRIC__|0.1.2|11248|crew_log_881ae90a4d151b0d|0|1786321929.093|100.414|6.276|2165288960|2173120512|sim_data_345e031ce91f1b82|__AUTOMETRIC__
__AUTOMETRIC__|0.1.2|11248|crew_log_881ae90a4d151b0d|0|1786321930.105|100.369|6.273|2165284864|2173116416|sim_data_345e031ce91f1b82|__AUTOMETRIC__
__AUTOMETRIC__|0.1.2|11248|crew_log_881ae90a4d151b0d|0|1786321931.119|100.173|6.261|2165288960|2173120512|sim_data_345e031ce91f1b82|__AUTOMETRIC__
__AUTOMETRIC__|0.1.2|11248|crew_log_881ae90a4d151b0d|0|1786321932.133|97.022|6.064|2166284288|2174115840|sim_data_345e031ce91f1b82|__AUTOMETRIC__
__AUTOMETRIC__|0.1.2|11248|crew_log_881ae90a4d151b0d|0|1786321933.149|100.013|6.251|2166222848|2174054400|sim_data_345e031ce91f1b82|__AUTOMETRIC__
__AUTOMETRIC__|0.1.2|11248|crew_log_881ae90a4d151b0d|0|1786321934.161|98.800|6.175|2166222848|2174054400|sim_data_345e031ce91f1b82|__AUTOMETRIC__
__AUTOMETRIC__|0.1.2|11248|crew_log_881ae90a4d151b0d|0|1786321935.174|100.216|6.264|2166190080|2174005248|sim_data_345e031ce91f1b82|__AUTOMETRIC__
__AUTOMETRIC__|0.1.2|11248|crew_log_881ae90a4d151b0d|0|1786321936.189|100.083|6.255|2166190080|2174005248|sim_data_345e031ce91f1b82|__AUTOMETRIC__
__AUTOMETRIC__|0.1.2|11248|crew_log_881ae90a4d151b0d|0|1786321937.204|100.018|6.251|2264535040|2272686080|sim_data_345e031ce91f1b82|__AUTOMETRIC__
__AUTOMETRIC__|0.1.2|11248|crew_log_881ae90a4d151b0d|0|1786321938.217|100.286|6.268|2219896832|2227847168|sim_data_345e031ce91f1b82|__AUTOMETRIC__
__AUTOMETRIC__|0.1.2|11248|crew_log_881ae90a4d151b0d|0|1786321939.232|100.122|6.258|2219913216|2227863552|sim_data_345e031ce91f1b82|__AUTOMETRIC__
__AUTOMETRIC__|0.1.2|11248|crew_log_881ae90a4d151b0d|0|1786321940.247|100.060|6.254|2226552832|2234757120|sim_data_345e031ce91f1b82|__AUTOMETRIC__
__AUTOMETRIC__|0.1.2|11248|crew_log_881ae90a4d151b0d|0|1786321941.260|100.220|6.264|2177351680|2185633792|sim_data_345e031ce91f1b82|__AUTOMETRIC__
__AUTOMETRIC__|0.1.2|11248|crew_log_881ae90a4d151b0d|0|1786321942.260|82.784|5.174|2173214720|2180337664|sim_data_345e031ce91f1b82|__AUTOMETRIC__
__AUTOMETRIC__|0.1.2|11248|crew_log_881ae90a4d151b0d|0|1786321943.275|100.073|6.255|2173280256|2180403200|sim_data_345e031ce91f1b82|__AUTOMETRIC__
__AUTOMETRIC__|0.1.2|11248|crew_log_881ae90a4d151b0d|0|1786321944.288|100.282|6.268|2172739584|2179674112|sim_data_345e031ce91f1b82|__AUTOMETRIC__
__AUTOMETRIC__|0.1.2|11248|crew_log_881ae90a4d151b0d|0|1786321945.303|98.553|6.160|2173739008|2180612096|sim_data_345e031ce91f1b82|__AUTOMETRIC__
__AUTOMETRIC__|0.1.2|11248|crew_log_881ae90a4d151b0d|0|1786321946.315|101.888|6.368|2173661184|2180534272|sim_data_345e031ce91f1b82|__AUTOMETRIC__
__AUTOMETRIC__|0.1.2|11248|crew_log_881ae90a4d151b0d|0|1786321947.326|100.422|6.276|2173661184|2180534272|sim_data_345e031ce91f1b82|__AUTOMETRIC__
__AUTOMETRIC__|0.1.2|11248|crew_log_881ae90a4d151b0d|0|1786321948.341|100.094|6.256|2173657088|2180530176|sim_data_345e031ce91f1b82|__AUTOMETRIC__
__AUTOMETRIC__|0.1.2|11248|crew_log_881ae90a4d151b0d|0|1786321949.341|98.396|6.150|2174705664|2181578752|sim_data_345e031ce91f1b82|__AUTOMETRIC__
__AUTOMETRIC__|0.1.2|11248|crew_log_881ae90a4d151b0d|0|1786321950.355|100.199|6.262|2174652416|2181525504|sim_data_345e031ce91f1b82|__AUTOMETRIC__
__AUTOMETRIC__|0.1.2|11248|crew_log_881ae90a4d151b0d|0|1786321951.356|99.868|6.242|2174652416|2181525504|sim_data_345e031ce91f1b82|__AUTOMETRIC__
__AUTOMETRIC__|0.1.2|11248|crew_log_881ae90a4d151b0d|0|1786321952.357|98.350|6.147|2175508480|2182381568|sim_data_345e031ce91f1b82|__AUTOMETRIC__
__AUTOMETRIC__|0.1.2|11248|crew_log_881ae90a4d151b0d|0|1786321953.371|100.139|6.259|2175463424|2182336512|sim_data_345e031ce91f1b82|__AUTOMETRIC__
__AUTOMETRIC__|0.1.2|11248|crew_log_881ae90a4d151b0d|0|1786321954.386|100.086|6.255|2175463424|2182336512|sim_data_345e031ce91f1b82|__AUTOMETRIC__
__AUTOMETRIC__|0.1.2|11248|crew_log_881ae90a4d151b0d|0|1786321955.399|100.239|6.265|2319851520|2327363584|sim_data_345e031ce91f1b82|__AUTOMETRIC__
__AUTOMETRIC__|0.1.2|11248|crew_log_881ae90a4d151b0d|0|1786321956.411|101.887|6.368|2241925120|2248921088|sim_data_345e031ce91f1b82|__AUTOMETRIC__
__AUTOMETRIC__|0.1.2|11248|crew_log_881ae90a4d151b0d|0|1786321957.426|100.077|6.255|2242240512|2249248768|sim_data_345e031ce91f1b82|__AUTOMETRIC__
__AUTOMETRIC__|0.1.2|11248|crew_log_881ae90a4d151b0d|0|1786321958.427|99.950|6.247|2248355840|2255540224|sim_data_345e031ce91f1b82|__AUTOMETRIC__
__AUTOMETRIC__|0.1.2|11248|crew_log_881ae90a4d151b0d|0|1786321959.440|100.265|6.267|2187530240|2194706432|sim_data_345e031ce91f1b82|__AUTOMETRIC__
__AUTOMETRIC__|0.1.2|11248|crew_log_881ae90a4d151b0d|0|1786321960.452|78.709|4.919|2192277504|2199097344|sim_data_345e031ce91f1b82|__AUTOMETRIC__
__AUTOMETRIC__|0.1.2|11248|crew_log_881ae90a4d151b0d|0|1786321961.452|99.981|6.249|2181865472|2187927552|sim_data_345e031ce91f1b82|__AUTOMETRIC__
__AUTOMETRIC__|0.1.2|11248|crew_log_881ae90a4d151b0d|0|1786321962.467|100.045|6.253|2181836800|2187898880|sim_data_345e031ce91f1b82|__AUTOMETRIC__
__AUTOMETRIC__|0.1.2|11248|crew_log_881ae90a4d151b0d|0|1786321963.483|98.438|6.152|2182635520|2188632064|sim_data_345e031ce91f1b82|__AUTOMETRIC__
__AUTOMETRIC__|0.1.2|11248|crew_log_881ae90a4d151b0d|0|1786321964.499|99.991|6.249|2182574080|2188570624|sim_data_345e031ce91f1b82|__AUTOMETRIC__
__AUTOMETRIC__|0.1.2|11248|crew_log_881ae90a4d151b0d|0|1786321965.515|100.012|6.251|2182578176|2188574720|sim_data_345e031ce91f1b82|__AUTOMETRIC__
__AUTOMETRIC__|0.1.2|11248|crew_log_881ae90a4d151b0d|0|1786321966.530|99.991|6.249|2182574080|2188570624|sim_data_345e031ce91f1b82|__AUTOMETRIC__
__AUTOMETRIC__|0.1.2|11248|crew_log_881ae90a4d151b0d|0|1786321967.545|100.078|6.255|2183499776|2189496320|sim_data_345e031ce91f1b82|__AUTOMETRIC__
__AUTOMETRIC__|0.1.2|11248|crew_log_881ae90a4d151b0d|0|1786321968.558|98.705|6.169|2183499776|2189496320|sim_data_345e031ce91f1b82|__AUTOMETRIC__
__AUTOMETRIC__|0.1.2|11248|crew_log_881ae90a4d151b0d|0|1786321969.573|100.063|6.254|2183516160|2189512704|sim_data_345e031ce91f1b82|__AUTOMETRIC__
__AUTOMETRIC__|0.1.2|11248|crew_log_881ae90a4d151b0d|0|1786321970.589|99.987|6.249|2183553024|2189549568|sim_data_345e031ce91f1b82|__AUTOMETRIC__
__AUTOMETRIC__|0.1.2|11248|crew_log_881ae90a4d151b0d|0|1786321971.602|100.269|6.267|2184474624|2190471168|sim_data_345e031ce91f1b82|__AUTOMETRIC__
__AUTOMETRIC__|0.1.2|11248|crew_log_881ae90a4d151b0d|0|1786321972.616|100.127|6.258|2184425472|2190422016|sim_data_345e031ce91f1b82|__AUTOMETRIC__
__AUTOMETRIC__|0.1.2|11248|crew_log_881ae90a4d151b0d|0|1786321973.630|98.679|6.167|2184417280|2190413824|sim_data_345e031ce91f1b82|__AUTOMETRIC__
__AUTOMETRIC__|0.1.2|11248|crew_log_881ae90a4d151b0d|0|1786321974.642|100.333|6.271|2330341376|2336710656|sim_data_345e031ce91f1b82|__AUTOMETRIC__
__AUTOMETRIC__|0.1.2|11248|crew_log_881ae90a4d151b0d|0|1786321975.642|101.499|6.344|2387140608|2393423872|sim_data_345e031ce91f1b82|__AUTOMETRIC__
__AUTOMETRIC__|0.1.2|11248|crew_log_881ae90a4d151b0d|0|1786321976.657|101.693|6.356|2262114304|2268356608|sim_data_345e031ce91f1b82|__AUTOMETRIC__
__AUTOMETRIC__|0.1.2|11248|crew_log_881ae90a4d151b0d|0|1786321977.670|100.169|6.261|2268454912|2275127296|sim_data_345e031ce91f1b82|__AUTOMETRIC__
__AUTOMETRIC__|0.1.2|11248|crew_log_881ae90a4d151b0d|0|1786321978.686|99.990|6.249|2200096768|2206629888|sim_data_345e031ce91f1b82|__AUTOMETRIC__
__AUTOMETRIC__|0.1.2|11248|crew_log_881ae90a4d151b0d|0|1786321979.701|80.029|5.002|2206269440|2212143104|sim_data_345e031ce91f1b82|__AUTOMETRIC__
__AUTOMETRIC__|0.1.2|11248|crew_log_881ae90a4d151b0d|0|1786321980.717|100.029|6.252|2194743296|2200322048|sim_data_345e031ce91f1b82|__AUTOMETRIC__
__AUTOMETRIC__|0.1.2|11248|crew_log_881ae90a4d151b0d|0|1786321981.732|100.061|6.254|2194223104|2199433216|sim_data_345e031ce91f1b82|__AUTOMETRIC__
__AUTOMETRIC__|0.1.2|11248|crew_log_881ae90a4d151b0d|0|1786321982.747|100.027|6.252|2194227200|2199437312|sim_data_345e031ce91f1b82|__AUTOMETRIC__
__AUTOMETRIC__|0.1.2|11248|crew_log_881ae90a4d151b0d|0|1786321983.762|100.102|6.256|2195210240|2200354816|sim_data_345e031ce91f1b82|__AUTOMETRIC__
__AUTOMETRIC__|0.1.2|11248|crew_log_881ae90a4d151b0d|0|1786321984.763|98.290|6.143|2195210240|2200354816|sim_data_345e031ce91f1b82|__AUTOMETRIC__
__AUTOMETRIC__|0.1.2|11248|crew_log_881ae90a4d151b0d|0|1786321985.776|100.314|6.270|2196168704|2201313280|sim_data_345e031ce91f1b82|__AUTOMETRIC__
__AUTOMETRIC__|0.1.2|11248|crew_log_881ae90a4d151b0d|0|1786321986.777|101.461|6.341|2196123648|2201268224|sim_data_345e031ce91f1b82|__AUTOMETRIC__
__AUTOMETRIC__|0.1.2|11248|crew_log_881ae90a4d151b0d|0|1786321987.791|100.131|6.258|2196123648|2201268224|sim_data_345e031ce91f1b82|__AUTOMETRIC__
__AUTOMETRIC__|0.1.2|11248|crew_log_881ae90a4d151b0d|0|1786321988.791|99.975|6.248|2196119552|2201264128|sim_data_345e031ce91f1b82|__AUTOMETRIC__
__AUTOMETRIC__|0.1.2|11248|crew_log_881ae90a4d151b0d|0|1786321989.807|100.019|6.251|2197065728|2202210304|sim_data_345e031ce91f1b82|__AUTOMETRIC__
__AUTOMETRIC__|0.1.2|11248|crew_log_881ae90a4d151b0d|0|1786321990.822|100.043|6.253|2197065728|2202210304|sim_data_345e031ce91f1b82|__AUTOMETRIC__
__AUTOMETRIC__|0.1.2|11248|crew_log_881ae90a4d151b0d|0|1786321991.835|101.750|6.359|2197065728|2202210304|sim_data_345e031ce91f1b82|__AUTOMETRIC__
__AUTOMETRIC__|0.1.2|11248|crew_log_881ae90a4d151b0d|0|1786321992.850|97.015|6.063|2275840000|2280992768|sim_data_345e031ce91f1b82|__AUTOMETRIC__
__AUTOMETRIC__|0.1.2|11248|crew_log_881ae90a4d151b0d|0|1786321993.864|101.655|6.353|2321240064|2326568960|sim_data_345e031ce91f1b82|__AUTOMETRIC__
__AUTOMETRIC__|0.1.2|11248|crew_log_881ae90a4d151b0d|0|1786321994.880|99.988|6.249|2295705600|2300968960|sim_data_345e031ce91f1b82|__AUTOMETRIC__
__AUTOMETRIC__|0.1.2|11248|crew_log_881ae90a4d151b0d|0|1786321995.896|103.090|6.443|2195443712|2201051136|sim_data_345e031ce91f1b82|__AUTOMETRIC__
__AUTOMETRIC__|0.1.2|11248|crew_log_881ae90a4d151b0d|0|1786321996.911|101.573|6.348|2195603456|2201198592|sim_data_345e031ce91f1b82|__AUTOMETRIC__
__AUTOMETRIC__|0.1.2|11248|crew_log_881ae90a4d151b0d|0|1786321997.925|81.703|5.106|2204491776|2209689600|sim_data_345e031ce91f1b82|__AUTOMETRIC__
__AUTOMETRIC__|0.1.2|11248|crew_log_881ae90a4d151b0d|0|1786321998.938|100.213|6.263|2201444352|2205806592|sim_data_345e031ce91f1b82|__AUTOMETRIC__
__AUTOMETRIC__|0.1.2|11248|crew_log_881ae90a4d151b0d|0|1786321999.950|100.369|6.273|2200842240|2205102080|sim_data_345e031ce91f1b82|__AUTOMETRIC__
__AUTOMETRIC__|0.1.2|11248|crew_log_881ae90a4d151b0d|0|1786322000.962|100.347|6.272|2200842240|2205102080|sim_data_345e031ce91f1b82|__AUTOMETRIC__
__AUTOMETRIC__|0.1.2|11248|crew_log_881ae90a4d151b0d|0|1786322001.976|100.161|6.260|2200846336|2205106176|sim_data_345e031ce91f1b82|__AUTOMETRIC__
__AUTOMETRIC__|0.1.2|11248|crew_log_881ae90a4d151b0d|0|1786322002.977|99.892|6.243|2200842240|2205102080|sim_data_345e031ce91f1b82|__AUTOMETRIC__
__AUTOMETRIC__|0.1.2|11248|crew_log_881ae90a4d151b0d|0|1786322003.992|100.021|6.251|2201800704|2205995008|sim_data_345e031ce91f1b82|__AUTOMETRIC__
__AUTOMETRIC__|0.1.2|11248|crew_log_881ae90a4d151b0d|0|1786322005.007|100.124|6.258|2201780224|2205974528|sim_data_345e031ce91f1b82|__AUTOMETRIC__
__AUTOMETRIC__|0.1.2|11248|crew_log_881ae90a4d151b0d|0|1786322006.007|96.863|6.054|2201780224|2205974528|sim_data_345e031ce91f1b82|__AUTOMETRIC__
__AUTOMETRIC__|0.1.2|11248|crew_log_881ae90a4d151b0d|0|1786322007.022|101.584|6.349|2201780224|2205974528|sim_data_345e031ce91f1b82|__AUTOMETRIC__
__AUTOMETRIC__|0.1.2|11248|crew_log_881ae90a4d151b0d|0|1786322008.024|99.797|6.237|2201780224|2205974528|sim_data_345e031ce91f1b82|__AUTOMETRIC__
__AUTOMETRIC__|0.1.2|11248|crew_log_881ae90a4d151b0d|0|1786322009.040|100.017|6.251|2201780224|2205974528|sim_data_345e031ce91f1b82|__AUTOMETRIC__
__AUTOMETRIC__|0.1.2|11248|crew_log_881ae90a4d151b0d|0|1786322010.054|100.150|6.259|2201780224|2205974528|sim_data_345e031ce91f1b82|__AUTOMETRIC__
__AUTOMETRIC__|0.1.2|11248|crew_log_881ae90a4d151b0d|0|1786322011.068|98.613|6.163|2201780224|2205974528|sim_data_345e031ce91f1b82|__AUTOMETRIC__
__AUTOMETRIC__|0.1.2|11248|crew_log_881ae90a4d151b0d|0|1786322012.069|101.414|6.338|2202734592|2206928896|sim_data_345e031ce91f1b82|__AUTOMETRIC__
__AUTOMETRIC__|0.1.2|11248|crew_log_881ae90a4d151b0d|0|1786322013.083|98.645|6.165|2202701824|2206896128|sim_data_345e031ce91f1b82|__AUTOMETRIC__
__AUTOMETRIC__|0.1.2|11248|crew_log_881ae90a4d151b0d|0|1786322014.097|101.689|6.356|2202701824|2206896128|sim_data_345e031ce91f1b82|__AUTOMETRIC__
__AUTOMETRIC__|0.1.2|11248|crew_log_881ae90a4d151b0d|0|1786322015.111|100.194|6.262|2202701824|2206896128|sim_data_345e031ce91f1b82|__AUTOMETRIC__
__AUTOMETRIC__|0.1.2|11248|crew_log_881ae90a4d151b0d|0|1786322016.124|100.259|6.266|2202701824|2206896128|sim_data_345e031ce91f1b82|__AUTOMETRIC__
__AUTOMETRIC__|0.1.2|11248|crew_log_881ae90a4d151b0d|0|1786322017.138|98.620|6.164|2203697152|2207891456|sim_data_345e031ce91f1b82|__AUTOMETRIC__
__AUTOMETRIC__|0.1.2|11248|crew_log_881ae90a4d151b0d|0|1786322018.154|98.438|6.152|2203652096|2207846400|sim_data_345e031ce91f1b82|__AUTOMETRIC__
__AUTOMETRIC__|0.1.2|11248|crew_log_881ae90a4d151b0d|0|1786322019.168|100.136|6.259|2203652096|2207846400|sim_data_345e031ce91f1b82|__AUTOMETRIC__
__AUTOMETRIC__|0.1.2|11248|crew_log_881ae90a4d151b0d|0|1786322020.182|100.173|6.261|2203652096|2207846400|sim_data_345e031ce91f1b82|__AUTOMETRIC__
__AUTOMETRIC__|0.1.2|11248|crew_log_881ae90a4d151b0d|0|1786322021.197|100.012|6.251|2203652096|2207846400|sim_data_345e031ce91f1b82|__AUTOMETRIC__
__AUTOMETRIC__|0.1.2|11248|crew_log_881ae90a4d151b0d|0|1786322022.198|99.932|6.246|2337644544|2341941248|sim_data_345e031ce91f1b82|__AUTOMETRIC__
__AUTOMETRIC__|0.1.2|11248|crew_log_881ae90a4d151b0d|0|1786322023.213|103.102|6.444|2160615424|2165043200|sim_data_345e031ce91f1b82|__AUTOMETRIC__
__AUTOMETRIC__|0.1.2|11248|crew_log_881ae90a4d151b0d|0|1786322024.227|100.180|6.261|2161360896|2165653504|sim_data_345e031ce91f1b82|__AUTOMETRIC__
__AUTOMETRIC__|0.1.2|11248|crew_log_881ae90a4d151b0d|0|1786322025.242|100.079|6.255|2073985024|2078466048|sim_data_345e031ce91f1b82|__AUTOMETRIC__
__AUTOMETRIC__|0.1.2|11248|crew_log_881ae90a4d151b0d|0|1786322026.257|100.094|6.256|2176430080|2180907008|sim_data_345e031ce91f1b82|__AUTOMETRIC__
__AUTOMETRIC__|0.1.2|11248|crew_log_881ae90a4d151b0d|0|1786322027.271|81.626|5.102|2178297856|2182320128|sim_data_345e031ce91f1b82|__AUTOMETRIC__
__AUTOMETRIC__|0.1.2|11248|crew_log_881ae90a4d151b0d|0|1786322028.284|101.833|6.365|2174472192|2177949696|sim_data_345e031ce91f1b82|__AUTOMETRIC__
__AUTOMETRIC__|0.1.2|11248|crew_log_881ae90a4d151b0d|0|1786322029.297|100.220|6.264|2173935616|2177200128|sim_data_345e031ce91f1b82|__AUTOMETRIC__
__AUTOMETRIC__|0.1.2|11248|crew_log_881ae90a4d151b0d|0|1786322030.309|97.329|6.083|2174959616|2178158592|sim_data_345e031ce91f1b82|__AUTOMETRIC__
__AUTOMETRIC__|0.1.2|11248|crew_log_881ae90a4d151b0d|0|1786322031.320|98.870|6.179|2174906368|2178105344|sim_data_345e031ce91f1b82|__AUTOMETRIC__
__AUTOMETRIC__|0.1.2|11248|crew_log_881ae90a4d151b0d|0|1786322032.335|98.547|6.159|2174906368|2178105344|sim_data_345e031ce91f1b82|__AUTOMETRIC__
__AUTOMETRIC__|0.1.2|11248|crew_log_881ae90a4d151b0d|0|1786322033.349|98.574|6.161|2175864832|2179063808|sim_data_345e031ce91f1b82|__AUTOMETRIC__
__AUTOMETRIC__|0.1.2|11248|crew_log_881ae90a4d151b0d|0|1786322034.350|99.890|6.243|2175819776|2179018752|sim_data_345e031ce91f1b82|__AUTOMETRIC__
__AUTOMETRIC__|0.1.2|11248|crew_log_881ae90a4d151b0d|0|1786322035.363|100.309|6.269|2175823872|2179022848|sim_data_345e031ce91f1b82|__AUTOMETRIC__
__AUTOMETRIC__|0.1.2|11248|crew_log_881ae90a4d151b0d|0|1786322036.377|100.154|6.260|2175823872|2179022848|sim_data_345e031ce91f1b82|__AUTOMETRIC__
__AUTOMETRIC__|0.1.2|11248|crew_log_881ae90a4d151b0d|0|1786322037.393|98.439|6.152|2176741376|2179940352|sim_data_345e031ce91f1b82|__AUTOMETRIC__
__AUTOMETRIC__|0.1.2|11248|crew_log_881ae90a4d151b0d|0|1786322038.405|100.363|6.273|2176741376|2179940352|sim_data_345e031ce91f1b82|__AUTOMETRIC__
__AUTOMETRIC__|0.1.2|11248|crew_log_881ae90a4d151b0d|0|1786322039.418|100.249|6.266|2176741376|2179940352|sim_data_345e031ce91f1b82|__AUTOMETRIC__
__AUTOMETRIC__|0.1.2|11248|crew_log_881ae90a4d151b0d|0|1786322040.434|98.446|6.153|2277302272|2280685568|sim_data_345e031ce91f1b82|__AUTOMETRIC__
__AUTOMETRIC__|0.1.2|11248|crew_log_881ae90a4d151b0d|0|1786322041.447|103.314|6.457|2235019264|2238324736|sim_data_345e031ce91f1b82|__AUTOMETRIC__
__AUTOMETRIC__|0.1.2|11248|crew_log_881ae90a4d151b0d|0|1786322042.462|100.028|6.252|2235744256|2239070208|sim_data_345e031ce91f1b82|__AUTOMETRIC__
__AUTOMETRIC__|0.1.2|11248|crew_log_881ae90a4d151b0d|0|1786322043.476|101.716|6.357|2175922176|2179481600|sim_data_345e031ce91f1b82|__AUTOMETRIC__
__AUTOMETRIC__|0.1.2|11248|crew_log_881ae90a4d151b0d|0|1786322044.491|100.068|6.254|2183917568|2187276288|sim_data_345e031ce91f1b82|__AUTOMETRIC__
__AUTOMETRIC__|0.1.2|11248|crew_log_881ae90a4d151b0d|0|1786322045.506|98.521|6.158|2188570624|2192064512|sim_data_345e031ce91f1b82|__AUTOMETRIC__
__AUTOMETRIC__|0.1.2|11248|crew_log_881ae90a4d151b0d|0|1786322046.507|101.505|6.344|2188644352|2192138240|sim_data_345e031ce91f1b82|__AUTOMETRIC__
__AUTOMETRIC__|0.1.2|11248|crew_log_881ae90a4d151b0d|0|1786322047.520|98.671|6.167|2189217792|2192429056|sim_data_345e031ce91f1b82|__AUTOMETRIC__
__AUTOMETRIC__|0.1.2|11248|crew_log_881ae90a4d151b0d|0|1786322048.535|101.605|6.350|2189152256|2192363520|sim_data_345e031ce91f1b82|__AUTOMETRIC__
__AUTOMETRIC__|0.1.2|11248|crew_log_881ae90a4d151b0d|0|1786322049.550|101.561|6.348|2189152256|2192363520|sim_data_345e031ce91f1b82|__AUTOMETRIC__
__AUTOMETRIC__|0.1.2|11248|crew_log_881ae90a4d151b0d|0|1786322050.564|98.633|6.165|2190139392|2193350656|sim_data_345e031ce91f1b82|__AUTOMETRIC__
__AUTOMETRIC__|0.1.2|11248|crew_log_881ae90a4d151b0d|0|1786322051.576|100.382|6.274|2190102528|2193313792|sim_data_345e031ce91f1b82|__AUTOMETRIC__
__AUTOMETRIC__|0.1.2|11248|crew_log_881ae90a4d151b0d|0|1786322052.590|100.200|6.263|2191015936|2194227200|sim_data_345e031ce91f1b82|__AUTOMETRIC__
__AUTOMETRIC__|0.1.2|11248|crew_log_881ae90a4d151b0d|0|1786322053.601|100.471|6.279|2190966784|2194178048|sim_data_345e031ce91f1b82|__AUTOMETRIC__
__AUTOMETRIC__|0.1.2|11248|crew_log_881ae90a4d151b0d|0|1786322054.615|98.585|6.162|2190966784|2194178048|sim_data_345e031ce91f1b82|__AUTOMETRIC__
__AUTOMETRIC__|0.1.2|11248|crew_log_881ae90a4d151b0d|0|1786322055.629|100.150|6.259|2309226496|2312462336|sim_data_345e031ce91f1b82|__AUTOMETRIC__
__AUTOMETRIC__|0.1.2|11248|crew_log_881ae90a4d151b0d|0|1786322056.644|101.572|6.348|2292383744|2295762944|sim_data_345e031ce91f1b82|__AUTOMETRIC__
__AUTOMETRIC__|0.1.2|11248|crew_log_881ae90a4d151b0d|0|1786322057.658|101.721|6.358|2186620928|2189905920|sim_data_345e031ce91f1b82|__AUTOMETRIC__
__AUTOMETRIC__|0.1.2|11248|crew_log_881ae90a4d151b0d|0|1786322058.672|100.154|6.260|2191429632|2195341312|sim_data_345e031ce91f1b82|__AUTOMETRIC__
__AUTOMETRIC__|0.1.2|11248|crew_log_881ae90a4d151b0d|0|1786322059.687|101.591|6.349|2192367616|2196078592|sim_data_345e031ce91f1b82|__AUTOMETRIC__
__AUTOMETRIC__|0.1.2|11248|crew_log_881ae90a4d151b0d|0|1786322060.702|98.594|6.162|2195587072|2199814144|sim_data_345e031ce91f1b82|__AUTOMETRIC__
__AUTOMETRIC__|0.1.2|11248|crew_log_881ae90a4d151b0d|0|1786322061.714|100.290|6.268|2194034688|2197233664|sim_data_345e031ce91f1b82|__AUTOMETRIC__
__AUTOMETRIC__|0.1.2|11248|crew_log_881ae90a4d151b0d|0|1786322062.727|98.735|6.171|2193698816|2196897792|sim_data_345e031ce91f1b82|__AUTOMETRIC__
__AUTOMETRIC__|0.1.2|11248|crew_log_881ae90a4d151b0d|0|1786322063.743|98.464|6.154|2193698816|2196897792|sim_data_345e031ce91f1b82|__AUTOMETRIC__
__AUTOMETRIC__|0.1.2|11248|crew_log_881ae90a4d151b0d|0|1786322064.757|98.583|6.161|2193698816|2196897792|sim_data_345e031ce91f1b82|__AUTOMETRIC__
__AUTOMETRIC__|0.1.2|11248|crew_log_881ae90a4d151b0d|0|1786322065.771|98.612|6.163|2193698816|2196897792|sim_data_345e031ce91f1b82|__AUTOMETRIC__
__AUTOMETRIC__|0.1.2|11248|crew_log_881ae90a4d151b0d|0|1786322066.785|100.165|6.260|2194710528|2197909504|sim_data_345e031ce91f1b82|__AUTOMETRIC__
__AUTOMETRIC__|0.1.2|11248|crew_log_881ae90a4d151b0d|0|1786322067.801|98.440|6.153|2194640896|2197839872|sim_data_345e031ce91f1b82|__AUTOMETRIC__
__AUTOMETRIC__|0.1.2|11248|crew_log_881ae90a4d151b0d|0|1786322068.814|100.239|6.265|2194640896|2197839872|sim_data_345e031ce91f1b82|__AUTOMETRIC__
__AUTOMETRIC__|0.1.2|11248|crew_log_881ae90a4d151b0d|0|1786322069.828|98.617|6.164|2194644992|2197843968|sim_data_345e031ce91f1b82|__AUTOMETRIC__
__AUTOMETRIC__|0.1.2|11248|crew_log_881ae90a4d151b0d|0|1786322070.842|100.136|6.259|2194644992|2197843968|sim_data_345e031ce91f1b82|__AUTOMETRIC__
__AUTOMETRIC__|0.1.2|11248|crew_log_881ae90a4d151b0d|0|1786322071.856|97.128|6.070|2195525632|2198724608|sim_data_345e031ce91f1b82|__AUTOMETRIC__
__AUTOMETRIC__|0.1.2|11248|crew_log_881ae90a4d151b0d|0|1786322072.869|100.267|6.267|2195529728|2198728704|sim_data_345e031ce91f1b82|__AUTOMETRIC__
__AUTOMETRIC__|0.1.2|11248|crew_log_881ae90a4d151b0d|0|1786322073.883|101.630|6.352|2195525632|2198724608|sim_data_345e031ce91f1b82|__AUTOMETRIC__
__AUTOMETRIC__|0.1.2|11248|crew_log_881ae90a4d151b0d|0|1786322074.895|98.905|6.182|2195529728|2198728704|sim_data_345e031ce91f1b82|__AUTOMETRIC__
__AUTOMETRIC__|0.1.2|11248|crew_log_881ae90a4d151b0d|0|1786322075.910|100.051|6.253|2195529728|2198728704|sim_data_345e031ce91f1b82|__AUTOMETRIC__
__AUTOMETRIC__|0.1.2|11248|crew_log_881ae90a4d151b0d|0|1786322076.925|100.042|6.253|2195529728|2198728704|sim_data_345e031ce91f1b82|__AUTOMETRIC__
__AUTOMETRIC__|0.1.2|11248|crew_log_881ae90a4d151b0d|0|1786322077.941|96.911|6.057|2196471808|2199670784|sim_data_345e031ce91f1b82|__AUTOMETRIC__
__AUTOMETRIC__|0.1.2|11248|crew_log_881ae90a4d151b0d|0|1786322078.955|100.149|6.259|2196475904|2199674880|sim_data_345e031ce91f1b82|__AUTOMETRIC__
__AUTOMETRIC__|0.1.2|11248|crew_log_881ae90a4d151b0d|0|1786322079.968|100.197|6.262|2196471808|2199670784|sim_data_345e031ce91f1b82|__AUTOMETRIC__
__AUTOMETRIC__|0.1.2|11248|crew_log_881ae90a4d151b0d|0|1786322080.981|100.270|6.267|2196488192|2199687168|sim_data_345e031ce91f1b82|__AUTOMETRIC__
__AUTOMETRIC__|0.1.2|11248|crew_log_881ae90a4d151b0d|0|1786322081.997|99.987|6.249|2196488192|2199687168|sim_data_345e031ce91f1b82|__AUTOMETRIC__
__AUTOMETRIC__|0.1.2|11248|crew_log_881ae90a4d151b0d|0|1786322083.010|100.241|6.265|2335555584|2338762752|sim_data_345e031ce91f1b82|__AUTOMETRIC__
__AUTOMETRIC__|0.1.2|11248|crew_log_881ae90a4d151b0d|0|1786322084.026|100.005|6.250|2296659968|2300035072|sim_data_345e031ce91f1b82|__AUTOMETRIC__
__AUTOMETRIC__|0.1.2|11248|crew_log_881ae90a4d151b0d|0|1786322085.041|104.693|6.543|2074054656|2077343744|sim_data_345e031ce91f1b82|__AUTOMETRIC__
__AUTOMETRIC__|0.1.2|11248|crew_log_881ae90a4d151b0d|0|1786322086.054|98.698|6.169|2161655808|2165125120|sim_data_345e031ce91f1b82|__AUTOMETRIC__
__AUTOMETRIC__|0.1.2|11248|crew_log_881ae90a4d151b0d|0|1786322087.068|100.128|6.258|2182283264|2185703424|sim_data_345e031ce91f1b82|__AUTOMETRIC__
__AUTOMETRIC__|0.1.2|11248|crew_log_881ae90a4d151b0d|0|1786322088.084|99.993|6.250|2193215488|2197151744|sim_data_345e031ce91f1b82|__AUTOMETRIC__
__AUTOMETRIC__|0.1.2|11248|crew_log_881ae90a4d151b0d|0|1786322089.097|101.738|6.359|2192027648|2195509248|sim_data_345e031ce91f1b82|__AUTOMETRIC__
__AUTOMETRIC__|0.1.2|11248|crew_log_881ae90a4d151b0d|0|1786322090.110|98.800|6.175|2192023552|2195296256|sim_data_345e031ce91f1b82|__AUTOMETRIC__
__AUTOMETRIC__|0.1.2|11248|crew_log_881ae90a4d151b0d|0|1786322091.123|100.207|6.263|2191818752|2195025920|sim_data_345e031ce91f1b82|__AUTOMETRIC__
__AUTOMETRIC__|0.1.2|11248|crew_log_881ae90a4d151b0d|0|1786322092.138|100.042|6.253|2191818752|2195025920|sim_data_345e031ce91f1b82|__AUTOMETRIC__
__AUTOMETRIC__|0.1.2|11248|crew_log_881ae90a4d151b0d|0|1786322093.152|97.089|6.068|2192785408|2195992576|sim_data_345e031ce91f1b82|__AUTOMETRIC__
__AUTOMETRIC__|0.1.2|11248|crew_log_881ae90a4d151b0d|0|1786322094.165|101.786|6.362|2192732160|2195939328|sim_data_345e031ce91f1b82|__AUTOMETRIC__
__AUTOMETRIC__|0.1.2|11248|crew_log_881ae90a4d151b0d|0|1786322095.178|98.778|6.174|2192728064|2195935232|sim_data_345e031ce91f1b82|__AUTOMETRIC__
__AUTOMETRIC__|0.1.2|11248|crew_log_881ae90a4d151b0d|0|1786322096.192|101.663|6.354|2192732160|2195939328|sim_data_345e031ce91f1b82|__AUTOMETRIC__
__AUTOMETRIC__|0.1.2|11248|crew_log_881ae90a4d151b0d|0|1786322097.204|98.860|6.179|2192728064|2195935232|sim_data_345e031ce91f1b82|__AUTOMETRIC__
__AUTOMETRIC__|0.1.2|11248|crew_log_881ae90a4d151b0d|0|1786322098.215|98.847|6.178|2192728064|2195935232|sim_data_345e031ce91f1b82|__AUTOMETRIC__
__AUTOMETRIC__|0.1.2|11248|crew_log_881ae90a4d151b0d|0|1786322099.231|99.986|6.249|2192728064|2195935232|sim_data_345e031ce91f1b82|__AUTOMETRIC__
__AUTOMETRIC__|0.1.2|11248|crew_log_881ae90a4d151b0d|0|1786322100.246|98.563|6.160|2193641472|2196848640|sim_data_345e031ce91f1b82|__AUTOMETRIC__
__AUTOMETRIC__|0.1.2|11248|crew_log_881ae90a4d151b0d|0|1786322101.259|100.274|6.267|2193653760|2196860928|sim_data_345e031ce91f1b82|__AUTOMETRIC__
__AUTOMETRIC__|0.1.2|11248|crew_log_881ae90a4d151b0d|0|1786322102.272|98.626|6.164|2193653760|2196860928|sim_data_345e031ce91f1b82|__AUTOMETRIC__
__AUTOMETRIC__|0.1.2|11248|crew_log_881ae90a4d151b0d|0|1786322103.286|97.120|6.070|2193661952|2196869120|sim_data_345e031ce91f1b82|__AUTOMETRIC__
__AUTOMETRIC__|0.1.2|11248|crew_log_881ae90a4d151b0d|0|1786322104.298|100.397|6.275|2193645568|2196852736|sim_data_345e031ce91f1b82|__AUTOMETRIC__
__AUTOMETRIC__|0.1.2|11248|crew_log_881ae90a4d151b0d|0|1786322105.309|95.806|5.988|2194604032|2197811200|sim_data_345e031ce91f1b82|__AUTOMETRIC__
__AUTOMETRIC__|0.1.2|11248|crew_log_881ae90a4d151b0d|0|1786322106.322|97.135|6.071|2194567168|2197774336|sim_data_345e031ce91f1b82|__AUTOMETRIC__
__AUTOMETRIC__|0.1.2|11248|crew_log_881ae90a4d151b0d|0|1786322107.323|99.966|6.248|2194567168|2197774336|sim_data_345e031ce91f1b82|__AUTOMETRIC__
__AUTOMETRIC__|0.1.2|11248|crew_log_881ae90a4d151b0d|0|1786322108.338|98.470|6.154|2194567168|2197774336|sim_data_345e031ce91f1b82|__AUTOMETRIC__
__AUTOMETRIC__|0.1.2|11248|crew_log_881ae90a4d151b0d|0|1786322109.352|100.153|6.260|2194567168|2197774336|sim_data_345e031ce91f1b82|__AUTOMETRIC__
__AUTOMETRIC__|0.1.2|11248|crew_log_881ae90a4d151b0d|0|1786322110.367|98.580|6.161|2194567168|2197774336|sim_data_345e031ce91f1b82|__AUTOMETRIC__
__AUTOMETRIC__|0.1.2|11248|crew_log_881ae90a4d151b0d|0|1786322111.382|100.002|6.250|2194567168|2197774336|sim_data_345e031ce91f1b82|__AUTOMETRIC__
__AUTOMETRIC__|0.1.2|11248|crew_log_881ae90a4d151b0d|0|1786322112.395|98.733|6.171|2194567168|2197774336|sim_data_345e031ce91f1b82|__AUTOMETRIC__
__AUTOMETRIC__|0.1.2|11248|crew_log_881ae90a4d151b0d|0|1786322113.405|100.592|6.287|2285228032|2288500736|sim_data_345e031ce91f1b82|__AUTOMETRIC__
__AUTOMETRIC__|0.1.2|11248|crew_log_881ae90a4d151b0d|0|1786322114.419|98.618|6.164|2302214144|2305384448|sim_data_345e031ce91f1b82|__AUTOMETRIC__
__AUTOMETRIC__|0.1.2|11248|crew_log_881ae90a4d151b0d|0|1786322115.433|101.661|6.354|2247577600|2250928128|sim_data_345e031ce91f1b82|__AUTOMETRIC__
__AUTOMETRIC__|0.1.2|11248|crew_log_881ae90a4d151b0d|0|1786322116.446|100.214|6.263|2250121216|2253406208|sim_data_345e031ce91f1b82|__AUTOMETRIC__
__AUTOMETRIC__|0.1.2|11248|crew_log_881ae90a4d151b0d|0|1786322117.460|101.727|6.358|2147590144|2151022592|sim_data_345e031ce91f1b82|__AUTOMETRIC__
__AUTOMETRIC__|0.1.2|11248|crew_log_881ae90a4d151b0d|0|1786322118.473|101.861|6.366|2136629248|2139934720|sim_data_345e031ce91f1b82|__AUTOMETRIC__
__AUTOMETRIC__|0.1.2|11248|crew_log_881ae90a4d151b0d|0|1786322119.488|99.979|6.249|2147500032|2150932480|sim_data_345e031ce91f1b82|__AUTOMETRIC__
__AUTOMETRIC__|0.1.2|11248|crew_log_881ae90a4d151b0d|0|1786322120.504|100.005|6.250|2146844672|2150014976|sim_data_345e031ce91f1b82|__AUTOMETRIC__
__AUTOMETRIC__|0.1.2|11248|crew_log_881ae90a4d151b0d|0|1786322121.516|100.377|6.274|2146861056|2150031360|sim_data_345e031ce91f1b82|__AUTOMETRIC__
__AUTOMETRIC__|0.1.2|11248|crew_log_881ae90a4d151b0d|0|1786322122.530|100.143|6.259|2146861056|2150031360|sim_data_345e031ce91f1b82|__AUTOMETRIC__
__AUTOMETRIC__|0.1.2|11248|crew_log_881ae90a4d151b0d|0|1786322123.531|99.933|6.246|2147872768|2151043072|sim_data_345e031ce91f1b82|__AUTOMETRIC__
__AUTOMETRIC__|0.1.2|11248|crew_log_881ae90a4d151b0d|0|1786322124.543|100.378|6.274|2147770368|2150940672|sim_data_345e031ce91f1b82|__AUTOMETRIC__
__AUTOMETRIC__|0.1.2|11248|crew_log_881ae90a4d151b0d|0|1786322125.543|99.996|6.250|2147770368|2150940672|sim_data_345e031ce91f1b82|__AUTOMETRIC__
__AUTOMETRIC__|0.1.2|11248|crew_log_881ae90a4d151b0d|0|1786322126.556|100.197|6.262|2147770368|2150940672|sim_data_345e031ce91f1b82|__AUTOMETRIC__
__AUTOMETRIC__|0.1.2|11248|crew_log_881ae90a4d151b0d|0|1786322127.572|101.556|6.347|2147770368|2150940672|sim_data_345e031ce91f1b82|__AUTOMETRIC__
__AUTOMETRIC__|0.1.2|11248|crew_log_881ae90a4d151b0d|0|1786322128.586|98.557|6.160|2148679680|2151849984|sim_data_345e031ce91f1b82|__AUTOMETRIC__
__AUTOMETRIC__|0.1.2|11248|crew_log_881ae90a4d151b0d|0|1786322129.600|100.228|6.264|2148687872|2151858176|sim_data_345e031ce91f1b82|__AUTOMETRIC__
__AUTOMETRIC__|0.1.2|11248|crew_log_881ae90a4d151b0d|0|1786322130.614|103.250|6.453|2148691968|2151862272|sim_data_345e031ce91f1b82|__AUTOMETRIC__
__AUTOMETRIC__|0.1.2|11248|crew_log_881ae90a4d151b0d|0|1786322131.628|100.104|6.256|2148683776|2151854080|sim_data_345e031ce91f1b82|__AUTOMETRIC__
__AUTOMETRIC__|0.1.2|11248|crew_log_881ae90a4d151b0d|0|1786322132.628|98.425|6.152|2149666816|2152837120|sim_data_345e031ce91f1b82|__AUTOMETRIC__
__AUTOMETRIC__|0.1.2|11248|crew_log_881ae90a4d151b0d|0|1786322133.643|101.660|6.354|2149576704|2152747008|sim_data_345e031ce91f1b82|__AUTOMETRIC__
__AUTOMETRIC__|0.1.2|11248|crew_log_881ae90a4d151b0d|0|1786322134.655|100.302|6.269|2149580800|2152751104|sim_data_345e031ce91f1b82|__AUTOMETRIC__
__AUTOMETRIC__|0.1.2|11248|crew_log_881ae90a4d151b0d|0|1786322135.670|100.094|6.256|2149576704|2152747008|sim_data_345e031ce91f1b82|__AUTOMETRIC__
__AUTOMETRIC__|0.1.2|11248|crew_log_881ae90a4d151b0d|0|1786322136.684|98.612|6.163|2319998976|2323169280|sim_data_345e031ce91f1b82|__AUTOMETRIC__
__AUTOMETRIC__|0.1.2|11248|crew_log_881ae90a4d151b0d|0|1786322137.700|103.066|6.442|2210754560|2214182912|sim_data_345e031ce91f1b82|__AUTOMETRIC__
__AUTOMETRIC__|0.1.2|11248|crew_log_881ae90a4d151b0d|0|1786322138.712|100.371|6.273|2267459584|2270855168|sim_data_345e031ce91f1b82|__AUTOMETRIC__
__AUTOMETRIC__|0.1.2|11248|crew_log_881ae90a4d151b0d|0|1786322139.726|98.601|6.163|2270547968|2273968128|sim_data_345e031ce91f1b82|__AUTOMETRIC__
__AUTOMETRIC__|0.1.2|11248|crew_log_881ae90a4d151b0d|0|1786322140.742|98.420|6.151|2156974080|2160517120|sim_data_345e031ce91f1b82|__AUTOMETRIC__
__AUTOMETRIC__|0.1.2|11248|crew_log_881ae90a4d151b0d|0|1786322141.757|100.067|6.254|2154868736|2158321664|sim_data_345e031ce91f1b82|__AUTOMETRIC__
__AUTOMETRIC__|0.1.2|11248|crew_log_881ae90a4d151b0d|0|1786322142.773|99.933|6.246|2160029696|2163609600|sim_data_345e031ce91f1b82|__AUTOMETRIC__
__AUTOMETRIC__|0.1.2|11248|crew_log_881ae90a4d151b0d|0|1786322143.785|98.778|6.174|2159546368|2162831360|sim_data_345e031ce91f1b82|__AUTOMETRIC__
__AUTOMETRIC__|0.1.2|11248|crew_log_881ae90a4d151b0d|0|1786322144.799|100.242|6.265|2159546368|2162831360|sim_data_345e031ce91f1b82|__AUTOMETRIC__
__AUTOMETRIC__|0.1.2|11248|crew_log_881ae90a4d151b0d|0|1786322145.813|100.073|6.255|2159546368|2162831360|sim_data_345e031ce91f1b82|__AUTOMETRIC__
__AUTOMETRIC__|0.1.2|11248|crew_log_881ae90a4d151b0d|0|1786322146.826|100.294|6.268|2159546368|2162831360|sim_data_345e031ce91f1b82|__AUTOMETRIC__
__AUTOMETRIC__|0.1.2|11248|crew_log_881ae90a4d151b0d|0|1786322147.841|100.042|6.253|2160463872|2163748864|sim_data_345e031ce91f1b82|__AUTOMETRIC__
__AUTOMETRIC__|0.1.2|11248|crew_log_881ae90a4d151b0d|0|1786322148.855|100.190|6.262|2160467968|2163752960|sim_data_345e031ce91f1b82|__AUTOMETRIC__
__AUTOMETRIC__|0.1.2|11248|crew_log_881ae90a4d151b0d|0|1786322149.869|100.167|6.260|2160467968|2163752960|sim_data_345e031ce91f1b82|__AUTOMETRIC__
__AUTOMETRIC__|0.1.2|11248|crew_log_881ae90a4d151b0d|0|1786322150.881|98.836|6.177|2160476160|2163761152|sim_data_345e031ce91f1b82|__AUTOMETRIC__
__AUTOMETRIC__|0.1.2|11248|crew_log_881ae90a4d151b0d|0|1786322151.893|101.840|6.365|2161483776|2164768768|sim_data_345e031ce91f1b82|__AUTOMETRIC__
__AUTOMETRIC__|0.1.2|11248|crew_log_881ae90a4d151b0d|0|1786322152.906|100.275|6.267|2161426432|2164711424|sim_data_345e031ce91f1b82|__AUTOMETRIC__
__AUTOMETRIC__|0.1.2|11248|crew_log_881ae90a4d151b0d|0|1786322153.918|100.356|6.272|2161434624|2164719616|sim_data_345e031ce91f1b82|__AUTOMETRIC__
__AUTOMETRIC__|0.1.2|11248|crew_log_881ae90a4d151b0d|0|1786322154.933|100.055|6.253|2161442816|2164727808|sim_data_345e031ce91f1b82|__AUTOMETRIC__
__AUTOMETRIC__|0.1.2|11248|crew_log_881ae90a4d151b0d|0|1786322155.945|98.828|6.177|2161455104|2164740096|sim_data_345e031ce91f1b82|__AUTOMETRIC__
__AUTOMETRIC__|0.1.2|11248|crew_log_881ae90a4d151b0d|0|1786322156.959|98.600|6.162|2161414144|2164699136|sim_data_345e031ce91f1b82|__AUTOMETRIC__
__AUTOMETRIC__|0.1.2|11248|crew_log_881ae90a4d151b0d|0|1786322157.960|103.082|6.443|2161414144|2164699136|sim_data_345e031ce91f1b82|__AUTOMETRIC__
__AUTOMETRIC__|0.1.2|11248|crew_log_881ae90a4d151b0d|0|1786322158.973|100.196|6.262|2161418240|2164703232|sim_data_345e031ce91f1b82|__AUTOMETRIC__
__AUTOMETRIC__|0.1.2|11248|crew_log_881ae90a4d151b0d|0|1786322159.987|100.165|6.260|2161414144|2164699136|sim_data_345e031ce91f1b82|__AUTOMETRIC__
__AUTOMETRIC__|0.1.2|11248|crew_log_881ae90a4d151b0d|0|1786322161.000|100.272|6.267|2161418240|2164703232|sim_data_345e031ce91f1b82|__AUTOMETRIC__
__AUTOMETRIC__|0.1.2|11248|crew_log_881ae90a4d151b0d|0|1786322162.016|100.004|6.250|2162348032|2165633024|sim_data_345e031ce91f1b82|__AUTOMETRIC__
__AUTOMETRIC__|0.1.2|11248|crew_log_881ae90a4d151b0d|0|1786322163.029|100.229|6.264|2162290688|2165575680|sim_data_345e031ce91f1b82|__AUTOMETRIC__
__AUTOMETRIC__|0.1.2|11248|crew_log_881ae90a4d151b0d|0|1786322164.042|100.250|6.266|2162290688|2165575680|sim_data_345e031ce91f1b82|__AUTOMETRIC__
__AUTOMETRIC__|0.1.2|11248|crew_log_881ae90a4d151b0d|0|1786322165.053|98.931|6.183|2162298880|2165583872|sim_data_345e031ce91f1b82|__AUTOMETRIC__
__AUTOMETRIC__|0.1.2|11248|crew_log_881ae90a4d151b0d|0|1786322166.068|100.098|6.256|2162290688|2165575680|sim_data_345e031ce91f1b82|__AUTOMETRIC__
__AUTOMETRIC__|0.1.2|11248|crew_log_881ae90a4d151b0d|0|1786322167.081|101.790|6.362|2162286592|2165571584|sim_data_345e031ce91f1b82|__AUTOMETRIC__
__AUTOMETRIC__|0.1.2|11248|crew_log_881ae90a4d151b0d|0|1786322168.095|100.140|6.259|2162286592|2165571584|sim_data_345e031ce91f1b82|__AUTOMETRIC__
__AUTOMETRIC__|0.1.2|11248|crew_log_881ae90a4d151b0d|0|1786322169.107|100.306|6.269|2310606848|2313879552|sim_data_345e031ce91f1b82|__AUTOMETRIC__
__AUTOMETRIC__|0.1.2|11248|crew_log_881ae90a4d151b0d|0|1786322170.108|99.981|6.249|2462932992|2466713600|sim_data_345e031ce91f1b82|__AUTOMETRIC__
__AUTOMETRIC__|0.1.2|11248|crew_log_881ae90a4d151b0d|0|1786322171.118|105.109|6.569|2222911488|2226626560|sim_data_345e031ce91f1b82|__AUTOMETRIC__
__AUTOMETRIC__|0.1.2|11248|crew_log_881ae90a4d151b0d|0|1786322172.130|98.893|6.181|2228219904|2231967744|sim_data_345e031ce91f1b82|__AUTOMETRIC__
__AUTOMETRIC__|0.1.2|11248|crew_log_881ae90a4d151b0d|0|1786322173.140|98.958|6.185|2229198848|2232832000|sim_data_345e031ce91f1b82|__AUTOMETRIC__
__AUTOMETRIC__|0.1.2|11248|crew_log_881ae90a4d151b0d|0|1786322174.154|101.714|6.357|2177323008|2181156864|sim_data_345e031ce91f1b82|__AUTOMETRIC__
__AUTOMETRIC__|0.1.2|11248|crew_log_881ae90a4d151b0d|0|1786322175.168|98.613|6.163|2165161984|2168770560|sim_data_345e031ce91f1b82|__AUTOMETRIC__
__AUTOMETRIC__|0.1.2|11248|crew_log_881ae90a4d151b0d|0|1786322176.169|96.826|6.052|2164424704|2167914496|sim_data_345e031ce91f1b82|__AUTOMETRIC__
__AUTOMETRIC__|0.1.2|11248|crew_log_881ae90a4d151b0d|0|1786322177.181|98.742|6.171|2164424704|2167848960|sim_data_345e031ce91f1b82|__AUTOMETRIC__
__AUTOMETRIC__|0.1.2|11248|crew_log_881ae90a4d151b0d|0|1786322178.182|96.788|6.049|2165317632|2168741888|sim_data_345e031ce91f1b82|__AUTOMETRIC__
__AUTOMETRIC__|0.1.2|11248|crew_log_881ae90a4d151b0d|0|1786322179.198|99.996|6.250|2165334016|2168758272|sim_data_345e031ce91f1b82|__AUTOMETRIC__
__AUTOMETRIC__|0.1.2|11248|crew_log_881ae90a4d151b0d|0|1786322180.211|100.244|6.265|2165325824|2168750080|sim_data_345e031ce91f1b82|__AUTOMETRIC__
__AUTOMETRIC__|0.1.2|11248|crew_log_881ae90a4d151b0d|0|1786322181.225|98.655|6.166|2166427648|2169851904|sim_data_345e031ce91f1b82|__AUTOMETRIC__
__AUTOMETRIC__|0.1.2|11248|crew_log_881ae90a4d151b0d|0|1786322182.238|100.197|6.262|2166345728|2169769984|sim_data_345e031ce91f1b82|__AUTOMETRIC__
__AUTOMETRIC__|0.1.2|11248|crew_log_881ae90a4d151b0d|0|1786322183.251|98.723|6.170|2166325248|2169749504|sim_data_345e031ce91f1b82|__AUTOMETRIC__
__AUTOMETRIC__|0.1.2|11248|crew_log_881ae90a4d151b0d|0|1786322184.266|98.566|6.160|2167193600|2170617856|sim_data_345e031ce91f1b82|__AUTOMETRIC__
__AUTOMETRIC__|0.1.2|11248|crew_log_881ae90a4d151b0d|0|1786322185.282|98.452|6.153|2167201792|2170626048|sim_data_345e031ce91f1b82|__AUTOMETRIC__
__AUTOMETRIC__|0.1.2|11248|crew_log_881ae90a4d151b0d|0|1786322186.293|100.369|6.273|2167218176|2170642432|sim_data_345e031ce91f1b82|__AUTOMETRIC__
__AUTOMETRIC__|0.1.2|11248|crew_log_881ae90a4d151b0d|0|1786322187.294|99.928|6.245|2167222272|2170646528|sim_data_345e031ce91f1b82|__AUTOMETRIC__
__AUTOMETRIC__|0.1.2|11248|crew_log_881ae90a4d151b0d|0|1786322188.310|96.946|6.059|2392576000|2396241920|sim_data_345e031ce91f1b82|__AUTOMETRIC__
__AUTOMETRIC__|0.1.2|11248|crew_log_881ae90a4d151b0d|0|1786322189.324|98.567|6.160|2456158208|2459832320|sim_data_345e031ce91f1b82|__AUTOMETRIC__
__AUTOMETRIC__|0.1.2|11248|crew_log_881ae90a4d151b0d|0|1786322190.338|104.770|6.548|2215129088|2218680320|sim_data_345e031ce91f1b82|__AUTOMETRIC__
__AUTOMETRIC__|0.1.2|11248|crew_log_881ae90a4d151b0d|0|1786322191.353|101.627|6.352|2221875200|2225561600|sim_data_345e031ce91f1b82|__AUTOMETRIC__
__AUTOMETRIC__|0.1.2|11248|crew_log_881ae90a4d151b0d|0|1786322192.366|98.752|6.172|2173423616|2177101824|sim_data_345e031ce91f1b82|__AUTOMETRIC__
__AUTOMETRIC__|0.1.2|11248|crew_log_881ae90a4d151b0d|0|1786322193.378|101.870|6.367|2169389056|2173280256|sim_data_345e031ce91f1b82|__AUTOMETRIC__
__AUTOMETRIC__|0.1.2|11248|crew_log_881ae90a4d151b0d|0|1786322194.393|100.045|6.253|2168643584|2172067840|sim_data_345e031ce91f1b82|__AUTOMETRIC__
__AUTOMETRIC__|0.1.2|11248|crew_log_881ae90a4d151b0d|0|1786322195.406|100.248|6.266|2168639488|2172063744|sim_data_345e031ce91f1b82|__AUTOMETRIC__
__AUTOMETRIC__|0.1.2|11248|crew_log_881ae90a4d151b0d|0|1786322196.416|100.556|6.285|2168639488|2172063744|sim_data_345e031ce91f1b82|__AUTOMETRIC__
__AUTOMETRIC__|0.1.2|11248|crew_log_881ae90a4d151b0d|0|1786322197.431|100.035|6.252|2169757696|2173181952|sim_data_345e031ce91f1b82|__AUTOMETRIC__
__AUTOMETRIC__|0.1.2|11248|crew_log_881ae90a4d151b0d|0|1786322198.432|99.997|6.250|2169688064|2173112320|sim_data_345e031ce91f1b82|__AUTOMETRIC__
__AUTOMETRIC__|0.1.2|11248|crew_log_881ae90a4d151b0d|0|1786322199.446|100.085|6.255|2169688064|2173112320|sim_data_345e031ce91f1b82|__AUTOMETRIC__
__AUTOMETRIC__|0.1.2|11248|crew_log_881ae90a4d151b0d|0|1786322200.447|99.935|6.246|2169692160|2173116416|sim_data_345e031ce91f1b82|__AUTOMETRIC__
__AUTOMETRIC__|0.1.2|11248|crew_log_881ae90a4d151b0d|0|1786322201.459|97.305|6.082|2170634240|2174058496|sim_data_345e031ce91f1b82|__AUTOMETRIC__
__AUTOMETRIC__|0.1.2|11248|crew_log_881ae90a4d151b0d|0|1786322202.474|99.993|6.250|2170511360|2173935616|sim_data_345e031ce91f1b82|__AUTOMETRIC__
__AUTOMETRIC__|0.1.2|11248|crew_log_881ae90a4d151b0d|0|1786322203.476|102.958|6.435|2170519552|2173943808|sim_data_345e031ce91f1b82|__AUTOMETRIC__
__AUTOMETRIC__|0.1.2|11248|crew_log_881ae90a4d151b0d|0|1786322204.488|98.789|6.174|2170519552|2173943808|sim_data_345e031ce91f1b82|__AUTOMETRIC__
__AUTOMETRIC__|0.1.2|11248|crew_log_881ae90a4d151b0d|0|1786322205.502|100.156|6.260|2170519552|2173943808|sim_data_345e031ce91f1b82|__AUTOMETRIC__
__AUTOMETRIC__|0.1.2|11248|crew_log_881ae90a4d151b0d|0|1786322206.516|100.138|6.259|2170519552|2173943808|sim_data_345e031ce91f1b82|__AUTOMETRIC__
__AUTOMETRIC__|0.1.2|11248|crew_log_881ae90a4d151b0d|0|1786322207.530|97.130|6.071|2171625472|2175049728|sim_data_345e031ce91f1b82|__AUTOMETRIC__
__AUTOMETRIC__|0.1.2|11248|crew_log_881ae90a4d151b0d|0|1786322208.542|98.770|6.173|2171527168|2174951424|sim_data_345e031ce91f1b82|__AUTOMETRIC__
__AUTOMETRIC__|0.1.2|11248|crew_log_881ae90a4d151b0d|0|1786322209.556|100.181|6.261|2171535360|2174959616|sim_data_345e031ce91f1b82|__AUTOMETRIC__
__AUTOMETRIC__|0.1.2|11248|crew_log_881ae90a4d151b0d|0|1786322210.569|98.765|6.173|2171527168|2174951424|sim_data_345e031ce91f1b82|__AUTOMETRIC__
__AUTOMETRIC__|0.1.2|11248|crew_log_881ae90a4d151b0d|0|1786322211.569|101.561|6.348|2171535360|2174959616|sim_data_345e031ce91f1b82|__AUTOMETRIC__
__AUTOMETRIC__|0.1.2|11248|crew_log_881ae90a4d151b0d|0|1786322212.584|98.521|6.158|2171531264|2174955520|sim_data_345e031ce91f1b82|__AUTOMETRIC__
__AUTOMETRIC__|0.1.2|11248|crew_log_881ae90a4d151b0d|0|1786322213.599|103.103|6.444|2394095616|2397536256|sim_data_345e031ce91f1b82|__AUTOMETRIC__
__AUTOMETRIC__|0.1.2|11248|crew_log_881ae90a4d151b0d|0|1786322214.614|101.579|6.349|2487009280|2490675200|sim_data_345e031ce91f1b82|__AUTOMETRIC__
__AUTOMETRIC__|0.1.2|11248|crew_log_881ae90a4d151b0d|0|1786322215.629|104.656|6.541|2246561792|2250182656|sim_data_345e031ce91f1b82|__AUTOMETRIC__
__AUTOMETRIC__|0.1.2|11248|crew_log_881ae90a4d151b0d|0|1786322216.643|101.760|6.360|2245709824|2249330688|sim_data_345e031ce91f1b82|__AUTOMETRIC__
__AUTOMETRIC__|0.1.2|11248|crew_log_881ae90a4d151b0d|0|1786322217.658|100.046|6.253|2252312576|2256252928|sim_data_345e031ce91f1b82|__AUTOMETRIC__
__AUTOMETRIC__|0.1.2|11248|crew_log_881ae90a4d151b0d|0|1786322218.673|103.163|6.448|2162323456|2166083584|sim_data_345e031ce91f1b82|__AUTOMETRIC__
__AUTOMETRIC__|0.1.2|11248|crew_log_881ae90a4d151b0d|0|1786322219.687|106.329|6.646|2044948480|2048585728|sim_data_345e031ce91f1b82|__AUTOMETRIC__
__AUTOMETRIC__|0.1.2|11248|crew_log_881ae90a4d151b0d|0|1786322220.701|100.149|6.259|2067218432|2070982656|sim_data_345e031ce91f1b82|__AUTOMETRIC__
__AUTOMETRIC__|0.1.2|11248|crew_log_881ae90a4d151b0d|0|1786322221.714|100.263|6.266|2066653184|2070347776|sim_data_345e031ce91f1b82|__AUTOMETRIC__
__AUTOMETRIC__|0.1.2|11248|crew_log_881ae90a4d151b0d|0|1786322222.727|100.207|6.263|2066251776|2069741568|sim_data_345e031ce91f1b82|__AUTOMETRIC__
__AUTOMETRIC__|0.1.2|11248|crew_log_881ae90a4d151b0d|0|1786322223.741|98.700|6.169|2066137088|2069626880|sim_data_345e031ce91f1b82|__AUTOMETRIC__
__AUTOMETRIC__|0.1.2|11248|crew_log_881ae90a4d151b0d|0|1786322224.755|101.703|6.356|2067116032|2070605824|sim_data_345e031ce91f1b82|__AUTOMETRIC__
__AUTOMETRIC__|0.1.2|11248|crew_log_881ae90a4d151b0d|0|1786322225.769|100.141|6.259|2067066880|2070556672|sim_data_345e031ce91f1b82|__AUTOMETRIC__
__AUTOMETRIC__|0.1.2|11248|crew_log_881ae90a4d151b0d|0|1786322226.782|100.272|6.267|2067062784|2070552576|sim_data_345e031ce91f1b82|__AUTOMETRIC__
__AUTOMETRIC__|0.1.2|11248|crew_log_881ae90a4d151b0d|0|1786322227.797|100.054|6.253|2067066880|2070556672|sim_data_345e031ce91f1b82|__AUTOMETRIC__
__AUTOMETRIC__|0.1.2|11248|crew_log_881ae90a4d151b0d|0|1786322228.798|99.883|6.243|2067062784|2070552576|sim_data_345e031ce91f1b82|__AUTOMETRIC__
__AUTOMETRIC__|0.1.2|11248|crew_log_881ae90a4d151b0d|0|1786322229.809|100.398|6.275|2067062784|2070552576|sim_data_345e031ce91f1b82|__AUTOMETRIC__
__AUTOMETRIC__|0.1.2|11248|crew_log_881ae90a4d151b0d|0|1786322230.823|98.655|6.166|2068074496|2071564288|sim_data_345e031ce91f1b82|__AUTOMETRIC__
__AUTOMETRIC__|0.1.2|11248|crew_log_881ae90a4d151b0d|0|1786322231.832|99.149|6.197|2068074496|2071564288|sim_data_345e031ce91f1b82|__AUTOMETRIC__
__AUTOMETRIC__|0.1.2|11248|crew_log_881ae90a4d151b0d|0|1786322232.845|98.693|6.168|2068086784|2071576576|sim_data_345e031ce91f1b82|__AUTOMETRIC__
__AUTOMETRIC__|0.1.2|11248|crew_log_881ae90a4d151b0d|0|1786322233.860|100.068|6.254|2068090880|2071580672|sim_data_345e031ce91f1b82|__AUTOMETRIC__
__AUTOMETRIC__|0.1.2|11248|crew_log_881ae90a4d151b0d|0|1786322234.874|100.183|6.261|2068086784|2071576576|sim_data_345e031ce91f1b82|__AUTOMETRIC__
__AUTOMETRIC__|0.1.2|11248|crew_log_881ae90a4d151b0d|0|1786322235.887|100.212|6.263|2069041152|2072530944|sim_data_345e031ce91f1b82|__AUTOMETRIC__
__AUTOMETRIC__|0.1.2|11248|crew_log_881ae90a4d151b0d|0|1786322236.901|100.194|6.262|2068992000|2072481792|sim_data_345e031ce91f1b82|__AUTOMETRIC__
__AUTOMETRIC__|0.1.2|11248|crew_log_881ae90a4d151b0d|0|1786322237.913|98.772|6.173|2068996096|2072485888|sim_data_345e031ce91f1b82|__AUTOMETRIC__
__AUTOMETRIC__|0.1.2|11248|crew_log_881ae90a4d151b0d|0|1786322238.929|101.568|6.348|2068996096|2072485888|sim_data_345e031ce91f1b82|__AUTOMETRIC__
__AUTOMETRIC__|0.1.2|11248|crew_log_881ae90a4d151b0d|0|1786322239.930|98.322|6.145|2175492096|2178965504|sim_data_345e031ce91f1b82|__AUTOMETRIC__
__AUTOMETRIC__|0.1.2|11248|crew_log_881ae90a4d151b0d|0|1786322240.944|98.583|6.161|2360102912|2364018688|sim_data_345e031ce91f1b82|__AUTOMETRIC__
__AUTOMETRIC__|0.1.2|11248|crew_log_881ae90a4d151b0d|0|1786322241.959|104.700|6.544|2207395840|2211045376|sim_data_345e031ce91f1b82|__AUTOMETRIC__
__AUTOMETRIC__|0.1.2|11248|crew_log_881ae90a4d151b0d|0|1786322242.973|100.151|6.259|2206535680|2210160640|sim_data_345e031ce91f1b82|__AUTOMETRIC__
__AUTOMETRIC__|0.1.2|11248|crew_log_881ae90a4d151b0d|0|1786322243.987|100.143|6.259|2208813056|2212597760|sim_data_345e031ce91f1b82|__AUTOMETRIC__
__AUTOMETRIC__|0.1.2|11248|crew_log_881ae90a4d151b0d|0|1786322245.002|101.637|6.352|2239086592|2243031040|sim_data_345e031ce91f1b82|__AUTOMETRIC__
__AUTOMETRIC__|0.1.2|11248|crew_log_881ae90a4d151b0d|0|1786322246.015|103.289|6.456|2164506624|2168180736|sim_data_345e031ce91f1b82|__AUTOMETRIC__
__AUTOMETRIC__|0.1.2|11248|crew_log_881ae90a4d151b0d|0|1786322247.029|101.780|6.361|2165248000|2169114624|sim_data_345e031ce91f1b82|__AUTOMETRIC__
__AUTOMETRIC__|0.1.2|11248|crew_log_881ae90a4d151b0d|0|1786322248.041|98.764|6.173|2162778112|2166427648|sim_data_345e031ce91f1b82|__AUTOMETRIC__
__AUTOMETRIC__|0.1.2|11248|crew_log_881ae90a4d151b0d|0|1786322249.055|100.191|6.262|2162790400|2166439936|sim_data_345e031ce91f1b82|__AUTOMETRIC__
__AUTOMETRIC__|0.1.2|11248|crew_log_881ae90a4d151b0d|0|1786322250.065|98.998|6.187|2162663424|2166165504|sim_data_345e031ce91f1b82|__AUTOMETRIC__
__AUTOMETRIC__|0.1.2|11248|crew_log_881ae90a4d151b0d|0|1786322251.077|100.344|6.272|2162249728|2165751808|sim_data_345e031ce91f1b82|__AUTOMETRIC__
__AUTOMETRIC__|0.1.2|11248|crew_log_881ae90a4d151b0d|0|1786322252.088|98.875|6.180|2162249728|2165751808|sim_data_345e031ce91f1b82|__AUTOMETRIC__
__AUTOMETRIC__|0.1.2|11248|crew_log_881ae90a4d151b0d|0|1786322253.101|97.230|6.077|2162245632|2165747712|sim_data_345e031ce91f1b82|__AUTOMETRIC__
__AUTOMETRIC__|0.1.2|11248|crew_log_881ae90a4d151b0d|0|1786322254.114|100.234|6.265|2163191808|2166693888|sim_data_345e031ce91f1b82|__AUTOMETRIC__
__AUTOMETRIC__|0.1.2|11248|crew_log_881ae90a4d151b0d|0|1786322255.126|100.387|6.274|2163224576|2166697984|sim_data_345e031ce91f1b82|__AUTOMETRIC__
__AUTOMETRIC__|0.1.2|11248|crew_log_881ae90a4d151b0d|0|1786322256.137|100.384|6.274|2163232768|2166706176|sim_data_345e031ce91f1b82|__AUTOMETRIC__
__AUTOMETRIC__|0.1.2|11248|crew_log_881ae90a4d151b0d|0|1786322257.152|100.098|6.256|2163236864|2166710272|sim_data_345e031ce91f1b82|__AUTOMETRIC__
__AUTOMETRIC__|0.1.2|11248|crew_log_881ae90a4d151b0d|0|1786322258.167|100.053|6.253|2163228672|2166702080|sim_data_345e031ce91f1b82|__AUTOMETRIC__
__AUTOMETRIC__|0.1.2|11248|crew_log_881ae90a4d151b0d|0|1786322259.181|97.062|6.066|2164097024|2167570432|sim_data_345e031ce91f1b82|__AUTOMETRIC__
__AUTOMETRIC__|0.1.2|11248|crew_log_881ae90a4d151b0d|0|1786322260.196|100.052|6.253|2164076544|2167549952|sim_data_345e031ce91f1b82|__AUTOMETRIC__
__AUTOMETRIC__|0.1.2|11248|crew_log_881ae90a4d151b0d|0|1786322261.211|100.104|6.257|2164068352|2167541760|sim_data_345e031ce91f1b82|__AUTOMETRIC__
__AUTOMETRIC__|0.1.2|11248|crew_log_881ae90a4d151b0d|0|1786322262.226|100.039|6.252|2164072448|2167545856|sim_data_345e031ce91f1b82|__AUTOMETRIC__
__AUTOMETRIC__|0.1.2|11248|crew_log_881ae90a4d151b0d|0|1786322263.240|98.661|6.166|2164072448|2167545856|sim_data_345e031ce91f1b82|__AUTOMETRIC__
__AUTOMETRIC__|0.1.2|11248|crew_log_881ae90a4d151b0d|0|1786322264.253|98.656|6.166|2165121024|2168594432|sim_data_345e031ce91f1b82|__AUTOMETRIC__
__AUTOMETRIC__|0.1.2|11248|crew_log_881ae90a4d151b0d|0|1786322265.269|99.976|6.249|2165071872|2168545280|sim_data_345e031ce91f1b82|__AUTOMETRIC__
__AUTOMETRIC__|0.1.2|11248|crew_log_881ae90a4d151b0d|0|1786322266.272|99.769|6.236|2165071872|2168545280|sim_data_345e031ce91f1b82|__AUTOMETRIC__
__AUTOMETRIC__|0.1.2|11248|crew_log_881ae90a4d151b0d|0|1786322267.273|99.854|6.241|2165075968|2168549376|sim_data_345e031ce91f1b82|__AUTOMETRIC__
__AUTOMETRIC__|0.1.2|11248|crew_log_881ae90a4d151b0d|0|1786322268.288|100.047|6.253|2165075968|2168549376|sim_data_345e031ce91f1b82|__AUTOMETRIC__
__AUTOMETRIC__|0.1.2|11248|crew_log_881ae90a4d151b0d|0|1786322269.303|101.585|6.349|2165084160|2168557568|sim_data_345e031ce91f1b82|__AUTOMETRIC__
__AUTOMETRIC__|0.1.2|11248|crew_log_881ae90a4d151b0d|0|1786322270.314|97.383|6.086|2385444864|2389000192|sim_data_345e031ce91f1b82|__AUTOMETRIC__
__AUTOMETRIC__|0.1.2|11248|crew_log_881ae90a4d151b0d|0|1786322271.315|99.898|6.244|2462453760|2466123776|sim_data_345e031ce91f1b82|__AUTOMETRIC__
__AUTOMETRIC__|0.1.2|11248|crew_log_881ae90a4d151b0d|0|1786322272.330|101.672|6.354|2224824320|2228453376|sim_data_345e031ce91f1b82|__AUTOMETRIC__
__AUTOMETRIC__|0.1.2|11248|crew_log_881ae90a4d151b0d|0|1786322273.330|101.565|6.348|2224484352|2228166656|sim_data_345e031ce91f1b82|__AUTOMETRIC__
__AUTOMETRIC__|0.1.2|11248|crew_log_881ae90a4d151b0d|0|1786322274.330|101.514|6.345|2231353344|2235195392|sim_data_345e031ce91f1b82|__AUTOMETRIC__
__AUTOMETRIC__|0.1.2|11248|crew_log_881ae90a4d151b0d|0|1786322275.344|100.124|6.258|2173190144|2176983040|sim_data_345e031ce91f1b82|__AUTOMETRIC__
__AUTOMETRIC__|0.1.2|11248|crew_log_881ae90a4d151b0d|0|1786322276.360|99.986|6.249|2177396736|2181206016|sim_data_345e031ce91f1b82|__AUTOMETRIC__
__AUTOMETRIC__|0.1.2|11248|crew_log_881ae90a4d151b0d|0|1786322277.376|101.559|6.347|2167189504|2170687488|sim_data_345e031ce91f1b82|__AUTOMETRIC__
__AUTOMETRIC__|0.1.2|11248|crew_log_881ae90a4d151b0d|0|1786322278.391|100.041|6.253|2166870016|2170368000|sim_data_345e031ce91f1b82|__AUTOMETRIC__
__AUTOMETRIC__|0.1.2|11248|crew_log_881ae90a4d151b0d|0|1786322279.404|98.671|6.167|2167861248|2171359232|sim_data_345e031ce91f1b82|__AUTOMETRIC__
__AUTOMETRIC__|0.1.2|11248|crew_log_881ae90a4d151b0d|0|1786322280.404|99.991|6.249|2167803904|2171301888|sim_data_345e031ce91f1b82|__AUTOMETRIC__
__AUTOMETRIC__|0.1.2|11248|crew_log_881ae90a4d151b0d|0|1786322281.418|100.184|6.261|2167812096|2171310080|sim_data_345e031ce91f1b82|__AUTOMETRIC__
__AUTOMETRIC__|0.1.2|11248|crew_log_881ae90a4d151b0d|0|1786322282.433|100.045|6.253|2167820288|2171318272|sim_data_345e031ce91f1b82|__AUTOMETRIC__
__AUTOMETRIC__|0.1.2|11248|crew_log_881ae90a4d151b0d|0|1786322283.446|97.160|6.073|2168811520|2172309504|sim_data_345e031ce91f1b82|__AUTOMETRIC__
__AUTOMETRIC__|0.1.2|11248|crew_log_881ae90a4d151b0d|0|1786322284.460|100.223|6.264|2168741888|2172239872|sim_data_345e031ce91f1b82|__AUTOMETRIC__
__AUTOMETRIC__|0.1.2|11248|crew_log_881ae90a4d151b0d|0|1786322285.472|98.818|6.176|2168741888|2172239872|sim_data_345e031ce91f1b82|__AUTOMETRIC__
__AUTOMETRIC__|0.1.2|11248|crew_log_881ae90a4d151b0d|0|1786322286.488|99.982|6.249|2169675776|2173173760|sim_data_345e031ce91f1b82|__AUTOMETRIC__
__AUTOMETRIC__|0.1.2|11248|crew_log_881ae90a4d151b0d|0|1786322287.501|100.166|6.260|2169618432|2173116416|sim_data_345e031ce91f1b82|__AUTOMETRIC__
__AUTOMETRIC__|0.1.2|11248|crew_log_881ae90a4d151b0d|0|1786322288.515|100.238|6.265|2169626624|2173124608|sim_data_345e031ce91f1b82|__AUTOMETRIC__
__AUTOMETRIC__|0.1.2|11248|crew_log_881ae90a4d151b0d|0|1786322289.528|100.193|6.262|2169634816|2173132800|sim_data_345e031ce91f1b82|__AUTOMETRIC__
__AUTOMETRIC__|0.1.2|11248|crew_log_881ae90a4d151b0d|0|1786322290.543|98.543|6.159|2392485888|2396127232|sim_data_345e031ce91f1b82|__AUTOMETRIC__
__AUTOMETRIC__|0.1.2|11248|crew_log_881ae90a4d151b0d|0|1786322291.559|100.003|6.250|2477441024|2481135616|sim_data_345e031ce91f1b82|__AUTOMETRIC__
__AUTOMETRIC__|0.1.2|11248|crew_log_881ae90a4d151b0d|0|1786322292.570|105.076|6.567|2238025728|2241646592|sim_data_345e031ce91f1b82|__AUTOMETRIC__
__AUTOMETRIC__|0.1.2|11248|crew_log_881ae90a4d151b0d|0|1786322293.584|98.592|6.162|2241650688|2245357568|sim_data_345e031ce91f1b82|__AUTOMETRIC__
__AUTOMETRIC__|0.1.2|11248|crew_log_881ae90a4d151b0d|0|1786322294.599|101.653|6.353|2245513216|2249211904|sim_data_345e031ce91f1b82|__AUTOMETRIC__
__AUTOMETRIC__|0.1.2|11248|crew_log_881ae90a4d151b0d|0|1786322295.614|101.597|6.350|2175549440|2179264512|sim_data_345e031ce91f1b82|__AUTOMETRIC__
__AUTOMETRIC__|0.1.2|11248|crew_log_881ae90a4d151b0d|0|1786322296.614|96.866|6.054|2180399104|2184523776|sim_data_345e031ce91f1b82|__AUTOMETRIC__
__AUTOMETRIC__|0.1.2|11248|crew_log_881ae90a4d151b0d|0|1786322297.627|100.258|6.266|2170449920|2173952000|sim_data_345e031ce91f1b82|__AUTOMETRIC__
__AUTOMETRIC__|0.1.2|11248|crew_log_881ae90a4d151b0d|0|1786322298.627|99.971|6.248|2170449920|2173952000|sim_data_345e031ce91f1b82|__AUTOMETRIC__
__AUTOMETRIC__|0.1.2|11248|crew_log_881ae90a4d151b0d|0|1786322299.641|100.151|6.259|2170466304|2173968384|sim_data_345e031ce91f1b82|__AUTOMETRIC__
__AUTOMETRIC__|0.1.2|11248|crew_log_881ae90a4d151b0d|0|1786322300.657|100.003|6.250|2170458112|2173960192|sim_data_345e031ce91f1b82|__AUTOMETRIC__
__AUTOMETRIC__|0.1.2|11248|crew_log_881ae90a4d151b0d|0|1786322301.669|98.777|6.174|2171412480|2174914560|sim_data_345e031ce91f1b82|__AUTOMETRIC__
__AUTOMETRIC__|0.1.2|11248|crew_log_881ae90a4d151b0d|0|1786322302.682|100.311|6.269|2171310080|2174812160|sim_data_345e031ce91f1b82|__AUTOMETRIC__
__AUTOMETRIC__|0.1.2|11248|crew_log_881ae90a4d151b0d|0|1786322303.682|99.996|6.250|2171305984|2174808064|sim_data_345e031ce91f1b82|__AUTOMETRIC__
__AUTOMETRIC__|0.1.2|11248|crew_log_881ae90a4d151b0d|0|1786322304.693|97.293|6.081|2171305984|2174808064|sim_data_345e031ce91f1b82|__AUTOMETRIC__
__AUTOMETRIC__|0.1.2|11248|crew_log_881ae90a4d151b0d|0|1786322305.708|101.601|6.350|2171305984|2174808064|sim_data_345e031ce91f1b82|__AUTOMETRIC__
__AUTOMETRIC__|0.1.2|11248|crew_log_881ae90a4d151b0d|0|1786322306.724|100.014|6.251|2172309504|2175811584|sim_data_345e031ce91f1b82|__AUTOMETRIC__
__AUTOMETRIC__|0.1.2|11248|crew_log_881ae90a4d151b0d|0|1786322307.737|98.707|6.169|2172239872|2175741952|sim_data_345e031ce91f1b82|__AUTOMETRIC__
__AUTOMETRIC__|0.1.2|11248|crew_log_881ae90a4d151b0d|0|1786322308.752|100.071|6.254|2172239872|2175741952|sim_data_345e031ce91f1b82|__AUTOMETRIC__
__AUTOMETRIC__|0.1.2|11248|crew_log_881ae90a4d151b0d|0|1786322309.765|100.219|6.264|2172243968|2175746048|sim_data_345e031ce91f1b82|__AUTOMETRIC__
__AUTOMETRIC__|0.1.2|11248|crew_log_881ae90a4d151b0d|0|1786322310.781|100.048|6.253|2172243968|2175746048|sim_data_345e031ce91f1b82|__AUTOMETRIC__
__AUTOMETRIC__|0.1.2|11248|crew_log_881ae90a4d151b0d|0|1786322311.793|101.826|6.364|2173161472|2176663552|sim_data_345e031ce91f1b82|__AUTOMETRIC__
__AUTOMETRIC__|0.1.2|11248|crew_log_881ae90a4d151b0d|0|1786322312.808|100.061|6.254|2173161472|2176663552|sim_data_345e031ce91f1b82|__AUTOMETRIC__
__AUTOMETRIC__|0.1.2|11248|crew_log_881ae90a4d151b0d|0|1786322313.821|100.238|6.265|2173161472|2176663552|sim_data_345e031ce91f1b82|__AUTOMETRIC__
__AUTOMETRIC__|0.1.2|11248|crew_log_881ae90a4d151b0d|0|1786322314.837|100.037|6.252|2173161472|2176663552|sim_data_345e031ce91f1b82|__AUTOMETRIC__
__AUTOMETRIC__|0.1.2|11248|crew_log_881ae90a4d151b0d|0|1786322315.850|98.681|6.168|2173161472|2176663552|sim_data_345e031ce91f1b82|__AUTOMETRIC__
__AUTOMETRIC__|0.1.2|11248|crew_log_881ae90a4d151b0d|0|1786322316.863|101.856|6.366|2393751552|2397319168|sim_data_345e031ce91f1b82|__AUTOMETRIC__
__AUTOMETRIC__|0.1.2|11248|crew_log_881ae90a4d151b0d|0|1786322317.876|101.714|6.357|2246877184|2250563584|sim_data_345e031ce91f1b82|__AUTOMETRIC__
__AUTOMETRIC__|0.1.2|11248|crew_log_881ae90a4d151b0d|0|1786322318.890|100.160|6.260|2249633792|2253254656|sim_data_345e031ce91f1b82|__AUTOMETRIC__
__AUTOMETRIC__|0.1.2|11248|crew_log_881ae90a4d151b0d|0|1786322319.903|100.256|6.266|2249760768|2253688832|sim_data_345e031ce91f1b82|__AUTOMETRIC__
__AUTOMETRIC__|0.1.2|11248|crew_log_881ae90a4d151b0d|0|1786322320.904|99.992|6.249|2255884288|2259779584|sim_data_345e031ce91f1b82|__AUTOMETRIC__
__AUTOMETRIC__|0.1.2|11248|crew_log_881ae90a4d151b0d|0|1786322321.916|101.849|6.366|2180771840|2184523776|sim_data_345e031ce91f1b82|__AUTOMETRIC__
__AUTOMETRIC__|0.1.2|11248|crew_log_881ae90a4d151b0d|0|1786322322.931|98.523|6.158|2186190848|2190163968|sim_data_345e031ce91f1b82|__AUTOMETRIC__
__AUTOMETRIC__|0.1.2|11248|crew_log_881ae90a4d151b0d|0|1786322323.932|99.898|6.244|2175832064|2179788800|sim_data_345e031ce91f1b82|__AUTOMETRIC__
__AUTOMETRIC__|0.1.2|11248|crew_log_881ae90a4d151b0d|0|1786322324.945|98.683|6.168|2174881792|2178383872|sim_data_345e031ce91f1b82|__AUTOMETRIC__
__AUTOMETRIC__|0.1.2|11248|crew_log_881ae90a4d151b0d|0|1786322325.958|100.258|6.266|2174881792|2178383872|sim_data_345e031ce91f1b82|__AUTOMETRIC__
__AUTOMETRIC__|0.1.2|11248|crew_log_881ae90a4d151b0d|0|1786322326.974|100.006|6.250|2174881792|2178383872|sim_data_345e031ce91f1b82|__AUTOMETRIC__
__AUTOMETRIC__|0.1.2|11248|crew_log_881ae90a4d151b0d|0|1786322327.988|98.653|6.166|2175791104|2179293184|sim_data_345e031ce91f1b82|__AUTOMETRIC__
__AUTOMETRIC__|0.1.2|11248|crew_log_881ae90a4d151b0d|0|1786322329.004|99.964|6.248|2175791104|2179293184|sim_data_345e031ce91f1b82|__AUTOMETRIC__
__AUTOMETRIC__|0.1.2|11248|crew_log_881ae90a4d151b0d|0|1786322330.017|97.157|6.072|2175795200|2179297280|sim_data_345e031ce91f1b82|__AUTOMETRIC__
__AUTOMETRIC__|0.1.2|11248|crew_log_881ae90a4d151b0d|0|1786322331.030|100.242|6.265|2175807488|2179309568|sim_data_345e031ce91f1b82|__AUTOMETRIC__
__AUTOMETRIC__|0.1.2|11248|crew_log_881ae90a4d151b0d|0|1786322332.031|99.945|6.247|2176724992|2180227072|sim_data_345e031ce91f1b82|__AUTOMETRIC__
__AUTOMETRIC__|0.1.2|11248|crew_log_881ae90a4d151b0d|0|1786322333.043|100.339|6.271|2176688128|2180190208|sim_data_345e031ce91f1b82|__AUTOMETRIC__
__AUTOMETRIC__|0.1.2|11248|crew_log_881ae90a4d151b0d|0|1786322334.057|100.125|6.258|2176684032|2180186112|sim_data_345e031ce91f1b82|__AUTOMETRIC__
__AUTOMETRIC__|0.1.2|11248|crew_log_881ae90a4d151b0d|0|1786322335.072|100.094|6.256|2176679936|2180182016|sim_data_345e031ce91f1b82|__AUTOMETRIC__
__AUTOMETRIC__|0.1.2|11248|crew_log_881ae90a4d151b0d|0|1786322336.085|97.126|6.070|2177699840|2181201920|sim_data_345e031ce91f1b82|__AUTOMETRIC__
__AUTOMETRIC__|0.1.2|11248|crew_log_881ae90a4d151b0d|0|1786322337.100|100.109|6.257|2177646592|2181148672|sim_data_345e031ce91f1b82|__AUTOMETRIC__
__AUTOMETRIC__|0.1.2|11248|crew_log_881ae90a4d151b0d|0|1786322338.100|101.530|6.346|2177646592|2181148672|sim_data_345e031ce91f1b82|__AUTOMETRIC__
__AUTOMETRIC__|0.1.2|11248|crew_log_881ae90a4d151b0d|0|1786322339.116|101.557|6.347|2177646592|2181148672|sim_data_345e031ce91f1b82|__AUTOMETRIC__
__AUTOMETRIC__|0.1.2|11248|crew_log_881ae90a4d151b0d|0|1786322340.130|101.610|6.351|2255777792|2259329024|sim_data_345e031ce91f1b82|__AUTOMETRIC__
__AUTOMETRIC__|0.1.2|11248|crew_log_881ae90a4d151b0d|0|1786322341.141|98.960|6.185|2417725440|2421657600|sim_data_345e031ce91f1b82|__AUTOMETRIC__
__AUTOMETRIC__|0.1.2|11248|crew_log_881ae90a4d151b0d|0|1786322342.141|101.541|6.346|2249895936|2253520896|sim_data_345e031ce91f1b82|__AUTOMETRIC__
__AUTOMETRIC__|0.1.2|11248|crew_log_881ae90a4d151b0d|0|1786322343.156|98.583|6.161|2252353536|2255978496|sim_data_345e031ce91f1b82|__AUTOMETRIC__
__AUTOMETRIC__|0.1.2|11248|crew_log_881ae90a4d151b0d|0|1786322344.168|100.281|6.268|2256650240|2260328448|sim_data_345e031ce91f1b82|__AUTOMETRIC__
__AUTOMETRIC__|0.1.2|11248|crew_log_881ae90a4d151b0d|0|1786322345.169|103.040|6.440|2180849664|2184515584|sim_data_345e031ce91f1b82|__AUTOMETRIC__
__AUTOMETRIC__|0.1.2|11248|crew_log_881ae90a4d151b0d|0|1786322346.183|101.704|6.357|2181246976|2185109504|sim_data_345e031ce91f1b82|__AUTOMETRIC__
__AUTOMETRIC__|0.1.2|11248|crew_log_881ae90a4d151b0d|0|1786322347.197|100.128|6.258|2179772416|2183274496|sim_data_345e031ce91f1b82|__AUTOMETRIC__
__AUTOMETRIC__|0.1.2|11248|crew_log_881ae90a4d151b0d|0|1786322348.212|100.074|6.255|2179391488|2182893568|sim_data_345e031ce91f1b82|__AUTOMETRIC__
__AUTOMETRIC__|0.1.2|11248|crew_log_881ae90a4d151b0d|0|1786322349.225|98.749|6.172|2179391488|2182893568|sim_data_345e031ce91f1b82|__AUTOMETRIC__
__AUTOMETRIC__|0.1.2|11248|crew_log_881ae90a4d151b0d|0|1786322350.238|101.765|6.360|2180300800|2183802880|sim_data_345e031ce91f1b82|__AUTOMETRIC__
__AUTOMETRIC__|0.1.2|11248|crew_log_881ae90a4d151b0d|0|1786322351.253|100.142|6.259|2180210688|2183712768|sim_data_345e031ce91f1b82|__AUTOMETRIC__
__AUTOMETRIC__|0.1.2|11248|crew_log_881ae90a4d151b0d|0|1786322352.267|100.070|6.254|2180210688|2183712768|sim_data_345e031ce91f1b82|__AUTOMETRIC__
__AUTOMETRIC__|0.1.2|11248|crew_log_881ae90a4d151b0d|0|1786322353.280|100.289|6.268|2180214784|2183716864|sim_data_345e031ce91f1b82|__AUTOMETRIC__
__AUTOMETRIC__|0.1.2|11248|crew_log_881ae90a4d151b0d|0|1786322354.293|100.256|6.266|2181222400|2184724480|sim_data_345e031ce91f1b82|__AUTOMETRIC__
__AUTOMETRIC__|0.1.2|11248|crew_log_881ae90a4d151b0d|0|1786322355.308|100.044|6.253|2181152768|2184654848|sim_data_345e031ce91f1b82|__AUTOMETRIC__
__AUTOMETRIC__|0.1.2|11248|crew_log_881ae90a4d151b0d|0|1786322356.309|101.513|6.345|2181152768|2184654848|sim_data_345e031ce91f1b82|__AUTOMETRIC__
__AUTOMETRIC__|0.1.2|11248|crew_log_881ae90a4d151b0d|0|1786322357.323|100.142|6.259|2181152768|2184654848|sim_data_345e031ce91f1b82|__AUTOMETRIC__
__AUTOMETRIC__|0.1.2|11248|crew_log_881ae90a4d151b0d|0|1786322358.338|95.430|5.964|2182037504|2185539584|sim_data_345e031ce91f1b82|__AUTOMETRIC__
__AUTOMETRIC__|0.1.2|11248|crew_log_881ae90a4d151b0d|0|1786322359.352|100.153|6.260|2182037504|2185539584|sim_data_345e031ce91f1b82|__AUTOMETRIC__
__AUTOMETRIC__|0.1.2|11248|crew_log_881ae90a4d151b0d|0|1786322360.366|98.603|6.163|2182037504|2185539584|sim_data_345e031ce91f1b82|__AUTOMETRIC__
__AUTOMETRIC__|0.1.2|11248|crew_log_881ae90a4d151b0d|0|1786322361.381|101.594|6.350|2182037504|2185539584|sim_data_345e031ce91f1b82|__AUTOMETRIC__
__AUTOMETRIC__|0.1.2|11248|crew_log_881ae90a4d151b0d|0|1786322362.382|98.425|6.152|2328358912|2331938816|sim_data_345e031ce91f1b82|__AUTOMETRIC__
__AUTOMETRIC__|0.1.2|11248|crew_log_881ae90a4d151b0d|0|1786322363.395|103.280|6.455|2228686848|2232360960|sim_data_345e031ce91f1b82|__AUTOMETRIC__
__AUTOMETRIC__|0.1.2|11248|crew_log_881ae90a4d151b0d|0|1786322364.396|99.930|6.246|2257940480|2261614592|sim_data_345e031ce91f1b82|__AUTOMETRIC__
__AUTOMETRIC__|0.1.2|11248|crew_log_881ae90a4d151b0d|0|1786322365.411|100.084|6.255|2257264640|2260910080|sim_data_345e031ce91f1b82|__AUTOMETRIC__
__AUTOMETRIC__|0.1.2|11248|crew_log_881ae90a4d151b0d|0|1786322366.426|100.073|6.255|2264465408|2268454912|sim_data_345e031ce91f1b82|__AUTOMETRIC__
__AUTOMETRIC__|0.1.2|11248|crew_log_881ae90a4d151b0d|0|1786322367.438|101.826|6.364|2186387456|2190139392|sim_data_345e031ce91f1b82|__AUTOMETRIC__
__AUTOMETRIC__|0.1.2|11248|crew_log_881ae90a4d151b0d|0|1786322368.452|98.636|6.165|2195742720|2199896064|sim_data_345e031ce91f1b82|__AUTOMETRIC__
__AUTOMETRIC__|0.1.2|11248|crew_log_881ae90a4d151b0d|0|1786322369.465|101.841|6.365|2183979008|2187558912|sim_data_345e031ce91f1b82|__AUTOMETRIC__
__AUTOMETRIC__|0.1.2|11248|crew_log_881ae90a4d151b0d|0|1786322370.477|98.792|6.175|2183450624|2186952704|sim_data_345e031ce91f1b82|__AUTOMETRIC__
__AUTOMETRIC__|0.1.2|11248|crew_log_881ae90a4d151b0d|0|1786322371.492|100.062|6.254|2183450624|2186952704|sim_data_345e031ce91f1b82|__AUTOMETRIC__
__AUTOMETRIC__|0.1.2|11248|crew_log_881ae90a4d151b0d|0|1786322372.493|99.915|6.245|2183450624|2186952704|sim_data_345e031ce91f1b82|__AUTOMETRIC__
__AUTOMETRIC__|0.1.2|11248|crew_log_881ae90a4d151b0d|0|1786322373.506|98.680|6.167|2183450624|2186952704|sim_data_345e031ce91f1b82|__AUTOMETRIC__
__AUTOMETRIC__|0.1.2|11248|crew_log_881ae90a4d151b0d|0|1786322374.522|100.020|6.251|2183450624|2186952704|sim_data_345e031ce91f1b82|__AUTOMETRIC__
__AUTOMETRIC__|0.1.2|11248|crew_log_881ae90a4d151b0d|0|1786322375.534|98.827|6.177|2184425472|2187927552|sim_data_345e031ce91f1b82|__AUTOMETRIC__
__AUTOMETRIC__|0.1.2|11248|crew_log_881ae90a4d151b0d|0|1786322376.534|99.990|6.249|2184364032|2187866112|sim_data_345e031ce91f1b82|__AUTOMETRIC__
__AUTOMETRIC__|0.1.2|11248|crew_log_881ae90a4d151b0d|0|1786322377.548|100.076|6.255|2184380416|2187882496|sim_data_345e031ce91f1b82|__AUTOMETRIC__
__AUTOMETRIC__|0.1.2|11248|crew_log_881ae90a4d151b0d|0|1786322378.563|100.063|6.254|2184364032|2187866112|sim_data_345e031ce91f1b82|__AUTOMETRIC__
__AUTOMETRIC__|0.1.2|11248|crew_log_881ae90a4d151b0d|0|1786322379.577|100.181|6.261|2184364032|2187866112|sim_data_345e031ce91f1b82|__AUTOMETRIC__
__AUTOMETRIC__|0.1.2|11248|crew_log_881ae90a4d151b0d|0|1786322380.590|100.247|6.265|2184364032|2187866112|sim_data_345e031ce91f1b82|__AUTOMETRIC__
__AUTOMETRIC__|0.1.2|11248|crew_log_881ae90a4d151b0d|0|1786322381.605|97.031|6.064|2185261056|2188763136|sim_data_345e031ce91f1b82|__AUTOMETRIC__
__AUTOMETRIC__|0.1.2|11248|crew_log_881ae90a4d151b0d|0|1786322382.606|98.290|6.143|2185216000|2188718080|sim_data_345e031ce91f1b82|__AUTOMETRIC__
__AUTOMETRIC__|0.1.2|11248|crew_log_881ae90a4d151b0d|0|1786322383.622|100.027|6.252|2185216000|2188718080|sim_data_345e031ce91f1b82|__AUTOMETRIC__
__AUTOMETRIC__|0.1.2|11248|crew_log_881ae90a4d151b0d|0|1786322384.636|100.156|6.260|2185216000|2188718080|sim_data_345e031ce91f1b82|__AUTOMETRIC__
__AUTOMETRIC__|0.1.2|11248|crew_log_881ae90a4d151b0d|0|1786322385.636|99.949|6.247|2185216000|2188718080|sim_data_345e031ce91f1b82|__AUTOMETRIC__
__AUTOMETRIC__|0.1.2|11248|crew_log_881ae90a4d151b0d|0|1786322386.650|100.162|6.260|2185216000|2188718080|sim_data_345e031ce91f1b82|__AUTOMETRIC__
__AUTOMETRIC__|0.1.2|11248|crew_log_881ae90a4d151b0d|0|1786322387.665|100.121|6.258|2186280960|2189783040|sim_data_345e031ce91f1b82|__AUTOMETRIC__
__AUTOMETRIC__|0.1.2|11248|crew_log_881ae90a4d151b0d|0|1786322388.679|100.165|6.260|2186219520|2189721600|sim_data_345e031ce91f1b82|__AUTOMETRIC__
__AUTOMETRIC__|0.1.2|11248|crew_log_881ae90a4d151b0d|0|1786322389.693|97.086|6.068|2186219520|2189721600|sim_data_345e031ce91f1b82|__AUTOMETRIC__
__AUTOMETRIC__|0.1.2|11248|crew_log_881ae90a4d151b0d|0|1786322390.707|101.621|6.351|2186219520|2189721600|sim_data_345e031ce91f1b82|__AUTOMETRIC__
__AUTOMETRIC__|0.1.2|11248|crew_log_881ae90a4d151b0d|0|1786322391.721|100.221|6.264|2186219520|2189721600|sim_data_345e031ce91f1b82|__AUTOMETRIC__
__AUTOMETRIC__|0.1.2|11248|crew_log_881ae90a4d151b0d|0|1786322392.733|100.308|6.269|2186219520|2189721600|sim_data_345e031ce91f1b82|__AUTOMETRIC__
__AUTOMETRIC__|0.1.2|11248|crew_log_881ae90a4d151b0d|0|1786322393.747|100.221|6.264|2186219520|2189721600|sim_data_345e031ce91f1b82|__AUTOMETRIC__
__AUTOMETRIC__|0.1.2|11248|crew_log_881ae90a4d151b0d|0|1786322394.760|100.205|6.263|2408001536|2411700224|sim_data_345e031ce91f1b82|__AUTOMETRIC__
__AUTOMETRIC__|0.1.2|11248|crew_log_881ae90a4d151b0d|0|1786322395.775|104.649|6.541|2267238400|2270875648|sim_data_345e031ce91f1b82|__AUTOMETRIC__
__AUTOMETRIC__|0.1.2|11248|crew_log_881ae90a4d151b0d|0|1786322396.792|99.956|6.247|2269642752|2273280000|sim_data_345e031ce91f1b82|__AUTOMETRIC__
__AUTOMETRIC__|0.1.2|11248|crew_log_881ae90a4d151b0d|0|1786322397.805|100.184|6.261|2272931840|2276782080|sim_data_345e031ce91f1b82|__AUTOMETRIC__
__AUTOMETRIC__|0.1.2|11248|crew_log_881ae90a4d151b0d|0|1786322398.817|100.377|6.274|2190696448|2194436096|sim_data_345e031ce91f1b82|__AUTOMETRIC__
__AUTOMETRIC__|0.1.2|11248|crew_log_881ae90a4d151b0d|0|1786322399.833|99.970|6.248|2184032256|2187771904|sim_data_345e031ce91f1b82|__AUTOMETRIC__
__AUTOMETRIC__|0.1.2|11248|crew_log_881ae90a4d151b0d|0|1786322400.834|99.951|6.247|2189754368|2193608704|sim_data_345e031ce91f1b82|__AUTOMETRIC__
__AUTOMETRIC__|0.1.2|11248|crew_log_881ae90a4d151b0d|0|1786322401.847|101.761|6.360|2189762560|2193616896|sim_data_345e031ce91f1b82|__AUTOMETRIC__
__AUTOMETRIC__|0.1.2|11248|crew_log_881ae90a4d151b0d|0|1786322402.860|100.240|6.265|2189549568|2193125376|sim_data_345e031ce91f1b82|__AUTOMETRIC__
__AUTOMETRIC__|0.1.2|11248|crew_log_881ae90a4d151b0d|0|1786322403.875|100.093|6.256|2189402112|2192953344|sim_data_345e031ce91f1b82|__AUTOMETRIC__
__AUTOMETRIC__|0.1.2|11248|crew_log_881ae90a4d151b0d|0|1786322404.890|100.022|6.251|2189410304|2192961536|sim_data_345e031ce91f1b82|__AUTOMETRIC__
__AUTOMETRIC__|0.1.2|11248|crew_log_881ae90a4d151b0d|0|1786322405.903|100.266|6.267|2190393344|2193944576|sim_data_345e031ce91f1b82|__AUTOMETRIC__
__AUTOMETRIC__|0.1.2|11248|crew_log_881ae90a4d151b0d|0|1786322406.918|100.098|6.256|2190340096|2193891328|sim_data_345e031ce91f1b82|__AUTOMETRIC__
__AUTOMETRIC__|0.1.2|11248|crew_log_881ae90a4d151b0d|0|1786322407.918|99.996|6.250|2190340096|2193891328|sim_data_345e031ce91f1b82|__AUTOMETRIC__
__AUTOMETRIC__|0.1.2|11248|crew_log_881ae90a4d151b0d|0|1786322408.931|100.250|6.266|2190340096|2193891328|sim_data_345e031ce91f1b82|__AUTOMETRIC__
__AUTOMETRIC__|0.1.2|11248|crew_log_881ae90a4d151b0d|0|1786322409.944|98.666|6.167|2190340096|2193891328|sim_data_345e031ce91f1b82|__AUTOMETRIC__
__AUTOMETRIC__|0.1.2|11248|crew_log_881ae90a4d151b0d|0|1786322410.958|98.687|6.168|2191314944|2194866176|sim_data_345e031ce91f1b82|__AUTOMETRIC__
__AUTOMETRIC__|0.1.2|11248|crew_log_881ae90a4d151b0d|0|1786322411.971|100.214|6.263|2191245312|2194796544|sim_data_345e031ce91f1b82|__AUTOMETRIC__
__AUTOMETRIC__|0.1.2|11248|crew_log_881ae90a4d151b0d|0|1786322412.985|100.145|6.259|2191245312|2194796544|sim_data_345e031ce91f1b82|__AUTOMETRIC__
__AUTOMETRIC__|0.1.2|11248|crew_log_881ae90a4d151b0d|0|1786322414.000|100.059|6.254|2191245312|2194796544|sim_data_345e031ce91f1b82|__AUTOMETRIC__
__AUTOMETRIC__|0.1.2|11248|crew_log_881ae90a4d151b0d|0|1786322415.014|98.682|6.168|2191245312|2194796544|sim_data_345e031ce91f1b82|__AUTOMETRIC__
__AUTOMETRIC__|0.1.2|11248|crew_log_881ae90a4d151b0d|0|1786322416.029|99.987|6.249|2191245312|2194796544|sim_data_345e031ce91f1b82|__AUTOMETRIC__
__AUTOMETRIC__|0.1.2|11248|crew_log_881ae90a4d151b0d|0|1786322417.044|100.121|6.258|2192171008|2195722240|sim_data_345e031ce91f1b82|__AUTOMETRIC__
__AUTOMETRIC__|0.1.2|11248|crew_log_881ae90a4d151b0d|0|1786322418.059|100.072|6.255|2192134144|2195685376|sim_data_345e031ce91f1b82|__AUTOMETRIC__
__AUTOMETRIC__|0.1.2|11248|crew_log_881ae90a4d151b0d|0|1786322419.074|100.058|6.254|2192134144|2195685376|sim_data_345e031ce91f1b82|__AUTOMETRIC__
__AUTOMETRIC__|0.1.2|11248|crew_log_881ae90a4d151b0d|0|1786322420.086|101.875|6.367|2192134144|2195685376|sim_data_345e031ce91f1b82|__AUTOMETRIC__
__AUTOMETRIC__|0.1.2|11248|crew_log_881ae90a4d151b0d|0|1786322421.098|98.827|6.177|2192134144|2195685376|sim_data_345e031ce91f1b82|__AUTOMETRIC__
__AUTOMETRIC__|0.1.2|11248|crew_log_881ae90a4d151b0d|0|1786322422.098|99.995|6.250|2192134144|2195685376|sim_data_345e031ce91f1b82|__AUTOMETRIC__
__AUTOMETRIC__|0.1.2|11248|crew_log_881ae90a4d151b0d|0|1786322423.111|100.298|6.269|2252058624|2255720448|sim_data_345e031ce91f1b82|__AUTOMETRIC__
__AUTOMETRIC__|0.1.2|11248|crew_log_881ae90a4d151b0d|0|1786322424.124|101.796|6.362|2189389824|2193092608|sim_data_345e031ce91f1b82|__AUTOMETRIC__
__AUTOMETRIC__|0.1.2|11248|crew_log_881ae90a4d151b0d|0|1786322425.139|100.032|6.252|2278301696|2281943040|sim_data_345e031ce91f1b82|__AUTOMETRIC__
__AUTOMETRIC__|0.1.2|11248|crew_log_881ae90a4d151b0d|0|1786322426.140|99.889|6.243|2280374272|2284015616|sim_data_345e031ce91f1b82|__AUTOMETRIC__
__AUTOMETRIC__|0.1.2|11248|crew_log_881ae90a4d151b0d|0|1786322427.140|99.967|6.248|2284724224|2288644096|sim_data_345e031ce91f1b82|__AUTOMETRIC__
__AUTOMETRIC__|0.1.2|11248|crew_log_881ae90a4d151b0d|0|1786322428.155|101.645|6.353|2200641536|2204356608|sim_data_345e031ce91f1b82|__AUTOMETRIC__
__AUTOMETRIC__|0.1.2|11248|crew_log_881ae90a4d151b0d|0|1786322429.170|100.088|6.255|2198544384|2202390528|sim_data_345e031ce91f1b82|__AUTOMETRIC__
__AUTOMETRIC__|0.1.2|11248|crew_log_881ae90a4d151b0d|0|1786322430.184|98.618|6.164|2199371776|2202902528|sim_data_345e031ce91f1b82|__AUTOMETRIC__
__AUTOMETRIC__|0.1.2|11248|crew_log_881ae90a4d151b0d|0|1786322431.198|100.160|6.260|2199117824|2202648576|sim_data_345e031ce91f1b82|__AUTOMETRIC__
__AUTOMETRIC__|0.1.2|11248|crew_log_881ae90a4d151b0d|0|1786322432.211|101.781|6.361|2199117824|2202648576|sim_data_345e031ce91f1b82|__AUTOMETRIC__
__AUTOMETRIC__|0.1.2|11248|crew_log_881ae90a4d151b0d|0|1786322433.224|97.183|6.074|2199117824|2202648576|sim_data_345e031ce91f1b82|__AUTOMETRIC__
__AUTOMETRIC__|0.1.2|11248|crew_log_881ae90a4d151b0d|0|1786322434.238|100.194|6.262|2200027136|2203557888|sim_data_345e031ce91f1b82|__AUTOMETRIC__
__AUTOMETRIC__|0.1.2|11248|crew_log_881ae90a4d151b0d|0|1786322435.250|100.359|6.272|2200027136|2203557888|sim_data_345e031ce91f1b82|__AUTOMETRIC__
__AUTOMETRIC__|0.1.2|11248|crew_log_881ae90a4d151b0d|0|1786322436.250|99.940|6.246|2200035328|2203566080|sim_data_345e031ce91f1b82|__AUTOMETRIC__
__AUTOMETRIC__|0.1.2|11248|crew_log_881ae90a4d151b0d|0|1786322437.264|100.161|6.260|2200035328|2203566080|sim_data_345e031ce91f1b82|__AUTOMETRIC__
__AUTOMETRIC__|0.1.2|11248|crew_log_881ae90a4d151b0d|0|1786322438.265|99.927|6.245|2200035328|2203566080|sim_data_345e031ce91f1b82|__AUTOMETRIC__
__AUTOMETRIC__|0.1.2|11248|crew_log_881ae90a4d151b0d|0|1786322439.280|100.018|6.251|2201042944|2204573696|sim_data_345e031ce91f1b82|__AUTOMETRIC__
__AUTOMETRIC__|0.1.2|11248|crew_log_881ae90a4d151b0d|0|1786322440.293|100.242|6.265|2200997888|2204528640|sim_data_345e031ce91f1b82|__AUTOMETRIC__
__AUTOMETRIC__|0.1.2|11248|crew_log_881ae90a4d151b0d|0|1786322441.307|100.181|6.261|2201006080|2204536832|sim_data_345e031ce91f1b82|__AUTOMETRIC__
__AUTOMETRIC__|0.1.2|11248|crew_log_881ae90a4d151b0d|0|1786322442.308|99.909|6.244|2200997888|2204528640|sim_data_345e031ce91f1b82|__AUTOMETRIC__
__AUTOMETRIC__|0.1.2|11248|crew_log_881ae90a4d151b0d|0|1786322443.323|100.078|6.255|2201878528|2205409280|sim_data_345e031ce91f1b82|__AUTOMETRIC__
__AUTOMETRIC__|0.1.2|11248|crew_log_881ae90a4d151b0d|0|1786322444.334|98.885|6.180|2201821184|2205351936|sim_data_345e031ce91f1b82|__AUTOMETRIC__
__AUTOMETRIC__|0.1.2|11248|crew_log_881ae90a4d151b0d|0|1786322445.345|100.452|6.278|2201821184|2205351936|sim_data_345e031ce91f1b82|__AUTOMETRIC__
__AUTOMETRIC__|0.1.2|11248|crew_log_881ae90a4d151b0d|0|1786322446.359|97.156|6.072|2201821184|2205351936|sim_data_345e031ce91f1b82|__AUTOMETRIC__
__AUTOMETRIC__|0.1.2|11248|crew_log_881ae90a4d151b0d|0|1786322447.372|100.211|6.263|2201821184|2205351936|sim_data_345e031ce91f1b82|__AUTOMETRIC__
__AUTOMETRIC__|0.1.2|11248|crew_log_881ae90a4d151b0d|0|1786322448.385|100.220|6.264|2201821184|2205351936|sim_data_345e031ce91f1b82|__AUTOMETRIC__
__AUTOMETRIC__|0.1.2|11248|crew_log_881ae90a4d151b0d|0|1786322449.399|98.652|6.166|2407518208|2411167744|sim_data_345e031ce91f1b82|__AUTOMETRIC__
__AUTOMETRIC__|0.1.2|11248|crew_log_881ae90a4d151b0d|0|1786322450.401|101.410|6.338|2299842560|2303582208|sim_data_345e031ce91f1b82|__AUTOMETRIC__
__AUTOMETRIC__|0.1.2|11248|crew_log_881ae90a4d151b0d|0|1786322451.416|100.051|6.253|2300575744|2304212992|sim_data_345e031ce91f1b82|__AUTOMETRIC__
__AUTOMETRIC__|0.1.2|11248|crew_log_881ae90a4d151b0d|0|1786322452.430|100.124|6.258|2304552960|2308599808|sim_data_345e031ce91f1b82|__AUTOMETRIC__
__AUTOMETRIC__|0.1.2|11248|crew_log_881ae90a4d151b0d|0|1786322453.444|101.688|6.356|2209726464|2213679104|sim_data_345e031ce91f1b82|__AUTOMETRIC__
__AUTOMETRIC__|0.1.2|11248|crew_log_881ae90a4d151b0d|0|1786322454.458|98.638|6.165|2202226688|2206003200|sim_data_345e031ce91f1b82|__AUTOMETRIC__
__AUTOMETRIC__|0.1.2|11248|crew_log_881ae90a4d151b0d|0|1786322455.473|98.477|6.155|2208174080|2212069376|sim_data_345e031ce91f1b82|__AUTOMETRIC__
__AUTOMETRIC__|0.1.2|11248|crew_log_881ae90a4d151b0d|0|1786322456.487|98.673|6.167|2206937088|2210496512|sim_data_345e031ce91f1b82|__AUTOMETRIC__
__AUTOMETRIC__|0.1.2|11248|crew_log_881ae90a4d151b0d|0|1786322457.502|100.008|6.251|2206728192|2210263040|sim_data_345e031ce91f1b82|__AUTOMETRIC__
__AUTOMETRIC__|0.1.2|11248|crew_log_881ae90a4d151b0d|0|1786322458.518|99.993|6.250|2206728192|2210263040|sim_data_345e031ce91f1b82|__AUTOMETRIC__
__AUTOMETRIC__|0.1.2|11248|crew_log_881ae90a4d151b0d|0|1786322459.533|100.084|6.255|2206728192|2210263040|sim_data_345e031ce91f1b82|__AUTOMETRIC__
__AUTOMETRIC__|0.1.2|11248|crew_log_881ae90a4d151b0d|0|1786322460.546|98.733|6.171|2207694848|2211229696|sim_data_345e031ce91f1b82|__AUTOMETRIC__
__AUTOMETRIC__|0.1.2|11248|crew_log_881ae90a4d151b0d|0|1786322461.560|100.168|6.261|2207637504|2211172352|sim_data_345e031ce91f1b82|__AUTOMETRIC__
__AUTOMETRIC__|0.1.2|11248|crew_log_881ae90a4d151b0d|0|1786322462.573|100.202|6.263|2207637504|2211172352|sim_data_345e031ce91f1b82|__AUTOMETRIC__
__AUTOMETRIC__|0.1.2|11248|crew_log_881ae90a4d151b0d|0|1786322463.574|99.908|6.244|2207637504|2211172352|sim_data_345e031ce91f1b82|__AUTOMETRIC__
__AUTOMETRIC__|0.1.2|11248|crew_log_881ae90a4d151b0d|0|1786322464.587|97.218|6.076|2208661504|2212196352|sim_data_345e031ce91f1b82|__AUTOMETRIC__
__AUTOMETRIC__|0.1.2|11248|crew_log_881ae90a4d151b0d|0|1786322465.600|98.686|6.168|2208608256|2212143104|sim_data_345e031ce91f1b82|__AUTOMETRIC__
__AUTOMETRIC__|0.1.2|11248|crew_log_881ae90a4d151b0d|0|1786322466.615|98.525|6.158|2208608256|2212143104|sim_data_345e031ce91f1b82|__AUTOMETRIC__
__AUTOMETRIC__|0.1.2|11248|crew_log_881ae90a4d151b0d|0|1786322467.630|101.613|6.351|2208608256|2212143104|sim_data_345e031ce91f1b82|__AUTOMETRIC__
__AUTOMETRIC__|0.1.2|11248|crew_log_881ae90a4d151b0d|0|1786322468.642|100.312|6.269|2208608256|2212143104|sim_data_345e031ce91f1b82|__AUTOMETRIC__
__AUTOMETRIC__|0.1.2|11248|crew_log_881ae90a4d151b0d|0|1786322469.655|94.150|5.884|2208608256|2212143104|sim_data_345e031ce91f1b82|__AUTOMETRIC__
__AUTOMETRIC__|0.1.2|11248|crew_log_881ae90a4d151b0d|0|1786322470.666|98.914|6.182|2209505280|2213040128|sim_data_345e031ce91f1b82|__AUTOMETRIC__
__AUTOMETRIC__|0.1.2|11248|crew_log_881ae90a4d151b0d|0|1786322471.680|43.116|2.695|2209402880|2212909056|sim_data_345e031ce91f1b82|__AUTOMETRIC__
__AUTOMETRIC__|0.1.2|11248|crew_log_881ae90a4d151b0d|0|1786322472.700|87.371|5.461|2209468416|2212974592|sim_data_345e031ce91f1b82|__AUTOMETRIC__
__AUTOMETRIC__|0.1.2|11248|crew_log_881ae90a4d151b0d|0|1786322473.714|100.140|6.259|2209509376|2213015552|sim_data_345e031ce91f1b82|__AUTOMETRIC__
__AUTOMETRIC__|0.1.2|11248|crew_log_881ae90a4d151b0d|0|1786322474.722|97.624|6.101|2209509376|2213015552|sim_data_345e031ce91f1b82|__AUTOMETRIC__
__AUTOMETRIC__|0.1.2|11248|crew_log_881ae90a4d151b0d|0|1786322475.726|101.160|6.322|2209509376|2213015552|sim_data_345e031ce91f1b82|__AUTOMETRIC__
__AUTOMETRIC__|0.1.2|11248|crew_log_881ae90a4d151b0d|0|1786322476.728|98.281|6.143|2209509376|2213015552|sim_data_345e031ce91f1b82|__AUTOMETRIC__
__AUTOMETRIC__|0.1.2|11248|crew_log_881ae90a4d151b0d|0|1786322477.740|95.714|5.982|2407124992|2410651648|sim_data_345e031ce91f1b82|__AUTOMETRIC__
__AUTOMETRIC__|0.1.2|11248|crew_log_881ae90a4d151b0d|0|1786322478.744|104.316|6.520|2301206528|2304995328|sim_data_345e031ce91f1b82|__AUTOMETRIC__
__AUTOMETRIC__|0.1.2|11248|crew_log_881ae90a4d151b0d|0|1786322479.749|101.044|6.315|2302717952|2306351104|sim_data_345e031ce91f1b82|__AUTOMETRIC__
__AUTOMETRIC__|0.1.2|11248|crew_log_881ae90a4d151b0d|0|1786322480.761|100.280|6.268|2307497984|2311335936|sim_data_345e031ce91f1b82|__AUTOMETRIC__
__AUTOMETRIC__|0.1.2|11248|crew_log_881ae90a4d151b0d|0|1786322481.764|98.204|6.138|2221101056|2224951296|sim_data_345e031ce91f1b82|__AUTOMETRIC__
__AUTOMETRIC__|0.1.2|11248|crew_log_881ae90a4d151b0d|0|1786322482.773|97.581|6.099|2215215104|2219274240|sim_data_345e031ce91f1b82|__AUTOMETRIC__
__AUTOMETRIC__|0.1.2|11248|crew_log_881ae90a4d151b0d|0|1786322483.781|99.144|6.196|2214039552|2217701376|sim_data_345e031ce91f1b82|__AUTOMETRIC__
__AUTOMETRIC__|0.1.2|11248|crew_log_881ae90a4d151b0d|0|1786322484.796|100.039|6.252|2213486592|2217017344|sim_data_345e031ce91f1b82|__AUTOMETRIC__
__AUTOMETRIC__|0.1.2|11248|crew_log_881ae90a4d151b0d|0|1786322485.801|99.530|6.221|2213490688|2217021440|sim_data_345e031ce91f1b82|__AUTOMETRIC__
__AUTOMETRIC__|0.1.2|11248|crew_log_881ae90a4d151b0d|0|1786322486.814|100.285|6.268|2214416384|2217947136|sim_data_345e031ce91f1b82|__AUTOMETRIC__
__AUTOMETRIC__|0.1.2|11248|crew_log_881ae90a4d151b0d|0|1786322487.818|99.572|6.223|2214416384|2217947136|sim_data_345e031ce91f1b82|__AUTOMETRIC__
__AUTOMETRIC__|0.1.2|11248|crew_log_881ae90a4d151b0d|0|1786322488.829|102.001|6.375|2214420480|2217951232|sim_data_345e031ce91f1b82|__AUTOMETRIC__
__AUTOMETRIC__|0.1.2|11248|crew_log_881ae90a4d151b0d|0|1786322489.833|98.074|6.130|2214420480|2217951232|sim_data_345e031ce91f1b82|__AUTOMETRIC__
__AUTOMETRIC__|0.1.2|11248|crew_log_881ae90a4d151b0d|0|1786322490.844|98.903|6.181|2215374848|2218905600|sim_data_345e031ce91f1b82|__AUTOMETRIC__
__AUTOMETRIC__|0.1.2|11248|crew_log_881ae90a4d151b0d|0|1786322491.860|96.934|6.058|2215301120|2218831872|sim_data_345e031ce91f1b82|__AUTOMETRIC__
__AUTOMETRIC__|0.1.2|11248|crew_log_881ae90a4d151b0d|0|1786322492.863|99.647|6.228|2215309312|2218840064|sim_data_345e031ce91f1b82|__AUTOMETRIC__
__AUTOMETRIC__|0.1.2|11248|crew_log_881ae90a4d151b0d|0|1786322493.874|100.495|6.281|2215313408|2218844160|sim_data_345e031ce91f1b82|__AUTOMETRIC__
__AUTOMETRIC__|0.1.2|11248|crew_log_881ae90a4d151b0d|0|1786322494.884|99.013|6.188|2216247296|2219778048|sim_data_345e031ce91f1b82|__AUTOMETRIC__
__AUTOMETRIC__|0.1.2|11248|crew_log_881ae90a4d151b0d|0|1786322495.886|99.791|6.237|2216218624|2219749376|sim_data_345e031ce91f1b82|__AUTOMETRIC__
__AUTOMETRIC__|0.1.2|11248|crew_log_881ae90a4d151b0d|0|1786322496.890|99.602|6.225|2216214528|2219745280|sim_data_345e031ce91f1b82|__AUTOMETRIC__
__AUTOMETRIC__|0.1.2|11248|crew_log_881ae90a4d151b0d|0|1786322497.891|99.910|6.244|2216210432|2219741184|sim_data_345e031ce91f1b82|__AUTOMETRIC__
__AUTOMETRIC__|0.1.2|11248|crew_log_881ae90a4d151b0d|0|1786322498.895|98.059|6.129|2302324736|2306080768|sim_data_345e031ce91f1b82|__AUTOMETRIC__
__AUTOMETRIC__|0.1.2|11248|crew_log_881ae90a4d151b0d|0|1786322499.901|104.005|6.500|2258743296|2262425600|sim_data_345e031ce91f1b82|__AUTOMETRIC__
__AUTOMETRIC__|0.1.2|11248|crew_log_881ae90a4d151b0d|0|1786322500.905|99.604|6.225|2322030592|2325663744|sim_data_345e031ce91f1b82|__AUTOMETRIC__
__AUTOMETRIC__|0.1.2|11248|crew_log_881ae90a4d151b0d|0|1786322501.909|99.578|6.224|2325295104|2328936448|sim_data_345e031ce91f1b82|__AUTOMETRIC__
__AUTOMETRIC__|0.1.2|11248|crew_log_881ae90a4d151b0d|0|1786322502.922|101.826|6.364|2205016064|2208624640|sim_data_345e031ce91f1b82|__AUTOMETRIC__
__AUTOMETRIC__|0.1.2|11248|crew_log_881ae90a4d151b0d|0|1786322503.933|100.477|6.280|2144825344|2148823040|sim_data_345e031ce91f1b82|__AUTOMETRIC__
__AUTOMETRIC__|0.1.2|11248|crew_log_881ae90a4d151b0d|0|1786322504.944|97.375|6.086|2155266048|2159173632|sim_data_345e031ce91f1b82|__AUTOMETRIC__
__AUTOMETRIC__|0.1.2|11248|crew_log_881ae90a4d151b0d|0|1786322505.955|102.011|6.376|2154913792|2158473216|sim_data_345e031ce91f1b82|__AUTOMETRIC__
__AUTOMETRIC__|0.1.2|11248|crew_log_881ae90a4d151b0d|0|1786322506.966|100.399|6.275|2154913792|2158473216|sim_data_345e031ce91f1b82|__AUTOMETRIC__
__AUTOMETRIC__|0.1.2|11248|crew_log_881ae90a4d151b0d|0|1786322507.976|100.590|6.287|2155900928|2159460352|sim_data_345e031ce91f1b82|__AUTOMETRIC__
__AUTOMETRIC__|0.1.2|11248|crew_log_881ae90a4d151b0d|0|1786322508.982|99.366|6.210|2155909120|2159468544|sim_data_345e031ce91f1b82|__AUTOMETRIC__
__AUTOMETRIC__|0.1.2|11248|crew_log_881ae90a4d151b0d|0|1786322509.987|96.473|6.030|2155900928|2159460352|sim_data_345e031ce91f1b82|__AUTOMETRIC__
__AUTOMETRIC__|0.1.2|11248|crew_log_881ae90a4d151b0d|0|1786322511.000|100.172|6.261|2156814336|2160373760|sim_data_345e031ce91f1b82|__AUTOMETRIC__
__AUTOMETRIC__|0.1.2|11248|crew_log_881ae90a4d151b0d|0|1786322512.012|100.426|6.277|2156740608|2160300032|sim_data_345e031ce91f1b82|__AUTOMETRIC__
__AUTOMETRIC__|0.1.2|11248|crew_log_881ae90a4d151b0d|0|1786322513.020|99.190|6.199|2156740608|2160300032|sim_data_345e031ce91f1b82|__AUTOMETRIC__
__AUTOMETRIC__|0.1.2|11248|crew_log_881ae90a4d151b0d|0|1786322514.030|100.506|6.282|2157780992|2161340416|sim_data_345e031ce91f1b82|__AUTOMETRIC__
__AUTOMETRIC__|0.1.2|11248|crew_log_881ae90a4d151b0d|0|1786322515.034|99.595|6.225|2157756416|2161315840|sim_data_345e031ce91f1b82|__AUTOMETRIC__
__AUTOMETRIC__|0.1.2|11248|crew_log_881ae90a4d151b0d|0|1786322516.048|100.252|6.266|2157744128|2161303552|sim_data_345e031ce91f1b82|__AUTOMETRIC__
__AUTOMETRIC__|0.1.2|11248|crew_log_881ae90a4d151b0d|0|1786322517.049|99.850|6.241|2157748224|2161307648|sim_data_345e031ce91f1b82|__AUTOMETRIC__
__AUTOMETRIC__|0.1.2|11248|crew_log_881ae90a4d151b0d|0|1786322518.064|98.559|6.160|2294321152|2297896960|sim_data_345e031ce91f1b82|__AUTOMETRIC__
__AUTOMETRIC__|0.1.2|11248|crew_log_881ae90a4d151b0d|0|1786322519.068|99.565|6.223|2385707008|2389434368|sim_data_345e031ce91f1b82|__AUTOMETRIC__
__AUTOMETRIC__|0.1.2|11248|crew_log_881ae90a4d151b0d|0|1786322520.070|104.464|6.529|2278756352|2282393600|sim_data_345e031ce91f1b82|__AUTOMETRIC__
__AUTOMETRIC__|0.1.2|11248|crew_log_881ae90a4d151b0d|0|1786322521.083|98.761|6.173|2293956608|2297741312|sim_data_345e031ce91f1b82|__AUTOMETRIC__
__AUTOMETRIC__|0.1.2|11248|crew_log_881ae90a4d151b0d|0|1786322522.090|100.862|6.304|2313592832|2317287424|sim_data_345e031ce91f1b82|__AUTOMETRIC__
__AUTOMETRIC__|0.1.2|11248|crew_log_881ae90a4d151b0d|0|1786322523.097|100.779|6.299|2224267264|2228133888|sim_data_345e031ce91f1b82|__AUTOMETRIC__
__AUTOMETRIC__|0.1.2|11248|crew_log_881ae90a4d151b0d|0|1786322524.102|102.673|6.417|2215346176|2219450368|sim_data_345e031ce91f1b82|__AUTOMETRIC__
__AUTOMETRIC__|0.1.2|11248|crew_log_881ae90a4d151b0d|0|1786322525.108|99.432|6.214|2215358464|2219462656|sim_data_345e031ce91f1b82|__AUTOMETRIC__
__AUTOMETRIC__|0.1.2|11248|crew_log_881ae90a4d151b0d|0|1786322526.115|99.277|6.205|2214326272|2217877504|sim_data_345e031ce91f1b82|__AUTOMETRIC__
__AUTOMETRIC__|0.1.2|11248|crew_log_881ae90a4d151b0d|0|1786322527.127|100.372|6.273|2214322176|2217873408|sim_data_345e031ce91f1b82|__AUTOMETRIC__
__AUTOMETRIC__|0.1.2|11248|crew_log_881ae90a4d151b0d|0|1786322528.131|99.538|6.221|2215358464|2218909696|sim_data_345e031ce91f1b82|__AUTOMETRIC__
__AUTOMETRIC__|0.1.2|11248|crew_log_881ae90a4d151b0d|0|1786322529.137|102.582|6.411|2215276544|2218827776|sim_data_345e031ce91f1b82|__AUTOMETRIC__
__AUTOMETRIC__|0.1.2|11248|crew_log_881ae90a4d151b0d|0|1786322530.139|99.716|6.232|2215288832|2218840064|sim_data_345e031ce91f1b82|__AUTOMETRIC__
__AUTOMETRIC__|0.1.2|11248|crew_log_881ae90a4d151b0d|0|1786322531.149|100.559|6.285|2216230912|2219782144|sim_data_345e031ce91f1b82|__AUTOMETRIC__
__AUTOMETRIC__|0.1.2|11248|crew_log_881ae90a4d151b0d|0|1786322532.153|99.674|6.230|2216153088|2219704320|sim_data_345e031ce91f1b82|__AUTOMETRIC__
__AUTOMETRIC__|0.1.2|11248|crew_log_881ae90a4d151b0d|0|1786322533.153|99.951|6.247|2216148992|2219700224|sim_data_345e031ce91f1b82|__AUTOMETRIC__
__AUTOMETRIC__|0.1.2|11248|crew_log_881ae90a4d151b0d|0|1786322534.158|99.527|6.220|2216153088|2219704320|sim_data_345e031ce91f1b82|__AUTOMETRIC__
__AUTOMETRIC__|0.1.2|11248|crew_log_881ae90a4d151b0d|0|1786322535.163|101.050|6.316|2217119744|2220670976|sim_data_345e031ce91f1b82|__AUTOMETRIC__
__AUTOMETRIC__|0.1.2|11248|crew_log_881ae90a4d151b0d|0|1786322536.173|98.986|6.187|2217070592|2220621824|sim_data_345e031ce91f1b82|__AUTOMETRIC__
__AUTOMETRIC__|0.1.2|11248|crew_log_881ae90a4d151b0d|0|1786322537.175|99.801|6.238|2217066496|2220617728|sim_data_345e031ce91f1b82|__AUTOMETRIC__
__AUTOMETRIC__|0.1.2|11248|crew_log_881ae90a4d151b0d|0|1786322538.181|100.974|6.311|2217066496|2220617728|sim_data_345e031ce91f1b82|__AUTOMETRIC__
__AUTOMETRIC__|0.1.2|11248|crew_log_881ae90a4d151b0d|0|1786322539.192|98.884|6.180|2407555072|2411261952|sim_data_345e031ce91f1b82|__AUTOMETRIC__
__AUTOMETRIC__|0.1.2|11248|crew_log_881ae90a4d151b0d|0|1786322540.207|103.221|6.451|2332991488|2336784384|sim_data_345e031ce91f1b82|__AUTOMETRIC__
__AUTOMETRIC__|0.1.2|11248|crew_log_881ae90a4d151b0d|0|1786322541.207|101.511|6.344|2335064064|2338705408|sim_data_345e031ce91f1b82|__AUTOMETRIC__
__AUTOMETRIC__|0.1.2|11248|crew_log_881ae90a4d151b0d|0|1786322542.214|102.442|6.403|2337779712|2341765120|sim_data_345e031ce91f1b82|__AUTOMETRIC__
__AUTOMETRIC__|0.1.2|11248|crew_log_881ae90a4d151b0d|0|1786322543.224|98.974|6.186|2221559808|2225688576|sim_data_345e031ce91f1b82|__AUTOMETRIC__
__AUTOMETRIC__|0.1.2|11248|crew_log_881ae90a4d151b0d|0|1786322544.235|98.895|6.181|2226339840|2230738944|sim_data_345e031ce91f1b82|__AUTOMETRIC__
__AUTOMETRIC__|0.1.2|11248|crew_log_881ae90a4d151b0d|0|1786322545.237|99.795|6.237|2223808512|2227683328|sim_data_345e031ce91f1b82|__AUTOMETRIC__
__AUTOMETRIC__|0.1.2|11248|crew_log_881ae90a4d151b0d|0|1786322546.238|99.981|6.249|2223808512|2227683328|sim_data_345e031ce91f1b82|__AUTOMETRIC__
__AUTOMETRIC__|0.1.2|11248|crew_log_881ae90a4d151b0d|0|1786322547.251|98.674|6.167|2223063040|2226606080|sim_data_345e031ce91f1b82|__AUTOMETRIC__
__AUTOMETRIC__|0.1.2|11248|crew_log_881ae90a4d151b0d|0|1786322548.261|100.513|6.282|2223058944|2226601984|sim_data_345e031ce91f1b82|__AUTOMETRIC__
__AUTOMETRIC__|0.1.2|11248|crew_log_881ae90a4d151b0d|0|1786322549.265|99.649|6.228|2223063040|2226606080|sim_data_345e031ce91f1b82|__AUTOMETRIC__
__AUTOMETRIC__|0.1.2|11248|crew_log_881ae90a4d151b0d|0|1786322550.267|98.203|6.138|2224041984|2227585024|sim_data_345e031ce91f1b82|__AUTOMETRIC__
__AUTOMETRIC__|0.1.2|11248|crew_log_881ae90a4d151b0d|0|1786322551.274|100.871|6.304|2224107520|2227650560|sim_data_345e031ce91f1b82|__AUTOMETRIC__
__AUTOMETRIC__|0.1.2|11248|crew_log_881ae90a4d151b0d|0|1786322552.277|99.756|6.235|2225000448|2228543488|sim_data_345e031ce91f1b82|__AUTOMETRIC__
__AUTOMETRIC__|0.1.2|11248|crew_log_881ae90a4d151b0d|0|1786322553.278|99.915|6.245|2224918528|2228461568|sim_data_345e031ce91f1b82|__AUTOMETRIC__
__AUTOMETRIC__|0.1.2|11248|crew_log_881ae90a4d151b0d|0|1786322554.286|97.582|6.099|2224906240|2228449280|sim_data_345e031ce91f1b82|__AUTOMETRIC__
__AUTOMETRIC__|0.1.2|11248|crew_log_881ae90a4d151b0d|0|1786322555.297|103.594|6.475|2354393088|2358083584|sim_data_345e031ce91f1b82|__AUTOMETRIC__
__AUTOMETRIC__|0.1.2|11248|crew_log_881ae90a4d151b0d|0|1786322556.308|102.008|6.375|2335301632|2338992128|sim_data_345e031ce91f1b82|__AUTOMETRIC__
__AUTOMETRIC__|0.1.2|11248|crew_log_881ae90a4d151b0d|0|1786322557.320|98.830|6.177|2339860480|2343665664|sim_data_345e031ce91f1b82|__AUTOMETRIC__
__AUTOMETRIC__|0.1.2|11248|crew_log_881ae90a4d151b0d|0|1786322558.334|101.708|6.357|2226102272|2229923840|sim_data_345e031ce91f1b82|__AUTOMETRIC__
__AUTOMETRIC__|0.1.2|11248|crew_log_881ae90a4d151b0d|0|1786322559.349|98.511|6.157|2231050240|2235285504|sim_data_345e031ce91f1b82|__AUTOMETRIC__
__AUTOMETRIC__|0.1.2|11248|crew_log_881ae90a4d151b0d|0|1786322560.351|99.724|6.233|2229895168|2233696256|sim_data_345e031ce91f1b82|__AUTOMETRIC__
__AUTOMETRIC__|0.1.2|11248|crew_log_881ae90a4d151b0d|0|1786322561.353|99.830|6.239|2229182464|2232729600|sim_data_345e031ce91f1b82|__AUTOMETRIC__
__AUTOMETRIC__|0.1.2|11248|crew_log_881ae90a4d151b0d|0|1786322562.366|98.769|6.173|2229182464|2232729600|sim_data_345e031ce91f1b82|__AUTOMETRIC__
__AUTOMETRIC__|0.1.2|11248|crew_log_881ae90a4d151b0d|0|1786322563.378|97.259|6.079|2230034432|2233581568|sim_data_345e031ce91f1b82|__AUTOMETRIC__
__AUTOMETRIC__|0.1.2|11248|crew_log_881ae90a4d151b0d|0|1786322564.387|100.579|6.286|2229997568|2233544704|sim_data_345e031ce91f1b82|__AUTOMETRIC__
__AUTOMETRIC__|0.1.2|11248|crew_log_881ae90a4d151b0d|0|1786322565.390|98.211|6.138|2229997568|2233544704|sim_data_345e031ce91f1b82|__AUTOMETRIC__
__AUTOMETRIC__|0.1.2|11248|crew_log_881ae90a4d151b0d|0|1786322566.401|100.420|6.276|2231013376|2234560512|sim_data_345e031ce91f1b82|__AUTOMETRIC__
__AUTOMETRIC__|0.1.2|11248|crew_log_881ae90a4d151b0d|0|1786322567.405|99.642|6.228|2230976512|2234523648|sim_data_345e031ce91f1b82|__AUTOMETRIC__
__AUTOMETRIC__|0.1.2|11248|crew_log_881ae90a4d151b0d|0|1786322568.408|99.683|6.230|2230980608|2234527744|sim_data_345e031ce91f1b82|__AUTOMETRIC__
__AUTOMETRIC__|0.1.2|11248|crew_log_881ae90a4d151b0d|0|1786322569.412|98.080|6.130|2231853056|2235400192|sim_data_345e031ce91f1b82|__AUTOMETRIC__
__AUTOMETRIC__|0.1.2|11248|crew_log_881ae90a4d151b0d|0|1786322570.420|100.754|6.297|2231857152|2235404288|sim_data_345e031ce91f1b82|__AUTOMETRIC__
__AUTOMETRIC__|0.1.2|11248|crew_log_881ae90a4d151b0d|0|1786322571.428|99.148|6.197|2231857152|2235404288|sim_data_345e031ce91f1b82|__AUTOMETRIC__
__AUTOMETRIC__|0.1.2|11248|crew_log_881ae90a4d151b0d|0|1786322572.438|100.598|6.287|2271936512|2275598336|sim_data_345e031ce91f1b82|__AUTOMETRIC__
__AUTOMETRIC__|0.1.2|11248|crew_log_881ae90a4d151b0d|0|1786322573.439|101.472|6.342|2318606336|2322300928|sim_data_345e031ce91f1b82|__AUTOMETRIC__
__AUTOMETRIC__|0.1.2|11248|crew_log_881ae90a4d151b0d|0|1786322574.442|99.655|6.228|2357207040|2360901632|sim_data_345e031ce91f1b82|__AUTOMETRIC__
__AUTOMETRIC__|0.1.2|11248|crew_log_881ae90a4d151b0d|0|1786322575.446|102.720|6.420|2359472128|2363219968|sim_data_345e031ce91f1b82|__AUTOMETRIC__
__AUTOMETRIC__|0.1.2|11248|crew_log_881ae90a4d151b0d|0|1786322576.459|100.266|6.267|2235101184|2238857216|sim_data_345e031ce91f1b82|__AUTOMETRIC__
__AUTOMETRIC__|0.1.2|11248|crew_log_881ae90a4d151b0d|0|1786322577.467|100.798|6.300|2238783488|2242891776|sim_data_345e031ce91f1b82|__AUTOMETRIC__
__AUTOMETRIC__|0.1.2|11248|crew_log_881ae90a4d151b0d|0|1786322578.477|100.497|6.281|2237456384|2241007616|sim_data_345e031ce91f1b82|__AUTOMETRIC__
__AUTOMETRIC__|0.1.2|11248|crew_log_881ae90a4d151b0d|0|1786322579.488|98.942|6.184|2236956672|2240507904|sim_data_345e031ce91f1b82|__AUTOMETRIC__
__AUTOMETRIC__|0.1.2|11248|crew_log_881ae90a4d151b0d|0|1786322580.491|99.698|6.231|2236956672|2240507904|sim_data_345e031ce91f1b82|__AUTOMETRIC__
__AUTOMETRIC__|0.1.2|11248|crew_log_881ae90a4d151b0d|0|1786322581.502|100.470|6.279|2236956672|2240507904|sim_data_345e031ce91f1b82|__AUTOMETRIC__
__AUTOMETRIC__|0.1.2|11248|crew_log_881ae90a4d151b0d|0|1786322582.505|99.690|6.231|2237972480|2241523712|sim_data_345e031ce91f1b82|__AUTOMETRIC__
__AUTOMETRIC__|0.1.2|11248|crew_log_881ae90a4d151b0d|0|1786322583.508|99.653|6.228|2237894656|2241445888|sim_data_345e031ce91f1b82|__AUTOMETRIC__
__AUTOMETRIC__|0.1.2|11248|crew_log_881ae90a4d151b0d|0|1786322584.513|99.537|6.221|2237890560|2241441792|sim_data_345e031ce91f1b82|__AUTOMETRIC__
__AUTOMETRIC__|0.1.2|11248|crew_log_881ae90a4d151b0d|0|1786322585.524|100.431|6.277|2237898752|2241449984|sim_data_345e031ce91f1b82|__AUTOMETRIC__
__AUTOMETRIC__|0.1.2|11248|crew_log_881ae90a4d151b0d|0|1786322586.536|98.814|6.176|2238779392|2242330624|sim_data_345e031ce91f1b82|__AUTOMETRIC__
__AUTOMETRIC__|0.1.2|11248|crew_log_881ae90a4d151b0d|0|1786322587.539|102.818|6.426|2238730240|2242281472|sim_data_345e031ce91f1b82|__AUTOMETRIC__
__AUTOMETRIC__|0.1.2|11248|crew_log_881ae90a4d151b0d|0|1786322588.544|99.511|6.219|2238734336|2242285568|sim_data_345e031ce91f1b82|__AUTOMETRIC__
__AUTOMETRIC__|0.1.2|11248|crew_log_881ae90a4d151b0d|0|1786322589.547|98.179|6.136|2238730240|2242281472|sim_data_345e031ce91f1b82|__AUTOMETRIC__
__AUTOMETRIC__|0.1.2|11248|crew_log_881ae90a4d151b0d|0|1786322590.559|100.381|6.274|2238730240|2242281472|sim_data_345e031ce91f1b82|__AUTOMETRIC__
__AUTOMETRIC__|0.1.2|11248|crew_log_881ae90a4d151b0d|0|1786322591.560|95.197|5.950|2239823872|2243375104|sim_data_345e031ce91f1b82|__AUTOMETRIC__
__AUTOMETRIC__|0.1.2|11248|crew_log_881ae90a4d151b0d|0|1786322592.573|100.198|6.262|2239741952|2243293184|sim_data_345e031ce91f1b82|__AUTOMETRIC__
__AUTOMETRIC__|0.1.2|11248|crew_log_881ae90a4d151b0d|0|1786322593.575|98.295|6.143|2239746048|2243297280|sim_data_345e031ce91f1b82|__AUTOMETRIC__
__AUTOMETRIC__|0.1.2|11248|crew_log_881ae90a4d151b0d|0|1786322594.583|99.225|6.202|2239733760|2243284992|sim_data_345e031ce91f1b82|__AUTOMETRIC__
__AUTOMETRIC__|0.1.2|11248|crew_log_881ae90a4d151b0d|0|1786322595.597|100.136|6.259|2294145024|2297696256|sim_data_345e031ce91f1b82|__AUTOMETRIC__
__AUTOMETRIC__|0.1.2|11248|crew_log_881ae90a4d151b0d|0|1786322596.599|101.312|6.332|2354974720|2358665216|sim_data_345e031ce91f1b82|__AUTOMETRIC__
__AUTOMETRIC__|0.1.2|11248|crew_log_881ae90a4d151b0d|0|1786322597.603|99.616|6.226|2361671680|2365362176|sim_data_345e031ce91f1b82|__AUTOMETRIC__
__AUTOMETRIC__|0.1.2|11248|crew_log_881ae90a4d151b0d|0|1786322598.618|100.086|6.255|2365009920|2368696320|sim_data_345e031ce91f1b82|__AUTOMETRIC__
__AUTOMETRIC__|0.1.2|11248|crew_log_881ae90a4d151b0d|0|1786322599.623|101.034|6.315|2243448832|2247151616|sim_data_345e031ce91f1b82|__AUTOMETRIC__
__AUTOMETRIC__|0.1.2|11248|crew_log_881ae90a4d151b0d|0|1786322600.631|97.676|6.105|2246250496|2250366976|sim_data_345e031ce91f1b82|__AUTOMETRIC__
__AUTOMETRIC__|0.1.2|11248|crew_log_881ae90a4d151b0d|0|1786322601.633|99.802|6.238|2244644864|2248355840|sim_data_345e031ce91f1b82|__AUTOMETRIC__
__AUTOMETRIC__|0.1.2|11248|crew_log_881ae90a4d151b0d|0|1786322602.643|99.014|6.188|2244657152|2248368128|sim_data_345e031ce91f1b82|__AUTOMETRIC__
__AUTOMETRIC__|0.1.2|11248|crew_log_881ae90a4d151b0d|0|1786322603.659|99.991|6.249|2244231168|2247786496|sim_data_345e031ce91f1b82|__AUTOMETRIC__
__AUTOMETRIC__|0.1.2|11248|crew_log_881ae90a4d151b0d|0|1786322604.671|100.279|6.267|2244960256|2248515584|sim_data_345e031ce91f1b82|__AUTOMETRIC__
__AUTOMETRIC__|0.1.2|11248|crew_log_881ae90a4d151b0d|0|1786322605.679|99.226|6.202|2244902912|2248458240|sim_data_345e031ce91f1b82|__AUTOMETRIC__
__AUTOMETRIC__|0.1.2|11248|crew_log_881ae90a4d151b0d|0|1786322606.681|98.234|6.140|2245898240|2249453568|sim_data_345e031ce91f1b82|__AUTOMETRIC__
__AUTOMETRIC__|0.1.2|11248|crew_log_881ae90a4d151b0d|0|1786322607.682|99.985|6.249|2245820416|2249375744|sim_data_345e031ce91f1b82|__AUTOMETRIC__
__AUTOMETRIC__|0.1.2|11248|crew_log_881ae90a4d151b0d|0|1786322608.692|98.993|6.187|2245828608|2249383936|sim_data_345e031ce91f1b82|__AUTOMETRIC__
__AUTOMETRIC__|0.1.2|11248|crew_log_881ae90a4d151b0d|0|1786322609.703|97.381|6.086|2246885376|2250440704|sim_data_345e031ce91f1b82|__AUTOMETRIC__
__AUTOMETRIC__|0.1.2|11248|crew_log_881ae90a4d151b0d|0|1786322610.706|96.575|6.036|2246852608|2250407936|sim_data_345e031ce91f1b82|__AUTOMETRIC__
__AUTOMETRIC__|0.1.2|11248|crew_log_881ae90a4d151b0d|0|1786322611.715|100.618|6.289|2251853824|2255622144|sim_data_345e031ce91f1b82|__AUTOMETRIC__
__AUTOMETRIC__|0.1.2|11248|crew_log_881ae90a4d151b0d|0|1786322612.721|99.389|6.212|2345320448|2349010944|sim_data_345e031ce91f1b82|__AUTOMETRIC__
__AUTOMETRIC__|0.1.2|11248|crew_log_881ae90a4d151b0d|0|1786322613.733|100.383|6.274|2385997824|2389688320|sim_data_345e031ce91f1b82|__AUTOMETRIC__
__AUTOMETRIC__|0.1.2|11248|crew_log_881ae90a4d151b0d|0|1786322614.747|100.134|6.258|2388475904|2392174592|sim_data_345e031ce91f1b82|__AUTOMETRIC__
__AUTOMETRIC__|0.1.2|11248|crew_log_881ae90a4d151b0d|0|1786322615.750|101.244|6.328|2249830400|2253524992|sim_data_345e031ce91f1b82|__AUTOMETRIC__
__AUTOMETRIC__|0.1.2|11248|crew_log_881ae90a4d151b0d|0|1786322616.755|98.015|6.126|2254741504|2258833408|sim_data_345e031ce91f1b82|__AUTOMETRIC__
__AUTOMETRIC__|0.1.2|11248|crew_log_881ae90a4d151b0d|0|1786322617.758|101.199|6.325|2253418496|2257522688|sim_data_345e031ce91f1b82|__AUTOMETRIC__
__AUTOMETRIC__|0.1.2|11248|crew_log_881ae90a4d151b0d|0|1786322618.771|98.724|6.170|2253434880|2257539072|sim_data_345e031ce91f1b82|__AUTOMETRIC__
__AUTOMETRIC__|0.1.2|11248|crew_log_881ae90a4d151b0d|0|1786322619.781|100.539|6.284|2253443072|2257547264|sim_data_345e031ce91f1b82|__AUTOMETRIC__
__AUTOMETRIC__|0.1.2|11248|crew_log_881ae90a4d151b0d|0|1786322620.796|98.520|6.158|2253185024|2256740352|sim_data_345e031ce91f1b82|__AUTOMETRIC__
__AUTOMETRIC__|0.1.2|11248|crew_log_881ae90a4d151b0d|0|1786322621.808|100.380|6.274|2253111296|2256666624|sim_data_345e031ce91f1b82|__AUTOMETRIC__
__AUTOMETRIC__|0.1.2|11248|crew_log_881ae90a4d151b0d|0|1786322622.810|99.788|6.237|2253123584|2256678912|sim_data_345e031ce91f1b82|__AUTOMETRIC__
__AUTOMETRIC__|0.1.2|11248|crew_log_881ae90a4d151b0d|0|1786322623.819|99.094|6.193|2253119488|2256674816|sim_data_345e031ce91f1b82|__AUTOMETRIC__
__AUTOMETRIC__|0.1.2|11248|crew_log_881ae90a4d151b0d|0|1786322624.829|100.620|6.289|2254131200|2257686528|sim_data_345e031ce91f1b82|__AUTOMETRIC__
__AUTOMETRIC__|0.1.2|11248|crew_log_881ae90a4d151b0d|0|1786322625.843|100.099|6.256|2254061568|2257616896|sim_data_345e031ce91f1b82|__AUTOMETRIC__
__AUTOMETRIC__|0.1.2|11248|crew_log_881ae90a4d151b0d|0|1786322626.849|99.464|6.217|2254065664|2257620992|sim_data_345e031ce91f1b82|__AUTOMETRIC__
__AUTOMETRIC__|0.1.2|11248|crew_log_881ae90a4d151b0d|0|1786322627.849|99.947|6.247|2254065664|2257620992|sim_data_345e031ce91f1b82|__AUTOMETRIC__
__AUTOMETRIC__|0.1.2|11248|crew_log_881ae90a4d151b0d|0|1786322628.853|102.714|6.420|2254061568|2257616896|sim_data_345e031ce91f1b82|__AUTOMETRIC__
__AUTOMETRIC__|0.1.2|11248|crew_log_881ae90a4d151b0d|0|1786322629.856|99.695|6.231|2255060992|2258616320|sim_data_345e031ce91f1b82|__AUTOMETRIC__
__AUTOMETRIC__|0.1.2|11248|crew_log_881ae90a4d151b0d|0|1786322630.864|99.216|6.201|2254999552|2258554880|sim_data_345e031ce91f1b82|__AUTOMETRIC__
__AUTOMETRIC__|0.1.2|11248|crew_log_881ae90a4d151b0d|0|1786322631.869|101.130|6.321|2254999552|2258554880|sim_data_345e031ce91f1b82|__AUTOMETRIC__
__AUTOMETRIC__|0.1.2|11248|crew_log_881ae90a4d151b0d|0|1786322632.878|99.090|6.193|2254995456|2258550784|sim_data_345e031ce91f1b82|__AUTOMETRIC__
__AUTOMETRIC__|0.1.2|11248|crew_log_881ae90a4d151b0d|0|1786322633.882|96.429|6.027|2418610176|2422366208|sim_data_345e031ce91f1b82|__AUTOMETRIC__
__AUTOMETRIC__|0.1.2|11248|crew_log_881ae90a4d151b0d|0|1786322634.891|100.645|6.290|2403979264|2407669760|sim_data_345e031ce91f1b82|__AUTOMETRIC__
__AUTOMETRIC__|0.1.2|11248|crew_log_881ae90a4d151b0d|0|1786322635.896|102.690|6.418|2247131136|2250813440|sim_data_345e031ce91f1b82|__AUTOMETRIC__
__AUTOMETRIC__|0.1.2|11248|crew_log_881ae90a4d151b0d|0|1786322636.906|102.040|6.378|2256351232|2260545536|sim_data_345e031ce91f1b82|__AUTOMETRIC__
__AUTOMETRIC__|0.1.2|11248|crew_log_881ae90a4d151b0d|0|1786322637.917|98.955|6.185|2255028224|2259189760|sim_data_345e031ce91f1b82|__AUTOMETRIC__
__AUTOMETRIC__|0.1.2|11248|crew_log_881ae90a4d151b0d|0|1786322638.922|99.452|6.216|2253221888|2256773120|sim_data_345e031ce91f1b82|__AUTOMETRIC__
__AUTOMETRIC__|0.1.2|11248|crew_log_881ae90a4d151b0d|0|1786322639.933|100.505|6.282|2252886016|2256437248|sim_data_345e031ce91f1b82|__AUTOMETRIC__
__AUTOMETRIC__|0.1.2|11248|crew_log_881ae90a4d151b0d|0|1786322640.941|99.224|6.202|2252886016|2256437248|sim_data_345e031ce91f1b82|__AUTOMETRIC__
__AUTOMETRIC__|0.1.2|11248|crew_log_881ae90a4d151b0d|0|1786322641.955|98.611|6.163|2253799424|2257350656|sim_data_345e031ce91f1b82|__AUTOMETRIC__
__AUTOMETRIC__|0.1.2|11248|crew_log_881ae90a4d151b0d|0|1786322642.959|99.569|6.223|2253811712|2257362944|sim_data_345e031ce91f1b82|__AUTOMETRIC__
__AUTOMETRIC__|0.1.2|11248|crew_log_881ae90a4d151b0d|0|1786322643.972|103.381|6.461|2253803520|2257354752|sim_data_345e031ce91f1b82|__AUTOMETRIC__
__AUTOMETRIC__|0.1.2|11248|crew_log_881ae90a4d151b0d|0|1786322644.973|96.792|6.050|2254774272|2258325504|sim_data_345e031ce91f1b82|__AUTOMETRIC__
__AUTOMETRIC__|0.1.2|11248|crew_log_881ae90a4d151b0d|0|1786322645.982|100.628|6.289|2254733312|2258284544|sim_data_345e031ce91f1b82|__AUTOMETRIC__
__AUTOMETRIC__|0.1.2|11248|crew_log_881ae90a4d151b0d|0|1786322646.987|97.955|6.122|2254733312|2258284544|sim_data_345e031ce91f1b82|__AUTOMETRIC__
__AUTOMETRIC__|0.1.2|11248|crew_log_881ae90a4d151b0d|0|1786322648.000|100.252|6.266|2255650816|2259202048|sim_data_345e031ce91f1b82|__AUTOMETRIC__
__AUTOMETRIC__|0.1.2|11248|crew_log_881ae90a4d151b0d|0|1786322649.011|98.914|6.182|2255613952|2259165184|sim_data_345e031ce91f1b82|__AUTOMETRIC__
__AUTOMETRIC__|0.1.2|11248|crew_log_881ae90a4d151b0d|0|1786322650.025|100.143|6.259|2255609856|2259161088|sim_data_345e031ce91f1b82|__AUTOMETRIC__
__AUTOMETRIC__|0.1.2|11248|crew_log_881ae90a4d151b0d|0|1786322651.028|99.748|6.234|2255605760|2259156992|sim_data_345e031ce91f1b82|__AUTOMETRIC__
__AUTOMETRIC__|0.1.2|11248|crew_log_881ae90a4d151b0d|0|1786322652.032|99.604|6.225|2376896512|2380476416|sim_data_345e031ce91f1b82|__AUTOMETRIC__
__AUTOMETRIC__|0.1.2|11248|crew_log_881ae90a4d151b0d|0|1786322653.034|101.362|6.335|2388328448|2392178688|sim_data_345e031ce91f1b82|__AUTOMETRIC__
__AUTOMETRIC__|0.1.2|11248|crew_log_881ae90a4d151b0d|0|1786322654.045|100.405|6.275|2390749184|2394378240|sim_data_345e031ce91f1b82|__AUTOMETRIC__
__AUTOMETRIC__|0.1.2|11248|crew_log_881ae90a4d151b0d|0|1786322655.055|98.974|6.186|2262536192|2266218496|sim_data_345e031ce91f1b82|__AUTOMETRIC__
__AUTOMETRIC__|0.1.2|11248|crew_log_881ae90a4d151b0d|0|1786322656.066|98.961|6.185|2265427968|2269044736|sim_data_345e031ce91f1b82|__AUTOMETRIC__
__AUTOMETRIC__|0.1.2|11248|crew_log_881ae90a4d151b0d|0|1786322657.072|100.972|6.311|2271850496|2275540992|sim_data_345e031ce91f1b82|__AUTOMETRIC__
__AUTOMETRIC__|0.1.2|11248|crew_log_881ae90a4d151b0d|0|1786322658.078|100.955|6.310|2271059968|2274619392|sim_data_345e031ce91f1b82|__AUTOMETRIC__
__AUTOMETRIC__|0.1.2|11248|crew_log_881ae90a4d151b0d|0|1786322659.088|100.495|6.281|2271043584|2274603008|sim_data_345e031ce91f1b82|__AUTOMETRIC__
__AUTOMETRIC__|0.1.2|11248|crew_log_881ae90a4d151b0d|0|1786322660.099|99.001|6.188|2271047680|2274607104|sim_data_345e031ce91f1b82|__AUTOMETRIC__
__AUTOMETRIC__|0.1.2|11248|crew_log_881ae90a4d151b0d|0|1786322661.109|97.416|6.089|2271948800|2275508224|sim_data_345e031ce91f1b82|__AUTOMETRIC__
__AUTOMETRIC__|0.1.2|11248|crew_log_881ae90a4d151b0d|0|1786322662.119|100.542|6.284|2272010240|2275569664|sim_data_345e031ce91f1b82|__AUTOMETRIC__
__AUTOMETRIC__|0.1.2|11248|crew_log_881ae90a4d151b0d|0|1786322663.130|97.343|6.084|2272006144|2275565568|sim_data_345e031ce91f1b82|__AUTOMETRIC__
__AUTOMETRIC__|0.1.2|11248|crew_log_881ae90a4d151b0d|0|1786322664.134|104.295|6.518|2272002048|2275561472|sim_data_345e031ce91f1b82|__AUTOMETRIC__
__AUTOMETRIC__|0.1.2|11248|crew_log_881ae90a4d151b0d|0|1786322665.146|95.786|5.987|2273038336|2276597760|sim_data_345e031ce91f1b82|__AUTOMETRIC__
__AUTOMETRIC__|0.1.2|11248|crew_log_881ae90a4d151b0d|0|1786322666.150|99.513|6.220|2272944128|2276503552|sim_data_345e031ce91f1b82|__AUTOMETRIC__
__AUTOMETRIC__|0.1.2|11248|crew_log_881ae90a4d151b0d|0|1786322667.152|101.375|6.336|2272948224|2276507648|sim_data_345e031ce91f1b82|__AUTOMETRIC__
__AUTOMETRIC__|0.1.2|11248|crew_log_881ae90a4d151b0d|0|1786322668.156|99.617|6.226|2272948224|2276507648|sim_data_345e031ce91f1b82|__AUTOMETRIC__
__AUTOMETRIC__|0.1.2|11248|crew_log_881ae90a4d151b0d|0|1786322669.161|96.371|6.023|2273771520|2277330944|sim_data_345e031ce91f1b82|__AUTOMETRIC__
__AUTOMETRIC__|0.1.2|11248|crew_log_881ae90a4d151b0d|0|1786322670.162|101.455|6.341|2273783808|2277343232|sim_data_345e031ce91f1b82|__AUTOMETRIC__
__AUTOMETRIC__|0.1.2|11248|crew_log_881ae90a4d151b0d|0|1786322671.167|102.646|6.415|2273792000|2277351424|sim_data_345e031ce91f1b82|__AUTOMETRIC__
__AUTOMETRIC__|0.1.2|11248|crew_log_881ae90a4d151b0d|0|1786322672.181|100.180|6.261|2273792000|2277351424|sim_data_345e031ce91f1b82|__AUTOMETRIC__
__AUTOMETRIC__|0.1.2|11248|crew_log_881ae90a4d151b0d|0|1786322673.187|99.349|6.209|2409734144|2413654016|sim_data_345e031ce91f1b82|__AUTOMETRIC__
__AUTOMETRIC__|0.1.2|11248|crew_log_881ae90a4d151b0d|0|1786322674.193|101.015|6.313|2273640448|2277298176|sim_data_345e031ce91f1b82|__AUTOMETRIC__
__AUTOMETRIC__|0.1.2|11248|crew_log_881ae90a4d151b0d|0|1786322675.195|101.376|6.336|2278727680|2282536960|sim_data_345e031ce91f1b82|__AUTOMETRIC__
__AUTOMETRIC__|0.1.2|11248|crew_log_881ae90a4d151b0d|0|1786322676.195|98.394|6.150|2281287680|2285621248|sim_data_345e031ce91f1b82|__AUTOMETRIC__
__AUTOMETRIC__|0.1.2|11248|crew_log_881ae90a4d151b0d|0|1786322677.200|99.537|6.221|2285129728|2289610752|sim_data_345e031ce91f1b82|__AUTOMETRIC__
__AUTOMETRIC__|0.1.2|11248|crew_log_881ae90a4d151b0d|0|1786322678.203|101.247|6.328|2276073472|2279972864|sim_data_345e031ce91f1b82|__AUTOMETRIC__
__AUTOMETRIC__|0.1.2|11248|crew_log_881ae90a4d151b0d|0|1786322679.206|99.654|6.228|2275610624|2279215104|sim_data_345e031ce91f1b82|__AUTOMETRIC__
__AUTOMETRIC__|0.1.2|11248|crew_log_881ae90a4d151b0d|0|1786322680.217|100.532|6.283|2275610624|2279215104|sim_data_345e031ce91f1b82|__AUTOMETRIC__
__AUTOMETRIC__|0.1.2|11248|crew_log_881ae90a4d151b0d|0|1786322681.226|100.657|6.291|2275610624|2279215104|sim_data_345e031ce91f1b82|__AUTOMETRIC__
__AUTOMETRIC__|0.1.2|11248|crew_log_881ae90a4d151b0d|0|1786322682.228|101.280|6.330|2276495360|2280099840|sim_data_345e031ce91f1b82|__AUTOMETRIC__
__AUTOMETRIC__|0.1.2|11248|crew_log_881ae90a4d151b0d|0|1786322683.232|99.645|6.228|2276446208|2280050688|sim_data_345e031ce91f1b82|__AUTOMETRIC__
__AUTOMETRIC__|0.1.2|11248|crew_log_881ae90a4d151b0d|0|1786322684.245|100.241|6.265|2276450304|2280054784|sim_data_345e031ce91f1b82|__AUTOMETRIC__
__AUTOMETRIC__|0.1.2|11248|crew_log_881ae90a4d151b0d|0|1786322685.267|99.365|6.210|2276438016|2280042496|sim_data_345e031ce91f1b82|__AUTOMETRIC__
__AUTOMETRIC__|0.1.2|11248|crew_log_881ae90a4d151b0d|0|1786322686.270|99.775|6.236|2276442112|2280046592|sim_data_345e031ce91f1b82|__AUTOMETRIC__
__AUTOMETRIC__|0.1.2|11248|crew_log_881ae90a4d151b0d|0|1786322687.280|100.534|6.283|2277486592|2281091072|sim_data_345e031ce91f1b82|__AUTOMETRIC__
__AUTOMETRIC__|0.1.2|11248|crew_log_881ae90a4d151b0d|0|1786322688.284|99.584|6.224|2277416960|2281021440|sim_data_345e031ce91f1b82|__AUTOMETRIC__
__AUTOMETRIC__|0.1.2|11248|crew_log_881ae90a4d151b0d|0|1786322689.286|99.824|6.239|2277408768|2281013248|sim_data_345e031ce91f1b82|__AUTOMETRIC__
__AUTOMETRIC__|0.1.2|11248|crew_log_881ae90a4d151b0d|0|1786322690.289|101.211|6.326|2277412864|2281017344|sim_data_345e031ce91f1b82|__AUTOMETRIC__
__AUTOMETRIC__|0.1.2|11248|crew_log_881ae90a4d151b0d|0|1786322691.301|98.883|6.180|2277408768|2281013248|sim_data_345e031ce91f1b82|__AUTOMETRIC__
__AUTOMETRIC__|0.1.2|11248|crew_log_881ae90a4d151b0d|0|1786322692.312|100.360|6.272|2277416960|2281021440|sim_data_345e031ce91f1b82|__AUTOMETRIC__
__AUTOMETRIC__|0.1.2|11248|crew_log_881ae90a4d151b0d|0|1786322693.317|99.508|6.219|2277412864|2281017344|sim_data_345e031ce91f1b82|__AUTOMETRIC__
__AUTOMETRIC__|0.1.2|11248|crew_log_881ae90a4d151b0d|0|1786322694.318|98.366|6.148|2278387712|2281992192|sim_data_345e031ce91f1b82|__AUTOMETRIC__
__AUTOMETRIC__|0.1.2|11248|crew_log_881ae90a4d151b0d|0|1786322695.329|103.595|6.475|2278330368|2281934848|sim_data_345e031ce91f1b82|__AUTOMETRIC__
__AUTOMETRIC__|0.1.2|11248|crew_log_881ae90a4d151b0d|0|1786322696.344|100.022|6.251|2278338560|2281943040|sim_data_345e031ce91f1b82|__AUTOMETRIC__
__AUTOMETRIC__|0.1.2|11248|crew_log_881ae90a4d151b0d|0|1786322697.353|99.102|6.194|2278326272|2281930752|sim_data_345e031ce91f1b82|__AUTOMETRIC__
__AUTOMETRIC__|0.1.2|11248|crew_log_881ae90a4d151b0d|0|1786322698.366|98.769|6.173|2278334464|2281938944|sim_data_345e031ce91f1b82|__AUTOMETRIC__
__AUTOMETRIC__|0.1.2|11248|crew_log_881ae90a4d151b0d|0|1786322699.377|101.998|6.375|2421587968|2425384960|sim_data_345e031ce91f1b82|__AUTOMETRIC__
__AUTOMETRIC__|0.1.2|11248|crew_log_881ae90a4d151b0d|0|1786322700.388|101.956|6.372|2408116224|2411892736|sim_data_345e031ce91f1b82|__AUTOMETRIC__
__AUTOMETRIC__|0.1.2|11248|crew_log_881ae90a4d151b0d|0|1786322701.393|99.529|6.221|2408558592|2412195840|sim_data_345e031ce91f1b82|__AUTOMETRIC__
__AUTOMETRIC__|0.1.2|11248|crew_log_881ae90a4d151b0d|0|1786322702.402|100.604|6.288|2253549568|2257383424|sim_data_345e031ce91f1b82|__AUTOMETRIC__
__AUTOMETRIC__|0.1.2|11248|crew_log_881ae90a4d151b0d|0|1786322703.407|97.976|6.123|2254020608|2258141184|sim_data_345e031ce91f1b82|__AUTOMETRIC__
__AUTOMETRIC__|0.1.2|11248|crew_log_881ae90a4d151b0d|0|1786322704.407|98.423|6.151|2245722112|2249715712|sim_data_345e031ce91f1b82|__AUTOMETRIC__
__AUTOMETRIC__|0.1.2|11248|crew_log_881ae90a4d151b0d|0|1786322705.420|100.316|6.270|2245730304|2249723904|sim_data_345e031ce91f1b82|__AUTOMETRIC__
__AUTOMETRIC__|0.1.2|11248|crew_log_881ae90a4d151b0d|0|1786322706.424|99.540|6.221|2244591616|2248138752|sim_data_345e031ce91f1b82|__AUTOMETRIC__
__AUTOMETRIC__|0.1.2|11248|crew_log_881ae90a4d151b0d|0|1786322707.427|98.128|6.133|2244579328|2248126464|sim_data_345e031ce91f1b82|__AUTOMETRIC__
__AUTOMETRIC__|0.1.2|11248|crew_log_881ae90a4d151b0d|0|1786322708.430|102.834|6.427|2245218304|2248765440|sim_data_345e031ce91f1b82|__AUTOMETRIC__
__AUTOMETRIC__|0.1.2|11248|crew_log_881ae90a4d151b0d|0|1786322709.433|99.707|6.232|2245152768|2248699904|sim_data_345e031ce91f1b82|__AUTOMETRIC__
__AUTOMETRIC__|0.1.2|11248|crew_log_881ae90a4d151b0d|0|1786322710.444|97.361|6.085|2245160960|2248708096|sim_data_345e031ce91f1b82|__AUTOMETRIC__
__AUTOMETRIC__|0.1.2|11248|crew_log_881ae90a4d151b0d|0|1786322711.454|99.053|6.191|2245160960|2248708096|sim_data_345e031ce91f1b82|__AUTOMETRIC__
__AUTOMETRIC__|0.1.2|11248|crew_log_881ae90a4d151b0d|0|1786322712.459|94.825|5.927|2246180864|2249728000|sim_data_345e031ce91f1b82|__AUTOMETRIC__
__AUTOMETRIC__|0.1.2|11248|crew_log_881ae90a4d151b0d|0|1786322713.463|104.247|6.515|2246148096|2249695232|sim_data_345e031ce91f1b82|__AUTOMETRIC__
__AUTOMETRIC__|0.1.2|11248|crew_log_881ae90a4d151b0d|0|1786322714.465|98.219|6.139|2246230016|2249777152|sim_data_345e031ce91f1b82|__AUTOMETRIC__
__AUTOMETRIC__|0.1.2|11248|crew_log_881ae90a4d151b0d|0|1786322715.477|100.421|6.276|2246152192|2249699328|sim_data_345e031ce91f1b82|__AUTOMETRIC__
__AUTOMETRIC__|0.1.2|11248|crew_log_881ae90a4d151b0d|0|1786322716.482|97.977|6.124|2246148096|2249695232|sim_data_345e031ce91f1b82|__AUTOMETRIC__
__AUTOMETRIC__|0.1.2|11248|crew_log_881ae90a4d151b0d|0|1786322717.485|99.692|6.231|2247045120|2250592256|sim_data_345e031ce91f1b82|__AUTOMETRIC__
__AUTOMETRIC__|0.1.2|11248|crew_log_881ae90a4d151b0d|0|1786322718.485|99.918|6.245|2246987776|2250534912|sim_data_345e031ce91f1b82|__AUTOMETRIC__
__AUTOMETRIC__|0.1.2|11248|crew_log_881ae90a4d151b0d|0|1786322719.497|100.451|6.278|2246987776|2250534912|sim_data_345e031ce91f1b82|__AUTOMETRIC__
__AUTOMETRIC__|0.1.2|11248|crew_log_881ae90a4d151b0d|0|1786322720.508|100.438|6.277|2346545152|2350092288|sim_data_345e031ce91f1b82|__AUTOMETRIC__
__AUTOMETRIC__|0.1.2|11248|crew_log_881ae90a4d151b0d|0|1786322721.511|98.073|6.130|2452041728|2455769088|sim_data_345e031ce91f1b82|__AUTOMETRIC__
__AUTOMETRIC__|0.1.2|11248|crew_log_881ae90a4d151b0d|0|1786322722.513|101.433|6.340|2368241664|2371850240|sim_data_345e031ce91f1b82|__AUTOMETRIC__
__AUTOMETRIC__|0.1.2|11248|crew_log_881ae90a4d151b0d|0|1786322723.516|99.696|6.231|2368708608|2372370432|sim_data_345e031ce91f1b82|__AUTOMETRIC__
__AUTOMETRIC__|0.1.2|11248|crew_log_881ae90a4d151b0d|0|1786322724.520|102.679|6.417|2262736896|2266570752|sim_data_345e031ce91f1b82|__AUTOMETRIC__
__AUTOMETRIC__|0.1.2|11248|crew_log_881ae90a4d151b0d|0|1786322725.533|100.230|6.264|2259361792|2263392256|sim_data_345e031ce91f1b82|__AUTOMETRIC__
__AUTOMETRIC__|0.1.2|11248|crew_log_881ae90a4d151b0d|0|1786322726.543|100.631|6.289|2259386368|2263416832|sim_data_345e031ce91f1b82|__AUTOMETRIC__
__AUTOMETRIC__|0.1.2|11248|crew_log_881ae90a4d151b0d|0|1786322727.547|99.536|6.221|2258313216|2261839872|sim_data_345e031ce91f1b82|__AUTOMETRIC__
__AUTOMETRIC__|0.1.2|11248|crew_log_881ae90a4d151b0d|0|1786322728.552|99.508|6.219|2258313216|2261839872|sim_data_345e031ce91f1b82|__AUTOMETRIC__
__AUTOMETRIC__|0.1.2|11248|crew_log_881ae90a4d151b0d|0|1786322729.554|101.404|6.338|2256777216|2260303872|sim_data_345e031ce91f1b82|__AUTOMETRIC__
__AUTOMETRIC__|0.1.2|11248|crew_log_881ae90a4d151b0d|0|1786322730.557|101.268|6.329|2256773120|2260299776|sim_data_345e031ce91f1b82|__AUTOMETRIC__
__AUTOMETRIC__|0.1.2|11248|crew_log_881ae90a4d151b0d|0|1786322731.559|99.808|6.238|2256773120|2260299776|sim_data_345e031ce91f1b82|__AUTOMETRIC__
__AUTOMETRIC__|0.1.2|11248|crew_log_881ae90a4d151b0d|0|1786322732.571|100.315|6.270|2257625088|2261151744|sim_data_345e031ce91f1b82|__AUTOMETRIC__
__AUTOMETRIC__|0.1.2|11248|crew_log_881ae90a4d151b0d|0|1786322733.581|97.470|6.092|2257625088|2261151744|sim_data_345e031ce91f1b82|__AUTOMETRIC__
__AUTOMETRIC__|0.1.2|11248|crew_log_881ae90a4d151b0d|0|1786322734.582|99.874|6.242|2257625088|2261151744|sim_data_345e031ce91f1b82|__AUTOMETRIC__
__AUTOMETRIC__|0.1.2|11248|crew_log_881ae90a4d151b0d|0|1786322735.595|97.201|6.075|2257625088|2261151744|sim_data_345e031ce91f1b82|__AUTOMETRIC__
__AUTOMETRIC__|0.1.2|11248|crew_log_881ae90a4d151b0d|0|1786322736.598|96.543|6.034|2258538496|2262065152|sim_data_345e031ce91f1b82|__AUTOMETRIC__
__AUTOMETRIC__|0.1.2|11248|crew_log_881ae90a4d151b0d|0|1786322737.599|99.989|6.249|2258550784|2262077440|sim_data_345e031ce91f1b82|__AUTOMETRIC__
__AUTOMETRIC__|0.1.2|11248|crew_log_881ae90a4d151b0d|0|1786322738.603|99.589|6.224|2258538496|2262065152|sim_data_345e031ce91f1b82|__AUTOMETRIC__
__AUTOMETRIC__|0.1.2|11248|crew_log_881ae90a4d151b0d|0|1786322739.609|97.857|6.116|2274004992|2277675008|sim_data_345e031ce91f1b82|__AUTOMETRIC__
__AUTOMETRIC__|0.1.2|11248|crew_log_881ae90a4d151b0d|0|1786322740.612|101.201|6.325|2372280320|2375917568|sim_data_345e031ce91f1b82|__AUTOMETRIC__
__AUTOMETRIC__|0.1.2|11248|crew_log_881ae90a4d151b0d|0|1786322741.627|100.069|6.254|2392670208|2396491776|sim_data_345e031ce91f1b82|__AUTOMETRIC__
__AUTOMETRIC__|0.1.2|11248|crew_log_881ae90a4d151b0d|0|1786322742.639|100.392|6.275|2394845184|2398511104|sim_data_345e031ce91f1b82|__AUTOMETRIC__
__AUTOMETRIC__|0.1.2|11248|crew_log_881ae90a4d151b0d|0|1786322743.651|103.469|6.467|2261676032|2265354240|sim_data_345e031ce91f1b82|__AUTOMETRIC__
__AUTOMETRIC__|0.1.2|11248|crew_log_881ae90a4d151b0d|0|1786322744.653|98.226|6.139|2266812416|2270695424|sim_data_345e031ce91f1b82|__AUTOMETRIC__
__AUTOMETRIC__|0.1.2|11248|crew_log_881ae90a4d151b0d|0|1786322745.654|101.422|6.339|2265137152|2268774400|sim_data_345e031ce91f1b82|__AUTOMETRIC__
__AUTOMETRIC__|0.1.2|11248|crew_log_881ae90a4d151b0d|0|1786322746.664|100.594|6.287|2264375296|2267914240|sim_data_345e031ce91f1b82|__AUTOMETRIC__
__AUTOMETRIC__|0.1.2|11248|crew_log_881ae90a4d151b0d|0|1786322747.666|99.754|6.235|2264375296|2267914240|sim_data_345e031ce91f1b82|__AUTOMETRIC__
__AUTOMETRIC__|0.1.2|11248|crew_log_881ae90a4d151b0d|0|1786322748.667|99.902|6.244|2265403392|2268942336|sim_data_345e031ce91f1b82|__AUTOMETRIC__
__AUTOMETRIC__|0.1.2|11248|crew_log_881ae90a4d151b0d|0|1786322749.669|99.809|6.238|2265325568|2268864512|sim_data_345e031ce91f1b82|__AUTOMETRIC__
__AUTOMETRIC__|0.1.2|11248|crew_log_881ae90a4d151b0d|0|1786322750.686|99.827|6.239|2265329664|2268868608|sim_data_345e031ce91f1b82|__AUTOMETRIC__
__AUTOMETRIC__|0.1.2|11248|crew_log_881ae90a4d151b0d|0|1786322751.696|100.564|6.285|2265329664|2268868608|sim_data_345e031ce91f1b82|__AUTOMETRIC__
__AUTOMETRIC__|0.1.2|11248|crew_log_881ae90a4d151b0d|0|1786322752.706|95.962|5.998|2266263552|2269802496|sim_data_345e031ce91f1b82|__AUTOMETRIC__
__AUTOMETRIC__|0.1.2|11248|crew_log_881ae90a4d151b0d|0|1786322753.708|99.805|6.238|2266206208|2269745152|sim_data_345e031ce91f1b82|__AUTOMETRIC__
__AUTOMETRIC__|0.1.2|11248|crew_log_881ae90a4d151b0d|0|1786322754.708|99.961|6.248|2266210304|2269749248|sim_data_345e031ce91f1b82|__AUTOMETRIC__
__AUTOMETRIC__|0.1.2|11248|crew_log_881ae90a4d151b0d|0|1786322755.709|101.507|6.344|2266206208|2269745152|sim_data_345e031ce91f1b82|__AUTOMETRIC__
__AUTOMETRIC__|0.1.2|11248|crew_log_881ae90a4d151b0d|0|1786322756.711|104.404|6.525|2267193344|2270732288|sim_data_345e031ce91f1b82|__AUTOMETRIC__
__AUTOMETRIC__|0.1.2|11248|crew_log_881ae90a4d151b0d|0|1786322757.725|98.678|6.167|2267144192|2270683136|sim_data_345e031ce91f1b82|__AUTOMETRIC__
__AUTOMETRIC__|0.1.2|11248|crew_log_881ae90a4d151b0d|0|1786322758.737|100.369|6.273|2267144192|2270683136|sim_data_345e031ce91f1b82|__AUTOMETRIC__
__AUTOMETRIC__|0.1.2|11248|crew_log_881ae90a4d151b0d|0|1786322759.745|100.695|6.293|2267123712|2270662656|sim_data_345e031ce91f1b82|__AUTOMETRIC__
__AUTOMETRIC__|0.1.2|11248|crew_log_881ae90a4d151b0d|0|1786322760.753|97.667|6.104|2312564736|2316103680|sim_data_345e031ce91f1b82|__AUTOMETRIC__
__AUTOMETRIC__|0.1.2|11248|crew_log_881ae90a4d151b0d|0|1786322761.765|100.406|6.275|2377613312|2381303808|sim_data_345e031ce91f1b82|__AUTOMETRIC__
__AUTOMETRIC__|0.1.2|11248|crew_log_881ae90a4d151b0d|0|1786322762.776|100.454|6.278|2287099904|2290704384|sim_data_345e031ce91f1b82|__AUTOMETRIC__
__AUTOMETRIC__|0.1.2|11248|crew_log_881ae90a4d151b0d|0|1786322763.784|97.680|6.105|2287800320|2291425280|sim_data_345e031ce91f1b82|__AUTOMETRIC__
__AUTOMETRIC__|0.1.2|11248|crew_log_881ae90a4d151b0d|0|1786322764.798|101.617|6.351|2295558144|2299719680|sim_data_345e031ce91f1b82|__AUTOMETRIC__
__AUTOMETRIC__|0.1.2|11248|crew_log_881ae90a4d151b0d|0|1786322765.812|100.215|6.263|2285146112|2289557504|sim_data_345e031ce91f1b82|__AUTOMETRIC__
__AUTOMETRIC__|0.1.2|11248|crew_log_881ae90a4d151b0d|0|1786322766.823|100.398|6.275|2268250112|2271768576|sim_data_345e031ce91f1b82|__AUTOMETRIC__
__AUTOMETRIC__|0.1.2|11248|crew_log_881ae90a4d151b0d|0|1786322767.833|99.025|6.189|2268033024|2271551488|sim_data_345e031ce91f1b82|__AUTOMETRIC__
__AUTOMETRIC__|0.1.2|11248|crew_log_881ae90a4d151b0d|0|1786322768.838|59.113|3.695|2268024832|2271543296|sim_data_345e031ce91f1b82|__AUTOMETRIC__
__AUTOMETRIC__|0.1.2|11248|crew_log_881ae90a4d151b0d|0|1786322769.841|99.670|6.229|2268024832|2271543296|sim_data_345e031ce91f1b82|__AUTOMETRIC__
__AUTOMETRIC__|0.1.2|11248|crew_log_881ae90a4d151b0d|0|1786322770.857|99.995|6.250|2268024832|2271543296|sim_data_345e031ce91f1b82|__AUTOMETRIC__
__AUTOMETRIC__|0.1.2|11248|crew_log_881ae90a4d151b0d|0|1786322771.867|100.496|6.281|2268909568|2272428032|sim_data_345e031ce91f1b82|__AUTOMETRIC__
__AUTOMETRIC__|0.1.2|11248|crew_log_881ae90a4d151b0d|0|1786322772.875|80.632|5.040|2268913664|2272432128|sim_data_345e031ce91f1b82|__AUTOMETRIC__
__AUTOMETRIC__|0.1.2|11248|crew_log_881ae90a4d151b0d|0|1786322773.889|70.866|4.429|2268930048|2272448512|sim_data_345e031ce91f1b82|__AUTOMETRIC__
__AUTOMETRIC__|0.1.2|11248|crew_log_881ae90a4d151b0d|0|1786322774.901|80.312|5.019|2268905472|2272423936|sim_data_345e031ce91f1b82|__AUTOMETRIC__
__AUTOMETRIC__|0.1.2|11248|crew_log_881ae90a4d151b0d|0|1786322775.911|99.043|6.190|2268987392|2272493568|sim_data_345e031ce91f1b82|__AUTOMETRIC__
__AUTOMETRIC__|0.1.2|11248|crew_log_881ae90a4d151b0d|0|1786322776.923|98.762|6.173|2269003776|2272493568|sim_data_345e031ce91f1b82|__AUTOMETRIC__
__AUTOMETRIC__|0.1.2|11248|crew_log_881ae90a4d151b0d|0|1786322777.935|100.385|6.274|2269011968|2272493568|sim_data_345e031ce91f1b82|__AUTOMETRIC__
__AUTOMETRIC__|0.1.2|11248|crew_log_881ae90a4d151b0d|0|1786322778.947|98.828|6.177|2270089216|2273566720|sim_data_345e031ce91f1b82|__AUTOMETRIC__
__AUTOMETRIC__|0.1.2|11248|crew_log_881ae90a4d151b0d|0|1786322779.958|98.889|6.181|2270023680|2273501184|sim_data_345e031ce91f1b82|__AUTOMETRIC__
__AUTOMETRIC__|0.1.2|11248|crew_log_881ae90a4d151b0d|0|1786322780.971|100.284|6.268|2270023680|2273501184|sim_data_345e031ce91f1b82|__AUTOMETRIC__
__AUTOMETRIC__|0.1.2|11248|crew_log_881ae90a4d151b0d|0|1786322781.980|102.136|6.384|2270023680|2273501184|sim_data_345e031ce91f1b82|__AUTOMETRIC__
__AUTOMETRIC__|0.1.2|11248|crew_log_881ae90a4d151b0d|0|1786322782.992|100.433|6.277|2270044160|2273505280|sim_data_345e031ce91f1b82|__AUTOMETRIC__
__AUTOMETRIC__|0.1.2|11248|crew_log_881ae90a4d151b0d|0|1786322784.003|97.349|6.084|2270040064|2273501184|sim_data_345e031ce91f1b82|__AUTOMETRIC__
__AUTOMETRIC__|0.1.2|11248|crew_log_881ae90a4d151b0d|0|1786322785.016|98.659|6.166|2270937088|2274398208|sim_data_345e031ce91f1b82|__AUTOMETRIC__
__AUTOMETRIC__|0.1.2|11248|crew_log_881ae90a4d151b0d|0|1786322786.028|98.826|6.177|2270892032|2274353152|sim_data_345e031ce91f1b82|__AUTOMETRIC__
__AUTOMETRIC__|0.1.2|11248|crew_log_881ae90a4d151b0d|0|1786322787.041|100.300|6.269|2270896128|2274357248|sim_data_345e031ce91f1b82|__AUTOMETRIC__
__AUTOMETRIC__|0.1.2|11248|crew_log_881ae90a4d151b0d|0|1786322788.054|98.711|6.169|2270896128|2274357248|sim_data_345e031ce91f1b82|__AUTOMETRIC__
__AUTOMETRIC__|0.1.2|11248|crew_log_881ae90a4d151b0d|0|1786322789.057|101.264|6.329|2270892032|2274353152|sim_data_345e031ce91f1b82|__AUTOMETRIC__
__AUTOMETRIC__|0.1.2|11248|crew_log_881ae90a4d151b0d|0|1786322790.066|99.118|6.195|2270896128|2274357248|sim_data_345e031ce91f1b82|__AUTOMETRIC__
__AUTOMETRIC__|0.1.2|11248|crew_log_881ae90a4d151b0d|0|1786322791.078|100.310|6.269|2270896128|2274357248|sim_data_345e031ce91f1b82|__AUTOMETRIC__
__AUTOMETRIC__|0.1.2|11248|crew_log_881ae90a4d151b0d|0|1786322792.089|98.942|6.184|2380386304|2383847424|sim_data_345e031ce91f1b82|__AUTOMETRIC__
__AUTOMETRIC__|0.1.2|11248|crew_log_881ae90a4d151b0d|0|1786322793.098|100.610|6.288|2343870464|2347634688|sim_data_345e031ce91f1b82|__AUTOMETRIC__
__AUTOMETRIC__|0.1.2|11248|crew_log_881ae90a4d151b0d|0|1786322794.112|100.235|6.265|2412314624|2415874048|sim_data_345e031ce91f1b82|__AUTOMETRIC__
__AUTOMETRIC__|0.1.2|11248|crew_log_881ae90a4d151b0d|0|1786322795.124|103.395|6.462|2263556096|2267033600|sim_data_345e031ce91f1b82|__AUTOMETRIC__
__AUTOMETRIC__|0.1.2|11248|crew_log_881ae90a4d151b0d|0|1786322796.135|98.914|6.182|2267697152|2271440896|sim_data_345e031ce91f1b82|__AUTOMETRIC__
__AUTOMETRIC__|0.1.2|11248|crew_log_881ae90a4d151b0d|0|1786322797.149|100.189|6.262|2273374208|2277310464|sim_data_345e031ce91f1b82|__AUTOMETRIC__
__AUTOMETRIC__|0.1.2|11248|crew_log_881ae90a4d151b0d|0|1786322798.161|100.364|6.273|2268409856|2272321536|sim_data_345e031ce91f1b82|__AUTOMETRIC__
__AUTOMETRIC__|0.1.2|11248|crew_log_881ae90a4d151b0d|0|1786322799.169|99.144|6.197|2272751616|2276765696|sim_data_345e031ce91f1b82|__AUTOMETRIC__
__AUTOMETRIC__|0.1.2|11248|crew_log_881ae90a4d151b0d|0|1786322800.182|100.343|6.271|2272264192|2275909632|sim_data_345e031ce91f1b82|__AUTOMETRIC__
__AUTOMETRIC__|0.1.2|11248|crew_log_881ae90a4d151b0d|0|1786322801.196|98.598|6.162|2272268288|2275909632|sim_data_345e031ce91f1b82|__AUTOMETRIC__
__AUTOMETRIC__|0.1.2|11248|crew_log_881ae90a4d151b0d|0|1786322802.210|100.139|6.259|2272276480|2275659776|sim_data_345e031ce91f1b82|__AUTOMETRIC__
__AUTOMETRIC__|0.1.2|11248|crew_log_881ae90a4d151b0d|0|1786322803.225|98.513|6.157|2272276480|2275659776|sim_data_345e031ce91f1b82|__AUTOMETRIC__
__AUTOMETRIC__|0.1.2|11248|crew_log_881ae90a4d151b0d|0|1786322804.239|100.198|6.262|2273189888|2276560896|sim_data_345e031ce91f1b82|__AUTOMETRIC__
__AUTOMETRIC__|0.1.2|11248|crew_log_881ae90a4d151b0d|0|1786322805.249|100.499|6.281|2273193984|2276564992|sim_data_345e031ce91f1b82|__AUTOMETRIC__
__AUTOMETRIC__|0.1.2|11248|crew_log_881ae90a4d151b0d|0|1786322806.260|100.537|6.284|2273189888|2276560896|sim_data_345e031ce91f1b82|__AUTOMETRIC__
__AUTOMETRIC__|0.1.2|11248|crew_log_881ae90a4d151b0d|0|1786322807.272|98.791|6.174|2273185792|2276556800|sim_data_345e031ce91f1b82|__AUTOMETRIC__
__AUTOMETRIC__|0.1.2|11248|crew_log_881ae90a4d151b0d|0|1786322808.284|100.300|6.269|2274103296|2277474304|sim_data_345e031ce91f1b82|__AUTOMETRIC__
__AUTOMETRIC__|0.1.2|11248|crew_log_881ae90a4d151b0d|0|1786322809.293|63.510|3.969|2274091008|2277433344|sim_data_345e031ce91f1b82|__AUTOMETRIC__
__AUTOMETRIC__|0.1.2|11248|crew_log_881ae90a4d151b0d|0|1786322810.305|83.389|5.212|2274107392|2277478400|sim_data_345e031ce91f1b82|__AUTOMETRIC__
__AUTOMETRIC__|0.1.2|11248|crew_log_881ae90a4d151b0d|0|1786322811.321|99.987|6.249|2274099200|2277470208|sim_data_345e031ce91f1b82|__AUTOMETRIC__
__AUTOMETRIC__|0.1.2|11248|crew_log_881ae90a4d151b0d|0|1786322812.324|98.063|6.129|2274103296|2277474304|sim_data_345e031ce91f1b82|__AUTOMETRIC__
__AUTOMETRIC__|0.1.2|11248|crew_log_881ae90a4d151b0d|0|1786322813.336|46.347|2.897|2275049472|2278420480|sim_data_345e031ce91f1b82|__AUTOMETRIC__
__AUTOMETRIC__|0.1.2|11248|crew_log_881ae90a4d151b0d|0|1786322814.345|95.995|6.000|2275033088|2278404096|sim_data_345e031ce91f1b82|__AUTOMETRIC__
__AUTOMETRIC__|0.1.2|11248|crew_log_881ae90a4d151b0d|0|1786322815.358|98.675|6.167|2275028992|2278400000|sim_data_345e031ce91f1b82|__AUTOMETRIC__
__AUTOMETRIC__|0.1.2|11248|crew_log_881ae90a4d151b0d|0|1786322816.363|97.985|6.124|2275041280|2278412288|sim_data_345e031ce91f1b82|__AUTOMETRIC__
__AUTOMETRIC__|0.1.2|11248|crew_log_881ae90a4d151b0d|0|1786322817.368|101.073|6.317|2275028992|2278400000|sim_data_345e031ce91f1b82|__AUTOMETRIC__
__AUTOMETRIC__|0.1.2|11248|crew_log_881ae90a4d151b0d|0|1786322818.375|97.710|6.107|2426793984|2430558208|sim_data_345e031ce91f1b82|__AUTOMETRIC__
__AUTOMETRIC__|0.1.2|11248|crew_log_881ae90a4d151b0d|0|1786322819.379|101.172|6.323|2424381440|2427863040|sim_data_345e031ce91f1b82|__AUTOMETRIC__
__AUTOMETRIC__|0.1.2|11248|crew_log_881ae90a4d151b0d|0|1786322820.383|101.226|6.327|2342776832|2346201088|sim_data_345e031ce91f1b82|__AUTOMETRIC__
__AUTOMETRIC__|0.1.2|11248|crew_log_881ae90a4d151b0d|0|1786322821.387|101.076|6.317|2345381888|2348851200|sim_data_345e031ce91f1b82|__AUTOMETRIC__
__AUTOMETRIC__|0.1.2|11248|crew_log_881ae90a4d151b0d|0|1786322822.395|100.779|6.299|2287009792|2290774016|sim_data_345e031ce91f1b82|__AUTOMETRIC__
__AUTOMETRIC__|0.1.2|11248|crew_log_881ae90a4d151b0d|0|1786322823.400|101.073|6.317|2294849536|2298593280|sim_data_345e031ce91f1b82|__AUTOMETRIC__
__AUTOMETRIC__|0.1.2|11248|crew_log_881ae90a4d151b0d|0|1786322824.408|99.193|6.200|2286395392|2289905664|sim_data_345e031ce91f1b82|__AUTOMETRIC__
__AUTOMETRIC__|0.1.2|11248|crew_log_881ae90a4d151b0d|0|1786322825.418|97.483|6.093|2286395392|2289905664|sim_data_345e031ce91f1b82|__AUTOMETRIC__
__AUTOMETRIC__|0.1.2|11248|crew_log_881ae90a4d151b0d|0|1786322826.426|99.185|6.199|2286149632|2289569792|sim_data_345e031ce91f1b82|__AUTOMETRIC__
__AUTOMETRIC__|0.1.2|11248|crew_log_881ae90a4d151b0d|0|1786322827.433|99.328|6.208|2286149632|2289569792|sim_data_345e031ce91f1b82|__AUTOMETRIC__
__AUTOMETRIC__|0.1.2|11248|crew_log_881ae90a4d151b0d|0|1786322828.440|99.300|6.206|2286145536|2289565696|sim_data_345e031ce91f1b82|__AUTOMETRIC__
__AUTOMETRIC__|0.1.2|11248|crew_log_881ae90a4d151b0d|0|1786322829.449|100.638|6.290|2287099904|2290520064|sim_data_345e031ce91f1b82|__AUTOMETRIC__
__AUTOMETRIC__|0.1.2|11248|crew_log_881ae90a4d151b0d|0|1786322830.454|94.881|5.930|2287038464|2290458624|sim_data_345e031ce91f1b82|__AUTOMETRIC__
__AUTOMETRIC__|0.1.2|11248|crew_log_881ae90a4d151b0d|0|1786322831.459|97.885|6.118|2287038464|2290458624|sim_data_345e031ce91f1b82|__AUTOMETRIC__
__AUTOMETRIC__|0.1.2|11248|crew_log_881ae90a4d151b0d|0|1786322832.461|102.908|6.432|2287046656|2290466816|sim_data_345e031ce91f1b82|__AUTOMETRIC__
__AUTOMETRIC__|0.1.2|11248|crew_log_881ae90a4d151b0d|0|1786322833.470|97.621|6.101|2287972352|2291392512|sim_data_345e031ce91f1b82|__AUTOMETRIC__
__AUTOMETRIC__|0.1.2|11248|crew_log_881ae90a4d151b0d|0|1786322834.473|99.660|6.229|2287923200|2291343360|sim_data_345e031ce91f1b82|__AUTOMETRIC__
__AUTOMETRIC__|0.1.2|11248|crew_log_881ae90a4d151b0d|0|1786322835.486|100.268|6.267|2287935488|2291355648|sim_data_345e031ce91f1b82|__AUTOMETRIC__
__AUTOMETRIC__|0.1.2|11248|crew_log_881ae90a4d151b0d|0|1786322836.490|99.609|6.226|2287935488|2291355648|sim_data_345e031ce91f1b82|__AUTOMETRIC__
__AUTOMETRIC__|0.1.2|11248|crew_log_881ae90a4d151b0d|0|1786322837.492|102.923|6.433|2287927296|2291347456|sim_data_345e031ce91f1b82|__AUTOMETRIC__
__AUTOMETRIC__|0.1.2|11248|crew_log_881ae90a4d151b0d|0|1786322838.501|99.083|6.193|2288881664|2292301824|sim_data_345e031ce91f1b82|__AUTOMETRIC__
__AUTOMETRIC__|0.1.2|11248|crew_log_881ae90a4d151b0d|0|1786322839.505|99.665|6.229|2288844800|2292264960|sim_data_345e031ce91f1b82|__AUTOMETRIC__
__AUTOMETRIC__|0.1.2|11248|crew_log_881ae90a4d151b0d|0|1786322840.511|100.939|6.309|2288840704|2292260864|sim_data_345e031ce91f1b82|__AUTOMETRIC__
__AUTOMETRIC__|0.1.2|11248|crew_log_881ae90a4d151b0d|0|1786322841.515|99.574|6.223|2288848896|2292269056|sim_data_345e031ce91f1b82|__AUTOMETRIC__
__AUTOMETRIC__|0.1.2|11248|crew_log_881ae90a4d151b0d|0|1786322842.521|99.441|6.215|2288840704|2292260864|sim_data_345e031ce91f1b82|__AUTOMETRIC__
__AUTOMETRIC__|0.1.2|11248|crew_log_881ae90a4d151b0d|0|1786322843.522|102.947|6.434|2426007552|2429865984|sim_data_345e031ce91f1b82|__AUTOMETRIC__
__AUTOMETRIC__|0.1.2|11248|crew_log_881ae90a4d151b0d|0|1786322844.529|99.317|6.207|2426036224|2429509632|sim_data_345e031ce91f1b82|__AUTOMETRIC__
__AUTOMETRIC__|0.1.2|11248|crew_log_881ae90a4d151b0d|0|1786322845.535|101.031|6.314|2319736832|2323161088|sim_data_345e031ce91f1b82|__AUTOMETRIC__
__AUTOMETRIC__|0.1.2|11248|crew_log_881ae90a4d151b0d|0|1786322846.545|102.011|6.376|2325733376|2329350144|sim_data_345e031ce91f1b82|__AUTOMETRIC__
__AUTOMETRIC__|0.1.2|11248|crew_log_881ae90a4d151b0d|0|1786322847.549|99.607|6.225|2328211456|2331877376|sim_data_345e031ce91f1b82|__AUTOMETRIC__
__AUTOMETRIC__|0.1.2|11248|crew_log_881ae90a4d151b0d|0|1786322848.561|100.406|6.275|2308104192|2311925760|sim_data_345e031ce91f1b82|__AUTOMETRIC__
__AUTOMETRIC__|0.1.2|11248|crew_log_881ae90a4d151b0d|0|1786322849.569|97.608|6.101|2292809728|2296393728|sim_data_345e031ce91f1b82|__AUTOMETRIC__
__AUTOMETRIC__|0.1.2|11248|crew_log_881ae90a4d151b0d|0|1786322850.575|99.472|6.217|2292146176|2295488512|sim_data_345e031ce91f1b82|__AUTOMETRIC__
__AUTOMETRIC__|0.1.2|11248|crew_log_881ae90a4d151b0d|0|1786322851.580|100.981|6.311|2292146176|2295488512|sim_data_345e031ce91f1b82|__AUTOMETRIC__
__AUTOMETRIC__|0.1.2|11248|crew_log_881ae90a4d151b0d|0|1786322852.594|98.712|6.170|2293174272|2296516608|sim_data_345e031ce91f1b82|__AUTOMETRIC__
__AUTOMETRIC__|0.1.2|11248|crew_log_881ae90a4d151b0d|0|1786322853.601|100.773|6.298|2293125120|2296463360|sim_data_345e031ce91f1b82|__AUTOMETRIC__
__AUTOMETRIC__|0.1.2|11248|crew_log_881ae90a4d151b0d|0|1786322854.601|99.993|6.250|2293125120|2296463360|sim_data_345e031ce91f1b82|__AUTOMETRIC__
__AUTOMETRIC__|0.1.2|11248|crew_log_881ae90a4d151b0d|0|1786322855.602|99.971|6.248|2293125120|2296463360|sim_data_345e031ce91f1b82|__AUTOMETRIC__
__AUTOMETRIC__|0.1.2|11248|crew_log_881ae90a4d151b0d|0|1786322856.607|99.501|6.219|2293121024|2296459264|sim_data_345e031ce91f1b82|__AUTOMETRIC__
__AUTOMETRIC__|0.1.2|11248|crew_log_881ae90a4d151b0d|0|1786322857.620|100.198|6.262|2294001664|2297339904|sim_data_345e031ce91f1b82|__AUTOMETRIC__
__AUTOMETRIC__|0.1.2|11248|crew_log_881ae90a4d151b0d|0|1786322858.627|99.305|6.207|2294013952|2297352192|sim_data_345e031ce91f1b82|__AUTOMETRIC__
__AUTOMETRIC__|0.1.2|11248|crew_log_881ae90a4d151b0d|0|1786322859.638|100.533|6.283|2294005760|2297344000|sim_data_345e031ce91f1b82|__AUTOMETRIC__
__AUTOMETRIC__|0.1.2|11248|crew_log_881ae90a4d151b0d|0|1786322860.648|100.547|6.284|2295005184|2298343424|sim_data_345e031ce91f1b82|__AUTOMETRIC__
__AUTOMETRIC__|0.1.2|11248|crew_log_881ae90a4d151b0d|0|1786322861.656|99.172|6.198|2294972416|2298310656|sim_data_345e031ce91f1b82|__AUTOMETRIC__
__AUTOMETRIC__|0.1.2|11248|crew_log_881ae90a4d151b0d|0|1786322862.657|101.502|6.344|2294972416|2298310656|sim_data_345e031ce91f1b82|__AUTOMETRIC__
__AUTOMETRIC__|0.1.2|11248|crew_log_881ae90a4d151b0d|0|1786322863.674|99.878|6.242|2350014464|2353377280|sim_data_345e031ce91f1b82|__AUTOMETRIC__
__AUTOMETRIC__|0.1.2|11248|crew_log_881ae90a4d151b0d|0|1786322864.687|100.174|6.261|2432385024|2436132864|sim_data_345e031ce91f1b82|__AUTOMETRIC__
__AUTOMETRIC__|0.1.2|11248|crew_log_881ae90a4d151b0d|0|1786322865.702|100.086|6.255|2430103552|2433601536|sim_data_345e031ce91f1b82|__AUTOMETRIC__
__AUTOMETRIC__|0.1.2|11248|crew_log_881ae90a4d151b0d|0|1786322866.716|103.213|6.451|2315268096|2318716928|sim_data_345e031ce91f1b82|__AUTOMETRIC__
__AUTOMETRIC__|0.1.2|11248|crew_log_881ae90a4d151b0d|0|1786322867.717|99.986|6.249|2322436096|2326020096|sim_data_345e031ce91f1b82|__AUTOMETRIC__
__AUTOMETRIC__|0.1.2|11248|crew_log_881ae90a4d151b0d|0|1786322868.726|99.021|6.189|2322505728|2326081536|sim_data_345e031ce91f1b82|__AUTOMETRIC__
__AUTOMETRIC__|0.1.2|11248|crew_log_881ae90a4d151b0d|0|1786322869.741|97.019|6.064|2315165696|2318966784|sim_data_345e031ce91f1b82|__AUTOMETRIC__
__AUTOMETRIC__|0.1.2|11248|crew_log_881ae90a4d151b0d|0|1786322870.754|98.691|6.168|2300334080|2303979520|sim_data_345e031ce91f1b82|__AUTOMETRIC__
__AUTOMETRIC__|0.1.2|11248|crew_log_881ae90a4d151b0d|0|1786322871.769|100.122|6.258|2299539456|2302873600|sim_data_345e031ce91f1b82|__AUTOMETRIC__
__AUTOMETRIC__|0.1.2|11248|crew_log_881ae90a4d151b0d|0|1786322872.777|100.725|6.295|2299539456|2302873600|sim_data_345e031ce91f1b82|__AUTOMETRIC__
__AUTOMETRIC__|0.1.2|11248|crew_log_881ae90a4d151b0d|0|1786322873.787|97.450|6.091|2300502016|2303836160|sim_data_345e031ce91f1b82|__AUTOMETRIC__
__AUTOMETRIC__|0.1.2|11248|crew_log_881ae90a4d151b0d|0|1786322874.800|101.863|6.366|2300477440|2303811584|sim_data_345e031ce91f1b82|__AUTOMETRIC__
__AUTOMETRIC__|0.1.2|11248|crew_log_881ae90a4d151b0d|0|1786322875.810|98.969|6.186|2300477440|2303811584|sim_data_345e031ce91f1b82|__AUTOMETRIC__
__AUTOMETRIC__|0.1.2|11248|crew_log_881ae90a4d151b0d|0|1786322876.824|98.615|6.163|2300477440|2303811584|sim_data_345e031ce91f1b82|__AUTOMETRIC__
__AUTOMETRIC__|0.1.2|11248|crew_log_881ae90a4d151b0d|0|1786322877.839|100.088|6.256|2300477440|2303811584|sim_data_345e031ce91f1b82|__AUTOMETRIC__
__AUTOMETRIC__|0.1.2|11248|crew_log_881ae90a4d151b0d|0|1786322878.852|97.143|6.071|2301423616|2304757760|sim_data_345e031ce91f1b82|__AUTOMETRIC__
__AUTOMETRIC__|0.1.2|11248|crew_log_881ae90a4d151b0d|0|1786322879.865|95.607|5.975|2301386752|2304720896|sim_data_345e031ce91f1b82|__AUTOMETRIC__
__AUTOMETRIC__|0.1.2|11248|crew_log_881ae90a4d151b0d|0|1786322880.876|100.490|6.281|2301386752|2304720896|sim_data_345e031ce91f1b82|__AUTOMETRIC__
__AUTOMETRIC__|0.1.2|11248|crew_log_881ae90a4d151b0d|0|1786322881.878|96.682|6.043|2302316544|2305650688|sim_data_345e031ce91f1b82|__AUTOMETRIC__
__AUTOMETRIC__|0.1.2|11248|crew_log_881ae90a4d151b0d|0|1786322882.888|100.568|6.286|2302283776|2305617920|sim_data_345e031ce91f1b82|__AUTOMETRIC__
__AUTOMETRIC__|0.1.2|11248|crew_log_881ae90a4d151b0d|0|1786322883.901|100.266|6.267|2302279680|2305613824|sim_data_345e031ce91f1b82|__AUTOMETRIC__
__AUTOMETRIC__|0.1.2|11248|crew_log_881ae90a4d151b0d|0|1786322884.903|99.742|6.234|2302291968|2305626112|sim_data_345e031ce91f1b82|__AUTOMETRIC__
__AUTOMETRIC__|0.1.2|11248|crew_log_881ae90a4d151b0d|0|1786322885.904|99.975|6.248|2404855808|2408247296|sim_data_345e031ce91f1b82|__AUTOMETRIC__
__AUTOMETRIC__|0.1.2|11248|crew_log_881ae90a4d151b0d|0|1786322886.917|98.696|6.168|2420838400|2424143872|sim_data_345e031ce91f1b82|__AUTOMETRIC__
__AUTOMETRIC__|0.1.2|11248|crew_log_881ae90a4d151b0d|0|1786322887.930|100.295|6.268|2439643136|2443132928|sim_data_345e031ce91f1b82|__AUTOMETRIC__
__AUTOMETRIC__|0.1.2|11248|crew_log_881ae90a4d151b0d|0|1786322888.944|98.532|6.158|2448896000|2452385792|sim_data_345e031ce91f1b82|__AUTOMETRIC__
__AUTOMETRIC__|0.1.2|11248|crew_log_881ae90a4d151b0d|0|1786322889.954|99.011|6.188|2450608128|2454073344|sim_data_345e031ce91f1b82|__AUTOMETRIC__
__AUTOMETRIC__|0.1.2|11248|crew_log_881ae90a4d151b0d|0|1786322890.969|100.107|6.257|2452754432|2456698880|sim_data_345e031ce91f1b82|__AUTOMETRIC__
__AUTOMETRIC__|0.1.2|11248|crew_log_881ae90a4d151b0d|0|1786322891.979|103.689|6.481|2301136896|2304724992|sim_data_345e031ce91f1b82|__AUTOMETRIC__
__AUTOMETRIC__|0.1.2|11248|crew_log_881ae90a4d151b0d|0|1786322892.991|98.755|6.172|2299187200|2303209472|sim_data_345e031ce91f1b82|__AUTOMETRIC__
__AUTOMETRIC__|0.1.2|11248|crew_log_881ae90a4d151b0d|0|1786322894.002|100.458|6.279|2285928448|2289381376|sim_data_345e031ce91f1b82|__AUTOMETRIC__
__AUTOMETRIC__|0.1.2|11248|crew_log_881ae90a4d151b0d|0|1786322895.017|100.121|6.258|2285789184|2289119232|sim_data_345e031ce91f1b82|__AUTOMETRIC__
__AUTOMETRIC__|0.1.2|11248|crew_log_881ae90a4d151b0d|0|1786322896.018|99.860|6.241|2286567424|2289897472|sim_data_345e031ce91f1b82|__AUTOMETRIC__
__AUTOMETRIC__|0.1.2|11248|crew_log_881ae90a4d151b0d|0|1786322897.027|100.650|6.291|2286518272|2289848320|sim_data_345e031ce91f1b82|__AUTOMETRIC__
__AUTOMETRIC__|0.1.2|11248|crew_log_881ae90a4d151b0d|0|1786322898.041|100.119|6.257|2286518272|2289848320|sim_data_345e031ce91f1b82|__AUTOMETRIC__
__AUTOMETRIC__|0.1.2|11248|crew_log_881ae90a4d151b0d|0|1786322899.052|97.366|6.085|2287411200|2290741248|sim_data_345e031ce91f1b82|__AUTOMETRIC__
__AUTOMETRIC__|0.1.2|11248|crew_log_881ae90a4d151b0d|0|1786322900.065|103.377|6.461|2287394816|2290724864|sim_data_345e031ce91f1b82|__AUTOMETRIC__
__AUTOMETRIC__|0.1.2|11248|crew_log_881ae90a4d151b0d|0|1786322901.080|100.048|6.253|2287394816|2290724864|sim_data_345e031ce91f1b82|__AUTOMETRIC__
__AUTOMETRIC__|0.1.2|11248|crew_log_881ae90a4d151b0d|0|1786322902.081|99.954|6.247|2288369664|2291699712|sim_data_345e031ce91f1b82|__AUTOMETRIC__
__AUTOMETRIC__|0.1.2|11248|crew_log_881ae90a4d151b0d|0|1786322903.083|99.776|6.236|2288369664|2291699712|sim_data_345e031ce91f1b82|__AUTOMETRIC__
__AUTOMETRIC__|0.1.2|11248|crew_log_881ae90a4d151b0d|0|1786322904.093|98.976|6.186|2509324288|2512818176|sim_data_345e031ce91f1b82|__AUTOMETRIC__
__AUTOMETRIC__|0.1.2|11248|crew_log_881ae90a4d151b0d|0|1786322905.103|100.584|6.286|2597564416|2601308160|sim_data_345e031ce91f1b82|__AUTOMETRIC__
__AUTOMETRIC__|0.1.2|11248|crew_log_881ae90a4d151b0d|0|1786322906.110|102.402|6.400|2354102272|2357764096|sim_data_345e031ce91f1b82|__AUTOMETRIC__
__AUTOMETRIC__|0.1.2|11248|crew_log_881ae90a4d151b0d|0|1786322907.112|99.839|6.240|2356621312|2360475648|sim_data_345e031ce91f1b82|__AUTOMETRIC__
__AUTOMETRIC__|0.1.2|11248|crew_log_881ae90a4d151b0d|0|1786322908.119|102.360|6.397|2299400192|2303299584|sim_data_345e031ce91f1b82|__AUTOMETRIC__
__AUTOMETRIC__|0.1.2|11248|crew_log_881ae90a4d151b0d|0|1786322909.123|99.613|6.226|2303537152|2307289088|sim_data_345e031ce91f1b82|__AUTOMETRIC__
__AUTOMETRIC__|0.1.2|11248|crew_log_881ae90a4d151b0d|0|1786322910.129|99.423|6.214|2295484416|2299543552|sim_data_345e031ce91f1b82|__AUTOMETRIC__
__AUTOMETRIC__|0.1.2|11248|crew_log_881ae90a4d151b0d|0|1786322911.131|99.782|6.236|2295488512|2299547648|sim_data_345e031ce91f1b82|__AUTOMETRIC__
__AUTOMETRIC__|0.1.2|11248|crew_log_881ae90a4d151b0d|0|1786322912.146|100.053|6.253|2294984704|2298564608|sim_data_345e031ce91f1b82|__AUTOMETRIC__
__AUTOMETRIC__|0.1.2|11248|crew_log_881ae90a4d151b0d|0|1786322913.153|103.987|6.499|2296016896|2299596800|sim_data_345e031ce91f1b82|__AUTOMETRIC__
__AUTOMETRIC__|0.1.2|11248|crew_log_881ae90a4d151b0d|0|1786322914.159|97.827|6.114|2295894016|2299473920|sim_data_345e031ce91f1b82|__AUTOMETRIC__
__AUTOMETRIC__|0.1.2|11248|crew_log_881ae90a4d151b0d|0|1786322915.169|100.574|6.286|2295898112|2299478016|sim_data_345e031ce91f1b82|__AUTOMETRIC__
__AUTOMETRIC__|0.1.2|11248|crew_log_881ae90a4d151b0d|0|1786322916.183|100.124|6.258|2296889344|2300469248|sim_data_345e031ce91f1b82|__AUTOMETRIC__
__AUTOMETRIC__|0.1.2|11248|crew_log_881ae90a4d151b0d|0|1786322917.195|95.801|5.988|2296877056|2300456960|sim_data_345e031ce91f1b82|__AUTOMETRIC__
__AUTOMETRIC__|0.1.2|11248|crew_log_881ae90a4d151b0d|0|1786322918.208|100.230|6.264|2296877056|2300456960|sim_data_345e031ce91f1b82|__AUTOMETRIC__
__AUTOMETRIC__|0.1.2|11248|crew_log_881ae90a4d151b0d|0|1786322919.223|98.522|6.158|2296877056|2300456960|sim_data_345e031ce91f1b82|__AUTOMETRIC__
__AUTOMETRIC__|0.1.2|11248|crew_log_881ae90a4d151b0d|0|1786322920.237|101.709|6.357|2297827328|2301407232|sim_data_345e031ce91f1b82|__AUTOMETRIC__
__AUTOMETRIC__|0.1.2|11248|crew_log_881ae90a4d151b0d|0|1786322921.251|98.553|6.160|2297769984|2301349888|sim_data_345e031ce91f1b82|__AUTOMETRIC__
__AUTOMETRIC__|0.1.2|11248|crew_log_881ae90a4d151b0d|0|1786322922.265|100.171|6.261|2297774080|2301353984|sim_data_345e031ce91f1b82|__AUTOMETRIC__
__AUTOMETRIC__|0.1.2|11248|crew_log_881ae90a4d151b0d|0|1786322923.278|100.323|6.270|2297733120|2301313024|sim_data_345e031ce91f1b82|__AUTOMETRIC__
__AUTOMETRIC__|0.1.2|11248|crew_log_881ae90a4d151b0d|0|1786322924.291|98.713|6.170|2297733120|2301313024|sim_data_345e031ce91f1b82|__AUTOMETRIC__
__AUTOMETRIC__|0.1.2|11248|crew_log_881ae90a4d151b0d|0|1786322925.304|100.189|6.262|2521759744|2525630464|sim_data_345e031ce91f1b82|__AUTOMETRIC__
__AUTOMETRIC__|0.1.2|11248|crew_log_881ae90a4d151b0d|0|1786322926.317|104.914|6.557|2354171904|2357972992|sim_data_345e031ce91f1b82|__AUTOMETRIC__
__AUTOMETRIC__|0.1.2|11248|crew_log_881ae90a4d151b0d|0|1786322927.332|101.626|6.352|2331504640|2335166464|sim_data_345e031ce91f1b82|__AUTOMETRIC__
__AUTOMETRIC__|0.1.2|11248|crew_log_881ae90a4d151b0d|0|1786322928.332|99.955|6.247|2334236672|2338447360|sim_data_345e031ce91f1b82|__AUTOMETRIC__
__AUTOMETRIC__|0.1.2|11248|crew_log_881ae90a4d151b0d|0|1786322929.346|101.731|6.358|2299944960|2303733760|sim_data_345e031ce91f1b82|__AUTOMETRIC__
__AUTOMETRIC__|0.1.2|11248|crew_log_881ae90a4d151b0d|0|1786322930.361|100.101|6.256|2294956032|2298748928|sim_data_345e031ce91f1b82|__AUTOMETRIC__
__AUTOMETRIC__|0.1.2|11248|crew_log_881ae90a4d151b0d|0|1786322931.372|98.873|6.180|2301845504|2305675264|sim_data_345e031ce91f1b82|__AUTOMETRIC__
__AUTOMETRIC__|0.1.2|11248|crew_log_881ae90a4d151b0d|0|1786322932.381|97.548|6.097|2301853696|2305683456|sim_data_345e031ce91f1b82|__AUTOMETRIC__
__AUTOMETRIC__|0.1.2|11248|crew_log_881ae90a4d151b0d|0|1786322933.394|101.868|6.367|2301132800|2304790528|sim_data_345e031ce91f1b82|__AUTOMETRIC__
__AUTOMETRIC__|0.1.2|11248|crew_log_881ae90a4d151b0d|0|1786322934.408|96.999|6.062|2302128128|2305785856|sim_data_345e031ce91f1b82|__AUTOMETRIC__
__AUTOMETRIC__|0.1.2|11248|crew_log_881ae90a4d151b0d|0|1786322935.419|98.950|6.184|2302074880|2305732608|sim_data_345e031ce91f1b82|__AUTOMETRIC__
__AUTOMETRIC__|0.1.2|11248|crew_log_881ae90a4d151b0d|0|1786322936.432|100.249|6.266|2302083072|2305740800|sim_data_345e031ce91f1b82|__AUTOMETRIC__
__AUTOMETRIC__|0.1.2|11248|crew_log_881ae90a4d151b0d|0|1786322937.448|99.974|6.248|2302935040|2306592768|sim_data_345e031ce91f1b82|__AUTOMETRIC__
__AUTOMETRIC__|0.1.2|11248|crew_log_881ae90a4d151b0d|0|1786322938.463|100.011|6.251|2302898176|2306555904|sim_data_345e031ce91f1b82|__AUTOMETRIC__
__AUTOMETRIC__|0.1.2|11248|crew_log_881ae90a4d151b0d|0|1786322939.476|100.306|6.269|2302889984|2306547712|sim_data_345e031ce91f1b82|__AUTOMETRIC__
__AUTOMETRIC__|0.1.2|11248|crew_log_881ae90a4d151b0d|0|1786322940.490|98.584|6.161|2302840832|2306482176|sim_data_345e031ce91f1b82|__AUTOMETRIC__
__AUTOMETRIC__|0.1.2|11248|crew_log_881ae90a4d151b0d|0|1786322941.503|100.335|6.271|2303868928|2307510272|sim_data_345e031ce91f1b82|__AUTOMETRIC__
__AUTOMETRIC__|0.1.2|11248|crew_log_881ae90a4d151b0d|0|1786322942.516|98.646|6.165|2303868928|2307510272|sim_data_345e031ce91f1b82|__AUTOMETRIC__
__AUTOMETRIC__|0.1.2|11248|crew_log_881ae90a4d151b0d|0|1786322943.527|102.071|6.379|2308608000|2312298496|sim_data_345e031ce91f1b82|__AUTOMETRIC__
__AUTOMETRIC__|0.1.2|11248|crew_log_881ae90a4d151b0d|0|1786322944.541|100.158|6.260|2530639872|2534686720|sim_data_345e031ce91f1b82|__AUTOMETRIC__
__AUTOMETRIC__|0.1.2|11248|crew_log_881ae90a4d151b0d|0|1786322945.552|103.556|6.472|2341478400|2345127936|sim_data_345e031ce91f1b82|__AUTOMETRIC__
__AUTOMETRIC__|0.1.2|11248|crew_log_881ae90a4d151b0d|0|1786322946.561|99.095|6.193|2341507072|2345156608|sim_data_345e031ce91f1b82|__AUTOMETRIC__
__AUTOMETRIC__|0.1.2|11248|crew_log_881ae90a4d151b0d|0|1786322947.576|100.062|6.254|2348384256|2352238592|sim_data_345e031ce91f1b82|__AUTOMETRIC__
__AUTOMETRIC__|0.1.2|11248|crew_log_881ae90a4d151b0d|0|1786322948.576|101.534|6.346|2309693440|2313428992|sim_data_345e031ce91f1b82|__AUTOMETRIC__
__AUTOMETRIC__|0.1.2|11248|crew_log_881ae90a4d151b0d|0|1786322949.589|100.301|6.269|2314285056|2318204928|sim_data_345e031ce91f1b82|__AUTOMETRIC__
__AUTOMETRIC__|0.1.2|11248|crew_log_881ae90a4d151b0d|0|1786322950.604|98.516|6.157|2304225280|2307862528|sim_data_345e031ce91f1b82|__AUTOMETRIC__
__AUTOMETRIC__|0.1.2|11248|crew_log_881ae90a4d151b0d|0|1786322951.617|100.193|6.262|2304225280|2307862528|sim_data_345e031ce91f1b82|__AUTOMETRIC__
__AUTOMETRIC__|0.1.2|11248|crew_log_881ae90a4d151b0d|0|1786322952.631|97.076|6.067|2303754240|2307346432|sim_data_345e031ce91f1b82|__AUTOMETRIC__
__AUTOMETRIC__|0.1.2|11248|crew_log_881ae90a4d151b0d|0|1786322953.644|101.845|6.365|2303754240|2307346432|sim_data_345e031ce91f1b82|__AUTOMETRIC__
__AUTOMETRIC__|0.1.2|11248|crew_log_881ae90a4d151b0d|0|1786322954.652|97.627|6.102|2304778240|2308370432|sim_data_345e031ce91f1b82|__AUTOMETRIC__
__AUTOMETRIC__|0.1.2|11248|crew_log_881ae90a4d151b0d|0|1786322955.662|99.017|6.189|2304696320|2308288512|sim_data_345e031ce91f1b82|__AUTOMETRIC__
__AUTOMETRIC__|0.1.2|11248|crew_log_881ae90a4d151b0d|0|1786322956.674|101.885|6.368|2304696320|2308288512|sim_data_345e031ce91f1b82|__AUTOMETRIC__
__AUTOMETRIC__|0.1.2|11248|crew_log_881ae90a4d151b0d|0|1786322957.685|100.496|6.281|2304696320|2308288512|sim_data_345e031ce91f1b82|__AUTOMETRIC__
__AUTOMETRIC__|0.1.2|11248|crew_log_881ae90a4d151b0d|0|1786322958.697|100.329|6.271|2304696320|2308288512|sim_data_345e031ce91f1b82|__AUTOMETRIC__
__AUTOMETRIC__|0.1.2|11248|crew_log_881ae90a4d151b0d|0|1786322959.708|97.415|6.088|2305654784|2309246976|sim_data_345e031ce91f1b82|__AUTOMETRIC__
__AUTOMETRIC__|0.1.2|11248|crew_log_881ae90a4d151b0d|0|1786322960.721|100.236|6.265|2305654784|2309246976|sim_data_345e031ce91f1b82|__AUTOMETRIC__
__AUTOMETRIC__|0.1.2|11248|crew_log_881ae90a4d151b0d|0|1786322961.736|100.046|6.253|2305654784|2309246976|sim_data_345e031ce91f1b82|__AUTOMETRIC__
__AUTOMETRIC__|0.1.2|11248|crew_log_881ae90a4d151b0d|0|1786322962.748|100.389|6.274|2305654784|2309246976|sim_data_345e031ce91f1b82|__AUTOMETRIC__
__AUTOMETRIC__|0.1.2|11248|crew_log_881ae90a4d151b0d|0|1786322963.760|97.297|6.081|2306506752|2310098944|sim_data_345e031ce91f1b82|__AUTOMETRIC__
__AUTOMETRIC__|0.1.2|11248|crew_log_881ae90a4d151b0d|0|1786322964.771|33.976|2.124|2306514944|2310107136|sim_data_345e031ce91f1b82|__AUTOMETRIC__
__AUTOMETRIC__|0.1.2|11248|crew_log_881ae90a4d151b0d|0|1786322965.787|36.932|2.308|2306506752|2310070272|sim_data_345e031ce91f1b82|__AUTOMETRIC__
__AUTOMETRIC__|0.1.2|11248|crew_log_881ae90a4d151b0d|0|1786322966.801|53.906|3.369|2306482176|2310070272|sim_data_345e031ce91f1b82|__AUTOMETRIC__
__AUTOMETRIC__|0.1.2|11248|crew_log_881ae90a4d151b0d|0|1786322967.811|71.156|4.447|2306486272|2310070272|sim_data_345e031ce91f1b82|__AUTOMETRIC__
__AUTOMETRIC__|0.1.2|11248|crew_log_881ae90a4d151b0d|0|1786322968.826|78.543|4.909|2304335872|2310070272|sim_data_345e031ce91f1b82|__AUTOMETRIC__
__AUTOMETRIC__|0.1.2|11248|crew_log_881ae90a4d151b0d|0|1786322969.828|74.845|4.678|2304311296|2310070272|sim_data_345e031ce91f1b82|__AUTOMETRIC__
__AUTOMETRIC__|0.1.2|11248|crew_log_881ae90a4d151b0d|0|1786322970.839|85.023|5.314|2304323584|2310078464|sim_data_345e031ce91f1b82|__AUTOMETRIC__
__AUTOMETRIC__|0.1.2|11248|crew_log_881ae90a4d151b0d|0|1786322971.849|92.827|5.802|2304315392|2310098944|sim_data_345e031ce91f1b82|__AUTOMETRIC__
__AUTOMETRIC__|0.1.2|11248|crew_log_881ae90a4d151b0d|0|1786322972.858|97.474|6.092|2304315392|2310098944|sim_data_345e031ce91f1b82|__AUTOMETRIC__
__AUTOMETRIC__|0.1.2|11248|crew_log_881ae90a4d151b0d|0|1786322973.866|97.722|6.108|2376400896|2382200832|sim_data_345e031ce91f1b82|__AUTOMETRIC__
__AUTOMETRIC__|0.1.2|11248|crew_log_881ae90a4d151b0d|0|1786322974.867|99.880|6.243|2528440320|2534682624|sim_data_345e031ce91f1b82|__AUTOMETRIC__
__AUTOMETRIC__|0.1.2|11248|crew_log_881ae90a4d151b0d|0|1786322975.868|99.864|6.242|2595921920|2601811968|sim_data_345e031ce91f1b82|__AUTOMETRIC__
__AUTOMETRIC__|0.1.2|11248|crew_log_881ae90a4d151b0d|0|1786322976.880|100.375|6.273|2352816128|2358681600|sim_data_345e031ce91f1b82|__AUTOMETRIC__
__AUTOMETRIC__|0.1.2|11248|crew_log_881ae90a4d151b0d|0|1786322977.890|100.569|6.286|2354208768|2360074240|sim_data_345e031ce91f1b82|__AUTOMETRIC__
__AUTOMETRIC__|0.1.2|11248|crew_log_881ae90a4d151b0d|0|1786322978.905|98.543|6.159|2361921536|2368053248|sim_data_345e031ce91f1b82|__AUTOMETRIC__
__AUTOMETRIC__|0.1.2|11248|crew_log_881ae90a4d151b0d|0|1786322979.913|102.287|6.393|2313543680|2319675392|sim_data_345e031ce91f1b82|__AUTOMETRIC__
__AUTOMETRIC__|0.1.2|11248|crew_log_881ae90a4d151b0d|0|1786322980.926|97.190|6.074|2306351104|2312810496|sim_data_345e031ce91f1b82|__AUTOMETRIC__
__AUTOMETRIC__|0.1.2|11248|crew_log_881ae90a4d151b0d|0|1786322981.940|100.181|6.261|2306531328|2312564736|sim_data_345e031ce91f1b82|__AUTOMETRIC__
__AUTOMETRIC__|0.1.2|11248|crew_log_881ae90a4d151b0d|0|1786322982.940|99.931|6.246|2306121728|2311880704|sim_data_345e031ce91f1b82|__AUTOMETRIC__
__AUTOMETRIC__|0.1.2|11248|crew_log_881ae90a4d151b0d|0|1786322983.949|100.650|6.291|2306121728|2311880704|sim_data_345e031ce91f1b82|__AUTOMETRIC__
__AUTOMETRIC__|0.1.2|11248|crew_log_881ae90a4d151b0d|0|1786322984.957|99.271|6.204|2306121728|2311880704|sim_data_345e031ce91f1b82|__AUTOMETRIC__
__AUTOMETRIC__|0.1.2|11248|crew_log_881ae90a4d151b0d|0|1786322985.963|99.398|6.212|2307072000|2312830976|sim_data_345e031ce91f1b82|__AUTOMETRIC__
__AUTOMETRIC__|0.1.2|11248|crew_log_881ae90a4d151b0d|0|1786322986.965|98.262|6.141|2307002368|2312761344|sim_data_345e031ce91f1b82|__AUTOMETRIC__
__AUTOMETRIC__|0.1.2|11248|crew_log_881ae90a4d151b0d|0|1786322987.966|99.879|6.242|2307002368|2312761344|sim_data_345e031ce91f1b82|__AUTOMETRIC__
__AUTOMETRIC__|0.1.2|11248|crew_log_881ae90a4d151b0d|0|1786322988.977|100.438|6.277|2307002368|2312761344|sim_data_345e031ce91f1b82|__AUTOMETRIC__
__AUTOMETRIC__|0.1.2|11248|crew_log_881ae90a4d151b0d|0|1786322989.982|97.960|6.123|2307981312|2313740288|sim_data_345e031ce91f1b82|__AUTOMETRIC__
__AUTOMETRIC__|0.1.2|11248|crew_log_881ae90a4d151b0d|0|1786322990.986|99.601|6.225|2307915776|2313674752|sim_data_345e031ce91f1b82|__AUTOMETRIC__
__AUTOMETRIC__|0.1.2|11248|crew_log_881ae90a4d151b0d|0|1786322991.989|99.738|6.234|2307915776|2313674752|sim_data_345e031ce91f1b82|__AUTOMETRIC__
__AUTOMETRIC__|0.1.2|11248|crew_log_881ae90a4d151b0d|0|1786322992.991|101.265|6.329|2307911680|2313670656|sim_data_345e031ce91f1b82|__AUTOMETRIC__
__AUTOMETRIC__|0.1.2|11248|crew_log_881ae90a4d151b0d|0|1786322993.997|99.491|6.218|2308878336|2314637312|sim_data_345e031ce91f1b82|__AUTOMETRIC__
__AUTOMETRIC__|0.1.2|11248|crew_log_881ae90a4d151b0d|0|1786322995.004|96.157|6.010|2308837376|2314596352|sim_data_345e031ce91f1b82|__AUTOMETRIC__
__AUTOMETRIC__|0.1.2|11248|crew_log_881ae90a4d151b0d|0|1786322996.010|99.372|6.211|2308849664|2314608640|sim_data_345e031ce91f1b82|__AUTOMETRIC__
__AUTOMETRIC__|0.1.2|11248|crew_log_881ae90a4d151b0d|0|1786322997.018|99.214|6.201|2308849664|2314608640|sim_data_345e031ce91f1b82|__AUTOMETRIC__
__AUTOMETRIC__|0.1.2|11248|crew_log_881ae90a4d151b0d|0|1786322998.024|99.383|6.211|2308837376|2314596352|sim_data_345e031ce91f1b82|__AUTOMETRIC__
__AUTOMETRIC__|0.1.2|11248|crew_log_881ae90a4d151b0d|0|1786322999.027|99.789|6.237|2439405568|2445164544|sim_data_345e031ce91f1b82|__AUTOMETRIC__
__AUTOMETRIC__|0.1.2|11248|crew_log_881ae90a4d151b0d|0|1786323000.032|94.821|5.926|2549002240|2554970112|sim_data_345e031ce91f1b82|__AUTOMETRIC__
__AUTOMETRIC__|0.1.2|11248|crew_log_881ae90a4d151b0d|0|1786323001.038|99.383|6.211|2599137280|2605252608|sim_data_345e031ce91f1b82|__AUTOMETRIC__
__AUTOMETRIC__|0.1.2|11248|crew_log_881ae90a4d151b0d|0|1786323002.043|101.070|6.317|2356371456|2362331136|sim_data_345e031ce91f1b82|__AUTOMETRIC__
__AUTOMETRIC__|0.1.2|11248|crew_log_881ae90a4d151b0d|0|1786323003.046|99.683|6.230|2357882880|2363928576|sim_data_345e031ce91f1b82|__AUTOMETRIC__
__AUTOMETRIC__|0.1.2|11248|crew_log_881ae90a4d151b0d|0|1786323004.054|100.806|6.300|2363932672|2369929216|sim_data_345e031ce91f1b82|__AUTOMETRIC__
__AUTOMETRIC__|0.1.2|11248|crew_log_881ae90a4d151b0d|0|1786323005.056|99.802|6.238|2316120064|2322104320|sim_data_345e031ce91f1b82|__AUTOMETRIC__
__AUTOMETRIC__|0.1.2|11248|crew_log_881ae90a4d151b0d|0|1786323006.064|97.606|6.100|2311036928|2317369344|sim_data_345e031ce91f1b82|__AUTOMETRIC__
__AUTOMETRIC__|0.1.2|11248|crew_log_881ae90a4d151b0d|0|1786323007.072|100.787|6.299|2310615040|2316406784|sim_data_345e031ce91f1b82|__AUTOMETRIC__
__AUTOMETRIC__|0.1.2|11248|crew_log_881ae90a4d151b0d|0|1786323008.086|100.164|6.260|2310410240|2316201984|sim_data_345e031ce91f1b82|__AUTOMETRIC__
__AUTOMETRIC__|0.1.2|11248|crew_log_881ae90a4d151b0d|0|1786323009.094|99.134|6.196|2310410240|2316201984|sim_data_345e031ce91f1b82|__AUTOMETRIC__
__AUTOMETRIC__|0.1.2|11248|crew_log_881ae90a4d151b0d|0|1786323010.100|99.428|6.214|2310410240|2316201984|sim_data_345e031ce91f1b82|__AUTOMETRIC__
__AUTOMETRIC__|0.1.2|11248|crew_log_881ae90a4d151b0d|0|1786323011.110|100.614|6.288|2310410240|2316201984|sim_data_345e031ce91f1b82|__AUTOMETRIC__
__AUTOMETRIC__|0.1.2|11248|crew_log_881ae90a4d151b0d|0|1786323012.114|98.039|6.127|2311401472|2317209600|sim_data_345e031ce91f1b82|__AUTOMETRIC__
__AUTOMETRIC__|0.1.2|11248|crew_log_881ae90a4d151b0d|0|1786323013.119|99.455|6.216|2311401472|2317209600|sim_data_345e031ce91f1b82|__AUTOMETRIC__
__AUTOMETRIC__|0.1.2|11248|crew_log_881ae90a4d151b0d|0|1786323014.126|99.273|6.205|2311401472|2317209600|sim_data_345e031ce91f1b82|__AUTOMETRIC__
__AUTOMETRIC__|0.1.2|11248|crew_log_881ae90a4d151b0d|0|1786323015.146|96.587|6.037|2311401472|2317209600|sim_data_345e031ce91f1b82|__AUTOMETRIC__
__AUTOMETRIC__|0.1.2|11248|crew_log_881ae90a4d151b0d|0|1786323016.149|99.709|6.232|2311401472|2317209600|sim_data_345e031ce91f1b82|__AUTOMETRIC__
__AUTOMETRIC__|0.1.2|11248|crew_log_881ae90a4d151b0d|0|1786323017.159|98.996|6.187|2312294400|2318102528|sim_data_345e031ce91f1b82|__AUTOMETRIC__
__AUTOMETRIC__|0.1.2|11248|crew_log_881ae90a4d151b0d|0|1786323018.159|100.010|6.251|2312253440|2318061568|sim_data_345e031ce91f1b82|__AUTOMETRIC__
__AUTOMETRIC__|0.1.2|11248|crew_log_881ae90a4d151b0d|0|1786323019.165|100.932|6.308|2312253440|2318061568|sim_data_345e031ce91f1b82|__AUTOMETRIC__
__AUTOMETRIC__|0.1.2|11248|crew_log_881ae90a4d151b0d|0|1786323020.172|99.245|6.203|2312265728|2318073856|sim_data_345e031ce91f1b82|__AUTOMETRIC__
__AUTOMETRIC__|0.1.2|11248|crew_log_881ae90a4d151b0d|0|1786323021.175|99.759|6.235|2312265728|2318073856|sim_data_345e031ce91f1b82|__AUTOMETRIC__
__AUTOMETRIC__|0.1.2|11248|crew_log_881ae90a4d151b0d|0|1786323022.178|95.014|5.938|2313240576|2319048704|sim_data_345e031ce91f1b82|__AUTOMETRIC__
__AUTOMETRIC__|0.1.2|11248|crew_log_881ae90a4d151b0d|0|1786323023.186|102.280|6.392|2313195520|2319003648|sim_data_345e031ce91f1b82|__AUTOMETRIC__
__AUTOMETRIC__|0.1.2|11248|crew_log_881ae90a4d151b0d|0|1786323024.194|99.269|6.204|2313195520|2319003648|sim_data_345e031ce91f1b82|__AUTOMETRIC__
__AUTOMETRIC__|0.1.2|11248|crew_log_881ae90a4d151b0d|0|1786323025.203|103.689|6.481|2313187328|2318995456|sim_data_345e031ce91f1b82|__AUTOMETRIC__
__AUTOMETRIC__|0.1.2|11248|crew_log_881ae90a4d151b0d|0|1786323026.213|100.607|6.288|2313187328|2318995456|sim_data_345e031ce91f1b82|__AUTOMETRIC__
__AUTOMETRIC__|0.1.2|11248|crew_log_881ae90a4d151b0d|0|1786323027.222|97.525|6.095|2313195520|2319003648|sim_data_345e031ce91f1b82|__AUTOMETRIC__
__AUTOMETRIC__|0.1.2|11248|crew_log_881ae90a4d151b0d|0|1786323028.230|100.788|6.299|2548301824|2554458112|sim_data_345e031ce91f1b82|__AUTOMETRIC__
__AUTOMETRIC__|0.1.2|11248|crew_log_881ae90a4d151b0d|0|1786323029.238|99.228|6.202|2620858368|2626891776|sim_data_345e031ce91f1b82|__AUTOMETRIC__
__AUTOMETRIC__|0.1.2|11248|crew_log_881ae90a4d151b0d|0|1786323030.248|105.195|6.575|2379677696|2385653760|sim_data_345e031ce91f1b82|__AUTOMETRIC__
__AUTOMETRIC__|0.1.2|11248|crew_log_881ae90a4d151b0d|0|1786323031.257|99.085|6.193|2385629184|2391793664|sim_data_345e031ce91f1b82|__AUTOMETRIC__
__AUTOMETRIC__|0.1.2|11248|crew_log_881ae90a4d151b0d|0|1786323032.266|102.178|6.386|2328035328|2334121984|sim_data_345e031ce91f1b82|__AUTOMETRIC__
__AUTOMETRIC__|0.1.2|11248|crew_log_881ae90a4d151b0d|0|1786323033.275|97.580|6.099|2315956224|2322243584|sim_data_345e031ce91f1b82|__AUTOMETRIC__
__AUTOMETRIC__|0.1.2|11248|crew_log_881ae90a4d151b0d|0|1786323034.277|99.782|6.236|2315317248|2321166336|sim_data_345e031ce91f1b82|__AUTOMETRIC__
__AUTOMETRIC__|0.1.2|11248|crew_log_881ae90a4d151b0d|0|1786323035.277|99.976|6.248|2315329536|2321178624|sim_data_345e031ce91f1b82|__AUTOMETRIC__
__AUTOMETRIC__|0.1.2|11248|crew_log_881ae90a4d151b0d|0|1786323036.292|100.049|6.253|2315325440|2321174528|sim_data_345e031ce91f1b82|__AUTOMETRIC__
__AUTOMETRIC__|0.1.2|11248|crew_log_881ae90a4d151b0d|0|1786323037.307|100.137|6.259|2315325440|2321174528|sim_data_345e031ce91f1b82|__AUTOMETRIC__
__AUTOMETRIC__|0.1.2|11248|crew_log_881ae90a4d151b0d|0|1786323038.324|99.862|6.241|2315313152|2321162240|sim_data_345e031ce91f1b82|__AUTOMETRIC__
__AUTOMETRIC__|0.1.2|11248|crew_log_881ae90a4d151b0d|0|1786323039.325|95.217|5.951|2316161024|2322010112|sim_data_345e031ce91f1b82|__AUTOMETRIC__
__AUTOMETRIC__|0.1.2|11248|crew_log_881ae90a4d151b0d|0|1786323040.328|99.699|6.231|2316173312|2322022400|sim_data_345e031ce91f1b82|__AUTOMETRIC__
__AUTOMETRIC__|0.1.2|11248|crew_log_881ae90a4d151b0d|0|1786323041.329|99.869|6.242|2316169216|2322018304|sim_data_345e031ce91f1b82|__AUTOMETRIC__
__AUTOMETRIC__|0.1.2|11248|crew_log_881ae90a4d151b0d|0|1786323042.342|100.242|6.265|2316156928|2322006016|sim_data_345e031ce91f1b82|__AUTOMETRIC__
__AUTOMETRIC__|0.1.2|11248|crew_log_881ae90a4d151b0d|0|1786323043.358|99.960|6.247|2316156928|2322006016|sim_data_345e031ce91f1b82|__AUTOMETRIC__
__AUTOMETRIC__|0.1.2|11248|crew_log_881ae90a4d151b0d|0|1786323044.373|98.497|6.156|2316156928|2322006016|sim_data_345e031ce91f1b82|__AUTOMETRIC__
__AUTOMETRIC__|0.1.2|11248|crew_log_881ae90a4d151b0d|0|1786323045.387|98.691|6.168|2316156928|2322006016|sim_data_345e031ce91f1b82|__AUTOMETRIC__
__AUTOMETRIC__|0.1.2|11248|crew_log_881ae90a4d151b0d|0|1786323046.398|100.417|6.276|2316156928|2322006016|sim_data_345e031ce91f1b82|__AUTOMETRIC__
__AUTOMETRIC__|0.1.2|11248|crew_log_881ae90a4d151b0d|0|1786323047.411|98.750|6.172|2316156928|2322006016|sim_data_345e031ce91f1b82|__AUTOMETRIC__
__AUTOMETRIC__|0.1.2|11248|crew_log_881ae90a4d151b0d|0|1786323048.423|100.365|6.273|2317176832|2323042304|sim_data_345e031ce91f1b82|__AUTOMETRIC__
__AUTOMETRIC__|0.1.2|11248|crew_log_881ae90a4d151b0d|0|1786323049.433|100.483|6.280|2317131776|2322997248|sim_data_345e031ce91f1b82|__AUTOMETRIC__
__AUTOMETRIC__|0.1.2|11248|crew_log_881ae90a4d151b0d|0|1786323050.449|100.023|6.251|2317131776|2322997248|sim_data_345e031ce91f1b82|__AUTOMETRIC__
__AUTOMETRIC__|0.1.2|11248|crew_log_881ae90a4d151b0d|0|1786323051.462|100.268|6.267|2317131776|2322997248|sim_data_345e031ce91f1b82|__AUTOMETRIC__
__AUTOMETRIC__|0.1.2|11248|crew_log_881ae90a4d151b0d|0|1786323052.476|100.127|6.258|2317131776|2322997248|sim_data_345e031ce91f1b82|__AUTOMETRIC__
__AUTOMETRIC__|0.1.2|11248|crew_log_881ae90a4d151b0d|0|1786323053.490|98.599|6.162|2317131776|2322997248|sim_data_345e031ce91f1b82|__AUTOMETRIC__
__AUTOMETRIC__|0.1.2|11248|crew_log_881ae90a4d151b0d|0|1786323054.505|100.122|6.258|2317131776|2322997248|sim_data_345e031ce91f1b82|__AUTOMETRIC__
__AUTOMETRIC__|0.1.2|11248|crew_log_881ae90a4d151b0d|0|1786323055.506|99.911|6.244|2318061568|2323927040|sim_data_345e031ce91f1b82|__AUTOMETRIC__
__AUTOMETRIC__|0.1.2|11248|crew_log_881ae90a4d151b0d|0|1786323056.519|103.335|6.458|2318016512|2323881984|sim_data_345e031ce91f1b82|__AUTOMETRIC__
__AUTOMETRIC__|0.1.2|11248|crew_log_881ae90a4d151b0d|0|1786323057.530|98.916|6.182|2318016512|2323881984|sim_data_345e031ce91f1b82|__AUTOMETRIC__
__AUTOMETRIC__|0.1.2|11248|crew_log_881ae90a4d151b0d|0|1786323058.541|100.431|6.277|2318016512|2323881984|sim_data_345e031ce91f1b82|__AUTOMETRIC__
__AUTOMETRIC__|0.1.2|11248|crew_log_881ae90a4d151b0d|0|1786323059.542|99.929|6.246|2318016512|2323881984|sim_data_345e031ce91f1b82|__AUTOMETRIC__
__AUTOMETRIC__|0.1.2|11248|crew_log_881ae90a4d151b0d|0|1786323060.557|98.450|6.153|2318016512|2323881984|sim_data_345e031ce91f1b82|__AUTOMETRIC__
__AUTOMETRIC__|0.1.2|11248|crew_log_881ae90a4d151b0d|0|1786323061.573|99.980|6.249|2538967040|2544840704|sim_data_345e031ce91f1b82|__AUTOMETRIC__
__AUTOMETRIC__|0.1.2|11248|crew_log_881ae90a4d151b0d|0|1786323062.586|100.278|6.267|2592497664|2598662144|sim_data_345e031ce91f1b82|__AUTOMETRIC__
__AUTOMETRIC__|0.1.2|11248|crew_log_881ae90a4d151b0d|0|1786323063.601|103.120|6.445|2352599040|2358558720|sim_data_345e031ce91f1b82|__AUTOMETRIC__
__AUTOMETRIC__|0.1.2|11248|crew_log_881ae90a4d151b0d|0|1786323064.615|98.599|6.162|2355830784|2361819136|sim_data_345e031ce91f1b82|__AUTOMETRIC__
__AUTOMETRIC__|0.1.2|11248|crew_log_881ae90a4d151b0d|0|1786323065.628|101.882|6.368|2360852480|2367082496|sim_data_345e031ce91f1b82|__AUTOMETRIC__
__AUTOMETRIC__|0.1.2|11248|crew_log_881ae90a4d151b0d|0|1786323066.642|101.662|6.354|2335170560|2341179392|sim_data_345e031ce91f1b82|__AUTOMETRIC__
__AUTOMETRIC__|0.1.2|11248|crew_log_881ae90a4d151b0d|0|1786323067.656|98.637|6.165|2335404032|2341552128|sim_data_345e031ce91f1b82|__AUTOMETRIC__
__AUTOMETRIC__|0.1.2|11248|crew_log_881ae90a4d151b0d|0|1786323068.668|101.881|6.368|2319998976|2325839872|sim_data_345e031ce91f1b82|__AUTOMETRIC__
__AUTOMETRIC__|0.1.2|11248|crew_log_881ae90a4d151b0d|0|1786323069.682|98.601|6.163|2319769600|2325610496|sim_data_345e031ce91f1b82|__AUTOMETRIC__
__AUTOMETRIC__|0.1.2|11248|crew_log_881ae90a4d151b0d|0|1786323070.695|98.744|6.172|2319564800|2325405696|sim_data_345e031ce91f1b82|__AUTOMETRIC__
__AUTOMETRIC__|0.1.2|11248|crew_log_881ae90a4d151b0d|0|1786323071.710|98.501|6.156|2320478208|2326319104|sim_data_345e031ce91f1b82|__AUTOMETRIC__
__AUTOMETRIC__|0.1.2|11248|crew_log_881ae90a4d151b0d|0|1786323072.726|98.426|6.152|2320474112|2326315008|sim_data_345e031ce91f1b82|__AUTOMETRIC__
__AUTOMETRIC__|0.1.2|11248|crew_log_881ae90a4d151b0d|0|1786323073.726|99.976|6.249|2320474112|2326315008|sim_data_345e031ce91f1b82|__AUTOMETRIC__
__AUTOMETRIC__|0.1.2|11248|crew_log_881ae90a4d151b0d|0|1786323074.738|98.867|6.179|2320474112|2326315008|sim_data_345e031ce91f1b82|__AUTOMETRIC__
__AUTOMETRIC__|0.1.2|11248|crew_log_881ae90a4d151b0d|0|1786323075.752|100.173|6.261|2321338368|2327199744|sim_data_345e031ce91f1b82|__AUTOMETRIC__
__AUTOMETRIC__|0.1.2|11248|crew_log_881ae90a4d151b0d|0|1786323076.764|100.334|6.271|2321330176|2327191552|sim_data_345e031ce91f1b82|__AUTOMETRIC__
__AUTOMETRIC__|0.1.2|11248|crew_log_881ae90a4d151b0d|0|1786323077.779|100.087|6.255|2321330176|2327191552|sim_data_345e031ce91f1b82|__AUTOMETRIC__
__AUTOMETRIC__|0.1.2|11248|crew_log_881ae90a4d151b0d|0|1786323078.788|99.085|6.193|2321330176|2327191552|sim_data_345e031ce91f1b82|__AUTOMETRIC__
__AUTOMETRIC__|0.1.2|11248|crew_log_881ae90a4d151b0d|0|1786323079.798|100.515|6.282|2321330176|2327191552|sim_data_345e031ce91f1b82|__AUTOMETRIC__
__AUTOMETRIC__|0.1.2|11248|crew_log_881ae90a4d151b0d|0|1786323080.805|100.927|6.308|2321330176|2327191552|sim_data_345e031ce91f1b82|__AUTOMETRIC__
__AUTOMETRIC__|0.1.2|11248|crew_log_881ae90a4d151b0d|0|1786323081.811|99.417|6.214|2322329600|2328190976|sim_data_345e031ce91f1b82|__AUTOMETRIC__
__AUTOMETRIC__|0.1.2|11248|crew_log_881ae90a4d151b0d|0|1786323082.814|96.577|6.036|2322329600|2328190976|sim_data_345e031ce91f1b82|__AUTOMETRIC__
__AUTOMETRIC__|0.1.2|11248|crew_log_881ae90a4d151b0d|0|1786323083.814|99.998|6.250|2322329600|2328190976|sim_data_345e031ce91f1b82|__AUTOMETRIC__
__AUTOMETRIC__|0.1.2|11248|crew_log_881ae90a4d151b0d|0|1786323084.819|99.496|6.219|2322337792|2328199168|sim_data_345e031ce91f1b82|__AUTOMETRIC__
__AUTOMETRIC__|0.1.2|11248|crew_log_881ae90a4d151b0d|0|1786323085.830|100.443|6.278|2322337792|2328199168|sim_data_345e031ce91f1b82|__AUTOMETRIC__
__AUTOMETRIC__|0.1.2|11248|crew_log_881ae90a4d151b0d|0|1786323086.834|96.480|6.030|2545209344|2551296000|sim_data_345e031ce91f1b82|__AUTOMETRIC__
__AUTOMETRIC__|0.1.2|11248|crew_log_881ae90a4d151b0d|0|1786323087.837|107.505|6.719|2404143104|2410131456|sim_data_345e031ce91f1b82|__AUTOMETRIC__
__AUTOMETRIC__|0.1.2|11248|crew_log_881ae90a4d151b0d|0|1786323088.843|99.386|6.212|2550317056|2556305408|sim_data_345e031ce91f1b82|__AUTOMETRIC__
__AUTOMETRIC__|0.1.2|11248|crew_log_881ae90a4d151b0d|0|1786323089.854|100.475|6.280|2549993472|2555957248|sim_data_345e031ce91f1b82|__AUTOMETRIC__
__AUTOMETRIC__|0.1.2|11248|crew_log_881ae90a4d151b0d|0|1786323090.862|97.670|6.104|2554368000|2560552960|sim_data_345e031ce91f1b82|__AUTOMETRIC__
__AUTOMETRIC__|0.1.2|11248|crew_log_881ae90a4d151b0d|0|1786323091.862|104.668|6.542|2323615744|2329677824|sim_data_345e031ce91f1b82|__AUTOMETRIC__
__AUTOMETRIC__|0.1.2|11248|crew_log_881ae90a4d151b0d|0|1786323092.874|100.346|6.272|2333470720|2339901440|sim_data_345e031ce91f1b82|__AUTOMETRIC__
__AUTOMETRIC__|0.1.2|11248|crew_log_881ae90a4d151b0d|0|1786323093.881|99.345|6.209|2331783168|2337681408|sim_data_345e031ce91f1b82|__AUTOMETRIC__
__AUTOMETRIC__|0.1.2|11248|crew_log_881ae90a4d151b0d|0|1786323094.891|100.555|6.285|2331414528|2337263616|sim_data_345e031ce91f1b82|__AUTOMETRIC__
__AUTOMETRIC__|0.1.2|11248|crew_log_881ae90a4d151b0d|0|1786323095.893|99.766|6.235|2331414528|2337263616|sim_data_345e031ce91f1b82|__AUTOMETRIC__
__AUTOMETRIC__|0.1.2|11248|crew_log_881ae90a4d151b0d|0|1786323096.899|102.531|6.408|2331414528|2337263616|sim_data_345e031ce91f1b82|__AUTOMETRIC__
__AUTOMETRIC__|0.1.2|11248|crew_log_881ae90a4d151b0d|0|1786323097.901|99.775|6.236|2331414528|2337263616|sim_data_345e031ce91f1b82|__AUTOMETRIC__
__AUTOMETRIC__|0.1.2|11248|crew_log_881ae90a4d151b0d|0|1786323098.906|99.470|6.217|2331414528|2337263616|sim_data_345e031ce91f1b82|__AUTOMETRIC__
__AUTOMETRIC__|0.1.2|11248|crew_log_881ae90a4d151b0d|0|1786323099.907|99.909|6.244|2331414528|2337263616|sim_data_345e031ce91f1b82|__AUTOMETRIC__
__AUTOMETRIC__|0.1.2|11248|crew_log_881ae90a4d151b0d|0|1786323100.910|98.195|6.137|2331414528|2337263616|sim_data_345e031ce91f1b82|__AUTOMETRIC__
__AUTOMETRIC__|0.1.2|11248|crew_log_881ae90a4d151b0d|0|1786323101.913|98.085|6.130|2332327936|2338177024|sim_data_345e031ce91f1b82|__AUTOMETRIC__
__AUTOMETRIC__|0.1.2|11248|crew_log_881ae90a4d151b0d|0|1786323102.915|101.396|6.337|2332327936|2338177024|sim_data_345e031ce91f1b82|__AUTOMETRIC__
__AUTOMETRIC__|0.1.2|11248|crew_log_881ae90a4d151b0d|0|1786323103.916|99.935|6.246|2332327936|2338177024|sim_data_345e031ce91f1b82|__AUTOMETRIC__
__AUTOMETRIC__|0.1.2|11248|crew_log_881ae90a4d151b0d|0|1786323104.916|99.919|6.245|2332327936|2338177024|sim_data_345e031ce91f1b82|__AUTOMETRIC__
__AUTOMETRIC__|0.1.2|11248|crew_log_881ae90a4d151b0d|0|1786323105.917|99.945|6.247|2332327936|2338177024|sim_data_345e031ce91f1b82|__AUTOMETRIC__
__AUTOMETRIC__|0.1.2|11248|crew_log_881ae90a4d151b0d|0|1786323106.930|100.267|6.267|2332327936|2338177024|sim_data_345e031ce91f1b82|__AUTOMETRIC__
__AUTOMETRIC__|0.1.2|11248|crew_log_881ae90a4d151b0d|0|1786323107.937|97.772|6.111|2333245440|2339094528|sim_data_345e031ce91f1b82|__AUTOMETRIC__
__AUTOMETRIC__|0.1.2|11248|crew_log_881ae90a4d151b0d|0|1786323108.938|99.823|6.239|2333245440|2339094528|sim_data_345e031ce91f1b82|__AUTOMETRIC__
__AUTOMETRIC__|0.1.2|11248|crew_log_881ae90a4d151b0d|0|1786323109.949|100.469|6.279|2333245440|2339094528|sim_data_345e031ce91f1b82|__AUTOMETRIC__
__AUTOMETRIC__|0.1.2|11248|crew_log_881ae90a4d151b0d|0|1786323110.962|101.849|6.366|2333245440|2339094528|sim_data_345e031ce91f1b82|__AUTOMETRIC__
__AUTOMETRIC__|0.1.2|11248|crew_log_881ae90a4d151b0d|0|1786323111.976|100.151|6.259|2333245440|2339094528|sim_data_345e031ce91f1b82|__AUTOMETRIC__
__AUTOMETRIC__|0.1.2|11248|crew_log_881ae90a4d151b0d|0|1786323112.977|98.360|6.148|2333245440|2339094528|sim_data_345e031ce91f1b82|__AUTOMETRIC__
__AUTOMETRIC__|0.1.2|11248|crew_log_881ae90a4d151b0d|0|1786323113.989|98.800|6.175|2333257728|2339106816|sim_data_345e031ce91f1b82|__AUTOMETRIC__
__AUTOMETRIC__|0.1.2|11248|crew_log_881ae90a4d151b0d|0|1786323115.003|100.114|6.257|2333257728|2339106816|sim_data_345e031ce91f1b82|__AUTOMETRIC__
__AUTOMETRIC__|0.1.2|11248|crew_log_881ae90a4d151b0d|0|1786323116.015|100.358|6.272|2334224384|2340073472|sim_data_345e031ce91f1b82|__AUTOMETRIC__
__AUTOMETRIC__|0.1.2|11248|crew_log_881ae90a4d151b0d|0|1786323117.030|100.052|6.253|2334179328|2340028416|sim_data_345e031ce91f1b82|__AUTOMETRIC__
__AUTOMETRIC__|0.1.2|11248|crew_log_881ae90a4d151b0d|0|1786323118.046|100.045|6.253|2334171136|2340020224|sim_data_345e031ce91f1b82|__AUTOMETRIC__
__AUTOMETRIC__|0.1.2|11248|crew_log_881ae90a4d151b0d|0|1786323119.060|100.122|6.258|2334171136|2340020224|sim_data_345e031ce91f1b82|__AUTOMETRIC__
__AUTOMETRIC__|0.1.2|11248|crew_log_881ae90a4d151b0d|0|1786323120.075|100.099|6.256|2334179328|2340028416|sim_data_345e031ce91f1b82|__AUTOMETRIC__
__AUTOMETRIC__|0.1.2|11248|crew_log_881ae90a4d151b0d|0|1786323121.089|100.085|6.255|2334179328|2340028416|sim_data_345e031ce91f1b82|__AUTOMETRIC__
__AUTOMETRIC__|0.1.2|11248|crew_log_881ae90a4d151b0d|0|1786323122.101|100.429|6.277|2334171136|2340020224|sim_data_345e031ce91f1b82|__AUTOMETRIC__
__AUTOMETRIC__|0.1.2|11248|crew_log_881ae90a4d151b0d|0|1786323123.113|98.771|6.173|2536058880|2541879296|sim_data_345e031ce91f1b82|__AUTOMETRIC__
__AUTOMETRIC__|0.1.2|11248|crew_log_881ae90a4d151b0d|0|1786323124.127|103.268|6.454|2425446400|2431447040|sim_data_345e031ce91f1b82|__AUTOMETRIC__
__AUTOMETRIC__|0.1.2|11248|crew_log_881ae90a4d151b0d|0|1786323125.142|100.092|6.256|2426863616|2432839680|sim_data_345e031ce91f1b82|__AUTOMETRIC__
__AUTOMETRIC__|0.1.2|11248|crew_log_881ae90a4d151b0d|0|1786323126.157|100.033|6.252|2430365696|2436857856|sim_data_345e031ce91f1b82|__AUTOMETRIC__
__AUTOMETRIC__|0.1.2|11248|crew_log_881ae90a4d151b0d|0|1786323127.171|101.670|6.354|2350792704|2356932608|sim_data_345e031ce91f1b82|__AUTOMETRIC__
__AUTOMETRIC__|0.1.2|11248|crew_log_881ae90a4d151b0d|0|1786323128.186|100.062|6.254|2341736448|2347933696|sim_data_345e031ce91f1b82|__AUTOMETRIC__
__AUTOMETRIC__|0.1.2|11248|crew_log_881ae90a4d151b0d|0|1786323129.197|100.508|6.282|2342555648|2348408832|sim_data_345e031ce91f1b82|__AUTOMETRIC__
__AUTOMETRIC__|0.1.2|11248|crew_log_881ae90a4d151b0d|0|1786323130.210|100.247|6.265|2340814848|2346668032|sim_data_345e031ce91f1b82|__AUTOMETRIC__
__AUTOMETRIC__|0.1.2|11248|crew_log_881ae90a4d151b0d|0|1786323131.220|98.957|6.185|2340814848|2346668032|sim_data_345e031ce91f1b82|__AUTOMETRIC__
__AUTOMETRIC__|0.1.2|11248|crew_log_881ae90a4d151b0d|0|1786323132.233|100.263|6.266|2341707776|2347560960|sim_data_345e031ce91f1b82|__AUTOMETRIC__
__AUTOMETRIC__|0.1.2|11248|crew_log_881ae90a4d151b0d|0|1786323133.248|100.124|6.258|2341707776|2347560960|sim_data_345e031ce91f1b82|__AUTOMETRIC__
__AUTOMETRIC__|0.1.2|11248|crew_log_881ae90a4d151b0d|0|1786323134.258|99.014|6.188|2341707776|2347560960|sim_data_345e031ce91f1b82|__AUTOMETRIC__
__AUTOMETRIC__|0.1.2|11248|crew_log_881ae90a4d151b0d|0|1786323135.268|98.977|6.186|2341707776|2347560960|sim_data_345e031ce91f1b82|__AUTOMETRIC__
__AUTOMETRIC__|0.1.2|11248|crew_log_881ae90a4d151b0d|0|1786323136.284|98.431|6.152|2342715392|2348568576|sim_data_345e031ce91f1b82|__AUTOMETRIC__
__AUTOMETRIC__|0.1.2|11248|crew_log_881ae90a4d151b0d|0|1786323137.298|100.127|6.258|2342670336|2348523520|sim_data_345e031ce91f1b82|__AUTOMETRIC__
__AUTOMETRIC__|0.1.2|11248|crew_log_881ae90a4d151b0d|0|1786323138.312|100.161|6.260|2342662144|2348515328|sim_data_345e031ce91f1b82|__AUTOMETRIC__
__AUTOMETRIC__|0.1.2|11248|crew_log_881ae90a4d151b0d|0|1786323139.327|100.092|6.256|2342662144|2348515328|sim_data_345e031ce91f1b82|__AUTOMETRIC__
__AUTOMETRIC__|0.1.2|11248|crew_log_881ae90a4d151b0d|0|1786323140.339|100.316|6.270|2343469056|2349322240|sim_data_345e031ce91f1b82|__AUTOMETRIC__
__AUTOMETRIC__|0.1.2|11248|crew_log_881ae90a4d151b0d|0|1786323141.353|100.141|6.259|2343473152|2349326336|sim_data_345e031ce91f1b82|__AUTOMETRIC__
__AUTOMETRIC__|0.1.2|11248|crew_log_881ae90a4d151b0d|0|1786323142.365|98.888|6.180|2343473152|2349326336|sim_data_345e031ce91f1b82|__AUTOMETRIC__
__AUTOMETRIC__|0.1.2|11248|crew_log_881ae90a4d151b0d|0|1786323143.377|98.773|6.173|2420826112|2426695680|sim_data_345e031ce91f1b82|__AUTOMETRIC__
__AUTOMETRIC__|0.1.2|11248|crew_log_881ae90a4d151b0d|0|1786323144.387|100.585|6.287|2583404544|2589945856|sim_data_345e031ce91f1b82|__AUTOMETRIC__
__AUTOMETRIC__|0.1.2|11248|crew_log_881ae90a4d151b0d|0|1786323145.400|103.336|6.458|2403196928|2409226240|sim_data_345e031ce91f1b82|__AUTOMETRIC__
__AUTOMETRIC__|0.1.2|11248|crew_log_881ae90a4d151b0d|0|1786323146.401|99.893|6.243|2402902016|2408882176|sim_data_345e031ce91f1b82|__AUTOMETRIC__
__AUTOMETRIC__|0.1.2|11248|crew_log_881ae90a4d151b0d|0|1786323147.412|98.880|6.180|2410123264|2416357376|sim_data_345e031ce91f1b82|__AUTOMETRIC__
__AUTOMETRIC__|0.1.2|11248|crew_log_881ae90a4d151b0d|0|1786323148.424|103.491|6.468|2329083904|2335100928|sim_data_345e031ce91f1b82|__AUTOMETRIC__
__AUTOMETRIC__|0.1.2|11248|crew_log_881ae90a4d151b0d|0|1786323149.437|103.368|6.460|2239070208|2245021696|sim_data_345e031ce91f1b82|__AUTOMETRIC__
__AUTOMETRIC__|0.1.2|11248|crew_log_881ae90a4d151b0d|0|1786323150.451|101.671|6.354|2237820928|2243682304|sim_data_345e031ce91f1b82|__AUTOMETRIC__
__AUTOMETRIC__|0.1.2|11248|crew_log_881ae90a4d151b0d|0|1786323151.464|100.300|6.269|2237521920|2243354624|sim_data_345e031ce91f1b82|__AUTOMETRIC__
__AUTOMETRIC__|0.1.2|11248|crew_log_881ae90a4d151b0d|0|1786323152.473|99.105|6.194|2237521920|2243354624|sim_data_345e031ce91f1b82|__AUTOMETRIC__
__AUTOMETRIC__|0.1.2|11248|crew_log_881ae90a4d151b0d|0|1786323153.484|100.404|6.275|2237521920|2243354624|sim_data_345e031ce91f1b82|__AUTOMETRIC__
__AUTOMETRIC__|0.1.2|11248|crew_log_881ae90a4d151b0d|0|1786323154.497|98.704|6.169|2237521920|2243354624|sim_data_345e031ce91f1b82|__AUTOMETRIC__
__AUTOMETRIC__|0.1.2|11248|crew_log_881ae90a4d151b0d|0|1786323155.497|99.977|6.249|2237521920|2243354624|sim_data_345e031ce91f1b82|__AUTOMETRIC__
__AUTOMETRIC__|0.1.2|11248|crew_log_881ae90a4d151b0d|0|1786323156.512|100.146|6.259|2237521920|2243354624|sim_data_345e031ce91f1b82|__AUTOMETRIC__
__AUTOMETRIC__|0.1.2|11248|crew_log_881ae90a4d151b0d|0|1786323157.525|100.206|6.263|2237521920|2243354624|sim_data_345e031ce91f1b82|__AUTOMETRIC__
__AUTOMETRIC__|0.1.2|11248|crew_log_881ae90a4d151b0d|0|1786323158.538|98.692|6.168|2237530112|2243362816|sim_data_345e031ce91f1b82|__AUTOMETRIC__
__AUTOMETRIC__|0.1.2|11248|crew_log_881ae90a4d151b0d|0|1786323159.554|100.046|6.253|2237521920|2243354624|sim_data_345e031ce91f1b82|__AUTOMETRIC__
__AUTOMETRIC__|0.1.2|11248|crew_log_881ae90a4d151b0d|0|1786323160.566|98.771|6.173|2238525440|2244358144|sim_data_345e031ce91f1b82|__AUTOMETRIC__
__AUTOMETRIC__|0.1.2|11248|crew_log_881ae90a4d151b0d|0|1786323161.579|100.282|6.268|2238484480|2244317184|sim_data_345e031ce91f1b82|__AUTOMETRIC__
__AUTOMETRIC__|0.1.2|11248|crew_log_881ae90a4d151b0d|0|1786323162.590|100.410|6.276|2238492672|2244325376|sim_data_345e031ce91f1b82|__AUTOMETRIC__
__AUTOMETRIC__|0.1.2|11248|crew_log_881ae90a4d151b0d|0|1786323163.602|100.400|6.275|2238492672|2244325376|sim_data_345e031ce91f1b82|__AUTOMETRIC__
__AUTOMETRIC__|0.1.2|11248|crew_log_881ae90a4d151b0d|0|1786323164.614|98.768|6.173|2238484480|2244317184|sim_data_345e031ce91f1b82|__AUTOMETRIC__
__AUTOMETRIC__|0.1.2|11248|crew_log_881ae90a4d151b0d|0|1786323165.630|100.005|6.250|2238484480|2244317184|sim_data_345e031ce91f1b82|__AUTOMETRIC__
__AUTOMETRIC__|0.1.2|11248|crew_log_881ae90a4d151b0d|0|1786323166.643|100.204|6.263|2238492672|2244325376|sim_data_345e031ce91f1b82|__AUTOMETRIC__
__AUTOMETRIC__|0.1.2|11248|crew_log_881ae90a4d151b0d|0|1786323167.659|100.024|6.251|2238484480|2244317184|sim_data_345e031ce91f1b82|__AUTOMETRIC__
__AUTOMETRIC__|0.1.2|11248|crew_log_881ae90a4d151b0d|0|1786323168.674|100.020|6.251|2238484480|2244317184|sim_data_345e031ce91f1b82|__AUTOMETRIC__
__AUTOMETRIC__|0.1.2|11248|crew_log_881ae90a4d151b0d|0|1786323169.688|100.172|6.261|2239471616|2245304320|sim_data_345e031ce91f1b82|__AUTOMETRIC__
__AUTOMETRIC__|0.1.2|11248|crew_log_881ae90a4d151b0d|0|1786323170.703|100.098|6.256|2239426560|2245259264|sim_data_345e031ce91f1b82|__AUTOMETRIC__
__AUTOMETRIC__|0.1.2|11248|crew_log_881ae90a4d151b0d|0|1786323171.717|101.695|6.356|2239418368|2245251072|sim_data_345e031ce91f1b82|__AUTOMETRIC__
__AUTOMETRIC__|0.1.2|11248|crew_log_881ae90a4d151b0d|0|1786323172.731|100.114|6.257|2239418368|2245251072|sim_data_345e031ce91f1b82|__AUTOMETRIC__
__AUTOMETRIC__|0.1.2|11248|crew_log_881ae90a4d151b0d|0|1786323173.744|100.253|6.266|2239418368|2245251072|sim_data_345e031ce91f1b82|__AUTOMETRIC__
__AUTOMETRIC__|0.1.2|11248|crew_log_881ae90a4d151b0d|0|1786323174.756|98.896|6.181|2239418368|2245251072|sim_data_345e031ce91f1b82|__AUTOMETRIC__
__AUTOMETRIC__|0.1.2|11248|crew_log_881ae90a4d151b0d|0|1786323175.771|99.982|6.249|2239418368|2245251072|sim_data_345e031ce91f1b82|__AUTOMETRIC__
__AUTOMETRIC__|0.1.2|11248|crew_log_881ae90a4d151b0d|0|1786323176.782|102.057|6.379|2239418368|2245251072|sim_data_345e031ce91f1b82|__AUTOMETRIC__
__AUTOMETRIC__|0.1.2|11248|crew_log_881ae90a4d151b0d|0|1786323177.793|100.461|6.279|2240421888|2246254592|sim_data_345e031ce91f1b82|__AUTOMETRIC__
__AUTOMETRIC__|0.1.2|11248|crew_log_881ae90a4d151b0d|0|1786323178.808|100.044|6.253|2240409600|2246242304|sim_data_345e031ce91f1b82|__AUTOMETRIC__
__AUTOMETRIC__|0.1.2|11248|crew_log_881ae90a4d151b0d|0|1786323179.821|98.702|6.169|2240401408|2246234112|sim_data_345e031ce91f1b82|__AUTOMETRIC__
__AUTOMETRIC__|0.1.2|11248|crew_log_881ae90a4d151b0d|0|1786323180.835|98.659|6.166|2240401408|2246234112|sim_data_345e031ce91f1b82|__AUTOMETRIC__
__AUTOMETRIC__|0.1.2|11248|crew_log_881ae90a4d151b0d|0|1786323181.848|100.228|6.264|2240401408|2246234112|sim_data_345e031ce91f1b82|__AUTOMETRIC__
__AUTOMETRIC__|0.1.2|11248|crew_log_881ae90a4d151b0d|0|1786323182.848|96.876|6.055|2240401408|2246234112|sim_data_345e031ce91f1b82|__AUTOMETRIC__
__AUTOMETRIC__|0.1.2|11248|crew_log_881ae90a4d151b0d|0|1786323183.862|100.114|6.257|2240401408|2246234112|sim_data_345e031ce91f1b82|__AUTOMETRIC__
__AUTOMETRIC__|0.1.2|11248|crew_log_881ae90a4d151b0d|0|1786323184.864|99.841|6.240|2240401408|2246234112|sim_data_345e031ce91f1b82|__AUTOMETRIC__
__AUTOMETRIC__|0.1.2|11248|crew_log_881ae90a4d151b0d|0|1786323185.878|98.601|6.163|2240401408|2246234112|sim_data_345e031ce91f1b82|__AUTOMETRIC__
__AUTOMETRIC__|0.1.2|11248|crew_log_881ae90a4d151b0d|0|1786323186.889|100.480|6.280|2240401408|2246234112|sim_data_345e031ce91f1b82|__AUTOMETRIC__
__AUTOMETRIC__|0.1.2|11248|crew_log_881ae90a4d151b0d|0|1786323187.899|97.484|6.093|2501574656|2507767808|sim_data_345e031ce91f1b82|__AUTOMETRIC__
__AUTOMETRIC__|0.1.2|11248|crew_log_881ae90a4d151b0d|0|1786323188.911|98.765|6.173|2581688320|2587766784|sim_data_345e031ce91f1b82|__AUTOMETRIC__
__AUTOMETRIC__|0.1.2|11248|crew_log_881ae90a4d151b0d|0|1786323189.925|104.782|6.549|2352398336|2358407168|sim_data_345e031ce91f1b82|__AUTOMETRIC__
__AUTOMETRIC__|0.1.2|11248|crew_log_881ae90a4d151b0d|0|1786323190.941|100.039|6.252|2364641280|2371088384|sim_data_345e031ce91f1b82|__AUTOMETRIC__
__AUTOMETRIC__|0.1.2|11248|crew_log_881ae90a4d151b0d|0|1786323191.952|101.949|6.372|2328088576|2334318592|sim_data_345e031ce91f1b82|__AUTOMETRIC__
__AUTOMETRIC__|0.1.2|11248|crew_log_881ae90a4d151b0d|0|1786323192.964|100.316|6.270|2323599360|2329808896|sim_data_345e031ce91f1b82|__AUTOMETRIC__
__AUTOMETRIC__|0.1.2|11248|crew_log_881ae90a4d151b0d|0|1786323193.977|100.297|6.269|2324836352|2330918912|sim_data_345e031ce91f1b82|__AUTOMETRIC__
__AUTOMETRIC__|0.1.2|11248|crew_log_881ae90a4d151b0d|0|1786323194.986|99.071|6.192|2324328448|2330267648|sim_data_345e031ce91f1b82|__AUTOMETRIC__
__AUTOMETRIC__|0.1.2|11248|crew_log_881ae90a4d151b0d|0|1786323195.994|100.809|6.301|2324328448|2330267648|sim_data_345e031ce91f1b82|__AUTOMETRIC__
__AUTOMETRIC__|0.1.2|11248|crew_log_881ae90a4d151b0d|0|1786323197.005|98.910|6.182|2324328448|2330267648|sim_data_345e031ce91f1b82|__AUTOMETRIC__
__AUTOMETRIC__|0.1.2|11248|crew_log_881ae90a4d151b0d|0|1786323198.020|100.025|6.252|2324328448|2330267648|sim_data_345e031ce91f1b82|__AUTOMETRIC__
__AUTOMETRIC__|0.1.2|11248|crew_log_881ae90a4d151b0d|0|1786323199.021|99.916|6.245|2324328448|2330267648|sim_data_345e031ce91f1b82|__AUTOMETRIC__
__AUTOMETRIC__|0.1.2|11248|crew_log_881ae90a4d151b0d|0|1786323200.036|100.049|6.253|2325176320|2331115520|sim_data_345e031ce91f1b82|__AUTOMETRIC__
__AUTOMETRIC__|0.1.2|11248|crew_log_881ae90a4d151b0d|0|1786323201.049|100.267|6.267|2325176320|2331115520|sim_data_345e031ce91f1b82|__AUTOMETRIC__
__AUTOMETRIC__|0.1.2|11248|crew_log_881ae90a4d151b0d|0|1786323202.063|100.154|6.260|2325176320|2331115520|sim_data_345e031ce91f1b82|__AUTOMETRIC__
__AUTOMETRIC__|0.1.2|11248|crew_log_881ae90a4d151b0d|0|1786323203.064|99.927|6.245|2325176320|2331115520|sim_data_345e031ce91f1b82|__AUTOMETRIC__
__AUTOMETRIC__|0.1.2|11248|crew_log_881ae90a4d151b0d|0|1786323204.076|100.333|6.271|2325176320|2331115520|sim_data_345e031ce91f1b82|__AUTOMETRIC__
__AUTOMETRIC__|0.1.2|11248|crew_log_881ae90a4d151b0d|0|1786323205.090|100.196|6.262|2325176320|2331115520|sim_data_345e031ce91f1b82|__AUTOMETRIC__
__AUTOMETRIC__|0.1.2|11248|crew_log_881ae90a4d151b0d|0|1786323206.103|100.260|6.266|2325176320|2331115520|sim_data_345e031ce91f1b82|__AUTOMETRIC__
__AUTOMETRIC__|0.1.2|11248|crew_log_881ae90a4d151b0d|0|1786323207.111|91.460|5.716|2326155264|2332094464|sim_data_345e031ce91f1b82|__AUTOMETRIC__
__AUTOMETRIC__|0.1.2|11248|crew_log_881ae90a4d151b0d|0|1786323208.121|94.334|5.896|2326183936|2332094464|sim_data_345e031ce91f1b82|__AUTOMETRIC__
__AUTOMETRIC__|0.1.2|11248|crew_log_881ae90a4d151b0d|0|1786323209.130|97.624|6.102|2326183936|2332094464|sim_data_345e031ce91f1b82|__AUTOMETRIC__
__AUTOMETRIC__|0.1.2|11248|crew_log_881ae90a4d151b0d|0|1786323210.142|100.362|6.273|2326183936|2332094464|sim_data_345e031ce91f1b82|__AUTOMETRIC__
__AUTOMETRIC__|0.1.2|11248|crew_log_881ae90a4d151b0d|0|1786323211.156|100.088|6.256|2326192128|2332102656|sim_data_345e031ce91f1b82|__AUTOMETRIC__
__AUTOMETRIC__|0.1.2|11248|crew_log_881ae90a4d151b0d|0|1786323212.169|100.315|6.270|2327105536|2333016064|sim_data_345e031ce91f1b82|__AUTOMETRIC__
__AUTOMETRIC__|0.1.2|11248|crew_log_881ae90a4d151b0d|0|1786323213.179|100.516|6.282|2327044096|2332954624|sim_data_345e031ce91f1b82|__AUTOMETRIC__
__AUTOMETRIC__|0.1.2|11248|crew_log_881ae90a4d151b0d|0|1786323214.190|98.884|6.180|2327035904|2332946432|sim_data_345e031ce91f1b82|__AUTOMETRIC__
__AUTOMETRIC__|0.1.2|11248|crew_log_881ae90a4d151b0d|0|1786323215.201|100.546|6.284|2327044096|2332954624|sim_data_345e031ce91f1b82|__AUTOMETRIC__
__AUTOMETRIC__|0.1.2|11248|crew_log_881ae90a4d151b0d|0|1786323216.210|99.042|6.190|2327035904|2332946432|sim_data_345e031ce91f1b82|__AUTOMETRIC__
__AUTOMETRIC__|0.1.2|11248|crew_log_881ae90a4d151b0d|0|1786323217.221|98.917|6.182|2327035904|2332946432|sim_data_345e031ce91f1b82|__AUTOMETRIC__
__AUTOMETRIC__|0.1.2|11248|crew_log_881ae90a4d151b0d|0|1786323218.233|100.402|6.275|2560974848|2567008256|sim_data_345e031ce91f1b82|__AUTOMETRIC__
__AUTOMETRIC__|0.1.2|11248|crew_log_881ae90a4d151b0d|0|1786323219.247|103.242|6.453|2393333760|2399305728|sim_data_345e031ce91f1b82|__AUTOMETRIC__
__AUTOMETRIC__|0.1.2|11248|crew_log_881ae90a4d151b0d|0|1786323220.260|98.720|6.170|2400608256|2406699008|sim_data_345e031ce91f1b82|__AUTOMETRIC__
__AUTOMETRIC__|0.1.2|11248|crew_log_881ae90a4d151b0d|0|1786323221.271|98.878|6.180|2332770304|2338979840|sim_data_345e031ce91f1b82|__AUTOMETRIC__
__AUTOMETRIC__|0.1.2|11248|crew_log_881ae90a4d151b0d|0|1786323222.284|100.308|6.269|2330103808|2336288768|sim_data_345e031ce91f1b82|__AUTOMETRIC__
__AUTOMETRIC__|0.1.2|11248|crew_log_881ae90a4d151b0d|0|1786323223.294|100.546|6.284|2327207936|2333073408|sim_data_345e031ce91f1b82|__AUTOMETRIC__
__AUTOMETRIC__|0.1.2|11248|crew_log_881ae90a4d151b0d|0|1786323224.306|100.273|6.267|2327207936|2333073408|sim_data_345e031ce91f1b82|__AUTOMETRIC__
__AUTOMETRIC__|0.1.2|11248|crew_log_881ae90a4d151b0d|0|1786323225.320|98.704|6.169|2327216128|2333081600|sim_data_345e031ce91f1b82|__AUTOMETRIC__
__AUTOMETRIC__|0.1.2|11248|crew_log_881ae90a4d151b0d|0|1786323226.335|98.520|6.158|2328203264|2334072832|sim_data_345e031ce91f1b82|__AUTOMETRIC__
__AUTOMETRIC__|0.1.2|11248|crew_log_881ae90a4d151b0d|0|1786323227.350|100.049|6.253|2328166400|2334031872|sim_data_345e031ce91f1b82|__AUTOMETRIC__
__AUTOMETRIC__|0.1.2|11248|crew_log_881ae90a4d151b0d|0|1786323228.362|101.871|6.367|2328166400|2334031872|sim_data_345e031ce91f1b82|__AUTOMETRIC__
__AUTOMETRIC__|0.1.2|11248|crew_log_881ae90a4d151b0d|0|1786323229.374|100.391|6.274|2328952832|2334818304|sim_data_345e031ce91f1b82|__AUTOMETRIC__
__AUTOMETRIC__|0.1.2|11248|crew_log_881ae90a4d151b0d|0|1786323230.385|100.412|6.276|2328952832|2334818304|sim_data_345e031ce91f1b82|__AUTOMETRIC__
__AUTOMETRIC__|0.1.2|11248|crew_log_881ae90a4d151b0d|0|1786323231.400|98.503|6.156|2328952832|2334818304|sim_data_345e031ce91f1b82|__AUTOMETRIC__
__AUTOMETRIC__|0.1.2|11248|crew_log_881ae90a4d151b0d|0|1786323232.415|98.591|6.162|2329989120|2335854592|sim_data_345e031ce91f1b82|__AUTOMETRIC__
__AUTOMETRIC__|0.1.2|11248|crew_log_881ae90a4d151b0d|0|1786323233.428|98.702|6.169|2329948160|2335813632|sim_data_345e031ce91f1b82|__AUTOMETRIC__
__AUTOMETRIC__|0.1.2|11248|crew_log_881ae90a4d151b0d|0|1786323234.431|102.756|6.422|2329948160|2335813632|sim_data_345e031ce91f1b82|__AUTOMETRIC__
__AUTOMETRIC__|0.1.2|11248|crew_log_881ae90a4d151b0d|0|1786323235.438|97.822|6.114|2486546432|2492526592|sim_data_345e031ce91f1b82|__AUTOMETRIC__
__AUTOMETRIC__|0.1.2|11248|crew_log_881ae90a4d151b0d|0|1786323236.443|104.124|6.508|2387189760|2393202688|sim_data_345e031ce91f1b82|__AUTOMETRIC__
__AUTOMETRIC__|0.1.2|11248|crew_log_881ae90a4d151b0d|0|1786323237.448|101.054|6.316|2508918784|2514882560|sim_data_345e031ce91f1b82|__AUTOMETRIC__
__AUTOMETRIC__|0.1.2|11248|crew_log_881ae90a4d151b0d|0|1786323238.460|98.875|6.180|2511400960|2517364736|sim_data_345e031ce91f1b82|__AUTOMETRIC__
__AUTOMETRIC__|0.1.2|11248|crew_log_881ae90a4d151b0d|0|1786323239.463|101.230|6.327|2323169280|2329214976|sim_data_345e031ce91f1b82|__AUTOMETRIC__
__AUTOMETRIC__|0.1.2|11248|crew_log_881ae90a4d151b0d|0|1786323240.476|100.208|6.263|2329595904|2335932416|sim_data_345e031ce91f1b82|__AUTOMETRIC__
__AUTOMETRIC__|0.1.2|11248|crew_log_881ae90a4d151b0d|0|1786323241.480|98.052|6.128|2337468416|2343407616|sim_data_345e031ce91f1b82|__AUTOMETRIC__
__AUTOMETRIC__|0.1.2|11248|crew_log_881ae90a4d151b0d|0|1786323242.484|99.624|6.226|2336825344|2342703104|sim_data_345e031ce91f1b82|__AUTOMETRIC__
__AUTOMETRIC__|0.1.2|11248|crew_log_881ae90a4d151b0d|0|1786323243.484|98.418|6.151|2336833536|2342711296|sim_data_345e031ce91f1b82|__AUTOMETRIC__
__AUTOMETRIC__|0.1.2|11248|crew_log_881ae90a4d151b0d|0|1786323244.497|100.285|6.268|2336837632|2342715392|sim_data_345e031ce91f1b82|__AUTOMETRIC__
__AUTOMETRIC__|0.1.2|11248|crew_log_881ae90a4d151b0d|0|1786323245.520|99.276|6.205|2337517568|2343395328|sim_data_345e031ce91f1b82|__AUTOMETRIC__
__AUTOMETRIC__|0.1.2|11248|crew_log_881ae90a4d151b0d|0|1786323246.522|98.261|6.141|2337525760|2343403520|sim_data_345e031ce91f1b82|__AUTOMETRIC__
__AUTOMETRIC__|0.1.2|11248|crew_log_881ae90a4d151b0d|0|1786323247.535|101.803|6.363|2337525760|2343403520|sim_data_345e031ce91f1b82|__AUTOMETRIC__
__AUTOMETRIC__|0.1.2|11248|crew_log_881ae90a4d151b0d|0|1786323248.537|98.218|6.139|2338512896|2344390656|sim_data_345e031ce91f1b82|__AUTOMETRIC__
__AUTOMETRIC__|0.1.2|11248|crew_log_881ae90a4d151b0d|0|1786323249.549|101.903|6.369|2338435072|2344312832|sim_data_345e031ce91f1b82|__AUTOMETRIC__
__AUTOMETRIC__|0.1.2|11248|crew_log_881ae90a4d151b0d|0|1786323250.550|99.936|6.246|2338435072|2344312832|sim_data_345e031ce91f1b82|__AUTOMETRIC__
__AUTOMETRIC__|0.1.2|11248|crew_log_881ae90a4d151b0d|0|1786323251.552|96.660|6.041|2339385344|2345263104|sim_data_345e031ce91f1b82|__AUTOMETRIC__
__AUTOMETRIC__|0.1.2|11248|crew_log_881ae90a4d151b0d|0|1786323252.555|99.694|6.231|2339323904|2345201664|sim_data_345e031ce91f1b82|__AUTOMETRIC__
__AUTOMETRIC__|0.1.2|11248|crew_log_881ae90a4d151b0d|0|1786323253.566|97.360|6.085|2339323904|2345201664|sim_data_345e031ce91f1b82|__AUTOMETRIC__
__AUTOMETRIC__|0.1.2|11248|crew_log_881ae90a4d151b0d|0|1786323254.574|100.751|6.297|2339319808|2345197568|sim_data_345e031ce91f1b82|__AUTOMETRIC__
__AUTOMETRIC__|0.1.2|11248|crew_log_881ae90a4d151b0d|0|1786323255.578|101.211|6.326|2339319808|2345197568|sim_data_345e031ce91f1b82|__AUTOMETRIC__
__AUTOMETRIC__|0.1.2|11248|crew_log_881ae90a4d151b0d|0|1786323256.584|99.338|6.209|2339319808|2345197568|sim_data_345e031ce91f1b82|__AUTOMETRIC__
__AUTOMETRIC__|0.1.2|11248|crew_log_881ae90a4d151b0d|0|1786323257.592|102.305|6.394|2570117120|2576293888|sim_data_345e031ce91f1b82|__AUTOMETRIC__
__AUTOMETRIC__|0.1.2|11248|crew_log_881ae90a4d151b0d|0|1786323258.596|101.138|6.321|2429120512|2435141632|sim_data_345e031ce91f1b82|__AUTOMETRIC__
__AUTOMETRIC__|0.1.2|11248|crew_log_881ae90a4d151b0d|0|1786323259.598|99.857|6.241|2428747776|2434859008|sim_data_345e031ce91f1b82|__AUTOMETRIC__
__AUTOMETRIC__|0.1.2|11248|crew_log_881ae90a4d151b0d|0|1786323260.599|99.864|6.242|2435420160|2441707520|sim_data_345e031ce91f1b82|__AUTOMETRIC__
__AUTOMETRIC__|0.1.2|11248|crew_log_881ae90a4d151b0d|0|1786323261.603|102.762|6.423|2355486720|2362044416|sim_data_345e031ce91f1b82|__AUTOMETRIC__
__AUTOMETRIC__|0.1.2|11248|crew_log_881ae90a4d151b0d|0|1786323262.609|99.359|6.210|2340757504|2346799104|sim_data_345e031ce91f1b82|__AUTOMETRIC__
__AUTOMETRIC__|0.1.2|11248|crew_log_881ae90a4d151b0d|0|1786323263.618|99.145|6.197|2340548608|2346512384|sim_data_345e031ce91f1b82|__AUTOMETRIC__
__AUTOMETRIC__|0.1.2|11248|crew_log_881ae90a4d151b0d|0|1786323264.627|99.094|6.193|2340384768|2346348544|sim_data_345e031ce91f1b82|__AUTOMETRIC__
__AUTOMETRIC__|0.1.2|11248|crew_log_881ae90a4d151b0d|0|1786323265.630|99.701|6.231|2340265984|2346135552|sim_data_345e031ce91f1b82|__AUTOMETRIC__
__AUTOMETRIC__|0.1.2|11248|crew_log_881ae90a4d151b0d|0|1786323266.631|99.941|6.246|2340265984|2346135552|sim_data_345e031ce91f1b82|__AUTOMETRIC__
__AUTOMETRIC__|0.1.2|11248|crew_log_881ae90a4d151b0d|0|1786323267.636|101.035|6.315|2340265984|2346135552|sim_data_345e031ce91f1b82|__AUTOMETRIC__
__AUTOMETRIC__|0.1.2|11248|crew_log_881ae90a4d151b0d|0|1786323268.643|99.321|6.208|2340270080|2346139648|sim_data_345e031ce91f1b82|__AUTOMETRIC__
__AUTOMETRIC__|0.1.2|11248|crew_log_881ae90a4d151b0d|0|1786323269.649|100.939|6.309|2340278272|2346147840|sim_data_345e031ce91f1b82|__AUTOMETRIC__
__AUTOMETRIC__|0.1.2|11248|crew_log_881ae90a4d151b0d|0|1786323270.652|99.672|6.229|2308767744|2346135552|sim_data_345e031ce91f1b82|__AUTOMETRIC__
__AUTOMETRIC__|0.1.2|11248|crew_log_881ae90a4d151b0d|0|1786323271.666|100.177|6.261|2308767744|2346135552|sim_data_345e031ce91f1b82|__AUTOMETRIC__
__AUTOMETRIC__|0.1.2|11248|crew_log_881ae90a4d151b0d|0|1786323272.677|95.781|5.986|2308767744|2346135552|sim_data_345e031ce91f1b82|__AUTOMETRIC__
__AUTOMETRIC__|0.1.2|11248|crew_log_881ae90a4d151b0d|0|1786323273.686|102.210|6.388|2308767744|2346135552|sim_data_345e031ce91f1b82|__AUTOMETRIC__
__AUTOMETRIC__|0.1.2|11248|crew_log_881ae90a4d151b0d|0|1786323274.698|100.429|6.277|2308767744|2346135552|sim_data_345e031ce91f1b82|__AUTOMETRIC__
__AUTOMETRIC__|0.1.2|11248|crew_log_881ae90a4d151b0d|0|1786323275.712|100.169|6.261|2308767744|2346135552|sim_data_345e031ce91f1b82|__AUTOMETRIC__
__AUTOMETRIC__|0.1.2|11248|crew_log_881ae90a4d151b0d|0|1786323276.725|98.677|6.167|2308767744|2346135552|sim_data_345e031ce91f1b82|__AUTOMETRIC__
__AUTOMETRIC__|0.1.2|11248|crew_log_881ae90a4d151b0d|0|1786323277.740|101.626|6.352|2308767744|2346135552|sim_data_345e031ce91f1b82|__AUTOMETRIC__
__AUTOMETRIC__|0.1.2|11248|crew_log_881ae90a4d151b0d|0|1786323278.740|100.002|6.250|2308767744|2346135552|sim_data_345e031ce91f1b82|__AUTOMETRIC__
__AUTOMETRIC__|0.1.2|11248|crew_log_881ae90a4d151b0d|0|1786323279.753|98.707|6.169|2308767744|2346135552|sim_data_345e031ce91f1b82|__AUTOMETRIC__
__AUTOMETRIC__|0.1.2|11248|crew_log_881ae90a4d151b0d|0|1786323280.764|98.881|6.180|2308767744|2346135552|sim_data_345e031ce91f1b82|__AUTOMETRIC__
__AUTOMETRIC__|0.1.2|11248|crew_log_881ae90a4d151b0d|0|1786323281.777|100.284|6.268|2308767744|2346135552|sim_data_345e031ce91f1b82|__AUTOMETRIC__
__AUTOMETRIC__|0.1.2|11248|crew_log_881ae90a4d151b0d|0|1786323282.788|100.395|6.275|2308767744|2346135552|sim_data_345e031ce91f1b82|__AUTOMETRIC__
__AUTOMETRIC__|0.1.2|11248|crew_log_881ae90a4d151b0d|0|1786323283.794|99.433|6.215|2308767744|2346135552|sim_data_345e031ce91f1b82|__AUTOMETRIC__
__AUTOMETRIC__|0.1.2|11248|crew_log_881ae90a4d151b0d|0|1786323284.799|97.936|6.121|2308767744|2346135552|sim_data_345e031ce91f1b82|__AUTOMETRIC__
__AUTOMETRIC__|0.1.2|11248|crew_log_881ae90a4d151b0d|0|1786323285.802|99.776|6.236|2308767744|2346135552|sim_data_345e031ce91f1b82|__AUTOMETRIC__
__AUTOMETRIC__|0.1.2|11248|crew_log_881ae90a4d151b0d|0|1786323286.807|99.436|6.215|2308767744|2346135552|sim_data_345e031ce91f1b82|__AUTOMETRIC__
__AUTOMETRIC__|0.1.2|11248|crew_log_881ae90a4d151b0d|0|1786323287.816|99.167|6.198|2308767744|2346135552|sim_data_345e031ce91f1b82|__AUTOMETRIC__
__AUTOMETRIC__|0.1.2|11248|crew_log_881ae90a4d151b0d|0|1786323288.818|98.161|6.135|2308767744|2346135552|sim_data_345e031ce91f1b82|__AUTOMETRIC__
__AUTOMETRIC__|0.1.2|11248|crew_log_881ae90a4d151b0d|0|1786323289.821|102.870|6.429|2308767744|2346135552|sim_data_345e031ce91f1b82|__AUTOMETRIC__
__AUTOMETRIC__|0.1.2|11248|crew_log_881ae90a4d151b0d|0|1786323290.826|99.472|6.217|2308767744|2346135552|sim_data_345e031ce91f1b82|__AUTOMETRIC__
__AUTOMETRIC__|0.1.2|11248|crew_log_881ae90a4d151b0d|0|1786323291.832|100.957|6.310|2309767168|2347134976|sim_data_345e031ce91f1b82|__AUTOMETRIC__
__AUTOMETRIC__|0.1.2|11248|crew_log_881ae90a4d151b0d|0|1786323292.835|99.757|6.235|2309709824|2347077632|sim_data_345e031ce91f1b82|__AUTOMETRIC__
__AUTOMETRIC__|0.1.2|11248|crew_log_881ae90a4d151b0d|0|1786323293.840|99.474|6.217|2309709824|2347077632|sim_data_345e031ce91f1b82|__AUTOMETRIC__
__AUTOMETRIC__|0.1.2|11248|crew_log_881ae90a4d151b0d|0|1786323294.847|97.776|6.111|2309709824|2347077632|sim_data_345e031ce91f1b82|__AUTOMETRIC__
__AUTOMETRIC__|0.1.2|11248|crew_log_881ae90a4d151b0d|0|1786323295.847|99.932|6.246|2309709824|2347077632|sim_data_345e031ce91f1b82|__AUTOMETRIC__
__AUTOMETRIC__|0.1.2|11248|crew_log_881ae90a4d151b0d|0|1786323296.858|100.458|6.279|2309709824|2347077632|sim_data_345e031ce91f1b82|__AUTOMETRIC__
__AUTOMETRIC__|0.1.2|11248|crew_log_881ae90a4d151b0d|0|1786323297.869|98.949|6.184|2309709824|2347077632|sim_data_345e031ce91f1b82|__AUTOMETRIC__
__AUTOMETRIC__|0.1.2|11248|crew_log_881ae90a4d151b0d|0|1786323298.878|97.559|6.097|2309709824|2347077632|sim_data_345e031ce91f1b82|__AUTOMETRIC__
__AUTOMETRIC__|0.1.2|11248|crew_log_881ae90a4d151b0d|0|1786323299.883|101.066|6.317|2309709824|2347077632|sim_data_345e031ce91f1b82|__AUTOMETRIC__
__AUTOMETRIC__|0.1.2|11248|crew_log_881ae90a4d151b0d|0|1786323300.889|99.354|6.210|2309709824|2347077632|sim_data_345e031ce91f1b82|__AUTOMETRIC__
__AUTOMETRIC__|0.1.2|11248|crew_log_881ae90a4d151b0d|0|1786323301.898|100.747|6.297|2309709824|2347077632|sim_data_345e031ce91f1b82|__AUTOMETRIC__
__AUTOMETRIC__|0.1.2|11248|crew_log_881ae90a4d151b0d|0|1786323302.905|99.266|6.204|2309709824|2347077632|sim_data_345e031ce91f1b82|__AUTOMETRIC__
__AUTOMETRIC__|0.1.2|11248|crew_log_881ae90a4d151b0d|0|1786323303.916|100.468|6.279|2309709824|2347077632|sim_data_345e031ce91f1b82|__AUTOMETRIC__
__AUTOMETRIC__|0.1.2|11248|crew_log_881ae90a4d151b0d|0|1786323304.927|98.892|6.181|2309709824|2347077632|sim_data_345e031ce91f1b82|__AUTOMETRIC__
__AUTOMETRIC__|0.1.2|11248|crew_log_881ae90a4d151b0d|0|1786323305.929|101.329|6.333|2309709824|2347077632|sim_data_345e031ce91f1b82|__AUTOMETRIC__
__AUTOMETRIC__|0.1.2|11248|crew_log_881ae90a4d151b0d|0|1786323306.940|98.960|6.185|2309709824|2347077632|sim_data_345e031ce91f1b82|__AUTOMETRIC__
__AUTOMETRIC__|0.1.2|11248|crew_log_881ae90a4d151b0d|0|1786323307.941|98.296|6.144|2309722112|2347089920|sim_data_345e031ce91f1b82|__AUTOMETRIC__
__AUTOMETRIC__|0.1.2|11248|crew_log_881ae90a4d151b0d|0|1786323308.949|100.784|6.299|2309722112|2347089920|sim_data_345e031ce91f1b82|__AUTOMETRIC__
__AUTOMETRIC__|0.1.2|11248|crew_log_881ae90a4d151b0d|0|1786323309.951|99.823|6.239|2310717440|2348085248|sim_data_345e031ce91f1b82|__AUTOMETRIC__
__AUTOMETRIC__|0.1.2|11248|crew_log_881ae90a4d151b0d|0|1786323310.959|99.216|6.201|2310635520|2348003328|sim_data_345e031ce91f1b82|__AUTOMETRIC__
__AUTOMETRIC__|0.1.2|11248|crew_log_881ae90a4d151b0d|0|1786323311.960|101.443|6.340|2310635520|2348003328|sim_data_345e031ce91f1b82|__AUTOMETRIC__
__AUTOMETRIC__|0.1.2|11248|crew_log_881ae90a4d151b0d|0|1786323312.967|99.302|6.206|2310635520|2348003328|sim_data_345e031ce91f1b82|__AUTOMETRIC__
__AUTOMETRIC__|0.1.2|11248|crew_log_881ae90a4d151b0d|0|1786323313.981|100.180|6.261|2310635520|2348003328|sim_data_345e031ce91f1b82|__AUTOMETRIC__
__AUTOMETRIC__|0.1.2|11248|crew_log_881ae90a4d151b0d|0|1786323314.993|97.244|6.078|2310635520|2348003328|sim_data_345e031ce91f1b82|__AUTOMETRIC__
__AUTOMETRIC__|0.1.2|11248|crew_log_881ae90a4d151b0d|0|1786323316.001|96.075|6.005|2310635520|2348003328|sim_data_345e031ce91f1b82|__AUTOMETRIC__
__AUTOMETRIC__|0.1.2|11248|crew_log_881ae90a4d151b0d|0|1786323317.179|92.839|5.802|2310635520|2348003328|sim_data_345e031ce91f1b82|__AUTOMETRIC__
__AUTOMETRIC__|0.1.2|11248|crew_log_881ae90a4d151b0d|0|1786323318.187|97.670|6.104|2310635520|2348003328|sim_data_345e031ce91f1b82|__AUTOMETRIC__
__AUTOMETRIC__|0.1.2|11248|crew_log_881ae90a4d151b0d|0|1786323319.190|99.734|6.233|2310635520|2348003328|sim_data_345e031ce91f1b82|__AUTOMETRIC__
__AUTOMETRIC__|0.1.2|11248|crew_log_881ae90a4d151b0d|0|1786323320.200|99.026|6.189|2310647808|2348015616|sim_data_345e031ce91f1b82|__AUTOMETRIC__
__AUTOMETRIC__|0.1.2|11248|crew_log_881ae90a4d151b0d|0|1786323321.212|100.309|6.269|2310647808|2348015616|sim_data_345e031ce91f1b82|__AUTOMETRIC__
__AUTOMETRIC__|0.1.2|11248|crew_log_881ae90a4d151b0d|0|1786323322.225|100.234|6.265|2310647808|2348015616|sim_data_345e031ce91f1b82|__AUTOMETRIC__
__AUTOMETRIC__|0.1.2|11248|crew_log_881ae90a4d151b0d|0|1786323323.227|98.338|6.146|2310647808|2348015616|sim_data_345e031ce91f1b82|__AUTOMETRIC__
__AUTOMETRIC__|0.1.2|11248|crew_log_881ae90a4d151b0d|0|1786323324.236|97.550|6.097|2310647808|2348015616|sim_data_345e031ce91f1b82|__AUTOMETRIC__
__AUTOMETRIC__|0.1.2|11248|crew_log_881ae90a4d151b0d|0|1786323325.242|100.870|6.304|2310647808|2348015616|sim_data_345e031ce91f1b82|__AUTOMETRIC__
__AUTOMETRIC__|0.1.2|11248|crew_log_881ae90a4d151b0d|0|1786323326.252|99.062|6.191|2310647808|2348015616|sim_data_345e031ce91f1b82|__AUTOMETRIC__
__AUTOMETRIC__|0.1.2|11248|crew_log_881ae90a4d151b0d|0|1786323327.267|98.493|6.156|2310647808|2348015616|sim_data_345e031ce91f1b82|__AUTOMETRIC__
__AUTOMETRIC__|0.1.2|11248|crew_log_881ae90a4d151b0d|0|1786323328.282|100.100|6.256|2310647808|2348015616|sim_data_345e031ce91f1b82|__AUTOMETRIC__
__AUTOMETRIC__|0.1.2|11248|crew_log_881ae90a4d151b0d|0|1786323329.292|99.011|6.188|2310647808|2348015616|sim_data_345e031ce91f1b82|__AUTOMETRIC__
__AUTOMETRIC__|0.1.2|11248|crew_log_881ae90a4d151b0d|0|1786323330.307|100.045|6.253|2311610368|2348978176|sim_data_345e031ce91f1b82|__AUTOMETRIC__
__AUTOMETRIC__|0.1.2|11248|crew_log_881ae90a4d151b0d|0|1786323331.319|98.806|6.175|2311581696|2348949504|sim_data_345e031ce91f1b82|__AUTOMETRIC__
__AUTOMETRIC__|0.1.2|11248|crew_log_881ae90a4d151b0d|0|1786323332.329|99.058|6.191|2311573504|2348941312|sim_data_345e031ce91f1b82|__AUTOMETRIC__
__AUTOMETRIC__|0.1.2|11248|crew_log_881ae90a4d151b0d|0|1786323333.334|99.450|6.216|2311581696|2348949504|sim_data_345e031ce91f1b82|__AUTOMETRIC__
__AUTOMETRIC__|0.1.2|11248|crew_log_881ae90a4d151b0d|0|1786323334.349|103.166|6.448|2311581696|2348949504|sim_data_345e031ce91f1b82|__AUTOMETRIC__
__AUTOMETRIC__|0.1.2|11248|crew_log_881ae90a4d151b0d|0|1786323335.363|100.197|6.262|2311569408|2348937216|sim_data_345e031ce91f1b82|__AUTOMETRIC__
__AUTOMETRIC__|0.1.2|11248|crew_log_881ae90a4d151b0d|0|1786323336.364|99.898|6.244|2311569408|2348937216|sim_data_345e031ce91f1b82|__AUTOMETRIC__
__AUTOMETRIC__|0.1.2|11248|crew_log_881ae90a4d151b0d|0|1786323337.375|98.861|6.179|2311569408|2348937216|sim_data_345e031ce91f1b82|__AUTOMETRIC__
__AUTOMETRIC__|0.1.2|11248|crew_log_881ae90a4d151b0d|0|1786323338.389|100.134|6.258|2311569408|2348937216|sim_data_345e031ce91f1b82|__AUTOMETRIC__
__AUTOMETRIC__|0.1.2|11248|crew_log_881ae90a4d151b0d|0|1786323339.400|100.461|6.279|2311569408|2348937216|sim_data_345e031ce91f1b82|__AUTOMETRIC__
__AUTOMETRIC__|0.1.2|11248|crew_log_881ae90a4d151b0d|0|1786323340.412|97.252|6.078|2311569408|2348937216|sim_data_345e031ce91f1b82|__AUTOMETRIC__
__AUTOMETRIC__|0.1.2|11248|crew_log_881ae90a4d151b0d|0|1786323341.426|103.246|6.453|2311569408|2348937216|sim_data_345e031ce91f1b82|__AUTOMETRIC__
__AUTOMETRIC__|0.1.2|11248|crew_log_881ae90a4d151b0d|0|1786323342.438|100.411|6.276|2311569408|2348937216|sim_data_345e031ce91f1b82|__AUTOMETRIC__
__AUTOMETRIC__|0.1.2|11248|crew_log_881ae90a4d151b0d|0|1786323343.450|100.328|6.271|2311569408|2348937216|sim_data_345e031ce91f1b82|__AUTOMETRIC__
__AUTOMETRIC__|0.1.2|11248|crew_log_881ae90a4d151b0d|0|1786323344.453|99.753|6.235|2311569408|2348937216|sim_data_345e031ce91f1b82|__AUTOMETRIC__
__AUTOMETRIC__|0.1.2|11248|crew_log_881ae90a4d151b0d|0|1786323345.468|98.453|6.153|2311569408|2348937216|sim_data_345e031ce91f1b82|__AUTOMETRIC__
__AUTOMETRIC__|0.1.2|11248|crew_log_881ae90a4d151b0d|0|1786323346.483|100.123|6.258|2311569408|2348937216|sim_data_345e031ce91f1b82|__AUTOMETRIC__
__AUTOMETRIC__|0.1.2|11248|crew_log_881ae90a4d151b0d|0|1786323347.496|100.245|6.265|2311569408|2348937216|sim_data_345e031ce91f1b82|__AUTOMETRIC__
__AUTOMETRIC__|0.1.2|11248|crew_log_881ae90a4d151b0d|0|1786323348.498|99.823|6.239|2311569408|2348937216|sim_data_345e031ce91f1b82|__AUTOMETRIC__
__AUTOMETRIC__|0.1.2|11248|crew_log_881ae90a4d151b0d|0|1786323349.504|99.398|6.212|2311569408|2348937216|sim_data_345e031ce91f1b82|__AUTOMETRIC__
__AUTOMETRIC__|0.1.2|11248|crew_log_881ae90a4d151b0d|0|1786323350.506|99.746|6.234|2311569408|2348937216|sim_data_345e031ce91f1b82|__AUTOMETRIC__
__AUTOMETRIC__|0.1.2|11248|crew_log_881ae90a4d151b0d|0|1786323351.521|100.127|6.258|2311569408|2348937216|sim_data_345e031ce91f1b82|__AUTOMETRIC__
__AUTOMETRIC__|0.1.2|11248|crew_log_881ae90a4d151b0d|0|1786323352.532|100.383|6.274|2311569408|2348937216|sim_data_345e031ce91f1b82|__AUTOMETRIC__
__AUTOMETRIC__|0.1.2|11248|crew_log_881ae90a4d151b0d|0|1786323353.548|100.047|6.253|2437935104|2475311104|sim_data_345e031ce91f1b82|__AUTOMETRIC__
__AUTOMETRIC__|0.1.2|11248|crew_log_881ae90a4d151b0d|0|1786323354.549|99.865|6.242|2617778176|2655514624|sim_data_345e031ce91f1b82|__AUTOMETRIC__
__AUTOMETRIC__|0.1.2|11248|crew_log_881ae90a4d151b0d|0|1786323355.550|102.986|6.437|2443763712|2481336320|sim_data_345e031ce91f1b82|__AUTOMETRIC__
__AUTOMETRIC__|0.1.2|11248|crew_log_881ae90a4d151b0d|0|1786323356.566|100.002|6.250|2444722176|2482499584|sim_data_345e031ce91f1b82|__AUTOMETRIC__
__AUTOMETRIC__|0.1.2|11248|crew_log_881ae90a4d151b0d|0|1786323357.579|101.807|6.363|2308820992|2346713088|sim_data_345e031ce91f1b82|__AUTOMETRIC__
__AUTOMETRIC__|0.1.2|11248|crew_log_881ae90a4d151b0d|0|1786323358.586|99.312|6.207|2315345920|2353385472|sim_data_345e031ce91f1b82|__AUTOMETRIC__
__AUTOMETRIC__|0.1.2|11248|crew_log_881ae90a4d151b0d|0|1786323359.597|98.887|6.180|2314141696|2351661056|sim_data_345e031ce91f1b82|__AUTOMETRIC__
__AUTOMETRIC__|0.1.2|11248|crew_log_881ae90a4d151b0d|0|1786323360.609|100.330|6.271|2313383936|2350809088|sim_data_345e031ce91f1b82|__AUTOMETRIC__
__AUTOMETRIC__|0.1.2|11248|crew_log_881ae90a4d151b0d|0|1786323361.611|98.260|6.141|2313383936|2350809088|sim_data_345e031ce91f1b82|__AUTOMETRIC__
__AUTOMETRIC__|0.1.2|11248|crew_log_881ae90a4d151b0d|0|1786323362.628|99.915|6.245|2314317824|2351742976|sim_data_345e031ce91f1b82|__AUTOMETRIC__
__AUTOMETRIC__|0.1.2|11248|crew_log_881ae90a4d151b0d|0|1786323363.636|97.645|6.103|2314293248|2351718400|sim_data_345e031ce91f1b82|__AUTOMETRIC__
__AUTOMETRIC__|0.1.2|11248|crew_log_881ae90a4d151b0d|0|1786323364.639|99.692|6.231|2314293248|2351718400|sim_data_345e031ce91f1b82|__AUTOMETRIC__
__AUTOMETRIC__|0.1.2|11248|crew_log_881ae90a4d151b0d|0|1786323365.644|99.522|6.220|2314293248|2351718400|sim_data_345e031ce91f1b82|__AUTOMETRIC__
__AUTOMETRIC__|0.1.2|11248|crew_log_881ae90a4d151b0d|0|1786323366.644|96.846|6.053|2315223040|2352648192|sim_data_345e031ce91f1b82|__AUTOMETRIC__
__AUTOMETRIC__|0.1.2|11248|crew_log_881ae90a4d151b0d|0|1786323367.656|100.297|6.269|2315223040|2352648192|sim_data_345e031ce91f1b82|__AUTOMETRIC__
__AUTOMETRIC__|0.1.2|11248|crew_log_881ae90a4d151b0d|0|1786323368.672|98.504|6.157|2315223040|2352648192|sim_data_345e031ce91f1b82|__AUTOMETRIC__
__AUTOMETRIC__|0.1.2|11248|crew_log_881ae90a4d151b0d|0|1786323369.680|100.701|6.294|2315235328|2352660480|sim_data_345e031ce91f1b82|__AUTOMETRIC__
__AUTOMETRIC__|0.1.2|11248|crew_log_881ae90a4d151b0d|0|1786323370.686|99.469|6.217|2315227136|2352652288|sim_data_345e031ce91f1b82|__AUTOMETRIC__
__AUTOMETRIC__|0.1.2|11248|crew_log_881ae90a4d151b0d|0|1786323371.691|97.903|6.119|2316193792|2353618944|sim_data_345e031ce91f1b82|__AUTOMETRIC__
__AUTOMETRIC__|0.1.2|11248|crew_log_881ae90a4d151b0d|0|1786323372.700|100.615|6.288|2316136448|2353561600|sim_data_345e031ce91f1b82|__AUTOMETRIC__
__AUTOMETRIC__|0.1.2|11248|crew_log_881ae90a4d151b0d|0|1786323373.706|99.442|6.215|2316136448|2353561600|sim_data_345e031ce91f1b82|__AUTOMETRIC__
__AUTOMETRIC__|0.1.2|11248|crew_log_881ae90a4d151b0d|0|1786323374.716|100.574|6.286|2316132352|2353557504|sim_data_345e031ce91f1b82|__AUTOMETRIC__
__AUTOMETRIC__|0.1.2|11248|crew_log_881ae90a4d151b0d|0|1786323375.725|99.129|6.196|2316132352|2353557504|sim_data_345e031ce91f1b82|__AUTOMETRIC__
__AUTOMETRIC__|0.1.2|11248|crew_log_881ae90a4d151b0d|0|1786323376.737|103.447|6.465|2388430848|2425921536|sim_data_345e031ce91f1b82|__AUTOMETRIC__
__AUTOMETRIC__|0.1.2|11248|crew_log_881ae90a4d151b0d|0|1786323377.749|100.297|6.269|2572193792|2610020352|sim_data_345e031ce91f1b82|__AUTOMETRIC__
__AUTOMETRIC__|0.1.2|11248|crew_log_881ae90a4d151b0d|0|1786323378.763|104.853|6.553|2398838784|2436411392|sim_data_345e031ce91f1b82|__AUTOMETRIC__
__AUTOMETRIC__|0.1.2|11248|crew_log_881ae90a4d151b0d|0|1786323379.768|99.433|6.215|2401808384|2439495680|sim_data_345e031ce91f1b82|__AUTOMETRIC__
__AUTOMETRIC__|0.1.2|11248|crew_log_881ae90a4d151b0d|0|1786323380.775|103.935|6.496|2311385088|2349043712|sim_data_345e031ce91f1b82|__AUTOMETRIC__
__AUTOMETRIC__|0.1.2|11248|crew_log_881ae90a4d151b0d|0|1786323381.788|98.796|6.175|2316926976|2354614272|sim_data_345e031ce91f1b82|__AUTOMETRIC__
__AUTOMETRIC__|0.1.2|11248|crew_log_881ae90a4d151b0d|0|1786323382.799|100.399|6.275|2318569472|2356088832|sim_data_345e031ce91f1b82|__AUTOMETRIC__
__AUTOMETRIC__|0.1.2|11248|crew_log_881ae90a4d151b0d|0|1786323383.811|98.836|6.177|2317815808|2355232768|sim_data_345e031ce91f1b82|__AUTOMETRIC__
__AUTOMETRIC__|0.1.2|11248|crew_log_881ae90a4d151b0d|0|1786323384.821|100.608|6.288|2317807616|2355224576|sim_data_345e031ce91f1b82|__AUTOMETRIC__
__AUTOMETRIC__|0.1.2|11248|crew_log_881ae90a4d151b0d|0|1786323385.835|100.118|6.257|2318680064|2356097024|sim_data_345e031ce91f1b82|__AUTOMETRIC__
__AUTOMETRIC__|0.1.2|11248|crew_log_881ae90a4d151b0d|0|1786323386.845|98.979|6.186|2318635008|2356051968|sim_data_345e031ce91f1b82|__AUTOMETRIC__
__AUTOMETRIC__|0.1.2|11248|crew_log_881ae90a4d151b0d|0|1786323387.858|98.695|6.168|2318639104|2356056064|sim_data_345e031ce91f1b82|__AUTOMETRIC__
__AUTOMETRIC__|0.1.2|11248|crew_log_881ae90a4d151b0d|0|1786323388.870|100.383|6.274|2319654912|2357071872|sim_data_345e031ce91f1b82|__AUTOMETRIC__
__AUTOMETRIC__|0.1.2|11248|crew_log_881ae90a4d151b0d|0|1786323389.883|98.716|6.170|2319626240|2357043200|sim_data_345e031ce91f1b82|__AUTOMETRIC__
__AUTOMETRIC__|0.1.2|11248|crew_log_881ae90a4d151b0d|0|1786323390.892|97.583|6.099|2319626240|2357043200|sim_data_345e031ce91f1b82|__AUTOMETRIC__
__AUTOMETRIC__|0.1.2|11248|crew_log_881ae90a4d151b0d|0|1786323391.901|100.682|6.293|2319626240|2357043200|sim_data_345e031ce91f1b82|__AUTOMETRIC__
__AUTOMETRIC__|0.1.2|11248|crew_log_881ae90a4d151b0d|0|1786323392.905|99.536|6.221|2320543744|2357960704|sim_data_345e031ce91f1b82|__AUTOMETRIC__
__AUTOMETRIC__|0.1.2|11248|crew_log_881ae90a4d151b0d|0|1786323393.916|100.454|6.278|2320486400|2357903360|sim_data_345e031ce91f1b82|__AUTOMETRIC__
__AUTOMETRIC__|0.1.2|11248|crew_log_881ae90a4d151b0d|0|1786323394.931|100.123|6.258|2320478208|2357895168|sim_data_345e031ce91f1b82|__AUTOMETRIC__
__AUTOMETRIC__|0.1.2|11248|crew_log_881ae90a4d151b0d|0|1786323395.943|98.775|6.173|2538938368|2576596992|sim_data_345e031ce91f1b82|__AUTOMETRIC__
__AUTOMETRIC__|0.1.2|11248|crew_log_881ae90a4d151b0d|0|1786323396.954|103.608|6.475|2394091520|2431721472|sim_data_345e031ce91f1b82|__AUTOMETRIC__
__AUTOMETRIC__|0.1.2|11248|crew_log_881ae90a4d151b0d|0|1786323397.964|100.532|6.283|2394378240|2431963136|sim_data_345e031ce91f1b82|__AUTOMETRIC__
__AUTOMETRIC__|0.1.2|11248|crew_log_881ae90a4d151b0d|0|1786323398.979|101.595|6.350|2325983232|2363883520|sim_data_345e031ce91f1b82|__AUTOMETRIC__
__AUTOMETRIC__|0.1.2|11248|crew_log_881ae90a4d151b0d|0|1786323399.994|101.637|6.352|2318675968|2356211712|sim_data_345e031ce91f1b82|__AUTOMETRIC__
__AUTOMETRIC__|0.1.2|11248|crew_log_881ae90a4d151b0d|0|1786323401.004|97.387|6.087|2322829312|2360373248|sim_data_345e031ce91f1b82|__AUTOMETRIC__
__AUTOMETRIC__|0.1.2|11248|crew_log_881ae90a4d151b0d|0|1786323402.008|101.247|6.328|2321764352|2359177216|sim_data_345e031ce91f1b82|__AUTOMETRIC__
__AUTOMETRIC__|0.1.2|11248|crew_log_881ae90a4d151b0d|0|1786323403.016|99.124|6.195|2321764352|2359177216|sim_data_345e031ce91f1b82|__AUTOMETRIC__
__AUTOMETRIC__|0.1.2|11248|crew_log_881ae90a4d151b0d|0|1786323404.027|100.477|6.280|2321760256|2359173120|sim_data_345e031ce91f1b82|__AUTOMETRIC__
__AUTOMETRIC__|0.1.2|11248|crew_log_881ae90a4d151b0d|0|1786323405.043|98.443|6.153|2322751488|2360164352|sim_data_345e031ce91f1b82|__AUTOMETRIC__
__AUTOMETRIC__|0.1.2|11248|crew_log_881ae90a4d151b0d|0|1786323406.055|100.331|6.271|2322685952|2360098816|sim_data_345e031ce91f1b82|__AUTOMETRIC__
__AUTOMETRIC__|0.1.2|11248|crew_log_881ae90a4d151b0d|0|1786323407.056|99.874|6.242|2322685952|2360098816|sim_data_345e031ce91f1b82|__AUTOMETRIC__
__AUTOMETRIC__|0.1.2|11248|crew_log_881ae90a4d151b0d|0|1786323408.070|101.717|6.357|2322685952|2360098816|sim_data_345e031ce91f1b82|__AUTOMETRIC__
__AUTOMETRIC__|0.1.2|11248|crew_log_881ae90a4d151b0d|0|1786323409.073|99.758|6.235|2322685952|2360098816|sim_data_345e031ce91f1b82|__AUTOMETRIC__
__AUTOMETRIC__|0.1.2|11248|crew_log_881ae90a4d151b0d|0|1786323410.079|99.332|6.208|2323595264|2361008128|sim_data_345e031ce91f1b82|__AUTOMETRIC__
__AUTOMETRIC__|0.1.2|11248|crew_log_881ae90a4d151b0d|0|1786323411.094|100.077|6.255|2323558400|2360971264|sim_data_345e031ce91f1b82|__AUTOMETRIC__
__AUTOMETRIC__|0.1.2|11248|crew_log_881ae90a4d151b0d|0|1786323412.106|100.407|6.275|2323558400|2360971264|sim_data_345e031ce91f1b82|__AUTOMETRIC__
__AUTOMETRIC__|0.1.2|11248|crew_log_881ae90a4d151b0d|0|1786323413.120|100.095|6.256|2324643840|2362056704|sim_data_345e031ce91f1b82|__AUTOMETRIC__
__AUTOMETRIC__|0.1.2|11248|crew_log_881ae90a4d151b0d|0|1786323414.136|100.044|6.253|2324566016|2361978880|sim_data_345e031ce91f1b82|__AUTOMETRIC__
__AUTOMETRIC__|0.1.2|11248|crew_log_881ae90a4d151b0d|0|1786323415.147|98.844|6.178|2324566016|2361978880|sim_data_345e031ce91f1b82|__AUTOMETRIC__
__AUTOMETRIC__|0.1.2|11248|crew_log_881ae90a4d151b0d|0|1786323416.162|100.126|6.258|2491854848|2529267712|sim_data_345e031ce91f1b82|__AUTOMETRIC__
__AUTOMETRIC__|0.1.2|11248|crew_log_881ae90a4d151b0d|0|1786323417.175|104.813|6.551|2427305984|2465030144|sim_data_345e031ce91f1b82|__AUTOMETRIC__
__AUTOMETRIC__|0.1.2|11248|crew_log_881ae90a4d151b0d|0|1786323418.188|100.345|6.272|2427850752|2465398784|sim_data_345e031ce91f1b82|__AUTOMETRIC__
__AUTOMETRIC__|0.1.2|11248|crew_log_881ae90a4d151b0d|0|1786323419.189|99.821|6.239|2431430656|2469494784|sim_data_345e031ce91f1b82|__AUTOMETRIC__
__AUTOMETRIC__|0.1.2|11248|crew_log_881ae90a4d151b0d|0|1786323420.201|100.374|6.273|2325544960|2363351040|sim_data_345e031ce91f1b82|__AUTOMETRIC__
__AUTOMETRIC__|0.1.2|11248|crew_log_881ae90a4d151b0d|0|1786323421.213|100.364|6.273|2334486528|2372792320|sim_data_345e031ce91f1b82|__AUTOMETRIC__
__AUTOMETRIC__|0.1.2|11248|crew_log_881ae90a4d151b0d|0|1786323422.227|100.150|6.259|2332954624|2370424832|sim_data_345e031ce91f1b82|__AUTOMETRIC__
__AUTOMETRIC__|0.1.2|11248|crew_log_881ae90a4d151b0d|0|1786323423.242|98.546|6.159|2332467200|2369937408|sim_data_345e031ce91f1b82|__AUTOMETRIC__
__AUTOMETRIC__|0.1.2|11248|crew_log_881ae90a4d151b0d|0|1786323424.253|98.910|6.182|2332270592|2369740800|sim_data_345e031ce91f1b82|__AUTOMETRIC__
__AUTOMETRIC__|0.1.2|11248|crew_log_881ae90a4d151b0d|0|1786323425.260|99.282|6.205|2332270592|2369740800|sim_data_345e031ce91f1b82|__AUTOMETRIC__
__AUTOMETRIC__|0.1.2|11248|crew_log_881ae90a4d151b0d|0|1786323426.264|98.093|6.131|2332270592|2369740800|sim_data_345e031ce91f1b82|__AUTOMETRIC__
__AUTOMETRIC__|0.1.2|11248|crew_log_881ae90a4d151b0d|0|1786323427.265|98.313|6.145|2332270592|2369740800|sim_data_345e031ce91f1b82|__AUTOMETRIC__
__AUTOMETRIC__|0.1.2|11248|crew_log_881ae90a4d151b0d|0|1786323428.267|99.837|6.240|2332270592|2369740800|sim_data_345e031ce91f1b82|__AUTOMETRIC__
__AUTOMETRIC__|0.1.2|11248|crew_log_881ae90a4d151b0d|0|1786323429.273|100.958|6.310|2332270592|2369740800|sim_data_345e031ce91f1b82|__AUTOMETRIC__
__AUTOMETRIC__|0.1.2|11248|crew_log_881ae90a4d151b0d|0|1786323430.279|97.840|6.115|2332270592|2369740800|sim_data_345e031ce91f1b82|__AUTOMETRIC__
__AUTOMETRIC__|0.1.2|11248|crew_log_881ae90a4d151b0d|0|1786323431.283|99.545|6.222|2332270592|2369740800|sim_data_345e031ce91f1b82|__AUTOMETRIC__
__AUTOMETRIC__|0.1.2|11248|crew_log_881ae90a4d151b0d|0|1786323432.284|99.971|6.248|2332270592|2369740800|sim_data_345e031ce91f1b82|__AUTOMETRIC__
__AUTOMETRIC__|0.1.2|11248|crew_log_881ae90a4d151b0d|0|1786323433.290|100.931|6.308|2332270592|2369740800|sim_data_345e031ce91f1b82|__AUTOMETRIC__
__AUTOMETRIC__|0.1.2|11248|crew_log_881ae90a4d151b0d|0|1786323434.302|98.843|6.178|2332270592|2369740800|sim_data_345e031ce91f1b82|__AUTOMETRIC__
__AUTOMETRIC__|0.1.2|11248|crew_log_881ae90a4d151b0d|0|1786323435.307|100.978|6.311|2332270592|2369740800|sim_data_345e031ce91f1b82|__AUTOMETRIC__
__AUTOMETRIC__|0.1.2|11248|crew_log_881ae90a4d151b0d|0|1786323436.315|97.681|6.105|2332278784|2369748992|sim_data_345e031ce91f1b82|__AUTOMETRIC__
__AUTOMETRIC__|0.1.2|11248|crew_log_881ae90a4d151b0d|0|1786323437.327|100.345|6.272|2332278784|2369748992|sim_data_345e031ce91f1b82|__AUTOMETRIC__
__AUTOMETRIC__|0.1.2|11248|crew_log_881ae90a4d151b0d|0|1786323438.341|98.663|6.166|2332270592|2369740800|sim_data_345e031ce91f1b82|__AUTOMETRIC__
__AUTOMETRIC__|0.1.2|11248|crew_log_881ae90a4d151b0d|0|1786323439.347|99.376|6.211|2332270592|2369740800|sim_data_345e031ce91f1b82|__AUTOMETRIC__
__AUTOMETRIC__|0.1.2|11248|crew_log_881ae90a4d151b0d|0|1786323440.355|100.762|6.298|2332270592|2369740800|sim_data_345e031ce91f1b82|__AUTOMETRIC__
__AUTOMETRIC__|0.1.2|11248|crew_log_881ae90a4d151b0d|0|1786323441.360|99.468|6.217|2332270592|2369740800|sim_data_345e031ce91f1b82|__AUTOMETRIC__
__AUTOMETRIC__|0.1.2|11248|crew_log_881ae90a4d151b0d|0|1786323442.364|99.686|6.230|2332270592|2369740800|sim_data_345e031ce91f1b82|__AUTOMETRIC__
__AUTOMETRIC__|0.1.2|11248|crew_log_881ae90a4d151b0d|0|1786323443.368|101.094|6.318|2332270592|2369740800|sim_data_345e031ce91f1b82|__AUTOMETRIC__
__AUTOMETRIC__|0.1.2|11248|crew_log_881ae90a4d151b0d|0|1786323444.371|99.737|6.234|2332270592|2369740800|sim_data_345e031ce91f1b82|__AUTOMETRIC__
__AUTOMETRIC__|0.1.2|11248|crew_log_881ae90a4d151b0d|0|1786323445.375|99.605|6.225|2332270592|2369740800|sim_data_345e031ce91f1b82|__AUTOMETRIC__
__AUTOMETRIC__|0.1.2|11248|crew_log_881ae90a4d151b0d|0|1786323446.376|99.839|6.240|2332270592|2369740800|sim_data_345e031ce91f1b82|__AUTOMETRIC__
__AUTOMETRIC__|0.1.2|11248|crew_log_881ae90a4d151b0d|0|1786323447.380|101.219|6.326|2332270592|2369740800|sim_data_345e031ce91f1b82|__AUTOMETRIC__
__AUTOMETRIC__|0.1.2|11248|crew_log_881ae90a4d151b0d|0|1786323448.384|101.143|6.321|2332270592|2369740800|sim_data_345e031ce91f1b82|__AUTOMETRIC__
__AUTOMETRIC__|0.1.2|11248|crew_log_881ae90a4d151b0d|0|1786323449.390|99.432|6.214|2333257728|2370727936|sim_data_345e031ce91f1b82|__AUTOMETRIC__
__AUTOMETRIC__|0.1.2|11248|crew_log_881ae90a4d151b0d|0|1786323450.392|99.772|6.236|2333188096|2370658304|sim_data_345e031ce91f1b82|__AUTOMETRIC__
__AUTOMETRIC__|0.1.2|11248|crew_log_881ae90a4d151b0d|0|1786323451.394|99.749|6.234|2333188096|2370658304|sim_data_345e031ce91f1b82|__AUTOMETRIC__
__AUTOMETRIC__|0.1.2|11248|crew_log_881ae90a4d151b0d|0|1786323452.400|101.022|6.314|2333188096|2370658304|sim_data_345e031ce91f1b82|__AUTOMETRIC__
__AUTOMETRIC__|0.1.2|11248|crew_log_881ae90a4d151b0d|0|1786323453.413|100.209|6.263|2333188096|2370658304|sim_data_345e031ce91f1b82|__AUTOMETRIC__
__AUTOMETRIC__|0.1.2|11248|crew_log_881ae90a4d151b0d|0|1786323454.417|99.665|6.229|2333188096|2370658304|sim_data_345e031ce91f1b82|__AUTOMETRIC__
__AUTOMETRIC__|0.1.2|11248|crew_log_881ae90a4d151b0d|0|1786323455.421|99.533|6.221|2333188096|2370658304|sim_data_345e031ce91f1b82|__AUTOMETRIC__
__AUTOMETRIC__|0.1.2|11248|crew_log_881ae90a4d151b0d|0|1786323456.435|100.241|6.265|2333188096|2370658304|sim_data_345e031ce91f1b82|__AUTOMETRIC__
__AUTOMETRIC__|0.1.2|11248|crew_log_881ae90a4d151b0d|0|1786323457.447|98.774|6.173|2333188096|2370658304|sim_data_345e031ce91f1b82|__AUTOMETRIC__
__AUTOMETRIC__|0.1.2|11248|crew_log_881ae90a4d151b0d|0|1786323458.457|97.463|6.091|2333188096|2370658304|sim_data_345e031ce91f1b82|__AUTOMETRIC__
__AUTOMETRIC__|0.1.2|11248|crew_log_881ae90a4d151b0d|0|1786323459.470|101.803|6.363|2333188096|2370658304|sim_data_345e031ce91f1b82|__AUTOMETRIC__
__AUTOMETRIC__|0.1.2|11248|crew_log_881ae90a4d151b0d|0|1786323460.481|100.400|6.275|2333188096|2370658304|sim_data_345e031ce91f1b82|__AUTOMETRIC__
__AUTOMETRIC__|0.1.2|11248|crew_log_881ae90a4d151b0d|0|1786323461.497|99.980|6.249|2333188096|2370658304|sim_data_345e031ce91f1b82|__AUTOMETRIC__
__AUTOMETRIC__|0.1.2|11248|crew_log_881ae90a4d151b0d|0|1786323462.505|99.235|6.202|2333188096|2370658304|sim_data_345e031ce91f1b82|__AUTOMETRIC__
__AUTOMETRIC__|0.1.2|11248|crew_log_881ae90a4d151b0d|0|1786323463.509|101.156|6.322|2333188096|2370658304|sim_data_345e031ce91f1b82|__AUTOMETRIC__
__AUTOMETRIC__|0.1.2|11248|crew_log_881ae90a4d151b0d|0|1786323464.513|99.648|6.228|2333188096|2370658304|sim_data_345e031ce91f1b82|__AUTOMETRIC__
__AUTOMETRIC__|0.1.2|11248|crew_log_881ae90a4d151b0d|0|1786323465.521|97.592|6.099|2333188096|2370658304|sim_data_345e031ce91f1b82|__AUTOMETRIC__
__AUTOMETRIC__|0.1.2|11248|crew_log_881ae90a4d151b0d|0|1786323466.530|102.205|6.388|2333188096|2370658304|sim_data_345e031ce91f1b82|__AUTOMETRIC__
__AUTOMETRIC__|0.1.2|11248|crew_log_881ae90a4d151b0d|0|1786323467.544|100.194|6.262|2333188096|2370658304|sim_data_345e031ce91f1b82|__AUTOMETRIC__
__AUTOMETRIC__|0.1.2|11248|crew_log_881ae90a4d151b0d|0|1786323468.559|100.078|6.255|2333188096|2370658304|sim_data_345e031ce91f1b82|__AUTOMETRIC__
__AUTOMETRIC__|0.1.2|11248|crew_log_881ae90a4d151b0d|0|1786323469.570|100.416|6.276|2333188096|2370658304|sim_data_345e031ce91f1b82|__AUTOMETRIC__
__AUTOMETRIC__|0.1.2|11248|crew_log_881ae90a4d151b0d|0|1786323470.585|100.080|6.255|2333188096|2370658304|sim_data_345e031ce91f1b82|__AUTOMETRIC__
__AUTOMETRIC__|0.1.2|11248|crew_log_881ae90a4d151b0d|0|1786323471.598|98.726|6.170|2333188096|2370658304|sim_data_345e031ce91f1b82|__AUTOMETRIC__
__AUTOMETRIC__|0.1.2|11248|crew_log_881ae90a4d151b0d|0|1786323472.609|100.430|6.277|2333188096|2370658304|sim_data_345e031ce91f1b82|__AUTOMETRIC__
__AUTOMETRIC__|0.1.2|11248|crew_log_881ae90a4d151b0d|0|1786323473.615|99.451|6.216|2333188096|2370658304|sim_data_345e031ce91f1b82|__AUTOMETRIC__
__AUTOMETRIC__|0.1.2|11248|crew_log_881ae90a4d151b0d|0|1786323474.630|100.004|6.250|2333188096|2370658304|sim_data_345e031ce91f1b82|__AUTOMETRIC__
__AUTOMETRIC__|0.1.2|11248|crew_log_881ae90a4d151b0d|0|1786323475.641|97.411|6.088|2333188096|2370658304|sim_data_345e031ce91f1b82|__AUTOMETRIC__
__AUTOMETRIC__|0.1.2|11248|crew_log_881ae90a4d151b0d|0|1786323476.650|99.067|6.192|2333188096|2370658304|sim_data_345e031ce91f1b82|__AUTOMETRIC__
__AUTOMETRIC__|0.1.2|11248|crew_log_881ae90a4d151b0d|0|1786323477.662|98.809|6.176|2333188096|2370658304|sim_data_345e031ce91f1b82|__AUTOMETRIC__
__AUTOMETRIC__|0.1.2|11248|crew_log_881ae90a4d151b0d|0|1786323478.673|98.970|6.186|2333188096|2370658304|sim_data_345e031ce91f1b82|__AUTOMETRIC__
__AUTOMETRIC__|0.1.2|11248|crew_log_881ae90a4d151b0d|0|1786323479.683|100.526|6.283|2333188096|2370658304|sim_data_345e031ce91f1b82|__AUTOMETRIC__
__AUTOMETRIC__|0.1.2|11248|crew_log_881ae90a4d151b0d|0|1786323480.697|100.145|6.259|2333188096|2370658304|sim_data_345e031ce91f1b82|__AUTOMETRIC__
__AUTOMETRIC__|0.1.2|11248|crew_log_881ae90a4d151b0d|0|1786323481.712|98.523|6.158|2334150656|2371620864|sim_data_345e031ce91f1b82|__AUTOMETRIC__
__AUTOMETRIC__|0.1.2|11248|crew_log_881ae90a4d151b0d|0|1786323482.726|100.221|6.264|2334101504|2371571712|sim_data_345e031ce91f1b82|__AUTOMETRIC__
__AUTOMETRIC__|0.1.2|11248|crew_log_881ae90a4d151b0d|0|1786323483.726|98.426|6.152|2334101504|2371571712|sim_data_345e031ce91f1b82|__AUTOMETRIC__
__AUTOMETRIC__|0.1.2|11248|crew_log_881ae90a4d151b0d|0|1786323484.740|100.133|6.258|2334101504|2371571712|sim_data_345e031ce91f1b82|__AUTOMETRIC__
__AUTOMETRIC__|0.1.2|11248|crew_log_881ae90a4d151b0d|0|1786323485.742|101.331|6.333|2334101504|2371571712|sim_data_345e031ce91f1b82|__AUTOMETRIC__
__AUTOMETRIC__|0.1.2|11248|crew_log_881ae90a4d151b0d|0|1786323486.745|99.734|6.233|2334101504|2371571712|sim_data_345e031ce91f1b82|__AUTOMETRIC__
__AUTOMETRIC__|0.1.2|11248|crew_log_881ae90a4d151b0d|0|1786323487.746|99.847|6.240|2334101504|2371571712|sim_data_345e031ce91f1b82|__AUTOMETRIC__
__AUTOMETRIC__|0.1.2|11248|crew_log_881ae90a4d151b0d|0|1786323488.748|99.883|6.243|2334101504|2371571712|sim_data_345e031ce91f1b82|__AUTOMETRIC__
__AUTOMETRIC__|0.1.2|11248|crew_log_881ae90a4d151b0d|0|1786323489.759|100.383|6.274|2334101504|2371571712|sim_data_345e031ce91f1b82|__AUTOMETRIC__
__AUTOMETRIC__|0.1.2|11248|crew_log_881ae90a4d151b0d|0|1786323490.760|98.324|6.145|2334101504|2371571712|sim_data_345e031ce91f1b82|__AUTOMETRIC__
__AUTOMETRIC__|0.1.2|11248|crew_log_881ae90a4d151b0d|0|1786323491.762|99.888|6.243|2334101504|2371571712|sim_data_345e031ce91f1b82|__AUTOMETRIC__
__AUTOMETRIC__|0.1.2|11248|crew_log_881ae90a4d151b0d|0|1786323492.763|99.856|6.241|2334101504|2371571712|sim_data_345e031ce91f1b82|__AUTOMETRIC__
__AUTOMETRIC__|0.1.2|11248|crew_log_881ae90a4d151b0d|0|1786323493.765|98.198|6.137|2334101504|2371571712|sim_data_345e031ce91f1b82|__AUTOMETRIC__
__AUTOMETRIC__|0.1.2|11248|crew_log_881ae90a4d151b0d|0|1786323494.779|100.189|6.262|2334101504|2371571712|sim_data_345e031ce91f1b82|__AUTOMETRIC__
__AUTOMETRIC__|0.1.2|11248|crew_log_881ae90a4d151b0d|0|1786323495.780|99.879|6.242|2334101504|2371571712|sim_data_345e031ce91f1b82|__AUTOMETRIC__
__AUTOMETRIC__|0.1.2|11248|crew_log_881ae90a4d151b0d|0|1786323496.784|101.156|6.322|2334101504|2371571712|sim_data_345e031ce91f1b82|__AUTOMETRIC__
__AUTOMETRIC__|0.1.2|11248|crew_log_881ae90a4d151b0d|0|1786323497.793|100.703|6.294|2334101504|2371571712|sim_data_345e031ce91f1b82|__AUTOMETRIC__
__AUTOMETRIC__|0.1.2|11248|crew_log_881ae90a4d151b0d|0|1786323498.804|98.908|6.182|2334101504|2371571712|sim_data_345e031ce91f1b82|__AUTOMETRIC__
__AUTOMETRIC__|0.1.2|11248|crew_log_881ae90a4d151b0d|0|1786323499.812|100.777|6.299|2334101504|2371571712|sim_data_345e031ce91f1b82|__AUTOMETRIC__
__AUTOMETRIC__|0.1.2|11248|crew_log_881ae90a4d151b0d|0|1786323500.825|100.237|6.265|2334101504|2371571712|sim_data_345e031ce91f1b82|__AUTOMETRIC__
__AUTOMETRIC__|0.1.2|11248|crew_log_881ae90a4d151b0d|0|1786323501.826|99.866|6.242|2334101504|2371571712|sim_data_345e031ce91f1b82|__AUTOMETRIC__
__AUTOMETRIC__|0.1.2|11248|crew_log_881ae90a4d151b0d|0|1786323502.831|99.524|6.220|2334101504|2371571712|sim_data_345e031ce91f1b82|__AUTOMETRIC__
__AUTOMETRIC__|0.1.2|11248|crew_log_881ae90a4d151b0d|0|1786323503.833|99.847|6.240|2334101504|2371571712|sim_data_345e031ce91f1b82|__AUTOMETRIC__
__AUTOMETRIC__|0.1.2|11248|crew_log_881ae90a4d151b0d|0|1786323504.834|98.332|6.146|2334101504|2371571712|sim_data_345e031ce91f1b82|__AUTOMETRIC__
__AUTOMETRIC__|0.1.2|11248|crew_log_881ae90a4d151b0d|0|1786323505.846|101.869|6.367|2335137792|2372608000|sim_data_345e031ce91f1b82|__AUTOMETRIC__
__AUTOMETRIC__|0.1.2|11248|crew_log_881ae90a4d151b0d|0|1786323506.850|102.680|6.417|2335064064|2372534272|sim_data_345e031ce91f1b82|__AUTOMETRIC__
__AUTOMETRIC__|0.1.2|11248|crew_log_881ae90a4d151b0d|0|1786323507.865|98.524|6.158|2335064064|2372534272|sim_data_345e031ce91f1b82|__AUTOMETRIC__
__AUTOMETRIC__|0.1.2|11248|crew_log_881ae90a4d151b0d|0|1786323508.880|101.684|6.355|2335064064|2372534272|sim_data_345e031ce91f1b82|__AUTOMETRIC__
__AUTOMETRIC__|0.1.2|11248|crew_log_881ae90a4d151b0d|0|1786323509.882|101.304|6.331|2335064064|2372534272|sim_data_345e031ce91f1b82|__AUTOMETRIC__
__AUTOMETRIC__|0.1.2|11248|crew_log_881ae90a4d151b0d|0|1786323510.892|98.984|6.186|2335064064|2372534272|sim_data_345e031ce91f1b82|__AUTOMETRIC__
__AUTOMETRIC__|0.1.2|11248|crew_log_881ae90a4d151b0d|0|1786323511.896|99.603|6.225|2335064064|2372534272|sim_data_345e031ce91f1b82|__AUTOMETRIC__
__AUTOMETRIC__|0.1.2|11248|crew_log_881ae90a4d151b0d|0|1786323512.905|102.199|6.387|2335064064|2372534272|sim_data_345e031ce91f1b82|__AUTOMETRIC__
__AUTOMETRIC__|0.1.2|11248|crew_log_881ae90a4d151b0d|0|1786323513.916|100.523|6.283|2335064064|2372534272|sim_data_345e031ce91f1b82|__AUTOMETRIC__
__AUTOMETRIC__|0.1.2|11248|crew_log_881ae90a4d151b0d|0|1786323514.931|99.991|6.249|2335064064|2372534272|sim_data_345e031ce91f1b82|__AUTOMETRIC__
__AUTOMETRIC__|0.1.2|11248|crew_log_881ae90a4d151b0d|0|1786323515.944|98.748|6.172|2335064064|2372534272|sim_data_345e031ce91f1b82|__AUTOMETRIC__
__AUTOMETRIC__|0.1.2|11248|crew_log_881ae90a4d151b0d|0|1786323516.958|100.209|6.263|2335064064|2372534272|sim_data_345e031ce91f1b82|__AUTOMETRIC__
__AUTOMETRIC__|0.1.2|11248|crew_log_881ae90a4d151b0d|0|1786323517.971|97.150|6.072|2335064064|2372534272|sim_data_345e031ce91f1b82|__AUTOMETRIC__
__AUTOMETRIC__|0.1.2|11248|crew_log_881ae90a4d151b0d|0|1786323518.983|100.332|6.271|2335064064|2372534272|sim_data_345e031ce91f1b82|__AUTOMETRIC__
__AUTOMETRIC__|0.1.2|11248|crew_log_881ae90a4d151b0d|0|1786323519.992|100.647|6.290|2335064064|2372534272|sim_data_345e031ce91f1b82|__AUTOMETRIC__
__AUTOMETRIC__|0.1.2|11248|crew_log_881ae90a4d151b0d|0|1786323521.005|98.719|6.170|2335064064|2372534272|sim_data_345e031ce91f1b82|__AUTOMETRIC__
__AUTOMETRIC__|0.1.2|11248|crew_log_881ae90a4d151b0d|0|1786323522.016|100.443|6.278|2335072256|2372542464|sim_data_345e031ce91f1b82|__AUTOMETRIC__
__AUTOMETRIC__|0.1.2|11248|crew_log_881ae90a4d151b0d|0|1786323523.030|100.174|6.261|2335072256|2372542464|sim_data_345e031ce91f1b82|__AUTOMETRIC__
__AUTOMETRIC__|0.1.2|11248|crew_log_881ae90a4d151b0d|0|1786323524.040|100.533|6.283|2335072256|2372542464|sim_data_345e031ce91f1b82|__AUTOMETRIC__
__AUTOMETRIC__|0.1.2|11248|crew_log_881ae90a4d151b0d|0|1786323525.042|99.873|6.242|2335072256|2372542464|sim_data_345e031ce91f1b82|__AUTOMETRIC__
__AUTOMETRIC__|0.1.2|11248|crew_log_881ae90a4d151b0d|0|1786323526.051|99.062|6.191|2335064064|2372534272|sim_data_345e031ce91f1b82|__AUTOMETRIC__
__AUTOMETRIC__|0.1.2|11248|crew_log_881ae90a4d151b0d|0|1786323527.066|100.062|6.254|2335064064|2372534272|sim_data_345e031ce91f1b82|__AUTOMETRIC__
__AUTOMETRIC__|0.1.2|11248|crew_log_881ae90a4d151b0d|0|1786323528.082|96.938|6.059|2537992192|2575638528|sim_data_345e031ce91f1b82|__AUTOMETRIC__
__AUTOMETRIC__|0.1.2|11248|crew_log_881ae90a4d151b0d|0|1786323529.092|105.182|6.574|2422718464|2460385280|sim_data_345e031ce91f1b82|__AUTOMETRIC__
__AUTOMETRIC__|0.1.2|11248|crew_log_881ae90a4d151b0d|0|1786323530.103|98.861|6.179|2424098816|2461646848|sim_data_345e031ce91f1b82|__AUTOMETRIC__
__AUTOMETRIC__|0.1.2|11248|crew_log_881ae90a4d151b0d|0|1786323531.114|98.917|6.182|2428018688|2465730560|sim_data_345e031ce91f1b82|__AUTOMETRIC__
__AUTOMETRIC__|0.1.2|11248|crew_log_881ae90a4d151b0d|0|1786323532.126|100.370|6.273|2353078272|2390769664|sim_data_345e031ce91f1b82|__AUTOMETRIC__
__AUTOMETRIC__|0.1.2|11248|crew_log_881ae90a4d151b0d|0|1786323533.138|101.914|6.370|2355269632|2393604096|sim_data_345e031ce91f1b82|__AUTOMETRIC__
__AUTOMETRIC__|0.1.2|11248|crew_log_881ae90a4d151b0d|0|1786323534.144|99.437|6.215|2339471360|2377019392|sim_data_345e031ce91f1b82|__AUTOMETRIC__
__AUTOMETRIC__|0.1.2|11248|crew_log_881ae90a4d151b0d|0|1786323535.150|100.946|6.309|2338947072|2376417280|sim_data_345e031ce91f1b82|__AUTOMETRIC__
__AUTOMETRIC__|0.1.2|11248|crew_log_881ae90a4d151b0d|0|1786323536.153|99.710|6.232|2338947072|2376417280|sim_data_345e031ce91f1b82|__AUTOMETRIC__
__AUTOMETRIC__|0.1.2|11248|crew_log_881ae90a4d151b0d|0|1786323537.160|97.705|6.107|2339844096|2377314304|sim_data_345e031ce91f1b82|__AUTOMETRIC__
__AUTOMETRIC__|0.1.2|11248|crew_log_881ae90a4d151b0d|0|1786323538.170|98.997|6.187|2339852288|2377322496|sim_data_345e031ce91f1b82|__AUTOMETRIC__
__AUTOMETRIC__|0.1.2|11248|crew_log_881ae90a4d151b0d|0|1786323539.180|95.962|5.998|2339856384|2377326592|sim_data_345e031ce91f1b82|__AUTOMETRIC__
__AUTOMETRIC__|0.1.2|11248|crew_log_881ae90a4d151b0d|0|1786323540.194|100.133|6.258|2339848192|2377318400|sim_data_345e031ce91f1b82|__AUTOMETRIC__
__AUTOMETRIC__|0.1.2|11248|crew_log_881ae90a4d151b0d|0|1786323541.201|99.357|6.210|2340839424|2378309632|sim_data_345e031ce91f1b82|__AUTOMETRIC__
__AUTOMETRIC__|0.1.2|11248|crew_log_881ae90a4d151b0d|0|1786323542.206|97.878|6.117|2340810752|2378280960|sim_data_345e031ce91f1b82|__AUTOMETRIC__
__AUTOMETRIC__|0.1.2|11248|crew_log_881ae90a4d151b0d|0|1786323543.212|101.035|6.315|2340802560|2378272768|sim_data_345e031ce91f1b82|__AUTOMETRIC__
__AUTOMETRIC__|0.1.2|11248|crew_log_881ae90a4d151b0d|0|1786323544.218|99.326|6.208|2340798464|2378268672|sim_data_345e031ce91f1b82|__AUTOMETRIC__
__AUTOMETRIC__|0.1.2|11248|crew_log_881ae90a4d151b0d|0|1786323545.231|98.700|6.169|2341687296|2379157504|sim_data_345e031ce91f1b82|__AUTOMETRIC__
__AUTOMETRIC__|0.1.2|11248|crew_log_881ae90a4d151b0d|0|1786323546.238|99.311|6.207|2341650432|2379120640|sim_data_345e031ce91f1b82|__AUTOMETRIC__
__AUTOMETRIC__|0.1.2|11248|crew_log_881ae90a4d151b0d|0|1786323547.247|100.717|6.295|2341650432|2379120640|sim_data_345e031ce91f1b82|__AUTOMETRIC__
__AUTOMETRIC__|0.1.2|11248|crew_log_881ae90a4d151b0d|0|1786323548.260|100.254|6.266|2362073088|2399645696|sim_data_345e031ce91f1b82|__AUTOMETRIC__
__AUTOMETRIC__|0.1.2|11248|crew_log_881ae90a4d151b0d|0|1786323549.274|103.203|6.450|2372124672|2409783296|sim_data_345e031ce91f1b82|__AUTOMETRIC__
__AUTOMETRIC__|0.1.2|11248|crew_log_881ae90a4d151b0d|0|1786323550.287|97.228|6.077|2433294336|2470838272|sim_data_345e031ce91f1b82|__AUTOMETRIC__
__AUTOMETRIC__|0.1.2|11248|crew_log_881ae90a4d151b0d|0|1786323551.300|101.756|6.360|2438230016|2475880448|sim_data_345e031ce91f1b82|__AUTOMETRIC__
__AUTOMETRIC__|0.1.2|11248|crew_log_881ae90a4d151b0d|0|1786323552.313|101.828|6.364|2354868224|2392453120|sim_data_345e031ce91f1b82|__AUTOMETRIC__
__AUTOMETRIC__|0.1.2|11248|crew_log_881ae90a4d151b0d|0|1786323553.325|100.343|6.271|2362073088|2400346112|sim_data_345e031ce91f1b82|__AUTOMETRIC__
__AUTOMETRIC__|0.1.2|11248|crew_log_881ae90a4d151b0d|0|1786323554.338|101.848|6.366|2346573824|2384044032|sim_data_345e031ce91f1b82|__AUTOMETRIC__
__AUTOMETRIC__|0.1.2|11248|crew_log_881ae90a4d151b0d|0|1786323555.350|98.753|6.172|2346577920|2384048128|sim_data_345e031ce91f1b82|__AUTOMETRIC__
__AUTOMETRIC__|0.1.2|11248|crew_log_881ae90a4d151b0d|0|1786323556.366|100.020|6.251|2346340352|2383810560|sim_data_345e031ce91f1b82|__AUTOMETRIC__
__AUTOMETRIC__|0.1.2|11248|crew_log_881ae90a4d151b0d|0|1786323557.379|101.755|6.360|2346336256|2383806464|sim_data_345e031ce91f1b82|__AUTOMETRIC__
__AUTOMETRIC__|0.1.2|11248|crew_log_881ae90a4d151b0d|0|1786323558.394|100.028|6.252|2347204608|2384674816|sim_data_345e031ce91f1b82|__AUTOMETRIC__
__AUTOMETRIC__|0.1.2|11248|crew_log_881ae90a4d151b0d|0|1786323559.410|99.995|6.250|2347204608|2384674816|sim_data_345e031ce91f1b82|__AUTOMETRIC__
__AUTOMETRIC__|0.1.2|11248|crew_log_881ae90a4d151b0d|0|1786323560.424|98.662|6.166|2347208704|2384678912|sim_data_345e031ce91f1b82|__AUTOMETRIC__
__AUTOMETRIC__|0.1.2|11248|crew_log_881ae90a4d151b0d|0|1786323561.436|100.282|6.268|2348253184|2385723392|sim_data_345e031ce91f1b82|__AUTOMETRIC__
__AUTOMETRIC__|0.1.2|11248|crew_log_881ae90a4d151b0d|0|1786323562.449|100.329|6.271|2348191744|2385661952|sim_data_345e031ce91f1b82|__AUTOMETRIC__
__AUTOMETRIC__|0.1.2|11248|crew_log_881ae90a4d151b0d|0|1786323563.458|99.120|6.195|2348187648|2385657856|sim_data_345e031ce91f1b82|__AUTOMETRIC__
__AUTOMETRIC__|0.1.2|11248|crew_log_881ae90a4d151b0d|0|1786323564.473|100.064|6.254|2348187648|2385657856|sim_data_345e031ce91f1b82|__AUTOMETRIC__
__AUTOMETRIC__|0.1.2|11248|crew_log_881ae90a4d151b0d|0|1786323565.488|98.440|6.153|2349092864|2386563072|sim_data_345e031ce91f1b82|__AUTOMETRIC__
__AUTOMETRIC__|0.1.2|11248|crew_log_881ae90a4d151b0d|0|1786323566.500|100.441|6.278|2349056000|2386526208|sim_data_345e031ce91f1b82|__AUTOMETRIC__
__AUTOMETRIC__|0.1.2|11248|crew_log_881ae90a4d151b0d|0|1786323567.510|100.520|6.283|2349060096|2386530304|sim_data_345e031ce91f1b82|__AUTOMETRIC__
__AUTOMETRIC__|0.1.2|11248|crew_log_881ae90a4d151b0d|0|1786323568.521|97.345|6.084|2349060096|2386530304|sim_data_345e031ce91f1b82|__AUTOMETRIC__
__AUTOMETRIC__|0.1.2|11248|crew_log_881ae90a4d151b0d|0|1786323569.537|103.072|6.442|2483249152|2520920064|sim_data_345e031ce91f1b82|__AUTOMETRIC__
__AUTOMETRIC__|0.1.2|11248|crew_log_881ae90a4d151b0d|0|1786323570.550|104.858|6.554|2453454848|2491109376|sim_data_345e031ce91f1b82|__AUTOMETRIC__
__AUTOMETRIC__|0.1.2|11248|crew_log_881ae90a4d151b0d|0|1786323571.562|100.420|6.276|2340573184|2493210624|sim_data_345e031ce91f1b82|__AUTOMETRIC__
__AUTOMETRIC__|0.1.2|11248|crew_log_881ae90a4d151b0d|0|1786323572.573|100.433|6.277|2343055360|2495242240|sim_data_345e031ce91f1b82|__AUTOMETRIC__
__AUTOMETRIC__|0.1.2|11248|crew_log_881ae90a4d151b0d|0|1786323573.584|102.006|6.375|2239635456|2391773184|sim_data_345e031ce91f1b82|__AUTOMETRIC__
__AUTOMETRIC__|0.1.2|11248|crew_log_881ae90a4d151b0d|0|1786323574.590|102.518|6.407|2197225472|2350051328|sim_data_345e031ce91f1b82|__AUTOMETRIC__
__AUTOMETRIC__|0.1.2|11248|crew_log_881ae90a4d151b0d|0|1786323575.594|99.609|6.226|2182275072|2334343168|sim_data_345e031ce91f1b82|__AUTOMETRIC__
__AUTOMETRIC__|0.1.2|11248|crew_log_881ae90a4d151b0d|0|1786323576.606|100.271|6.267|2181726208|2333769728|sim_data_345e031ce91f1b82|__AUTOMETRIC__
__AUTOMETRIC__|0.1.2|11248|crew_log_881ae90a4d151b0d|0|1786323577.620|100.178|6.261|2181726208|2333769728|sim_data_345e031ce91f1b82|__AUTOMETRIC__
__AUTOMETRIC__|0.1.2|11248|crew_log_881ae90a4d151b0d|0|1786323578.635|100.112|6.257|2182713344|2334756864|sim_data_345e031ce91f1b82|__AUTOMETRIC__
__AUTOMETRIC__|0.1.2|11248|crew_log_881ae90a4d151b0d|0|1786323579.647|98.817|6.176|2182660096|2334703616|sim_data_345e031ce91f1b82|__AUTOMETRIC__
__AUTOMETRIC__|0.1.2|11248|crew_log_881ae90a4d151b0d|0|1786323580.660|100.239|6.265|2182660096|2334703616|sim_data_345e031ce91f1b82|__AUTOMETRIC__
__AUTOMETRIC__|0.1.2|11248|crew_log_881ae90a4d151b0d|0|1786323581.673|100.214|6.263|2182660096|2334703616|sim_data_345e031ce91f1b82|__AUTOMETRIC__
__AUTOMETRIC__|0.1.2|11248|crew_log_881ae90a4d151b0d|0|1786323582.686|100.289|6.268|2182660096|2334703616|sim_data_345e031ce91f1b82|__AUTOMETRIC__
__AUTOMETRIC__|0.1.2|11248|crew_log_881ae90a4d151b0d|0|1786323583.699|100.293|6.268|2183704576|2335748096|sim_data_345e031ce91f1b82|__AUTOMETRIC__
__AUTOMETRIC__|0.1.2|11248|crew_log_881ae90a4d151b0d|0|1786323584.712|100.208|6.263|2183684096|2335727616|sim_data_345e031ce91f1b82|__AUTOMETRIC__
__AUTOMETRIC__|0.1.2|11248|crew_log_881ae90a4d151b0d|0|1786323585.726|98.682|6.168|2183684096|2335727616|sim_data_345e031ce91f1b82|__AUTOMETRIC__
__AUTOMETRIC__|0.1.2|11248|crew_log_881ae90a4d151b0d|0|1786323586.737|100.417|6.276|2183684096|2335727616|sim_data_345e031ce91f1b82|__AUTOMETRIC__
__AUTOMETRIC__|0.1.2|11248|crew_log_881ae90a4d151b0d|0|1786323587.749|100.400|6.275|2183684096|2335727616|sim_data_345e031ce91f1b82|__AUTOMETRIC__
__AUTOMETRIC__|0.1.2|11248|crew_log_881ae90a4d151b0d|0|1786323588.757|100.677|6.292|2184638464|2336681984|sim_data_345e031ce91f1b82|__AUTOMETRIC__
__AUTOMETRIC__|0.1.2|11248|crew_log_881ae90a4d151b0d|0|1786323589.770|98.750|6.172|2184593408|2336636928|sim_data_345e031ce91f1b82|__AUTOMETRIC__
__AUTOMETRIC__|0.1.2|11248|crew_log_881ae90a4d151b0d|0|1786323590.783|98.747|6.172|2184593408|2336636928|sim_data_345e031ce91f1b82|__AUTOMETRIC__
__AUTOMETRIC__|0.1.2|11248|crew_log_881ae90a4d151b0d|0|1786323591.788|99.465|6.217|2184593408|2336636928|sim_data_345e031ce91f1b82|__AUTOMETRIC__
__AUTOMETRIC__|0.1.2|11248|crew_log_881ae90a4d151b0d|0|1786323592.803|100.082|6.255|2184593408|2336636928|sim_data_345e031ce91f1b82|__AUTOMETRIC__
__AUTOMETRIC__|0.1.2|11248|crew_log_881ae90a4d151b0d|0|1786323593.815|98.816|6.176|2345455616|2497531904|sim_data_345e031ce91f1b82|__AUTOMETRIC__
__AUTOMETRIC__|0.1.2|11248|crew_log_881ae90a4d151b0d|0|1786323594.826|105.069|6.567|2287755264|2440232960|sim_data_345e031ce91f1b82|__AUTOMETRIC__
__AUTOMETRIC__|0.1.2|11248|crew_log_881ae90a4d151b0d|0|1786323595.842|101.550|6.347|2289643520|2441740288|sim_data_345e031ce91f1b82|__AUTOMETRIC__
__AUTOMETRIC__|0.1.2|11248|crew_log_881ae90a4d151b0d|0|1786323596.852|100.496|6.281|2318036992|2470543360|sim_data_345e031ce91f1b82|__AUTOMETRIC__
__AUTOMETRIC__|0.1.2|11248|crew_log_881ae90a4d151b0d|0|1786323597.863|98.980|6.186|2243293184|2395791360|sim_data_345e031ce91f1b82|__AUTOMETRIC__
__AUTOMETRIC__|0.1.2|11248|crew_log_881ae90a4d151b0d|0|1786323598.874|100.427|6.277|2245804032|2398732288|sim_data_345e031ce91f1b82|__AUTOMETRIC__
__AUTOMETRIC__|0.1.2|11248|crew_log_881ae90a4d151b0d|0|1786323599.875|99.925|6.245|2230853632|2383138816|sim_data_345e031ce91f1b82|__AUTOMETRIC__
__AUTOMETRIC__|0.1.2|11248|crew_log_881ae90a4d151b0d|0|1786323600.889|100.142|6.259|2230648832|2382688256|sim_data_345e031ce91f1b82|__AUTOMETRIC__
__AUTOMETRIC__|0.1.2|11248|crew_log_881ae90a4d151b0d|0|1786323601.905|99.983|6.249|2231590912|2383630336|sim_data_345e031ce91f1b82|__AUTOMETRIC__
__AUTOMETRIC__|0.1.2|11248|crew_log_881ae90a4d151b0d|0|1786323602.908|99.624|6.226|2230120448|2382159872|sim_data_345e031ce91f1b82|__AUTOMETRIC__
__AUTOMETRIC__|0.1.2|11248|crew_log_881ae90a4d151b0d|0|1786323603.915|100.924|6.308|2230185984|2382225408|sim_data_345e031ce91f1b82|__AUTOMETRIC__
__AUTOMETRIC__|0.1.2|11248|crew_log_881ae90a4d151b0d|0|1786323604.923|99.213|6.201|2231013376|2383052800|sim_data_345e031ce91f1b82|__AUTOMETRIC__
__AUTOMETRIC__|0.1.2|11248|crew_log_881ae90a4d151b0d|0|1786323605.928|99.518|6.220|2231013376|2383052800|sim_data_345e031ce91f1b82|__AUTOMETRIC__
__AUTOMETRIC__|0.1.2|11248|crew_log_881ae90a4d151b0d|0|1786323606.932|102.680|6.417|2231009280|2383048704|sim_data_345e031ce91f1b82|__AUTOMETRIC__
__AUTOMETRIC__|0.1.2|11248|crew_log_881ae90a4d151b0d|0|1786323607.933|98.275|6.142|2232020992|2384060416|sim_data_345e031ce91f1b82|__AUTOMETRIC__
__AUTOMETRIC__|0.1.2|11248|crew_log_881ae90a4d151b0d|0|1786323608.946|100.343|6.271|2231971840|2384011264|sim_data_345e031ce91f1b82|__AUTOMETRIC__
__AUTOMETRIC__|0.1.2|11248|crew_log_881ae90a4d151b0d|0|1786323609.948|99.740|6.234|2231963648|2384003072|sim_data_345e031ce91f1b82|__AUTOMETRIC__
__AUTOMETRIC__|0.1.2|11248|crew_log_881ae90a4d151b0d|0|1786323610.955|97.751|6.109|2417426432|2569465856|sim_data_345e031ce91f1b82|__AUTOMETRIC__
__AUTOMETRIC__|0.1.2|11248|crew_log_881ae90a4d151b0d|0|1786323611.966|103.596|6.475|2326540288|2478845952|sim_data_345e031ce91f1b82|__AUTOMETRIC__
__AUTOMETRIC__|0.1.2|11248|crew_log_881ae90a4d151b0d|0|1786323612.966|99.989|6.249|2329006080|2481098752|sim_data_345e031ce91f1b82|__AUTOMETRIC__
__AUTOMETRIC__|0.1.2|11248|crew_log_881ae90a4d151b0d|0|1786323613.972|97.868|6.117|2331914240|2484170752|sim_data_345e031ce91f1b82|__AUTOMETRIC__
__AUTOMETRIC__|0.1.2|11248|crew_log_881ae90a4d151b0d|0|1786323614.983|101.982|6.374|2246615040|2398928896|sim_data_345e031ce91f1b82|__AUTOMETRIC__
__AUTOMETRIC__|0.1.2|11248|crew_log_881ae90a4d151b0d|0|1786323615.997|101.711|6.357|2253541376|2406158336|sim_data_345e031ce91f1b82|__AUTOMETRIC__
__AUTOMETRIC__|0.1.2|11248|crew_log_881ae90a4d151b0d|0|1786323617.010|101.744|6.359|2236887040|2388983808|sim_data_345e031ce91f1b82|__AUTOMETRIC__
__AUTOMETRIC__|0.1.2|11248|crew_log_881ae90a4d151b0d|0|1786323618.017|97.756|6.110|2236891136|2388987904|sim_data_345e031ce91f1b82|__AUTOMETRIC__
__AUTOMETRIC__|0.1.2|11248|crew_log_881ae90a4d151b0d|0|1786323619.022|99.546|6.222|2236899328|2388996096|sim_data_345e031ce91f1b82|__AUTOMETRIC__
__AUTOMETRIC__|0.1.2|11248|crew_log_881ae90a4d151b0d|0|1786323620.025|101.303|6.331|2237673472|2389712896|sim_data_345e031ce91f1b82|__AUTOMETRIC__
__AUTOMETRIC__|0.1.2|11248|crew_log_881ae90a4d151b0d|0|1786323621.028|99.604|6.225|2237644800|2389684224|sim_data_345e031ce91f1b82|__AUTOMETRIC__
__AUTOMETRIC__|0.1.2|11248|crew_log_881ae90a4d151b0d|0|1786323622.037|99.205|6.200|2237644800|2389684224|sim_data_345e031ce91f1b82|__AUTOMETRIC__
__AUTOMETRIC__|0.1.2|11248|crew_log_881ae90a4d151b0d|0|1786323623.049|101.827|6.364|2238570496|2390609920|sim_data_345e031ce91f1b82|__AUTOMETRIC__
__AUTOMETRIC__|0.1.2|11248|crew_log_881ae90a4d151b0d|0|1786323624.063|97.113|6.070|2238525440|2390564864|sim_data_345e031ce91f1b82|__AUTOMETRIC__
__AUTOMETRIC__|0.1.2|11248|crew_log_881ae90a4d151b0d|0|1786323625.073|100.586|6.287|2238529536|2390568960|sim_data_345e031ce91f1b82|__AUTOMETRIC__
__AUTOMETRIC__|0.1.2|11248|crew_log_881ae90a4d151b0d|0|1786323626.088|100.057|6.254|2238529536|2390568960|sim_data_345e031ce91f1b82|__AUTOMETRIC__
__AUTOMETRIC__|0.1.2|11248|crew_log_881ae90a4d151b0d|0|1786323627.102|100.125|6.258|2239483904|2391523328|sim_data_345e031ce91f1b82|__AUTOMETRIC__
__AUTOMETRIC__|0.1.2|11248|crew_log_881ae90a4d151b0d|0|1786323628.110|99.218|6.201|2239447040|2391486464|sim_data_345e031ce91f1b82|__AUTOMETRIC__
__AUTOMETRIC__|0.1.2|11248|crew_log_881ae90a4d151b0d|0|1786323629.120|100.554|6.285|2239447040|2391486464|sim_data_345e031ce91f1b82|__AUTOMETRIC__
__AUTOMETRIC__|0.1.2|11248|crew_log_881ae90a4d151b0d|0|1786323630.130|97.464|6.092|2239447040|2391486464|sim_data_345e031ce91f1b82|__AUTOMETRIC__
__AUTOMETRIC__|0.1.2|11248|crew_log_881ae90a4d151b0d|0|1786323631.134|101.150|6.322|2255802368|2407931904|sim_data_345e031ce91f1b82|__AUTOMETRIC__
__AUTOMETRIC__|0.1.2|11248|crew_log_881ae90a4d151b0d|0|1786323632.143|102.184|6.387|2278715392|2430988288|sim_data_345e031ce91f1b82|__AUTOMETRIC__
__AUTOMETRIC__|0.1.2|11248|crew_log_881ae90a4d151b0d|0|1786323633.155|100.395|6.275|2337701888|2489782272|sim_data_345e031ce91f1b82|__AUTOMETRIC__
__AUTOMETRIC__|0.1.2|11248|crew_log_881ae90a4d151b0d|0|1786323634.169|100.163|6.260|2342264832|2494521344|sim_data_345e031ce91f1b82|__AUTOMETRIC__
__AUTOMETRIC__|0.1.2|11248|crew_log_881ae90a4d151b0d|0|1786323635.183|101.718|6.357|2253721600|2405965824|sim_data_345e031ce91f1b82|__AUTOMETRIC__
__AUTOMETRIC__|0.1.2|11248|crew_log_881ae90a4d151b0d|0|1786323636.192|99.060|6.191|2247049216|2399944704|sim_data_345e031ce91f1b82|__AUTOMETRIC__
__AUTOMETRIC__|0.1.2|11248|crew_log_881ae90a4d151b0d|0|1786323637.193|99.916|6.245|2245980160|2398011392|sim_data_345e031ce91f1b82|__AUTOMETRIC__
__AUTOMETRIC__|0.1.2|11248|crew_log_881ae90a4d151b0d|0|1786323638.201|100.742|6.296|2245775360|2397806592|sim_data_345e031ce91f1b82|__AUTOMETRIC__
__AUTOMETRIC__|0.1.2|11248|crew_log_881ae90a4d151b0d|0|1786323639.206|96.409|6.026|2246696960|2398728192|sim_data_345e031ce91f1b82|__AUTOMETRIC__
__AUTOMETRIC__|0.1.2|11248|crew_log_881ae90a4d151b0d|0|1786323640.212|100.957|6.310|2244734976|2396766208|sim_data_345e031ce91f1b82|__AUTOMETRIC__
__AUTOMETRIC__|0.1.2|11248|crew_log_881ae90a4d151b0d|0|1786323641.223|97.367|6.085|2244726784|2396758016|sim_data_345e031ce91f1b82|__AUTOMETRIC__
__AUTOMETRIC__|0.1.2|11248|crew_log_881ae90a4d151b0d|0|1786323642.236|98.745|6.172|2245668864|2397700096|sim_data_345e031ce91f1b82|__AUTOMETRIC__
__AUTOMETRIC__|0.1.2|11248|crew_log_881ae90a4d151b0d|0|1786323643.245|100.646|6.290|2245623808|2397655040|sim_data_345e031ce91f1b82|__AUTOMETRIC__
__AUTOMETRIC__|0.1.2|11248|crew_log_881ae90a4d151b0d|0|1786323644.260|100.058|6.254|2245623808|2397655040|sim_data_345e031ce91f1b82|__AUTOMETRIC__
__AUTOMETRIC__|0.1.2|11248|crew_log_881ae90a4d151b0d|0|1786323645.260|99.984|6.249|2245619712|2397650944|sim_data_345e031ce91f1b82|__AUTOMETRIC__
__AUTOMETRIC__|0.1.2|11248|crew_log_881ae90a4d151b0d|0|1786323646.271|98.904|6.182|2246574080|2398605312|sim_data_345e031ce91f1b82|__AUTOMETRIC__
__AUTOMETRIC__|0.1.2|11248|crew_log_881ae90a4d151b0d|0|1786323647.278|99.272|6.204|2246524928|2398556160|sim_data_345e031ce91f1b82|__AUTOMETRIC__
__AUTOMETRIC__|0.1.2|11248|crew_log_881ae90a4d151b0d|0|1786323648.287|99.148|6.197|2246529024|2398560256|sim_data_345e031ce91f1b82|__AUTOMETRIC__
__AUTOMETRIC__|0.1.2|11248|crew_log_881ae90a4d151b0d|0|1786323649.294|103.936|6.496|2396495872|2548543488|sim_data_345e031ce91f1b82|__AUTOMETRIC__
__AUTOMETRIC__|0.1.2|11248|crew_log_881ae90a4d151b0d|0|1786323650.298|102.699|6.419|2346893312|2499088384|sim_data_345e031ce91f1b82|__AUTOMETRIC__
__AUTOMETRIC__|0.1.2|11248|crew_log_881ae90a4d151b0d|0|1786323651.302|99.617|6.226|2349182976|2501259264|sim_data_345e031ce91f1b82|__AUTOMETRIC__
__AUTOMETRIC__|0.1.2|11248|crew_log_881ae90a4d151b0d|0|1786323652.303|99.909|6.244|2352701440|2504990720|sim_data_345e031ce91f1b82|__AUTOMETRIC__
__AUTOMETRIC__|0.1.2|11248|crew_log_881ae90a4d151b0d|0|1786323653.312|100.652|6.291|2252451840|2404597760|sim_data_345e031ce91f1b82|__AUTOMETRIC__
__AUTOMETRIC__|0.1.2|11248|crew_log_881ae90a4d151b0d|0|1786323654.319|99.288|6.206|2259435520|2412232704|sim_data_345e031ce91f1b82|__AUTOMETRIC__
__AUTOMETRIC__|0.1.2|11248|crew_log_881ae90a4d151b0d|0|1786323655.334|100.114|6.257|2244227072|2396585984|sim_data_345e031ce91f1b82|__AUTOMETRIC__
__AUTOMETRIC__|0.1.2|11248|crew_log_881ae90a4d151b0d|0|1786323656.339|102.563|6.410|2241687552|2393714688|sim_data_345e031ce91f1b82|__AUTOMETRIC__
__AUTOMETRIC__|0.1.2|11248|crew_log_881ae90a4d151b0d|0|1786323657.353|97.111|6.069|2242568192|2394595328|sim_data_345e031ce91f1b82|__AUTOMETRIC__
__AUTOMETRIC__|0.1.2|11248|crew_log_881ae90a4d151b0d|0|1786323658.368|98.534|6.158|2242527232|2394554368|sim_data_345e031ce91f1b82|__AUTOMETRIC__
__AUTOMETRIC__|0.1.2|11248|crew_log_881ae90a4d151b0d|0|1786323659.379|98.884|6.180|2242527232|2394554368|sim_data_345e031ce91f1b82|__AUTOMETRIC__
__AUTOMETRIC__|0.1.2|11248|crew_log_881ae90a4d151b0d|0|1786323660.387|99.219|6.201|2243432448|2395459584|sim_data_345e031ce91f1b82|__AUTOMETRIC__
__AUTOMETRIC__|0.1.2|11248|crew_log_881ae90a4d151b0d|0|1786323661.396|99.079|6.192|2243407872|2395435008|sim_data_345e031ce91f1b82|__AUTOMETRIC__
__AUTOMETRIC__|0.1.2|11248|crew_log_881ae90a4d151b0d|0|1786323662.408|98.821|6.176|2243411968|2395439104|sim_data_345e031ce91f1b82|__AUTOMETRIC__
__AUTOMETRIC__|0.1.2|11248|crew_log_881ae90a4d151b0d|0|1786323663.412|99.644|6.228|2243411968|2395439104|sim_data_345e031ce91f1b82|__AUTOMETRIC__
__AUTOMETRIC__|0.1.2|11248|crew_log_881ae90a4d151b0d|0|1786323664.412|99.935|6.246|2244362240|2396389376|sim_data_345e031ce91f1b82|__AUTOMETRIC__
__AUTOMETRIC__|0.1.2|11248|crew_log_881ae90a4d151b0d|0|1786323665.424|100.383|6.274|2244362240|2396389376|sim_data_345e031ce91f1b82|__AUTOMETRIC__
__AUTOMETRIC__|0.1.2|11248|crew_log_881ae90a4d151b0d|0|1786323666.429|93.270|5.829|2244362240|2396389376|sim_data_345e031ce91f1b82|__AUTOMETRIC__
__AUTOMETRIC__|0.1.2|11248|crew_log_881ae90a4d151b0d|0|1786323667.435|100.966|6.310|2379259904|2531319808|sim_data_345e031ce91f1b82|__AUTOMETRIC__
__AUTOMETRIC__|0.1.2|11248|crew_log_881ae90a4d151b0d|0|1786323668.438|102.872|6.429|2354761728|2506932224|sim_data_345e031ce91f1b82|__AUTOMETRIC__
__AUTOMETRIC__|0.1.2|11248|crew_log_881ae90a4d151b0d|0|1786323669.444|99.385|6.212|2430877696|2583048192|sim_data_345e031ce91f1b82|__AUTOMETRIC__
__AUTOMETRIC__|0.1.2|11248|crew_log_881ae90a4d151b0d|0|1786323670.454|106.712|6.670|2269102080|2421178368|sim_data_345e031ce91f1b82|__AUTOMETRIC__
__AUTOMETRIC__|0.1.2|11248|crew_log_881ae90a4d151b0d|0|1786323671.460|99.443|6.215|2275450880|2427752448|sim_data_345e031ce91f1b82|__AUTOMETRIC__
__AUTOMETRIC__|0.1.2|11248|crew_log_881ae90a4d151b0d|0|1786323672.469|100.665|6.292|2258055168|2410172416|sim_data_345e031ce91f1b82|__AUTOMETRIC__
__AUTOMETRIC__|0.1.2|11248|crew_log_881ae90a4d151b0d|0|1786323673.476|100.789|6.299|2259767296|2412560384|sim_data_345e031ce91f1b82|__AUTOMETRIC__
__AUTOMETRIC__|0.1.2|11248|crew_log_881ae90a4d151b0d|0|1786323674.485|99.182|6.199|2244636672|2396659712|sim_data_345e031ce91f1b82|__AUTOMETRIC__
__AUTOMETRIC__|0.1.2|11248|crew_log_881ae90a4d151b0d|0|1786323675.492|99.223|6.201|2244636672|2396659712|sim_data_345e031ce91f1b82|__AUTOMETRIC__
__AUTOMETRIC__|0.1.2|11248|crew_log_881ae90a4d151b0d|0|1786323676.508|100.026|6.252|2244431872|2396454912|sim_data_345e031ce91f1b82|__AUTOMETRIC__
__AUTOMETRIC__|0.1.2|11248|crew_log_881ae90a4d151b0d|0|1786323677.522|98.618|6.164|2244431872|2396454912|sim_data_345e031ce91f1b82|__AUTOMETRIC__
__AUTOMETRIC__|0.1.2|11248|crew_log_881ae90a4d151b0d|0|1786323678.533|101.987|6.374|2244431872|2396454912|sim_data_345e031ce91f1b82|__AUTOMETRIC__
__AUTOMETRIC__|0.1.2|11248|crew_log_881ae90a4d151b0d|0|1786323679.539|100.932|6.308|2244431872|2396454912|sim_data_345e031ce91f1b82|__AUTOMETRIC__
__AUTOMETRIC__|0.1.2|11248|crew_log_881ae90a4d151b0d|0|1786323680.551|98.806|6.175|2244431872|2396454912|sim_data_345e031ce91f1b82|__AUTOMETRIC__
__AUTOMETRIC__|0.1.2|11248|crew_log_881ae90a4d151b0d|0|1786323681.556|101.088|6.318|2244431872|2396454912|sim_data_345e031ce91f1b82|__AUTOMETRIC__
__AUTOMETRIC__|0.1.2|11248|crew_log_881ae90a4d151b0d|0|1786323682.564|97.636|6.102|2244431872|2396454912|sim_data_345e031ce91f1b82|__AUTOMETRIC__
__AUTOMETRIC__|0.1.2|11248|crew_log_881ae90a4d151b0d|0|1786323683.571|100.925|6.308|2244431872|2396454912|sim_data_345e031ce91f1b82|__AUTOMETRIC__
__AUTOMETRIC__|0.1.2|11248|crew_log_881ae90a4d151b0d|0|1786323684.576|97.901|6.119|2245443584|2397466624|sim_data_345e031ce91f1b82|__AUTOMETRIC__
__AUTOMETRIC__|0.1.2|11248|crew_log_881ae90a4d151b0d|0|1786323685.578|98.197|6.137|2245390336|2397413376|sim_data_345e031ce91f1b82|__AUTOMETRIC__
__AUTOMETRIC__|0.1.2|11248|crew_log_881ae90a4d151b0d|0|1786323686.581|99.791|6.237|2245390336|2397413376|sim_data_345e031ce91f1b82|__AUTOMETRIC__
__AUTOMETRIC__|0.1.2|11248|crew_log_881ae90a4d151b0d|0|1786323687.583|99.709|6.232|2245390336|2397413376|sim_data_345e031ce91f1b82|__AUTOMETRIC__
__AUTOMETRIC__|0.1.2|11248|crew_log_881ae90a4d151b0d|0|1786323688.589|100.958|6.310|2245390336|2397413376|sim_data_345e031ce91f1b82|__AUTOMETRIC__
__AUTOMETRIC__|0.1.2|11248|crew_log_881ae90a4d151b0d|0|1786323689.598|99.108|6.194|2245390336|2397413376|sim_data_345e031ce91f1b82|__AUTOMETRIC__
__AUTOMETRIC__|0.1.2|11248|crew_log_881ae90a4d151b0d|0|1786323690.601|99.766|6.235|2245390336|2397413376|sim_data_345e031ce91f1b82|__AUTOMETRIC__
__AUTOMETRIC__|0.1.2|11248|crew_log_881ae90a4d151b0d|0|1786323691.608|99.281|6.205|2245390336|2397413376|sim_data_345e031ce91f1b82|__AUTOMETRIC__
__AUTOMETRIC__|0.1.2|11248|crew_log_881ae90a4d151b0d|0|1786323692.620|100.327|6.270|2245390336|2397413376|sim_data_345e031ce91f1b82|__AUTOMETRIC__
__AUTOMETRIC__|0.1.2|11248|crew_log_881ae90a4d151b0d|0|1786323693.633|98.797|6.175|2245398528|2397421568|sim_data_345e031ce91f1b82|__AUTOMETRIC__
__AUTOMETRIC__|0.1.2|11248|crew_log_881ae90a4d151b0d|0|1786323694.641|99.146|6.197|2245398528|2397421568|sim_data_345e031ce91f1b82|__AUTOMETRIC__
__AUTOMETRIC__|0.1.2|11248|crew_log_881ae90a4d151b0d|0|1786323695.645|99.574|6.223|2245398528|2397421568|sim_data_345e031ce91f1b82|__AUTOMETRIC__
__AUTOMETRIC__|0.1.2|11248|crew_log_881ae90a4d151b0d|0|1786323696.654|97.638|6.102|2245390336|2397413376|sim_data_345e031ce91f1b82|__AUTOMETRIC__
__AUTOMETRIC__|0.1.2|11248|crew_log_881ae90a4d151b0d|0|1786323697.665|100.447|6.278|2246352896|2398375936|sim_data_345e031ce91f1b82|__AUTOMETRIC__
__AUTOMETRIC__|0.1.2|11248|crew_log_881ae90a4d151b0d|0|1786323698.679|100.129|6.258|2246279168|2398302208|sim_data_345e031ce91f1b82|__AUTOMETRIC__
__AUTOMETRIC__|0.1.2|11248|crew_log_881ae90a4d151b0d|0|1786323699.682|99.705|6.232|2246279168|2398302208|sim_data_345e031ce91f1b82|__AUTOMETRIC__
__AUTOMETRIC__|0.1.2|11248|crew_log_881ae90a4d151b0d|0|1786323700.691|99.090|6.193|2246270976|2398294016|sim_data_345e031ce91f1b82|__AUTOMETRIC__
__AUTOMETRIC__|0.1.2|11248|crew_log_881ae90a4d151b0d|0|1786323701.697|100.972|6.311|2246270976|2398294016|sim_data_345e031ce91f1b82|__AUTOMETRIC__
__AUTOMETRIC__|0.1.2|11248|crew_log_881ae90a4d151b0d|0|1786323702.711|97.063|6.066|2246270976|2398294016|sim_data_345e031ce91f1b82|__AUTOMETRIC__
__AUTOMETRIC__|0.1.2|11248|crew_log_881ae90a4d151b0d|0|1786323703.720|100.678|6.292|2246270976|2398294016|sim_data_345e031ce91f1b82|__AUTOMETRIC__
__AUTOMETRIC__|0.1.2|11248|crew_log_881ae90a4d151b0d|0|1786323704.727|100.866|6.304|2246283264|2398306304|sim_data_345e031ce91f1b82|__AUTOMETRIC__
__AUTOMETRIC__|0.1.2|11248|crew_log_881ae90a4d151b0d|0|1786323705.741|97.061|6.066|2247303168|2399326208|sim_data_345e031ce91f1b82|__AUTOMETRIC__
__AUTOMETRIC__|0.1.2|11248|crew_log_881ae90a4d151b0d|0|1786323706.745|101.116|6.320|2247262208|2399285248|sim_data_345e031ce91f1b82|__AUTOMETRIC__
__AUTOMETRIC__|0.1.2|11248|crew_log_881ae90a4d151b0d|0|1786323707.752|99.384|6.211|2247262208|2399285248|sim_data_345e031ce91f1b82|__AUTOMETRIC__
__AUTOMETRIC__|0.1.2|11248|crew_log_881ae90a4d151b0d|0|1786323708.758|100.904|6.307|2247270400|2399293440|sim_data_345e031ce91f1b82|__AUTOMETRIC__
__AUTOMETRIC__|0.1.2|11248|crew_log_881ae90a4d151b0d|0|1786323709.766|99.237|6.202|2247278592|2399301632|sim_data_345e031ce91f1b82|__AUTOMETRIC__
__AUTOMETRIC__|0.1.2|11248|crew_log_881ae90a4d151b0d|0|1786323710.778|100.384|6.274|2247262208|2399285248|sim_data_345e031ce91f1b82|__AUTOMETRIC__
__AUTOMETRIC__|0.1.2|11248|crew_log_881ae90a4d151b0d|0|1786323711.791|100.262|6.266|2247262208|2399285248|sim_data_345e031ce91f1b82|__AUTOMETRIC__
__AUTOMETRIC__|0.1.2|11248|crew_log_881ae90a4d151b0d|0|1786323712.804|100.214|6.263|2247262208|2399285248|sim_data_345e031ce91f1b82|__AUTOMETRIC__
__AUTOMETRIC__|0.1.2|11248|crew_log_881ae90a4d151b0d|0|1786323713.813|99.065|6.192|2247262208|2399285248|sim_data_345e031ce91f1b82|__AUTOMETRIC__
__AUTOMETRIC__|0.1.2|11248|crew_log_881ae90a4d151b0d|0|1786323714.827|100.171|6.261|2247262208|2399285248|sim_data_345e031ce91f1b82|__AUTOMETRIC__
__AUTOMETRIC__|0.1.2|11248|crew_log_881ae90a4d151b0d|0|1786323715.840|100.300|6.269|2247262208|2399285248|sim_data_345e031ce91f1b82|__AUTOMETRIC__
__AUTOMETRIC__|0.1.2|11248|crew_log_881ae90a4d151b0d|0|1786323716.845|99.470|6.217|2336690176|2488766464|sim_data_345e031ce91f1b82|__AUTOMETRIC__
__AUTOMETRIC__|0.1.2|11248|crew_log_881ae90a4d151b0d|0|1786323717.857|100.347|6.272|2447298560|2599505920|sim_data_345e031ce91f1b82|__AUTOMETRIC__
__AUTOMETRIC__|0.1.2|11248|crew_log_881ae90a4d151b0d|0|1786323718.863|100.983|6.311|2353623040|2505715712|sim_data_345e031ce91f1b82|__AUTOMETRIC__
__AUTOMETRIC__|0.1.2|11248|crew_log_881ae90a4d151b0d|0|1786323719.877|98.596|6.162|2357092352|2509484032|sim_data_345e031ce91f1b82|__AUTOMETRIC__
__AUTOMETRIC__|0.1.2|11248|crew_log_881ae90a4d151b0d|0|1786323720.889|103.522|6.470|2254209024|2406592512|sim_data_345e031ce91f1b82|__AUTOMETRIC__
__AUTOMETRIC__|0.1.2|11248|crew_log_881ae90a4d151b0d|0|1786323721.899|99.010|6.188|2258161664|2411057152|sim_data_345e031ce91f1b82|__AUTOMETRIC__
__AUTOMETRIC__|0.1.2|11248|crew_log_881ae90a4d151b0d|0|1786323722.904|99.443|6.215|2256695296|2408841216|sim_data_345e031ce91f1b82|__AUTOMETRIC__
__AUTOMETRIC__|0.1.2|11248|crew_log_881ae90a4d151b0d|0|1786323723.918|100.191|6.262|2256220160|2408243200|sim_data_345e031ce91f1b82|__AUTOMETRIC__
__AUTOMETRIC__|0.1.2|11248|crew_log_881ae90a4d151b0d|0|1786323724.926|99.194|6.200|2257178624|2409201664|sim_data_345e031ce91f1b82|__AUTOMETRIC__
__AUTOMETRIC__|0.1.2|11248|crew_log_881ae90a4d151b0d|0|1786323725.937|100.478|6.280|2257178624|2409201664|sim_data_345e031ce91f1b82|__AUTOMETRIC__
__AUTOMETRIC__|0.1.2|11248|crew_log_881ae90a4d151b0d|0|1786323726.947|102.050|6.378|2257178624|2409201664|sim_data_345e031ce91f1b82|__AUTOMETRIC__
__AUTOMETRIC__|0.1.2|11248|crew_log_881ae90a4d151b0d|0|1786323727.958|97.440|6.090|2258034688|2410057728|sim_data_345e031ce91f1b82|__AUTOMETRIC__
__AUTOMETRIC__|0.1.2|11248|crew_log_881ae90a4d151b0d|0|1786323728.969|100.444|6.278|2258034688|2410057728|sim_data_345e031ce91f1b82|__AUTOMETRIC__
__AUTOMETRIC__|0.1.2|11248|crew_log_881ae90a4d151b0d|0|1786323729.981|101.866|6.367|2258034688|2410057728|sim_data_345e031ce91f1b82|__AUTOMETRIC__
__AUTOMETRIC__|0.1.2|11248|crew_log_881ae90a4d151b0d|0|1786323730.991|100.560|6.285|2259021824|2411044864|sim_data_345e031ce91f1b82|__AUTOMETRIC__
__AUTOMETRIC__|0.1.2|11248|crew_log_881ae90a4d151b0d|0|1786323731.998|99.298|6.206|2259021824|2411044864|sim_data_345e031ce91f1b82|__AUTOMETRIC__
__AUTOMETRIC__|0.1.2|11248|crew_log_881ae90a4d151b0d|0|1786323732.999|99.935|6.246|2259021824|2411044864|sim_data_345e031ce91f1b82|__AUTOMETRIC__
__AUTOMETRIC__|0.1.2|11248|crew_log_881ae90a4d151b0d|0|1786323734.010|103.522|6.470|2339164160|2491449344|sim_data_345e031ce91f1b82|__AUTOMETRIC__
__AUTOMETRIC__|0.1.2|11248|crew_log_881ae90a4d151b0d|0|1786323735.018|99.222|6.201|2380083200|2532184064|sim_data_345e031ce91f1b82|__AUTOMETRIC__
__AUTOMETRIC__|0.1.2|11248|crew_log_881ae90a4d151b0d|0|1786323736.028|100.585|6.287|2383962112|2536140800|sim_data_345e031ce91f1b82|__AUTOMETRIC__
__AUTOMETRIC__|0.1.2|11248|crew_log_881ae90a4d151b0d|0|1786323737.040|103.422|6.464|2271342592|2423377920|sim_data_345e031ce91f1b82|__AUTOMETRIC__
__AUTOMETRIC__|0.1.2|11248|crew_log_881ae90a4d151b0d|0|1786323738.054|100.177|6.261|2282078208|2434838528|sim_data_345e031ce91f1b82|__AUTOMETRIC__
__AUTOMETRIC__|0.1.2|11248|crew_log_881ae90a4d151b0d|0|1786323739.067|100.203|6.263|2266984448|2419019776|sim_data_345e031ce91f1b82|__AUTOMETRIC__
__AUTOMETRIC__|0.1.2|11248|crew_log_881ae90a4d151b0d|0|1786323740.081|98.644|6.165|2266779648|2418814976|sim_data_345e031ce91f1b82|__AUTOMETRIC__
__AUTOMETRIC__|0.1.2|11248|crew_log_881ae90a4d151b0d|0|1786323741.092|100.472|6.279|2266779648|2418814976|sim_data_345e031ce91f1b82|__AUTOMETRIC__
__AUTOMETRIC__|0.1.2|11248|crew_log_881ae90a4d151b0d|0|1786323742.106|100.156|6.260|2266787840|2418823168|sim_data_345e031ce91f1b82|__AUTOMETRIC__
__AUTOMETRIC__|0.1.2|11248|crew_log_881ae90a4d151b0d|0|1786323743.109|98.097|6.131|2267717632|2419752960|sim_data_345e031ce91f1b82|__AUTOMETRIC__
__AUTOMETRIC__|0.1.2|11248|crew_log_881ae90a4d151b0d|0|1786323744.124|100.101|6.256|2264698880|2416734208|sim_data_345e031ce91f1b82|__AUTOMETRIC__
__AUTOMETRIC__|0.1.2|11248|crew_log_881ae90a4d151b0d|0|1786323745.125|98.349|6.147|2264690688|2416726016|sim_data_345e031ce91f1b82|__AUTOMETRIC__
__AUTOMETRIC__|0.1.2|11248|crew_log_881ae90a4d151b0d|0|1786323746.138|100.198|6.262|2264694784|2416730112|sim_data_345e031ce91f1b82|__AUTOMETRIC__
__AUTOMETRIC__|0.1.2|11248|crew_log_881ae90a4d151b0d|0|1786323747.154|99.973|6.248|2264690688|2416726016|sim_data_345e031ce91f1b82|__AUTOMETRIC__
__AUTOMETRIC__|0.1.2|11248|crew_log_881ae90a4d151b0d|0|1786323748.156|99.847|6.240|2264698880|2416734208|sim_data_345e031ce91f1b82|__AUTOMETRIC__
__AUTOMETRIC__|0.1.2|11248|crew_log_881ae90a4d151b0d|0|1786323749.162|99.432|6.214|2265731072|2417766400|sim_data_345e031ce91f1b82|__AUTOMETRIC__
__AUTOMETRIC__|0.1.2|11248|crew_log_881ae90a4d151b0d|0|1786323750.174|101.848|6.366|2265673728|2417709056|sim_data_345e031ce91f1b82|__AUTOMETRIC__
__AUTOMETRIC__|0.1.2|11248|crew_log_881ae90a4d151b0d|0|1786323751.177|99.707|6.232|2265686016|2417721344|sim_data_345e031ce91f1b82|__AUTOMETRIC__
__AUTOMETRIC__|0.1.2|11248|crew_log_881ae90a4d151b0d|0|1786323752.178|99.930|6.246|2265677824|2417713152|sim_data_345e031ce91f1b82|__AUTOMETRIC__
__AUTOMETRIC__|0.1.2|11248|crew_log_881ae90a4d151b0d|0|1786323753.181|104.401|6.525|2265677824|2417713152|sim_data_345e031ce91f1b82|__AUTOMETRIC__
__AUTOMETRIC__|0.1.2|11248|crew_log_881ae90a4d151b0d|0|1786323754.193|97.180|6.074|2266599424|2418634752|sim_data_345e031ce91f1b82|__AUTOMETRIC__
__AUTOMETRIC__|0.1.2|11248|crew_log_881ae90a4d151b0d|0|1786323755.194|104.618|6.539|2266533888|2418569216|sim_data_345e031ce91f1b82|__AUTOMETRIC__
__AUTOMETRIC__|0.1.2|11248|crew_log_881ae90a4d151b0d|0|1786323756.206|98.798|6.175|2266533888|2418569216|sim_data_345e031ce91f1b82|__AUTOMETRIC__
__AUTOMETRIC__|0.1.2|11248|crew_log_881ae90a4d151b0d|0|1786323757.221|100.050|6.253|2266533888|2418569216|sim_data_345e031ce91f1b82|__AUTOMETRIC__
__AUTOMETRIC__|0.1.2|11248|crew_log_881ae90a4d151b0d|0|1786323758.235|100.246|6.265|2266533888|2418569216|sim_data_345e031ce91f1b82|__AUTOMETRIC__
__AUTOMETRIC__|0.1.2|11248|crew_log_881ae90a4d151b0d|0|1786323759.243|100.725|6.295|2266533888|2418569216|sim_data_345e031ce91f1b82|__AUTOMETRIC__
__AUTOMETRIC__|0.1.2|11248|crew_log_881ae90a4d151b0d|0|1786323760.256|98.735|6.171|2266533888|2418569216|sim_data_345e031ce91f1b82|__AUTOMETRIC__
__AUTOMETRIC__|0.1.2|11248|crew_log_881ae90a4d151b0d|0|1786323761.256|103.111|6.444|2422554624|2574589952|sim_data_345e031ce91f1b82|__AUTOMETRIC__
__AUTOMETRIC__|0.1.2|11248|crew_log_881ae90a4d151b0d|0|1786323762.258|104.510|6.532|2399297536|2551574528|sim_data_345e031ce91f1b82|__AUTOMETRIC__
__AUTOMETRIC__|0.1.2|11248|crew_log_881ae90a4d151b0d|0|1786323763.266|99.203|6.200|2397302784|2549395456|sim_data_345e031ce91f1b82|__AUTOMETRIC__
__AUTOMETRIC__|0.1.2|11248|crew_log_881ae90a4d151b0d|0|1786323764.276|98.947|6.184|2400239616|2552492032|sim_data_345e031ce91f1b82|__AUTOMETRIC__
__AUTOMETRIC__|0.1.2|11248|crew_log_881ae90a4d151b0d|0|1786323765.292|103.084|6.443|2274009088|2426339328|sim_data_345e031ce91f1b82|__AUTOMETRIC__
__AUTOMETRIC__|0.1.2|11248|crew_log_881ae90a4d151b0d|0|1786323766.303|98.851|6.178|2273898496|2426675200|sim_data_345e031ce91f1b82|__AUTOMETRIC__
__AUTOMETRIC__|0.1.2|11248|crew_log_881ae90a4d151b0d|0|1786323767.317|98.689|6.168|2271625216|2423947264|sim_data_345e031ce91f1b82|__AUTOMETRIC__
__AUTOMETRIC__|0.1.2|11248|crew_log_881ae90a4d151b0d|0|1786323768.330|100.228|6.264|2271383552|2423414784|sim_data_345e031ce91f1b82|__AUTOMETRIC__
__AUTOMETRIC__|0.1.2|11248|crew_log_881ae90a4d151b0d|0|1786323769.344|98.590|6.162|2272329728|2424360960|sim_data_345e031ce91f1b82|__AUTOMETRIC__
__AUTOMETRIC__|0.1.2|11248|crew_log_881ae90a4d151b0d|0|1786323770.350|99.380|6.211|2272235520|2424266752|sim_data_345e031ce91f1b82|__AUTOMETRIC__
__AUTOMETRIC__|0.1.2|11248|crew_log_881ae90a4d151b0d|0|1786323771.361|100.555|6.285|2272235520|2424266752|sim_data_345e031ce91f1b82|__AUTOMETRIC__
__AUTOMETRIC__|0.1.2|11248|crew_log_881ae90a4d151b0d|0|1786323772.371|100.516|6.282|2273304576|2425335808|sim_data_345e031ce91f1b82|__AUTOMETRIC__
__AUTOMETRIC__|0.1.2|11248|crew_log_881ae90a4d151b0d|0|1786323773.385|100.147|6.259|2273214464|2425245696|sim_data_345e031ce91f1b82|__AUTOMETRIC__
__AUTOMETRIC__|0.1.2|11248|crew_log_881ae90a4d151b0d|0|1786323774.397|100.331|6.271|2273214464|2425245696|sim_data_345e031ce91f1b82|__AUTOMETRIC__
__AUTOMETRIC__|0.1.2|11248|crew_log_881ae90a4d151b0d|0|1786323775.411|98.640|6.165|2273210368|2425241600|sim_data_345e031ce91f1b82|__AUTOMETRIC__
__AUTOMETRIC__|0.1.2|11248|crew_log_881ae90a4d151b0d|0|1786323776.424|100.246|6.265|2274095104|2426126336|sim_data_345e031ce91f1b82|__AUTOMETRIC__
__AUTOMETRIC__|0.1.2|11248|crew_log_881ae90a4d151b0d|0|1786323777.433|100.652|6.291|2274037760|2426068992|sim_data_345e031ce91f1b82|__AUTOMETRIC__
__AUTOMETRIC__|0.1.2|11248|crew_log_881ae90a4d151b0d|0|1786323778.444|100.452|6.278|2274037760|2426068992|sim_data_345e031ce91f1b82|__AUTOMETRIC__
__AUTOMETRIC__|0.1.2|11248|crew_log_881ae90a4d151b0d|0|1786323779.449|97.947|6.122|2423119872|2575409152|sim_data_345e031ce91f1b82|__AUTOMETRIC__
__AUTOMETRIC__|0.1.2|11248|crew_log_881ae90a4d151b0d|0|1786323780.460|102.082|6.380|2430877696|2583060480|sim_data_345e031ce91f1b82|__AUTOMETRIC__
__AUTOMETRIC__|0.1.2|11248|crew_log_881ae90a4d151b0d|0|1786323781.469|102.161|6.385|2264748032|2416758784|sim_data_345e031ce91f1b82|__AUTOMETRIC__
__AUTOMETRIC__|0.1.2|11248|crew_log_881ae90a4d151b0d|0|1786323782.484|100.035|6.252|2270220288|2422325248|sim_data_345e031ce91f1b82|__AUTOMETRIC__
__AUTOMETRIC__|0.1.2|11248|crew_log_881ae90a4d151b0d|0|1786323783.495|102.061|6.379|2269638656|2421706752|sim_data_345e031ce91f1b82|__AUTOMETRIC__
__AUTOMETRIC__|0.1.2|11248|crew_log_881ae90a4d151b0d|0|1786323784.507|98.800|6.175|2274959360|2427330560|sim_data_345e031ce91f1b82|__AUTOMETRIC__
__AUTOMETRIC__|0.1.2|11248|crew_log_881ae90a4d151b0d|0|1786323785.519|100.369|6.273|2274459648|2426490880|sim_data_345e031ce91f1b82|__AUTOMETRIC__
__AUTOMETRIC__|0.1.2|11248|crew_log_881ae90a4d151b0d|0|1786323786.531|100.343|6.271|2274463744|2426494976|sim_data_345e031ce91f1b82|__AUTOMETRIC__
__AUTOMETRIC__|0.1.2|11248|crew_log_881ae90a4d151b0d|0|1786323787.545|97.048|6.065|2275373056|2427404288|sim_data_345e031ce91f1b82|__AUTOMETRIC__
__AUTOMETRIC__|0.1.2|11248|crew_log_881ae90a4d151b0d|0|1786323788.556|100.503|6.281|2275373056|2427404288|sim_data_345e031ce91f1b82|__AUTOMETRIC__
__AUTOMETRIC__|0.1.2|11248|crew_log_881ae90a4d151b0d|0|1786323789.567|98.858|6.179|2275356672|2427387904|sim_data_345e031ce91f1b82|__AUTOMETRIC__
__AUTOMETRIC__|0.1.2|11248|crew_log_881ae90a4d151b0d|0|1786323790.581|98.657|6.166|2275389440|2427420672|sim_data_345e031ce91f1b82|__AUTOMETRIC__
__AUTOMETRIC__|0.1.2|11248|crew_log_881ae90a4d151b0d|0|1786323791.592|98.911|6.182|2276327424|2428358656|sim_data_345e031ce91f1b82|__AUTOMETRIC__
__AUTOMETRIC__|0.1.2|11248|crew_log_881ae90a4d151b0d|0|1786323792.604|100.317|6.270|2276282368|2428313600|sim_data_345e031ce91f1b82|__AUTOMETRIC__
__AUTOMETRIC__|0.1.2|11248|crew_log_881ae90a4d151b0d|0|1786323793.619|100.133|6.258|2276294656|2428325888|sim_data_345e031ce91f1b82|__AUTOMETRIC__
__AUTOMETRIC__|0.1.2|11248|crew_log_881ae90a4d151b0d|0|1786323794.627|99.121|6.195|2277253120|2429284352|sim_data_345e031ce91f1b82|__AUTOMETRIC__
__AUTOMETRIC__|0.1.2|11248|crew_log_881ae90a4d151b0d|0|1786323795.643|98.468|6.154|2277199872|2429231104|sim_data_345e031ce91f1b82|__AUTOMETRIC__
__AUTOMETRIC__|0.1.2|11248|crew_log_881ae90a4d151b0d|0|1786323796.655|100.390|6.274|2277175296|2429206528|sim_data_345e031ce91f1b82|__AUTOMETRIC__
__AUTOMETRIC__|0.1.2|11248|crew_log_881ae90a4d151b0d|0|1786323797.664|100.670|6.292|2324783104|2476879872|sim_data_345e031ce91f1b82|__AUTOMETRIC__
__AUTOMETRIC__|0.1.2|11248|crew_log_881ae90a4d151b0d|0|1786323798.677|101.728|6.358|2429779968|2581819392|sim_data_345e031ce91f1b82|__AUTOMETRIC__
__AUTOMETRIC__|0.1.2|11248|crew_log_881ae90a4d151b0d|0|1786323799.689|100.376|6.274|2430951424|2582777856|sim_data_345e031ce91f1b82|__AUTOMETRIC__
__AUTOMETRIC__|0.1.2|11248|crew_log_881ae90a4d151b0d|0|1786323800.701|103.458|6.466|2244800512|2396495872|sim_data_345e031ce91f1b82|__AUTOMETRIC__
__AUTOMETRIC__|0.1.2|11248|crew_log_881ae90a4d151b0d|0|1786323801.709|99.214|6.201|2252582912|2404425728|sim_data_345e031ce91f1b82|__AUTOMETRIC__
__AUTOMETRIC__|0.1.2|11248|crew_log_881ae90a4d151b0d|0|1786323802.723|101.652|6.353|2252677120|2404737024|sim_data_345e031ce91f1b82|__AUTOMETRIC__
__AUTOMETRIC__|0.1.2|11248|crew_log_881ae90a4d151b0d|0|1786323803.738|100.148|6.259|2258804736|2411397120|sim_data_345e031ce91f1b82|__AUTOMETRIC__
__AUTOMETRIC__|0.1.2|11248|crew_log_881ae90a4d151b0d|0|1786323804.752|100.151|6.259|2257784832|2409525248|sim_data_345e031ce91f1b82|__AUTOMETRIC__
__AUTOMETRIC__|0.1.2|11248|crew_log_881ae90a4d151b0d|0|1786323805.767|98.454|6.153|2257580032|2409320448|sim_data_345e031ce91f1b82|__AUTOMETRIC__
__AUTOMETRIC__|0.1.2|11248|crew_log_881ae90a4d151b0d|0|1786323806.774|100.857|6.304|2257584128|2409324544|sim_data_345e031ce91f1b82|__AUTOMETRIC__
__AUTOMETRIC__|0.1.2|11248|crew_log_881ae90a4d151b0d|0|1786323807.783|99.171|6.198|2257596416|2409336832|sim_data_345e031ce91f1b82|__AUTOMETRIC__
__AUTOMETRIC__|0.1.2|11248|crew_log_881ae90a4d151b0d|0|1786323808.783|99.988|6.249|2258489344|2410229760|sim_data_345e031ce91f1b82|__AUTOMETRIC__
__AUTOMETRIC__|0.1.2|11248|crew_log_881ae90a4d151b0d|0|1786323809.798|100.055|6.253|2258419712|2410160128|sim_data_345e031ce91f1b82|__AUTOMETRIC__
__AUTOMETRIC__|0.1.2|11248|crew_log_881ae90a4d151b0d|0|1786323810.806|100.717|6.295|2258427904|2410168320|sim_data_345e031ce91f1b82|__AUTOMETRIC__
__AUTOMETRIC__|0.1.2|11248|crew_log_881ae90a4d151b0d|0|1786323811.807|99.881|6.243|2258427904|2410168320|sim_data_345e031ce91f1b82|__AUTOMETRIC__
__AUTOMETRIC__|0.1.2|11248|crew_log_881ae90a4d151b0d|0|1786323812.821|100.191|6.262|2259402752|2411143168|sim_data_345e031ce91f1b82|__AUTOMETRIC__
__AUTOMETRIC__|0.1.2|11248|crew_log_881ae90a4d151b0d|0|1786323813.835|98.659|6.166|2259374080|2411114496|sim_data_345e031ce91f1b82|__AUTOMETRIC__
__AUTOMETRIC__|0.1.2|11248|crew_log_881ae90a4d151b0d|0|1786323814.837|99.737|6.234|2259382272|2411122688|sim_data_345e031ce91f1b82|__AUTOMETRIC__
__AUTOMETRIC__|0.1.2|11248|crew_log_881ae90a4d151b0d|0|1786323815.845|96.160|6.010|2260320256|2412060672|sim_data_345e031ce91f1b82|__AUTOMETRIC__
__AUTOMETRIC__|0.1.2|11248|crew_log_881ae90a4d151b0d|0|1786323816.860|100.051|6.253|2260254720|2411995136|sim_data_345e031ce91f1b82|__AUTOMETRIC__
__AUTOMETRIC__|0.1.2|11248|crew_log_881ae90a4d151b0d|0|1786323817.867|100.832|6.302|2260254720|2411995136|sim_data_345e031ce91f1b82|__AUTOMETRIC__
__AUTOMETRIC__|0.1.2|11248|crew_log_881ae90a4d151b0d|0|1786323818.881|97.132|6.071|2260246528|2411986944|sim_data_345e031ce91f1b82|__AUTOMETRIC__
__AUTOMETRIC__|0.1.2|11248|crew_log_881ae90a4d151b0d|0|1786323819.889|102.291|6.393|2313543680|2465423360|sim_data_345e031ce91f1b82|__AUTOMETRIC__
__AUTOMETRIC__|0.1.2|11248|crew_log_881ae90a4d151b0d|0|1786323820.900|100.434|6.277|2508001280|2660077568|sim_data_345e031ce91f1b82|__AUTOMETRIC__
__AUTOMETRIC__|0.1.2|11248|crew_log_881ae90a4d151b0d|0|1786323821.904|99.593|6.225|2586746880|2738827264|sim_data_345e031ce91f1b82|__AUTOMETRIC__
__AUTOMETRIC__|0.1.2|11248|crew_log_881ae90a4d151b0d|0|1786323822.913|102.218|6.389|2265829376|2417844224|sim_data_345e031ce91f1b82|__AUTOMETRIC__
__AUTOMETRIC__|0.1.2|11248|crew_log_881ae90a4d151b0d|0|1786323823.928|98.477|6.155|2271883264|2424152064|sim_data_345e031ce91f1b82|__AUTOMETRIC__
__AUTOMETRIC__|0.1.2|11248|crew_log_881ae90a4d151b0d|0|1786323824.942|97.167|6.073|2274021376|2426617856|sim_data_345e031ce91f1b82|__AUTOMETRIC__
__AUTOMETRIC__|0.1.2|11248|crew_log_881ae90a4d151b0d|0|1786323825.952|100.533|6.283|2264166400|2416971776|sim_data_345e031ce91f1b82|__AUTOMETRIC__
__AUTOMETRIC__|0.1.2|11248|crew_log_881ae90a4d151b0d|0|1786323826.966|100.088|6.256|2263236608|2415173632|sim_data_345e031ce91f1b82|__AUTOMETRIC__
__AUTOMETRIC__|0.1.2|11248|crew_log_881ae90a4d151b0d|0|1786323827.975|99.188|6.199|2263023616|2414960640|sim_data_345e031ce91f1b82|__AUTOMETRIC__
__AUTOMETRIC__|0.1.2|11248|crew_log_881ae90a4d151b0d|0|1786323828.986|101.988|6.374|2263031808|2414968832|sim_data_345e031ce91f1b82|__AUTOMETRIC__
__AUTOMETRIC__|0.1.2|11248|crew_log_881ae90a4d151b0d|0|1786323829.993|100.882|6.305|2263023616|2414960640|sim_data_345e031ce91f1b82|__AUTOMETRIC__
__AUTOMETRIC__|0.1.2|11248|crew_log_881ae90a4d151b0d|0|1786323830.994|98.270|6.142|2263023616|2414960640|sim_data_345e031ce91f1b82|__AUTOMETRIC__
__AUTOMETRIC__|0.1.2|11248|crew_log_881ae90a4d151b0d|0|1786323832.006|94.186|5.887|2263896064|2415833088|sim_data_345e031ce91f1b82|__AUTOMETRIC__
__AUTOMETRIC__|0.1.2|11248|crew_log_881ae90a4d151b0d|0|1786323833.020|100.148|6.259|2263912448|2415849472|sim_data_345e031ce91f1b82|__AUTOMETRIC__
__AUTOMETRIC__|0.1.2|11248|crew_log_881ae90a4d151b0d|0|1786323834.033|100.264|6.267|2263912448|2415849472|sim_data_345e031ce91f1b82|__AUTOMETRIC__
__AUTOMETRIC__|0.1.2|11248|crew_log_881ae90a4d151b0d|0|1786323835.046|100.315|6.270|2263896064|2415833088|sim_data_345e031ce91f1b82|__AUTOMETRIC__
__AUTOMETRIC__|0.1.2|11248|crew_log_881ae90a4d151b0d|0|1786323836.060|100.109|6.257|2263908352|2415845376|sim_data_345e031ce91f1b82|__AUTOMETRIC__
__AUTOMETRIC__|0.1.2|11248|crew_log_881ae90a4d151b0d|0|1786323837.074|100.187|6.262|2264788992|2416726016|sim_data_345e031ce91f1b82|__AUTOMETRIC__
__AUTOMETRIC__|0.1.2|11248|crew_log_881ae90a4d151b0d|0|1786323838.081|99.301|6.206|2264784896|2416721920|sim_data_345e031ce91f1b82|__AUTOMETRIC__
__AUTOMETRIC__|0.1.2|11248|crew_log_881ae90a4d151b0d|0|1786323839.094|100.301|6.269|2264788992|2416726016|sim_data_345e031ce91f1b82|__AUTOMETRIC__
__AUTOMETRIC__|0.1.2|11248|crew_log_881ae90a4d151b0d|0|1786323840.094|99.984|6.249|2264788992|2416726016|sim_data_345e031ce91f1b82|__AUTOMETRIC__
__AUTOMETRIC__|0.1.2|11248|crew_log_881ae90a4d151b0d|0|1786323841.107|98.669|6.167|2264797184|2416734208|sim_data_345e031ce91f1b82|__AUTOMETRIC__
__AUTOMETRIC__|0.1.2|11248|crew_log_881ae90a4d151b0d|0|1786323842.119|98.810|6.176|2265759744|2417696768|sim_data_345e031ce91f1b82|__AUTOMETRIC__
__AUTOMETRIC__|0.1.2|11248|crew_log_881ae90a4d151b0d|0|1786323843.127|97.726|6.108|2265759744|2417696768|sim_data_345e031ce91f1b82|__AUTOMETRIC__
__AUTOMETRIC__|0.1.2|11248|crew_log_881ae90a4d151b0d|0|1786323844.138|100.419|6.276|2265755648|2417692672|sim_data_345e031ce91f1b82|__AUTOMETRIC__
__AUTOMETRIC__|0.1.2|11248|crew_log_881ae90a4d151b0d|0|1786323845.139|99.932|6.246|2265792512|2417729536|sim_data_345e031ce91f1b82|__AUTOMETRIC__
__AUTOMETRIC__|0.1.2|11248|crew_log_881ae90a4d151b0d|0|1786323846.141|99.754|6.235|2265792512|2417729536|sim_data_345e031ce91f1b82|__AUTOMETRIC__
__AUTOMETRIC__|0.1.2|11248|crew_log_881ae90a4d151b0d|0|1786323847.145|98.070|6.129|2467590144|2619527168|sim_data_345e031ce91f1b82|__AUTOMETRIC__
__AUTOMETRIC__|0.1.2|11248|crew_log_881ae90a4d151b0d|0|1786323848.154|100.671|6.292|2580688896|2732957696|sim_data_345e031ce91f1b82|__AUTOMETRIC__
__AUTOMETRIC__|0.1.2|11248|crew_log_881ae90a4d151b0d|0|1786323849.155|99.874|6.242|2587615232|2739638272|sim_data_345e031ce91f1b82|__AUTOMETRIC__
__AUTOMETRIC__|0.1.2|11248|crew_log_881ae90a4d151b0d|0|1786323850.167|106.504|6.656|2271383552|2423541760|sim_data_345e031ce91f1b82|__AUTOMETRIC__
__AUTOMETRIC__|0.1.2|11248|crew_log_881ae90a4d151b0d|0|1786323851.175|99.250|6.203|2273841152|2426175488|sim_data_345e031ce91f1b82|__AUTOMETRIC__
__AUTOMETRIC__|0.1.2|11248|crew_log_881ae90a4d151b0d|0|1786323852.183|102.280|6.393|2276683776|2429566976|sim_data_345e031ce91f1b82|__AUTOMETRIC__
__AUTOMETRIC__|0.1.2|11248|crew_log_881ae90a4d151b0d|0|1786323853.190|99.284|6.205|2275020800|2427195392|sim_data_345e031ce91f1b82|__AUTOMETRIC__
__AUTOMETRIC__|0.1.2|11248|crew_log_881ae90a4d151b0d|0|1786323854.194|98.058|6.129|2274521088|2426466304|sim_data_345e031ce91f1b82|__AUTOMETRIC__
__AUTOMETRIC__|0.1.2|11248|crew_log_881ae90a4d151b0d|0|1786323855.200|100.991|6.312|2275532800|2427478016|sim_data_345e031ce91f1b82|__AUTOMETRIC__
__AUTOMETRIC__|0.1.2|11248|crew_log_881ae90a4d151b0d|0|1786323856.205|99.454|6.216|2275418112|2427363328|sim_data_345e031ce91f1b82|__AUTOMETRIC__
__AUTOMETRIC__|0.1.2|11248|crew_log_881ae90a4d151b0d|0|1786323857.215|99.030|6.189|2275426304|2427371520|sim_data_345e031ce91f1b82|__AUTOMETRIC__
__AUTOMETRIC__|0.1.2|11248|crew_log_881ae90a4d151b0d|0|1786323858.217|99.820|6.239|2275426304|2427371520|sim_data_345e031ce91f1b82|__AUTOMETRIC__
__AUTOMETRIC__|0.1.2|11248|crew_log_881ae90a4d151b0d|0|1786323859.222|97.898|6.119|2276388864|2428334080|sim_data_345e031ce91f1b82|__AUTOMETRIC__
__AUTOMETRIC__|0.1.2|11248|crew_log_881ae90a4d151b0d|0|1786323860.235|100.298|6.269|2276327424|2428272640|sim_data_345e031ce91f1b82|__AUTOMETRIC__
__AUTOMETRIC__|0.1.2|11248|crew_log_881ae90a4d151b0d|0|1786323861.248|100.266|6.267|2276331520|2428276736|sim_data_345e031ce91f1b82|__AUTOMETRIC__
__AUTOMETRIC__|0.1.2|11248|crew_log_881ae90a4d151b0d|0|1786323862.252|99.591|6.224|2276331520|2428276736|sim_data_345e031ce91f1b82|__AUTOMETRIC__
__AUTOMETRIC__|0.1.2|11248|crew_log_881ae90a4d151b0d|0|1786323863.256|99.635|6.227|2277351424|2429296640|sim_data_345e031ce91f1b82|__AUTOMETRIC__
__AUTOMETRIC__|0.1.2|11248|crew_log_881ae90a4d151b0d|0|1786323864.264|102.311|6.394|2277261312|2429206528|sim_data_345e031ce91f1b82|__AUTOMETRIC__
__AUTOMETRIC__|0.1.2|11248|crew_log_881ae90a4d151b0d|0|1786323865.269|99.464|6.217|2277277696|2429222912|sim_data_345e031ce91f1b82|__AUTOMETRIC__
__AUTOMETRIC__|0.1.2|11248|crew_log_881ae90a4d151b0d|0|1786323866.273|101.165|6.323|2277273600|2429218816|sim_data_345e031ce91f1b82|__AUTOMETRIC__
__AUTOMETRIC__|0.1.2|11248|crew_log_881ae90a4d151b0d|0|1786323867.285|97.267|6.079|2364448768|2516410368|sim_data_345e031ce91f1b82|__AUTOMETRIC__
__AUTOMETRIC__|0.1.2|11248|crew_log_881ae90a4d151b0d|0|1786323868.291|102.515|6.407|2577768448|2729877504|sim_data_345e031ce91f1b82|__AUTOMETRIC__
__AUTOMETRIC__|0.1.2|11248|crew_log_881ae90a4d151b0d|0|1786323869.298|103.980|6.499|2267582464|2419556352|sim_data_345e031ce91f1b82|__AUTOMETRIC__
__AUTOMETRIC__|0.1.2|11248|crew_log_881ae90a4d151b0d|0|1786323870.308|100.523|6.283|2275028992|2427133952|sim_data_345e031ce91f1b82|__AUTOMETRIC__
__AUTOMETRIC__|0.1.2|11248|crew_log_881ae90a4d151b0d|0|1786323871.318|97.447|6.090|2278449152|2430451712|sim_data_345e031ce91f1b82|__AUTOMETRIC__
__AUTOMETRIC__|0.1.2|11248|crew_log_881ae90a4d151b0d|0|1786323872.321|104.390|6.524|2232770560|2429177856|sim_data_345e031ce91f1b82|__AUTOMETRIC__
__AUTOMETRIC__|0.1.2|11248|crew_log_881ae90a4d151b0d|0|1786323873.328|99.319|6.207|2231091200|2427510784|sim_data_345e031ce91f1b82|__AUTOMETRIC__
__AUTOMETRIC__|0.1.2|11248|crew_log_881ae90a4d151b0d|0|1786323874.338|100.548|6.284|2230366208|2426007552|sim_data_345e031ce91f1b82|__AUTOMETRIC__
__AUTOMETRIC__|0.1.2|11248|crew_log_881ae90a4d151b0d|0|1786323875.354|100.015|6.251|2230370304|2426011648|sim_data_345e031ce91f1b82|__AUTOMETRIC__
__AUTOMETRIC__|0.1.2|11248|crew_log_881ae90a4d151b0d|0|1786323876.360|99.353|6.210|2231234560|2426875904|sim_data_345e031ce91f1b82|__AUTOMETRIC__
__AUTOMETRIC__|0.1.2|11248|crew_log_881ae90a4d151b0d|0|1786323877.373|100.219|6.264|2231181312|2426822656|sim_data_345e031ce91f1b82|__AUTOMETRIC__
__AUTOMETRIC__|0.1.2|11248|crew_log_881ae90a4d151b0d|0|1786323878.383|100.590|6.287|2231193600|2426834944|sim_data_345e031ce91f1b82|__AUTOMETRIC__
__AUTOMETRIC__|0.1.2|11248|crew_log_881ae90a4d151b0d|0|1786323879.395|98.831|6.177|2231193600|2426834944|sim_data_345e031ce91f1b82|__AUTOMETRIC__
__AUTOMETRIC__|0.1.2|11248|crew_log_881ae90a4d151b0d|0|1786323880.409|100.157|6.260|2232262656|2427904000|sim_data_345e031ce91f1b82|__AUTOMETRIC__
__AUTOMETRIC__|0.1.2|11248|crew_log_881ae90a4d151b0d|0|1786323881.420|98.890|6.181|2232188928|2427830272|sim_data_345e031ce91f1b82|__AUTOMETRIC__
__AUTOMETRIC__|0.1.2|11248|crew_log_881ae90a4d151b0d|0|1786323882.435|100.060|6.254|2232201216|2427842560|sim_data_345e031ce91f1b82|__AUTOMETRIC__
__AUTOMETRIC__|0.1.2|11248|crew_log_881ae90a4d151b0d|0|1786323883.450|97.022|6.064|2233102336|2428743680|sim_data_345e031ce91f1b82|__AUTOMETRIC__
__AUTOMETRIC__|0.1.2|11248|crew_log_881ae90a4d151b0d|0|1786323884.461|100.404|6.275|2233065472|2428706816|sim_data_345e031ce91f1b82|__AUTOMETRIC__
__AUTOMETRIC__|0.1.2|11248|crew_log_881ae90a4d151b0d|0|1786323885.473|98.882|6.180|2233077760|2428719104|sim_data_345e031ce91f1b82|__AUTOMETRIC__
__AUTOMETRIC__|0.1.2|11248|crew_log_881ae90a4d151b0d|0|1786323886.484|100.395|6.275|2233065472|2428706816|sim_data_345e031ce91f1b82|__AUTOMETRIC__
__AUTOMETRIC__|0.1.2|11248|crew_log_881ae90a4d151b0d|0|1786323887.500|100.043|6.253|2233073664|2428715008|sim_data_345e031ce91f1b82|__AUTOMETRIC__
__AUTOMETRIC__|0.1.2|11248|crew_log_881ae90a4d151b0d|0|1786323888.512|100.312|6.270|2482540544|2678525952|sim_data_345e031ce91f1b82|__AUTOMETRIC__
__AUTOMETRIC__|0.1.2|11248|crew_log_881ae90a4d151b0d|0|1786323889.523|100.478|6.280|2548248576|2744070144|sim_data_345e031ce91f1b82|__AUTOMETRIC__
__AUTOMETRIC__|0.1.2|11248|crew_log_881ae90a4d151b0d|0|1786323890.534|101.944|6.372|2234859520|2430566400|sim_data_345e031ce91f1b82|__AUTOMETRIC__
__AUTOMETRIC__|0.1.2|11248|crew_log_881ae90a4d151b0d|0|1786323891.548|100.156|6.260|2238169088|2433822720|sim_data_345e031ce91f1b82|__AUTOMETRIC__
__AUTOMETRIC__|0.1.2|11248|crew_log_881ae90a4d151b0d|0|1786323892.562|100.151|6.259|2237276160|2433687552|sim_data_345e031ce91f1b82|__AUTOMETRIC__
__AUTOMETRIC__|0.1.2|11248|crew_log_881ae90a4d151b0d|0|1786323893.575|98.763|6.173|2234822656|2430480384|sim_data_345e031ce91f1b82|__AUTOMETRIC__
__AUTOMETRIC__|0.1.2|11248|crew_log_881ae90a4d151b0d|0|1786323894.586|100.451|6.278|2234437632|2430095360|sim_data_345e031ce91f1b82|__AUTOMETRIC__
__AUTOMETRIC__|0.1.2|11248|crew_log_881ae90a4d151b0d|0|1786323895.598|97.276|6.080|2234441728|2430099456|sim_data_345e031ce91f1b82|__AUTOMETRIC__
__AUTOMETRIC__|0.1.2|11248|crew_log_881ae90a4d151b0d|0|1786323896.610|100.331|6.271|2234437632|2430095360|sim_data_345e031ce91f1b82|__AUTOMETRIC__
__AUTOMETRIC__|0.1.2|11248|crew_log_881ae90a4d151b0d|0|1786323897.615|99.569|6.223|2234441728|2430099456|sim_data_345e031ce91f1b82|__AUTOMETRIC__
__AUTOMETRIC__|0.1.2|11248|crew_log_881ae90a4d151b0d|0|1786323898.627|100.358|6.272|2234441728|2430099456|sim_data_345e031ce91f1b82|__AUTOMETRIC__
__AUTOMETRIC__|0.1.2|11248|crew_log_881ae90a4d151b0d|0|1786323899.633|100.950|6.309|2234437632|2430095360|sim_data_345e031ce91f1b82|__AUTOMETRIC__
__AUTOMETRIC__|0.1.2|11248|crew_log_881ae90a4d151b0d|0|1786323900.639|99.347|6.209|2234437632|2430095360|sim_data_345e031ce91f1b82|__AUTOMETRIC__
__AUTOMETRIC__|0.1.2|11248|crew_log_881ae90a4d151b0d|0|1786323901.650|98.901|6.181|2234441728|2430099456|sim_data_345e031ce91f1b82|__AUTOMETRIC__
__AUTOMETRIC__|0.1.2|11248|crew_log_881ae90a4d151b0d|0|1786323902.663|98.762|6.173|2234445824|2430103552|sim_data_345e031ce91f1b82|__AUTOMETRIC__
__AUTOMETRIC__|0.1.2|11248|crew_log_881ae90a4d151b0d|0|1786323903.666|102.784|6.424|2234437632|2430095360|sim_data_345e031ce91f1b82|__AUTOMETRIC__
__AUTOMETRIC__|0.1.2|11248|crew_log_881ae90a4d151b0d|0|1786323904.677|98.932|6.183|2234437632|2430095360|sim_data_345e031ce91f1b82|__AUTOMETRIC__
__AUTOMETRIC__|0.1.2|11248|crew_log_881ae90a4d151b0d|0|1786323905.682|102.603|6.413|2234437632|2430095360|sim_data_345e031ce91f1b82|__AUTOMETRIC__
__AUTOMETRIC__|0.1.2|11248|crew_log_881ae90a4d151b0d|0|1786323906.696|100.185|6.262|2234437632|2430095360|sim_data_345e031ce91f1b82|__AUTOMETRIC__
