__AUTOMETRIC__|0.1.2|25352|crew_log_06d891c508b68cbf|0|1786387269.638|83.374|2.605|233160704|258338816|param_set|__AUTOMETRIC__
__AUTOMETRIC__|0.1.2|25352|crew_log_06d891c508b68cbf|0|1786387270.642|70.042|2.189|413921280|444035072|__DEFAULT__|__AUTOMETRIC__
__AUTOMETRIC__|0.1.2|25352|crew_log_06d891c508b68cbf|0|1786387271.646|0.000|0.000|400515072|430477312|__DEFAULT__|__AUTOMETRIC__
__AUTOMETRIC__|0.1.2|25352|crew_log_06d891c508b68cbf|0|1786387272.652|68.347|2.136|414269440|446459904|gen_data_541e7f098b78d5cf|__AUTOMETRIC__
__AUTOMETRIC__|0.1.2|25352|crew_log_06d891c508b68cbf|0|1786387273.655|98.206|3.069|404496384|436584448|gen_data_541e7f098b78d5cf|__AUTOMETRIC__
__AUTOMETRIC__|0.1.2|25352|crew_log_06d891c508b68cbf|0|1786387274.662|99.313|3.104|403935232|436023296|gen_data_541e7f098b78d5cf|__AUTOMETRIC__
__AUTOMETRIC__|0.1.2|25352|crew_log_06d891c508b68cbf|0|1786387275.677|98.520|3.079|403554304|435699712|gen_data_541e7f098b78d5cf|__AUTOMETRIC__
__AUTOMETRIC__|0.1.2|25352|crew_log_06d891c508b68cbf|0|1786387276.679|99.810|3.119|403615744|435728384|gen_data_541e7f098b78d5cf|__AUTOMETRIC__
__AUTOMETRIC__|0.1.2|25352|crew_log_06d891c508b68cbf|0|1786387277.680|98.296|3.072|403775488|435957760|gen_data_541e7f098b78d5cf|__AUTOMETRIC__
__AUTOMETRIC__|0.1.2|25352|crew_log_06d891c508b68cbf|0|1786387278.684|101.205|3.163|403628032|435810304|gen_data_541e7f098b78d5cf|__AUTOMETRIC__
__AUTOMETRIC__|0.1.2|25352|crew_log_06d891c508b68cbf|0|1786387279.686|96.602|3.019|403722240|435810304|gen_data_541e7f098b78d5cf|__AUTOMETRIC__
__AUTOMETRIC__|0.1.2|25352|crew_log_06d891c508b68cbf|0|1786387280.698|98.863|3.089|403664896|435777536|gen_data_541e7f098b78d5cf|__AUTOMETRIC__
__AUTOMETRIC__|0.1.2|25352|crew_log_06d891c508b68cbf|0|1786387281.702|101.154|3.161|403693568|435781632|gen_data_541e7f098b78d5cf|__AUTOMETRIC__
__AUTOMETRIC__|0.1.2|25352|crew_log_06d891c508b68cbf|0|1786387282.704|99.741|3.117|403714048|435818496|gen_data_541e7f098b78d5cf|__AUTOMETRIC__
__AUTOMETRIC__|0.1.2|25352|crew_log_06d891c508b68cbf|0|1786387283.712|99.230|3.101|403779584|435879936|gen_data_541e7f098b78d5cf|__AUTOMETRIC__
__AUTOMETRIC__|0.1.2|25352|crew_log_06d891c508b68cbf|0|1786387284.720|96.147|3.005|403705856|435793920|gen_data_541e7f098b78d5cf|__AUTOMETRIC__
__AUTOMETRIC__|0.1.2|25352|crew_log_06d891c508b68cbf|0|1786387285.729|100.631|3.145|403451904|435539968|gen_data_541e7f098b78d5cf|__AUTOMETRIC__
__AUTOMETRIC__|0.1.2|25352|crew_log_06d891c508b68cbf|0|1786387286.743|98.618|3.082|403615744|435773440|gen_data_541e7f098b78d5cf|__AUTOMETRIC__
__AUTOMETRIC__|0.1.2|25352|crew_log_06d891c508b68cbf|0|1786387287.745|98.256|3.071|403656704|435785728|gen_data_541e7f098b78d5cf|__AUTOMETRIC__
__AUTOMETRIC__|0.1.2|25352|crew_log_06d891c508b68cbf|0|1786387288.746|99.877|3.121|403668992|435789824|gen_data_541e7f098b78d5cf|__AUTOMETRIC__
__AUTOMETRIC__|0.1.2|25352|crew_log_06d891c508b68cbf|0|1786387289.758|98.846|3.089|403836928|435924992|gen_data_541e7f098b78d5cf|__AUTOMETRIC__
__AUTOMETRIC__|0.1.2|25352|crew_log_06d891c508b68cbf|0|1786387290.758|99.996|3.125|403775488|435867648|gen_data_541e7f098b78d5cf|__AUTOMETRIC__
__AUTOMETRIC__|0.1.2|25352|crew_log_06d891c508b68cbf|0|1786387291.761|98.176|3.068|403771392|435859456|gen_data_541e7f098b78d5cf|__AUTOMETRIC__
__AUTOMETRIC__|0.1.2|25352|crew_log_06d891c508b68cbf|0|1786387292.765|98.039|3.064|403791872|435888128|gen_data_541e7f098b78d5cf|__AUTOMETRIC__
__AUTOMETRIC__|0.1.2|25352|crew_log_06d891c508b68cbf|0|1786387293.772|99.222|3.101|403816448|435912704|gen_data_541e7f098b78d5cf|__AUTOMETRIC__
__AUTOMETRIC__|0.1.2|25352|crew_log_06d891c508b68cbf|0|1786387294.780|100.795|3.150|403795968|435884032|gen_data_541e7f098b78d5cf|__AUTOMETRIC__
__AUTOMETRIC__|0.1.2|25352|crew_log_06d891c508b68cbf|0|1786387295.790|98.998|3.094|403877888|435970048|gen_data_541e7f098b78d5cf|__AUTOMETRIC__
__AUTOMETRIC__|0.1.2|25352|crew_log_06d891c508b68cbf|0|1786387296.803|98.770|3.087|403902464|435994624|gen_data_541e7f098b78d5cf|__AUTOMETRIC__
__AUTOMETRIC__|0.1.2|25352|crew_log_06d891c508b68cbf|0|1786387297.813|100.488|3.140|403906560|435994624|gen_data_541e7f098b78d5cf|__AUTOMETRIC__
__AUTOMETRIC__|0.1.2|25352|crew_log_06d891c508b68cbf|0|1786387298.817|98.122|3.066|403955712|436076544|gen_data_541e7f098b78d5cf|__AUTOMETRIC__
__AUTOMETRIC__|0.1.2|25352|crew_log_06d891c508b68cbf|0|1786387299.826|100.622|3.144|403939328|436060160|gen_data_541e7f098b78d5cf|__AUTOMETRIC__
__AUTOMETRIC__|0.1.2|25352|crew_log_06d891c508b68cbf|0|1786387300.836|99.019|3.094|403931136|436060160|gen_data_541e7f098b78d5cf|__AUTOMETRIC__
__AUTOMETRIC__|0.1.2|25352|crew_log_06d891c508b68cbf|0|1786387301.846|100.491|3.140|403939328|436060160|gen_data_541e7f098b78d5cf|__AUTOMETRIC__
__AUTOMETRIC__|0.1.2|25352|crew_log_06d891c508b68cbf|0|1786387302.856|100.602|3.144|403980288|436101120|gen_data_541e7f098b78d5cf|__AUTOMETRIC__
__AUTOMETRIC__|0.1.2|25352|crew_log_06d891c508b68cbf|0|1786387303.857|98.379|3.074|404041728|436183040|gen_data_541e7f098b78d5cf|__AUTOMETRIC__
__AUTOMETRIC__|0.1.2|25352|crew_log_06d891c508b68cbf|0|1786387304.867|99.018|3.094|404111360|436232192|gen_data_541e7f098b78d5cf|__AUTOMETRIC__
__AUTOMETRIC__|0.1.2|25352|crew_log_06d891c508b68cbf|0|1786387305.873|100.922|3.154|404013056|436133888|gen_data_541e7f098b78d5cf|__AUTOMETRIC__
__AUTOMETRIC__|0.1.2|25352|crew_log_06d891c508b68cbf|0|1786387306.884|98.917|3.091|404094976|436248576|gen_data_541e7f098b78d5cf|__AUTOMETRIC__
__AUTOMETRIC__|0.1.2|25352|crew_log_06d891c508b68cbf|0|1786387307.889|102.627|3.207|404070400|436191232|gen_data_541e7f098b78d5cf|__AUTOMETRIC__
__AUTOMETRIC__|0.1.2|25352|crew_log_06d891c508b68cbf|0|1786387308.900|98.877|3.090|404078592|436199424|gen_data_541e7f098b78d5cf|__AUTOMETRIC__
__AUTOMETRIC__|0.1.2|25352|crew_log_06d891c508b68cbf|0|1786387309.903|102.856|3.214|404111360|436232192|gen_data_541e7f098b78d5cf|__AUTOMETRIC__
__AUTOMETRIC__|0.1.2|25352|crew_log_06d891c508b68cbf|0|1786387310.912|99.103|3.097|404086784|436207616|gen_data_541e7f098b78d5cf|__AUTOMETRIC__
__AUTOMETRIC__|0.1.2|25352|crew_log_06d891c508b68cbf|0|1786387311.914|98.192|3.069|404107264|436228096|gen_data_541e7f098b78d5cf|__AUTOMETRIC__
__AUTOMETRIC__|0.1.2|25352|crew_log_06d891c508b68cbf|0|1786387312.919|101.106|3.160|404107264|436228096|gen_data_541e7f098b78d5cf|__AUTOMETRIC__
__AUTOMETRIC__|0.1.2|25352|crew_log_06d891c508b68cbf|0|1786387313.923|99.560|3.111|404090880|436215808|gen_data_541e7f098b78d5cf|__AUTOMETRIC__
__AUTOMETRIC__|0.1.2|25352|crew_log_06d891c508b68cbf|0|1786387314.927|99.611|3.113|404152320|436273152|gen_data_541e7f098b78d5cf|__AUTOMETRIC__
__AUTOMETRIC__|0.1.2|25352|crew_log_06d891c508b68cbf|0|1786387315.935|99.235|3.101|404049920|436178944|gen_data_541e7f098b78d5cf|__AUTOMETRIC__
__AUTOMETRIC__|0.1.2|25352|crew_log_06d891c508b68cbf|0|1786387316.941|99.357|3.105|404103168|436228096|gen_data_541e7f098b78d5cf|__AUTOMETRIC__
__AUTOMETRIC__|0.1.2|25352|crew_log_06d891c508b68cbf|0|1786387317.948|99.333|3.104|404099072|436224000|gen_data_541e7f098b78d5cf|__AUTOMETRIC__
__AUTOMETRIC__|0.1.2|25352|crew_log_06d891c508b68cbf|0|1786387318.954|100.921|3.154|404152320|436273152|gen_data_541e7f098b78d5cf|__AUTOMETRIC__
__AUTOMETRIC__|0.1.2|25352|crew_log_06d891c508b68cbf|0|1786387319.956|96.744|3.023|404156416|436277248|gen_data_541e7f098b78d5cf|__AUTOMETRIC__
__AUTOMETRIC__|0.1.2|25352|crew_log_06d891c508b68cbf|0|1786387320.957|98.278|3.071|404168704|436289536|gen_data_541e7f098b78d5cf|__AUTOMETRIC__
__AUTOMETRIC__|0.1.2|25352|crew_log_06d891c508b68cbf|0|1786387321.972|100.124|3.129|404176896|436310016|gen_data_541e7f098b78d5cf|__AUTOMETRIC__
__AUTOMETRIC__|0.1.2|25352|crew_log_06d891c508b68cbf|0|1786387322.981|100.643|3.145|404127744|436260864|gen_data_541e7f098b78d5cf|__AUTOMETRIC__
__AUTOMETRIC__|0.1.2|25352|crew_log_06d891c508b68cbf|0|1786387323.993|98.749|3.086|404193280|436326400|gen_data_541e7f098b78d5cf|__AUTOMETRIC__
__AUTOMETRIC__|0.1.2|25352|crew_log_06d891c508b68cbf|0|1786387325.009|99.979|3.124|404226048|436346880|gen_data_541e7f098b78d5cf|__AUTOMETRIC__
__AUTOMETRIC__|0.1.2|25352|crew_log_06d891c508b68cbf|0|1786387326.010|101.443|3.170|404180992|436301824|gen_data_541e7f098b78d5cf|__AUTOMETRIC__
__AUTOMETRIC__|0.1.2|25352|crew_log_06d891c508b68cbf|0|1786387327.023|98.750|3.086|404111360|436232192|gen_data_541e7f098b78d5cf|__AUTOMETRIC__
__AUTOMETRIC__|0.1.2|25352|crew_log_06d891c508b68cbf|0|1786387328.035|100.325|3.135|404111360|436232192|gen_data_541e7f098b78d5cf|__AUTOMETRIC__
__AUTOMETRIC__|0.1.2|25352|crew_log_06d891c508b68cbf|0|1786387329.042|99.323|3.104|404193280|436289536|gen_data_541e7f098b78d5cf|__AUTOMETRIC__
__AUTOMETRIC__|0.1.2|25352|crew_log_06d891c508b68cbf|0|1786387330.050|97.687|3.053|404217856|436305920|gen_data_541e7f098b78d5cf|__AUTOMETRIC__
__AUTOMETRIC__|0.1.2|25352|crew_log_06d891c508b68cbf|0|1786387331.062|100.323|3.135|404164608|436252672|gen_data_541e7f098b78d5cf|__AUTOMETRIC__
__AUTOMETRIC__|0.1.2|25352|crew_log_06d891c508b68cbf|0|1786387332.078|96.945|3.030|404168704|436256768|gen_data_541e7f098b78d5cf|__AUTOMETRIC__
__AUTOMETRIC__|0.1.2|25352|crew_log_06d891c508b68cbf|0|1786387333.083|97.884|3.059|404250624|436346880|gen_data_541e7f098b78d5cf|__AUTOMETRIC__
__AUTOMETRIC__|0.1.2|25352|crew_log_06d891c508b68cbf|0|1786387334.099|96.891|3.028|404283392|436379648|gen_data_541e7f098b78d5cf|__AUTOMETRIC__
__AUTOMETRIC__|0.1.2|25352|crew_log_06d891c508b68cbf|0|1786387335.105|99.457|3.108|404226048|436314112|gen_data_541e7f098b78d5cf|__AUTOMETRIC__
__AUTOMETRIC__|0.1.2|25352|crew_log_06d891c508b68cbf|0|1786387336.107|99.809|3.119|404258816|436346880|gen_data_541e7f098b78d5cf|__AUTOMETRIC__
__AUTOMETRIC__|0.1.2|25352|crew_log_06d891c508b68cbf|0|1786387337.118|98.836|3.089|404291584|436396032|gen_data_541e7f098b78d5cf|__AUTOMETRIC__
__AUTOMETRIC__|0.1.2|25352|crew_log_06d891c508b68cbf|0|1786387338.120|101.410|3.169|404328448|436428800|gen_data_541e7f098b78d5cf|__AUTOMETRIC__
__AUTOMETRIC__|0.1.2|25352|crew_log_06d891c508b68cbf|0|1786387339.134|101.653|3.177|404340736|436428800|gen_data_541e7f098b78d5cf|__AUTOMETRIC__
__AUTOMETRIC__|0.1.2|25352|crew_log_06d891c508b68cbf|0|1786387340.146|98.835|3.089|404279296|436379648|gen_data_541e7f098b78d5cf|__AUTOMETRIC__
__AUTOMETRIC__|0.1.2|25352|crew_log_06d891c508b68cbf|0|1786387341.163|99.842|3.120|404213760|436314112|gen_data_541e7f098b78d5cf|__AUTOMETRIC__
__AUTOMETRIC__|0.1.2|25352|crew_log_06d891c508b68cbf|0|1786387342.170|100.865|3.152|404291584|436379648|gen_data_541e7f098b78d5cf|__AUTOMETRIC__
__AUTOMETRIC__|0.1.2|25352|crew_log_06d891c508b68cbf|0|1786387343.173|99.693|3.115|404307968|436400128|gen_data_541e7f098b78d5cf|__AUTOMETRIC__
__AUTOMETRIC__|0.1.2|25352|crew_log_06d891c508b68cbf|0|1786387344.187|98.634|3.082|404357120|436445184|gen_data_541e7f098b78d5cf|__AUTOMETRIC__
__AUTOMETRIC__|0.1.2|25352|crew_log_06d891c508b68cbf|0|1786387345.191|99.678|3.115|404348928|436436992|gen_data_541e7f098b78d5cf|__AUTOMETRIC__
__AUTOMETRIC__|0.1.2|25352|crew_log_06d891c508b68cbf|0|1786387346.204|100.199|3.131|404340736|436428800|gen_data_541e7f098b78d5cf|__AUTOMETRIC__
__AUTOMETRIC__|0.1.2|25352|crew_log_06d891c508b68cbf|0|1786387347.219|98.493|3.078|404426752|436514816|gen_data_541e7f098b78d5cf|__AUTOMETRIC__
__AUTOMETRIC__|0.1.2|25352|crew_log_06d891c508b68cbf|0|1786387348.221|99.819|3.119|404455424|436543488|gen_data_541e7f098b78d5cf|__AUTOMETRIC__
__AUTOMETRIC__|0.1.2|25352|crew_log_06d891c508b68cbf|0|1786387349.230|99.166|3.099|404475904|436563968|gen_data_541e7f098b78d5cf|__AUTOMETRIC__
__AUTOMETRIC__|0.1.2|25352|crew_log_06d891c508b68cbf|0|1786387350.233|99.684|3.115|404410368|436498432|gen_data_541e7f098b78d5cf|__AUTOMETRIC__
__AUTOMETRIC__|0.1.2|25352|crew_log_06d891c508b68cbf|0|1786387351.248|100.082|3.128|404467712|436555776|gen_data_541e7f098b78d5cf|__AUTOMETRIC__
__AUTOMETRIC__|0.1.2|25352|crew_log_06d891c508b68cbf|0|1786387352.255|94.606|2.956|404475904|436576256|gen_data_541e7f098b78d5cf|__AUTOMETRIC__
__AUTOMETRIC__|0.1.2|25352|crew_log_06d891c508b68cbf|0|1786387353.257|98.272|3.071|404484096|436580352|gen_data_541e7f098b78d5cf|__AUTOMETRIC__
__AUTOMETRIC__|0.1.2|25352|crew_log_06d891c508b68cbf|0|1786387354.271|97.080|3.034|404434944|436523008|gen_data_541e7f098b78d5cf|__AUTOMETRIC__
__AUTOMETRIC__|0.1.2|25352|crew_log_06d891c508b68cbf|0|1786387355.281|100.551|3.142|404484096|436572160|gen_data_541e7f098b78d5cf|__AUTOMETRIC__
__AUTOMETRIC__|0.1.2|25352|crew_log_06d891c508b68cbf|0|1786387356.284|94.979|2.968|404525056|436613120|gen_data_541e7f098b78d5cf|__AUTOMETRIC__
__AUTOMETRIC__|0.1.2|25352|crew_log_06d891c508b68cbf|0|1786387357.285|98.383|3.074|404520960|436625408|gen_data_541e7f098b78d5cf|__AUTOMETRIC__
__AUTOMETRIC__|0.1.2|25352|crew_log_06d891c508b68cbf|0|1786387358.298|100.206|3.131|404606976|436695040|gen_data_541e7f098b78d5cf|__AUTOMETRIC__
__AUTOMETRIC__|0.1.2|25352|crew_log_06d891c508b68cbf|0|1786387359.300|99.807|3.119|404652032|436740096|gen_data_541e7f098b78d5cf|__AUTOMETRIC__
__AUTOMETRIC__|0.1.2|25352|crew_log_06d891c508b68cbf|0|1786387360.302|99.800|3.119|404623360|436719616|gen_data_541e7f098b78d5cf|__AUTOMETRIC__
__AUTOMETRIC__|0.1.2|25352|crew_log_06d891c508b68cbf|0|1786387361.317|96.994|3.031|404615168|436703232|gen_data_541e7f098b78d5cf|__AUTOMETRIC__
__AUTOMETRIC__|0.1.2|25352|crew_log_06d891c508b68cbf|0|1786387362.320|99.758|3.117|404643840|436731904|gen_data_541e7f098b78d5cf|__AUTOMETRIC__
__AUTOMETRIC__|0.1.2|25352|crew_log_06d891c508b68cbf|0|1786387363.328|100.729|3.148|404656128|436744192|gen_data_541e7f098b78d5cf|__AUTOMETRIC__
__AUTOMETRIC__|0.1.2|25352|crew_log_06d891c508b68cbf|0|1786387364.329|98.298|3.072|404676608|436764672|gen_data_541e7f098b78d5cf|__AUTOMETRIC__
__AUTOMETRIC__|0.1.2|25352|crew_log_06d891c508b68cbf|0|1786387365.335|96.350|3.011|404590592|436678656|gen_data_541e7f098b78d5cf|__AUTOMETRIC__
__AUTOMETRIC__|0.1.2|25352|crew_log_06d891c508b68cbf|0|1786387366.337|96.692|3.022|404688896|436776960|gen_data_541e7f098b78d5cf|__AUTOMETRIC__
__AUTOMETRIC__|0.1.2|25352|crew_log_06d891c508b68cbf|0|1786387367.350|100.252|3.133|404811776|436899840|gen_data_541e7f098b78d5cf|__AUTOMETRIC__
__AUTOMETRIC__|0.1.2|25352|crew_log_06d891c508b68cbf|0|1786387368.351|98.349|3.073|404656128|436744192|gen_data_541e7f098b78d5cf|__AUTOMETRIC__
__AUTOMETRIC__|0.1.2|25352|crew_log_06d891c508b68cbf|0|1786387369.351|99.978|3.124|404676608|436764672|gen_data_541e7f098b78d5cf|__AUTOMETRIC__
__AUTOMETRIC__|0.1.2|25352|crew_log_06d891c508b68cbf|0|1786387370.352|99.899|3.122|404656128|436744192|gen_data_541e7f098b78d5cf|__AUTOMETRIC__
__AUTOMETRIC__|0.1.2|25352|crew_log_06d891c508b68cbf|0|1786387371.355|98.091|3.065|404664320|436752384|gen_data_541e7f098b78d5cf|__AUTOMETRIC__
__AUTOMETRIC__|0.1.2|25352|crew_log_06d891c508b68cbf|0|1786387372.360|99.590|3.112|404660224|436748288|gen_data_541e7f098b78d5cf|__AUTOMETRIC__
__AUTOMETRIC__|0.1.2|25352|crew_log_06d891c508b68cbf|0|1786387373.368|99.127|3.098|404676608|436772864|gen_data_541e7f098b78d5cf|__AUTOMETRIC__
__AUTOMETRIC__|0.1.2|25352|crew_log_06d891c508b68cbf|0|1786387374.371|101.286|3.165|404684800|436772864|gen_data_541e7f098b78d5cf|__AUTOMETRIC__
__AUTOMETRIC__|0.1.2|25352|crew_log_06d891c508b68cbf|0|1786387375.379|99.212|3.100|404627456|436719616|gen_data_541e7f098b78d5cf|__AUTOMETRIC__
__AUTOMETRIC__|0.1.2|25352|crew_log_06d891c508b68cbf|0|1786387376.395|99.978|3.124|404643840|436731904|gen_data_541e7f098b78d5cf|__AUTOMETRIC__
__AUTOMETRIC__|0.1.2|25352|crew_log_06d891c508b68cbf|0|1786387377.409|98.567|3.080|404725760|436813824|gen_data_541e7f098b78d5cf|__AUTOMETRIC__
__AUTOMETRIC__|0.1.2|25352|crew_log_06d891c508b68cbf|0|1786387378.414|99.555|3.111|404705280|436793344|gen_data_541e7f098b78d5cf|__AUTOMETRIC__
__AUTOMETRIC__|0.1.2|25352|crew_log_06d891c508b68cbf|0|1786387379.417|101.266|3.165|404701184|436789248|gen_data_541e7f098b78d5cf|__AUTOMETRIC__
__AUTOMETRIC__|0.1.2|25352|crew_log_06d891c508b68cbf|0|1786387380.422|99.515|3.110|404668416|436760576|gen_data_541e7f098b78d5cf|__AUTOMETRIC__
__AUTOMETRIC__|0.1.2|25352|crew_log_06d891c508b68cbf|0|1786387381.425|99.665|3.115|404705280|436793344|gen_data_541e7f098b78d5cf|__AUTOMETRIC__
__AUTOMETRIC__|0.1.2|25352|crew_log_06d891c508b68cbf|0|1786387382.439|98.636|3.082|404791296|436879360|gen_data_541e7f098b78d5cf|__AUTOMETRIC__
__AUTOMETRIC__|0.1.2|25352|crew_log_06d891c508b68cbf|0|1786387383.454|100.031|3.126|404770816|436858880|gen_data_541e7f098b78d5cf|__AUTOMETRIC__
__AUTOMETRIC__|0.1.2|25352|crew_log_06d891c508b68cbf|0|1786387384.457|99.726|3.116|404738048|436826112|gen_data_541e7f098b78d5cf|__AUTOMETRIC__
__AUTOMETRIC__|0.1.2|25352|crew_log_06d891c508b68cbf|0|1786387385.458|99.896|3.122|404742144|436830208|gen_data_541e7f098b78d5cf|__AUTOMETRIC__
__AUTOMETRIC__|0.1.2|25352|crew_log_06d891c508b68cbf|0|1786387386.471|98.739|3.086|404758528|436846592|gen_data_541e7f098b78d5cf|__AUTOMETRIC__
__AUTOMETRIC__|0.1.2|25352|crew_log_06d891c508b68cbf|0|1786387387.486|95.390|2.981|404779008|436867072|gen_data_541e7f098b78d5cf|__AUTOMETRIC__
__AUTOMETRIC__|0.1.2|25352|crew_log_06d891c508b68cbf|0|1786387388.487|99.933|3.123|404738048|436826112|gen_data_541e7f098b78d5cf|__AUTOMETRIC__
__AUTOMETRIC__|0.1.2|25352|crew_log_06d891c508b68cbf|0|1786387389.487|99.974|3.124|404799488|436887552|gen_data_541e7f098b78d5cf|__AUTOMETRIC__
__AUTOMETRIC__|0.1.2|25352|crew_log_06d891c508b68cbf|0|1786387390.495|100.809|3.150|404832256|436920320|gen_data_541e7f098b78d5cf|__AUTOMETRIC__
__AUTOMETRIC__|0.1.2|25352|crew_log_06d891c508b68cbf|0|1786387391.501|97.806|3.056|404811776|436903936|gen_data_541e7f098b78d5cf|__AUTOMETRIC__
__AUTOMETRIC__|0.1.2|25352|crew_log_06d891c508b68cbf|0|1786387392.503|96.681|3.021|404852736|436940800|gen_data_541e7f098b78d5cf|__AUTOMETRIC__
__AUTOMETRIC__|0.1.2|25352|crew_log_06d891c508b68cbf|0|1786387393.505|95.135|2.973|404901888|436989952|gen_data_541e7f098b78d5cf|__AUTOMETRIC__
__AUTOMETRIC__|0.1.2|25352|crew_log_06d891c508b68cbf|0|1786387394.511|97.854|3.058|404914176|437002240|gen_data_541e7f098b78d5cf|__AUTOMETRIC__
__AUTOMETRIC__|0.1.2|25352|crew_log_06d891c508b68cbf|0|1786387395.516|99.459|3.108|404914176|437002240|gen_data_541e7f098b78d5cf|__AUTOMETRIC__
__AUTOMETRIC__|0.1.2|25352|crew_log_06d891c508b68cbf|0|1786387396.525|97.643|3.051|404942848|437030912|gen_data_541e7f098b78d5cf|__AUTOMETRIC__
__AUTOMETRIC__|0.1.2|25352|crew_log_06d891c508b68cbf|0|1786387397.531|100.960|3.155|404971520|437059584|gen_data_541e7f098b78d5cf|__AUTOMETRIC__
__AUTOMETRIC__|0.1.2|25352|crew_log_06d891c508b68cbf|0|1786387398.545|100.164|3.130|404918272|437006336|gen_data_541e7f098b78d5cf|__AUTOMETRIC__
__AUTOMETRIC__|0.1.2|25352|crew_log_06d891c508b68cbf|0|1786387399.545|99.983|3.124|404918272|437006336|gen_data_541e7f098b78d5cf|__AUTOMETRIC__
__AUTOMETRIC__|0.1.2|25352|crew_log_06d891c508b68cbf|0|1786387400.559|100.113|3.129|404963328|437051392|gen_data_541e7f098b78d5cf|__AUTOMETRIC__
__AUTOMETRIC__|0.1.2|25352|crew_log_06d891c508b68cbf|0|1786387401.565|99.413|3.107|404951040|437039104|gen_data_541e7f098b78d5cf|__AUTOMETRIC__
__AUTOMETRIC__|0.1.2|25352|crew_log_06d891c508b68cbf|0|1786387402.574|99.152|3.099|404926464|436948992|gen_data_541e7f098b78d5cf|__AUTOMETRIC__
__AUTOMETRIC__|0.1.2|25352|crew_log_06d891c508b68cbf|0|1786387403.580|97.782|3.056|404951040|436973568|gen_data_541e7f098b78d5cf|__AUTOMETRIC__
__AUTOMETRIC__|0.1.2|25352|crew_log_06d891c508b68cbf|0|1786387404.594|100.161|3.130|404971520|436994048|gen_data_541e7f098b78d5cf|__AUTOMETRIC__
__AUTOMETRIC__|0.1.2|25352|crew_log_06d891c508b68cbf|0|1786387405.595|98.332|3.073|404938752|436961280|gen_data_541e7f098b78d5cf|__AUTOMETRIC__
__AUTOMETRIC__|0.1.2|25352|crew_log_06d891c508b68cbf|0|1786387406.601|97.847|3.058|404959232|436981760|gen_data_541e7f098b78d5cf|__AUTOMETRIC__
__AUTOMETRIC__|0.1.2|25352|crew_log_06d891c508b68cbf|0|1786387407.608|100.866|3.152|404979712|437002240|gen_data_541e7f098b78d5cf|__AUTOMETRIC__
__AUTOMETRIC__|0.1.2|25352|crew_log_06d891c508b68cbf|0|1786387408.617|99.127|3.098|404971520|436994048|gen_data_541e7f098b78d5cf|__AUTOMETRIC__
__AUTOMETRIC__|0.1.2|25352|crew_log_06d891c508b68cbf|0|1786387409.629|98.865|3.090|404951040|436973568|gen_data_541e7f098b78d5cf|__AUTOMETRIC__
__AUTOMETRIC__|0.1.2|25352|crew_log_06d891c508b68cbf|0|1786387410.634|97.873|3.059|405004288|437026816|gen_data_541e7f098b78d5cf|__AUTOMETRIC__
__AUTOMETRIC__|0.1.2|25352|crew_log_06d891c508b68cbf|0|1786387411.639|101.077|3.159|405028864|437051392|gen_data_541e7f098b78d5cf|__AUTOMETRIC__
__AUTOMETRIC__|0.1.2|25352|crew_log_06d891c508b68cbf|0|1786387412.646|99.332|3.104|405082112|437104640|gen_data_541e7f098b78d5cf|__AUTOMETRIC__
__AUTOMETRIC__|0.1.2|25352|crew_log_06d891c508b68cbf|0|1786387413.657|97.342|3.042|405299200|437321728|gen_data_541e7f098b78d5cf|__AUTOMETRIC__
__AUTOMETRIC__|0.1.2|25352|crew_log_06d891c508b68cbf|0|1786387414.661|98.024|3.063|405327872|437350400|gen_data_541e7f098b78d5cf|__AUTOMETRIC__
__AUTOMETRIC__|0.1.2|25352|crew_log_06d891c508b68cbf|0|1786387415.665|99.594|3.112|405299200|437321728|gen_data_541e7f098b78d5cf|__AUTOMETRIC__
__AUTOMETRIC__|0.1.2|25352|crew_log_06d891c508b68cbf|0|1786387416.677|97.353|3.042|405282816|437305344|gen_data_541e7f098b78d5cf|__AUTOMETRIC__
__AUTOMETRIC__|0.1.2|25352|crew_log_06d891c508b68cbf|0|1786387417.688|100.409|3.138|405327872|437350400|gen_data_541e7f098b78d5cf|__AUTOMETRIC__
__AUTOMETRIC__|0.1.2|25352|crew_log_06d891c508b68cbf|0|1786387418.699|100.487|3.140|405368832|437391360|gen_data_541e7f098b78d5cf|__AUTOMETRIC__
__AUTOMETRIC__|0.1.2|25352|crew_log_06d891c508b68cbf|0|1786387419.702|99.683|3.115|405352448|437374976|gen_data_541e7f098b78d5cf|__AUTOMETRIC__
__AUTOMETRIC__|0.1.2|25352|crew_log_06d891c508b68cbf|0|1786387420.709|97.785|3.056|405430272|437452800|gen_data_541e7f098b78d5cf|__AUTOMETRIC__
__AUTOMETRIC__|0.1.2|25352|crew_log_06d891c508b68cbf|0|1786387421.712|99.637|3.114|405463040|437485568|gen_data_541e7f098b78d5cf|__AUTOMETRIC__
__AUTOMETRIC__|0.1.2|25352|crew_log_06d891c508b68cbf|0|1786387422.721|100.708|3.147|405446656|437469184|gen_data_541e7f098b78d5cf|__AUTOMETRIC__
__AUTOMETRIC__|0.1.2|25352|crew_log_06d891c508b68cbf|0|1786387423.726|99.457|3.108|405475328|437497856|gen_data_541e7f098b78d5cf|__AUTOMETRIC__
__AUTOMETRIC__|0.1.2|25352|crew_log_06d891c508b68cbf|0|1786387424.735|100.668|3.146|405475328|437497856|gen_data_541e7f098b78d5cf|__AUTOMETRIC__
__AUTOMETRIC__|0.1.2|25352|crew_log_06d891c508b68cbf|0|1786387425.742|99.337|3.104|405516288|437538816|gen_data_541e7f098b78d5cf|__AUTOMETRIC__
__AUTOMETRIC__|0.1.2|25352|crew_log_06d891c508b68cbf|0|1786387426.753|100.456|3.139|405307392|437329920|gen_data_541e7f098b78d5cf|__AUTOMETRIC__
__AUTOMETRIC__|0.1.2|25352|crew_log_06d891c508b68cbf|0|1786387427.767|100.157|3.130|405336064|437358592|gen_data_541e7f098b78d5cf|__AUTOMETRIC__
__AUTOMETRIC__|0.1.2|25352|crew_log_06d891c508b68cbf|0|1786387428.768|99.886|3.121|488648704|520884224|gen_data_541e7f098b78d5cf|__AUTOMETRIC__
__AUTOMETRIC__|0.1.2|25352|crew_log_06d891c508b68cbf|0|1786387429.769|98.294|3.072|488947712|521183232|gen_data_541e7f098b78d5cf|__AUTOMETRIC__
__AUTOMETRIC__|0.1.2|25352|crew_log_06d891c508b68cbf|0|1786387430.779|99.040|3.095|488992768|521228288|gen_data_541e7f098b78d5cf|__AUTOMETRIC__
__AUTOMETRIC__|0.1.2|25352|crew_log_06d891c508b68cbf|0|1786387431.785|99.430|3.107|489021440|521256960|gen_data_541e7f098b78d5cf|__AUTOMETRIC__
__AUTOMETRIC__|0.1.2|25352|crew_log_06d891c508b68cbf|0|1786387432.789|96.470|3.015|489250816|521490432|gen_data_541e7f098b78d5cf|__AUTOMETRIC__
__AUTOMETRIC__|0.1.2|25352|crew_log_06d891c508b68cbf|0|1786387433.798|99.111|3.097|488972288|521211904|gen_data_541e7f098b78d5cf|__AUTOMETRIC__
__AUTOMETRIC__|0.1.2|25352|crew_log_06d891c508b68cbf|0|1786387434.813|100.065|3.127|489005056|521244672|gen_data_541e7f098b78d5cf|__AUTOMETRIC__
__AUTOMETRIC__|0.1.2|25352|crew_log_06d891c508b68cbf|0|1786387435.816|99.693|3.115|489005056|521244672|gen_data_541e7f098b78d5cf|__AUTOMETRIC__
__AUTOMETRIC__|0.1.2|25352|crew_log_06d891c508b68cbf|0|1786387436.817|99.892|3.122|489234432|521474048|gen_data_541e7f098b78d5cf|__AUTOMETRIC__
__AUTOMETRIC__|0.1.2|25352|crew_log_06d891c508b68cbf|0|1786387437.818|98.353|3.074|489271296|521510912|gen_data_541e7f098b78d5cf|__AUTOMETRIC__
__AUTOMETRIC__|0.1.2|25352|crew_log_06d891c508b68cbf|0|1786387438.831|100.255|3.133|489558016|521797632|gen_data_541e7f098b78d5cf|__AUTOMETRIC__
__AUTOMETRIC__|0.1.2|25352|crew_log_06d891c508b68cbf|0|1786387439.836|99.487|3.109|489582592|521822208|gen_data_541e7f098b78d5cf|__AUTOMETRIC__
__AUTOMETRIC__|0.1.2|25352|crew_log_06d891c508b68cbf|0|1786387440.849|100.270|3.133|489590784|521830400|gen_data_541e7f098b78d5cf|__AUTOMETRIC__
__AUTOMETRIC__|0.1.2|25352|crew_log_06d891c508b68cbf|0|1786387441.853|99.645|3.114|489930752|522170368|gen_data_541e7f098b78d5cf|__AUTOMETRIC__
__AUTOMETRIC__|0.1.2|25352|crew_log_06d891c508b68cbf|0|1786387442.855|99.789|3.118|489164800|521404416|gen_data_541e7f098b78d5cf|__AUTOMETRIC__
__AUTOMETRIC__|0.1.2|25352|crew_log_06d891c508b68cbf|0|1786387443.858|96.558|3.017|489328640|521588736|gen_data_541e7f098b78d5cf|__AUTOMETRIC__
__AUTOMETRIC__|0.1.2|25352|crew_log_06d891c508b68cbf|0|1786387444.859|99.912|3.122|489439232|521740288|gen_data_541e7f098b78d5cf|__AUTOMETRIC__
__AUTOMETRIC__|0.1.2|25352|crew_log_06d891c508b68cbf|0|1786387445.862|99.696|3.115|489484288|521773056|gen_data_541e7f098b78d5cf|__AUTOMETRIC__
__AUTOMETRIC__|0.1.2|25352|crew_log_06d891c508b68cbf|0|1786387446.875|100.248|3.133|489537536|521793536|gen_data_541e7f098b78d5cf|__AUTOMETRIC__
__AUTOMETRIC__|0.1.2|25352|crew_log_06d891c508b68cbf|0|1786387447.876|96.770|3.024|489701376|521961472|gen_data_541e7f098b78d5cf|__AUTOMETRIC__
__AUTOMETRIC__|0.1.2|25352|crew_log_06d891c508b68cbf|0|1786387448.890|98.618|3.082|489742336|521998336|gen_data_541e7f098b78d5cf|__AUTOMETRIC__
__AUTOMETRIC__|0.1.2|25352|crew_log_06d891c508b68cbf|0|1786387449.904|97.106|3.035|489803776|522043392|gen_data_541e7f098b78d5cf|__AUTOMETRIC__
__AUTOMETRIC__|0.1.2|25352|crew_log_06d891c508b68cbf|0|1786387450.917|100.258|3.133|490057728|522297344|gen_data_541e7f098b78d5cf|__AUTOMETRIC__
__AUTOMETRIC__|0.1.2|25352|crew_log_06d891c508b68cbf|0|1786387451.933|100.003|3.125|489680896|521994240|gen_data_541e7f098b78d5cf|__AUTOMETRIC__
__AUTOMETRIC__|0.1.2|25352|crew_log_06d891c508b68cbf|0|1786387452.934|98.263|3.071|489787392|522031104|gen_data_541e7f098b78d5cf|__AUTOMETRIC__
__AUTOMETRIC__|0.1.2|25352|crew_log_06d891c508b68cbf|0|1786387453.939|99.568|3.112|489893888|522199040|gen_data_541e7f098b78d5cf|__AUTOMETRIC__
__AUTOMETRIC__|0.1.2|25352|crew_log_06d891c508b68cbf|0|1786387454.940|7.803|0.244|497176576|529428480|__DEFAULT__|__AUTOMETRIC__
__AUTOMETRIC__|0.1.2|25352|crew_log_06d891c508b68cbf|0|1786387455.941|0.000|0.000|497176576|529428480|__DEFAULT__|__AUTOMETRIC__
__AUTOMETRIC__|0.1.2|25352|crew_log_06d891c508b68cbf|0|1786387456.954|0.000|0.000|496930816|528945152|__DEFAULT__|__AUTOMETRIC__
__AUTOMETRIC__|0.1.2|25352|crew_log_06d891c508b68cbf|0|1786387457.966|4.635|0.145|510640128|543072256|__DEFAULT__|__AUTOMETRIC__
__AUTOMETRIC__|0.1.2|25352|crew_log_06d891c508b68cbf|0|1786387458.976|0.000|0.000|506413056|538451968|__DEFAULT__|__AUTOMETRIC__
__AUTOMETRIC__|0.1.2|25352|crew_log_06d891c508b68cbf|0|1786387459.991|0.000|0.000|506413056|538451968|__DEFAULT__|__AUTOMETRIC__
__AUTOMETRIC__|0.1.2|25352|crew_log_06d891c508b68cbf|0|1786387461.006|0.000|0.000|506413056|538451968|__DEFAULT__|__AUTOMETRIC__
__AUTOMETRIC__|0.1.2|25352|crew_log_06d891c508b68cbf|0|1786387462.011|0.000|0.000|506413056|538451968|__DEFAULT__|__AUTOMETRIC__
__AUTOMETRIC__|0.1.2|25352|crew_log_06d891c508b68cbf|0|1786387463.016|0.000|0.000|506413056|538451968|__DEFAULT__|__AUTOMETRIC__
__AUTOMETRIC__|0.1.2|25352|crew_log_06d891c508b68cbf|0|1786387464.023|0.000|0.000|506413056|538451968|__DEFAULT__|__AUTOMETRIC__
__AUTOMETRIC__|0.1.2|25352|crew_log_06d891c508b68cbf|0|1786387465.024|0.000|0.000|506413056|538451968|__DEFAULT__|__AUTOMETRIC__
__AUTOMETRIC__|0.1.2|25352|crew_log_06d891c508b68cbf|0|1786387466.030|1.553|0.049|506413056|538451968|__DEFAULT__|__AUTOMETRIC__
__AUTOMETRIC__|0.1.2|25352|crew_log_06d891c508b68cbf|0|1786387467.043|0.000|0.000|506413056|538451968|__DEFAULT__|__AUTOMETRIC__
__AUTOMETRIC__|0.1.2|25352|crew_log_06d891c508b68cbf|0|1786387468.058|3.079|0.096|523685888|556392448|__DEFAULT__|__AUTOMETRIC__
__AUTOMETRIC__|0.1.2|25352|crew_log_06d891c508b68cbf|0|1786387469.062|0.000|0.000|519131136|551202816|__DEFAULT__|__AUTOMETRIC__
__AUTOMETRIC__|0.1.2|25352|crew_log_06d891c508b68cbf|0|1786387470.078|0.000|0.000|519131136|551202816|__DEFAULT__|__AUTOMETRIC__
__AUTOMETRIC__|0.1.2|25352|crew_log_06d891c508b68cbf|0|1786387471.091|0.000|0.000|519131136|551202816|__DEFAULT__|__AUTOMETRIC__
__AUTOMETRIC__|0.1.2|25352|crew_log_06d891c508b68cbf|0|1786387472.097|0.000|0.000|519131136|551202816|__DEFAULT__|__AUTOMETRIC__
__AUTOMETRIC__|0.1.2|25352|crew_log_06d891c508b68cbf|0|1786387473.112|0.000|0.000|519131136|551202816|__DEFAULT__|__AUTOMETRIC__
__AUTOMETRIC__|0.1.2|25352|crew_log_06d891c508b68cbf|0|1786387474.119|0.000|0.000|519131136|551202816|__DEFAULT__|__AUTOMETRIC__
__AUTOMETRIC__|0.1.2|25352|crew_log_06d891c508b68cbf|0|1786387475.131|0.000|0.000|519131136|551202816|__DEFAULT__|__AUTOMETRIC__
__AUTOMETRIC__|0.1.2|25352|crew_log_06d891c508b68cbf|0|1786387476.145|0.000|0.000|519131136|551202816|__DEFAULT__|__AUTOMETRIC__
__AUTOMETRIC__|0.1.2|25352|crew_log_06d891c508b68cbf|0|1786387477.149|0.000|0.000|519131136|551202816|__DEFAULT__|__AUTOMETRIC__
__AUTOMETRIC__|0.1.2|25352|crew_log_06d891c508b68cbf|0|1786387478.162|61.701|1.928|655577088|686313472|compiled_brms_models_723dbde439ea5b6f|__AUTOMETRIC__
__AUTOMETRIC__|0.1.2|25352|crew_log_06d891c508b68cbf|0|1786387482.195|0.000|0.000|743170048|762126336|compiled_brms_models_723dbde439ea5b6f|__AUTOMETRIC__
__AUTOMETRIC__|0.1.2|25352|crew_log_06d891c508b68cbf|0|1786387522.497|4.642|0.145|753659904|772857856|compiled_brms_models_723dbde439ea5b6f|__AUTOMETRIC__
__AUTOMETRIC__|0.1.2|25352|crew_log_06d891c508b68cbf|0|1786387523.509|29.320|0.916|756625408|775385088|compiled_brms_models_723dbde439ea5b6f|__AUTOMETRIC__
__AUTOMETRIC__|0.1.2|25352|crew_log_06d891c508b68cbf|0|1786387524.518|91.438|2.857|834265088|852713472|compiled_brms_models_0429a7f10c55da5b|__AUTOMETRIC__
__AUTOMETRIC__|0.1.2|25352|crew_log_06d891c508b68cbf|0|1786387564.878|4.676|0.146|834424832|852492288|compiled_brms_models_0429a7f10c55da5b|__AUTOMETRIC__
__AUTOMETRIC__|0.1.2|25352|crew_log_06d891c508b68cbf|0|1786387565.883|40.415|1.263|926449664|944320512|compiled_brms_models_0429a7f10c55da5b|__AUTOMETRIC__
__AUTOMETRIC__|0.1.2|25352|crew_log_06d891c508b68cbf|0|1786387566.896|97.260|3.039|976830464|994553856|compiled_brms_models_7090e23fd2a6eb5c|__AUTOMETRIC__
__AUTOMETRIC__|0.1.2|25352|crew_log_06d891c508b68cbf|0|1786387607.224|4.626|0.145|921190400|938704896|compiled_brms_models_7090e23fd2a6eb5c|__AUTOMETRIC__
__AUTOMETRIC__|0.1.2|25352|crew_log_06d891c508b68cbf|0|1786387608.239|44.630|1.395|926359552|943910912|compiled_brms_models_7090e23fd2a6eb5c|__AUTOMETRIC__
__AUTOMETRIC__|0.1.2|25352|crew_log_06d891c508b68cbf|0|1786387609.254|96.984|3.031|899334144|917209088|compiled_brms_models_a3e2b00c6b4f01aa|__AUTOMETRIC__
__AUTOMETRIC__|0.1.2|25352|crew_log_06d891c508b68cbf|0|1786387649.632|4.629|0.145|920797184|939032576|compiled_brms_models_a3e2b00c6b4f01aa|__AUTOMETRIC__
__AUTOMETRIC__|0.1.2|25352|crew_log_06d891c508b68cbf|0|1786387650.646|20.030|0.626|953610240|971767808|compiled_brms_models_a3e2b00c6b4f01aa|__AUTOMETRIC__
__AUTOMETRIC__|0.1.2|25352|crew_log_06d891c508b68cbf|0|1786387651.661|101.554|3.174|963121152|981037056|compiled_brms_models_b63abdce476b24b9|__AUTOMETRIC__
__AUTOMETRIC__|0.1.2|25352|crew_log_06d891c508b68cbf|0|1786387692.977|3.087|0.096|967782400|984649728|compiled_brms_models_b63abdce476b24b9|__AUTOMETRIC__
__AUTOMETRIC__|0.1.2|25352|crew_log_06d891c508b68cbf|0|1786387693.990|97.184|3.037|1024311296|1041481728|compiled_brms_models_282981ee46770ee5|__AUTOMETRIC__
__AUTOMETRIC__|0.1.2|25352|crew_log_06d891c508b68cbf|0|1786387734.308|3.094|0.097|932028416|948953088|compiled_brms_models_282981ee46770ee5|__AUTOMETRIC__
__AUTOMETRIC__|0.1.2|25352|crew_log_06d891c508b68cbf|0|1786387735.320|18.532|0.579|932417536|949989376|compiled_brms_models_282981ee46770ee5|__AUTOMETRIC__
__AUTOMETRIC__|0.1.2|25352|crew_log_06d891c508b68cbf|0|1786387736.321|93.680|2.927|976302080|992923648|compiled_brms_models_fac1e9a57923bac8|__AUTOMETRIC__
__AUTOMETRIC__|0.1.2|25352|crew_log_06d891c508b68cbf|0|1786387774.672|4.660|0.146|968908800|984391680|compiled_brms_models_fac1e9a57923bac8|__AUTOMETRIC__
__AUTOMETRIC__|0.1.2|25352|crew_log_06d891c508b68cbf|0|1786387775.676|40.489|1.265|970575872|986169344|compiled_brms_models_fac1e9a57923bac8|__AUTOMETRIC__
__AUTOMETRIC__|0.1.2|25352|crew_log_06d891c508b68cbf|0|1786387776.690|63.129|1.973|972648448|991141888|sim_data_341798b7487bf001|__AUTOMETRIC__
__AUTOMETRIC__|0.1.2|25352|crew_log_06d891c508b68cbf|0|1786387777.704|101.687|3.178|1100853248|1121247232|sim_data_341798b7487bf001|__AUTOMETRIC__
__AUTOMETRIC__|0.1.2|25352|crew_log_06d891c508b68cbf|0|1786387778.713|100.674|3.146|1318035456|1339699200|sim_data_341798b7487bf001|__AUTOMETRIC__
__AUTOMETRIC__|0.1.2|25352|crew_log_06d891c508b68cbf|0|1786387779.724|98.961|3.093|1595555840|1618497536|sim_data_341798b7487bf001|__AUTOMETRIC__
__AUTOMETRIC__|0.1.2|25352|crew_log_06d891c508b68cbf|0|1786387780.738|101.647|3.176|1946398720|1970323456|sim_data_341798b7487bf001|__AUTOMETRIC__
__AUTOMETRIC__|0.1.2|25352|crew_log_06d891c508b68cbf|0|1786387781.751|100.285|3.134|2349465600|2374418432|sim_data_341798b7487bf001|__AUTOMETRIC__
__AUTOMETRIC__|0.1.2|25352|crew_log_06d891c508b68cbf|0|1786387782.763|100.394|3.137|2862780416|2888712192|sim_data_341798b7487bf001|__AUTOMETRIC__
__AUTOMETRIC__|0.1.2|25352|crew_log_06d891c508b68cbf|0|1786387783.765|99.789|3.118|3105808384|3132104704|sim_data_341798b7487bf001|__AUTOMETRIC__
__AUTOMETRIC__|0.1.2|25352|crew_log_06d891c508b68cbf|0|1786387784.780|100.027|3.126|3479834624|3507154944|sim_data_341798b7487bf001|__AUTOMETRIC__
__AUTOMETRIC__|0.1.2|25352|crew_log_06d891c508b68cbf|0|1786387785.795|100.092|3.128|3692089344|3720118272|sim_data_341798b7487bf001|__AUTOMETRIC__
__AUTOMETRIC__|0.1.2|25352|crew_log_06d891c508b68cbf|0|1786387786.802|91.542|2.861|4062134272|4090314752|sim_data_341798b7487bf001|__AUTOMETRIC__
__AUTOMETRIC__|0.1.2|25352|crew_log_06d891c508b68cbf|0|1786387787.806|104.208|3.257|4034129920|4061421568|sim_data_341798b7487bf001|__AUTOMETRIC__
__AUTOMETRIC__|0.1.2|25352|crew_log_06d891c508b68cbf|0|1786387788.812|102.512|3.204|4212461568|4240556032|sim_data_341798b7487bf001|__AUTOMETRIC__
__AUTOMETRIC__|0.1.2|25352|crew_log_06d891c508b68cbf|0|1786387789.827|95.514|2.985|503001088|532086784|sim_data_341798b7487bf001|__AUTOMETRIC__
__AUTOMETRIC__|0.1.2|25352|crew_log_06d891c508b68cbf|0|1786387790.838|98.893|3.090|501460992|529956864|sim_data_341798b7487bf001|__AUTOMETRIC__
__AUTOMETRIC__|0.1.2|25352|crew_log_06d891c508b68cbf|0|1786387791.844|99.357|3.105|501616640|530124800|sim_data_341798b7487bf001|__AUTOMETRIC__
__AUTOMETRIC__|0.1.2|25352|crew_log_06d891c508b68cbf|0|1786387792.846|99.855|3.120|501633024|530141184|sim_data_341798b7487bf001|__AUTOMETRIC__
__AUTOMETRIC__|0.1.2|25352|crew_log_06d891c508b68cbf|0|1786387793.847|101.398|3.169|504754176|533217280|sim_data_341798b7487bf001|__AUTOMETRIC__
__AUTOMETRIC__|0.1.2|25352|crew_log_06d891c508b68cbf|0|1786387794.849|102.927|3.216|504610816|533065728|sim_data_341798b7487bf001|__AUTOMETRIC__
__AUTOMETRIC__|0.1.2|25352|crew_log_06d891c508b68cbf|0|1786387795.851|99.821|3.119|504860672|533315584|sim_data_341798b7487bf001|__AUTOMETRIC__
__AUTOMETRIC__|0.1.2|25352|crew_log_06d891c508b68cbf|0|1786387796.855|99.662|3.114|507342848|535793664|sim_data_341798b7487bf001|__AUTOMETRIC__
__AUTOMETRIC__|0.1.2|25352|crew_log_06d891c508b68cbf|0|1786387797.867|100.279|3.134|507432960|535896064|sim_data_341798b7487bf001|__AUTOMETRIC__
__AUTOMETRIC__|0.1.2|25352|crew_log_06d891c508b68cbf|0|1786387798.880|98.752|3.086|507428864|535891968|sim_data_341798b7487bf001|__AUTOMETRIC__
__AUTOMETRIC__|0.1.2|25352|crew_log_06d891c508b68cbf|0|1786387799.894|100.115|3.129|510312448|538771456|sim_data_341798b7487bf001|__AUTOMETRIC__
__AUTOMETRIC__|0.1.2|25352|crew_log_06d891c508b68cbf|0|1786387800.904|99.058|3.096|510402560|538873856|sim_data_341798b7487bf001|__AUTOMETRIC__
__AUTOMETRIC__|0.1.2|25352|crew_log_06d891c508b68cbf|0|1786387801.908|99.610|3.113|538206208|566968320|sim_data_341798b7487bf001|__AUTOMETRIC__
__AUTOMETRIC__|0.1.2|25352|crew_log_06d891c508b68cbf|0|1786387802.910|99.823|3.119|974737408|1004589056|sim_data_341798b7487bf001|__AUTOMETRIC__
__AUTOMETRIC__|0.1.2|25352|crew_log_06d891c508b68cbf|0|1786387803.923|103.362|3.230|553918464|583360512|sim_data_341798b7487bf001|__AUTOMETRIC__
__AUTOMETRIC__|0.1.2|25352|crew_log_06d891c508b68cbf|0|1786387804.937|97.076|3.034|573300736|602476544|sim_data_341798b7487bf001|__AUTOMETRIC__
__AUTOMETRIC__|0.1.2|25352|crew_log_06d891c508b68cbf|0|1786387805.937|99.909|3.122|570892288|599408640|sim_data_341798b7487bf001|__AUTOMETRIC__
__AUTOMETRIC__|0.1.2|25352|crew_log_06d891c508b68cbf|0|1786387806.951|100.253|3.133|571170816|599687168|sim_data_341798b7487bf001|__AUTOMETRIC__
__AUTOMETRIC__|0.1.2|25352|crew_log_06d891c508b68cbf|0|1786387807.961|100.462|3.139|574140416|602611712|sim_data_341798b7487bf001|__AUTOMETRIC__
__AUTOMETRIC__|0.1.2|25352|crew_log_06d891c508b68cbf|0|1786387808.972|98.937|3.092|573751296|602210304|sim_data_341798b7487bf001|__AUTOMETRIC__
__AUTOMETRIC__|0.1.2|25352|crew_log_06d891c508b68cbf|0|1786387809.973|99.879|3.121|573571072|602247168|sim_data_341798b7487bf001|__AUTOMETRIC__
__AUTOMETRIC__|0.1.2|25352|crew_log_06d891c508b68cbf|0|1786387810.989|100.010|3.125|576262144|604721152|sim_data_341798b7487bf001|__AUTOMETRIC__
__AUTOMETRIC__|0.1.2|25352|crew_log_06d891c508b68cbf|0|1786387811.990|101.434|3.170|576262144|604721152|sim_data_341798b7487bf001|__AUTOMETRIC__
__AUTOMETRIC__|0.1.2|25352|crew_log_06d891c508b68cbf|0|1786387812.993|99.682|3.115|576286720|604962816|sim_data_341798b7487bf001|__AUTOMETRIC__
__AUTOMETRIC__|0.1.2|25352|crew_log_06d891c508b68cbf|0|1786387814.000|99.366|3.105|578863104|607322112|sim_data_341798b7487bf001|__AUTOMETRIC__
__AUTOMETRIC__|0.1.2|25352|crew_log_06d891c508b68cbf|0|1786387815.006|100.893|3.153|579129344|607588352|sim_data_341798b7487bf001|__AUTOMETRIC__
__AUTOMETRIC__|0.1.2|25352|crew_log_06d891c508b68cbf|0|1786387816.008|99.874|3.121|579158016|607834112|sim_data_341798b7487bf001|__AUTOMETRIC__
__AUTOMETRIC__|0.1.2|25352|crew_log_06d891c508b68cbf|0|1786387817.022|103.198|3.225|761057280|790151168|sim_data_341798b7487bf001|__AUTOMETRIC__
__AUTOMETRIC__|0.1.2|25352|crew_log_06d891c508b68cbf|0|1786387818.035|95.683|2.990|915435520|944484352|sim_data_341798b7487bf001|__AUTOMETRIC__
__AUTOMETRIC__|0.1.2|25352|crew_log_06d891c508b68cbf|0|1786387819.037|95.101|2.972|783720448|811757568|sim_data_341798b7487bf001|__AUTOMETRIC__
__AUTOMETRIC__|0.1.2|25352|crew_log_06d891c508b68cbf|0|1786387820.052|103.156|3.224|499675136|527323136|sim_data_341798b7487bf001|__AUTOMETRIC__
__AUTOMETRIC__|0.1.2|25352|crew_log_06d891c508b68cbf|0|1786387821.054|101.275|3.165|499691520|527339520|sim_data_341798b7487bf001|__AUTOMETRIC__
__AUTOMETRIC__|0.1.2|25352|crew_log_06d891c508b68cbf|0|1786387822.068|98.675|3.084|498806784|526348288|sim_data_341798b7487bf001|__AUTOMETRIC__
__AUTOMETRIC__|0.1.2|25352|crew_log_06d891c508b68cbf|0|1786387823.069|101.414|3.169|498561024|525873152|sim_data_341798b7487bf001|__AUTOMETRIC__
__AUTOMETRIC__|0.1.2|25352|crew_log_06d891c508b68cbf|0|1786387824.075|97.888|3.059|498671616|525983744|sim_data_341798b7487bf001|__AUTOMETRIC__
__AUTOMETRIC__|0.1.2|25352|crew_log_06d891c508b68cbf|0|1786387825.081|99.422|3.107|498606080|525918208|sim_data_341798b7487bf001|__AUTOMETRIC__
__AUTOMETRIC__|0.1.2|25352|crew_log_06d891c508b68cbf|0|1786387826.082|98.357|3.074|501620736|528945152|sim_data_341798b7487bf001|__AUTOMETRIC__
__AUTOMETRIC__|0.1.2|25352|crew_log_06d891c508b68cbf|0|1786387827.095|100.194|3.131|501555200|528867328|sim_data_341798b7487bf001|__AUTOMETRIC__
__AUTOMETRIC__|0.1.2|25352|crew_log_06d891c508b68cbf|0|1786387828.099|99.616|3.113|501559296|528871424|sim_data_341798b7487bf001|__AUTOMETRIC__
__AUTOMETRIC__|0.1.2|25352|crew_log_06d891c508b68cbf|0|1786387829.104|101.102|3.159|504324096|531865600|sim_data_341798b7487bf001|__AUTOMETRIC__
__AUTOMETRIC__|0.1.2|25352|crew_log_06d891c508b68cbf|0|1786387830.110|99.350|3.105|504340480|531652608|sim_data_341798b7487bf001|__AUTOMETRIC__
__AUTOMETRIC__|0.1.2|25352|crew_log_06d891c508b68cbf|0|1786387831.115|99.539|3.111|504340480|531652608|sim_data_341798b7487bf001|__AUTOMETRIC__
__AUTOMETRIC__|0.1.2|25352|crew_log_06d891c508b68cbf|0|1786387832.119|102.741|3.211|795987968|823328768|sim_data_341798b7487bf001|__AUTOMETRIC__
__AUTOMETRIC__|0.1.2|25352|crew_log_06d891c508b68cbf|0|1786387833.120|101.385|3.168|675942400|703369216|sim_data_341798b7487bf001|__AUTOMETRIC__
__AUTOMETRIC__|0.1.2|25352|crew_log_06d891c508b68cbf|0|1786387834.125|97.964|3.061|752631808|780754944|sim_data_341798b7487bf001|__AUTOMETRIC__
__AUTOMETRIC__|0.1.2|25352|crew_log_06d891c508b68cbf|0|1786387835.126|99.927|3.123|735510528|762798080|sim_data_341798b7487bf001|__AUTOMETRIC__
__AUTOMETRIC__|0.1.2|25352|crew_log_06d891c508b68cbf|0|1786387836.127|99.941|3.123|733655040|760258560|sim_data_341798b7487bf001|__AUTOMETRIC__
__AUTOMETRIC__|0.1.2|25352|crew_log_06d891c508b68cbf|0|1786387837.128|99.838|3.120|733462528|760283136|sim_data_341798b7487bf001|__AUTOMETRIC__
__AUTOMETRIC__|0.1.2|25352|crew_log_06d891c508b68cbf|0|1786387838.130|102.923|3.216|445440000|471920640|sim_data_341798b7487bf001|__AUTOMETRIC__
__AUTOMETRIC__|0.1.2|25352|crew_log_06d891c508b68cbf|0|1786387839.145|100.034|3.126|440901632|467365888|sim_data_341798b7487bf001|__AUTOMETRIC__
__AUTOMETRIC__|0.1.2|25352|crew_log_06d891c508b68cbf|0|1786387840.146|99.901|3.122|440901632|467582976|sim_data_341798b7487bf001|__AUTOMETRIC__
__AUTOMETRIC__|0.1.2|25352|crew_log_06d891c508b68cbf|0|1786387841.159|100.311|3.135|443498496|469962752|sim_data_341798b7487bf001|__AUTOMETRIC__
__AUTOMETRIC__|0.1.2|25352|crew_log_06d891c508b68cbf|0|1786387842.161|101.296|3.165|443609088|470073344|sim_data_341798b7487bf001|__AUTOMETRIC__
__AUTOMETRIC__|0.1.2|25352|crew_log_06d891c508b68cbf|0|1786387843.175|100.161|3.130|446349312|473030656|sim_data_341798b7487bf001|__AUTOMETRIC__
__AUTOMETRIC__|0.1.2|25352|crew_log_06d891c508b68cbf|0|1786387844.183|100.818|3.151|446169088|472633344|sim_data_341798b7487bf001|__AUTOMETRIC__
__AUTOMETRIC__|0.1.2|25352|crew_log_06d891c508b68cbf|0|1786387845.188|99.461|3.108|446308352|472772608|sim_data_341798b7487bf001|__AUTOMETRIC__
__AUTOMETRIC__|0.1.2|25352|crew_log_06d891c508b68cbf|0|1786387846.190|99.786|3.118|446410752|472875008|sim_data_341798b7487bf001|__AUTOMETRIC__
__AUTOMETRIC__|0.1.2|25352|crew_log_06d891c508b68cbf|0|1786387847.192|98.319|3.072|918282240|945213440|sim_data_341798b7487bf001|__AUTOMETRIC__
__AUTOMETRIC__|0.1.2|25352|crew_log_06d891c508b68cbf|0|1786387848.194|101.348|3.167|871694336|898449408|sim_data_341798b7487bf001|__AUTOMETRIC__
__AUTOMETRIC__|0.1.2|25352|crew_log_06d891c508b68cbf|0|1786387849.194|99.961|3.124|629141504|655376384|sim_data_341798b7487bf001|__AUTOMETRIC__
__AUTOMETRIC__|0.1.2|25352|crew_log_06d891c508b68cbf|0|1786387850.201|99.283|3.103|623550464|649404416|sim_data_341798b7487bf001|__AUTOMETRIC__
__AUTOMETRIC__|0.1.2|25352|crew_log_06d891c508b68cbf|0|1786387851.213|100.434|3.139|622002176|647725056|sim_data_341798b7487bf001|__AUTOMETRIC__
__AUTOMETRIC__|0.1.2|25352|crew_log_06d891c508b68cbf|0|1786387852.223|98.978|3.093|624287744|650149888|sim_data_341798b7487bf001|__AUTOMETRIC__
__AUTOMETRIC__|0.1.2|25352|crew_log_06d891c508b68cbf|0|1786387853.223|99.977|3.124|624152576|649674752|sim_data_341798b7487bf001|__AUTOMETRIC__
__AUTOMETRIC__|0.1.2|25352|crew_log_06d891c508b68cbf|0|1786387854.227|102.764|3.211|624160768|649682944|sim_data_341798b7487bf001|__AUTOMETRIC__
__AUTOMETRIC__|0.1.2|25352|crew_log_06d891c508b68cbf|0|1786387855.232|99.473|3.109|627126272|652877824|sim_data_341798b7487bf001|__AUTOMETRIC__
__AUTOMETRIC__|0.1.2|25352|crew_log_06d891c508b68cbf|0|1786387856.234|98.223|3.069|626995200|652517376|sim_data_341798b7487bf001|__AUTOMETRIC__
__AUTOMETRIC__|0.1.2|25352|crew_log_06d891c508b68cbf|0|1786387857.249|100.056|3.127|627003392|652525568|sim_data_341798b7487bf001|__AUTOMETRIC__
__AUTOMETRIC__|0.1.2|25352|crew_log_06d891c508b68cbf|0|1786387858.254|99.472|3.109|629776384|655298560|sim_data_341798b7487bf001|__AUTOMETRIC__
__AUTOMETRIC__|0.1.2|25352|crew_log_06d891c508b68cbf|0|1786387859.256|102.976|3.218|629694464|655216640|sim_data_341798b7487bf001|__AUTOMETRIC__
__AUTOMETRIC__|0.1.2|25352|crew_log_06d891c508b68cbf|0|1786387860.257|98.298|3.072|629702656|655224832|sim_data_341798b7487bf001|__AUTOMETRIC__
__AUTOMETRIC__|0.1.2|25352|crew_log_06d891c508b68cbf|0|1786387861.269|97.265|3.040|703021056|728608768|sim_data_341798b7487bf001|__AUTOMETRIC__
__AUTOMETRIC__|0.1.2|25352|crew_log_06d891c508b68cbf|0|1786387862.277|102.308|3.197|792301568|818147328|sim_data_341798b7487bf001|__AUTOMETRIC__
__AUTOMETRIC__|0.1.2|25352|crew_log_06d891c508b68cbf|0|1786387863.285|100.775|3.149|736608256|762548224|sim_data_341798b7487bf001|__AUTOMETRIC__
__AUTOMETRIC__|0.1.2|25352|crew_log_06d891c508b68cbf|0|1786387864.300|98.568|3.080|544645120|570056704|sim_data_341798b7487bf001|__AUTOMETRIC__
__AUTOMETRIC__|0.1.2|25352|crew_log_06d891c508b68cbf|0|1786387865.303|101.275|3.165|534536192|559554560|sim_data_341798b7487bf001|__AUTOMETRIC__
__AUTOMETRIC__|0.1.2|25352|crew_log_06d891c508b68cbf|0|1786387866.313|98.989|3.093|531582976|556331008|sim_data_341798b7487bf001|__AUTOMETRIC__
__AUTOMETRIC__|0.1.2|25352|crew_log_06d891c508b68cbf|0|1786387867.319|100.980|3.156|531582976|556331008|sim_data_341798b7487bf001|__AUTOMETRIC__
__AUTOMETRIC__|0.1.2|25352|crew_log_06d891c508b68cbf|0|1786387868.330|97.367|3.043|534302720|558993408|sim_data_341798b7487bf001|__AUTOMETRIC__
__AUTOMETRIC__|0.1.2|25352|crew_log_06d891c508b68cbf|0|1786387869.334|98.028|3.063|534441984|559132672|sim_data_341798b7487bf001|__AUTOMETRIC__
__AUTOMETRIC__|0.1.2|25352|crew_log_06d891c508b68cbf|0|1786387870.335|101.437|3.170|534437888|559128576|sim_data_341798b7487bf001|__AUTOMETRIC__
__AUTOMETRIC__|0.1.2|25352|crew_log_06d891c508b68cbf|0|1786387871.347|98.799|3.087|534433792|559124480|sim_data_341798b7487bf001|__AUTOMETRIC__
__AUTOMETRIC__|0.1.2|25352|crew_log_06d891c508b68cbf|0|1786387872.347|98.408|3.075|536899584|561590272|sim_data_341798b7487bf001|__AUTOMETRIC__
__AUTOMETRIC__|0.1.2|25352|crew_log_06d891c508b68cbf|0|1786387873.350|99.768|3.118|537157632|561848320|sim_data_341798b7487bf001|__AUTOMETRIC__
__AUTOMETRIC__|0.1.2|25352|crew_log_06d891c508b68cbf|0|1786387874.353|99.638|3.114|537190400|561881088|sim_data_341798b7487bf001|__AUTOMETRIC__
__AUTOMETRIC__|0.1.2|25352|crew_log_06d891c508b68cbf|0|1786387875.356|98.158|3.067|537174016|561864704|sim_data_341798b7487bf001|__AUTOMETRIC__
__AUTOMETRIC__|0.1.2|25352|crew_log_06d891c508b68cbf|0|1786387876.366|100.590|3.143|540205056|564903936|sim_data_341798b7487bf001|__AUTOMETRIC__
__AUTOMETRIC__|0.1.2|25352|crew_log_06d891c508b68cbf|0|1786387877.377|97.395|3.044|540028928|564719616|sim_data_341798b7487bf001|__AUTOMETRIC__
__AUTOMETRIC__|0.1.2|25352|crew_log_06d891c508b68cbf|0|1786387878.383|99.405|3.106|540053504|564744192|sim_data_341798b7487bf001|__AUTOMETRIC__
__AUTOMETRIC__|0.1.2|25352|crew_log_06d891c508b68cbf|0|1786387879.396|100.171|3.130|540028928|564719616|sim_data_341798b7487bf001|__AUTOMETRIC__
__AUTOMETRIC__|0.1.2|25352|crew_log_06d891c508b68cbf|0|1786387880.399|99.747|3.117|554655744|579395584|sim_data_341798b7487bf001|__AUTOMETRIC__
__AUTOMETRIC__|0.1.2|25352|crew_log_06d891c508b68cbf|0|1786387881.407|100.732|3.148|1080868864|1106124800|sim_data_341798b7487bf001|__AUTOMETRIC__
__AUTOMETRIC__|0.1.2|25352|crew_log_06d891c508b68cbf|0|1786387882.414|102.461|3.202|801755136|826601472|sim_data_341798b7487bf001|__AUTOMETRIC__
__AUTOMETRIC__|0.1.2|25352|crew_log_06d891c508b68cbf|0|1786387883.424|100.537|3.142|600612864|625233920|sim_data_341798b7487bf001|__AUTOMETRIC__
__AUTOMETRIC__|0.1.2|25352|crew_log_06d891c508b68cbf|0|1786387884.425|99.889|3.122|569614336|593707008|sim_data_341798b7487bf001|__AUTOMETRIC__
__AUTOMETRIC__|0.1.2|25352|crew_log_06d891c508b68cbf|0|1786387885.430|101.073|3.159|567513088|591695872|sim_data_341798b7487bf001|__AUTOMETRIC__
__AUTOMETRIC__|0.1.2|25352|crew_log_06d891c508b68cbf|0|1786387886.431|99.913|3.122|570523648|594640896|sim_data_341798b7487bf001|__AUTOMETRIC__
__AUTOMETRIC__|0.1.2|25352|crew_log_06d891c508b68cbf|0|1786387887.445|98.568|3.080|570433536|594333696|sim_data_341798b7487bf001|__AUTOMETRIC__
__AUTOMETRIC__|0.1.2|25352|crew_log_06d891c508b68cbf|0|1786387888.460|100.093|3.128|570462208|594579456|sim_data_341798b7487bf001|__AUTOMETRIC__
__AUTOMETRIC__|0.1.2|25352|crew_log_06d891c508b68cbf|0|1786387889.474|98.601|3.081|573304832|597213184|sim_data_341798b7487bf001|__AUTOMETRIC__
__AUTOMETRIC__|0.1.2|25352|crew_log_06d891c508b68cbf|0|1786387890.482|99.213|3.100|573177856|597078016|sim_data_341798b7487bf001|__AUTOMETRIC__
__AUTOMETRIC__|0.1.2|25352|crew_log_06d891c508b68cbf|0|1786387891.484|99.781|3.118|573194240|597311488|sim_data_341798b7487bf001|__AUTOMETRIC__
__AUTOMETRIC__|0.1.2|25352|crew_log_06d891c508b68cbf|0|1786387892.492|99.283|3.103|575971328|599871488|sim_data_341798b7487bf001|__AUTOMETRIC__
__AUTOMETRIC__|0.1.2|25352|crew_log_06d891c508b68cbf|0|1786387893.492|99.902|3.122|575987712|599887872|sim_data_341798b7487bf001|__AUTOMETRIC__
__AUTOMETRIC__|0.1.2|25352|crew_log_06d891c508b68cbf|0|1786387894.505|100.314|3.135|575971328|599871488|sim_data_341798b7487bf001|__AUTOMETRIC__
__AUTOMETRIC__|0.1.2|25352|crew_log_06d891c508b68cbf|0|1786387895.514|96.046|3.001|1018662912|1042890752|sim_data_341798b7487bf001|__AUTOMETRIC__
__AUTOMETRIC__|0.1.2|25352|crew_log_06d891c508b68cbf|0|1786387896.528|104.693|3.272|651522048|675581952|sim_data_341798b7487bf001|__AUTOMETRIC__
__AUTOMETRIC__|0.1.2|25352|crew_log_06d891c508b68cbf|0|1786387897.529|103.070|3.221|437280768|461434880|sim_data_341798b7487bf001|__AUTOMETRIC__
__AUTOMETRIC__|0.1.2|25352|crew_log_06d891c508b68cbf|0|1786387898.532|96.611|3.019|631980032|655863808|sim_data_341798b7487bf001|__AUTOMETRIC__
__AUTOMETRIC__|0.1.2|25352|crew_log_06d891c508b68cbf|0|1786387899.538|100.882|3.153|631603200|654733312|sim_data_341798b7487bf001|__AUTOMETRIC__
__AUTOMETRIC__|0.1.2|25352|crew_log_06d891c508b68cbf|0|1786387900.539|98.425|3.076|631623680|654970880|sim_data_341798b7487bf001|__AUTOMETRIC__
__AUTOMETRIC__|0.1.2|25352|crew_log_06d891c508b68cbf|0|1786387901.542|99.646|3.114|634531840|657735680|sim_data_341798b7487bf001|__AUTOMETRIC__
__AUTOMETRIC__|0.1.2|25352|crew_log_06d891c508b68cbf|0|1786387902.544|96.733|3.023|634368000|657338368|sim_data_341798b7487bf001|__AUTOMETRIC__
__AUTOMETRIC__|0.1.2|25352|crew_log_06d891c508b68cbf|0|1786387903.552|99.153|3.099|634384384|657354752|sim_data_341798b7487bf001|__AUTOMETRIC__
__AUTOMETRIC__|0.1.2|25352|crew_log_06d891c508b68cbf|0|1786387904.556|99.644|3.114|637349888|660545536|sim_data_341798b7487bf001|__AUTOMETRIC__
__AUTOMETRIC__|0.1.2|25352|crew_log_06d891c508b68cbf|0|1786387905.571|100.055|3.127|637206528|660176896|sim_data_341798b7487bf001|__AUTOMETRIC__
__AUTOMETRIC__|0.1.2|25352|crew_log_06d891c508b68cbf|0|1786387906.571|96.837|3.026|637214720|660402176|sim_data_341798b7487bf001|__AUTOMETRIC__
__AUTOMETRIC__|0.1.2|25352|crew_log_06d891c508b68cbf|0|1786387907.572|99.900|3.122|639942656|662913024|sim_data_341798b7487bf001|__AUTOMETRIC__
__AUTOMETRIC__|0.1.2|25352|crew_log_06d891c508b68cbf|0|1786387908.587|100.037|3.126|640065536|663035904|sim_data_341798b7487bf001|__AUTOMETRIC__
__AUTOMETRIC__|0.1.2|25352|crew_log_06d891c508b68cbf|0|1786387909.601|100.229|3.132|640069632|663040000|sim_data_341798b7487bf001|__AUTOMETRIC__
__AUTOMETRIC__|0.1.2|25352|crew_log_06d891c508b68cbf|0|1786387910.616|99.999|3.125|897081344|920055808|sim_data_341798b7487bf001|__AUTOMETRIC__
__AUTOMETRIC__|0.1.2|25352|crew_log_06d891c508b68cbf|0|1786387911.628|98.872|3.090|1462767616|1486266368|sim_data_341798b7487bf001|__AUTOMETRIC__
__AUTOMETRIC__|0.1.2|25352|crew_log_06d891c508b68cbf|0|1786387912.634|100.962|3.155|1126060032|1149767680|sim_data_341798b7487bf001|__AUTOMETRIC__
__AUTOMETRIC__|0.1.2|25352|crew_log_06d891c508b68cbf|0|1786387913.636|98.237|3.070|811511808|834875392|sim_data_341798b7487bf001|__AUTOMETRIC__
__AUTOMETRIC__|0.1.2|25352|crew_log_06d891c508b68cbf|0|1786387914.639|99.653|3.114|805281792|828227584|sim_data_341798b7487bf001|__AUTOMETRIC__
__AUTOMETRIC__|0.1.2|25352|crew_log_06d891c508b68cbf|0|1786387915.651|100.410|3.138|804700160|827535360|sim_data_341798b7487bf001|__AUTOMETRIC__
__AUTOMETRIC__|0.1.2|25352|crew_log_06d891c508b68cbf|0|1786387916.666|100.062|3.127|807690240|830443520|sim_data_341798b7487bf001|__AUTOMETRIC__
__AUTOMETRIC__|0.1.2|25352|crew_log_06d891c508b68cbf|0|1786387917.667|99.869|3.121|807215104|829952000|sim_data_341798b7487bf001|__AUTOMETRIC__
__AUTOMETRIC__|0.1.2|25352|crew_log_06d891c508b68cbf|0|1786387918.671|99.590|3.112|807219200|829956096|sim_data_341798b7487bf001|__AUTOMETRIC__
__AUTOMETRIC__|0.1.2|25352|crew_log_06d891c508b68cbf|0|1786387919.672|99.871|3.121|807481344|830218240|sim_data_341798b7487bf001|__AUTOMETRIC__
__AUTOMETRIC__|0.1.2|25352|crew_log_06d891c508b68cbf|0|1786387920.683|98.938|3.092|807219200|829956096|sim_data_341798b7487bf001|__AUTOMETRIC__
__AUTOMETRIC__|0.1.2|25352|crew_log_06d891c508b68cbf|0|1786387921.698|100.099|3.128|807211008|829947904|sim_data_341798b7487bf001|__AUTOMETRIC__
__AUTOMETRIC__|0.1.2|25352|crew_log_06d891c508b68cbf|0|1786387922.700|99.736|3.117|807211008|829947904|sim_data_341798b7487bf001|__AUTOMETRIC__
__AUTOMETRIC__|0.1.2|25352|crew_log_06d891c508b68cbf|0|1786387923.705|98.004|3.063|810233856|832978944|sim_data_341798b7487bf001|__AUTOMETRIC__
__AUTOMETRIC__|0.1.2|25352|crew_log_06d891c508b68cbf|0|1786387924.717|100.316|3.135|810061824|832798720|sim_data_341798b7487bf001|__AUTOMETRIC__
__AUTOMETRIC__|0.1.2|25352|crew_log_06d891c508b68cbf|0|1786387925.728|98.948|3.092|810057728|832794624|sim_data_341798b7487bf001|__AUTOMETRIC__
__AUTOMETRIC__|0.1.2|25352|crew_log_06d891c508b68cbf|0|1786387926.739|100.479|3.140|810061824|832798720|sim_data_341798b7487bf001|__AUTOMETRIC__
__AUTOMETRIC__|0.1.2|25352|crew_log_06d891c508b68cbf|0|1786387927.740|99.858|3.121|810061824|832798720|sim_data_341798b7487bf001|__AUTOMETRIC__
__AUTOMETRIC__|0.1.2|25352|crew_log_06d891c508b68cbf|0|1786387928.747|97.766|3.055|810057728|832794624|sim_data_341798b7487bf001|__AUTOMETRIC__
__AUTOMETRIC__|0.1.2|25352|crew_log_06d891c508b68cbf|0|1786387929.754|99.346|3.105|810196992|832933888|sim_data_341798b7487bf001|__AUTOMETRIC__
__AUTOMETRIC__|0.1.2|25352|crew_log_06d891c508b68cbf|0|1786387930.755|101.443|3.170|812994560|835731456|sim_data_341798b7487bf001|__AUTOMETRIC__
__AUTOMETRIC__|0.1.2|25352|crew_log_06d891c508b68cbf|0|1786387931.766|98.891|3.090|813264896|836001792|sim_data_341798b7487bf001|__AUTOMETRIC__
__AUTOMETRIC__|0.1.2|25352|crew_log_06d891c508b68cbf|0|1786387932.776|100.603|3.144|813318144|836055040|sim_data_341798b7487bf001|__AUTOMETRIC__
__AUTOMETRIC__|0.1.2|25352|crew_log_06d891c508b68cbf|0|1786387933.780|99.542|3.111|906825728|929894400|sim_data_341798b7487bf001|__AUTOMETRIC__
__AUTOMETRIC__|0.1.2|25352|crew_log_06d891c508b68cbf|0|1786387934.782|99.778|3.118|1060376576|1083211776|sim_data_341798b7487bf001|__AUTOMETRIC__
__AUTOMETRIC__|0.1.2|25352|crew_log_06d891c508b68cbf|0|1786387935.786|104.307|3.260|1123504128|1146355712|sim_data_341798b7487bf001|__AUTOMETRIC__
__AUTOMETRIC__|0.1.2|25352|crew_log_06d891c508b68cbf|0|1786387936.797|101.969|3.187|1057792000|1081323520|sim_data_341798b7487bf001|__AUTOMETRIC__
__AUTOMETRIC__|0.1.2|25352|crew_log_06d891c508b68cbf|0|1786387937.808|97.401|3.044|1063731200|1085820928|sim_data_341798b7487bf001|__AUTOMETRIC__
__AUTOMETRIC__|0.1.2|25352|crew_log_06d891c508b68cbf|0|1786387938.818|100.551|3.142|1062309888|1084227584|sim_data_341798b7487bf001|__AUTOMETRIC__
__AUTOMETRIC__|0.1.2|25352|crew_log_06d891c508b68cbf|0|1786387939.829|98.936|3.092|1062391808|1084485632|sim_data_341798b7487bf001|__AUTOMETRIC__
__AUTOMETRIC__|0.1.2|25352|crew_log_06d891c508b68cbf|0|1786387940.841|97.225|3.038|1065308160|1087356928|sim_data_341798b7487bf001|__AUTOMETRIC__
__AUTOMETRIC__|0.1.2|25352|crew_log_06d891c508b68cbf|0|1786387941.855|100.150|3.130|1065250816|1087287296|sim_data_341798b7487bf001|__AUTOMETRIC__
__AUTOMETRIC__|0.1.2|25352|crew_log_06d891c508b68cbf|0|1786387942.865|97.510|3.047|1068130304|1090166784|sim_data_341798b7487bf001|__AUTOMETRIC__
__AUTOMETRIC__|0.1.2|25352|crew_log_06d891c508b68cbf|0|1786387943.868|99.709|3.116|1068011520|1089867776|sim_data_341798b7487bf001|__AUTOMETRIC__
__AUTOMETRIC__|0.1.2|25352|crew_log_06d891c508b68cbf|0|1786387944.880|100.316|3.135|1068064768|1089921024|sim_data_341798b7487bf001|__AUTOMETRIC__
__AUTOMETRIC__|0.1.2|25352|crew_log_06d891c508b68cbf|0|1786387945.882|99.788|3.118|1068007424|1089863680|sim_data_341798b7487bf001|__AUTOMETRIC__
__AUTOMETRIC__|0.1.2|25352|crew_log_06d891c508b68cbf|0|1786387946.892|100.592|3.143|1070768128|1092624384|sim_data_341798b7487bf001|__AUTOMETRIC__
__AUTOMETRIC__|0.1.2|25352|crew_log_06d891c508b68cbf|0|1786387947.896|99.570|3.112|1070825472|1092681728|sim_data_341798b7487bf001|__AUTOMETRIC__
__AUTOMETRIC__|0.1.2|25352|crew_log_06d891c508b68cbf|0|1786387948.898|99.794|3.119|1105195008|1127219200|sim_data_341798b7487bf001|__AUTOMETRIC__
__AUTOMETRIC__|0.1.2|25352|crew_log_06d891c508b68cbf|0|1786387949.900|101.354|3.167|1156890624|1180127232|sim_data_341798b7487bf001|__AUTOMETRIC__
__AUTOMETRIC__|0.1.2|25352|crew_log_06d891c508b68cbf|0|1786387950.909|100.712|3.147|1185718272|1208127488|sim_data_341798b7487bf001|__AUTOMETRIC__
__AUTOMETRIC__|0.1.2|25352|crew_log_06d891c508b68cbf|0|1786387951.923|98.585|3.081|910426112|932372480|sim_data_341798b7487bf001|__AUTOMETRIC__
__AUTOMETRIC__|0.1.2|25352|crew_log_06d891c508b68cbf|0|1786387952.924|99.917|3.122|904708096|925958144|sim_data_341798b7487bf001|__AUTOMETRIC__
__AUTOMETRIC__|0.1.2|25352|crew_log_06d891c508b68cbf|0|1786387953.937|100.278|3.134|902914048|924024832|sim_data_341798b7487bf001|__AUTOMETRIC__
__AUTOMETRIC__|0.1.2|25352|crew_log_06d891c508b68cbf|0|1786387954.939|101.324|3.166|905879552|927121408|sim_data_341798b7487bf001|__AUTOMETRIC__
__AUTOMETRIC__|0.1.2|25352|crew_log_06d891c508b68cbf|0|1786387955.954|100.115|3.129|905625600|926679040|sim_data_341798b7487bf001|__AUTOMETRIC__
__AUTOMETRIC__|0.1.2|25352|crew_log_06d891c508b68cbf|0|1786387956.954|101.525|3.173|905629696|926859264|sim_data_341798b7487bf001|__AUTOMETRIC__
__AUTOMETRIC__|0.1.2|25352|crew_log_06d891c508b68cbf|0|1786387957.955|99.925|3.123|908410880|929640448|sim_data_341798b7487bf001|__AUTOMETRIC__
__AUTOMETRIC__|0.1.2|25352|crew_log_06d891c508b68cbf|0|1786387958.970|100.018|3.126|908414976|929644544|sim_data_341798b7487bf001|__AUTOMETRIC__
__AUTOMETRIC__|0.1.2|25352|crew_log_06d891c508b68cbf|0|1786387959.985|101.603|3.175|908414976|929644544|sim_data_341798b7487bf001|__AUTOMETRIC__
__AUTOMETRIC__|0.1.2|25352|crew_log_06d891c508b68cbf|0|1786387961.001|100.013|3.125|911302656|932356096|sim_data_341798b7487bf001|__AUTOMETRIC__
__AUTOMETRIC__|0.1.2|25352|crew_log_06d891c508b68cbf|0|1786387962.014|98.646|3.083|911306752|932360192|sim_data_341798b7487bf001|__AUTOMETRIC__
__AUTOMETRIC__|0.1.2|25352|crew_log_06d891c508b68cbf|0|1786387963.029|100.135|3.129|911306752|932536320|sim_data_341798b7487bf001|__AUTOMETRIC__
__AUTOMETRIC__|0.1.2|25352|crew_log_06d891c508b68cbf|0|1786387964.035|97.803|3.056|1269653504|1290932224|sim_data_341798b7487bf001|__AUTOMETRIC__
__AUTOMETRIC__|0.1.2|25352|crew_log_06d891c508b68cbf|0|1786387965.049|100.207|3.131|1489027072|1510502400|sim_data_341798b7487bf001|__AUTOMETRIC__
__AUTOMETRIC__|0.1.2|25352|crew_log_06d891c508b68cbf|0|1786387966.062|104.877|3.277|872964096|894406656|sim_data_341798b7487bf001|__AUTOMETRIC__
__AUTOMETRIC__|0.1.2|25352|crew_log_06d891c508b68cbf|0|1786387967.066|94.884|2.965|875220992|895672320|sim_data_341798b7487bf001|__AUTOMETRIC__
__AUTOMETRIC__|0.1.2|25352|crew_log_06d891c508b68cbf|0|1786387968.071|101.134|3.160|875495424|895946752|sim_data_341798b7487bf001|__AUTOMETRIC__
__AUTOMETRIC__|0.1.2|25352|crew_log_06d891c508b68cbf|0|1786387969.079|99.162|3.099|872140800|892293120|sim_data_341798b7487bf001|__AUTOMETRIC__
__AUTOMETRIC__|0.1.2|25352|crew_log_06d891c508b68cbf|0|1786387970.083|101.190|3.162|874835968|894943232|sim_data_341798b7487bf001|__AUTOMETRIC__
__AUTOMETRIC__|0.1.2|25352|crew_log_06d891c508b68cbf|0|1786387971.087|99.540|3.111|874717184|894812160|sim_data_341798b7487bf001|__AUTOMETRIC__
__AUTOMETRIC__|0.1.2|25352|crew_log_06d891c508b68cbf|0|1786387972.092|99.554|3.111|874717184|894812160|sim_data_341798b7487bf001|__AUTOMETRIC__
__AUTOMETRIC__|0.1.2|25352|crew_log_06d891c508b68cbf|0|1786387973.104|100.355|3.136|877613056|897720320|sim_data_341798b7487bf001|__AUTOMETRIC__
__AUTOMETRIC__|0.1.2|25352|crew_log_06d891c508b68cbf|0|1786387974.110|99.401|3.106|877494272|897589248|sim_data_341798b7487bf001|__AUTOMETRIC__
__AUTOMETRIC__|0.1.2|25352|crew_log_06d891c508b68cbf|0|1786387975.113|99.657|3.114|877490176|897585152|sim_data_341798b7487bf001|__AUTOMETRIC__
__AUTOMETRIC__|0.1.2|25352|crew_log_06d891c508b68cbf|0|1786387976.119|100.960|3.155|880168960|900263936|sim_data_341798b7487bf001|__AUTOMETRIC__
__AUTOMETRIC__|0.1.2|25352|crew_log_06d891c508b68cbf|0|1786387977.133|100.141|3.129|880304128|900399104|sim_data_341798b7487bf001|__AUTOMETRIC__
__AUTOMETRIC__|0.1.2|25352|crew_log_06d891c508b68cbf|0|1786387978.136|99.768|3.118|880300032|900395008|sim_data_341798b7487bf001|__AUTOMETRIC__
__AUTOMETRIC__|0.1.2|25352|crew_log_06d891c508b68cbf|0|1786387979.150|97.067|3.033|1072603136|1092714496|sim_data_341798b7487bf001|__AUTOMETRIC__
__AUTOMETRIC__|0.1.2|25352|crew_log_06d891c508b68cbf|0|1786387980.157|102.449|3.202|1430786048|1451175936|sim_data_341798b7487bf001|__AUTOMETRIC__
__AUTOMETRIC__|0.1.2|25352|crew_log_06d891c508b68cbf|0|1786387981.164|105.416|3.294|911712256|932536320|sim_data_341798b7487bf001|__AUTOMETRIC__
__AUTOMETRIC__|0.1.2|25352|crew_log_06d891c508b68cbf|0|1786387982.167|95.061|2.971|924123136|943861760|sim_data_341798b7487bf001|__AUTOMETRIC__
__AUTOMETRIC__|0.1.2|25352|crew_log_06d891c508b68cbf|0|1786387983.176|99.130|3.098|921288704|940544000|sim_data_341798b7487bf001|__AUTOMETRIC__
__AUTOMETRIC__|0.1.2|25352|crew_log_06d891c508b68cbf|0|1786387984.183|99.338|3.104|921165824|940421120|sim_data_341798b7487bf001|__AUTOMETRIC__
__AUTOMETRIC__|0.1.2|25352|crew_log_06d891c508b68cbf|0|1786387985.186|98.084|3.065|923754496|942952448|sim_data_341798b7487bf001|__AUTOMETRIC__
__AUTOMETRIC__|0.1.2|25352|crew_log_06d891c508b68cbf|0|1786387986.189|98.140|3.067|923811840|943009792|sim_data_341798b7487bf001|__AUTOMETRIC__
__AUTOMETRIC__|0.1.2|25352|crew_log_06d891c508b68cbf|0|1786387987.193|101.142|3.161|926679040|945889280|sim_data_341798b7487bf001|__AUTOMETRIC__
__AUTOMETRIC__|0.1.2|25352|crew_log_06d891c508b68cbf|0|1786387988.195|99.867|3.121|926515200|945713152|sim_data_341798b7487bf001|__AUTOMETRIC__
__AUTOMETRIC__|0.1.2|25352|crew_log_06d891c508b68cbf|0|1786387989.199|99.588|3.112|926699520|945897472|sim_data_341798b7487bf001|__AUTOMETRIC__
__AUTOMETRIC__|0.1.2|25352|crew_log_06d891c508b68cbf|0|1786387990.209|100.533|3.142|929357824|948555776|sim_data_341798b7487bf001|__AUTOMETRIC__
__AUTOMETRIC__|0.1.2|25352|crew_log_06d891c508b68cbf|0|1786387991.220|100.435|3.139|929394688|948592640|sim_data_341798b7487bf001|__AUTOMETRIC__
__AUTOMETRIC__|0.1.2|25352|crew_log_06d891c508b68cbf|0|1786387992.223|99.755|3.117|929374208|948572160|sim_data_341798b7487bf001|__AUTOMETRIC__
__AUTOMETRIC__|0.1.2|25352|crew_log_06d891c508b68cbf|0|1786387993.229|99.354|3.105|1234436096|1254133760|sim_data_341798b7487bf001|__AUTOMETRIC__
__AUTOMETRIC__|0.1.2|25352|crew_log_06d891c508b68cbf|0|1786387994.241|101.881|3.184|1522446336|1542008832|sim_data_341798b7487bf001|__AUTOMETRIC__
__AUTOMETRIC__|0.1.2|25352|crew_log_06d891c508b68cbf|0|1786387995.249|103.895|3.247|923869184|943501312|sim_data_341798b7487bf001|__AUTOMETRIC__
__AUTOMETRIC__|0.1.2|25352|crew_log_06d891c508b68cbf|0|1786387996.261|97.252|3.039|930459648|949149696|sim_data_341798b7487bf001|__AUTOMETRIC__
__AUTOMETRIC__|0.1.2|25352|crew_log_06d891c508b68cbf|0|1786387997.267|99.475|3.109|927379456|945606656|sim_data_341798b7487bf001|__AUTOMETRIC__
__AUTOMETRIC__|0.1.2|25352|crew_log_06d891c508b68cbf|0|1786387998.270|99.647|3.114|927039488|945487872|sim_data_341798b7487bf001|__AUTOMETRIC__
__AUTOMETRIC__|0.1.2|25352|crew_log_06d891c508b68cbf|0|1786387999.275|101.061|3.158|929558528|947728384|sim_data_341798b7487bf001|__AUTOMETRIC__
__AUTOMETRIC__|0.1.2|25352|crew_log_06d891c508b68cbf|0|1786388000.283|99.161|3.099|929914880|948084736|sim_data_341798b7487bf001|__AUTOMETRIC__
__AUTOMETRIC__|0.1.2|25352|crew_log_06d891c508b68cbf|0|1786388001.290|99.370|3.105|929976320|948146176|sim_data_341798b7487bf001|__AUTOMETRIC__
__AUTOMETRIC__|0.1.2|25352|crew_log_06d891c508b68cbf|0|1786388002.296|99.386|3.106|932921344|951320576|sim_data_341798b7487bf001|__AUTOMETRIC__
__AUTOMETRIC__|0.1.2|25352|crew_log_06d891c508b68cbf|0|1786388003.299|101.215|3.163|932765696|950935552|sim_data_341798b7487bf001|__AUTOMETRIC__
__AUTOMETRIC__|0.1.2|25352|crew_log_06d891c508b68cbf|0|1786388004.315|100.030|3.126|932831232|951001088|sim_data_341798b7487bf001|__AUTOMETRIC__
__AUTOMETRIC__|0.1.2|25352|crew_log_06d891c508b68cbf|0|1786388005.321|102.437|3.201|935739392|954138624|sim_data_341798b7487bf001|__AUTOMETRIC__
__AUTOMETRIC__|0.1.2|25352|crew_log_06d891c508b68cbf|0|1786388006.335|98.645|3.083|935571456|953741312|sim_data_341798b7487bf001|__AUTOMETRIC__
__AUTOMETRIC__|0.1.2|25352|crew_log_06d891c508b68cbf|0|1786388007.350|98.515|3.079|935579648|953966592|sim_data_341798b7487bf001|__AUTOMETRIC__
__AUTOMETRIC__|0.1.2|25352|crew_log_06d891c508b68cbf|0|1786388008.364|100.141|3.129|1139191808|1157320704|sim_data_341798b7487bf001|__AUTOMETRIC__
__AUTOMETRIC__|0.1.2|25352|crew_log_06d891c508b68cbf|0|1786388009.368|104.366|3.261|772624384|790769664|sim_data_341798b7487bf001|__AUTOMETRIC__
__AUTOMETRIC__|0.1.2|25352|crew_log_06d891c508b68cbf|0|1786388010.381|95.544|2.986|839237632|858005504|sim_data_341798b7487bf001|__AUTOMETRIC__
__AUTOMETRIC__|0.1.2|25352|crew_log_06d891c508b68cbf|0|1786388011.387|99.498|3.109|839712768|857194496|sim_data_341798b7487bf001|__AUTOMETRIC__
__AUTOMETRIC__|0.1.2|25352|crew_log_06d891c508b68cbf|0|1786388012.388|99.861|3.121|839921664|857403392|sim_data_341798b7487bf001|__AUTOMETRIC__
__AUTOMETRIC__|0.1.2|25352|crew_log_06d891c508b68cbf|0|1786388013.393|99.454|3.108|838737920|856219648|sim_data_341798b7487bf001|__AUTOMETRIC__
__AUTOMETRIC__|0.1.2|25352|crew_log_06d891c508b68cbf|0|1786388014.394|101.475|3.171|841891840|859328512|sim_data_341798b7487bf001|__AUTOMETRIC__
__AUTOMETRIC__|0.1.2|25352|crew_log_06d891c508b68cbf|0|1786388015.409|101.638|3.176|841670656|859095040|sim_data_341798b7487bf001|__AUTOMETRIC__
__AUTOMETRIC__|0.1.2|25352|crew_log_06d891c508b68cbf|0|1786388016.416|100.887|3.153|841736192|859160576|sim_data_341798b7487bf001|__AUTOMETRIC__
__AUTOMETRIC__|0.1.2|25352|crew_log_06d891c508b68cbf|0|1786388017.421|99.429|3.107|844599296|862035968|sim_data_341798b7487bf001|__AUTOMETRIC__
__AUTOMETRIC__|0.1.2|25352|crew_log_06d891c508b68cbf|0|1786388018.429|100.837|3.151|844390400|861814784|sim_data_341798b7487bf001|__AUTOMETRIC__
__AUTOMETRIC__|0.1.2|25352|crew_log_06d891c508b68cbf|0|1786388019.437|99.191|3.100|844382208|861806592|sim_data_341798b7487bf001|__AUTOMETRIC__
__AUTOMETRIC__|0.1.2|25352|crew_log_06d891c508b68cbf|0|1786388020.449|100.353|3.136|847392768|864829440|sim_data_341798b7487bf001|__AUTOMETRIC__
__AUTOMETRIC__|0.1.2|25352|crew_log_06d891c508b68cbf|0|1786388021.453|99.590|3.112|847208448|864632832|sim_data_341798b7487bf001|__AUTOMETRIC__
__AUTOMETRIC__|0.1.2|25352|crew_log_06d891c508b68cbf|0|1786388022.457|98.006|3.063|847265792|864690176|sim_data_341798b7487bf001|__AUTOMETRIC__
__AUTOMETRIC__|0.1.2|25352|crew_log_06d891c508b68cbf|0|1786388023.463|100.981|3.156|1080586240|1097977856|sim_data_341798b7487bf001|__AUTOMETRIC__
__AUTOMETRIC__|0.1.2|25352|crew_log_06d891c508b68cbf|0|1786388024.466|104.428|3.263|1143595008|1161371648|sim_data_341798b7487bf001|__AUTOMETRIC__
__AUTOMETRIC__|0.1.2|25352|crew_log_06d891c508b68cbf|0|1786388025.466|101.487|3.171|853532672|871505920|sim_data_341798b7487bf001|__AUTOMETRIC__
__AUTOMETRIC__|0.1.2|25352|crew_log_06d891c508b68cbf|0|1786388026.477|95.801|2.994|872677376|889987072|sim_data_341798b7487bf001|__AUTOMETRIC__
__AUTOMETRIC__|0.1.2|25352|crew_log_06d891c508b68cbf|0|1786388027.485|99.272|3.102|866058240|882937856|sim_data_341798b7487bf001|__AUTOMETRIC__
__AUTOMETRIC__|0.1.2|25352|crew_log_06d891c508b68cbf|0|1786388028.490|99.519|3.110|864096256|881082368|sim_data_341798b7487bf001|__AUTOMETRIC__
__AUTOMETRIC__|0.1.2|25352|crew_log_06d891c508b68cbf|0|1786388029.493|98.071|3.065|867024896|883961856|sim_data_341798b7487bf001|__AUTOMETRIC__
__AUTOMETRIC__|0.1.2|25352|crew_log_06d891c508b68cbf|0|1786388030.508|96.984|3.031|866865152|883576832|sim_data_341798b7487bf001|__AUTOMETRIC__
__AUTOMETRIC__|0.1.2|25352|crew_log_06d891c508b68cbf|0|1786388031.521|100.290|3.134|866865152|883576832|sim_data_341798b7487bf001|__AUTOMETRIC__
__AUTOMETRIC__|0.1.2|25352|crew_log_06d891c508b68cbf|0|1786388032.522|99.895|3.122|869883904|886603776|sim_data_341798b7487bf001|__AUTOMETRIC__
__AUTOMETRIC__|0.1.2|25352|crew_log_06d891c508b68cbf|0|1786388033.527|99.492|3.109|869691392|886403072|sim_data_341798b7487bf001|__AUTOMETRIC__
__AUTOMETRIC__|0.1.2|25352|crew_log_06d891c508b68cbf|0|1786388034.529|99.788|3.118|869695488|886407168|sim_data_341798b7487bf001|__AUTOMETRIC__
__AUTOMETRIC__|0.1.2|25352|crew_log_06d891c508b68cbf|0|1786388035.538|99.163|3.099|872628224|889348096|sim_data_341798b7487bf001|__AUTOMETRIC__
__AUTOMETRIC__|0.1.2|25352|crew_log_06d891c508b68cbf|0|1786388036.553|100.026|3.126|872488960|889200640|sim_data_341798b7487bf001|__AUTOMETRIC__
__AUTOMETRIC__|0.1.2|25352|crew_log_06d891c508b68cbf|0|1786388037.555|99.863|3.121|872484864|889196544|sim_data_341798b7487bf001|__AUTOMETRIC__
__AUTOMETRIC__|0.1.2|25352|crew_log_06d891c508b68cbf|0|1786388038.558|101.246|3.164|987049984|1003900928|sim_data_341798b7487bf001|__AUTOMETRIC__
__AUTOMETRIC__|0.1.2|25352|crew_log_06d891c508b68cbf|0|1786388039.563|99.442|3.108|1443262464|1460244480|sim_data_341798b7487bf001|__AUTOMETRIC__
__AUTOMETRIC__|0.1.2|25352|crew_log_06d891c508b68cbf|0|1786388040.568|104.229|3.257|1011163136|1028308992|sim_data_341798b7487bf001|__AUTOMETRIC__
__AUTOMETRIC__|0.1.2|25352|crew_log_06d891c508b68cbf|0|1786388041.569|95.145|2.973|1017159680|1033457664|sim_data_341798b7487bf001|__AUTOMETRIC__
__AUTOMETRIC__|0.1.2|25352|crew_log_06d891c508b68cbf|0|1786388042.572|99.783|3.118|1015296000|1031131136|sim_data_341798b7487bf001|__AUTOMETRIC__
__AUTOMETRIC__|0.1.2|25352|crew_log_06d891c508b68cbf|0|1786388043.576|99.563|3.111|1013792768|1029844992|sim_data_341798b7487bf001|__AUTOMETRIC__
__AUTOMETRIC__|0.1.2|25352|crew_log_06d891c508b68cbf|0|1786388044.578|99.781|3.118|1016979456|1032974336|sim_data_341798b7487bf001|__AUTOMETRIC__
__AUTOMETRIC__|0.1.2|25352|crew_log_06d891c508b68cbf|0|1786388045.578|100.005|3.125|1016733696|1032511488|sim_data_341798b7487bf001|__AUTOMETRIC__
__AUTOMETRIC__|0.1.2|25352|crew_log_06d891c508b68cbf|0|1786388046.586|100.816|3.151|1016799232|1032577024|sim_data_341798b7487bf001|__AUTOMETRIC__
__AUTOMETRIC__|0.1.2|25352|crew_log_06d891c508b68cbf|0|1786388047.592|99.368|3.105|1016733696|1032511488|sim_data_341798b7487bf001|__AUTOMETRIC__
__AUTOMETRIC__|0.1.2|25352|crew_log_06d891c508b68cbf|0|1786388048.604|98.779|3.087|1019408384|1035186176|sim_data_341798b7487bf001|__AUTOMETRIC__
__AUTOMETRIC__|0.1.2|25352|crew_log_06d891c508b68cbf|0|1786388049.620|99.991|3.125|1019547648|1035325440|sim_data_341798b7487bf001|__AUTOMETRIC__
__AUTOMETRIC__|0.1.2|25352|crew_log_06d891c508b68cbf|0|1786388050.620|99.987|3.125|1019609088|1035386880|sim_data_341798b7487bf001|__AUTOMETRIC__
__AUTOMETRIC__|0.1.2|25352|crew_log_06d891c508b68cbf|0|1786388051.624|99.635|3.114|1022533632|1038311424|sim_data_341798b7487bf001|__AUTOMETRIC__
__AUTOMETRIC__|0.1.2|25352|crew_log_06d891c508b68cbf|0|1786388052.635|95.836|2.995|1022308352|1038086144|sim_data_341798b7487bf001|__AUTOMETRIC__
__AUTOMETRIC__|0.1.2|25352|crew_log_06d891c508b68cbf|0|1786388053.638|94.986|2.968|1022320640|1038098432|sim_data_341798b7487bf001|__AUTOMETRIC__
__AUTOMETRIC__|0.1.2|25352|crew_log_06d891c508b68cbf|0|1786388054.641|99.734|3.117|1022324736|1038319616|sim_data_341798b7487bf001|__AUTOMETRIC__
__AUTOMETRIC__|0.1.2|25352|crew_log_06d891c508b68cbf|0|1786388055.653|100.369|3.137|1323708416|1339674624|sim_data_341798b7487bf001|__AUTOMETRIC__
__AUTOMETRIC__|0.1.2|25352|crew_log_06d891c508b68cbf|0|1786388056.654|106.130|3.317|1158475776|1174433792|sim_data_341798b7487bf001|__AUTOMETRIC__
__AUTOMETRIC__|0.1.2|25352|crew_log_06d891c508b68cbf|0|1786388057.655|99.833|3.120|950194176|966656000|sim_data_341798b7487bf001|__AUTOMETRIC__
__AUTOMETRIC__|0.1.2|25352|crew_log_06d891c508b68cbf|0|1786388058.669|97.161|3.036|947896320|963031040|sim_data_341798b7487bf001|__AUTOMETRIC__
__AUTOMETRIC__|0.1.2|25352|crew_log_06d891c508b68cbf|0|1786388059.684|100.045|3.126|945692672|960716800|sim_data_341798b7487bf001|__AUTOMETRIC__
__AUTOMETRIC__|0.1.2|25352|crew_log_06d891c508b68cbf|0|1786388060.685|99.893|3.122|945688576|960712704|sim_data_341798b7487bf001|__AUTOMETRIC__
__AUTOMETRIC__|0.1.2|25352|crew_log_06d891c508b68cbf|0|1786388061.700|100.070|3.127|948781056|963751936|sim_data_341798b7487bf001|__AUTOMETRIC__
__AUTOMETRIC__|0.1.2|25352|crew_log_06d891c508b68cbf|0|1786388062.714|100.113|3.129|948506624|963469312|sim_data_341798b7487bf001|__AUTOMETRIC__
__AUTOMETRIC__|0.1.2|25352|crew_log_06d891c508b68cbf|0|1786388063.717|99.714|3.116|948563968|963526656|sim_data_341798b7487bf001|__AUTOMETRIC__
__AUTOMETRIC__|0.1.2|25352|crew_log_06d891c508b68cbf|0|1786388064.724|100.872|3.152|948510720|963473408|sim_data_341798b7487bf001|__AUTOMETRIC__
__AUTOMETRIC__|0.1.2|25352|crew_log_06d891c508b68cbf|0|1786388065.730|99.354|3.105|951287808|966250496|sim_data_341798b7487bf001|__AUTOMETRIC__
__AUTOMETRIC__|0.1.2|25352|crew_log_06d891c508b68cbf|0|1786388066.733|99.773|3.118|951283712|966246400|sim_data_341798b7487bf001|__AUTOMETRIC__
__AUTOMETRIC__|0.1.2|25352|crew_log_06d891c508b68cbf|0|1786388067.745|100.358|3.136|951353344|966316032|sim_data_341798b7487bf001|__AUTOMETRIC__
__AUTOMETRIC__|0.1.2|25352|crew_log_06d891c508b68cbf|0|1786388068.749|97.993|3.062|954343424|969306112|sim_data_341798b7487bf001|__AUTOMETRIC__
__AUTOMETRIC__|0.1.2|25352|crew_log_06d891c508b68cbf|0|1786388069.757|99.190|3.100|954052608|969015296|sim_data_341798b7487bf001|__AUTOMETRIC__
__AUTOMETRIC__|0.1.2|25352|crew_log_06d891c508b68cbf|0|1786388070.762|99.573|3.112|954183680|969146368|sim_data_341798b7487bf001|__AUTOMETRIC__
__AUTOMETRIC__|0.1.2|25352|crew_log_06d891c508b68cbf|0|1786388071.765|99.684|3.115|954195968|969375744|sim_data_341798b7487bf001|__AUTOMETRIC__
__AUTOMETRIC__|0.1.2|25352|crew_log_06d891c508b68cbf|0|1786388072.766|99.913|3.122|1280815104|1296338944|sim_data_341798b7487bf001|__AUTOMETRIC__
__AUTOMETRIC__|0.1.2|25352|crew_log_06d891c508b68cbf|0|1786388073.774|108.434|3.389|1153314816|1168343040|sim_data_341798b7487bf001|__AUTOMETRIC__
__AUTOMETRIC__|0.1.2|25352|crew_log_06d891c508b68cbf|0|1786388074.781|100.924|3.154|538300416|552992768|sim_data_341798b7487bf001|__AUTOMETRIC__
__AUTOMETRIC__|0.1.2|25352|crew_log_06d891c508b68cbf|0|1786388075.796|101.551|3.173|524480512|538681344|sim_data_341798b7487bf001|__AUTOMETRIC__
__AUTOMETRIC__|0.1.2|25352|crew_log_06d891c508b68cbf|0|1786388076.804|99.231|3.101|523165696|537255936|sim_data_341798b7487bf001|__AUTOMETRIC__
__AUTOMETRIC__|0.1.2|25352|crew_log_06d891c508b68cbf|0|1786388077.808|98.001|3.063|526237696|540274688|sim_data_341798b7487bf001|__AUTOMETRIC__
__AUTOMETRIC__|0.1.2|25352|crew_log_06d891c508b68cbf|0|1786388078.809|99.898|3.122|526036992|540065792|sim_data_341798b7487bf001|__AUTOMETRIC__
__AUTOMETRIC__|0.1.2|25352|crew_log_06d891c508b68cbf|0|1786388079.815|99.464|3.108|526086144|540114944|sim_data_341798b7487bf001|__AUTOMETRIC__
__AUTOMETRIC__|0.1.2|25352|crew_log_06d891c508b68cbf|0|1786388080.829|100.126|3.129|529096704|543313920|sim_data_341798b7487bf001|__AUTOMETRIC__
__AUTOMETRIC__|0.1.2|25352|crew_log_06d891c508b68cbf|0|1786388081.829|99.987|3.125|528912384|542941184|sim_data_341798b7487bf001|__AUTOMETRIC__
__AUTOMETRIC__|0.1.2|25352|crew_log_06d891c508b68cbf|0|1786388082.831|99.877|3.121|528994304|543203328|sim_data_341798b7487bf001|__AUTOMETRIC__
__AUTOMETRIC__|0.1.2|25352|crew_log_06d891c508b68cbf|0|1786388083.839|102.216|3.194|531841024|545878016|sim_data_341798b7487bf001|__AUTOMETRIC__
__AUTOMETRIC__|0.1.2|25352|crew_log_06d891c508b68cbf|0|1786388084.852|101.829|3.182|531722240|545751040|sim_data_341798b7487bf001|__AUTOMETRIC__
__AUTOMETRIC__|0.1.2|25352|crew_log_06d891c508b68cbf|0|1786388085.863|98.882|3.090|533999616|548265984|sim_data_341798b7487bf001|__AUTOMETRIC__
__AUTOMETRIC__|0.1.2|25352|crew_log_06d891c508b68cbf|0|1786388086.867|101.221|3.163|1188872192|1203388416|sim_data_341798b7487bf001|__AUTOMETRIC__
__AUTOMETRIC__|0.1.2|25352|crew_log_06d891c508b68cbf|0|1786388087.876|105.316|3.291|650063872|664432640|sim_data_341798b7487bf001|__AUTOMETRIC__
__AUTOMETRIC__|0.1.2|25352|crew_log_06d891c508b68cbf|0|1786388088.883|97.711|3.053|834629632|848191488|sim_data_341798b7487bf001|__AUTOMETRIC__
__AUTOMETRIC__|0.1.2|25352|crew_log_06d891c508b68cbf|0|1786388089.884|98.340|3.073|832442368|845557760|sim_data_341798b7487bf001|__AUTOMETRIC__
__AUTOMETRIC__|0.1.2|25352|crew_log_06d891c508b68cbf|0|1786388090.896|100.404|3.138|832536576|845832192|sim_data_341798b7487bf001|__AUTOMETRIC__
__AUTOMETRIC__|0.1.2|25352|crew_log_06d891c508b68cbf|0|1786388091.900|99.564|3.111|835166208|848408576|sim_data_341798b7487bf001|__AUTOMETRIC__
__AUTOMETRIC__|0.1.2|25352|crew_log_06d891c508b68cbf|0|1786388092.910|100.526|3.141|834945024|847998976|sim_data_341798b7487bf001|__AUTOMETRIC__
__AUTOMETRIC__|0.1.2|25352|crew_log_06d891c508b68cbf|0|1786388093.921|97.433|3.045|835014656|848248832|sim_data_341798b7487bf001|__AUTOMETRIC__
__AUTOMETRIC__|0.1.2|25352|crew_log_06d891c508b68cbf|0|1786388094.936|100.011|3.125|837963776|851025920|sim_data_341798b7487bf001|__AUTOMETRIC__
__AUTOMETRIC__|0.1.2|25352|crew_log_06d891c508b68cbf|0|1786388095.939|101.227|3.163|837799936|850853888|sim_data_341798b7487bf001|__AUTOMETRIC__
__AUTOMETRIC__|0.1.2|25352|crew_log_06d891c508b68cbf|0|1786388096.944|99.518|3.110|837828608|851062784|sim_data_341798b7487bf001|__AUTOMETRIC__
__AUTOMETRIC__|0.1.2|25352|crew_log_06d891c508b68cbf|0|1786388097.959|100.098|3.128|840675328|853729280|sim_data_341798b7487bf001|__AUTOMETRIC__
__AUTOMETRIC__|0.1.2|25352|crew_log_06d891c508b68cbf|0|1786388098.963|99.642|3.114|840679424|853733376|sim_data_341798b7487bf001|__AUTOMETRIC__
__AUTOMETRIC__|0.1.2|25352|crew_log_06d891c508b68cbf|0|1786388099.976|100.233|3.132|840704000|853938176|sim_data_341798b7487bf001|__AUTOMETRIC__
__AUTOMETRIC__|0.1.2|25352|crew_log_06d891c508b68cbf|0|1786388100.986|99.036|3.095|1080950784|1094144000|sim_data_341798b7487bf001|__AUTOMETRIC__
__AUTOMETRIC__|0.1.2|25352|crew_log_06d891c508b68cbf|0|1786388101.989|104.298|3.259|1413320704|1426616320|sim_data_341798b7487bf001|__AUTOMETRIC__
__AUTOMETRIC__|0.1.2|25352|crew_log_06d891c508b68cbf|0|1786388102.993|102.729|3.210|1121386496|1134854144|sim_data_341798b7487bf001|__AUTOMETRIC__
__AUTOMETRIC__|0.1.2|25352|crew_log_06d891c508b68cbf|0|1786388104.002|97.613|3.050|800993280|813862912|sim_data_341798b7487bf001|__AUTOMETRIC__
__AUTOMETRIC__|0.1.2|25352|crew_log_06d891c508b68cbf|0|1786388105.016|101.638|3.176|791961600|804171776|sim_data_341798b7487bf001|__AUTOMETRIC__
__AUTOMETRIC__|0.1.2|25352|crew_log_06d891c508b68cbf|0|1786388106.028|100.364|3.136|790081536|802471936|sim_data_341798b7487bf001|__AUTOMETRIC__
__AUTOMETRIC__|0.1.2|25352|crew_log_06d891c508b68cbf|0|1786388107.039|100.460|3.139|793014272|805347328|sim_data_341798b7487bf001|__AUTOMETRIC__
__AUTOMETRIC__|0.1.2|25352|crew_log_06d891c508b68cbf|0|1786388108.041|99.792|3.118|792903680|805236736|sim_data_341798b7487bf001|__AUTOMETRIC__
__AUTOMETRIC__|0.1.2|25352|crew_log_06d891c508b68cbf|0|1786388109.050|100.665|3.146|792956928|805289984|sim_data_341798b7487bf001|__AUTOMETRIC__
__AUTOMETRIC__|0.1.2|25352|crew_log_06d891c508b68cbf|0|1786388110.055|99.559|3.111|795914240|808075264|sim_data_341798b7487bf001|__AUTOMETRIC__
__AUTOMETRIC__|0.1.2|25352|crew_log_06d891c508b68cbf|0|1786388111.069|98.563|3.080|795750400|807903232|sim_data_341798b7487bf001|__AUTOMETRIC__
__AUTOMETRIC__|0.1.2|25352|crew_log_06d891c508b68cbf|0|1786388112.083|100.150|3.130|795828224|808165376|sim_data_341798b7487bf001|__AUTOMETRIC__
__AUTOMETRIC__|0.1.2|25352|crew_log_06d891c508b68cbf|0|1786388113.084|99.971|3.124|798638080|810979328|sim_data_341798b7487bf001|__AUTOMETRIC__
__AUTOMETRIC__|0.1.2|25352|crew_log_06d891c508b68cbf|0|1786388114.095|98.822|3.088|798543872|810876928|sim_data_341798b7487bf001|__AUTOMETRIC__
__AUTOMETRIC__|0.1.2|25352|crew_log_06d891c508b68cbf|0|1786388115.101|101.051|3.158|798470144|810622976|sim_data_341798b7487bf001|__AUTOMETRIC__
__AUTOMETRIC__|0.1.2|25352|crew_log_06d891c508b68cbf|0|1786388116.104|101.171|3.162|970387456|982986752|sim_data_341798b7487bf001|__AUTOMETRIC__
__AUTOMETRIC__|0.1.2|25352|crew_log_06d891c508b68cbf|0|1786388117.104|99.995|3.125|1290563584|1303105536|sim_data_341798b7487bf001|__AUTOMETRIC__
__AUTOMETRIC__|0.1.2|25352|crew_log_06d891c508b68cbf|0|1786388118.118|101.747|3.180|843702272|855687168|sim_data_341798b7487bf001|__AUTOMETRIC__
__AUTOMETRIC__|0.1.2|25352|crew_log_06d891c508b68cbf|0|1786388119.122|98.024|3.063|826179584|837894144|sim_data_341798b7487bf001|__AUTOMETRIC__
__AUTOMETRIC__|0.1.2|25352|crew_log_06d891c508b68cbf|0|1786388120.136|98.603|3.081|821321728|833028096|sim_data_341798b7487bf001|__AUTOMETRIC__
__AUTOMETRIC__|0.1.2|25352|crew_log_06d891c508b68cbf|0|1786388121.151|98.602|3.081|824147968|835690496|sim_data_341798b7487bf001|__AUTOMETRIC__
__AUTOMETRIC__|0.1.2|25352|crew_log_06d891c508b68cbf|0|1786388122.165|98.537|3.079|823926784|835280896|sim_data_341798b7487bf001|__AUTOMETRIC__
__AUTOMETRIC__|0.1.2|25352|crew_log_06d891c508b68cbf|0|1786388123.175|99.079|3.096|823988224|835522560|sim_data_341798b7487bf001|__AUTOMETRIC__
__AUTOMETRIC__|0.1.2|25352|crew_log_06d891c508b68cbf|0|1786388124.178|99.671|3.115|826978304|838520832|sim_data_341798b7487bf001|__AUTOMETRIC__
__AUTOMETRIC__|0.1.2|25352|crew_log_06d891c508b68cbf|0|1786388125.193|100.078|3.127|826744832|838098944|sim_data_341798b7487bf001|__AUTOMETRIC__
__AUTOMETRIC__|0.1.2|25352|crew_log_06d891c508b68cbf|0|1786388126.206|98.664|3.083|826740736|838094848|sim_data_341798b7487bf001|__AUTOMETRIC__
__AUTOMETRIC__|0.1.2|25352|crew_log_06d891c508b68cbf|0|1786388127.212|99.431|3.107|829759488|841302016|sim_data_341798b7487bf001|__AUTOMETRIC__
__AUTOMETRIC__|0.1.2|25352|crew_log_06d891c508b68cbf|0|1786388128.216|99.574|3.112|829562880|841097216|sim_data_341798b7487bf001|__AUTOMETRIC__
__AUTOMETRIC__|0.1.2|25352|crew_log_06d891c508b68cbf|0|1786388129.222|101.000|3.156|829603840|841138176|sim_data_341798b7487bf001|__AUTOMETRIC__
__AUTOMETRIC__|0.1.2|25352|crew_log_06d891c508b68cbf|0|1786388130.237|95.428|2.982|1207726080|1219477504|sim_data_341798b7487bf001|__AUTOMETRIC__
__AUTOMETRIC__|0.1.2|25352|crew_log_06d891c508b68cbf|0|1786388131.243|97.867|3.058|1378365440|1390145536|sim_data_341798b7487bf001|__AUTOMETRIC__
__AUTOMETRIC__|0.1.2|25352|crew_log_06d891c508b68cbf|0|1786388132.244|98.323|3.073|902598656|914546688|sim_data_341798b7487bf001|__AUTOMETRIC__
__AUTOMETRIC__|0.1.2|25352|crew_log_06d891c508b68cbf|0|1786388133.258|100.124|3.129|844062720|854913024|sim_data_341798b7487bf001|__AUTOMETRIC__
__AUTOMETRIC__|0.1.2|25352|crew_log_06d891c508b68cbf|0|1786388134.272|100.193|3.131|844230656|855080960|sim_data_341798b7487bf001|__AUTOMETRIC__
__AUTOMETRIC__|0.1.2|25352|crew_log_06d891c508b68cbf|0|1786388135.276|99.588|3.112|813527040|824233984|sim_data_341798b7487bf001|__AUTOMETRIC__
__AUTOMETRIC__|0.1.2|25352|crew_log_06d891c508b68cbf|0|1786388136.291|100.093|3.128|816656384|827301888|sim_data_341798b7487bf001|__AUTOMETRIC__
__AUTOMETRIC__|0.1.2|25352|crew_log_06d891c508b68cbf|0|1786388137.296|99.482|3.109|816467968|826957824|sim_data_341798b7487bf001|__AUTOMETRIC__
__AUTOMETRIC__|0.1.2|25352|crew_log_06d891c508b68cbf|0|1786388138.301|101.052|3.158|819388416|830042112|sim_data_341798b7487bf001|__AUTOMETRIC__
__AUTOMETRIC__|0.1.2|25352|crew_log_06d891c508b68cbf|0|1786388139.309|99.221|3.101|819212288|829857792|sim_data_341798b7487bf001|__AUTOMETRIC__
__AUTOMETRIC__|0.1.2|25352|crew_log_06d891c508b68cbf|0|1786388140.310|98.375|3.074|819257344|829902848|sim_data_341798b7487bf001|__AUTOMETRIC__
__AUTOMETRIC__|0.1.2|25352|crew_log_06d891c508b68cbf|0|1786388141.315|97.961|3.061|822136832|832782336|sim_data_341798b7487bf001|__AUTOMETRIC__
__AUTOMETRIC__|0.1.2|25352|crew_log_06d891c508b68cbf|0|1786388142.328|100.218|3.132|822013952|832503808|sim_data_341798b7487bf001|__AUTOMETRIC__
__AUTOMETRIC__|0.1.2|25352|crew_log_06d891c508b68cbf|0|1786388143.331|98.157|3.067|822063104|832708608|sim_data_341798b7487bf001|__AUTOMETRIC__
__AUTOMETRIC__|0.1.2|25352|crew_log_06d891c508b68cbf|0|1786388144.334|101.236|3.164|1048199168|1059000320|sim_data_341798b7487bf001|__AUTOMETRIC__
__AUTOMETRIC__|0.1.2|25352|crew_log_06d891c508b68cbf|0|1786388145.337|102.829|3.213|1076232192|1087131648|sim_data_341798b7487bf001|__AUTOMETRIC__
__AUTOMETRIC__|0.1.2|25352|crew_log_06d891c508b68cbf|0|1786388146.351|104.811|3.275|640561152|651403264|sim_data_341798b7487bf001|__AUTOMETRIC__
__AUTOMETRIC__|0.1.2|25352|crew_log_06d891c508b68cbf|0|1786388147.366|90.822|2.838|643772416|653660160|sim_data_341798b7487bf001|__AUTOMETRIC__
__AUTOMETRIC__|0.1.2|25352|crew_log_06d891c508b68cbf|0|1786388148.368|96.622|3.019|639950848|649551872|sim_data_341798b7487bf001|__AUTOMETRIC__
__AUTOMETRIC__|0.1.2|25352|crew_log_06d891c508b68cbf|0|1786388149.374|99.455|3.108|639991808|649748480|sim_data_341798b7487bf001|__AUTOMETRIC__
__AUTOMETRIC__|0.1.2|25352|crew_log_06d891c508b68cbf|0|1786388150.376|99.742|3.117|643039232|652742656|sim_data_341798b7487bf001|__AUTOMETRIC__
__AUTOMETRIC__|0.1.2|25352|crew_log_06d891c508b68cbf|0|1786388151.389|98.727|3.085|642797568|652337152|sim_data_341798b7487bf001|__AUTOMETRIC__
__AUTOMETRIC__|0.1.2|25352|crew_log_06d891c508b68cbf|0|1786388152.397|100.759|3.149|642822144|652517376|sim_data_341798b7487bf001|__AUTOMETRIC__
__AUTOMETRIC__|0.1.2|25352|crew_log_06d891c508b68cbf|0|1786388153.401|99.671|3.115|645791744|655495168|sim_data_341798b7487bf001|__AUTOMETRIC__
__AUTOMETRIC__|0.1.2|25352|crew_log_06d891c508b68cbf|0|1786388154.411|97.456|3.046|645550080|655089664|sim_data_341798b7487bf001|__AUTOMETRIC__
__AUTOMETRIC__|0.1.2|25352|crew_log_06d891c508b68cbf|0|1786388155.425|100.092|3.128|645562368|655257600|sim_data_341798b7487bf001|__AUTOMETRIC__
__AUTOMETRIC__|0.1.2|25352|crew_log_06d891c508b68cbf|0|1786388156.431|99.469|3.108|648323072|657862656|sim_data_341798b7487bf001|__AUTOMETRIC__
__AUTOMETRIC__|0.1.2|25352|crew_log_06d891c508b68cbf|0|1786388157.439|99.130|3.098|648458240|657997824|sim_data_341798b7487bf001|__AUTOMETRIC__
__AUTOMETRIC__|0.1.2|25352|crew_log_06d891c508b68cbf|0|1786388158.442|102.885|3.215|648462336|658001920|sim_data_341798b7487bf001|__AUTOMETRIC__
__AUTOMETRIC__|0.1.2|25352|crew_log_06d891c508b68cbf|0|1786388159.448|99.365|3.105|961458176|971292672|sim_data_341798b7487bf001|__AUTOMETRIC__
__AUTOMETRIC__|0.1.2|25352|crew_log_06d891c508b68cbf|0|1786388160.462|100.179|3.131|1225142272|1235206144|sim_data_341798b7487bf001|__AUTOMETRIC__
__AUTOMETRIC__|0.1.2|25352|crew_log_06d891c508b68cbf|0|1786388161.475|104.878|3.277|867610624|877764608|sim_data_341798b7487bf001|__AUTOMETRIC__
__AUTOMETRIC__|0.1.2|25352|crew_log_06d891c508b68cbf|0|1786388162.481|93.213|2.913|927272960|936542208|sim_data_341798b7487bf001|__AUTOMETRIC__
__AUTOMETRIC__|0.1.2|25352|crew_log_06d891c508b68cbf|0|1786388163.490|102.148|3.192|924647424|933675008|sim_data_341798b7487bf001|__AUTOMETRIC__
__AUTOMETRIC__|0.1.2|25352|crew_log_06d891c508b68cbf|0|1786388164.495|98.028|3.063|924434432|933519360|sim_data_341798b7487bf001|__AUTOMETRIC__
__AUTOMETRIC__|0.1.2|25352|crew_log_06d891c508b68cbf|0|1786388165.496|98.317|3.072|927244288|936112128|sim_data_341798b7487bf001|__AUTOMETRIC__
__AUTOMETRIC__|0.1.2|25352|crew_log_06d891c508b68cbf|0|1786388166.506|100.553|3.142|927387648|936411136|sim_data_341798b7487bf001|__AUTOMETRIC__
__AUTOMETRIC__|0.1.2|25352|crew_log_06d891c508b68cbf|0|1786388167.515|99.126|3.098|927371264|936394752|sim_data_341798b7487bf001|__AUTOMETRIC__
__AUTOMETRIC__|0.1.2|25352|crew_log_06d891c508b68cbf|0|1786388168.517|99.769|3.118|930263040|939286528|sim_data_341798b7487bf001|__AUTOMETRIC__
__AUTOMETRIC__|0.1.2|25352|crew_log_06d891c508b68cbf|0|1786388169.518|101.446|3.170|930291712|939315200|sim_data_341798b7487bf001|__AUTOMETRIC__
__AUTOMETRIC__|0.1.2|25352|crew_log_06d891c508b68cbf|0|1786388170.529|97.337|3.042|933474304|942493696|sim_data_341798b7487bf001|__AUTOMETRIC__
__AUTOMETRIC__|0.1.2|25352|crew_log_06d891c508b68cbf|0|1786388171.531|99.844|3.120|933240832|942108672|sim_data_341798b7487bf001|__AUTOMETRIC__
__AUTOMETRIC__|0.1.2|25352|crew_log_06d891c508b68cbf|0|1786388172.539|100.749|3.148|933273600|942284800|sim_data_341798b7487bf001|__AUTOMETRIC__
__AUTOMETRIC__|0.1.2|25352|crew_log_06d891c508b68cbf|0|1786388173.543|99.592|3.112|933244928|942256128|sim_data_341798b7487bf001|__AUTOMETRIC__
__AUTOMETRIC__|0.1.2|25352|crew_log_06d891c508b68cbf|0|1786388174.550|102.467|3.202|1147289600|1156476928|sim_data_341798b7487bf001|__AUTOMETRIC__
__AUTOMETRIC__|0.1.2|25352|crew_log_06d891c508b68cbf|0|1786388175.553|99.659|3.114|1208377344|1217576960|sim_data_341798b7487bf001|__AUTOMETRIC__
__AUTOMETRIC__|0.1.2|25352|crew_log_06d891c508b68cbf|0|1786388176.563|100.584|3.143|1543356416|1552736256|sim_data_341798b7487bf001|__AUTOMETRIC__
__AUTOMETRIC__|0.1.2|25352|crew_log_06d891c508b68cbf|0|1786388177.568|99.508|3.110|1343275008|1352601600|sim_data_341798b7487bf001|__AUTOMETRIC__
__AUTOMETRIC__|0.1.2|25352|crew_log_06d891c508b68cbf|0|1786388178.583|99.983|3.124|1342218240|1350742016|sim_data_341798b7487bf001|__AUTOMETRIC__
__AUTOMETRIC__|0.1.2|25352|crew_log_06d891c508b68cbf|0|1786388179.588|99.564|3.111|1339920384|1348063232|sim_data_341798b7487bf001|__AUTOMETRIC__
__AUTOMETRIC__|0.1.2|25352|crew_log_06d891c508b68cbf|0|1786388180.589|98.334|3.073|1342730240|1350815744|sim_data_341798b7487bf001|__AUTOMETRIC__
__AUTOMETRIC__|0.1.2|25352|crew_log_06d891c508b68cbf|0|1786388181.592|99.661|3.114|1342537728|1350479872|sim_data_341798b7487bf001|__AUTOMETRIC__
__AUTOMETRIC__|0.1.2|25352|crew_log_06d891c508b68cbf|0|1786388182.594|98.286|3.071|1342562304|1350639616|sim_data_341798b7487bf001|__AUTOMETRIC__
__AUTOMETRIC__|0.1.2|25352|crew_log_06d891c508b68cbf|0|1786388183.608|101.639|3.176|1345617920|1353687040|sim_data_341798b7487bf001|__AUTOMETRIC__
__AUTOMETRIC__|0.1.2|25352|crew_log_06d891c508b68cbf|0|1786388184.620|100.391|3.137|1345421312|1353347072|sim_data_341798b7487bf001|__AUTOMETRIC__
__AUTOMETRIC__|0.1.2|25352|crew_log_06d891c508b68cbf|0|1786388185.624|99.568|3.112|1345449984|1353510912|sim_data_341798b7487bf001|__AUTOMETRIC__
__AUTOMETRIC__|0.1.2|25352|crew_log_06d891c508b68cbf|0|1786388186.627|99.744|3.117|1348485120|1356554240|sim_data_341798b7487bf001|__AUTOMETRIC__
__AUTOMETRIC__|0.1.2|25352|crew_log_06d891c508b68cbf|0|1786388187.638|100.454|3.139|1348317184|1356242944|sim_data_341798b7487bf001|__AUTOMETRIC__
__AUTOMETRIC__|0.1.2|25352|crew_log_06d891c508b68cbf|0|1786388188.645|100.870|3.152|1348321280|1356382208|sim_data_341798b7487bf001|__AUTOMETRIC__
__AUTOMETRIC__|0.1.2|25352|crew_log_06d891c508b68cbf|0|1786388189.657|103.472|3.234|1437106176|1445515264|sim_data_341798b7487bf001|__AUTOMETRIC__
__AUTOMETRIC__|0.1.2|25352|crew_log_06d891c508b68cbf|0|1786388190.664|100.835|3.151|2025476096|2034454528|sim_data_341798b7487bf001|__AUTOMETRIC__
__AUTOMETRIC__|0.1.2|25352|crew_log_06d891c508b68cbf|0|1786388191.668|107.312|3.354|1115873280|1124896768|sim_data_341798b7487bf001|__AUTOMETRIC__
__AUTOMETRIC__|0.1.2|25352|crew_log_06d891c508b68cbf|0|1786388192.677|97.644|3.051|1122312192|1130708992|sim_data_341798b7487bf001|__AUTOMETRIC__
__AUTOMETRIC__|0.1.2|25352|crew_log_06d891c508b68cbf|0|1786388193.684|97.762|3.055|1118609408|1126354944|sim_data_341798b7487bf001|__AUTOMETRIC__
__AUTOMETRIC__|0.1.2|25352|crew_log_06d891c508b68cbf|0|1786388194.691|100.765|3.149|1118404608|1126150144|sim_data_341798b7487bf001|__AUTOMETRIC__
__AUTOMETRIC__|0.1.2|25352|crew_log_06d891c508b68cbf|0|1786388195.695|99.685|3.115|1121431552|1129127936|sim_data_341798b7487bf001|__AUTOMETRIC__
__AUTOMETRIC__|0.1.2|25352|crew_log_06d891c508b68cbf|0|1786388196.698|99.626|3.113|1121267712|1128955904|sim_data_341798b7487bf001|__AUTOMETRIC__
__AUTOMETRIC__|0.1.2|25352|crew_log_06d891c508b68cbf|0|1786388197.702|99.622|3.113|1121296384|1128984576|sim_data_341798b7487bf001|__AUTOMETRIC__
__AUTOMETRIC__|0.1.2|25352|crew_log_06d891c508b68cbf|0|1786388198.707|101.025|3.157|1124274176|1131966464|sim_data_341798b7487bf001|__AUTOMETRIC__
__AUTOMETRIC__|0.1.2|25352|crew_log_06d891c508b68cbf|0|1786388199.722|100.088|3.128|1123811328|1131495424|sim_data_341798b7487bf001|__AUTOMETRIC__
__AUTOMETRIC__|0.1.2|25352|crew_log_06d891c508b68cbf|0|1786388200.734|100.337|3.136|1123815424|1131499520|sim_data_341798b7487bf001|__AUTOMETRIC__
__AUTOMETRIC__|0.1.2|25352|crew_log_06d891c508b68cbf|0|1786388201.746|98.810|3.088|1124114432|1131798528|sim_data_341798b7487bf001|__AUTOMETRIC__
__AUTOMETRIC__|0.1.2|25352|crew_log_06d891c508b68cbf|0|1786388202.755|99.196|3.100|1127063552|1134755840|sim_data_341798b7487bf001|__AUTOMETRIC__
__AUTOMETRIC__|0.1.2|25352|crew_log_06d891c508b68cbf|0|1786388203.760|99.439|3.107|1126723584|1134407680|sim_data_341798b7487bf001|__AUTOMETRIC__
__AUTOMETRIC__|0.1.2|25352|crew_log_06d891c508b68cbf|0|1786388204.769|100.700|3.147|1126907904|1134592000|sim_data_341798b7487bf001|__AUTOMETRIC__
__AUTOMETRIC__|0.1.2|25352|crew_log_06d891c508b68cbf|0|1786388205.771|99.730|3.117|1126858752|1134542848|sim_data_341798b7487bf001|__AUTOMETRIC__
__AUTOMETRIC__|0.1.2|25352|crew_log_06d891c508b68cbf|0|1786388206.778|99.384|3.106|1603477504|1611186176|sim_data_341798b7487bf001|__AUTOMETRIC__
__AUTOMETRIC__|0.1.2|25352|crew_log_06d891c508b68cbf|0|1786388207.782|108.908|3.403|1279782912|1287577600|sim_data_341798b7487bf001|__AUTOMETRIC__
__AUTOMETRIC__|0.1.2|25352|crew_log_06d891c508b68cbf|0|1786388208.796|106.343|3.323|685776896|693862400|sim_data_341798b7487bf001|__AUTOMETRIC__
__AUTOMETRIC__|0.1.2|25352|crew_log_06d891c508b68cbf|0|1786388209.810|98.560|3.080|680591360|688332800|sim_data_341798b7487bf001|__AUTOMETRIC__
__AUTOMETRIC__|0.1.2|25352|crew_log_06d891c508b68cbf|0|1786388210.813|101.327|3.166|679890944|687521792|sim_data_341798b7487bf001|__AUTOMETRIC__
__AUTOMETRIC__|0.1.2|25352|crew_log_06d891c508b68cbf|0|1786388211.828|100.032|3.126|682434560|690065408|sim_data_341798b7487bf001|__AUTOMETRIC__
__AUTOMETRIC__|0.1.2|25352|crew_log_06d891c508b68cbf|0|1786388212.838|100.568|3.143|682553344|690184192|sim_data_341798b7487bf001|__AUTOMETRIC__
__AUTOMETRIC__|0.1.2|25352|crew_log_06d891c508b68cbf|0|1786388213.840|99.771|3.118|682639360|690487296|sim_data_341798b7487bf001|__AUTOMETRIC__
__AUTOMETRIC__|0.1.2|25352|crew_log_06d891c508b68cbf|0|1786388214.852|100.367|3.136|685580288|693436416|sim_data_341798b7487bf001|__AUTOMETRIC__
__AUTOMETRIC__|0.1.2|25352|crew_log_06d891c508b68cbf|0|1786388215.867|95.461|2.983|685395968|693243904|sim_data_341798b7487bf001|__AUTOMETRIC__
__AUTOMETRIC__|0.1.2|25352|crew_log_06d891c508b68cbf|0|1786388216.882|100.079|3.127|685395968|693243904|sim_data_341798b7487bf001|__AUTOMETRIC__
__AUTOMETRIC__|0.1.2|25352|crew_log_06d891c508b68cbf|0|1786388217.895|100.232|3.132|688238592|696086528|sim_data_341798b7487bf001|__AUTOMETRIC__
__AUTOMETRIC__|0.1.2|25352|crew_log_06d891c508b68cbf|0|1786388218.910|101.622|3.176|688263168|696111104|sim_data_341798b7487bf001|__AUTOMETRIC__
__AUTOMETRIC__|0.1.2|25352|crew_log_06d891c508b68cbf|0|1786388219.925|100.009|3.125|768434176|776318976|sim_data_341798b7487bf001|__AUTOMETRIC__
__AUTOMETRIC__|0.1.2|25352|crew_log_06d891c508b68cbf|0|1786388220.940|100.076|3.127|1307328512|1315237888|sim_data_341798b7487bf001|__AUTOMETRIC__
__AUTOMETRIC__|0.1.2|25352|crew_log_06d891c508b68cbf|0|1786388221.944|99.666|3.115|1206992896|1214877696|sim_data_341798b7487bf001|__AUTOMETRIC__
__AUTOMETRIC__|0.1.2|25352|crew_log_06d891c508b68cbf|0|1786388222.948|99.565|3.111|1333772288|1341767680|sim_data_341798b7487bf001|__AUTOMETRIC__
__AUTOMETRIC__|0.1.2|25352|crew_log_06d891c508b68cbf|0|1786388223.952|101.122|3.160|1331486720|1339244544|sim_data_341798b7487bf001|__AUTOMETRIC__
__AUTOMETRIC__|0.1.2|25352|crew_log_06d891c508b68cbf|0|1786388224.966|100.142|3.129|1331527680|1339285504|sim_data_341798b7487bf001|__AUTOMETRIC__
__AUTOMETRIC__|0.1.2|25352|crew_log_06d891c508b68cbf|0|1786388225.979|100.326|3.135|1334431744|1342156800|sim_data_341798b7487bf001|__AUTOMETRIC__
__AUTOMETRIC__|0.1.2|25352|crew_log_06d891c508b68cbf|0|1786388226.983|99.549|3.111|1334263808|1341980672|sim_data_341798b7487bf001|__AUTOMETRIC__
__AUTOMETRIC__|0.1.2|25352|crew_log_06d891c508b68cbf|0|1786388227.984|98.349|3.073|1334296576|1342013440|sim_data_341798b7487bf001|__AUTOMETRIC__
__AUTOMETRIC__|0.1.2|25352|crew_log_06d891c508b68cbf|0|1786388228.985|99.946|3.123|1337245696|1344966656|sim_data_341798b7487bf001|__AUTOMETRIC__
__AUTOMETRIC__|0.1.2|25352|crew_log_06d891c508b68cbf|0|1786388229.992|102.434|3.201|1337077760|1344790528|sim_data_341798b7487bf001|__AUTOMETRIC__
__AUTOMETRIC__|0.1.2|25352|crew_log_06d891c508b68cbf|0|1786388230.995|99.669|3.115|1337114624|1344827392|sim_data_341798b7487bf001|__AUTOMETRIC__
__AUTOMETRIC__|0.1.2|25352|crew_log_06d891c508b68cbf|0|1786388231.999|98.055|3.064|1340198912|1348100096|sim_data_341798b7487bf001|__AUTOMETRIC__
__AUTOMETRIC__|0.1.2|25352|crew_log_06d891c508b68cbf|0|1786388233.011|100.345|3.136|1339973632|1347686400|sim_data_341798b7487bf001|__AUTOMETRIC__
__AUTOMETRIC__|0.1.2|25352|crew_log_06d891c508b68cbf|0|1786388234.012|99.891|3.122|1339998208|1347710976|sim_data_341798b7487bf001|__AUTOMETRIC__
__AUTOMETRIC__|0.1.2|25352|crew_log_06d891c508b68cbf|0|1786388235.013|98.316|3.072|1421529088|1429299200|sim_data_341798b7487bf001|__AUTOMETRIC__
__AUTOMETRIC__|0.1.2|25352|crew_log_06d891c508b68cbf|0|1786388236.016|102.800|3.213|1472487424|1480359936|sim_data_341798b7487bf001|__AUTOMETRIC__
__AUTOMETRIC__|0.1.2|25352|crew_log_06d891c508b68cbf|0|1786388237.030|101.705|3.178|1218297856|1226334208|sim_data_341798b7487bf001|__AUTOMETRIC__
__AUTOMETRIC__|0.1.2|25352|crew_log_06d891c508b68cbf|0|1786388238.035|101.074|3.159|1234460672|1242824704|sim_data_341798b7487bf001|__AUTOMETRIC__
__AUTOMETRIC__|0.1.2|25352|crew_log_06d891c508b68cbf|0|1786388239.039|99.661|3.114|1229893632|1237741568|sim_data_341798b7487bf001|__AUTOMETRIC__
__AUTOMETRIC__|0.1.2|25352|crew_log_06d891c508b68cbf|0|1786388240.041|98.208|3.069|1228455936|1236164608|sim_data_341798b7487bf001|__AUTOMETRIC__
__AUTOMETRIC__|0.1.2|25352|crew_log_06d891c508b68cbf|0|1786388241.045|99.619|3.113|1231433728|1239347200|sim_data_341798b7487bf001|__AUTOMETRIC__
__AUTOMETRIC__|0.1.2|25352|crew_log_06d891c508b68cbf|0|1786388242.060|100.059|3.127|1231179776|1238888448|sim_data_341798b7487bf001|__AUTOMETRIC__
__AUTOMETRIC__|0.1.2|25352|crew_log_06d891c508b68cbf|0|1786388243.063|99.712|3.116|1231204352|1238913024|sim_data_341798b7487bf001|__AUTOMETRIC__
__AUTOMETRIC__|0.1.2|25352|crew_log_06d891c508b68cbf|0|1786388244.063|96.845|3.026|1234026496|1241939968|sim_data_341798b7487bf001|__AUTOMETRIC__
__AUTOMETRIC__|0.1.2|25352|crew_log_06d891c508b68cbf|0|1786388245.065|101.320|3.166|1233858560|1241567232|sim_data_341798b7487bf001|__AUTOMETRIC__
__AUTOMETRIC__|0.1.2|25352|crew_log_06d891c508b68cbf|0|1786388246.068|99.723|3.116|1233899520|1241608192|sim_data_341798b7487bf001|__AUTOMETRIC__
__AUTOMETRIC__|0.1.2|25352|crew_log_06d891c508b68cbf|0|1786388247.081|100.278|3.134|1236971520|1244884992|sim_data_341798b7487bf001|__AUTOMETRIC__
__AUTOMETRIC__|0.1.2|25352|crew_log_06d891c508b68cbf|0|1786388248.096|100.066|3.127|1236742144|1244450816|sim_data_341798b7487bf001|__AUTOMETRIC__
__AUTOMETRIC__|0.1.2|25352|crew_log_06d891c508b68cbf|0|1786388249.111|98.529|3.079|1236766720|1244475392|sim_data_341798b7487bf001|__AUTOMETRIC__
__AUTOMETRIC__|0.1.2|25352|crew_log_06d891c508b68cbf|0|1786388250.125|101.730|3.179|1387831296|1395658752|sim_data_341798b7487bf001|__AUTOMETRIC__
__AUTOMETRIC__|0.1.2|25352|crew_log_06d891c508b68cbf|0|1786388251.128|102.718|3.210|1802002432|1810243584|sim_data_341798b7487bf001|__AUTOMETRIC__
__AUTOMETRIC__|0.1.2|25352|crew_log_06d891c508b68cbf|0|1786388252.130|106.093|3.315|1064624128|1072467968|sim_data_341798b7487bf001|__AUTOMETRIC__
__AUTOMETRIC__|0.1.2|25352|crew_log_06d891c508b68cbf|0|1786388253.142|98.829|3.088|1080487936|1088581632|sim_data_341798b7487bf001|__AUTOMETRIC__
__AUTOMETRIC__|0.1.2|25352|crew_log_06d891c508b68cbf|0|1786388254.157|96.998|3.031|1079644160|1087332352|sim_data_341798b7487bf001|__AUTOMETRIC__
__AUTOMETRIC__|0.1.2|25352|crew_log_06d891c508b68cbf|0|1786388255.166|97.488|3.046|1078190080|1086070784|sim_data_341798b7487bf001|__AUTOMETRIC__
__AUTOMETRIC__|0.1.2|25352|crew_log_06d891c508b68cbf|0|1786388256.172|99.474|3.109|1081085952|1088978944|sim_data_341798b7487bf001|__AUTOMETRIC__
__AUTOMETRIC__|0.1.2|25352|crew_log_06d891c508b68cbf|0|1786388257.173|102.965|3.218|1080893440|1088581632|sim_data_341798b7487bf001|__AUTOMETRIC__
__AUTOMETRIC__|0.1.2|25352|crew_log_06d891c508b68cbf|0|1786388258.176|99.765|3.118|1080909824|1088790528|sim_data_341798b7487bf001|__AUTOMETRIC__
__AUTOMETRIC__|0.1.2|25352|crew_log_06d891c508b68cbf|0|1786388259.176|99.949|3.123|1083908096|1091821568|sim_data_341798b7487bf001|__AUTOMETRIC__
__AUTOMETRIC__|0.1.2|25352|crew_log_06d891c508b68cbf|0|1786388260.181|99.476|3.109|1083740160|1091641344|sim_data_341798b7487bf001|__AUTOMETRIC__
__AUTOMETRIC__|0.1.2|25352|crew_log_06d891c508b68cbf|0|1786388261.185|99.682|3.115|1086816256|1094729728|sim_data_341798b7487bf001|__AUTOMETRIC__
__AUTOMETRIC__|0.1.2|25352|crew_log_06d891c508b68cbf|0|1786388262.190|100.967|3.155|1086599168|1094500352|sim_data_341798b7487bf001|__AUTOMETRIC__
__AUTOMETRIC__|0.1.2|25352|crew_log_06d891c508b68cbf|0|1786388263.205|98.612|3.082|1086599168|1094500352|sim_data_341798b7487bf001|__AUTOMETRIC__
__AUTOMETRIC__|0.1.2|25352|crew_log_06d891c508b68cbf|0|1786388264.207|98.160|3.068|1279299584|1287221248|sim_data_341798b7487bf001|__AUTOMETRIC__
__AUTOMETRIC__|0.1.2|25352|crew_log_06d891c508b68cbf|0|1786388265.214|97.813|3.057|1849995264|1858449408|sim_data_341798b7487bf001|__AUTOMETRIC__
__AUTOMETRIC__|0.1.2|25352|crew_log_06d891c508b68cbf|0|1786388266.217|102.804|3.213|1556172800|1564172288|sim_data_341798b7487bf001|__AUTOMETRIC__
__AUTOMETRIC__|0.1.2|25352|crew_log_06d891c508b68cbf|0|1786388267.228|103.573|3.237|1043193856|1051344896|sim_data_341798b7487bf001|__AUTOMETRIC__
__AUTOMETRIC__|0.1.2|25352|crew_log_06d891c508b68cbf|0|1786388268.232|97.973|3.062|1039069184|1046884352|sim_data_341798b7487bf001|__AUTOMETRIC__
__AUTOMETRIC__|0.1.2|25352|crew_log_06d891c508b68cbf|0|1786388269.241|102.246|3.195|1037578240|1045458944|sim_data_341798b7487bf001|__AUTOMETRIC__
__AUTOMETRIC__|0.1.2|25352|crew_log_06d891c508b68cbf|0|1786388270.254|100.217|3.132|1040363520|1048244224|sim_data_341798b7487bf001|__AUTOMETRIC__
__AUTOMETRIC__|0.1.2|25352|crew_log_06d891c508b68cbf|0|1786388271.256|99.800|3.119|1040351232|1048231936|sim_data_341798b7487bf001|__AUTOMETRIC__
__AUTOMETRIC__|0.1.2|25352|crew_log_06d891c508b68cbf|0|1786388272.266|99.064|3.096|1040351232|1048231936|sim_data_341798b7487bf001|__AUTOMETRIC__
__AUTOMETRIC__|0.1.2|25352|crew_log_06d891c508b68cbf|0|1786388273.268|101.336|3.167|1043005440|1050718208|sim_data_341798b7487bf001|__AUTOMETRIC__
__AUTOMETRIC__|0.1.2|25352|crew_log_06d891c508b68cbf|0|1786388274.270|98.241|3.070|1043136512|1050849280|sim_data_341798b7487bf001|__AUTOMETRIC__
__AUTOMETRIC__|0.1.2|25352|crew_log_06d891c508b68cbf|0|1786388275.285|100.075|3.127|1043144704|1051049984|sim_data_341798b7487bf001|__AUTOMETRIC__
__AUTOMETRIC__|0.1.2|25352|crew_log_06d891c508b68cbf|0|1786388276.297|98.819|3.088|1046077440|1053990912|sim_data_341798b7487bf001|__AUTOMETRIC__
__AUTOMETRIC__|0.1.2|25352|crew_log_06d891c508b68cbf|0|1786388277.306|100.616|3.144|1045950464|1053663232|sim_data_341798b7487bf001|__AUTOMETRIC__
__AUTOMETRIC__|0.1.2|25352|crew_log_06d891c508b68cbf|0|1786388278.313|97.787|3.056|1045979136|1053884416|sim_data_341798b7487bf001|__AUTOMETRIC__
__AUTOMETRIC__|0.1.2|25352|crew_log_06d891c508b68cbf|0|1786388279.319|100.914|3.154|1112547328|1120636928|sim_data_341798b7487bf001|__AUTOMETRIC__
__AUTOMETRIC__|0.1.2|25352|crew_log_06d891c508b68cbf|0|1786388280.334|100.106|3.128|1654886400|1662947328|sim_data_341798b7487bf001|__AUTOMETRIC__
__AUTOMETRIC__|0.1.2|25352|crew_log_06d891c508b68cbf|0|1786388281.337|105.906|3.310|1124376576|1132314624|sim_data_341798b7487bf001|__AUTOMETRIC__
__AUTOMETRIC__|0.1.2|25352|crew_log_06d891c508b68cbf|0|1786388282.350|98.750|3.086|1123303424|1131528192|sim_data_341798b7487bf001|__AUTOMETRIC__
__AUTOMETRIC__|0.1.2|25352|crew_log_06d891c508b68cbf|0|1786388283.354|99.608|3.113|1119346688|1127251968|sim_data_341798b7487bf001|__AUTOMETRIC__
__AUTOMETRIC__|0.1.2|25352|crew_log_06d891c508b68cbf|0|1786388284.362|99.180|3.099|1117339648|1125134336|sim_data_341798b7487bf001|__AUTOMETRIC__
__AUTOMETRIC__|0.1.2|25352|crew_log_06d891c508b68cbf|0|1786388285.370|97.671|3.052|1117319168|1125113856|sim_data_341798b7487bf001|__AUTOMETRIC__
__AUTOMETRIC__|0.1.2|25352|crew_log_06d891c508b68cbf|0|1786388286.374|99.617|3.113|1120116736|1127911424|sim_data_341798b7487bf001|__AUTOMETRIC__
__AUTOMETRIC__|0.1.2|25352|crew_log_06d891c508b68cbf|0|1786388287.384|100.481|3.140|1120096256|1127890944|sim_data_341798b7487bf001|__AUTOMETRIC__
__AUTOMETRIC__|0.1.2|25352|crew_log_06d891c508b68cbf|0|1786388288.393|99.180|3.099|1120104448|1127899136|sim_data_341798b7487bf001|__AUTOMETRIC__
__AUTOMETRIC__|0.1.2|25352|crew_log_06d891c508b68cbf|0|1786388289.394|101.474|3.171|1123065856|1131089920|sim_data_341798b7487bf001|__AUTOMETRIC__
__AUTOMETRIC__|0.1.2|25352|crew_log_06d891c508b68cbf|0|1786388290.406|100.319|3.135|1122897920|1130717184|sim_data_341798b7487bf001|__AUTOMETRIC__
__AUTOMETRIC__|0.1.2|25352|crew_log_06d891c508b68cbf|0|1786388291.418|100.373|3.137|1122930688|1130749952|sim_data_341798b7487bf001|__AUTOMETRIC__
__AUTOMETRIC__|0.1.2|25352|crew_log_06d891c508b68cbf|0|1786388292.431|100.292|3.134|1125806080|1133830144|sim_data_341798b7487bf001|__AUTOMETRIC__
__AUTOMETRIC__|0.1.2|25352|crew_log_06d891c508b68cbf|0|1786388293.444|100.225|3.132|1125695488|1133514752|sim_data_341798b7487bf001|__AUTOMETRIC__
__AUTOMETRIC__|0.1.2|25352|crew_log_06d891c508b68cbf|0|1786388294.459|100.049|3.127|1125699584|1133518848|sim_data_341798b7487bf001|__AUTOMETRIC__
__AUTOMETRIC__|0.1.2|25352|crew_log_06d891c508b68cbf|0|1786388295.463|99.643|3.114|1300164608|1308205056|sim_data_341798b7487bf001|__AUTOMETRIC__
__AUTOMETRIC__|0.1.2|25352|crew_log_06d891c508b68cbf|0|1786388296.479|99.960|3.124|1961852928|1970155520|sim_data_341798b7487bf001|__AUTOMETRIC__
__AUTOMETRIC__|0.1.2|25352|crew_log_06d891c508b68cbf|0|1786388297.488|108.389|3.387|1178603520|1186734080|sim_data_341798b7487bf001|__AUTOMETRIC__
__AUTOMETRIC__|0.1.2|25352|crew_log_06d891c508b68cbf|0|1786388298.500|95.725|2.991|1191452672|1199804416|sim_data_341798b7487bf001|__AUTOMETRIC__
__AUTOMETRIC__|0.1.2|25352|crew_log_06d891c508b68cbf|0|1786388299.513|100.262|3.133|1191862272|1200214016|sim_data_341798b7487bf001|__AUTOMETRIC__
__AUTOMETRIC__|0.1.2|25352|crew_log_06d891c508b68cbf|0|1786388300.528|101.600|3.175|1187442688|1195216896|sim_data_341798b7487bf001|__AUTOMETRIC__
__AUTOMETRIC__|0.1.2|25352|crew_log_06d891c508b68cbf|0|1786388301.542|98.579|3.081|1190277120|1198047232|sim_data_341798b7487bf001|__AUTOMETRIC__
__AUTOMETRIC__|0.1.2|25352|crew_log_06d891c508b68cbf|0|1786388302.550|99.264|3.102|1190297600|1198067712|sim_data_341798b7487bf001|__AUTOMETRIC__
__AUTOMETRIC__|0.1.2|25352|crew_log_06d891c508b68cbf|0|1786388303.556|97.824|3.057|1193086976|1200861184|sim_data_341798b7487bf001|__AUTOMETRIC__
__AUTOMETRIC__|0.1.2|25352|crew_log_06d891c508b68cbf|0|1786388304.564|97.649|3.052|1192738816|1200721920|sim_data_341798b7487bf001|__AUTOMETRIC__
__AUTOMETRIC__|0.1.2|25352|crew_log_06d891c508b68cbf|0|1786388305.565|101.438|3.170|1192738816|1200721920|sim_data_341798b7487bf001|__AUTOMETRIC__
__AUTOMETRIC__|0.1.2|25352|crew_log_06d891c508b68cbf|0|1786388306.580|98.519|3.079|1195626496|1203388416|sim_data_341798b7487bf001|__AUTOMETRIC__
__AUTOMETRIC__|0.1.2|25352|crew_log_06d891c508b68cbf|0|1786388307.592|100.328|3.135|1195630592|1203609600|sim_data_341798b7487bf001|__AUTOMETRIC__
__AUTOMETRIC__|0.1.2|25352|crew_log_06d891c508b68cbf|0|1786388308.594|98.270|3.071|1195634688|1203613696|sim_data_341798b7487bf001|__AUTOMETRIC__
__AUTOMETRIC__|0.1.2|25352|crew_log_06d891c508b68cbf|0|1786388309.607|104.859|3.277|1562218496|1570271232|sim_data_341798b7487bf001|__AUTOMETRIC__
__AUTOMETRIC__|0.1.2|25352|crew_log_06d891c508b68cbf|0|1786388310.609|106.057|3.314|1332727808|1340436480|sim_data_341798b7487bf001|__AUTOMETRIC__
__AUTOMETRIC__|0.1.2|25352|crew_log_06d891c508b68cbf|0|1786388311.623|100.146|3.130|1370333184|1378705408|sim_data_341798b7487bf001|__AUTOMETRIC__
__AUTOMETRIC__|0.1.2|25352|crew_log_06d891c508b68cbf|0|1786388312.624|101.502|3.172|1367834624|1375870976|sim_data_341798b7487bf001|__AUTOMETRIC__
__AUTOMETRIC__|0.1.2|25352|crew_log_06d891c508b68cbf|0|1786388313.625|101.433|3.170|1364770816|1372528640|sim_data_341798b7487bf001|__AUTOMETRIC__
__AUTOMETRIC__|0.1.2|25352|crew_log_06d891c508b68cbf|0|1786388314.630|101.062|3.158|1367060480|1375043584|sim_data_341798b7487bf001|__AUTOMETRIC__
__AUTOMETRIC__|0.1.2|25352|crew_log_06d891c508b68cbf|0|1786388315.630|100.005|3.125|1366835200|1374593024|sim_data_341798b7487bf001|__AUTOMETRIC__
__AUTOMETRIC__|0.1.2|25352|crew_log_06d891c508b68cbf|0|1786388316.632|99.769|3.118|1366835200|1374593024|sim_data_341798b7487bf001|__AUTOMETRIC__
__AUTOMETRIC__|0.1.2|25352|crew_log_06d891c508b68cbf|0|1786388317.637|99.585|3.112|1369722880|1377480704|sim_data_341798b7487bf001|__AUTOMETRIC__
__AUTOMETRIC__|0.1.2|25352|crew_log_06d891c508b68cbf|0|1786388318.644|100.863|3.152|1369722880|1377480704|sim_data_341798b7487bf001|__AUTOMETRIC__
__AUTOMETRIC__|0.1.2|25352|crew_log_06d891c508b68cbf|0|1786388319.650|99.407|3.106|1369726976|1377701888|sim_data_341798b7487bf001|__AUTOMETRIC__
__AUTOMETRIC__|0.1.2|25352|crew_log_06d891c508b68cbf|0|1786388320.663|100.222|3.132|1372479488|1380237312|sim_data_341798b7487bf001|__AUTOMETRIC__
__AUTOMETRIC__|0.1.2|25352|crew_log_06d891c508b68cbf|0|1786388321.666|99.703|3.116|1372487680|1380245504|sim_data_341798b7487bf001|__AUTOMETRIC__
__AUTOMETRIC__|0.1.2|25352|crew_log_06d891c508b68cbf|0|1786388322.677|98.916|3.091|1441873920|1449652224|sim_data_341798b7487bf001|__AUTOMETRIC__
__AUTOMETRIC__|0.1.2|25352|crew_log_06d891c508b68cbf|0|1786388323.683|102.448|3.201|1379373056|1387237376|sim_data_341798b7487bf001|__AUTOMETRIC__
__AUTOMETRIC__|0.1.2|25352|crew_log_06d891c508b68cbf|0|1786388324.686|99.769|3.118|1547702272|1555832832|sim_data_341798b7487bf001|__AUTOMETRIC__
__AUTOMETRIC__|0.1.2|25352|crew_log_06d891c508b68cbf|0|1786388325.688|105.975|3.312|1135693824|1143943168|sim_data_341798b7487bf001|__AUTOMETRIC__
__AUTOMETRIC__|0.1.2|25352|crew_log_06d891c508b68cbf|0|1786388326.698|100.567|3.143|1131380736|1139265536|sim_data_341798b7487bf001|__AUTOMETRIC__
__AUTOMETRIC__|0.1.2|25352|crew_log_06d891c508b68cbf|0|1786388327.708|100.561|3.143|1129586688|1137360896|sim_data_341798b7487bf001|__AUTOMETRIC__
__AUTOMETRIC__|0.1.2|25352|crew_log_06d891c508b68cbf|0|1786388328.709|99.887|3.121|1132564480|1140346880|sim_data_341798b7487bf001|__AUTOMETRIC__
__AUTOMETRIC__|0.1.2|25352|crew_log_06d891c508b68cbf|0|1786388329.712|99.754|3.117|1132363776|1140137984|sim_data_341798b7487bf001|__AUTOMETRIC__
__AUTOMETRIC__|0.1.2|25352|crew_log_06d891c508b68cbf|0|1786388330.716|99.601|3.113|1132388352|1140379648|sim_data_341798b7487bf001|__AUTOMETRIC__
__AUTOMETRIC__|0.1.2|25352|crew_log_06d891c508b68cbf|0|1786388331.717|101.441|3.170|1135374336|1143156736|sim_data_341798b7487bf001|__AUTOMETRIC__
__AUTOMETRIC__|0.1.2|25352|crew_log_06d891c508b68cbf|0|1786388332.723|100.925|3.154|1135177728|1142951936|sim_data_341798b7487bf001|__AUTOMETRIC__
__AUTOMETRIC__|0.1.2|25352|crew_log_06d891c508b68cbf|0|1786388333.738|100.107|3.128|1135194112|1142968320|sim_data_341798b7487bf001|__AUTOMETRIC__
__AUTOMETRIC__|0.1.2|25352|crew_log_06d891c508b68cbf|0|1786388334.747|99.085|3.096|1138262016|1146261504|sim_data_341798b7487bf001|__AUTOMETRIC__
__AUTOMETRIC__|0.1.2|25352|crew_log_06d891c508b68cbf|0|1786388335.761|98.608|3.082|1138036736|1145810944|sim_data_341798b7487bf001|__AUTOMETRIC__
__AUTOMETRIC__|0.1.2|25352|crew_log_06d891c508b68cbf|0|1786388336.763|99.775|3.118|1138040832|1145815040|sim_data_341798b7487bf001|__AUTOMETRIC__
__AUTOMETRIC__|0.1.2|25352|crew_log_06d891c508b68cbf|0|1786388337.778|103.143|3.223|1118134272|1125957632|sim_data_341798b7487bf001|__AUTOMETRIC__
__AUTOMETRIC__|0.1.2|25352|crew_log_06d891c508b68cbf|0|1786388338.781|99.719|3.116|1981349888|1989378048|sim_data_341798b7487bf001|__AUTOMETRIC__
__AUTOMETRIC__|0.1.2|25352|crew_log_06d891c508b68cbf|0|1786388339.791|108.290|3.384|1253380096|1261314048|sim_data_341798b7487bf001|__AUTOMETRIC__
__AUTOMETRIC__|0.1.2|25352|crew_log_06d891c508b68cbf|0|1786388340.803|100.433|3.139|1254383616|1262747648|sim_data_341798b7487bf001|__AUTOMETRIC__
__AUTOMETRIC__|0.1.2|25352|crew_log_06d891c508b68cbf|0|1786388341.805|99.795|3.119|1252388864|1260290048|sim_data_341798b7487bf001|__AUTOMETRIC__
__AUTOMETRIC__|0.1.2|25352|crew_log_06d891c508b68cbf|0|1786388342.809|99.549|3.111|1250836480|1258815488|sim_data_341798b7487bf001|__AUTOMETRIC__
__AUTOMETRIC__|0.1.2|25352|crew_log_06d891c508b68cbf|0|1786388343.824|98.503|3.078|1253896192|1261883392|sim_data_341798b7487bf001|__AUTOMETRIC__
__AUTOMETRIC__|0.1.2|25352|crew_log_06d891c508b68cbf|0|1786388344.833|100.654|3.145|1253761024|1261522944|sim_data_341798b7487bf001|__AUTOMETRIC__
__AUTOMETRIC__|0.1.2|25352|crew_log_06d891c508b68cbf|0|1786388345.845|95.789|2.993|1253773312|1261752320|sim_data_341798b7487bf001|__AUTOMETRIC__
__AUTOMETRIC__|0.1.2|25352|crew_log_06d891c508b68cbf|0|1786388346.858|100.268|3.133|1256460288|1264222208|sim_data_341798b7487bf001|__AUTOMETRIC__
__AUTOMETRIC__|0.1.2|25352|crew_log_06d891c508b68cbf|0|1786388347.859|99.872|3.121|1256583168|1264345088|sim_data_341798b7487bf001|__AUTOMETRIC__
__AUTOMETRIC__|0.1.2|25352|crew_log_06d891c508b68cbf|0|1786388348.863|99.574|3.112|1256603648|1264582656|sim_data_341798b7487bf001|__AUTOMETRIC__
__AUTOMETRIC__|0.1.2|25352|crew_log_06d891c508b68cbf|0|1786388349.870|99.312|3.104|1259343872|1267105792|sim_data_341798b7487bf001|__AUTOMETRIC__
__AUTOMETRIC__|0.1.2|25352|crew_log_06d891c508b68cbf|0|1786388350.883|100.265|3.133|1259454464|1267216384|sim_data_341798b7487bf001|__AUTOMETRIC__
__AUTOMETRIC__|0.1.2|25352|crew_log_06d891c508b68cbf|0|1786388351.887|98.094|3.065|1259511808|1267490816|sim_data_341798b7487bf001|__AUTOMETRIC__
__AUTOMETRIC__|0.1.2|25352|crew_log_06d891c508b68cbf|0|1786388352.890|99.695|3.115|1760907264|1769156608|sim_data_341798b7487bf001|__AUTOMETRIC__
__AUTOMETRIC__|0.1.2|25352|crew_log_06d891c508b68cbf|0|1786388353.893|109.034|3.407|1401438208|1409495040|sim_data_341798b7487bf001|__AUTOMETRIC__
__AUTOMETRIC__|0.1.2|25352|crew_log_06d891c508b68cbf|0|1786388354.897|98.060|3.064|1407303680|1416146944|sim_data_341798b7487bf001|__AUTOMETRIC__
__AUTOMETRIC__|0.1.2|25352|crew_log_06d891c508b68cbf|0|1786388355.898|99.861|3.121|1403150336|1411096576|sim_data_341798b7487bf001|__AUTOMETRIC__
__AUTOMETRIC__|0.1.2|25352|crew_log_06d891c508b68cbf|0|1786388356.914|99.910|3.122|1401647104|1409626112|sim_data_341798b7487bf001|__AUTOMETRIC__
__AUTOMETRIC__|0.1.2|25352|crew_log_06d891c508b68cbf|0|1786388357.924|100.592|3.143|1404342272|1412321280|sim_data_341798b7487bf001|__AUTOMETRIC__
__AUTOMETRIC__|0.1.2|25352|crew_log_06d891c508b68cbf|0|1786388358.925|99.877|3.121|1404329984|1412308992|sim_data_341798b7487bf001|__AUTOMETRIC__
__AUTOMETRIC__|0.1.2|25352|crew_log_06d891c508b68cbf|0|1786388359.927|99.825|3.120|1404334080|1412313088|sim_data_341798b7487bf001|__AUTOMETRIC__
__AUTOMETRIC__|0.1.2|25352|crew_log_06d891c508b68cbf|0|1786388360.931|104.334|3.260|951062528|958816256|sim_data_341798b7487bf001|__AUTOMETRIC__
__AUTOMETRIC__|0.1.2|25352|crew_log_06d891c508b68cbf|0|1786388361.931|98.357|3.074|922906624|930582528|sim_data_341798b7487bf001|__AUTOMETRIC__
__AUTOMETRIC__|0.1.2|25352|crew_log_06d891c508b68cbf|0|1786388362.946|100.135|3.129|922959872|930635776|sim_data_341798b7487bf001|__AUTOMETRIC__
__AUTOMETRIC__|0.1.2|25352|crew_log_06d891c508b68cbf|0|1786388363.959|100.240|3.132|925941760|933769216|sim_data_341798b7487bf001|__AUTOMETRIC__
__AUTOMETRIC__|0.1.2|25352|crew_log_06d891c508b68cbf|0|1786388364.973|100.141|3.129|925765632|933441536|sim_data_341798b7487bf001|__AUTOMETRIC__
__AUTOMETRIC__|0.1.2|25352|crew_log_06d891c508b68cbf|0|1786388365.975|99.750|3.117|925794304|933613568|sim_data_341798b7487bf001|__AUTOMETRIC__
__AUTOMETRIC__|0.1.2|25352|crew_log_06d891c508b68cbf|0|1786388366.978|99.710|3.116|1449820160|1457766400|sim_data_341798b7487bf001|__AUTOMETRIC__
__AUTOMETRIC__|0.1.2|25352|crew_log_06d891c508b68cbf|0|1786388367.992|106.367|3.324|1075884032|1083990016|sim_data_341798b7487bf001|__AUTOMETRIC__
__AUTOMETRIC__|0.1.2|25352|crew_log_06d891c508b68cbf|0|1786388369.002|100.548|3.142|1133793280|1142349824|sim_data_341798b7487bf001|__AUTOMETRIC__
__AUTOMETRIC__|0.1.2|25352|crew_log_06d891c508b68cbf|0|1786388370.015|98.712|3.085|1108746240|1116868608|sim_data_341798b7487bf001|__AUTOMETRIC__
__AUTOMETRIC__|0.1.2|25352|crew_log_06d891c508b68cbf|0|1786388371.018|102.845|3.214|1106124800|1113956352|sim_data_341798b7487bf001|__AUTOMETRIC__
__AUTOMETRIC__|0.1.2|25352|crew_log_06d891c508b68cbf|0|1786388372.032|100.135|3.129|1108930560|1116770304|sim_data_341798b7487bf001|__AUTOMETRIC__
__AUTOMETRIC__|0.1.2|25352|crew_log_06d891c508b68cbf|0|1786388373.040|99.170|3.099|1108738048|1116569600|sim_data_341798b7487bf001|__AUTOMETRIC__
__AUTOMETRIC__|0.1.2|25352|crew_log_06d891c508b68cbf|0|1786388374.042|99.852|3.120|1108779008|1116610560|sim_data_341798b7487bf001|__AUTOMETRIC__
__AUTOMETRIC__|0.1.2|25352|crew_log_06d891c508b68cbf|0|1786388375.050|100.727|3.148|1111654400|1119494144|sim_data_341798b7487bf001|__AUTOMETRIC__
__AUTOMETRIC__|0.1.2|25352|crew_log_06d891c508b68cbf|0|1786388376.058|99.214|3.100|1111453696|1119285248|sim_data_341798b7487bf001|__AUTOMETRIC__
__AUTOMETRIC__|0.1.2|25352|crew_log_06d891c508b68cbf|0|1786388377.066|100.787|3.150|1111453696|1119285248|sim_data_341798b7487bf001|__AUTOMETRIC__
__AUTOMETRIC__|0.1.2|25352|crew_log_06d891c508b68cbf|0|1786388378.070|99.560|3.111|1111453696|1119285248|sim_data_341798b7487bf001|__AUTOMETRIC__
__AUTOMETRIC__|0.1.2|25352|crew_log_06d891c508b68cbf|0|1786388379.076|99.410|3.107|1114329088|1122160640|sim_data_341798b7487bf001|__AUTOMETRIC__
__AUTOMETRIC__|0.1.2|25352|crew_log_06d891c508b68cbf|0|1786388380.083|100.867|3.152|1114312704|1122144256|sim_data_341798b7487bf001|__AUTOMETRIC__
__AUTOMETRIC__|0.1.2|25352|crew_log_06d891c508b68cbf|0|1786388381.096|98.723|3.085|1114312704|1122144256|sim_data_341798b7487bf001|__AUTOMETRIC__
__AUTOMETRIC__|0.1.2|25352|crew_log_06d891c508b68cbf|0|1786388382.104|99.216|3.101|1616277504|1624301568|sim_data_341798b7487bf001|__AUTOMETRIC__
__AUTOMETRIC__|0.1.2|25352|crew_log_06d891c508b68cbf|0|1786388383.116|104.939|3.279|1566912512|1575120896|sim_data_341798b7487bf001|__AUTOMETRIC__
__AUTOMETRIC__|0.1.2|25352|crew_log_06d891c508b68cbf|0|1786388384.122|104.062|3.252|1024225280|1032650752|sim_data_341798b7487bf001|__AUTOMETRIC__
__AUTOMETRIC__|0.1.2|25352|crew_log_06d891c508b68cbf|0|1786388385.127|102.675|3.209|1014280192|1022406656|sim_data_341798b7487bf001|__AUTOMETRIC__
__AUTOMETRIC__|0.1.2|25352|crew_log_06d891c508b68cbf|0|1786388386.132|99.513|3.110|1014284288|1022410752|sim_data_341798b7487bf001|__AUTOMETRIC__
__AUTOMETRIC__|0.1.2|25352|crew_log_06d891c508b68cbf|0|1786388387.137|99.470|3.108|1008635904|1016422400|sim_data_341798b7487bf001|__AUTOMETRIC__
__AUTOMETRIC__|0.1.2|25352|crew_log_06d891c508b68cbf|0|1786388388.144|100.886|3.153|1011609600|1019375616|sim_data_341798b7487bf001|__AUTOMETRIC__
__AUTOMETRIC__|0.1.2|25352|crew_log_06d891c508b68cbf|0|1786388389.146|99.815|3.119|1011404800|1019162624|sim_data_341798b7487bf001|__AUTOMETRIC__
__AUTOMETRIC__|0.1.2|25352|crew_log_06d891c508b68cbf|0|1786388390.159|100.232|3.132|1011408896|1019166720|sim_data_341798b7487bf001|__AUTOMETRIC__
__AUTOMETRIC__|0.1.2|25352|crew_log_06d891c508b68cbf|0|1786388391.162|98.143|3.067|1014218752|1021976576|sim_data_341798b7487bf001|__AUTOMETRIC__
__AUTOMETRIC__|0.1.2|25352|crew_log_06d891c508b68cbf|0|1786388392.166|99.584|3.112|1014214656|1021972480|sim_data_341798b7487bf001|__AUTOMETRIC__
__AUTOMETRIC__|0.1.2|25352|crew_log_06d891c508b68cbf|0|1786388393.177|98.964|3.093|1014243328|1022001152|sim_data_341798b7487bf001|__AUTOMETRIC__
__AUTOMETRIC__|0.1.2|25352|crew_log_06d891c508b68cbf|0|1786388394.185|99.182|3.099|1014218752|1021976576|sim_data_341798b7487bf001|__AUTOMETRIC__
__AUTOMETRIC__|0.1.2|25352|crew_log_06d891c508b68cbf|0|1786388395.194|100.631|3.145|1017167872|1024933888|sim_data_341798b7487bf001|__AUTOMETRIC__
__AUTOMETRIC__|0.1.2|25352|crew_log_06d891c508b68cbf|0|1786388396.199|97.975|3.062|1016987648|1024745472|sim_data_341798b7487bf001|__AUTOMETRIC__
__AUTOMETRIC__|0.1.2|25352|crew_log_06d891c508b68cbf|0|1786388397.212|100.201|3.131|1017008128|1024880640|sim_data_341798b7487bf001|__AUTOMETRIC__
__AUTOMETRIC__|0.1.2|25352|crew_log_06d891c508b68cbf|0|1786388398.215|99.711|3.116|1463562240|1471811584|sim_data_341798b7487bf001|__AUTOMETRIC__
__AUTOMETRIC__|0.1.2|25352|crew_log_06d891c508b68cbf|0|1786388399.229|104.855|3.277|1401602048|1409593344|sim_data_341798b7487bf001|__AUTOMETRIC__
__AUTOMETRIC__|0.1.2|25352|crew_log_06d891c508b68cbf|0|1786388400.233|99.607|3.113|1456308224|1464897536|sim_data_341798b7487bf001|__AUTOMETRIC__
__AUTOMETRIC__|0.1.2|25352|crew_log_06d891c508b68cbf|0|1786388401.237|105.770|3.305|1040076800|1048395776|sim_data_341798b7487bf001|__AUTOMETRIC__
__AUTOMETRIC__|0.1.2|25352|crew_log_06d891c508b68cbf|0|1786388402.240|99.673|3.115|1040093184|1048412160|sim_data_341798b7487bf001|__AUTOMETRIC__
__AUTOMETRIC__|0.1.2|25352|crew_log_06d891c508b68cbf|0|1786388403.248|97.688|3.053|1040101376|1048420352|sim_data_341798b7487bf001|__AUTOMETRIC__
__AUTOMETRIC__|0.1.2|25352|crew_log_06d891c508b68cbf|0|1786388404.261|100.291|3.134|1032814592|1040633856|sim_data_341798b7487bf001|__AUTOMETRIC__
__AUTOMETRIC__|0.1.2|25352|crew_log_06d891c508b68cbf|0|1786388405.268|100.834|3.151|1032589312|1040400384|sim_data_341798b7487bf001|__AUTOMETRIC__
__AUTOMETRIC__|0.1.2|25352|crew_log_06d891c508b68cbf|0|1786388406.280|97.220|3.038|1032650752|1040576512|sim_data_341798b7487bf001|__AUTOMETRIC__
__AUTOMETRIC__|0.1.2|25352|crew_log_06d891c508b68cbf|0|1786388407.290|102.114|3.191|1035583488|1043402752|sim_data_341798b7487bf001|__AUTOMETRIC__
__AUTOMETRIC__|0.1.2|25352|crew_log_06d891c508b68cbf|0|1786388408.303|100.250|3.133|1035362304|1043173376|sim_data_341798b7487bf001|__AUTOMETRIC__
__AUTOMETRIC__|0.1.2|25352|crew_log_06d891c508b68cbf|0|1786388409.304|98.365|3.074|1035370496|1043181568|sim_data_341798b7487bf001|__AUTOMETRIC__
__AUTOMETRIC__|0.1.2|25352|crew_log_06d891c508b68cbf|0|1786388410.318|98.601|3.081|1038340096|1046159360|sim_data_341798b7487bf001|__AUTOMETRIC__
__AUTOMETRIC__|0.1.2|25352|crew_log_06d891c508b68cbf|0|1786388411.329|97.371|3.043|1038163968|1045975040|sim_data_341798b7487bf001|__AUTOMETRIC__
__AUTOMETRIC__|0.1.2|25352|crew_log_06d891c508b68cbf|0|1786388412.343|98.602|3.081|1038192640|1046003712|sim_data_341798b7487bf001|__AUTOMETRIC__
__AUTOMETRIC__|0.1.2|25352|crew_log_06d891c508b68cbf|0|1786388413.358|103.199|3.225|1038163968|1045975040|sim_data_341798b7487bf001|__AUTOMETRIC__
__AUTOMETRIC__|0.1.2|25352|crew_log_06d891c508b68cbf|0|1786388414.368|100.506|3.141|1185914880|1193820160|sim_data_341798b7487bf001|__AUTOMETRIC__
__AUTOMETRIC__|0.1.2|25352|crew_log_06d891c508b68cbf|0|1786388415.370|99.820|3.119|1779494912|1787863040|sim_data_341798b7487bf001|__AUTOMETRIC__
__AUTOMETRIC__|0.1.2|25352|crew_log_06d891c508b68cbf|0|1786388416.381|106.642|3.333|1461927936|1469980672|sim_data_341798b7487bf001|__AUTOMETRIC__
__AUTOMETRIC__|0.1.2|25352|crew_log_06d891c508b68cbf|0|1786388417.396|103.172|3.224|1098440704|1106944000|sim_data_341798b7487bf001|__AUTOMETRIC__
__AUTOMETRIC__|0.1.2|25352|crew_log_06d891c508b68cbf|0|1786388418.396|98.422|3.076|1091469312|1099374592|sim_data_341798b7487bf001|__AUTOMETRIC__
__AUTOMETRIC__|0.1.2|25352|crew_log_06d891c508b68cbf|0|1786388419.409|98.695|3.084|1088905216|1096699904|sim_data_341798b7487bf001|__AUTOMETRIC__
__AUTOMETRIC__|0.1.2|25352|crew_log_06d891c508b68cbf|0|1786388420.412|99.767|3.118|1091813376|1099616256|sim_data_341798b7487bf001|__AUTOMETRIC__
__AUTOMETRIC__|0.1.2|25352|crew_log_06d891c508b68cbf|0|1786388421.425|100.197|3.131|1091600384|1099395072|sim_data_341798b7487bf001|__AUTOMETRIC__
__AUTOMETRIC__|0.1.2|25352|crew_log_06d891c508b68cbf|0|1786388422.437|97.277|3.040|1091633152|1099427840|sim_data_341798b7487bf001|__AUTOMETRIC__
__AUTOMETRIC__|0.1.2|25352|crew_log_06d891c508b68cbf|0|1786388423.439|102.957|3.217|1094676480|1102594048|sim_data_341798b7487bf001|__AUTOMETRIC__
__AUTOMETRIC__|0.1.2|25352|crew_log_06d891c508b68cbf|0|1786388424.453|100.140|3.129|1094504448|1102299136|sim_data_341798b7487bf001|__AUTOMETRIC__
__AUTOMETRIC__|0.1.2|25352|crew_log_06d891c508b68cbf|0|1786388425.453|99.950|3.123|1094557696|1102467072|sim_data_341798b7487bf001|__AUTOMETRIC__
__AUTOMETRIC__|0.1.2|25352|crew_log_06d891c508b68cbf|0|1786388426.467|101.770|3.180|1097515008|1105432576|sim_data_341798b7487bf001|__AUTOMETRIC__
__AUTOMETRIC__|0.1.2|25352|crew_log_06d891c508b68cbf|0|1786388427.471|101.180|3.162|1097056256|1104850944|sim_data_341798b7487bf001|__AUTOMETRIC__
__AUTOMETRIC__|0.1.2|25352|crew_log_06d891c508b68cbf|0|1786388428.484|100.230|3.132|1097342976|1105137664|sim_data_341798b7487bf001|__AUTOMETRIC__
__AUTOMETRIC__|0.1.2|25352|crew_log_06d891c508b68cbf|0|1786388429.485|102.966|3.218|1097338880|1105248256|sim_data_341798b7487bf001|__AUTOMETRIC__
__AUTOMETRIC__|0.1.2|25352|crew_log_06d891c508b68cbf|0|1786388430.501|101.508|3.172|1405734912|1413664768|sim_data_341798b7487bf001|__AUTOMETRIC__
__AUTOMETRIC__|0.1.2|25352|crew_log_06d891c508b68cbf|0|1786388431.513|105.075|3.284|1337540608|1345597440|sim_data_341798b7487bf001|__AUTOMETRIC__
__AUTOMETRIC__|0.1.2|25352|crew_log_06d891c508b68cbf|0|1786388432.517|101.095|3.159|1389191168|1397858304|sim_data_341798b7487bf001|__AUTOMETRIC__
__AUTOMETRIC__|0.1.2|25352|crew_log_06d891c508b68cbf|0|1786388433.523|99.456|3.108|1385668608|1394171904|sim_data_341798b7487bf001|__AUTOMETRIC__
__AUTOMETRIC__|0.1.2|25352|crew_log_06d891c508b68cbf|0|1786388434.536|100.201|3.131|1382326272|1390161920|sim_data_341798b7487bf001|__AUTOMETRIC__
__AUTOMETRIC__|0.1.2|25352|crew_log_06d891c508b68cbf|0|1786388435.546|99.008|3.094|1385123840|1393135616|sim_data_341798b7487bf001|__AUTOMETRIC__
__AUTOMETRIC__|0.1.2|25352|crew_log_06d891c508b68cbf|0|1786388436.557|102.023|3.188|1384988672|1392824320|sim_data_341798b7487bf001|__AUTOMETRIC__
__AUTOMETRIC__|0.1.2|25352|crew_log_06d891c508b68cbf|0|1786388437.558|99.934|3.123|1385029632|1393033216|sim_data_341798b7487bf001|__AUTOMETRIC__
__AUTOMETRIC__|0.1.2|25352|crew_log_06d891c508b68cbf|0|1786388438.567|102.174|3.193|1388003328|1396015104|sim_data_341798b7487bf001|__AUTOMETRIC__
__AUTOMETRIC__|0.1.2|25352|crew_log_06d891c508b68cbf|0|1786388439.571|98.091|3.065|1387814912|1395650560|sim_data_341798b7487bf001|__AUTOMETRIC__
__AUTOMETRIC__|0.1.2|25352|crew_log_06d891c508b68cbf|0|1786388440.586|100.061|3.127|1387802624|1395806208|sim_data_341798b7487bf001|__AUTOMETRIC__
__AUTOMETRIC__|0.1.2|25352|crew_log_06d891c508b68cbf|0|1786388441.586|99.986|3.125|1390702592|1398706176|sim_data_341798b7487bf001|__AUTOMETRIC__
__AUTOMETRIC__|0.1.2|25352|crew_log_06d891c508b68cbf|0|1786388442.593|99.286|3.103|1390563328|1398398976|sim_data_341798b7487bf001|__AUTOMETRIC__
__AUTOMETRIC__|0.1.2|25352|crew_log_06d891c508b68cbf|0|1786388443.599|102.465|3.202|1390579712|1398583296|sim_data_341798b7487bf001|__AUTOMETRIC__
__AUTOMETRIC__|0.1.2|25352|crew_log_06d891c508b68cbf|0|1786388444.610|97.416|3.044|1721831424|1729851392|sim_data_341798b7487bf001|__AUTOMETRIC__
__AUTOMETRIC__|0.1.2|25352|crew_log_06d891c508b68cbf|0|1786388445.618|105.398|3.294|1595006976|1603088384|sim_data_341798b7487bf001|__AUTOMETRIC__
__AUTOMETRIC__|0.1.2|25352|crew_log_06d891c508b68cbf|0|1786388446.626|102.297|3.197|1340407808|1348898816|sim_data_341798b7487bf001|__AUTOMETRIC__
__AUTOMETRIC__|0.1.2|25352|crew_log_06d891c508b68cbf|0|1786388447.636|97.426|3.045|1339031552|1347072000|sim_data_341798b7487bf001|__AUTOMETRIC__
__AUTOMETRIC__|0.1.2|25352|crew_log_06d891c508b68cbf|0|1786388448.646|100.622|3.144|1337753600|1345654784|sim_data_341798b7487bf001|__AUTOMETRIC__
__AUTOMETRIC__|0.1.2|25352|crew_log_06d891c508b68cbf|0|1786388449.647|98.322|3.073|1340772352|1348804608|sim_data_341798b7487bf001|__AUTOMETRIC__
__AUTOMETRIC__|0.1.2|25352|crew_log_06d891c508b68cbf|0|1786388450.652|99.476|3.109|1340579840|1348481024|sim_data_341798b7487bf001|__AUTOMETRIC__
__AUTOMETRIC__|0.1.2|25352|crew_log_06d891c508b68cbf|0|1786388451.660|100.799|3.150|1340612608|1348513792|sim_data_341798b7487bf001|__AUTOMETRIC__
__AUTOMETRIC__|0.1.2|25352|crew_log_06d891c508b68cbf|0|1786388452.664|99.608|3.113|1343627264|1351659520|sim_data_341798b7487bf001|__AUTOMETRIC__
__AUTOMETRIC__|0.1.2|25352|crew_log_06d891c508b68cbf|0|1786388453.677|100.186|3.131|1343426560|1351327744|sim_data_341798b7487bf001|__AUTOMETRIC__
__AUTOMETRIC__|0.1.2|25352|crew_log_06d891c508b68cbf|0|1786388454.692|100.055|3.127|1343455232|1351479296|sim_data_341798b7487bf001|__AUTOMETRIC__
__AUTOMETRIC__|0.1.2|25352|crew_log_06d891c508b68cbf|0|1786388455.695|98.203|3.069|1346441216|1354350592|sim_data_341798b7487bf001|__AUTOMETRIC__
__AUTOMETRIC__|0.1.2|25352|crew_log_06d891c508b68cbf|0|1786388456.708|100.249|3.133|1346256896|1354158080|sim_data_341798b7487bf001|__AUTOMETRIC__
__AUTOMETRIC__|0.1.2|25352|crew_log_06d891c508b68cbf|0|1786388457.714|94.733|2.960|1346269184|1354293248|sim_data_341798b7487bf001|__AUTOMETRIC__
__AUTOMETRIC__|0.1.2|25352|crew_log_06d891c508b68cbf|0|1786388458.718|104.325|3.260|1312952320|1321127936|sim_data_341798b7487bf001|__AUTOMETRIC__
__AUTOMETRIC__|0.1.2|25352|crew_log_06d891c508b68cbf|0|1786388459.732|104.770|3.274|1378267136|1386196992|sim_data_341798b7487bf001|__AUTOMETRIC__
__AUTOMETRIC__|0.1.2|25352|crew_log_06d891c508b68cbf|0|1786388460.736|99.548|3.111|1436459008|1444990976|sim_data_341798b7487bf001|__AUTOMETRIC__
__AUTOMETRIC__|0.1.2|25352|crew_log_06d891c508b68cbf|0|1786388461.750|103.245|3.226|1167892480|1176338432|sim_data_341798b7487bf001|__AUTOMETRIC__
__AUTOMETRIC__|0.1.2|25352|crew_log_06d891c508b68cbf|0|1786388462.762|97.287|3.040|1168171008|1176616960|sim_data_341798b7487bf001|__AUTOMETRIC__
__AUTOMETRIC__|0.1.2|25352|crew_log_06d891c508b68cbf|0|1786388463.770|103.905|3.247|1060323328|1068085248|sim_data_341798b7487bf001|__AUTOMETRIC__
__AUTOMETRIC__|0.1.2|25352|crew_log_06d891c508b68cbf|0|1786388464.782|100.357|3.136|1058361344|1066176512|sim_data_341798b7487bf001|__AUTOMETRIC__
__AUTOMETRIC__|0.1.2|25352|crew_log_06d891c508b68cbf|0|1786388465.785|101.167|3.161|1058316288|1066033152|sim_data_341798b7487bf001|__AUTOMETRIC__
__AUTOMETRIC__|0.1.2|25352|crew_log_06d891c508b68cbf|0|1786388466.799|100.192|3.131|1058312192|1066119168|sim_data_341798b7487bf001|__AUTOMETRIC__
__AUTOMETRIC__|0.1.2|25352|crew_log_06d891c508b68cbf|0|1786388467.808|97.542|3.048|1061154816|1068871680|sim_data_341798b7487bf001|__AUTOMETRIC__
__AUTOMETRIC__|0.1.2|25352|crew_log_06d891c508b68cbf|0|1786388468.810|101.416|3.169|1061163008|1068879872|sim_data_341798b7487bf001|__AUTOMETRIC__
__AUTOMETRIC__|0.1.2|25352|crew_log_06d891c508b68cbf|0|1786388469.821|98.841|3.089|1061167104|1068974080|sim_data_341798b7487bf001|__AUTOMETRIC__
__AUTOMETRIC__|0.1.2|25352|crew_log_06d891c508b68cbf|0|1786388470.836|100.088|3.128|1063858176|1071665152|sim_data_341798b7487bf001|__AUTOMETRIC__
__AUTOMETRIC__|0.1.2|25352|crew_log_06d891c508b68cbf|0|1786388471.849|100.325|3.135|1063858176|1071575040|sim_data_341798b7487bf001|__AUTOMETRIC__
__AUTOMETRIC__|0.1.2|25352|crew_log_06d891c508b68cbf|0|1786388472.863|100.146|3.130|1063866368|1071673344|sim_data_341798b7487bf001|__AUTOMETRIC__
__AUTOMETRIC__|0.1.2|25352|crew_log_06d891c508b68cbf|0|1786388473.869|99.407|3.106|1371287552|1379143680|sim_data_341798b7487bf001|__AUTOMETRIC__
__AUTOMETRIC__|0.1.2|25352|crew_log_06d891c508b68cbf|0|1786388474.884|103.149|3.223|1451196416|1459032064|sim_data_341798b7487bf001|__AUTOMETRIC__
__AUTOMETRIC__|0.1.2|25352|crew_log_06d891c508b68cbf|0|1786388475.895|100.375|3.137|1547907072|1556267008|sim_data_341798b7487bf001|__AUTOMETRIC__
__AUTOMETRIC__|0.1.2|25352|crew_log_06d891c508b68cbf|0|1786388476.904|102.225|3.195|1197240320|1206071296|sim_data_341798b7487bf001|__AUTOMETRIC__
__AUTOMETRIC__|0.1.2|25352|crew_log_06d891c508b68cbf|0|1786388477.908|101.214|3.163|1193046016|1201205248|sim_data_341798b7487bf001|__AUTOMETRIC__
__AUTOMETRIC__|0.1.2|25352|crew_log_06d891c508b68cbf|0|1786388478.909|98.284|3.071|1190567936|1198505984|sim_data_341798b7487bf001|__AUTOMETRIC__
__AUTOMETRIC__|0.1.2|25352|crew_log_06d891c508b68cbf|0|1786388479.912|99.762|3.118|1193332736|1201270784|sim_data_341798b7487bf001|__AUTOMETRIC__
__AUTOMETRIC__|0.1.2|25352|crew_log_06d891c508b68cbf|0|1786388480.926|100.085|3.128|1193320448|1201258496|sim_data_341798b7487bf001|__AUTOMETRIC__
__AUTOMETRIC__|0.1.2|25352|crew_log_06d891c508b68cbf|0|1786388481.931|99.587|3.112|1193320448|1201258496|sim_data_341798b7487bf001|__AUTOMETRIC__
__AUTOMETRIC__|0.1.2|25352|crew_log_06d891c508b68cbf|0|1786388482.933|99.767|3.118|1195835392|1203703808|sim_data_341798b7487bf001|__AUTOMETRIC__
__AUTOMETRIC__|0.1.2|25352|crew_log_06d891c508b68cbf|0|1786388483.947|100.183|3.131|1196093440|1203961856|sim_data_341798b7487bf001|__AUTOMETRIC__
__AUTOMETRIC__|0.1.2|25352|crew_log_06d891c508b68cbf|0|1786388484.957|100.486|3.140|1196118016|1204056064|sim_data_341798b7487bf001|__AUTOMETRIC__
__AUTOMETRIC__|0.1.2|25352|crew_log_06d891c508b68cbf|0|1786388485.969|98.881|3.090|1198645248|1206583296|sim_data_341798b7487bf001|__AUTOMETRIC__
__AUTOMETRIC__|0.1.2|25352|crew_log_06d891c508b68cbf|0|1786388486.983|100.160|3.130|1198940160|1206878208|sim_data_341798b7487bf001|__AUTOMETRIC__
__AUTOMETRIC__|0.1.2|25352|crew_log_06d891c508b68cbf|0|1786388487.984|101.387|3.168|1198907392|1206845440|sim_data_341798b7487bf001|__AUTOMETRIC__
__AUTOMETRIC__|0.1.2|25352|crew_log_06d891c508b68cbf|0|1786388488.995|100.461|3.139|1717981184|1726164992|sim_data_341798b7487bf001|__AUTOMETRIC__
__AUTOMETRIC__|0.1.2|25352|crew_log_06d891c508b68cbf|0|1786388490.000|104.215|3.257|1646764032|1654984704|sim_data_341798b7487bf001|__AUTOMETRIC__
__AUTOMETRIC__|0.1.2|25352|crew_log_06d891c508b68cbf|0|1786388491.011|106.608|3.332|1219842048|1228537856|sim_data_341798b7487bf001|__AUTOMETRIC__
__AUTOMETRIC__|0.1.2|25352|crew_log_06d891c508b68cbf|0|1786388492.016|99.526|3.110|1218187264|1226485760|sim_data_341798b7487bf001|__AUTOMETRIC__
__AUTOMETRIC__|0.1.2|25352|crew_log_06d891c508b68cbf|0|1786388493.022|99.416|3.107|1208913920|1216888832|sim_data_341798b7487bf001|__AUTOMETRIC__
__AUTOMETRIC__|0.1.2|25352|crew_log_06d891c508b68cbf|0|1786388494.036|100.157|3.130|1211899904|1219878912|sim_data_341798b7487bf001|__AUTOMETRIC__
__AUTOMETRIC__|0.1.2|25352|crew_log_06d891c508b68cbf|0|1786388495.039|99.642|3.114|1211764736|1219735552|sim_data_341798b7487bf001|__AUTOMETRIC__
__AUTOMETRIC__|0.1.2|25352|crew_log_06d891c508b68cbf|0|1786388496.045|99.495|3.109|1211764736|1219731456|sim_data_341798b7487bf001|__AUTOMETRIC__
__AUTOMETRIC__|0.1.2|25352|crew_log_06d891c508b68cbf|0|1786388497.049|99.602|3.113|1214423040|1222328320|sim_data_341798b7487bf001|__AUTOMETRIC__
__AUTOMETRIC__|0.1.2|25352|crew_log_06d891c508b68cbf|0|1786388498.054|99.434|3.107|1214545920|1222451200|sim_data_341798b7487bf001|__AUTOMETRIC__
__AUTOMETRIC__|0.1.2|25352|crew_log_06d891c508b68cbf|0|1786388499.062|102.344|3.198|1214595072|1222561792|sim_data_341798b7487bf001|__AUTOMETRIC__
__AUTOMETRIC__|0.1.2|25352|crew_log_06d891c508b68cbf|0|1786388500.064|99.820|3.119|1217634304|1225609216|sim_data_341798b7487bf001|__AUTOMETRIC__
__AUTOMETRIC__|0.1.2|25352|crew_log_06d891c508b68cbf|0|1786388501.079|98.520|3.079|1217478656|1225445376|sim_data_341798b7487bf001|__AUTOMETRIC__
__AUTOMETRIC__|0.1.2|25352|crew_log_06d891c508b68cbf|0|1786388502.093|98.630|3.082|1217482752|1225449472|sim_data_341798b7487bf001|__AUTOMETRIC__
__AUTOMETRIC__|0.1.2|25352|crew_log_06d891c508b68cbf|0|1786388503.106|100.220|3.132|1418260480|1426149376|sim_data_341798b7487bf001|__AUTOMETRIC__
__AUTOMETRIC__|0.1.2|25352|crew_log_06d891c508b68cbf|0|1786388504.107|101.465|3.171|1610145792|1618219008|sim_data_341798b7487bf001|__AUTOMETRIC__
__AUTOMETRIC__|0.1.2|25352|crew_log_06d891c508b68cbf|0|1786388505.111|102.725|3.210|1822875648|1830580224|sim_data_341798b7487bf001|__AUTOMETRIC__
__AUTOMETRIC__|0.1.2|25352|crew_log_06d891c508b68cbf|0|1786388506.114|102.847|3.214|1798828032|1807593472|sim_data_341798b7487bf001|__AUTOMETRIC__
__AUTOMETRIC__|0.1.2|25352|crew_log_06d891c508b68cbf|0|1786388507.128|106.258|3.321|1035223040|1043693568|sim_data_341798b7487bf001|__AUTOMETRIC__
__AUTOMETRIC__|0.1.2|25352|crew_log_06d891c508b68cbf|0|1786388508.136|99.267|3.102|1035370496|1043841024|sim_data_341798b7487bf001|__AUTOMETRIC__
__AUTOMETRIC__|0.1.2|25352|crew_log_06d891c508b68cbf|0|1786388509.137|98.338|3.073|1030856704|1038602240|sim_data_341798b7487bf001|__AUTOMETRIC__
__AUTOMETRIC__|0.1.2|25352|crew_log_06d891c508b68cbf|0|1786388510.150|100.192|3.131|1033793536|1041547264|sim_data_341798b7487bf001|__AUTOMETRIC__
__AUTOMETRIC__|0.1.2|25352|crew_log_06d891c508b68cbf|0|1786388511.153|99.771|3.118|1033596928|1041231872|sim_data_341798b7487bf001|__AUTOMETRIC__
__AUTOMETRIC__|0.1.2|25352|crew_log_06d891c508b68cbf|0|1786388512.161|100.687|3.146|1033641984|1041276928|sim_data_341798b7487bf001|__AUTOMETRIC__
__AUTOMETRIC__|0.1.2|25352|crew_log_06d891c508b68cbf|0|1786388513.164|99.697|3.116|1033588736|1041223680|sim_data_341798b7487bf001|__AUTOMETRIC__
__AUTOMETRIC__|0.1.2|25352|crew_log_06d891c508b68cbf|0|1786388514.165|99.897|3.122|1036500992|1044144128|sim_data_341798b7487bf001|__AUTOMETRIC__
__AUTOMETRIC__|0.1.2|25352|crew_log_06d891c508b68cbf|0|1786388515.181|100.005|3.125|1036353536|1043988480|sim_data_341798b7487bf001|__AUTOMETRIC__
__AUTOMETRIC__|0.1.2|25352|crew_log_06d891c508b68cbf|0|1786388516.181|99.948|3.123|1036353536|1043988480|sim_data_341798b7487bf001|__AUTOMETRIC__
__AUTOMETRIC__|0.1.2|25352|crew_log_06d891c508b68cbf|0|1786388517.181|99.990|3.125|1039364096|1047007232|sim_data_341798b7487bf001|__AUTOMETRIC__
__AUTOMETRIC__|0.1.2|25352|crew_log_06d891c508b68cbf|0|1786388518.197|100.024|3.126|1039212544|1046847488|sim_data_341798b7487bf001|__AUTOMETRIC__
__AUTOMETRIC__|0.1.2|25352|crew_log_06d891c508b68cbf|0|1786388519.198|98.365|3.074|1039278080|1046913024|sim_data_341798b7487bf001|__AUTOMETRIC__
__AUTOMETRIC__|0.1.2|25352|crew_log_06d891c508b68cbf|0|1786388520.203|100.994|3.156|1238704128|1246490624|sim_data_341798b7487bf001|__AUTOMETRIC__
__AUTOMETRIC__|0.1.2|25352|crew_log_06d891c508b68cbf|0|1786388521.218|100.114|3.129|2120925184|2129854464|sim_data_341798b7487bf001|__AUTOMETRIC__
__AUTOMETRIC__|0.1.2|25352|crew_log_06d891c508b68cbf|0|1786388522.231|106.368|3.324|1921900544|1930608640|sim_data_341798b7487bf001|__AUTOMETRIC__
__AUTOMETRIC__|0.1.2|25352|crew_log_06d891c508b68cbf|0|1786388523.236|105.799|3.306|1151164416|1160511488|sim_data_341798b7487bf001|__AUTOMETRIC__
__AUTOMETRIC__|0.1.2|25352|crew_log_06d891c508b68cbf|0|1786388524.249|98.640|3.082|1148211200|1156890624|sim_data_341798b7487bf001|__AUTOMETRIC__
__AUTOMETRIC__|0.1.2|25352|crew_log_06d891c508b68cbf|0|1786388525.255|100.991|3.156|1148018688|1156452352|sim_data_341798b7487bf001|__AUTOMETRIC__
__AUTOMETRIC__|0.1.2|25352|crew_log_06d891c508b68cbf|0|1786388526.255|99.953|3.124|1150754816|1159196672|sim_data_341798b7487bf001|__AUTOMETRIC__
__AUTOMETRIC__|0.1.2|25352|crew_log_06d891c508b68cbf|0|1786388527.263|99.290|3.103|1150566400|1159000064|sim_data_341798b7487bf001|__AUTOMETRIC__
__AUTOMETRIC__|0.1.2|25352|crew_log_06d891c508b68cbf|0|1786388528.277|100.131|3.129|1150566400|1159000064|sim_data_341798b7487bf001|__AUTOMETRIC__
__AUTOMETRIC__|0.1.2|25352|crew_log_06d891c508b68cbf|0|1786388529.292|100.088|3.128|1153548288|1161990144|sim_data_341798b7487bf001|__AUTOMETRIC__
__AUTOMETRIC__|0.1.2|25352|crew_log_06d891c508b68cbf|0|1786388530.306|98.612|3.082|1153466368|1161900032|sim_data_341798b7487bf001|__AUTOMETRIC__
__AUTOMETRIC__|0.1.2|25352|crew_log_06d891c508b68cbf|0|1786388531.321|100.050|3.127|1153765376|1162199040|sim_data_341798b7487bf001|__AUTOMETRIC__
__AUTOMETRIC__|0.1.2|25352|crew_log_06d891c508b68cbf|0|1786388532.324|99.648|3.114|1156554752|1164996608|sim_data_341798b7487bf001|__AUTOMETRIC__
__AUTOMETRIC__|0.1.2|25352|crew_log_06d891c508b68cbf|0|1786388533.331|100.941|3.154|1156399104|1164832768|sim_data_341798b7487bf001|__AUTOMETRIC__
__AUTOMETRIC__|0.1.2|25352|crew_log_06d891c508b68cbf|0|1786388534.345|100.098|3.128|1156694016|1165127680|sim_data_341798b7487bf001|__AUTOMETRIC__
__AUTOMETRIC__|0.1.2|25352|crew_log_06d891c508b68cbf|0|1786388535.347|98.223|3.069|1377755136|1386201088|sim_data_341798b7487bf001|__AUTOMETRIC__
__AUTOMETRIC__|0.1.2|25352|crew_log_06d891c508b68cbf|0|1786388536.350|98.208|3.069|2249814016|2258763776|sim_data_341798b7487bf001|__AUTOMETRIC__
__AUTOMETRIC__|0.1.2|25352|crew_log_06d891c508b68cbf|0|1786388537.355|107.247|3.351|1460129792|1468665856|sim_data_341798b7487bf001|__AUTOMETRIC__
__AUTOMETRIC__|0.1.2|25352|crew_log_06d891c508b68cbf|0|1786388538.355|99.968|3.124|1476640768|1485475840|sim_data_341798b7487bf001|__AUTOMETRIC__
__AUTOMETRIC__|0.1.2|25352|crew_log_06d891c508b68cbf|0|1786388539.367|100.384|3.137|1475756032|1484382208|sim_data_341798b7487bf001|__AUTOMETRIC__
__AUTOMETRIC__|0.1.2|25352|crew_log_06d891c508b68cbf|0|1786388540.368|99.929|3.123|1473667072|1482010624|sim_data_341798b7487bf001|__AUTOMETRIC__
__AUTOMETRIC__|0.1.2|25352|crew_log_06d891c508b68cbf|0|1786388541.381|100.182|3.131|1476722688|1485066240|sim_data_341798b7487bf001|__AUTOMETRIC__
__AUTOMETRIC__|0.1.2|25352|crew_log_06d891c508b68cbf|0|1786388542.384|99.763|3.118|1476534272|1484877824|sim_data_341798b7487bf001|__AUTOMETRIC__
__AUTOMETRIC__|0.1.2|25352|crew_log_06d891c508b68cbf|0|1786388543.399|100.006|3.125|1476575232|1484918784|sim_data_341798b7487bf001|__AUTOMETRIC__
__AUTOMETRIC__|0.1.2|25352|crew_log_06d891c508b68cbf|0|1786388544.411|100.358|3.136|1476538368|1484881920|sim_data_341798b7487bf001|__AUTOMETRIC__
__AUTOMETRIC__|0.1.2|25352|crew_log_06d891c508b68cbf|0|1786388545.425|100.206|3.131|1479151616|1487495168|sim_data_341798b7487bf001|__AUTOMETRIC__
__AUTOMETRIC__|0.1.2|25352|crew_log_06d891c508b68cbf|0|1786388546.433|99.192|3.100|1479274496|1487618048|sim_data_341798b7487bf001|__AUTOMETRIC__
__AUTOMETRIC__|0.1.2|25352|crew_log_06d891c508b68cbf|0|1786388547.436|99.761|3.118|1479278592|1487622144|sim_data_341798b7487bf001|__AUTOMETRIC__
__AUTOMETRIC__|0.1.2|25352|crew_log_06d891c508b68cbf|0|1786388548.441|101.003|3.156|1482235904|1490587648|sim_data_341798b7487bf001|__AUTOMETRIC__
__AUTOMETRIC__|0.1.2|25352|crew_log_06d891c508b68cbf|0|1786388549.456|100.036|3.126|1482072064|1490415616|sim_data_341798b7487bf001|__AUTOMETRIC__
__AUTOMETRIC__|0.1.2|25352|crew_log_06d891c508b68cbf|0|1786388550.471|100.061|3.127|1482117120|1490460672|sim_data_341798b7487bf001|__AUTOMETRIC__
__AUTOMETRIC__|0.1.2|25352|crew_log_06d891c508b68cbf|0|1786388551.477|97.925|3.060|1514532864|1522966528|sim_data_341798b7487bf001|__AUTOMETRIC__
__AUTOMETRIC__|0.1.2|25352|crew_log_06d891c508b68cbf|0|1786388552.480|102.815|3.213|1895198720|1903824896|sim_data_341798b7487bf001|__AUTOMETRIC__
__AUTOMETRIC__|0.1.2|25352|crew_log_06d891c508b68cbf|0|1786388553.495|104.611|3.269|1717624832|1726222336|sim_data_341798b7487bf001|__AUTOMETRIC__
__AUTOMETRIC__|0.1.2|25352|crew_log_06d891c508b68cbf|0|1786388554.497|99.866|3.121|1734303744|1742962688|sim_data_341798b7487bf001|__AUTOMETRIC__
__AUTOMETRIC__|0.1.2|25352|crew_log_06d891c508b68cbf|0|1786388555.500|101.240|3.164|1734590464|1743249408|sim_data_341798b7487bf001|__AUTOMETRIC__
__AUTOMETRIC__|0.1.2|25352|crew_log_06d891c508b68cbf|0|1786388556.500|99.946|3.123|1732075520|1740451840|sim_data_341798b7487bf001|__AUTOMETRIC__
__AUTOMETRIC__|0.1.2|25352|crew_log_06d891c508b68cbf|0|1786388557.505|99.561|3.111|1734897664|1743282176|sim_data_341798b7487bf001|__AUTOMETRIC__
__AUTOMETRIC__|0.1.2|25352|crew_log_06d891c508b68cbf|0|1786388558.519|100.093|3.128|1734795264|1743171584|sim_data_341798b7487bf001|__AUTOMETRIC__
__AUTOMETRIC__|0.1.2|25352|crew_log_06d891c508b68cbf|0|1786388559.532|95.633|2.989|1734836224|1743212544|sim_data_341798b7487bf001|__AUTOMETRIC__
__AUTOMETRIC__|0.1.2|25352|crew_log_06d891c508b68cbf|0|1786388560.546|98.635|3.082|1734799360|1743175680|sim_data_341798b7487bf001|__AUTOMETRIC__
__AUTOMETRIC__|0.1.2|25352|crew_log_06d891c508b68cbf|0|1786388561.547|99.965|3.124|1737617408|1745993728|sim_data_341798b7487bf001|__AUTOMETRIC__
__AUTOMETRIC__|0.1.2|25352|crew_log_06d891c508b68cbf|0|1786388562.551|101.082|3.159|1737670656|1746046976|sim_data_341798b7487bf001|__AUTOMETRIC__
__AUTOMETRIC__|0.1.2|25352|crew_log_06d891c508b68cbf|0|1786388563.566|100.085|3.128|1737629696|1746006016|sim_data_341798b7487bf001|__AUTOMETRIC__
__AUTOMETRIC__|0.1.2|25352|crew_log_06d891c508b68cbf|0|1786388564.579|100.282|3.134|1740288000|1748664320|sim_data_341798b7487bf001|__AUTOMETRIC__
__AUTOMETRIC__|0.1.2|25352|crew_log_06d891c508b68cbf|0|1786388565.589|98.991|3.093|1740460032|1748836352|sim_data_341798b7487bf001|__AUTOMETRIC__
__AUTOMETRIC__|0.1.2|25352|crew_log_06d891c508b68cbf|0|1786388566.600|100.418|3.138|1740419072|1748795392|sim_data_341798b7487bf001|__AUTOMETRIC__
__AUTOMETRIC__|0.1.2|25352|crew_log_06d891c508b68cbf|0|1786388567.616|98.477|3.077|2262040576|2270830592|sim_data_341798b7487bf001|__AUTOMETRIC__
__AUTOMETRIC__|0.1.2|25352|crew_log_06d891c508b68cbf|0|1786388568.620|104.291|3.259|2443681792|2452623360|sim_data_341798b7487bf001|__AUTOMETRIC__
__AUTOMETRIC__|0.1.2|25352|crew_log_06d891c508b68cbf|0|1786388569.623|104.319|3.260|1311019008|1320243200|sim_data_341798b7487bf001|__AUTOMETRIC__
__AUTOMETRIC__|0.1.2|25352|crew_log_06d891c508b68cbf|0|1786388570.627|102.704|3.210|1306738688|1315495936|sim_data_341798b7487bf001|__AUTOMETRIC__
__AUTOMETRIC__|0.1.2|25352|crew_log_06d891c508b68cbf|0|1786388571.641|100.216|3.132|1304317952|1312845824|sim_data_341798b7487bf001|__AUTOMETRIC__
__AUTOMETRIC__|0.1.2|25352|crew_log_06d891c508b68cbf|0|1786388572.644|99.633|3.114|1304076288|1312604160|sim_data_341798b7487bf001|__AUTOMETRIC__
__AUTOMETRIC__|0.1.2|25352|crew_log_06d891c508b68cbf|0|1786388573.648|99.624|3.113|1306800128|1315328000|sim_data_341798b7487bf001|__AUTOMETRIC__
__AUTOMETRIC__|0.1.2|25352|crew_log_06d891c508b68cbf|0|1786388574.663|100.128|3.129|1306918912|1315446784|sim_data_341798b7487bf001|__AUTOMETRIC__
__AUTOMETRIC__|0.1.2|25352|crew_log_06d891c508b68cbf|0|1786388575.664|99.830|3.120|1307181056|1315708928|sim_data_341798b7487bf001|__AUTOMETRIC__
__AUTOMETRIC__|0.1.2|25352|crew_log_06d891c508b68cbf|0|1786388576.676|100.408|3.138|1309515776|1318043648|sim_data_341798b7487bf001|__AUTOMETRIC__
__AUTOMETRIC__|0.1.2|25352|crew_log_06d891c508b68cbf|0|1786388577.687|100.453|3.139|1309659136|1318420480|sim_data_341798b7487bf001|__AUTOMETRIC__
__AUTOMETRIC__|0.1.2|25352|crew_log_06d891c508b68cbf|0|1786388578.688|99.839|3.120|1309679616|1318424576|sim_data_341798b7487bf001|__AUTOMETRIC__
__AUTOMETRIC__|0.1.2|25352|crew_log_06d891c508b68cbf|0|1786388579.691|99.777|3.118|1312534528|1321062400|sim_data_341798b7487bf001|__AUTOMETRIC__
__AUTOMETRIC__|0.1.2|25352|crew_log_06d891c508b68cbf|0|1786388580.702|100.423|3.138|1312595968|1321340928|sim_data_341798b7487bf001|__AUTOMETRIC__
__AUTOMETRIC__|0.1.2|25352|crew_log_06d891c508b68cbf|0|1786388581.706|98.078|3.065|1312522240|1321050112|sim_data_341798b7487bf001|__AUTOMETRIC__
__AUTOMETRIC__|0.1.2|25352|crew_log_06d891c508b68cbf|0|1786388582.712|99.398|3.106|1957003264|1965867008|sim_data_341798b7487bf001|__AUTOMETRIC__
__AUTOMETRIC__|0.1.2|25352|crew_log_06d891c508b68cbf|0|1786388583.717|101.052|3.158|1977552896|1986519040|sim_data_341798b7487bf001|__AUTOMETRIC__
__AUTOMETRIC__|0.1.2|25352|crew_log_06d891c508b68cbf|0|1786388584.722|105.701|3.303|1672749056|1682022400|sim_data_341798b7487bf001|__AUTOMETRIC__
__AUTOMETRIC__|0.1.2|25352|crew_log_06d891c508b68cbf|0|1786388585.736|100.197|3.131|1668366336|1677049856|sim_data_341798b7487bf001|__AUTOMETRIC__
__AUTOMETRIC__|0.1.2|25352|crew_log_06d891c508b68cbf|0|1786388586.737|99.846|3.120|1667141632|1675866112|sim_data_341798b7487bf001|__AUTOMETRIC__
__AUTOMETRIC__|0.1.2|25352|crew_log_06d891c508b68cbf|0|1786388587.742|98.000|3.062|1670070272|1678807040|sim_data_341798b7487bf001|__AUTOMETRIC__
__AUTOMETRIC__|0.1.2|25352|crew_log_06d891c508b68cbf|0|1786388588.745|99.651|3.114|1669918720|1678462976|sim_data_341798b7487bf001|__AUTOMETRIC__
__AUTOMETRIC__|0.1.2|25352|crew_log_06d891c508b68cbf|0|1786388589.755|100.565|3.143|1669922816|1678647296|sim_data_341798b7487bf001|__AUTOMETRIC__
__AUTOMETRIC__|0.1.2|25352|crew_log_06d891c508b68cbf|0|1786388590.762|99.283|3.103|1672708096|1681252352|sim_data_341798b7487bf001|__AUTOMETRIC__
__AUTOMETRIC__|0.1.2|25352|crew_log_06d891c508b68cbf|0|1786388591.777|98.501|3.078|1672708096|1681252352|sim_data_341798b7487bf001|__AUTOMETRIC__
__AUTOMETRIC__|0.1.2|25352|crew_log_06d891c508b68cbf|0|1786388592.788|100.517|3.141|1672749056|1681473536|sim_data_341798b7487bf001|__AUTOMETRIC__
__AUTOMETRIC__|0.1.2|25352|crew_log_06d891c508b68cbf|0|1786388593.799|100.461|3.139|1675657216|1684393984|sim_data_341798b7487bf001|__AUTOMETRIC__
__AUTOMETRIC__|0.1.2|25352|crew_log_06d891c508b68cbf|0|1786388594.811|98.831|3.088|1675485184|1684209664|sim_data_341798b7487bf001|__AUTOMETRIC__
__AUTOMETRIC__|0.1.2|25352|crew_log_06d891c508b68cbf|0|1786388595.816|102.618|3.207|1675517952|1684242432|sim_data_341798b7487bf001|__AUTOMETRIC__
__AUTOMETRIC__|0.1.2|25352|crew_log_06d891c508b68cbf|0|1786388596.831|99.989|3.125|2182504448|2191560704|sim_data_341798b7487bf001|__AUTOMETRIC__
__AUTOMETRIC__|0.1.2|25352|crew_log_06d891c508b68cbf|0|1786388597.836|101.123|3.160|2412187648|2421215232|sim_data_341798b7487bf001|__AUTOMETRIC__
__AUTOMETRIC__|0.1.2|25352|crew_log_06d891c508b68cbf|0|1786388598.840|107.319|3.354|1421307904|1430577152|sim_data_341798b7487bf001|__AUTOMETRIC__
__AUTOMETRIC__|0.1.2|25352|crew_log_06d891c508b68cbf|0|1786388599.843|101.272|3.165|1415192576|1424064512|sim_data_341798b7487bf001|__AUTOMETRIC__
__AUTOMETRIC__|0.1.2|25352|crew_log_06d891c508b68cbf|0|1786388600.850|99.295|3.103|1413713920|1422311424|sim_data_341798b7487bf001|__AUTOMETRIC__
__AUTOMETRIC__|0.1.2|25352|crew_log_06d891c508b68cbf|0|1786388601.866|100.013|3.125|1413513216|1422249984|sim_data_341798b7487bf001|__AUTOMETRIC__
__AUTOMETRIC__|0.1.2|25352|crew_log_06d891c508b68cbf|0|1786388602.867|99.847|3.120|1416396800|1424994304|sim_data_341798b7487bf001|__AUTOMETRIC__
__AUTOMETRIC__|0.1.2|25352|crew_log_06d891c508b68cbf|0|1786388603.882|98.534|3.079|1416417280|1425154048|sim_data_341798b7487bf001|__AUTOMETRIC__
__AUTOMETRIC__|0.1.2|25352|crew_log_06d891c508b68cbf|0|1786388604.884|99.786|3.118|1416400896|1425137664|sim_data_341798b7487bf001|__AUTOMETRIC__
__AUTOMETRIC__|0.1.2|25352|crew_log_06d891c508b68cbf|0|1786388605.888|99.590|3.112|1419071488|1427668992|sim_data_341798b7487bf001|__AUTOMETRIC__
__AUTOMETRIC__|0.1.2|25352|crew_log_06d891c508b68cbf|0|1786388606.893|102.632|3.207|1419227136|1427824640|sim_data_341798b7487bf001|__AUTOMETRIC__
__AUTOMETRIC__|0.1.2|25352|crew_log_06d891c508b68cbf|0|1786388607.899|97.875|3.059|1419206656|1427804160|sim_data_341798b7487bf001|__AUTOMETRIC__
__AUTOMETRIC__|0.1.2|25352|crew_log_06d891c508b68cbf|0|1786388608.912|100.242|3.133|1421680640|1430278144|sim_data_341798b7487bf001|__AUTOMETRIC__
__AUTOMETRIC__|0.1.2|25352|crew_log_06d891c508b68cbf|0|1786388609.920|99.236|3.101|1421942784|1430540288|sim_data_341798b7487bf001|__AUTOMETRIC__
__AUTOMETRIC__|0.1.2|25352|crew_log_06d891c508b68cbf|0|1786388610.923|101.277|3.165|1421955072|1430691840|sim_data_341798b7487bf001|__AUTOMETRIC__
__AUTOMETRIC__|0.1.2|25352|crew_log_06d891c508b68cbf|0|1786388611.938|101.576|3.174|1576570880|1585106944|sim_data_341798b7487bf001|__AUTOMETRIC__
__AUTOMETRIC__|0.1.2|25352|crew_log_06d891c508b68cbf|0|1786388612.940|101.380|3.168|1841487872|1850044416|sim_data_341798b7487bf001|__AUTOMETRIC__
__AUTOMETRIC__|0.1.2|25352|crew_log_06d891c508b68cbf|0|1786388613.954|100.148|3.130|1897947136|1907195904|sim_data_341798b7487bf001|__AUTOMETRIC__
__AUTOMETRIC__|0.1.2|25352|crew_log_06d891c508b68cbf|0|1786388614.960|100.888|3.153|1284800512|1293545472|sim_data_341798b7487bf001|__AUTOMETRIC__
__AUTOMETRIC__|0.1.2|25352|crew_log_06d891c508b68cbf|0|1786388615.964|99.699|3.116|1284820992|1293565952|sim_data_341798b7487bf001|__AUTOMETRIC__
__AUTOMETRIC__|0.1.2|25352|crew_log_06d891c508b68cbf|0|1786388616.978|100.091|3.128|1280552960|1289134080|sim_data_341798b7487bf001|__AUTOMETRIC__
__AUTOMETRIC__|0.1.2|25352|crew_log_06d891c508b68cbf|0|1786388617.993|100.108|3.128|1280393216|1288966144|sim_data_341798b7487bf001|__AUTOMETRIC__
__AUTOMETRIC__|0.1.2|25352|crew_log_06d891c508b68cbf|0|1786388619.007|100.119|3.129|1280405504|1288978432|sim_data_341798b7487bf001|__AUTOMETRIC__
__AUTOMETRIC__|0.1.2|25352|crew_log_06d891c508b68cbf|0|1786388620.022|100.065|3.127|1283338240|1291919360|sim_data_341798b7487bf001|__AUTOMETRIC__
__AUTOMETRIC__|0.1.2|25352|crew_log_06d891c508b68cbf|0|1786388621.037|100.045|3.126|1283006464|1291481088|sim_data_341798b7487bf001|__AUTOMETRIC__
__AUTOMETRIC__|0.1.2|25352|crew_log_06d891c508b68cbf|0|1786388622.051|100.233|3.132|1282871296|1291345920|sim_data_341798b7487bf001|__AUTOMETRIC__
__AUTOMETRIC__|0.1.2|25352|crew_log_06d891c508b68cbf|0|1786388623.065|100.114|3.129|1282871296|1291345920|sim_data_341798b7487bf001|__AUTOMETRIC__
__AUTOMETRIC__|0.1.2|25352|crew_log_06d891c508b68cbf|0|1786388624.069|99.630|3.113|1283162112|1291636736|sim_data_341798b7487bf001|__AUTOMETRIC__
__AUTOMETRIC__|0.1.2|25352|crew_log_06d891c508b68cbf|0|1786388625.072|99.678|3.115|1286135808|1294716928|sim_data_341798b7487bf001|__AUTOMETRIC__
__AUTOMETRIC__|0.1.2|25352|crew_log_06d891c508b68cbf|0|1786388626.086|100.137|3.129|1285931008|1294503936|sim_data_341798b7487bf001|__AUTOMETRIC__
__AUTOMETRIC__|0.1.2|25352|crew_log_06d891c508b68cbf|0|1786388627.086|99.978|3.124|1285951488|1294524416|sim_data_341798b7487bf001|__AUTOMETRIC__
__AUTOMETRIC__|0.1.2|25352|crew_log_06d891c508b68cbf|0|1786388628.096|100.641|3.145|1495793664|1504387072|sim_data_341798b7487bf001|__AUTOMETRIC__
__AUTOMETRIC__|0.1.2|25352|crew_log_06d891c508b68cbf|0|1786388629.099|101.234|3.164|1936023552|1944793088|sim_data_341798b7487bf001|__AUTOMETRIC__
__AUTOMETRIC__|0.1.2|25352|crew_log_06d891c508b68cbf|0|1786388630.104|101.077|3.159|1739096064|1748127744|sim_data_341798b7487bf001|__AUTOMETRIC__
__AUTOMETRIC__|0.1.2|25352|crew_log_06d891c508b68cbf|0|1786388631.115|100.387|3.137|1730859008|1739628544|sim_data_341798b7487bf001|__AUTOMETRIC__
__AUTOMETRIC__|0.1.2|25352|crew_log_06d891c508b68cbf|0|1786388632.117|99.875|3.121|1731137536|1739907072|sim_data_341798b7487bf001|__AUTOMETRIC__
__AUTOMETRIC__|0.1.2|25352|crew_log_06d891c508b68cbf|0|1786388633.128|98.832|3.089|1729495040|1738125312|sim_data_341798b7487bf001|__AUTOMETRIC__
__AUTOMETRIC__|0.1.2|25352|crew_log_06d891c508b68cbf|0|1786388634.142|100.237|3.132|1732468736|1741107200|sim_data_341798b7487bf001|__AUTOMETRIC__
__AUTOMETRIC__|0.1.2|25352|crew_log_06d891c508b68cbf|0|1786388635.144|99.728|3.117|1732067328|1740697600|sim_data_341798b7487bf001|__AUTOMETRIC__
__AUTOMETRIC__|0.1.2|25352|crew_log_06d891c508b68cbf|0|1786388636.145|99.934|3.123|1732071424|1740918784|sim_data_341798b7487bf001|__AUTOMETRIC__
__AUTOMETRIC__|0.1.2|25352|crew_log_06d891c508b68cbf|0|1786388637.147|99.818|3.119|1734696960|1743327232|sim_data_341798b7487bf001|__AUTOMETRIC__
__AUTOMETRIC__|0.1.2|25352|crew_log_06d891c508b68cbf|0|1786388638.152|99.483|3.109|1734828032|1743458304|sim_data_341798b7487bf001|__AUTOMETRIC__
__AUTOMETRIC__|0.1.2|25352|crew_log_06d891c508b68cbf|0|1786388639.160|99.163|3.099|1735090176|1743720448|sim_data_341798b7487bf001|__AUTOMETRIC__
__AUTOMETRIC__|0.1.2|25352|crew_log_06d891c508b68cbf|0|1786388640.162|99.814|3.119|1737654272|1746284544|sim_data_341798b7487bf001|__AUTOMETRIC__
__AUTOMETRIC__|0.1.2|25352|crew_log_06d891c508b68cbf|0|1786388641.166|99.626|3.113|1737682944|1746313216|sim_data_341798b7487bf001|__AUTOMETRIC__
__AUTOMETRIC__|0.1.2|25352|crew_log_06d891c508b68cbf|0|1786388642.167|99.904|3.122|1762615296|1772867584|sim_data_341798b7487bf001|__AUTOMETRIC__
__AUTOMETRIC__|0.1.2|25352|crew_log_06d891c508b68cbf|0|1786388643.168|98.345|3.073|2270121984|2279653376|sim_data_341798b7487bf001|__AUTOMETRIC__
__AUTOMETRIC__|0.1.2|25352|crew_log_06d891c508b68cbf|0|1786388644.170|106.061|3.314|2001375232|2010669056|sim_data_341798b7487bf001|__AUTOMETRIC__
__AUTOMETRIC__|0.1.2|25352|crew_log_06d891c508b68cbf|0|1786388645.170|104.637|3.270|1493516288|1502822400|sim_data_341798b7487bf001|__AUTOMETRIC__
__AUTOMETRIC__|0.1.2|25352|crew_log_06d891c508b68cbf|0|1786388646.184|100.194|3.131|1489285120|1498025984|sim_data_341798b7487bf001|__AUTOMETRIC__
__AUTOMETRIC__|0.1.2|25352|crew_log_06d891c508b68cbf|0|1786388647.199|101.635|3.176|1488568320|1497198592|sim_data_341798b7487bf001|__AUTOMETRIC__
__AUTOMETRIC__|0.1.2|25352|crew_log_06d891c508b68cbf|0|1786388648.213|100.103|3.128|1491406848|1500262400|sim_data_341798b7487bf001|__AUTOMETRIC__
__AUTOMETRIC__|0.1.2|25352|crew_log_06d891c508b68cbf|0|1786388649.219|100.935|3.154|1491304448|1499934720|sim_data_341798b7487bf001|__AUTOMETRIC__
__AUTOMETRIC__|0.1.2|25352|crew_log_06d891c508b68cbf|0|1786388650.220|99.943|3.123|1491202048|1500049408|sim_data_341798b7487bf001|__AUTOMETRIC__
__AUTOMETRIC__|0.1.2|25352|crew_log_06d891c508b68cbf|0|1786388651.222|98.234|3.070|1494368256|1503223808|sim_data_341798b7487bf001|__AUTOMETRIC__
__AUTOMETRIC__|0.1.2|25352|crew_log_06d891c508b68cbf|0|1786388652.222|99.959|3.124|1494097920|1502728192|sim_data_341798b7487bf001|__AUTOMETRIC__
__AUTOMETRIC__|0.1.2|25352|crew_log_06d891c508b68cbf|0|1786388653.237|100.084|3.128|1494114304|1502744576|sim_data_341798b7487bf001|__AUTOMETRIC__
__AUTOMETRIC__|0.1.2|25352|crew_log_06d891c508b68cbf|0|1786388654.238|98.390|3.075|1497227264|1506082816|sim_data_341798b7487bf001|__AUTOMETRIC__
__AUTOMETRIC__|0.1.2|25352|crew_log_06d891c508b68cbf|0|1786388655.239|99.842|3.120|1496862720|1505492992|sim_data_341798b7487bf001|__AUTOMETRIC__
__AUTOMETRIC__|0.1.2|25352|crew_log_06d891c508b68cbf|0|1786388656.242|96.564|3.018|1497014272|1505644544|sim_data_341798b7487bf001|__AUTOMETRIC__
__AUTOMETRIC__|0.1.2|25352|crew_log_06d891c508b68cbf|0|1786388657.253|100.520|3.141|1497001984|1505632256|sim_data_341798b7487bf001|__AUTOMETRIC__
__AUTOMETRIC__|0.1.2|25352|crew_log_06d891c508b68cbf|0|1786388658.256|102.827|3.213|1951072256|1959927808|sim_data_341798b7487bf001|__AUTOMETRIC__
__AUTOMETRIC__|0.1.2|25352|crew_log_06d891c508b68cbf|0|1786388659.270|103.186|3.225|1842642944|1851838464|sim_data_341798b7487bf001|__AUTOMETRIC__
__AUTOMETRIC__|0.1.2|25352|crew_log_06d891c508b68cbf|0|1786388660.277|99.309|3.103|1859248128|1868136448|sim_data_341798b7487bf001|__AUTOMETRIC__
__AUTOMETRIC__|0.1.2|25352|crew_log_06d891c508b68cbf|0|1786388661.281|101.216|3.163|1859571712|1868460032|sim_data_341798b7487bf001|__AUTOMETRIC__
__AUTOMETRIC__|0.1.2|25352|crew_log_06d891c508b68cbf|0|1786388662.282|99.912|3.122|1857445888|1866104832|sim_data_341798b7487bf001|__AUTOMETRIC__
__AUTOMETRIC__|0.1.2|25352|crew_log_06d891c508b68cbf|0|1786388663.294|97.202|3.038|1859964928|1868849152|sim_data_341798b7487bf001|__AUTOMETRIC__
__AUTOMETRIC__|0.1.2|25352|crew_log_06d891c508b68cbf|0|1786388664.297|101.284|3.165|1859776512|1868435456|sim_data_341798b7487bf001|__AUTOMETRIC__
__AUTOMETRIC__|0.1.2|25352|crew_log_06d891c508b68cbf|0|1786388665.304|97.714|3.054|1859780608|1868439552|sim_data_341798b7487bf001|__AUTOMETRIC__
__AUTOMETRIC__|0.1.2|25352|crew_log_06d891c508b68cbf|0|1786388666.320|100.046|3.126|1862578176|1871237120|sim_data_341798b7487bf001|__AUTOMETRIC__
__AUTOMETRIC__|0.1.2|25352|crew_log_06d891c508b68cbf|0|1786388667.334|98.620|3.082|1862582272|1871241216|sim_data_341798b7487bf001|__AUTOMETRIC__
__AUTOMETRIC__|0.1.2|25352|crew_log_06d891c508b68cbf|0|1786388668.345|100.413|3.138|1865412608|1874296832|sim_data_341798b7487bf001|__AUTOMETRIC__
__AUTOMETRIC__|0.1.2|25352|crew_log_06d891c508b68cbf|0|1786388669.346|99.949|3.123|1865269248|1873928192|sim_data_341798b7487bf001|__AUTOMETRIC__
__AUTOMETRIC__|0.1.2|25352|crew_log_06d891c508b68cbf|0|1786388670.352|99.321|3.104|1865330688|1873989632|sim_data_341798b7487bf001|__AUTOMETRIC__
__AUTOMETRIC__|0.1.2|25352|crew_log_06d891c508b68cbf|0|1786388671.367|100.086|3.128|2007142400|2015956992|sim_data_341798b7487bf001|__AUTOMETRIC__
__AUTOMETRIC__|0.1.2|25352|crew_log_06d891c508b68cbf|0|1786388672.368|104.612|3.269|2311639040|2320519168|sim_data_341798b7487bf001|__AUTOMETRIC__
__AUTOMETRIC__|0.1.2|25352|crew_log_06d891c508b68cbf|0|1786388673.370|104.466|3.265|1666232320|1675173888|sim_data_341798b7487bf001|__AUTOMETRIC__
__AUTOMETRIC__|0.1.2|25352|crew_log_06d891c508b68cbf|0|1786388674.372|101.332|3.167|1680736256|1689702400|sim_data_341798b7487bf001|__AUTOMETRIC__
__AUTOMETRIC__|0.1.2|25352|crew_log_06d891c508b68cbf|0|1786388675.385|100.232|3.132|1681002496|1689968640|sim_data_341798b7487bf001|__AUTOMETRIC__
__AUTOMETRIC__|0.1.2|25352|crew_log_06d891c508b68cbf|0|1786388676.401|101.583|3.174|1678073856|1686777856|sim_data_341798b7487bf001|__AUTOMETRIC__
__AUTOMETRIC__|0.1.2|25352|crew_log_06d891c508b68cbf|0|1786388677.406|99.495|3.109|1678053376|1686757376|sim_data_341798b7487bf001|__AUTOMETRIC__
__AUTOMETRIC__|0.1.2|25352|crew_log_06d891c508b68cbf|0|1786388678.409|99.689|3.115|1681022976|1689735168|sim_data_341798b7487bf001|__AUTOMETRIC__
__AUTOMETRIC__|0.1.2|25352|crew_log_06d891c508b68cbf|0|1786388679.410|99.891|3.122|1680814080|1689518080|sim_data_341798b7487bf001|__AUTOMETRIC__
__AUTOMETRIC__|0.1.2|25352|crew_log_06d891c508b68cbf|0|1786388680.421|100.479|3.140|1680814080|1689518080|sim_data_341798b7487bf001|__AUTOMETRIC__
__AUTOMETRIC__|0.1.2|25352|crew_log_06d891c508b68cbf|0|1786388681.421|101.493|3.172|1683746816|1692459008|sim_data_341798b7487bf001|__AUTOMETRIC__
__AUTOMETRIC__|0.1.2|25352|crew_log_06d891c508b68cbf|0|1786388682.426|99.584|3.112|1683562496|1692266496|sim_data_341798b7487bf001|__AUTOMETRIC__
__AUTOMETRIC__|0.1.2|25352|crew_log_06d891c508b68cbf|0|1786388683.427|99.823|3.119|1683574784|1692278784|sim_data_341798b7487bf001|__AUTOMETRIC__
__AUTOMETRIC__|0.1.2|25352|crew_log_06d891c508b68cbf|0|1786388684.435|97.718|3.054|1683558400|1692262400|sim_data_341798b7487bf001|__AUTOMETRIC__
__AUTOMETRIC__|0.1.2|25352|crew_log_06d891c508b68cbf|0|1786388685.439|99.545|3.111|1686589440|1695301632|sim_data_341798b7487bf001|__AUTOMETRIC__
__AUTOMETRIC__|0.1.2|25352|crew_log_06d891c508b68cbf|0|1786388686.442|99.693|3.115|1686417408|1695121408|sim_data_341798b7487bf001|__AUTOMETRIC__
__AUTOMETRIC__|0.1.2|25352|crew_log_06d891c508b68cbf|0|1786388687.457|100.122|3.129|1686421504|1695125504|sim_data_341798b7487bf001|__AUTOMETRIC__
__AUTOMETRIC__|0.1.2|25352|crew_log_06d891c508b68cbf|0|1786388688.463|99.411|3.107|1972862976|1981743104|sim_data_341798b7487bf001|__AUTOMETRIC__
__AUTOMETRIC__|0.1.2|25352|crew_log_06d891c508b68cbf|0|1786388689.470|108.619|3.394|1503232000|1512022016|sim_data_341798b7487bf001|__AUTOMETRIC__
__AUTOMETRIC__|0.1.2|25352|crew_log_06d891c508b68cbf|0|1786388690.478|99.215|3.100|1569648640|1579233280|sim_data_341798b7487bf001|__AUTOMETRIC__
__AUTOMETRIC__|0.1.2|25352|crew_log_06d891c508b68cbf|0|1786388691.481|99.648|3.114|1574100992|1583079424|sim_data_341798b7487bf001|__AUTOMETRIC__
__AUTOMETRIC__|0.1.2|25352|crew_log_06d891c508b68cbf|0|1786388692.486|101.034|3.157|1574383616|1583362048|sim_data_341798b7487bf001|__AUTOMETRIC__
__AUTOMETRIC__|0.1.2|25352|crew_log_06d891c508b68cbf|0|1786388693.491|98.012|3.063|1573277696|1582325760|sim_data_341798b7487bf001|__AUTOMETRIC__
__AUTOMETRIC__|0.1.2|25352|crew_log_06d891c508b68cbf|0|1786388694.497|99.335|3.104|1576280064|1585332224|sim_data_341798b7487bf001|__AUTOMETRIC__
__AUTOMETRIC__|0.1.2|25352|crew_log_06d891c508b68cbf|0|1786388695.505|102.320|3.198|1576103936|1584967680|sim_data_341798b7487bf001|__AUTOMETRIC__
__AUTOMETRIC__|0.1.2|25352|crew_log_06d891c508b68cbf|0|1786388696.518|100.255|3.133|1576140800|1585184768|sim_data_341798b7487bf001|__AUTOMETRIC__
__AUTOMETRIC__|0.1.2|25352|crew_log_06d891c508b68cbf|0|1786388697.525|99.357|3.105|1578766336|1587630080|sim_data_341798b7487bf001|__AUTOMETRIC__
__AUTOMETRIC__|0.1.2|25352|crew_log_06d891c508b68cbf|0|1786388698.537|100.312|3.135|1578893312|1587757056|sim_data_341798b7487bf001|__AUTOMETRIC__
__AUTOMETRIC__|0.1.2|25352|crew_log_06d891c508b68cbf|0|1786388699.538|98.315|3.072|1578930176|1587974144|sim_data_341798b7487bf001|__AUTOMETRIC__
__AUTOMETRIC__|0.1.2|25352|crew_log_06d891c508b68cbf|0|1786388700.550|100.442|3.139|1581346816|1590210560|sim_data_341798b7487bf001|__AUTOMETRIC__
__AUTOMETRIC__|0.1.2|25352|crew_log_06d891c508b68cbf|0|1786388701.559|97.538|3.048|1581604864|1590468608|sim_data_341798b7487bf001|__AUTOMETRIC__
__AUTOMETRIC__|0.1.2|25352|crew_log_06d891c508b68cbf|0|1786388702.561|101.320|3.166|1581690880|1590734848|sim_data_341798b7487bf001|__AUTOMETRIC__
__AUTOMETRIC__|0.1.2|25352|crew_log_06d891c508b68cbf|0|1786388703.563|99.806|3.119|1929453568|1938522112|sim_data_341798b7487bf001|__AUTOMETRIC__
__AUTOMETRIC__|0.1.2|25352|crew_log_06d891c508b68cbf|0|1786388704.566|101.227|3.163|2335363072|2344468480|sim_data_341798b7487bf001|__AUTOMETRIC__
__AUTOMETRIC__|0.1.2|25352|crew_log_06d891c508b68cbf|0|1786388705.569|105.970|3.312|1501581312|1510850560|sim_data_341798b7487bf001|__AUTOMETRIC__
__AUTOMETRIC__|0.1.2|25352|crew_log_06d891c508b68cbf|0|1786388706.570|101.425|3.170|1511043072|1520390144|sim_data_341798b7487bf001|__AUTOMETRIC__
__AUTOMETRIC__|0.1.2|25352|crew_log_06d891c508b68cbf|0|1786388707.571|99.922|3.123|1511186432|1520533504|sim_data_341798b7487bf001|__AUTOMETRIC__
__AUTOMETRIC__|0.1.2|25352|crew_log_06d891c508b68cbf|0|1786388708.586|100.066|3.127|1508954112|1517928448|sim_data_341798b7487bf001|__AUTOMETRIC__
__AUTOMETRIC__|0.1.2|25352|crew_log_06d891c508b68cbf|0|1786388709.586|99.980|3.124|1511821312|1520803840|sim_data_341798b7487bf001|__AUTOMETRIC__
__AUTOMETRIC__|0.1.2|25352|crew_log_06d891c508b68cbf|0|1786388710.591|97.983|3.062|1511714816|1520689152|sim_data_341798b7487bf001|__AUTOMETRIC__
__AUTOMETRIC__|0.1.2|25352|crew_log_06d891c508b68cbf|0|1786388711.600|100.658|3.146|1511686144|1520660480|sim_data_341798b7487bf001|__AUTOMETRIC__
__AUTOMETRIC__|0.1.2|25352|crew_log_06d891c508b68cbf|0|1786388712.600|99.998|3.125|1514459136|1523253248|sim_data_341798b7487bf001|__AUTOMETRIC__
__AUTOMETRIC__|0.1.2|25352|crew_log_06d891c508b68cbf|0|1786388713.607|99.352|3.105|1514479616|1523453952|sim_data_341798b7487bf001|__AUTOMETRIC__
__AUTOMETRIC__|0.1.2|25352|crew_log_06d891c508b68cbf|0|1786388714.611|102.661|3.208|1514450944|1523245056|sim_data_341798b7487bf001|__AUTOMETRIC__
__AUTOMETRIC__|0.1.2|25352|crew_log_06d891c508b68cbf|0|1786388715.621|98.978|3.093|1517432832|1526235136|sim_data_341798b7487bf001|__AUTOMETRIC__
__AUTOMETRIC__|0.1.2|25352|crew_log_06d891c508b68cbf|0|1786388716.623|99.813|3.119|1517301760|1526276096|sim_data_341798b7487bf001|__AUTOMETRIC__
__AUTOMETRIC__|0.1.2|25352|crew_log_06d891c508b68cbf|0|1786388717.626|99.704|3.116|1517273088|1526247424|sim_data_341798b7487bf001|__AUTOMETRIC__
__AUTOMETRIC__|0.1.2|25352|crew_log_06d891c508b68cbf|0|1786388718.642|100.018|3.126|2037678080|2047062016|sim_data_341798b7487bf001|__AUTOMETRIC__
__AUTOMETRIC__|0.1.2|25352|crew_log_06d891c508b68cbf|0|1786388719.643|101.480|3.171|2038640640|2047864832|sim_data_341798b7487bf001|__AUTOMETRIC__
__AUTOMETRIC__|0.1.2|25352|crew_log_06d891c508b68cbf|0|1786388720.655|103.358|3.230|1581211648|1590919168|sim_data_341798b7487bf001|__AUTOMETRIC__
__AUTOMETRIC__|0.1.2|25352|crew_log_06d891c508b68cbf|0|1786388721.663|99.246|3.101|1577086976|1586147328|sim_data_341798b7487bf001|__AUTOMETRIC__
__AUTOMETRIC__|0.1.2|25352|crew_log_06d891c508b68cbf|0|1786388722.663|99.966|3.124|1575350272|1584300032|sim_data_341798b7487bf001|__AUTOMETRIC__
__AUTOMETRIC__|0.1.2|25352|crew_log_06d891c508b68cbf|0|1786388723.675|100.439|3.139|1578344448|1587482624|sim_data_341798b7487bf001|__AUTOMETRIC__
__AUTOMETRIC__|0.1.2|25352|crew_log_06d891c508b68cbf|0|1786388724.675|99.930|3.123|1578205184|1587154944|sim_data_341798b7487bf001|__AUTOMETRIC__
__AUTOMETRIC__|0.1.2|25352|crew_log_06d891c508b68cbf|0|1786388725.685|97.473|3.046|1578205184|1587154944|sim_data_341798b7487bf001|__AUTOMETRIC__
__AUTOMETRIC__|0.1.2|25352|crew_log_06d891c508b68cbf|0|1786388726.695|100.587|3.143|1581117440|1590231040|sim_data_341798b7487bf001|__AUTOMETRIC__
__AUTOMETRIC__|0.1.2|25352|crew_log_06d891c508b68cbf|0|1786388727.709|100.145|3.130|1580908544|1589858304|sim_data_341798b7487bf001|__AUTOMETRIC__
__AUTOMETRIC__|0.1.2|25352|crew_log_06d891c508b68cbf|0|1786388728.709|99.978|3.124|1580912640|1589862400|sim_data_341798b7487bf001|__AUTOMETRIC__
__AUTOMETRIC__|0.1.2|25352|crew_log_06d891c508b68cbf|0|1786388729.714|99.486|3.109|1583935488|1592893440|sim_data_341798b7487bf001|__AUTOMETRIC__
__AUTOMETRIC__|0.1.2|25352|crew_log_06d891c508b68cbf|0|1786388730.728|98.643|3.083|1583693824|1592643584|sim_data_341798b7487bf001|__AUTOMETRIC__
__AUTOMETRIC__|0.1.2|25352|crew_log_06d891c508b68cbf|0|1786388731.730|101.398|3.169|1583689728|1592639488|sim_data_341798b7487bf001|__AUTOMETRIC__
__AUTOMETRIC__|0.1.2|25352|crew_log_06d891c508b68cbf|0|1786388732.743|98.686|3.084|1583714304|1592664064|sim_data_341798b7487bf001|__AUTOMETRIC__
__AUTOMETRIC__|0.1.2|25352|crew_log_06d891c508b68cbf|0|1786388733.758|96.972|3.030|2052145152|2061283328|sim_data_341798b7487bf001|__AUTOMETRIC__
__AUTOMETRIC__|0.1.2|25352|crew_log_06d891c508b68cbf|0|1786388734.760|104.457|3.264|1984921600|1994211328|sim_data_341798b7487bf001|__AUTOMETRIC__
__AUTOMETRIC__|0.1.2|25352|crew_log_06d891c508b68cbf|0|1786388735.765|101.092|3.159|1792729088|1802240000|sim_data_341798b7487bf001|__AUTOMETRIC__
__AUTOMETRIC__|0.1.2|25352|crew_log_06d891c508b68cbf|0|1786388736.769|98.023|3.063|1788350464|1797431296|sim_data_341798b7487bf001|__AUTOMETRIC__
__AUTOMETRIC__|0.1.2|25352|crew_log_06d891c508b68cbf|0|1786388737.770|99.893|3.122|1786601472|1795543040|sim_data_341798b7487bf001|__AUTOMETRIC__
__AUTOMETRIC__|0.1.2|25352|crew_log_06d891c508b68cbf|0|1786388738.772|98.246|3.070|1786621952|1795702784|sim_data_341798b7487bf001|__AUTOMETRIC__
__AUTOMETRIC__|0.1.2|25352|crew_log_06d891c508b68cbf|0|1786388739.786|100.179|3.131|1789472768|1798565888|sim_data_341798b7487bf001|__AUTOMETRIC__
__AUTOMETRIC__|0.1.2|25352|crew_log_06d891c508b68cbf|0|1786388740.790|99.602|3.113|1789358080|1798438912|sim_data_341798b7487bf001|__AUTOMETRIC__
__AUTOMETRIC__|0.1.2|25352|crew_log_06d891c508b68cbf|0|1786388741.801|98.948|3.092|1789378560|1798459392|sim_data_341798b7487bf001|__AUTOMETRIC__
__AUTOMETRIC__|0.1.2|25352|crew_log_06d891c508b68cbf|0|1786388742.803|99.774|3.118|1789313024|1798254592|sim_data_341798b7487bf001|__AUTOMETRIC__
__AUTOMETRIC__|0.1.2|25352|crew_log_06d891c508b68cbf|0|1786388743.809|99.386|3.106|1792155648|1801109504|sim_data_341798b7487bf001|__AUTOMETRIC__
__AUTOMETRIC__|0.1.2|25352|crew_log_06d891c508b68cbf|0|1786388744.823|98.598|3.081|1792151552|1801093120|sim_data_341798b7487bf001|__AUTOMETRIC__
__AUTOMETRIC__|0.1.2|25352|crew_log_06d891c508b68cbf|0|1786388745.837|100.243|3.133|1792167936|1801109504|sim_data_341798b7487bf001|__AUTOMETRIC__
__AUTOMETRIC__|0.1.2|25352|crew_log_06d891c508b68cbf|0|1786388746.838|98.338|3.073|1792151552|1801093120|sim_data_341798b7487bf001|__AUTOMETRIC__
__AUTOMETRIC__|0.1.2|25352|crew_log_06d891c508b68cbf|0|1786388747.848|100.549|3.142|1794691072|1803632640|sim_data_341798b7487bf001|__AUTOMETRIC__
__AUTOMETRIC__|0.1.2|25352|crew_log_06d891c508b68cbf|0|1786388748.860|100.272|3.133|1794957312|1803898880|sim_data_341798b7487bf001|__AUTOMETRIC__
__AUTOMETRIC__|0.1.2|25352|crew_log_06d891c508b68cbf|0|1786388749.876|100.055|3.127|1794953216|1803894784|sim_data_341798b7487bf001|__AUTOMETRIC__
__AUTOMETRIC__|0.1.2|25352|crew_log_06d891c508b68cbf|0|1786388750.877|102.947|3.217|1962594304|1971507200|sim_data_341798b7487bf001|__AUTOMETRIC__
__AUTOMETRIC__|0.1.2|25352|crew_log_06d891c508b68cbf|0|1786388751.888|106.637|3.332|1742331904|1751093248|sim_data_341798b7487bf001|__AUTOMETRIC__
__AUTOMETRIC__|0.1.2|25352|crew_log_06d891c508b68cbf|0|1786388752.899|97.394|3.044|1804050432|1813426176|sim_data_341798b7487bf001|__AUTOMETRIC__
__AUTOMETRIC__|0.1.2|25352|crew_log_06d891c508b68cbf|0|1786388753.906|99.350|3.105|1800851456|1810169856|sim_data_341798b7487bf001|__AUTOMETRIC__
__AUTOMETRIC__|0.1.2|25352|crew_log_06d891c508b68cbf|0|1786388754.907|96.757|3.024|1798823936|1807712256|sim_data_341798b7487bf001|__AUTOMETRIC__
__AUTOMETRIC__|0.1.2|25352|crew_log_06d891c508b68cbf|0|1786388755.912|97.897|3.059|1801609216|1810509824|sim_data_341798b7487bf001|__AUTOMETRIC__
__AUTOMETRIC__|0.1.2|25352|crew_log_06d891c508b68cbf|0|1786388756.913|99.950|3.123|1801404416|1810132992|sim_data_341798b7487bf001|__AUTOMETRIC__
__AUTOMETRIC__|0.1.2|25352|crew_log_06d891c508b68cbf|0|1786388757.919|99.385|3.106|1801416704|1810305024|sim_data_341798b7487bf001|__AUTOMETRIC__
__AUTOMETRIC__|0.1.2|25352|crew_log_06d891c508b68cbf|0|1786388758.920|101.451|3.170|1804201984|1813090304|sim_data_341798b7487bf001|__AUTOMETRIC__
__AUTOMETRIC__|0.1.2|25352|crew_log_06d891c508b68cbf|0|1786388759.930|98.971|3.093|1804328960|1813217280|sim_data_341798b7487bf001|__AUTOMETRIC__
__AUTOMETRIC__|0.1.2|25352|crew_log_06d891c508b68cbf|0|1786388760.945|98.547|3.080|1804324864|1813213184|sim_data_341798b7487bf001|__AUTOMETRIC__
__AUTOMETRIC__|0.1.2|25352|crew_log_06d891c508b68cbf|0|1786388761.959|100.228|3.132|1807478784|1816379392|sim_data_341798b7487bf001|__AUTOMETRIC__
__AUTOMETRIC__|0.1.2|25352|crew_log_06d891c508b68cbf|0|1786388762.962|99.636|3.114|1807294464|1816182784|sim_data_341798b7487bf001|__AUTOMETRIC__
__AUTOMETRIC__|0.1.2|25352|crew_log_06d891c508b68cbf|0|1786388763.963|99.899|3.122|1807302656|1816190976|sim_data_341798b7487bf001|__AUTOMETRIC__
__AUTOMETRIC__|0.1.2|25352|crew_log_06d891c508b68cbf|0|1786388764.977|104.755|3.274|1919422464|1928519680|sim_data_341798b7487bf001|__AUTOMETRIC__
__AUTOMETRIC__|0.1.2|25352|crew_log_06d891c508b68cbf|0|1786388765.991|106.425|3.326|1754988544|1764007936|sim_data_341798b7487bf001|__AUTOMETRIC__
__AUTOMETRIC__|0.1.2|25352|crew_log_06d891c508b68cbf|0|1786388767.006|100.058|3.127|1782009856|1791479808|sim_data_341798b7487bf001|__AUTOMETRIC__
__AUTOMETRIC__|0.1.2|25352|crew_log_06d891c508b68cbf|0|1786388768.009|99.612|3.113|1778184192|1787109376|sim_data_341798b7487bf001|__AUTOMETRIC__
__AUTOMETRIC__|0.1.2|25352|crew_log_06d891c508b68cbf|0|1786388769.024|100.096|3.128|1776422912|1785397248|sim_data_341798b7487bf001|__AUTOMETRIC__
__AUTOMETRIC__|0.1.2|25352|crew_log_06d891c508b68cbf|0|1786388770.035|97.342|3.042|1779257344|1788231680|sim_data_341798b7487bf001|__AUTOMETRIC__
__AUTOMETRIC__|0.1.2|25352|crew_log_06d891c508b68cbf|0|1786388771.050|97.058|3.033|1779249152|1788223488|sim_data_341798b7487bf001|__AUTOMETRIC__
__AUTOMETRIC__|0.1.2|25352|crew_log_06d891c508b68cbf|0|1786388772.051|96.763|3.024|1779277824|1788252160|sim_data_341798b7487bf001|__AUTOMETRIC__
__AUTOMETRIC__|0.1.2|25352|crew_log_06d891c508b68cbf|0|1786388773.064|98.699|3.084|1782267904|1791250432|sim_data_341798b7487bf001|__AUTOMETRIC__
__AUTOMETRIC__|0.1.2|25352|crew_log_06d891c508b68cbf|0|1786388774.071|99.334|3.104|1782042624|1790857216|sim_data_341798b7487bf001|__AUTOMETRIC__
__AUTOMETRIC__|0.1.2|25352|crew_log_06d891c508b68cbf|0|1786388775.072|99.891|3.122|1782091776|1791066112|sim_data_341798b7487bf001|__AUTOMETRIC__
__AUTOMETRIC__|0.1.2|25352|crew_log_06d891c508b68cbf|0|1786388776.086|100.121|3.129|1785020416|1794002944|sim_data_341798b7487bf001|__AUTOMETRIC__
__AUTOMETRIC__|0.1.2|25352|crew_log_06d891c508b68cbf|0|1786388777.091|101.058|3.158|1784832000|1793646592|sim_data_341798b7487bf001|__AUTOMETRIC__
__AUTOMETRIC__|0.1.2|25352|crew_log_06d891c508b68cbf|0|1786388778.093|99.766|3.118|1816354816|1825525760|sim_data_341798b7487bf001|__AUTOMETRIC__
__AUTOMETRIC__|0.1.2|25352|crew_log_06d891c508b68cbf|0|1786388779.104|106.716|3.335|1751228416|1760448512|sim_data_341798b7487bf001|__AUTOMETRIC__
__AUTOMETRIC__|0.1.2|25352|crew_log_06d891c508b68cbf|0|1786388780.116|100.354|3.136|1848778752|1857732608|sim_data_341798b7487bf001|__AUTOMETRIC__
__AUTOMETRIC__|0.1.2|25352|crew_log_06d891c508b68cbf|0|1786388781.127|105.045|3.283|1380720640|1389809664|sim_data_341798b7487bf001|__AUTOMETRIC__
__AUTOMETRIC__|0.1.2|25352|crew_log_06d891c508b68cbf|0|1786388782.130|99.682|3.115|1380990976|1390080000|sim_data_341798b7487bf001|__AUTOMETRIC__
__AUTOMETRIC__|0.1.2|25352|crew_log_06d891c508b68cbf|0|1786388783.139|102.241|3.195|1340104704|1348820992|sim_data_341798b7487bf001|__AUTOMETRIC__
__AUTOMETRIC__|0.1.2|25352|crew_log_06d891c508b68cbf|0|1786388784.143|99.621|3.113|1342840832|1351565312|sim_data_341798b7487bf001|__AUTOMETRIC__
__AUTOMETRIC__|0.1.2|25352|crew_log_06d891c508b68cbf|0|1786388785.153|99.002|3.094|1342652416|1351368704|sim_data_341798b7487bf001|__AUTOMETRIC__
__AUTOMETRIC__|0.1.2|25352|crew_log_06d891c508b68cbf|0|1786388786.160|97.786|3.056|1342672896|1351389184|sim_data_341798b7487bf001|__AUTOMETRIC__
__AUTOMETRIC__|0.1.2|25352|crew_log_06d891c508b68cbf|0|1786388787.165|99.472|3.108|1342652416|1351368704|sim_data_341798b7487bf001|__AUTOMETRIC__
__AUTOMETRIC__|0.1.2|25352|crew_log_06d891c508b68cbf|0|1786388788.170|101.065|3.158|1345601536|1354326016|sim_data_341798b7487bf001|__AUTOMETRIC__
__AUTOMETRIC__|0.1.2|25352|crew_log_06d891c508b68cbf|0|1786388789.174|99.554|3.111|1345449984|1354166272|sim_data_341798b7487bf001|__AUTOMETRIC__
__AUTOMETRIC__|0.1.2|25352|crew_log_06d891c508b68cbf|0|1786388790.184|99.077|3.096|1345466368|1354182656|sim_data_341798b7487bf001|__AUTOMETRIC__
__AUTOMETRIC__|0.1.2|25352|crew_log_06d891c508b68cbf|0|1786388791.187|101.236|3.164|1348452352|1357176832|sim_data_341798b7487bf001|__AUTOMETRIC__
__AUTOMETRIC__|0.1.2|25352|crew_log_06d891c508b68cbf|0|1786388792.190|98.106|3.066|1348292608|1357008896|sim_data_341798b7487bf001|__AUTOMETRIC__
__AUTOMETRIC__|0.1.2|25352|crew_log_06d891c508b68cbf|0|1786388793.205|100.067|3.127|1348313088|1357029376|sim_data_341798b7487bf001|__AUTOMETRIC__
__AUTOMETRIC__|0.1.2|25352|crew_log_06d891c508b68cbf|0|1786388794.216|98.973|3.093|1397649408|1406763008|sim_data_341798b7487bf001|__AUTOMETRIC__
__AUTOMETRIC__|0.1.2|25352|crew_log_06d891c508b68cbf|0|1786388795.224|100.749|3.148|1997000704|2006245376|sim_data_341798b7487bf001|__AUTOMETRIC__
__AUTOMETRIC__|0.1.2|25352|crew_log_06d891c508b68cbf|0|1786388796.237|103.301|3.228|1973415936|1982742528|sim_data_341798b7487bf001|__AUTOMETRIC__
__AUTOMETRIC__|0.1.2|25352|crew_log_06d891c508b68cbf|0|1786388797.243|104.042|3.251|1461903360|1471520768|sim_data_341798b7487bf001|__AUTOMETRIC__
__AUTOMETRIC__|0.1.2|25352|crew_log_06d891c508b68cbf|0|1786388798.252|102.183|3.193|1457704960|1466703872|sim_data_341798b7487bf001|__AUTOMETRIC__
__AUTOMETRIC__|0.1.2|25352|crew_log_06d891c508b68cbf|0|1786388799.260|99.273|3.102|1455050752|1464041472|sim_data_341798b7487bf001|__AUTOMETRIC__
__AUTOMETRIC__|0.1.2|25352|crew_log_06d891c508b68cbf|0|1786388800.262|101.364|3.168|1457733632|1466621952|sim_data_341798b7487bf001|__AUTOMETRIC__
__AUTOMETRIC__|0.1.2|25352|crew_log_06d891c508b68cbf|0|1786388801.278|104.516|3.266|1457852416|1466740736|sim_data_341798b7487bf001|__AUTOMETRIC__
__AUTOMETRIC__|0.1.2|25352|crew_log_06d891c508b68cbf|0|1786388802.283|99.529|3.110|1457852416|1466740736|sim_data_341798b7487bf001|__AUTOMETRIC__
__AUTOMETRIC__|0.1.2|25352|crew_log_06d891c508b68cbf|0|1786388803.295|98.868|3.090|1460408320|1469296640|sim_data_341798b7487bf001|__AUTOMETRIC__
__AUTOMETRIC__|0.1.2|25352|crew_log_06d891c508b68cbf|0|1786388804.300|100.988|3.156|1460666368|1469554688|sim_data_341798b7487bf001|__AUTOMETRIC__
__AUTOMETRIC__|0.1.2|25352|crew_log_06d891c508b68cbf|0|1786388805.305|99.506|3.110|1460666368|1469657088|sim_data_341798b7487bf001|__AUTOMETRIC__
__AUTOMETRIC__|0.1.2|25352|crew_log_06d891c508b68cbf|0|1786388806.311|100.929|3.154|1463595008|1472593920|sim_data_341798b7487bf001|__AUTOMETRIC__
__AUTOMETRIC__|0.1.2|25352|crew_log_06d891c508b68cbf|0|1786388807.315|99.678|3.115|1463451648|1472339968|sim_data_341798b7487bf001|__AUTOMETRIC__
__AUTOMETRIC__|0.1.2|25352|crew_log_06d891c508b68cbf|0|1786388808.320|99.445|3.108|1463463936|1472454656|sim_data_341798b7487bf001|__AUTOMETRIC__
__AUTOMETRIC__|0.1.2|25352|crew_log_06d891c508b68cbf|0|1786388809.322|99.857|3.121|1931366400|1940758528|sim_data_341798b7487bf001|__AUTOMETRIC__
__AUTOMETRIC__|0.1.2|25352|crew_log_06d891c508b68cbf|0|1786388810.323|103.019|3.219|1938759680|1947983872|sim_data_341798b7487bf001|__AUTOMETRIC__
__AUTOMETRIC__|0.1.2|25352|crew_log_06d891c508b68cbf|0|1786388811.332|100.617|3.144|1727881216|1737465856|sim_data_341798b7487bf001|__AUTOMETRIC__
__AUTOMETRIC__|0.1.2|25352|crew_log_06d891c508b68cbf|0|1786388812.334|99.771|3.118|1724301312|1733341184|sim_data_341798b7487bf001|__AUTOMETRIC__
__AUTOMETRIC__|0.1.2|25352|crew_log_06d891c508b68cbf|0|1786388813.341|100.916|3.154|1723015168|1731915776|sim_data_341798b7487bf001|__AUTOMETRIC__
__AUTOMETRIC__|0.1.2|25352|crew_log_06d891c508b68cbf|0|1786388814.349|99.202|3.100|1726001152|1735004160|sim_data_341798b7487bf001|__AUTOMETRIC__
__AUTOMETRIC__|0.1.2|25352|crew_log_06d891c508b68cbf|0|1786388815.352|99.701|3.116|1725833216|1734828032|sim_data_341798b7487bf001|__AUTOMETRIC__
__AUTOMETRIC__|0.1.2|25352|crew_log_06d891c508b68cbf|0|1786388816.363|100.403|3.138|1725816832|1734811648|sim_data_341798b7487bf001|__AUTOMETRIC__
__AUTOMETRIC__|0.1.2|25352|crew_log_06d891c508b68cbf|0|1786388817.371|99.208|3.100|1728811008|1737814016|sim_data_341798b7487bf001|__AUTOMETRIC__
__AUTOMETRIC__|0.1.2|25352|crew_log_06d891c508b68cbf|0|1786388818.377|100.972|3.155|1728626688|1737527296|sim_data_341798b7487bf001|__AUTOMETRIC__
__AUTOMETRIC__|0.1.2|25352|crew_log_06d891c508b68cbf|0|1786388819.390|98.759|3.086|1728643072|1737543680|sim_data_341798b7487bf001|__AUTOMETRIC__
__AUTOMETRIC__|0.1.2|25352|crew_log_06d891c508b68cbf|0|1786388820.400|97.440|3.045|1731596288|1740599296|sim_data_341798b7487bf001|__AUTOMETRIC__
__AUTOMETRIC__|0.1.2|25352|crew_log_06d891c508b68cbf|0|1786388821.414|100.167|3.130|1731428352|1740328960|sim_data_341798b7487bf001|__AUTOMETRIC__
__AUTOMETRIC__|0.1.2|25352|crew_log_06d891c508b68cbf|0|1786388822.426|100.384|3.137|1731424256|1740324864|sim_data_341798b7487bf001|__AUTOMETRIC__
__AUTOMETRIC__|0.1.2|25352|crew_log_06d891c508b68cbf|0|1786388823.431|99.494|3.109|2024214528|2033434624|sim_data_341798b7487bf001|__AUTOMETRIC__
__AUTOMETRIC__|0.1.2|25352|crew_log_06d891c508b68cbf|0|1786388824.431|103.086|3.221|2222268416|2231463936|sim_data_341798b7487bf001|__AUTOMETRIC__
__AUTOMETRIC__|0.1.2|25352|crew_log_06d891c508b68cbf|0|1786388825.433|104.498|3.266|1589600256|1599115264|sim_data_341798b7487bf001|__AUTOMETRIC__
__AUTOMETRIC__|0.1.2|25352|crew_log_06d891c508b68cbf|0|1786388826.448|101.635|3.176|1595633664|1604866048|sim_data_341798b7487bf001|__AUTOMETRIC__
__AUTOMETRIC__|0.1.2|25352|crew_log_06d891c508b68cbf|0|1786388827.463|101.581|3.174|1592586240|1601544192|sim_data_341798b7487bf001|__AUTOMETRIC__
__AUTOMETRIC__|0.1.2|25352|crew_log_06d891c508b68cbf|0|1786388828.464|99.867|3.121|1592389632|1601347584|sim_data_341798b7487bf001|__AUTOMETRIC__
__AUTOMETRIC__|0.1.2|25352|crew_log_06d891c508b68cbf|0|1786388829.471|99.339|3.104|1592389632|1601347584|sim_data_341798b7487bf001|__AUTOMETRIC__
__AUTOMETRIC__|0.1.2|25352|crew_log_06d891c508b68cbf|0|1786388830.471|96.840|3.026|1594863616|1603821568|sim_data_341798b7487bf001|__AUTOMETRIC__
__AUTOMETRIC__|0.1.2|25352|crew_log_06d891c508b68cbf|0|1786388831.474|99.692|3.115|1595113472|1604071424|sim_data_341798b7487bf001|__AUTOMETRIC__
__AUTOMETRIC__|0.1.2|25352|crew_log_06d891c508b68cbf|0|1786388832.477|99.758|3.117|1595121664|1604079616|sim_data_341798b7487bf001|__AUTOMETRIC__
__AUTOMETRIC__|0.1.2|25352|crew_log_06d891c508b68cbf|0|1786388833.491|100.179|3.131|1598234624|1607286784|sim_data_341798b7487bf001|__AUTOMETRIC__
__AUTOMETRIC__|0.1.2|25352|crew_log_06d891c508b68cbf|0|1786388834.495|99.556|3.111|1598005248|1606963200|sim_data_341798b7487bf001|__AUTOMETRIC__
__AUTOMETRIC__|0.1.2|25352|crew_log_06d891c508b68cbf|0|1786388835.499|102.703|3.209|1598038016|1606995968|sim_data_341798b7487bf001|__AUTOMETRIC__
__AUTOMETRIC__|0.1.2|25352|crew_log_06d891c508b68cbf|0|1786388836.500|98.367|3.074|1601077248|1610129408|sim_data_341798b7487bf001|__AUTOMETRIC__
__AUTOMETRIC__|0.1.2|25352|crew_log_06d891c508b68cbf|0|1786388837.515|97.009|3.032|1600561152|1609519104|sim_data_341798b7487bf001|__AUTOMETRIC__
__AUTOMETRIC__|0.1.2|25352|crew_log_06d891c508b68cbf|0|1786388838.516|99.896|3.122|1600827392|1609785344|sim_data_341798b7487bf001|__AUTOMETRIC__
__AUTOMETRIC__|0.1.2|25352|crew_log_06d891c508b68cbf|0|1786388839.520|96.465|3.015|1600831488|1609875456|sim_data_341798b7487bf001|__AUTOMETRIC__
__AUTOMETRIC__|0.1.2|25352|crew_log_06d891c508b68cbf|0|1786388840.534|98.627|3.082|2049445888|2058571776|sim_data_341798b7487bf001|__AUTOMETRIC__
__AUTOMETRIC__|0.1.2|25352|crew_log_06d891c508b68cbf|0|1786388841.538|104.252|3.258|1970704384|1979678720|sim_data_341798b7487bf001|__AUTOMETRIC__
__AUTOMETRIC__|0.1.2|25352|crew_log_06d891c508b68cbf|0|1786388842.542|101.177|3.162|1834381312|1844031488|sim_data_341798b7487bf001|__AUTOMETRIC__
__AUTOMETRIC__|0.1.2|25352|crew_log_06d891c508b68cbf|0|1786388843.556|100.162|3.130|1832747008|1841852416|sim_data_341798b7487bf001|__AUTOMETRIC__
__AUTOMETRIC__|0.1.2|25352|crew_log_06d891c508b68cbf|0|1786388844.568|100.353|3.136|1831723008|1840717824|sim_data_341798b7487bf001|__AUTOMETRIC__
__AUTOMETRIC__|0.1.2|25352|crew_log_06d891c508b68cbf|0|1786388845.569|99.857|3.121|1834713088|1843720192|sim_data_341798b7487bf001|__AUTOMETRIC__
__AUTOMETRIC__|0.1.2|25352|crew_log_06d891c508b68cbf|0|1786388846.582|100.255|3.133|1834483712|1843367936|sim_data_341798b7487bf001|__AUTOMETRIC__
__AUTOMETRIC__|0.1.2|25352|crew_log_06d891c508b68cbf|0|1786388847.597|100.073|3.127|1834557440|1843552256|sim_data_341798b7487bf001|__AUTOMETRIC__
__AUTOMETRIC__|0.1.2|25352|crew_log_06d891c508b68cbf|0|1786388848.609|100.353|3.136|1837457408|1846464512|sim_data_341798b7487bf001|__AUTOMETRIC__
__AUTOMETRIC__|0.1.2|25352|crew_log_06d891c508b68cbf|0|1786388849.615|99.465|3.108|1837248512|1846247424|sim_data_341798b7487bf001|__AUTOMETRIC__
__AUTOMETRIC__|0.1.2|25352|crew_log_06d891c508b68cbf|0|1786388850.625|100.483|3.140|1837248512|1846243328|sim_data_341798b7487bf001|__AUTOMETRIC__
__AUTOMETRIC__|0.1.2|25352|crew_log_06d891c508b68cbf|0|1786388851.638|97.252|3.039|1840144384|1849139200|sim_data_341798b7487bf001|__AUTOMETRIC__
__AUTOMETRIC__|0.1.2|25352|crew_log_06d891c508b68cbf|0|1786388852.652|101.612|3.175|1840152576|1849147392|sim_data_341798b7487bf001|__AUTOMETRIC__
__AUTOMETRIC__|0.1.2|25352|crew_log_06d891c508b68cbf|0|1786388853.655|98.147|3.067|1840152576|1849147392|sim_data_341798b7487bf001|__AUTOMETRIC__
__AUTOMETRIC__|0.1.2|25352|crew_log_06d891c508b68cbf|0|1786388854.658|104.440|3.264|1633914880|1643032576|sim_data_341798b7487bf001|__AUTOMETRIC__
__AUTOMETRIC__|0.1.2|25352|crew_log_06d891c508b68cbf|0|1786388855.673|107.731|3.367|1330114560|1339035648|sim_data_341798b7487bf001|__AUTOMETRIC__
__AUTOMETRIC__|0.1.2|25352|crew_log_06d891c508b68cbf|0|1786388856.677|99.589|3.112|1488674816|1498263552|sim_data_341798b7487bf001|__AUTOMETRIC__
__AUTOMETRIC__|0.1.2|25352|crew_log_06d891c508b68cbf|0|1786388857.692|100.055|3.127|1485197312|1494716416|sim_data_341798b7487bf001|__AUTOMETRIC__
__AUTOMETRIC__|0.1.2|25352|crew_log_06d891c508b68cbf|0|1786388858.694|99.855|3.120|1482412032|1491505152|sim_data_341798b7487bf001|__AUTOMETRIC__
__AUTOMETRIC__|0.1.2|25352|crew_log_06d891c508b68cbf|0|1786388859.709|100.036|3.126|1485217792|1494233088|sim_data_341798b7487bf001|__AUTOMETRIC__
__AUTOMETRIC__|0.1.2|25352|crew_log_06d891c508b68cbf|0|1786388860.723|100.101|3.128|1485033472|1493925888|sim_data_341798b7487bf001|__AUTOMETRIC__
__AUTOMETRIC__|0.1.2|25352|crew_log_06d891c508b68cbf|0|1786388861.725|99.861|3.121|1485041664|1494044672|sim_data_341798b7487bf001|__AUTOMETRIC__
__AUTOMETRIC__|0.1.2|25352|crew_log_06d891c508b68cbf|0|1786388862.738|100.204|3.131|1487982592|1496985600|sim_data_341798b7487bf001|__AUTOMETRIC__
__AUTOMETRIC__|0.1.2|25352|crew_log_06d891c508b68cbf|0|1786388863.739|99.912|3.122|1487974400|1496977408|sim_data_341798b7487bf001|__AUTOMETRIC__
__AUTOMETRIC__|0.1.2|25352|crew_log_06d891c508b68cbf|0|1786388864.740|99.921|3.123|1487974400|1496977408|sim_data_341798b7487bf001|__AUTOMETRIC__
__AUTOMETRIC__|0.1.2|25352|crew_log_06d891c508b68cbf|0|1786388865.752|98.867|3.090|1490710528|1499602944|sim_data_341798b7487bf001|__AUTOMETRIC__
__AUTOMETRIC__|0.1.2|25352|crew_log_06d891c508b68cbf|0|1786388866.752|99.974|3.124|1490833408|1499725824|sim_data_341798b7487bf001|__AUTOMETRIC__
__AUTOMETRIC__|0.1.2|25352|crew_log_06d891c508b68cbf|0|1786388867.765|100.202|3.131|1490878464|1499881472|sim_data_341798b7487bf001|__AUTOMETRIC__
__AUTOMETRIC__|0.1.2|25352|crew_log_06d891c508b68cbf|0|1786388868.780|100.100|3.128|1848983552|1857949696|sim_data_341798b7487bf001|__AUTOMETRIC__
__AUTOMETRIC__|0.1.2|25352|crew_log_06d891c508b68cbf|0|1786388869.783|101.268|3.165|2298376192|2307489792|sim_data_341798b7487bf001|__AUTOMETRIC__
__AUTOMETRIC__|0.1.2|25352|crew_log_06d891c508b68cbf|0|1786388870.797|104.749|3.273|1831636992|1841098752|sim_data_341798b7487bf001|__AUTOMETRIC__
__AUTOMETRIC__|0.1.2|25352|crew_log_06d891c508b68cbf|0|1786388871.801|99.619|3.113|1838387200|1847615488|sim_data_341798b7487bf001|__AUTOMETRIC__
__AUTOMETRIC__|0.1.2|25352|crew_log_06d891c508b68cbf|0|1786388872.816|98.564|3.080|1838166016|1847062528|sim_data_341798b7487bf001|__AUTOMETRIC__
__AUTOMETRIC__|0.1.2|25352|crew_log_06d891c508b68cbf|0|1786388873.816|96.839|3.026|1836744704|1845637120|sim_data_341798b7487bf001|__AUTOMETRIC__
__AUTOMETRIC__|0.1.2|25352|crew_log_06d891c508b68cbf|0|1786388874.827|100.428|3.138|1837486080|1846378496|sim_data_341798b7487bf001|__AUTOMETRIC__
__AUTOMETRIC__|0.1.2|25352|crew_log_06d891c508b68cbf|0|1786388875.829|99.874|3.121|1837744128|1846636544|sim_data_341798b7487bf001|__AUTOMETRIC__
__AUTOMETRIC__|0.1.2|25352|crew_log_06d891c508b68cbf|0|1786388876.831|99.751|3.117|1837793280|1846902784|sim_data_341798b7487bf001|__AUTOMETRIC__
__AUTOMETRIC__|0.1.2|25352|crew_log_06d891c508b68cbf|0|1786388877.843|100.357|3.136|1840705536|1849827328|sim_data_341798b7487bf001|__AUTOMETRIC__
__AUTOMETRIC__|0.1.2|25352|crew_log_06d891c508b68cbf|0|1786388878.850|97.714|3.054|1840578560|1849470976|sim_data_341798b7487bf001|__AUTOMETRIC__
__AUTOMETRIC__|0.1.2|25352|crew_log_06d891c508b68cbf|0|1786388879.863|98.798|3.087|1840611328|1849720832|sim_data_341798b7487bf001|__AUTOMETRIC__
__AUTOMETRIC__|0.1.2|25352|crew_log_06d891c508b68cbf|0|1786388880.872|97.568|3.049|1843548160|1852452864|sim_data_341798b7487bf001|__AUTOMETRIC__
__AUTOMETRIC__|0.1.2|25352|crew_log_06d891c508b68cbf|0|1786388881.875|101.234|3.164|1843265536|1852157952|sim_data_341798b7487bf001|__AUTOMETRIC__
__AUTOMETRIC__|0.1.2|25352|crew_log_06d891c508b68cbf|0|1786388882.883|99.170|3.099|1843449856|1852559360|sim_data_341798b7487bf001|__AUTOMETRIC__
__AUTOMETRIC__|0.1.2|25352|crew_log_06d891c508b68cbf|0|1786388883.896|100.234|3.132|1843417088|1852526592|sim_data_341798b7487bf001|__AUTOMETRIC__
__AUTOMETRIC__|0.1.2|25352|crew_log_06d891c508b68cbf|0|1786388884.900|102.790|3.212|2015948800|2025254912|sim_data_341798b7487bf001|__AUTOMETRIC__
__AUTOMETRIC__|0.1.2|25352|crew_log_06d891c508b68cbf|0|1786388885.909|105.256|3.289|1914068992|1922797568|sim_data_341798b7487bf001|__AUTOMETRIC__
__AUTOMETRIC__|0.1.2|25352|crew_log_06d891c508b68cbf|0|1786388886.924|100.064|3.127|2002882560|2012180480|sim_data_341798b7487bf001|__AUTOMETRIC__
__AUTOMETRIC__|0.1.2|25352|crew_log_06d891c508b68cbf|0|1786388887.926|104.476|3.265|1678315520|1688047616|sim_data_341798b7487bf001|__AUTOMETRIC__
__AUTOMETRIC__|0.1.2|25352|crew_log_06d891c508b68cbf|0|1786388888.933|99.341|3.104|1675239424|1684705280|sim_data_341798b7487bf001|__AUTOMETRIC__
__AUTOMETRIC__|0.1.2|25352|crew_log_06d891c508b68cbf|0|1786388889.938|101.030|3.157|1674391552|1683234816|sim_data_341798b7487bf001|__AUTOMETRIC__
__AUTOMETRIC__|0.1.2|25352|crew_log_06d891c508b68cbf|0|1786388890.940|98.290|3.072|1677197312|1686048768|sim_data_341798b7487bf001|__AUTOMETRIC__
__AUTOMETRIC__|0.1.2|25352|crew_log_06d891c508b68cbf|0|1786388891.943|98.138|3.067|1677070336|1685913600|sim_data_341798b7487bf001|__AUTOMETRIC__
__AUTOMETRIC__|0.1.2|25352|crew_log_06d891c508b68cbf|0|1786388892.946|99.677|3.115|1677049856|1685893120|sim_data_341798b7487bf001|__AUTOMETRIC__
__AUTOMETRIC__|0.1.2|25352|crew_log_06d891c508b68cbf|0|1786388893.948|99.770|3.118|1677045760|1686089728|sim_data_341798b7487bf001|__AUTOMETRIC__
__AUTOMETRIC__|0.1.2|25352|crew_log_06d891c508b68cbf|0|1786388894.952|101.178|3.162|1680089088|1689133056|sim_data_341798b7487bf001|__AUTOMETRIC__
__AUTOMETRIC__|0.1.2|25352|crew_log_06d891c508b68cbf|0|1786388895.955|99.661|3.114|1679998976|1688842240|sim_data_341798b7487bf001|__AUTOMETRIC__
__AUTOMETRIC__|0.1.2|25352|crew_log_06d891c508b68cbf|0|1786388896.960|99.586|3.112|1682698240|1691734016|sim_data_341798b7487bf001|__AUTOMETRIC__
__AUTOMETRIC__|0.1.2|25352|crew_log_06d891c508b68cbf|0|1786388897.968|100.677|3.146|1682644992|1691488256|sim_data_341798b7487bf001|__AUTOMETRIC__
__AUTOMETRIC__|0.1.2|25352|crew_log_06d891c508b68cbf|0|1786388898.974|99.416|3.107|1682640896|1691484160|sim_data_341798b7487bf001|__AUTOMETRIC__
__AUTOMETRIC__|0.1.2|25352|crew_log_06d891c508b68cbf|0|1786388899.981|97.783|3.056|1806245888|1815183360|sim_data_341798b7487bf001|__AUTOMETRIC__
__AUTOMETRIC__|0.1.2|25352|crew_log_06d891c508b68cbf|0|1786388900.992|98.910|3.091|2536960000|2546614272|sim_data_341798b7487bf001|__AUTOMETRIC__
__AUTOMETRIC__|0.1.2|25352|crew_log_06d891c508b68cbf|0|1786388902.004|103.450|3.233|2478878720|2488303616|sim_data_341798b7487bf001|__AUTOMETRIC__
__AUTOMETRIC__|0.1.2|25352|crew_log_06d891c508b68cbf|0|1786388903.010|107.128|3.348|1619849216|1629638656|sim_data_341798b7487bf001|__AUTOMETRIC__
__AUTOMETRIC__|0.1.2|25352|crew_log_06d891c508b68cbf|0|1786388904.023|101.819|3.182|1614225408|1623486464|sim_data_341798b7487bf001|__AUTOMETRIC__
__AUTOMETRIC__|0.1.2|25352|crew_log_06d891c508b68cbf|0|1786388905.030|100.863|3.152|1613094912|1622245376|sim_data_341798b7487bf001|__AUTOMETRIC__
__AUTOMETRIC__|0.1.2|25352|crew_log_06d891c508b68cbf|0|1786388906.032|98.267|3.071|1615691776|1624842240|sim_data_341798b7487bf001|__AUTOMETRIC__
__AUTOMETRIC__|0.1.2|25352|crew_log_06d891c508b68cbf|0|1786388907.033|99.875|3.121|1615831040|1624981504|sim_data_341798b7487bf001|__AUTOMETRIC__
__AUTOMETRIC__|0.1.2|25352|crew_log_06d891c508b68cbf|0|1786388908.040|99.270|3.102|1615839232|1624989696|sim_data_341798b7487bf001|__AUTOMETRIC__
__AUTOMETRIC__|0.1.2|25352|crew_log_06d891c508b68cbf|0|1786388909.054|100.170|3.130|1618456576|1627607040|sim_data_341798b7487bf001|__AUTOMETRIC__
__AUTOMETRIC__|0.1.2|25352|crew_log_06d891c508b68cbf|0|1786388910.062|100.780|3.149|1618608128|1627758592|sim_data_341798b7487bf001|__AUTOMETRIC__
__AUTOMETRIC__|0.1.2|25352|crew_log_06d891c508b68cbf|0|1786388911.077|98.514|3.079|1618653184|1627803648|sim_data_341798b7487bf001|__AUTOMETRIC__
__AUTOMETRIC__|0.1.2|25352|crew_log_06d891c508b68cbf|0|1786388912.085|99.255|3.102|1621557248|1630908416|sim_data_341798b7487bf001|__AUTOMETRIC__
__AUTOMETRIC__|0.1.2|25352|crew_log_06d891c508b68cbf|0|1786388913.091|99.346|3.105|1621434368|1630584832|sim_data_341798b7487bf001|__AUTOMETRIC__
__AUTOMETRIC__|0.1.2|25352|crew_log_06d891c508b68cbf|0|1786388914.097|97.904|3.060|1621467136|1630617600|sim_data_341798b7487bf001|__AUTOMETRIC__
__AUTOMETRIC__|0.1.2|25352|crew_log_06d891c508b68cbf|0|1786388915.105|99.169|3.099|1977012224|1986412544|sim_data_341798b7487bf001|__AUTOMETRIC__
__AUTOMETRIC__|0.1.2|25352|crew_log_06d891c508b68cbf|0|1786388916.115|99.016|3.094|3006828544|3017134080|sim_data_341798b7487bf001|__AUTOMETRIC__
__AUTOMETRIC__|0.1.2|25352|crew_log_06d891c508b68cbf|0|1786388917.120|111.986|3.500|1669406720|1679499264|sim_data_341798b7487bf001|__AUTOMETRIC__
__AUTOMETRIC__|0.1.2|25352|crew_log_06d891c508b68cbf|0|1786388918.126|100.946|3.155|1667383296|1677447168|sim_data_341798b7487bf001|__AUTOMETRIC__
__AUTOMETRIC__|0.1.2|25352|crew_log_06d891c508b68cbf|0|1786388919.131|100.984|3.156|1666330624|1676169216|sim_data_341798b7487bf001|__AUTOMETRIC__
__AUTOMETRIC__|0.1.2|25352|crew_log_06d891c508b68cbf|0|1786388920.132|98.394|3.075|1666256896|1676095488|sim_data_341798b7487bf001|__AUTOMETRIC__
__AUTOMETRIC__|0.1.2|25352|crew_log_06d891c508b68cbf|0|1786388921.146|100.109|3.128|1666256896|1676095488|sim_data_341798b7487bf001|__AUTOMETRIC__
__AUTOMETRIC__|0.1.2|25352|crew_log_06d891c508b68cbf|0|1786388922.150|99.595|3.112|1669316608|1679163392|sim_data_341798b7487bf001|__AUTOMETRIC__
__AUTOMETRIC__|0.1.2|25352|crew_log_06d891c508b68cbf|0|1786388923.158|100.785|3.150|1669054464|1678893056|sim_data_341798b7487bf001|__AUTOMETRIC__
__AUTOMETRIC__|0.1.2|25352|crew_log_06d891c508b68cbf|0|1786388924.163|99.563|3.111|1668919296|1678757888|sim_data_341798b7487bf001|__AUTOMETRIC__
__AUTOMETRIC__|0.1.2|25352|crew_log_06d891c508b68cbf|0|1786388925.163|99.932|3.123|1669181440|1679020032|sim_data_341798b7487bf001|__AUTOMETRIC__
__AUTOMETRIC__|0.1.2|25352|crew_log_06d891c508b68cbf|0|1786388926.173|100.609|3.144|1672085504|1682116608|sim_data_341798b7487bf001|__AUTOMETRIC__
__AUTOMETRIC__|0.1.2|25352|crew_log_06d891c508b68cbf|0|1786388927.178|99.478|3.109|1671950336|1681788928|sim_data_341798b7487bf001|__AUTOMETRIC__
__AUTOMETRIC__|0.1.2|25352|crew_log_06d891c508b68cbf|0|1786388928.193|100.101|3.128|1671995392|1681833984|sim_data_341798b7487bf001|__AUTOMETRIC__
__AUTOMETRIC__|0.1.2|25352|crew_log_06d891c508b68cbf|0|1786388929.201|100.756|3.149|1671958528|1681797120|sim_data_341798b7487bf001|__AUTOMETRIC__
__AUTOMETRIC__|0.1.2|25352|crew_log_06d891c508b68cbf|0|1786388930.202|98.327|3.073|1674895360|1684742144|sim_data_341798b7487bf001|__AUTOMETRIC__
__AUTOMETRIC__|0.1.2|25352|crew_log_06d891c508b68cbf|0|1786388931.214|98.735|3.085|1674612736|1684451328|sim_data_341798b7487bf001|__AUTOMETRIC__
__AUTOMETRIC__|0.1.2|25352|crew_log_06d891c508b68cbf|0|1786388932.217|98.187|3.068|1674481664|1684320256|sim_data_341798b7487bf001|__AUTOMETRIC__
__AUTOMETRIC__|0.1.2|25352|crew_log_06d891c508b68cbf|0|1786388933.221|98.009|3.063|1674653696|1684492288|sim_data_341798b7487bf001|__AUTOMETRIC__
__AUTOMETRIC__|0.1.2|25352|crew_log_06d891c508b68cbf|0|1786388934.237|98.489|3.078|1674739712|1684578304|sim_data_341798b7487bf001|__AUTOMETRIC__
__AUTOMETRIC__|0.1.2|25352|crew_log_06d891c508b68cbf|0|1786388935.238|99.914|3.122|2183622656|2193522688|sim_data_341798b7487bf001|__AUTOMETRIC__
__AUTOMETRIC__|0.1.2|25352|crew_log_06d891c508b68cbf|0|1786388936.252|100.123|3.129|3003023360|3013500928|sim_data_341798b7487bf001|__AUTOMETRIC__
__AUTOMETRIC__|0.1.2|25352|crew_log_06d891c508b68cbf|0|1786388937.254|106.077|3.315|2492796928|2503364608|sim_data_341798b7487bf001|__AUTOMETRIC__
__AUTOMETRIC__|0.1.2|25352|crew_log_06d891c508b68cbf|0|1786388938.267|107.878|3.371|1629622272|1639636992|sim_data_341798b7487bf001|__AUTOMETRIC__
__AUTOMETRIC__|0.1.2|25352|crew_log_06d891c508b68cbf|0|1786388939.272|99.537|3.111|1629962240|1640169472|sim_data_341798b7487bf001|__AUTOMETRIC__
__AUTOMETRIC__|0.1.2|25352|crew_log_06d891c508b68cbf|0|1786388940.287|98.546|3.080|1629134848|1639116800|sim_data_341798b7487bf001|__AUTOMETRIC__
__AUTOMETRIC__|0.1.2|25352|crew_log_06d891c508b68cbf|0|1786388941.296|99.127|3.098|1628368896|1638350848|sim_data_341798b7487bf001|__AUTOMETRIC__
__AUTOMETRIC__|0.1.2|25352|crew_log_06d891c508b68cbf|0|1786388942.300|99.610|3.113|1628418048|1638400000|sim_data_341798b7487bf001|__AUTOMETRIC__
__AUTOMETRIC__|0.1.2|25352|crew_log_06d891c508b68cbf|0|1786388943.314|98.599|3.081|1631428608|1641418752|sim_data_341798b7487bf001|__AUTOMETRIC__
__AUTOMETRIC__|0.1.2|25352|crew_log_06d891c508b68cbf|0|1786388944.319|99.463|3.108|1631293440|1641082880|sim_data_341798b7487bf001|__AUTOMETRIC__
__AUTOMETRIC__|0.1.2|25352|crew_log_06d891c508b68cbf|0|1786388945.333|100.176|3.131|1631338496|1641320448|sim_data_341798b7487bf001|__AUTOMETRIC__
__AUTOMETRIC__|0.1.2|25352|crew_log_06d891c508b68cbf|0|1786388946.347|100.174|3.130|1634246656|1644236800|sim_data_341798b7487bf001|__AUTOMETRIC__
__AUTOMETRIC__|0.1.2|25352|crew_log_06d891c508b68cbf|0|1786388947.358|100.399|3.137|1634041856|1643831296|sim_data_341798b7487bf001|__AUTOMETRIC__
__AUTOMETRIC__|0.1.2|25352|crew_log_06d891c508b68cbf|0|1786388948.360|99.837|3.120|1634045952|1644027904|sim_data_341798b7487bf001|__AUTOMETRIC__
__AUTOMETRIC__|0.1.2|25352|crew_log_06d891c508b68cbf|0|1786388949.364|99.621|3.113|2023493632|2033614848|sim_data_341798b7487bf001|__AUTOMETRIC__
__AUTOMETRIC__|0.1.2|25352|crew_log_06d891c508b68cbf|0|1786388950.368|99.581|3.112|2905911296|2916364288|sim_data_341798b7487bf001|__AUTOMETRIC__
__AUTOMETRIC__|0.1.2|25352|crew_log_06d891c508b68cbf|0|1786388951.380|109.637|3.426|2449543168|2460000256|sim_data_341798b7487bf001|__AUTOMETRIC__
__AUTOMETRIC__|0.1.2|25352|crew_log_06d891c508b68cbf|0|1786388952.386|102.462|3.202|2459701248|2469957632|sim_data_341798b7487bf001|__AUTOMETRIC__
__AUTOMETRIC__|0.1.2|25352|crew_log_06d891c508b68cbf|0|1786388953.401|98.555|3.080|2459963392|2470219776|sim_data_341798b7487bf001|__AUTOMETRIC__
__AUTOMETRIC__|0.1.2|25352|crew_log_06d891c508b68cbf|0|1786388954.408|102.381|3.199|2457456640|2467368960|sim_data_341798b7487bf001|__AUTOMETRIC__
__AUTOMETRIC__|0.1.2|25352|crew_log_06d891c508b68cbf|0|1786388955.420|100.442|3.139|2460446720|2470367232|sim_data_341798b7487bf001|__AUTOMETRIC__
__AUTOMETRIC__|0.1.2|25352|crew_log_06d891c508b68cbf|0|1786388956.421|99.885|3.121|2460291072|2470203392|sim_data_341798b7487bf001|__AUTOMETRIC__
__AUTOMETRIC__|0.1.2|25352|crew_log_06d891c508b68cbf|0|1786388957.426|99.492|3.109|2460332032|2470244352|sim_data_341798b7487bf001|__AUTOMETRIC__
__AUTOMETRIC__|0.1.2|25352|crew_log_06d891c508b68cbf|0|1786388958.441|98.540|3.079|2463252480|2473172992|sim_data_341798b7487bf001|__AUTOMETRIC__
__AUTOMETRIC__|0.1.2|25352|crew_log_06d891c508b68cbf|0|1786388959.442|99.838|3.120|2463055872|2472968192|sim_data_341798b7487bf001|__AUTOMETRIC__
__AUTOMETRIC__|0.1.2|25352|crew_log_06d891c508b68cbf|0|1786388960.444|99.815|3.119|2463100928|2473205760|sim_data_341798b7487bf001|__AUTOMETRIC__
__AUTOMETRIC__|0.1.2|25352|crew_log_06d891c508b68cbf|0|1786388961.448|101.198|3.162|2463051776|2472964096|sim_data_341798b7487bf001|__AUTOMETRIC__
__AUTOMETRIC__|0.1.2|25352|crew_log_06d891c508b68cbf|0|1786388962.449|101.433|3.170|2466004992|2475925504|sim_data_341798b7487bf001|__AUTOMETRIC__
__AUTOMETRIC__|0.1.2|25352|crew_log_06d891c508b68cbf|0|1786388963.451|99.777|3.118|2465837056|2475749376|sim_data_341798b7487bf001|__AUTOMETRIC__
__AUTOMETRIC__|0.1.2|25352|crew_log_06d891c508b68cbf|0|1786388964.456|97.939|3.061|2465865728|2475778048|sim_data_341798b7487bf001|__AUTOMETRIC__
__AUTOMETRIC__|0.1.2|25352|crew_log_06d891c508b68cbf|0|1786388965.465|100.692|3.147|2465832960|2475745280|sim_data_341798b7487bf001|__AUTOMETRIC__
__AUTOMETRIC__|0.1.2|25352|crew_log_06d891c508b68cbf|0|1786388966.478|95.658|2.989|2996166656|3006279680|sim_data_341798b7487bf001|__AUTOMETRIC__
__AUTOMETRIC__|0.1.2|25352|crew_log_06d891c508b68cbf|0|1786388967.493|107.748|3.367|2464886784|2475126784|sim_data_341798b7487bf001|__AUTOMETRIC__
__AUTOMETRIC__|0.1.2|25352|crew_log_06d891c508b68cbf|0|1786388968.507|100.138|3.129|2505519104|2516226048|sim_data_341798b7487bf001|__AUTOMETRIC__
__AUTOMETRIC__|0.1.2|25352|crew_log_06d891c508b68cbf|0|1786388969.507|106.213|3.319|1680080896|1690136576|sim_data_341798b7487bf001|__AUTOMETRIC__
__AUTOMETRIC__|0.1.2|25352|crew_log_06d891c508b68cbf|0|1786388970.514|100.923|3.154|1680355328|1690411008|sim_data_341798b7487bf001|__AUTOMETRIC__
__AUTOMETRIC__|0.1.2|25352|crew_log_06d891c508b68cbf|0|1786388971.515|99.890|3.122|1676718080|1686622208|sim_data_341798b7487bf001|__AUTOMETRIC__
__AUTOMETRIC__|0.1.2|25352|crew_log_06d891c508b68cbf|0|1786388972.519|99.537|3.111|1679613952|1689518080|sim_data_341798b7487bf001|__AUTOMETRIC__
__AUTOMETRIC__|0.1.2|25352|crew_log_06d891c508b68cbf|0|1786388973.526|97.846|3.058|1679273984|1689178112|sim_data_341798b7487bf001|__AUTOMETRIC__
__AUTOMETRIC__|0.1.2|25352|crew_log_06d891c508b68cbf|0|1786388974.530|102.663|3.208|1679544320|1689448448|sim_data_341798b7487bf001|__AUTOMETRIC__
__AUTOMETRIC__|0.1.2|25352|crew_log_06d891c508b68cbf|0|1786388975.542|98.808|3.088|1679544320|1689448448|sim_data_341798b7487bf001|__AUTOMETRIC__
__AUTOMETRIC__|0.1.2|25352|crew_log_06d891c508b68cbf|0|1786388976.557|98.507|3.078|1682550784|1692463104|sim_data_341798b7487bf001|__AUTOMETRIC__
__AUTOMETRIC__|0.1.2|25352|crew_log_06d891c508b68cbf|0|1786388977.571|100.231|3.132|1682358272|1692262400|sim_data_341798b7487bf001|__AUTOMETRIC__
__AUTOMETRIC__|0.1.2|25352|crew_log_06d891c508b68cbf|0|1786388978.583|100.323|3.135|1682399232|1692303360|sim_data_341798b7487bf001|__AUTOMETRIC__
__AUTOMETRIC__|0.1.2|25352|crew_log_06d891c508b68cbf|0|1786388979.587|101.101|3.159|1682350080|1692254208|sim_data_341798b7487bf001|__AUTOMETRIC__
__AUTOMETRIC__|0.1.2|25352|crew_log_06d891c508b68cbf|0|1786388980.603|101.559|3.174|1682219008|1692123136|sim_data_341798b7487bf001|__AUTOMETRIC__
__AUTOMETRIC__|0.1.2|25352|crew_log_06d891c508b68cbf|0|1786388981.615|100.321|3.135|1684869120|1694773248|sim_data_341798b7487bf001|__AUTOMETRIC__
__AUTOMETRIC__|0.1.2|25352|crew_log_06d891c508b68cbf|0|1786388982.619|101.152|3.161|1685127168|1695031296|sim_data_341798b7487bf001|__AUTOMETRIC__
__AUTOMETRIC__|0.1.2|25352|crew_log_06d891c508b68cbf|0|1786388983.635|98.486|3.078|1685131264|1695035392|sim_data_341798b7487bf001|__AUTOMETRIC__
__AUTOMETRIC__|0.1.2|25352|crew_log_06d891c508b68cbf|0|1786388984.641|97.852|3.058|2110595072|2120577024|sim_data_341798b7487bf001|__AUTOMETRIC__
__AUTOMETRIC__|0.1.2|25352|crew_log_06d891c508b68cbf|0|1786388985.646|99.477|3.109|2974289920|2984955904|sim_data_341798b7487bf001|__AUTOMETRIC__
__AUTOMETRIC__|0.1.2|25352|crew_log_06d891c508b68cbf|0|1786388986.652|105.599|3.300|2507472896|2518007808|sim_data_341798b7487bf001|__AUTOMETRIC__
__AUTOMETRIC__|0.1.2|25352|crew_log_06d891c508b68cbf|0|1786388987.659|105.483|3.296|1699295232|1709510656|sim_data_341798b7487bf001|__AUTOMETRIC__
__AUTOMETRIC__|0.1.2|25352|crew_log_06d891c508b68cbf|0|1786388988.663|99.632|3.113|1699852288|1710067712|sim_data_341798b7487bf001|__AUTOMETRIC__
__AUTOMETRIC__|0.1.2|25352|crew_log_06d891c508b68cbf|0|1786388989.677|101.707|3.178|1694138368|1703989248|sim_data_341798b7487bf001|__AUTOMETRIC__
__AUTOMETRIC__|0.1.2|25352|crew_log_06d891c508b68cbf|0|1786388990.692|100.079|3.127|1696772096|1706631168|sim_data_341798b7487bf001|__AUTOMETRIC__
__AUTOMETRIC__|0.1.2|25352|crew_log_06d891c508b68cbf|0|1786388991.696|99.597|3.112|1696985088|1706835968|sim_data_341798b7487bf001|__AUTOMETRIC__
__AUTOMETRIC__|0.1.2|25352|crew_log_06d891c508b68cbf|0|1786388992.697|99.892|3.122|1699835904|1709694976|sim_data_341798b7487bf001|__AUTOMETRIC__
__AUTOMETRIC__|0.1.2|25352|crew_log_06d891c508b68cbf|0|1786388993.698|99.941|3.123|1699508224|1709359104|sim_data_341798b7487bf001|__AUTOMETRIC__
__AUTOMETRIC__|0.1.2|25352|crew_log_06d891c508b68cbf|0|1786388994.709|101.955|3.186|1699557376|1709625344|sim_data_341798b7487bf001|__AUTOMETRIC__
__AUTOMETRIC__|0.1.2|25352|crew_log_06d891c508b68cbf|0|1786388995.715|99.423|3.107|1702440960|1712517120|sim_data_341798b7487bf001|__AUTOMETRIC__
__AUTOMETRIC__|0.1.2|25352|crew_log_06d891c508b68cbf|0|1786388996.716|101.412|3.169|1702326272|1712177152|sim_data_341798b7487bf001|__AUTOMETRIC__
__AUTOMETRIC__|0.1.2|25352|crew_log_06d891c508b68cbf|0|1786388997.732|99.997|3.125|1702330368|1712398336|sim_data_341798b7487bf001|__AUTOMETRIC__
__AUTOMETRIC__|0.1.2|25352|crew_log_06d891c508b68cbf|0|1786388998.741|99.081|3.096|2018930688|2028867584|sim_data_341798b7487bf001|__AUTOMETRIC__
__AUTOMETRIC__|0.1.2|25352|crew_log_06d891c508b68cbf|0|1786388999.743|99.810|3.119|2869026816|2879578112|sim_data_341798b7487bf001|__AUTOMETRIC__
__AUTOMETRIC__|0.1.2|25352|crew_log_06d891c508b68cbf|0|1786389000.747|110.552|3.455|2444505088|2454798336|sim_data_341798b7487bf001|__AUTOMETRIC__
__AUTOMETRIC__|0.1.2|25352|crew_log_06d891c508b68cbf|0|1786389001.750|109.051|3.408|1441460224|1452056576|sim_data_341798b7487bf001|__AUTOMETRIC__
__AUTOMETRIC__|0.1.2|25352|crew_log_06d891c508b68cbf|0|1786389002.752|99.748|3.117|1435082752|1445138432|sim_data_341798b7487bf001|__AUTOMETRIC__
__AUTOMETRIC__|0.1.2|25352|crew_log_06d891c508b68cbf|0|1786389003.760|99.221|3.101|1432526848|1442471936|sim_data_341798b7487bf001|__AUTOMETRIC__
__AUTOMETRIC__|0.1.2|25352|crew_log_06d891c508b68cbf|0|1786389004.762|102.893|3.215|1435537408|1445494784|sim_data_341798b7487bf001|__AUTOMETRIC__
__AUTOMETRIC__|0.1.2|25352|crew_log_06d891c508b68cbf|0|1786389005.764|99.863|3.121|1435348992|1445294080|sim_data_341798b7487bf001|__AUTOMETRIC__
__AUTOMETRIC__|0.1.2|25352|crew_log_06d891c508b68cbf|0|1786389006.766|99.751|3.117|1435344896|1445289984|sim_data_341798b7487bf001|__AUTOMETRIC__
__AUTOMETRIC__|0.1.2|25352|crew_log_06d891c508b68cbf|0|1786389007.772|99.426|3.107|1437806592|1447751680|sim_data_341798b7487bf001|__AUTOMETRIC__
__AUTOMETRIC__|0.1.2|25352|crew_log_06d891c508b68cbf|0|1786389008.777|99.453|3.108|1438060544|1448005632|sim_data_341798b7487bf001|__AUTOMETRIC__
__AUTOMETRIC__|0.1.2|25352|crew_log_06d891c508b68cbf|0|1786389009.787|99.015|3.094|1438093312|1448038400|sim_data_341798b7487bf001|__AUTOMETRIC__
__AUTOMETRIC__|0.1.2|25352|crew_log_06d891c508b68cbf|0|1786389010.792|99.488|3.109|1441062912|1451020288|sim_data_341798b7487bf001|__AUTOMETRIC__
__AUTOMETRIC__|0.1.2|25352|crew_log_06d891c508b68cbf|0|1786389011.800|99.283|3.103|1440911360|1450856448|sim_data_341798b7487bf001|__AUTOMETRIC__
__AUTOMETRIC__|0.1.2|25352|crew_log_06d891c508b68cbf|0|1786389012.805|97.895|3.059|1440931840|1450876928|sim_data_341798b7487bf001|__AUTOMETRIC__
__AUTOMETRIC__|0.1.2|25352|crew_log_06d891c508b68cbf|0|1786389013.820|100.065|3.127|1778782208|1788878848|sim_data_341798b7487bf001|__AUTOMETRIC__
__AUTOMETRIC__|0.1.2|25352|crew_log_06d891c508b68cbf|0|1786389014.833|106.457|3.327|2144804864|2155110400|sim_data_341798b7487bf001|__AUTOMETRIC__
__AUTOMETRIC__|0.1.2|25352|crew_log_06d891c508b68cbf|0|1786389015.837|96.439|3.014|2336468992|2347118592|sim_data_341798b7487bf001|__AUTOMETRIC__
__AUTOMETRIC__|0.1.2|25352|crew_log_06d891c508b68cbf|0|1786389016.844|105.537|3.298|1535078400|1546047488|sim_data_341798b7487bf001|__AUTOMETRIC__
__AUTOMETRIC__|0.1.2|25352|crew_log_06d891c508b68cbf|0|1786389017.854|99.055|3.095|1530400768|1540739072|sim_data_341798b7487bf001|__AUTOMETRIC__
__AUTOMETRIC__|0.1.2|25352|crew_log_06d891c508b68cbf|0|1786389018.864|102.048|3.189|1529868288|1539850240|sim_data_341798b7487bf001|__AUTOMETRIC__
__AUTOMETRIC__|0.1.2|25352|crew_log_06d891c508b68cbf|0|1786389019.875|100.447|3.139|1532829696|1542819840|sim_data_341798b7487bf001|__AUTOMETRIC__
__AUTOMETRIC__|0.1.2|25352|crew_log_06d891c508b68cbf|0|1786389020.880|99.524|3.110|1532653568|1542635520|sim_data_341798b7487bf001|__AUTOMETRIC__
__AUTOMETRIC__|0.1.2|25352|crew_log_06d891c508b68cbf|0|1786389021.881|99.925|3.123|1532674048|1542656000|sim_data_341798b7487bf001|__AUTOMETRIC__
__AUTOMETRIC__|0.1.2|25352|crew_log_06d891c508b68cbf|0|1786389022.881|98.422|3.076|1535692800|1545904128|sim_data_341798b7487bf001|__AUTOMETRIC__
__AUTOMETRIC__|0.1.2|25352|crew_log_06d891c508b68cbf|0|1786389023.882|99.906|3.122|1535492096|1545474048|sim_data_341798b7487bf001|__AUTOMETRIC__
__AUTOMETRIC__|0.1.2|25352|crew_log_06d891c508b68cbf|0|1786389024.888|102.560|3.205|1535512576|1545494528|sim_data_341798b7487bf001|__AUTOMETRIC__
__AUTOMETRIC__|0.1.2|25352|crew_log_06d891c508b68cbf|0|1786389025.889|99.845|3.120|1535496192|1545478144|sim_data_341798b7487bf001|__AUTOMETRIC__
__AUTOMETRIC__|0.1.2|25352|crew_log_06d891c508b68cbf|0|1786389026.891|99.853|3.120|1538187264|1548169216|sim_data_341798b7487bf001|__AUTOMETRIC__
__AUTOMETRIC__|0.1.2|25352|crew_log_06d891c508b68cbf|0|1786389027.892|99.861|3.121|1538322432|1548304384|sim_data_341798b7487bf001|__AUTOMETRIC__
__AUTOMETRIC__|0.1.2|25352|crew_log_06d891c508b68cbf|0|1786389028.907|98.505|3.078|1538330624|1548529664|sim_data_341798b7487bf001|__AUTOMETRIC__
__AUTOMETRIC__|0.1.2|25352|crew_log_06d891c508b68cbf|0|1786389029.909|106.021|3.313|1858945024|1869250560|sim_data_341798b7487bf001|__AUTOMETRIC__
__AUTOMETRIC__|0.1.2|25352|crew_log_06d891c508b68cbf|0|1786389030.923|106.339|3.323|1658949632|1669382144|sim_data_341798b7487bf001|__AUTOMETRIC__
__AUTOMETRIC__|0.1.2|25352|crew_log_06d891c508b68cbf|0|1786389031.928|99.550|3.111|1696559104|1706913792|sim_data_341798b7487bf001|__AUTOMETRIC__
__AUTOMETRIC__|0.1.2|25352|crew_log_06d891c508b68cbf|0|1786389032.928|99.983|3.124|1696854016|1707208704|sim_data_341798b7487bf001|__AUTOMETRIC__
__AUTOMETRIC__|0.1.2|25352|crew_log_06d891c508b68cbf|0|1786389033.943|100.057|3.127|1694257152|1704394752|sim_data_341798b7487bf001|__AUTOMETRIC__
__AUTOMETRIC__|0.1.2|25352|crew_log_06d891c508b68cbf|0|1786389034.958|100.057|3.127|1697128448|1707384832|sim_data_341798b7487bf001|__AUTOMETRIC__
__AUTOMETRIC__|0.1.2|25352|crew_log_06d891c508b68cbf|0|1786389035.965|96.165|3.005|1696948224|1706975232|sim_data_341798b7487bf001|__AUTOMETRIC__
__AUTOMETRIC__|0.1.2|25352|crew_log_06d891c508b68cbf|0|1786389036.970|99.510|3.110|1696952320|1706979328|sim_data_341798b7487bf001|__AUTOMETRIC__
__AUTOMETRIC__|0.1.2|25352|crew_log_06d891c508b68cbf|0|1786389037.974|99.639|3.114|1699786752|1709813760|sim_data_341798b7487bf001|__AUTOMETRIC__
__AUTOMETRIC__|0.1.2|25352|crew_log_06d891c508b68cbf|0|1786389038.976|99.821|3.119|1699786752|1709813760|sim_data_341798b7487bf001|__AUTOMETRIC__
__AUTOMETRIC__|0.1.2|25352|crew_log_06d891c508b68cbf|0|1786389039.981|99.492|3.109|1699790848|1710034944|sim_data_341798b7487bf001|__AUTOMETRIC__
__AUTOMETRIC__|0.1.2|25352|crew_log_06d891c508b68cbf|0|1786389040.992|95.757|2.992|1702699008|1712726016|sim_data_341798b7487bf001|__AUTOMETRIC__
__AUTOMETRIC__|0.1.2|25352|crew_log_06d891c508b68cbf|0|1786389041.996|101.176|3.162|1702715392|1712742400|sim_data_341798b7487bf001|__AUTOMETRIC__
__AUTOMETRIC__|0.1.2|25352|crew_log_06d891c508b68cbf|0|1786389042.998|99.859|3.121|1702662144|1712906240|sim_data_341798b7487bf001|__AUTOMETRIC__
__AUTOMETRIC__|0.1.2|25352|crew_log_06d891c508b68cbf|0|1786389043.998|99.939|3.123|2536124416|2546507776|sim_data_341798b7487bf001|__AUTOMETRIC__
__AUTOMETRIC__|0.1.2|25352|crew_log_06d891c508b68cbf|0|1786389045.010|101.890|3.184|2539663360|2550136832|sim_data_341798b7487bf001|__AUTOMETRIC__
__AUTOMETRIC__|0.1.2|25352|crew_log_06d891c508b68cbf|0|1786389046.016|104.132|3.254|1908178944|1919029248|sim_data_341798b7487bf001|__AUTOMETRIC__
__AUTOMETRIC__|0.1.2|25352|crew_log_06d891c508b68cbf|0|1786389047.017|99.873|3.121|1903751168|1913946112|sim_data_341798b7487bf001|__AUTOMETRIC__
__AUTOMETRIC__|0.1.2|25352|crew_log_06d891c508b68cbf|0|1786389048.031|100.169|3.130|1903804416|1914142720|sim_data_341798b7487bf001|__AUTOMETRIC__
__AUTOMETRIC__|0.1.2|25352|crew_log_06d891c508b68cbf|0|1786389049.031|99.953|3.124|1905864704|1916104704|sim_data_341798b7487bf001|__AUTOMETRIC__
__AUTOMETRIC__|0.1.2|25352|crew_log_06d891c508b68cbf|0|1786389050.039|99.228|3.101|1905631232|1915715584|sim_data_341798b7487bf001|__AUTOMETRIC__
__AUTOMETRIC__|0.1.2|25352|crew_log_06d891c508b68cbf|0|1786389051.039|98.438|3.076|1905631232|1915715584|sim_data_341798b7487bf001|__AUTOMETRIC__
__AUTOMETRIC__|0.1.2|25352|crew_log_06d891c508b68cbf|0|1786389052.045|99.429|3.107|1908473856|1918558208|sim_data_341798b7487bf001|__AUTOMETRIC__
__AUTOMETRIC__|0.1.2|25352|crew_log_06d891c508b68cbf|0|1786389053.059|100.105|3.128|1908502528|1918730240|sim_data_341798b7487bf001|__AUTOMETRIC__
__AUTOMETRIC__|0.1.2|25352|crew_log_06d891c508b68cbf|0|1786389054.066|96.233|3.007|1908494336|1918722048|sim_data_341798b7487bf001|__AUTOMETRIC__
__AUTOMETRIC__|0.1.2|25352|crew_log_06d891c508b68cbf|0|1786389055.077|100.500|3.141|1911304192|1921531904|sim_data_341798b7487bf001|__AUTOMETRIC__
__AUTOMETRIC__|0.1.2|25352|crew_log_06d891c508b68cbf|0|1786389056.079|99.771|3.118|1911304192|1921531904|sim_data_341798b7487bf001|__AUTOMETRIC__
__AUTOMETRIC__|0.1.2|25352|crew_log_06d891c508b68cbf|0|1786389057.086|99.269|3.102|2222399488|2232696832|sim_data_341798b7487bf001|__AUTOMETRIC__
__AUTOMETRIC__|0.1.2|25352|crew_log_06d891c508b68cbf|0|1786389058.087|101.502|3.172|2513321984|2523701248|sim_data_341798b7487bf001|__AUTOMETRIC__
__AUTOMETRIC__|0.1.2|25352|crew_log_06d891c508b68cbf|0|1786389059.099|103.398|3.231|2165223424|2175840256|sim_data_341798b7487bf001|__AUTOMETRIC__
__AUTOMETRIC__|0.1.2|25352|crew_log_06d891c508b68cbf|0|1786389060.115|101.570|3.174|2136829952|2147303424|sim_data_341798b7487bf001|__AUTOMETRIC__
__AUTOMETRIC__|0.1.2|25352|crew_log_06d891c508b68cbf|0|1786389061.115|99.983|3.124|2136834048|2147307520|sim_data_341798b7487bf001|__AUTOMETRIC__
__AUTOMETRIC__|0.1.2|25352|crew_log_06d891c508b68cbf|0|1786389062.129|101.708|3.178|2127179776|2137231360|sim_data_341798b7487bf001|__AUTOMETRIC__
__AUTOMETRIC__|0.1.2|25352|crew_log_06d891c508b68cbf|0|1786389063.140|100.394|3.137|2130227200|2140286976|sim_data_341798b7487bf001|__AUTOMETRIC__
__AUTOMETRIC__|0.1.2|25352|crew_log_06d891c508b68cbf|0|1786389064.148|99.247|3.101|2130014208|2140065792|sim_data_341798b7487bf001|__AUTOMETRIC__
__AUTOMETRIC__|0.1.2|25352|crew_log_06d891c508b68cbf|0|1786389065.150|99.835|3.120|2130022400|2140073984|sim_data_341798b7487bf001|__AUTOMETRIC__
__AUTOMETRIC__|0.1.2|25352|crew_log_06d891c508b68cbf|0|1786389066.161|100.385|3.137|2132942848|2143100928|sim_data_341798b7487bf001|__AUTOMETRIC__
__AUTOMETRIC__|0.1.2|25352|crew_log_06d891c508b68cbf|0|1786389067.172|100.518|3.141|2132750336|2142801920|sim_data_341798b7487bf001|__AUTOMETRIC__
__AUTOMETRIC__|0.1.2|25352|crew_log_06d891c508b68cbf|0|1786389068.174|99.823|3.119|2132754432|2142904320|sim_data_341798b7487bf001|__AUTOMETRIC__
__AUTOMETRIC__|0.1.2|25352|crew_log_06d891c508b68cbf|0|1786389069.188|100.152|3.130|2135437312|2145587200|sim_data_341798b7487bf001|__AUTOMETRIC__
__AUTOMETRIC__|0.1.2|25352|crew_log_06d891c508b68cbf|0|1786389070.189|99.848|3.120|2135568384|2145718272|sim_data_341798b7487bf001|__AUTOMETRIC__
__AUTOMETRIC__|0.1.2|25352|crew_log_06d891c508b68cbf|0|1786389071.192|99.716|3.116|2135564288|2145615872|sim_data_341798b7487bf001|__AUTOMETRIC__
__AUTOMETRIC__|0.1.2|25352|crew_log_06d891c508b68cbf|0|1786389072.206|98.606|3.081|2598064128|2608504832|sim_data_341798b7487bf001|__AUTOMETRIC__
__AUTOMETRIC__|0.1.2|25352|crew_log_06d891c508b68cbf|0|1786389073.220|103.310|3.228|2703335424|2713714688|sim_data_341798b7487bf001|__AUTOMETRIC__
__AUTOMETRIC__|0.1.2|25352|crew_log_06d891c508b68cbf|0|1786389074.220|103.100|3.222|2360487936|2371317760|sim_data_341798b7487bf001|__AUTOMETRIC__
__AUTOMETRIC__|0.1.2|25352|crew_log_06d891c508b68cbf|0|1786389075.233|100.193|3.131|2357276672|2367774720|sim_data_341798b7487bf001|__AUTOMETRIC__
__AUTOMETRIC__|0.1.2|25352|crew_log_06d891c508b68cbf|0|1786389076.248|98.566|3.080|2354384896|2364538880|sim_data_341798b7487bf001|__AUTOMETRIC__
__AUTOMETRIC__|0.1.2|25352|crew_log_06d891c508b68cbf|0|1786389077.263|98.556|3.080|2357276672|2367438848|sim_data_341798b7487bf001|__AUTOMETRIC__
__AUTOMETRIC__|0.1.2|25352|crew_log_06d891c508b68cbf|0|1786389078.267|99.602|3.113|2357133312|2367287296|sim_data_341798b7487bf001|__AUTOMETRIC__
__AUTOMETRIC__|0.1.2|25352|crew_log_06d891c508b68cbf|0|1786389079.271|99.588|3.112|2357133312|2367287296|sim_data_341798b7487bf001|__AUTOMETRIC__
__AUTOMETRIC__|0.1.2|25352|crew_log_06d891c508b68cbf|0|1786389080.285|101.705|3.178|2359971840|2370125824|sim_data_341798b7487bf001|__AUTOMETRIC__
__AUTOMETRIC__|0.1.2|25352|crew_log_06d891c508b68cbf|0|1786389081.299|100.142|3.129|2359959552|2370060288|sim_data_341798b7487bf001|__AUTOMETRIC__
__AUTOMETRIC__|0.1.2|25352|crew_log_06d891c508b68cbf|0|1786389082.303|99.559|3.111|2359951360|2370052096|sim_data_341798b7487bf001|__AUTOMETRIC__
__AUTOMETRIC__|0.1.2|25352|crew_log_06d891c508b68cbf|0|1786389083.317|101.732|3.179|2362724352|2372825088|sim_data_341798b7487bf001|__AUTOMETRIC__
__AUTOMETRIC__|0.1.2|25352|crew_log_06d891c508b68cbf|0|1786389084.323|100.990|3.156|2362744832|2372898816|sim_data_341798b7487bf001|__AUTOMETRIC__
__AUTOMETRIC__|0.1.2|25352|crew_log_06d891c508b68cbf|0|1786389085.324|99.845|3.120|2362716160|2372816896|sim_data_341798b7487bf001|__AUTOMETRIC__
__AUTOMETRIC__|0.1.2|25352|crew_log_06d891c508b68cbf|0|1786389086.337|101.880|3.184|2497966080|2508288000|sim_data_341798b7487bf001|__AUTOMETRIC__
__AUTOMETRIC__|0.1.2|25352|crew_log_06d891c508b68cbf|0|1786389087.348|111.269|3.477|1747881984|1757872128|sim_data_341798b7487bf001|__AUTOMETRIC__
__AUTOMETRIC__|0.1.2|25352|crew_log_06d891c508b68cbf|0|1786389088.349|99.811|3.119|1787494400|1798172672|sim_data_341798b7487bf001|__AUTOMETRIC__
__AUTOMETRIC__|0.1.2|25352|crew_log_06d891c508b68cbf|0|1786389089.363|100.234|3.132|1780551680|1791012864|sim_data_341798b7487bf001|__AUTOMETRIC__
__AUTOMETRIC__|0.1.2|25352|crew_log_06d891c508b68cbf|0|1786389090.365|98.168|3.068|1779793920|1789845504|sim_data_341798b7487bf001|__AUTOMETRIC__
__AUTOMETRIC__|0.1.2|25352|crew_log_06d891c508b68cbf|0|1786389091.370|99.592|3.112|1781989376|1791979520|sim_data_341798b7487bf001|__AUTOMETRIC__
__AUTOMETRIC__|0.1.2|25352|crew_log_06d891c508b68cbf|0|1786389092.377|100.833|3.151|1781817344|1791795200|sim_data_341798b7487bf001|__AUTOMETRIC__
__AUTOMETRIC__|0.1.2|25352|crew_log_06d891c508b68cbf|0|1786389093.388|98.931|3.092|1781813248|1791791104|sim_data_341798b7487bf001|__AUTOMETRIC__
__AUTOMETRIC__|0.1.2|25352|crew_log_06d891c508b68cbf|0|1786389094.388|99.992|3.125|1784885248|1794973696|sim_data_341798b7487bf001|__AUTOMETRIC__
__AUTOMETRIC__|0.1.2|25352|crew_log_06d891c508b68cbf|0|1786389095.398|98.980|3.093|1784688640|1794764800|sim_data_341798b7487bf001|__AUTOMETRIC__
__AUTOMETRIC__|0.1.2|25352|crew_log_06d891c508b68cbf|0|1786389096.409|101.993|3.187|1784713216|1794789376|sim_data_341798b7487bf001|__AUTOMETRIC__
__AUTOMETRIC__|0.1.2|25352|crew_log_06d891c508b68cbf|0|1786389097.409|99.991|3.125|1787600896|1797591040|sim_data_341798b7487bf001|__AUTOMETRIC__
__AUTOMETRIC__|0.1.2|25352|crew_log_06d891c508b68cbf|0|1786389098.419|99.070|3.096|1787424768|1797402624|sim_data_341798b7487bf001|__AUTOMETRIC__
__AUTOMETRIC__|0.1.2|25352|crew_log_06d891c508b68cbf|0|1786389099.419|99.946|3.123|1787437056|1797414912|sim_data_341798b7487bf001|__AUTOMETRIC__
__AUTOMETRIC__|0.1.2|25352|crew_log_06d891c508b68cbf|0|1786389100.423|99.662|3.114|1787416576|1797394432|sim_data_341798b7487bf001|__AUTOMETRIC__
__AUTOMETRIC__|0.1.2|25352|crew_log_06d891c508b68cbf|0|1786389101.431|103.857|3.246|2006863872|2017157120|sim_data_341798b7487bf001|__AUTOMETRIC__
__AUTOMETRIC__|0.1.2|25352|crew_log_06d891c508b68cbf|0|1786389102.445|97.052|3.033|2526294016|2536570880|sim_data_341798b7487bf001|__AUTOMETRIC__
__AUTOMETRIC__|0.1.2|25352|crew_log_06d891c508b68cbf|0|1786389103.447|102.939|3.217|2001367040|2012385280|sim_data_341798b7487bf001|__AUTOMETRIC__
__AUTOMETRIC__|0.1.2|25352|crew_log_06d891c508b68cbf|0|1786389104.450|99.687|3.115|1996840960|2007547904|sim_data_341798b7487bf001|__AUTOMETRIC__
__AUTOMETRIC__|0.1.2|25352|crew_log_06d891c508b68cbf|0|1786389105.453|99.676|3.115|1995726848|2005786624|sim_data_341798b7487bf001|__AUTOMETRIC__
__AUTOMETRIC__|0.1.2|25352|crew_log_06d891c508b68cbf|0|1786389106.467|100.181|3.131|1995710464|2005770240|sim_data_341798b7487bf001|__AUTOMETRIC__
__AUTOMETRIC__|0.1.2|25352|crew_log_06d891c508b68cbf|0|1786389107.467|98.410|3.075|1998495744|2008567808|sim_data_341798b7487bf001|__AUTOMETRIC__
__AUTOMETRIC__|0.1.2|25352|crew_log_06d891c508b68cbf|0|1786389108.477|99.041|3.095|1998307328|2008367104|sim_data_341798b7487bf001|__AUTOMETRIC__
__AUTOMETRIC__|0.1.2|25352|crew_log_06d891c508b68cbf|0|1786389109.481|101.149|3.161|1998327808|2008387584|sim_data_341798b7487bf001|__AUTOMETRIC__
__AUTOMETRIC__|0.1.2|25352|crew_log_06d891c508b68cbf|0|1786389110.486|99.514|3.110|2001231872|2011303936|sim_data_341798b7487bf001|__AUTOMETRIC__
__AUTOMETRIC__|0.1.2|25352|crew_log_06d891c508b68cbf|0|1786389111.488|98.230|3.070|2001059840|2011119616|sim_data_341798b7487bf001|__AUTOMETRIC__
__AUTOMETRIC__|0.1.2|25352|crew_log_06d891c508b68cbf|0|1786389112.501|100.250|3.133|2001088512|2011148288|sim_data_341798b7487bf001|__AUTOMETRIC__
__AUTOMETRIC__|0.1.2|25352|crew_log_06d891c508b68cbf|0|1786389113.510|100.665|3.146|2001059840|2011119616|sim_data_341798b7487bf001|__AUTOMETRIC__
__AUTOMETRIC__|0.1.2|25352|crew_log_06d891c508b68cbf|0|1786389114.514|99.583|3.112|2003619840|2013679616|sim_data_341798b7487bf001|__AUTOMETRIC__
__AUTOMETRIC__|0.1.2|25352|crew_log_06d891c508b68cbf|0|1786389115.520|99.412|3.107|2003873792|2013933568|sim_data_341798b7487bf001|__AUTOMETRIC__
__AUTOMETRIC__|0.1.2|25352|crew_log_06d891c508b68cbf|0|1786389116.524|99.555|3.111|2003910656|2013970432|sim_data_341798b7487bf001|__AUTOMETRIC__
__AUTOMETRIC__|0.1.2|25352|crew_log_06d891c508b68cbf|0|1786389117.532|100.803|3.150|2425548800|2435665920|sim_data_341798b7487bf001|__AUTOMETRIC__
__AUTOMETRIC__|0.1.2|25352|crew_log_06d891c508b68cbf|0|1786389118.538|102.526|3.204|2515124224|2525388800|sim_data_341798b7487bf001|__AUTOMETRIC__
__AUTOMETRIC__|0.1.2|25352|crew_log_06d891c508b68cbf|0|1786389119.539|102.949|3.217|2236403712|2246819840|sim_data_341798b7487bf001|__AUTOMETRIC__
__AUTOMETRIC__|0.1.2|25352|crew_log_06d891c508b68cbf|0|1786389120.553|101.737|3.179|2241650688|2252103680|sim_data_341798b7487bf001|__AUTOMETRIC__
__AUTOMETRIC__|0.1.2|25352|crew_log_06d891c508b68cbf|0|1786389121.567|100.130|3.129|2239578112|2249637888|sim_data_341798b7487bf001|__AUTOMETRIC__
__AUTOMETRIC__|0.1.2|25352|crew_log_06d891c508b68cbf|0|1786389122.569|99.847|3.120|2242379776|2252550144|sim_data_341798b7487bf001|__AUTOMETRIC__
__AUTOMETRIC__|0.1.2|25352|crew_log_06d891c508b68cbf|0|1786389123.582|100.248|3.133|2242174976|2252234752|sim_data_341798b7487bf001|__AUTOMETRIC__
__AUTOMETRIC__|0.1.2|25352|crew_log_06d891c508b68cbf|0|1786389124.587|99.532|3.110|2242179072|2252238848|sim_data_341798b7487bf001|__AUTOMETRIC__
__AUTOMETRIC__|0.1.2|25352|crew_log_06d891c508b68cbf|0|1786389125.601|100.174|3.130|2245197824|2255269888|sim_data_341798b7487bf001|__AUTOMETRIC__
__AUTOMETRIC__|0.1.2|25352|crew_log_06d891c508b68cbf|0|1786389126.602|101.431|3.170|2244993024|2255052800|sim_data_341798b7487bf001|__AUTOMETRIC__
__AUTOMETRIC__|0.1.2|25352|crew_log_06d891c508b68cbf|0|1786389127.614|100.306|3.135|2245042176|2255101952|sim_data_341798b7487bf001|__AUTOMETRIC__
__AUTOMETRIC__|0.1.2|25352|crew_log_06d891c508b68cbf|0|1786389128.627|98.800|3.088|2247991296|2258063360|sim_data_341798b7487bf001|__AUTOMETRIC__
__AUTOMETRIC__|0.1.2|25352|crew_log_06d891c508b68cbf|0|1786389129.628|99.810|3.119|2247798784|2257858560|sim_data_341798b7487bf001|__AUTOMETRIC__
__AUTOMETRIC__|0.1.2|25352|crew_log_06d891c508b68cbf|0|1786389130.642|100.253|3.133|2247839744|2257899520|sim_data_341798b7487bf001|__AUTOMETRIC__
__AUTOMETRIC__|0.1.2|25352|crew_log_06d891c508b68cbf|0|1786389131.650|99.176|3.099|2438369280|2448547840|sim_data_341798b7487bf001|__AUTOMETRIC__
__AUTOMETRIC__|0.1.2|25352|crew_log_06d891c508b68cbf|0|1786389132.665|106.256|3.321|2284707840|2294968320|sim_data_341798b7487bf001|__AUTOMETRIC__
__AUTOMETRIC__|0.1.2|25352|crew_log_06d891c508b68cbf|0|1786389133.671|99.313|3.104|2544168960|2554458112|sim_data_341798b7487bf001|__AUTOMETRIC__
__AUTOMETRIC__|0.1.2|25352|crew_log_06d891c508b68cbf|0|1786389134.686|106.247|3.320|1852014592|1862791168|sim_data_341798b7487bf001|__AUTOMETRIC__
__AUTOMETRIC__|0.1.2|25352|crew_log_06d891c508b68cbf|0|1786389135.691|97.985|3.062|1847001088|1857409024|sim_data_341798b7487bf001|__AUTOMETRIC__
__AUTOMETRIC__|0.1.2|25352|crew_log_06d891c508b68cbf|0|1786389136.695|99.605|3.113|1846136832|1856184320|sim_data_341798b7487bf001|__AUTOMETRIC__
__AUTOMETRIC__|0.1.2|25352|crew_log_06d891c508b68cbf|0|1786389137.699|99.609|3.113|1849057280|1859166208|sim_data_341798b7487bf001|__AUTOMETRIC__
__AUTOMETRIC__|0.1.2|25352|crew_log_06d891c508b68cbf|0|1786389138.713|98.573|3.080|1848877056|1858924544|sim_data_341798b7487bf001|__AUTOMETRIC__
__AUTOMETRIC__|0.1.2|25352|crew_log_06d891c508b68cbf|0|1786389139.722|99.093|3.097|1848918016|1859018752|sim_data_341798b7487bf001|__AUTOMETRIC__
__AUTOMETRIC__|0.1.2|25352|crew_log_06d891c508b68cbf|0|1786389140.737|100.070|3.127|1851879424|1861988352|sim_data_341798b7487bf001|__AUTOMETRIC__
__AUTOMETRIC__|0.1.2|25352|crew_log_06d891c508b68cbf|0|1786389141.741|99.637|3.114|1851654144|1861701632|sim_data_341798b7487bf001|__AUTOMETRIC__
__AUTOMETRIC__|0.1.2|25352|crew_log_06d891c508b68cbf|0|1786389142.752|100.429|3.138|1851662336|1861763072|sim_data_341798b7487bf001|__AUTOMETRIC__
__AUTOMETRIC__|0.1.2|25352|crew_log_06d891c508b68cbf|0|1786389143.766|100.177|3.131|1854332928|1864380416|sim_data_341798b7487bf001|__AUTOMETRIC__
__AUTOMETRIC__|0.1.2|25352|crew_log_06d891c508b68cbf|0|1786389144.780|100.145|3.130|1854459904|1864507392|sim_data_341798b7487bf001|__AUTOMETRIC__
__AUTOMETRIC__|0.1.2|25352|crew_log_06d891c508b68cbf|0|1786389145.781|99.875|3.121|1854464000|1864564736|sim_data_341798b7487bf001|__AUTOMETRIC__
__AUTOMETRIC__|0.1.2|25352|crew_log_06d891c508b68cbf|0|1786389146.797|100.020|3.126|2209869824|2219982848|sim_data_341798b7487bf001|__AUTOMETRIC__
__AUTOMETRIC__|0.1.2|25352|crew_log_06d891c508b68cbf|0|1786389147.809|100.310|3.135|2781028352|2791563264|sim_data_341798b7487bf001|__AUTOMETRIC__
__AUTOMETRIC__|0.1.2|25352|crew_log_06d891c508b68cbf|0|1786389148.824|107.800|3.369|2055061504|2065686528|sim_data_341798b7487bf001|__AUTOMETRIC__
__AUTOMETRIC__|0.1.2|25352|crew_log_06d891c508b68cbf|0|1786389149.839|100.096|3.128|2075951104|2086719488|sim_data_341798b7487bf001|__AUTOMETRIC__
__AUTOMETRIC__|0.1.2|25352|crew_log_06d891c508b68cbf|0|1786389150.850|98.881|3.090|2076213248|2086981632|sim_data_341798b7487bf001|__AUTOMETRIC__
__AUTOMETRIC__|0.1.2|25352|crew_log_06d891c508b68cbf|0|1786389151.865|101.586|3.175|2073997312|2084093952|sim_data_341798b7487bf001|__AUTOMETRIC__
__AUTOMETRIC__|0.1.2|25352|crew_log_06d891c508b68cbf|0|1786389152.871|102.543|3.204|2077077504|2087174144|sim_data_341798b7487bf001|__AUTOMETRIC__
__AUTOMETRIC__|0.1.2|25352|crew_log_06d891c508b68cbf|0|1786389153.886|100.075|3.127|2076667904|2086756352|sim_data_341798b7487bf001|__AUTOMETRIC__
__AUTOMETRIC__|0.1.2|25352|crew_log_06d891c508b68cbf|0|1786389154.900|100.100|3.128|2076930048|2087018496|sim_data_341798b7487bf001|__AUTOMETRIC__
__AUTOMETRIC__|0.1.2|25352|crew_log_06d891c508b68cbf|0|1786389155.903|99.761|3.118|2076938240|2087026688|sim_data_341798b7487bf001|__AUTOMETRIC__
__AUTOMETRIC__|0.1.2|25352|crew_log_06d891c508b68cbf|0|1786389156.903|99.973|3.124|2079891456|2089988096|sim_data_341798b7487bf001|__AUTOMETRIC__
__AUTOMETRIC__|0.1.2|25352|crew_log_06d891c508b68cbf|0|1786389157.908|99.491|3.109|2079735808|2089824256|sim_data_341798b7487bf001|__AUTOMETRIC__
__AUTOMETRIC__|0.1.2|25352|crew_log_06d891c508b68cbf|0|1786389158.922|100.157|3.130|2079776768|2089865216|sim_data_341798b7487bf001|__AUTOMETRIC__
__AUTOMETRIC__|0.1.2|25352|crew_log_06d891c508b68cbf|0|1786389159.922|99.974|3.124|2082787328|2092883968|sim_data_341798b7487bf001|__AUTOMETRIC__
__AUTOMETRIC__|0.1.2|25352|crew_log_06d891c508b68cbf|0|1786389160.926|99.667|3.115|2082357248|2092445696|sim_data_341798b7487bf001|__AUTOMETRIC__
__AUTOMETRIC__|0.1.2|25352|crew_log_06d891c508b68cbf|0|1786389161.938|100.315|3.135|2082627584|2092716032|sim_data_341798b7487bf001|__AUTOMETRIC__
__AUTOMETRIC__|0.1.2|25352|crew_log_06d891c508b68cbf|0|1786389162.947|99.113|3.097|2082664448|2092752896|sim_data_341798b7487bf001|__AUTOMETRIC__
__AUTOMETRIC__|0.1.2|25352|crew_log_06d891c508b68cbf|0|1786389163.962|100.077|3.127|2171015168|2181373952|sim_data_341798b7487bf001|__AUTOMETRIC__
__AUTOMETRIC__|0.1.2|25352|crew_log_06d891c508b68cbf|0|1786389164.976|100.118|3.129|2631176192|2641752064|sim_data_341798b7487bf001|__AUTOMETRIC__
__AUTOMETRIC__|0.1.2|25352|crew_log_06d891c508b68cbf|0|1786389165.979|109.112|3.410|2421121024|2431516672|sim_data_341798b7487bf001|__AUTOMETRIC__
__AUTOMETRIC__|0.1.2|25352|crew_log_06d891c508b68cbf|0|1786389166.980|107.657|3.364|1749417984|1759920128|sim_data_341798b7487bf001|__AUTOMETRIC__
__AUTOMETRIC__|0.1.2|25352|crew_log_06d891c508b68cbf|0|1786389167.980|99.963|3.124|1749688320|1760190464|sim_data_341798b7487bf001|__AUTOMETRIC__
__AUTOMETRIC__|0.1.2|25352|crew_log_06d891c508b68cbf|0|1786389168.989|97.615|3.050|1738088448|1748008960|sim_data_341798b7487bf001|__AUTOMETRIC__
__AUTOMETRIC__|0.1.2|25352|crew_log_06d891c508b68cbf|0|1786389169.989|99.973|3.124|1738051584|1747972096|sim_data_341798b7487bf001|__AUTOMETRIC__
__AUTOMETRIC__|0.1.2|25352|crew_log_06d891c508b68cbf|0|1786389170.994|101.046|3.158|1741021184|1750949888|sim_data_341798b7487bf001|__AUTOMETRIC__
__AUTOMETRIC__|0.1.2|25352|crew_log_06d891c508b68cbf|0|1786389171.996|101.358|3.167|1740881920|1750802432|sim_data_341798b7487bf001|__AUTOMETRIC__
__AUTOMETRIC__|0.1.2|25352|crew_log_06d891c508b68cbf|0|1786389173.009|98.757|3.086|1740914688|1750835200|sim_data_341798b7487bf001|__AUTOMETRIC__
__AUTOMETRIC__|0.1.2|25352|crew_log_06d891c508b68cbf|0|1786389174.024|101.621|3.176|1740877824|1750798336|sim_data_341798b7487bf001|__AUTOMETRIC__
__AUTOMETRIC__|0.1.2|25352|crew_log_06d891c508b68cbf|0|1786389175.026|98.169|3.068|1743523840|1753444352|sim_data_341798b7487bf001|__AUTOMETRIC__
__AUTOMETRIC__|0.1.2|25352|crew_log_06d891c508b68cbf|0|1786389176.027|99.954|3.124|1743663104|1753583616|sim_data_341798b7487bf001|__AUTOMETRIC__
__AUTOMETRIC__|0.1.2|25352|crew_log_06d891c508b68cbf|0|1786389177.028|99.922|3.123|1743654912|1753575424|sim_data_341798b7487bf001|__AUTOMETRIC__
__AUTOMETRIC__|0.1.2|25352|crew_log_06d891c508b68cbf|0|1786389178.036|99.161|3.099|1746313216|1756233728|sim_data_341798b7487bf001|__AUTOMETRIC__
__AUTOMETRIC__|0.1.2|25352|crew_log_06d891c508b68cbf|0|1786389179.046|100.571|3.143|1746440192|1756360704|sim_data_341798b7487bf001|__AUTOMETRIC__
__AUTOMETRIC__|0.1.2|25352|crew_log_06d891c508b68cbf|0|1786389180.046|99.978|3.124|1746440192|1756360704|sim_data_341798b7487bf001|__AUTOMETRIC__
__AUTOMETRIC__|0.1.2|25352|crew_log_06d891c508b68cbf|0|1786389181.056|98.979|3.093|1746444288|1756364800|sim_data_341798b7487bf001|__AUTOMETRIC__
__AUTOMETRIC__|0.1.2|25352|crew_log_06d891c508b68cbf|0|1786389182.067|102.045|3.189|2085478400|2095484928|sim_data_341798b7487bf001|__AUTOMETRIC__
__AUTOMETRIC__|0.1.2|25352|crew_log_06d891c508b68cbf|0|1786389183.068|103.032|3.220|2454896640|2465611776|sim_data_341798b7487bf001|__AUTOMETRIC__
__AUTOMETRIC__|0.1.2|25352|crew_log_06d891c508b68cbf|0|1786389184.080|103.393|3.231|2083852288|2094419968|sim_data_341798b7487bf001|__AUTOMETRIC__
__AUTOMETRIC__|0.1.2|25352|crew_log_06d891c508b68cbf|0|1786389185.088|100.803|3.150|2090840064|2101424128|sim_data_341798b7487bf001|__AUTOMETRIC__
__AUTOMETRIC__|0.1.2|25352|crew_log_06d891c508b68cbf|0|1786389186.094|99.373|3.105|2090086400|2100174848|sim_data_341798b7487bf001|__AUTOMETRIC__
__AUTOMETRIC__|0.1.2|25352|crew_log_06d891c508b68cbf|0|1786389187.108|100.201|3.131|2088587264|2098675712|sim_data_341798b7487bf001|__AUTOMETRIC__
__AUTOMETRIC__|0.1.2|25352|crew_log_06d891c508b68cbf|0|1786389188.117|99.063|3.096|2088583168|2098671616|sim_data_341798b7487bf001|__AUTOMETRIC__
__AUTOMETRIC__|0.1.2|25352|crew_log_06d891c508b68cbf|0|1786389189.117|101.579|3.174|2091139072|2101227520|sim_data_341798b7487bf001|__AUTOMETRIC__
__AUTOMETRIC__|0.1.2|25352|crew_log_06d891c508b68cbf|0|1786389190.132|100.104|3.128|2091397120|2101485568|sim_data_341798b7487bf001|__AUTOMETRIC__
__AUTOMETRIC__|0.1.2|25352|crew_log_06d891c508b68cbf|0|1786389191.134|99.784|3.118|2091393024|2101481472|sim_data_341798b7487bf001|__AUTOMETRIC__
__AUTOMETRIC__|0.1.2|25352|crew_log_06d891c508b68cbf|0|1786389192.144|100.506|3.141|2093924352|2104033280|sim_data_341798b7487bf001|__AUTOMETRIC__
__AUTOMETRIC__|0.1.2|25352|crew_log_06d891c508b68cbf|0|1786389193.157|100.265|3.133|2094198784|2104307712|sim_data_341798b7487bf001|__AUTOMETRIC__
__AUTOMETRIC__|0.1.2|25352|crew_log_06d891c508b68cbf|0|1786389194.171|100.185|3.131|2094247936|2104422400|sim_data_341798b7487bf001|__AUTOMETRIC__
__AUTOMETRIC__|0.1.2|25352|crew_log_06d891c508b68cbf|0|1786389195.186|100.111|3.128|2097160192|2107342848|sim_data_341798b7487bf001|__AUTOMETRIC__
__AUTOMETRIC__|0.1.2|25352|crew_log_06d891c508b68cbf|0|1786389196.192|99.383|3.106|2097033216|2107142144|sim_data_341798b7487bf001|__AUTOMETRIC__
__AUTOMETRIC__|0.1.2|25352|crew_log_06d891c508b68cbf|0|1786389197.205|100.211|3.132|2097029120|2107203584|sim_data_341798b7487bf001|__AUTOMETRIC__
__AUTOMETRIC__|0.1.2|25352|crew_log_06d891c508b68cbf|0|1786389198.220|100.104|3.128|2588946432|2599260160|sim_data_341798b7487bf001|__AUTOMETRIC__
__AUTOMETRIC__|0.1.2|25352|crew_log_06d891c508b68cbf|0|1786389199.222|106.041|3.314|2494218240|2504519680|sim_data_341798b7487bf001|__AUTOMETRIC__
__AUTOMETRIC__|0.1.2|25352|crew_log_06d891c508b68cbf|0|1786389200.235|106.447|3.326|1880076288|1890803712|sim_data_341798b7487bf001|__AUTOMETRIC__
__AUTOMETRIC__|0.1.2|25352|crew_log_06d891c508b68cbf|0|1786389201.236|99.855|3.120|1875177472|1885351936|sim_data_341798b7487bf001|__AUTOMETRIC__
__AUTOMETRIC__|0.1.2|25352|crew_log_06d891c508b68cbf|0|1786389202.241|101.118|3.160|1873567744|1883611136|sim_data_341798b7487bf001|__AUTOMETRIC__
__AUTOMETRIC__|0.1.2|25352|crew_log_06d891c508b68cbf|0|1786389203.254|101.775|3.180|1873305600|1883348992|sim_data_341798b7487bf001|__AUTOMETRIC__
__AUTOMETRIC__|0.1.2|25352|crew_log_06d891c508b68cbf|0|1786389204.256|99.750|3.117|1873305600|1883348992|sim_data_341798b7487bf001|__AUTOMETRIC__
__AUTOMETRIC__|0.1.2|25352|crew_log_06d891c508b68cbf|0|1786389205.259|102.853|3.214|1873305600|1883348992|sim_data_341798b7487bf001|__AUTOMETRIC__
__AUTOMETRIC__|0.1.2|25352|crew_log_06d891c508b68cbf|0|1786389206.270|98.922|3.091|1873305600|1883348992|sim_data_341798b7487bf001|__AUTOMETRIC__
__AUTOMETRIC__|0.1.2|25352|crew_log_06d891c508b68cbf|0|1786389207.272|98.255|3.070|1873305600|1883348992|sim_data_341798b7487bf001|__AUTOMETRIC__
__AUTOMETRIC__|0.1.2|25352|crew_log_06d891c508b68cbf|0|1786389208.285|100.215|3.132|1876201472|1886244864|sim_data_341798b7487bf001|__AUTOMETRIC__
__AUTOMETRIC__|0.1.2|25352|crew_log_06d891c508b68cbf|0|1786389209.292|100.915|3.154|1876320256|1886363648|sim_data_341798b7487bf001|__AUTOMETRIC__
__AUTOMETRIC__|0.1.2|25352|crew_log_06d891c508b68cbf|0|1786389210.293|99.825|3.120|1876348928|1886392320|sim_data_341798b7487bf001|__AUTOMETRIC__
__AUTOMETRIC__|0.1.2|25352|crew_log_06d891c508b68cbf|0|1786389211.302|99.158|3.099|1879347200|1889423360|sim_data_341798b7487bf001|__AUTOMETRIC__
__AUTOMETRIC__|0.1.2|25352|crew_log_06d891c508b68cbf|0|1786389212.304|101.350|3.167|1879171072|1889234944|sim_data_341798b7487bf001|__AUTOMETRIC__
__AUTOMETRIC__|0.1.2|25352|crew_log_06d891c508b68cbf|0|1786389213.311|100.896|3.153|1879195648|1889259520|sim_data_341798b7487bf001|__AUTOMETRIC__
__AUTOMETRIC__|0.1.2|25352|crew_log_06d891c508b68cbf|0|1786389214.315|99.549|3.111|1882161152|1892237312|sim_data_341798b7487bf001|__AUTOMETRIC__
__AUTOMETRIC__|0.1.2|25352|crew_log_06d891c508b68cbf|0|1786389215.318|99.745|3.117|1881944064|1892007936|sim_data_341798b7487bf001|__AUTOMETRIC__
__AUTOMETRIC__|0.1.2|25352|crew_log_06d891c508b68cbf|0|1786389216.328|100.544|3.142|1881944064|1892044800|sim_data_341798b7487bf001|__AUTOMETRIC__
__AUTOMETRIC__|0.1.2|25352|crew_log_06d891c508b68cbf|0|1786389217.332|98.056|3.064|1967464448|1977839616|sim_data_341798b7487bf001|__AUTOMETRIC__
__AUTOMETRIC__|0.1.2|25352|crew_log_06d891c508b68cbf|0|1786389218.345|98.718|3.085|2457784320|2468257792|sim_data_341798b7487bf001|__AUTOMETRIC__
__AUTOMETRIC__|0.1.2|25352|crew_log_06d891c508b68cbf|0|1786389219.353|100.722|3.148|2550915072|2561597440|sim_data_341798b7487bf001|__AUTOMETRIC__
__AUTOMETRIC__|0.1.2|25352|crew_log_06d891c508b68cbf|0|1786389220.358|101.095|3.159|2368290816|2379137024|sim_data_341798b7487bf001|__AUTOMETRIC__
__AUTOMETRIC__|0.1.2|25352|crew_log_06d891c508b68cbf|0|1786389221.365|97.690|3.053|2363015168|2373390336|sim_data_341798b7487bf001|__AUTOMETRIC__
__AUTOMETRIC__|0.1.2|25352|crew_log_06d891c508b68cbf|0|1786389222.370|101.051|3.158|2361704448|2371866624|sim_data_341798b7487bf001|__AUTOMETRIC__
__AUTOMETRIC__|0.1.2|25352|crew_log_06d891c508b68cbf|0|1786389223.380|99.071|3.096|2364702720|2374877184|sim_data_341798b7487bf001|__AUTOMETRIC__
__AUTOMETRIC__|0.1.2|25352|crew_log_06d891c508b68cbf|0|1786389224.383|98.089|3.065|2364338176|2374717440|sim_data_341798b7487bf001|__AUTOMETRIC__
__AUTOMETRIC__|0.1.2|25352|crew_log_06d891c508b68cbf|0|1786389225.387|102.726|3.210|2367275008|2377691136|sim_data_341798b7487bf001|__AUTOMETRIC__
__AUTOMETRIC__|0.1.2|25352|crew_log_06d891c508b68cbf|0|1786389226.402|100.105|3.128|2367135744|2377539584|sim_data_341798b7487bf001|__AUTOMETRIC__
__AUTOMETRIC__|0.1.2|25352|crew_log_06d891c508b68cbf|0|1786389227.406|99.541|3.111|2367156224|2377560064|sim_data_341798b7487bf001|__AUTOMETRIC__
__AUTOMETRIC__|0.1.2|25352|crew_log_06d891c508b68cbf|0|1786389228.408|99.786|3.118|2370015232|2380431360|sim_data_341798b7487bf001|__AUTOMETRIC__
__AUTOMETRIC__|0.1.2|25352|crew_log_06d891c508b68cbf|0|1786389229.412|99.644|3.114|2369863680|2380050432|sim_data_341798b7487bf001|__AUTOMETRIC__
__AUTOMETRIC__|0.1.2|25352|crew_log_06d891c508b68cbf|0|1786389230.425|100.270|3.133|2369863680|2380050432|sim_data_341798b7487bf001|__AUTOMETRIC__
__AUTOMETRIC__|0.1.2|25352|crew_log_06d891c508b68cbf|0|1786389231.440|104.690|3.272|2369478656|2380034048|sim_data_341798b7487bf001|__AUTOMETRIC__
__AUTOMETRIC__|0.1.2|25352|crew_log_06d891c508b68cbf|0|1786389232.454|101.633|3.176|2482462720|2493161472|sim_data_341798b7487bf001|__AUTOMETRIC__
__AUTOMETRIC__|0.1.2|25352|crew_log_06d891c508b68cbf|0|1786389233.469|103.219|3.226|2277228544|2288226304|sim_data_341798b7487bf001|__AUTOMETRIC__
__AUTOMETRIC__|0.1.2|25352|crew_log_06d891c508b68cbf|0|1786389234.479|102.097|3.191|2273660928|2284437504|sim_data_341798b7487bf001|__AUTOMETRIC__
__AUTOMETRIC__|0.1.2|25352|crew_log_06d891c508b68cbf|0|1786389235.485|99.385|3.106|2269990912|2280472576|sim_data_341798b7487bf001|__AUTOMETRIC__
__AUTOMETRIC__|0.1.2|25352|crew_log_06d891c508b68cbf|0|1786389236.496|100.459|3.139|2272706560|2283188224|sim_data_341798b7487bf001|__AUTOMETRIC__
__AUTOMETRIC__|0.1.2|25352|crew_log_06d891c508b68cbf|0|1786389237.511|100.065|3.127|2272694272|2283175936|sim_data_341798b7487bf001|__AUTOMETRIC__
__AUTOMETRIC__|0.1.2|25352|crew_log_06d891c508b68cbf|0|1786389238.512|99.855|3.120|2272731136|2283212800|sim_data_341798b7487bf001|__AUTOMETRIC__
__AUTOMETRIC__|0.1.2|25352|crew_log_06d891c508b68cbf|0|1786389239.527|100.073|3.127|2275770368|2286260224|sim_data_341798b7487bf001|__AUTOMETRIC__
__AUTOMETRIC__|0.1.2|25352|crew_log_06d891c508b68cbf|0|1786389240.531|98.025|3.063|2275577856|2286055424|sim_data_341798b7487bf001|__AUTOMETRIC__
__AUTOMETRIC__|0.1.2|25352|crew_log_06d891c508b68cbf|0|1786389241.534|99.797|3.119|2275581952|2286059520|sim_data_341798b7487bf001|__AUTOMETRIC__
__AUTOMETRIC__|0.1.2|25352|crew_log_06d891c508b68cbf|0|1786389242.548|98.574|3.080|2278400000|2288873472|sim_data_341798b7487bf001|__AUTOMETRIC__
__AUTOMETRIC__|0.1.2|25352|crew_log_06d891c508b68cbf|0|1786389243.555|100.817|3.151|2278408192|2288881664|sim_data_341798b7487bf001|__AUTOMETRIC__
__AUTOMETRIC__|0.1.2|25352|crew_log_06d891c508b68cbf|0|1786389244.570|97.021|3.032|2278404096|2288877568|sim_data_341798b7487bf001|__AUTOMETRIC__
__AUTOMETRIC__|0.1.2|25352|crew_log_06d891c508b68cbf|0|1786389245.583|103.374|3.230|2476339200|2486644736|sim_data_341798b7487bf001|__AUTOMETRIC__
__AUTOMETRIC__|0.1.2|25352|crew_log_06d891c508b68cbf|0|1786389246.598|103.112|3.222|2353893376|2364219392|sim_data_341798b7487bf001|__AUTOMETRIC__
__AUTOMETRIC__|0.1.2|25352|crew_log_06d891c508b68cbf|0|1786389247.603|101.054|3.158|2301722624|2312818688|sim_data_341798b7487bf001|__AUTOMETRIC__
__AUTOMETRIC__|0.1.2|25352|crew_log_06d891c508b68cbf|0|1786389248.605|101.383|3.168|2297921536|2308669440|sim_data_341798b7487bf001|__AUTOMETRIC__
__AUTOMETRIC__|0.1.2|25352|crew_log_06d891c508b68cbf|0|1786389249.618|98.656|3.083|2294624256|2304954368|sim_data_341798b7487bf001|__AUTOMETRIC__
__AUTOMETRIC__|0.1.2|25352|crew_log_06d891c508b68cbf|0|1786389250.632|100.228|3.132|2294419456|2304880640|sim_data_341798b7487bf001|__AUTOMETRIC__
__AUTOMETRIC__|0.1.2|25352|crew_log_06d891c508b68cbf|0|1786389251.643|95.809|2.994|2297307136|2307768320|sim_data_341798b7487bf001|__AUTOMETRIC__
__AUTOMETRIC__|0.1.2|25352|crew_log_06d891c508b68cbf|0|1786389252.644|99.912|3.122|2297294848|2307756032|sim_data_341798b7487bf001|__AUTOMETRIC__
__AUTOMETRIC__|0.1.2|25352|crew_log_06d891c508b68cbf|0|1786389253.656|100.355|3.136|2297274368|2307735552|sim_data_341798b7487bf001|__AUTOMETRIC__
__AUTOMETRIC__|0.1.2|25352|crew_log_06d891c508b68cbf|0|1786389254.669|100.265|3.133|2300092416|2310553600|sim_data_341798b7487bf001|__AUTOMETRIC__
__AUTOMETRIC__|0.1.2|25352|crew_log_06d891c508b68cbf|0|1786389255.683|100.158|3.130|2300096512|2310557696|sim_data_341798b7487bf001|__AUTOMETRIC__
__AUTOMETRIC__|0.1.2|25352|crew_log_06d891c508b68cbf|0|1786389256.694|100.402|3.138|2300047360|2310508544|sim_data_341798b7487bf001|__AUTOMETRIC__
__AUTOMETRIC__|0.1.2|25352|crew_log_06d891c508b68cbf|0|1786389257.702|100.745|3.148|2302816256|2313146368|sim_data_341798b7487bf001|__AUTOMETRIC__
__AUTOMETRIC__|0.1.2|25352|crew_log_06d891c508b68cbf|0|1786389258.704|99.853|3.120|2302861312|2313191424|sim_data_341798b7487bf001|__AUTOMETRIC__
__AUTOMETRIC__|0.1.2|25352|crew_log_06d891c508b68cbf|0|1786389259.716|100.375|3.137|2368872448|2379612160|sim_data_341798b7487bf001|__AUTOMETRIC__
__AUTOMETRIC__|0.1.2|25352|crew_log_06d891c508b68cbf|0|1786389260.727|98.889|3.090|2867744768|2878816256|sim_data_341798b7487bf001|__AUTOMETRIC__
__AUTOMETRIC__|0.1.2|25352|crew_log_06d891c508b68cbf|0|1786389261.739|109.565|3.424|2358484992|2369232896|sim_data_341798b7487bf001|__AUTOMETRIC__
__AUTOMETRIC__|0.1.2|25352|crew_log_06d891c508b68cbf|0|1786389262.747|100.821|3.151|2376835072|2387984384|sim_data_341798b7487bf001|__AUTOMETRIC__
__AUTOMETRIC__|0.1.2|25352|crew_log_06d891c508b68cbf|0|1786389263.761|100.153|3.130|2372583424|2383261696|sim_data_341798b7487bf001|__AUTOMETRIC__
__AUTOMETRIC__|0.1.2|25352|crew_log_06d891c508b68cbf|0|1786389264.776|100.044|3.126|2371407872|2381971456|sim_data_341798b7487bf001|__AUTOMETRIC__
__AUTOMETRIC__|0.1.2|25352|crew_log_06d891c508b68cbf|0|1786389265.790|98.671|3.083|2374168576|2384601088|sim_data_341798b7487bf001|__AUTOMETRIC__
__AUTOMETRIC__|0.1.2|25352|crew_log_06d891c508b68cbf|0|1786389266.805|101.588|3.175|2374172672|2384736256|sim_data_341798b7487bf001|__AUTOMETRIC__
__AUTOMETRIC__|0.1.2|25352|crew_log_06d891c508b68cbf|0|1786389267.815|102.025|3.188|2377084928|2387656704|sim_data_341798b7487bf001|__AUTOMETRIC__
__AUTOMETRIC__|0.1.2|25352|crew_log_06d891c508b68cbf|0|1786389268.830|100.146|3.130|2376970240|2387533824|sim_data_341798b7487bf001|__AUTOMETRIC__
__AUTOMETRIC__|0.1.2|25352|crew_log_06d891c508b68cbf|0|1786389269.831|98.273|3.071|2376970240|2387533824|sim_data_341798b7487bf001|__AUTOMETRIC__
__AUTOMETRIC__|0.1.2|25352|crew_log_06d891c508b68cbf|0|1786389270.834|99.706|3.116|2379931648|2390503424|sim_data_341798b7487bf001|__AUTOMETRIC__
__AUTOMETRIC__|0.1.2|25352|crew_log_06d891c508b68cbf|0|1786389271.835|101.510|3.172|2379784192|2390347776|sim_data_341798b7487bf001|__AUTOMETRIC__
__AUTOMETRIC__|0.1.2|25352|crew_log_06d891c508b68cbf|0|1786389272.848|101.784|3.181|2379800576|2390364160|sim_data_341798b7487bf001|__AUTOMETRIC__
__AUTOMETRIC__|0.1.2|25352|crew_log_06d891c508b68cbf|0|1786389273.862|100.149|3.130|2586652672|2597142528|sim_data_341798b7487bf001|__AUTOMETRIC__
__AUTOMETRIC__|0.1.2|25352|crew_log_06d891c508b68cbf|0|1786389274.862|104.639|3.270|2515120128|2525630464|sim_data_341798b7487bf001|__AUTOMETRIC__
__AUTOMETRIC__|0.1.2|25352|crew_log_06d891c508b68cbf|0|1786389275.869|102.470|3.202|2211278848|2222067712|sim_data_341798b7487bf001|__AUTOMETRIC__
__AUTOMETRIC__|0.1.2|25352|crew_log_06d891c508b68cbf|0|1786389276.874|97.937|3.061|2220957696|2231660544|sim_data_341798b7487bf001|__AUTOMETRIC__
__AUTOMETRIC__|0.1.2|25352|crew_log_06d891c508b68cbf|0|1786389277.884|100.519|3.141|2218057728|2228346880|sim_data_341798b7487bf001|__AUTOMETRIC__
__AUTOMETRIC__|0.1.2|25352|crew_log_06d891c508b68cbf|0|1786389278.888|98.083|3.065|2217852928|2228142080|sim_data_341798b7487bf001|__AUTOMETRIC__
__AUTOMETRIC__|0.1.2|25352|crew_log_06d891c508b68cbf|0|1786389279.903|100.071|3.127|2220593152|2230910976|sim_data_341798b7487bf001|__AUTOMETRIC__
__AUTOMETRIC__|0.1.2|25352|crew_log_06d891c508b68cbf|0|1786389280.904|99.908|3.122|2220752896|2231070720|sim_data_341798b7487bf001|__AUTOMETRIC__
__AUTOMETRIC__|0.1.2|25352|crew_log_06d891c508b68cbf|0|1786389281.916|100.366|3.136|2220707840|2231025664|sim_data_341798b7487bf001|__AUTOMETRIC__
__AUTOMETRIC__|0.1.2|25352|crew_log_06d891c508b68cbf|0|1786389282.922|99.392|3.106|2223742976|2234073088|sim_data_341798b7487bf001|__AUTOMETRIC__
__AUTOMETRIC__|0.1.2|25352|crew_log_06d891c508b68cbf|0|1786389283.924|99.817|3.119|2223570944|2233892864|sim_data_341798b7487bf001|__AUTOMETRIC__
__AUTOMETRIC__|0.1.2|25352|crew_log_06d891c508b68cbf|0|1786389284.930|99.413|3.107|2226515968|2236846080|sim_data_341798b7487bf001|__AUTOMETRIC__
__AUTOMETRIC__|0.1.2|25352|crew_log_06d891c508b68cbf|0|1786389285.930|101.533|3.173|2226348032|2236665856|sim_data_341798b7487bf001|__AUTOMETRIC__
__AUTOMETRIC__|0.1.2|25352|crew_log_06d891c508b68cbf|0|1786389286.931|101.459|3.171|2226384896|2236706816|sim_data_341798b7487bf001|__AUTOMETRIC__
__AUTOMETRIC__|0.1.2|25352|crew_log_06d891c508b68cbf|0|1786389287.931|99.986|3.125|2403442688|2413711360|sim_data_341798b7487bf001|__AUTOMETRIC__
__AUTOMETRIC__|0.1.2|25352|crew_log_06d891c508b68cbf|0|1786389288.944|106.384|3.325|2533163008|2543947776|sim_data_341798b7487bf001|__AUTOMETRIC__
__AUTOMETRIC__|0.1.2|25352|crew_log_06d891c508b68cbf|0|1786389289.955|105.092|3.284|2164199424|2174726144|sim_data_341798b7487bf001|__AUTOMETRIC__
__AUTOMETRIC__|0.1.2|25352|crew_log_06d891c508b68cbf|0|1786389290.956|101.528|3.173|2178256896|2189025280|sim_data_341798b7487bf001|__AUTOMETRIC__
__AUTOMETRIC__|0.1.2|25352|crew_log_06d891c508b68cbf|0|1786389291.971|100.012|3.125|2175520768|2185875456|sim_data_341798b7487bf001|__AUTOMETRIC__
__AUTOMETRIC__|0.1.2|25352|crew_log_06d891c508b68cbf|0|1786389292.979|100.806|3.150|2175315968|2185670656|sim_data_341798b7487bf001|__AUTOMETRIC__
__AUTOMETRIC__|0.1.2|25352|crew_log_06d891c508b68cbf|0|1786389293.979|99.944|3.123|2178093056|2188447744|sim_data_341798b7487bf001|__AUTOMETRIC__
__AUTOMETRIC__|0.1.2|25352|crew_log_06d891c508b68cbf|0|1786389294.988|99.177|3.099|2178105344|2188460032|sim_data_341798b7487bf001|__AUTOMETRIC__
__AUTOMETRIC__|0.1.2|25352|crew_log_06d891c508b68cbf|0|1786389295.992|99.609|3.113|2178129920|2188484608|sim_data_341798b7487bf001|__AUTOMETRIC__
__AUTOMETRIC__|0.1.2|25352|crew_log_06d891c508b68cbf|0|1786389297.001|103.739|3.242|2178109440|2188464128|sim_data_341798b7487bf001|__AUTOMETRIC__
__AUTOMETRIC__|0.1.2|25352|crew_log_06d891c508b68cbf|0|1786389298.003|99.780|3.118|2181079040|2191450112|sim_data_341798b7487bf001|__AUTOMETRIC__
__AUTOMETRIC__|0.1.2|25352|crew_log_06d891c508b68cbf|0|1786389299.013|100.593|3.144|2180907008|2191261696|sim_data_341798b7487bf001|__AUTOMETRIC__
__AUTOMETRIC__|0.1.2|25352|crew_log_06d891c508b68cbf|0|1786389300.014|99.866|3.121|2180935680|2191290368|sim_data_341798b7487bf001|__AUTOMETRIC__
__AUTOMETRIC__|0.1.2|25352|crew_log_06d891c508b68cbf|0|1786389301.020|97.840|3.058|2183929856|2194300928|sim_data_341798b7487bf001|__AUTOMETRIC__
__AUTOMETRIC__|0.1.2|25352|crew_log_06d891c508b68cbf|0|1786389302.034|100.211|3.132|2183733248|2194087936|sim_data_341798b7487bf001|__AUTOMETRIC__
__AUTOMETRIC__|0.1.2|25352|crew_log_06d891c508b68cbf|0|1786389303.034|99.971|3.124|2183766016|2194120704|sim_data_341798b7487bf001|__AUTOMETRIC__
__AUTOMETRIC__|0.1.2|25352|crew_log_06d891c508b68cbf|0|1786389304.044|102.040|3.189|2183737344|2194092032|sim_data_341798b7487bf001|__AUTOMETRIC__
__AUTOMETRIC__|0.1.2|25352|crew_log_06d891c508b68cbf|0|1786389305.050|99.403|3.106|2707709952|2718171136|sim_data_341798b7487bf001|__AUTOMETRIC__
__AUTOMETRIC__|0.1.2|25352|crew_log_06d891c508b68cbf|0|1786389306.064|107.959|3.374|2128494592|2138902528|sim_data_341798b7487bf001|__AUTOMETRIC__
__AUTOMETRIC__|0.1.2|25352|crew_log_06d891c508b68cbf|0|1786389307.078|100.140|3.129|2175025152|2185879552|sim_data_341798b7487bf001|__AUTOMETRIC__
__AUTOMETRIC__|0.1.2|25352|crew_log_06d891c508b68cbf|0|1786389308.079|99.886|3.121|2170593280|2181193728|sim_data_341798b7487bf001|__AUTOMETRIC__
__AUTOMETRIC__|0.1.2|25352|crew_log_06d891c508b68cbf|0|1786389309.081|99.803|3.119|2169122816|2179543040|sim_data_341798b7487bf001|__AUTOMETRIC__
__AUTOMETRIC__|0.1.2|25352|crew_log_06d891c508b68cbf|0|1786389310.095|100.182|3.131|2171768832|2182184960|sim_data_341798b7487bf001|__AUTOMETRIC__
__AUTOMETRIC__|0.1.2|25352|crew_log_06d891c508b68cbf|0|1786389311.097|99.755|3.117|2171928576|2182344704|sim_data_341798b7487bf001|__AUTOMETRIC__
__AUTOMETRIC__|0.1.2|25352|crew_log_06d891c508b68cbf|0|1786389312.106|100.631|3.145|2171944960|2182361088|sim_data_341798b7487bf001|__AUTOMETRIC__
__AUTOMETRIC__|0.1.2|25352|crew_log_06d891c508b68cbf|0|1786389313.113|99.310|3.103|2174959616|2185379840|sim_data_341798b7487bf001|__AUTOMETRIC__
__AUTOMETRIC__|0.1.2|25352|crew_log_06d891c508b68cbf|0|1786389314.127|100.152|3.130|2174803968|2185216000|sim_data_341798b7487bf001|__AUTOMETRIC__
__AUTOMETRIC__|0.1.2|25352|crew_log_06d891c508b68cbf|0|1786389315.129|98.236|3.070|2174836736|2185248768|sim_data_341798b7487bf001|__AUTOMETRIC__
__AUTOMETRIC__|0.1.2|25352|crew_log_06d891c508b68cbf|0|1786389316.133|99.691|3.115|2177769472|2188189696|sim_data_341798b7487bf001|__AUTOMETRIC__
__AUTOMETRIC__|0.1.2|25352|crew_log_06d891c508b68cbf|0|1786389317.146|101.799|3.181|2177581056|2187993088|sim_data_341798b7487bf001|__AUTOMETRIC__
__AUTOMETRIC__|0.1.2|25352|crew_log_06d891c508b68cbf|0|1786389318.150|99.532|3.110|2177556480|2187968512|sim_data_341798b7487bf001|__AUTOMETRIC__
__AUTOMETRIC__|0.1.2|25352|crew_log_06d891c508b68cbf|0|1786389319.160|99.067|3.096|2705100800|2715828224|sim_data_341798b7487bf001|__AUTOMETRIC__
__AUTOMETRIC__|0.1.2|25352|crew_log_06d891c508b68cbf|0|1786389320.161|107.698|3.366|2633396224|2643927040|sim_data_341798b7487bf001|__AUTOMETRIC__
__AUTOMETRIC__|0.1.2|25352|crew_log_06d891c508b68cbf|0|1786389321.163|102.889|3.215|2281668608|2292441088|sim_data_341798b7487bf001|__AUTOMETRIC__
__AUTOMETRIC__|0.1.2|25352|crew_log_06d891c508b68cbf|0|1786389322.165|101.368|3.168|2277134336|2287632384|sim_data_341798b7487bf001|__AUTOMETRIC__
__AUTOMETRIC__|0.1.2|25352|crew_log_06d891c508b68cbf|0|1786389323.171|99.426|3.107|2275561472|2286075904|sim_data_341798b7487bf001|__AUTOMETRIC__
__AUTOMETRIC__|0.1.2|25352|crew_log_06d891c508b68cbf|0|1786389324.178|100.866|3.152|2278203392|2288562176|sim_data_341798b7487bf001|__AUTOMETRIC__
__AUTOMETRIC__|0.1.2|25352|crew_log_06d891c508b68cbf|0|1786389325.181|98.146|3.067|2278322176|2288680960|sim_data_341798b7487bf001|__AUTOMETRIC__
__AUTOMETRIC__|0.1.2|25352|crew_log_06d891c508b68cbf|0|1786389326.182|101.407|3.169|2278346752|2288861184|sim_data_341798b7487bf001|__AUTOMETRIC__
__AUTOMETRIC__|0.1.2|25352|crew_log_06d891c508b68cbf|0|1786389327.194|98.824|3.088|2281267200|2291793920|sim_data_341798b7487bf001|__AUTOMETRIC__
__AUTOMETRIC__|0.1.2|25352|crew_log_06d891c508b68cbf|0|1786389328.195|96.802|3.025|2281144320|2291658752|sim_data_341798b7487bf001|__AUTOMETRIC__
__AUTOMETRIC__|0.1.2|25352|crew_log_06d891c508b68cbf|0|1786389329.201|102.474|3.202|2281205760|2291720192|sim_data_341798b7487bf001|__AUTOMETRIC__
__AUTOMETRIC__|0.1.2|25352|crew_log_06d891c508b68cbf|0|1786389330.215|100.171|3.130|2283986944|2294345728|sim_data_341798b7487bf001|__AUTOMETRIC__
__AUTOMETRIC__|0.1.2|25352|crew_log_06d891c508b68cbf|0|1786389331.228|100.258|3.133|2284003328|2294517760|sim_data_341798b7487bf001|__AUTOMETRIC__
__AUTOMETRIC__|0.1.2|25352|crew_log_06d891c508b68cbf|0|1786389332.230|99.839|3.120|2399723520|2410225664|sim_data_341798b7487bf001|__AUTOMETRIC__
__AUTOMETRIC__|0.1.2|25352|crew_log_06d891c508b68cbf|0|1786389333.243|106.343|3.323|2478407680|2489008128|sim_data_341798b7487bf001|__AUTOMETRIC__
__AUTOMETRIC__|0.1.2|25352|crew_log_06d891c508b68cbf|0|1786389334.248|104.179|3.256|2222297088|2233036800|sim_data_341798b7487bf001|__AUTOMETRIC__
__AUTOMETRIC__|0.1.2|25352|crew_log_06d891c508b68cbf|0|1786389335.256|97.651|3.052|2362527744|2373144576|sim_data_341798b7487bf001|__AUTOMETRIC__
__AUTOMETRIC__|0.1.2|25352|crew_log_06d891c508b68cbf|0|1786389336.271|100.091|3.128|2362802176|2373419008|sim_data_341798b7487bf001|__AUTOMETRIC__
__AUTOMETRIC__|0.1.2|25352|crew_log_06d891c508b68cbf|0|1786389337.272|101.506|3.172|2360377344|2370764800|sim_data_341798b7487bf001|__AUTOMETRIC__
__AUTOMETRIC__|0.1.2|25352|crew_log_06d891c508b68cbf|0|1786389338.283|98.854|3.089|2363445248|2373943296|sim_data_341798b7487bf001|__AUTOMETRIC__
__AUTOMETRIC__|0.1.2|25352|crew_log_06d891c508b68cbf|0|1786389339.288|97.946|3.061|2363183104|2373554176|sim_data_341798b7487bf001|__AUTOMETRIC__
__AUTOMETRIC__|0.1.2|25352|crew_log_06d891c508b68cbf|0|1786389340.290|102.925|3.216|2363183104|2373554176|sim_data_341798b7487bf001|__AUTOMETRIC__
__AUTOMETRIC__|0.1.2|25352|crew_log_06d891c508b68cbf|0|1786389341.305|95.437|2.982|2366230528|2376605696|sim_data_341798b7487bf001|__AUTOMETRIC__
__AUTOMETRIC__|0.1.2|25352|crew_log_06d891c508b68cbf|0|1786389342.320|100.108|3.128|2366029824|2376396800|sim_data_341798b7487bf001|__AUTOMETRIC__
__AUTOMETRIC__|0.1.2|25352|crew_log_06d891c508b68cbf|0|1786389343.329|100.612|3.144|2366078976|2376445952|sim_data_341798b7487bf001|__AUTOMETRIC__
__AUTOMETRIC__|0.1.2|25352|crew_log_06d891c508b68cbf|0|1786389344.345|100.033|3.126|2369183744|2379558912|sim_data_341798b7487bf001|__AUTOMETRIC__
__AUTOMETRIC__|0.1.2|25352|crew_log_06d891c508b68cbf|0|1786389345.349|101.067|3.158|2368966656|2379333632|sim_data_341798b7487bf001|__AUTOMETRIC__
__AUTOMETRIC__|0.1.2|25352|crew_log_06d891c508b68cbf|0|1786389346.352|101.335|3.167|2368962560|2379444224|sim_data_341798b7487bf001|__AUTOMETRIC__
__AUTOMETRIC__|0.1.2|25352|crew_log_06d891c508b68cbf|0|1786389347.354|98.251|3.070|2450882560|2461163520|sim_data_341798b7487bf001|__AUTOMETRIC__
__AUTOMETRIC__|0.1.2|25352|crew_log_06d891c508b68cbf|0|1786389348.356|106.034|3.314|2169872384|2180378624|sim_data_341798b7487bf001|__AUTOMETRIC__
__AUTOMETRIC__|0.1.2|25352|crew_log_06d891c508b68cbf|0|1786389349.363|97.726|3.054|2444648448|2455187456|sim_data_341798b7487bf001|__AUTOMETRIC__
__AUTOMETRIC__|0.1.2|25352|crew_log_06d891c508b68cbf|0|1786389350.370|100.889|3.153|1942507520|1953361920|sim_data_341798b7487bf001|__AUTOMETRIC__
__AUTOMETRIC__|0.1.2|25352|crew_log_06d891c508b68cbf|0|1786389351.371|99.890|3.122|1937444864|1947897856|sim_data_341798b7487bf001|__AUTOMETRIC__
__AUTOMETRIC__|0.1.2|25352|crew_log_06d891c508b68cbf|0|1786389352.386|98.534|3.079|1936023552|1946435584|sim_data_341798b7487bf001|__AUTOMETRIC__
__AUTOMETRIC__|0.1.2|25352|crew_log_06d891c508b68cbf|0|1786389353.399|98.650|3.083|1938784256|1949081600|sim_data_341798b7487bf001|__AUTOMETRIC__
__AUTOMETRIC__|0.1.2|25352|crew_log_06d891c508b68cbf|0|1786389354.408|100.669|3.146|1938821120|1949233152|sim_data_341798b7487bf001|__AUTOMETRIC__
__AUTOMETRIC__|0.1.2|25352|crew_log_06d891c508b68cbf|0|1786389355.415|100.918|3.154|1941762048|1952186368|sim_data_341798b7487bf001|__AUTOMETRIC__
__AUTOMETRIC__|0.1.2|25352|crew_log_06d891c508b68cbf|0|1786389356.415|99.903|3.122|1941630976|1951928320|sim_data_341798b7487bf001|__AUTOMETRIC__
__AUTOMETRIC__|0.1.2|25352|crew_log_06d891c508b68cbf|0|1786389357.420|99.593|3.112|1941626880|1952038912|sim_data_341798b7487bf001|__AUTOMETRIC__
__AUTOMETRIC__|0.1.2|25352|crew_log_06d891c508b68cbf|0|1786389358.435|100.060|3.127|1944547328|1954971648|sim_data_341798b7487bf001|__AUTOMETRIC__
__AUTOMETRIC__|0.1.2|25352|crew_log_06d891c508b68cbf|0|1786389359.435|98.357|3.074|1944399872|1954811904|sim_data_341798b7487bf001|__AUTOMETRIC__
__AUTOMETRIC__|0.1.2|25352|crew_log_06d891c508b68cbf|0|1786389360.449|100.174|3.130|1944432640|1954844672|sim_data_341798b7487bf001|__AUTOMETRIC__
__AUTOMETRIC__|0.1.2|25352|crew_log_06d891c508b68cbf|0|1786389361.455|99.458|3.108|2389422080|2399846400|sim_data_341798b7487bf001|__AUTOMETRIC__
__AUTOMETRIC__|0.1.2|25352|crew_log_06d891c508b68cbf|0|1786389362.456|101.402|3.169|2447400960|2458181632|sim_data_341798b7487bf001|__AUTOMETRIC__
__AUTOMETRIC__|0.1.2|25352|crew_log_06d891c508b68cbf|0|1786389363.460|105.851|3.308|2510245888|2520662016|sim_data_341798b7487bf001|__AUTOMETRIC__
__AUTOMETRIC__|0.1.2|25352|crew_log_06d891c508b68cbf|0|1786389364.462|101.391|3.168|2588176384|2599333888|sim_data_341798b7487bf001|__AUTOMETRIC__
__AUTOMETRIC__|0.1.2|25352|crew_log_06d891c508b68cbf|0|1786389365.463|101.458|3.171|2592272384|2602905600|sim_data_341798b7487bf001|__AUTOMETRIC__
__AUTOMETRIC__|0.1.2|25352|crew_log_06d891c508b68cbf|0|1786389366.473|100.574|3.143|2591330304|2601861120|sim_data_341798b7487bf001|__AUTOMETRIC__
__AUTOMETRIC__|0.1.2|25352|crew_log_06d891c508b68cbf|0|1786389367.474|99.879|3.121|2594156544|2604793856|sim_data_341798b7487bf001|__AUTOMETRIC__
__AUTOMETRIC__|0.1.2|25352|crew_log_06d891c508b68cbf|0|1786389368.485|101.947|3.186|2593976320|2604507136|sim_data_341798b7487bf001|__AUTOMETRIC__
__AUTOMETRIC__|0.1.2|25352|crew_log_06d891c508b68cbf|0|1786389369.500|100.149|3.130|2593996800|2604621824|sim_data_341798b7487bf001|__AUTOMETRIC__
__AUTOMETRIC__|0.1.2|25352|crew_log_06d891c508b68cbf|0|1786389370.508|100.665|3.146|2597011456|2607640576|sim_data_341798b7487bf001|__AUTOMETRIC__
__AUTOMETRIC__|0.1.2|25352|crew_log_06d891c508b68cbf|0|1786389371.509|99.920|3.122|2596913152|2607439872|sim_data_341798b7487bf001|__AUTOMETRIC__
__AUTOMETRIC__|0.1.2|25352|crew_log_06d891c508b68cbf|0|1786389372.513|98.043|3.064|2596974592|2607595520|sim_data_341798b7487bf001|__AUTOMETRIC__
__AUTOMETRIC__|0.1.2|25352|crew_log_06d891c508b68cbf|0|1786389373.530|99.928|3.123|2600005632|2610634752|sim_data_341798b7487bf001|__AUTOMETRIC__
__AUTOMETRIC__|0.1.2|25352|crew_log_06d891c508b68cbf|0|1786389374.538|99.128|3.098|2599833600|2610360320|sim_data_341798b7487bf001|__AUTOMETRIC__
__AUTOMETRIC__|0.1.2|25352|crew_log_06d891c508b68cbf|0|1786389375.548|100.585|3.143|2599899136|2610520064|sim_data_341798b7487bf001|__AUTOMETRIC__
__AUTOMETRIC__|0.1.2|25352|crew_log_06d891c508b68cbf|0|1786389376.563|100.046|3.126|3095662592|3106369536|sim_data_341798b7487bf001|__AUTOMETRIC__
__AUTOMETRIC__|0.1.2|25352|crew_log_06d891c508b68cbf|0|1786389377.567|102.746|3.211|3069145088|3079970816|sim_data_341798b7487bf001|__AUTOMETRIC__
__AUTOMETRIC__|0.1.2|25352|crew_log_06d891c508b68cbf|0|1786389378.574|108.658|3.396|2214309888|2225348608|sim_data_341798b7487bf001|__AUTOMETRIC__
__AUTOMETRIC__|0.1.2|25352|crew_log_06d891c508b68cbf|0|1786389379.587|100.236|3.132|2209374208|2219819008|sim_data_341798b7487bf001|__AUTOMETRIC__
__AUTOMETRIC__|0.1.2|25352|crew_log_06d891c508b68cbf|0|1786389380.599|98.830|3.088|2207879168|2218213376|sim_data_341798b7487bf001|__AUTOMETRIC__
__AUTOMETRIC__|0.1.2|25352|crew_log_06d891c508b68cbf|0|1786389381.609|97.433|3.045|2207838208|2218172416|sim_data_341798b7487bf001|__AUTOMETRIC__
__AUTOMETRIC__|0.1.2|25352|crew_log_06d891c508b68cbf|0|1786389382.623|100.174|3.130|2210349056|2220683264|sim_data_341798b7487bf001|__AUTOMETRIC__
__AUTOMETRIC__|0.1.2|25352|crew_log_06d891c508b68cbf|0|1786389383.626|99.665|3.115|2210607104|2220941312|sim_data_341798b7487bf001|__AUTOMETRIC__
__AUTOMETRIC__|0.1.2|25352|crew_log_06d891c508b68cbf|0|1786389384.636|100.610|3.144|2210619392|2221027328|sim_data_341798b7487bf001|__AUTOMETRIC__
__AUTOMETRIC__|0.1.2|25352|crew_log_06d891c508b68cbf|0|1786389385.650|100.154|3.130|2213564416|2223984640|sim_data_341798b7487bf001|__AUTOMETRIC__
__AUTOMETRIC__|0.1.2|25352|crew_log_06d891c508b68cbf|0|1786389386.662|98.751|3.086|2213392384|2223726592|sim_data_341798b7487bf001|__AUTOMETRIC__
__AUTOMETRIC__|0.1.2|25352|crew_log_06d891c508b68cbf|0|1786389387.668|102.582|3.206|2213433344|2223767552|sim_data_341798b7487bf001|__AUTOMETRIC__
__AUTOMETRIC__|0.1.2|25352|crew_log_06d891c508b68cbf|0|1786389388.672|99.576|3.112|2216390656|2226737152|sim_data_341798b7487bf001|__AUTOMETRIC__
__AUTOMETRIC__|0.1.2|25352|crew_log_06d891c508b68cbf|0|1786389389.677|97.888|3.059|2216124416|2226458624|sim_data_341798b7487bf001|__AUTOMETRIC__
__AUTOMETRIC__|0.1.2|25352|crew_log_06d891c508b68cbf|0|1786389390.693|100.059|3.127|2216308736|2226642944|sim_data_341798b7487bf001|__AUTOMETRIC__
__AUTOMETRIC__|0.1.2|25352|crew_log_06d891c508b68cbf|0|1786389391.707|100.105|3.128|2216263680|2226671616|sim_data_341798b7487bf001|__AUTOMETRIC__
__AUTOMETRIC__|0.1.2|25352|crew_log_06d891c508b68cbf|0|1786389392.717|100.614|3.144|3062419456|3073601536|sim_data_341798b7487bf001|__AUTOMETRIC__
__AUTOMETRIC__|0.1.2|25352|crew_log_06d891c508b68cbf|0|1786389393.722|108.730|3.398|2828034048|2839060480|sim_data_341798b7487bf001|__AUTOMETRIC__
__AUTOMETRIC__|0.1.2|25352|crew_log_06d891c508b68cbf|0|1786389394.732|97.474|3.046|2864824320|2876243968|sim_data_341798b7487bf001|__AUTOMETRIC__
__AUTOMETRIC__|0.1.2|25352|crew_log_06d891c508b68cbf|0|1786389395.747|100.097|3.128|2851106816|2862477312|sim_data_341798b7487bf001|__AUTOMETRIC__
__AUTOMETRIC__|0.1.2|25352|crew_log_06d891c508b68cbf|0|1786389396.749|99.749|3.117|2849320960|2860302336|sim_data_341798b7487bf001|__AUTOMETRIC__
__AUTOMETRIC__|0.1.2|25352|crew_log_06d891c508b68cbf|0|1786389397.755|97.855|3.058|2851880960|2862874624|sim_data_341798b7487bf001|__AUTOMETRIC__
__AUTOMETRIC__|0.1.2|25352|crew_log_06d891c508b68cbf|0|1786389398.764|100.671|3.146|2851749888|2862731264|sim_data_341798b7487bf001|__AUTOMETRIC__
__AUTOMETRIC__|0.1.2|25352|crew_log_06d891c508b68cbf|0|1786389399.774|100.616|3.144|2851803136|2862784512|sim_data_341798b7487bf001|__AUTOMETRIC__
__AUTOMETRIC__|0.1.2|25352|crew_log_06d891c508b68cbf|0|1786389400.782|99.171|3.099|2855010304|2866003968|sim_data_341798b7487bf001|__AUTOMETRIC__
__AUTOMETRIC__|0.1.2|25352|crew_log_06d891c508b68cbf|0|1786389401.790|100.755|3.149|2854682624|2865664000|sim_data_341798b7487bf001|__AUTOMETRIC__
__AUTOMETRIC__|0.1.2|25352|crew_log_06d891c508b68cbf|0|1786389402.797|97.762|3.055|2854723584|2865704960|sim_data_341798b7487bf001|__AUTOMETRIC__
__AUTOMETRIC__|0.1.2|25352|crew_log_06d891c508b68cbf|0|1786389403.809|98.844|3.089|2857701376|2868695040|sim_data_341798b7487bf001|__AUTOMETRIC__
__AUTOMETRIC__|0.1.2|25352|crew_log_06d891c508b68cbf|0|1786389404.822|100.209|3.132|2857521152|2868502528|sim_data_341798b7487bf001|__AUTOMETRIC__
__AUTOMETRIC__|0.1.2|25352|crew_log_06d891c508b68cbf|0|1786389405.831|99.134|3.098|2857521152|2868502528|sim_data_341798b7487bf001|__AUTOMETRIC__
__AUTOMETRIC__|0.1.2|25352|crew_log_06d891c508b68cbf|0|1786389406.840|100.630|3.145|2984751104|2995945472|sim_data_341798b7487bf001|__AUTOMETRIC__
__AUTOMETRIC__|0.1.2|25352|crew_log_06d891c508b68cbf|0|1786389407.848|107.027|3.345|2370351104|2381504512|sim_data_341798b7487bf001|__AUTOMETRIC__
__AUTOMETRIC__|0.1.2|25352|crew_log_06d891c508b68cbf|0|1786389408.852|101.129|3.160|2428076032|2439737344|sim_data_341798b7487bf001|__AUTOMETRIC__
__AUTOMETRIC__|0.1.2|25352|crew_log_06d891c508b68cbf|0|1786389409.859|99.331|3.104|2440036352|2451746816|sim_data_341798b7487bf001|__AUTOMETRIC__
__AUTOMETRIC__|0.1.2|25352|crew_log_06d891c508b68cbf|0|1786389410.864|99.434|3.107|2436104192|2447269888|sim_data_341798b7487bf001|__AUTOMETRIC__
__AUTOMETRIC__|0.1.2|25352|crew_log_06d891c508b68cbf|0|1786389411.866|99.788|3.118|2434736128|2445971456|sim_data_341798b7487bf001|__AUTOMETRIC__
__AUTOMETRIC__|0.1.2|25352|crew_log_06d891c508b68cbf|0|1786389412.868|101.430|3.170|2437566464|2448613376|sim_data_341798b7487bf001|__AUTOMETRIC__
__AUTOMETRIC__|0.1.2|25352|crew_log_06d891c508b68cbf|0|1786389413.884|101.510|3.172|2437603328|2448650240|sim_data_341798b7487bf001|__AUTOMETRIC__
__AUTOMETRIC__|0.1.2|25352|crew_log_06d891c508b68cbf|0|1786389414.898|100.091|3.128|2440384512|2451628032|sim_data_341798b7487bf001|__AUTOMETRIC__
__AUTOMETRIC__|0.1.2|25352|crew_log_06d891c508b68cbf|0|1786389415.901|101.288|3.165|2440306688|2451353600|sim_data_341798b7487bf001|__AUTOMETRIC__
__AUTOMETRIC__|0.1.2|25352|crew_log_06d891c508b68cbf|0|1786389416.907|99.425|3.107|2440269824|2451505152|sim_data_341798b7487bf001|__AUTOMETRIC__
__AUTOMETRIC__|0.1.2|25352|crew_log_06d891c508b68cbf|0|1786389417.916|100.604|3.144|2443141120|2454188032|sim_data_341798b7487bf001|__AUTOMETRIC__
__AUTOMETRIC__|0.1.2|25352|crew_log_06d891c508b68cbf|0|1786389418.918|99.794|3.119|2443182080|2454228992|sim_data_341798b7487bf001|__AUTOMETRIC__
__AUTOMETRIC__|0.1.2|25352|crew_log_06d891c508b68cbf|0|1786389419.924|99.484|3.109|2443149312|2454196224|sim_data_341798b7487bf001|__AUTOMETRIC__
__AUTOMETRIC__|0.1.2|25352|crew_log_06d891c508b68cbf|0|1786389420.936|100.288|3.134|2940981248|2952343552|sim_data_341798b7487bf001|__AUTOMETRIC__
__AUTOMETRIC__|0.1.2|25352|crew_log_06d891c508b68cbf|0|1786389421.940|96.468|3.015|3283480576|3294801920|sim_data_341798b7487bf001|__AUTOMETRIC__
__AUTOMETRIC__|0.1.2|25352|crew_log_06d891c508b68cbf|0|1786389422.955|109.347|3.417|2110971904|2122551296|sim_data_341798b7487bf001|__AUTOMETRIC__
__AUTOMETRIC__|0.1.2|25352|crew_log_06d891c508b68cbf|0|1786389423.958|98.159|3.067|2115309568|2126823424|sim_data_341798b7487bf001|__AUTOMETRIC__
__AUTOMETRIC__|0.1.2|25352|crew_log_06d891c508b68cbf|0|1786389424.959|99.854|3.120|2113175552|2124156928|sim_data_341798b7487bf001|__AUTOMETRIC__
__AUTOMETRIC__|0.1.2|25352|crew_log_06d891c508b68cbf|0|1786389425.970|102.029|3.188|2113216512|2124197888|sim_data_341798b7487bf001|__AUTOMETRIC__
__AUTOMETRIC__|0.1.2|25352|crew_log_06d891c508b68cbf|0|1786389426.983|100.233|3.132|2115932160|2127110144|sim_data_341798b7487bf001|__AUTOMETRIC__
__AUTOMETRIC__|0.1.2|25352|crew_log_06d891c508b68cbf|0|1786389427.984|98.404|3.075|2115715072|2126696448|sim_data_341798b7487bf001|__AUTOMETRIC__
__AUTOMETRIC__|0.1.2|25352|crew_log_06d891c508b68cbf|0|1786389428.999|100.036|3.126|2115731456|2126901248|sim_data_341798b7487bf001|__AUTOMETRIC__
__AUTOMETRIC__|0.1.2|25352|crew_log_06d891c508b68cbf|0|1786389430.006|99.275|3.102|2118520832|2129690624|sim_data_341798b7487bf001|__AUTOMETRIC__
__AUTOMETRIC__|0.1.2|25352|crew_log_06d891c508b68cbf|0|1786389431.010|102.736|3.211|2118647808|2129817600|sim_data_341798b7487bf001|__AUTOMETRIC__
__AUTOMETRIC__|0.1.2|25352|crew_log_06d891c508b68cbf|0|1786389432.010|98.405|3.075|2118705152|2129874944|sim_data_341798b7487bf001|__AUTOMETRIC__
__AUTOMETRIC__|0.1.2|25352|crew_log_06d891c508b68cbf|0|1786389433.025|100.063|3.127|2121617408|2132606976|sim_data_341798b7487bf001|__AUTOMETRIC__
__AUTOMETRIC__|0.1.2|25352|crew_log_06d891c508b68cbf|0|1786389434.038|100.288|3.134|2121359360|2132340736|sim_data_341798b7487bf001|__AUTOMETRIC__
__AUTOMETRIC__|0.1.2|25352|crew_log_06d891c508b68cbf|0|1786389435.050|98.845|3.089|2121367552|2132537344|sim_data_341798b7487bf001|__AUTOMETRIC__
__AUTOMETRIC__|0.1.2|25352|crew_log_06d891c508b68cbf|0|1786389436.062|100.304|3.134|2820485120|2831659008|sim_data_341798b7487bf001|__AUTOMETRIC__
__AUTOMETRIC__|0.1.2|25352|crew_log_06d891c508b68cbf|0|1786389437.067|104.194|3.256|2857877504|2868891648|sim_data_341798b7487bf001|__AUTOMETRIC__
__AUTOMETRIC__|0.1.2|25352|crew_log_06d891c508b68cbf|0|1786389438.071|99.575|3.112|2910842880|2922332160|sim_data_341798b7487bf001|__AUTOMETRIC__
__AUTOMETRIC__|0.1.2|25352|crew_log_06d891c508b68cbf|0|1786389439.073|101.344|3.167|2907963392|2919415808|sim_data_341798b7487bf001|__AUTOMETRIC__
__AUTOMETRIC__|0.1.2|25352|crew_log_06d891c508b68cbf|0|1786389440.074|99.899|3.122|2905251840|2916421632|sim_data_341798b7487bf001|__AUTOMETRIC__
__AUTOMETRIC__|0.1.2|25352|crew_log_06d891c508b68cbf|0|1786389441.090|100.048|3.127|2907803648|2918981632|sim_data_341798b7487bf001|__AUTOMETRIC__
__AUTOMETRIC__|0.1.2|25352|crew_log_06d891c508b68cbf|0|1786389442.093|99.653|3.114|2907590656|2918760448|sim_data_341798b7487bf001|__AUTOMETRIC__
__AUTOMETRIC__|0.1.2|25352|crew_log_06d891c508b68cbf|0|1786389443.096|99.690|3.115|2907660288|2918830080|sim_data_341798b7487bf001|__AUTOMETRIC__
__AUTOMETRIC__|0.1.2|25352|crew_log_06d891c508b68cbf|0|1786389444.110|100.134|3.129|2910507008|2921684992|sim_data_341798b7487bf001|__AUTOMETRIC__
__AUTOMETRIC__|0.1.2|25352|crew_log_06d891c508b68cbf|0|1786389445.125|98.584|3.081|2910306304|2921328640|sim_data_341798b7487bf001|__AUTOMETRIC__
__AUTOMETRIC__|0.1.2|25352|crew_log_06d891c508b68cbf|0|1786389446.136|100.425|3.138|2910363648|2921533440|sim_data_341798b7487bf001|__AUTOMETRIC__
__AUTOMETRIC__|0.1.2|25352|crew_log_06d891c508b68cbf|0|1786389447.147|98.916|3.091|2913402880|2924580864|sim_data_341798b7487bf001|__AUTOMETRIC__
__AUTOMETRIC__|0.1.2|25352|crew_log_06d891c508b68cbf|0|1786389448.163|101.551|3.173|2913181696|2924204032|sim_data_341798b7487bf001|__AUTOMETRIC__
__AUTOMETRIC__|0.1.2|25352|crew_log_06d891c508b68cbf|0|1786389449.176|98.696|3.084|2913189888|2924359680|sim_data_341798b7487bf001|__AUTOMETRIC__
__AUTOMETRIC__|0.1.2|25352|crew_log_06d891c508b68cbf|0|1786389450.190|104.724|3.273|2693885952|2704912384|sim_data_341798b7487bf001|__AUTOMETRIC__
__AUTOMETRIC__|0.1.2|25352|crew_log_06d891c508b68cbf|0|1786389451.193|105.968|3.312|2585153536|2596204544|sim_data_341798b7487bf001|__AUTOMETRIC__
__AUTOMETRIC__|0.1.2|25352|crew_log_06d891c508b68cbf|0|1786389452.204|100.455|3.139|2635255808|2646859776|sim_data_341798b7487bf001|__AUTOMETRIC__
__AUTOMETRIC__|0.1.2|25352|crew_log_06d891c508b68cbf|0|1786389453.206|99.766|3.118|2632306688|2643881984|sim_data_341798b7487bf001|__AUTOMETRIC__
__AUTOMETRIC__|0.1.2|25352|crew_log_06d891c508b68cbf|0|1786389454.220|100.218|3.132|2629357568|2640523264|sim_data_341798b7487bf001|__AUTOMETRIC__
__AUTOMETRIC__|0.1.2|25352|crew_log_06d891c508b68cbf|0|1786389455.234|98.595|3.081|2631954432|2643132416|sim_data_341798b7487bf001|__AUTOMETRIC__
__AUTOMETRIC__|0.1.2|25352|crew_log_06d891c508b68cbf|0|1786389456.237|99.679|3.115|2631778304|2642944000|sim_data_341798b7487bf001|__AUTOMETRIC__
__AUTOMETRIC__|0.1.2|25352|crew_log_06d891c508b68cbf|0|1786389457.249|100.382|3.137|2631815168|2642980864|sim_data_341798b7487bf001|__AUTOMETRIC__
__AUTOMETRIC__|0.1.2|25352|crew_log_06d891c508b68cbf|0|1786389458.255|99.380|3.106|2634690560|2645864448|sim_data_341798b7487bf001|__AUTOMETRIC__
__AUTOMETRIC__|0.1.2|25352|crew_log_06d891c508b68cbf|0|1786389459.256|98.371|3.074|2634551296|2645606400|sim_data_341798b7487bf001|__AUTOMETRIC__
__AUTOMETRIC__|0.1.2|25352|crew_log_06d891c508b68cbf|0|1786389460.257|99.858|3.121|2634571776|2645737472|sim_data_341798b7487bf001|__AUTOMETRIC__
__AUTOMETRIC__|0.1.2|25352|crew_log_06d891c508b68cbf|0|1786389461.260|99.771|3.118|2637406208|2648461312|sim_data_341798b7487bf001|__AUTOMETRIC__
__AUTOMETRIC__|0.1.2|25352|crew_log_06d891c508b68cbf|0|1786389462.275|99.988|3.125|2637463552|2648633344|sim_data_341798b7487bf001|__AUTOMETRIC__
__AUTOMETRIC__|0.1.2|25352|crew_log_06d891c508b68cbf|0|1786389463.281|99.478|3.109|2829905920|2841190400|sim_data_341798b7487bf001|__AUTOMETRIC__
__AUTOMETRIC__|0.1.2|25352|crew_log_06d891c508b68cbf|0|1786389464.285|101.164|3.161|3178979328|3190239232|sim_data_341798b7487bf001|__AUTOMETRIC__
__AUTOMETRIC__|0.1.2|25352|crew_log_06d891c508b68cbf|0|1786389465.301|104.542|3.267|2705588224|2717241344|sim_data_341798b7487bf001|__AUTOMETRIC__
__AUTOMETRIC__|0.1.2|25352|crew_log_06d891c508b68cbf|0|1786389466.309|100.775|3.149|2440945664|2453004288|sim_data_341798b7487bf001|__AUTOMETRIC__
__AUTOMETRIC__|0.1.2|25352|crew_log_06d891c508b68cbf|0|1786389467.319|100.559|3.142|2435944448|2447192064|sim_data_341798b7487bf001|__AUTOMETRIC__
__AUTOMETRIC__|0.1.2|25352|crew_log_06d891c508b68cbf|0|1786389468.319|99.947|3.123|2435125248|2446278656|sim_data_341798b7487bf001|__AUTOMETRIC__
__AUTOMETRIC__|0.1.2|25352|crew_log_06d891c508b68cbf|0|1786389469.327|100.804|3.150|2438094848|2449260544|sim_data_341798b7487bf001|__AUTOMETRIC__
__AUTOMETRIC__|0.1.2|25352|crew_log_06d891c508b68cbf|0|1786389470.335|97.631|3.051|2437890048|2448998400|sim_data_341798b7487bf001|__AUTOMETRIC__
__AUTOMETRIC__|0.1.2|25352|crew_log_06d891c508b68cbf|0|1786389471.343|99.254|3.102|2437890048|2448998400|sim_data_341798b7487bf001|__AUTOMETRIC__
__AUTOMETRIC__|0.1.2|25352|crew_log_06d891c508b68cbf|0|1786389472.347|101.145|3.161|2437885952|2448994304|sim_data_341798b7487bf001|__AUTOMETRIC__
__AUTOMETRIC__|0.1.2|25352|crew_log_06d891c508b68cbf|0|1786389473.362|98.482|3.078|2440380416|2451488768|sim_data_341798b7487bf001|__AUTOMETRIC__
__AUTOMETRIC__|0.1.2|25352|crew_log_06d891c508b68cbf|0|1786389474.363|99.918|3.122|2440642560|2451750912|sim_data_341798b7487bf001|__AUTOMETRIC__
__AUTOMETRIC__|0.1.2|25352|crew_log_06d891c508b68cbf|0|1786389475.365|98.242|3.070|2440638464|2451746816|sim_data_341798b7487bf001|__AUTOMETRIC__
__AUTOMETRIC__|0.1.2|25352|crew_log_06d891c508b68cbf|0|1786389476.378|98.663|3.083|2443718656|2454839296|sim_data_341798b7487bf001|__AUTOMETRIC__
__AUTOMETRIC__|0.1.2|25352|crew_log_06d891c508b68cbf|0|1786389477.392|100.190|3.131|2443485184|2454593536|sim_data_341798b7487bf001|__AUTOMETRIC__
__AUTOMETRIC__|0.1.2|25352|crew_log_06d891c508b68cbf|0|1786389478.394|99.789|3.118|2443509760|2454618112|sim_data_341798b7487bf001|__AUTOMETRIC__
__AUTOMETRIC__|0.1.2|25352|crew_log_06d891c508b68cbf|0|1786389479.403|100.680|3.146|2443509760|2454663168|sim_data_341798b7487bf001|__AUTOMETRIC__
__AUTOMETRIC__|0.1.2|25352|crew_log_06d891c508b68cbf|0|1786389480.415|108.097|3.378|2437058560|2448396288|sim_data_341798b7487bf001|__AUTOMETRIC__
__AUTOMETRIC__|0.1.2|25352|crew_log_06d891c508b68cbf|0|1786389481.417|99.767|3.118|3139739648|3151073280|sim_data_341798b7487bf001|__AUTOMETRIC__
__AUTOMETRIC__|0.1.2|25352|crew_log_06d891c508b68cbf|0|1786389482.422|107.267|3.352|2257915904|2269544448|sim_data_341798b7487bf001|__AUTOMETRIC__
__AUTOMETRIC__|0.1.2|25352|crew_log_06d891c508b68cbf|0|1786389483.423|103.067|3.221|2233688064|2245054464|sim_data_341798b7487bf001|__AUTOMETRIC__
__AUTOMETRIC__|0.1.2|25352|crew_log_06d891c508b68cbf|0|1786389484.430|97.734|3.054|2231803904|2242859008|sim_data_341798b7487bf001|__AUTOMETRIC__
__AUTOMETRIC__|0.1.2|25352|crew_log_06d891c508b68cbf|0|1786389485.442|98.780|3.087|2234466304|2245533696|sim_data_341798b7487bf001|__AUTOMETRIC__
__AUTOMETRIC__|0.1.2|25352|crew_log_06d891c508b68cbf|0|1786389486.457|100.079|3.127|2234281984|2245337088|sim_data_341798b7487bf001|__AUTOMETRIC__
__AUTOMETRIC__|0.1.2|25352|crew_log_06d891c508b68cbf|0|1786389487.473|100.022|3.126|2234281984|2245337088|sim_data_341798b7487bf001|__AUTOMETRIC__
__AUTOMETRIC__|0.1.2|25352|crew_log_06d891c508b68cbf|0|1786389488.476|99.691|3.115|2237034496|2248044544|sim_data_341798b7487bf001|__AUTOMETRIC__
__AUTOMETRIC__|0.1.2|25352|crew_log_06d891c508b68cbf|0|1786389489.492|99.962|3.124|2237181952|2248237056|sim_data_341798b7487bf001|__AUTOMETRIC__
__AUTOMETRIC__|0.1.2|25352|crew_log_06d891c508b68cbf|0|1786389490.498|97.868|3.058|2237157376|2248212480|sim_data_341798b7487bf001|__AUTOMETRIC__
__AUTOMETRIC__|0.1.2|25352|crew_log_06d891c508b68cbf|0|1786389491.506|100.751|3.148|2240122880|2251190272|sim_data_341798b7487bf001|__AUTOMETRIC__
__AUTOMETRIC__|0.1.2|25352|crew_log_06d891c508b68cbf|0|1786389492.512|99.330|3.104|2239991808|2251046912|sim_data_341798b7487bf001|__AUTOMETRIC__
__AUTOMETRIC__|0.1.2|25352|crew_log_06d891c508b68cbf|0|1786389493.523|100.528|3.141|2448003072|2459164672|sim_data_341798b7487bf001|__AUTOMETRIC__
__AUTOMETRIC__|0.1.2|25352|crew_log_06d891c508b68cbf|0|1786389494.538|100.056|3.127|3319934976|3331575808|sim_data_341798b7487bf001|__AUTOMETRIC__
__AUTOMETRIC__|0.1.2|25352|crew_log_06d891c508b68cbf|0|1786389495.538|103.058|3.221|3016007680|3027410944|sim_data_341798b7487bf001|__AUTOMETRIC__
__AUTOMETRIC__|0.1.2|25352|crew_log_06d891c508b68cbf|0|1786389496.545|99.385|3.106|3031478272|3043102720|sim_data_341798b7487bf001|__AUTOMETRIC__
__AUTOMETRIC__|0.1.2|25352|crew_log_06d891c508b68cbf|0|1786389497.549|99.531|3.110|3029340160|3040550912|sim_data_341798b7487bf001|__AUTOMETRIC__
__AUTOMETRIC__|0.1.2|25352|crew_log_06d891c508b68cbf|0|1786389498.552|99.714|3.116|3029397504|3040608256|sim_data_341798b7487bf001|__AUTOMETRIC__
__AUTOMETRIC__|0.1.2|25352|crew_log_06d891c508b68cbf|0|1786389499.557|99.507|3.110|3031887872|3043098624|sim_data_341798b7487bf001|__AUTOMETRIC__
__AUTOMETRIC__|0.1.2|25352|crew_log_06d891c508b68cbf|0|1786389500.564|99.345|3.105|3032064000|3043491840|sim_data_341798b7487bf001|__AUTOMETRIC__
__AUTOMETRIC__|0.1.2|25352|crew_log_06d891c508b68cbf|0|1786389501.578|98.612|3.082|3032035328|3043463168|sim_data_341798b7487bf001|__AUTOMETRIC__
__AUTOMETRIC__|0.1.2|25352|crew_log_06d891c508b68cbf|0|1786389502.590|100.288|3.134|3035033600|3046473728|sim_data_341798b7487bf001|__AUTOMETRIC__
__AUTOMETRIC__|0.1.2|25352|crew_log_06d891c508b68cbf|0|1786389503.604|98.639|3.082|3034820608|3046248448|sim_data_341798b7487bf001|__AUTOMETRIC__
__AUTOMETRIC__|0.1.2|25352|crew_log_06d891c508b68cbf|0|1786389504.614|97.486|3.046|3037814784|3049254912|sim_data_341798b7487bf001|__AUTOMETRIC__
__AUTOMETRIC__|0.1.2|25352|crew_log_06d891c508b68cbf|0|1786389505.619|102.586|3.206|3037609984|3048820736|sim_data_341798b7487bf001|__AUTOMETRIC__
__AUTOMETRIC__|0.1.2|25352|crew_log_06d891c508b68cbf|0|1786389506.624|99.516|3.110|3037618176|3049046016|sim_data_341798b7487bf001|__AUTOMETRIC__
__AUTOMETRIC__|0.1.2|25352|crew_log_06d891c508b68cbf|0|1786389507.627|99.668|3.115|3232911360|3244113920|sim_data_341798b7487bf001|__AUTOMETRIC__
__AUTOMETRIC__|0.1.2|25352|crew_log_06d891c508b68cbf|0|1786389508.629|107.612|3.363|2918117376|2929623040|sim_data_341798b7487bf001|__AUTOMETRIC__
__AUTOMETRIC__|0.1.2|25352|crew_log_06d891c508b68cbf|0|1786389509.635|100.987|3.156|2969964544|2981863424|sim_data_341798b7487bf001|__AUTOMETRIC__
__AUTOMETRIC__|0.1.2|25352|crew_log_06d891c508b68cbf|0|1786389510.637|99.760|3.118|2983632896|2995683328|sim_data_341798b7487bf001|__AUTOMETRIC__
__AUTOMETRIC__|0.1.2|25352|crew_log_06d891c508b68cbf|0|1786389511.644|99.362|3.105|2979655680|2991169536|sim_data_341798b7487bf001|__AUTOMETRIC__
__AUTOMETRIC__|0.1.2|25352|crew_log_06d891c508b68cbf|0|1786389512.647|99.659|3.114|2978447360|2989850624|sim_data_341798b7487bf001|__AUTOMETRIC__
__AUTOMETRIC__|0.1.2|25352|crew_log_06d891c508b68cbf|0|1786389513.655|100.816|3.150|2981335040|2992746496|sim_data_341798b7487bf001|__AUTOMETRIC__
__AUTOMETRIC__|0.1.2|25352|crew_log_06d891c508b68cbf|0|1786389514.656|98.275|3.071|2981097472|2992500736|sim_data_341798b7487bf001|__AUTOMETRIC__
__AUTOMETRIC__|0.1.2|25352|crew_log_06d891c508b68cbf|0|1786389515.670|100.213|3.132|2981269504|2992672768|sim_data_341798b7487bf001|__AUTOMETRIC__
__AUTOMETRIC__|0.1.2|25352|crew_log_06d891c508b68cbf|0|1786389516.675|99.446|3.108|2981244928|2992865280|sim_data_341798b7487bf001|__AUTOMETRIC__
__AUTOMETRIC__|0.1.2|25352|crew_log_06d891c508b68cbf|0|1786389517.685|100.608|3.144|2984120320|2995523584|sim_data_341798b7487bf001|__AUTOMETRIC__
__AUTOMETRIC__|0.1.2|25352|crew_log_06d891c508b68cbf|0|1786389518.693|99.207|3.100|2984144896|2995548160|sim_data_341798b7487bf001|__AUTOMETRIC__
__AUTOMETRIC__|0.1.2|25352|crew_log_06d891c508b68cbf|0|1786389519.696|101.255|3.164|2984108032|2995511296|sim_data_341798b7487bf001|__AUTOMETRIC__
__AUTOMETRIC__|0.1.2|25352|crew_log_06d891c508b68cbf|0|1786389520.712|101.531|3.173|2986618880|2998022144|sim_data_341798b7487bf001|__AUTOMETRIC__
__AUTOMETRIC__|0.1.2|25352|crew_log_06d891c508b68cbf|0|1786389521.714|101.285|3.165|2986909696|2998312960|sim_data_341798b7487bf001|__AUTOMETRIC__
__AUTOMETRIC__|0.1.2|25352|crew_log_06d891c508b68cbf|0|1786389522.715|99.920|3.123|2986889216|2998292480|sim_data_341798b7487bf001|__AUTOMETRIC__
__AUTOMETRIC__|0.1.2|25352|crew_log_06d891c508b68cbf|0|1786389523.730|100.053|3.127|2986913792|2998317056|sim_data_341798b7487bf001|__AUTOMETRIC__
__AUTOMETRIC__|0.1.2|25352|crew_log_06d891c508b68cbf|0|1786389524.744|98.672|3.084|3515535360|3527221248|sim_data_341798b7487bf001|__AUTOMETRIC__
__AUTOMETRIC__|0.1.2|25352|crew_log_06d891c508b68cbf|0|1786389525.756|109.608|3.425|2919075840|2930638848|sim_data_341798b7487bf001|__AUTOMETRIC__
__AUTOMETRIC__|0.1.2|25352|crew_log_06d891c508b68cbf|0|1786389526.758|99.783|3.118|2962567168|2974793728|sim_data_341798b7487bf001|__AUTOMETRIC__
__AUTOMETRIC__|0.1.2|25352|crew_log_06d891c508b68cbf|0|1786389527.760|98.242|3.070|2958557184|2970193920|sim_data_341798b7487bf001|__AUTOMETRIC__
__AUTOMETRIC__|0.1.2|25352|crew_log_06d891c508b68cbf|0|1786389528.770|98.987|3.093|2958594048|2970230784|sim_data_341798b7487bf001|__AUTOMETRIC__
__AUTOMETRIC__|0.1.2|25352|crew_log_06d891c508b68cbf|0|1786389529.771|99.914|3.122|2957332480|2968723456|sim_data_341798b7487bf001|__AUTOMETRIC__
__AUTOMETRIC__|0.1.2|25352|crew_log_06d891c508b68cbf|0|1786389530.772|99.865|3.121|2960097280|2971500544|sim_data_341798b7487bf001|__AUTOMETRIC__
__AUTOMETRIC__|0.1.2|25352|crew_log_06d891c508b68cbf|0|1786389531.788|101.500|3.172|2959986688|2971377664|sim_data_341798b7487bf001|__AUTOMETRIC__
__AUTOMETRIC__|0.1.2|25352|crew_log_06d891c508b68cbf|0|1786389532.800|100.400|3.137|2959978496|2971369472|sim_data_341798b7487bf001|__AUTOMETRIC__
__AUTOMETRIC__|0.1.2|25352|crew_log_06d891c508b68cbf|0|1786389533.807|100.814|3.150|2959978496|2971369472|sim_data_341798b7487bf001|__AUTOMETRIC__
__AUTOMETRIC__|0.1.2|25352|crew_log_06d891c508b68cbf|0|1786389534.811|102.803|3.213|2962468864|2973859840|sim_data_341798b7487bf001|__AUTOMETRIC__
__AUTOMETRIC__|0.1.2|25352|crew_log_06d891c508b68cbf|0|1786389535.818|99.290|3.103|2962735104|2974126080|sim_data_341798b7487bf001|__AUTOMETRIC__
__AUTOMETRIC__|0.1.2|25352|crew_log_06d891c508b68cbf|0|1786389536.833|100.053|3.127|2962763776|2974154752|sim_data_341798b7487bf001|__AUTOMETRIC__
__AUTOMETRIC__|0.1.2|25352|crew_log_06d891c508b68cbf|0|1786389537.835|99.820|3.119|2965774336|2977394688|sim_data_341798b7487bf001|__AUTOMETRIC__
__AUTOMETRIC__|0.1.2|25352|crew_log_06d891c508b68cbf|0|1786389538.847|100.293|3.134|2965573632|2976964608|sim_data_341798b7487bf001|__AUTOMETRIC__
__AUTOMETRIC__|0.1.2|25352|crew_log_06d891c508b68cbf|0|1786389539.860|100.247|3.133|2965590016|2976980992|sim_data_341798b7487bf001|__AUTOMETRIC__
__AUTOMETRIC__|0.1.2|25352|crew_log_06d891c508b68cbf|0|1786389540.864|99.651|3.114|2965573632|2976964608|sim_data_341798b7487bf001|__AUTOMETRIC__
__AUTOMETRIC__|0.1.2|25352|crew_log_06d891c508b68cbf|0|1786389541.870|97.829|3.057|3426951168|3438489600|sim_data_341798b7487bf001|__AUTOMETRIC__
__AUTOMETRIC__|0.1.2|25352|crew_log_06d891c508b68cbf|0|1786389542.884|109.460|3.421|2913292288|2924834816|sim_data_341798b7487bf001|__AUTOMETRIC__
__AUTOMETRIC__|0.1.2|25352|crew_log_06d891c508b68cbf|0|1786389543.888|101.120|3.160|2959314944|2971099136|sim_data_341798b7487bf001|__AUTOMETRIC__
__AUTOMETRIC__|0.1.2|25352|crew_log_06d891c508b68cbf|0|1786389544.903|100.067|3.127|2962882560|2974593024|sim_data_341798b7487bf001|__AUTOMETRIC__
__AUTOMETRIC__|0.1.2|25352|crew_log_06d891c508b68cbf|0|1786389545.917|100.169|3.130|2962886656|2974597120|sim_data_341798b7487bf001|__AUTOMETRIC__
__AUTOMETRIC__|0.1.2|25352|crew_log_06d891c508b68cbf|0|1786389546.919|101.369|3.168|2962321408|2973925376|sim_data_341798b7487bf001|__AUTOMETRIC__
__AUTOMETRIC__|0.1.2|25352|crew_log_06d891c508b68cbf|0|1786389547.929|98.948|3.092|2962141184|2973519872|sim_data_341798b7487bf001|__AUTOMETRIC__
__AUTOMETRIC__|0.1.2|25352|crew_log_06d891c508b68cbf|0|1786389548.935|97.876|3.059|2962186240|2973782016|sim_data_341798b7487bf001|__AUTOMETRIC__
__AUTOMETRIC__|0.1.2|25352|crew_log_06d891c508b68cbf|0|1786389549.936|98.312|3.072|2965233664|2976837632|sim_data_341798b7487bf001|__AUTOMETRIC__
__AUTOMETRIC__|0.1.2|25352|crew_log_06d891c508b68cbf|0|1786389550.951|100.143|3.129|2965032960|2976628736|sim_data_341798b7487bf001|__AUTOMETRIC__
__AUTOMETRIC__|0.1.2|25352|crew_log_06d891c508b68cbf|0|1786389551.964|100.202|3.131|2965032960|2976628736|sim_data_341798b7487bf001|__AUTOMETRIC__
__AUTOMETRIC__|0.1.2|25352|crew_log_06d891c508b68cbf|0|1786389552.965|101.493|3.172|2967953408|2979340288|sim_data_341798b7487bf001|__AUTOMETRIC__
__AUTOMETRIC__|0.1.2|25352|crew_log_06d891c508b68cbf|0|1786389553.975|100.551|3.142|2967781376|2979160064|sim_data_341798b7487bf001|__AUTOMETRIC__
__AUTOMETRIC__|0.1.2|25352|crew_log_06d891c508b68cbf|0|1786389554.990|100.046|3.126|2967781376|2979377152|sim_data_341798b7487bf001|__AUTOMETRIC__
__AUTOMETRIC__|0.1.2|25352|crew_log_06d891c508b68cbf|0|1786389555.991|104.577|3.268|2700824576|2712154112|sim_data_341798b7487bf001|__AUTOMETRIC__
__AUTOMETRIC__|0.1.2|25352|crew_log_06d891c508b68cbf|0|1786389556.992|99.864|3.121|3461726208|3473453056|sim_data_341798b7487bf001|__AUTOMETRIC__
__AUTOMETRIC__|0.1.2|25352|crew_log_06d891c508b68cbf|0|1786389557.995|102.869|3.215|3170766848|3182878720|sim_data_341798b7487bf001|__AUTOMETRIC__
__AUTOMETRIC__|0.1.2|25352|crew_log_06d891c508b68cbf|0|1786389559.006|102.000|3.188|3073159168|3085234176|sim_data_341798b7487bf001|__AUTOMETRIC__
__AUTOMETRIC__|0.1.2|25352|crew_log_06d891c508b68cbf|0|1786389560.014|99.255|3.102|3029925888|3041579008|sim_data_341798b7487bf001|__AUTOMETRIC__
__AUTOMETRIC__|0.1.2|25352|crew_log_06d891c508b68cbf|0|1786389561.020|100.947|3.155|3031826432|3043487744|sim_data_341798b7487bf001|__AUTOMETRIC__
__AUTOMETRIC__|0.1.2|25352|crew_log_06d891c508b68cbf|0|1786389562.022|99.806|3.119|3031687168|3043123200|sim_data_341798b7487bf001|__AUTOMETRIC__
__AUTOMETRIC__|0.1.2|25352|crew_log_06d891c508b68cbf|0|1786389563.026|99.595|3.112|3031719936|3043373056|sim_data_341798b7487bf001|__AUTOMETRIC__
__AUTOMETRIC__|0.1.2|25352|crew_log_06d891c508b68cbf|0|1786389564.028|99.757|3.117|3034710016|3046371328|sim_data_341798b7487bf001|__AUTOMETRIC__
__AUTOMETRIC__|0.1.2|25352|crew_log_06d891c508b68cbf|0|1786389565.037|100.663|3.146|3034501120|3045937152|sim_data_341798b7487bf001|__AUTOMETRIC__
__AUTOMETRIC__|0.1.2|25352|crew_log_06d891c508b68cbf|0|1786389566.051|100.174|3.130|3034505216|3046158336|sim_data_341798b7487bf001|__AUTOMETRIC__
__AUTOMETRIC__|0.1.2|25352|crew_log_06d891c508b68cbf|0|1786389567.060|97.523|3.048|3037310976|3048964096|sim_data_341798b7487bf001|__AUTOMETRIC__
__AUTOMETRIC__|0.1.2|25352|crew_log_06d891c508b68cbf|0|1786389568.062|101.354|3.167|3037302784|3048955904|sim_data_341798b7487bf001|__AUTOMETRIC__
__AUTOMETRIC__|0.1.2|25352|crew_log_06d891c508b68cbf|0|1786389569.062|99.977|3.124|3037302784|3048955904|sim_data_341798b7487bf001|__AUTOMETRIC__
__AUTOMETRIC__|0.1.2|25352|crew_log_06d891c508b68cbf|0|1786389570.070|100.855|3.152|3231813632|3243413504|sim_data_341798b7487bf001|__AUTOMETRIC__
__AUTOMETRIC__|0.1.2|25352|crew_log_06d891c508b68cbf|0|1786389571.071|103.007|3.219|3334193152|3345977344|sim_data_341798b7487bf001|__AUTOMETRIC__
__AUTOMETRIC__|0.1.2|25352|crew_log_06d891c508b68cbf|0|1786389572.085|104.698|3.272|2876375040|2888212480|sim_data_341798b7487bf001|__AUTOMETRIC__
__AUTOMETRIC__|0.1.2|25352|crew_log_06d891c508b68cbf|0|1786389573.102|99.944|3.123|2885865472|2897555456|sim_data_341798b7487bf001|__AUTOMETRIC__
__AUTOMETRIC__|0.1.2|25352|crew_log_06d891c508b68cbf|0|1786389574.116|100.126|3.129|2882527232|2893725696|sim_data_341798b7487bf001|__AUTOMETRIC__
__AUTOMETRIC__|0.1.2|25352|crew_log_06d891c508b68cbf|0|1786389575.131|100.059|3.127|2882478080|2893676544|sim_data_341798b7487bf001|__AUTOMETRIC__
__AUTOMETRIC__|0.1.2|25352|crew_log_06d891c508b68cbf|0|1786389576.144|97.148|3.036|2885603328|2896809984|sim_data_341798b7487bf001|__AUTOMETRIC__
__AUTOMETRIC__|0.1.2|25352|crew_log_06d891c508b68cbf|0|1786389577.159|98.508|3.078|2885419008|2896617472|sim_data_341798b7487bf001|__AUTOMETRIC__
__AUTOMETRIC__|0.1.2|25352|crew_log_06d891c508b68cbf|0|1786389578.166|99.376|3.105|2888433664|2899640320|sim_data_341798b7487bf001|__AUTOMETRIC__
__AUTOMETRIC__|0.1.2|25352|crew_log_06d891c508b68cbf|0|1786389579.170|101.113|3.160|2888175616|2899374080|sim_data_341798b7487bf001|__AUTOMETRIC__
__AUTOMETRIC__|0.1.2|25352|crew_log_06d891c508b68cbf|0|1786389580.174|98.111|3.066|2888237056|2899435520|sim_data_341798b7487bf001|__AUTOMETRIC__
__AUTOMETRIC__|0.1.2|25352|crew_log_06d891c508b68cbf|0|1786389581.188|98.612|3.082|2888204288|2899402752|sim_data_341798b7487bf001|__AUTOMETRIC__
__AUTOMETRIC__|0.1.2|25352|crew_log_06d891c508b68cbf|0|1786389582.198|100.517|3.141|2891124736|2902331392|sim_data_341798b7487bf001|__AUTOMETRIC__
__AUTOMETRIC__|0.1.2|25352|crew_log_06d891c508b68cbf|0|1786389583.204|99.436|3.107|2890960896|2902159360|sim_data_341798b7487bf001|__AUTOMETRIC__
__AUTOMETRIC__|0.1.2|25352|crew_log_06d891c508b68cbf|0|1786389584.211|100.829|3.151|2956832768|2968096768|sim_data_341798b7487bf001|__AUTOMETRIC__
__AUTOMETRIC__|0.1.2|25352|crew_log_06d891c508b68cbf|0|1786389585.216|104.201|3.256|3070500864|3082145792|sim_data_341798b7487bf001|__AUTOMETRIC__
__AUTOMETRIC__|0.1.2|25352|crew_log_06d891c508b68cbf|0|1786389586.222|103.978|3.249|2797273088|2808807424|sim_data_341798b7487bf001|__AUTOMETRIC__
__AUTOMETRIC__|0.1.2|25352|crew_log_06d891c508b68cbf|0|1786389587.225|101.319|3.166|2815647744|2827386880|sim_data_341798b7487bf001|__AUTOMETRIC__
__AUTOMETRIC__|0.1.2|25352|crew_log_06d891c508b68cbf|0|1786389588.231|96.243|3.008|2811465728|2822930432|sim_data_341798b7487bf001|__AUTOMETRIC__
__AUTOMETRIC__|0.1.2|25352|crew_log_06d891c508b68cbf|0|1786389589.242|98.970|3.093|2811224064|2822549504|sim_data_341798b7487bf001|__AUTOMETRIC__
__AUTOMETRIC__|0.1.2|25352|crew_log_06d891c508b68cbf|0|1786389590.252|100.578|3.143|2812256256|2823581696|sim_data_341798b7487bf001|__AUTOMETRIC__
__AUTOMETRIC__|0.1.2|25352|crew_log_06d891c508b68cbf|0|1786389591.260|102.215|3.194|2812416000|2823958528|sim_data_341798b7487bf001|__AUTOMETRIC__
__AUTOMETRIC__|0.1.2|25352|crew_log_06d891c508b68cbf|0|1786389592.272|98.839|3.089|2815418368|2826973184|sim_data_341798b7487bf001|__AUTOMETRIC__
__AUTOMETRIC__|0.1.2|25352|crew_log_06d891c508b68cbf|0|1786389593.283|100.453|3.139|2815266816|2826809344|sim_data_341798b7487bf001|__AUTOMETRIC__
__AUTOMETRIC__|0.1.2|25352|crew_log_06d891c508b68cbf|0|1786389594.287|101.186|3.162|2815270912|2826813440|sim_data_341798b7487bf001|__AUTOMETRIC__
__AUTOMETRIC__|0.1.2|25352|crew_log_06d891c508b68cbf|0|1786389595.293|100.913|3.154|2818060288|2829602816|sim_data_341798b7487bf001|__AUTOMETRIC__
__AUTOMETRIC__|0.1.2|25352|crew_log_06d891c508b68cbf|0|1786389596.296|99.745|3.117|2818052096|2829594624|sim_data_341798b7487bf001|__AUTOMETRIC__
__AUTOMETRIC__|0.1.2|25352|crew_log_06d891c508b68cbf|0|1786389597.298|98.195|3.069|2818076672|2829619200|sim_data_341798b7487bf001|__AUTOMETRIC__
__AUTOMETRIC__|0.1.2|25352|crew_log_06d891c508b68cbf|0|1786389598.314|100.020|3.126|3090649088|3102142464|sim_data_341798b7487bf001|__AUTOMETRIC__
__AUTOMETRIC__|0.1.2|25352|crew_log_06d891c508b68cbf|0|1786389599.318|102.664|3.208|3174133760|3185688576|sim_data_341798b7487bf001|__AUTOMETRIC__
__AUTOMETRIC__|0.1.2|25352|crew_log_06d891c508b68cbf|0|1786389600.331|101.882|3.184|2798682112|2810433536|sim_data_341798b7487bf001|__AUTOMETRIC__
__AUTOMETRIC__|0.1.2|25352|crew_log_06d891c508b68cbf|0|1786389601.339|100.671|3.146|2809827328|2821439488|sim_data_341798b7487bf001|__AUTOMETRIC__
__AUTOMETRIC__|0.1.2|25352|crew_log_06d891c508b68cbf|0|1786389602.350|95.874|2.996|2806263808|2817531904|sim_data_341798b7487bf001|__AUTOMETRIC__
__AUTOMETRIC__|0.1.2|25352|crew_log_06d891c508b68cbf|0|1786389603.362|100.298|3.134|2806304768|2817789952|sim_data_341798b7487bf001|__AUTOMETRIC__
__AUTOMETRIC__|0.1.2|25352|crew_log_06d891c508b68cbf|0|1786389604.363|99.947|3.123|2809102336|2820595712|sim_data_341798b7487bf001|__AUTOMETRIC__
__AUTOMETRIC__|0.1.2|25352|crew_log_06d891c508b68cbf|0|1786389605.366|98.101|3.066|2808901632|2820169728|sim_data_341798b7487bf001|__AUTOMETRIC__
__AUTOMETRIC__|0.1.2|25352|crew_log_06d891c508b68cbf|0|1786389606.380|98.642|3.083|2808942592|2820427776|sim_data_341798b7487bf001|__AUTOMETRIC__
__AUTOMETRIC__|0.1.2|25352|crew_log_06d891c508b68cbf|0|1786389607.383|98.208|3.069|2811871232|2823147520|sim_data_341798b7487bf001|__AUTOMETRIC__
__AUTOMETRIC__|0.1.2|25352|crew_log_06d891c508b68cbf|0|1786389608.394|100.416|3.138|2811674624|2822942720|sim_data_341798b7487bf001|__AUTOMETRIC__
__AUTOMETRIC__|0.1.2|25352|crew_log_06d891c508b68cbf|0|1786389609.395|99.909|3.122|2811682816|2823168000|sim_data_341798b7487bf001|__AUTOMETRIC__
__AUTOMETRIC__|0.1.2|25352|crew_log_06d891c508b68cbf|0|1786389610.408|98.726|3.085|2814513152|2825998336|sim_data_341798b7487bf001|__AUTOMETRIC__
__AUTOMETRIC__|0.1.2|25352|crew_log_06d891c508b68cbf|0|1786389611.412|99.619|3.113|2814517248|2826002432|sim_data_341798b7487bf001|__AUTOMETRIC__
__AUTOMETRIC__|0.1.2|25352|crew_log_06d891c508b68cbf|0|1786389612.423|100.374|3.137|2814533632|2826018816|sim_data_341798b7487bf001|__AUTOMETRIC__
__AUTOMETRIC__|0.1.2|25352|crew_log_06d891c508b68cbf|0|1786389613.429|104.127|3.254|2847694848|2859180032|sim_data_341798b7487bf001|__AUTOMETRIC__
__AUTOMETRIC__|0.1.2|25352|crew_log_06d891c508b68cbf|0|1786389614.440|102.034|3.189|2806923264|2818199552|sim_data_341798b7487bf001|__AUTOMETRIC__
__AUTOMETRIC__|0.1.2|25352|crew_log_06d891c508b68cbf|0|1786389615.450|97.446|3.045|2837925888|2850017280|sim_data_341798b7487bf001|__AUTOMETRIC__
__AUTOMETRIC__|0.1.2|25352|crew_log_06d891c508b68cbf|0|1786389616.465|96.978|3.031|2834817024|2846806016|sim_data_341798b7487bf001|__AUTOMETRIC__
__AUTOMETRIC__|0.1.2|25352|crew_log_06d891c508b68cbf|0|1786389617.480|101.601|3.175|2832220160|2843766784|sim_data_341798b7487bf001|__AUTOMETRIC__
__AUTOMETRIC__|0.1.2|25352|crew_log_06d891c508b68cbf|0|1786389618.493|100.282|3.134|2835189760|2846633984|sim_data_341798b7487bf001|__AUTOMETRIC__
__AUTOMETRIC__|0.1.2|25352|crew_log_06d891c508b68cbf|0|1786389619.498|102.604|3.206|2835005440|2846441472|sim_data_341798b7487bf001|__AUTOMETRIC__
__AUTOMETRIC__|0.1.2|25352|crew_log_06d891c508b68cbf|0|1786389620.508|99.006|3.094|2834960384|2846220288|sim_data_341798b7487bf001|__AUTOMETRIC__
__AUTOMETRIC__|0.1.2|25352|crew_log_06d891c508b68cbf|0|1786389621.522|100.087|3.128|2838056960|2849325056|sim_data_341798b7487bf001|__AUTOMETRIC__
__AUTOMETRIC__|0.1.2|25352|crew_log_06d891c508b68cbf|0|1786389622.537|100.139|3.129|2837827584|2849087488|sim_data_341798b7487bf001|__AUTOMETRIC__
__AUTOMETRIC__|0.1.2|25352|crew_log_06d891c508b68cbf|0|1786389623.544|99.283|3.103|2837913600|2849349632|sim_data_341798b7487bf001|__AUTOMETRIC__
__AUTOMETRIC__|0.1.2|25352|crew_log_06d891c508b68cbf|0|1786389624.557|98.681|3.084|2840846336|2852290560|sim_data_341798b7487bf001|__AUTOMETRIC__
__AUTOMETRIC__|0.1.2|25352|crew_log_06d891c508b68cbf|0|1786389625.571|98.626|3.082|2840612864|2851872768|sim_data_341798b7487bf001|__AUTOMETRIC__
__AUTOMETRIC__|0.1.2|25352|crew_log_06d891c508b68cbf|0|1786389626.586|100.041|3.126|2840686592|2852122624|sim_data_341798b7487bf001|__AUTOMETRIC__
__AUTOMETRIC__|0.1.2|25352|crew_log_06d891c508b68cbf|0|1786389627.602|100.018|3.126|3340566528|3352207360|sim_data_341798b7487bf001|__AUTOMETRIC__
__AUTOMETRIC__|0.1.2|25352|crew_log_06d891c508b68cbf|0|1786389628.615|107.900|3.372|2888728576|2900209664|sim_data_341798b7487bf001|__AUTOMETRIC__
__AUTOMETRIC__|0.1.2|25352|crew_log_06d891c508b68cbf|0|1786389629.620|98.006|3.063|2930380800|2942386176|sim_data_341798b7487bf001|__AUTOMETRIC__
__AUTOMETRIC__|0.1.2|25352|crew_log_06d891c508b68cbf|0|1786389630.632|100.314|3.135|2926362624|2937876480|sim_data_341798b7487bf001|__AUTOMETRIC__
__AUTOMETRIC__|0.1.2|25352|crew_log_06d891c508b68cbf|0|1786389631.633|99.885|3.121|2923737088|2935316480|sim_data_341798b7487bf001|__AUTOMETRIC__
__AUTOMETRIC__|0.1.2|25352|crew_log_06d891c508b68cbf|0|1786389632.636|99.728|3.117|2926804992|2938392576|sim_data_341798b7487bf001|__AUTOMETRIC__
__AUTOMETRIC__|0.1.2|25352|crew_log_06d891c508b68cbf|0|1786389633.650|98.643|3.083|2926612480|2938015744|sim_data_341798b7487bf001|__AUTOMETRIC__
__AUTOMETRIC__|0.1.2|25352|crew_log_06d891c508b68cbf|0|1786389634.665|100.068|3.127|2926637056|2938216448|sim_data_341798b7487bf001|__AUTOMETRIC__
__AUTOMETRIC__|0.1.2|25352|crew_log_06d891c508b68cbf|0|1786389635.667|99.807|3.119|2929586176|2941173760|sim_data_341798b7487bf001|__AUTOMETRIC__
__AUTOMETRIC__|0.1.2|25352|crew_log_06d891c508b68cbf|0|1786389636.672|99.476|3.109|2929364992|2940768256|sim_data_341798b7487bf001|__AUTOMETRIC__
__AUTOMETRIC__|0.1.2|25352|crew_log_06d891c508b68cbf|0|1786389637.678|102.506|3.203|2929393664|2940973056|sim_data_341798b7487bf001|__AUTOMETRIC__
__AUTOMETRIC__|0.1.2|25352|crew_log_06d891c508b68cbf|0|1786389638.685|99.311|3.103|2932375552|2943963136|sim_data_341798b7487bf001|__AUTOMETRIC__
__AUTOMETRIC__|0.1.2|25352|crew_log_06d891c508b68cbf|0|1786389639.688|99.696|3.115|2932199424|2943778816|sim_data_341798b7487bf001|__AUTOMETRIC__
__AUTOMETRIC__|0.1.2|25352|crew_log_06d891c508b68cbf|0|1786389640.700|100.336|3.135|2932195328|2943774720|sim_data_341798b7487bf001|__AUTOMETRIC__
__AUTOMETRIC__|0.1.2|25352|crew_log_06d891c508b68cbf|0|1786389641.715|106.281|3.321|2645811200|2657239040|sim_data_341798b7487bf001|__AUTOMETRIC__
__AUTOMETRIC__|0.1.2|25352|crew_log_06d891c508b68cbf|0|1786389642.715|99.947|3.123|3463237632|3475013632|sim_data_341798b7487bf001|__AUTOMETRIC__
__AUTOMETRIC__|0.1.2|25352|crew_log_06d891c508b68cbf|0|1786389643.724|103.808|3.244|3190947840|3202998272|sim_data_341798b7487bf001|__AUTOMETRIC__
__AUTOMETRIC__|0.1.2|25352|crew_log_06d891c508b68cbf|0|1786389644.739|98.486|3.078|3135594496|3147808768|sim_data_341798b7487bf001|__AUTOMETRIC__
__AUTOMETRIC__|0.1.2|25352|crew_log_06d891c508b68cbf|0|1786389645.741|96.683|3.021|3094831104|3106603008|sim_data_341798b7487bf001|__AUTOMETRIC__
__AUTOMETRIC__|0.1.2|25352|crew_log_06d891c508b68cbf|0|1786389646.742|99.905|3.122|3094851584|3106623488|sim_data_341798b7487bf001|__AUTOMETRIC__
__AUTOMETRIC__|0.1.2|25352|crew_log_06d891c508b68cbf|0|1786389647.747|99.526|3.110|3062697984|3074056192|sim_data_341798b7487bf001|__AUTOMETRIC__
__AUTOMETRIC__|0.1.2|25352|crew_log_06d891c508b68cbf|0|1786389648.754|100.784|3.150|3062505472|3073855488|sim_data_341798b7487bf001|__AUTOMETRIC__
__AUTOMETRIC__|0.1.2|25352|crew_log_06d891c508b68cbf|0|1786389649.761|99.381|3.106|3062530048|3073880064|sim_data_341798b7487bf001|__AUTOMETRIC__
__AUTOMETRIC__|0.1.2|25352|crew_log_06d891c508b68cbf|0|1786389650.762|99.918|3.122|3065483264|3076841472|sim_data_341798b7487bf001|__AUTOMETRIC__
__AUTOMETRIC__|0.1.2|25352|crew_log_06d891c508b68cbf|0|1786389651.768|99.327|3.104|3065311232|3076661248|sim_data_341798b7487bf001|__AUTOMETRIC__
__AUTOMETRIC__|0.1.2|25352|crew_log_06d891c508b68cbf|0|1786389652.769|99.899|3.122|3065335808|3076685824|sim_data_341798b7487bf001|__AUTOMETRIC__
__AUTOMETRIC__|0.1.2|25352|crew_log_06d891c508b68cbf|0|1786389653.771|101.389|3.168|3065307136|3076657152|sim_data_341798b7487bf001|__AUTOMETRIC__
__AUTOMETRIC__|0.1.2|25352|crew_log_06d891c508b68cbf|0|1786389654.784|100.247|3.133|3067916288|3079266304|sim_data_341798b7487bf001|__AUTOMETRIC__
__AUTOMETRIC__|0.1.2|25352|crew_log_06d891c508b68cbf|0|1786389655.791|100.867|3.152|3068162048|3079512064|sim_data_341798b7487bf001|__AUTOMETRIC__
__AUTOMETRIC__|0.1.2|25352|crew_log_06d891c508b68cbf|0|1786389656.806|100.113|3.129|3068239872|3079806976|sim_data_341798b7487bf001|__AUTOMETRIC__
__AUTOMETRIC__|0.1.2|25352|crew_log_06d891c508b68cbf|0|1786389657.814|99.139|3.098|3565576192|3577286656|sim_data_341798b7487bf001|__AUTOMETRIC__
__AUTOMETRIC__|0.1.2|25352|crew_log_06d891c508b68cbf|0|1786389658.829|103.166|3.224|3751981056|3763748864|sim_data_341798b7487bf001|__AUTOMETRIC__
__AUTOMETRIC__|0.1.2|25352|crew_log_06d891c508b68cbf|0|1786389659.834|110.343|3.448|2461523968|2473459712|sim_data_341798b7487bf001|__AUTOMETRIC__
__AUTOMETRIC__|0.1.2|25352|crew_log_06d891c508b68cbf|0|1786389660.840|97.873|3.059|2462449664|2474401792|sim_data_341798b7487bf001|__AUTOMETRIC__
__AUTOMETRIC__|0.1.2|25352|crew_log_06d891c508b68cbf|0|1786389661.853|100.294|3.134|2460655616|2472103936|sim_data_341798b7487bf001|__AUTOMETRIC__
__AUTOMETRIC__|0.1.2|25352|crew_log_06d891c508b68cbf|0|1786389662.867|100.124|3.129|2463608832|2475065344|sim_data_341798b7487bf001|__AUTOMETRIC__
__AUTOMETRIC__|0.1.2|25352|crew_log_06d891c508b68cbf|0|1786389663.881|101.713|3.179|2463428608|2474876928|sim_data_341798b7487bf001|__AUTOMETRIC__
__AUTOMETRIC__|0.1.2|25352|crew_log_06d891c508b68cbf|0|1786389664.894|97.173|3.037|2463350784|2475003904|sim_data_341798b7487bf001|__AUTOMETRIC__
__AUTOMETRIC__|0.1.2|25352|crew_log_06d891c508b68cbf|0|1786389665.895|98.318|3.072|2466365440|2478018560|sim_data_341798b7487bf001|__AUTOMETRIC__
__AUTOMETRIC__|0.1.2|25352|crew_log_06d891c508b68cbf|0|1786389666.909|101.689|3.178|2466193408|2477641728|sim_data_341798b7487bf001|__AUTOMETRIC__
__AUTOMETRIC__|0.1.2|25352|crew_log_06d891c508b68cbf|0|1786389667.923|100.164|3.130|2466189312|2477637632|sim_data_341798b7487bf001|__AUTOMETRIC__
__AUTOMETRIC__|0.1.2|25352|crew_log_06d891c508b68cbf|0|1786389668.932|100.722|3.148|2469048320|2480496640|sim_data_341798b7487bf001|__AUTOMETRIC__
__AUTOMETRIC__|0.1.2|25352|crew_log_06d891c508b68cbf|0|1786389669.946|98.630|3.082|2469068800|2480517120|sim_data_341798b7487bf001|__AUTOMETRIC__
__AUTOMETRIC__|0.1.2|25352|crew_log_06d891c508b68cbf|0|1786389670.956|97.389|3.043|2469076992|2480721920|sim_data_341798b7487bf001|__AUTOMETRIC__
__AUTOMETRIC__|0.1.2|25352|crew_log_06d891c508b68cbf|0|1786389671.958|104.527|3.266|2674216960|2686156800|sim_data_341798b7487bf001|__AUTOMETRIC__
__AUTOMETRIC__|0.1.2|25352|crew_log_06d891c508b68cbf|0|1786389672.973|103.128|3.223|2675888128|2687700992|sim_data_341798b7487bf001|__AUTOMETRIC__
__AUTOMETRIC__|0.1.2|25352|crew_log_06d891c508b68cbf|0|1786389673.988|100.099|3.128|2710249472|2722914304|sim_data_341798b7487bf001|__AUTOMETRIC__
__AUTOMETRIC__|0.1.2|25352|crew_log_06d891c508b68cbf|0|1786389675.001|101.723|3.179|2706501632|2718740480|sim_data_341798b7487bf001|__AUTOMETRIC__
__AUTOMETRIC__|0.1.2|25352|crew_log_06d891c508b68cbf|0|1786389676.015|100.155|3.130|2703745024|2715299840|sim_data_341798b7487bf001|__AUTOMETRIC__
__AUTOMETRIC__|0.1.2|25352|crew_log_06d891c508b68cbf|0|1786389677.025|100.624|3.144|2706436096|2718003200|sim_data_341798b7487bf001|__AUTOMETRIC__
__AUTOMETRIC__|0.1.2|25352|crew_log_06d891c508b68cbf|0|1786389678.038|100.238|3.132|2706100224|2717655040|sim_data_341798b7487bf001|__AUTOMETRIC__
__AUTOMETRIC__|0.1.2|25352|crew_log_06d891c508b68cbf|0|1786389679.039|99.932|3.123|2706235392|2717790208|sim_data_341798b7487bf001|__AUTOMETRIC__
__AUTOMETRIC__|0.1.2|25352|crew_log_06d891c508b68cbf|0|1786389680.046|100.845|3.151|2706235392|2717790208|sim_data_341798b7487bf001|__AUTOMETRIC__
__AUTOMETRIC__|0.1.2|25352|crew_log_06d891c508b68cbf|0|1786389681.059|98.720|3.085|2706227200|2717782016|sim_data_341798b7487bf001|__AUTOMETRIC__
__AUTOMETRIC__|0.1.2|25352|crew_log_06d891c508b68cbf|0|1786389682.070|98.850|3.089|2709135360|2720690176|sim_data_341798b7487bf001|__AUTOMETRIC__
__AUTOMETRIC__|0.1.2|25352|crew_log_06d891c508b68cbf|0|1786389683.083|100.332|3.135|2709159936|2720714752|sim_data_341798b7487bf001|__AUTOMETRIC__
__AUTOMETRIC__|0.1.2|25352|crew_log_06d891c508b68cbf|0|1786389684.085|101.329|3.167|2709131264|2720686080|sim_data_341798b7487bf001|__AUTOMETRIC__
__AUTOMETRIC__|0.1.2|25352|crew_log_06d891c508b68cbf|0|1786389685.086|99.863|3.121|2712104960|2723672064|sim_data_341798b7487bf001|__AUTOMETRIC__
__AUTOMETRIC__|0.1.2|25352|crew_log_06d891c508b68cbf|0|1786389686.095|102.265|3.196|2711928832|2723483648|sim_data_341798b7487bf001|__AUTOMETRIC__
__AUTOMETRIC__|0.1.2|25352|crew_log_06d891c508b68cbf|0|1786389687.101|99.377|3.106|2711928832|2723680256|sim_data_341798b7487bf001|__AUTOMETRIC__
__AUTOMETRIC__|0.1.2|25352|crew_log_06d891c508b68cbf|0|1786389688.113|98.862|3.089|3101192192|3112972288|sim_data_341798b7487bf001|__AUTOMETRIC__
__AUTOMETRIC__|0.1.2|25352|crew_log_06d891c508b68cbf|0|1786389689.123|105.196|3.287|3312951296|3324653568|sim_data_341798b7487bf001|__AUTOMETRIC__
__AUTOMETRIC__|0.1.2|25352|crew_log_06d891c508b68cbf|0|1786389690.131|100.726|3.148|3049848832|3062214656|sim_data_341798b7487bf001|__AUTOMETRIC__
__AUTOMETRIC__|0.1.2|25352|crew_log_06d891c508b68cbf|0|1786389691.136|99.462|3.108|3051732992|3063676928|sim_data_341798b7487bf001|__AUTOMETRIC__
__AUTOMETRIC__|0.1.2|25352|crew_log_06d891c508b68cbf|0|1786389692.140|101.213|3.163|3049996288|3061547008|sim_data_341798b7487bf001|__AUTOMETRIC__
__AUTOMETRIC__|0.1.2|25352|crew_log_06d891c508b68cbf|0|1786389693.155|100.071|3.127|3049779200|3061329920|sim_data_341798b7487bf001|__AUTOMETRIC__
__AUTOMETRIC__|0.1.2|25352|crew_log_06d891c508b68cbf|0|1786389694.160|97.869|3.058|3052560384|3064111104|sim_data_341798b7487bf001|__AUTOMETRIC__
__AUTOMETRIC__|0.1.2|25352|crew_log_06d891c508b68cbf|0|1786389695.172|101.920|3.185|3052568576|3064119296|sim_data_341798b7487bf001|__AUTOMETRIC__
__AUTOMETRIC__|0.1.2|25352|crew_log_06d891c508b68cbf|0|1786389696.181|97.540|3.048|3052560384|3064111104|sim_data_341798b7487bf001|__AUTOMETRIC__
__AUTOMETRIC__|0.1.2|25352|crew_log_06d891c508b68cbf|0|1786389697.189|100.829|3.151|3055149056|3066699776|sim_data_341798b7487bf001|__AUTOMETRIC__
__AUTOMETRIC__|0.1.2|25352|crew_log_06d891c508b68cbf|0|1786389698.199|98.942|3.092|3055267840|3066818560|sim_data_341798b7487bf001|__AUTOMETRIC__
__AUTOMETRIC__|0.1.2|25352|crew_log_06d891c508b68cbf|0|1786389699.210|100.453|3.139|3055329280|3067076608|sim_data_341798b7487bf001|__AUTOMETRIC__
__AUTOMETRIC__|0.1.2|25352|crew_log_06d891c508b68cbf|0|1786389700.214|99.624|3.113|3058343936|3070099456|sim_data_341798b7487bf001|__AUTOMETRIC__
__AUTOMETRIC__|0.1.2|25352|crew_log_06d891c508b68cbf|0|1786389701.216|101.357|3.167|3058184192|3069734912|sim_data_341798b7487bf001|__AUTOMETRIC__
__AUTOMETRIC__|0.1.2|25352|crew_log_06d891c508b68cbf|0|1786389702.222|102.567|3.205|3058229248|3069976576|sim_data_341798b7487bf001|__AUTOMETRIC__
__AUTOMETRIC__|0.1.2|25352|crew_log_06d891c508b68cbf|0|1786389703.229|99.313|3.104|3058192384|3069743104|sim_data_341798b7487bf001|__AUTOMETRIC__
__AUTOMETRIC__|0.1.2|25352|crew_log_06d891c508b68cbf|0|1786389704.240|105.074|3.284|3165220864|3176751104|sim_data_341798b7487bf001|__AUTOMETRIC__
__AUTOMETRIC__|0.1.2|25352|crew_log_06d891c508b68cbf|0|1786389705.252|103.455|3.233|3665920000|3677597696|sim_data_341798b7487bf001|__AUTOMETRIC__
__AUTOMETRIC__|0.1.2|25352|crew_log_06d891c508b68cbf|0|1786389706.253|104.514|3.266|2476916736|2488967168|sim_data_341798b7487bf001|__AUTOMETRIC__
__AUTOMETRIC__|0.1.2|25352|crew_log_06d891c508b68cbf|0|1786389707.259|99.442|3.108|2394955776|2407264256|sim_data_341798b7487bf001|__AUTOMETRIC__
__AUTOMETRIC__|0.1.2|25352|crew_log_06d891c508b68cbf|0|1786389708.263|99.606|3.113|2391154688|2402672640|sim_data_341798b7487bf001|__AUTOMETRIC__
__AUTOMETRIC__|0.1.2|25352|crew_log_06d891c508b68cbf|0|1786389709.270|100.897|3.153|2393882624|2405584896|sim_data_341798b7487bf001|__AUTOMETRIC__
__AUTOMETRIC__|0.1.2|25352|crew_log_06d891c508b68cbf|0|1786389710.275|99.437|3.107|2393710592|2405199872|sim_data_341798b7487bf001|__AUTOMETRIC__
__AUTOMETRIC__|0.1.2|25352|crew_log_06d891c508b68cbf|0|1786389711.288|100.295|3.134|2393800704|2405494784|sim_data_341798b7487bf001|__AUTOMETRIC__
__AUTOMETRIC__|0.1.2|25352|crew_log_06d891c508b68cbf|0|1786389712.293|99.505|3.110|2396721152|2408423424|sim_data_341798b7487bf001|__AUTOMETRIC__
__AUTOMETRIC__|0.1.2|25352|crew_log_06d891c508b68cbf|0|1786389713.299|102.453|3.202|2396561408|2408050688|sim_data_341798b7487bf001|__AUTOMETRIC__
__AUTOMETRIC__|0.1.2|25352|crew_log_06d891c508b68cbf|0|1786389714.302|99.777|3.118|2396651520|2408345600|sim_data_341798b7487bf001|__AUTOMETRIC__
__AUTOMETRIC__|0.1.2|25352|crew_log_06d891c508b68cbf|0|1786389715.309|99.287|3.103|2399711232|2411413504|sim_data_341798b7487bf001|__AUTOMETRIC__
__AUTOMETRIC__|0.1.2|25352|crew_log_06d891c508b68cbf|0|1786389716.313|98.003|3.063|2399576064|2411270144|sim_data_341798b7487bf001|__AUTOMETRIC__
__AUTOMETRIC__|0.1.2|25352|crew_log_06d891c508b68cbf|0|1786389717.315|101.356|3.167|2399526912|2411220992|sim_data_341798b7487bf001|__AUTOMETRIC__
__AUTOMETRIC__|0.1.2|25352|crew_log_06d891c508b68cbf|0|1786389718.322|97.812|3.057|3030626304|3042533376|sim_data_341798b7487bf001|__AUTOMETRIC__
__AUTOMETRIC__|0.1.2|25352|crew_log_06d891c508b68cbf|0|1786389719.328|108.635|3.395|2555232256|2566955008|sim_data_341798b7487bf001|__AUTOMETRIC__
__AUTOMETRIC__|0.1.2|25352|crew_log_06d891c508b68cbf|0|1786389720.331|99.778|3.118|2576044032|2588127232|sim_data_341798b7487bf001|__AUTOMETRIC__
__AUTOMETRIC__|0.1.2|25352|crew_log_06d891c508b68cbf|0|1786389721.338|100.804|3.150|2576334848|2588418048|sim_data_341798b7487bf001|__AUTOMETRIC__
__AUTOMETRIC__|0.1.2|25352|crew_log_06d891c508b68cbf|0|1786389722.343|99.503|3.109|2573815808|2585575424|sim_data_341798b7487bf001|__AUTOMETRIC__
__AUTOMETRIC__|0.1.2|25352|crew_log_06d891c508b68cbf|0|1786389723.345|99.783|3.118|2576736256|2588504064|sim_data_341798b7487bf001|__AUTOMETRIC__
__AUTOMETRIC__|0.1.2|25352|crew_log_06d891c508b68cbf|0|1786389724.350|102.635|3.207|2576658432|2588418048|sim_data_341798b7487bf001|__AUTOMETRIC__
__AUTOMETRIC__|0.1.2|25352|crew_log_06d891c508b68cbf|0|1786389725.355|97.993|3.062|2576596992|2588356608|sim_data_341798b7487bf001|__AUTOMETRIC__
__AUTOMETRIC__|0.1.2|25352|crew_log_06d891c508b68cbf|0|1786389726.365|100.550|3.142|2579410944|2591170560|sim_data_341798b7487bf001|__AUTOMETRIC__
__AUTOMETRIC__|0.1.2|25352|crew_log_06d891c508b68cbf|0|1786389727.368|99.681|3.115|2579456000|2591215616|sim_data_341798b7487bf001|__AUTOMETRIC__
__AUTOMETRIC__|0.1.2|25352|crew_log_06d891c508b68cbf|0|1786389728.382|98.650|3.083|2582302720|2594070528|sim_data_341798b7487bf001|__AUTOMETRIC__
__AUTOMETRIC__|0.1.2|25352|crew_log_06d891c508b68cbf|0|1786389729.392|99.014|3.094|2582151168|2593742848|sim_data_341798b7487bf001|__AUTOMETRIC__
__AUTOMETRIC__|0.1.2|25352|crew_log_06d891c508b68cbf|0|1786389730.393|99.870|3.121|2582163456|2593923072|sim_data_341798b7487bf001|__AUTOMETRIC__
__AUTOMETRIC__|0.1.2|25352|crew_log_06d891c508b68cbf|0|1786389731.408|100.063|3.127|2993266688|3005059072|sim_data_341798b7487bf001|__AUTOMETRIC__
__AUTOMETRIC__|0.1.2|25352|crew_log_06d891c508b68cbf|0|1786389732.412|101.172|3.162|3215589376|3227631616|sim_data_341798b7487bf001|__AUTOMETRIC__
__AUTOMETRIC__|0.1.2|25352|crew_log_06d891c508b68cbf|0|1786389733.424|101.875|3.184|2765168640|2777079808|sim_data_341798b7487bf001|__AUTOMETRIC__
__AUTOMETRIC__|0.1.2|25352|crew_log_06d891c508b68cbf|0|1786389734.438|100.156|3.130|2772115456|2784108544|sim_data_341798b7487bf001|__AUTOMETRIC__
__AUTOMETRIC__|0.1.2|25352|crew_log_06d891c508b68cbf|0|1786389735.453|101.623|3.176|2768633856|2780164096|sim_data_341798b7487bf001|__AUTOMETRIC__
__AUTOMETRIC__|0.1.2|25352|crew_log_06d891c508b68cbf|0|1786389736.465|100.388|3.137|2767532032|2779230208|sim_data_341798b7487bf001|__AUTOMETRIC__
__AUTOMETRIC__|0.1.2|25352|crew_log_06d891c508b68cbf|0|1786389737.472|99.281|3.103|2770079744|2781609984|sim_data_341798b7487bf001|__AUTOMETRIC__
__AUTOMETRIC__|0.1.2|25352|crew_log_06d891c508b68cbf|0|1786389738.483|100.392|3.137|2770333696|2781863936|sim_data_341798b7487bf001|__AUTOMETRIC__
__AUTOMETRIC__|0.1.2|25352|crew_log_06d891c508b68cbf|0|1786389739.490|100.914|3.154|2770325504|2781855744|sim_data_341798b7487bf001|__AUTOMETRIC__
__AUTOMETRIC__|0.1.2|25352|crew_log_06d891c508b68cbf|0|1786389740.505|100.005|3.125|2772852736|2784382976|sim_data_341798b7487bf001|__AUTOMETRIC__
__AUTOMETRIC__|0.1.2|25352|crew_log_06d891c508b68cbf|0|1786389741.507|98.252|3.070|2773147648|2784677888|sim_data_341798b7487bf001|__AUTOMETRIC__
__AUTOMETRIC__|0.1.2|25352|crew_log_06d891c508b68cbf|0|1786389742.508|99.897|3.122|2773164032|2784694272|sim_data_341798b7487bf001|__AUTOMETRIC__
__AUTOMETRIC__|0.1.2|25352|crew_log_06d891c508b68cbf|0|1786389743.509|99.938|3.123|2776055808|2787594240|sim_data_341798b7487bf001|__AUTOMETRIC__
__AUTOMETRIC__|0.1.2|25352|crew_log_06d891c508b68cbf|0|1786389744.511|98.281|3.071|2775953408|2787483648|sim_data_341798b7487bf001|__AUTOMETRIC__
__AUTOMETRIC__|0.1.2|25352|crew_log_06d891c508b68cbf|0|1786389745.512|99.849|3.120|2775969792|2787500032|sim_data_341798b7487bf001|__AUTOMETRIC__
__AUTOMETRIC__|0.1.2|25352|crew_log_06d891c508b68cbf|0|1786389746.526|100.214|3.132|2775945216|2787475456|sim_data_341798b7487bf001|__AUTOMETRIC__
__AUTOMETRIC__|0.1.2|25352|crew_log_06d891c508b68cbf|0|1786389747.528|102.877|3.215|2938593280|2950324224|sim_data_341798b7487bf001|__AUTOMETRIC__
__AUTOMETRIC__|0.1.2|25352|crew_log_06d891c508b68cbf|0|1786389748.543|106.229|3.320|2947571712|2959126528|sim_data_341798b7487bf001|__AUTOMETRIC__
__AUTOMETRIC__|0.1.2|25352|crew_log_06d891c508b68cbf|0|1786389749.556|98.706|3.085|2978992128|2991239168|sim_data_341798b7487bf001|__AUTOMETRIC__
__AUTOMETRIC__|0.1.2|25352|crew_log_06d891c508b68cbf|0|1786389750.562|99.364|3.105|2975752192|2987716608|sim_data_341798b7487bf001|__AUTOMETRIC__
__AUTOMETRIC__|0.1.2|25352|crew_log_06d891c508b68cbf|0|1786389751.565|98.221|3.069|2972401664|2984120320|sim_data_341798b7487bf001|__AUTOMETRIC__
__AUTOMETRIC__|0.1.2|25352|crew_log_06d891c508b68cbf|0|1786389752.567|101.366|3.168|2975068160|2986795008|sim_data_341798b7487bf001|__AUTOMETRIC__
__AUTOMETRIC__|0.1.2|25352|crew_log_06d891c508b68cbf|0|1786389753.581|100.082|3.128|2974859264|2986577920|sim_data_341798b7487bf001|__AUTOMETRIC__
__AUTOMETRIC__|0.1.2|25352|crew_log_06d891c508b68cbf|0|1786389754.586|101.058|3.158|2974859264|2986577920|sim_data_341798b7487bf001|__AUTOMETRIC__
__AUTOMETRIC__|0.1.2|25352|crew_log_06d891c508b68cbf|0|1786389755.588|98.281|3.071|2977554432|2989105152|sim_data_341798b7487bf001|__AUTOMETRIC__
__AUTOMETRIC__|0.1.2|25352|crew_log_06d891c508b68cbf|0|1786389756.591|99.686|3.115|2977685504|2989236224|sim_data_341798b7487bf001|__AUTOMETRIC__
__AUTOMETRIC__|0.1.2|25352|crew_log_06d891c508b68cbf|0|1786389757.600|100.675|3.146|2977689600|2989408256|sim_data_341798b7487bf001|__AUTOMETRIC__
__AUTOMETRIC__|0.1.2|25352|crew_log_06d891c508b68cbf|0|1786389758.608|97.679|3.052|2980548608|2992267264|sim_data_341798b7487bf001|__AUTOMETRIC__
__AUTOMETRIC__|0.1.2|25352|crew_log_06d891c508b68cbf|0|1786389759.608|99.966|3.124|2980569088|2992287744|sim_data_341798b7487bf001|__AUTOMETRIC__
__AUTOMETRIC__|0.1.2|25352|crew_log_06d891c508b68cbf|0|1786389760.622|100.198|3.131|3048583168|3060477952|sim_data_341798b7487bf001|__AUTOMETRIC__
__AUTOMETRIC__|0.1.2|25352|crew_log_06d891c508b68cbf|0|1786389761.624|104.481|3.265|3346780160|3358724096|sim_data_341798b7487bf001|__AUTOMETRIC__
__AUTOMETRIC__|0.1.2|25352|crew_log_06d891c508b68cbf|0|1786389762.629|108.766|3.399|3188928512|3200872448|sim_data_341798b7487bf001|__AUTOMETRIC__
__AUTOMETRIC__|0.1.2|25352|crew_log_06d891c508b68cbf|0|1786389763.630|106.189|3.318|2485112832|2497675264|sim_data_341798b7487bf001|__AUTOMETRIC__
__AUTOMETRIC__|0.1.2|25352|crew_log_06d891c508b68cbf|0|1786389764.634|99.592|3.112|2481741824|2493403136|sim_data_341798b7487bf001|__AUTOMETRIC__
__AUTOMETRIC__|0.1.2|25352|crew_log_06d891c508b68cbf|0|1786389765.649|100.090|3.128|2479734784|2491453440|sim_data_341798b7487bf001|__AUTOMETRIC__
__AUTOMETRIC__|0.1.2|25352|crew_log_06d891c508b68cbf|0|1786389766.654|99.487|3.109|2482511872|2494230528|sim_data_341798b7487bf001|__AUTOMETRIC__
__AUTOMETRIC__|0.1.2|25352|crew_log_06d891c508b68cbf|0|1786389767.657|99.638|3.114|2482499584|2494218240|sim_data_341798b7487bf001|__AUTOMETRIC__
__AUTOMETRIC__|0.1.2|25352|crew_log_06d891c508b68cbf|0|1786389768.659|101.374|3.168|2482499584|2494218240|sim_data_341798b7487bf001|__AUTOMETRIC__
__AUTOMETRIC__|0.1.2|25352|crew_log_06d891c508b68cbf|0|1786389769.668|99.157|3.099|2485317632|2497036288|sim_data_341798b7487bf001|__AUTOMETRIC__
__AUTOMETRIC__|0.1.2|25352|crew_log_06d891c508b68cbf|0|1786389770.683|100.064|3.127|2485313536|2497032192|sim_data_341798b7487bf001|__AUTOMETRIC__
__AUTOMETRIC__|0.1.2|25352|crew_log_06d891c508b68cbf|0|1786389771.685|99.730|3.117|2488324096|2500050944|sim_data_341798b7487bf001|__AUTOMETRIC__
__AUTOMETRIC__|0.1.2|25352|crew_log_06d891c508b68cbf|0|1786389772.694|100.655|3.145|2488152064|2499870720|sim_data_341798b7487bf001|__AUTOMETRIC__
__AUTOMETRIC__|0.1.2|25352|crew_log_06d891c508b68cbf|0|1786389773.696|99.882|3.121|2488180736|2499899392|sim_data_341798b7487bf001|__AUTOMETRIC__
__AUTOMETRIC__|0.1.2|25352|crew_log_06d891c508b68cbf|0|1786389774.711|98.467|3.077|2842419200|2854211584|sim_data_341798b7487bf001|__AUTOMETRIC__
__AUTOMETRIC__|0.1.2|25352|crew_log_06d891c508b68cbf|0|1786389775.712|104.598|3.269|3139182592|3150983168|sim_data_341798b7487bf001|__AUTOMETRIC__
__AUTOMETRIC__|0.1.2|25352|crew_log_06d891c508b68cbf|0|1786389776.725|104.876|3.277|2858237952|2870374400|sim_data_341798b7487bf001|__AUTOMETRIC__
__AUTOMETRIC__|0.1.2|25352|crew_log_06d891c508b68cbf|0|1786389777.732|97.781|3.056|2873008128|2885128192|sim_data_341798b7487bf001|__AUTOMETRIC__
__AUTOMETRIC__|0.1.2|25352|crew_log_06d891c508b68cbf|0|1786389778.739|100.828|3.151|2870734848|2882322432|sim_data_341798b7487bf001|__AUTOMETRIC__
__AUTOMETRIC__|0.1.2|25352|crew_log_06d891c508b68cbf|0|1786389779.749|99.017|3.094|2870530048|2882117632|sim_data_341798b7487bf001|__AUTOMETRIC__
__AUTOMETRIC__|0.1.2|25352|crew_log_06d891c508b68cbf|0|1786389780.763|100.192|3.131|2873389056|2884988928|sim_data_341798b7487bf001|__AUTOMETRIC__
__AUTOMETRIC__|0.1.2|25352|crew_log_06d891c508b68cbf|0|1786389781.766|99.697|3.116|2873253888|2884841472|sim_data_341798b7487bf001|__AUTOMETRIC__
__AUTOMETRIC__|0.1.2|25352|crew_log_06d891c508b68cbf|0|1786389782.780|100.165|3.130|2873294848|2884882432|sim_data_341798b7487bf001|__AUTOMETRIC__
__AUTOMETRIC__|0.1.2|25352|crew_log_06d891c508b68cbf|0|1786389783.786|99.348|3.105|2873286656|2885005312|sim_data_341798b7487bf001|__AUTOMETRIC__
__AUTOMETRIC__|0.1.2|25352|crew_log_06d891c508b68cbf|0|1786389784.793|100.878|3.152|2876125184|2887712768|sim_data_341798b7487bf001|__AUTOMETRIC__
__AUTOMETRIC__|0.1.2|25352|crew_log_06d891c508b68cbf|0|1786389785.806|100.238|3.132|2876153856|2887741440|sim_data_341798b7487bf001|__AUTOMETRIC__
__AUTOMETRIC__|0.1.2|25352|crew_log_06d891c508b68cbf|0|1786389786.809|98.187|3.068|2876100608|2887688192|sim_data_341798b7487bf001|__AUTOMETRIC__
__AUTOMETRIC__|0.1.2|25352|crew_log_06d891c508b68cbf|0|1786389787.818|100.660|3.146|2879004672|2890604544|sim_data_341798b7487bf001|__AUTOMETRIC__
__AUTOMETRIC__|0.1.2|25352|crew_log_06d891c508b68cbf|0|1786389788.823|99.466|3.108|2878943232|2890661888|sim_data_341798b7487bf001|__AUTOMETRIC__
__AUTOMETRIC__|0.1.2|25352|crew_log_06d891c508b68cbf|0|1786389789.838|100.094|3.128|2878906368|2890625024|sim_data_341798b7487bf001|__AUTOMETRIC__
__AUTOMETRIC__|0.1.2|25352|crew_log_06d891c508b68cbf|0|1786389790.844|97.796|3.056|3412955136|3424870400|sim_data_341798b7487bf001|__AUTOMETRIC__
__AUTOMETRIC__|0.1.2|25352|crew_log_06d891c508b68cbf|0|1786389791.846|104.500|3.266|3165298688|3177353216|sim_data_341798b7487bf001|__AUTOMETRIC__
__AUTOMETRIC__|0.1.2|25352|crew_log_06d891c508b68cbf|0|1786389792.854|105.459|3.296|2576719872|2589327360|sim_data_341798b7487bf001|__AUTOMETRIC__
__AUTOMETRIC__|0.1.2|25352|crew_log_06d891c508b68cbf|0|1786389793.856|98.185|3.068|2572525568|2584248320|sim_data_341798b7487bf001|__AUTOMETRIC__
__AUTOMETRIC__|0.1.2|25352|crew_log_06d891c508b68cbf|0|1786389794.871|100.093|3.128|2571317248|2583011328|sim_data_341798b7487bf001|__AUTOMETRIC__
__AUTOMETRIC__|0.1.2|25352|crew_log_06d891c508b68cbf|0|1786389795.886|98.537|3.079|2574143488|2585755648|sim_data_341798b7487bf001|__AUTOMETRIC__
__AUTOMETRIC__|0.1.2|25352|crew_log_06d891c508b68cbf|0|1786389796.886|99.971|3.124|2574139392|2585751552|sim_data_341798b7487bf001|__AUTOMETRIC__
__AUTOMETRIC__|0.1.2|25352|crew_log_06d891c508b68cbf|0|1786389797.890|98.004|3.063|2574155776|2585849856|sim_data_341798b7487bf001|__AUTOMETRIC__
__AUTOMETRIC__|0.1.2|25352|crew_log_06d891c508b68cbf|0|1786389798.896|101.021|3.157|2577080320|2588786688|sim_data_341798b7487bf001|__AUTOMETRIC__
__AUTOMETRIC__|0.1.2|25352|crew_log_06d891c508b68cbf|0|1786389799.900|99.582|3.112|2576961536|2588655616|sim_data_341798b7487bf001|__AUTOMETRIC__
__AUTOMETRIC__|0.1.2|25352|crew_log_06d891c508b68cbf|0|1786389800.902|99.815|3.119|2576994304|2588688384|sim_data_341798b7487bf001|__AUTOMETRIC__
__AUTOMETRIC__|0.1.2|25352|crew_log_06d891c508b68cbf|0|1786389801.906|98.074|3.065|2579877888|2591584256|sim_data_341798b7487bf001|__AUTOMETRIC__
__AUTOMETRIC__|0.1.2|25352|crew_log_06d891c508b68cbf|0|1786389802.909|99.680|3.115|2579738624|2591432704|sim_data_341798b7487bf001|__AUTOMETRIC__
__AUTOMETRIC__|0.1.2|25352|crew_log_06d891c508b68cbf|0|1786389803.910|98.347|3.073|2579738624|2591432704|sim_data_341798b7487bf001|__AUTOMETRIC__
__AUTOMETRIC__|0.1.2|25352|crew_log_06d891c508b68cbf|0|1786389804.913|99.682|3.115|3154280448|3166523392|sim_data_341798b7487bf001|__AUTOMETRIC__
__AUTOMETRIC__|0.1.2|25352|crew_log_06d891c508b68cbf|0|1786389805.928|106.209|3.319|2965225472|2977406976|sim_data_341798b7487bf001|__AUTOMETRIC__
__AUTOMETRIC__|0.1.2|25352|crew_log_06d891c508b68cbf|0|1786389806.942|100.149|3.130|2988011520|3000479744|sim_data_341798b7487bf001|__AUTOMETRIC__
__AUTOMETRIC__|0.1.2|25352|crew_log_06d891c508b68cbf|0|1786389807.955|98.684|3.084|2984247296|2996043776|sim_data_341798b7487bf001|__AUTOMETRIC__
__AUTOMETRIC__|0.1.2|25352|crew_log_06d891c508b68cbf|0|1786389808.956|99.902|3.122|2983260160|2995027968|sim_data_341798b7487bf001|__AUTOMETRIC__
__AUTOMETRIC__|0.1.2|25352|crew_log_06d891c508b68cbf|0|1786389809.971|103.168|3.224|2985914368|2997600256|sim_data_341798b7487bf001|__AUTOMETRIC__
__AUTOMETRIC__|0.1.2|25352|crew_log_06d891c508b68cbf|0|1786389810.975|99.664|3.115|2986029056|2997714944|sim_data_341798b7487bf001|__AUTOMETRIC__
__AUTOMETRIC__|0.1.2|25352|crew_log_06d891c508b68cbf|0|1786389811.983|99.210|3.100|2986045440|2997813248|sim_data_341798b7487bf001|__AUTOMETRIC__
__AUTOMETRIC__|0.1.2|25352|crew_log_06d891c508b68cbf|0|1786389812.986|101.198|3.162|2988826624|3000512512|sim_data_341798b7487bf001|__AUTOMETRIC__
__AUTOMETRIC__|0.1.2|25352|crew_log_06d891c508b68cbf|0|1786389814.001|100.072|3.127|2988965888|3000733696|sim_data_341798b7487bf001|__AUTOMETRIC__
__AUTOMETRIC__|0.1.2|25352|crew_log_06d891c508b68cbf|0|1786389815.005|101.136|3.160|2988957696|3000725504|sim_data_341798b7487bf001|__AUTOMETRIC__
__AUTOMETRIC__|0.1.2|25352|crew_log_06d891c508b68cbf|0|1786389816.006|99.895|3.122|2991951872|3003727872|sim_data_341798b7487bf001|__AUTOMETRIC__
__AUTOMETRIC__|0.1.2|25352|crew_log_06d891c508b68cbf|0|1786389817.020|92.510|2.891|2991747072|3003432960|sim_data_341798b7487bf001|__AUTOMETRIC__
__AUTOMETRIC__|0.1.2|25352|crew_log_06d891c508b68cbf|0|1786389818.034|100.104|3.128|3049607168|3061379072|sim_data_341798b7487bf001|__AUTOMETRIC__
__AUTOMETRIC__|0.1.2|25352|crew_log_06d891c508b68cbf|0|1786389819.049|104.706|3.272|3438149632|3450056704|sim_data_341798b7487bf001|__AUTOMETRIC__
__AUTOMETRIC__|0.1.2|25352|crew_log_06d891c508b68cbf|0|1786389820.055|110.247|3.445|2664919040|2677170176|sim_data_341798b7487bf001|__AUTOMETRIC__
__AUTOMETRIC__|0.1.2|25352|crew_log_06d891c508b68cbf|0|1786389821.057|99.862|3.121|2681753600|2694094848|sim_data_341798b7487bf001|__AUTOMETRIC__
__AUTOMETRIC__|0.1.2|25352|crew_log_06d891c508b68cbf|0|1786389822.063|99.374|3.105|2678591488|2690252800|sim_data_341798b7487bf001|__AUTOMETRIC__
__AUTOMETRIC__|0.1.2|25352|crew_log_06d891c508b68cbf|0|1786389823.070|100.842|3.151|2678317056|2689843200|sim_data_341798b7487bf001|__AUTOMETRIC__
__AUTOMETRIC__|0.1.2|25352|crew_log_06d891c508b68cbf|0|1786389824.073|99.737|3.117|2681413632|2693103616|sim_data_341798b7487bf001|__AUTOMETRIC__
__AUTOMETRIC__|0.1.2|25352|crew_log_06d891c508b68cbf|0|1786389825.080|99.316|3.104|2681200640|2692882432|sim_data_341798b7487bf001|__AUTOMETRIC__
__AUTOMETRIC__|0.1.2|25352|crew_log_06d891c508b68cbf|0|1786389826.092|101.825|3.182|2681204736|2692886528|sim_data_341798b7487bf001|__AUTOMETRIC__
__AUTOMETRIC__|0.1.2|25352|crew_log_06d891c508b68cbf|0|1786389827.095|99.778|3.118|2684174336|2695864320|sim_data_341798b7487bf001|__AUTOMETRIC__
__AUTOMETRIC__|0.1.2|25352|crew_log_06d891c508b68cbf|0|1786389828.098|101.199|3.162|2683973632|2695499776|sim_data_341798b7487bf001|__AUTOMETRIC__
__AUTOMETRIC__|0.1.2|25352|crew_log_06d891c508b68cbf|0|1786389829.106|99.266|3.102|2683981824|2695663616|sim_data_341798b7487bf001|__AUTOMETRIC__
__AUTOMETRIC__|0.1.2|25352|crew_log_06d891c508b68cbf|0|1786389830.106|99.959|3.124|2686943232|2698633216|sim_data_341798b7487bf001|__AUTOMETRIC__
__AUTOMETRIC__|0.1.2|25352|crew_log_06d891c508b68cbf|0|1786389831.117|100.451|3.139|2686730240|2698412032|sim_data_341798b7487bf001|__AUTOMETRIC__
__AUTOMETRIC__|0.1.2|25352|crew_log_06d891c508b68cbf|0|1786389832.129|98.820|3.088|2686722048|2698248192|sim_data_341798b7487bf001|__AUTOMETRIC__
__AUTOMETRIC__|0.1.2|25352|crew_log_06d891c508b68cbf|0|1786389833.134|101.105|3.160|2866606080|2878144512|sim_data_341798b7487bf001|__AUTOMETRIC__
__AUTOMETRIC__|0.1.2|25352|crew_log_06d891c508b68cbf|0|1786389834.138|102.661|3.208|2956156928|2967752704|sim_data_341798b7487bf001|__AUTOMETRIC__
__AUTOMETRIC__|0.1.2|25352|crew_log_06d891c508b68cbf|0|1786389835.141|99.751|3.117|3049783296|3060396032|sim_data_341798b7487bf001|__AUTOMETRIC__
__AUTOMETRIC__|0.1.2|25352|crew_log_06d891c508b68cbf|0|1786389836.144|101.243|3.164|2605076480|2615693312|sim_data_341798b7487bf001|__AUTOMETRIC__
__AUTOMETRIC__|0.1.2|25352|crew_log_06d891c508b68cbf|0|1786389837.148|104.227|3.257|2675552256|2686169088|sim_data_341798b7487bf001|__AUTOMETRIC__
__AUTOMETRIC__|0.1.2|25352|crew_log_06d891c508b68cbf|0|1786389838.154|99.429|3.107|2910023680|2920632320|sim_data_341798b7487bf001|__AUTOMETRIC__
__AUTOMETRIC__|0.1.2|25352|crew_log_06d891c508b68cbf|0|1786389839.162|108.527|3.391|2892611584|2903220224|sim_data_341798b7487bf001|__AUTOMETRIC__
__AUTOMETRIC__|0.1.2|25352|crew_log_06d891c508b68cbf|0|1786389840.172|100.494|3.140|2888146944|2898792448|sim_data_341798b7487bf001|__AUTOMETRIC__
__AUTOMETRIC__|0.1.2|25352|crew_log_06d891c508b68cbf|0|1786389841.174|101.364|3.168|2886561792|2897240064|sim_data_341798b7487bf001|__AUTOMETRIC__
__AUTOMETRIC__|0.1.2|25352|crew_log_06d891c508b68cbf|0|1786389842.174|106.246|3.320|2744475648|2755026944|sim_data_341798b7487bf001|__AUTOMETRIC__
__AUTOMETRIC__|0.1.2|25352|crew_log_06d891c508b68cbf|0|1786389843.175|98.373|3.074|3493195776|3504336896|sim_data_341798b7487bf001|__AUTOMETRIC__
__AUTOMETRIC__|0.1.2|25352|crew_log_06d891c508b68cbf|0|1786389844.188|101.819|3.182|3514966016|3526119424|sim_data_341798b7487bf001|__AUTOMETRIC__
__AUTOMETRIC__|0.1.2|25352|crew_log_06d891c508b68cbf|0|1786389845.192|105.823|3.307|2989920256|3001085952|sim_data_341798b7487bf001|__AUTOMETRIC__
__AUTOMETRIC__|0.1.2|25352|crew_log_06d891c508b68cbf|0|1786389846.204|98.814|3.088|3507781632|3518959616|sim_data_341798b7487bf001|__AUTOMETRIC__
__AUTOMETRIC__|0.1.2|25352|crew_log_06d891c508b68cbf|0|1786389847.207|107.521|3.360|3277086720|3288276992|sim_data_341798b7487bf001|__AUTOMETRIC__
__AUTOMETRIC__|0.1.2|25352|crew_log_06d891c508b68cbf|0|1786389848.221|98.573|3.080|3523371008|3534512128|sim_data_341798b7487bf001|__AUTOMETRIC__
__AUTOMETRIC__|0.1.2|25352|crew_log_06d891c508b68cbf|0|1786389849.227|105.635|3.301|3510960128|3522101248|sim_data_341798b7487bf001|__AUTOMETRIC__
__AUTOMETRIC__|0.1.2|25352|crew_log_06d891c508b68cbf|0|1786389850.227|106.262|3.321|3100389376|3111530496|sim_data_341798b7487bf001|__AUTOMETRIC__
__AUTOMETRIC__|0.1.2|25352|crew_log_06d891c508b68cbf|0|1786389851.227|98.386|3.075|3516084224|3527282688|sim_data_341798b7487bf001|__AUTOMETRIC__
__AUTOMETRIC__|0.1.2|25352|crew_log_06d891c508b68cbf|0|1786389852.234|102.389|3.200|3518664704|3529859072|sim_data_341798b7487bf001|__AUTOMETRIC__
__AUTOMETRIC__|0.1.2|25352|crew_log_06d891c508b68cbf|0|1786389853.239|107.345|3.355|3090579456|3101790208|sim_data_341798b7487bf001|__AUTOMETRIC__
__AUTOMETRIC__|0.1.2|25352|crew_log_06d891c508b68cbf|0|1786389854.244|99.493|3.109|3512971264|3524206592|sim_data_341798b7487bf001|__AUTOMETRIC__
__AUTOMETRIC__|0.1.2|25352|crew_log_06d891c508b68cbf|0|1786389855.250|100.933|3.154|3492700160|3503902720|sim_data_341798b7487bf001|__AUTOMETRIC__
__AUTOMETRIC__|0.1.2|25352|crew_log_06d891c508b68cbf|0|1786389856.259|109.982|3.437|3044814848|3056050176|sim_data_341798b7487bf001|__AUTOMETRIC__
__AUTOMETRIC__|0.1.2|25352|crew_log_06d891c508b68cbf|0|1786389857.272|100.253|3.133|3517583360|3528781824|sim_data_341798b7487bf001|__AUTOMETRIC__
__AUTOMETRIC__|0.1.2|25352|crew_log_06d891c508b68cbf|0|1786389858.273|102.985|3.218|3518394368|3529781248|sim_data_341798b7487bf001|__AUTOMETRIC__
__AUTOMETRIC__|0.1.2|25352|crew_log_06d891c508b68cbf|0|1786389859.278|104.212|3.257|3277537280|3288772608|sim_data_341798b7487bf001|__AUTOMETRIC__
__AUTOMETRIC__|0.1.2|25352|crew_log_06d891c508b68cbf|0|1786389860.288|103.661|3.239|2945339392|2956644352|sim_data_341798b7487bf001|__AUTOMETRIC__
__AUTOMETRIC__|0.1.2|25352|crew_log_06d891c508b68cbf|0|1786389861.302|100.137|3.129|3517992960|3529240576|sim_data_341798b7487bf001|__AUTOMETRIC__
__AUTOMETRIC__|0.1.2|25352|crew_log_06d891c508b68cbf|0|1786389862.315|101.776|3.181|3516579840|3528040448|sim_data_341798b7487bf001|__AUTOMETRIC__
__AUTOMETRIC__|0.1.2|25352|crew_log_06d891c508b68cbf|0|1786389863.330|104.705|3.272|3212197888|3223474176|sim_data_341798b7487bf001|__AUTOMETRIC__
__AUTOMETRIC__|0.1.2|25352|crew_log_06d891c508b68cbf|0|1786389864.331|104.528|3.267|2905157632|2916503552|sim_data_341798b7487bf001|__AUTOMETRIC__
__AUTOMETRIC__|0.1.2|25352|crew_log_06d891c508b68cbf|0|1786389865.337|110.328|3.448|2553978880|2565500928|sim_data_341798b7487bf001|__AUTOMETRIC__
__AUTOMETRIC__|0.1.2|25352|crew_log_06d891c508b68cbf|0|1786389866.338|96.788|3.025|3256811520|3268124672|sim_data_341798b7487bf001|__AUTOMETRIC__
__AUTOMETRIC__|0.1.2|25352|crew_log_06d891c508b68cbf|0|1786389867.339|99.930|3.123|3517267968|3528626176|sim_data_341798b7487bf001|__AUTOMETRIC__
__AUTOMETRIC__|0.1.2|25352|crew_log_06d891c508b68cbf|0|1786389868.344|101.062|3.158|3509555200|3520692224|sim_data_341798b7487bf001|__AUTOMETRIC__
__AUTOMETRIC__|0.1.2|25352|crew_log_06d891c508b68cbf|0|1786389869.349|108.779|3.399|2986885120|2998075392|sim_data_341798b7487bf001|__AUTOMETRIC__
__AUTOMETRIC__|0.1.2|25352|crew_log_06d891c508b68cbf|0|1786389870.351|99.758|3.117|3511517184|3522723840|sim_data_341798b7487bf001|__AUTOMETRIC__
__AUTOMETRIC__|0.1.2|25352|crew_log_06d891c508b68cbf|0|1786389871.356|105.813|3.307|3304157184|3315359744|sim_data_341798b7487bf001|__AUTOMETRIC__
__AUTOMETRIC__|0.1.2|25352|crew_log_06d891c508b68cbf|0|1786389872.371|106.154|3.317|2810662912|2821828608|sim_data_341798b7487bf001|__AUTOMETRIC__
__AUTOMETRIC__|0.1.2|25352|crew_log_06d891c508b68cbf|0|1786389873.377|97.884|3.059|3513917440|3525083136|sim_data_341798b7487bf001|__AUTOMETRIC__
__AUTOMETRIC__|0.1.2|25352|crew_log_06d891c508b68cbf|0|1786389874.384|103.920|3.247|3139493888|3150716928|sim_data_341798b7487bf001|__AUTOMETRIC__
__AUTOMETRIC__|0.1.2|25352|crew_log_06d891c508b68cbf|0|1786389875.393|106.870|3.340|2670145536|2681311232|sim_data_341798b7487bf001|__AUTOMETRIC__
__AUTOMETRIC__|0.1.2|25352|crew_log_06d891c508b68cbf|0|1786389876.401|100.746|3.148|3460558848|3471810560|sim_data_341798b7487bf001|__AUTOMETRIC__
__AUTOMETRIC__|0.1.2|25352|crew_log_06d891c508b68cbf|0|1786389877.402|103.035|3.220|3136696320|3147943936|sim_data_341798b7487bf001|__AUTOMETRIC__
__AUTOMETRIC__|0.1.2|25352|crew_log_06d891c508b68cbf|0|1786389878.408|107.214|3.350|2750341120|2761560064|sim_data_341798b7487bf001|__AUTOMETRIC__
__AUTOMETRIC__|0.1.2|25352|crew_log_06d891c508b68cbf|0|1786389879.419|100.373|3.137|3504148480|3515478016|sim_data_341798b7487bf001|__AUTOMETRIC__
__AUTOMETRIC__|0.1.2|25352|crew_log_06d891c508b68cbf|0|1786389880.426|102.475|3.202|3225894912|3237175296|sim_data_341798b7487bf001|__AUTOMETRIC__
__AUTOMETRIC__|0.1.2|25352|crew_log_06d891c508b68cbf|0|1786389881.432|103.997|3.250|2906554368|2917806080|sim_data_341798b7487bf001|__AUTOMETRIC__
__AUTOMETRIC__|0.1.2|25352|crew_log_06d891c508b68cbf|0|1786389882.443|97.413|3.044|3515842560|3527135232|sim_data_341798b7487bf001|__AUTOMETRIC__
__AUTOMETRIC__|0.1.2|25352|crew_log_06d891c508b68cbf|0|1786389883.450|102.359|3.199|3307114496|3318398976|sim_data_341798b7487bf001|__AUTOMETRIC__
__AUTOMETRIC__|0.1.2|25352|crew_log_06d891c508b68cbf|0|1786389884.459|100.712|3.147|3526909952|3538169856|sim_data_341798b7487bf001|__AUTOMETRIC__
__AUTOMETRIC__|0.1.2|25352|crew_log_06d891c508b68cbf|0|1786389885.464|102.583|3.206|3525824512|3537088512|sim_data_341798b7487bf001|__AUTOMETRIC__
__AUTOMETRIC__|0.1.2|25352|crew_log_06d891c508b68cbf|0|1786389886.470|104.037|3.251|3480727552|3492122624|sim_data_341798b7487bf001|__AUTOMETRIC__
__AUTOMETRIC__|0.1.2|25352|crew_log_06d891c508b68cbf|0|1786389887.478|105.450|3.295|3124649984|3135995904|sim_data_341798b7487bf001|__AUTOMETRIC__
__AUTOMETRIC__|0.1.2|25352|crew_log_06d891c508b68cbf|0|1786389888.485|99.258|3.102|3520577536|3531857920|sim_data_341798b7487bf001|__AUTOMETRIC__
__AUTOMETRIC__|0.1.2|25352|crew_log_06d891c508b68cbf|0|1786389889.493|103.920|3.247|3518640128|3529928704|sim_data_341798b7487bf001|__AUTOMETRIC__
__AUTOMETRIC__|0.1.2|25352|crew_log_06d891c508b68cbf|0|1786389890.504|103.572|3.237|3293908992|3305226240|sim_data_341798b7487bf001|__AUTOMETRIC__
__AUTOMETRIC__|0.1.2|25352|crew_log_06d891c508b68cbf|0|1786389891.514|106.673|3.334|2947575808|2958921728|sim_data_341798b7487bf001|__AUTOMETRIC__
__AUTOMETRIC__|0.1.2|25352|crew_log_06d891c508b68cbf|0|1786389892.516|98.240|3.070|3518509056|3529814016|sim_data_341798b7487bf001|__AUTOMETRIC__
__AUTOMETRIC__|0.1.2|25352|crew_log_06d891c508b68cbf|0|1786389893.529|100.292|3.134|3441664000|3453009920|sim_data_341798b7487bf001|__AUTOMETRIC__
__AUTOMETRIC__|0.1.2|25352|crew_log_06d891c508b68cbf|0|1786389894.541|106.548|3.330|2919981056|2931175424|sim_data_341798b7487bf001|__AUTOMETRIC__
__AUTOMETRIC__|0.1.2|25352|crew_log_06d891c508b68cbf|0|1786389895.553|101.929|3.185|3510886400|3522080768|sim_data_341798b7487bf001|__AUTOMETRIC__
__AUTOMETRIC__|0.1.2|25352|crew_log_06d891c508b68cbf|0|1786389896.555|102.869|3.215|3360010240|3371311104|sim_data_341798b7487bf001|__AUTOMETRIC__
__AUTOMETRIC__|0.1.2|25352|crew_log_06d891c508b68cbf|0|1786389897.560|104.178|3.256|2924748800|2935951360|sim_data_341798b7487bf001|__AUTOMETRIC__
__AUTOMETRIC__|0.1.2|25352|crew_log_06d891c508b68cbf|0|1786389898.567|100.864|3.152|3545337856|3556495360|sim_data_341798b7487bf001|__AUTOMETRIC__
__AUTOMETRIC__|0.1.2|25352|crew_log_06d891c508b68cbf|0|1786389899.574|102.428|3.201|3386023936|3397263360|sim_data_341798b7487bf001|__AUTOMETRIC__
__AUTOMETRIC__|0.1.2|25352|crew_log_06d891c508b68cbf|0|1786389900.589|104.635|3.270|2881634304|2892820480|sim_data_341798b7487bf001|__AUTOMETRIC__
__AUTOMETRIC__|0.1.2|25352|crew_log_06d891c508b68cbf|0|1786389901.597|105.435|3.295|2289893376|2301054976|sim_data_341798b7487bf001|__AUTOMETRIC__
__AUTOMETRIC__|0.1.2|25352|crew_log_06d891c508b68cbf|0|1786389902.602|101.068|3.158|3080650752|3091853312|sim_data_341798b7487bf001|__AUTOMETRIC__
__AUTOMETRIC__|0.1.2|25352|crew_log_06d891c508b68cbf|0|1786389903.607|97.889|3.059|3511586816|3522793472|sim_data_341798b7487bf001|__AUTOMETRIC__
__AUTOMETRIC__|0.1.2|25352|crew_log_06d891c508b68cbf|0|1786389904.622|107.826|3.370|3333730304|3344904192|sim_data_341798b7487bf001|__AUTOMETRIC__
__AUTOMETRIC__|0.1.2|25352|crew_log_06d891c508b68cbf|0|1786389905.634|100.372|3.137|3523850240|3535015936|sim_data_341798b7487bf001|__AUTOMETRIC__
__AUTOMETRIC__|0.1.2|25352|crew_log_06d891c508b68cbf|0|1786389906.636|102.866|3.215|3513577472|3524800512|sim_data_341798b7487bf001|__AUTOMETRIC__
__AUTOMETRIC__|0.1.2|25352|crew_log_06d891c508b68cbf|0|1786389907.650|107.900|3.372|3254960128|3266179072|sim_data_341798b7487bf001|__AUTOMETRIC__
__AUTOMETRIC__|0.1.2|25352|crew_log_06d891c508b68cbf|0|1786389908.653|99.647|3.114|3525001216|3536187392|sim_data_341798b7487bf001|__AUTOMETRIC__
__AUTOMETRIC__|0.1.2|25352|crew_log_06d891c508b68cbf|0|1786389909.661|100.751|3.148|3514097664|3525341184|sim_data_341798b7487bf001|__AUTOMETRIC__
__AUTOMETRIC__|0.1.2|25352|crew_log_06d891c508b68cbf|0|1786389910.671|103.724|3.241|3323019264|3334295552|sim_data_341798b7487bf001|__AUTOMETRIC__
__AUTOMETRIC__|0.1.2|25352|crew_log_06d891c508b68cbf|0|1786389911.685|107.800|3.369|2827558912|2838798336|sim_data_341798b7487bf001|__AUTOMETRIC__
__AUTOMETRIC__|0.1.2|25352|crew_log_06d891c508b68cbf|0|1786389912.687|99.873|3.121|3528548352|3539750912|sim_data_341798b7487bf001|__AUTOMETRIC__
__AUTOMETRIC__|0.1.2|25352|crew_log_06d891c508b68cbf|0|1786389913.693|102.505|3.203|3294691328|3305906176|sim_data_341798b7487bf001|__AUTOMETRIC__
__AUTOMETRIC__|0.1.2|25352|crew_log_06d891c508b68cbf|0|1786389914.694|103.021|3.219|2981896192|2993123328|sim_data_341798b7487bf001|__AUTOMETRIC__
__AUTOMETRIC__|0.1.2|25352|crew_log_06d891c508b68cbf|0|1786389915.698|99.526|3.110|3418443776|3429732352|sim_data_341798b7487bf001|__AUTOMETRIC__
__AUTOMETRIC__|0.1.2|25352|crew_log_06d891c508b68cbf|0|1786389916.705|108.652|3.395|3335356416|3346616320|sim_data_341798b7487bf001|__AUTOMETRIC__
__AUTOMETRIC__|0.1.2|25352|crew_log_06d891c508b68cbf|0|1786389917.706|101.486|3.171|3526139904|3537383424|sim_data_341798b7487bf001|__AUTOMETRIC__
__AUTOMETRIC__|0.1.2|25352|crew_log_06d891c508b68cbf|0|1786389918.710|102.724|3.210|3512246272|3523547136|sim_data_341798b7487bf001|__AUTOMETRIC__
__AUTOMETRIC__|0.1.2|25352|crew_log_06d891c508b68cbf|0|1786389919.714|105.781|3.306|3386814464|3398148096|sim_data_341798b7487bf001|__AUTOMETRIC__
__AUTOMETRIC__|0.1.2|25352|crew_log_06d891c508b68cbf|0|1786389920.722|108.464|3.390|2971078656|2982338560|sim_data_341798b7487bf001|__AUTOMETRIC__
__AUTOMETRIC__|0.1.2|25352|crew_log_06d891c508b68cbf|0|1786389921.725|98.222|3.069|3528986624|3540258816|sim_data_341798b7487bf001|__AUTOMETRIC__
__AUTOMETRIC__|0.1.2|25352|crew_log_06d891c508b68cbf|0|1786389922.730|102.599|3.206|3455741952|3467079680|sim_data_341798b7487bf001|__AUTOMETRIC__
__AUTOMETRIC__|0.1.2|25352|crew_log_06d891c508b68cbf|0|1786389923.743|104.824|3.276|3125456896|3136737280|sim_data_341798b7487bf001|__AUTOMETRIC__
__AUTOMETRIC__|0.1.2|25352|crew_log_06d891c508b68cbf|0|1786389924.757|100.248|3.133|3537752064|3549032448|sim_data_341798b7487bf001|__AUTOMETRIC__
__AUTOMETRIC__|0.1.2|25352|crew_log_06d891c508b68cbf|0|1786389925.762|101.017|3.157|3529732096|3541032960|sim_data_341798b7487bf001|__AUTOMETRIC__
__AUTOMETRIC__|0.1.2|25352|crew_log_06d891c508b68cbf|0|1786389926.769|103.958|3.249|3497164800|3508531200|sim_data_341798b7487bf001|__AUTOMETRIC__
__AUTOMETRIC__|0.1.2|25352|crew_log_06d891c508b68cbf|0|1786389927.784|103.108|3.222|3183882240|3195203584|sim_data_341798b7487bf001|__AUTOMETRIC__
__AUTOMETRIC__|0.1.2|25352|crew_log_06d891c508b68cbf|0|1786389928.791|104.019|3.251|2767183872|2778517504|sim_data_341798b7487bf001|__AUTOMETRIC__
__AUTOMETRIC__|0.1.2|25352|crew_log_06d891c508b68cbf|0|1786389929.804|98.735|3.085|3524747264|3536138240|sim_data_341798b7487bf001|__AUTOMETRIC__
__AUTOMETRIC__|0.1.2|25352|crew_log_06d891c508b68cbf|0|1786389930.817|103.318|3.229|3367395328|3378753536|sim_data_341798b7487bf001|__AUTOMETRIC__
__AUTOMETRIC__|0.1.2|25352|crew_log_06d891c508b68cbf|0|1786389931.831|106.292|3.322|2875916288|2887118848|sim_data_341798b7487bf001|__AUTOMETRIC__
__AUTOMETRIC__|0.1.2|25352|crew_log_06d891c508b68cbf|0|1786389932.837|108.686|3.396|2385154048|2411012096|sim_data_341798b7487bf001|__AUTOMETRIC__
__AUTOMETRIC__|0.1.2|25352|crew_log_06d891c508b68cbf|0|1786389933.845|99.236|3.101|3131281408|3142475776|sim_data_341798b7487bf001|__AUTOMETRIC__
__AUTOMETRIC__|0.1.2|25352|crew_log_06d891c508b68cbf|0|1786389934.847|96.673|3.021|3523592192|3534749696|sim_data_341798b7487bf001|__AUTOMETRIC__
__AUTOMETRIC__|0.1.2|25352|crew_log_06d891c508b68cbf|0|1786389935.855|103.906|3.247|3455877120|3467268096|sim_data_341798b7487bf001|__AUTOMETRIC__
__AUTOMETRIC__|0.1.2|25352|crew_log_06d891c508b68cbf|0|1786389936.866|109.708|3.428|2916876288|2928037888|sim_data_341798b7487bf001|__AUTOMETRIC__
__AUTOMETRIC__|0.1.2|25352|crew_log_06d891c508b68cbf|0|1786389937.870|99.568|3.112|3516514304|3527680000|sim_data_341798b7487bf001|__AUTOMETRIC__
__AUTOMETRIC__|0.1.2|25352|crew_log_06d891c508b68cbf|0|1786389938.876|105.673|3.302|3117047808|3128324096|sim_data_341798b7487bf001|__AUTOMETRIC__
__AUTOMETRIC__|0.1.2|25352|crew_log_06d891c508b68cbf|0|1786389939.881|99.487|3.109|3508215808|3519508480|sim_data_341798b7487bf001|__AUTOMETRIC__
__AUTOMETRIC__|0.1.2|25352|crew_log_06d891c508b68cbf|0|1786389940.884|102.790|3.212|3519201280|3530407936|sim_data_341798b7487bf001|__AUTOMETRIC__
__AUTOMETRIC__|0.1.2|25352|crew_log_06d891c508b68cbf|0|1786389941.890|104.125|3.254|3186106368|3197431808|sim_data_341798b7487bf001|__AUTOMETRIC__
__AUTOMETRIC__|0.1.2|25352|crew_log_06d891c508b68cbf|0|1786389942.905|107.736|3.367|2713874432|2725142528|sim_data_341798b7487bf001|__AUTOMETRIC__
__AUTOMETRIC__|0.1.2|25352|crew_log_06d891c508b68cbf|0|1786389943.908|101.243|3.164|3470430208|3481849856|sim_data_341798b7487bf001|__AUTOMETRIC__
__AUTOMETRIC__|0.1.2|25352|crew_log_06d891c508b68cbf|0|1786389944.909|106.100|3.316|3158888448|3170197504|sim_data_341798b7487bf001|__AUTOMETRIC__
__AUTOMETRIC__|0.1.2|25352|crew_log_06d891c508b68cbf|0|1786389945.915|105.604|3.300|2768650240|2779947008|sim_data_341798b7487bf001|__AUTOMETRIC__
__AUTOMETRIC__|0.1.2|25352|crew_log_06d891c508b68cbf|0|1786389946.917|99.834|3.120|3502145536|3513499648|sim_data_341798b7487bf001|__AUTOMETRIC__
__AUTOMETRIC__|0.1.2|25352|crew_log_06d891c508b68cbf|0|1786389947.919|102.940|3.217|3213475840|3224772608|sim_data_341798b7487bf001|__AUTOMETRIC__
__AUTOMETRIC__|0.1.2|25352|crew_log_06d891c508b68cbf|0|1786389948.921|101.401|3.169|3215773696|3227205632|sim_data_341798b7487bf001|__AUTOMETRIC__
__AUTOMETRIC__|0.1.2|25352|crew_log_06d891c508b68cbf|0|1786389949.922|101.461|3.171|3522457600|3533713408|sim_data_341798b7487bf001|__AUTOMETRIC__
__AUTOMETRIC__|0.1.2|25352|crew_log_06d891c508b68cbf|0|1786389950.927|110.303|3.447|3312668672|3323953152|sim_data_341798b7487bf001|__AUTOMETRIC__
__AUTOMETRIC__|0.1.2|25352|crew_log_06d891c508b68cbf|0|1786389951.935|99.246|3.101|3531132928|3542409216|sim_data_341798b7487bf001|__AUTOMETRIC__
__AUTOMETRIC__|0.1.2|25352|crew_log_06d891c508b68cbf|0|1786389952.942|102.356|3.199|3517939712|3529400320|sim_data_341798b7487bf001|__AUTOMETRIC__
__AUTOMETRIC__|0.1.2|25352|crew_log_06d891c508b68cbf|0|1786389953.947|102.693|3.209|3525230592|3536515072|sim_data_341798b7487bf001|__AUTOMETRIC__
__AUTOMETRIC__|0.1.2|25352|crew_log_06d891c508b68cbf|0|1786389954.953|103.995|3.250|3310174208|3321507840|sim_data_341798b7487bf001|__AUTOMETRIC__
__AUTOMETRIC__|0.1.2|25352|crew_log_06d891c508b68cbf|0|1786389955.954|110.835|3.464|2863476736|2874912768|sim_data_341798b7487bf001|__AUTOMETRIC__
__AUTOMETRIC__|0.1.2|25352|crew_log_06d891c508b68cbf|0|1786389956.967|100.262|3.133|3478310912|3489775616|sim_data_341798b7487bf001|__AUTOMETRIC__
__AUTOMETRIC__|0.1.2|25352|crew_log_06d891c508b68cbf|0|1786389957.973|108.723|3.398|3128295424|3139641344|sim_data_341798b7487bf001|__AUTOMETRIC__
__AUTOMETRIC__|0.1.2|25352|crew_log_06d891c508b68cbf|0|1786389958.977|105.863|3.308|2709876736|2721210368|sim_data_341798b7487bf001|__AUTOMETRIC__
__AUTOMETRIC__|0.1.2|25352|crew_log_06d891c508b68cbf|0|1786389959.979|99.773|3.118|3417497600|3428851712|sim_data_341798b7487bf001|__AUTOMETRIC__
__AUTOMETRIC__|0.1.2|25352|crew_log_06d891c508b68cbf|0|1786389960.980|101.476|3.171|3150880768|3162320896|sim_data_341798b7487bf001|__AUTOMETRIC__
__AUTOMETRIC__|0.1.2|25352|crew_log_06d891c508b68cbf|0|1786389961.983|102.802|3.213|2883448832|2894872576|sim_data_341798b7487bf001|__AUTOMETRIC__
__AUTOMETRIC__|0.1.2|25352|crew_log_06d891c508b68cbf|0|1786389962.995|101.857|3.183|3202252800|3213357056|sim_data_341798b7487bf001|__AUTOMETRIC__
__AUTOMETRIC__|0.1.2|25352|crew_log_06d891c508b68cbf|0|1786389964.003|102.352|3.199|3047481344|3058618368|sim_data_341798b7487bf001|__AUTOMETRIC__
__AUTOMETRIC__|0.1.2|25352|crew_log_06d891c508b68cbf|0|1786389965.018|100.106|3.128|3512446976|3523735552|sim_data_341798b7487bf001|__AUTOMETRIC__
__AUTOMETRIC__|0.1.2|25352|crew_log_06d891c508b68cbf|0|1786389966.020|101.360|3.167|3515719680|3526877184|sim_data_341798b7487bf001|__AUTOMETRIC__
__AUTOMETRIC__|0.1.2|25352|crew_log_06d891c508b68cbf|0|1786389967.034|103.183|3.224|3300909056|3312046080|sim_data_341798b7487bf001|__AUTOMETRIC__
__AUTOMETRIC__|0.1.2|25352|crew_log_06d891c508b68cbf|0|1786389968.047|98.750|3.086|3514101760|3525238784|sim_data_341798b7487bf001|__AUTOMETRIC__
__AUTOMETRIC__|0.1.2|25352|crew_log_06d891c508b68cbf|0|1786389969.061|104.727|3.273|3509600256|3520794624|sim_data_341798b7487bf001|__AUTOMETRIC__
__AUTOMETRIC__|0.1.2|25352|crew_log_06d891c508b68cbf|0|1786389970.076|106.252|3.320|3138678784|3149864960|sim_data_341798b7487bf001|__AUTOMETRIC__
__AUTOMETRIC__|0.1.2|25352|crew_log_06d891c508b68cbf|0|1786389971.090|98.621|3.082|3522441216|3533598720|sim_data_341798b7487bf001|__AUTOMETRIC__
__AUTOMETRIC__|0.1.2|25352|crew_log_06d891c508b68cbf|0|1786389972.104|103.294|3.228|3484041216|3495256064|sim_data_341798b7487bf001|__AUTOMETRIC__
__AUTOMETRIC__|0.1.2|25352|crew_log_06d891c508b68cbf|0|1786389973.116|106.483|3.328|2988593152|2999898112|sim_data_341798b7487bf001|__AUTOMETRIC__
__AUTOMETRIC__|0.1.2|25352|crew_log_06d891c508b68cbf|0|1786389974.121|99.501|3.109|3513933824|3525099520|sim_data_341798b7487bf001|__AUTOMETRIC__
__AUTOMETRIC__|0.1.2|25352|crew_log_06d891c508b68cbf|0|1786389975.125|105.836|3.307|3231059968|3242237952|sim_data_341798b7487bf001|__AUTOMETRIC__
__AUTOMETRIC__|0.1.2|25352|crew_log_06d891c508b68cbf|0|1786389976.129|107.423|3.357|2704089088|2715295744|sim_data_341798b7487bf001|__AUTOMETRIC__
__AUTOMETRIC__|0.1.2|25352|crew_log_06d891c508b68cbf|0|1786389977.143|98.541|3.079|3498491904|3509743616|sim_data_341798b7487bf001|__AUTOMETRIC__
__AUTOMETRIC__|0.1.2|25352|crew_log_06d891c508b68cbf|0|1786389978.144|103.073|3.221|3110457344|3121684480|sim_data_341798b7487bf001|__AUTOMETRIC__
__AUTOMETRIC__|0.1.2|25352|crew_log_06d891c508b68cbf|0|1786389979.154|109.831|3.432|2639425536|2650619904|sim_data_341798b7487bf001|__AUTOMETRIC__
__AUTOMETRIC__|0.1.2|25352|crew_log_06d891c508b68cbf|0|1786389980.156|101.386|3.168|3374178304|3385462784|sim_data_341798b7487bf001|__AUTOMETRIC__
__AUTOMETRIC__|0.1.2|25352|crew_log_06d891c508b68cbf|0|1786389981.170|104.703|3.272|3034128384|3045527552|sim_data_341798b7487bf001|__AUTOMETRIC__
__AUTOMETRIC__|0.1.2|25352|crew_log_06d891c508b68cbf|0|1786389982.180|106.750|3.336|2567049216|2578411520|sim_data_341798b7487bf001|__AUTOMETRIC__
__AUTOMETRIC__|0.1.2|25352|crew_log_06d891c508b68cbf|0|1786389983.190|102.167|3.193|3361615872|3372863488|sim_data_341798b7487bf001|__AUTOMETRIC__
__AUTOMETRIC__|0.1.2|25352|crew_log_06d891c508b68cbf|0|1786389984.193|102.754|3.211|3013300224|3024506880|sim_data_341798b7487bf001|__AUTOMETRIC__
__AUTOMETRIC__|0.1.2|25352|crew_log_06d891c508b68cbf|0|1786389985.200|100.860|3.152|3025121280|3036516352|sim_data_341798b7487bf001|__AUTOMETRIC__
__AUTOMETRIC__|0.1.2|25352|crew_log_06d891c508b68cbf|0|1786389986.209|102.289|3.197|3379712000|3390988288|sim_data_341798b7487bf001|__AUTOMETRIC__
__AUTOMETRIC__|0.1.2|25352|crew_log_06d891c508b68cbf|0|1786389987.222|38.545|1.205|3523432448|3535101952|__DEFAULT__|__AUTOMETRIC__
__AUTOMETRIC__|0.1.2|25352|crew_log_06d891c508b68cbf|0|1786389988.235|7.711|0.241|2485760000|2496987136|__DEFAULT__|__AUTOMETRIC__
__AUTOMETRIC__|0.1.2|25352|crew_log_06d891c508b68cbf|0|1786389989.235|0.000|0.000|2485768192|2496995328|__DEFAULT__|__AUTOMETRIC__
__AUTOMETRIC__|0.1.2|25352|crew_log_06d891c508b68cbf|0|1786389990.250|1.539|0.048|2485485568|2496712704|__DEFAULT__|__AUTOMETRIC__
__AUTOMETRIC__|0.1.2|25352|crew_log_06d891c508b68cbf|0|1786389991.257|0.000|0.000|2485485568|2496712704|__DEFAULT__|__AUTOMETRIC__
__AUTOMETRIC__|0.1.2|25352|crew_log_06d891c508b68cbf|0|1786389992.273|0.000|0.000|2485485568|2496712704|__DEFAULT__|__AUTOMETRIC__
__AUTOMETRIC__|0.1.2|25352|crew_log_06d891c508b68cbf|0|1786389993.275|0.000|0.000|2485493760|2496720896|__DEFAULT__|__AUTOMETRIC__
__AUTOMETRIC__|0.1.2|25352|crew_log_06d891c508b68cbf|0|1786389994.279|0.000|0.000|2485493760|2496720896|__DEFAULT__|__AUTOMETRIC__
__AUTOMETRIC__|0.1.2|25352|crew_log_06d891c508b68cbf|0|1786389995.283|0.000|0.000|2485501952|2496729088|__DEFAULT__|__AUTOMETRIC__
__AUTOMETRIC__|0.1.2|25352|crew_log_06d891c508b68cbf|0|1786389996.285|1.559|0.049|2485510144|2496737280|__DEFAULT__|__AUTOMETRIC__
__AUTOMETRIC__|0.1.2|25352|crew_log_06d891c508b68cbf|0|1786389997.296|0.000|0.000|2485510144|2496737280|__DEFAULT__|__AUTOMETRIC__
__AUTOMETRIC__|0.1.2|25352|crew_log_06d891c508b68cbf|0|1786389998.298|51.456|1.608|2504171520|2515521536|estimate_plt_files_49c2009a44127d29|__AUTOMETRIC__
__AUTOMETRIC__|0.1.2|25352|crew_log_06d891c508b68cbf|0|1786389999.306|99.178|3.099|2975879168|2986090496|estimate_plt_files_49c2009a44127d29|__AUTOMETRIC__
__AUTOMETRIC__|0.1.2|25352|crew_log_06d891c508b68cbf|0|1786390000.310|98.102|3.066|3566190592|3575234560|estimate_plt_files_59475ceeffc8099b|__AUTOMETRIC__
__AUTOMETRIC__|0.1.2|25352|crew_log_06d891c508b68cbf|0|1786390001.324|98.637|3.082|4022370304|4032487424|estimate_plt_files_59475ceeffc8099b|__AUTOMETRIC__
__AUTOMETRIC__|0.1.2|25352|crew_log_06d891c508b68cbf|0|1786390002.330|102.431|3.201|3894198272|3904524288|estimate_plt_files_59475ceeffc8099b|__AUTOMETRIC__
__AUTOMETRIC__|0.1.2|25352|crew_log_06d891c508b68cbf|0|1786390003.336|96.309|3.010|3929235456|3939352576|estimate_plt_files_fde140be93b567b8|__AUTOMETRIC__
__AUTOMETRIC__|0.1.2|25352|crew_log_06d891c508b68cbf|0|1786390004.351|98.574|3.080|4029038592|4039311360|estimate_plt_files_fde140be93b567b8|__AUTOMETRIC__
__AUTOMETRIC__|0.1.2|25352|crew_log_06d891c508b68cbf|0|1786390005.363|97.236|3.039|3773538304|3783974912|estimate_plt_files_dbe52b87bbc6b3b9|__AUTOMETRIC__
__AUTOMETRIC__|0.1.2|25352|crew_log_06d891c508b68cbf|0|1786390006.368|96.370|3.012|3962986496|3973627904|estimate_plt_files_dbe52b87bbc6b3b9|__AUTOMETRIC__
__AUTOMETRIC__|0.1.2|25352|crew_log_06d891c508b68cbf|0|1786390007.376|99.221|3.101|3993632768|4004126720|estimate_plt_files_8081e2f87fea5dbc|__AUTOMETRIC__
__AUTOMETRIC__|0.1.2|25352|crew_log_06d891c508b68cbf|0|1786390008.386|102.130|3.192|3873308672|3883728896|estimate_plt_files_8081e2f87fea5dbc|__AUTOMETRIC__
__AUTOMETRIC__|0.1.2|25352|crew_log_06d891c508b68cbf|0|1786390009.388|95.082|2.971|3902517248|3912986624|estimate_plt_files_f3c95e0bc21263c1|__AUTOMETRIC__
__AUTOMETRIC__|0.1.2|25352|crew_log_06d891c508b68cbf|0|1786390010.394|104.058|3.252|3840962560|3851202560|estimate_plt_files_f3c95e0bc21263c1|__AUTOMETRIC__
__AUTOMETRIC__|0.1.2|25352|crew_log_06d891c508b68cbf|0|1786390011.403|92.952|2.905|3870703616|3881455616|estimate_plt_files_7f87b8aabc105ad7|__AUTOMETRIC__
__AUTOMETRIC__|0.1.2|25352|crew_log_06d891c508b68cbf|0|1786390012.404|98.377|3.074|4028792832|4039049216|estimate_plt_files_7f87b8aabc105ad7|__AUTOMETRIC__
__AUTOMETRIC__|0.1.2|25352|crew_log_06d891c508b68cbf|0|1786390013.419|63.107|1.972|3765190656|3775553536|__DEFAULT__|__AUTOMETRIC__
__AUTOMETRIC__|0.1.2|25352|crew_log_06d891c508b68cbf|0|1786390014.424|69.965|2.186|3765080064|3774955520|sim_v_jess|__AUTOMETRIC__
__AUTOMETRIC__|0.1.2|25352|crew_log_06d891c508b68cbf|0|1786390015.432|37.173|1.162|2344361984|2354155520|sim_v_jess|__AUTOMETRIC__
__AUTOMETRIC__|0.1.2|25352|crew_log_06d891c508b68cbf|0|1786390016.433|6.244|0.195|1421086720|1430654976|sim_v_jess|__AUTOMETRIC__
__AUTOMETRIC__|0.1.2|25352|crew_log_06d891c508b68cbf|0|1786390017.438|3.111|0.097|1421152256|1430720512|sim_v_jess|__AUTOMETRIC__
__AUTOMETRIC__|0.1.2|25352|crew_log_06d891c508b68cbf|0|1786390018.447|6.192|0.194|1416052736|1425620992|sim_v_jess|__AUTOMETRIC__
__AUTOMETRIC__|0.1.2|25352|crew_log_06d891c508b68cbf|0|1786390019.453|23.306|0.728|1416261632|1425829888|sim_v_jess|__AUTOMETRIC__
__AUTOMETRIC__|0.1.2|25352|crew_log_06d891c508b68cbf|0|1786390020.464|3.092|0.097|1416269824|1425838080|sim_v_jess|__AUTOMETRIC__
