__AUTOMETRIC__|0.1.2|21756|crew_log_562393808530dda7|0|1786390298.634|98.503|3.078|242114560|267214848|gen_data_8c5e4bc4df5ba92c|__AUTOMETRIC__
__AUTOMETRIC__|0.1.2|21756|crew_log_562393808530dda7|0|1786390299.649|76.968|2.405|250683392|275640320|gen_data_8c5e4bc4df5ba92c|__AUTOMETRIC__
__AUTOMETRIC__|0.1.2|21756|crew_log_562393808530dda7|0|1786390300.654|96.363|3.011|415494144|448114688|gen_data_8c5e4bc4df5ba92c|__AUTOMETRIC__
__AUTOMETRIC__|0.1.2|21756|crew_log_562393808530dda7|0|1786390301.669|100.135|3.129|405348352|437497856|gen_data_8c5e4bc4df5ba92c|__AUTOMETRIC__
__AUTOMETRIC__|0.1.2|21756|crew_log_562393808530dda7|0|1786390302.680|100.446|3.139|403439616|435453952|gen_data_8c5e4bc4df5ba92c|__AUTOMETRIC__
__AUTOMETRIC__|0.1.2|21756|crew_log_562393808530dda7|0|1786390303.695|100.094|3.128|404082688|436088832|gen_data_8c5e4bc4df5ba92c|__AUTOMETRIC__
__AUTOMETRIC__|0.1.2|21756|crew_log_562393808530dda7|0|1786390304.699|99.551|3.111|403341312|435347456|gen_data_8c5e4bc4df5ba92c|__AUTOMETRIC__
__AUTOMETRIC__|0.1.2|21756|crew_log_562393808530dda7|0|1786390305.703|99.611|3.113|403050496|435056640|gen_data_8c5e4bc4df5ba92c|__AUTOMETRIC__
__AUTOMETRIC__|0.1.2|21756|crew_log_562393808530dda7|0|1786390306.712|99.058|3.096|403075072|435081216|gen_data_8c5e4bc4df5ba92c|__AUTOMETRIC__
__AUTOMETRIC__|0.1.2|21756|crew_log_562393808530dda7|0|1786390307.714|99.876|3.121|403124224|435167232|gen_data_8c5e4bc4df5ba92c|__AUTOMETRIC__
__AUTOMETRIC__|0.1.2|21756|crew_log_562393808530dda7|0|1786390308.729|100.068|3.127|403263488|435314688|gen_data_8c5e4bc4df5ba92c|__AUTOMETRIC__
__AUTOMETRIC__|0.1.2|21756|crew_log_562393808530dda7|0|1786390309.741|100.315|3.135|403087360|435113984|gen_data_8c5e4bc4df5ba92c|__AUTOMETRIC__
__AUTOMETRIC__|0.1.2|21756|crew_log_562393808530dda7|0|1786390310.752|100.460|3.139|403279872|435306496|gen_data_8c5e4bc4df5ba92c|__AUTOMETRIC__
__AUTOMETRIC__|0.1.2|21756|crew_log_562393808530dda7|0|1786390311.767|100.082|3.128|403058688|435085312|gen_data_8c5e4bc4df5ba92c|__AUTOMETRIC__
__AUTOMETRIC__|0.1.2|21756|crew_log_562393808530dda7|0|1786390312.780|98.705|3.085|403099648|435138560|gen_data_8c5e4bc4df5ba92c|__AUTOMETRIC__
__AUTOMETRIC__|0.1.2|21756|crew_log_562393808530dda7|0|1786390313.786|99.381|3.106|402952192|435040256|gen_data_8c5e4bc4df5ba92c|__AUTOMETRIC__
__AUTOMETRIC__|0.1.2|21756|crew_log_562393808530dda7|0|1786390314.797|97.374|3.043|402960384|435032064|gen_data_8c5e4bc4df5ba92c|__AUTOMETRIC__
__AUTOMETRIC__|0.1.2|21756|crew_log_562393808530dda7|0|1786390315.812|95.442|2.983|403009536|435081216|gen_data_8c5e4bc4df5ba92c|__AUTOMETRIC__
__AUTOMETRIC__|0.1.2|21756|crew_log_562393808530dda7|0|1786390316.827|100.079|3.127|403030016|435089408|gen_data_8c5e4bc4df5ba92c|__AUTOMETRIC__
__AUTOMETRIC__|0.1.2|21756|crew_log_562393808530dda7|0|1786390317.827|99.959|3.124|403042304|435073024|gen_data_8c5e4bc4df5ba92c|__AUTOMETRIC__
__AUTOMETRIC__|0.1.2|21756|crew_log_562393808530dda7|0|1786390318.843|99.975|3.124|403304448|435335168|gen_data_8c5e4bc4df5ba92c|__AUTOMETRIC__
__AUTOMETRIC__|0.1.2|21756|crew_log_562393808530dda7|0|1786390319.858|100.047|3.126|403382272|435445760|gen_data_8c5e4bc4df5ba92c|__AUTOMETRIC__
__AUTOMETRIC__|0.1.2|21756|crew_log_562393808530dda7|0|1786390320.860|101.438|3.170|403349504|435412992|gen_data_8c5e4bc4df5ba92c|__AUTOMETRIC__
__AUTOMETRIC__|0.1.2|21756|crew_log_562393808530dda7|0|1786390321.861|99.816|3.119|403390464|435449856|gen_data_8c5e4bc4df5ba92c|__AUTOMETRIC__
__AUTOMETRIC__|0.1.2|21756|crew_log_562393808530dda7|0|1786390322.879|101.363|3.168|403492864|435539968|gen_data_8c5e4bc4df5ba92c|__AUTOMETRIC__
__AUTOMETRIC__|0.1.2|21756|crew_log_562393808530dda7|0|1786390323.886|99.321|3.104|403533824|435568640|gen_data_8c5e4bc4df5ba92c|__AUTOMETRIC__
__AUTOMETRIC__|0.1.2|21756|crew_log_562393808530dda7|0|1786390324.899|101.768|3.180|403263488|435277824|gen_data_8c5e4bc4df5ba92c|__AUTOMETRIC__
__AUTOMETRIC__|0.1.2|21756|crew_log_562393808530dda7|0|1786390325.909|100.575|3.143|403152896|435167232|gen_data_8c5e4bc4df5ba92c|__AUTOMETRIC__
__AUTOMETRIC__|0.1.2|21756|crew_log_562393808530dda7|0|1786390326.924|98.521|3.079|403193856|435269632|gen_data_8c5e4bc4df5ba92c|__AUTOMETRIC__
__AUTOMETRIC__|0.1.2|21756|crew_log_562393808530dda7|0|1786390327.936|98.756|3.086|403185664|435257344|gen_data_8c5e4bc4df5ba92c|__AUTOMETRIC__
__AUTOMETRIC__|0.1.2|21756|crew_log_562393808530dda7|0|1786390328.951|101.597|3.175|403382272|435437568|gen_data_8c5e4bc4df5ba92c|__AUTOMETRIC__
__AUTOMETRIC__|0.1.2|21756|crew_log_562393808530dda7|0|1786390329.967|100.051|3.127|403095552|435142656|gen_data_8c5e4bc4df5ba92c|__AUTOMETRIC__
__AUTOMETRIC__|0.1.2|21756|crew_log_562393808530dda7|0|1786390330.968|104.530|3.267|403144704|435191808|gen_data_8c5e4bc4df5ba92c|__AUTOMETRIC__
__AUTOMETRIC__|0.1.2|21756|crew_log_562393808530dda7|0|1786390331.973|99.548|3.111|403283968|435359744|gen_data_8c5e4bc4df5ba92c|__AUTOMETRIC__
__AUTOMETRIC__|0.1.2|21756|crew_log_562393808530dda7|0|1786390332.974|99.822|3.119|403255296|435326976|gen_data_8c5e4bc4df5ba92c|__AUTOMETRIC__
__AUTOMETRIC__|0.1.2|21756|crew_log_562393808530dda7|0|1786390333.988|98.706|3.085|403308544|435376128|gen_data_8c5e4bc4df5ba92c|__AUTOMETRIC__
__AUTOMETRIC__|0.1.2|21756|crew_log_562393808530dda7|0|1786390334.991|99.651|3.114|403283968|435347456|gen_data_8c5e4bc4df5ba92c|__AUTOMETRIC__
__AUTOMETRIC__|0.1.2|21756|crew_log_562393808530dda7|0|1786390336.005|100.119|3.129|403324928|435376128|gen_data_8c5e4bc4df5ba92c|__AUTOMETRIC__
__AUTOMETRIC__|0.1.2|21756|crew_log_562393808530dda7|0|1786390337.009|99.668|3.115|403316736|435351552|gen_data_8c5e4bc4df5ba92c|__AUTOMETRIC__
__AUTOMETRIC__|0.1.2|21756|crew_log_562393808530dda7|0|1786390338.010|99.918|3.122|403066880|435122176|gen_data_8c5e4bc4df5ba92c|__AUTOMETRIC__
__AUTOMETRIC__|0.1.2|21756|crew_log_562393808530dda7|0|1786390339.013|96.578|3.018|403468288|435544064|gen_data_8c5e4bc4df5ba92c|__AUTOMETRIC__
__AUTOMETRIC__|0.1.2|21756|crew_log_562393808530dda7|0|1786390340.028|98.527|3.079|403202048|435277824|gen_data_8c5e4bc4df5ba92c|__AUTOMETRIC__
__AUTOMETRIC__|0.1.2|21756|crew_log_562393808530dda7|0|1786390341.040|98.777|3.087|403279872|435351552|gen_data_8c5e4bc4df5ba92c|__AUTOMETRIC__
__AUTOMETRIC__|0.1.2|21756|crew_log_562393808530dda7|0|1786390342.051|100.507|3.141|403214336|435343360|gen_data_8c5e4bc4df5ba92c|__AUTOMETRIC__
__AUTOMETRIC__|0.1.2|21756|crew_log_562393808530dda7|0|1786390343.062|98.823|3.088|403267584|435314688|gen_data_8c5e4bc4df5ba92c|__AUTOMETRIC__
__AUTOMETRIC__|0.1.2|21756|crew_log_562393808530dda7|0|1786390344.074|94.181|2.943|403382272|435445760|gen_data_8c5e4bc4df5ba92c|__AUTOMETRIC__
__AUTOMETRIC__|0.1.2|21756|crew_log_562393808530dda7|0|1786390345.087|100.295|3.134|403275776|435339264|gen_data_8c5e4bc4df5ba92c|__AUTOMETRIC__
__AUTOMETRIC__|0.1.2|21756|crew_log_562393808530dda7|0|1786390346.099|98.865|3.090|403390464|435453952|gen_data_8c5e4bc4df5ba92c|__AUTOMETRIC__
__AUTOMETRIC__|0.1.2|21756|crew_log_562393808530dda7|0|1786390347.110|100.454|3.139|403255296|435318784|gen_data_8c5e4bc4df5ba92c|__AUTOMETRIC__
__AUTOMETRIC__|0.1.2|21756|crew_log_562393808530dda7|0|1786390348.125|95.436|2.982|403247104|435310592|gen_data_8c5e4bc4df5ba92c|__AUTOMETRIC__
__AUTOMETRIC__|0.1.2|21756|crew_log_562393808530dda7|0|1786390349.126|99.838|3.120|403619840|435716096|gen_data_8c5e4bc4df5ba92c|__AUTOMETRIC__
__AUTOMETRIC__|0.1.2|21756|crew_log_562393808530dda7|0|1786390350.141|100.050|3.127|403369984|435404800|gen_data_8c5e4bc4df5ba92c|__AUTOMETRIC__
__AUTOMETRIC__|0.1.2|21756|crew_log_562393808530dda7|0|1786390351.157|99.969|3.124|403382272|435417088|gen_data_8c5e4bc4df5ba92c|__AUTOMETRIC__
__AUTOMETRIC__|0.1.2|21756|crew_log_562393808530dda7|0|1786390352.168|98.959|3.092|403116032|435150848|gen_data_8c5e4bc4df5ba92c|__AUTOMETRIC__
__AUTOMETRIC__|0.1.2|21756|crew_log_562393808530dda7|0|1786390353.169|98.329|3.073|403210240|435339264|gen_data_8c5e4bc4df5ba92c|__AUTOMETRIC__
__AUTOMETRIC__|0.1.2|21756|crew_log_562393808530dda7|0|1786390354.179|100.592|3.143|403378176|435412992|gen_data_8c5e4bc4df5ba92c|__AUTOMETRIC__
__AUTOMETRIC__|0.1.2|21756|crew_log_562393808530dda7|0|1786390355.194|99.991|3.125|403369984|435404800|gen_data_8c5e4bc4df5ba92c|__AUTOMETRIC__
__AUTOMETRIC__|0.1.2|21756|crew_log_562393808530dda7|0|1786390356.200|96.365|3.011|403296256|435331072|gen_data_8c5e4bc4df5ba92c|__AUTOMETRIC__
__AUTOMETRIC__|0.1.2|21756|crew_log_562393808530dda7|0|1786390357.207|100.828|3.151|403193856|435195904|gen_data_8c5e4bc4df5ba92c|__AUTOMETRIC__
__AUTOMETRIC__|0.1.2|21756|crew_log_562393808530dda7|0|1786390358.212|99.472|3.108|403161088|435163136|gen_data_8c5e4bc4df5ba92c|__AUTOMETRIC__
__AUTOMETRIC__|0.1.2|21756|crew_log_562393808530dda7|0|1786390359.228|99.958|3.124|403267584|435331072|gen_data_8c5e4bc4df5ba92c|__AUTOMETRIC__
__AUTOMETRIC__|0.1.2|21756|crew_log_562393808530dda7|0|1786390360.231|99.742|3.117|403251200|435310592|gen_data_8c5e4bc4df5ba92c|__AUTOMETRIC__
__AUTOMETRIC__|0.1.2|21756|crew_log_562393808530dda7|0|1786390361.244|100.206|3.131|403419136|435458048|gen_data_8c5e4bc4df5ba92c|__AUTOMETRIC__
__AUTOMETRIC__|0.1.2|21756|crew_log_562393808530dda7|0|1786390362.249|97.973|3.062|403320832|435441664|gen_data_8c5e4bc4df5ba92c|__AUTOMETRIC__
__AUTOMETRIC__|0.1.2|21756|crew_log_562393808530dda7|0|1786390363.263|100.184|3.131|403419136|435421184|gen_data_8c5e4bc4df5ba92c|__AUTOMETRIC__
__AUTOMETRIC__|0.1.2|21756|crew_log_562393808530dda7|0|1786390364.270|100.856|3.152|403189760|435281920|gen_data_8c5e4bc4df5ba92c|__AUTOMETRIC__
__AUTOMETRIC__|0.1.2|21756|crew_log_562393808530dda7|0|1786390365.271|99.842|3.120|403210240|435212288|gen_data_8c5e4bc4df5ba92c|__AUTOMETRIC__
__AUTOMETRIC__|0.1.2|21756|crew_log_562393808530dda7|0|1786390366.275|99.614|3.113|403156992|435159040|gen_data_8c5e4bc4df5ba92c|__AUTOMETRIC__
__AUTOMETRIC__|0.1.2|21756|crew_log_562393808530dda7|0|1786390367.281|99.422|3.107|403161088|435163136|gen_data_8c5e4bc4df5ba92c|__AUTOMETRIC__
__AUTOMETRIC__|0.1.2|21756|crew_log_562393808530dda7|0|1786390368.292|98.974|3.093|403259392|435261440|gen_data_8c5e4bc4df5ba92c|__AUTOMETRIC__
__AUTOMETRIC__|0.1.2|21756|crew_log_562393808530dda7|0|1786390369.296|101.075|3.159|403587072|435589120|gen_data_8c5e4bc4df5ba92c|__AUTOMETRIC__
__AUTOMETRIC__|0.1.2|21756|crew_log_562393808530dda7|0|1786390370.312|100.031|3.126|403238912|435240960|gen_data_8c5e4bc4df5ba92c|__AUTOMETRIC__
__AUTOMETRIC__|0.1.2|21756|crew_log_562393808530dda7|0|1786390371.325|98.666|3.083|403283968|435286016|gen_data_8c5e4bc4df5ba92c|__AUTOMETRIC__
__AUTOMETRIC__|0.1.2|21756|crew_log_562393808530dda7|0|1786390372.334|96.062|3.002|403419136|435429376|gen_data_8c5e4bc4df5ba92c|__AUTOMETRIC__
__AUTOMETRIC__|0.1.2|21756|crew_log_562393808530dda7|0|1786390373.340|99.394|3.106|403329024|435335168|gen_data_8c5e4bc4df5ba92c|__AUTOMETRIC__
__AUTOMETRIC__|0.1.2|21756|crew_log_562393808530dda7|0|1786390374.350|98.940|3.092|403345408|435347456|gen_data_8c5e4bc4df5ba92c|__AUTOMETRIC__
__AUTOMETRIC__|0.1.2|21756|crew_log_562393808530dda7|0|1786390375.356|99.496|3.109|403337216|435339264|gen_data_8c5e4bc4df5ba92c|__AUTOMETRIC__
__AUTOMETRIC__|0.1.2|21756|crew_log_562393808530dda7|0|1786390376.365|100.632|3.145|403419136|435421184|gen_data_8c5e4bc4df5ba92c|__AUTOMETRIC__
__AUTOMETRIC__|0.1.2|21756|crew_log_562393808530dda7|0|1786390377.368|98.122|3.066|403300352|435351552|gen_data_8c5e4bc4df5ba92c|__AUTOMETRIC__
__AUTOMETRIC__|0.1.2|21756|crew_log_562393808530dda7|0|1786390378.378|100.527|3.141|403542016|435544064|gen_data_8c5e4bc4df5ba92c|__AUTOMETRIC__
__AUTOMETRIC__|0.1.2|21756|crew_log_562393808530dda7|0|1786390379.394|99.983|3.124|403337216|435339264|gen_data_8c5e4bc4df5ba92c|__AUTOMETRIC__
__AUTOMETRIC__|0.1.2|21756|crew_log_562393808530dda7|0|1786390380.405|97.376|3.043|403619840|435630080|gen_data_8c5e4bc4df5ba92c|__AUTOMETRIC__
__AUTOMETRIC__|0.1.2|21756|crew_log_562393808530dda7|0|1786390381.421|101.539|3.173|403628032|435638272|gen_data_8c5e4bc4df5ba92c|__AUTOMETRIC__
__AUTOMETRIC__|0.1.2|21756|crew_log_562393808530dda7|0|1786390382.436|98.478|3.077|403767296|435769344|gen_data_8c5e4bc4df5ba92c|__AUTOMETRIC__
__AUTOMETRIC__|0.1.2|21756|crew_log_562393808530dda7|0|1786390383.451|101.624|3.176|403427328|435429376|gen_data_8c5e4bc4df5ba92c|__AUTOMETRIC__
__AUTOMETRIC__|0.1.2|21756|crew_log_562393808530dda7|0|1786390384.467|99.916|3.122|403431424|435433472|gen_data_8c5e4bc4df5ba92c|__AUTOMETRIC__
__AUTOMETRIC__|0.1.2|21756|crew_log_562393808530dda7|0|1786390385.479|95.739|2.992|403349504|435351552|gen_data_8c5e4bc4df5ba92c|__AUTOMETRIC__
__AUTOMETRIC__|0.1.2|21756|crew_log_562393808530dda7|0|1786390386.485|99.391|3.106|403374080|435376128|gen_data_8c5e4bc4df5ba92c|__AUTOMETRIC__
__AUTOMETRIC__|0.1.2|21756|crew_log_562393808530dda7|0|1786390387.500|98.570|3.080|403435520|435437568|gen_data_8c5e4bc4df5ba92c|__AUTOMETRIC__
__AUTOMETRIC__|0.1.2|21756|crew_log_562393808530dda7|0|1786390388.512|100.361|3.136|403415040|435417088|gen_data_8c5e4bc4df5ba92c|__AUTOMETRIC__
__AUTOMETRIC__|0.1.2|21756|crew_log_562393808530dda7|0|1786390389.525|98.690|3.084|403431424|435433472|gen_data_8c5e4bc4df5ba92c|__AUTOMETRIC__
__AUTOMETRIC__|0.1.2|21756|crew_log_562393808530dda7|0|1786390390.531|99.374|3.105|403431424|435433472|gen_data_8c5e4bc4df5ba92c|__AUTOMETRIC__
__AUTOMETRIC__|0.1.2|21756|crew_log_562393808530dda7|0|1786390391.536|98.010|3.063|403521536|435523584|gen_data_8c5e4bc4df5ba92c|__AUTOMETRIC__
__AUTOMETRIC__|0.1.2|21756|crew_log_562393808530dda7|0|1786390392.547|98.881|3.090|403550208|435552256|gen_data_8c5e4bc4df5ba92c|__AUTOMETRIC__
__AUTOMETRIC__|0.1.2|21756|crew_log_562393808530dda7|0|1786390393.552|99.492|3.109|403513344|435515392|gen_data_8c5e4bc4df5ba92c|__AUTOMETRIC__
__AUTOMETRIC__|0.1.2|21756|crew_log_562393808530dda7|0|1786390394.561|99.081|3.096|403378176|435380224|gen_data_8c5e4bc4df5ba92c|__AUTOMETRIC__
__AUTOMETRIC__|0.1.2|21756|crew_log_562393808530dda7|0|1786390395.565|101.249|3.164|403423232|435425280|gen_data_8c5e4bc4df5ba92c|__AUTOMETRIC__
__AUTOMETRIC__|0.1.2|21756|crew_log_562393808530dda7|0|1786390396.566|98.280|3.071|403533824|435535872|gen_data_8c5e4bc4df5ba92c|__AUTOMETRIC__
__AUTOMETRIC__|0.1.2|21756|crew_log_562393808530dda7|0|1786390397.581|97.003|3.031|403378176|435380224|gen_data_8c5e4bc4df5ba92c|__AUTOMETRIC__
__AUTOMETRIC__|0.1.2|21756|crew_log_562393808530dda7|0|1786390398.593|100.373|3.137|403427328|435429376|gen_data_8c5e4bc4df5ba92c|__AUTOMETRIC__
__AUTOMETRIC__|0.1.2|21756|crew_log_562393808530dda7|0|1786390399.607|98.577|3.081|403632128|435634176|gen_data_8c5e4bc4df5ba92c|__AUTOMETRIC__
__AUTOMETRIC__|0.1.2|21756|crew_log_562393808530dda7|0|1786390400.618|102.048|3.189|403419136|435421184|gen_data_8c5e4bc4df5ba92c|__AUTOMETRIC__
__AUTOMETRIC__|0.1.2|21756|crew_log_562393808530dda7|0|1786390401.619|99.885|3.121|403439616|435441664|gen_data_8c5e4bc4df5ba92c|__AUTOMETRIC__
__AUTOMETRIC__|0.1.2|21756|crew_log_562393808530dda7|0|1786390402.621|99.806|3.119|403361792|435384320|gen_data_8c5e4bc4df5ba92c|__AUTOMETRIC__
__AUTOMETRIC__|0.1.2|21756|crew_log_562393808530dda7|0|1786390403.635|98.619|3.082|403423232|435425280|gen_data_8c5e4bc4df5ba92c|__AUTOMETRIC__
__AUTOMETRIC__|0.1.2|21756|crew_log_562393808530dda7|0|1786390404.651|99.998|3.125|403427328|435429376|gen_data_8c5e4bc4df5ba92c|__AUTOMETRIC__
__AUTOMETRIC__|0.1.2|21756|crew_log_562393808530dda7|0|1786390405.652|99.876|3.121|403513344|435515392|gen_data_8c5e4bc4df5ba92c|__AUTOMETRIC__
__AUTOMETRIC__|0.1.2|21756|crew_log_562393808530dda7|0|1786390406.661|99.050|3.095|403607552|435707904|gen_data_8c5e4bc4df5ba92c|__AUTOMETRIC__
__AUTOMETRIC__|0.1.2|21756|crew_log_562393808530dda7|0|1786390407.675|100.205|3.131|403427328|435429376|gen_data_8c5e4bc4df5ba92c|__AUTOMETRIC__
__AUTOMETRIC__|0.1.2|21756|crew_log_562393808530dda7|0|1786390408.688|100.241|3.133|403451904|435453952|gen_data_8c5e4bc4df5ba92c|__AUTOMETRIC__
__AUTOMETRIC__|0.1.2|21756|crew_log_562393808530dda7|0|1786390409.703|98.542|3.079|403525632|435544064|gen_data_8c5e4bc4df5ba92c|__AUTOMETRIC__
__AUTOMETRIC__|0.1.2|21756|crew_log_562393808530dda7|0|1786390410.718|100.070|3.127|403673088|435712000|gen_data_8c5e4bc4df5ba92c|__AUTOMETRIC__
__AUTOMETRIC__|0.1.2|21756|crew_log_562393808530dda7|0|1786390411.729|98.935|3.092|403468288|435474432|gen_data_8c5e4bc4df5ba92c|__AUTOMETRIC__
__AUTOMETRIC__|0.1.2|21756|crew_log_562393808530dda7|0|1786390412.731|98.204|3.069|403509248|435511296|gen_data_8c5e4bc4df5ba92c|__AUTOMETRIC__
__AUTOMETRIC__|0.1.2|21756|crew_log_562393808530dda7|0|1786390413.736|101.092|3.159|403361792|435363840|gen_data_8c5e4bc4df5ba92c|__AUTOMETRIC__
__AUTOMETRIC__|0.1.2|21756|crew_log_562393808530dda7|0|1786390414.748|98.744|3.086|403476480|435490816|gen_data_8c5e4bc4df5ba92c|__AUTOMETRIC__
__AUTOMETRIC__|0.1.2|21756|crew_log_562393808530dda7|0|1786390415.763|97.051|3.033|403759104|435769344|gen_data_8c5e4bc4df5ba92c|__AUTOMETRIC__
__AUTOMETRIC__|0.1.2|21756|crew_log_562393808530dda7|0|1786390416.765|98.195|3.069|403677184|435687424|gen_data_8c5e4bc4df5ba92c|__AUTOMETRIC__
__AUTOMETRIC__|0.1.2|21756|crew_log_562393808530dda7|0|1786390417.771|97.877|3.059|403574784|435580928|gen_data_8c5e4bc4df5ba92c|__AUTOMETRIC__
__AUTOMETRIC__|0.1.2|21756|crew_log_562393808530dda7|0|1786390418.776|99.462|3.108|403574784|435675136|gen_data_8c5e4bc4df5ba92c|__AUTOMETRIC__
__AUTOMETRIC__|0.1.2|21756|crew_log_562393808530dda7|0|1786390419.792|96.914|3.029|403578880|435580928|gen_data_8c5e4bc4df5ba92c|__AUTOMETRIC__
__AUTOMETRIC__|0.1.2|21756|crew_log_562393808530dda7|0|1786390420.795|99.650|3.114|403447808|435449856|gen_data_8c5e4bc4df5ba92c|__AUTOMETRIC__
__AUTOMETRIC__|0.1.2|21756|crew_log_562393808530dda7|0|1786390421.807|101.971|3.187|403718144|435720192|gen_data_8c5e4bc4df5ba92c|__AUTOMETRIC__
__AUTOMETRIC__|0.1.2|21756|crew_log_562393808530dda7|0|1786390422.812|99.490|3.109|403443712|435445760|gen_data_8c5e4bc4df5ba92c|__AUTOMETRIC__
__AUTOMETRIC__|0.1.2|21756|crew_log_562393808530dda7|0|1786390423.826|98.565|3.080|403623936|435625984|gen_data_8c5e4bc4df5ba92c|__AUTOMETRIC__
__AUTOMETRIC__|0.1.2|21756|crew_log_562393808530dda7|0|1786390424.838|100.442|3.139|403656704|435658752|gen_data_8c5e4bc4df5ba92c|__AUTOMETRIC__
__AUTOMETRIC__|0.1.2|21756|crew_log_562393808530dda7|0|1786390425.855|98.312|3.072|403451904|435453952|gen_data_8c5e4bc4df5ba92c|__AUTOMETRIC__
__AUTOMETRIC__|0.1.2|21756|crew_log_562393808530dda7|0|1786390426.870|100.065|3.127|403513344|435515392|gen_data_8c5e4bc4df5ba92c|__AUTOMETRIC__
__AUTOMETRIC__|0.1.2|21756|crew_log_562393808530dda7|0|1786390427.874|99.530|3.110|403529728|435531776|gen_data_8c5e4bc4df5ba92c|__AUTOMETRIC__
__AUTOMETRIC__|0.1.2|21756|crew_log_562393808530dda7|0|1786390428.880|100.967|3.155|403480576|435482624|gen_data_8c5e4bc4df5ba92c|__AUTOMETRIC__
__AUTOMETRIC__|0.1.2|21756|crew_log_562393808530dda7|0|1786390429.884|99.666|3.115|403537920|435539968|gen_data_8c5e4bc4df5ba92c|__AUTOMETRIC__
__AUTOMETRIC__|0.1.2|21756|crew_log_562393808530dda7|0|1786390430.889|101.064|3.158|403705856|435646464|gen_data_8c5e4bc4df5ba92c|__AUTOMETRIC__
__AUTOMETRIC__|0.1.2|21756|crew_log_562393808530dda7|0|1786390431.895|100.908|3.153|403890176|435830784|gen_data_8c5e4bc4df5ba92c|__AUTOMETRIC__
__AUTOMETRIC__|0.1.2|21756|crew_log_562393808530dda7|0|1786390432.902|99.334|3.104|403259392|435200000|gen_data_8c5e4bc4df5ba92c|__AUTOMETRIC__
__AUTOMETRIC__|0.1.2|21756|crew_log_562393808530dda7|0|1786390433.904|96.700|3.022|403443712|435384320|gen_data_8c5e4bc4df5ba92c|__AUTOMETRIC__
__AUTOMETRIC__|0.1.2|21756|crew_log_562393808530dda7|0|1786390434.920|99.903|3.122|403353600|435294208|gen_data_8c5e4bc4df5ba92c|__AUTOMETRIC__
__AUTOMETRIC__|0.1.2|21756|crew_log_562393808530dda7|0|1786390435.931|100.437|3.139|403419136|435359744|gen_data_8c5e4bc4df5ba92c|__AUTOMETRIC__
__AUTOMETRIC__|0.1.2|21756|crew_log_562393808530dda7|0|1786390436.933|98.311|3.072|403398656|435347456|gen_data_8c5e4bc4df5ba92c|__AUTOMETRIC__
__AUTOMETRIC__|0.1.2|21756|crew_log_562393808530dda7|0|1786390437.935|98.233|3.070|403140608|435081216|gen_data_8c5e4bc4df5ba92c|__AUTOMETRIC__
__AUTOMETRIC__|0.1.2|21756|crew_log_562393808530dda7|0|1786390438.939|102.698|3.209|403193856|435134464|gen_data_8c5e4bc4df5ba92c|__AUTOMETRIC__
__AUTOMETRIC__|0.1.2|21756|crew_log_562393808530dda7|0|1786390439.952|98.703|3.084|403259392|435200000|gen_data_8c5e4bc4df5ba92c|__AUTOMETRIC__
__AUTOMETRIC__|0.1.2|21756|crew_log_562393808530dda7|0|1786390440.964|98.815|3.088|403562496|435507200|gen_data_8c5e4bc4df5ba92c|__AUTOMETRIC__
__AUTOMETRIC__|0.1.2|21756|crew_log_562393808530dda7|0|1786390441.968|102.708|3.210|403476480|435421184|gen_data_8c5e4bc4df5ba92c|__AUTOMETRIC__
__AUTOMETRIC__|0.1.2|21756|crew_log_562393808530dda7|0|1786390442.979|98.903|3.091|403570688|435515392|gen_data_8c5e4bc4df5ba92c|__AUTOMETRIC__
__AUTOMETRIC__|0.1.2|21756|crew_log_562393808530dda7|0|1786390443.995|101.551|3.173|403496960|435449856|gen_data_8c5e4bc4df5ba92c|__AUTOMETRIC__
__AUTOMETRIC__|0.1.2|21756|crew_log_562393808530dda7|0|1786390444.998|99.679|3.115|403591168|435556352|gen_data_8c5e4bc4df5ba92c|__AUTOMETRIC__
__AUTOMETRIC__|0.1.2|21756|crew_log_562393808530dda7|0|1786390446.010|101.940|3.186|403341312|435306496|gen_data_8c5e4bc4df5ba92c|__AUTOMETRIC__
__AUTOMETRIC__|0.1.2|21756|crew_log_562393808530dda7|0|1786390447.012|99.716|3.116|403402752|435363840|gen_data_8c5e4bc4df5ba92c|__AUTOMETRIC__
__AUTOMETRIC__|0.1.2|21756|crew_log_562393808530dda7|0|1786390448.022|100.647|3.145|403337216|435277824|gen_data_8c5e4bc4df5ba92c|__AUTOMETRIC__
__AUTOMETRIC__|0.1.2|21756|crew_log_562393808530dda7|0|1786390449.034|98.731|3.085|403341312|435281920|gen_data_8c5e4bc4df5ba92c|__AUTOMETRIC__
__AUTOMETRIC__|0.1.2|21756|crew_log_562393808530dda7|0|1786390450.051|99.950|3.123|403382272|435331072|gen_data_8c5e4bc4df5ba92c|__AUTOMETRIC__
__AUTOMETRIC__|0.1.2|21756|crew_log_562393808530dda7|0|1786390451.060|97.526|3.048|403603456|435544064|gen_data_8c5e4bc4df5ba92c|__AUTOMETRIC__
__AUTOMETRIC__|0.1.2|21756|crew_log_562393808530dda7|0|1786390452.076|101.440|3.170|403292160|435232768|gen_data_8c5e4bc4df5ba92c|__AUTOMETRIC__
__AUTOMETRIC__|0.1.2|21756|crew_log_562393808530dda7|0|1786390453.089|98.780|3.087|403349504|435290112|gen_data_8c5e4bc4df5ba92c|__AUTOMETRIC__
__AUTOMETRIC__|0.1.2|21756|crew_log_562393808530dda7|0|1786390454.097|100.786|3.150|403390464|435331072|gen_data_8c5e4bc4df5ba92c|__AUTOMETRIC__
__AUTOMETRIC__|0.1.2|21756|crew_log_562393808530dda7|0|1786390455.101|99.597|3.112|403460096|435400704|gen_data_8c5e4bc4df5ba92c|__AUTOMETRIC__
__AUTOMETRIC__|0.1.2|21756|crew_log_562393808530dda7|0|1786390456.115|100.110|3.128|403664896|435605504|gen_data_8c5e4bc4df5ba92c|__AUTOMETRIC__
__AUTOMETRIC__|0.1.2|21756|crew_log_562393808530dda7|0|1786390457.130|100.039|3.126|403488768|435429376|gen_data_8c5e4bc4df5ba92c|__AUTOMETRIC__
__AUTOMETRIC__|0.1.2|21756|crew_log_562393808530dda7|0|1786390458.134|99.596|3.112|403582976|435523584|gen_data_8c5e4bc4df5ba92c|__AUTOMETRIC__
__AUTOMETRIC__|0.1.2|21756|crew_log_562393808530dda7|0|1786390459.147|98.762|3.086|403382272|435322880|gen_data_8c5e4bc4df5ba92c|__AUTOMETRIC__
__AUTOMETRIC__|0.1.2|21756|crew_log_562393808530dda7|0|1786390460.161|98.584|3.081|403582976|435523584|gen_data_8c5e4bc4df5ba92c|__AUTOMETRIC__
__AUTOMETRIC__|0.1.2|21756|crew_log_562393808530dda7|0|1786390461.170|99.091|3.097|403587072|435527680|gen_data_8c5e4bc4df5ba92c|__AUTOMETRIC__
__AUTOMETRIC__|0.1.2|21756|crew_log_562393808530dda7|0|1786390462.184|100.225|3.132|403554304|435494912|gen_data_8c5e4bc4df5ba92c|__AUTOMETRIC__
__AUTOMETRIC__|0.1.2|21756|crew_log_562393808530dda7|0|1786390463.193|100.599|3.144|403607552|435560448|gen_data_8c5e4bc4df5ba92c|__AUTOMETRIC__
__AUTOMETRIC__|0.1.2|21756|crew_log_562393808530dda7|0|1786390464.203|100.618|3.144|403398656|435351552|gen_data_8c5e4bc4df5ba92c|__AUTOMETRIC__
__AUTOMETRIC__|0.1.2|21756|crew_log_562393808530dda7|0|1786390465.208|99.486|3.109|403410944|435363840|gen_data_8c5e4bc4df5ba92c|__AUTOMETRIC__
__AUTOMETRIC__|0.1.2|21756|crew_log_562393808530dda7|0|1786390466.224|99.922|3.123|403365888|435318784|gen_data_8c5e4bc4df5ba92c|__AUTOMETRIC__
__AUTOMETRIC__|0.1.2|21756|crew_log_562393808530dda7|0|1786390467.237|100.310|3.135|403566592|435507200|gen_data_8c5e4bc4df5ba92c|__AUTOMETRIC__
__AUTOMETRIC__|0.1.2|21756|crew_log_562393808530dda7|0|1786390468.252|98.456|3.077|403513344|435453952|gen_data_8c5e4bc4df5ba92c|__AUTOMETRIC__
__AUTOMETRIC__|0.1.2|21756|crew_log_562393808530dda7|0|1786390469.258|99.407|3.106|403443712|435384320|gen_data_8c5e4bc4df5ba92c|__AUTOMETRIC__
__AUTOMETRIC__|0.1.2|21756|crew_log_562393808530dda7|0|1786390470.262|99.640|3.114|403398656|435343360|gen_data_8c5e4bc4df5ba92c|__AUTOMETRIC__
__AUTOMETRIC__|0.1.2|21756|crew_log_562393808530dda7|0|1786390471.273|98.948|3.092|403431424|435376128|gen_data_8c5e4bc4df5ba92c|__AUTOMETRIC__
__AUTOMETRIC__|0.1.2|21756|crew_log_562393808530dda7|0|1786390472.281|100.680|3.146|403480576|435425280|gen_data_8c5e4bc4df5ba92c|__AUTOMETRIC__
__AUTOMETRIC__|0.1.2|21756|crew_log_562393808530dda7|0|1786390473.283|99.871|3.121|403546112|435486720|gen_data_8c5e4bc4df5ba92c|__AUTOMETRIC__
__AUTOMETRIC__|0.1.2|21756|crew_log_562393808530dda7|0|1786390474.289|99.425|3.107|403488768|435429376|gen_data_8c5e4bc4df5ba92c|__AUTOMETRIC__
__AUTOMETRIC__|0.1.2|21756|crew_log_562393808530dda7|0|1786390475.292|99.703|3.116|403341312|435281920|gen_data_8c5e4bc4df5ba92c|__AUTOMETRIC__
__AUTOMETRIC__|0.1.2|21756|crew_log_562393808530dda7|0|1786390476.301|99.046|3.095|403341312|435281920|gen_data_8c5e4bc4df5ba92c|__AUTOMETRIC__
__AUTOMETRIC__|0.1.2|21756|crew_log_562393808530dda7|0|1786390477.317|99.955|3.124|403603456|435544064|gen_data_8c5e4bc4df5ba92c|__AUTOMETRIC__
__AUTOMETRIC__|0.1.2|21756|crew_log_562393808530dda7|0|1786390478.327|99.028|3.095|403488768|435429376|gen_data_8c5e4bc4df5ba92c|__AUTOMETRIC__
__AUTOMETRIC__|0.1.2|21756|crew_log_562393808530dda7|0|1786390479.329|98.276|3.071|403451904|435470336|gen_data_8c5e4bc4df5ba92c|__AUTOMETRIC__
__AUTOMETRIC__|0.1.2|21756|crew_log_562393808530dda7|0|1786390480.331|98.210|3.069|403591168|435535872|gen_data_8c5e4bc4df5ba92c|__AUTOMETRIC__
__AUTOMETRIC__|0.1.2|21756|crew_log_562393808530dda7|0|1786390481.342|100.410|3.138|403447808|435531776|gen_data_8c5e4bc4df5ba92c|__AUTOMETRIC__
__AUTOMETRIC__|0.1.2|21756|crew_log_562393808530dda7|0|1786390482.355|97.195|3.037|403460096|435404800|gen_data_8c5e4bc4df5ba92c|__AUTOMETRIC__
__AUTOMETRIC__|0.1.2|21756|crew_log_562393808530dda7|0|1786390483.370|98.552|3.080|403562496|435503104|gen_data_8c5e4bc4df5ba92c|__AUTOMETRIC__
__AUTOMETRIC__|0.1.2|21756|crew_log_562393808530dda7|0|1786390484.387|95.294|2.978|403726336|435666944|gen_data_8c5e4bc4df5ba92c|__AUTOMETRIC__
__AUTOMETRIC__|0.1.2|21756|crew_log_562393808530dda7|0|1786390485.392|101.026|3.157|403558400|435503104|gen_data_8c5e4bc4df5ba92c|__AUTOMETRIC__
__AUTOMETRIC__|0.1.2|21756|crew_log_562393808530dda7|0|1786390486.407|100.074|3.127|403787776|435736576|gen_data_8c5e4bc4df5ba92c|__AUTOMETRIC__
__AUTOMETRIC__|0.1.2|21756|crew_log_562393808530dda7|0|1786390487.418|98.928|3.091|403546112|435503104|gen_data_8c5e4bc4df5ba92c|__AUTOMETRIC__
__AUTOMETRIC__|0.1.2|21756|crew_log_562393808530dda7|0|1786390488.431|100.187|3.131|403513344|435470336|gen_data_8c5e4bc4df5ba92c|__AUTOMETRIC__
__AUTOMETRIC__|0.1.2|21756|crew_log_562393808530dda7|0|1786390489.444|100.319|3.135|403333120|435277824|gen_data_8c5e4bc4df5ba92c|__AUTOMETRIC__
__AUTOMETRIC__|0.1.2|21756|crew_log_562393808530dda7|0|1786390490.458|100.121|3.129|403607552|435552256|gen_data_8c5e4bc4df5ba92c|__AUTOMETRIC__
__AUTOMETRIC__|0.1.2|21756|crew_log_562393808530dda7|0|1786390491.472|100.190|3.131|403562496|435507200|gen_data_8c5e4bc4df5ba92c|__AUTOMETRIC__
__AUTOMETRIC__|0.1.2|21756|crew_log_562393808530dda7|0|1786390492.481|99.078|3.096|403578880|435531776|gen_data_8c5e4bc4df5ba92c|__AUTOMETRIC__
__AUTOMETRIC__|0.1.2|21756|crew_log_562393808530dda7|0|1786390493.496|103.142|3.223|403685376|435630080|gen_data_8c5e4bc4df5ba92c|__AUTOMETRIC__
__AUTOMETRIC__|0.1.2|21756|crew_log_562393808530dda7|0|1786390494.498|98.225|3.070|403517440|435462144|gen_data_8c5e4bc4df5ba92c|__AUTOMETRIC__
__AUTOMETRIC__|0.1.2|21756|crew_log_562393808530dda7|0|1786390495.506|99.227|3.101|403722240|435666944|gen_data_8c5e4bc4df5ba92c|__AUTOMETRIC__
__AUTOMETRIC__|0.1.2|21756|crew_log_562393808530dda7|0|1786390496.521|98.574|3.080|403865600|435826688|gen_data_8c5e4bc4df5ba92c|__AUTOMETRIC__
__AUTOMETRIC__|0.1.2|21756|crew_log_562393808530dda7|0|1786390497.535|98.615|3.082|403517440|435462144|gen_data_8c5e4bc4df5ba92c|__AUTOMETRIC__
__AUTOMETRIC__|0.1.2|21756|crew_log_562393808530dda7|0|1786390498.549|100.115|3.129|403640320|435585024|gen_data_8c5e4bc4df5ba92c|__AUTOMETRIC__
__AUTOMETRIC__|0.1.2|21756|crew_log_562393808530dda7|0|1786390499.552|96.623|3.019|403472384|435417088|gen_data_8c5e4bc4df5ba92c|__AUTOMETRIC__
__AUTOMETRIC__|0.1.2|21756|crew_log_562393808530dda7|0|1786390500.566|100.125|3.129|403574784|435519488|gen_data_8c5e4bc4df5ba92c|__AUTOMETRIC__
__AUTOMETRIC__|0.1.2|21756|crew_log_562393808530dda7|0|1786390501.571|97.931|3.060|403611648|435556352|gen_data_8c5e4bc4df5ba92c|__AUTOMETRIC__
__AUTOMETRIC__|0.1.2|21756|crew_log_562393808530dda7|0|1786390502.581|100.587|3.143|403382272|435326976|gen_data_8c5e4bc4df5ba92c|__AUTOMETRIC__
__AUTOMETRIC__|0.1.2|21756|crew_log_562393808530dda7|0|1786390503.597|99.916|3.122|403767296|435712000|gen_data_8c5e4bc4df5ba92c|__AUTOMETRIC__
__AUTOMETRIC__|0.1.2|21756|crew_log_562393808530dda7|0|1786390504.612|100.076|3.127|403660800|435605504|gen_data_8c5e4bc4df5ba92c|__AUTOMETRIC__
__AUTOMETRIC__|0.1.2|21756|crew_log_562393808530dda7|0|1786390505.628|100.028|3.126|403750912|435695616|gen_data_8c5e4bc4df5ba92c|__AUTOMETRIC__
__AUTOMETRIC__|0.1.2|21756|crew_log_562393808530dda7|0|1786390506.640|98.723|3.085|403877888|435822592|gen_data_8c5e4bc4df5ba92c|__AUTOMETRIC__
__AUTOMETRIC__|0.1.2|21756|crew_log_562393808530dda7|0|1786390507.642|99.881|3.121|403783680|435728384|gen_data_8c5e4bc4df5ba92c|__AUTOMETRIC__
__AUTOMETRIC__|0.1.2|21756|crew_log_562393808530dda7|0|1786390508.657|96.945|3.030|403742720|435687424|gen_data_8c5e4bc4df5ba92c|__AUTOMETRIC__
__AUTOMETRIC__|0.1.2|21756|crew_log_562393808530dda7|0|1786390509.671|100.176|3.130|403820544|435765248|gen_data_8c5e4bc4df5ba92c|__AUTOMETRIC__
__AUTOMETRIC__|0.1.2|21756|crew_log_562393808530dda7|0|1786390510.673|99.743|3.117|403877888|435822592|gen_data_8c5e4bc4df5ba92c|__AUTOMETRIC__
__AUTOMETRIC__|0.1.2|21756|crew_log_562393808530dda7|0|1786390511.685|97.272|3.040|403791872|435736576|gen_data_8c5e4bc4df5ba92c|__AUTOMETRIC__
__AUTOMETRIC__|0.1.2|21756|crew_log_562393808530dda7|0|1786390512.688|99.744|3.117|403730432|435675136|gen_data_8c5e4bc4df5ba92c|__AUTOMETRIC__
__AUTOMETRIC__|0.1.2|21756|crew_log_562393808530dda7|0|1786390513.696|99.251|3.102|403795968|435740672|gen_data_8c5e4bc4df5ba92c|__AUTOMETRIC__
__AUTOMETRIC__|0.1.2|21756|crew_log_562393808530dda7|0|1786390514.712|98.418|3.076|403836928|435781632|gen_data_8c5e4bc4df5ba92c|__AUTOMETRIC__
__AUTOMETRIC__|0.1.2|21756|crew_log_562393808530dda7|0|1786390515.727|98.471|3.077|403726336|435671040|gen_data_8c5e4bc4df5ba92c|__AUTOMETRIC__
__AUTOMETRIC__|0.1.2|21756|crew_log_562393808530dda7|0|1786390516.737|99.002|3.094|404033536|436002816|gen_data_8c5e4bc4df5ba92c|__AUTOMETRIC__
__AUTOMETRIC__|0.1.2|21756|crew_log_562393808530dda7|0|1786390517.753|100.028|3.126|404021248|435965952|gen_data_8c5e4bc4df5ba92c|__AUTOMETRIC__
__AUTOMETRIC__|0.1.2|21756|crew_log_562393808530dda7|0|1786390518.765|98.811|3.088|403972096|435916800|gen_data_8c5e4bc4df5ba92c|__AUTOMETRIC__
__AUTOMETRIC__|0.1.2|21756|crew_log_562393808530dda7|0|1786390519.779|100.125|3.129|403951616|435961856|gen_data_8c5e4bc4df5ba92c|__AUTOMETRIC__
__AUTOMETRIC__|0.1.2|21756|crew_log_562393808530dda7|0|1786390520.794|101.617|3.176|404041728|435986432|gen_data_8c5e4bc4df5ba92c|__AUTOMETRIC__
__AUTOMETRIC__|0.1.2|21756|crew_log_562393808530dda7|0|1786390521.810|101.456|3.171|404004864|435949568|gen_data_8c5e4bc4df5ba92c|__AUTOMETRIC__
__AUTOMETRIC__|0.1.2|21756|crew_log_562393808530dda7|0|1786390522.822|103.449|3.233|404324352|436277248|gen_data_8c5e4bc4df5ba92c|__AUTOMETRIC__
__AUTOMETRIC__|0.1.2|21756|crew_log_562393808530dda7|0|1786390523.838|100.013|3.125|403935232|435879936|gen_data_8c5e4bc4df5ba92c|__AUTOMETRIC__
__AUTOMETRIC__|0.1.2|21756|crew_log_562393808530dda7|0|1786390524.843|97.929|3.060|403988480|435933184|gen_data_8c5e4bc4df5ba92c|__AUTOMETRIC__
__AUTOMETRIC__|0.1.2|21756|crew_log_562393808530dda7|0|1786390525.858|98.492|3.078|404267008|436211712|gen_data_8c5e4bc4df5ba92c|__AUTOMETRIC__
__AUTOMETRIC__|0.1.2|21756|crew_log_562393808530dda7|0|1786390526.870|100.391|3.137|403988480|435933184|gen_data_8c5e4bc4df5ba92c|__AUTOMETRIC__
__AUTOMETRIC__|0.1.2|21756|crew_log_562393808530dda7|0|1786390527.871|101.415|3.169|404406272|436350976|gen_data_8c5e4bc4df5ba92c|__AUTOMETRIC__
__AUTOMETRIC__|0.1.2|21756|crew_log_562393808530dda7|0|1786390528.872|99.898|3.122|404254720|436199424|gen_data_8c5e4bc4df5ba92c|__AUTOMETRIC__
__AUTOMETRIC__|0.1.2|21756|crew_log_562393808530dda7|0|1786390529.887|98.562|3.080|403980288|435933184|gen_data_8c5e4bc4df5ba92c|__AUTOMETRIC__
__AUTOMETRIC__|0.1.2|21756|crew_log_562393808530dda7|0|1786390530.899|100.370|3.137|404054016|436031488|gen_data_8c5e4bc4df5ba92c|__AUTOMETRIC__
__AUTOMETRIC__|0.1.2|21756|crew_log_562393808530dda7|0|1786390531.903|98.050|3.064|403980288|435924992|gen_data_8c5e4bc4df5ba92c|__AUTOMETRIC__
__AUTOMETRIC__|0.1.2|21756|crew_log_562393808530dda7|0|1786390532.906|99.643|3.114|404090880|436035584|gen_data_8c5e4bc4df5ba92c|__AUTOMETRIC__
__AUTOMETRIC__|0.1.2|21756|crew_log_562393808530dda7|0|1786390533.908|99.876|3.121|404090880|436035584|gen_data_8c5e4bc4df5ba92c|__AUTOMETRIC__
__AUTOMETRIC__|0.1.2|21756|crew_log_562393808530dda7|0|1786390534.920|98.811|3.088|404176896|436121600|gen_data_8c5e4bc4df5ba92c|__AUTOMETRIC__
__AUTOMETRIC__|0.1.2|21756|crew_log_562393808530dda7|0|1786390535.925|99.440|3.107|404041728|435986432|gen_data_8c5e4bc4df5ba92c|__AUTOMETRIC__
__AUTOMETRIC__|0.1.2|21756|crew_log_562393808530dda7|0|1786390536.934|99.138|3.098|404058112|436002816|gen_data_8c5e4bc4df5ba92c|__AUTOMETRIC__
__AUTOMETRIC__|0.1.2|21756|crew_log_562393808530dda7|0|1786390537.950|99.946|3.123|404246528|436191232|gen_data_8c5e4bc4df5ba92c|__AUTOMETRIC__
__AUTOMETRIC__|0.1.2|21756|crew_log_562393808530dda7|0|1786390538.964|101.679|3.177|404230144|436174848|gen_data_8c5e4bc4df5ba92c|__AUTOMETRIC__
__AUTOMETRIC__|0.1.2|21756|crew_log_562393808530dda7|0|1786390539.979|100.139|3.129|403996672|435941376|gen_data_8c5e4bc4df5ba92c|__AUTOMETRIC__
__AUTOMETRIC__|0.1.2|21756|crew_log_562393808530dda7|0|1786390540.993|100.113|3.129|404058112|436002816|gen_data_8c5e4bc4df5ba92c|__AUTOMETRIC__
__AUTOMETRIC__|0.1.2|21756|crew_log_562393808530dda7|0|1786390542.007|98.585|3.081|403857408|435802112|gen_data_8c5e4bc4df5ba92c|__AUTOMETRIC__
__AUTOMETRIC__|0.1.2|21756|crew_log_562393808530dda7|0|1786390543.022|100.122|3.129|404054016|435998720|gen_data_8c5e4bc4df5ba92c|__AUTOMETRIC__
__AUTOMETRIC__|0.1.2|21756|crew_log_562393808530dda7|0|1786390544.037|99.993|3.125|404037632|435990528|gen_data_8c5e4bc4df5ba92c|__AUTOMETRIC__
__AUTOMETRIC__|0.1.2|21756|crew_log_562393808530dda7|0|1786390545.052|100.133|3.129|404201472|436146176|gen_data_8c5e4bc4df5ba92c|__AUTOMETRIC__
__AUTOMETRIC__|0.1.2|21756|crew_log_562393808530dda7|0|1786390546.066|98.575|3.080|404144128|436088832|gen_data_8c5e4bc4df5ba92c|__AUTOMETRIC__
__AUTOMETRIC__|0.1.2|21756|crew_log_562393808530dda7|0|1786390547.069|98.165|3.068|404279296|436224000|gen_data_8c5e4bc4df5ba92c|__AUTOMETRIC__
__AUTOMETRIC__|0.1.2|21756|crew_log_562393808530dda7|0|1786390548.081|100.382|3.137|404287488|436232192|gen_data_8c5e4bc4df5ba92c|__AUTOMETRIC__
__AUTOMETRIC__|0.1.2|21756|crew_log_562393808530dda7|0|1786390549.085|98.054|3.064|404082688|436031488|gen_data_8c5e4bc4df5ba92c|__AUTOMETRIC__
__AUTOMETRIC__|0.1.2|21756|crew_log_562393808530dda7|0|1786390550.095|100.540|3.142|403943424|435978240|gen_data_8c5e4bc4df5ba92c|__AUTOMETRIC__
__AUTOMETRIC__|0.1.2|21756|crew_log_562393808530dda7|0|1786390551.100|97.964|3.061|403857408|435802112|gen_data_8c5e4bc4df5ba92c|__AUTOMETRIC__
__AUTOMETRIC__|0.1.2|21756|crew_log_562393808530dda7|0|1786390552.102|99.777|3.118|403902464|435847168|gen_data_8c5e4bc4df5ba92c|__AUTOMETRIC__
__AUTOMETRIC__|0.1.2|21756|crew_log_562393808530dda7|0|1786390553.109|100.895|3.153|403976192|435920896|gen_data_8c5e4bc4df5ba92c|__AUTOMETRIC__
__AUTOMETRIC__|0.1.2|21756|crew_log_562393808530dda7|0|1786390554.121|95.695|2.990|403824640|435769344|gen_data_8c5e4bc4df5ba92c|__AUTOMETRIC__
__AUTOMETRIC__|0.1.2|21756|crew_log_562393808530dda7|0|1786390555.138|99.894|3.122|403828736|435773440|gen_data_8c5e4bc4df5ba92c|__AUTOMETRIC__
__AUTOMETRIC__|0.1.2|21756|crew_log_562393808530dda7|0|1786390556.145|100.791|3.150|403894272|435838976|gen_data_8c5e4bc4df5ba92c|__AUTOMETRIC__
__AUTOMETRIC__|0.1.2|21756|crew_log_562393808530dda7|0|1786390557.153|96.087|3.003|403918848|435863552|gen_data_8c5e4bc4df5ba92c|__AUTOMETRIC__
__AUTOMETRIC__|0.1.2|21756|crew_log_562393808530dda7|0|1786390558.158|102.669|3.208|404127744|436076544|gen_data_8c5e4bc4df5ba92c|__AUTOMETRIC__
__AUTOMETRIC__|0.1.2|21756|crew_log_562393808530dda7|0|1786390559.172|98.617|3.082|403845120|435793920|gen_data_8c5e4bc4df5ba92c|__AUTOMETRIC__
__AUTOMETRIC__|0.1.2|21756|crew_log_562393808530dda7|0|1786390560.186|98.622|3.082|403877888|435822592|gen_data_8c5e4bc4df5ba92c|__AUTOMETRIC__
__AUTOMETRIC__|0.1.2|21756|crew_log_562393808530dda7|0|1786390561.189|99.647|3.114|404082688|436142080|gen_data_8c5e4bc4df5ba92c|__AUTOMETRIC__
__AUTOMETRIC__|0.1.2|21756|crew_log_562393808530dda7|0|1786390562.204|100.127|3.129|403963904|435908608|gen_data_8c5e4bc4df5ba92c|__AUTOMETRIC__
__AUTOMETRIC__|0.1.2|21756|crew_log_562393808530dda7|0|1786390563.210|99.362|3.105|404037632|435982336|gen_data_8c5e4bc4df5ba92c|__AUTOMETRIC__
__AUTOMETRIC__|0.1.2|21756|crew_log_562393808530dda7|0|1786390564.226|99.942|3.123|404344832|436289536|gen_data_8c5e4bc4df5ba92c|__AUTOMETRIC__
__AUTOMETRIC__|0.1.2|21756|crew_log_562393808530dda7|0|1786390565.229|99.738|3.117|404271104|436215808|gen_data_8c5e4bc4df5ba92c|__AUTOMETRIC__
__AUTOMETRIC__|0.1.2|21756|crew_log_562393808530dda7|0|1786390566.244|100.019|3.126|404467712|436498432|gen_data_8c5e4bc4df5ba92c|__AUTOMETRIC__
__AUTOMETRIC__|0.1.2|21756|crew_log_562393808530dda7|0|1786390567.248|98.135|3.067|404377600|436322304|gen_data_8c5e4bc4df5ba92c|__AUTOMETRIC__
__AUTOMETRIC__|0.1.2|21756|crew_log_562393808530dda7|0|1786390568.263|100.029|3.126|404348928|436293632|gen_data_8c5e4bc4df5ba92c|__AUTOMETRIC__
__AUTOMETRIC__|0.1.2|21756|crew_log_562393808530dda7|0|1786390569.275|100.321|3.135|404193280|436137984|gen_data_8c5e4bc4df5ba92c|__AUTOMETRIC__
__AUTOMETRIC__|0.1.2|21756|crew_log_562393808530dda7|0|1786390570.283|100.819|3.151|404320256|436264960|gen_data_8c5e4bc4df5ba92c|__AUTOMETRIC__
__AUTOMETRIC__|0.1.2|21756|crew_log_562393808530dda7|0|1786390571.296|98.628|3.082|404336640|436281344|gen_data_8c5e4bc4df5ba92c|__AUTOMETRIC__
__AUTOMETRIC__|0.1.2|21756|crew_log_562393808530dda7|0|1786390572.312|98.522|3.079|404332544|436445184|gen_data_8c5e4bc4df5ba92c|__AUTOMETRIC__
__AUTOMETRIC__|0.1.2|21756|crew_log_562393808530dda7|0|1786390573.316|99.505|3.110|404058112|436011008|gen_data_8c5e4bc4df5ba92c|__AUTOMETRIC__
__AUTOMETRIC__|0.1.2|21756|crew_log_562393808530dda7|0|1786390574.330|98.676|3.084|404144128|436092928|gen_data_8c5e4bc4df5ba92c|__AUTOMETRIC__
__AUTOMETRIC__|0.1.2|21756|crew_log_562393808530dda7|0|1786390575.344|100.189|3.131|404037632|435982336|gen_data_8c5e4bc4df5ba92c|__AUTOMETRIC__
__AUTOMETRIC__|0.1.2|21756|crew_log_562393808530dda7|0|1786390576.356|98.754|3.086|404025344|435970048|gen_data_8c5e4bc4df5ba92c|__AUTOMETRIC__
__AUTOMETRIC__|0.1.2|21756|crew_log_562393808530dda7|0|1786390577.370|101.767|3.180|404246528|436191232|gen_data_8c5e4bc4df5ba92c|__AUTOMETRIC__
__AUTOMETRIC__|0.1.2|21756|crew_log_562393808530dda7|0|1786390578.379|100.649|3.145|404234240|436178944|gen_data_8c5e4bc4df5ba92c|__AUTOMETRIC__
__AUTOMETRIC__|0.1.2|21756|crew_log_562393808530dda7|0|1786390579.385|99.334|3.104|404201472|436146176|gen_data_8c5e4bc4df5ba92c|__AUTOMETRIC__
__AUTOMETRIC__|0.1.2|21756|crew_log_562393808530dda7|0|1786390580.393|100.832|3.151|404078592|436023296|gen_data_8c5e4bc4df5ba92c|__AUTOMETRIC__
__AUTOMETRIC__|0.1.2|21756|crew_log_562393808530dda7|0|1786390581.398|99.451|3.108|404447232|436408320|gen_data_8c5e4bc4df5ba92c|__AUTOMETRIC__
__AUTOMETRIC__|0.1.2|21756|crew_log_562393808530dda7|0|1786390582.406|100.787|3.150|404443136|436387840|gen_data_8c5e4bc4df5ba92c|__AUTOMETRIC__
__AUTOMETRIC__|0.1.2|21756|crew_log_562393808530dda7|0|1786390583.418|98.756|3.086|404230144|436174848|gen_data_8c5e4bc4df5ba92c|__AUTOMETRIC__
__AUTOMETRIC__|0.1.2|21756|crew_log_562393808530dda7|0|1786390584.433|101.689|3.178|404226048|436174848|gen_data_8c5e4bc4df5ba92c|__AUTOMETRIC__
__AUTOMETRIC__|0.1.2|21756|crew_log_562393808530dda7|0|1786390585.434|96.743|3.023|404402176|436445184|gen_data_8c5e4bc4df5ba92c|__AUTOMETRIC__
__AUTOMETRIC__|0.1.2|21756|crew_log_562393808530dda7|0|1786390586.438|102.717|3.210|404418560|436363264|gen_data_8c5e4bc4df5ba92c|__AUTOMETRIC__
__AUTOMETRIC__|0.1.2|21756|crew_log_562393808530dda7|0|1786390587.452|98.649|3.083|404275200|436219904|gen_data_8c5e4bc4df5ba92c|__AUTOMETRIC__
__AUTOMETRIC__|0.1.2|21756|crew_log_562393808530dda7|0|1786390588.466|95.525|2.985|404291584|436236288|gen_data_8c5e4bc4df5ba92c|__AUTOMETRIC__
__AUTOMETRIC__|0.1.2|21756|crew_log_562393808530dda7|0|1786390589.481|99.996|3.125|404348928|436293632|gen_data_8c5e4bc4df5ba92c|__AUTOMETRIC__
__AUTOMETRIC__|0.1.2|21756|crew_log_562393808530dda7|0|1786390590.495|103.245|3.226|404217856|436162560|gen_data_8c5e4bc4df5ba92c|__AUTOMETRIC__
__AUTOMETRIC__|0.1.2|21756|crew_log_562393808530dda7|0|1786390591.498|102.819|3.213|404197376|436142080|gen_data_8c5e4bc4df5ba92c|__AUTOMETRIC__
__AUTOMETRIC__|0.1.2|21756|crew_log_562393808530dda7|0|1786390592.514|96.954|3.030|404185088|436129792|gen_data_8c5e4bc4df5ba92c|__AUTOMETRIC__
__AUTOMETRIC__|0.1.2|21756|crew_log_562393808530dda7|0|1786390593.516|98.205|3.069|404197376|436142080|gen_data_8c5e4bc4df5ba92c|__AUTOMETRIC__
__AUTOMETRIC__|0.1.2|21756|crew_log_562393808530dda7|0|1786390594.519|98.170|3.068|404279296|436224000|gen_data_8c5e4bc4df5ba92c|__AUTOMETRIC__
__AUTOMETRIC__|0.1.2|21756|crew_log_562393808530dda7|0|1786390595.535|99.898|3.122|404422656|436367360|gen_data_8c5e4bc4df5ba92c|__AUTOMETRIC__
__AUTOMETRIC__|0.1.2|21756|crew_log_562393808530dda7|0|1786390596.549|98.648|3.083|404148224|436092928|gen_data_8c5e4bc4df5ba92c|__AUTOMETRIC__
__AUTOMETRIC__|0.1.2|21756|crew_log_562393808530dda7|0|1786390597.566|96.842|3.026|404185088|436056064|gen_data_8c5e4bc4df5ba92c|__AUTOMETRIC__
__AUTOMETRIC__|0.1.2|21756|crew_log_562393808530dda7|0|1786390598.568|99.743|3.117|404418560|436289536|gen_data_8c5e4bc4df5ba92c|__AUTOMETRIC__
__AUTOMETRIC__|0.1.2|21756|crew_log_562393808530dda7|0|1786390599.572|98.057|3.064|404287488|436174848|gen_data_8c5e4bc4df5ba92c|__AUTOMETRIC__
__AUTOMETRIC__|0.1.2|21756|crew_log_562393808530dda7|0|1786390600.579|100.822|3.151|404410368|436281344|gen_data_8c5e4bc4df5ba92c|__AUTOMETRIC__
__AUTOMETRIC__|0.1.2|21756|crew_log_562393808530dda7|0|1786390601.585|99.459|3.108|404099072|436031488|gen_data_8c5e4bc4df5ba92c|__AUTOMETRIC__
__AUTOMETRIC__|0.1.2|21756|crew_log_562393808530dda7|0|1786390602.599|100.177|3.131|404279296|436166656|gen_data_8c5e4bc4df5ba92c|__AUTOMETRIC__
__AUTOMETRIC__|0.1.2|21756|crew_log_562393808530dda7|0|1786390603.612|100.213|3.132|404504576|436391936|gen_data_8c5e4bc4df5ba92c|__AUTOMETRIC__
__AUTOMETRIC__|0.1.2|21756|crew_log_562393808530dda7|0|1786390604.628|98.418|3.076|404271104|436142080|gen_data_8c5e4bc4df5ba92c|__AUTOMETRIC__
__AUTOMETRIC__|0.1.2|21756|crew_log_562393808530dda7|0|1786390605.636|99.266|3.102|404389888|436260864|gen_data_8c5e4bc4df5ba92c|__AUTOMETRIC__
__AUTOMETRIC__|0.1.2|21756|crew_log_562393808530dda7|0|1786390606.652|99.960|3.124|404422656|436293632|gen_data_8c5e4bc4df5ba92c|__AUTOMETRIC__
__AUTOMETRIC__|0.1.2|21756|crew_log_562393808530dda7|0|1786390607.667|99.993|3.125|404299776|436170752|gen_data_8c5e4bc4df5ba92c|__AUTOMETRIC__
__AUTOMETRIC__|0.1.2|21756|crew_log_562393808530dda7|0|1786390608.672|101.104|3.159|404426752|436297728|gen_data_8c5e4bc4df5ba92c|__AUTOMETRIC__
__AUTOMETRIC__|0.1.2|21756|crew_log_562393808530dda7|0|1786390609.676|99.557|3.111|404439040|436310016|gen_data_8c5e4bc4df5ba92c|__AUTOMETRIC__
__AUTOMETRIC__|0.1.2|21756|crew_log_562393808530dda7|0|1786390610.692|100.023|3.126|404533248|436404224|gen_data_8c5e4bc4df5ba92c|__AUTOMETRIC__
__AUTOMETRIC__|0.1.2|21756|crew_log_562393808530dda7|0|1786390611.706|100.097|3.128|404545536|436416512|gen_data_8c5e4bc4df5ba92c|__AUTOMETRIC__
__AUTOMETRIC__|0.1.2|21756|crew_log_562393808530dda7|0|1786390612.708|99.812|3.119|404652032|436523008|gen_data_8c5e4bc4df5ba92c|__AUTOMETRIC__
__AUTOMETRIC__|0.1.2|21756|crew_log_562393808530dda7|0|1786390613.716|99.220|3.101|404295680|436166656|gen_data_8c5e4bc4df5ba92c|__AUTOMETRIC__
__AUTOMETRIC__|0.1.2|21756|crew_log_562393808530dda7|0|1786390614.730|100.137|3.129|404164608|436035584|gen_data_8c5e4bc4df5ba92c|__AUTOMETRIC__
__AUTOMETRIC__|0.1.2|21756|crew_log_562393808530dda7|0|1786390615.743|100.246|3.133|404250624|436121600|gen_data_8c5e4bc4df5ba92c|__AUTOMETRIC__
__AUTOMETRIC__|0.1.2|21756|crew_log_562393808530dda7|0|1786390616.760|98.403|3.075|404488192|436359168|gen_data_8c5e4bc4df5ba92c|__AUTOMETRIC__
__AUTOMETRIC__|0.1.2|21756|crew_log_562393808530dda7|0|1786390617.766|99.378|3.106|404504576|436375552|gen_data_8c5e4bc4df5ba92c|__AUTOMETRIC__
__AUTOMETRIC__|0.1.2|21756|crew_log_562393808530dda7|0|1786390618.767|99.891|3.122|404393984|436264960|gen_data_8c5e4bc4df5ba92c|__AUTOMETRIC__
__AUTOMETRIC__|0.1.2|21756|crew_log_562393808530dda7|0|1786390619.777|97.499|3.047|404373504|436264960|gen_data_8c5e4bc4df5ba92c|__AUTOMETRIC__
__AUTOMETRIC__|0.1.2|21756|crew_log_562393808530dda7|0|1786390620.780|99.645|3.114|404406272|436277248|gen_data_8c5e4bc4df5ba92c|__AUTOMETRIC__
__AUTOMETRIC__|0.1.2|21756|crew_log_562393808530dda7|0|1786390621.795|100.126|3.129|404373504|436244480|gen_data_8c5e4bc4df5ba92c|__AUTOMETRIC__
__AUTOMETRIC__|0.1.2|21756|crew_log_562393808530dda7|0|1786390622.808|100.184|3.131|404344832|436219904|gen_data_8c5e4bc4df5ba92c|__AUTOMETRIC__
__AUTOMETRIC__|0.1.2|21756|crew_log_562393808530dda7|0|1786390623.811|99.759|3.117|404619264|436494336|gen_data_8c5e4bc4df5ba92c|__AUTOMETRIC__
__AUTOMETRIC__|0.1.2|21756|crew_log_562393808530dda7|0|1786390624.819|99.189|3.100|404557824|436428800|gen_data_8c5e4bc4df5ba92c|__AUTOMETRIC__
__AUTOMETRIC__|0.1.2|21756|crew_log_562393808530dda7|0|1786390625.825|99.408|3.106|404656128|436527104|gen_data_8c5e4bc4df5ba92c|__AUTOMETRIC__
__AUTOMETRIC__|0.1.2|21756|crew_log_562393808530dda7|0|1786390626.838|103.330|3.229|404660224|436531200|gen_data_8c5e4bc4df5ba92c|__AUTOMETRIC__
__AUTOMETRIC__|0.1.2|21756|crew_log_562393808530dda7|0|1786390627.846|100.714|3.147|404340736|436211712|gen_data_8c5e4bc4df5ba92c|__AUTOMETRIC__
__AUTOMETRIC__|0.1.2|21756|crew_log_562393808530dda7|0|1786390628.854|99.196|3.100|404561920|436432896|gen_data_8c5e4bc4df5ba92c|__AUTOMETRIC__
__AUTOMETRIC__|0.1.2|21756|crew_log_562393808530dda7|0|1786390629.862|97.711|3.053|404455424|436326400|gen_data_8c5e4bc4df5ba92c|__AUTOMETRIC__
__AUTOMETRIC__|0.1.2|21756|crew_log_562393808530dda7|0|1786390630.865|99.682|3.115|404512768|436383744|gen_data_8c5e4bc4df5ba92c|__AUTOMETRIC__
__AUTOMETRIC__|0.1.2|21756|crew_log_562393808530dda7|0|1786390631.867|98.291|3.072|404529152|436400128|gen_data_8c5e4bc4df5ba92c|__AUTOMETRIC__
__AUTOMETRIC__|0.1.2|21756|crew_log_562393808530dda7|0|1786390632.868|99.860|3.121|404537344|436477952|gen_data_8c5e4bc4df5ba92c|__AUTOMETRIC__
__AUTOMETRIC__|0.1.2|21756|crew_log_562393808530dda7|0|1786390633.879|100.484|3.140|404467712|436338688|gen_data_8c5e4bc4df5ba92c|__AUTOMETRIC__
__AUTOMETRIC__|0.1.2|21756|crew_log_562393808530dda7|0|1786390634.883|99.533|3.110|404492288|436363264|gen_data_8c5e4bc4df5ba92c|__AUTOMETRIC__
__AUTOMETRIC__|0.1.2|21756|crew_log_562393808530dda7|0|1786390635.898|100.091|3.128|404504576|436387840|gen_data_8c5e4bc4df5ba92c|__AUTOMETRIC__
__AUTOMETRIC__|0.1.2|21756|crew_log_562393808530dda7|0|1786390636.913|100.106|3.128|404574208|436457472|gen_data_8c5e4bc4df5ba92c|__AUTOMETRIC__
__AUTOMETRIC__|0.1.2|21756|crew_log_562393808530dda7|0|1786390637.926|100.232|3.132|404586496|436461568|gen_data_8c5e4bc4df5ba92c|__AUTOMETRIC__
__AUTOMETRIC__|0.1.2|21756|crew_log_562393808530dda7|0|1786390638.940|100.166|3.130|405053440|436924416|gen_data_8c5e4bc4df5ba92c|__AUTOMETRIC__
__AUTOMETRIC__|0.1.2|21756|crew_log_562393808530dda7|0|1786390639.955|100.085|3.128|404762624|436633600|gen_data_8c5e4bc4df5ba92c|__AUTOMETRIC__
__AUTOMETRIC__|0.1.2|21756|crew_log_562393808530dda7|0|1786390640.971|98.405|3.075|404930560|436801536|gen_data_8c5e4bc4df5ba92c|__AUTOMETRIC__
__AUTOMETRIC__|0.1.2|21756|crew_log_562393808530dda7|0|1786390641.974|98.168|3.068|405131264|437002240|gen_data_8c5e4bc4df5ba92c|__AUTOMETRIC__
__AUTOMETRIC__|0.1.2|21756|crew_log_562393808530dda7|0|1786390642.988|100.135|3.129|404762624|436633600|gen_data_8c5e4bc4df5ba92c|__AUTOMETRIC__
__AUTOMETRIC__|0.1.2|21756|crew_log_562393808530dda7|0|1786390643.995|99.267|3.102|404791296|436662272|gen_data_8c5e4bc4df5ba92c|__AUTOMETRIC__
__AUTOMETRIC__|0.1.2|21756|crew_log_562393808530dda7|0|1786390645.000|101.110|3.160|404774912|436645888|gen_data_8c5e4bc4df5ba92c|__AUTOMETRIC__
__AUTOMETRIC__|0.1.2|21756|crew_log_562393808530dda7|0|1786390646.003|98.078|3.065|404828160|436699136|gen_data_8c5e4bc4df5ba92c|__AUTOMETRIC__
__AUTOMETRIC__|0.1.2|21756|crew_log_562393808530dda7|0|1786390647.018|100.139|3.129|404885504|436756480|gen_data_8c5e4bc4df5ba92c|__AUTOMETRIC__
__AUTOMETRIC__|0.1.2|21756|crew_log_562393808530dda7|0|1786390648.019|99.828|3.120|404885504|436756480|gen_data_8c5e4bc4df5ba92c|__AUTOMETRIC__
__AUTOMETRIC__|0.1.2|21756|crew_log_562393808530dda7|0|1786390649.024|99.500|3.109|404992000|436862976|gen_data_8c5e4bc4df5ba92c|__AUTOMETRIC__
__AUTOMETRIC__|0.1.2|21756|crew_log_562393808530dda7|0|1786390650.030|101.011|3.157|404848640|436719616|gen_data_8c5e4bc4df5ba92c|__AUTOMETRIC__
__AUTOMETRIC__|0.1.2|21756|crew_log_562393808530dda7|0|1786390651.033|99.717|3.116|404873216|436744192|gen_data_8c5e4bc4df5ba92c|__AUTOMETRIC__
__AUTOMETRIC__|0.1.2|21756|crew_log_562393808530dda7|0|1786390652.047|100.153|3.130|404893696|436764672|gen_data_8c5e4bc4df5ba92c|__AUTOMETRIC__
__AUTOMETRIC__|0.1.2|21756|crew_log_562393808530dda7|0|1786390653.048|99.838|3.120|405053440|436924416|gen_data_8c5e4bc4df5ba92c|__AUTOMETRIC__
__AUTOMETRIC__|0.1.2|21756|crew_log_562393808530dda7|0|1786390654.064|100.002|3.125|404881408|436752384|gen_data_8c5e4bc4df5ba92c|__AUTOMETRIC__
__AUTOMETRIC__|0.1.2|21756|crew_log_562393808530dda7|0|1786390655.070|97.891|3.059|404901888|436772864|gen_data_8c5e4bc4df5ba92c|__AUTOMETRIC__
__AUTOMETRIC__|0.1.2|21756|crew_log_562393808530dda7|0|1786390656.080|100.542|3.142|404959232|436830208|gen_data_8c5e4bc4df5ba92c|__AUTOMETRIC__
__AUTOMETRIC__|0.1.2|21756|crew_log_562393808530dda7|0|1786390657.093|97.104|3.034|404824064|436695040|gen_data_8c5e4bc4df5ba92c|__AUTOMETRIC__
__AUTOMETRIC__|0.1.2|21756|crew_log_562393808530dda7|0|1786390658.101|99.273|3.102|404938752|436809728|gen_data_8c5e4bc4df5ba92c|__AUTOMETRIC__
__AUTOMETRIC__|0.1.2|21756|crew_log_562393808530dda7|0|1786390659.105|97.977|3.062|404934656|436805632|gen_data_8c5e4bc4df5ba92c|__AUTOMETRIC__
__AUTOMETRIC__|0.1.2|21756|crew_log_562393808530dda7|0|1786390660.117|101.935|3.185|404824064|436695040|gen_data_8c5e4bc4df5ba92c|__AUTOMETRIC__
__AUTOMETRIC__|0.1.2|21756|crew_log_562393808530dda7|0|1786390661.125|99.196|3.100|405245952|437116928|gen_data_8c5e4bc4df5ba92c|__AUTOMETRIC__
__AUTOMETRIC__|0.1.2|21756|crew_log_562393808530dda7|0|1786390662.132|99.336|3.104|404807680|436854784|gen_data_8c5e4bc4df5ba92c|__AUTOMETRIC__
__AUTOMETRIC__|0.1.2|21756|crew_log_562393808530dda7|0|1786390663.137|99.495|3.109|404914176|436813824|gen_data_8c5e4bc4df5ba92c|__AUTOMETRIC__
__AUTOMETRIC__|0.1.2|21756|crew_log_562393808530dda7|0|1786390664.139|102.926|3.216|404918272|436789248|gen_data_8c5e4bc4df5ba92c|__AUTOMETRIC__
__AUTOMETRIC__|0.1.2|21756|crew_log_562393808530dda7|0|1786390665.153|95.494|2.984|404893696|436764672|gen_data_8c5e4bc4df5ba92c|__AUTOMETRIC__
__AUTOMETRIC__|0.1.2|21756|crew_log_562393808530dda7|0|1786390666.165|98.828|3.088|405176320|437063680|gen_data_8c5e4bc4df5ba92c|__AUTOMETRIC__
__AUTOMETRIC__|0.1.2|21756|crew_log_562393808530dda7|0|1786390667.172|100.855|3.152|404918272|436805632|gen_data_8c5e4bc4df5ba92c|__AUTOMETRIC__
__AUTOMETRIC__|0.1.2|21756|crew_log_562393808530dda7|0|1786390668.182|97.507|3.047|404877312|436748288|gen_data_8c5e4bc4df5ba92c|__AUTOMETRIC__
__AUTOMETRIC__|0.1.2|21756|crew_log_562393808530dda7|0|1786390669.189|100.879|3.152|404893696|436903936|gen_data_8c5e4bc4df5ba92c|__AUTOMETRIC__
__AUTOMETRIC__|0.1.2|21756|crew_log_562393808530dda7|0|1786390670.200|98.906|3.091|404733952|436604928|gen_data_8c5e4bc4df5ba92c|__AUTOMETRIC__
__AUTOMETRIC__|0.1.2|21756|crew_log_562393808530dda7|0|1786390671.204|102.629|3.207|404893696|436764672|gen_data_8c5e4bc4df5ba92c|__AUTOMETRIC__
__AUTOMETRIC__|0.1.2|21756|crew_log_562393808530dda7|0|1786390672.216|97.359|3.042|405049344|436932608|gen_data_8c5e4bc4df5ba92c|__AUTOMETRIC__
__AUTOMETRIC__|0.1.2|21756|crew_log_562393808530dda7|0|1786390673.225|100.637|3.145|404791296|436674560|gen_data_8c5e4bc4df5ba92c|__AUTOMETRIC__
__AUTOMETRIC__|0.1.2|21756|crew_log_562393808530dda7|0|1786390674.240|100.043|3.126|485822464|518107136|gen_data_8c5e4bc4df5ba92c|__AUTOMETRIC__
__AUTOMETRIC__|0.1.2|21756|crew_log_562393808530dda7|0|1786390675.243|98.157|3.067|486490112|518569984|gen_data_8c5e4bc4df5ba92c|__AUTOMETRIC__
__AUTOMETRIC__|0.1.2|21756|crew_log_562393808530dda7|0|1786390676.248|99.504|3.110|487247872|519335936|gen_data_8c5e4bc4df5ba92c|__AUTOMETRIC__
__AUTOMETRIC__|0.1.2|21756|crew_log_562393808530dda7|0|1786390677.263|98.537|3.079|487403520|519487488|gen_data_8c5e4bc4df5ba92c|__AUTOMETRIC__
__AUTOMETRIC__|0.1.2|21756|crew_log_562393808530dda7|0|1786390678.277|97.020|3.032|487546880|519630848|gen_data_8c5e4bc4df5ba92c|__AUTOMETRIC__
__AUTOMETRIC__|0.1.2|21756|crew_log_562393808530dda7|0|1786390679.290|100.241|3.133|487550976|519634944|gen_data_8c5e4bc4df5ba92c|__AUTOMETRIC__
__AUTOMETRIC__|0.1.2|21756|crew_log_562393808530dda7|0|1786390680.304|100.174|3.130|487358464|519442432|gen_data_8c5e4bc4df5ba92c|__AUTOMETRIC__
__AUTOMETRIC__|0.1.2|21756|crew_log_562393808530dda7|0|1786390681.316|100.342|3.136|487530496|519614464|gen_data_8c5e4bc4df5ba92c|__AUTOMETRIC__
__AUTOMETRIC__|0.1.2|21756|crew_log_562393808530dda7|0|1786390682.326|100.587|3.143|487555072|519639040|gen_data_8c5e4bc4df5ba92c|__AUTOMETRIC__
__AUTOMETRIC__|0.1.2|21756|crew_log_562393808530dda7|0|1786390683.341|100.028|3.126|487698432|519782400|gen_data_8c5e4bc4df5ba92c|__AUTOMETRIC__
__AUTOMETRIC__|0.1.2|21756|crew_log_562393808530dda7|0|1786390684.346|99.543|3.111|487821312|519905280|gen_data_8c5e4bc4df5ba92c|__AUTOMETRIC__
__AUTOMETRIC__|0.1.2|21756|crew_log_562393808530dda7|0|1786390685.350|99.562|3.111|487395328|519479296|gen_data_8c5e4bc4df5ba92c|__AUTOMETRIC__
__AUTOMETRIC__|0.1.2|21756|crew_log_562393808530dda7|0|1786390686.361|100.515|3.141|487325696|519426048|gen_data_8c5e4bc4df5ba92c|__AUTOMETRIC__
__AUTOMETRIC__|0.1.2|21756|crew_log_562393808530dda7|0|1786390687.368|99.309|3.103|487518208|519602176|gen_data_8c5e4bc4df5ba92c|__AUTOMETRIC__
__AUTOMETRIC__|0.1.2|21756|crew_log_562393808530dda7|0|1786390688.383|100.047|3.126|487337984|519421952|gen_data_8c5e4bc4df5ba92c|__AUTOMETRIC__
__AUTOMETRIC__|0.1.2|21756|crew_log_562393808530dda7|0|1786390689.389|99.387|3.106|487702528|519786496|gen_data_8c5e4bc4df5ba92c|__AUTOMETRIC__
__AUTOMETRIC__|0.1.2|21756|crew_log_562393808530dda7|0|1786390690.406|96.801|3.025|487817216|519901184|gen_data_8c5e4bc4df5ba92c|__AUTOMETRIC__
__AUTOMETRIC__|0.1.2|21756|crew_log_562393808530dda7|0|1786390691.421|100.033|3.126|487759872|519843840|gen_data_8c5e4bc4df5ba92c|__AUTOMETRIC__
__AUTOMETRIC__|0.1.2|21756|crew_log_562393808530dda7|0|1786390692.426|99.535|3.110|487768064|519852032|gen_data_8c5e4bc4df5ba92c|__AUTOMETRIC__
__AUTOMETRIC__|0.1.2|21756|crew_log_562393808530dda7|0|1786390693.440|98.643|3.083|487845888|519929856|gen_data_8c5e4bc4df5ba92c|__AUTOMETRIC__
__AUTOMETRIC__|0.1.2|21756|crew_log_562393808530dda7|0|1786390694.444|97.987|3.062|487796736|519880704|gen_data_8c5e4bc4df5ba92c|__AUTOMETRIC__
__AUTOMETRIC__|0.1.2|21756|crew_log_562393808530dda7|0|1786390695.458|98.646|3.083|488099840|520183808|gen_data_8c5e4bc4df5ba92c|__AUTOMETRIC__
__AUTOMETRIC__|0.1.2|21756|crew_log_562393808530dda7|0|1786390696.472|100.197|3.131|487997440|520081408|gen_data_8c5e4bc4df5ba92c|__AUTOMETRIC__
__AUTOMETRIC__|0.1.2|21756|crew_log_562393808530dda7|0|1786390697.487|98.468|3.077|487899136|519983104|gen_data_8c5e4bc4df5ba92c|__AUTOMETRIC__
__AUTOMETRIC__|0.1.2|21756|crew_log_562393808530dda7|0|1786390698.494|94.665|2.958|488083456|520167424|gen_data_8c5e4bc4df5ba92c|__AUTOMETRIC__
__AUTOMETRIC__|0.1.2|21756|crew_log_562393808530dda7|0|1786390699.503|97.588|3.050|488144896|520212480|gen_data_8c5e4bc4df5ba92c|__AUTOMETRIC__
__AUTOMETRIC__|0.1.2|21756|crew_log_562393808530dda7|0|1786390700.506|99.731|3.117|487776256|519843840|gen_data_8c5e4bc4df5ba92c|__AUTOMETRIC__
__AUTOMETRIC__|0.1.2|21756|crew_log_562393808530dda7|0|1786390701.513|97.742|3.054|488165376|520232960|gen_data_8c5e4bc4df5ba92c|__AUTOMETRIC__
__AUTOMETRIC__|0.1.2|21756|crew_log_562393808530dda7|0|1786390702.528|100.046|3.126|488480768|520552448|gen_data_8c5e4bc4df5ba92c|__AUTOMETRIC__
__AUTOMETRIC__|0.1.2|21756|crew_log_562393808530dda7|0|1786390703.541|98.680|3.084|488439808|520511488|gen_data_8c5e4bc4df5ba92c|__AUTOMETRIC__
__AUTOMETRIC__|0.1.2|21756|crew_log_562393808530dda7|0|1786390704.554|98.760|3.086|488095744|520167424|gen_data_8c5e4bc4df5ba92c|__AUTOMETRIC__
__AUTOMETRIC__|0.1.2|21756|crew_log_562393808530dda7|0|1786390705.569|100.039|3.126|488218624|520290304|gen_data_8c5e4bc4df5ba92c|__AUTOMETRIC__
__AUTOMETRIC__|0.1.2|21756|crew_log_562393808530dda7|0|1786390706.581|98.773|3.087|488611840|520683520|gen_data_8c5e4bc4df5ba92c|__AUTOMETRIC__
__AUTOMETRIC__|0.1.2|21756|crew_log_562393808530dda7|0|1786390707.586|97.948|3.061|487743488|519847936|gen_data_8c5e4bc4df5ba92c|__AUTOMETRIC__
__AUTOMETRIC__|0.1.2|21756|crew_log_562393808530dda7|0|1786390708.594|99.199|3.100|487976960|520081408|gen_data_8c5e4bc4df5ba92c|__AUTOMETRIC__
__AUTOMETRIC__|0.1.2|21756|crew_log_562393808530dda7|0|1786390709.601|96.273|3.009|487743488|519847936|gen_data_8c5e4bc4df5ba92c|__AUTOMETRIC__
__AUTOMETRIC__|0.1.2|21756|crew_log_562393808530dda7|0|1786390710.615|100.159|3.130|487804928|519917568|gen_data_8c5e4bc4df5ba92c|__AUTOMETRIC__
__AUTOMETRIC__|0.1.2|21756|crew_log_562393808530dda7|0|1786390711.630|100.041|3.126|487751680|519909376|gen_data_8c5e4bc4df5ba92c|__AUTOMETRIC__
__AUTOMETRIC__|0.1.2|21756|crew_log_562393808530dda7|0|1786390712.646|99.971|3.124|487944192|520081408|gen_data_8c5e4bc4df5ba92c|__AUTOMETRIC__
__AUTOMETRIC__|0.1.2|21756|crew_log_562393808530dda7|0|1786390713.655|99.070|3.096|488157184|520294400|gen_data_8c5e4bc4df5ba92c|__AUTOMETRIC__
__AUTOMETRIC__|0.1.2|21756|crew_log_562393808530dda7|0|1786390714.671|98.419|3.076|488177664|520290304|gen_data_8c5e4bc4df5ba92c|__AUTOMETRIC__
__AUTOMETRIC__|0.1.2|21756|crew_log_562393808530dda7|0|1786390715.685|101.751|3.180|487972864|520056832|gen_data_8c5e4bc4df5ba92c|__AUTOMETRIC__
__AUTOMETRIC__|0.1.2|21756|crew_log_562393808530dda7|0|1786390716.692|99.320|3.104|487968768|520052736|gen_data_8c5e4bc4df5ba92c|__AUTOMETRIC__
__AUTOMETRIC__|0.1.2|21756|crew_log_562393808530dda7|0|1786390717.696|98.058|3.064|488017920|520101888|gen_data_8c5e4bc4df5ba92c|__AUTOMETRIC__
__AUTOMETRIC__|0.1.2|21756|crew_log_562393808530dda7|0|1786390718.703|100.814|3.150|488136704|520216576|gen_data_8c5e4bc4df5ba92c|__AUTOMETRIC__
__AUTOMETRIC__|0.1.2|21756|crew_log_562393808530dda7|0|1786390719.715|100.309|3.135|488173568|520253440|gen_data_8c5e4bc4df5ba92c|__AUTOMETRIC__
__AUTOMETRIC__|0.1.2|21756|crew_log_562393808530dda7|0|1786390720.732|99.895|3.122|488423424|520503296|gen_data_8c5e4bc4df5ba92c|__AUTOMETRIC__
__AUTOMETRIC__|0.1.2|21756|crew_log_562393808530dda7|0|1786390721.745|98.730|3.085|488382464|520462336|gen_data_8c5e4bc4df5ba92c|__AUTOMETRIC__
__AUTOMETRIC__|0.1.2|21756|crew_log_562393808530dda7|0|1786390722.760|100.065|3.127|488415232|520515584|gen_data_8c5e4bc4df5ba92c|__AUTOMETRIC__
__AUTOMETRIC__|0.1.2|21756|crew_log_562393808530dda7|0|1786390723.765|101.091|3.159|488660992|520761344|gen_data_8c5e4bc4df5ba92c|__AUTOMETRIC__
__AUTOMETRIC__|0.1.2|21756|crew_log_562393808530dda7|0|1786390724.768|99.628|3.113|488493056|520572928|gen_data_8c5e4bc4df5ba92c|__AUTOMETRIC__
__AUTOMETRIC__|0.1.2|21756|crew_log_562393808530dda7|0|1786390725.770|99.841|3.120|488636416|520781824|gen_data_8c5e4bc4df5ba92c|__AUTOMETRIC__
__AUTOMETRIC__|0.1.2|21756|crew_log_562393808530dda7|0|1786390726.774|98.004|3.063|488771584|520916992|gen_data_8c5e4bc4df5ba92c|__AUTOMETRIC__
__AUTOMETRIC__|0.1.2|21756|crew_log_562393808530dda7|0|1786390727.777|99.718|3.116|488476672|520605696|gen_data_8c5e4bc4df5ba92c|__AUTOMETRIC__
__AUTOMETRIC__|0.1.2|21756|crew_log_562393808530dda7|0|1786390728.789|101.884|3.184|488026112|520097792|gen_data_8c5e4bc4df5ba92c|__AUTOMETRIC__
__AUTOMETRIC__|0.1.2|21756|crew_log_562393808530dda7|0|1786390729.805|99.965|3.124|488050688|520163328|gen_data_8c5e4bc4df5ba92c|__AUTOMETRIC__
__AUTOMETRIC__|0.1.2|21756|crew_log_562393808530dda7|0|1786390730.820|96.975|3.030|488407040|520515584|gen_data_8c5e4bc4df5ba92c|__AUTOMETRIC__
__AUTOMETRIC__|0.1.2|21756|crew_log_562393808530dda7|0|1786390731.833|98.760|3.086|488259584|520388608|gen_data_8c5e4bc4df5ba92c|__AUTOMETRIC__
__AUTOMETRIC__|0.1.2|21756|crew_log_562393808530dda7|0|1786390732.840|99.338|3.104|488239104|520368128|gen_data_8c5e4bc4df5ba92c|__AUTOMETRIC__
__AUTOMETRIC__|0.1.2|21756|crew_log_562393808530dda7|0|1786390733.854|101.698|3.178|488218624|520347648|gen_data_8c5e4bc4df5ba92c|__AUTOMETRIC__
__AUTOMETRIC__|0.1.2|21756|crew_log_562393808530dda7|0|1786390734.859|97.928|3.060|488103936|520220672|gen_data_8c5e4bc4df5ba92c|__AUTOMETRIC__
__AUTOMETRIC__|0.1.2|21756|crew_log_562393808530dda7|0|1786390735.866|99.323|3.104|488550400|520634368|gen_data_8c5e4bc4df5ba92c|__AUTOMETRIC__
__AUTOMETRIC__|0.1.2|21756|crew_log_562393808530dda7|0|1786390736.868|96.691|3.022|488501248|520585216|gen_data_8c5e4bc4df5ba92c|__AUTOMETRIC__
__AUTOMETRIC__|0.1.2|21756|crew_log_562393808530dda7|0|1786390737.879|100.395|3.137|488296448|520372224|gen_data_8c5e4bc4df5ba92c|__AUTOMETRIC__
__AUTOMETRIC__|0.1.2|21756|crew_log_562393808530dda7|0|1786390738.895|98.465|3.077|488329216|520437760|gen_data_8c5e4bc4df5ba92c|__AUTOMETRIC__
__AUTOMETRIC__|0.1.2|21756|crew_log_562393808530dda7|0|1786390739.907|100.388|3.137|488873984|520953856|gen_data_8c5e4bc4df5ba92c|__AUTOMETRIC__
__AUTOMETRIC__|0.1.2|21756|crew_log_562393808530dda7|0|1786390740.911|98.002|3.063|489299968|521379840|gen_data_8c5e4bc4df5ba92c|__AUTOMETRIC__
__AUTOMETRIC__|0.1.2|21756|crew_log_562393808530dda7|0|1786390741.915|99.590|3.112|488976384|521048064|gen_data_8c5e4bc4df5ba92c|__AUTOMETRIC__
__AUTOMETRIC__|0.1.2|21756|crew_log_562393808530dda7|0|1786390742.931|98.456|3.077|488873984|520945664|gen_data_8c5e4bc4df5ba92c|__AUTOMETRIC__
__AUTOMETRIC__|0.1.2|21756|crew_log_562393808530dda7|0|1786390743.944|97.109|3.035|488869888|520941568|gen_data_8c5e4bc4df5ba92c|__AUTOMETRIC__
__AUTOMETRIC__|0.1.2|21756|crew_log_562393808530dda7|0|1786390744.948|98.112|3.066|488943616|521015296|gen_data_8c5e4bc4df5ba92c|__AUTOMETRIC__
__AUTOMETRIC__|0.1.2|21756|crew_log_562393808530dda7|0|1786390745.955|103.940|3.248|488914944|520986624|gen_data_8c5e4bc4df5ba92c|__AUTOMETRIC__
__AUTOMETRIC__|0.1.2|21756|crew_log_562393808530dda7|0|1786390746.968|100.251|3.133|489046016|521117696|gen_data_8c5e4bc4df5ba92c|__AUTOMETRIC__
__AUTOMETRIC__|0.1.2|21756|crew_log_562393808530dda7|0|1786390747.971|99.675|3.115|488882176|520953856|gen_data_8c5e4bc4df5ba92c|__AUTOMETRIC__
__AUTOMETRIC__|0.1.2|21756|crew_log_562393808530dda7|0|1786390748.987|100.001|3.125|488853504|520925184|gen_data_8c5e4bc4df5ba92c|__AUTOMETRIC__
__AUTOMETRIC__|0.1.2|21756|crew_log_562393808530dda7|0|1786390749.988|99.889|3.122|488890368|520962048|gen_data_8c5e4bc4df5ba92c|__AUTOMETRIC__
__AUTOMETRIC__|0.1.2|21756|crew_log_562393808530dda7|0|1786390750.990|99.849|3.120|488939520|521011200|gen_data_8c5e4bc4df5ba92c|__AUTOMETRIC__
__AUTOMETRIC__|0.1.2|21756|crew_log_562393808530dda7|0|1786390752.003|100.226|3.132|489140224|521211904|gen_data_8c5e4bc4df5ba92c|__AUTOMETRIC__
__AUTOMETRIC__|0.1.2|21756|crew_log_562393808530dda7|0|1786390753.006|99.696|3.115|489115648|521187328|gen_data_8c5e4bc4df5ba92c|__AUTOMETRIC__
__AUTOMETRIC__|0.1.2|21756|crew_log_562393808530dda7|0|1786390754.007|96.782|3.024|489062400|521134080|gen_data_8c5e4bc4df5ba92c|__AUTOMETRIC__
__AUTOMETRIC__|0.1.2|21756|crew_log_562393808530dda7|0|1786390755.014|99.267|3.102|489074688|521146368|gen_data_8c5e4bc4df5ba92c|__AUTOMETRIC__
__AUTOMETRIC__|0.1.2|21756|crew_log_562393808530dda7|0|1786390756.028|98.654|3.083|488960000|521031680|gen_data_8c5e4bc4df5ba92c|__AUTOMETRIC__
__AUTOMETRIC__|0.1.2|21756|crew_log_562393808530dda7|0|1786390757.034|99.381|3.106|488906752|520978432|gen_data_8c5e4bc4df5ba92c|__AUTOMETRIC__
__AUTOMETRIC__|0.1.2|21756|crew_log_562393808530dda7|0|1786390758.044|99.051|3.095|489033728|521105408|gen_data_8c5e4bc4df5ba92c|__AUTOMETRIC__
__AUTOMETRIC__|0.1.2|21756|crew_log_562393808530dda7|0|1786390759.059|100.046|3.126|489066496|521138176|gen_data_8c5e4bc4df5ba92c|__AUTOMETRIC__
__AUTOMETRIC__|0.1.2|21756|crew_log_562393808530dda7|0|1786390760.062|98.123|3.066|488919040|520990720|gen_data_8c5e4bc4df5ba92c|__AUTOMETRIC__
__AUTOMETRIC__|0.1.2|21756|crew_log_562393808530dda7|0|1786390761.069|99.268|3.102|488968192|521048064|gen_data_8c5e4bc4df5ba92c|__AUTOMETRIC__
__AUTOMETRIC__|0.1.2|21756|crew_log_562393808530dda7|0|1786390762.074|99.545|3.111|488787968|520867840|gen_data_8c5e4bc4df5ba92c|__AUTOMETRIC__
__AUTOMETRIC__|0.1.2|21756|crew_log_562393808530dda7|0|1786390763.089|101.618|3.176|489078784|521158656|gen_data_8c5e4bc4df5ba92c|__AUTOMETRIC__
__AUTOMETRIC__|0.1.2|21756|crew_log_562393808530dda7|0|1786390764.104|100.025|3.126|489205760|521285632|gen_data_8c5e4bc4df5ba92c|__AUTOMETRIC__
__AUTOMETRIC__|0.1.2|21756|crew_log_562393808530dda7|0|1786390765.115|101.988|3.187|488914944|520986624|gen_data_8c5e4bc4df5ba92c|__AUTOMETRIC__
__AUTOMETRIC__|0.1.2|21756|crew_log_562393808530dda7|0|1786390766.121|97.857|3.058|488775680|520847360|gen_data_8c5e4bc4df5ba92c|__AUTOMETRIC__
__AUTOMETRIC__|0.1.2|21756|crew_log_562393808530dda7|0|1786390767.123|99.867|3.121|488505344|520577024|gen_data_8c5e4bc4df5ba92c|__AUTOMETRIC__
__AUTOMETRIC__|0.1.2|21756|crew_log_562393808530dda7|0|1786390768.125|96.660|3.021|489025536|521097216|gen_data_8c5e4bc4df5ba92c|__AUTOMETRIC__
__AUTOMETRIC__|0.1.2|21756|crew_log_562393808530dda7|0|1786390769.126|99.849|3.120|488861696|520933376|gen_data_8c5e4bc4df5ba92c|__AUTOMETRIC__
__AUTOMETRIC__|0.1.2|21756|crew_log_562393808530dda7|0|1786390770.140|100.188|3.131|489074688|521146368|gen_data_8c5e4bc4df5ba92c|__AUTOMETRIC__
__AUTOMETRIC__|0.1.2|21756|crew_log_562393808530dda7|0|1786390771.145|99.471|3.108|489320448|521392128|gen_data_8c5e4bc4df5ba92c|__AUTOMETRIC__
__AUTOMETRIC__|0.1.2|21756|crew_log_562393808530dda7|0|1786390772.160|100.073|3.127|489238528|521310208|gen_data_8c5e4bc4df5ba92c|__AUTOMETRIC__
__AUTOMETRIC__|0.1.2|21756|crew_log_562393808530dda7|0|1786390773.172|98.805|3.088|488755200|520826880|gen_data_8c5e4bc4df5ba92c|__AUTOMETRIC__
__AUTOMETRIC__|0.1.2|21756|crew_log_562393808530dda7|0|1786390774.174|98.306|3.072|488640512|520773632|gen_data_8c5e4bc4df5ba92c|__AUTOMETRIC__
__AUTOMETRIC__|0.1.2|21756|crew_log_562393808530dda7|0|1786390775.179|99.520|3.110|488824832|520933376|gen_data_8c5e4bc4df5ba92c|__AUTOMETRIC__
__AUTOMETRIC__|0.1.2|21756|crew_log_562393808530dda7|0|1786390776.185|100.873|3.152|488923136|521031680|gen_data_8c5e4bc4df5ba92c|__AUTOMETRIC__
__AUTOMETRIC__|0.1.2|21756|crew_log_562393808530dda7|0|1786390777.187|96.709|3.022|488964096|521072640|gen_data_8c5e4bc4df5ba92c|__AUTOMETRIC__
__AUTOMETRIC__|0.1.2|21756|crew_log_562393808530dda7|0|1786390778.202|98.512|3.079|488718336|520802304|gen_data_8c5e4bc4df5ba92c|__AUTOMETRIC__
__AUTOMETRIC__|0.1.2|21756|crew_log_562393808530dda7|0|1786390779.218|100.035|3.126|489127936|521211904|gen_data_8c5e4bc4df5ba92c|__AUTOMETRIC__
__AUTOMETRIC__|0.1.2|21756|crew_log_562393808530dda7|0|1786390780.232|100.110|3.128|488800256|520884224|gen_data_8c5e4bc4df5ba92c|__AUTOMETRIC__
__AUTOMETRIC__|0.1.2|21756|crew_log_562393808530dda7|0|1786390781.245|97.206|3.038|488669184|520740864|gen_data_8c5e4bc4df5ba92c|__AUTOMETRIC__
__AUTOMETRIC__|0.1.2|21756|crew_log_562393808530dda7|0|1786390782.252|102.356|3.199|489340928|521478144|gen_data_8c5e4bc4df5ba92c|__AUTOMETRIC__
__AUTOMETRIC__|0.1.2|21756|crew_log_562393808530dda7|0|1786390783.267|100.048|3.126|489000960|521138176|gen_data_8c5e4bc4df5ba92c|__AUTOMETRIC__
__AUTOMETRIC__|0.1.2|21756|crew_log_562393808530dda7|0|1786390784.281|98.653|3.083|489046016|521183232|gen_data_8c5e4bc4df5ba92c|__AUTOMETRIC__
__AUTOMETRIC__|0.1.2|21756|crew_log_562393808530dda7|0|1786390785.297|99.938|3.123|489013248|521146368|gen_data_8c5e4bc4df5ba92c|__AUTOMETRIC__
__AUTOMETRIC__|0.1.2|21756|crew_log_562393808530dda7|0|1786390786.309|97.286|3.040|489230336|521363456|gen_data_8c5e4bc4df5ba92c|__AUTOMETRIC__
__AUTOMETRIC__|0.1.2|21756|crew_log_562393808530dda7|0|1786390787.312|101.245|3.164|489148416|521269248|gen_data_8c5e4bc4df5ba92c|__AUTOMETRIC__
__AUTOMETRIC__|0.1.2|21756|crew_log_562393808530dda7|0|1786390788.321|96.045|3.001|488775680|520884224|gen_data_8c5e4bc4df5ba92c|__AUTOMETRIC__
__AUTOMETRIC__|0.1.2|21756|crew_log_562393808530dda7|0|1786390789.335|100.147|3.130|489377792|521457664|gen_data_8c5e4bc4df5ba92c|__AUTOMETRIC__
__AUTOMETRIC__|0.1.2|21756|crew_log_562393808530dda7|0|1786390790.340|101.050|3.158|489177088|521256960|gen_data_8c5e4bc4df5ba92c|__AUTOMETRIC__
__AUTOMETRIC__|0.1.2|21756|crew_log_562393808530dda7|0|1786390791.345|99.494|3.109|489275392|521347072|gen_data_8c5e4bc4df5ba92c|__AUTOMETRIC__
__AUTOMETRIC__|0.1.2|21756|crew_log_562393808530dda7|0|1786390792.351|96.285|3.009|489410560|521482240|gen_data_8c5e4bc4df5ba92c|__AUTOMETRIC__
__AUTOMETRIC__|0.1.2|21756|crew_log_562393808530dda7|0|1786390793.365|98.656|3.083|489689088|521879552|gen_data_8c5e4bc4df5ba92c|__AUTOMETRIC__
__AUTOMETRIC__|0.1.2|21756|crew_log_562393808530dda7|0|1786390794.376|100.419|3.138|489844736|521977856|gen_data_8c5e4bc4df5ba92c|__AUTOMETRIC__
__AUTOMETRIC__|0.1.2|21756|crew_log_562393808530dda7|0|1786390795.378|99.810|3.119|489484288|521617408|gen_data_8c5e4bc4df5ba92c|__AUTOMETRIC__
__AUTOMETRIC__|0.1.2|21756|crew_log_562393808530dda7|0|1786390796.392|98.670|3.083|489230336|521363456|gen_data_8c5e4bc4df5ba92c|__AUTOMETRIC__
__AUTOMETRIC__|0.1.2|21756|crew_log_562393808530dda7|0|1786390797.405|100.269|3.133|489472000|521605120|gen_data_8c5e4bc4df5ba92c|__AUTOMETRIC__
__AUTOMETRIC__|0.1.2|21756|crew_log_562393808530dda7|0|1786390798.420|99.999|3.125|489164800|521236480|gen_data_8c5e4bc4df5ba92c|__AUTOMETRIC__
__AUTOMETRIC__|0.1.2|21756|crew_log_562393808530dda7|0|1786390799.435|98.520|3.079|489254912|521326592|gen_data_8c5e4bc4df5ba92c|__AUTOMETRIC__
__AUTOMETRIC__|0.1.2|21756|crew_log_562393808530dda7|0|1786390800.450|98.591|3.081|489242624|521314304|gen_data_8c5e4bc4df5ba92c|__AUTOMETRIC__
__AUTOMETRIC__|0.1.2|21756|crew_log_562393808530dda7|0|1786390801.456|99.403|3.106|488996864|521080832|gen_data_8c5e4bc4df5ba92c|__AUTOMETRIC__
__AUTOMETRIC__|0.1.2|21756|crew_log_562393808530dda7|0|1786390802.460|98.044|3.064|489103360|521187328|gen_data_8c5e4bc4df5ba92c|__AUTOMETRIC__
__AUTOMETRIC__|0.1.2|21756|crew_log_562393808530dda7|0|1786390803.468|99.187|3.100|489246720|521330688|gen_data_8c5e4bc4df5ba92c|__AUTOMETRIC__
__AUTOMETRIC__|0.1.2|21756|crew_log_562393808530dda7|0|1786390804.481|95.630|2.988|488873984|520957952|gen_data_8c5e4bc4df5ba92c|__AUTOMETRIC__
__AUTOMETRIC__|0.1.2|21756|crew_log_562393808530dda7|0|1786390805.487|99.394|3.106|489172992|521252864|gen_data_8c5e4bc4df5ba92c|__AUTOMETRIC__
__AUTOMETRIC__|0.1.2|21756|crew_log_562393808530dda7|0|1786390806.495|96.057|3.002|488894464|520974336|gen_data_8c5e4bc4df5ba92c|__AUTOMETRIC__
__AUTOMETRIC__|0.1.2|21756|crew_log_562393808530dda7|0|1786390807.499|102.757|3.211|489160704|521240576|gen_data_8c5e4bc4df5ba92c|__AUTOMETRIC__
__AUTOMETRIC__|0.1.2|21756|crew_log_562393808530dda7|0|1786390808.500|99.858|3.121|489033728|521146368|gen_data_8c5e4bc4df5ba92c|__AUTOMETRIC__
__AUTOMETRIC__|0.1.2|21756|crew_log_562393808530dda7|0|1786390809.517|99.930|3.123|489291776|521437184|gen_data_8c5e4bc4df5ba92c|__AUTOMETRIC__
__AUTOMETRIC__|0.1.2|21756|crew_log_562393808530dda7|0|1786390810.520|99.694|3.115|489099264|521179136|gen_data_8c5e4bc4df5ba92c|__AUTOMETRIC__
__AUTOMETRIC__|0.1.2|21756|crew_log_562393808530dda7|0|1786390811.520|100.002|3.125|489033728|521113600|gen_data_8c5e4bc4df5ba92c|__AUTOMETRIC__
__AUTOMETRIC__|0.1.2|21756|crew_log_562393808530dda7|0|1786390812.527|96.209|3.007|489234432|521318400|gen_data_8c5e4bc4df5ba92c|__AUTOMETRIC__
__AUTOMETRIC__|0.1.2|21756|crew_log_562393808530dda7|0|1786390813.533|102.503|3.203|489058304|521142272|gen_data_8c5e4bc4df5ba92c|__AUTOMETRIC__
__AUTOMETRIC__|0.1.2|21756|crew_log_562393808530dda7|0|1786390814.544|100.476|3.140|489115648|521199616|gen_data_8c5e4bc4df5ba92c|__AUTOMETRIC__
__AUTOMETRIC__|0.1.2|21756|crew_log_562393808530dda7|0|1786390815.552|99.118|3.097|488861696|520945664|gen_data_8c5e4bc4df5ba92c|__AUTOMETRIC__
__AUTOMETRIC__|0.1.2|21756|crew_log_562393808530dda7|0|1786390816.567|100.105|3.128|489275392|521347072|gen_data_8c5e4bc4df5ba92c|__AUTOMETRIC__
__AUTOMETRIC__|0.1.2|21756|crew_log_562393808530dda7|0|1786390817.581|100.210|3.132|489140224|521211904|gen_data_8c5e4bc4df5ba92c|__AUTOMETRIC__
__AUTOMETRIC__|0.1.2|21756|crew_log_562393808530dda7|0|1786390818.591|95.910|2.997|488787968|520859648|gen_data_8c5e4bc4df5ba92c|__AUTOMETRIC__
__AUTOMETRIC__|0.1.2|21756|crew_log_562393808530dda7|0|1786390819.605|98.576|3.081|489140224|521211904|gen_data_8c5e4bc4df5ba92c|__AUTOMETRIC__
__AUTOMETRIC__|0.1.2|21756|crew_log_562393808530dda7|0|1786390820.614|99.136|3.098|489005056|521076736|gen_data_8c5e4bc4df5ba92c|__AUTOMETRIC__
__AUTOMETRIC__|0.1.2|21756|crew_log_562393808530dda7|0|1786390821.627|98.739|3.086|489033728|521191424|gen_data_8c5e4bc4df5ba92c|__AUTOMETRIC__
__AUTOMETRIC__|0.1.2|21756|crew_log_562393808530dda7|0|1786390822.629|99.707|3.116|489189376|521261056|gen_data_8c5e4bc4df5ba92c|__AUTOMETRIC__
__AUTOMETRIC__|0.1.2|21756|crew_log_562393808530dda7|0|1786390823.642|100.328|3.135|488914944|520990720|gen_data_8c5e4bc4df5ba92c|__AUTOMETRIC__
__AUTOMETRIC__|0.1.2|21756|crew_log_562393808530dda7|0|1786390824.654|97.230|3.038|489304064|521392128|gen_data_8c5e4bc4df5ba92c|__AUTOMETRIC__
__AUTOMETRIC__|0.1.2|21756|crew_log_562393808530dda7|0|1786390825.666|98.860|3.089|489361408|521469952|gen_data_8c5e4bc4df5ba92c|__AUTOMETRIC__
__AUTOMETRIC__|0.1.2|21756|crew_log_562393808530dda7|0|1786390826.680|98.570|3.080|489287680|521396224|gen_data_8c5e4bc4df5ba92c|__AUTOMETRIC__
__AUTOMETRIC__|0.1.2|21756|crew_log_562393808530dda7|0|1786390827.683|101.258|3.164|489181184|521285632|gen_data_8c5e4bc4df5ba92c|__AUTOMETRIC__
__AUTOMETRIC__|0.1.2|21756|crew_log_562393808530dda7|0|1786390828.697|98.627|3.082|489070592|521175040|gen_data_8c5e4bc4df5ba92c|__AUTOMETRIC__
__AUTOMETRIC__|0.1.2|21756|crew_log_562393808530dda7|0|1786390829.713|98.449|3.077|488947712|521039872|gen_data_8c5e4bc4df5ba92c|__AUTOMETRIC__
__AUTOMETRIC__|0.1.2|21756|crew_log_562393808530dda7|0|1786390830.725|100.366|3.136|489066496|521146368|gen_data_8c5e4bc4df5ba92c|__AUTOMETRIC__
__AUTOMETRIC__|0.1.2|21756|crew_log_562393808530dda7|0|1786390831.741|99.903|3.122|489418752|521527296|gen_data_8c5e4bc4df5ba92c|__AUTOMETRIC__
__AUTOMETRIC__|0.1.2|21756|crew_log_562393808530dda7|0|1786390832.756|98.522|3.079|489332736|521424896|gen_data_8c5e4bc4df5ba92c|__AUTOMETRIC__
__AUTOMETRIC__|0.1.2|21756|crew_log_562393808530dda7|0|1786390833.770|98.682|3.084|489328640|521478144|gen_data_8c5e4bc4df5ba92c|__AUTOMETRIC__
__AUTOMETRIC__|0.1.2|21756|crew_log_562393808530dda7|0|1786390834.773|98.092|3.065|489209856|521285632|gen_data_8c5e4bc4df5ba92c|__AUTOMETRIC__
__AUTOMETRIC__|0.1.2|21756|crew_log_562393808530dda7|0|1786390835.781|99.212|3.100|489422848|521498624|gen_data_8c5e4bc4df5ba92c|__AUTOMETRIC__
__AUTOMETRIC__|0.1.2|21756|crew_log_562393808530dda7|0|1786390836.796|100.112|3.128|489353216|521441280|gen_data_8c5e4bc4df5ba92c|__AUTOMETRIC__
__AUTOMETRIC__|0.1.2|21756|crew_log_562393808530dda7|0|1786390837.797|99.868|3.121|489062400|521146368|gen_data_8c5e4bc4df5ba92c|__AUTOMETRIC__
__AUTOMETRIC__|0.1.2|21756|crew_log_562393808530dda7|0|1786390838.804|99.354|3.105|489623552|521711616|gen_data_8c5e4bc4df5ba92c|__AUTOMETRIC__
__AUTOMETRIC__|0.1.2|21756|crew_log_562393808530dda7|0|1786390839.807|99.679|3.115|489521152|521609216|gen_data_8c5e4bc4df5ba92c|__AUTOMETRIC__
__AUTOMETRIC__|0.1.2|21756|crew_log_562393808530dda7|0|1786390840.822|98.526|3.079|489447424|521535488|gen_data_8c5e4bc4df5ba92c|__AUTOMETRIC__
__AUTOMETRIC__|0.1.2|21756|crew_log_562393808530dda7|0|1786390841.836|100.175|3.130|489603072|521691136|gen_data_8c5e4bc4df5ba92c|__AUTOMETRIC__
__AUTOMETRIC__|0.1.2|21756|crew_log_562393808530dda7|0|1786390842.850|98.616|3.082|489664512|521748480|gen_data_8c5e4bc4df5ba92c|__AUTOMETRIC__
__AUTOMETRIC__|0.1.2|21756|crew_log_562393808530dda7|0|1786390843.855|99.468|3.108|489439232|521519104|gen_data_8c5e4bc4df5ba92c|__AUTOMETRIC__
__AUTOMETRIC__|0.1.2|21756|crew_log_562393808530dda7|0|1786390844.864|99.143|3.098|489902080|521977856|gen_data_8c5e4bc4df5ba92c|__AUTOMETRIC__
__AUTOMETRIC__|0.1.2|21756|crew_log_562393808530dda7|0|1786390845.879|99.984|3.125|489963520|522076160|gen_data_8c5e4bc4df5ba92c|__AUTOMETRIC__
__AUTOMETRIC__|0.1.2|21756|crew_log_562393808530dda7|0|1786390846.882|96.660|3.021|489754624|521846784|gen_data_8c5e4bc4df5ba92c|__AUTOMETRIC__
__AUTOMETRIC__|0.1.2|21756|crew_log_562393808530dda7|0|1786390847.885|99.688|3.115|489725952|521818112|gen_data_8c5e4bc4df5ba92c|__AUTOMETRIC__
__AUTOMETRIC__|0.1.2|21756|crew_log_562393808530dda7|0|1786390848.889|101.167|3.161|489897984|521990144|gen_data_8c5e4bc4df5ba92c|__AUTOMETRIC__
__AUTOMETRIC__|0.1.2|21756|crew_log_562393808530dda7|0|1786390849.903|100.125|3.129|489771008|521863168|gen_data_8c5e4bc4df5ba92c|__AUTOMETRIC__
__AUTOMETRIC__|0.1.2|21756|crew_log_562393808530dda7|0|1786390850.919|100.011|3.125|490004480|522088448|gen_data_8c5e4bc4df5ba92c|__AUTOMETRIC__
__AUTOMETRIC__|0.1.2|21756|crew_log_562393808530dda7|0|1786390851.933|98.606|3.081|489893888|521977856|gen_data_8c5e4bc4df5ba92c|__AUTOMETRIC__
__AUTOMETRIC__|0.1.2|21756|crew_log_562393808530dda7|0|1786390852.939|100.903|3.153|489508864|521592832|gen_data_8c5e4bc4df5ba92c|__AUTOMETRIC__
__AUTOMETRIC__|0.1.2|21756|crew_log_562393808530dda7|0|1786390853.954|100.047|3.126|489758720|521838592|gen_data_8c5e4bc4df5ba92c|__AUTOMETRIC__
__AUTOMETRIC__|0.1.2|21756|crew_log_562393808530dda7|0|1786390854.956|98.249|3.070|489889792|521969664|gen_data_8c5e4bc4df5ba92c|__AUTOMETRIC__
__AUTOMETRIC__|0.1.2|21756|crew_log_562393808530dda7|0|1786390855.971|100.102|3.128|489893888|521969664|gen_data_8c5e4bc4df5ba92c|__AUTOMETRIC__
__AUTOMETRIC__|0.1.2|21756|crew_log_562393808530dda7|0|1786390856.976|97.892|3.059|489992192|522076160|gen_data_8c5e4bc4df5ba92c|__AUTOMETRIC__
__AUTOMETRIC__|0.1.2|21756|crew_log_562393808530dda7|0|1786390857.978|98.301|3.072|489672704|521748480|gen_data_8c5e4bc4df5ba92c|__AUTOMETRIC__
__AUTOMETRIC__|0.1.2|21756|crew_log_562393808530dda7|0|1786390858.982|99.579|3.112|489529344|521637888|gen_data_8c5e4bc4df5ba92c|__AUTOMETRIC__
__AUTOMETRIC__|0.1.2|21756|crew_log_562393808530dda7|0|1786390859.984|98.293|3.072|489484288|521588736|gen_data_8c5e4bc4df5ba92c|__AUTOMETRIC__
__AUTOMETRIC__|0.1.2|21756|crew_log_562393808530dda7|0|1786390861.000|98.421|3.076|489451520|521555968|gen_data_8c5e4bc4df5ba92c|__AUTOMETRIC__
__AUTOMETRIC__|0.1.2|21756|crew_log_562393808530dda7|0|1786390862.004|97.953|3.061|489951232|522055680|gen_data_8c5e4bc4df5ba92c|__AUTOMETRIC__
__AUTOMETRIC__|0.1.2|21756|crew_log_562393808530dda7|0|1786390863.018|100.211|3.132|489930752|522031104|gen_data_8c5e4bc4df5ba92c|__AUTOMETRIC__
__AUTOMETRIC__|0.1.2|21756|crew_log_562393808530dda7|0|1786390864.034|99.928|3.123|490078208|522170368|gen_data_8c5e4bc4df5ba92c|__AUTOMETRIC__
__AUTOMETRIC__|0.1.2|21756|crew_log_562393808530dda7|0|1786390865.046|98.853|3.089|490033152|522125312|gen_data_8c5e4bc4df5ba92c|__AUTOMETRIC__
__AUTOMETRIC__|0.1.2|21756|crew_log_562393808530dda7|0|1786390866.059|100.235|3.132|489938944|522022912|gen_data_8c5e4bc4df5ba92c|__AUTOMETRIC__
__AUTOMETRIC__|0.1.2|21756|crew_log_562393808530dda7|0|1786390867.064|96.432|3.013|490037248|522113024|gen_data_8c5e4bc4df5ba92c|__AUTOMETRIC__
__AUTOMETRIC__|0.1.2|21756|crew_log_562393808530dda7|0|1786390868.075|98.936|3.092|490172416|522248192|gen_data_8c5e4bc4df5ba92c|__AUTOMETRIC__
__AUTOMETRIC__|0.1.2|21756|crew_log_562393808530dda7|0|1786390869.088|97.088|3.034|490168320|522420224|gen_data_8c5e4bc4df5ba92c|__AUTOMETRIC__
__AUTOMETRIC__|0.1.2|21756|crew_log_562393808530dda7|0|1786390870.103|100.133|3.129|490283008|522358784|gen_data_8c5e4bc4df5ba92c|__AUTOMETRIC__
__AUTOMETRIC__|0.1.2|21756|crew_log_562393808530dda7|0|1786390871.115|100.341|3.136|490110976|522186752|gen_data_8c5e4bc4df5ba92c|__AUTOMETRIC__
__AUTOMETRIC__|0.1.2|21756|crew_log_562393808530dda7|0|1786390872.129|98.613|3.082|490110976|522186752|gen_data_8c5e4bc4df5ba92c|__AUTOMETRIC__
__AUTOMETRIC__|0.1.2|21756|crew_log_562393808530dda7|0|1786390873.139|100.565|3.143|490147840|522223616|gen_data_8c5e4bc4df5ba92c|__AUTOMETRIC__
__AUTOMETRIC__|0.1.2|21756|crew_log_562393808530dda7|0|1786390874.146|97.731|3.054|489914368|521990144|gen_data_8c5e4bc4df5ba92c|__AUTOMETRIC__
__AUTOMETRIC__|0.1.2|21756|crew_log_562393808530dda7|0|1786390875.162|99.952|3.124|490012672|522088448|gen_data_8c5e4bc4df5ba92c|__AUTOMETRIC__
__AUTOMETRIC__|0.1.2|21756|crew_log_562393808530dda7|0|1786390876.170|100.792|3.150|490299392|522375168|gen_data_8c5e4bc4df5ba92c|__AUTOMETRIC__
__AUTOMETRIC__|0.1.2|21756|crew_log_562393808530dda7|0|1786390877.173|99.662|3.114|490033152|522108928|gen_data_8c5e4bc4df5ba92c|__AUTOMETRIC__
__AUTOMETRIC__|0.1.2|21756|crew_log_562393808530dda7|0|1786390878.179|99.437|3.107|490000384|522076160|gen_data_8c5e4bc4df5ba92c|__AUTOMETRIC__
__AUTOMETRIC__|0.1.2|21756|crew_log_562393808530dda7|0|1786390879.191|98.799|3.087|490225664|522301440|gen_data_8c5e4bc4df5ba92c|__AUTOMETRIC__
__AUTOMETRIC__|0.1.2|21756|crew_log_562393808530dda7|0|1786390880.195|99.633|3.114|489816064|521891840|gen_data_8c5e4bc4df5ba92c|__AUTOMETRIC__
__AUTOMETRIC__|0.1.2|21756|crew_log_562393808530dda7|0|1786390881.207|100.354|3.136|489783296|521859072|gen_data_8c5e4bc4df5ba92c|__AUTOMETRIC__
__AUTOMETRIC__|0.1.2|21756|crew_log_562393808530dda7|0|1786390882.222|98.505|3.078|490102784|522178560|gen_data_8c5e4bc4df5ba92c|__AUTOMETRIC__
__AUTOMETRIC__|0.1.2|21756|crew_log_562393808530dda7|0|1786390883.238|98.380|3.074|490123264|522199040|gen_data_8c5e4bc4df5ba92c|__AUTOMETRIC__
__AUTOMETRIC__|0.1.2|21756|crew_log_562393808530dda7|0|1786390884.243|97.973|3.062|490041344|522117120|gen_data_8c5e4bc4df5ba92c|__AUTOMETRIC__
__AUTOMETRIC__|0.1.2|21756|crew_log_562393808530dda7|0|1786390885.244|98.375|3.074|490074112|522149888|gen_data_8c5e4bc4df5ba92c|__AUTOMETRIC__
__AUTOMETRIC__|0.1.2|21756|crew_log_562393808530dda7|0|1786390886.256|100.335|3.135|489852928|521928704|gen_data_8c5e4bc4df5ba92c|__AUTOMETRIC__
__AUTOMETRIC__|0.1.2|21756|crew_log_562393808530dda7|0|1786390887.266|100.517|3.141|490070016|522162176|gen_data_8c5e4bc4df5ba92c|__AUTOMETRIC__
__AUTOMETRIC__|0.1.2|21756|crew_log_562393808530dda7|0|1786390888.282|100.024|3.126|490250240|522326016|gen_data_8c5e4bc4df5ba92c|__AUTOMETRIC__
__AUTOMETRIC__|0.1.2|21756|crew_log_562393808530dda7|0|1786390889.293|98.943|3.092|490127360|522203136|gen_data_8c5e4bc4df5ba92c|__AUTOMETRIC__
__AUTOMETRIC__|0.1.2|21756|crew_log_562393808530dda7|0|1786390890.306|100.192|3.131|490254336|522338304|gen_data_8c5e4bc4df5ba92c|__AUTOMETRIC__
__AUTOMETRIC__|0.1.2|21756|crew_log_562393808530dda7|0|1786390891.312|99.451|3.108|489922560|522162176|gen_data_8c5e4bc4df5ba92c|__AUTOMETRIC__
__AUTOMETRIC__|0.1.2|21756|crew_log_562393808530dda7|0|1786390892.314|99.757|3.117|489881600|521965568|gen_data_8c5e4bc4df5ba92c|__AUTOMETRIC__
__AUTOMETRIC__|0.1.2|21756|crew_log_562393808530dda7|0|1786390893.329|100.093|3.128|490192896|522276864|gen_data_8c5e4bc4df5ba92c|__AUTOMETRIC__
__AUTOMETRIC__|0.1.2|21756|crew_log_562393808530dda7|0|1786390894.342|98.695|3.084|490377216|522461184|gen_data_8c5e4bc4df5ba92c|__AUTOMETRIC__
__AUTOMETRIC__|0.1.2|21756|crew_log_562393808530dda7|0|1786390895.357|100.095|3.128|490127360|522211328|gen_data_8c5e4bc4df5ba92c|__AUTOMETRIC__
__AUTOMETRIC__|0.1.2|21756|crew_log_562393808530dda7|0|1786390896.366|99.063|3.096|489926656|522010624|gen_data_8c5e4bc4df5ba92c|__AUTOMETRIC__
__AUTOMETRIC__|0.1.2|21756|crew_log_562393808530dda7|0|1786390897.378|100.335|3.135|490418176|522526720|gen_data_8c5e4bc4df5ba92c|__AUTOMETRIC__
__AUTOMETRIC__|0.1.2|21756|crew_log_562393808530dda7|0|1786390898.394|100.011|3.125|490139648|522248192|gen_data_8c5e4bc4df5ba92c|__AUTOMETRIC__
__AUTOMETRIC__|0.1.2|21756|crew_log_562393808530dda7|0|1786390899.396|99.824|3.120|490020864|522129408|gen_data_8c5e4bc4df5ba92c|__AUTOMETRIC__
__AUTOMETRIC__|0.1.2|21756|crew_log_562393808530dda7|0|1786390900.407|100.386|3.137|490070016|522178560|gen_data_8c5e4bc4df5ba92c|__AUTOMETRIC__
__AUTOMETRIC__|0.1.2|21756|crew_log_562393808530dda7|0|1786390901.411|96.543|3.017|490143744|522252288|gen_data_8c5e4bc4df5ba92c|__AUTOMETRIC__
__AUTOMETRIC__|0.1.2|21756|crew_log_562393808530dda7|0|1786390902.423|100.366|3.136|489889792|522022912|gen_data_8c5e4bc4df5ba92c|__AUTOMETRIC__
__AUTOMETRIC__|0.1.2|21756|crew_log_562393808530dda7|0|1786390903.426|98.122|3.066|490123264|522235904|gen_data_8c5e4bc4df5ba92c|__AUTOMETRIC__
__AUTOMETRIC__|0.1.2|21756|crew_log_562393808530dda7|0|1786390904.441|100.026|3.126|490008576|522166272|gen_data_8c5e4bc4df5ba92c|__AUTOMETRIC__
__AUTOMETRIC__|0.1.2|21756|crew_log_562393808530dda7|0|1786390905.454|100.246|3.133|489619456|521752576|gen_data_8c5e4bc4df5ba92c|__AUTOMETRIC__
__AUTOMETRIC__|0.1.2|21756|crew_log_562393808530dda7|0|1786390906.469|95.449|2.983|490283008|522395648|gen_data_8c5e4bc4df5ba92c|__AUTOMETRIC__
__AUTOMETRIC__|0.1.2|21756|crew_log_562393808530dda7|0|1786390907.485|96.955|3.030|490024960|522137600|gen_data_8c5e4bc4df5ba92c|__AUTOMETRIC__
__AUTOMETRIC__|0.1.2|21756|crew_log_562393808530dda7|0|1786390908.489|99.546|3.111|490110976|522223616|gen_data_8c5e4bc4df5ba92c|__AUTOMETRIC__
__AUTOMETRIC__|0.1.2|21756|crew_log_562393808530dda7|0|1786390909.501|98.809|3.088|490012672|522129408|gen_data_8c5e4bc4df5ba92c|__AUTOMETRIC__
__AUTOMETRIC__|0.1.2|21756|crew_log_562393808530dda7|0|1786390910.516|97.049|3.033|490602496|522719232|gen_data_8c5e4bc4df5ba92c|__AUTOMETRIC__
__AUTOMETRIC__|0.1.2|21756|crew_log_562393808530dda7|0|1786390911.528|100.312|3.135|490283008|522399744|gen_data_8c5e4bc4df5ba92c|__AUTOMETRIC__
__AUTOMETRIC__|0.1.2|21756|crew_log_562393808530dda7|0|1786390912.529|99.870|3.121|490164224|522280960|gen_data_8c5e4bc4df5ba92c|__AUTOMETRIC__
__AUTOMETRIC__|0.1.2|21756|crew_log_562393808530dda7|0|1786390913.544|100.092|3.128|490110976|522219520|gen_data_8c5e4bc4df5ba92c|__AUTOMETRIC__
__AUTOMETRIC__|0.1.2|21756|crew_log_562393808530dda7|0|1786390914.557|100.260|3.133|489852928|521961472|gen_data_8c5e4bc4df5ba92c|__AUTOMETRIC__
__AUTOMETRIC__|0.1.2|21756|crew_log_562393808530dda7|0|1786390915.571|101.724|3.179|490008576|522117120|gen_data_8c5e4bc4df5ba92c|__AUTOMETRIC__
__AUTOMETRIC__|0.1.2|21756|crew_log_562393808530dda7|0|1786390916.586|97.003|3.031|490315776|522424320|gen_data_8c5e4bc4df5ba92c|__AUTOMETRIC__
__AUTOMETRIC__|0.1.2|21756|crew_log_562393808530dda7|0|1786390917.595|99.037|3.095|490389504|522498048|gen_data_8c5e4bc4df5ba92c|__AUTOMETRIC__
__AUTOMETRIC__|0.1.2|21756|crew_log_562393808530dda7|0|1786390918.611|99.967|3.124|490270720|522379264|gen_data_8c5e4bc4df5ba92c|__AUTOMETRIC__
__AUTOMETRIC__|0.1.2|21756|crew_log_562393808530dda7|0|1786390919.615|98.062|3.064|490201088|522309632|gen_data_8c5e4bc4df5ba92c|__AUTOMETRIC__
__AUTOMETRIC__|0.1.2|21756|crew_log_562393808530dda7|0|1786390920.624|100.643|3.145|490659840|522768384|gen_data_8c5e4bc4df5ba92c|__AUTOMETRIC__
__AUTOMETRIC__|0.1.2|21756|crew_log_562393808530dda7|0|1786390921.625|99.945|3.123|490766336|522874880|gen_data_8c5e4bc4df5ba92c|__AUTOMETRIC__
__AUTOMETRIC__|0.1.2|21756|crew_log_562393808530dda7|0|1786390922.631|99.396|3.106|490459136|522567680|gen_data_8c5e4bc4df5ba92c|__AUTOMETRIC__
__AUTOMETRIC__|0.1.2|21756|crew_log_562393808530dda7|0|1786390923.644|100.219|3.132|490266624|522375168|gen_data_8c5e4bc4df5ba92c|__AUTOMETRIC__
__AUTOMETRIC__|0.1.2|21756|crew_log_562393808530dda7|0|1786390924.658|100.151|3.130|490663936|522772480|gen_data_8c5e4bc4df5ba92c|__AUTOMETRIC__
__AUTOMETRIC__|0.1.2|21756|crew_log_562393808530dda7|0|1786390925.674|98.440|3.076|490213376|522321920|gen_data_8c5e4bc4df5ba92c|__AUTOMETRIC__
__AUTOMETRIC__|0.1.2|21756|crew_log_562393808530dda7|0|1786390926.689|100.091|3.128|490037248|522145792|gen_data_8c5e4bc4df5ba92c|__AUTOMETRIC__
__AUTOMETRIC__|0.1.2|21756|crew_log_562393808530dda7|0|1786390927.691|99.745|3.117|489897984|522006528|gen_data_8c5e4bc4df5ba92c|__AUTOMETRIC__
__AUTOMETRIC__|0.1.2|21756|crew_log_562393808530dda7|0|1786390928.706|98.577|3.081|490201088|522309632|gen_data_8c5e4bc4df5ba92c|__AUTOMETRIC__
__AUTOMETRIC__|0.1.2|21756|crew_log_562393808530dda7|0|1786390929.713|99.282|3.103|490033152|522166272|gen_data_8c5e4bc4df5ba92c|__AUTOMETRIC__
__AUTOMETRIC__|0.1.2|21756|crew_log_562393808530dda7|0|1786390930.729|103.031|3.220|490041344|522153984|gen_data_8c5e4bc4df5ba92c|__AUTOMETRIC__
__AUTOMETRIC__|0.1.2|21756|crew_log_562393808530dda7|0|1786390931.745|99.951|3.123|490086400|522199040|gen_data_8c5e4bc4df5ba92c|__AUTOMETRIC__
__AUTOMETRIC__|0.1.2|21756|crew_log_562393808530dda7|0|1786390932.761|98.439|3.076|490348544|522465280|gen_data_8c5e4bc4df5ba92c|__AUTOMETRIC__
__AUTOMETRIC__|0.1.2|21756|crew_log_562393808530dda7|0|1786390933.769|99.237|3.101|490364928|522481664|gen_data_8c5e4bc4df5ba92c|__AUTOMETRIC__
__AUTOMETRIC__|0.1.2|21756|crew_log_562393808530dda7|0|1786390934.785|99.957|3.124|490725376|522833920|gen_data_8c5e4bc4df5ba92c|__AUTOMETRIC__
__AUTOMETRIC__|0.1.2|21756|crew_log_562393808530dda7|0|1786390935.791|97.846|3.058|490504192|522612736|gen_data_8c5e4bc4df5ba92c|__AUTOMETRIC__
__AUTOMETRIC__|0.1.2|21756|crew_log_562393808530dda7|0|1786390936.805|100.132|3.129|490283008|522407936|gen_data_8c5e4bc4df5ba92c|__AUTOMETRIC__
__AUTOMETRIC__|0.1.2|21756|crew_log_562393808530dda7|0|1786390937.818|100.326|3.135|490070016|522194944|gen_data_8c5e4bc4df5ba92c|__AUTOMETRIC__
__AUTOMETRIC__|0.1.2|21756|crew_log_562393808530dda7|0|1786390938.833|98.507|3.078|490954752|523079680|gen_data_8c5e4bc4df5ba92c|__AUTOMETRIC__
__AUTOMETRIC__|0.1.2|21756|crew_log_562393808530dda7|0|1786390939.843|98.952|3.092|490729472|522854400|gen_data_8c5e4bc4df5ba92c|__AUTOMETRIC__
__AUTOMETRIC__|0.1.2|21756|crew_log_562393808530dda7|0|1786390940.853|99.028|3.095|490258432|522383360|gen_data_8c5e4bc4df5ba92c|__AUTOMETRIC__
__AUTOMETRIC__|0.1.2|21756|crew_log_562393808530dda7|0|1786390941.865|100.387|3.137|490360832|522485760|gen_data_8c5e4bc4df5ba92c|__AUTOMETRIC__
__AUTOMETRIC__|0.1.2|21756|crew_log_562393808530dda7|0|1786390942.875|100.527|3.141|490639360|522764288|gen_data_8c5e4bc4df5ba92c|__AUTOMETRIC__
__AUTOMETRIC__|0.1.2|21756|crew_log_562393808530dda7|0|1786390943.885|98.998|3.094|490283008|522407936|gen_data_8c5e4bc4df5ba92c|__AUTOMETRIC__
__AUTOMETRIC__|0.1.2|21756|crew_log_562393808530dda7|0|1786390944.901|96.939|3.029|490618880|522772480|gen_data_8c5e4bc4df5ba92c|__AUTOMETRIC__
__AUTOMETRIC__|0.1.2|21756|crew_log_562393808530dda7|0|1786390945.912|98.846|3.089|490401792|522526720|gen_data_8c5e4bc4df5ba92c|__AUTOMETRIC__
__AUTOMETRIC__|0.1.2|21756|crew_log_562393808530dda7|0|1786390946.926|98.706|3.085|490668032|522776576|gen_data_8c5e4bc4df5ba92c|__AUTOMETRIC__
__AUTOMETRIC__|0.1.2|21756|crew_log_562393808530dda7|0|1786390947.930|99.525|3.110|490676224|522784768|gen_data_8c5e4bc4df5ba92c|__AUTOMETRIC__
__AUTOMETRIC__|0.1.2|21756|crew_log_562393808530dda7|0|1786390948.933|98.132|3.067|490487808|522596352|gen_data_8c5e4bc4df5ba92c|__AUTOMETRIC__
__AUTOMETRIC__|0.1.2|21756|crew_log_562393808530dda7|0|1786390949.947|98.646|3.083|490745856|522854400|gen_data_8c5e4bc4df5ba92c|__AUTOMETRIC__
__AUTOMETRIC__|0.1.2|21756|crew_log_562393808530dda7|0|1786390950.951|102.782|3.212|490541056|522649600|gen_data_8c5e4bc4df5ba92c|__AUTOMETRIC__
__AUTOMETRIC__|0.1.2|21756|crew_log_562393808530dda7|0|1786390951.965|100.153|3.130|490418176|522526720|gen_data_8c5e4bc4df5ba92c|__AUTOMETRIC__
__AUTOMETRIC__|0.1.2|21756|crew_log_562393808530dda7|0|1786390952.971|99.405|3.106|490520576|522629120|gen_data_8c5e4bc4df5ba92c|__AUTOMETRIC__
__AUTOMETRIC__|0.1.2|21756|crew_log_562393808530dda7|0|1786390953.981|100.471|3.140|490496000|522604544|gen_data_8c5e4bc4df5ba92c|__AUTOMETRIC__
__AUTOMETRIC__|0.1.2|21756|crew_log_562393808530dda7|0|1786390954.989|99.229|3.101|490651648|522760192|gen_data_8c5e4bc4df5ba92c|__AUTOMETRIC__
__AUTOMETRIC__|0.1.2|21756|crew_log_562393808530dda7|0|1786390955.997|100.764|3.149|490627072|522735616|gen_data_8c5e4bc4df5ba92c|__AUTOMETRIC__
__AUTOMETRIC__|0.1.2|21756|crew_log_562393808530dda7|0|1786390957.005|97.661|3.052|490520576|522629120|gen_data_8c5e4bc4df5ba92c|__AUTOMETRIC__
__AUTOMETRIC__|0.1.2|21756|crew_log_562393808530dda7|0|1786390958.020|98.577|3.081|490549248|522657792|gen_data_8c5e4bc4df5ba92c|__AUTOMETRIC__
__AUTOMETRIC__|0.1.2|21756|crew_log_562393808530dda7|0|1786390959.033|100.222|3.132|490483712|522592256|gen_data_8c5e4bc4df5ba92c|__AUTOMETRIC__
__AUTOMETRIC__|0.1.2|21756|crew_log_562393808530dda7|0|1786390960.038|99.503|3.109|490500096|522764288|gen_data_8c5e4bc4df5ba92c|__AUTOMETRIC__
__AUTOMETRIC__|0.1.2|21756|crew_log_562393808530dda7|0|1786390961.045|99.337|3.104|490815488|522924032|gen_data_8c5e4bc4df5ba92c|__AUTOMETRIC__
__AUTOMETRIC__|0.1.2|21756|crew_log_562393808530dda7|0|1786390962.054|95.982|2.999|490631168|522739712|gen_data_8c5e4bc4df5ba92c|__AUTOMETRIC__
__AUTOMETRIC__|0.1.2|21756|crew_log_562393808530dda7|0|1786390963.061|99.282|3.103|490770432|522887168|gen_data_8c5e4bc4df5ba92c|__AUTOMETRIC__
__AUTOMETRIC__|0.1.2|21756|crew_log_562393808530dda7|0|1786390964.066|99.500|3.109|490557440|522674176|gen_data_8c5e4bc4df5ba92c|__AUTOMETRIC__
__AUTOMETRIC__|0.1.2|21756|crew_log_562393808530dda7|0|1786390965.071|99.551|3.111|490598400|522711040|gen_data_8c5e4bc4df5ba92c|__AUTOMETRIC__
__AUTOMETRIC__|0.1.2|21756|crew_log_562393808530dda7|0|1786390966.084|100.192|3.131|490635264|522747904|gen_data_8c5e4bc4df5ba92c|__AUTOMETRIC__
__AUTOMETRIC__|0.1.2|21756|crew_log_562393808530dda7|0|1786390967.088|99.603|3.113|490962944|523038720|gen_data_8c5e4bc4df5ba92c|__AUTOMETRIC__
__AUTOMETRIC__|0.1.2|21756|crew_log_562393808530dda7|0|1786390968.095|99.291|3.103|490422272|522506240|gen_data_8c5e4bc4df5ba92c|__AUTOMETRIC__
__AUTOMETRIC__|0.1.2|21756|crew_log_562393808530dda7|0|1786390969.107|100.421|3.138|490213376|522297344|gen_data_8c5e4bc4df5ba92c|__AUTOMETRIC__
__AUTOMETRIC__|0.1.2|21756|crew_log_562393808530dda7|0|1786390970.123|98.391|3.075|490225664|522309632|gen_data_8c5e4bc4df5ba92c|__AUTOMETRIC__
__AUTOMETRIC__|0.1.2|21756|crew_log_562393808530dda7|0|1786390971.135|98.868|3.090|490729472|522833920|gen_data_8c5e4bc4df5ba92c|__AUTOMETRIC__
__AUTOMETRIC__|0.1.2|21756|crew_log_562393808530dda7|0|1786390972.142|100.813|3.150|490815488|522903552|gen_data_8c5e4bc4df5ba92c|__AUTOMETRIC__
__AUTOMETRIC__|0.1.2|21756|crew_log_562393808530dda7|0|1786390973.153|98.887|3.090|490733568|522821632|gen_data_8c5e4bc4df5ba92c|__AUTOMETRIC__
__AUTOMETRIC__|0.1.2|21756|crew_log_562393808530dda7|0|1786390974.154|99.915|3.122|490586112|522670080|gen_data_8c5e4bc4df5ba92c|__AUTOMETRIC__
__AUTOMETRIC__|0.1.2|21756|crew_log_562393808530dda7|0|1786390975.171|99.863|3.121|490766336|522850304|gen_data_8c5e4bc4df5ba92c|__AUTOMETRIC__
__AUTOMETRIC__|0.1.2|21756|crew_log_562393808530dda7|0|1786390976.188|98.370|3.074|490582016|522665984|gen_data_8c5e4bc4df5ba92c|__AUTOMETRIC__
__AUTOMETRIC__|0.1.2|21756|crew_log_562393808530dda7|0|1786390977.202|98.623|3.082|490774528|522887168|gen_data_8c5e4bc4df5ba92c|__AUTOMETRIC__
__AUTOMETRIC__|0.1.2|21756|crew_log_562393808530dda7|0|1786390978.208|99.414|3.107|490479616|522567680|gen_data_8c5e4bc4df5ba92c|__AUTOMETRIC__
__AUTOMETRIC__|0.1.2|21756|crew_log_562393808530dda7|0|1786390979.215|100.828|3.151|490897408|522985472|gen_data_8c5e4bc4df5ba92c|__AUTOMETRIC__
__AUTOMETRIC__|0.1.2|21756|crew_log_562393808530dda7|0|1786390980.225|98.979|3.093|490663936|522752000|gen_data_8c5e4bc4df5ba92c|__AUTOMETRIC__
__AUTOMETRIC__|0.1.2|21756|crew_log_562393808530dda7|0|1786390981.241|99.995|3.125|490733568|522813440|gen_data_8c5e4bc4df5ba92c|__AUTOMETRIC__
__AUTOMETRIC__|0.1.2|21756|crew_log_562393808530dda7|0|1786390982.252|100.417|3.138|490565632|522645504|gen_data_8c5e4bc4df5ba92c|__AUTOMETRIC__
__AUTOMETRIC__|0.1.2|21756|crew_log_562393808530dda7|0|1786390983.255|99.753|3.117|491204608|523284480|gen_data_8c5e4bc4df5ba92c|__AUTOMETRIC__
__AUTOMETRIC__|0.1.2|21756|crew_log_562393808530dda7|0|1786390984.266|100.458|3.139|491085824|523169792|gen_data_8c5e4bc4df5ba92c|__AUTOMETRIC__
__AUTOMETRIC__|0.1.2|21756|crew_log_562393808530dda7|0|1786390985.282|99.901|3.122|490881024|523161600|gen_data_8c5e4bc4df5ba92c|__AUTOMETRIC__
__AUTOMETRIC__|0.1.2|21756|crew_log_562393808530dda7|0|1786390986.295|100.318|3.135|491053056|523128832|gen_data_8c5e4bc4df5ba92c|__AUTOMETRIC__
__AUTOMETRIC__|0.1.2|21756|crew_log_562393808530dda7|0|1786390987.297|99.823|3.119|490868736|522948608|gen_data_8c5e4bc4df5ba92c|__AUTOMETRIC__
__AUTOMETRIC__|0.1.2|21756|crew_log_562393808530dda7|0|1786390988.312|96.926|3.029|490852352|522940416|gen_data_8c5e4bc4df5ba92c|__AUTOMETRIC__
__AUTOMETRIC__|0.1.2|21756|crew_log_562393808530dda7|0|1786390989.318|99.404|3.106|490848256|522924032|gen_data_8c5e4bc4df5ba92c|__AUTOMETRIC__
__AUTOMETRIC__|0.1.2|21756|crew_log_562393808530dda7|0|1786390990.320|99.840|3.120|490442752|522518528|gen_data_8c5e4bc4df5ba92c|__AUTOMETRIC__
__AUTOMETRIC__|0.1.2|21756|crew_log_562393808530dda7|0|1786390991.333|98.718|3.085|491048960|523157504|gen_data_8c5e4bc4df5ba92c|__AUTOMETRIC__
__AUTOMETRIC__|0.1.2|21756|crew_log_562393808530dda7|0|1786390992.335|101.350|3.167|490479616|522571776|gen_data_8c5e4bc4df5ba92c|__AUTOMETRIC__
__AUTOMETRIC__|0.1.2|21756|crew_log_562393808530dda7|0|1786390993.343|97.675|3.052|490713088|522805248|gen_data_8c5e4bc4df5ba92c|__AUTOMETRIC__
__AUTOMETRIC__|0.1.2|21756|crew_log_562393808530dda7|0|1786390994.355|100.348|3.136|490508288|522592256|gen_data_8c5e4bc4df5ba92c|__AUTOMETRIC__
__AUTOMETRIC__|0.1.2|21756|crew_log_562393808530dda7|0|1786390995.357|99.809|3.119|490975232|523051008|gen_data_8c5e4bc4df5ba92c|__AUTOMETRIC__
__AUTOMETRIC__|0.1.2|21756|crew_log_562393808530dda7|0|1786390996.364|96.188|3.006|490426368|522502144|gen_data_8c5e4bc4df5ba92c|__AUTOMETRIC__
__AUTOMETRIC__|0.1.2|21756|crew_log_562393808530dda7|0|1786390997.377|98.743|3.086|490864640|522940416|gen_data_8c5e4bc4df5ba92c|__AUTOMETRIC__
__AUTOMETRIC__|0.1.2|21756|crew_log_562393808530dda7|0|1786390998.378|98.323|3.073|491094016|523206656|gen_data_8c5e4bc4df5ba92c|__AUTOMETRIC__
__AUTOMETRIC__|0.1.2|21756|crew_log_562393808530dda7|0|1786390999.383|100.984|3.156|490901504|522989568|gen_data_8c5e4bc4df5ba92c|__AUTOMETRIC__
__AUTOMETRIC__|0.1.2|21756|crew_log_562393808530dda7|0|1786391000.387|102.730|3.210|491016192|523104256|gen_data_8c5e4bc4df5ba92c|__AUTOMETRIC__
__AUTOMETRIC__|0.1.2|21756|crew_log_562393808530dda7|0|1786391001.402|98.594|3.081|490639360|522719232|gen_data_8c5e4bc4df5ba92c|__AUTOMETRIC__
__AUTOMETRIC__|0.1.2|21756|crew_log_562393808530dda7|0|1786391002.417|96.934|3.029|491257856|523337728|gen_data_8c5e4bc4df5ba92c|__AUTOMETRIC__
__AUTOMETRIC__|0.1.2|21756|crew_log_562393808530dda7|0|1786391003.419|101.379|3.168|491057152|523137024|gen_data_8c5e4bc4df5ba92c|__AUTOMETRIC__
__AUTOMETRIC__|0.1.2|21756|crew_log_562393808530dda7|0|1786391004.424|99.510|3.110|490684416|522764288|gen_data_8c5e4bc4df5ba92c|__AUTOMETRIC__
__AUTOMETRIC__|0.1.2|21756|crew_log_562393808530dda7|0|1786391005.435|100.481|3.140|490979328|523059200|gen_data_8c5e4bc4df5ba92c|__AUTOMETRIC__
__AUTOMETRIC__|0.1.2|21756|crew_log_562393808530dda7|0|1786391006.450|100.033|3.126|490885120|522964992|gen_data_8c5e4bc4df5ba92c|__AUTOMETRIC__
__AUTOMETRIC__|0.1.2|21756|crew_log_562393808530dda7|0|1786391007.451|99.898|3.122|490688512|522768384|gen_data_8c5e4bc4df5ba92c|__AUTOMETRIC__
__AUTOMETRIC__|0.1.2|21756|crew_log_562393808530dda7|0|1786391008.453|99.756|3.117|490496000|522575872|gen_data_8c5e4bc4df5ba92c|__AUTOMETRIC__
__AUTOMETRIC__|0.1.2|21756|crew_log_562393808530dda7|0|1786391009.462|97.617|3.051|491294720|523374592|gen_data_8c5e4bc4df5ba92c|__AUTOMETRIC__
__AUTOMETRIC__|0.1.2|21756|crew_log_562393808530dda7|0|1786391010.476|101.654|3.177|490479616|522555392|gen_data_8c5e4bc4df5ba92c|__AUTOMETRIC__
__AUTOMETRIC__|0.1.2|21756|crew_log_562393808530dda7|0|1786391011.479|101.303|3.166|490680320|522809344|gen_data_8c5e4bc4df5ba92c|__AUTOMETRIC__
__AUTOMETRIC__|0.1.2|21756|crew_log_562393808530dda7|0|1786391012.482|99.651|3.114|490823680|522981376|gen_data_8c5e4bc4df5ba92c|__AUTOMETRIC__
__AUTOMETRIC__|0.1.2|21756|crew_log_562393808530dda7|0|1786391013.498|99.951|3.123|490876928|523034624|gen_data_8c5e4bc4df5ba92c|__AUTOMETRIC__
__AUTOMETRIC__|0.1.2|21756|crew_log_562393808530dda7|0|1786391014.511|97.243|3.039|490430464|522792960|gen_data_8c5e4bc4df5ba92c|__AUTOMETRIC__
__AUTOMETRIC__|0.1.2|21756|crew_log_562393808530dda7|0|1786391015.523|101.818|3.182|490831872|522907648|gen_data_8c5e4bc4df5ba92c|__AUTOMETRIC__
__AUTOMETRIC__|0.1.2|21756|crew_log_562393808530dda7|0|1786391016.536|98.796|3.087|490876928|522952704|gen_data_8c5e4bc4df5ba92c|__AUTOMETRIC__
__AUTOMETRIC__|0.1.2|21756|crew_log_562393808530dda7|0|1786391017.538|96.663|3.021|490950656|523034624|gen_data_8c5e4bc4df5ba92c|__AUTOMETRIC__
__AUTOMETRIC__|0.1.2|21756|crew_log_562393808530dda7|0|1786391018.541|101.204|3.163|490967040|523051008|gen_data_8c5e4bc4df5ba92c|__AUTOMETRIC__
__AUTOMETRIC__|0.1.2|21756|crew_log_562393808530dda7|0|1786391019.543|99.876|3.121|490934272|523018240|gen_data_8c5e4bc4df5ba92c|__AUTOMETRIC__
__AUTOMETRIC__|0.1.2|21756|crew_log_562393808530dda7|0|1786391020.558|99.977|3.124|491151360|523235328|gen_data_8c5e4bc4df5ba92c|__AUTOMETRIC__
__AUTOMETRIC__|0.1.2|21756|crew_log_562393808530dda7|0|1786391021.572|98.654|3.083|490975232|523059200|gen_data_8c5e4bc4df5ba92c|__AUTOMETRIC__
__AUTOMETRIC__|0.1.2|21756|crew_log_562393808530dda7|0|1786391022.576|99.657|3.114|491126784|523210752|gen_data_8c5e4bc4df5ba92c|__AUTOMETRIC__
__AUTOMETRIC__|0.1.2|21756|crew_log_562393808530dda7|0|1786391023.580|99.591|3.112|491212800|523296768|gen_data_8c5e4bc4df5ba92c|__AUTOMETRIC__
__AUTOMETRIC__|0.1.2|21756|crew_log_562393808530dda7|0|1786391024.595|99.999|3.125|491225088|523304960|gen_data_8c5e4bc4df5ba92c|__AUTOMETRIC__
__AUTOMETRIC__|0.1.2|21756|crew_log_562393808530dda7|0|1786391025.610|100.087|3.128|490889216|522964992|gen_data_8c5e4bc4df5ba92c|__AUTOMETRIC__
__AUTOMETRIC__|0.1.2|21756|crew_log_562393808530dda7|0|1786391026.626|98.460|3.077|490819584|522895360|gen_data_8c5e4bc4df5ba92c|__AUTOMETRIC__
__AUTOMETRIC__|0.1.2|21756|crew_log_562393808530dda7|0|1786391027.631|99.510|3.110|491020288|523100160|gen_data_8c5e4bc4df5ba92c|__AUTOMETRIC__
__AUTOMETRIC__|0.1.2|21756|crew_log_562393808530dda7|0|1786391028.635|101.100|3.159|491487232|523567104|gen_data_8c5e4bc4df5ba92c|__AUTOMETRIC__
__AUTOMETRIC__|0.1.2|21756|crew_log_562393808530dda7|0|1786391029.640|97.982|3.062|491483136|523563008|gen_data_8c5e4bc4df5ba92c|__AUTOMETRIC__
__AUTOMETRIC__|0.1.2|21756|crew_log_562393808530dda7|0|1786391030.641|99.879|3.121|490852352|522932224|gen_data_8c5e4bc4df5ba92c|__AUTOMETRIC__
__AUTOMETRIC__|0.1.2|21756|crew_log_562393808530dda7|0|1786391031.650|99.129|3.098|491036672|523116544|gen_data_8c5e4bc4df5ba92c|__AUTOMETRIC__
__AUTOMETRIC__|0.1.2|21756|crew_log_562393808530dda7|0|1786391032.652|101.305|3.166|491212800|523292672|gen_data_8c5e4bc4df5ba92c|__AUTOMETRIC__
__AUTOMETRIC__|0.1.2|21756|crew_log_562393808530dda7|0|1786391033.662|99.029|3.095|491245568|523325440|gen_data_8c5e4bc4df5ba92c|__AUTOMETRIC__
__AUTOMETRIC__|0.1.2|21756|crew_log_562393808530dda7|0|1786391034.666|96.530|3.017|491028480|523108352|gen_data_8c5e4bc4df5ba92c|__AUTOMETRIC__
__AUTOMETRIC__|0.1.2|21756|crew_log_562393808530dda7|0|1786391035.672|99.419|3.107|491184128|523264000|gen_data_8c5e4bc4df5ba92c|__AUTOMETRIC__
__AUTOMETRIC__|0.1.2|21756|crew_log_562393808530dda7|0|1786391036.687|98.447|3.076|491118592|523198464|gen_data_8c5e4bc4df5ba92c|__AUTOMETRIC__
__AUTOMETRIC__|0.1.2|21756|crew_log_562393808530dda7|0|1786391037.693|97.889|3.059|491163648|523247616|gen_data_8c5e4bc4df5ba92c|__AUTOMETRIC__
__AUTOMETRIC__|0.1.2|21756|crew_log_562393808530dda7|0|1786391038.701|99.185|3.100|491266048|523370496|gen_data_8c5e4bc4df5ba92c|__AUTOMETRIC__
__AUTOMETRIC__|0.1.2|21756|crew_log_562393808530dda7|0|1786391039.715|97.102|3.034|490946560|523030528|gen_data_8c5e4bc4df5ba92c|__AUTOMETRIC__
__AUTOMETRIC__|0.1.2|21756|crew_log_562393808530dda7|0|1786391040.718|99.690|3.115|490962944|523046912|gen_data_8c5e4bc4df5ba92c|__AUTOMETRIC__
__AUTOMETRIC__|0.1.2|21756|crew_log_562393808530dda7|0|1786391041.734|98.393|3.075|491028480|523112448|gen_data_8c5e4bc4df5ba92c|__AUTOMETRIC__
__AUTOMETRIC__|0.1.2|21756|crew_log_562393808530dda7|0|1786391042.739|98.031|3.063|490954752|523038720|gen_data_8c5e4bc4df5ba92c|__AUTOMETRIC__
__AUTOMETRIC__|0.1.2|21756|crew_log_562393808530dda7|0|1786391043.754|96.894|3.028|491237376|523321344|gen_data_8c5e4bc4df5ba92c|__AUTOMETRIC__
__AUTOMETRIC__|0.1.2|21756|crew_log_562393808530dda7|0|1786391044.759|101.119|3.160|491175936|523264000|gen_data_8c5e4bc4df5ba92c|__AUTOMETRIC__
__AUTOMETRIC__|0.1.2|21756|crew_log_562393808530dda7|0|1786391045.768|102.172|3.193|491462656|523558912|gen_data_8c5e4bc4df5ba92c|__AUTOMETRIC__
__AUTOMETRIC__|0.1.2|21756|crew_log_562393808530dda7|0|1786391046.779|100.489|3.140|491364352|523460608|gen_data_8c5e4bc4df5ba92c|__AUTOMETRIC__
__AUTOMETRIC__|0.1.2|21756|crew_log_562393808530dda7|0|1786391047.792|100.277|3.134|491184128|523268096|gen_data_8c5e4bc4df5ba92c|__AUTOMETRIC__
__AUTOMETRIC__|0.1.2|21756|crew_log_562393808530dda7|0|1786391048.806|98.623|3.082|490905600|522985472|gen_data_8c5e4bc4df5ba92c|__AUTOMETRIC__
__AUTOMETRIC__|0.1.2|21756|crew_log_562393808530dda7|0|1786391049.813|100.798|3.150|491245568|523333632|gen_data_8c5e4bc4df5ba92c|__AUTOMETRIC__
__AUTOMETRIC__|0.1.2|21756|crew_log_562393808530dda7|0|1786391050.818|99.494|3.109|491307008|523390976|gen_data_8c5e4bc4df5ba92c|__AUTOMETRIC__
__AUTOMETRIC__|0.1.2|21756|crew_log_562393808530dda7|0|1786391051.834|99.980|3.124|491646976|523755520|gen_data_8c5e4bc4df5ba92c|__AUTOMETRIC__
__AUTOMETRIC__|0.1.2|21756|crew_log_562393808530dda7|0|1786391052.851|99.911|3.122|491618304|523698176|gen_data_8c5e4bc4df5ba92c|__AUTOMETRIC__
__AUTOMETRIC__|0.1.2|21756|crew_log_562393808530dda7|0|1786391053.856|101.001|3.156|491360256|523440128|gen_data_8c5e4bc4df5ba92c|__AUTOMETRIC__
__AUTOMETRIC__|0.1.2|21756|crew_log_562393808530dda7|0|1786391054.858|99.818|3.119|491245568|523341824|gen_data_8c5e4bc4df5ba92c|__AUTOMETRIC__
__AUTOMETRIC__|0.1.2|21756|crew_log_562393808530dda7|0|1786391055.862|96.505|3.016|491573248|523669504|gen_data_8c5e4bc4df5ba92c|__AUTOMETRIC__
__AUTOMETRIC__|0.1.2|21756|crew_log_562393808530dda7|0|1786391056.875|100.207|3.131|491487232|523583488|gen_data_8c5e4bc4df5ba92c|__AUTOMETRIC__
__AUTOMETRIC__|0.1.2|21756|crew_log_562393808530dda7|0|1786391057.880|98.002|3.063|491483136|523571200|gen_data_8c5e4bc4df5ba92c|__AUTOMETRIC__
__AUTOMETRIC__|0.1.2|21756|crew_log_562393808530dda7|0|1786391058.889|99.083|3.096|491438080|523517952|gen_data_8c5e4bc4df5ba92c|__AUTOMETRIC__
__AUTOMETRIC__|0.1.2|21756|crew_log_562393808530dda7|0|1786391059.893|99.615|3.113|491237376|523317248|gen_data_8c5e4bc4df5ba92c|__AUTOMETRIC__
__AUTOMETRIC__|0.1.2|21756|crew_log_562393808530dda7|0|1786391060.897|98.052|3.064|491249664|523329536|gen_data_8c5e4bc4df5ba92c|__AUTOMETRIC__
__AUTOMETRIC__|0.1.2|21756|crew_log_562393808530dda7|0|1786391061.903|99.436|3.107|491151360|523239424|gen_data_8c5e4bc4df5ba92c|__AUTOMETRIC__
__AUTOMETRIC__|0.1.2|21756|crew_log_562393808530dda7|0|1786391062.915|98.733|3.085|491507712|523595776|gen_data_8c5e4bc4df5ba92c|__AUTOMETRIC__
__AUTOMETRIC__|0.1.2|21756|crew_log_562393808530dda7|0|1786391063.929|100.240|3.132|491499520|523587584|gen_data_8c5e4bc4df5ba92c|__AUTOMETRIC__
__AUTOMETRIC__|0.1.2|21756|crew_log_562393808530dda7|0|1786391064.941|101.897|3.184|491307008|523395072|gen_data_8c5e4bc4df5ba92c|__AUTOMETRIC__
__AUTOMETRIC__|0.1.2|21756|crew_log_562393808530dda7|0|1786391065.944|98.112|3.066|491331584|523419648|gen_data_8c5e4bc4df5ba92c|__AUTOMETRIC__
__AUTOMETRIC__|0.1.2|21756|crew_log_562393808530dda7|0|1786391066.958|100.139|3.129|491331584|523419648|gen_data_8c5e4bc4df5ba92c|__AUTOMETRIC__
__AUTOMETRIC__|0.1.2|21756|crew_log_562393808530dda7|0|1786391067.973|100.108|3.128|491470848|523558912|gen_data_8c5e4bc4df5ba92c|__AUTOMETRIC__
__AUTOMETRIC__|0.1.2|21756|crew_log_562393808530dda7|0|1786391068.977|99.558|3.111|491544576|523628544|gen_data_8c5e4bc4df5ba92c|__AUTOMETRIC__
__AUTOMETRIC__|0.1.2|21756|crew_log_562393808530dda7|0|1786391069.992|101.667|3.177|491618304|523702272|gen_data_8c5e4bc4df5ba92c|__AUTOMETRIC__
__AUTOMETRIC__|0.1.2|21756|crew_log_562393808530dda7|0|1786391071.002|98.945|3.092|491552768|523636736|gen_data_8c5e4bc4df5ba92c|__AUTOMETRIC__
__AUTOMETRIC__|0.1.2|21756|crew_log_562393808530dda7|0|1786391072.010|102.341|3.198|491126784|523206656|gen_data_8c5e4bc4df5ba92c|__AUTOMETRIC__
__AUTOMETRIC__|0.1.2|21756|crew_log_562393808530dda7|0|1786391073.017|96.193|3.006|491110400|523190272|gen_data_8c5e4bc4df5ba92c|__AUTOMETRIC__
__AUTOMETRIC__|0.1.2|21756|crew_log_562393808530dda7|0|1786391074.020|99.735|3.117|490897408|522977280|gen_data_8c5e4bc4df5ba92c|__AUTOMETRIC__
__AUTOMETRIC__|0.1.2|21756|crew_log_562393808530dda7|0|1786391075.024|96.487|3.015|491220992|523304960|gen_data_8c5e4bc4df5ba92c|__AUTOMETRIC__
__AUTOMETRIC__|0.1.2|21756|crew_log_562393808530dda7|0|1786391076.033|100.632|3.145|491130880|523292672|gen_data_8c5e4bc4df5ba92c|__AUTOMETRIC__
__AUTOMETRIC__|0.1.2|21756|crew_log_562393808530dda7|0|1786391077.040|99.332|3.104|491266048|523427840|gen_data_8c5e4bc4df5ba92c|__AUTOMETRIC__
__AUTOMETRIC__|0.1.2|21756|crew_log_562393808530dda7|0|1786391078.050|102.040|3.189|491302912|523456512|gen_data_8c5e4bc4df5ba92c|__AUTOMETRIC__
__AUTOMETRIC__|0.1.2|21756|crew_log_562393808530dda7|0|1786391079.060|100.626|3.145|491380736|523501568|gen_data_8c5e4bc4df5ba92c|__AUTOMETRIC__
__AUTOMETRIC__|0.1.2|21756|crew_log_562393808530dda7|0|1786391080.064|99.545|3.111|491126784|523247616|gen_data_8c5e4bc4df5ba92c|__AUTOMETRIC__
__AUTOMETRIC__|0.1.2|21756|crew_log_562393808530dda7|0|1786391081.079|100.076|3.127|490917888|523030528|gen_data_8c5e4bc4df5ba92c|__AUTOMETRIC__
__AUTOMETRIC__|0.1.2|21756|crew_log_562393808530dda7|0|1786391082.086|99.273|3.102|491036672|523137024|gen_data_8c5e4bc4df5ba92c|__AUTOMETRIC__
__AUTOMETRIC__|0.1.2|21756|crew_log_562393808530dda7|0|1786391083.100|100.225|3.132|491167744|523268096|gen_data_8c5e4bc4df5ba92c|__AUTOMETRIC__
__AUTOMETRIC__|0.1.2|21756|crew_log_562393808530dda7|0|1786391084.113|100.179|3.131|491241472|523341824|gen_data_8c5e4bc4df5ba92c|__AUTOMETRIC__
__AUTOMETRIC__|0.1.2|21756|crew_log_562393808530dda7|0|1786391085.121|97.682|3.053|491524096|523624448|gen_data_8c5e4bc4df5ba92c|__AUTOMETRIC__
__AUTOMETRIC__|0.1.2|21756|crew_log_562393808530dda7|0|1786391086.129|99.207|3.100|491732992|523825152|gen_data_8c5e4bc4df5ba92c|__AUTOMETRIC__
__AUTOMETRIC__|0.1.2|21756|crew_log_562393808530dda7|0|1786391087.133|98.063|3.064|491585536|523665408|gen_data_8c5e4bc4df5ba92c|__AUTOMETRIC__
__AUTOMETRIC__|0.1.2|21756|crew_log_562393808530dda7|0|1786391088.144|95.861|2.996|491675648|523767808|gen_data_8c5e4bc4df5ba92c|__AUTOMETRIC__
__AUTOMETRIC__|0.1.2|21756|crew_log_562393808530dda7|0|1786391089.146|98.216|3.069|491687936|523780096|gen_data_8c5e4bc4df5ba92c|__AUTOMETRIC__
__AUTOMETRIC__|0.1.2|21756|crew_log_562393808530dda7|0|1786391090.162|99.940|3.123|491884544|523976704|gen_data_8c5e4bc4df5ba92c|__AUTOMETRIC__
__AUTOMETRIC__|0.1.2|21756|crew_log_562393808530dda7|0|1786391091.164|99.783|3.118|491954176|524038144|gen_data_8c5e4bc4df5ba92c|__AUTOMETRIC__
__AUTOMETRIC__|0.1.2|21756|crew_log_562393808530dda7|0|1786391092.172|99.242|3.101|491638784|523735040|gen_data_8c5e4bc4df5ba92c|__AUTOMETRIC__
__AUTOMETRIC__|0.1.2|21756|crew_log_562393808530dda7|0|1786391093.174|98.220|3.069|491749376|523829248|gen_data_8c5e4bc4df5ba92c|__AUTOMETRIC__
__AUTOMETRIC__|0.1.2|21756|crew_log_562393808530dda7|0|1786391094.177|96.631|3.020|492019712|524099584|gen_data_8c5e4bc4df5ba92c|__AUTOMETRIC__
__AUTOMETRIC__|0.1.2|21756|crew_log_562393808530dda7|0|1786391095.191|100.111|3.128|491950080|524029952|gen_data_8c5e4bc4df5ba92c|__AUTOMETRIC__
__AUTOMETRIC__|0.1.2|21756|crew_log_562393808530dda7|0|1786391096.206|100.107|3.128|491642880|523726848|gen_data_8c5e4bc4df5ba92c|__AUTOMETRIC__
__AUTOMETRIC__|0.1.2|21756|crew_log_562393808530dda7|0|1786391097.216|100.517|3.141|491495424|523808768|gen_data_8c5e4bc4df5ba92c|__AUTOMETRIC__
__AUTOMETRIC__|0.1.2|21756|crew_log_562393808530dda7|0|1786391098.220|98.036|3.064|491814912|523894784|gen_data_8c5e4bc4df5ba92c|__AUTOMETRIC__
__AUTOMETRIC__|0.1.2|21756|crew_log_562393808530dda7|0|1786391099.224|96.471|3.015|491974656|524054528|gen_data_8c5e4bc4df5ba92c|__AUTOMETRIC__
__AUTOMETRIC__|0.1.2|21756|crew_log_562393808530dda7|0|1786391100.240|98.424|3.076|491855872|523964416|gen_data_8c5e4bc4df5ba92c|__AUTOMETRIC__
__AUTOMETRIC__|0.1.2|21756|crew_log_562393808530dda7|0|1786391101.255|100.056|3.127|491872256|523952128|gen_data_8c5e4bc4df5ba92c|__AUTOMETRIC__
__AUTOMETRIC__|0.1.2|21756|crew_log_562393808530dda7|0|1786391102.263|99.198|3.100|491671552|523767808|gen_data_8c5e4bc4df5ba92c|__AUTOMETRIC__
__AUTOMETRIC__|0.1.2|21756|crew_log_562393808530dda7|0|1786391103.266|99.714|3.116|491687936|523784192|gen_data_8c5e4bc4df5ba92c|__AUTOMETRIC__
__AUTOMETRIC__|0.1.2|21756|crew_log_562393808530dda7|0|1786391104.281|100.053|3.127|491810816|523907072|gen_data_8c5e4bc4df5ba92c|__AUTOMETRIC__
__AUTOMETRIC__|0.1.2|21756|crew_log_562393808530dda7|0|1786391105.293|100.449|3.139|491683840|523780096|gen_data_8c5e4bc4df5ba92c|__AUTOMETRIC__
__AUTOMETRIC__|0.1.2|21756|crew_log_562393808530dda7|0|1786391106.306|100.234|3.132|491728896|523841536|gen_data_8c5e4bc4df5ba92c|__AUTOMETRIC__
__AUTOMETRIC__|0.1.2|21756|crew_log_562393808530dda7|0|1786391107.309|99.686|3.115|491708416|523804672|gen_data_8c5e4bc4df5ba92c|__AUTOMETRIC__
__AUTOMETRIC__|0.1.2|21756|crew_log_562393808530dda7|0|1786391108.323|100.114|3.129|491769856|523862016|gen_data_8c5e4bc4df5ba92c|__AUTOMETRIC__
__AUTOMETRIC__|0.1.2|21756|crew_log_562393808530dda7|0|1786391109.339|98.477|3.077|492032000|524111872|gen_data_8c5e4bc4df5ba92c|__AUTOMETRIC__
__AUTOMETRIC__|0.1.2|21756|crew_log_562393808530dda7|0|1786391110.352|98.690|3.084|492032000|524111872|gen_data_8c5e4bc4df5ba92c|__AUTOMETRIC__
__AUTOMETRIC__|0.1.2|21756|crew_log_562393808530dda7|0|1786391111.364|103.471|3.233|492027904|524107776|gen_data_8c5e4bc4df5ba92c|__AUTOMETRIC__
__AUTOMETRIC__|0.1.2|21756|crew_log_562393808530dda7|0|1786391112.374|100.498|3.141|491675648|523755520|gen_data_8c5e4bc4df5ba92c|__AUTOMETRIC__
__AUTOMETRIC__|0.1.2|21756|crew_log_562393808530dda7|0|1786391113.388|100.230|3.132|491651072|523730944|gen_data_8c5e4bc4df5ba92c|__AUTOMETRIC__
__AUTOMETRIC__|0.1.2|21756|crew_log_562393808530dda7|0|1786391114.402|100.096|3.128|491700224|523780096|gen_data_8c5e4bc4df5ba92c|__AUTOMETRIC__
__AUTOMETRIC__|0.1.2|21756|crew_log_562393808530dda7|0|1786391115.409|97.832|3.057|491659264|523747328|gen_data_8c5e4bc4df5ba92c|__AUTOMETRIC__
__AUTOMETRIC__|0.1.2|21756|crew_log_562393808530dda7|0|1786391116.422|100.246|3.133|491704320|523788288|gen_data_8c5e4bc4df5ba92c|__AUTOMETRIC__
__AUTOMETRIC__|0.1.2|21756|crew_log_562393808530dda7|0|1786391117.434|100.339|3.136|491855872|523939840|gen_data_8c5e4bc4df5ba92c|__AUTOMETRIC__
__AUTOMETRIC__|0.1.2|21756|crew_log_562393808530dda7|0|1786391118.443|100.634|3.145|491864064|523943936|gen_data_8c5e4bc4df5ba92c|__AUTOMETRIC__
__AUTOMETRIC__|0.1.2|21756|crew_log_562393808530dda7|0|1786391119.445|98.299|3.072|491802624|523882496|gen_data_8c5e4bc4df5ba92c|__AUTOMETRIC__
__AUTOMETRIC__|0.1.2|21756|crew_log_562393808530dda7|0|1786391120.446|99.888|3.122|491683840|523763712|gen_data_8c5e4bc4df5ba92c|__AUTOMETRIC__
__AUTOMETRIC__|0.1.2|21756|crew_log_562393808530dda7|0|1786391121.462|103.033|3.220|491954176|524034048|gen_data_8c5e4bc4df5ba92c|__AUTOMETRIC__
__AUTOMETRIC__|0.1.2|21756|crew_log_562393808530dda7|0|1786391122.477|101.565|3.174|491896832|523976704|gen_data_8c5e4bc4df5ba92c|__AUTOMETRIC__
__AUTOMETRIC__|0.1.2|21756|crew_log_562393808530dda7|0|1786391123.492|101.570|3.174|491716608|523796480|gen_data_8c5e4bc4df5ba92c|__AUTOMETRIC__
__AUTOMETRIC__|0.1.2|21756|crew_log_562393808530dda7|0|1786391124.506|100.176|3.130|491896832|523976704|gen_data_8c5e4bc4df5ba92c|__AUTOMETRIC__
__AUTOMETRIC__|0.1.2|21756|crew_log_562393808530dda7|0|1786391125.509|99.750|3.117|491892736|524001280|gen_data_8c5e4bc4df5ba92c|__AUTOMETRIC__
__AUTOMETRIC__|0.1.2|21756|crew_log_562393808530dda7|0|1786391126.524|100.025|3.126|492027904|524107776|gen_data_8c5e4bc4df5ba92c|__AUTOMETRIC__
__AUTOMETRIC__|0.1.2|21756|crew_log_562393808530dda7|0|1786391127.526|101.343|3.167|491970560|524050432|gen_data_8c5e4bc4df5ba92c|__AUTOMETRIC__
__AUTOMETRIC__|0.1.2|21756|crew_log_562393808530dda7|0|1786391128.540|100.166|3.130|491745280|523825152|gen_data_8c5e4bc4df5ba92c|__AUTOMETRIC__
__AUTOMETRIC__|0.1.2|21756|crew_log_562393808530dda7|0|1786391129.542|99.813|3.119|491675648|523755520|gen_data_8c5e4bc4df5ba92c|__AUTOMETRIC__
__AUTOMETRIC__|0.1.2|21756|crew_log_562393808530dda7|0|1786391130.547|97.922|3.060|491708416|523788288|gen_data_8c5e4bc4df5ba92c|__AUTOMETRIC__
__AUTOMETRIC__|0.1.2|21756|crew_log_562393808530dda7|0|1786391131.551|94.937|2.967|491843584|523923456|gen_data_8c5e4bc4df5ba92c|__AUTOMETRIC__
__AUTOMETRIC__|0.1.2|21756|crew_log_562393808530dda7|0|1786391132.556|101.136|3.161|491761664|523849728|gen_data_8c5e4bc4df5ba92c|__AUTOMETRIC__
__AUTOMETRIC__|0.1.2|21756|crew_log_562393808530dda7|0|1786391133.559|98.114|3.066|491593728|523673600|gen_data_8c5e4bc4df5ba92c|__AUTOMETRIC__
__AUTOMETRIC__|0.1.2|21756|crew_log_562393808530dda7|0|1786391134.560|99.912|3.122|491692032|523771904|gen_data_8c5e4bc4df5ba92c|__AUTOMETRIC__
__AUTOMETRIC__|0.1.2|21756|crew_log_562393808530dda7|0|1786391135.565|99.475|3.109|491773952|523853824|gen_data_8c5e4bc4df5ba92c|__AUTOMETRIC__
__AUTOMETRIC__|0.1.2|21756|crew_log_562393808530dda7|0|1786391136.569|98.015|3.063|491548672|523628544|gen_data_8c5e4bc4df5ba92c|__AUTOMETRIC__
__AUTOMETRIC__|0.1.2|21756|crew_log_562393808530dda7|0|1786391137.573|101.182|3.162|491814912|523894784|gen_data_8c5e4bc4df5ba92c|__AUTOMETRIC__
__AUTOMETRIC__|0.1.2|21756|crew_log_562393808530dda7|0|1786391138.574|99.870|3.121|491909120|523988992|gen_data_8c5e4bc4df5ba92c|__AUTOMETRIC__
__AUTOMETRIC__|0.1.2|21756|crew_log_562393808530dda7|0|1786391139.587|98.741|3.086|491315200|523395072|gen_data_8c5e4bc4df5ba92c|__AUTOMETRIC__
__AUTOMETRIC__|0.1.2|21756|crew_log_562393808530dda7|0|1786391140.602|98.557|3.080|491528192|523640832|gen_data_8c5e4bc4df5ba92c|__AUTOMETRIC__
__AUTOMETRIC__|0.1.2|21756|crew_log_562393808530dda7|0|1786391141.615|100.240|3.133|491896832|523976704|gen_data_8c5e4bc4df5ba92c|__AUTOMETRIC__
__AUTOMETRIC__|0.1.2|21756|crew_log_562393808530dda7|0|1786391142.623|100.721|3.148|492044288|524128256|gen_data_8c5e4bc4df5ba92c|__AUTOMETRIC__
__AUTOMETRIC__|0.1.2|21756|crew_log_562393808530dda7|0|1786391143.634|98.958|3.092|491393024|523472896|gen_data_8c5e4bc4df5ba92c|__AUTOMETRIC__
__AUTOMETRIC__|0.1.2|21756|crew_log_562393808530dda7|0|1786391144.641|100.831|3.151|492011520|524210176|gen_data_8c5e4bc4df5ba92c|__AUTOMETRIC__
__AUTOMETRIC__|0.1.2|21756|crew_log_562393808530dda7|0|1786391145.655|100.180|3.131|492060672|524140544|gen_data_8c5e4bc4df5ba92c|__AUTOMETRIC__
__AUTOMETRIC__|0.1.2|21756|crew_log_562393808530dda7|0|1786391146.671|99.978|3.124|491655168|523747328|gen_data_8c5e4bc4df5ba92c|__AUTOMETRIC__
__AUTOMETRIC__|0.1.2|21756|crew_log_562393808530dda7|0|1786391147.687|99.917|3.122|492027904|524120064|gen_data_8c5e4bc4df5ba92c|__AUTOMETRIC__
__AUTOMETRIC__|0.1.2|21756|crew_log_562393808530dda7|0|1786391148.694|96.222|3.007|491835392|523919360|gen_data_8c5e4bc4df5ba92c|__AUTOMETRIC__
__AUTOMETRIC__|0.1.2|21756|crew_log_562393808530dda7|0|1786391149.698|98.027|3.063|492257280|524337152|gen_data_8c5e4bc4df5ba92c|__AUTOMETRIC__
__AUTOMETRIC__|0.1.2|21756|crew_log_562393808530dda7|0|1786391150.704|99.402|3.106|492482560|524562432|gen_data_8c5e4bc4df5ba92c|__AUTOMETRIC__
__AUTOMETRIC__|0.1.2|21756|crew_log_562393808530dda7|0|1786391151.719|98.537|3.079|492097536|524177408|gen_data_8c5e4bc4df5ba92c|__AUTOMETRIC__
__AUTOMETRIC__|0.1.2|21756|crew_log_562393808530dda7|0|1786391152.736|98.315|3.072|492466176|524546048|gen_data_8c5e4bc4df5ba92c|__AUTOMETRIC__
__AUTOMETRIC__|0.1.2|21756|crew_log_562393808530dda7|0|1786391153.754|99.817|3.119|492118016|524197888|gen_data_8c5e4bc4df5ba92c|__AUTOMETRIC__
__AUTOMETRIC__|0.1.2|21756|crew_log_562393808530dda7|0|1786391154.756|99.808|3.119|492265472|524349440|gen_data_8c5e4bc4df5ba92c|__AUTOMETRIC__
__AUTOMETRIC__|0.1.2|21756|crew_log_562393808530dda7|0|1786391155.767|100.422|3.138|492175360|524255232|gen_data_8c5e4bc4df5ba92c|__AUTOMETRIC__
__AUTOMETRIC__|0.1.2|21756|crew_log_562393808530dda7|0|1786391156.779|98.834|3.089|492306432|524386304|gen_data_8c5e4bc4df5ba92c|__AUTOMETRIC__
__AUTOMETRIC__|0.1.2|21756|crew_log_562393808530dda7|0|1786391157.781|96.661|3.021|492183552|524267520|gen_data_8c5e4bc4df5ba92c|__AUTOMETRIC__
__AUTOMETRIC__|0.1.2|21756|crew_log_562393808530dda7|0|1786391158.791|100.569|3.143|492355584|524435456|gen_data_8c5e4bc4df5ba92c|__AUTOMETRIC__
__AUTOMETRIC__|0.1.2|21756|crew_log_562393808530dda7|0|1786391159.801|97.489|3.047|492351488|524562432|gen_data_8c5e4bc4df5ba92c|__AUTOMETRIC__
__AUTOMETRIC__|0.1.2|21756|crew_log_562393808530dda7|0|1786391160.805|99.587|3.112|492482560|524578816|gen_data_8c5e4bc4df5ba92c|__AUTOMETRIC__
__AUTOMETRIC__|0.1.2|21756|crew_log_562393808530dda7|0|1786391161.806|96.736|3.023|492486656|524566528|gen_data_8c5e4bc4df5ba92c|__AUTOMETRIC__
__AUTOMETRIC__|0.1.2|21756|crew_log_562393808530dda7|0|1786391162.821|98.538|3.079|492609536|524689408|gen_data_8c5e4bc4df5ba92c|__AUTOMETRIC__
__AUTOMETRIC__|0.1.2|21756|crew_log_562393808530dda7|0|1786391163.835|97.046|3.033|492404736|524484608|gen_data_8c5e4bc4df5ba92c|__AUTOMETRIC__
__AUTOMETRIC__|0.1.2|21756|crew_log_562393808530dda7|0|1786391164.847|101.897|3.184|492666880|524754944|gen_data_8c5e4bc4df5ba92c|__AUTOMETRIC__
__AUTOMETRIC__|0.1.2|21756|crew_log_562393808530dda7|0|1786391165.859|100.394|3.137|492331008|524410880|gen_data_8c5e4bc4df5ba92c|__AUTOMETRIC__
__AUTOMETRIC__|0.1.2|21756|crew_log_562393808530dda7|0|1786391166.872|100.292|3.134|492171264|524251136|gen_data_8c5e4bc4df5ba92c|__AUTOMETRIC__
__AUTOMETRIC__|0.1.2|21756|crew_log_562393808530dda7|0|1786391167.886|100.177|3.131|492191744|524271616|gen_data_8c5e4bc4df5ba92c|__AUTOMETRIC__
__AUTOMETRIC__|0.1.2|21756|crew_log_562393808530dda7|0|1786391168.902|99.913|3.122|492679168|524759040|gen_data_8c5e4bc4df5ba92c|__AUTOMETRIC__
__AUTOMETRIC__|0.1.2|21756|crew_log_562393808530dda7|0|1786391169.909|99.287|3.103|492523520|524603392|gen_data_8c5e4bc4df5ba92c|__AUTOMETRIC__
__AUTOMETRIC__|0.1.2|21756|crew_log_562393808530dda7|0|1786391170.918|97.548|3.048|492642304|524722176|gen_data_8c5e4bc4df5ba92c|__AUTOMETRIC__
__AUTOMETRIC__|0.1.2|21756|crew_log_562393808530dda7|0|1786391171.922|96.564|3.018|491405312|523485184|gen_data_8c5e4bc4df5ba92c|__AUTOMETRIC__
__AUTOMETRIC__|0.1.2|21756|crew_log_562393808530dda7|0|1786391172.929|99.273|3.102|492331008|524410880|gen_data_8c5e4bc4df5ba92c|__AUTOMETRIC__
__AUTOMETRIC__|0.1.2|21756|crew_log_562393808530dda7|0|1786391173.944|101.602|3.175|492335104|524419072|gen_data_8c5e4bc4df5ba92c|__AUTOMETRIC__
__AUTOMETRIC__|0.1.2|21756|crew_log_562393808530dda7|0|1786391174.958|100.182|3.131|492363776|524623872|gen_data_8c5e4bc4df5ba92c|__AUTOMETRIC__
__AUTOMETRIC__|0.1.2|21756|crew_log_562393808530dda7|0|1786391175.959|99.832|3.120|492363776|524533760|gen_data_8c5e4bc4df5ba92c|__AUTOMETRIC__
__AUTOMETRIC__|0.1.2|21756|crew_log_562393808530dda7|0|1786391176.964|102.656|3.208|492437504|524517376|gen_data_8c5e4bc4df5ba92c|__AUTOMETRIC__
__AUTOMETRIC__|0.1.2|21756|crew_log_562393808530dda7|0|1786391177.966|98.242|3.070|492597248|524820480|gen_data_8c5e4bc4df5ba92c|__AUTOMETRIC__
__AUTOMETRIC__|0.1.2|21756|crew_log_562393808530dda7|0|1786391178.973|100.829|3.151|492326912|524406784|gen_data_8c5e4bc4df5ba92c|__AUTOMETRIC__
__AUTOMETRIC__|0.1.2|21756|crew_log_562393808530dda7|0|1786391179.987|98.679|3.084|492437504|524644352|gen_data_8c5e4bc4df5ba92c|__AUTOMETRIC__
__AUTOMETRIC__|0.1.2|21756|crew_log_562393808530dda7|0|1786391181.000|100.219|3.132|492539904|524627968|gen_data_8c5e4bc4df5ba92c|__AUTOMETRIC__
__AUTOMETRIC__|0.1.2|21756|crew_log_562393808530dda7|0|1786391182.012|100.334|3.135|492269568|524349440|gen_data_8c5e4bc4df5ba92c|__AUTOMETRIC__
__AUTOMETRIC__|0.1.2|21756|crew_log_562393808530dda7|0|1786391183.021|100.665|3.146|492650496|524730368|gen_data_8c5e4bc4df5ba92c|__AUTOMETRIC__
__AUTOMETRIC__|0.1.2|21756|crew_log_562393808530dda7|0|1786391184.032|100.515|3.141|492576768|524656640|gen_data_8c5e4bc4df5ba92c|__AUTOMETRIC__
__AUTOMETRIC__|0.1.2|21756|crew_log_562393808530dda7|0|1786391185.033|99.837|3.120|492568576|524648448|gen_data_8c5e4bc4df5ba92c|__AUTOMETRIC__
__AUTOMETRIC__|0.1.2|21756|crew_log_562393808530dda7|0|1786391186.036|98.175|3.068|492740608|524820480|gen_data_8c5e4bc4df5ba92c|__AUTOMETRIC__
__AUTOMETRIC__|0.1.2|21756|crew_log_562393808530dda7|0|1786391187.048|47.864|1.496|491929600|523853824|__DEFAULT__|__AUTOMETRIC__
__AUTOMETRIC__|0.1.2|21756|crew_log_562393808530dda7|0|1786391188.052|0.000|0.000|491929600|523853824|__DEFAULT__|__AUTOMETRIC__
__AUTOMETRIC__|0.1.2|21756|crew_log_562393808530dda7|0|1786391189.053|0.000|0.000|491728896|523653120|__DEFAULT__|__AUTOMETRIC__
__AUTOMETRIC__|0.1.2|21756|crew_log_562393808530dda7|0|1786391190.068|0.000|0.000|491737088|523661312|__DEFAULT__|__AUTOMETRIC__
__AUTOMETRIC__|0.1.2|21756|crew_log_562393808530dda7|0|1786391191.073|0.000|0.000|491728896|523653120|__DEFAULT__|__AUTOMETRIC__
__AUTOMETRIC__|0.1.2|21756|crew_log_562393808530dda7|0|1786391192.076|0.000|0.000|491728896|523653120|__DEFAULT__|__AUTOMETRIC__
__AUTOMETRIC__|0.1.2|21756|crew_log_562393808530dda7|0|1786391193.090|0.000|0.000|491728896|523653120|__DEFAULT__|__AUTOMETRIC__
__AUTOMETRIC__|0.1.2|21756|crew_log_562393808530dda7|0|1786391194.106|0.000|0.000|491737088|523661312|__DEFAULT__|__AUTOMETRIC__
__AUTOMETRIC__|0.1.2|21756|crew_log_562393808530dda7|0|1786391195.122|0.000|0.000|491728896|523653120|__DEFAULT__|__AUTOMETRIC__
__AUTOMETRIC__|0.1.2|21756|crew_log_562393808530dda7|0|1786391196.136|0.000|0.000|491728896|523653120|__DEFAULT__|__AUTOMETRIC__
__AUTOMETRIC__|0.1.2|21756|crew_log_562393808530dda7|0|1786391197.140|0.000|0.000|491737088|523661312|__DEFAULT__|__AUTOMETRIC__
__AUTOMETRIC__|0.1.2|21756|crew_log_562393808530dda7|0|1786391198.151|0.000|0.000|491728896|523653120|__DEFAULT__|__AUTOMETRIC__
__AUTOMETRIC__|0.1.2|21756|crew_log_562393808530dda7|0|1786391199.159|0.000|0.000|491728896|523653120|__DEFAULT__|__AUTOMETRIC__
__AUTOMETRIC__|0.1.2|21756|crew_log_562393808530dda7|0|1786391200.160|56.165|1.755|610848768|643117056|compiled_brms_models_f09a6a51bf633a57|__AUTOMETRIC__
__AUTOMETRIC__|0.1.2|21756|crew_log_562393808530dda7|0|1786391201.166|99.381|3.106|662908928|695312384|compiled_brms_models_f09a6a51bf633a57|__AUTOMETRIC__
__AUTOMETRIC__|0.1.2|21756|crew_log_562393808530dda7|0|1786391202.182|99.973|3.124|674004992|706445312|compiled_brms_models_f09a6a51bf633a57|__AUTOMETRIC__
__AUTOMETRIC__|0.1.2|21756|crew_log_562393808530dda7|0|1786391203.199|98.410|3.075|793743360|826486784|compiled_brms_models_f09a6a51bf633a57|__AUTOMETRIC__
__AUTOMETRIC__|0.1.2|21756|crew_log_562393808530dda7|0|1786391204.202|99.667|3.115|927813632|960905216|compiled_brms_models_f09a6a51bf633a57|__AUTOMETRIC__
__AUTOMETRIC__|0.1.2|21756|crew_log_562393808530dda7|0|1786391205.215|98.693|3.084|950325248|983474176|compiled_brms_models_f09a6a51bf633a57|__AUTOMETRIC__
__AUTOMETRIC__|0.1.2|21756|crew_log_562393808530dda7|0|1786391206.223|97.664|3.052|1141043200|1174659072|compiled_brms_models_f09a6a51bf633a57|__AUTOMETRIC__
__AUTOMETRIC__|0.1.2|21756|crew_log_562393808530dda7|0|1786391207.235|100.334|3.135|1269374976|1303232512|compiled_brms_models_f09a6a51bf633a57|__AUTOMETRIC__
__AUTOMETRIC__|0.1.2|21756|crew_log_562393808530dda7|0|1786391208.241|99.438|3.107|1269051392|1302839296|compiled_brms_models_f09a6a51bf633a57|__AUTOMETRIC__
__AUTOMETRIC__|0.1.2|21756|crew_log_562393808530dda7|0|1786391209.252|105.134|3.285|1329274880|1363357696|compiled_brms_models_f09a6a51bf633a57|__AUTOMETRIC__
__AUTOMETRIC__|0.1.2|21756|crew_log_562393808530dda7|0|1786391210.260|139.439|4.357|1484681216|1505914880|compiled_brms_models_f09a6a51bf633a57|__AUTOMETRIC__
__AUTOMETRIC__|0.1.2|21756|crew_log_562393808530dda7|0|1786391211.269|92.953|2.905|1511714816|1532997632|compiled_brms_models_f09a6a51bf633a57|__AUTOMETRIC__
