__AUTOMETRIC__|0.1.2|21056|crew_log_72b4eeb2df94e7e9|0|1786390299.212|87.913|2.747|228888576|253935616|gen_data_629decefb53a1ea5|__AUTOMETRIC__
__AUTOMETRIC__|0.1.2|21056|crew_log_72b4eeb2df94e7e9|0|1786390300.228|29.224|0.913|229593088|254517248|gen_data_629decefb53a1ea5|__AUTOMETRIC__
__AUTOMETRIC__|0.1.2|21056|crew_log_72b4eeb2df94e7e9|0|1786390301.230|0.000|0.000|229273600|254197760|gen_data_629decefb53a1ea5|__AUTOMETRIC__
__AUTOMETRIC__|0.1.2|21056|crew_log_72b4eeb2df94e7e9|0|1786390302.246|0.000|0.000|229289984|254214144|gen_data_629decefb53a1ea5|__AUTOMETRIC__
__AUTOMETRIC__|0.1.2|21056|crew_log_72b4eeb2df94e7e9|0|1786390303.256|0.000|0.000|229355520|254279680|gen_data_629decefb53a1ea5|__AUTOMETRIC__
__AUTOMETRIC__|0.1.2|21056|crew_log_72b4eeb2df94e7e9|0|1786390304.259|0.000|0.000|229355520|254279680|gen_data_629decefb53a1ea5|__AUTOMETRIC__
__AUTOMETRIC__|0.1.2|21056|crew_log_72b4eeb2df94e7e9|0|1786390305.263|0.000|0.000|229363712|254287872|gen_data_629decefb53a1ea5|__AUTOMETRIC__
__AUTOMETRIC__|0.1.2|21056|crew_log_72b4eeb2df94e7e9|0|1786390306.277|0.000|0.000|229380096|254304256|gen_data_629decefb53a1ea5|__AUTOMETRIC__
__AUTOMETRIC__|0.1.2|21056|crew_log_72b4eeb2df94e7e9|0|1786390307.291|0.000|0.000|229380096|254304256|gen_data_629decefb53a1ea5|__AUTOMETRIC__
__AUTOMETRIC__|0.1.2|21056|crew_log_72b4eeb2df94e7e9|0|1786390308.304|0.000|0.000|229404672|254328832|gen_data_629decefb53a1ea5|__AUTOMETRIC__
__AUTOMETRIC__|0.1.2|21056|crew_log_72b4eeb2df94e7e9|0|1786390309.319|0.000|0.000|229445632|254369792|gen_data_629decefb53a1ea5|__AUTOMETRIC__
__AUTOMETRIC__|0.1.2|21056|crew_log_72b4eeb2df94e7e9|0|1786390310.333|75.505|2.360|278876160|303779840|gen_data_629decefb53a1ea5|__AUTOMETRIC__
__AUTOMETRIC__|0.1.2|21056|crew_log_72b4eeb2df94e7e9|0|1786390311.344|97.358|3.042|418119680|450355200|gen_data_629decefb53a1ea5|__AUTOMETRIC__
__AUTOMETRIC__|0.1.2|21056|crew_log_72b4eeb2df94e7e9|0|1786390312.358|98.610|3.082|410533888|442564608|gen_data_629decefb53a1ea5|__AUTOMETRIC__
__AUTOMETRIC__|0.1.2|21056|crew_log_72b4eeb2df94e7e9|0|1786390313.362|99.670|3.115|403927040|435953664|gen_data_629decefb53a1ea5|__AUTOMETRIC__
__AUTOMETRIC__|0.1.2|21056|crew_log_72b4eeb2df94e7e9|0|1786390314.377|98.491|3.078|404668416|436686848|gen_data_629decefb53a1ea5|__AUTOMETRIC__
__AUTOMETRIC__|0.1.2|21056|crew_log_72b4eeb2df94e7e9|0|1786390315.378|98.327|3.073|404168704|436187136|gen_data_629decefb53a1ea5|__AUTOMETRIC__
__AUTOMETRIC__|0.1.2|21056|crew_log_72b4eeb2df94e7e9|0|1786390316.390|97.261|3.039|404135936|436154368|gen_data_629decefb53a1ea5|__AUTOMETRIC__
__AUTOMETRIC__|0.1.2|21056|crew_log_72b4eeb2df94e7e9|0|1786390317.393|102.826|3.213|403779584|435798016|gen_data_629decefb53a1ea5|__AUTOMETRIC__
__AUTOMETRIC__|0.1.2|21056|crew_log_72b4eeb2df94e7e9|0|1786390318.407|95.529|2.985|403820544|435879936|gen_data_629decefb53a1ea5|__AUTOMETRIC__
__AUTOMETRIC__|0.1.2|21056|crew_log_72b4eeb2df94e7e9|0|1786390319.423|98.467|3.077|403828736|435888128|gen_data_629decefb53a1ea5|__AUTOMETRIC__
__AUTOMETRIC__|0.1.2|21056|crew_log_72b4eeb2df94e7e9|0|1786390320.437|100.103|3.128|403980288|436023296|gen_data_629decefb53a1ea5|__AUTOMETRIC__
__AUTOMETRIC__|0.1.2|21056|crew_log_72b4eeb2df94e7e9|0|1786390321.441|99.663|3.114|404094976|436121600|gen_data_629decefb53a1ea5|__AUTOMETRIC__
__AUTOMETRIC__|0.1.2|21056|crew_log_72b4eeb2df94e7e9|0|1786390322.455|100.131|3.129|403963904|435990528|gen_data_629decefb53a1ea5|__AUTOMETRIC__
__AUTOMETRIC__|0.1.2|21056|crew_log_72b4eeb2df94e7e9|0|1786390323.461|99.350|3.105|403832832|435879936|gen_data_629decefb53a1ea5|__AUTOMETRIC__
__AUTOMETRIC__|0.1.2|21056|crew_log_72b4eeb2df94e7e9|0|1786390324.478|99.950|3.123|403726336|435773440|gen_data_629decefb53a1ea5|__AUTOMETRIC__
__AUTOMETRIC__|0.1.2|21056|crew_log_72b4eeb2df94e7e9|0|1786390325.491|100.198|3.131|403800064|435847168|gen_data_629decefb53a1ea5|__AUTOMETRIC__
__AUTOMETRIC__|0.1.2|21056|crew_log_72b4eeb2df94e7e9|0|1786390326.502|100.448|3.139|403841024|435888128|gen_data_629decefb53a1ea5|__AUTOMETRIC__
__AUTOMETRIC__|0.1.2|21056|crew_log_72b4eeb2df94e7e9|0|1786390327.514|98.881|3.090|403759104|435834880|gen_data_629decefb53a1ea5|__AUTOMETRIC__
__AUTOMETRIC__|0.1.2|21056|crew_log_72b4eeb2df94e7e9|0|1786390328.530|96.804|3.025|403931136|435994624|gen_data_629decefb53a1ea5|__AUTOMETRIC__
__AUTOMETRIC__|0.1.2|21056|crew_log_72b4eeb2df94e7e9|0|1786390329.532|98.318|3.072|403910656|435957760|gen_data_629decefb53a1ea5|__AUTOMETRIC__
__AUTOMETRIC__|0.1.2|21056|crew_log_72b4eeb2df94e7e9|0|1786390330.533|98.308|3.072|403664896|435712000|gen_data_629decefb53a1ea5|__AUTOMETRIC__
__AUTOMETRIC__|0.1.2|21056|crew_log_72b4eeb2df94e7e9|0|1786390331.548|98.513|3.079|403902464|435949568|gen_data_629decefb53a1ea5|__AUTOMETRIC__
__AUTOMETRIC__|0.1.2|21056|crew_log_72b4eeb2df94e7e9|0|1786390332.551|99.754|3.117|403877888|435924992|gen_data_629decefb53a1ea5|__AUTOMETRIC__
__AUTOMETRIC__|0.1.2|21056|crew_log_72b4eeb2df94e7e9|0|1786390333.552|98.301|3.072|404004864|436051968|gen_data_629decefb53a1ea5|__AUTOMETRIC__
__AUTOMETRIC__|0.1.2|21056|crew_log_72b4eeb2df94e7e9|0|1786390334.553|99.892|3.122|403824640|435904512|gen_data_629decefb53a1ea5|__AUTOMETRIC__
__AUTOMETRIC__|0.1.2|21056|crew_log_72b4eeb2df94e7e9|0|1786390335.554|99.852|3.120|403980288|436060160|gen_data_629decefb53a1ea5|__AUTOMETRIC__
__AUTOMETRIC__|0.1.2|21056|crew_log_72b4eeb2df94e7e9|0|1786390336.569|100.076|3.127|404008960|436088832|gen_data_629decefb53a1ea5|__AUTOMETRIC__
__AUTOMETRIC__|0.1.2|21056|crew_log_72b4eeb2df94e7e9|0|1786390337.573|99.603|3.113|404033536|436092928|gen_data_629decefb53a1ea5|__AUTOMETRIC__
__AUTOMETRIC__|0.1.2|21056|crew_log_72b4eeb2df94e7e9|0|1786390338.575|99.837|3.120|403820544|435879936|gen_data_629decefb53a1ea5|__AUTOMETRIC__
__AUTOMETRIC__|0.1.2|21056|crew_log_72b4eeb2df94e7e9|0|1786390339.591|93.771|2.930|403898368|435953664|gen_data_629decefb53a1ea5|__AUTOMETRIC__
__AUTOMETRIC__|0.1.2|21056|crew_log_72b4eeb2df94e7e9|0|1786390340.604|100.273|3.134|404107264|436178944|gen_data_629decefb53a1ea5|__AUTOMETRIC__
__AUTOMETRIC__|0.1.2|21056|crew_log_72b4eeb2df94e7e9|0|1786390341.614|100.587|3.143|404226048|436297728|gen_data_629decefb53a1ea5|__AUTOMETRIC__
__AUTOMETRIC__|0.1.2|21056|crew_log_72b4eeb2df94e7e9|0|1786390342.625|97.386|3.043|403640320|435736576|gen_data_629decefb53a1ea5|__AUTOMETRIC__
__AUTOMETRIC__|0.1.2|21056|crew_log_72b4eeb2df94e7e9|0|1786390343.635|95.886|2.996|403730432|435851264|gen_data_629decefb53a1ea5|__AUTOMETRIC__
__AUTOMETRIC__|0.1.2|21056|crew_log_72b4eeb2df94e7e9|0|1786390344.648|100.236|3.132|403836928|435929088|gen_data_629decefb53a1ea5|__AUTOMETRIC__
__AUTOMETRIC__|0.1.2|21056|crew_log_72b4eeb2df94e7e9|0|1786390345.662|100.180|3.131|403894272|435986432|gen_data_629decefb53a1ea5|__AUTOMETRIC__
__AUTOMETRIC__|0.1.2|21056|crew_log_72b4eeb2df94e7e9|0|1786390346.674|98.852|3.089|404054016|436129792|gen_data_629decefb53a1ea5|__AUTOMETRIC__
__AUTOMETRIC__|0.1.2|21056|crew_log_72b4eeb2df94e7e9|0|1786390347.687|98.728|3.085|403693568|435748864|gen_data_629decefb53a1ea5|__AUTOMETRIC__
__AUTOMETRIC__|0.1.2|21056|crew_log_72b4eeb2df94e7e9|0|1786390348.689|101.304|3.166|403755008|435810304|gen_data_629decefb53a1ea5|__AUTOMETRIC__
__AUTOMETRIC__|0.1.2|21056|crew_log_72b4eeb2df94e7e9|0|1786390349.703|100.124|3.129|403894272|435949568|gen_data_629decefb53a1ea5|__AUTOMETRIC__
__AUTOMETRIC__|0.1.2|21056|crew_log_72b4eeb2df94e7e9|0|1786390350.718|98.525|3.079|403927040|435978240|gen_data_629decefb53a1ea5|__AUTOMETRIC__
__AUTOMETRIC__|0.1.2|21056|crew_log_72b4eeb2df94e7e9|0|1786390351.734|99.999|3.125|403677184|435728384|gen_data_629decefb53a1ea5|__AUTOMETRIC__
__AUTOMETRIC__|0.1.2|21056|crew_log_72b4eeb2df94e7e9|0|1786390352.746|97.314|3.041|403873792|435978240|gen_data_629decefb53a1ea5|__AUTOMETRIC__
__AUTOMETRIC__|0.1.2|21056|crew_log_72b4eeb2df94e7e9|0|1786390353.753|100.787|3.150|403869696|435941376|gen_data_629decefb53a1ea5|__AUTOMETRIC__
__AUTOMETRIC__|0.1.2|21056|crew_log_72b4eeb2df94e7e9|0|1786390354.755|98.230|3.070|403853312|435924992|gen_data_629decefb53a1ea5|__AUTOMETRIC__
__AUTOMETRIC__|0.1.2|21056|crew_log_72b4eeb2df94e7e9|0|1786390355.758|96.594|3.019|403701760|435806208|gen_data_629decefb53a1ea5|__AUTOMETRIC__
__AUTOMETRIC__|0.1.2|21056|crew_log_72b4eeb2df94e7e9|0|1786390356.766|99.285|3.103|403886080|435990528|gen_data_629decefb53a1ea5|__AUTOMETRIC__
__AUTOMETRIC__|0.1.2|21056|crew_log_72b4eeb2df94e7e9|0|1786390357.776|100.523|3.141|403623936|435691520|gen_data_629decefb53a1ea5|__AUTOMETRIC__
__AUTOMETRIC__|0.1.2|21056|crew_log_72b4eeb2df94e7e9|0|1786390358.791|100.041|3.126|403709952|435769344|gen_data_629decefb53a1ea5|__AUTOMETRIC__
__AUTOMETRIC__|0.1.2|21056|crew_log_72b4eeb2df94e7e9|0|1786390359.792|99.939|3.123|403664896|435707904|gen_data_629decefb53a1ea5|__AUTOMETRIC__
__AUTOMETRIC__|0.1.2|21056|crew_log_72b4eeb2df94e7e9|0|1786390360.806|98.639|3.082|403693568|435716096|gen_data_629decefb53a1ea5|__AUTOMETRIC__
__AUTOMETRIC__|0.1.2|21056|crew_log_72b4eeb2df94e7e9|0|1786390361.812|99.369|3.105|403881984|435924992|gen_data_629decefb53a1ea5|__AUTOMETRIC__
__AUTOMETRIC__|0.1.2|21056|crew_log_72b4eeb2df94e7e9|0|1786390362.825|100.238|3.132|403906560|435937280|gen_data_629decefb53a1ea5|__AUTOMETRIC__
__AUTOMETRIC__|0.1.2|21056|crew_log_72b4eeb2df94e7e9|0|1786390363.830|97.984|3.062|404000768|436031488|gen_data_629decefb53a1ea5|__AUTOMETRIC__
__AUTOMETRIC__|0.1.2|21056|crew_log_72b4eeb2df94e7e9|0|1786390364.837|99.321|3.104|404086784|436117504|gen_data_629decefb53a1ea5|__AUTOMETRIC__
__AUTOMETRIC__|0.1.2|21056|crew_log_72b4eeb2df94e7e9|0|1786390365.851|100.085|3.128|404054016|436084736|gen_data_629decefb53a1ea5|__AUTOMETRIC__
__AUTOMETRIC__|0.1.2|21056|crew_log_72b4eeb2df94e7e9|0|1786390366.858|99.287|3.103|403763200|435871744|gen_data_629decefb53a1ea5|__AUTOMETRIC__
__AUTOMETRIC__|0.1.2|21056|crew_log_72b4eeb2df94e7e9|0|1786390367.867|100.726|3.148|403804160|435818496|gen_data_629decefb53a1ea5|__AUTOMETRIC__
__AUTOMETRIC__|0.1.2|21056|crew_log_72b4eeb2df94e7e9|0|1786390368.871|98.023|3.063|403730432|435752960|gen_data_629decefb53a1ea5|__AUTOMETRIC__
__AUTOMETRIC__|0.1.2|21056|crew_log_72b4eeb2df94e7e9|0|1786390369.874|96.603|3.019|403775488|435798016|gen_data_629decefb53a1ea5|__AUTOMETRIC__
__AUTOMETRIC__|0.1.2|21056|crew_log_72b4eeb2df94e7e9|0|1786390370.889|101.598|3.175|403677184|435699712|gen_data_629decefb53a1ea5|__AUTOMETRIC__
__AUTOMETRIC__|0.1.2|21056|crew_log_72b4eeb2df94e7e9|0|1786390371.905|99.904|3.122|403828736|435851264|gen_data_629decefb53a1ea5|__AUTOMETRIC__
__AUTOMETRIC__|0.1.2|21056|crew_log_72b4eeb2df94e7e9|0|1786390372.914|100.706|3.147|404008960|436031488|gen_data_629decefb53a1ea5|__AUTOMETRIC__
__AUTOMETRIC__|0.1.2|21056|crew_log_72b4eeb2df94e7e9|0|1786390373.925|100.455|3.139|404000768|436023296|gen_data_629decefb53a1ea5|__AUTOMETRIC__
__AUTOMETRIC__|0.1.2|21056|crew_log_72b4eeb2df94e7e9|0|1786390374.933|97.674|3.052|403787776|435810304|gen_data_629decefb53a1ea5|__AUTOMETRIC__
__AUTOMETRIC__|0.1.2|21056|crew_log_72b4eeb2df94e7e9|0|1786390375.941|100.746|3.148|403836928|435859456|gen_data_629decefb53a1ea5|__AUTOMETRIC__
__AUTOMETRIC__|0.1.2|21056|crew_log_72b4eeb2df94e7e9|0|1786390376.945|99.620|3.113|403750912|435773440|gen_data_629decefb53a1ea5|__AUTOMETRIC__
__AUTOMETRIC__|0.1.2|21056|crew_log_72b4eeb2df94e7e9|0|1786390377.950|99.468|3.108|403759104|435781632|gen_data_629decefb53a1ea5|__AUTOMETRIC__
__AUTOMETRIC__|0.1.2|21056|crew_log_72b4eeb2df94e7e9|0|1786390378.955|101.100|3.159|403824640|435838976|gen_data_629decefb53a1ea5|__AUTOMETRIC__
__AUTOMETRIC__|0.1.2|21056|crew_log_72b4eeb2df94e7e9|0|1786390379.966|98.924|3.091|403845120|435945472|gen_data_629decefb53a1ea5|__AUTOMETRIC__
__AUTOMETRIC__|0.1.2|21056|crew_log_72b4eeb2df94e7e9|0|1786390380.968|98.192|3.068|404205568|436219904|gen_data_629decefb53a1ea5|__AUTOMETRIC__
__AUTOMETRIC__|0.1.2|21056|crew_log_72b4eeb2df94e7e9|0|1786390381.981|101.779|3.181|403959808|435974144|gen_data_629decefb53a1ea5|__AUTOMETRIC__
__AUTOMETRIC__|0.1.2|21056|crew_log_72b4eeb2df94e7e9|0|1786390382.982|99.898|3.122|403959808|435982336|gen_data_629decefb53a1ea5|__AUTOMETRIC__
__AUTOMETRIC__|0.1.2|21056|crew_log_72b4eeb2df94e7e9|0|1786390383.996|101.757|3.180|403951616|435965952|gen_data_629decefb53a1ea5|__AUTOMETRIC__
__AUTOMETRIC__|0.1.2|21056|crew_log_72b4eeb2df94e7e9|0|1786390385.004|99.217|3.101|404152320|436166656|gen_data_629decefb53a1ea5|__AUTOMETRIC__
__AUTOMETRIC__|0.1.2|21056|crew_log_72b4eeb2df94e7e9|0|1786390386.005|99.825|3.120|403927040|435941376|gen_data_629decefb53a1ea5|__AUTOMETRIC__
__AUTOMETRIC__|0.1.2|21056|crew_log_72b4eeb2df94e7e9|0|1786390387.015|99.091|3.097|403943424|435957760|gen_data_629decefb53a1ea5|__AUTOMETRIC__
__AUTOMETRIC__|0.1.2|21056|crew_log_72b4eeb2df94e7e9|0|1786390388.029|98.571|3.080|404025344|436039680|gen_data_629decefb53a1ea5|__AUTOMETRIC__
__AUTOMETRIC__|0.1.2|21056|crew_log_72b4eeb2df94e7e9|0|1786390389.038|100.625|3.145|404176896|436199424|gen_data_629decefb53a1ea5|__AUTOMETRIC__
__AUTOMETRIC__|0.1.2|21056|crew_log_72b4eeb2df94e7e9|0|1786390390.043|97.984|3.062|403968000|435990528|gen_data_629decefb53a1ea5|__AUTOMETRIC__
__AUTOMETRIC__|0.1.2|21056|crew_log_72b4eeb2df94e7e9|0|1786390391.047|99.591|3.112|404054016|436072448|gen_data_629decefb53a1ea5|__AUTOMETRIC__
__AUTOMETRIC__|0.1.2|21056|crew_log_72b4eeb2df94e7e9|0|1786390392.049|99.781|3.118|403935232|436080640|gen_data_629decefb53a1ea5|__AUTOMETRIC__
__AUTOMETRIC__|0.1.2|21056|crew_log_72b4eeb2df94e7e9|0|1786390393.051|98.243|3.070|404156416|436170752|gen_data_629decefb53a1ea5|__AUTOMETRIC__
__AUTOMETRIC__|0.1.2|21056|crew_log_72b4eeb2df94e7e9|0|1786390394.057|99.409|3.107|404008960|436023296|gen_data_629decefb53a1ea5|__AUTOMETRIC__
__AUTOMETRIC__|0.1.2|21056|crew_log_72b4eeb2df94e7e9|0|1786390395.063|97.897|3.059|403959808|435994624|gen_data_629decefb53a1ea5|__AUTOMETRIC__
__AUTOMETRIC__|0.1.2|21056|crew_log_72b4eeb2df94e7e9|0|1786390396.068|97.972|3.062|403845120|435863552|gen_data_629decefb53a1ea5|__AUTOMETRIC__
__AUTOMETRIC__|0.1.2|21056|crew_log_72b4eeb2df94e7e9|0|1786390397.080|100.280|3.134|403947520|435961856|gen_data_629decefb53a1ea5|__AUTOMETRIC__
__AUTOMETRIC__|0.1.2|21056|crew_log_72b4eeb2df94e7e9|0|1786390398.096|100.015|3.125|403828736|435843072|gen_data_629decefb53a1ea5|__AUTOMETRIC__
__AUTOMETRIC__|0.1.2|21056|crew_log_72b4eeb2df94e7e9|0|1786390399.110|100.141|3.129|403959808|436023296|gen_data_629decefb53a1ea5|__AUTOMETRIC__
__AUTOMETRIC__|0.1.2|21056|crew_log_72b4eeb2df94e7e9|0|1786390400.121|98.918|3.091|404000768|436019200|gen_data_629decefb53a1ea5|__AUTOMETRIC__
__AUTOMETRIC__|0.1.2|21056|crew_log_72b4eeb2df94e7e9|0|1786390401.135|100.142|3.129|404111360|436211712|gen_data_629decefb53a1ea5|__AUTOMETRIC__
__AUTOMETRIC__|0.1.2|21056|crew_log_72b4eeb2df94e7e9|0|1786390402.136|99.863|3.121|404180992|436199424|gen_data_629decefb53a1ea5|__AUTOMETRIC__
__AUTOMETRIC__|0.1.2|21056|crew_log_72b4eeb2df94e7e9|0|1786390403.149|100.313|3.135|404140032|436158464|gen_data_629decefb53a1ea5|__AUTOMETRIC__
__AUTOMETRIC__|0.1.2|21056|crew_log_72b4eeb2df94e7e9|0|1786390404.150|98.296|3.072|404054016|436072448|gen_data_629decefb53a1ea5|__AUTOMETRIC__
__AUTOMETRIC__|0.1.2|21056|crew_log_72b4eeb2df94e7e9|0|1786390405.165|100.060|3.127|404144128|436162560|gen_data_629decefb53a1ea5|__AUTOMETRIC__
__AUTOMETRIC__|0.1.2|21056|crew_log_72b4eeb2df94e7e9|0|1786390406.175|100.635|3.145|404156416|436293632|gen_data_629decefb53a1ea5|__AUTOMETRIC__
__AUTOMETRIC__|0.1.2|21056|crew_log_72b4eeb2df94e7e9|0|1786390407.190|100.004|3.125|404008960|436023296|gen_data_629decefb53a1ea5|__AUTOMETRIC__
__AUTOMETRIC__|0.1.2|21056|crew_log_72b4eeb2df94e7e9|0|1786390408.204|98.660|3.083|404017152|436031488|gen_data_629decefb53a1ea5|__AUTOMETRIC__
__AUTOMETRIC__|0.1.2|21056|crew_log_72b4eeb2df94e7e9|0|1786390409.219|100.018|3.126|404054016|436068352|gen_data_629decefb53a1ea5|__AUTOMETRIC__
__AUTOMETRIC__|0.1.2|21056|crew_log_72b4eeb2df94e7e9|0|1786390410.232|100.291|3.134|404054016|436068352|gen_data_629decefb53a1ea5|__AUTOMETRIC__
__AUTOMETRIC__|0.1.2|21056|crew_log_72b4eeb2df94e7e9|0|1786390411.248|99.992|3.125|404135936|436150272|gen_data_629decefb53a1ea5|__AUTOMETRIC__
__AUTOMETRIC__|0.1.2|21056|crew_log_72b4eeb2df94e7e9|0|1786390412.259|98.914|3.091|403963904|435978240|gen_data_629decefb53a1ea5|__AUTOMETRIC__
__AUTOMETRIC__|0.1.2|21056|crew_log_72b4eeb2df94e7e9|0|1786390413.265|100.935|3.154|404086784|436101120|gen_data_629decefb53a1ea5|__AUTOMETRIC__
__AUTOMETRIC__|0.1.2|21056|crew_log_72b4eeb2df94e7e9|0|1786390414.281|96.872|3.027|404021248|436035584|gen_data_629decefb53a1ea5|__AUTOMETRIC__
__AUTOMETRIC__|0.1.2|21056|crew_log_72b4eeb2df94e7e9|0|1786390415.296|97.007|3.031|404045824|436060160|gen_data_629decefb53a1ea5|__AUTOMETRIC__
__AUTOMETRIC__|0.1.2|21056|crew_log_72b4eeb2df94e7e9|0|1786390416.311|98.484|3.078|404119552|436146176|gen_data_629decefb53a1ea5|__AUTOMETRIC__
__AUTOMETRIC__|0.1.2|21056|crew_log_72b4eeb2df94e7e9|0|1786390417.316|101.101|3.159|404238336|436256768|gen_data_629decefb53a1ea5|__AUTOMETRIC__
__AUTOMETRIC__|0.1.2|21056|crew_log_72b4eeb2df94e7e9|0|1786390418.321|99.448|3.108|404062208|436076544|gen_data_629decefb53a1ea5|__AUTOMETRIC__
__AUTOMETRIC__|0.1.2|21056|crew_log_72b4eeb2df94e7e9|0|1786390419.326|96.419|3.013|404090880|436105216|gen_data_629decefb53a1ea5|__AUTOMETRIC__
__AUTOMETRIC__|0.1.2|21056|crew_log_72b4eeb2df94e7e9|0|1786390420.341|101.591|3.175|404103168|436117504|gen_data_629decefb53a1ea5|__AUTOMETRIC__
__AUTOMETRIC__|0.1.2|21056|crew_log_72b4eeb2df94e7e9|0|1786390421.354|100.221|3.132|404131840|436289536|gen_data_629decefb53a1ea5|__AUTOMETRIC__
__AUTOMETRIC__|0.1.2|21056|crew_log_72b4eeb2df94e7e9|0|1786390422.369|97.010|3.032|404238336|436252672|gen_data_629decefb53a1ea5|__AUTOMETRIC__
__AUTOMETRIC__|0.1.2|21056|crew_log_72b4eeb2df94e7e9|0|1786390423.376|99.347|3.105|404205568|436219904|gen_data_629decefb53a1ea5|__AUTOMETRIC__
__AUTOMETRIC__|0.1.2|21056|crew_log_72b4eeb2df94e7e9|0|1786390424.387|98.853|3.089|404123648|436150272|gen_data_629decefb53a1ea5|__AUTOMETRIC__
__AUTOMETRIC__|0.1.2|21056|crew_log_72b4eeb2df94e7e9|0|1786390425.400|100.255|3.133|404185088|436211712|gen_data_629decefb53a1ea5|__AUTOMETRIC__
__AUTOMETRIC__|0.1.2|21056|crew_log_72b4eeb2df94e7e9|0|1786390426.402|99.844|3.120|404180992|436207616|gen_data_629decefb53a1ea5|__AUTOMETRIC__
__AUTOMETRIC__|0.1.2|21056|crew_log_72b4eeb2df94e7e9|0|1786390427.418|99.947|3.123|404164608|436195328|gen_data_629decefb53a1ea5|__AUTOMETRIC__
__AUTOMETRIC__|0.1.2|21056|crew_log_72b4eeb2df94e7e9|0|1786390428.426|100.730|3.148|404242432|436264960|gen_data_629decefb53a1ea5|__AUTOMETRIC__
__AUTOMETRIC__|0.1.2|21056|crew_log_72b4eeb2df94e7e9|0|1786390429.428|98.296|3.072|404291584|436305920|gen_data_629decefb53a1ea5|__AUTOMETRIC__
__AUTOMETRIC__|0.1.2|21056|crew_log_72b4eeb2df94e7e9|0|1786390430.433|97.892|3.059|404037632|436051968|gen_data_629decefb53a1ea5|__AUTOMETRIC__
__AUTOMETRIC__|0.1.2|21056|crew_log_72b4eeb2df94e7e9|0|1786390431.438|101.124|3.160|404160512|436113408|gen_data_629decefb53a1ea5|__AUTOMETRIC__
__AUTOMETRIC__|0.1.2|21056|crew_log_72b4eeb2df94e7e9|0|1786390432.444|99.371|3.105|404045824|436002816|gen_data_629decefb53a1ea5|__AUTOMETRIC__
__AUTOMETRIC__|0.1.2|21056|crew_log_72b4eeb2df94e7e9|0|1786390433.452|97.690|3.053|404074496|436027392|gen_data_629decefb53a1ea5|__AUTOMETRIC__
__AUTOMETRIC__|0.1.2|21056|crew_log_72b4eeb2df94e7e9|0|1786390434.466|100.075|3.127|404234240|436187136|gen_data_629decefb53a1ea5|__AUTOMETRIC__
__AUTOMETRIC__|0.1.2|21056|crew_log_72b4eeb2df94e7e9|0|1786390435.479|101.859|3.183|404291584|436334592|gen_data_629decefb53a1ea5|__AUTOMETRIC__
__AUTOMETRIC__|0.1.2|21056|crew_log_72b4eeb2df94e7e9|0|1786390436.491|100.325|3.135|404500480|436453376|gen_data_629decefb53a1ea5|__AUTOMETRIC__
__AUTOMETRIC__|0.1.2|21056|crew_log_72b4eeb2df94e7e9|0|1786390437.495|99.620|3.113|404455424|436408320|gen_data_629decefb53a1ea5|__AUTOMETRIC__
__AUTOMETRIC__|0.1.2|21056|crew_log_72b4eeb2df94e7e9|0|1786390438.503|97.642|3.051|404414464|436387840|gen_data_629decefb53a1ea5|__AUTOMETRIC__
__AUTOMETRIC__|0.1.2|21056|crew_log_72b4eeb2df94e7e9|0|1786390439.517|100.181|3.131|404430848|436404224|gen_data_629decefb53a1ea5|__AUTOMETRIC__
__AUTOMETRIC__|0.1.2|21056|crew_log_72b4eeb2df94e7e9|0|1786390440.527|99.022|3.094|404414464|436387840|gen_data_629decefb53a1ea5|__AUTOMETRIC__
__AUTOMETRIC__|0.1.2|21056|crew_log_72b4eeb2df94e7e9|0|1786390441.529|101.333|3.167|404361216|436367360|gen_data_629decefb53a1ea5|__AUTOMETRIC__
__AUTOMETRIC__|0.1.2|21056|crew_log_72b4eeb2df94e7e9|0|1786390442.531|102.942|3.217|404504576|436477952|gen_data_629decefb53a1ea5|__AUTOMETRIC__
__AUTOMETRIC__|0.1.2|21056|crew_log_72b4eeb2df94e7e9|0|1786390443.545|97.053|3.033|404176896|436129792|gen_data_629decefb53a1ea5|__AUTOMETRIC__
__AUTOMETRIC__|0.1.2|21056|crew_log_72b4eeb2df94e7e9|0|1786390444.560|100.046|3.126|404140032|436092928|gen_data_629decefb53a1ea5|__AUTOMETRIC__
__AUTOMETRIC__|0.1.2|21056|crew_log_72b4eeb2df94e7e9|0|1786390445.563|102.901|3.216|404295680|436269056|gen_data_629decefb53a1ea5|__AUTOMETRIC__
__AUTOMETRIC__|0.1.2|21056|crew_log_72b4eeb2df94e7e9|0|1786390446.573|97.408|3.044|404332544|436305920|gen_data_629decefb53a1ea5|__AUTOMETRIC__
__AUTOMETRIC__|0.1.2|21056|crew_log_72b4eeb2df94e7e9|0|1786390447.582|99.130|3.098|404185088|436158464|gen_data_629decefb53a1ea5|__AUTOMETRIC__
__AUTOMETRIC__|0.1.2|21056|crew_log_72b4eeb2df94e7e9|0|1786390448.585|98.163|3.068|404361216|436334592|gen_data_629decefb53a1ea5|__AUTOMETRIC__
__AUTOMETRIC__|0.1.2|21056|crew_log_72b4eeb2df94e7e9|0|1786390449.597|100.306|3.135|404307968|436281344|gen_data_629decefb53a1ea5|__AUTOMETRIC__
__AUTOMETRIC__|0.1.2|21056|crew_log_72b4eeb2df94e7e9|0|1786390450.607|95.974|2.999|404258816|436232192|gen_data_629decefb53a1ea5|__AUTOMETRIC__
__AUTOMETRIC__|0.1.2|21056|crew_log_72b4eeb2df94e7e9|0|1786390451.619|100.308|3.135|404344832|436318208|gen_data_629decefb53a1ea5|__AUTOMETRIC__
__AUTOMETRIC__|0.1.2|21056|crew_log_72b4eeb2df94e7e9|0|1786390452.635|95.399|2.981|404205568|436170752|gen_data_629decefb53a1ea5|__AUTOMETRIC__
__AUTOMETRIC__|0.1.2|21056|crew_log_72b4eeb2df94e7e9|0|1786390453.650|100.054|3.127|404332544|436297728|gen_data_629decefb53a1ea5|__AUTOMETRIC__
__AUTOMETRIC__|0.1.2|21056|crew_log_72b4eeb2df94e7e9|0|1786390454.663|100.241|3.133|404267008|436228096|gen_data_629decefb53a1ea5|__AUTOMETRIC__
__AUTOMETRIC__|0.1.2|21056|crew_log_72b4eeb2df94e7e9|0|1786390455.675|100.341|3.136|404234240|436187136|gen_data_629decefb53a1ea5|__AUTOMETRIC__
__AUTOMETRIC__|0.1.2|21056|crew_log_72b4eeb2df94e7e9|0|1786390456.677|98.210|3.069|404299776|436252672|gen_data_629decefb53a1ea5|__AUTOMETRIC__
__AUTOMETRIC__|0.1.2|21056|crew_log_72b4eeb2df94e7e9|0|1786390457.690|98.731|3.085|404361216|436314112|gen_data_629decefb53a1ea5|__AUTOMETRIC__
__AUTOMETRIC__|0.1.2|21056|crew_log_72b4eeb2df94e7e9|0|1786390458.694|99.658|3.114|404320256|436273152|gen_data_629decefb53a1ea5|__AUTOMETRIC__
__AUTOMETRIC__|0.1.2|21056|crew_log_72b4eeb2df94e7e9|0|1786390459.708|98.593|3.081|404246528|436199424|gen_data_629decefb53a1ea5|__AUTOMETRIC__
__AUTOMETRIC__|0.1.2|21056|crew_log_72b4eeb2df94e7e9|0|1786390460.712|99.605|3.113|404307968|436260864|gen_data_629decefb53a1ea5|__AUTOMETRIC__
__AUTOMETRIC__|0.1.2|21056|crew_log_72b4eeb2df94e7e9|0|1786390461.713|98.313|3.072|404484096|436436992|gen_data_629decefb53a1ea5|__AUTOMETRIC__
__AUTOMETRIC__|0.1.2|21056|crew_log_72b4eeb2df94e7e9|0|1786390462.727|98.617|3.082|404303872|436256768|gen_data_629decefb53a1ea5|__AUTOMETRIC__
__AUTOMETRIC__|0.1.2|21056|crew_log_72b4eeb2df94e7e9|0|1786390463.735|100.787|3.150|404393984|436346880|gen_data_629decefb53a1ea5|__AUTOMETRIC__
__AUTOMETRIC__|0.1.2|21056|crew_log_72b4eeb2df94e7e9|0|1786390464.739|99.619|3.113|404275200|436228096|gen_data_629decefb53a1ea5|__AUTOMETRIC__
__AUTOMETRIC__|0.1.2|21056|crew_log_72b4eeb2df94e7e9|0|1786390465.752|100.266|3.133|404242432|436195328|gen_data_629decefb53a1ea5|__AUTOMETRIC__
__AUTOMETRIC__|0.1.2|21056|crew_log_72b4eeb2df94e7e9|0|1786390466.753|99.887|3.121|404451328|436404224|gen_data_629decefb53a1ea5|__AUTOMETRIC__
__AUTOMETRIC__|0.1.2|21056|crew_log_72b4eeb2df94e7e9|0|1786390467.768|98.542|3.079|404389888|436342784|gen_data_629decefb53a1ea5|__AUTOMETRIC__
__AUTOMETRIC__|0.1.2|21056|crew_log_72b4eeb2df94e7e9|0|1786390468.772|98.034|3.064|404316160|436269056|gen_data_629decefb53a1ea5|__AUTOMETRIC__
__AUTOMETRIC__|0.1.2|21056|crew_log_72b4eeb2df94e7e9|0|1786390469.776|97.964|3.061|404336640|436289536|gen_data_629decefb53a1ea5|__AUTOMETRIC__
__AUTOMETRIC__|0.1.2|21056|crew_log_72b4eeb2df94e7e9|0|1786390470.783|100.868|3.152|404283392|436236288|gen_data_629decefb53a1ea5|__AUTOMETRIC__
__AUTOMETRIC__|0.1.2|21056|crew_log_72b4eeb2df94e7e9|0|1786390471.796|97.235|3.039|404275200|436228096|gen_data_629decefb53a1ea5|__AUTOMETRIC__
__AUTOMETRIC__|0.1.2|21056|crew_log_72b4eeb2df94e7e9|0|1786390472.809|100.225|3.132|404324352|436277248|gen_data_629decefb53a1ea5|__AUTOMETRIC__
__AUTOMETRIC__|0.1.2|21056|crew_log_72b4eeb2df94e7e9|0|1786390473.814|99.535|3.110|404213760|436166656|gen_data_629decefb53a1ea5|__AUTOMETRIC__
__AUTOMETRIC__|0.1.2|21056|crew_log_72b4eeb2df94e7e9|0|1786390474.819|97.964|3.061|404443136|436400128|gen_data_629decefb53a1ea5|__AUTOMETRIC__
__AUTOMETRIC__|0.1.2|21056|crew_log_72b4eeb2df94e7e9|0|1786390475.829|100.509|3.141|404287488|436240384|gen_data_629decefb53a1ea5|__AUTOMETRIC__
__AUTOMETRIC__|0.1.2|21056|crew_log_72b4eeb2df94e7e9|0|1786390476.841|97.229|3.038|404455424|436408320|gen_data_629decefb53a1ea5|__AUTOMETRIC__
__AUTOMETRIC__|0.1.2|21056|crew_log_72b4eeb2df94e7e9|0|1786390477.852|102.085|3.190|404389888|436342784|gen_data_629decefb53a1ea5|__AUTOMETRIC__
__AUTOMETRIC__|0.1.2|21056|crew_log_72b4eeb2df94e7e9|0|1786390478.860|99.176|3.099|404303872|436256768|gen_data_629decefb53a1ea5|__AUTOMETRIC__
__AUTOMETRIC__|0.1.2|21056|crew_log_72b4eeb2df94e7e9|0|1786390479.862|98.207|3.069|404340736|436318208|gen_data_629decefb53a1ea5|__AUTOMETRIC__
__AUTOMETRIC__|0.1.2|21056|crew_log_72b4eeb2df94e7e9|0|1786390480.864|99.864|3.121|404447232|436404224|gen_data_629decefb53a1ea5|__AUTOMETRIC__
__AUTOMETRIC__|0.1.2|21056|crew_log_72b4eeb2df94e7e9|0|1786390481.873|99.103|3.097|404418560|436375552|gen_data_629decefb53a1ea5|__AUTOMETRIC__
__AUTOMETRIC__|0.1.2|21056|crew_log_72b4eeb2df94e7e9|0|1786390482.887|98.632|3.082|404492288|436449280|gen_data_629decefb53a1ea5|__AUTOMETRIC__
__AUTOMETRIC__|0.1.2|21056|crew_log_72b4eeb2df94e7e9|0|1786390483.900|98.678|3.084|404570112|436527104|gen_data_629decefb53a1ea5|__AUTOMETRIC__
__AUTOMETRIC__|0.1.2|21056|crew_log_72b4eeb2df94e7e9|0|1786390484.904|98.009|3.063|404516864|436469760|gen_data_629decefb53a1ea5|__AUTOMETRIC__
__AUTOMETRIC__|0.1.2|21056|crew_log_72b4eeb2df94e7e9|0|1786390485.908|102.774|3.212|404328448|436281344|gen_data_629decefb53a1ea5|__AUTOMETRIC__
__AUTOMETRIC__|0.1.2|21056|crew_log_72b4eeb2df94e7e9|0|1786390486.917|99.073|3.096|404516864|436469760|gen_data_629decefb53a1ea5|__AUTOMETRIC__
__AUTOMETRIC__|0.1.2|21056|crew_log_72b4eeb2df94e7e9|0|1786390487.930|98.779|3.087|404512768|436465664|gen_data_629decefb53a1ea5|__AUTOMETRIC__
__AUTOMETRIC__|0.1.2|21056|crew_log_72b4eeb2df94e7e9|0|1786390488.930|99.935|3.123|404307968|436260864|gen_data_629decefb53a1ea5|__AUTOMETRIC__
__AUTOMETRIC__|0.1.2|21056|crew_log_72b4eeb2df94e7e9|0|1786390489.943|98.763|3.086|404459520|436461568|gen_data_629decefb53a1ea5|__AUTOMETRIC__
__AUTOMETRIC__|0.1.2|21056|crew_log_72b4eeb2df94e7e9|0|1786390490.956|100.267|3.133|404484096|436436992|gen_data_629decefb53a1ea5|__AUTOMETRIC__
__AUTOMETRIC__|0.1.2|21056|crew_log_72b4eeb2df94e7e9|0|1786390491.960|98.029|3.063|404369408|436322304|gen_data_629decefb53a1ea5|__AUTOMETRIC__
__AUTOMETRIC__|0.1.2|21056|crew_log_72b4eeb2df94e7e9|0|1786390492.965|93.282|2.915|404287488|436240384|gen_data_629decefb53a1ea5|__AUTOMETRIC__
__AUTOMETRIC__|0.1.2|21056|crew_log_72b4eeb2df94e7e9|0|1786390493.968|99.693|3.115|404324352|436277248|gen_data_629decefb53a1ea5|__AUTOMETRIC__
__AUTOMETRIC__|0.1.2|21056|crew_log_72b4eeb2df94e7e9|0|1786390494.970|101.341|3.167|404271104|436224000|gen_data_629decefb53a1ea5|__AUTOMETRIC__
__AUTOMETRIC__|0.1.2|21056|crew_log_72b4eeb2df94e7e9|0|1786390495.977|99.291|3.103|404402176|436363264|gen_data_629decefb53a1ea5|__AUTOMETRIC__
__AUTOMETRIC__|0.1.2|21056|crew_log_72b4eeb2df94e7e9|0|1786390496.986|99.080|3.096|404344832|436297728|gen_data_629decefb53a1ea5|__AUTOMETRIC__
__AUTOMETRIC__|0.1.2|21056|crew_log_72b4eeb2df94e7e9|0|1786390498.003|99.944|3.123|404328448|436281344|gen_data_629decefb53a1ea5|__AUTOMETRIC__
__AUTOMETRIC__|0.1.2|21056|crew_log_72b4eeb2df94e7e9|0|1786390499.018|98.465|3.077|404357120|436310016|gen_data_629decefb53a1ea5|__AUTOMETRIC__
__AUTOMETRIC__|0.1.2|21056|crew_log_72b4eeb2df94e7e9|0|1786390500.032|98.603|3.081|404488192|436441088|gen_data_629decefb53a1ea5|__AUTOMETRIC__
__AUTOMETRIC__|0.1.2|21056|crew_log_72b4eeb2df94e7e9|0|1786390501.036|96.493|3.015|404332544|436293632|gen_data_629decefb53a1ea5|__AUTOMETRIC__
__AUTOMETRIC__|0.1.2|21056|crew_log_72b4eeb2df94e7e9|0|1786390502.050|100.241|3.133|404385792|436338688|gen_data_629decefb53a1ea5|__AUTOMETRIC__
__AUTOMETRIC__|0.1.2|21056|crew_log_72b4eeb2df94e7e9|0|1786390503.066|99.920|3.123|404377600|436330496|gen_data_629decefb53a1ea5|__AUTOMETRIC__
__AUTOMETRIC__|0.1.2|21056|crew_log_72b4eeb2df94e7e9|0|1786390504.081|100.079|3.127|404467712|436424704|gen_data_629decefb53a1ea5|__AUTOMETRIC__
__AUTOMETRIC__|0.1.2|21056|crew_log_72b4eeb2df94e7e9|0|1786390505.095|100.131|3.129|404307968|436330496|gen_data_629decefb53a1ea5|__AUTOMETRIC__
__AUTOMETRIC__|0.1.2|21056|crew_log_72b4eeb2df94e7e9|0|1786390506.108|98.719|3.085|404369408|436322304|gen_data_629decefb53a1ea5|__AUTOMETRIC__
__AUTOMETRIC__|0.1.2|21056|crew_log_72b4eeb2df94e7e9|0|1786390507.111|99.716|3.116|404357120|436310016|gen_data_629decefb53a1ea5|__AUTOMETRIC__
__AUTOMETRIC__|0.1.2|21056|crew_log_72b4eeb2df94e7e9|0|1786390508.127|98.406|3.075|404353024|436305920|gen_data_629decefb53a1ea5|__AUTOMETRIC__
__AUTOMETRIC__|0.1.2|21056|crew_log_72b4eeb2df94e7e9|0|1786390509.141|97.074|3.034|404430848|436383744|gen_data_629decefb53a1ea5|__AUTOMETRIC__
__AUTOMETRIC__|0.1.2|21056|crew_log_72b4eeb2df94e7e9|0|1786390510.142|99.912|3.122|404533248|436490240|gen_data_629decefb53a1ea5|__AUTOMETRIC__
__AUTOMETRIC__|0.1.2|21056|crew_log_72b4eeb2df94e7e9|0|1786390511.155|98.772|3.087|404488192|436445184|gen_data_629decefb53a1ea5|__AUTOMETRIC__
__AUTOMETRIC__|0.1.2|21056|crew_log_72b4eeb2df94e7e9|0|1786390512.172|98.284|3.071|404500480|436461568|gen_data_629decefb53a1ea5|__AUTOMETRIC__
__AUTOMETRIC__|0.1.2|21056|crew_log_72b4eeb2df94e7e9|0|1786390513.176|98.047|3.064|404434944|436387840|gen_data_629decefb53a1ea5|__AUTOMETRIC__
__AUTOMETRIC__|0.1.2|21056|crew_log_72b4eeb2df94e7e9|0|1786390514.181|97.962|3.061|404414464|436367360|gen_data_629decefb53a1ea5|__AUTOMETRIC__
__AUTOMETRIC__|0.1.2|21056|crew_log_72b4eeb2df94e7e9|0|1786390515.182|99.891|3.122|404451328|436404224|gen_data_629decefb53a1ea5|__AUTOMETRIC__
__AUTOMETRIC__|0.1.2|21056|crew_log_72b4eeb2df94e7e9|0|1786390516.194|97.249|3.039|404475904|436428800|gen_data_629decefb53a1ea5|__AUTOMETRIC__
__AUTOMETRIC__|0.1.2|21056|crew_log_72b4eeb2df94e7e9|0|1786390517.207|98.744|3.086|404398080|436350976|gen_data_629decefb53a1ea5|__AUTOMETRIC__
__AUTOMETRIC__|0.1.2|21056|crew_log_72b4eeb2df94e7e9|0|1786390518.222|98.504|3.078|404426752|436379648|gen_data_629decefb53a1ea5|__AUTOMETRIC__
__AUTOMETRIC__|0.1.2|21056|crew_log_72b4eeb2df94e7e9|0|1786390519.235|100.272|3.134|404516864|436473856|gen_data_629decefb53a1ea5|__AUTOMETRIC__
__AUTOMETRIC__|0.1.2|21056|crew_log_72b4eeb2df94e7e9|0|1786390520.245|99.043|3.095|404635648|436588544|gen_data_629decefb53a1ea5|__AUTOMETRIC__
__AUTOMETRIC__|0.1.2|21056|crew_log_72b4eeb2df94e7e9|0|1786390521.247|101.358|3.167|404492288|436445184|gen_data_629decefb53a1ea5|__AUTOMETRIC__
__AUTOMETRIC__|0.1.2|21056|crew_log_72b4eeb2df94e7e9|0|1786390522.260|101.806|3.181|404492288|436486144|gen_data_629decefb53a1ea5|__AUTOMETRIC__
__AUTOMETRIC__|0.1.2|21056|crew_log_72b4eeb2df94e7e9|0|1786390523.275|100.050|3.127|404545536|436506624|gen_data_629decefb53a1ea5|__AUTOMETRIC__
__AUTOMETRIC__|0.1.2|21056|crew_log_72b4eeb2df94e7e9|0|1786390524.279|96.451|3.014|404545536|436506624|gen_data_629decefb53a1ea5|__AUTOMETRIC__
__AUTOMETRIC__|0.1.2|21056|crew_log_72b4eeb2df94e7e9|0|1786390525.293|100.182|3.131|404377600|436338688|gen_data_629decefb53a1ea5|__AUTOMETRIC__
__AUTOMETRIC__|0.1.2|21056|crew_log_72b4eeb2df94e7e9|0|1786390526.306|100.198|3.131|404656128|436609024|gen_data_629decefb53a1ea5|__AUTOMETRIC__
__AUTOMETRIC__|0.1.2|21056|crew_log_72b4eeb2df94e7e9|0|1786390527.310|99.647|3.114|404647936|436609024|gen_data_629decefb53a1ea5|__AUTOMETRIC__
__AUTOMETRIC__|0.1.2|21056|crew_log_72b4eeb2df94e7e9|0|1786390528.326|101.539|3.173|404545536|436506624|gen_data_629decefb53a1ea5|__AUTOMETRIC__
__AUTOMETRIC__|0.1.2|21056|crew_log_72b4eeb2df94e7e9|0|1786390529.341|100.004|3.125|404692992|436645888|gen_data_629decefb53a1ea5|__AUTOMETRIC__
__AUTOMETRIC__|0.1.2|21056|crew_log_72b4eeb2df94e7e9|0|1786390530.354|101.873|3.184|404590592|436543488|gen_data_629decefb53a1ea5|__AUTOMETRIC__
__AUTOMETRIC__|0.1.2|21056|crew_log_72b4eeb2df94e7e9|0|1786390531.368|100.074|3.127|404496384|436453376|gen_data_629decefb53a1ea5|__AUTOMETRIC__
__AUTOMETRIC__|0.1.2|21056|crew_log_72b4eeb2df94e7e9|0|1786390532.374|101.004|3.156|404627456|436715520|gen_data_629decefb53a1ea5|__AUTOMETRIC__
__AUTOMETRIC__|0.1.2|21056|crew_log_72b4eeb2df94e7e9|0|1786390533.376|98.262|3.071|404660224|436629504|gen_data_629decefb53a1ea5|__AUTOMETRIC__
__AUTOMETRIC__|0.1.2|21056|crew_log_72b4eeb2df94e7e9|0|1786390534.376|99.940|3.123|404652032|436621312|gen_data_629decefb53a1ea5|__AUTOMETRIC__
__AUTOMETRIC__|0.1.2|21056|crew_log_72b4eeb2df94e7e9|0|1786390535.387|97.354|3.042|404619264|436588544|gen_data_629decefb53a1ea5|__AUTOMETRIC__
__AUTOMETRIC__|0.1.2|21056|crew_log_72b4eeb2df94e7e9|0|1786390536.397|102.098|3.191|404578304|436535296|gen_data_629decefb53a1ea5|__AUTOMETRIC__
__AUTOMETRIC__|0.1.2|21056|crew_log_72b4eeb2df94e7e9|0|1786390537.404|97.815|3.057|404717568|436674560|gen_data_629decefb53a1ea5|__AUTOMETRIC__
__AUTOMETRIC__|0.1.2|21056|crew_log_72b4eeb2df94e7e9|0|1786390538.414|102.045|3.189|404721664|436674560|gen_data_629decefb53a1ea5|__AUTOMETRIC__
__AUTOMETRIC__|0.1.2|21056|crew_log_72b4eeb2df94e7e9|0|1786390539.431|99.911|3.122|404819968|436772864|gen_data_629decefb53a1ea5|__AUTOMETRIC__
__AUTOMETRIC__|0.1.2|21056|crew_log_72b4eeb2df94e7e9|0|1786390540.444|100.294|3.134|404586496|436731904|gen_data_629decefb53a1ea5|__AUTOMETRIC__
__AUTOMETRIC__|0.1.2|21056|crew_log_72b4eeb2df94e7e9|0|1786390541.448|99.597|3.112|404598784|436715520|gen_data_629decefb53a1ea5|__AUTOMETRIC__
__AUTOMETRIC__|0.1.2|21056|crew_log_72b4eeb2df94e7e9|0|1786390542.461|97.168|3.037|404697088|436649984|gen_data_629decefb53a1ea5|__AUTOMETRIC__
__AUTOMETRIC__|0.1.2|21056|crew_log_72b4eeb2df94e7e9|0|1786390543.472|100.424|3.138|404668416|436621312|gen_data_629decefb53a1ea5|__AUTOMETRIC__
__AUTOMETRIC__|0.1.2|21056|crew_log_72b4eeb2df94e7e9|0|1786390544.476|99.633|3.114|404746240|436711424|gen_data_629decefb53a1ea5|__AUTOMETRIC__
__AUTOMETRIC__|0.1.2|21056|crew_log_72b4eeb2df94e7e9|0|1786390545.491|100.083|3.128|404856832|436817920|gen_data_629decefb53a1ea5|__AUTOMETRIC__
__AUTOMETRIC__|0.1.2|21056|crew_log_72b4eeb2df94e7e9|0|1786390546.504|100.221|3.132|404860928|436813824|gen_data_629decefb53a1ea5|__AUTOMETRIC__
__AUTOMETRIC__|0.1.2|21056|crew_log_72b4eeb2df94e7e9|0|1786390547.510|97.863|3.058|404606976|436690944|gen_data_629decefb53a1ea5|__AUTOMETRIC__
__AUTOMETRIC__|0.1.2|21056|crew_log_72b4eeb2df94e7e9|0|1786390548.520|100.535|3.142|404865024|436817920|gen_data_629decefb53a1ea5|__AUTOMETRIC__
__AUTOMETRIC__|0.1.2|21056|crew_log_72b4eeb2df94e7e9|0|1786390549.525|97.960|3.061|404647936|436600832|gen_data_629decefb53a1ea5|__AUTOMETRIC__
__AUTOMETRIC__|0.1.2|21056|crew_log_72b4eeb2df94e7e9|0|1786390550.536|100.481|3.140|404566016|436518912|gen_data_629decefb53a1ea5|__AUTOMETRIC__
__AUTOMETRIC__|0.1.2|21056|crew_log_72b4eeb2df94e7e9|0|1786390551.552|99.975|3.124|404795392|436748288|gen_data_629decefb53a1ea5|__AUTOMETRIC__
__AUTOMETRIC__|0.1.2|21056|crew_log_72b4eeb2df94e7e9|0|1786390552.558|99.385|3.106|404918272|436871168|gen_data_629decefb53a1ea5|__AUTOMETRIC__
__AUTOMETRIC__|0.1.2|21056|crew_log_72b4eeb2df94e7e9|0|1786390553.558|98.368|3.074|404844544|436797440|gen_data_629decefb53a1ea5|__AUTOMETRIC__
__AUTOMETRIC__|0.1.2|21056|crew_log_72b4eeb2df94e7e9|0|1786390554.574|98.512|3.078|404860928|436813824|gen_data_629decefb53a1ea5|__AUTOMETRIC__
__AUTOMETRIC__|0.1.2|21056|crew_log_72b4eeb2df94e7e9|0|1786390555.578|101.072|3.159|404889600|436850688|gen_data_629decefb53a1ea5|__AUTOMETRIC__
__AUTOMETRIC__|0.1.2|21056|crew_log_72b4eeb2df94e7e9|0|1786390556.588|97.490|3.047|404983808|436944896|gen_data_629decefb53a1ea5|__AUTOMETRIC__
__AUTOMETRIC__|0.1.2|21056|crew_log_72b4eeb2df94e7e9|0|1786390557.597|100.649|3.145|404672512|436633600|gen_data_629decefb53a1ea5|__AUTOMETRIC__
__AUTOMETRIC__|0.1.2|21056|crew_log_72b4eeb2df94e7e9|0|1786390558.598|99.889|3.122|404836352|436797440|gen_data_629decefb53a1ea5|__AUTOMETRIC__
__AUTOMETRIC__|0.1.2|21056|crew_log_72b4eeb2df94e7e9|0|1786390559.614|100.041|3.126|404815872|436776960|gen_data_629decefb53a1ea5|__AUTOMETRIC__
__AUTOMETRIC__|0.1.2|21056|crew_log_72b4eeb2df94e7e9|0|1786390560.623|99.040|3.095|404660224|436613120|gen_data_629decefb53a1ea5|__AUTOMETRIC__
__AUTOMETRIC__|0.1.2|21056|crew_log_72b4eeb2df94e7e9|0|1786390561.627|101.158|3.161|404791296|436744192|gen_data_629decefb53a1ea5|__AUTOMETRIC__
__AUTOMETRIC__|0.1.2|21056|crew_log_72b4eeb2df94e7e9|0|1786390562.633|99.420|3.107|404664320|436617216|gen_data_629decefb53a1ea5|__AUTOMETRIC__
__AUTOMETRIC__|0.1.2|21056|crew_log_72b4eeb2df94e7e9|0|1786390563.635|99.840|3.120|404807680|436781056|gen_data_629decefb53a1ea5|__AUTOMETRIC__
__AUTOMETRIC__|0.1.2|21056|crew_log_72b4eeb2df94e7e9|0|1786390564.647|100.287|3.134|404684800|436637696|gen_data_629decefb53a1ea5|__AUTOMETRIC__
__AUTOMETRIC__|0.1.2|21056|crew_log_72b4eeb2df94e7e9|0|1786390565.662|100.052|3.127|404856832|436809728|gen_data_629decefb53a1ea5|__AUTOMETRIC__
__AUTOMETRIC__|0.1.2|21056|crew_log_72b4eeb2df94e7e9|0|1786390566.668|99.494|3.109|404656128|436609024|gen_data_629decefb53a1ea5|__AUTOMETRIC__
__AUTOMETRIC__|0.1.2|21056|crew_log_72b4eeb2df94e7e9|0|1786390567.678|100.524|3.141|404537344|436490240|gen_data_629decefb53a1ea5|__AUTOMETRIC__
__AUTOMETRIC__|0.1.2|21056|crew_log_72b4eeb2df94e7e9|0|1786390568.690|100.385|3.137|404668416|436621312|gen_data_629decefb53a1ea5|__AUTOMETRIC__
__AUTOMETRIC__|0.1.2|21056|crew_log_72b4eeb2df94e7e9|0|1786390569.704|100.136|3.129|404729856|436682752|gen_data_629decefb53a1ea5|__AUTOMETRIC__
__AUTOMETRIC__|0.1.2|21056|crew_log_72b4eeb2df94e7e9|0|1786390570.717|100.202|3.131|404611072|436563968|gen_data_629decefb53a1ea5|__AUTOMETRIC__
__AUTOMETRIC__|0.1.2|21056|crew_log_72b4eeb2df94e7e9|0|1786390571.720|99.786|3.118|404770816|436727808|gen_data_629decefb53a1ea5|__AUTOMETRIC__
__AUTOMETRIC__|0.1.2|21056|crew_log_72b4eeb2df94e7e9|0|1786390572.735|100.036|3.126|404754432|436711424|gen_data_629decefb53a1ea5|__AUTOMETRIC__
__AUTOMETRIC__|0.1.2|21056|crew_log_72b4eeb2df94e7e9|0|1786390573.739|99.552|3.111|404746240|436711424|gen_data_629decefb53a1ea5|__AUTOMETRIC__
__AUTOMETRIC__|0.1.2|21056|crew_log_72b4eeb2df94e7e9|0|1786390574.749|100.600|3.144|404664320|436629504|gen_data_629decefb53a1ea5|__AUTOMETRIC__
__AUTOMETRIC__|0.1.2|21056|crew_log_72b4eeb2df94e7e9|0|1786390575.764|100.066|3.127|404881408|436879360|gen_data_629decefb53a1ea5|__AUTOMETRIC__
__AUTOMETRIC__|0.1.2|21056|crew_log_72b4eeb2df94e7e9|0|1786390576.778|98.622|3.082|404942848|436899840|gen_data_629decefb53a1ea5|__AUTOMETRIC__
__AUTOMETRIC__|0.1.2|21056|crew_log_72b4eeb2df94e7e9|0|1786390577.781|104.310|3.260|404885504|436842496|gen_data_629decefb53a1ea5|__AUTOMETRIC__
__AUTOMETRIC__|0.1.2|21056|crew_log_72b4eeb2df94e7e9|0|1786390578.796|100.123|3.129|405204992|437161984|gen_data_629decefb53a1ea5|__AUTOMETRIC__
__AUTOMETRIC__|0.1.2|21056|crew_log_72b4eeb2df94e7e9|0|1786390579.803|99.322|3.104|405057536|437014528|gen_data_629decefb53a1ea5|__AUTOMETRIC__
__AUTOMETRIC__|0.1.2|21056|crew_log_72b4eeb2df94e7e9|0|1786390580.814|100.382|3.137|405037056|436994048|gen_data_629decefb53a1ea5|__AUTOMETRIC__
__AUTOMETRIC__|0.1.2|21056|crew_log_72b4eeb2df94e7e9|0|1786390581.830|100.008|3.125|404865024|436822016|gen_data_629decefb53a1ea5|__AUTOMETRIC__
__AUTOMETRIC__|0.1.2|21056|crew_log_72b4eeb2df94e7e9|0|1786390582.839|97.522|3.048|404914176|436871168|gen_data_629decefb53a1ea5|__AUTOMETRIC__
__AUTOMETRIC__|0.1.2|21056|crew_log_72b4eeb2df94e7e9|0|1786390583.851|98.840|3.089|404873216|436838400|gen_data_629decefb53a1ea5|__AUTOMETRIC__
__AUTOMETRIC__|0.1.2|21056|crew_log_72b4eeb2df94e7e9|0|1786390584.857|97.830|3.057|404791296|436903936|gen_data_629decefb53a1ea5|__AUTOMETRIC__
__AUTOMETRIC__|0.1.2|21056|crew_log_72b4eeb2df94e7e9|0|1786390585.870|97.181|3.037|405045248|437002240|gen_data_629decefb53a1ea5|__AUTOMETRIC__
__AUTOMETRIC__|0.1.2|21056|crew_log_72b4eeb2df94e7e9|0|1786390586.876|99.430|3.107|405065728|437022720|gen_data_629decefb53a1ea5|__AUTOMETRIC__
__AUTOMETRIC__|0.1.2|21056|crew_log_72b4eeb2df94e7e9|0|1786390587.888|98.815|3.088|405053440|437010432|gen_data_629decefb53a1ea5|__AUTOMETRIC__
__AUTOMETRIC__|0.1.2|21056|crew_log_72b4eeb2df94e7e9|0|1786390588.890|102.960|3.218|405020672|436977664|gen_data_629decefb53a1ea5|__AUTOMETRIC__
__AUTOMETRIC__|0.1.2|21056|crew_log_72b4eeb2df94e7e9|0|1786390589.903|98.712|3.085|404971520|436965376|gen_data_629decefb53a1ea5|__AUTOMETRIC__
__AUTOMETRIC__|0.1.2|21056|crew_log_72b4eeb2df94e7e9|0|1786390590.916|100.200|3.131|404836352|436793344|gen_data_629decefb53a1ea5|__AUTOMETRIC__
__AUTOMETRIC__|0.1.2|21056|crew_log_72b4eeb2df94e7e9|0|1786390591.919|101.292|3.165|404844544|436801536|gen_data_629decefb53a1ea5|__AUTOMETRIC__
__AUTOMETRIC__|0.1.2|21056|crew_log_72b4eeb2df94e7e9|0|1786390592.921|101.355|3.167|404951040|436908032|gen_data_629decefb53a1ea5|__AUTOMETRIC__
__AUTOMETRIC__|0.1.2|21056|crew_log_72b4eeb2df94e7e9|0|1786390593.937|96.882|3.028|405032960|436989952|gen_data_629decefb53a1ea5|__AUTOMETRIC__
__AUTOMETRIC__|0.1.2|21056|crew_log_72b4eeb2df94e7e9|0|1786390594.942|99.523|3.110|404979712|436961280|gen_data_629decefb53a1ea5|__AUTOMETRIC__
__AUTOMETRIC__|0.1.2|21056|crew_log_72b4eeb2df94e7e9|0|1786390595.943|99.896|3.122|404987904|436944896|gen_data_629decefb53a1ea5|__AUTOMETRIC__
__AUTOMETRIC__|0.1.2|21056|crew_log_72b4eeb2df94e7e9|0|1786390596.956|100.243|3.133|405348352|437231616|gen_data_629decefb53a1ea5|__AUTOMETRIC__
__AUTOMETRIC__|0.1.2|21056|crew_log_72b4eeb2df94e7e9|0|1786390597.970|100.142|3.129|404967424|436850688|gen_data_629decefb53a1ea5|__AUTOMETRIC__
__AUTOMETRIC__|0.1.2|21056|crew_log_72b4eeb2df94e7e9|0|1786390598.976|99.371|3.105|405110784|437063680|gen_data_629decefb53a1ea5|__AUTOMETRIC__
__AUTOMETRIC__|0.1.2|21056|crew_log_72b4eeb2df94e7e9|0|1786390599.979|99.714|3.116|405098496|436985856|gen_data_629decefb53a1ea5|__AUTOMETRIC__
__AUTOMETRIC__|0.1.2|21056|crew_log_72b4eeb2df94e7e9|0|1786390600.989|99.048|3.095|405024768|436908032|gen_data_629decefb53a1ea5|__AUTOMETRIC__
__AUTOMETRIC__|0.1.2|21056|crew_log_72b4eeb2df94e7e9|0|1786390601.991|99.813|3.119|405196800|437080064|gen_data_629decefb53a1ea5|__AUTOMETRIC__
__AUTOMETRIC__|0.1.2|21056|crew_log_72b4eeb2df94e7e9|0|1786390603.005|100.140|3.129|405041152|436969472|gen_data_629decefb53a1ea5|__AUTOMETRIC__
__AUTOMETRIC__|0.1.2|21056|crew_log_72b4eeb2df94e7e9|0|1786390604.018|100.298|3.134|405090304|436977664|gen_data_629decefb53a1ea5|__AUTOMETRIC__
__AUTOMETRIC__|0.1.2|21056|crew_log_72b4eeb2df94e7e9|0|1786390605.022|98.041|3.064|405151744|437039104|gen_data_629decefb53a1ea5|__AUTOMETRIC__
__AUTOMETRIC__|0.1.2|21056|crew_log_72b4eeb2df94e7e9|0|1786390606.028|99.358|3.105|405078016|436961280|gen_data_629decefb53a1ea5|__AUTOMETRIC__
__AUTOMETRIC__|0.1.2|21056|crew_log_72b4eeb2df94e7e9|0|1786390607.043|103.178|3.224|405098496|436981760|gen_data_629decefb53a1ea5|__AUTOMETRIC__
__AUTOMETRIC__|0.1.2|21056|crew_log_72b4eeb2df94e7e9|0|1786390608.058|101.557|3.174|405237760|437121024|gen_data_629decefb53a1ea5|__AUTOMETRIC__
__AUTOMETRIC__|0.1.2|21056|crew_log_72b4eeb2df94e7e9|0|1786390609.063|99.485|3.109|404955136|436846592|gen_data_629decefb53a1ea5|__AUTOMETRIC__
__AUTOMETRIC__|0.1.2|21056|crew_log_72b4eeb2df94e7e9|0|1786390610.066|99.723|3.116|405123072|437006336|gen_data_629decefb53a1ea5|__AUTOMETRIC__
__AUTOMETRIC__|0.1.2|21056|crew_log_72b4eeb2df94e7e9|0|1786390611.069|99.726|3.116|404971520|436854784|gen_data_629decefb53a1ea5|__AUTOMETRIC__
__AUTOMETRIC__|0.1.2|21056|crew_log_72b4eeb2df94e7e9|0|1786390612.081|98.826|3.088|405082112|436994048|gen_data_629decefb53a1ea5|__AUTOMETRIC__
__AUTOMETRIC__|0.1.2|21056|crew_log_72b4eeb2df94e7e9|0|1786390613.089|97.636|3.051|405127168|437010432|gen_data_629decefb53a1ea5|__AUTOMETRIC__
__AUTOMETRIC__|0.1.2|21056|crew_log_72b4eeb2df94e7e9|0|1786390614.091|98.227|3.070|405209088|437092352|gen_data_629decefb53a1ea5|__AUTOMETRIC__
__AUTOMETRIC__|0.1.2|21056|crew_log_72b4eeb2df94e7e9|0|1786390615.104|100.281|3.134|405078016|436965376|gen_data_629decefb53a1ea5|__AUTOMETRIC__
__AUTOMETRIC__|0.1.2|21056|crew_log_72b4eeb2df94e7e9|0|1786390616.117|98.737|3.086|405188608|437071872|gen_data_629decefb53a1ea5|__AUTOMETRIC__
__AUTOMETRIC__|0.1.2|21056|crew_log_72b4eeb2df94e7e9|0|1786390617.121|101.078|3.159|405364736|437248000|gen_data_629decefb53a1ea5|__AUTOMETRIC__
__AUTOMETRIC__|0.1.2|21056|crew_log_72b4eeb2df94e7e9|0|1786390618.123|103.012|3.219|405102592|436985856|gen_data_629decefb53a1ea5|__AUTOMETRIC__
__AUTOMETRIC__|0.1.2|21056|crew_log_72b4eeb2df94e7e9|0|1786390619.126|99.685|3.115|404918272|436801536|gen_data_629decefb53a1ea5|__AUTOMETRIC__
__AUTOMETRIC__|0.1.2|21056|crew_log_72b4eeb2df94e7e9|0|1786390620.138|97.258|3.039|405262336|437145600|gen_data_629decefb53a1ea5|__AUTOMETRIC__
__AUTOMETRIC__|0.1.2|21056|crew_log_72b4eeb2df94e7e9|0|1786390621.153|98.511|3.078|405221376|437104640|gen_data_629decefb53a1ea5|__AUTOMETRIC__
__AUTOMETRIC__|0.1.2|21056|crew_log_72b4eeb2df94e7e9|0|1786390622.166|101.837|3.182|405098496|436981760|gen_data_629decefb53a1ea5|__AUTOMETRIC__
__AUTOMETRIC__|0.1.2|21056|crew_log_72b4eeb2df94e7e9|0|1786390623.167|99.830|3.120|405237760|437121024|gen_data_629decefb53a1ea5|__AUTOMETRIC__
__AUTOMETRIC__|0.1.2|21056|crew_log_72b4eeb2df94e7e9|0|1786390624.174|102.412|3.200|405135360|437018624|gen_data_629decefb53a1ea5|__AUTOMETRIC__
__AUTOMETRIC__|0.1.2|21056|crew_log_72b4eeb2df94e7e9|0|1786390625.177|99.724|3.116|405143552|437026816|gen_data_629decefb53a1ea5|__AUTOMETRIC__
__AUTOMETRIC__|0.1.2|21056|crew_log_72b4eeb2df94e7e9|0|1786390626.184|100.907|3.153|405237760|437121024|gen_data_629decefb53a1ea5|__AUTOMETRIC__
__AUTOMETRIC__|0.1.2|21056|crew_log_72b4eeb2df94e7e9|0|1786390627.199|98.479|3.077|405270528|437153792|gen_data_629decefb53a1ea5|__AUTOMETRIC__
__AUTOMETRIC__|0.1.2|21056|crew_log_72b4eeb2df94e7e9|0|1786390628.209|102.062|3.189|404942848|436965376|gen_data_629decefb53a1ea5|__AUTOMETRIC__
__AUTOMETRIC__|0.1.2|21056|crew_log_72b4eeb2df94e7e9|0|1786390629.217|99.248|3.101|405192704|437080064|gen_data_629decefb53a1ea5|__AUTOMETRIC__
__AUTOMETRIC__|0.1.2|21056|crew_log_72b4eeb2df94e7e9|0|1786390630.223|97.887|3.059|404901888|436850688|gen_data_629decefb53a1ea5|__AUTOMETRIC__
__AUTOMETRIC__|0.1.2|21056|crew_log_72b4eeb2df94e7e9|0|1786390631.237|98.614|3.082|405118976|437002240|gen_data_629decefb53a1ea5|__AUTOMETRIC__
__AUTOMETRIC__|0.1.2|21056|crew_log_72b4eeb2df94e7e9|0|1786390632.239|99.788|3.118|405135360|437018624|gen_data_629decefb53a1ea5|__AUTOMETRIC__
__AUTOMETRIC__|0.1.2|21056|crew_log_72b4eeb2df94e7e9|0|1786390633.255|99.916|3.122|405000192|436989952|gen_data_629decefb53a1ea5|__AUTOMETRIC__
__AUTOMETRIC__|0.1.2|21056|crew_log_72b4eeb2df94e7e9|0|1786390634.258|99.779|3.118|405012480|436895744|gen_data_629decefb53a1ea5|__AUTOMETRIC__
__AUTOMETRIC__|0.1.2|21056|crew_log_72b4eeb2df94e7e9|0|1786390635.268|100.485|3.140|405086208|436969472|gen_data_629decefb53a1ea5|__AUTOMETRIC__
__AUTOMETRIC__|0.1.2|21056|crew_log_72b4eeb2df94e7e9|0|1786390636.273|99.479|3.109|405028864|436912128|gen_data_629decefb53a1ea5|__AUTOMETRIC__
__AUTOMETRIC__|0.1.2|21056|crew_log_72b4eeb2df94e7e9|0|1786390637.287|100.223|3.132|405028864|436912128|gen_data_629decefb53a1ea5|__AUTOMETRIC__
__AUTOMETRIC__|0.1.2|21056|crew_log_72b4eeb2df94e7e9|0|1786390638.303|99.942|3.123|405090304|436973568|gen_data_629decefb53a1ea5|__AUTOMETRIC__
__AUTOMETRIC__|0.1.2|21056|crew_log_72b4eeb2df94e7e9|0|1786390639.312|99.106|3.097|405262336|437145600|gen_data_629decefb53a1ea5|__AUTOMETRIC__
__AUTOMETRIC__|0.1.2|21056|crew_log_72b4eeb2df94e7e9|0|1786390640.315|98.187|3.068|404910080|436793344|gen_data_629decefb53a1ea5|__AUTOMETRIC__
__AUTOMETRIC__|0.1.2|21056|crew_log_72b4eeb2df94e7e9|0|1786390641.330|98.454|3.077|405041152|436924416|gen_data_629decefb53a1ea5|__AUTOMETRIC__
__AUTOMETRIC__|0.1.2|21056|crew_log_72b4eeb2df94e7e9|0|1786390642.345|100.126|3.129|405106688|436989952|gen_data_629decefb53a1ea5|__AUTOMETRIC__
__AUTOMETRIC__|0.1.2|21056|crew_log_72b4eeb2df94e7e9|0|1786390643.347|99.739|3.117|405151744|437035008|gen_data_629decefb53a1ea5|__AUTOMETRIC__
__AUTOMETRIC__|0.1.2|21056|crew_log_72b4eeb2df94e7e9|0|1786390644.356|99.172|3.099|404979712|436940800|gen_data_629decefb53a1ea5|__AUTOMETRIC__
__AUTOMETRIC__|0.1.2|21056|crew_log_72b4eeb2df94e7e9|0|1786390645.360|101.168|3.161|405118976|437002240|gen_data_629decefb53a1ea5|__AUTOMETRIC__
__AUTOMETRIC__|0.1.2|21056|crew_log_72b4eeb2df94e7e9|0|1786390646.362|99.727|3.116|405315584|437198848|gen_data_629decefb53a1ea5|__AUTOMETRIC__
__AUTOMETRIC__|0.1.2|21056|crew_log_72b4eeb2df94e7e9|0|1786390647.378|99.986|3.125|405000192|437071872|gen_data_629decefb53a1ea5|__AUTOMETRIC__
__AUTOMETRIC__|0.1.2|21056|crew_log_72b4eeb2df94e7e9|0|1786390648.382|98.043|3.064|405262336|437149696|gen_data_629decefb53a1ea5|__AUTOMETRIC__
__AUTOMETRIC__|0.1.2|21056|crew_log_72b4eeb2df94e7e9|0|1786390649.386|98.008|3.063|405233664|437116928|gen_data_629decefb53a1ea5|__AUTOMETRIC__
__AUTOMETRIC__|0.1.2|21056|crew_log_72b4eeb2df94e7e9|0|1786390650.391|99.579|3.112|405434368|437317632|gen_data_629decefb53a1ea5|__AUTOMETRIC__
__AUTOMETRIC__|0.1.2|21056|crew_log_72b4eeb2df94e7e9|0|1786390651.407|98.442|3.076|405082112|436965376|gen_data_629decefb53a1ea5|__AUTOMETRIC__
__AUTOMETRIC__|0.1.2|21056|crew_log_72b4eeb2df94e7e9|0|1786390652.409|98.147|3.067|405385216|437280768|gen_data_629decefb53a1ea5|__AUTOMETRIC__
__AUTOMETRIC__|0.1.2|21056|crew_log_72b4eeb2df94e7e9|0|1786390653.422|100.287|3.134|405438464|437321728|gen_data_629decefb53a1ea5|__AUTOMETRIC__
__AUTOMETRIC__|0.1.2|21056|crew_log_72b4eeb2df94e7e9|0|1786390654.439|99.914|3.122|405389312|437272576|gen_data_629decefb53a1ea5|__AUTOMETRIC__
__AUTOMETRIC__|0.1.2|21056|crew_log_72b4eeb2df94e7e9|0|1786390655.446|97.698|3.053|405417984|437301248|gen_data_629decefb53a1ea5|__AUTOMETRIC__
__AUTOMETRIC__|0.1.2|21056|crew_log_72b4eeb2df94e7e9|0|1786390656.452|99.448|3.108|405557248|437440512|gen_data_629decefb53a1ea5|__AUTOMETRIC__
__AUTOMETRIC__|0.1.2|21056|crew_log_72b4eeb2df94e7e9|0|1786390657.454|101.302|3.166|405237760|437125120|gen_data_629decefb53a1ea5|__AUTOMETRIC__
__AUTOMETRIC__|0.1.2|21056|crew_log_72b4eeb2df94e7e9|0|1786390658.463|99.163|3.099|405372928|437260288|gen_data_629decefb53a1ea5|__AUTOMETRIC__
__AUTOMETRIC__|0.1.2|21056|crew_log_72b4eeb2df94e7e9|0|1786390659.478|96.979|3.031|405573632|437456896|gen_data_629decefb53a1ea5|__AUTOMETRIC__
__AUTOMETRIC__|0.1.2|21056|crew_log_72b4eeb2df94e7e9|0|1786390660.482|102.743|3.211|405676032|437563392|gen_data_629decefb53a1ea5|__AUTOMETRIC__
__AUTOMETRIC__|0.1.2|21056|crew_log_72b4eeb2df94e7e9|0|1786390661.489|96.159|3.005|405540864|437448704|gen_data_629decefb53a1ea5|__AUTOMETRIC__
__AUTOMETRIC__|0.1.2|21056|crew_log_72b4eeb2df94e7e9|0|1786390662.495|99.453|3.108|405581824|437465088|gen_data_629decefb53a1ea5|__AUTOMETRIC__
__AUTOMETRIC__|0.1.2|21056|crew_log_72b4eeb2df94e7e9|0|1786390663.496|99.841|3.120|405463040|437346304|gen_data_629decefb53a1ea5|__AUTOMETRIC__
__AUTOMETRIC__|0.1.2|21056|crew_log_72b4eeb2df94e7e9|0|1786390664.509|101.862|3.183|405553152|437485568|gen_data_629decefb53a1ea5|__AUTOMETRIC__
__AUTOMETRIC__|0.1.2|21056|crew_log_72b4eeb2df94e7e9|0|1786390665.512|99.627|3.113|405536768|437420032|gen_data_629decefb53a1ea5|__AUTOMETRIC__
__AUTOMETRIC__|0.1.2|21056|crew_log_72b4eeb2df94e7e9|0|1786390666.523|102.000|3.187|405438464|437358592|gen_data_629decefb53a1ea5|__AUTOMETRIC__
__AUTOMETRIC__|0.1.2|21056|crew_log_72b4eeb2df94e7e9|0|1786390667.533|98.994|3.094|405663744|437547008|gen_data_629decefb53a1ea5|__AUTOMETRIC__
__AUTOMETRIC__|0.1.2|21056|crew_log_72b4eeb2df94e7e9|0|1786390668.546|100.283|3.134|405757952|437641216|gen_data_629decefb53a1ea5|__AUTOMETRIC__
__AUTOMETRIC__|0.1.2|21056|crew_log_72b4eeb2df94e7e9|0|1786390669.549|98.189|3.068|405622784|437596160|gen_data_629decefb53a1ea5|__AUTOMETRIC__
__AUTOMETRIC__|0.1.2|21056|crew_log_72b4eeb2df94e7e9|0|1786390670.560|97.347|3.042|405528576|437411840|gen_data_629decefb53a1ea5|__AUTOMETRIC__
__AUTOMETRIC__|0.1.2|21056|crew_log_72b4eeb2df94e7e9|0|1786390671.568|100.743|3.148|405426176|437309440|gen_data_629decefb53a1ea5|__AUTOMETRIC__
__AUTOMETRIC__|0.1.2|21056|crew_log_72b4eeb2df94e7e9|0|1786390672.580|100.320|3.135|405606400|437489664|gen_data_629decefb53a1ea5|__AUTOMETRIC__
__AUTOMETRIC__|0.1.2|21056|crew_log_72b4eeb2df94e7e9|0|1786390673.588|97.673|3.052|405549056|437633024|gen_data_629decefb53a1ea5|__AUTOMETRIC__
__AUTOMETRIC__|0.1.2|21056|crew_log_72b4eeb2df94e7e9|0|1786390674.601|98.780|3.087|405237760|437186560|gen_data_629decefb53a1ea5|__AUTOMETRIC__
__AUTOMETRIC__|0.1.2|21056|crew_log_72b4eeb2df94e7e9|0|1786390675.603|99.760|3.118|405434368|437317632|gen_data_629decefb53a1ea5|__AUTOMETRIC__
__AUTOMETRIC__|0.1.2|21056|crew_log_72b4eeb2df94e7e9|0|1786390676.619|98.382|3.074|405614592|437497856|gen_data_629decefb53a1ea5|__AUTOMETRIC__
__AUTOMETRIC__|0.1.2|21056|crew_log_72b4eeb2df94e7e9|0|1786390677.621|99.813|3.119|405622784|437506048|gen_data_629decefb53a1ea5|__AUTOMETRIC__
__AUTOMETRIC__|0.1.2|21056|crew_log_72b4eeb2df94e7e9|0|1786390678.635|97.153|3.036|405663744|437641216|gen_data_629decefb53a1ea5|__AUTOMETRIC__
__AUTOMETRIC__|0.1.2|21056|crew_log_72b4eeb2df94e7e9|0|1786390679.636|98.324|3.073|405557248|437440512|gen_data_629decefb53a1ea5|__AUTOMETRIC__
__AUTOMETRIC__|0.1.2|21056|crew_log_72b4eeb2df94e7e9|0|1786390680.647|98.858|3.089|405692416|437575680|gen_data_629decefb53a1ea5|__AUTOMETRIC__
__AUTOMETRIC__|0.1.2|21056|crew_log_72b4eeb2df94e7e9|0|1786390681.650|99.730|3.117|405794816|437678080|gen_data_629decefb53a1ea5|__AUTOMETRIC__
__AUTOMETRIC__|0.1.2|21056|crew_log_72b4eeb2df94e7e9|0|1786390682.666|99.977|3.124|405450752|437334016|gen_data_629decefb53a1ea5|__AUTOMETRIC__
__AUTOMETRIC__|0.1.2|21056|crew_log_72b4eeb2df94e7e9|0|1786390683.672|100.954|3.155|405594112|437477376|gen_data_629decefb53a1ea5|__AUTOMETRIC__
__AUTOMETRIC__|0.1.2|21056|crew_log_72b4eeb2df94e7e9|0|1786390684.677|99.459|3.108|405508096|437391360|gen_data_629decefb53a1ea5|__AUTOMETRIC__
__AUTOMETRIC__|0.1.2|21056|crew_log_72b4eeb2df94e7e9|0|1786390685.692|97.018|3.032|405663744|437547008|gen_data_629decefb53a1ea5|__AUTOMETRIC__
__AUTOMETRIC__|0.1.2|21056|crew_log_72b4eeb2df94e7e9|0|1786390686.707|98.539|3.079|405192704|437075968|gen_data_629decefb53a1ea5|__AUTOMETRIC__
__AUTOMETRIC__|0.1.2|21056|crew_log_72b4eeb2df94e7e9|0|1786390687.711|101.113|3.160|405409792|437293056|gen_data_629decefb53a1ea5|__AUTOMETRIC__
__AUTOMETRIC__|0.1.2|21056|crew_log_72b4eeb2df94e7e9|0|1786390688.712|99.950|3.123|405409792|437383168|gen_data_629decefb53a1ea5|__AUTOMETRIC__
__AUTOMETRIC__|0.1.2|21056|crew_log_72b4eeb2df94e7e9|0|1786390689.716|101.086|3.159|405438464|437321728|gen_data_629decefb53a1ea5|__AUTOMETRIC__
__AUTOMETRIC__|0.1.2|21056|crew_log_72b4eeb2df94e7e9|0|1786390690.719|99.749|3.117|405557248|437506048|gen_data_629decefb53a1ea5|__AUTOMETRIC__
__AUTOMETRIC__|0.1.2|21056|crew_log_72b4eeb2df94e7e9|0|1786390691.734|98.561|3.080|405573632|437522432|gen_data_629decefb53a1ea5|__AUTOMETRIC__
__AUTOMETRIC__|0.1.2|21056|crew_log_72b4eeb2df94e7e9|0|1786390692.736|99.729|3.117|428052480|460111872|gen_data_629decefb53a1ea5|__AUTOMETRIC__
__AUTOMETRIC__|0.1.2|21056|crew_log_72b4eeb2df94e7e9|0|1786390693.739|99.740|3.117|486432768|518574080|gen_data_629decefb53a1ea5|__AUTOMETRIC__
__AUTOMETRIC__|0.1.2|21056|crew_log_72b4eeb2df94e7e9|0|1786390694.740|99.863|3.121|487333888|519426048|gen_data_629decefb53a1ea5|__AUTOMETRIC__
__AUTOMETRIC__|0.1.2|21056|crew_log_72b4eeb2df94e7e9|0|1786390695.755|100.087|3.128|487473152|519565312|gen_data_629decefb53a1ea5|__AUTOMETRIC__
__AUTOMETRIC__|0.1.2|21056|crew_log_72b4eeb2df94e7e9|0|1786390696.766|100.442|3.139|487534592|519626752|gen_data_629decefb53a1ea5|__AUTOMETRIC__
__AUTOMETRIC__|0.1.2|21056|crew_log_72b4eeb2df94e7e9|0|1786390697.779|100.294|3.134|487612416|519704576|gen_data_629decefb53a1ea5|__AUTOMETRIC__
__AUTOMETRIC__|0.1.2|21056|crew_log_72b4eeb2df94e7e9|0|1786390698.788|99.130|3.098|487538688|519614464|gen_data_629decefb53a1ea5|__AUTOMETRIC__
__AUTOMETRIC__|0.1.2|21056|crew_log_72b4eeb2df94e7e9|0|1786390699.798|98.933|3.092|487448576|519524352|gen_data_629decefb53a1ea5|__AUTOMETRIC__
__AUTOMETRIC__|0.1.2|21056|crew_log_72b4eeb2df94e7e9|0|1786390700.805|99.375|3.105|487890944|519970816|gen_data_629decefb53a1ea5|__AUTOMETRIC__
__AUTOMETRIC__|0.1.2|21056|crew_log_72b4eeb2df94e7e9|0|1786390701.810|97.898|3.059|487673856|519798784|gen_data_629decefb53a1ea5|__AUTOMETRIC__
__AUTOMETRIC__|0.1.2|21056|crew_log_72b4eeb2df94e7e9|0|1786390702.824|100.205|3.131|487759872|519839744|gen_data_629decefb53a1ea5|__AUTOMETRIC__
__AUTOMETRIC__|0.1.2|21056|crew_log_72b4eeb2df94e7e9|0|1786390703.835|103.546|3.236|434376704|466456576|gen_data_629decefb53a1ea5|__AUTOMETRIC__
__AUTOMETRIC__|0.1.2|21056|crew_log_72b4eeb2df94e7e9|0|1786390704.849|97.010|3.032|486891520|518971392|gen_data_629decefb53a1ea5|__AUTOMETRIC__
__AUTOMETRIC__|0.1.2|21056|crew_log_72b4eeb2df94e7e9|0|1786390705.852|98.212|3.069|487284736|519364608|gen_data_629decefb53a1ea5|__AUTOMETRIC__
__AUTOMETRIC__|0.1.2|21056|crew_log_72b4eeb2df94e7e9|0|1786390706.863|100.444|3.139|487403520|519483392|gen_data_629decefb53a1ea5|__AUTOMETRIC__
__AUTOMETRIC__|0.1.2|21056|crew_log_72b4eeb2df94e7e9|0|1786390707.871|99.169|3.099|487743488|519823360|gen_data_629decefb53a1ea5|__AUTOMETRIC__
__AUTOMETRIC__|0.1.2|21056|crew_log_72b4eeb2df94e7e9|0|1786390708.877|102.568|3.205|487682048|519761920|gen_data_629decefb53a1ea5|__AUTOMETRIC__
__AUTOMETRIC__|0.1.2|21056|crew_log_72b4eeb2df94e7e9|0|1786390709.885|99.178|3.099|487387136|519467008|gen_data_629decefb53a1ea5|__AUTOMETRIC__
__AUTOMETRIC__|0.1.2|21056|crew_log_72b4eeb2df94e7e9|0|1786390710.897|98.802|3.088|487804928|519884800|gen_data_629decefb53a1ea5|__AUTOMETRIC__
__AUTOMETRIC__|0.1.2|21056|crew_log_72b4eeb2df94e7e9|0|1786390711.912|100.106|3.128|487931904|520011776|gen_data_629decefb53a1ea5|__AUTOMETRIC__
__AUTOMETRIC__|0.1.2|21056|crew_log_72b4eeb2df94e7e9|0|1786390712.926|97.032|3.032|487768064|519847936|gen_data_629decefb53a1ea5|__AUTOMETRIC__
__AUTOMETRIC__|0.1.2|21056|crew_log_72b4eeb2df94e7e9|0|1786390713.935|100.669|3.146|487735296|519815168|gen_data_629decefb53a1ea5|__AUTOMETRIC__
__AUTOMETRIC__|0.1.2|21056|crew_log_72b4eeb2df94e7e9|0|1786390714.937|99.764|3.118|487829504|519909376|gen_data_629decefb53a1ea5|__AUTOMETRIC__
__AUTOMETRIC__|0.1.2|21056|crew_log_72b4eeb2df94e7e9|0|1786390715.952|98.555|3.080|487600128|519680000|gen_data_629decefb53a1ea5|__AUTOMETRIC__
__AUTOMETRIC__|0.1.2|21056|crew_log_72b4eeb2df94e7e9|0|1786390716.958|97.815|3.057|487567360|519647232|gen_data_629decefb53a1ea5|__AUTOMETRIC__
__AUTOMETRIC__|0.1.2|21056|crew_log_72b4eeb2df94e7e9|0|1786390717.963|99.519|3.110|487821312|519901184|gen_data_629decefb53a1ea5|__AUTOMETRIC__
__AUTOMETRIC__|0.1.2|21056|crew_log_72b4eeb2df94e7e9|0|1786390718.969|99.387|3.106|487817216|519897088|gen_data_629decefb53a1ea5|__AUTOMETRIC__
__AUTOMETRIC__|0.1.2|21056|crew_log_72b4eeb2df94e7e9|0|1786390719.979|99.092|3.097|487964672|520044544|gen_data_629decefb53a1ea5|__AUTOMETRIC__
__AUTOMETRIC__|0.1.2|21056|crew_log_72b4eeb2df94e7e9|0|1786390720.980|98.282|3.071|488275968|520380416|gen_data_629decefb53a1ea5|__AUTOMETRIC__
__AUTOMETRIC__|0.1.2|21056|crew_log_72b4eeb2df94e7e9|0|1786390721.996|103.078|3.221|488243200|520323072|gen_data_629decefb53a1ea5|__AUTOMETRIC__
__AUTOMETRIC__|0.1.2|21056|crew_log_72b4eeb2df94e7e9|0|1786390723.011|99.996|3.125|488366080|520445952|gen_data_629decefb53a1ea5|__AUTOMETRIC__
__AUTOMETRIC__|0.1.2|21056|crew_log_72b4eeb2df94e7e9|0|1786390724.015|101.162|3.161|488271872|520351744|gen_data_629decefb53a1ea5|__AUTOMETRIC__
__AUTOMETRIC__|0.1.2|21056|crew_log_72b4eeb2df94e7e9|0|1786390725.017|99.809|3.119|488402944|520482816|gen_data_629decefb53a1ea5|__AUTOMETRIC__
__AUTOMETRIC__|0.1.2|21056|crew_log_72b4eeb2df94e7e9|0|1786390726.022|101.105|3.160|445063168|477143040|gen_data_629decefb53a1ea5|__AUTOMETRIC__
__AUTOMETRIC__|0.1.2|21056|crew_log_72b4eeb2df94e7e9|0|1786390727.027|97.915|3.060|488603648|520724480|gen_data_629decefb53a1ea5|__AUTOMETRIC__
__AUTOMETRIC__|0.1.2|21056|crew_log_72b4eeb2df94e7e9|0|1786390728.028|102.989|3.218|489017344|521138176|gen_data_629decefb53a1ea5|__AUTOMETRIC__
__AUTOMETRIC__|0.1.2|21056|crew_log_72b4eeb2df94e7e9|0|1786390729.039|97.400|3.044|488480768|520601600|gen_data_629decefb53a1ea5|__AUTOMETRIC__
__AUTOMETRIC__|0.1.2|21056|crew_log_72b4eeb2df94e7e9|0|1786390730.055|99.974|3.124|488693760|520814592|gen_data_629decefb53a1ea5|__AUTOMETRIC__
__AUTOMETRIC__|0.1.2|21056|crew_log_72b4eeb2df94e7e9|0|1786390731.070|96.940|3.029|489033728|521117696|gen_data_629decefb53a1ea5|__AUTOMETRIC__
__AUTOMETRIC__|0.1.2|21056|crew_log_72b4eeb2df94e7e9|0|1786390732.085|98.519|3.079|488640512|520724480|gen_data_629decefb53a1ea5|__AUTOMETRIC__
__AUTOMETRIC__|0.1.2|21056|crew_log_72b4eeb2df94e7e9|0|1786390733.091|101.040|3.157|488443904|520572928|gen_data_629decefb53a1ea5|__AUTOMETRIC__
__AUTOMETRIC__|0.1.2|21056|crew_log_72b4eeb2df94e7e9|0|1786390734.104|98.717|3.085|488763392|520876032|gen_data_629decefb53a1ea5|__AUTOMETRIC__
__AUTOMETRIC__|0.1.2|21056|crew_log_72b4eeb2df94e7e9|0|1786390735.112|99.168|3.099|488660992|520773632|gen_data_629decefb53a1ea5|__AUTOMETRIC__
__AUTOMETRIC__|0.1.2|21056|crew_log_72b4eeb2df94e7e9|0|1786390736.116|99.647|3.114|488644608|520749056|gen_data_629decefb53a1ea5|__AUTOMETRIC__
__AUTOMETRIC__|0.1.2|21056|crew_log_72b4eeb2df94e7e9|0|1786390737.118|99.757|3.117|488800256|520929280|gen_data_629decefb53a1ea5|__AUTOMETRIC__
__AUTOMETRIC__|0.1.2|21056|crew_log_72b4eeb2df94e7e9|0|1786390738.129|100.452|3.139|488751104|520880128|gen_data_629decefb53a1ea5|__AUTOMETRIC__
__AUTOMETRIC__|0.1.2|21056|crew_log_72b4eeb2df94e7e9|0|1786390739.145|99.964|3.124|488775680|520904704|gen_data_629decefb53a1ea5|__AUTOMETRIC__
__AUTOMETRIC__|0.1.2|21056|crew_log_72b4eeb2df94e7e9|0|1786390740.159|100.199|3.131|488800256|520929280|gen_data_629decefb53a1ea5|__AUTOMETRIC__
__AUTOMETRIC__|0.1.2|21056|crew_log_72b4eeb2df94e7e9|0|1786390741.162|98.154|3.067|488792064|520888320|gen_data_629decefb53a1ea5|__AUTOMETRIC__
__AUTOMETRIC__|0.1.2|21056|crew_log_72b4eeb2df94e7e9|0|1786390742.168|99.313|3.104|488886272|520982528|gen_data_629decefb53a1ea5|__AUTOMETRIC__
__AUTOMETRIC__|0.1.2|21056|crew_log_72b4eeb2df94e7e9|0|1786390743.179|95.838|2.995|488919040|521003008|gen_data_629decefb53a1ea5|__AUTOMETRIC__
__AUTOMETRIC__|0.1.2|21056|crew_log_72b4eeb2df94e7e9|0|1786390744.181|98.281|3.071|488964096|521068544|gen_data_629decefb53a1ea5|__AUTOMETRIC__
__AUTOMETRIC__|0.1.2|21056|crew_log_72b4eeb2df94e7e9|0|1786390745.197|99.945|3.123|488824832|520929280|gen_data_629decefb53a1ea5|__AUTOMETRIC__
__AUTOMETRIC__|0.1.2|21056|crew_log_72b4eeb2df94e7e9|0|1786390746.206|97.519|3.047|489164800|521256960|gen_data_629decefb53a1ea5|__AUTOMETRIC__
__AUTOMETRIC__|0.1.2|21056|crew_log_72b4eeb2df94e7e9|0|1786390747.216|100.582|3.143|489168896|521248768|gen_data_629decefb53a1ea5|__AUTOMETRIC__
__AUTOMETRIC__|0.1.2|21056|crew_log_72b4eeb2df94e7e9|0|1786390748.222|99.432|3.107|489144320|521224192|gen_data_629decefb53a1ea5|__AUTOMETRIC__
__AUTOMETRIC__|0.1.2|21056|crew_log_72b4eeb2df94e7e9|0|1786390749.223|99.848|3.120|488390656|520470528|gen_data_629decefb53a1ea5|__AUTOMETRIC__
__AUTOMETRIC__|0.1.2|21056|crew_log_72b4eeb2df94e7e9|0|1786390750.225|99.876|3.121|488660992|520740864|gen_data_629decefb53a1ea5|__AUTOMETRIC__
__AUTOMETRIC__|0.1.2|21056|crew_log_72b4eeb2df94e7e9|0|1786390751.239|100.128|3.129|489050112|521129984|gen_data_629decefb53a1ea5|__AUTOMETRIC__
__AUTOMETRIC__|0.1.2|21056|crew_log_72b4eeb2df94e7e9|0|1786390752.251|100.391|3.137|488710144|520794112|gen_data_629decefb53a1ea5|__AUTOMETRIC__
__AUTOMETRIC__|0.1.2|21056|crew_log_72b4eeb2df94e7e9|0|1786390753.256|99.450|3.108|488738816|520876032|gen_data_629decefb53a1ea5|__AUTOMETRIC__
__AUTOMETRIC__|0.1.2|21056|crew_log_72b4eeb2df94e7e9|0|1786390754.257|99.911|3.122|488767488|520904704|gen_data_629decefb53a1ea5|__AUTOMETRIC__
__AUTOMETRIC__|0.1.2|21056|crew_log_72b4eeb2df94e7e9|0|1786390755.269|100.399|3.137|488824832|520957952|gen_data_629decefb53a1ea5|__AUTOMETRIC__
__AUTOMETRIC__|0.1.2|21056|crew_log_72b4eeb2df94e7e9|0|1786390756.281|100.361|3.136|488853504|520978432|gen_data_629decefb53a1ea5|__AUTOMETRIC__
__AUTOMETRIC__|0.1.2|21056|crew_log_72b4eeb2df94e7e9|0|1786390757.282|99.826|3.120|488943616|521097216|gen_data_629decefb53a1ea5|__AUTOMETRIC__
__AUTOMETRIC__|0.1.2|21056|crew_log_72b4eeb2df94e7e9|0|1786390758.293|100.463|3.139|489046016|521191424|gen_data_629decefb53a1ea5|__AUTOMETRIC__
__AUTOMETRIC__|0.1.2|21056|crew_log_72b4eeb2df94e7e9|0|1786390759.294|93.647|2.926|489189376|521330688|gen_data_629decefb53a1ea5|__AUTOMETRIC__
__AUTOMETRIC__|0.1.2|21056|crew_log_72b4eeb2df94e7e9|0|1786390760.298|98.085|3.065|489050112|521191424|gen_data_629decefb53a1ea5|__AUTOMETRIC__
__AUTOMETRIC__|0.1.2|21056|crew_log_72b4eeb2df94e7e9|0|1786390761.305|99.332|3.104|489046016|521187328|gen_data_629decefb53a1ea5|__AUTOMETRIC__
__AUTOMETRIC__|0.1.2|21056|crew_log_72b4eeb2df94e7e9|0|1786390762.307|99.824|3.120|489078784|521220096|gen_data_629decefb53a1ea5|__AUTOMETRIC__
__AUTOMETRIC__|0.1.2|21056|crew_log_72b4eeb2df94e7e9|0|1786390763.319|98.821|3.088|489209856|521351168|gen_data_629decefb53a1ea5|__AUTOMETRIC__
__AUTOMETRIC__|0.1.2|21056|crew_log_72b4eeb2df94e7e9|0|1786390764.322|99.605|3.113|489209856|521351168|gen_data_629decefb53a1ea5|__AUTOMETRIC__
__AUTOMETRIC__|0.1.2|21056|crew_log_72b4eeb2df94e7e9|0|1786390765.336|98.705|3.085|489213952|521355264|gen_data_629decefb53a1ea5|__AUTOMETRIC__
__AUTOMETRIC__|0.1.2|21056|crew_log_72b4eeb2df94e7e9|0|1786390766.341|102.532|3.204|489279488|521420800|gen_data_629decefb53a1ea5|__AUTOMETRIC__
__AUTOMETRIC__|0.1.2|21056|crew_log_72b4eeb2df94e7e9|0|1786390767.357|99.981|3.124|489218048|521359360|gen_data_629decefb53a1ea5|__AUTOMETRIC__
__AUTOMETRIC__|0.1.2|21056|crew_log_72b4eeb2df94e7e9|0|1786390768.362|99.532|3.110|489295872|521437184|gen_data_629decefb53a1ea5|__AUTOMETRIC__
__AUTOMETRIC__|0.1.2|21056|crew_log_72b4eeb2df94e7e9|0|1786390769.364|98.274|3.071|489451520|521535488|gen_data_629decefb53a1ea5|__AUTOMETRIC__
__AUTOMETRIC__|0.1.2|21056|crew_log_72b4eeb2df94e7e9|0|1786390770.376|100.278|3.134|488816640|520933376|gen_data_629decefb53a1ea5|__AUTOMETRIC__
__AUTOMETRIC__|0.1.2|21056|crew_log_72b4eeb2df94e7e9|0|1786390771.382|99.410|3.107|488976384|521093120|gen_data_629decefb53a1ea5|__AUTOMETRIC__
__AUTOMETRIC__|0.1.2|21056|crew_log_72b4eeb2df94e7e9|0|1786390772.392|100.543|3.142|488759296|520880128|gen_data_629decefb53a1ea5|__AUTOMETRIC__
__AUTOMETRIC__|0.1.2|21056|crew_log_72b4eeb2df94e7e9|0|1786390773.407|100.083|3.128|488878080|520994816|gen_data_629decefb53a1ea5|__AUTOMETRIC__
__AUTOMETRIC__|0.1.2|21056|crew_log_72b4eeb2df94e7e9|0|1786390774.423|98.443|3.076|489054208|521170944|gen_data_629decefb53a1ea5|__AUTOMETRIC__
__AUTOMETRIC__|0.1.2|21056|crew_log_72b4eeb2df94e7e9|0|1786390775.428|99.539|3.111|488906752|521023488|gen_data_629decefb53a1ea5|__AUTOMETRIC__
__AUTOMETRIC__|0.1.2|21056|crew_log_72b4eeb2df94e7e9|0|1786390776.436|100.761|3.149|489324544|521437184|gen_data_629decefb53a1ea5|__AUTOMETRIC__
__AUTOMETRIC__|0.1.2|21056|crew_log_72b4eeb2df94e7e9|0|1786390777.439|99.634|3.114|489246720|521359360|gen_data_629decefb53a1ea5|__AUTOMETRIC__
__AUTOMETRIC__|0.1.2|21056|crew_log_72b4eeb2df94e7e9|0|1786390778.453|100.149|3.130|488984576|521097216|gen_data_629decefb53a1ea5|__AUTOMETRIC__
__AUTOMETRIC__|0.1.2|21056|crew_log_72b4eeb2df94e7e9|0|1786390779.467|98.651|3.083|488857600|520945664|gen_data_629decefb53a1ea5|__AUTOMETRIC__
__AUTOMETRIC__|0.1.2|21056|crew_log_72b4eeb2df94e7e9|0|1786390780.481|100.143|3.129|489410560|521564160|gen_data_629decefb53a1ea5|__AUTOMETRIC__
__AUTOMETRIC__|0.1.2|21056|crew_log_72b4eeb2df94e7e9|0|1786390781.495|98.671|3.083|489316352|521469952|gen_data_629decefb53a1ea5|__AUTOMETRIC__
__AUTOMETRIC__|0.1.2|21056|crew_log_72b4eeb2df94e7e9|0|1786390782.505|102.114|3.191|489431040|521584640|gen_data_629decefb53a1ea5|__AUTOMETRIC__
__AUTOMETRIC__|0.1.2|21056|crew_log_72b4eeb2df94e7e9|0|1786390783.518|100.248|3.133|489271296|521404416|gen_data_629decefb53a1ea5|__AUTOMETRIC__
__AUTOMETRIC__|0.1.2|21056|crew_log_72b4eeb2df94e7e9|0|1786390784.534|99.979|3.124|489345024|521478144|gen_data_629decefb53a1ea5|__AUTOMETRIC__
__AUTOMETRIC__|0.1.2|21056|crew_log_72b4eeb2df94e7e9|0|1786390785.546|98.821|3.088|489369600|521498624|gen_data_629decefb53a1ea5|__AUTOMETRIC__
__AUTOMETRIC__|0.1.2|21056|crew_log_72b4eeb2df94e7e9|0|1786390786.556|95.899|2.997|489349120|521445376|gen_data_629decefb53a1ea5|__AUTOMETRIC__
__AUTOMETRIC__|0.1.2|21056|crew_log_72b4eeb2df94e7e9|0|1786390787.566|98.989|3.093|489390080|521486336|gen_data_629decefb53a1ea5|__AUTOMETRIC__
__AUTOMETRIC__|0.1.2|21056|crew_log_72b4eeb2df94e7e9|0|1786390788.571|99.445|3.108|489488384|521576448|gen_data_629decefb53a1ea5|__AUTOMETRIC__
__AUTOMETRIC__|0.1.2|21056|crew_log_72b4eeb2df94e7e9|0|1786390789.586|101.637|3.176|489590784|521674752|gen_data_629decefb53a1ea5|__AUTOMETRIC__
__AUTOMETRIC__|0.1.2|21056|crew_log_72b4eeb2df94e7e9|0|1786390790.592|102.561|3.205|489459712|521543680|gen_data_629decefb53a1ea5|__AUTOMETRIC__
__AUTOMETRIC__|0.1.2|21056|crew_log_72b4eeb2df94e7e9|0|1786390791.596|99.535|3.110|489373696|521457664|gen_data_629decefb53a1ea5|__AUTOMETRIC__
__AUTOMETRIC__|0.1.2|21056|crew_log_72b4eeb2df94e7e9|0|1786390792.603|99.360|3.105|489312256|521396224|gen_data_629decefb53a1ea5|__AUTOMETRIC__
__AUTOMETRIC__|0.1.2|21056|crew_log_72b4eeb2df94e7e9|0|1786390793.615|97.277|3.040|489517056|521601024|gen_data_629decefb53a1ea5|__AUTOMETRIC__
__AUTOMETRIC__|0.1.2|21056|crew_log_72b4eeb2df94e7e9|0|1786390794.627|100.279|3.134|489324544|521408512|gen_data_629decefb53a1ea5|__AUTOMETRIC__
__AUTOMETRIC__|0.1.2|21056|crew_log_72b4eeb2df94e7e9|0|1786390795.642|100.127|3.129|489488384|521596928|gen_data_629decefb53a1ea5|__AUTOMETRIC__
__AUTOMETRIC__|0.1.2|21056|crew_log_72b4eeb2df94e7e9|0|1786390796.658|99.961|3.124|489439232|521547776|gen_data_629decefb53a1ea5|__AUTOMETRIC__
__AUTOMETRIC__|0.1.2|21056|crew_log_72b4eeb2df94e7e9|0|1786390797.672|100.124|3.129|489406464|521515008|gen_data_629decefb53a1ea5|__AUTOMETRIC__
__AUTOMETRIC__|0.1.2|21056|crew_log_72b4eeb2df94e7e9|0|1786390798.687|98.502|3.078|489488384|521596928|gen_data_629decefb53a1ea5|__AUTOMETRIC__
__AUTOMETRIC__|0.1.2|21056|crew_log_72b4eeb2df94e7e9|0|1786390799.701|98.652|3.083|489512960|521625600|gen_data_629decefb53a1ea5|__AUTOMETRIC__
__AUTOMETRIC__|0.1.2|21056|crew_log_72b4eeb2df94e7e9|0|1786390800.713|95.685|2.990|489398272|521510912|gen_data_629decefb53a1ea5|__AUTOMETRIC__
__AUTOMETRIC__|0.1.2|21056|crew_log_72b4eeb2df94e7e9|0|1786390801.722|102.215|3.194|489324544|521433088|gen_data_629decefb53a1ea5|__AUTOMETRIC__
__AUTOMETRIC__|0.1.2|21056|crew_log_72b4eeb2df94e7e9|0|1786390802.727|99.497|3.109|489611264|521719808|gen_data_629decefb53a1ea5|__AUTOMETRIC__
__AUTOMETRIC__|0.1.2|21056|crew_log_72b4eeb2df94e7e9|0|1786390803.733|100.981|3.156|489250816|521359360|gen_data_629decefb53a1ea5|__AUTOMETRIC__
__AUTOMETRIC__|0.1.2|21056|crew_log_72b4eeb2df94e7e9|0|1786390804.745|97.249|3.039|489472000|521580544|gen_data_629decefb53a1ea5|__AUTOMETRIC__
__AUTOMETRIC__|0.1.2|21056|crew_log_72b4eeb2df94e7e9|0|1786390805.748|101.350|3.167|489390080|521498624|gen_data_629decefb53a1ea5|__AUTOMETRIC__
__AUTOMETRIC__|0.1.2|21056|crew_log_72b4eeb2df94e7e9|0|1786390806.760|98.803|3.088|489721856|521830400|gen_data_629decefb53a1ea5|__AUTOMETRIC__
__AUTOMETRIC__|0.1.2|21056|crew_log_72b4eeb2df94e7e9|0|1786390807.764|102.645|3.208|489615360|521723904|gen_data_629decefb53a1ea5|__AUTOMETRIC__
__AUTOMETRIC__|0.1.2|21056|crew_log_72b4eeb2df94e7e9|0|1786390808.780|98.445|3.076|489426944|521551872|gen_data_629decefb53a1ea5|__AUTOMETRIC__
__AUTOMETRIC__|0.1.2|21056|crew_log_72b4eeb2df94e7e9|0|1786390809.785|99.470|3.108|489431040|521515008|gen_data_629decefb53a1ea5|__AUTOMETRIC__
__AUTOMETRIC__|0.1.2|21056|crew_log_72b4eeb2df94e7e9|0|1786390810.799|100.156|3.130|489271296|521355264|gen_data_629decefb53a1ea5|__AUTOMETRIC__
__AUTOMETRIC__|0.1.2|21056|crew_log_72b4eeb2df94e7e9|0|1786390811.803|99.696|3.116|489402368|521547776|gen_data_629decefb53a1ea5|__AUTOMETRIC__
__AUTOMETRIC__|0.1.2|21056|crew_log_72b4eeb2df94e7e9|0|1786390812.810|99.224|3.101|489590784|521674752|gen_data_629decefb53a1ea5|__AUTOMETRIC__
__AUTOMETRIC__|0.1.2|21056|crew_log_72b4eeb2df94e7e9|0|1786390813.813|99.732|3.117|488984576|521076736|gen_data_629decefb53a1ea5|__AUTOMETRIC__
__AUTOMETRIC__|0.1.2|21056|crew_log_72b4eeb2df94e7e9|0|1786390814.825|100.389|3.137|489033728|521125888|gen_data_629decefb53a1ea5|__AUTOMETRIC__
__AUTOMETRIC__|0.1.2|21056|crew_log_72b4eeb2df94e7e9|0|1786390815.833|99.163|3.099|489062400|521166848|gen_data_629decefb53a1ea5|__AUTOMETRIC__
__AUTOMETRIC__|0.1.2|21056|crew_log_72b4eeb2df94e7e9|0|1786390816.848|100.062|3.127|489381888|521482240|gen_data_629decefb53a1ea5|__AUTOMETRIC__
__AUTOMETRIC__|0.1.2|21056|crew_log_72b4eeb2df94e7e9|0|1786390817.860|100.375|3.137|489422848|521523200|gen_data_629decefb53a1ea5|__AUTOMETRIC__
__AUTOMETRIC__|0.1.2|21056|crew_log_72b4eeb2df94e7e9|0|1786390818.874|98.660|3.083|489201664|521293824|gen_data_629decefb53a1ea5|__AUTOMETRIC__
__AUTOMETRIC__|0.1.2|21056|crew_log_72b4eeb2df94e7e9|0|1786390819.884|97.396|3.044|489508864|521654272|gen_data_629decefb53a1ea5|__AUTOMETRIC__
__AUTOMETRIC__|0.1.2|21056|crew_log_72b4eeb2df94e7e9|0|1786390820.893|100.698|3.147|489381888|521527296|gen_data_629decefb53a1ea5|__AUTOMETRIC__
__AUTOMETRIC__|0.1.2|21056|crew_log_72b4eeb2df94e7e9|0|1786390821.908|98.487|3.078|489705472|521818112|gen_data_629decefb53a1ea5|__AUTOMETRIC__
__AUTOMETRIC__|0.1.2|21056|crew_log_72b4eeb2df94e7e9|0|1786390822.924|99.955|3.124|489754624|521879552|gen_data_629decefb53a1ea5|__AUTOMETRIC__
__AUTOMETRIC__|0.1.2|21056|crew_log_72b4eeb2df94e7e9|0|1786390823.937|100.263|3.133|489549824|521674752|gen_data_629decefb53a1ea5|__AUTOMETRIC__
__AUTOMETRIC__|0.1.2|21056|crew_log_72b4eeb2df94e7e9|0|1786390824.949|98.869|3.090|489508864|521633792|gen_data_629decefb53a1ea5|__AUTOMETRIC__
__AUTOMETRIC__|0.1.2|21056|crew_log_72b4eeb2df94e7e9|0|1786390825.963|97.003|3.031|489541632|521625600|gen_data_629decefb53a1ea5|__AUTOMETRIC__
__AUTOMETRIC__|0.1.2|21056|crew_log_72b4eeb2df94e7e9|0|1786390826.977|100.253|3.133|489951232|522035200|gen_data_629decefb53a1ea5|__AUTOMETRIC__
__AUTOMETRIC__|0.1.2|21056|crew_log_72b4eeb2df94e7e9|0|1786390827.980|101.206|3.163|489431040|521515008|gen_data_629decefb53a1ea5|__AUTOMETRIC__
__AUTOMETRIC__|0.1.2|21056|crew_log_72b4eeb2df94e7e9|0|1786390828.994|100.180|3.131|489697280|521781248|gen_data_629decefb53a1ea5|__AUTOMETRIC__
__AUTOMETRIC__|0.1.2|21056|crew_log_72b4eeb2df94e7e9|0|1786390830.008|101.649|3.177|489324544|521408512|gen_data_629decefb53a1ea5|__AUTOMETRIC__
__AUTOMETRIC__|0.1.2|21056|crew_log_72b4eeb2df94e7e9|0|1786390831.022|100.221|3.132|489676800|521760768|gen_data_629decefb53a1ea5|__AUTOMETRIC__
__AUTOMETRIC__|0.1.2|21056|crew_log_72b4eeb2df94e7e9|0|1786390832.023|98.292|3.072|489799680|521883648|gen_data_629decefb53a1ea5|__AUTOMETRIC__
__AUTOMETRIC__|0.1.2|21056|crew_log_72b4eeb2df94e7e9|0|1786390833.034|100.518|3.141|489340928|521424896|gen_data_629decefb53a1ea5|__AUTOMETRIC__
__AUTOMETRIC__|0.1.2|21056|crew_log_72b4eeb2df94e7e9|0|1786390834.037|99.694|3.115|489578496|521662464|gen_data_629decefb53a1ea5|__AUTOMETRIC__
__AUTOMETRIC__|0.1.2|21056|crew_log_72b4eeb2df94e7e9|0|1786390835.041|99.561|3.111|489734144|521818112|gen_data_629decefb53a1ea5|__AUTOMETRIC__
__AUTOMETRIC__|0.1.2|21056|crew_log_72b4eeb2df94e7e9|0|1786390836.048|102.421|3.201|489734144|521818112|gen_data_629decefb53a1ea5|__AUTOMETRIC__
__AUTOMETRIC__|0.1.2|21056|crew_log_72b4eeb2df94e7e9|0|1786390837.061|100.263|3.133|489803776|521887744|gen_data_629decefb53a1ea5|__AUTOMETRIC__
__AUTOMETRIC__|0.1.2|21056|crew_log_72b4eeb2df94e7e9|0|1786390838.062|99.877|3.121|489652224|521736192|gen_data_629decefb53a1ea5|__AUTOMETRIC__
__AUTOMETRIC__|0.1.2|21056|crew_log_72b4eeb2df94e7e9|0|1786390839.072|97.501|3.047|489402368|521486336|gen_data_629decefb53a1ea5|__AUTOMETRIC__
__AUTOMETRIC__|0.1.2|21056|crew_log_72b4eeb2df94e7e9|0|1786390840.075|101.259|3.164|489226240|521310208|gen_data_629decefb53a1ea5|__AUTOMETRIC__
__AUTOMETRIC__|0.1.2|21056|crew_log_72b4eeb2df94e7e9|0|1786390841.087|100.384|3.137|489549824|521633792|gen_data_629decefb53a1ea5|__AUTOMETRIC__
__AUTOMETRIC__|0.1.2|21056|crew_log_72b4eeb2df94e7e9|0|1786390842.102|100.061|3.127|489701376|521785344|gen_data_629decefb53a1ea5|__AUTOMETRIC__
__AUTOMETRIC__|0.1.2|21056|crew_log_72b4eeb2df94e7e9|0|1786390843.117|100.001|3.125|489758720|521842688|gen_data_629decefb53a1ea5|__AUTOMETRIC__
__AUTOMETRIC__|0.1.2|21056|crew_log_72b4eeb2df94e7e9|0|1786390844.125|100.801|3.150|489693184|521777152|gen_data_629decefb53a1ea5|__AUTOMETRIC__
__AUTOMETRIC__|0.1.2|21056|crew_log_72b4eeb2df94e7e9|0|1786390845.129|98.014|3.063|489967616|522051584|gen_data_629decefb53a1ea5|__AUTOMETRIC__
__AUTOMETRIC__|0.1.2|21056|crew_log_72b4eeb2df94e7e9|0|1786390846.145|98.443|3.076|489594880|521678848|gen_data_629decefb53a1ea5|__AUTOMETRIC__
__AUTOMETRIC__|0.1.2|21056|crew_log_72b4eeb2df94e7e9|0|1786390847.146|96.785|3.025|489660416|521744384|gen_data_629decefb53a1ea5|__AUTOMETRIC__
__AUTOMETRIC__|0.1.2|21056|crew_log_72b4eeb2df94e7e9|0|1786390848.151|97.973|3.062|489963520|522047488|gen_data_629decefb53a1ea5|__AUTOMETRIC__
__AUTOMETRIC__|0.1.2|21056|crew_log_72b4eeb2df94e7e9|0|1786390849.152|102.994|3.219|489672704|521756672|gen_data_629decefb53a1ea5|__AUTOMETRIC__
__AUTOMETRIC__|0.1.2|21056|crew_log_72b4eeb2df94e7e9|0|1786390850.156|99.620|3.113|489517056|521601024|gen_data_629decefb53a1ea5|__AUTOMETRIC__
__AUTOMETRIC__|0.1.2|21056|crew_log_72b4eeb2df94e7e9|0|1786390851.168|98.798|3.087|489746432|521830400|gen_data_629decefb53a1ea5|__AUTOMETRIC__
__AUTOMETRIC__|0.1.2|21056|crew_log_72b4eeb2df94e7e9|0|1786390852.181|98.720|3.085|489656320|521740288|gen_data_629decefb53a1ea5|__AUTOMETRIC__
__AUTOMETRIC__|0.1.2|21056|crew_log_72b4eeb2df94e7e9|0|1786390853.189|97.590|3.050|489775104|521859072|gen_data_629decefb53a1ea5|__AUTOMETRIC__
__AUTOMETRIC__|0.1.2|21056|crew_log_72b4eeb2df94e7e9|0|1786390854.204|100.067|3.127|489852928|522002432|gen_data_629decefb53a1ea5|__AUTOMETRIC__
__AUTOMETRIC__|0.1.2|21056|crew_log_72b4eeb2df94e7e9|0|1786390855.218|98.665|3.083|490196992|522330112|gen_data_629decefb53a1ea5|__AUTOMETRIC__
__AUTOMETRIC__|0.1.2|21056|crew_log_72b4eeb2df94e7e9|0|1786390856.223|99.494|3.109|489426944|521527296|gen_data_629decefb53a1ea5|__AUTOMETRIC__
__AUTOMETRIC__|0.1.2|21056|crew_log_72b4eeb2df94e7e9|0|1786390857.240|99.879|3.121|489533440|521633792|gen_data_629decefb53a1ea5|__AUTOMETRIC__
__AUTOMETRIC__|0.1.2|21056|crew_log_72b4eeb2df94e7e9|0|1786390858.243|99.709|3.116|489545728|521633792|gen_data_629decefb53a1ea5|__AUTOMETRIC__
__AUTOMETRIC__|0.1.2|21056|crew_log_72b4eeb2df94e7e9|0|1786390859.249|99.383|3.106|489517056|521625600|gen_data_629decefb53a1ea5|__AUTOMETRIC__
__AUTOMETRIC__|0.1.2|21056|crew_log_72b4eeb2df94e7e9|0|1786390860.263|100.109|3.128|489463808|521555968|gen_data_629decefb53a1ea5|__AUTOMETRIC__
__AUTOMETRIC__|0.1.2|21056|crew_log_72b4eeb2df94e7e9|0|1786390861.266|99.770|3.118|489635840|521728000|gen_data_629decefb53a1ea5|__AUTOMETRIC__
__AUTOMETRIC__|0.1.2|21056|crew_log_72b4eeb2df94e7e9|0|1786390862.273|97.733|3.054|489652224|521744384|gen_data_629decefb53a1ea5|__AUTOMETRIC__
__AUTOMETRIC__|0.1.2|21056|crew_log_72b4eeb2df94e7e9|0|1786390863.285|101.874|3.184|490000384|522096640|gen_data_629decefb53a1ea5|__AUTOMETRIC__
__AUTOMETRIC__|0.1.2|21056|crew_log_72b4eeb2df94e7e9|0|1786390864.301|100.033|3.126|489857024|521953280|gen_data_629decefb53a1ea5|__AUTOMETRIC__
__AUTOMETRIC__|0.1.2|21056|crew_log_72b4eeb2df94e7e9|0|1786390865.314|100.197|3.131|489906176|522014720|gen_data_629decefb53a1ea5|__AUTOMETRIC__
__AUTOMETRIC__|0.1.2|21056|crew_log_72b4eeb2df94e7e9|0|1786390866.326|100.349|3.136|489775104|521859072|gen_data_629decefb53a1ea5|__AUTOMETRIC__
__AUTOMETRIC__|0.1.2|21056|crew_log_72b4eeb2df94e7e9|0|1786390867.328|98.294|3.072|489578496|521662464|gen_data_629decefb53a1ea5|__AUTOMETRIC__
__AUTOMETRIC__|0.1.2|21056|crew_log_72b4eeb2df94e7e9|0|1786390868.342|100.133|3.129|490090496|522174464|gen_data_629decefb53a1ea5|__AUTOMETRIC__
__AUTOMETRIC__|0.1.2|21056|crew_log_72b4eeb2df94e7e9|0|1786390869.353|97.360|3.042|489934848|522018816|gen_data_629decefb53a1ea5|__AUTOMETRIC__
__AUTOMETRIC__|0.1.2|21056|crew_log_72b4eeb2df94e7e9|0|1786390870.355|98.257|3.071|489914368|522022912|gen_data_629decefb53a1ea5|__AUTOMETRIC__
__AUTOMETRIC__|0.1.2|21056|crew_log_72b4eeb2df94e7e9|0|1786390871.365|98.960|3.092|490098688|522207232|gen_data_629decefb53a1ea5|__AUTOMETRIC__
__AUTOMETRIC__|0.1.2|21056|crew_log_72b4eeb2df94e7e9|0|1786390872.378|100.333|3.135|489979904|522088448|gen_data_629decefb53a1ea5|__AUTOMETRIC__
__AUTOMETRIC__|0.1.2|21056|crew_log_72b4eeb2df94e7e9|0|1786390873.387|100.576|3.143|489951232|522043392|gen_data_629decefb53a1ea5|__AUTOMETRIC__
__AUTOMETRIC__|0.1.2|21056|crew_log_72b4eeb2df94e7e9|0|1786390874.393|99.432|3.107|490078208|522170368|gen_data_629decefb53a1ea5|__AUTOMETRIC__
__AUTOMETRIC__|0.1.2|21056|crew_log_72b4eeb2df94e7e9|0|1786390875.397|99.665|3.115|490106880|522194944|gen_data_629decefb53a1ea5|__AUTOMETRIC__
__AUTOMETRIC__|0.1.2|21056|crew_log_72b4eeb2df94e7e9|0|1786390876.401|99.544|3.111|490569728|522653696|gen_data_629decefb53a1ea5|__AUTOMETRIC__
__AUTOMETRIC__|0.1.2|21056|crew_log_72b4eeb2df94e7e9|0|1786390877.411|102.168|3.193|490074112|522158080|gen_data_629decefb53a1ea5|__AUTOMETRIC__
__AUTOMETRIC__|0.1.2|21056|crew_log_72b4eeb2df94e7e9|0|1786390878.416|101.058|3.158|489967616|522055680|gen_data_629decefb53a1ea5|__AUTOMETRIC__
__AUTOMETRIC__|0.1.2|21056|crew_log_72b4eeb2df94e7e9|0|1786390879.429|101.784|3.181|490250240|522350592|gen_data_629decefb53a1ea5|__AUTOMETRIC__
__AUTOMETRIC__|0.1.2|21056|crew_log_72b4eeb2df94e7e9|0|1786390880.444|99.985|3.125|490266624|522366976|gen_data_629decefb53a1ea5|__AUTOMETRIC__
__AUTOMETRIC__|0.1.2|21056|crew_log_72b4eeb2df94e7e9|0|1786390881.455|99.005|3.094|490205184|522305536|gen_data_629decefb53a1ea5|__AUTOMETRIC__
__AUTOMETRIC__|0.1.2|21056|crew_log_72b4eeb2df94e7e9|0|1786390882.470|100.013|3.125|489918464|522014720|gen_data_629decefb53a1ea5|__AUTOMETRIC__
__AUTOMETRIC__|0.1.2|21056|crew_log_72b4eeb2df94e7e9|0|1786390883.474|94.951|2.967|489750528|521838592|gen_data_629decefb53a1ea5|__AUTOMETRIC__
__AUTOMETRIC__|0.1.2|21056|crew_log_72b4eeb2df94e7e9|0|1786390884.478|99.610|3.113|490123264|522211328|gen_data_629decefb53a1ea5|__AUTOMETRIC__
__AUTOMETRIC__|0.1.2|21056|crew_log_72b4eeb2df94e7e9|0|1786390885.479|101.423|3.169|490479616|522584064|gen_data_629decefb53a1ea5|__AUTOMETRIC__
__AUTOMETRIC__|0.1.2|21056|crew_log_72b4eeb2df94e7e9|0|1786390886.489|100.580|3.143|490098688|522203136|gen_data_629decefb53a1ea5|__AUTOMETRIC__
__AUTOMETRIC__|0.1.2|21056|crew_log_72b4eeb2df94e7e9|0|1786390887.502|100.240|3.132|490147840|522252288|gen_data_629decefb53a1ea5|__AUTOMETRIC__
__AUTOMETRIC__|0.1.2|21056|crew_log_72b4eeb2df94e7e9|0|1786390888.515|100.222|3.132|490229760|522334208|gen_data_629decefb53a1ea5|__AUTOMETRIC__
__AUTOMETRIC__|0.1.2|21056|crew_log_72b4eeb2df94e7e9|0|1786390889.528|98.791|3.087|490184704|522276864|gen_data_629decefb53a1ea5|__AUTOMETRIC__
__AUTOMETRIC__|0.1.2|21056|crew_log_72b4eeb2df94e7e9|0|1786390890.540|97.232|3.038|490102784|522194944|gen_data_629decefb53a1ea5|__AUTOMETRIC__
__AUTOMETRIC__|0.1.2|21056|crew_log_72b4eeb2df94e7e9|0|1786390891.548|100.761|3.149|489988096|522080256|gen_data_629decefb53a1ea5|__AUTOMETRIC__
__AUTOMETRIC__|0.1.2|21056|crew_log_72b4eeb2df94e7e9|0|1786390892.564|98.448|3.076|490074112|522166272|gen_data_629decefb53a1ea5|__AUTOMETRIC__
__AUTOMETRIC__|0.1.2|21056|crew_log_72b4eeb2df94e7e9|0|1786390893.567|99.677|3.115|490078208|522182656|gen_data_629decefb53a1ea5|__AUTOMETRIC__
__AUTOMETRIC__|0.1.2|21056|crew_log_72b4eeb2df94e7e9|0|1786390894.578|98.930|3.092|490258432|522350592|gen_data_629decefb53a1ea5|__AUTOMETRIC__
__AUTOMETRIC__|0.1.2|21056|crew_log_72b4eeb2df94e7e9|0|1786390895.590|100.330|3.135|490221568|522313728|gen_data_629decefb53a1ea5|__AUTOMETRIC__
__AUTOMETRIC__|0.1.2|21056|crew_log_72b4eeb2df94e7e9|0|1786390896.601|100.438|3.139|490196992|522289152|gen_data_629decefb53a1ea5|__AUTOMETRIC__
__AUTOMETRIC__|0.1.2|21056|crew_log_72b4eeb2df94e7e9|0|1786390897.612|100.479|3.140|490156032|522280960|gen_data_629decefb53a1ea5|__AUTOMETRIC__
__AUTOMETRIC__|0.1.2|21056|crew_log_72b4eeb2df94e7e9|0|1786390898.628|98.422|3.076|490151936|522276864|gen_data_629decefb53a1ea5|__AUTOMETRIC__
__AUTOMETRIC__|0.1.2|21056|crew_log_72b4eeb2df94e7e9|0|1786390899.643|98.496|3.078|490123264|522297344|gen_data_629decefb53a1ea5|__AUTOMETRIC__
__AUTOMETRIC__|0.1.2|21056|crew_log_72b4eeb2df94e7e9|0|1786390900.659|100.036|3.126|490127360|522301440|gen_data_629decefb53a1ea5|__AUTOMETRIC__
__AUTOMETRIC__|0.1.2|21056|crew_log_72b4eeb2df94e7e9|0|1786390901.660|99.848|3.120|490029056|522203136|gen_data_629decefb53a1ea5|__AUTOMETRIC__
__AUTOMETRIC__|0.1.2|21056|crew_log_72b4eeb2df94e7e9|0|1786390902.676|99.978|3.124|490078208|522252288|gen_data_629decefb53a1ea5|__AUTOMETRIC__
__AUTOMETRIC__|0.1.2|21056|crew_log_72b4eeb2df94e7e9|0|1786390903.676|99.959|3.124|490160128|522334208|gen_data_629decefb53a1ea5|__AUTOMETRIC__
__AUTOMETRIC__|0.1.2|21056|crew_log_72b4eeb2df94e7e9|0|1786390904.691|98.591|3.081|489881600|522047488|gen_data_629decefb53a1ea5|__AUTOMETRIC__
__AUTOMETRIC__|0.1.2|21056|crew_log_72b4eeb2df94e7e9|0|1786390905.705|100.117|3.129|490139648|522305536|gen_data_629decefb53a1ea5|__AUTOMETRIC__
__AUTOMETRIC__|0.1.2|21056|crew_log_72b4eeb2df94e7e9|0|1786390906.718|95.677|2.990|490385408|522551296|gen_data_629decefb53a1ea5|__AUTOMETRIC__
__AUTOMETRIC__|0.1.2|21056|crew_log_72b4eeb2df94e7e9|0|1786390907.734|98.430|3.076|490168320|522313728|gen_data_629decefb53a1ea5|__AUTOMETRIC__
__AUTOMETRIC__|0.1.2|21056|crew_log_72b4eeb2df94e7e9|0|1786390908.737|101.181|3.162|489938944|522084352|gen_data_629decefb53a1ea5|__AUTOMETRIC__
__AUTOMETRIC__|0.1.2|21056|crew_log_72b4eeb2df94e7e9|0|1786390909.751|97.169|3.037|490156032|522289152|gen_data_629decefb53a1ea5|__AUTOMETRIC__
__AUTOMETRIC__|0.1.2|21056|crew_log_72b4eeb2df94e7e9|0|1786390910.763|100.273|3.134|490409984|522534912|gen_data_629decefb53a1ea5|__AUTOMETRIC__
__AUTOMETRIC__|0.1.2|21056|crew_log_72b4eeb2df94e7e9|0|1786390911.778|100.072|3.127|490389504|522514432|gen_data_629decefb53a1ea5|__AUTOMETRIC__
__AUTOMETRIC__|0.1.2|21056|crew_log_72b4eeb2df94e7e9|0|1786390912.780|98.312|3.072|490123264|522248192|gen_data_629decefb53a1ea5|__AUTOMETRIC__
__AUTOMETRIC__|0.1.2|21056|crew_log_72b4eeb2df94e7e9|0|1786390913.794|100.141|3.129|490315776|522440704|gen_data_629decefb53a1ea5|__AUTOMETRIC__
__AUTOMETRIC__|0.1.2|21056|crew_log_72b4eeb2df94e7e9|0|1786390914.807|98.717|3.085|490291200|522407936|gen_data_629decefb53a1ea5|__AUTOMETRIC__
__AUTOMETRIC__|0.1.2|21056|crew_log_72b4eeb2df94e7e9|0|1786390915.821|101.668|3.177|490385408|522502144|gen_data_629decefb53a1ea5|__AUTOMETRIC__
__AUTOMETRIC__|0.1.2|21056|crew_log_72b4eeb2df94e7e9|0|1786390916.833|100.334|3.135|490323968|522440704|gen_data_629decefb53a1ea5|__AUTOMETRIC__
__AUTOMETRIC__|0.1.2|21056|crew_log_72b4eeb2df94e7e9|0|1786390917.847|100.235|3.132|490442752|522559488|gen_data_629decefb53a1ea5|__AUTOMETRIC__
__AUTOMETRIC__|0.1.2|21056|crew_log_72b4eeb2df94e7e9|0|1786390918.849|98.205|3.069|490164224|522285056|gen_data_629decefb53a1ea5|__AUTOMETRIC__
__AUTOMETRIC__|0.1.2|21056|crew_log_72b4eeb2df94e7e9|0|1786390919.861|100.322|3.135|490479616|522600448|gen_data_629decefb53a1ea5|__AUTOMETRIC__
__AUTOMETRIC__|0.1.2|21056|crew_log_72b4eeb2df94e7e9|0|1786390920.875|98.686|3.084|490692608|522817536|gen_data_629decefb53a1ea5|__AUTOMETRIC__
__AUTOMETRIC__|0.1.2|21056|crew_log_72b4eeb2df94e7e9|0|1786390921.891|99.930|3.123|490704896|522821632|gen_data_629decefb53a1ea5|__AUTOMETRIC__
__AUTOMETRIC__|0.1.2|21056|crew_log_72b4eeb2df94e7e9|0|1786390922.895|99.617|3.113|490254336|522387456|gen_data_629decefb53a1ea5|__AUTOMETRIC__
__AUTOMETRIC__|0.1.2|21056|crew_log_72b4eeb2df94e7e9|0|1786390923.909|100.116|3.129|490283008|522420224|gen_data_629decefb53a1ea5|__AUTOMETRIC__
__AUTOMETRIC__|0.1.2|21056|crew_log_72b4eeb2df94e7e9|0|1786390924.910|98.348|3.073|490528768|522645504|gen_data_629decefb53a1ea5|__AUTOMETRIC__
__AUTOMETRIC__|0.1.2|21056|crew_log_72b4eeb2df94e7e9|0|1786390925.922|98.870|3.090|490491904|522608640|gen_data_629decefb53a1ea5|__AUTOMETRIC__
__AUTOMETRIC__|0.1.2|21056|crew_log_72b4eeb2df94e7e9|0|1786390926.924|98.182|3.068|490586112|522702848|gen_data_629decefb53a1ea5|__AUTOMETRIC__
__AUTOMETRIC__|0.1.2|21056|crew_log_72b4eeb2df94e7e9|0|1786390927.926|99.851|3.120|490811392|522948608|gen_data_629decefb53a1ea5|__AUTOMETRIC__
__AUTOMETRIC__|0.1.2|21056|crew_log_72b4eeb2df94e7e9|0|1786390928.940|100.162|3.130|490528768|522657792|gen_data_629decefb53a1ea5|__AUTOMETRIC__
__AUTOMETRIC__|0.1.2|21056|crew_log_72b4eeb2df94e7e9|0|1786390929.946|99.334|3.104|490651648|522780672|gen_data_629decefb53a1ea5|__AUTOMETRIC__
__AUTOMETRIC__|0.1.2|21056|crew_log_72b4eeb2df94e7e9|0|1786390930.949|99.750|3.117|490786816|522932224|gen_data_629decefb53a1ea5|__AUTOMETRIC__
__AUTOMETRIC__|0.1.2|21056|crew_log_72b4eeb2df94e7e9|0|1786390931.950|99.842|3.120|491044864|523186176|gen_data_629decefb53a1ea5|__AUTOMETRIC__
__AUTOMETRIC__|0.1.2|21056|crew_log_72b4eeb2df94e7e9|0|1786390932.967|99.945|3.123|490856448|522993664|gen_data_629decefb53a1ea5|__AUTOMETRIC__
__AUTOMETRIC__|0.1.2|21056|crew_log_72b4eeb2df94e7e9|0|1786390933.972|99.511|3.110|490668032|522805248|gen_data_629decefb53a1ea5|__AUTOMETRIC__
__AUTOMETRIC__|0.1.2|21056|crew_log_72b4eeb2df94e7e9|0|1786390934.974|98.194|3.069|490250240|522387456|gen_data_629decefb53a1ea5|__AUTOMETRIC__
__AUTOMETRIC__|0.1.2|21056|crew_log_72b4eeb2df94e7e9|0|1786390935.978|99.636|3.114|490790912|522928128|gen_data_629decefb53a1ea5|__AUTOMETRIC__
__AUTOMETRIC__|0.1.2|21056|crew_log_72b4eeb2df94e7e9|0|1786390936.993|98.495|3.078|490713088|522850304|gen_data_629decefb53a1ea5|__AUTOMETRIC__
__AUTOMETRIC__|0.1.2|21056|crew_log_72b4eeb2df94e7e9|0|1786390938.006|100.299|3.134|490586112|522723328|gen_data_629decefb53a1ea5|__AUTOMETRIC__
__AUTOMETRIC__|0.1.2|21056|crew_log_72b4eeb2df94e7e9|0|1786390939.020|98.550|3.080|490532864|522665984|gen_data_629decefb53a1ea5|__AUTOMETRIC__
__AUTOMETRIC__|0.1.2|21056|crew_log_72b4eeb2df94e7e9|0|1786390940.031|100.492|3.140|490905600|523026432|gen_data_629decefb53a1ea5|__AUTOMETRIC__
__AUTOMETRIC__|0.1.2|21056|crew_log_72b4eeb2df94e7e9|0|1786390941.040|99.130|3.098|490749952|522883072|gen_data_629decefb53a1ea5|__AUTOMETRIC__
__AUTOMETRIC__|0.1.2|21056|crew_log_72b4eeb2df94e7e9|0|1786390942.054|98.633|3.082|490524672|522645504|gen_data_629decefb53a1ea5|__AUTOMETRIC__
__AUTOMETRIC__|0.1.2|21056|crew_log_72b4eeb2df94e7e9|0|1786390943.060|97.809|3.057|490446848|522567680|gen_data_629decefb53a1ea5|__AUTOMETRIC__
__AUTOMETRIC__|0.1.2|21056|crew_log_72b4eeb2df94e7e9|0|1786390944.072|98.844|3.089|490831872|522952704|gen_data_629decefb53a1ea5|__AUTOMETRIC__
__AUTOMETRIC__|0.1.2|21056|crew_log_72b4eeb2df94e7e9|0|1786390945.088|99.940|3.123|490582016|522706944|gen_data_629decefb53a1ea5|__AUTOMETRIC__
__AUTOMETRIC__|0.1.2|21056|crew_log_72b4eeb2df94e7e9|0|1786390946.101|101.822|3.182|490520576|522645504|gen_data_629decefb53a1ea5|__AUTOMETRIC__
__AUTOMETRIC__|0.1.2|21056|crew_log_72b4eeb2df94e7e9|0|1786390947.116|99.993|3.125|490541056|522665984|gen_data_629decefb53a1ea5|__AUTOMETRIC__
__AUTOMETRIC__|0.1.2|21056|crew_log_72b4eeb2df94e7e9|0|1786390948.118|99.850|3.120|490491904|522616832|gen_data_629decefb53a1ea5|__AUTOMETRIC__
__AUTOMETRIC__|0.1.2|21056|crew_log_72b4eeb2df94e7e9|0|1786390949.120|98.252|3.070|490491904|522616832|gen_data_629decefb53a1ea5|__AUTOMETRIC__
__AUTOMETRIC__|0.1.2|21056|crew_log_72b4eeb2df94e7e9|0|1786390950.135|101.539|3.173|490328064|522465280|gen_data_629decefb53a1ea5|__AUTOMETRIC__
__AUTOMETRIC__|0.1.2|21056|crew_log_72b4eeb2df94e7e9|0|1786390951.138|99.744|3.117|490729472|522858496|gen_data_629decefb53a1ea5|__AUTOMETRIC__
__AUTOMETRIC__|0.1.2|21056|crew_log_72b4eeb2df94e7e9|0|1786390952.150|98.787|3.087|490758144|522899456|gen_data_629decefb53a1ea5|__AUTOMETRIC__
__AUTOMETRIC__|0.1.2|21056|crew_log_72b4eeb2df94e7e9|0|1786390953.160|100.604|3.144|490745856|522870784|gen_data_629decefb53a1ea5|__AUTOMETRIC__
__AUTOMETRIC__|0.1.2|21056|crew_log_72b4eeb2df94e7e9|0|1786390954.172|100.377|3.137|490733568|522883072|gen_data_629decefb53a1ea5|__AUTOMETRIC__
__AUTOMETRIC__|0.1.2|21056|crew_log_72b4eeb2df94e7e9|0|1786390955.178|93.117|2.910|490815488|522936320|gen_data_629decefb53a1ea5|__AUTOMETRIC__
__AUTOMETRIC__|0.1.2|21056|crew_log_72b4eeb2df94e7e9|0|1786390956.188|99.028|3.095|490672128|522792960|gen_data_629decefb53a1ea5|__AUTOMETRIC__
__AUTOMETRIC__|0.1.2|21056|crew_log_72b4eeb2df94e7e9|0|1786390957.197|99.166|3.099|490823680|522944512|gen_data_629decefb53a1ea5|__AUTOMETRIC__
__AUTOMETRIC__|0.1.2|21056|crew_log_72b4eeb2df94e7e9|0|1786390958.210|101.811|3.182|490819584|522940416|gen_data_629decefb53a1ea5|__AUTOMETRIC__
__AUTOMETRIC__|0.1.2|21056|crew_log_72b4eeb2df94e7e9|0|1786390959.224|98.550|3.080|490672128|522801152|gen_data_629decefb53a1ea5|__AUTOMETRIC__
__AUTOMETRIC__|0.1.2|21056|crew_log_72b4eeb2df94e7e9|0|1786390960.240|98.439|3.076|490668032|522788864|gen_data_629decefb53a1ea5|__AUTOMETRIC__
__AUTOMETRIC__|0.1.2|21056|crew_log_72b4eeb2df94e7e9|0|1786390961.247|100.828|3.151|490520576|522641408|gen_data_629decefb53a1ea5|__AUTOMETRIC__
__AUTOMETRIC__|0.1.2|21056|crew_log_72b4eeb2df94e7e9|0|1786390962.256|99.129|3.098|490713088|522833920|gen_data_629decefb53a1ea5|__AUTOMETRIC__
__AUTOMETRIC__|0.1.2|21056|crew_log_72b4eeb2df94e7e9|0|1786390963.262|100.979|3.156|490504192|522625024|gen_data_629decefb53a1ea5|__AUTOMETRIC__
__AUTOMETRIC__|0.1.2|21056|crew_log_72b4eeb2df94e7e9|0|1786390964.269|99.276|3.102|490602496|522727424|gen_data_629decefb53a1ea5|__AUTOMETRIC__
__AUTOMETRIC__|0.1.2|21056|crew_log_72b4eeb2df94e7e9|0|1786390965.277|100.803|3.150|490696704|522817536|gen_data_629decefb53a1ea5|__AUTOMETRIC__
__AUTOMETRIC__|0.1.2|21056|crew_log_72b4eeb2df94e7e9|0|1786390966.290|97.129|3.035|490442752|522563584|gen_data_629decefb53a1ea5|__AUTOMETRIC__
__AUTOMETRIC__|0.1.2|21056|crew_log_72b4eeb2df94e7e9|0|1786390967.293|102.887|3.215|490192896|522280960|gen_data_629decefb53a1ea5|__AUTOMETRIC__
__AUTOMETRIC__|0.1.2|21056|crew_log_72b4eeb2df94e7e9|0|1786390968.300|97.747|3.055|490446848|522534912|gen_data_629decefb53a1ea5|__AUTOMETRIC__
__AUTOMETRIC__|0.1.2|21056|crew_log_72b4eeb2df94e7e9|0|1786390969.311|100.436|3.139|490631168|522719232|gen_data_629decefb53a1ea5|__AUTOMETRIC__
__AUTOMETRIC__|0.1.2|21056|crew_log_72b4eeb2df94e7e9|0|1786390970.325|100.140|3.129|490569728|522657792|gen_data_629decefb53a1ea5|__AUTOMETRIC__
__AUTOMETRIC__|0.1.2|21056|crew_log_72b4eeb2df94e7e9|0|1786390971.337|95.731|2.992|490405888|522493952|gen_data_629decefb53a1ea5|__AUTOMETRIC__
__AUTOMETRIC__|0.1.2|21056|crew_log_72b4eeb2df94e7e9|0|1786390972.347|102.054|3.189|490491904|522579968|gen_data_629decefb53a1ea5|__AUTOMETRIC__
__AUTOMETRIC__|0.1.2|21056|crew_log_72b4eeb2df94e7e9|0|1786390973.359|98.840|3.089|490635264|522723328|gen_data_629decefb53a1ea5|__AUTOMETRIC__
__AUTOMETRIC__|0.1.2|21056|crew_log_72b4eeb2df94e7e9|0|1786390974.360|99.887|3.121|490467328|522555392|gen_data_629decefb53a1ea5|__AUTOMETRIC__
__AUTOMETRIC__|0.1.2|21056|crew_log_72b4eeb2df94e7e9|0|1786390975.372|100.393|3.137|490741760|522829824|gen_data_629decefb53a1ea5|__AUTOMETRIC__
__AUTOMETRIC__|0.1.2|21056|crew_log_72b4eeb2df94e7e9|0|1786390976.386|100.170|3.130|490770432|522858496|gen_data_629decefb53a1ea5|__AUTOMETRIC__
__AUTOMETRIC__|0.1.2|21056|crew_log_72b4eeb2df94e7e9|0|1786390977.388|98.256|3.071|490717184|522805248|gen_data_629decefb53a1ea5|__AUTOMETRIC__
__AUTOMETRIC__|0.1.2|21056|crew_log_72b4eeb2df94e7e9|0|1786390978.396|99.178|3.099|490983424|523071488|gen_data_629decefb53a1ea5|__AUTOMETRIC__
__AUTOMETRIC__|0.1.2|21056|crew_log_72b4eeb2df94e7e9|0|1786390979.403|99.314|3.104|490840064|522928128|gen_data_629decefb53a1ea5|__AUTOMETRIC__
__AUTOMETRIC__|0.1.2|21056|crew_log_72b4eeb2df94e7e9|0|1786390980.414|98.913|3.091|490659840|522776576|gen_data_629decefb53a1ea5|__AUTOMETRIC__
__AUTOMETRIC__|0.1.2|21056|crew_log_72b4eeb2df94e7e9|0|1786390981.428|100.162|3.130|490725376|522842112|gen_data_629decefb53a1ea5|__AUTOMETRIC__
__AUTOMETRIC__|0.1.2|21056|crew_log_72b4eeb2df94e7e9|0|1786390982.441|100.235|3.132|490774528|522862592|gen_data_629decefb53a1ea5|__AUTOMETRIC__
__AUTOMETRIC__|0.1.2|21056|crew_log_72b4eeb2df94e7e9|0|1786390983.442|99.949|3.123|491106304|523194368|gen_data_629decefb53a1ea5|__AUTOMETRIC__
__AUTOMETRIC__|0.1.2|21056|crew_log_72b4eeb2df94e7e9|0|1786390984.451|100.593|3.144|490876928|522964992|gen_data_629decefb53a1ea5|__AUTOMETRIC__
__AUTOMETRIC__|0.1.2|21056|crew_log_72b4eeb2df94e7e9|0|1786390985.458|99.369|3.105|491110400|523198464|gen_data_629decefb53a1ea5|__AUTOMETRIC__
__AUTOMETRIC__|0.1.2|21056|crew_log_72b4eeb2df94e7e9|0|1786390986.467|99.103|3.097|491282432|523370496|gen_data_629decefb53a1ea5|__AUTOMETRIC__
__AUTOMETRIC__|0.1.2|21056|crew_log_72b4eeb2df94e7e9|0|1786390987.469|99.727|3.116|491278336|523366400|gen_data_629decefb53a1ea5|__AUTOMETRIC__
__AUTOMETRIC__|0.1.2|21056|crew_log_72b4eeb2df94e7e9|0|1786390988.471|99.877|3.121|491065344|523153408|gen_data_629decefb53a1ea5|__AUTOMETRIC__
__AUTOMETRIC__|0.1.2|21056|crew_log_72b4eeb2df94e7e9|0|1786390989.477|99.390|3.106|491040768|523153408|gen_data_629decefb53a1ea5|__AUTOMETRIC__
__AUTOMETRIC__|0.1.2|21056|crew_log_72b4eeb2df94e7e9|0|1786390990.492|100.062|3.127|491106304|523194368|gen_data_629decefb53a1ea5|__AUTOMETRIC__
__AUTOMETRIC__|0.1.2|21056|crew_log_72b4eeb2df94e7e9|0|1786390991.506|98.555|3.080|490692608|522780672|gen_data_629decefb53a1ea5|__AUTOMETRIC__
__AUTOMETRIC__|0.1.2|21056|crew_log_72b4eeb2df94e7e9|0|1786390992.509|98.144|3.067|490971136|523059200|gen_data_629decefb53a1ea5|__AUTOMETRIC__
__AUTOMETRIC__|0.1.2|21056|crew_log_72b4eeb2df94e7e9|0|1786390993.512|102.847|3.214|491171840|523268096|gen_data_629decefb53a1ea5|__AUTOMETRIC__
__AUTOMETRIC__|0.1.2|21056|crew_log_72b4eeb2df94e7e9|0|1786390994.526|98.664|3.083|490868736|522964992|gen_data_629decefb53a1ea5|__AUTOMETRIC__
__AUTOMETRIC__|0.1.2|21056|crew_log_72b4eeb2df94e7e9|0|1786390995.527|101.398|3.169|491003904|523100160|gen_data_629decefb53a1ea5|__AUTOMETRIC__
__AUTOMETRIC__|0.1.2|21056|crew_log_72b4eeb2df94e7e9|0|1786390996.536|99.093|3.097|491155456|523247616|gen_data_629decefb53a1ea5|__AUTOMETRIC__
__AUTOMETRIC__|0.1.2|21056|crew_log_72b4eeb2df94e7e9|0|1786390997.546|100.633|3.145|490827776|522924032|gen_data_629decefb53a1ea5|__AUTOMETRIC__
__AUTOMETRIC__|0.1.2|21056|crew_log_72b4eeb2df94e7e9|0|1786390998.551|99.491|3.109|490823680|522919936|gen_data_629decefb53a1ea5|__AUTOMETRIC__
__AUTOMETRIC__|0.1.2|21056|crew_log_72b4eeb2df94e7e9|0|1786390999.557|100.934|3.154|490958848|523055104|gen_data_629decefb53a1ea5|__AUTOMETRIC__
__AUTOMETRIC__|0.1.2|21056|crew_log_72b4eeb2df94e7e9|0|1786391000.572|98.508|3.078|491139072|523325440|gen_data_629decefb53a1ea5|__AUTOMETRIC__
__AUTOMETRIC__|0.1.2|21056|crew_log_72b4eeb2df94e7e9|0|1786391001.575|98.163|3.068|491122688|523214848|gen_data_629decefb53a1ea5|__AUTOMETRIC__
__AUTOMETRIC__|0.1.2|21056|crew_log_72b4eeb2df94e7e9|0|1786391002.588|97.199|3.037|491110400|523202560|gen_data_629decefb53a1ea5|__AUTOMETRIC__
__AUTOMETRIC__|0.1.2|21056|crew_log_72b4eeb2df94e7e9|0|1786391003.593|99.461|3.108|491257856|523345920|gen_data_629decefb53a1ea5|__AUTOMETRIC__
__AUTOMETRIC__|0.1.2|21056|crew_log_72b4eeb2df94e7e9|0|1786391004.596|99.726|3.116|491040768|523145216|gen_data_629decefb53a1ea5|__AUTOMETRIC__
__AUTOMETRIC__|0.1.2|21056|crew_log_72b4eeb2df94e7e9|0|1786391005.608|98.788|3.087|491057152|523161600|gen_data_629decefb53a1ea5|__AUTOMETRIC__
__AUTOMETRIC__|0.1.2|21056|crew_log_72b4eeb2df94e7e9|0|1786391006.620|100.409|3.138|491085824|523177984|gen_data_629decefb53a1ea5|__AUTOMETRIC__
__AUTOMETRIC__|0.1.2|21056|crew_log_72b4eeb2df94e7e9|0|1786391007.622|99.761|3.118|491134976|523235328|gen_data_629decefb53a1ea5|__AUTOMETRIC__
__AUTOMETRIC__|0.1.2|21056|crew_log_72b4eeb2df94e7e9|0|1786391008.626|98.059|3.064|491114496|523223040|gen_data_629decefb53a1ea5|__AUTOMETRIC__
__AUTOMETRIC__|0.1.2|21056|crew_log_72b4eeb2df94e7e9|0|1786391009.635|94.441|2.951|491147264|523235328|gen_data_629decefb53a1ea5|__AUTOMETRIC__
__AUTOMETRIC__|0.1.2|21056|crew_log_72b4eeb2df94e7e9|0|1786391010.649|100.210|3.132|490528768|522629120|gen_data_629decefb53a1ea5|__AUTOMETRIC__
__AUTOMETRIC__|0.1.2|21056|crew_log_72b4eeb2df94e7e9|0|1786391011.651|99.797|3.119|490729472|522825728|gen_data_629decefb53a1ea5|__AUTOMETRIC__
__AUTOMETRIC__|0.1.2|21056|crew_log_72b4eeb2df94e7e9|0|1786391012.654|99.620|3.113|491335680|523431936|gen_data_629decefb53a1ea5|__AUTOMETRIC__
__AUTOMETRIC__|0.1.2|21056|crew_log_72b4eeb2df94e7e9|0|1786391013.668|98.646|3.083|490942464|523034624|gen_data_629decefb53a1ea5|__AUTOMETRIC__
__AUTOMETRIC__|0.1.2|21056|crew_log_72b4eeb2df94e7e9|0|1786391014.682|100.158|3.130|491122688|523223040|gen_data_629decefb53a1ea5|__AUTOMETRIC__
__AUTOMETRIC__|0.1.2|21056|crew_log_72b4eeb2df94e7e9|0|1786391015.696|98.631|3.082|491106304|523206656|gen_data_629decefb53a1ea5|__AUTOMETRIC__
__AUTOMETRIC__|0.1.2|21056|crew_log_72b4eeb2df94e7e9|0|1786391016.707|101.986|3.187|490905600|522993664|gen_data_629decefb53a1ea5|__AUTOMETRIC__
__AUTOMETRIC__|0.1.2|21056|crew_log_72b4eeb2df94e7e9|0|1786391017.709|99.828|3.120|490692608|522780672|gen_data_629decefb53a1ea5|__AUTOMETRIC__
__AUTOMETRIC__|0.1.2|21056|crew_log_72b4eeb2df94e7e9|0|1786391018.712|99.667|3.115|491020288|523108352|gen_data_629decefb53a1ea5|__AUTOMETRIC__
__AUTOMETRIC__|0.1.2|21056|crew_log_72b4eeb2df94e7e9|0|1786391019.716|101.224|3.163|491229184|523448320|gen_data_629decefb53a1ea5|__AUTOMETRIC__
__AUTOMETRIC__|0.1.2|21056|crew_log_72b4eeb2df94e7e9|0|1786391020.729|98.677|3.084|491110400|523198464|gen_data_629decefb53a1ea5|__AUTOMETRIC__
__AUTOMETRIC__|0.1.2|21056|crew_log_72b4eeb2df94e7e9|0|1786391021.744|100.074|3.127|491212800|523300864|gen_data_629decefb53a1ea5|__AUTOMETRIC__
__AUTOMETRIC__|0.1.2|21056|crew_log_72b4eeb2df94e7e9|0|1786391022.748|101.126|3.160|491180032|523268096|gen_data_629decefb53a1ea5|__AUTOMETRIC__
__AUTOMETRIC__|0.1.2|21056|crew_log_72b4eeb2df94e7e9|0|1786391023.750|99.793|3.119|491089920|523177984|gen_data_629decefb53a1ea5|__AUTOMETRIC__
__AUTOMETRIC__|0.1.2|21056|crew_log_72b4eeb2df94e7e9|0|1786391024.764|100.146|3.130|491335680|523423744|gen_data_629decefb53a1ea5|__AUTOMETRIC__
__AUTOMETRIC__|0.1.2|21056|crew_log_72b4eeb2df94e7e9|0|1786391025.767|99.787|3.118|491372544|523460608|gen_data_629decefb53a1ea5|__AUTOMETRIC__
__AUTOMETRIC__|0.1.2|21056|crew_log_72b4eeb2df94e7e9|0|1786391026.768|99.839|3.120|491126784|523214848|gen_data_629decefb53a1ea5|__AUTOMETRIC__
__AUTOMETRIC__|0.1.2|21056|crew_log_72b4eeb2df94e7e9|0|1786391027.771|99.717|3.116|490999808|523096064|gen_data_629decefb53a1ea5|__AUTOMETRIC__
__AUTOMETRIC__|0.1.2|21056|crew_log_72b4eeb2df94e7e9|0|1786391028.777|101.003|3.156|491122688|523210752|gen_data_629decefb53a1ea5|__AUTOMETRIC__
__AUTOMETRIC__|0.1.2|21056|crew_log_72b4eeb2df94e7e9|0|1786391029.778|99.823|3.119|491241472|523329536|gen_data_629decefb53a1ea5|__AUTOMETRIC__
__AUTOMETRIC__|0.1.2|21056|crew_log_72b4eeb2df94e7e9|0|1786391030.782|98.062|3.064|491175936|523264000|gen_data_629decefb53a1ea5|__AUTOMETRIC__
__AUTOMETRIC__|0.1.2|21056|crew_log_72b4eeb2df94e7e9|0|1786391031.791|99.124|3.098|490962944|523051008|gen_data_629decefb53a1ea5|__AUTOMETRIC__
__AUTOMETRIC__|0.1.2|21056|crew_log_72b4eeb2df94e7e9|0|1786391032.793|101.368|3.168|491171840|523259904|gen_data_629decefb53a1ea5|__AUTOMETRIC__
__AUTOMETRIC__|0.1.2|21056|crew_log_72b4eeb2df94e7e9|0|1786391033.802|99.092|3.097|491192320|523280384|gen_data_629decefb53a1ea5|__AUTOMETRIC__
__AUTOMETRIC__|0.1.2|21056|crew_log_72b4eeb2df94e7e9|0|1786391034.806|99.640|3.114|491077632|523165696|gen_data_629decefb53a1ea5|__AUTOMETRIC__
__AUTOMETRIC__|0.1.2|21056|crew_log_72b4eeb2df94e7e9|0|1786391035.813|99.278|3.102|491114496|523202560|gen_data_629decefb53a1ea5|__AUTOMETRIC__
__AUTOMETRIC__|0.1.2|21056|crew_log_72b4eeb2df94e7e9|0|1786391036.827|100.193|3.131|491081728|523169792|gen_data_629decefb53a1ea5|__AUTOMETRIC__
__AUTOMETRIC__|0.1.2|21056|crew_log_72b4eeb2df94e7e9|0|1786391037.836|99.125|3.098|490917888|523005952|gen_data_629decefb53a1ea5|__AUTOMETRIC__
__AUTOMETRIC__|0.1.2|21056|crew_log_72b4eeb2df94e7e9|0|1786391038.843|100.792|3.150|491122688|523210752|gen_data_629decefb53a1ea5|__AUTOMETRIC__
__AUTOMETRIC__|0.1.2|21056|crew_log_72b4eeb2df94e7e9|0|1786391039.855|98.859|3.089|491216896|523411456|gen_data_629decefb53a1ea5|__AUTOMETRIC__
__AUTOMETRIC__|0.1.2|21056|crew_log_72b4eeb2df94e7e9|0|1786391040.861|99.422|3.107|490962944|523063296|gen_data_629decefb53a1ea5|__AUTOMETRIC__
__AUTOMETRIC__|0.1.2|21056|crew_log_72b4eeb2df94e7e9|0|1786391041.861|99.925|3.123|491393024|523489280|gen_data_629decefb53a1ea5|__AUTOMETRIC__
__AUTOMETRIC__|0.1.2|21056|crew_log_72b4eeb2df94e7e9|0|1786391042.865|99.614|3.113|491294720|523390976|gen_data_629decefb53a1ea5|__AUTOMETRIC__
__AUTOMETRIC__|0.1.2|21056|crew_log_72b4eeb2df94e7e9|0|1786391043.879|100.208|3.132|491048960|523145216|gen_data_629decefb53a1ea5|__AUTOMETRIC__
__AUTOMETRIC__|0.1.2|21056|crew_log_72b4eeb2df94e7e9|0|1786391044.884|96.381|3.012|491048960|523137024|gen_data_629decefb53a1ea5|__AUTOMETRIC__
__AUTOMETRIC__|0.1.2|21056|crew_log_72b4eeb2df94e7e9|0|1786391045.893|100.683|3.146|491237376|523325440|gen_data_629decefb53a1ea5|__AUTOMETRIC__
__AUTOMETRIC__|0.1.2|21056|crew_log_72b4eeb2df94e7e9|0|1786391046.905|97.268|3.040|491307008|523395072|gen_data_629decefb53a1ea5|__AUTOMETRIC__
__AUTOMETRIC__|0.1.2|21056|crew_log_72b4eeb2df94e7e9|0|1786391047.917|98.809|3.088|491352064|523485184|gen_data_629decefb53a1ea5|__AUTOMETRIC__
__AUTOMETRIC__|0.1.2|21056|crew_log_72b4eeb2df94e7e9|0|1786391048.932|98.489|3.078|491745280|523833344|gen_data_629decefb53a1ea5|__AUTOMETRIC__
__AUTOMETRIC__|0.1.2|21056|crew_log_72b4eeb2df94e7e9|0|1786391049.939|99.337|3.104|491589632|523685888|gen_data_629decefb53a1ea5|__AUTOMETRIC__
__AUTOMETRIC__|0.1.2|21056|crew_log_72b4eeb2df94e7e9|0|1786391050.942|99.697|3.116|491565056|523653120|gen_data_629decefb53a1ea5|__AUTOMETRIC__
__AUTOMETRIC__|0.1.2|21056|crew_log_72b4eeb2df94e7e9|0|1786391051.943|99.839|3.120|491323392|523411456|gen_data_629decefb53a1ea5|__AUTOMETRIC__
__AUTOMETRIC__|0.1.2|21056|crew_log_72b4eeb2df94e7e9|0|1786391052.945|99.796|3.119|491589632|523677696|gen_data_629decefb53a1ea5|__AUTOMETRIC__
__AUTOMETRIC__|0.1.2|21056|crew_log_72b4eeb2df94e7e9|0|1786391053.952|97.803|3.056|491270144|523567104|gen_data_629decefb53a1ea5|__AUTOMETRIC__
__AUTOMETRIC__|0.1.2|21056|crew_log_72b4eeb2df94e7e9|0|1786391054.954|99.823|3.119|491720704|523808768|gen_data_629decefb53a1ea5|__AUTOMETRIC__
__AUTOMETRIC__|0.1.2|21056|crew_log_72b4eeb2df94e7e9|0|1786391055.956|99.715|3.116|491687936|523776000|gen_data_629decefb53a1ea5|__AUTOMETRIC__
__AUTOMETRIC__|0.1.2|21056|crew_log_72b4eeb2df94e7e9|0|1786391056.971|100.101|3.128|491286528|523542528|gen_data_629decefb53a1ea5|__AUTOMETRIC__
__AUTOMETRIC__|0.1.2|21056|crew_log_72b4eeb2df94e7e9|0|1786391057.973|99.766|3.118|491442176|523534336|gen_data_629decefb53a1ea5|__AUTOMETRIC__
__AUTOMETRIC__|0.1.2|21056|crew_log_72b4eeb2df94e7e9|0|1786391058.985|100.424|3.138|491597824|523689984|gen_data_629decefb53a1ea5|__AUTOMETRIC__
__AUTOMETRIC__|0.1.2|21056|crew_log_72b4eeb2df94e7e9|0|1786391059.988|98.156|3.067|491454464|523546624|gen_data_629decefb53a1ea5|__AUTOMETRIC__
__AUTOMETRIC__|0.1.2|21056|crew_log_72b4eeb2df94e7e9|0|1786391060.991|99.649|3.114|491552768|523649024|gen_data_629decefb53a1ea5|__AUTOMETRIC__
__AUTOMETRIC__|0.1.2|21056|crew_log_72b4eeb2df94e7e9|0|1786391061.995|101.150|3.161|491479040|523575296|gen_data_629decefb53a1ea5|__AUTOMETRIC__
__AUTOMETRIC__|0.1.2|21056|crew_log_72b4eeb2df94e7e9|0|1786391063.009|98.651|3.083|491577344|523673600|gen_data_629decefb53a1ea5|__AUTOMETRIC__
__AUTOMETRIC__|0.1.2|21056|crew_log_72b4eeb2df94e7e9|0|1786391064.024|100.070|3.127|491577344|523665408|gen_data_629decefb53a1ea5|__AUTOMETRIC__
__AUTOMETRIC__|0.1.2|21056|crew_log_72b4eeb2df94e7e9|0|1786391065.035|102.015|3.188|491487232|523575296|gen_data_629decefb53a1ea5|__AUTOMETRIC__
__AUTOMETRIC__|0.1.2|21056|crew_log_72b4eeb2df94e7e9|0|1786391066.039|99.546|3.111|491618304|523706368|gen_data_629decefb53a1ea5|__AUTOMETRIC__
__AUTOMETRIC__|0.1.2|21056|crew_log_72b4eeb2df94e7e9|0|1786391067.053|100.154|3.130|491466752|523554816|gen_data_629decefb53a1ea5|__AUTOMETRIC__
__AUTOMETRIC__|0.1.2|21056|crew_log_72b4eeb2df94e7e9|0|1786391068.067|97.076|3.034|491442176|523530240|gen_data_629decefb53a1ea5|__AUTOMETRIC__
__AUTOMETRIC__|0.1.2|21056|crew_log_72b4eeb2df94e7e9|0|1786391069.073|97.892|3.059|491487232|523575296|gen_data_629decefb53a1ea5|__AUTOMETRIC__
__AUTOMETRIC__|0.1.2|21056|crew_log_72b4eeb2df94e7e9|0|1786391070.086|98.712|3.085|491474944|523579392|gen_data_629decefb53a1ea5|__AUTOMETRIC__
__AUTOMETRIC__|0.1.2|21056|crew_log_72b4eeb2df94e7e9|0|1786391071.098|101.921|3.185|491065344|523153408|gen_data_629decefb53a1ea5|__AUTOMETRIC__
__AUTOMETRIC__|0.1.2|21056|crew_log_72b4eeb2df94e7e9|0|1786391072.105|102.389|3.200|491331584|523419648|gen_data_629decefb53a1ea5|__AUTOMETRIC__
__AUTOMETRIC__|0.1.2|21056|crew_log_72b4eeb2df94e7e9|0|1786391073.112|97.697|3.053|491307008|523395072|gen_data_629decefb53a1ea5|__AUTOMETRIC__
__AUTOMETRIC__|0.1.2|21056|crew_log_72b4eeb2df94e7e9|0|1786391074.114|99.834|3.120|491278336|523378688|gen_data_629decefb53a1ea5|__AUTOMETRIC__
__AUTOMETRIC__|0.1.2|21056|crew_log_72b4eeb2df94e7e9|0|1786391075.118|99.597|3.112|491257856|523354112|gen_data_629decefb53a1ea5|__AUTOMETRIC__
__AUTOMETRIC__|0.1.2|21056|crew_log_72b4eeb2df94e7e9|0|1786391076.128|102.114|3.191|491536384|523632640|gen_data_629decefb53a1ea5|__AUTOMETRIC__
__AUTOMETRIC__|0.1.2|21056|crew_log_72b4eeb2df94e7e9|0|1786391077.133|101.043|3.158|491651072|523849728|gen_data_629decefb53a1ea5|__AUTOMETRIC__
__AUTOMETRIC__|0.1.2|21056|crew_log_72b4eeb2df94e7e9|0|1786391078.143|98.998|3.094|491646976|523800576|gen_data_629decefb53a1ea5|__AUTOMETRIC__
__AUTOMETRIC__|0.1.2|21056|crew_log_72b4eeb2df94e7e9|0|1786391079.154|100.532|3.142|491515904|523603968|gen_data_629decefb53a1ea5|__AUTOMETRIC__
__AUTOMETRIC__|0.1.2|21056|crew_log_72b4eeb2df94e7e9|0|1786391080.157|98.060|3.064|491630592|523726848|gen_data_629decefb53a1ea5|__AUTOMETRIC__
__AUTOMETRIC__|0.1.2|21056|crew_log_72b4eeb2df94e7e9|0|1786391081.158|98.365|3.074|491225088|523313152|gen_data_629decefb53a1ea5|__AUTOMETRIC__
__AUTOMETRIC__|0.1.2|21056|crew_log_72b4eeb2df94e7e9|0|1786391082.164|97.882|3.059|491491328|523579392|gen_data_629decefb53a1ea5|__AUTOMETRIC__
__AUTOMETRIC__|0.1.2|21056|crew_log_72b4eeb2df94e7e9|0|1786391083.179|101.591|3.175|491524096|523632640|gen_data_629decefb53a1ea5|__AUTOMETRIC__
__AUTOMETRIC__|0.1.2|21056|crew_log_72b4eeb2df94e7e9|0|1786391084.193|97.040|3.033|491610112|523698176|gen_data_629decefb53a1ea5|__AUTOMETRIC__
__AUTOMETRIC__|0.1.2|21056|crew_log_72b4eeb2df94e7e9|0|1786391085.200|100.846|3.151|491470848|523558912|gen_data_629decefb53a1ea5|__AUTOMETRIC__
__AUTOMETRIC__|0.1.2|21056|crew_log_72b4eeb2df94e7e9|0|1786391086.206|99.474|3.109|491438080|523587584|gen_data_629decefb53a1ea5|__AUTOMETRIC__
__AUTOMETRIC__|0.1.2|21056|crew_log_72b4eeb2df94e7e9|0|1786391087.213|100.880|3.152|491622400|523771904|gen_data_629decefb53a1ea5|__AUTOMETRIC__
__AUTOMETRIC__|0.1.2|21056|crew_log_72b4eeb2df94e7e9|0|1786391088.223|98.999|3.094|491806720|523894784|gen_data_629decefb53a1ea5|__AUTOMETRIC__
__AUTOMETRIC__|0.1.2|21056|crew_log_72b4eeb2df94e7e9|0|1786391089.224|99.827|3.120|491524096|523612160|gen_data_629decefb53a1ea5|__AUTOMETRIC__
__AUTOMETRIC__|0.1.2|21056|crew_log_72b4eeb2df94e7e9|0|1786391090.239|98.521|3.079|491352064|523440128|gen_data_629decefb53a1ea5|__AUTOMETRIC__
__AUTOMETRIC__|0.1.2|21056|crew_log_72b4eeb2df94e7e9|0|1786391091.244|97.988|3.062|491126784|523214848|gen_data_629decefb53a1ea5|__AUTOMETRIC__
__AUTOMETRIC__|0.1.2|21056|crew_log_72b4eeb2df94e7e9|0|1786391092.251|100.830|3.151|491110400|523198464|gen_data_629decefb53a1ea5|__AUTOMETRIC__
__AUTOMETRIC__|0.1.2|21056|crew_log_72b4eeb2df94e7e9|0|1786391093.268|96.796|3.025|491089920|523182080|gen_data_629decefb53a1ea5|__AUTOMETRIC__
__AUTOMETRIC__|0.1.2|21056|crew_log_72b4eeb2df94e7e9|0|1786391094.273|97.942|3.061|491425792|523517952|gen_data_629decefb53a1ea5|__AUTOMETRIC__
__AUTOMETRIC__|0.1.2|21056|crew_log_72b4eeb2df94e7e9|0|1786391095.286|100.288|3.134|491393024|523485184|gen_data_629decefb53a1ea5|__AUTOMETRIC__
__AUTOMETRIC__|0.1.2|21056|crew_log_72b4eeb2df94e7e9|0|1786391096.300|100.183|3.131|491741184|523833344|gen_data_629decefb53a1ea5|__AUTOMETRIC__
__AUTOMETRIC__|0.1.2|21056|crew_log_72b4eeb2df94e7e9|0|1786391097.310|100.522|3.141|491200512|523317248|gen_data_629decefb53a1ea5|__AUTOMETRIC__
__AUTOMETRIC__|0.1.2|21056|crew_log_72b4eeb2df94e7e9|0|1786391098.313|98.117|3.066|491204608|523329536|gen_data_629decefb53a1ea5|__AUTOMETRIC__
__AUTOMETRIC__|0.1.2|21056|crew_log_72b4eeb2df94e7e9|0|1786391099.319|99.433|3.107|491290624|523390976|gen_data_629decefb53a1ea5|__AUTOMETRIC__
__AUTOMETRIC__|0.1.2|21056|crew_log_72b4eeb2df94e7e9|0|1786391100.336|98.358|3.074|491270144|523366400|gen_data_629decefb53a1ea5|__AUTOMETRIC__
__AUTOMETRIC__|0.1.2|21056|crew_log_72b4eeb2df94e7e9|0|1786391101.349|101.784|3.181|491528192|523620352|gen_data_629decefb53a1ea5|__AUTOMETRIC__
__AUTOMETRIC__|0.1.2|21056|crew_log_72b4eeb2df94e7e9|0|1786391102.357|100.752|3.149|491270144|523362304|gen_data_629decefb53a1ea5|__AUTOMETRIC__
__AUTOMETRIC__|0.1.2|21056|crew_log_72b4eeb2df94e7e9|0|1786391103.362|99.514|3.110|491827200|523919360|gen_data_629decefb53a1ea5|__AUTOMETRIC__
__AUTOMETRIC__|0.1.2|21056|crew_log_72b4eeb2df94e7e9|0|1786391104.375|100.211|3.132|491569152|523661312|gen_data_629decefb53a1ea5|__AUTOMETRIC__
__AUTOMETRIC__|0.1.2|21056|crew_log_72b4eeb2df94e7e9|0|1786391105.388|100.318|3.135|491565056|523718656|gen_data_629decefb53a1ea5|__AUTOMETRIC__
__AUTOMETRIC__|0.1.2|21056|crew_log_72b4eeb2df94e7e9|0|1786391106.399|98.846|3.089|491843584|523931648|gen_data_629decefb53a1ea5|__AUTOMETRIC__
__AUTOMETRIC__|0.1.2|21056|crew_log_72b4eeb2df94e7e9|0|1786391107.404|102.690|3.209|491810816|523898880|gen_data_629decefb53a1ea5|__AUTOMETRIC__
__AUTOMETRIC__|0.1.2|21056|crew_log_72b4eeb2df94e7e9|0|1786391108.418|98.588|3.081|491999232|524087296|gen_data_629decefb53a1ea5|__AUTOMETRIC__
__AUTOMETRIC__|0.1.2|21056|crew_log_72b4eeb2df94e7e9|0|1786391109.432|98.621|3.082|491864064|523952128|gen_data_629decefb53a1ea5|__AUTOMETRIC__
__AUTOMETRIC__|0.1.2|21056|crew_log_72b4eeb2df94e7e9|0|1786391110.445|98.682|3.084|492191744|524279808|gen_data_629decefb53a1ea5|__AUTOMETRIC__
__AUTOMETRIC__|0.1.2|21056|crew_log_72b4eeb2df94e7e9|0|1786391111.457|101.885|3.184|489836544|522121216|gen_data_629decefb53a1ea5|__AUTOMETRIC__
__AUTOMETRIC__|0.1.2|21056|crew_log_72b4eeb2df94e7e9|0|1786391112.468|100.484|3.140|491896832|523984896|gen_data_629decefb53a1ea5|__AUTOMETRIC__
__AUTOMETRIC__|0.1.2|21056|crew_log_72b4eeb2df94e7e9|0|1786391113.483|100.132|3.129|491773952|523866112|gen_data_629decefb53a1ea5|__AUTOMETRIC__
__AUTOMETRIC__|0.1.2|21056|crew_log_72b4eeb2df94e7e9|0|1786391114.498|100.008|3.125|491921408|524013568|gen_data_629decefb53a1ea5|__AUTOMETRIC__
__AUTOMETRIC__|0.1.2|21056|crew_log_72b4eeb2df94e7e9|0|1786391115.502|99.576|3.112|492146688|524238848|gen_data_629decefb53a1ea5|__AUTOMETRIC__
__AUTOMETRIC__|0.1.2|21056|crew_log_72b4eeb2df94e7e9|0|1786391116.514|100.360|3.136|491827200|523919360|gen_data_629decefb53a1ea5|__AUTOMETRIC__
__AUTOMETRIC__|0.1.2|21056|crew_log_72b4eeb2df94e7e9|0|1786391117.526|94.221|2.944|492081152|524169216|gen_data_629decefb53a1ea5|__AUTOMETRIC__
__AUTOMETRIC__|0.1.2|21056|crew_log_72b4eeb2df94e7e9|0|1786391118.538|98.792|3.087|492007424|524095488|gen_data_629decefb53a1ea5|__AUTOMETRIC__
__AUTOMETRIC__|0.1.2|21056|crew_log_72b4eeb2df94e7e9|0|1786391119.554|98.480|3.078|491995136|524083200|gen_data_629decefb53a1ea5|__AUTOMETRIC__
__AUTOMETRIC__|0.1.2|21056|crew_log_72b4eeb2df94e7e9|0|1786391120.557|101.242|3.164|491581440|523669504|gen_data_629decefb53a1ea5|__AUTOMETRIC__
__AUTOMETRIC__|0.1.2|21056|crew_log_72b4eeb2df94e7e9|0|1786391121.571|100.103|3.128|491991040|524079104|gen_data_629decefb53a1ea5|__AUTOMETRIC__
__AUTOMETRIC__|0.1.2|21056|crew_log_72b4eeb2df94e7e9|0|1786391122.586|95.465|2.983|492040192|524128256|gen_data_629decefb53a1ea5|__AUTOMETRIC__
__AUTOMETRIC__|0.1.2|21056|crew_log_72b4eeb2df94e7e9|0|1786391123.600|97.119|3.035|491716608|523804672|gen_data_629decefb53a1ea5|__AUTOMETRIC__
__AUTOMETRIC__|0.1.2|21056|crew_log_72b4eeb2df94e7e9|0|1786391124.615|100.028|3.126|491982848|524070912|gen_data_629decefb53a1ea5|__AUTOMETRIC__
__AUTOMETRIC__|0.1.2|21056|crew_log_72b4eeb2df94e7e9|0|1786391125.619|99.577|3.112|492032000|524120064|gen_data_629decefb53a1ea5|__AUTOMETRIC__
__AUTOMETRIC__|0.1.2|21056|crew_log_72b4eeb2df94e7e9|0|1786391126.633|98.676|3.084|492027904|524115968|gen_data_629decefb53a1ea5|__AUTOMETRIC__
__AUTOMETRIC__|0.1.2|21056|crew_log_72b4eeb2df94e7e9|0|1786391127.636|101.200|3.162|491880448|524021760|gen_data_629decefb53a1ea5|__AUTOMETRIC__
__AUTOMETRIC__|0.1.2|21056|crew_log_72b4eeb2df94e7e9|0|1786391128.649|100.280|3.134|491855872|523948032|gen_data_629decefb53a1ea5|__AUTOMETRIC__
__AUTOMETRIC__|0.1.2|21056|crew_log_72b4eeb2df94e7e9|0|1786391129.651|99.814|3.119|491986944|524075008|gen_data_629decefb53a1ea5|__AUTOMETRIC__
__AUTOMETRIC__|0.1.2|21056|crew_log_72b4eeb2df94e7e9|0|1786391130.658|97.736|3.054|491892736|523980800|gen_data_629decefb53a1ea5|__AUTOMETRIC__
__AUTOMETRIC__|0.1.2|21056|crew_log_72b4eeb2df94e7e9|0|1786391131.661|99.693|3.115|490405888|522493952|gen_data_629decefb53a1ea5|__AUTOMETRIC__
__AUTOMETRIC__|0.1.2|21056|crew_log_72b4eeb2df94e7e9|0|1786391132.665|99.591|3.112|492224512|524324864|gen_data_629decefb53a1ea5|__AUTOMETRIC__
__AUTOMETRIC__|0.1.2|21056|crew_log_72b4eeb2df94e7e9|0|1786391133.667|99.807|3.119|492052480|524144640|gen_data_629decefb53a1ea5|__AUTOMETRIC__
__AUTOMETRIC__|0.1.2|21056|crew_log_72b4eeb2df94e7e9|0|1786391134.670|98.139|3.067|491810816|523976704|gen_data_629decefb53a1ea5|__AUTOMETRIC__
__AUTOMETRIC__|0.1.2|21056|crew_log_72b4eeb2df94e7e9|0|1786391135.675|99.506|3.110|492048384|524140544|gen_data_629decefb53a1ea5|__AUTOMETRIC__
__AUTOMETRIC__|0.1.2|21056|crew_log_72b4eeb2df94e7e9|0|1786391136.679|98.072|3.065|492204032|524296192|gen_data_629decefb53a1ea5|__AUTOMETRIC__
__AUTOMETRIC__|0.1.2|21056|crew_log_72b4eeb2df94e7e9|0|1786391137.682|101.284|3.165|492396544|524488704|gen_data_629decefb53a1ea5|__AUTOMETRIC__
__AUTOMETRIC__|0.1.2|21056|crew_log_72b4eeb2df94e7e9|0|1786391138.685|99.703|3.116|492032000|524124160|gen_data_629decefb53a1ea5|__AUTOMETRIC__
__AUTOMETRIC__|0.1.2|21056|crew_log_72b4eeb2df94e7e9|0|1786391139.696|98.916|3.091|492294144|524386304|gen_data_629decefb53a1ea5|__AUTOMETRIC__
__AUTOMETRIC__|0.1.2|21056|crew_log_72b4eeb2df94e7e9|0|1786391140.711|100.025|3.126|492466176|524562432|gen_data_629decefb53a1ea5|__AUTOMETRIC__
__AUTOMETRIC__|0.1.2|21056|crew_log_72b4eeb2df94e7e9|0|1786391141.725|100.153|3.130|492314624|524406784|gen_data_629decefb53a1ea5|__AUTOMETRIC__
__AUTOMETRIC__|0.1.2|21056|crew_log_72b4eeb2df94e7e9|0|1786391142.733|100.789|3.150|492072960|524165120|gen_data_629decefb53a1ea5|__AUTOMETRIC__
__AUTOMETRIC__|0.1.2|21056|crew_log_72b4eeb2df94e7e9|0|1786391143.745|98.785|3.087|492003328|524095488|gen_data_629decefb53a1ea5|__AUTOMETRIC__
__AUTOMETRIC__|0.1.2|21056|crew_log_72b4eeb2df94e7e9|0|1786391144.749|98.004|3.063|492322816|524414976|gen_data_629decefb53a1ea5|__AUTOMETRIC__
__AUTOMETRIC__|0.1.2|21056|crew_log_72b4eeb2df94e7e9|0|1786391145.765|100.055|3.127|492290048|524382208|gen_data_629decefb53a1ea5|__AUTOMETRIC__
__AUTOMETRIC__|0.1.2|21056|crew_log_72b4eeb2df94e7e9|0|1786391146.780|96.949|3.030|492376064|524468224|gen_data_629decefb53a1ea5|__AUTOMETRIC__
__AUTOMETRIC__|0.1.2|21056|crew_log_72b4eeb2df94e7e9|0|1786391147.783|99.708|3.116|492015616|524107776|gen_data_629decefb53a1ea5|__AUTOMETRIC__
__AUTOMETRIC__|0.1.2|21056|crew_log_72b4eeb2df94e7e9|0|1786391148.787|98.020|3.063|492122112|524214272|gen_data_629decefb53a1ea5|__AUTOMETRIC__
__AUTOMETRIC__|0.1.2|21056|crew_log_72b4eeb2df94e7e9|0|1786391149.793|99.391|3.106|491667456|523759616|gen_data_629decefb53a1ea5|__AUTOMETRIC__
__AUTOMETRIC__|0.1.2|21056|crew_log_72b4eeb2df94e7e9|0|1786391150.797|99.621|3.113|492269568|524361728|gen_data_629decefb53a1ea5|__AUTOMETRIC__
__AUTOMETRIC__|0.1.2|21056|crew_log_72b4eeb2df94e7e9|0|1786391151.812|98.501|3.078|492126208|524218368|gen_data_629decefb53a1ea5|__AUTOMETRIC__
__AUTOMETRIC__|0.1.2|21056|crew_log_72b4eeb2df94e7e9|0|1786391152.816|99.620|3.113|492670976|524763136|gen_data_629decefb53a1ea5|__AUTOMETRIC__
__AUTOMETRIC__|0.1.2|21056|crew_log_72b4eeb2df94e7e9|0|1786391153.833|99.840|3.120|492425216|524533760|gen_data_629decefb53a1ea5|__AUTOMETRIC__
__AUTOMETRIC__|0.1.2|21056|crew_log_72b4eeb2df94e7e9|0|1786391154.834|99.894|3.122|492437504|524541952|gen_data_629decefb53a1ea5|__AUTOMETRIC__
__AUTOMETRIC__|0.1.2|21056|crew_log_72b4eeb2df94e7e9|0|1786391155.846|100.362|3.136|492539904|524644352|gen_data_629decefb53a1ea5|__AUTOMETRIC__
__AUTOMETRIC__|0.1.2|21056|crew_log_72b4eeb2df94e7e9|0|1786391156.858|100.396|3.137|492855296|524959744|gen_data_629decefb53a1ea5|__AUTOMETRIC__
__AUTOMETRIC__|0.1.2|21056|crew_log_72b4eeb2df94e7e9|0|1786391157.875|99.897|3.122|492609536|524713984|gen_data_629decefb53a1ea5|__AUTOMETRIC__
__AUTOMETRIC__|0.1.2|21056|crew_log_72b4eeb2df94e7e9|0|1786391158.883|99.207|3.100|492617728|524718080|gen_data_629decefb53a1ea5|__AUTOMETRIC__
__AUTOMETRIC__|0.1.2|21056|crew_log_72b4eeb2df94e7e9|0|1786391159.896|103.340|3.229|492752896|524853248|gen_data_629decefb53a1ea5|__AUTOMETRIC__
__AUTOMETRIC__|0.1.2|21056|crew_log_72b4eeb2df94e7e9|0|1786391160.899|99.647|3.114|492814336|524910592|gen_data_629decefb53a1ea5|__AUTOMETRIC__
__AUTOMETRIC__|0.1.2|21056|crew_log_72b4eeb2df94e7e9|0|1786391161.913|97.110|3.035|493195264|525287424|gen_data_629decefb53a1ea5|__AUTOMETRIC__
__AUTOMETRIC__|0.1.2|21056|crew_log_72b4eeb2df94e7e9|0|1786391162.915|98.212|3.069|492924928|525017088|gen_data_629decefb53a1ea5|__AUTOMETRIC__
__AUTOMETRIC__|0.1.2|21056|crew_log_72b4eeb2df94e7e9|0|1786391163.930|96.975|3.030|492732416|524824576|gen_data_629decefb53a1ea5|__AUTOMETRIC__
__AUTOMETRIC__|0.1.2|21056|crew_log_72b4eeb2df94e7e9|0|1786391164.940|100.550|3.142|492752896|524845056|gen_data_629decefb53a1ea5|__AUTOMETRIC__
__AUTOMETRIC__|0.1.2|21056|crew_log_72b4eeb2df94e7e9|0|1786391165.953|100.304|3.135|492679168|524771328|gen_data_629decefb53a1ea5|__AUTOMETRIC__
__AUTOMETRIC__|0.1.2|21056|crew_log_72b4eeb2df94e7e9|0|1786391166.967|100.186|3.131|492699648|524791808|gen_data_629decefb53a1ea5|__AUTOMETRIC__
__AUTOMETRIC__|0.1.2|21056|crew_log_72b4eeb2df94e7e9|0|1786391167.981|98.563|3.080|492589056|524681216|gen_data_629decefb53a1ea5|__AUTOMETRIC__
__AUTOMETRIC__|0.1.2|21056|crew_log_72b4eeb2df94e7e9|0|1786391168.995|98.673|3.084|492666880|524759040|gen_data_629decefb53a1ea5|__AUTOMETRIC__
__AUTOMETRIC__|0.1.2|21056|crew_log_72b4eeb2df94e7e9|0|1786391170.004|99.110|3.097|492957696|525049856|gen_data_629decefb53a1ea5|__AUTOMETRIC__
__AUTOMETRIC__|0.1.2|21056|crew_log_72b4eeb2df94e7e9|0|1786391171.010|100.880|3.153|492707840|524800000|gen_data_629decefb53a1ea5|__AUTOMETRIC__
__AUTOMETRIC__|0.1.2|21056|crew_log_72b4eeb2df94e7e9|0|1786391172.015|99.562|3.111|492818432|524914688|gen_data_629decefb53a1ea5|__AUTOMETRIC__
__AUTOMETRIC__|0.1.2|21056|crew_log_72b4eeb2df94e7e9|0|1786391173.024|97.578|3.049|492867584|524959744|gen_data_629decefb53a1ea5|__AUTOMETRIC__
__AUTOMETRIC__|0.1.2|21056|crew_log_72b4eeb2df94e7e9|0|1786391174.037|98.712|3.085|492883968|524976128|gen_data_629decefb53a1ea5|__AUTOMETRIC__
__AUTOMETRIC__|0.1.2|21056|crew_log_72b4eeb2df94e7e9|0|1786391175.051|100.095|3.128|493019136|525111296|gen_data_629decefb53a1ea5|__AUTOMETRIC__
__AUTOMETRIC__|0.1.2|21056|crew_log_72b4eeb2df94e7e9|0|1786391176.053|99.809|3.119|492843008|524935168|gen_data_629decefb53a1ea5|__AUTOMETRIC__
__AUTOMETRIC__|0.1.2|21056|crew_log_72b4eeb2df94e7e9|0|1786391177.057|101.126|3.160|492867584|524959744|gen_data_629decefb53a1ea5|__AUTOMETRIC__
__AUTOMETRIC__|0.1.2|21056|crew_log_72b4eeb2df94e7e9|0|1786391178.060|99.787|3.118|493039616|525131776|gen_data_629decefb53a1ea5|__AUTOMETRIC__
__AUTOMETRIC__|0.1.2|21056|crew_log_72b4eeb2df94e7e9|0|1786391179.068|97.640|3.051|493211648|525303808|gen_data_629decefb53a1ea5|__AUTOMETRIC__
__AUTOMETRIC__|0.1.2|21056|crew_log_72b4eeb2df94e7e9|0|1786391180.082|100.093|3.128|493088768|525180928|gen_data_629decefb53a1ea5|__AUTOMETRIC__
__AUTOMETRIC__|0.1.2|21056|crew_log_72b4eeb2df94e7e9|0|1786391181.092|99.021|3.094|492654592|524746752|gen_data_629decefb53a1ea5|__AUTOMETRIC__
__AUTOMETRIC__|0.1.2|21056|crew_log_72b4eeb2df94e7e9|0|1786391182.106|100.147|3.130|492752896|524845056|gen_data_629decefb53a1ea5|__AUTOMETRIC__
__AUTOMETRIC__|0.1.2|21056|crew_log_72b4eeb2df94e7e9|0|1786391183.115|99.195|3.100|492969984|525062144|gen_data_629decefb53a1ea5|__AUTOMETRIC__
__AUTOMETRIC__|0.1.2|21056|crew_log_72b4eeb2df94e7e9|0|1786391184.128|100.227|3.132|492920832|525012992|gen_data_629decefb53a1ea5|__AUTOMETRIC__
__AUTOMETRIC__|0.1.2|21056|crew_log_72b4eeb2df94e7e9|0|1786391185.143|98.499|3.078|493228032|525324288|gen_data_629decefb53a1ea5|__AUTOMETRIC__
__AUTOMETRIC__|0.1.2|21056|crew_log_72b4eeb2df94e7e9|0|1786391186.144|99.940|3.123|492666880|524763136|gen_data_629decefb53a1ea5|__AUTOMETRIC__
__AUTOMETRIC__|0.1.2|21056|crew_log_72b4eeb2df94e7e9|0|1786391187.159|98.495|3.078|492957696|525053952|gen_data_629decefb53a1ea5|__AUTOMETRIC__
__AUTOMETRIC__|0.1.2|21056|crew_log_72b4eeb2df94e7e9|0|1786391188.162|99.726|3.116|492826624|524918784|gen_data_629decefb53a1ea5|__AUTOMETRIC__
__AUTOMETRIC__|0.1.2|21056|crew_log_72b4eeb2df94e7e9|0|1786391189.177|99.996|3.125|492908544|525000704|gen_data_629decefb53a1ea5|__AUTOMETRIC__
__AUTOMETRIC__|0.1.2|21056|crew_log_72b4eeb2df94e7e9|0|1786391190.193|99.999|3.125|493260800|525352960|gen_data_629decefb53a1ea5|__AUTOMETRIC__
__AUTOMETRIC__|0.1.2|21056|crew_log_72b4eeb2df94e7e9|0|1786391191.196|99.664|3.114|493207552|525299712|gen_data_629decefb53a1ea5|__AUTOMETRIC__
__AUTOMETRIC__|0.1.2|21056|crew_log_72b4eeb2df94e7e9|0|1786391192.199|99.713|3.116|493600768|525692928|gen_data_629decefb53a1ea5|__AUTOMETRIC__
__AUTOMETRIC__|0.1.2|21056|crew_log_72b4eeb2df94e7e9|0|1786391193.215|100.028|3.126|493142016|525234176|gen_data_629decefb53a1ea5|__AUTOMETRIC__
__AUTOMETRIC__|0.1.2|21056|crew_log_72b4eeb2df94e7e9|0|1786391194.229|100.148|3.130|493207552|525303808|gen_data_629decefb53a1ea5|__AUTOMETRIC__
__AUTOMETRIC__|0.1.2|21056|crew_log_72b4eeb2df94e7e9|0|1786391195.231|99.800|3.119|493379584|525471744|gen_data_629decefb53a1ea5|__AUTOMETRIC__
__AUTOMETRIC__|0.1.2|21056|crew_log_72b4eeb2df94e7e9|0|1786391196.247|99.922|3.123|493441024|525533184|gen_data_629decefb53a1ea5|__AUTOMETRIC__
__AUTOMETRIC__|0.1.2|21056|crew_log_72b4eeb2df94e7e9|0|1786391197.250|99.720|3.116|493432832|525524992|gen_data_629decefb53a1ea5|__AUTOMETRIC__
__AUTOMETRIC__|0.1.2|21056|crew_log_72b4eeb2df94e7e9|0|1786391198.261|100.454|3.139|493432832|525524992|gen_data_629decefb53a1ea5|__AUTOMETRIC__
__AUTOMETRIC__|0.1.2|21056|crew_log_72b4eeb2df94e7e9|0|1786391199.267|97.884|3.059|497717248|530051072|__DEFAULT__|__AUTOMETRIC__
__AUTOMETRIC__|0.1.2|21056|crew_log_72b4eeb2df94e7e9|0|1786391200.270|65.421|2.044|612802560|645083136|compiled_brms_models_779a46cc0e7e2c2b|__AUTOMETRIC__
__AUTOMETRIC__|0.1.2|21056|crew_log_72b4eeb2df94e7e9|0|1786391201.276|102.489|3.203|613961728|646291456|compiled_brms_models_779a46cc0e7e2c2b|__AUTOMETRIC__
__AUTOMETRIC__|0.1.2|21056|crew_log_72b4eeb2df94e7e9|0|1786391202.290|98.648|3.083|674504704|706961408|compiled_brms_models_779a46cc0e7e2c2b|__AUTOMETRIC__
__AUTOMETRIC__|0.1.2|21056|crew_log_72b4eeb2df94e7e9|0|1786391203.294|101.149|3.161|793722880|826478592|compiled_brms_models_779a46cc0e7e2c2b|__AUTOMETRIC__
__AUTOMETRIC__|0.1.2|21056|crew_log_72b4eeb2df94e7e9|0|1786391204.296|99.765|3.118|793595904|826351616|compiled_brms_models_779a46cc0e7e2c2b|__AUTOMETRIC__
__AUTOMETRIC__|0.1.2|21056|crew_log_72b4eeb2df94e7e9|0|1786391205.307|98.913|3.091|950743040|983904256|compiled_brms_models_779a46cc0e7e2c2b|__AUTOMETRIC__
__AUTOMETRIC__|0.1.2|21056|crew_log_72b4eeb2df94e7e9|0|1786391206.315|99.233|3.101|950353920|983515136|compiled_brms_models_779a46cc0e7e2c2b|__AUTOMETRIC__
__AUTOMETRIC__|0.1.2|21056|crew_log_72b4eeb2df94e7e9|0|1786391207.329|100.169|3.130|1219350528|1253298176|compiled_brms_models_779a46cc0e7e2c2b|__AUTOMETRIC__
__AUTOMETRIC__|0.1.2|21056|crew_log_72b4eeb2df94e7e9|0|1786391208.332|94.969|2.968|1270403072|1304350720|compiled_brms_models_779a46cc0e7e2c2b|__AUTOMETRIC__
__AUTOMETRIC__|0.1.2|21056|crew_log_72b4eeb2df94e7e9|0|1786391209.345|100.261|3.133|1268805632|1302585344|compiled_brms_models_779a46cc0e7e2c2b|__AUTOMETRIC__
__AUTOMETRIC__|0.1.2|21056|crew_log_72b4eeb2df94e7e9|0|1786391210.353|111.660|3.489|1366704128|1398632448|compiled_brms_models_779a46cc0e7e2c2b|__AUTOMETRIC__
__AUTOMETRIC__|0.1.2|21056|crew_log_72b4eeb2df94e7e9|0|1786391211.361|145.771|4.555|1513021440|1534812160|compiled_brms_models_779a46cc0e7e2c2b|__AUTOMETRIC__
__AUTOMETRIC__|0.1.2|21056|crew_log_72b4eeb2df94e7e9|0|1786391212.376|101.532|3.173|1498046464|1519820800|compiled_brms_models_779a46cc0e7e2c2b|__AUTOMETRIC__
