__AUTOMETRIC__|0.1.2|11032|crew_log_ceaf83e94b04c20e|0|1786387274.910|76.591|2.393|231952384|257253376|gen_data_9ae6a8295f612647|__AUTOMETRIC__
__AUTOMETRIC__|0.1.2|11032|crew_log_ceaf83e94b04c20e|0|1786387275.925|0.000|0.000|229924864|254861312|gen_data_9ae6a8295f612647|__AUTOMETRIC__
__AUTOMETRIC__|0.1.2|11032|crew_log_ceaf83e94b04c20e|0|1786387276.931|0.000|0.000|229228544|254164992|gen_data_9ae6a8295f612647|__AUTOMETRIC__
__AUTOMETRIC__|0.1.2|11032|crew_log_ceaf83e94b04c20e|0|1786387277.931|0.000|0.000|229261312|254197760|gen_data_9ae6a8295f612647|__AUTOMETRIC__
__AUTOMETRIC__|0.1.2|11032|crew_log_ceaf83e94b04c20e|0|1786387278.936|0.000|0.000|229310464|254246912|gen_data_9ae6a8295f612647|__AUTOMETRIC__
__AUTOMETRIC__|0.1.2|11032|crew_log_ceaf83e94b04c20e|0|1786387279.951|0.000|0.000|229326848|254263296|gen_data_9ae6a8295f612647|__AUTOMETRIC__
__AUTOMETRIC__|0.1.2|11032|crew_log_ceaf83e94b04c20e|0|1786387280.961|0.000|0.000|222896128|247832576|gen_data_9ae6a8295f612647|__AUTOMETRIC__
__AUTOMETRIC__|0.1.2|11032|crew_log_ceaf83e94b04c20e|0|1786387281.969|0.000|0.000|222511104|247447552|gen_data_9ae6a8295f612647|__AUTOMETRIC__
__AUTOMETRIC__|0.1.2|11032|crew_log_ceaf83e94b04c20e|0|1786387282.982|0.000|0.000|222511104|247447552|gen_data_9ae6a8295f612647|__AUTOMETRIC__
__AUTOMETRIC__|0.1.2|11032|crew_log_ceaf83e94b04c20e|0|1786387283.997|20.001|0.625|223543296|248516608|gen_data_9ae6a8295f612647|__AUTOMETRIC__
__AUTOMETRIC__|0.1.2|11032|crew_log_ceaf83e94b04c20e|0|1786387285.004|96.221|3.007|422060032|454270976|gen_data_9ae6a8295f612647|__AUTOMETRIC__
__AUTOMETRIC__|0.1.2|11032|crew_log_ceaf83e94b04c20e|0|1786387286.015|100.499|3.141|406802432|438996992|gen_data_9ae6a8295f612647|__AUTOMETRIC__
__AUTOMETRIC__|0.1.2|11032|crew_log_ceaf83e94b04c20e|0|1786387287.025|98.986|3.093|405504000|437559296|gen_data_9ae6a8295f612647|__AUTOMETRIC__
__AUTOMETRIC__|0.1.2|11032|crew_log_ceaf83e94b04c20e|0|1786387288.039|100.174|3.130|404611072|436695040|gen_data_9ae6a8295f612647|__AUTOMETRIC__
__AUTOMETRIC__|0.1.2|11032|crew_log_ceaf83e94b04c20e|0|1786387289.047|99.151|3.098|404602880|436670464|gen_data_9ae6a8295f612647|__AUTOMETRIC__
__AUTOMETRIC__|0.1.2|11032|crew_log_ceaf83e94b04c20e|0|1786387290.055|97.720|3.054|404721664|436813824|gen_data_9ae6a8295f612647|__AUTOMETRIC__
__AUTOMETRIC__|0.1.2|11032|crew_log_ceaf83e94b04c20e|0|1786387291.070|95.430|2.982|404410368|436486144|gen_data_9ae6a8295f612647|__AUTOMETRIC__
__AUTOMETRIC__|0.1.2|11032|crew_log_ceaf83e94b04c20e|0|1786387292.072|98.224|3.070|404439040|436502528|gen_data_9ae6a8295f612647|__AUTOMETRIC__
__AUTOMETRIC__|0.1.2|11032|crew_log_ceaf83e94b04c20e|0|1786387293.079|102.389|3.200|404480000|436535296|gen_data_9ae6a8295f612647|__AUTOMETRIC__
__AUTOMETRIC__|0.1.2|11032|crew_log_ceaf83e94b04c20e|0|1786387294.087|99.252|3.102|404447232|436535296|gen_data_9ae6a8295f612647|__AUTOMETRIC__
__AUTOMETRIC__|0.1.2|11032|crew_log_ceaf83e94b04c20e|0|1786387295.097|100.522|3.141|404418560|436482048|gen_data_9ae6a8295f612647|__AUTOMETRIC__
__AUTOMETRIC__|0.1.2|11032|crew_log_ceaf83e94b04c20e|0|1786387296.108|100.449|3.139|404492288|436551680|gen_data_9ae6a8295f612647|__AUTOMETRIC__
__AUTOMETRIC__|0.1.2|11032|crew_log_ceaf83e94b04c20e|0|1786387297.118|99.045|3.095|404647936|436723712|gen_data_9ae6a8295f612647|__AUTOMETRIC__
__AUTOMETRIC__|0.1.2|11032|crew_log_ceaf83e94b04c20e|0|1786387298.127|100.700|3.147|404676608|436731904|gen_data_9ae6a8295f612647|__AUTOMETRIC__
__AUTOMETRIC__|0.1.2|11032|crew_log_ceaf83e94b04c20e|0|1786387299.131|99.581|3.112|404418560|436473856|gen_data_9ae6a8295f612647|__AUTOMETRIC__
__AUTOMETRIC__|0.1.2|11032|crew_log_ceaf83e94b04c20e|0|1786387300.141|99.012|3.094|404418560|436473856|gen_data_9ae6a8295f612647|__AUTOMETRIC__
__AUTOMETRIC__|0.1.2|11032|crew_log_ceaf83e94b04c20e|0|1786387301.147|97.850|3.058|404578304|436695040|gen_data_9ae6a8295f612647|__AUTOMETRIC__
__AUTOMETRIC__|0.1.2|11032|crew_log_ceaf83e94b04c20e|0|1786387302.160|100.239|3.132|404561920|436645888|gen_data_9ae6a8295f612647|__AUTOMETRIC__
__AUTOMETRIC__|0.1.2|11032|crew_log_ceaf83e94b04c20e|0|1786387303.167|100.876|3.152|404697088|436785152|gen_data_9ae6a8295f612647|__AUTOMETRIC__
__AUTOMETRIC__|0.1.2|11032|crew_log_ceaf83e94b04c20e|0|1786387304.172|99.463|3.108|404508672|436596736|gen_data_9ae6a8295f612647|__AUTOMETRIC__
__AUTOMETRIC__|0.1.2|11032|crew_log_ceaf83e94b04c20e|0|1786387305.182|100.561|3.143|404561920|436649984|gen_data_9ae6a8295f612647|__AUTOMETRIC__
__AUTOMETRIC__|0.1.2|11032|crew_log_ceaf83e94b04c20e|0|1786387306.192|99.059|3.096|404586496|436674560|gen_data_9ae6a8295f612647|__AUTOMETRIC__
__AUTOMETRIC__|0.1.2|11032|crew_log_ceaf83e94b04c20e|0|1786387307.195|99.697|3.116|404664320|436752384|gen_data_9ae6a8295f612647|__AUTOMETRIC__
__AUTOMETRIC__|0.1.2|11032|crew_log_ceaf83e94b04c20e|0|1786387308.204|100.638|3.145|404672512|436760576|gen_data_9ae6a8295f612647|__AUTOMETRIC__
__AUTOMETRIC__|0.1.2|11032|crew_log_ceaf83e94b04c20e|0|1786387309.214|100.536|3.142|404537344|436625408|gen_data_9ae6a8295f612647|__AUTOMETRIC__
__AUTOMETRIC__|0.1.2|11032|crew_log_ceaf83e94b04c20e|0|1786387310.219|99.499|3.109|404582400|436670464|gen_data_9ae6a8295f612647|__AUTOMETRIC__
__AUTOMETRIC__|0.1.2|11032|crew_log_ceaf83e94b04c20e|0|1786387311.225|97.820|3.057|404586496|436674560|gen_data_9ae6a8295f612647|__AUTOMETRIC__
__AUTOMETRIC__|0.1.2|11032|crew_log_ceaf83e94b04c20e|0|1786387312.226|99.920|3.122|404643840|436748288|gen_data_9ae6a8295f612647|__AUTOMETRIC__
__AUTOMETRIC__|0.1.2|11032|crew_log_ceaf83e94b04c20e|0|1786387313.232|99.387|3.106|404811776|436899840|gen_data_9ae6a8295f612647|__AUTOMETRIC__
__AUTOMETRIC__|0.1.2|11032|crew_log_ceaf83e94b04c20e|0|1786387314.235|99.685|3.115|404647936|436736000|gen_data_9ae6a8295f612647|__AUTOMETRIC__
__AUTOMETRIC__|0.1.2|11032|crew_log_ceaf83e94b04c20e|0|1786387315.242|99.325|3.104|404729856|436826112|gen_data_9ae6a8295f612647|__AUTOMETRIC__
__AUTOMETRIC__|0.1.2|11032|crew_log_ceaf83e94b04c20e|0|1786387316.248|100.976|3.156|404807680|436895744|gen_data_9ae6a8295f612647|__AUTOMETRIC__
__AUTOMETRIC__|0.1.2|11032|crew_log_ceaf83e94b04c20e|0|1786387317.260|100.384|3.137|404856832|436944896|gen_data_9ae6a8295f612647|__AUTOMETRIC__
__AUTOMETRIC__|0.1.2|11032|crew_log_ceaf83e94b04c20e|0|1786387318.261|99.927|3.123|404844544|436948992|gen_data_9ae6a8295f612647|__AUTOMETRIC__
__AUTOMETRIC__|0.1.2|11032|crew_log_ceaf83e94b04c20e|0|1786387319.270|99.030|3.095|404942848|437030912|gen_data_9ae6a8295f612647|__AUTOMETRIC__
__AUTOMETRIC__|0.1.2|11032|crew_log_ceaf83e94b04c20e|0|1786387320.280|100.603|3.144|404959232|437047296|gen_data_9ae6a8295f612647|__AUTOMETRIC__
__AUTOMETRIC__|0.1.2|11032|crew_log_ceaf83e94b04c20e|0|1786387321.283|98.119|3.066|404779008|436867072|gen_data_9ae6a8295f612647|__AUTOMETRIC__
__AUTOMETRIC__|0.1.2|11032|crew_log_ceaf83e94b04c20e|0|1786387322.289|99.439|3.107|404877312|436965376|gen_data_9ae6a8295f612647|__AUTOMETRIC__
__AUTOMETRIC__|0.1.2|11032|crew_log_ceaf83e94b04c20e|0|1786387323.292|101.198|3.162|404819968|436908032|gen_data_9ae6a8295f612647|__AUTOMETRIC__
__AUTOMETRIC__|0.1.2|11032|crew_log_ceaf83e94b04c20e|0|1786387324.309|99.916|3.122|404836352|436924416|gen_data_9ae6a8295f612647|__AUTOMETRIC__
__AUTOMETRIC__|0.1.2|11032|crew_log_ceaf83e94b04c20e|0|1786387325.323|98.562|3.080|404881408|436969472|gen_data_9ae6a8295f612647|__AUTOMETRIC__
__AUTOMETRIC__|0.1.2|11032|crew_log_ceaf83e94b04c20e|0|1786387326.324|99.964|3.124|404910080|436998144|gen_data_9ae6a8295f612647|__AUTOMETRIC__
__AUTOMETRIC__|0.1.2|11032|crew_log_ceaf83e94b04c20e|0|1786387327.332|97.644|3.051|404881408|436969472|gen_data_9ae6a8295f612647|__AUTOMETRIC__
__AUTOMETRIC__|0.1.2|11032|crew_log_ceaf83e94b04c20e|0|1786387328.339|97.724|3.054|404905984|436994048|gen_data_9ae6a8295f612647|__AUTOMETRIC__
__AUTOMETRIC__|0.1.2|11032|crew_log_ceaf83e94b04c20e|0|1786387329.343|98.101|3.066|404881408|436969472|gen_data_9ae6a8295f612647|__AUTOMETRIC__
__AUTOMETRIC__|0.1.2|11032|crew_log_ceaf83e94b04c20e|0|1786387330.345|99.753|3.117|404979712|437067776|gen_data_9ae6a8295f612647|__AUTOMETRIC__
__AUTOMETRIC__|0.1.2|11032|crew_log_ceaf83e94b04c20e|0|1786387331.357|100.346|3.136|404996096|437084160|gen_data_9ae6a8295f612647|__AUTOMETRIC__
__AUTOMETRIC__|0.1.2|11032|crew_log_ceaf83e94b04c20e|0|1786387332.361|99.591|3.112|404881408|436936704|gen_data_9ae6a8295f612647|__AUTOMETRIC__
__AUTOMETRIC__|0.1.2|11032|crew_log_ceaf83e94b04c20e|0|1786387333.364|95.024|2.970|404951040|437006336|gen_data_9ae6a8295f612647|__AUTOMETRIC__
__AUTOMETRIC__|0.1.2|11032|crew_log_ceaf83e94b04c20e|0|1786387334.368|99.638|3.114|404877312|436953088|gen_data_9ae6a8295f612647|__AUTOMETRIC__
__AUTOMETRIC__|0.1.2|11032|crew_log_ceaf83e94b04c20e|0|1786387335.371|101.235|3.164|404959232|437030912|gen_data_9ae6a8295f612647|__AUTOMETRIC__
__AUTOMETRIC__|0.1.2|11032|crew_log_ceaf83e94b04c20e|0|1786387336.372|99.880|3.121|404983808|437047296|gen_data_9ae6a8295f612647|__AUTOMETRIC__
__AUTOMETRIC__|0.1.2|11032|crew_log_ceaf83e94b04c20e|0|1786387337.383|98.936|3.092|404971520|437035008|gen_data_9ae6a8295f612647|__AUTOMETRIC__
__AUTOMETRIC__|0.1.2|11032|crew_log_ceaf83e94b04c20e|0|1786387338.383|98.456|3.077|405053440|437108736|gen_data_9ae6a8295f612647|__AUTOMETRIC__
__AUTOMETRIC__|0.1.2|11032|crew_log_ceaf83e94b04c20e|0|1786387339.387|98.094|3.065|404996096|437051392|gen_data_9ae6a8295f612647|__AUTOMETRIC__
__AUTOMETRIC__|0.1.2|11032|crew_log_ceaf83e94b04c20e|0|1786387340.397|97.439|3.045|405004288|437059584|gen_data_9ae6a8295f612647|__AUTOMETRIC__
__AUTOMETRIC__|0.1.2|11032|crew_log_ceaf83e94b04c20e|0|1786387341.397|99.956|3.124|404930560|436985856|gen_data_9ae6a8295f612647|__AUTOMETRIC__
__AUTOMETRIC__|0.1.2|11032|crew_log_ceaf83e94b04c20e|0|1786387342.407|98.996|3.094|404938752|436994048|gen_data_9ae6a8295f612647|__AUTOMETRIC__
__AUTOMETRIC__|0.1.2|11032|crew_log_ceaf83e94b04c20e|0|1786387343.423|98.480|3.077|405053440|437108736|gen_data_9ae6a8295f612647|__AUTOMETRIC__
__AUTOMETRIC__|0.1.2|11032|crew_log_ceaf83e94b04c20e|0|1786387344.438|100.061|3.127|405024768|437088256|gen_data_9ae6a8295f612647|__AUTOMETRIC__
__AUTOMETRIC__|0.1.2|11032|crew_log_ceaf83e94b04c20e|0|1786387345.452|100.176|3.130|405032960|437088256|gen_data_9ae6a8295f612647|__AUTOMETRIC__
__AUTOMETRIC__|0.1.2|11032|crew_log_ceaf83e94b04c20e|0|1786387346.454|99.765|3.118|404959232|437014528|gen_data_9ae6a8295f612647|__AUTOMETRIC__
__AUTOMETRIC__|0.1.2|11032|crew_log_ceaf83e94b04c20e|0|1786387347.469|100.081|3.128|405061632|437116928|gen_data_9ae6a8295f612647|__AUTOMETRIC__
__AUTOMETRIC__|0.1.2|11032|crew_log_ceaf83e94b04c20e|0|1786387348.474|99.458|3.108|405098496|437153792|gen_data_9ae6a8295f612647|__AUTOMETRIC__
__AUTOMETRIC__|0.1.2|11032|crew_log_ceaf83e94b04c20e|0|1786387349.482|100.736|3.148|405028864|437084160|gen_data_9ae6a8295f612647|__AUTOMETRIC__
__AUTOMETRIC__|0.1.2|11032|crew_log_ceaf83e94b04c20e|0|1786387350.497|100.063|3.127|405069824|437141504|gen_data_9ae6a8295f612647|__AUTOMETRIC__
__AUTOMETRIC__|0.1.2|11032|crew_log_ceaf83e94b04c20e|0|1786387351.500|99.748|3.117|405069824|437133312|gen_data_9ae6a8295f612647|__AUTOMETRIC__
__AUTOMETRIC__|0.1.2|11032|crew_log_ceaf83e94b04c20e|0|1786387352.505|99.482|3.109|405131264|437194752|gen_data_9ae6a8295f612647|__AUTOMETRIC__
__AUTOMETRIC__|0.1.2|11032|crew_log_ceaf83e94b04c20e|0|1786387353.506|98.378|3.074|405147648|437202944|gen_data_9ae6a8295f612647|__AUTOMETRIC__
__AUTOMETRIC__|0.1.2|11032|crew_log_ceaf83e94b04c20e|0|1786387354.520|98.591|3.081|405053440|437108736|gen_data_9ae6a8295f612647|__AUTOMETRIC__
__AUTOMETRIC__|0.1.2|11032|crew_log_ceaf83e94b04c20e|0|1786387355.533|100.258|3.133|405102592|437174272|gen_data_9ae6a8295f612647|__AUTOMETRIC__
__AUTOMETRIC__|0.1.2|11032|crew_log_ceaf83e94b04c20e|0|1786387356.534|95.195|2.975|405086208|437149696|gen_data_9ae6a8295f612647|__AUTOMETRIC__
__AUTOMETRIC__|0.1.2|11032|crew_log_ceaf83e94b04c20e|0|1786387357.550|98.464|3.077|405086208|437149696|gen_data_9ae6a8295f612647|__AUTOMETRIC__
__AUTOMETRIC__|0.1.2|11032|crew_log_ceaf83e94b04c20e|0|1786387358.565|100.092|3.128|405151744|437207040|gen_data_9ae6a8295f612647|__AUTOMETRIC__
__AUTOMETRIC__|0.1.2|11032|crew_log_ceaf83e94b04c20e|0|1786387359.566|98.307|3.072|405069824|437129216|gen_data_9ae6a8295f612647|__AUTOMETRIC__
__AUTOMETRIC__|0.1.2|11032|crew_log_ceaf83e94b04c20e|0|1786387360.568|98.239|3.070|405098496|437153792|gen_data_9ae6a8295f612647|__AUTOMETRIC__
__AUTOMETRIC__|0.1.2|11032|crew_log_ceaf83e94b04c20e|0|1786387361.582|100.123|3.129|405073920|437145600|gen_data_9ae6a8295f612647|__AUTOMETRIC__
__AUTOMETRIC__|0.1.2|11032|crew_log_ceaf83e94b04c20e|0|1786387362.589|100.941|3.154|405123072|437186560|gen_data_9ae6a8295f612647|__AUTOMETRIC__
__AUTOMETRIC__|0.1.2|11032|crew_log_ceaf83e94b04c20e|0|1786387363.595|97.822|3.057|405196800|437252096|gen_data_9ae6a8295f612647|__AUTOMETRIC__
__AUTOMETRIC__|0.1.2|11032|crew_log_ceaf83e94b04c20e|0|1786387364.610|96.985|3.031|405102592|437166080|gen_data_9ae6a8295f612647|__AUTOMETRIC__
__AUTOMETRIC__|0.1.2|11032|crew_log_ceaf83e94b04c20e|0|1786387365.617|99.276|3.102|405168128|437223424|gen_data_9ae6a8295f612647|__AUTOMETRIC__
__AUTOMETRIC__|0.1.2|11032|crew_log_ceaf83e94b04c20e|0|1786387366.619|99.808|3.119|405164032|437219328|gen_data_9ae6a8295f612647|__AUTOMETRIC__
__AUTOMETRIC__|0.1.2|11032|crew_log_ceaf83e94b04c20e|0|1786387367.629|97.427|3.045|405176320|437248000|gen_data_9ae6a8295f612647|__AUTOMETRIC__
__AUTOMETRIC__|0.1.2|11032|crew_log_ceaf83e94b04c20e|0|1786387368.632|98.199|3.069|405188608|437260288|gen_data_9ae6a8295f612647|__AUTOMETRIC__
__AUTOMETRIC__|0.1.2|11032|crew_log_ceaf83e94b04c20e|0|1786387369.633|99.845|3.120|405237760|437293056|gen_data_9ae6a8295f612647|__AUTOMETRIC__
__AUTOMETRIC__|0.1.2|11032|crew_log_ceaf83e94b04c20e|0|1786387370.638|101.133|3.160|405204992|437260288|gen_data_9ae6a8295f612647|__AUTOMETRIC__
__AUTOMETRIC__|0.1.2|11032|crew_log_ceaf83e94b04c20e|0|1786387371.638|98.427|3.076|405266432|437321728|gen_data_9ae6a8295f612647|__AUTOMETRIC__
__AUTOMETRIC__|0.1.2|11032|crew_log_ceaf83e94b04c20e|0|1786387372.644|99.375|3.105|405274624|437329920|gen_data_9ae6a8295f612647|__AUTOMETRIC__
__AUTOMETRIC__|0.1.2|11032|crew_log_ceaf83e94b04c20e|0|1786387373.650|99.375|3.105|405323776|437383168|gen_data_9ae6a8295f612647|__AUTOMETRIC__
__AUTOMETRIC__|0.1.2|11032|crew_log_ceaf83e94b04c20e|0|1786387374.655|99.535|3.110|405327872|437383168|gen_data_9ae6a8295f612647|__AUTOMETRIC__
__AUTOMETRIC__|0.1.2|11032|crew_log_ceaf83e94b04c20e|0|1786387375.661|99.378|3.106|405344256|437399552|gen_data_9ae6a8295f612647|__AUTOMETRIC__
__AUTOMETRIC__|0.1.2|11032|crew_log_ceaf83e94b04c20e|0|1786387376.675|100.216|3.132|405405696|437460992|gen_data_9ae6a8295f612647|__AUTOMETRIC__
__AUTOMETRIC__|0.1.2|11032|crew_log_ceaf83e94b04c20e|0|1786387377.676|98.346|3.073|405385216|437440512|gen_data_9ae6a8295f612647|__AUTOMETRIC__
__AUTOMETRIC__|0.1.2|11032|crew_log_ceaf83e94b04c20e|0|1786387378.681|99.470|3.108|405401600|437456896|gen_data_9ae6a8295f612647|__AUTOMETRIC__
__AUTOMETRIC__|0.1.2|11032|crew_log_ceaf83e94b04c20e|0|1786387379.682|103.024|3.219|405401600|437456896|gen_data_9ae6a8295f612647|__AUTOMETRIC__
__AUTOMETRIC__|0.1.2|11032|crew_log_ceaf83e94b04c20e|0|1786387380.688|99.373|3.105|405372928|437428224|gen_data_9ae6a8295f612647|__AUTOMETRIC__
__AUTOMETRIC__|0.1.2|11032|crew_log_ceaf83e94b04c20e|0|1786387381.689|98.322|3.073|405417984|437477376|gen_data_9ae6a8295f612647|__AUTOMETRIC__
__AUTOMETRIC__|0.1.2|11032|crew_log_ceaf83e94b04c20e|0|1786387382.704|100.067|3.127|405442560|437497856|gen_data_9ae6a8295f612647|__AUTOMETRIC__
__AUTOMETRIC__|0.1.2|11032|crew_log_ceaf83e94b04c20e|0|1786387383.719|100.075|3.127|405438464|437493760|gen_data_9ae6a8295f612647|__AUTOMETRIC__
__AUTOMETRIC__|0.1.2|11032|crew_log_ceaf83e94b04c20e|0|1786387384.723|99.661|3.114|405319680|437374976|gen_data_9ae6a8295f612647|__AUTOMETRIC__
__AUTOMETRIC__|0.1.2|11032|crew_log_ceaf83e94b04c20e|0|1786387385.737|100.119|3.129|405393408|437456896|gen_data_9ae6a8295f612647|__AUTOMETRIC__
__AUTOMETRIC__|0.1.2|11032|crew_log_ceaf83e94b04c20e|0|1786387386.751|100.166|3.130|405422080|437485568|gen_data_9ae6a8295f612647|__AUTOMETRIC__
__AUTOMETRIC__|0.1.2|11032|crew_log_ceaf83e94b04c20e|0|1786387387.752|99.880|3.121|405417984|437477376|gen_data_9ae6a8295f612647|__AUTOMETRIC__
__AUTOMETRIC__|0.1.2|11032|crew_log_ceaf83e94b04c20e|0|1786387388.769|99.873|3.121|405434368|437489664|gen_data_9ae6a8295f612647|__AUTOMETRIC__
__AUTOMETRIC__|0.1.2|11032|crew_log_ceaf83e94b04c20e|0|1786387389.770|99.868|3.121|405438464|437493760|gen_data_9ae6a8295f612647|__AUTOMETRIC__
__AUTOMETRIC__|0.1.2|11032|crew_log_ceaf83e94b04c20e|0|1786387390.777|100.923|3.154|405442560|437497856|gen_data_9ae6a8295f612647|__AUTOMETRIC__
__AUTOMETRIC__|0.1.2|11032|crew_log_ceaf83e94b04c20e|0|1786387391.786|99.099|3.097|405430272|437485568|gen_data_9ae6a8295f612647|__AUTOMETRIC__
__AUTOMETRIC__|0.1.2|11032|crew_log_ceaf83e94b04c20e|0|1786387392.802|99.958|3.124|405458944|437514240|gen_data_9ae6a8295f612647|__AUTOMETRIC__
__AUTOMETRIC__|0.1.2|11032|crew_log_ceaf83e94b04c20e|0|1786387393.806|101.097|3.159|405479424|437534720|gen_data_9ae6a8295f612647|__AUTOMETRIC__
__AUTOMETRIC__|0.1.2|11032|crew_log_ceaf83e94b04c20e|0|1786387394.810|99.676|3.115|405569536|437624832|gen_data_9ae6a8295f612647|__AUTOMETRIC__
__AUTOMETRIC__|0.1.2|11032|crew_log_ceaf83e94b04c20e|0|1786387395.816|99.411|3.107|405471232|437526528|gen_data_9ae6a8295f612647|__AUTOMETRIC__
__AUTOMETRIC__|0.1.2|11032|crew_log_ceaf83e94b04c20e|0|1786387396.823|100.811|3.150|405524480|437579776|gen_data_9ae6a8295f612647|__AUTOMETRIC__
__AUTOMETRIC__|0.1.2|11032|crew_log_ceaf83e94b04c20e|0|1786387397.827|98.088|3.065|405590016|437645312|gen_data_9ae6a8295f612647|__AUTOMETRIC__
__AUTOMETRIC__|0.1.2|11032|crew_log_ceaf83e94b04c20e|0|1786387398.841|100.160|3.130|405610496|437665792|gen_data_9ae6a8295f612647|__AUTOMETRIC__
__AUTOMETRIC__|0.1.2|11032|crew_log_ceaf83e94b04c20e|0|1786387399.842|99.867|3.121|405630976|437686272|gen_data_9ae6a8295f612647|__AUTOMETRIC__
__AUTOMETRIC__|0.1.2|11032|crew_log_ceaf83e94b04c20e|0|1786387400.857|100.023|3.126|405684224|437739520|gen_data_9ae6a8295f612647|__AUTOMETRIC__
__AUTOMETRIC__|0.1.2|11032|crew_log_ceaf83e94b04c20e|0|1786387401.867|94.414|2.950|405700608|437755904|gen_data_9ae6a8295f612647|__AUTOMETRIC__
__AUTOMETRIC__|0.1.2|11032|crew_log_ceaf83e94b04c20e|0|1786387402.874|100.893|3.153|405725184|437780480|gen_data_9ae6a8295f612647|__AUTOMETRIC__
__AUTOMETRIC__|0.1.2|11032|crew_log_ceaf83e94b04c20e|0|1786387403.876|98.190|3.068|405692416|437747712|gen_data_9ae6a8295f612647|__AUTOMETRIC__
__AUTOMETRIC__|0.1.2|11032|crew_log_ceaf83e94b04c20e|0|1786387404.892|99.956|3.124|405704704|437760000|gen_data_9ae6a8295f612647|__AUTOMETRIC__
__AUTOMETRIC__|0.1.2|11032|crew_log_ceaf83e94b04c20e|0|1786387405.897|99.504|3.110|405737472|437792768|gen_data_9ae6a8295f612647|__AUTOMETRIC__
__AUTOMETRIC__|0.1.2|11032|crew_log_ceaf83e94b04c20e|0|1786387406.902|99.477|3.109|405671936|437661696|gen_data_9ae6a8295f612647|__AUTOMETRIC__
__AUTOMETRIC__|0.1.2|11032|crew_log_ceaf83e94b04c20e|0|1786387407.910|99.205|3.100|405684224|437678080|gen_data_9ae6a8295f612647|__AUTOMETRIC__
__AUTOMETRIC__|0.1.2|11032|crew_log_ceaf83e94b04c20e|0|1786387408.916|101.011|3.157|405704704|437698560|gen_data_9ae6a8295f612647|__AUTOMETRIC__
__AUTOMETRIC__|0.1.2|11032|crew_log_ceaf83e94b04c20e|0|1786387409.926|98.958|3.092|405721088|437710848|gen_data_9ae6a8295f612647|__AUTOMETRIC__
__AUTOMETRIC__|0.1.2|11032|crew_log_ceaf83e94b04c20e|0|1786387410.935|99.179|3.099|405700608|437690368|gen_data_9ae6a8295f612647|__AUTOMETRIC__
__AUTOMETRIC__|0.1.2|11032|crew_log_ceaf83e94b04c20e|0|1786387411.940|99.442|3.108|405704704|437694464|gen_data_9ae6a8295f612647|__AUTOMETRIC__
__AUTOMETRIC__|0.1.2|11032|crew_log_ceaf83e94b04c20e|0|1786387412.945|99.570|3.112|405733376|437723136|gen_data_9ae6a8295f612647|__AUTOMETRIC__
__AUTOMETRIC__|0.1.2|11032|crew_log_ceaf83e94b04c20e|0|1786387413.959|101.700|3.178|405700608|437690368|gen_data_9ae6a8295f612647|__AUTOMETRIC__
__AUTOMETRIC__|0.1.2|11032|crew_log_ceaf83e94b04c20e|0|1786387414.960|99.896|3.122|405708800|437698560|gen_data_9ae6a8295f612647|__AUTOMETRIC__
__AUTOMETRIC__|0.1.2|11032|crew_log_ceaf83e94b04c20e|0|1786387415.967|102.343|3.198|405741568|437731328|gen_data_9ae6a8295f612647|__AUTOMETRIC__
__AUTOMETRIC__|0.1.2|11032|crew_log_ceaf83e94b04c20e|0|1786387416.976|97.570|3.049|405733376|437723136|gen_data_9ae6a8295f612647|__AUTOMETRIC__
__AUTOMETRIC__|0.1.2|11032|crew_log_ceaf83e94b04c20e|0|1786387417.991|100.082|3.128|405712896|437702656|gen_data_9ae6a8295f612647|__AUTOMETRIC__
__AUTOMETRIC__|0.1.2|11032|crew_log_ceaf83e94b04c20e|0|1786387418.997|100.959|3.155|405700608|437690368|gen_data_9ae6a8295f612647|__AUTOMETRIC__
__AUTOMETRIC__|0.1.2|11032|crew_log_ceaf83e94b04c20e|0|1786387420.004|97.701|3.053|405741568|437731328|gen_data_9ae6a8295f612647|__AUTOMETRIC__
__AUTOMETRIC__|0.1.2|11032|crew_log_ceaf83e94b04c20e|0|1786387421.006|99.870|3.121|405700608|437690368|gen_data_9ae6a8295f612647|__AUTOMETRIC__
__AUTOMETRIC__|0.1.2|11032|crew_log_ceaf83e94b04c20e|0|1786387422.014|100.739|3.148|405676032|437665792|gen_data_9ae6a8295f612647|__AUTOMETRIC__
__AUTOMETRIC__|0.1.2|11032|crew_log_ceaf83e94b04c20e|0|1786387423.021|97.789|3.056|405733376|437723136|gen_data_9ae6a8295f612647|__AUTOMETRIC__
__AUTOMETRIC__|0.1.2|11032|crew_log_ceaf83e94b04c20e|0|1786387424.025|96.423|3.013|405749760|437739520|gen_data_9ae6a8295f612647|__AUTOMETRIC__
__AUTOMETRIC__|0.1.2|11032|crew_log_ceaf83e94b04c20e|0|1786387425.032|97.767|3.055|405766144|437755904|gen_data_9ae6a8295f612647|__AUTOMETRIC__
__AUTOMETRIC__|0.1.2|11032|crew_log_ceaf83e94b04c20e|0|1786387426.042|99.050|3.095|405843968|437833728|gen_data_9ae6a8295f612647|__AUTOMETRIC__
__AUTOMETRIC__|0.1.2|11032|crew_log_ceaf83e94b04c20e|0|1786387427.051|99.045|3.095|405807104|437796864|gen_data_9ae6a8295f612647|__AUTOMETRIC__
__AUTOMETRIC__|0.1.2|11032|crew_log_ceaf83e94b04c20e|0|1786387428.068|99.898|3.122|405843968|437837824|gen_data_9ae6a8295f612647|__AUTOMETRIC__
__AUTOMETRIC__|0.1.2|11032|crew_log_ceaf83e94b04c20e|0|1786387429.081|100.291|3.134|405909504|437903360|gen_data_9ae6a8295f612647|__AUTOMETRIC__
__AUTOMETRIC__|0.1.2|11032|crew_log_ceaf83e94b04c20e|0|1786387430.084|98.067|3.065|405897216|437891072|gen_data_9ae6a8295f612647|__AUTOMETRIC__
__AUTOMETRIC__|0.1.2|11032|crew_log_ceaf83e94b04c20e|0|1786387431.097|100.329|3.135|405901312|437895168|gen_data_9ae6a8295f612647|__AUTOMETRIC__
__AUTOMETRIC__|0.1.2|11032|crew_log_ceaf83e94b04c20e|0|1786387432.099|98.243|3.070|405909504|437899264|gen_data_9ae6a8295f612647|__AUTOMETRIC__
__AUTOMETRIC__|0.1.2|11032|crew_log_ceaf83e94b04c20e|0|1786387433.105|100.976|3.155|405975040|437964800|gen_data_9ae6a8295f612647|__AUTOMETRIC__
__AUTOMETRIC__|0.1.2|11032|crew_log_ceaf83e94b04c20e|0|1786387434.112|97.745|3.055|405934080|437923840|gen_data_9ae6a8295f612647|__AUTOMETRIC__
__AUTOMETRIC__|0.1.2|11032|crew_log_ceaf83e94b04c20e|0|1786387435.127|98.531|3.079|405987328|437977088|gen_data_9ae6a8295f612647|__AUTOMETRIC__
__AUTOMETRIC__|0.1.2|11032|crew_log_ceaf83e94b04c20e|0|1786387436.130|98.098|3.066|406061056|438050816|gen_data_9ae6a8295f612647|__AUTOMETRIC__
__AUTOMETRIC__|0.1.2|11032|crew_log_ceaf83e94b04c20e|0|1786387437.132|99.843|3.120|406011904|438001664|gen_data_9ae6a8295f612647|__AUTOMETRIC__
__AUTOMETRIC__|0.1.2|11032|crew_log_ceaf83e94b04c20e|0|1786387438.146|100.163|3.130|406003712|437993472|gen_data_9ae6a8295f612647|__AUTOMETRIC__
__AUTOMETRIC__|0.1.2|11032|crew_log_ceaf83e94b04c20e|0|1786387439.146|99.978|3.124|406044672|438034432|gen_data_9ae6a8295f612647|__AUTOMETRIC__
__AUTOMETRIC__|0.1.2|11032|crew_log_ceaf83e94b04c20e|0|1786387440.146|99.955|3.124|406077440|438067200|gen_data_9ae6a8295f612647|__AUTOMETRIC__
__AUTOMETRIC__|0.1.2|11032|crew_log_ceaf83e94b04c20e|0|1786387441.148|99.787|3.118|406315008|438308864|gen_data_9ae6a8295f612647|__AUTOMETRIC__
__AUTOMETRIC__|0.1.2|11032|crew_log_ceaf83e94b04c20e|0|1786387442.150|96.722|3.023|406249472|438243328|gen_data_9ae6a8295f612647|__AUTOMETRIC__
__AUTOMETRIC__|0.1.2|11032|crew_log_ceaf83e94b04c20e|0|1786387443.154|99.594|3.112|406327296|438321152|gen_data_9ae6a8295f612647|__AUTOMETRIC__
__AUTOMETRIC__|0.1.2|11032|crew_log_ceaf83e94b04c20e|0|1786387444.166|98.813|3.088|406319104|438321152|gen_data_9ae6a8295f612647|__AUTOMETRIC__
__AUTOMETRIC__|0.1.2|11032|crew_log_ceaf83e94b04c20e|0|1786387445.175|99.125|3.098|406589440|438583296|gen_data_9ae6a8295f612647|__AUTOMETRIC__
__AUTOMETRIC__|0.1.2|11032|crew_log_ceaf83e94b04c20e|0|1786387446.189|100.129|3.129|406642688|438636544|gen_data_9ae6a8295f612647|__AUTOMETRIC__
__AUTOMETRIC__|0.1.2|11032|crew_log_ceaf83e94b04c20e|0|1786387447.205|96.934|3.029|406417408|438411264|gen_data_9ae6a8295f612647|__AUTOMETRIC__
__AUTOMETRIC__|0.1.2|11032|crew_log_ceaf83e94b04c20e|0|1786387448.216|100.428|3.138|406421504|438415360|gen_data_9ae6a8295f612647|__AUTOMETRIC__
__AUTOMETRIC__|0.1.2|11032|crew_log_ceaf83e94b04c20e|0|1786387449.217|99.901|3.122|406458368|438452224|gen_data_9ae6a8295f612647|__AUTOMETRIC__
__AUTOMETRIC__|0.1.2|11032|crew_log_ceaf83e94b04c20e|0|1786387450.231|98.590|3.081|406405120|438398976|gen_data_9ae6a8295f612647|__AUTOMETRIC__
__AUTOMETRIC__|0.1.2|11032|crew_log_ceaf83e94b04c20e|0|1786387451.246|100.109|3.128|406425600|438419456|gen_data_9ae6a8295f612647|__AUTOMETRIC__
__AUTOMETRIC__|0.1.2|11032|crew_log_ceaf83e94b04c20e|0|1786387452.259|98.669|3.083|406396928|438390784|gen_data_9ae6a8295f612647|__AUTOMETRIC__
__AUTOMETRIC__|0.1.2|11032|crew_log_ceaf83e94b04c20e|0|1786387453.267|97.683|3.053|406470656|438464512|gen_data_9ae6a8295f612647|__AUTOMETRIC__
__AUTOMETRIC__|0.1.2|11032|crew_log_ceaf83e94b04c20e|0|1786387454.269|99.827|3.120|406466560|438464512|gen_data_9ae6a8295f612647|__AUTOMETRIC__
__AUTOMETRIC__|0.1.2|11032|crew_log_ceaf83e94b04c20e|0|1786387455.273|98.015|3.063|406532096|438525952|gen_data_9ae6a8295f612647|__AUTOMETRIC__
__AUTOMETRIC__|0.1.2|11032|crew_log_ceaf83e94b04c20e|0|1786387456.282|100.640|3.145|406532096|438525952|gen_data_9ae6a8295f612647|__AUTOMETRIC__
__AUTOMETRIC__|0.1.2|11032|crew_log_ceaf83e94b04c20e|0|1786387457.295|100.264|3.133|406642688|438636544|gen_data_9ae6a8295f612647|__AUTOMETRIC__
__AUTOMETRIC__|0.1.2|11032|crew_log_ceaf83e94b04c20e|0|1786387458.306|100.504|3.141|406614016|438607872|gen_data_9ae6a8295f612647|__AUTOMETRIC__
__AUTOMETRIC__|0.1.2|11032|crew_log_ceaf83e94b04c20e|0|1786387459.321|96.964|3.030|483172352|515362816|gen_data_9ae6a8295f612647|__AUTOMETRIC__
__AUTOMETRIC__|0.1.2|11032|crew_log_ceaf83e94b04c20e|0|1786387460.336|100.075|3.127|491872256|524083200|gen_data_9ae6a8295f612647|__AUTOMETRIC__
__AUTOMETRIC__|0.1.2|11032|crew_log_ceaf83e94b04c20e|0|1786387461.337|99.858|3.121|491593728|523804672|gen_data_9ae6a8295f612647|__AUTOMETRIC__
__AUTOMETRIC__|0.1.2|11032|crew_log_ceaf83e94b04c20e|0|1786387462.343|99.438|3.107|491970560|524181504|gen_data_9ae6a8295f612647|__AUTOMETRIC__
__AUTOMETRIC__|0.1.2|11032|crew_log_ceaf83e94b04c20e|0|1786387463.358|98.464|3.077|492265472|524480512|gen_data_9ae6a8295f612647|__AUTOMETRIC__
__AUTOMETRIC__|0.1.2|11032|crew_log_ceaf83e94b04c20e|0|1786387464.366|97.681|3.053|491732992|523948032|gen_data_9ae6a8295f612647|__AUTOMETRIC__
__AUTOMETRIC__|0.1.2|11032|crew_log_ceaf83e94b04c20e|0|1786387465.369|99.764|3.118|491950080|524165120|gen_data_9ae6a8295f612647|__AUTOMETRIC__
__AUTOMETRIC__|0.1.2|11032|crew_log_ceaf83e94b04c20e|0|1786387466.372|101.179|3.162|492183552|524398592|gen_data_9ae6a8295f612647|__AUTOMETRIC__
__AUTOMETRIC__|0.1.2|11032|crew_log_ceaf83e94b04c20e|0|1786387467.385|100.341|3.136|492261376|524476416|gen_data_9ae6a8295f612647|__AUTOMETRIC__
__AUTOMETRIC__|0.1.2|11032|crew_log_ceaf83e94b04c20e|0|1786387468.401|26.143|0.817|492486656|524546048|__DEFAULT__|__AUTOMETRIC__
__AUTOMETRIC__|0.1.2|11032|crew_log_ceaf83e94b04c20e|0|1786387469.408|0.000|0.000|492494848|524554240|__DEFAULT__|__AUTOMETRIC__
__AUTOMETRIC__|0.1.2|11032|crew_log_ceaf83e94b04c20e|0|1786387470.424|0.000|0.000|491843584|523902976|__DEFAULT__|__AUTOMETRIC__
__AUTOMETRIC__|0.1.2|11032|crew_log_ceaf83e94b04c20e|0|1786387471.437|0.000|0.000|491851776|523911168|__DEFAULT__|__AUTOMETRIC__
__AUTOMETRIC__|0.1.2|11032|crew_log_ceaf83e94b04c20e|0|1786387472.440|0.000|0.000|491843584|523902976|__DEFAULT__|__AUTOMETRIC__
__AUTOMETRIC__|0.1.2|11032|crew_log_ceaf83e94b04c20e|0|1786387473.444|0.000|0.000|491843584|523902976|__DEFAULT__|__AUTOMETRIC__
__AUTOMETRIC__|0.1.2|11032|crew_log_ceaf83e94b04c20e|0|1786387474.447|0.000|0.000|491843584|523902976|__DEFAULT__|__AUTOMETRIC__
__AUTOMETRIC__|0.1.2|11032|crew_log_ceaf83e94b04c20e|0|1786387475.458|0.000|0.000|491843584|523902976|__DEFAULT__|__AUTOMETRIC__
__AUTOMETRIC__|0.1.2|11032|crew_log_ceaf83e94b04c20e|0|1786387476.459|0.000|0.000|491843584|523902976|__DEFAULT__|__AUTOMETRIC__
__AUTOMETRIC__|0.1.2|11032|crew_log_ceaf83e94b04c20e|0|1786387477.463|0.000|0.000|491843584|523902976|__DEFAULT__|__AUTOMETRIC__
__AUTOMETRIC__|0.1.2|11032|crew_log_ceaf83e94b04c20e|0|1786387478.468|108.798|3.400|705884160|730112000|compiled_brms_models_78fb001775c81497|__AUTOMETRIC__
__AUTOMETRIC__|0.1.2|11032|crew_log_ceaf83e94b04c20e|0|1786387522.825|23.436|0.732|694218752|713150464|compiled_brms_models_78fb001775c81497|__AUTOMETRIC__
__AUTOMETRIC__|0.1.2|11032|crew_log_ceaf83e94b04c20e|0|1786387523.831|23.307|0.728|688799744|707166208|compiled_brms_models_78fb001775c81497|__AUTOMETRIC__
__AUTOMETRIC__|0.1.2|11032|crew_log_ceaf83e94b04c20e|0|1786387524.843|98.845|3.089|897900544|916893696|compiled_brms_models_d7e2368899f33a9c|__AUTOMETRIC__
__AUTOMETRIC__|0.1.2|11032|crew_log_ceaf83e94b04c20e|0|1786387565.205|4.618|0.144|854491136|872337408|compiled_brms_models_d7e2368899f33a9c|__AUTOMETRIC__
__AUTOMETRIC__|0.1.2|11032|crew_log_ceaf83e94b04c20e|0|1786387566.212|49.690|1.553|881295360|898723840|compiled_brms_models_d7e2368899f33a9c|__AUTOMETRIC__
__AUTOMETRIC__|0.1.2|11032|crew_log_ceaf83e94b04c20e|0|1786387607.555|4.682|0.146|879534080|897122304|compiled_brms_models_991d15c4b9d608b1|__AUTOMETRIC__
__AUTOMETRIC__|0.1.2|11032|crew_log_ceaf83e94b04c20e|0|1786387608.569|61.612|1.925|886624256|904441856|compiled_brms_models_991d15c4b9d608b1|__AUTOMETRIC__
__AUTOMETRIC__|0.1.2|11032|crew_log_ceaf83e94b04c20e|0|1786387649.962|4.685|0.146|841224192|859389952|compiled_brms_models_8b08238992415bfd|__AUTOMETRIC__
__AUTOMETRIC__|0.1.2|11032|crew_log_ceaf83e94b04c20e|0|1786387650.973|50.998|1.594|850427904|868970496|compiled_brms_models_8b08238992415bfd|__AUTOMETRIC__
__AUTOMETRIC__|0.1.2|11032|crew_log_ceaf83e94b04c20e|0|1786387692.261|3.121|0.098|875110400|892387328|compiled_brms_models_2af8ae0ed7b456d6|__AUTOMETRIC__
__AUTOMETRIC__|0.1.2|11032|crew_log_ceaf83e94b04c20e|0|1786387693.275|35.442|1.108|877150208|894259200|compiled_brms_models_2af8ae0ed7b456d6|__AUTOMETRIC__
__AUTOMETRIC__|0.1.2|11032|crew_log_ceaf83e94b04c20e|0|1786387694.284|96.005|3.000|887324672|904380416|compiled_brms_models_b60e0fc39f794cbe|__AUTOMETRIC__
__AUTOMETRIC__|0.1.2|11032|crew_log_ceaf83e94b04c20e|0|1786387734.605|3.089|0.097|837734400|855863296|compiled_brms_models_b60e0fc39f794cbe|__AUTOMETRIC__
__AUTOMETRIC__|0.1.2|11032|crew_log_ceaf83e94b04c20e|0|1786387735.615|7.739|0.242|838598656|857202688|compiled_brms_models_b60e0fc39f794cbe|__AUTOMETRIC__
__AUTOMETRIC__|0.1.2|11032|crew_log_ceaf83e94b04c20e|0|1786387736.618|85.615|2.675|898129920|915398656|__DEFAULT__|__AUTOMETRIC__
__AUTOMETRIC__|0.1.2|11032|crew_log_ceaf83e94b04c20e|0|1786387737.632|0.000|0.000|898138112|915406848|__DEFAULT__|__AUTOMETRIC__
__AUTOMETRIC__|0.1.2|11032|crew_log_ceaf83e94b04c20e|0|1786387738.643|0.000|0.000|897396736|914538496|__DEFAULT__|__AUTOMETRIC__
__AUTOMETRIC__|0.1.2|11032|crew_log_ceaf83e94b04c20e|0|1786387739.645|0.000|0.000|897404928|914546688|__DEFAULT__|__AUTOMETRIC__
__AUTOMETRIC__|0.1.2|11032|crew_log_ceaf83e94b04c20e|0|1786387740.660|0.000|0.000|897404928|914546688|__DEFAULT__|__AUTOMETRIC__
__AUTOMETRIC__|0.1.2|11032|crew_log_ceaf83e94b04c20e|0|1786387741.660|0.000|0.000|897413120|914554880|__DEFAULT__|__AUTOMETRIC__
__AUTOMETRIC__|0.1.2|11032|crew_log_ceaf83e94b04c20e|0|1786387742.665|0.000|0.000|897421312|914563072|__DEFAULT__|__AUTOMETRIC__
__AUTOMETRIC__|0.1.2|11032|crew_log_ceaf83e94b04c20e|0|1786387743.681|0.000|0.000|897421312|914563072|__DEFAULT__|__AUTOMETRIC__
__AUTOMETRIC__|0.1.2|11032|crew_log_ceaf83e94b04c20e|0|1786387744.691|0.000|0.000|897421312|914563072|__DEFAULT__|__AUTOMETRIC__
__AUTOMETRIC__|0.1.2|11032|crew_log_ceaf83e94b04c20e|0|1786387745.701|0.000|0.000|897421312|914563072|__DEFAULT__|__AUTOMETRIC__
__AUTOMETRIC__|0.1.2|11032|crew_log_ceaf83e94b04c20e|0|1786387746.713|0.000|0.000|897429504|914571264|__DEFAULT__|__AUTOMETRIC__
__AUTOMETRIC__|0.1.2|11032|crew_log_ceaf83e94b04c20e|0|1786387747.725|0.000|0.000|897437696|914579456|__DEFAULT__|__AUTOMETRIC__
__AUTOMETRIC__|0.1.2|11032|crew_log_ceaf83e94b04c20e|0|1786387748.739|0.000|0.000|897437696|914579456|__DEFAULT__|__AUTOMETRIC__
__AUTOMETRIC__|0.1.2|11032|crew_log_ceaf83e94b04c20e|0|1786387749.754|0.000|0.000|897445888|914587648|__DEFAULT__|__AUTOMETRIC__
__AUTOMETRIC__|0.1.2|11032|crew_log_ceaf83e94b04c20e|0|1786387750.765|0.000|0.000|897445888|914587648|__DEFAULT__|__AUTOMETRIC__
__AUTOMETRIC__|0.1.2|11032|crew_log_ceaf83e94b04c20e|0|1786387751.779|0.000|0.000|897445888|914587648|__DEFAULT__|__AUTOMETRIC__
__AUTOMETRIC__|0.1.2|11032|crew_log_ceaf83e94b04c20e|0|1786387752.783|0.000|0.000|897445888|914587648|__DEFAULT__|__AUTOMETRIC__
__AUTOMETRIC__|0.1.2|11032|crew_log_ceaf83e94b04c20e|0|1786387753.795|0.000|0.000|897445888|914587648|__DEFAULT__|__AUTOMETRIC__
__AUTOMETRIC__|0.1.2|11032|crew_log_ceaf83e94b04c20e|0|1786387754.803|0.000|0.000|897445888|914587648|__DEFAULT__|__AUTOMETRIC__
__AUTOMETRIC__|0.1.2|11032|crew_log_ceaf83e94b04c20e|0|1786387755.805|0.000|0.000|897445888|914587648|__DEFAULT__|__AUTOMETRIC__
__AUTOMETRIC__|0.1.2|11032|crew_log_ceaf83e94b04c20e|0|1786387756.807|0.000|0.000|897445888|914587648|__DEFAULT__|__AUTOMETRIC__
__AUTOMETRIC__|0.1.2|11032|crew_log_ceaf83e94b04c20e|0|1786387757.814|0.000|0.000|897445888|914587648|__DEFAULT__|__AUTOMETRIC__
__AUTOMETRIC__|0.1.2|11032|crew_log_ceaf83e94b04c20e|0|1786387758.828|0.000|0.000|897445888|914587648|__DEFAULT__|__AUTOMETRIC__
__AUTOMETRIC__|0.1.2|11032|crew_log_ceaf83e94b04c20e|0|1786387759.843|0.000|0.000|897445888|914587648|__DEFAULT__|__AUTOMETRIC__
__AUTOMETRIC__|0.1.2|11032|crew_log_ceaf83e94b04c20e|0|1786387760.858|0.000|0.000|897445888|914587648|__DEFAULT__|__AUTOMETRIC__
__AUTOMETRIC__|0.1.2|11032|crew_log_ceaf83e94b04c20e|0|1786387761.863|0.000|0.000|897445888|914587648|__DEFAULT__|__AUTOMETRIC__
__AUTOMETRIC__|0.1.2|11032|crew_log_ceaf83e94b04c20e|0|1786387762.864|0.000|0.000|897445888|914587648|__DEFAULT__|__AUTOMETRIC__
__AUTOMETRIC__|0.1.2|11032|crew_log_ceaf83e94b04c20e|0|1786387763.878|0.000|0.000|897445888|914587648|__DEFAULT__|__AUTOMETRIC__
__AUTOMETRIC__|0.1.2|11032|crew_log_ceaf83e94b04c20e|0|1786387764.889|0.000|0.000|897445888|914587648|__DEFAULT__|__AUTOMETRIC__
__AUTOMETRIC__|0.1.2|11032|crew_log_ceaf83e94b04c20e|0|1786387765.903|0.000|0.000|897445888|914587648|__DEFAULT__|__AUTOMETRIC__
__AUTOMETRIC__|0.1.2|11032|crew_log_ceaf83e94b04c20e|0|1786387766.909|0.000|0.000|897396736|914538496|__DEFAULT__|__AUTOMETRIC__
__AUTOMETRIC__|0.1.2|11032|crew_log_ceaf83e94b04c20e|0|1786387767.914|0.000|0.000|897396736|914538496|__DEFAULT__|__AUTOMETRIC__
__AUTOMETRIC__|0.1.2|11032|crew_log_ceaf83e94b04c20e|0|1786387768.927|0.000|0.000|897396736|914538496|__DEFAULT__|__AUTOMETRIC__
__AUTOMETRIC__|0.1.2|11032|crew_log_ceaf83e94b04c20e|0|1786387769.938|1.546|0.048|897404928|914546688|__DEFAULT__|__AUTOMETRIC__
__AUTOMETRIC__|0.1.2|11032|crew_log_ceaf83e94b04c20e|0|1786387770.949|0.000|0.000|897404928|914546688|__DEFAULT__|__AUTOMETRIC__
__AUTOMETRIC__|0.1.2|11032|crew_log_ceaf83e94b04c20e|0|1786387771.956|0.000|0.000|897413120|914554880|__DEFAULT__|__AUTOMETRIC__
__AUTOMETRIC__|0.1.2|11032|crew_log_ceaf83e94b04c20e|0|1786387772.964|0.000|0.000|897421312|914563072|__DEFAULT__|__AUTOMETRIC__
__AUTOMETRIC__|0.1.2|11032|crew_log_ceaf83e94b04c20e|0|1786387773.967|0.000|0.000|897421312|914563072|__DEFAULT__|__AUTOMETRIC__
__AUTOMETRIC__|0.1.2|11032|crew_log_ceaf83e94b04c20e|0|1786387774.974|0.000|0.000|897429504|914571264|__DEFAULT__|__AUTOMETRIC__
__AUTOMETRIC__|0.1.2|11032|crew_log_ceaf83e94b04c20e|0|1786387775.975|1.561|0.049|897437696|914579456|__DEFAULT__|__AUTOMETRIC__
__AUTOMETRIC__|0.1.2|11032|crew_log_ceaf83e94b04c20e|0|1786387776.988|29.305|0.916|1001910272|1019416576|sim_data_aaf7239b1c98d314|__AUTOMETRIC__
__AUTOMETRIC__|0.1.2|11032|crew_log_ceaf83e94b04c20e|0|1786387777.989|98.334|3.073|1134788608|1155235840|sim_data_aaf7239b1c98d314|__AUTOMETRIC__
__AUTOMETRIC__|0.1.2|11032|crew_log_ceaf83e94b04c20e|0|1786387778.999|102.159|3.192|1453584384|1475497984|sim_data_aaf7239b1c98d314|__AUTOMETRIC__
__AUTOMETRIC__|0.1.2|11032|crew_log_ceaf83e94b04c20e|0|1786387780.006|99.262|3.102|1849278464|1872134144|sim_data_aaf7239b1c98d314|__AUTOMETRIC__
__AUTOMETRIC__|0.1.2|11032|crew_log_ceaf83e94b04c20e|0|1786387781.021|100.099|3.128|2115379200|2139111424|sim_data_aaf7239b1c98d314|__AUTOMETRIC__
__AUTOMETRIC__|0.1.2|11032|crew_log_ceaf83e94b04c20e|0|1786387782.028|100.896|3.153|2419961856|2444791808|sim_data_aaf7239b1c98d314|__AUTOMETRIC__
__AUTOMETRIC__|0.1.2|11032|crew_log_ceaf83e94b04c20e|0|1786387783.031|99.639|3.114|2940592128|2966564864|sim_data_aaf7239b1c98d314|__AUTOMETRIC__
__AUTOMETRIC__|0.1.2|11032|crew_log_ceaf83e94b04c20e|0|1786387784.032|99.880|3.121|3053002752|3078819840|sim_data_aaf7239b1c98d314|__AUTOMETRIC__
__AUTOMETRIC__|0.1.2|11032|crew_log_ceaf83e94b04c20e|0|1786387785.045|100.311|3.135|3568467968|3595845632|sim_data_aaf7239b1c98d314|__AUTOMETRIC__
__AUTOMETRIC__|0.1.2|11032|crew_log_ceaf83e94b04c20e|0|1786387786.046|99.856|3.121|3622510592|3649847296|sim_data_aaf7239b1c98d314|__AUTOMETRIC__
__AUTOMETRIC__|0.1.2|11032|crew_log_ceaf83e94b04c20e|0|1786387787.054|89.900|2.809|4069879808|4097855488|sim_data_aaf7239b1c98d314|__AUTOMETRIC__
__AUTOMETRIC__|0.1.2|11032|crew_log_ceaf83e94b04c20e|0|1786387788.059|99.581|3.112|4069888000|4097863680|sim_data_aaf7239b1c98d314|__AUTOMETRIC__
__AUTOMETRIC__|0.1.2|11032|crew_log_ceaf83e94b04c20e|0|1786387789.061|98.206|3.069|94498816|121556992|sim_data_aaf7239b1c98d314|__AUTOMETRIC__
__AUTOMETRIC__|0.1.2|11032|crew_log_ceaf83e94b04c20e|0|1786387790.074|101.764|3.180|496668672|525758464|sim_data_aaf7239b1c98d314|__AUTOMETRIC__
__AUTOMETRIC__|0.1.2|11032|crew_log_ceaf83e94b04c20e|0|1786387791.087|95.685|2.990|621027328|649560064|sim_data_aaf7239b1c98d314|__AUTOMETRIC__
__AUTOMETRIC__|0.1.2|11032|crew_log_ceaf83e94b04c20e|0|1786387792.098|98.912|3.091|616738816|645136384|sim_data_aaf7239b1c98d314|__AUTOMETRIC__
__AUTOMETRIC__|0.1.2|11032|crew_log_ceaf83e94b04c20e|0|1786387793.099|99.922|3.123|616316928|644587520|sim_data_aaf7239b1c98d314|__AUTOMETRIC__
__AUTOMETRIC__|0.1.2|11032|crew_log_ceaf83e94b04c20e|0|1786387794.114|103.079|3.221|619708416|647938048|sim_data_aaf7239b1c98d314|__AUTOMETRIC__
__AUTOMETRIC__|0.1.2|11032|crew_log_ceaf83e94b04c20e|0|1786387795.115|99.946|3.123|619380736|647602176|sim_data_aaf7239b1c98d314|__AUTOMETRIC__
__AUTOMETRIC__|0.1.2|11032|crew_log_ceaf83e94b04c20e|0|1786387796.118|102.813|3.213|619409408|647847936|sim_data_aaf7239b1c98d314|__AUTOMETRIC__
__AUTOMETRIC__|0.1.2|11032|crew_log_ceaf83e94b04c20e|0|1786387797.120|98.265|3.071|622456832|650911744|sim_data_aaf7239b1c98d314|__AUTOMETRIC__
__AUTOMETRIC__|0.1.2|11032|crew_log_ceaf83e94b04c20e|0|1786387798.131|98.834|3.089|622370816|650817536|sim_data_aaf7239b1c98d314|__AUTOMETRIC__
__AUTOMETRIC__|0.1.2|11032|crew_log_ceaf83e94b04c20e|0|1786387799.145|100.200|3.131|622366720|650813440|sim_data_aaf7239b1c98d314|__AUTOMETRIC__
__AUTOMETRIC__|0.1.2|11032|crew_log_ceaf83e94b04c20e|0|1786387800.146|101.471|3.171|622366720|650813440|sim_data_aaf7239b1c98d314|__AUTOMETRIC__
__AUTOMETRIC__|0.1.2|11032|crew_log_ceaf83e94b04c20e|0|1786387801.157|102.016|3.188|625111040|653565952|sim_data_aaf7239b1c98d314|__AUTOMETRIC__
__AUTOMETRIC__|0.1.2|11032|crew_log_ceaf83e94b04c20e|0|1786387802.159|99.757|3.117|625242112|653697024|sim_data_aaf7239b1c98d314|__AUTOMETRIC__
__AUTOMETRIC__|0.1.2|11032|crew_log_ceaf83e94b04c20e|0|1786387803.174|96.954|3.030|625238016|653697024|sim_data_aaf7239b1c98d314|__AUTOMETRIC__
__AUTOMETRIC__|0.1.2|11032|crew_log_ceaf83e94b04c20e|0|1786387804.187|98.755|3.086|775868416|804503552|sim_data_aaf7239b1c98d314|__AUTOMETRIC__
__AUTOMETRIC__|0.1.2|11032|crew_log_ceaf83e94b04c20e|0|1786387805.204|102.988|3.218|1069379584|1098280960|sim_data_aaf7239b1c98d314|__AUTOMETRIC__
__AUTOMETRIC__|0.1.2|11032|crew_log_ceaf83e94b04c20e|0|1786387806.217|101.716|3.179|513073152|542515200|sim_data_aaf7239b1c98d314|__AUTOMETRIC__
__AUTOMETRIC__|0.1.2|11032|crew_log_ceaf83e94b04c20e|0|1786387807.230|97.214|3.038|523837440|551989248|sim_data_aaf7239b1c98d314|__AUTOMETRIC__
__AUTOMETRIC__|0.1.2|11032|crew_log_ceaf83e94b04c20e|0|1786387808.240|100.506|3.141|524148736|552300544|sim_data_aaf7239b1c98d314|__AUTOMETRIC__
__AUTOMETRIC__|0.1.2|11032|crew_log_ceaf83e94b04c20e|0|1786387809.253|98.718|3.085|521846784|549728256|sim_data_aaf7239b1c98d314|__AUTOMETRIC__
__AUTOMETRIC__|0.1.2|11032|crew_log_ceaf83e94b04c20e|0|1786387810.257|99.666|3.115|524845056|552677376|sim_data_aaf7239b1c98d314|__AUTOMETRIC__
__AUTOMETRIC__|0.1.2|11032|crew_log_ceaf83e94b04c20e|0|1786387811.271|98.633|3.082|524668928|552493056|sim_data_aaf7239b1c98d314|__AUTOMETRIC__
__AUTOMETRIC__|0.1.2|11032|crew_log_ceaf83e94b04c20e|0|1786387812.273|102.886|3.215|524681216|552505344|sim_data_aaf7239b1c98d314|__AUTOMETRIC__
__AUTOMETRIC__|0.1.2|11032|crew_log_ceaf83e94b04c20e|0|1786387813.288|100.066|3.127|527470592|555520000|sim_data_aaf7239b1c98d314|__AUTOMETRIC__
__AUTOMETRIC__|0.1.2|11032|crew_log_ceaf83e94b04c20e|0|1786387814.298|99.035|3.095|527491072|555315200|sim_data_aaf7239b1c98d314|__AUTOMETRIC__
__AUTOMETRIC__|0.1.2|11032|crew_log_ceaf83e94b04c20e|0|1786387815.304|100.889|3.153|527499264|555323392|sim_data_aaf7239b1c98d314|__AUTOMETRIC__
__AUTOMETRIC__|0.1.2|11032|crew_log_ceaf83e94b04c20e|0|1786387816.305|99.923|3.123|530014208|557838336|sim_data_aaf7239b1c98d314|__AUTOMETRIC__
__AUTOMETRIC__|0.1.2|11032|crew_log_ceaf83e94b04c20e|0|1786387817.318|98.751|3.086|530157568|557981696|sim_data_aaf7239b1c98d314|__AUTOMETRIC__
__AUTOMETRIC__|0.1.2|11032|crew_log_ceaf83e94b04c20e|0|1786387818.332|100.164|3.130|530280448|558104576|sim_data_aaf7239b1c98d314|__AUTOMETRIC__
__AUTOMETRIC__|0.1.2|11032|crew_log_ceaf83e94b04c20e|0|1786387819.332|101.525|3.173|939937792|968175616|sim_data_aaf7239b1c98d314|__AUTOMETRIC__
__AUTOMETRIC__|0.1.2|11032|crew_log_ceaf83e94b04c20e|0|1786387820.335|101.295|3.165|1034805248|1063145472|sim_data_aaf7239b1c98d314|__AUTOMETRIC__
__AUTOMETRIC__|0.1.2|11032|crew_log_ceaf83e94b04c20e|0|1786387821.337|101.292|3.165|478371840|506597376|sim_data_aaf7239b1c98d314|__AUTOMETRIC__
__AUTOMETRIC__|0.1.2|11032|crew_log_ceaf83e94b04c20e|0|1786387822.349|95.773|2.993|473067520|500416512|sim_data_aaf7239b1c98d314|__AUTOMETRIC__
__AUTOMETRIC__|0.1.2|11032|crew_log_ceaf83e94b04c20e|0|1786387823.353|101.173|3.162|470233088|497299456|sim_data_aaf7239b1c98d314|__AUTOMETRIC__
__AUTOMETRIC__|0.1.2|11032|crew_log_ceaf83e94b04c20e|0|1786387824.358|97.971|3.062|470249472|497315840|sim_data_aaf7239b1c98d314|__AUTOMETRIC__
__AUTOMETRIC__|0.1.2|11032|crew_log_ceaf83e94b04c20e|0|1786387825.365|99.294|3.103|473178112|500191232|sim_data_aaf7239b1c98d314|__AUTOMETRIC__
__AUTOMETRIC__|0.1.2|11032|crew_log_ceaf83e94b04c20e|0|1786387826.374|97.482|3.046|473124864|500129792|sim_data_aaf7239b1c98d314|__AUTOMETRIC__
__AUTOMETRIC__|0.1.2|11032|crew_log_ceaf83e94b04c20e|0|1786387827.376|99.858|3.121|473124864|500129792|sim_data_aaf7239b1c98d314|__AUTOMETRIC__
__AUTOMETRIC__|0.1.2|11032|crew_log_ceaf83e94b04c20e|0|1786387828.380|99.612|3.113|476073984|503087104|sim_data_aaf7239b1c98d314|__AUTOMETRIC__
__AUTOMETRIC__|0.1.2|11032|crew_log_ceaf83e94b04c20e|0|1786387829.386|100.943|3.154|475975680|502980608|sim_data_aaf7239b1c98d314|__AUTOMETRIC__
__AUTOMETRIC__|0.1.2|11032|crew_log_ceaf83e94b04c20e|0|1786387830.393|99.340|3.104|475992064|502996992|sim_data_aaf7239b1c98d314|__AUTOMETRIC__
__AUTOMETRIC__|0.1.2|11032|crew_log_ceaf83e94b04c20e|0|1786387831.396|101.238|3.164|478826496|505839616|sim_data_aaf7239b1c98d314|__AUTOMETRIC__
__AUTOMETRIC__|0.1.2|11032|crew_log_ceaf83e94b04c20e|0|1786387832.399|99.650|3.114|478724096|505729024|sim_data_aaf7239b1c98d314|__AUTOMETRIC__
__AUTOMETRIC__|0.1.2|11032|crew_log_ceaf83e94b04c20e|0|1786387833.404|99.512|3.110|478736384|505741312|sim_data_aaf7239b1c98d314|__AUTOMETRIC__
__AUTOMETRIC__|0.1.2|11032|crew_log_ceaf83e94b04c20e|0|1786387834.407|99.710|3.116|736727040|763908096|sim_data_aaf7239b1c98d314|__AUTOMETRIC__
__AUTOMETRIC__|0.1.2|11032|crew_log_ceaf83e94b04c20e|0|1786387835.421|103.200|3.225|833212416|860459008|sim_data_aaf7239b1c98d314|__AUTOMETRIC__
__AUTOMETRIC__|0.1.2|11032|crew_log_ceaf83e94b04c20e|0|1786387836.425|99.619|3.113|779509760|806776832|sim_data_aaf7239b1c98d314|__AUTOMETRIC__
__AUTOMETRIC__|0.1.2|11032|crew_log_ceaf83e94b04c20e|0|1786387837.440|98.515|3.079|487153664|513306624|sim_data_aaf7239b1c98d314|__AUTOMETRIC__
__AUTOMETRIC__|0.1.2|11032|crew_log_ceaf83e94b04c20e|0|1786387838.442|99.800|3.119|487567360|513720320|sim_data_aaf7239b1c98d314|__AUTOMETRIC__
__AUTOMETRIC__|0.1.2|11032|crew_log_ceaf83e94b04c20e|0|1786387839.445|101.335|3.167|482816000|508846080|sim_data_aaf7239b1c98d314|__AUTOMETRIC__
__AUTOMETRIC__|0.1.2|11032|crew_log_ceaf83e94b04c20e|0|1786387840.457|98.784|3.087|485797888|511774720|sim_data_aaf7239b1c98d314|__AUTOMETRIC__
__AUTOMETRIC__|0.1.2|11032|crew_log_ceaf83e94b04c20e|0|1786387841.458|99.898|3.122|485642240|511610880|sim_data_aaf7239b1c98d314|__AUTOMETRIC__
__AUTOMETRIC__|0.1.2|11032|crew_log_ceaf83e94b04c20e|0|1786387842.472|103.235|3.226|485629952|511598592|sim_data_aaf7239b1c98d314|__AUTOMETRIC__
__AUTOMETRIC__|0.1.2|11032|crew_log_ceaf83e94b04c20e|0|1786387843.474|99.814|3.119|488415232|514383872|sim_data_aaf7239b1c98d314|__AUTOMETRIC__
__AUTOMETRIC__|0.1.2|11032|crew_log_ceaf83e94b04c20e|0|1786387844.480|100.907|3.153|488427520|514396160|sim_data_aaf7239b1c98d314|__AUTOMETRIC__
__AUTOMETRIC__|0.1.2|11032|crew_log_ceaf83e94b04c20e|0|1786387845.487|99.303|3.103|488431616|514535424|sim_data_aaf7239b1c98d314|__AUTOMETRIC__
__AUTOMETRIC__|0.1.2|11032|crew_log_ceaf83e94b04c20e|0|1786387846.488|98.381|3.074|491282432|517251072|sim_data_aaf7239b1c98d314|__AUTOMETRIC__
__AUTOMETRIC__|0.1.2|11032|crew_log_ceaf83e94b04c20e|0|1786387847.490|99.808|3.119|491290624|517259264|sim_data_aaf7239b1c98d314|__AUTOMETRIC__
__AUTOMETRIC__|0.1.2|11032|crew_log_ceaf83e94b04c20e|0|1786387848.492|99.814|3.119|594280448|620400640|sim_data_aaf7239b1c98d314|__AUTOMETRIC__
__AUTOMETRIC__|0.1.2|11032|crew_log_ceaf83e94b04c20e|0|1786387849.492|99.995|3.125|754458624|780595200|sim_data_aaf7239b1c98d314|__AUTOMETRIC__
__AUTOMETRIC__|0.1.2|11032|crew_log_ceaf83e94b04c20e|0|1786387850.499|99.273|3.102|932253696|958373888|sim_data_aaf7239b1c98d314|__AUTOMETRIC__
__AUTOMETRIC__|0.1.2|11032|crew_log_ceaf83e94b04c20e|0|1786387851.512|100.306|3.135|625385472|650964992|sim_data_aaf7239b1c98d314|__AUTOMETRIC__
__AUTOMETRIC__|0.1.2|11032|crew_log_ceaf83e94b04c20e|0|1786387852.520|99.136|3.098|618885120|644247552|sim_data_aaf7239b1c98d314|__AUTOMETRIC__
__AUTOMETRIC__|0.1.2|11032|crew_log_ceaf83e94b04c20e|0|1786387853.522|102.959|3.217|616439808|641552384|sim_data_aaf7239b1c98d314|__AUTOMETRIC__
__AUTOMETRIC__|0.1.2|11032|crew_log_ceaf83e94b04c20e|0|1786387854.526|99.612|3.113|619511808|644632576|sim_data_aaf7239b1c98d314|__AUTOMETRIC__
__AUTOMETRIC__|0.1.2|11032|crew_log_ceaf83e94b04c20e|0|1786387855.529|99.711|3.116|619266048|644317184|sim_data_aaf7239b1c98d314|__AUTOMETRIC__
__AUTOMETRIC__|0.1.2|11032|crew_log_ceaf83e94b04c20e|0|1786387856.530|99.843|3.120|619274240|644325376|sim_data_aaf7239b1c98d314|__AUTOMETRIC__
__AUTOMETRIC__|0.1.2|11032|crew_log_ceaf83e94b04c20e|0|1786387857.534|99.682|3.115|622247936|647372800|sim_data_aaf7239b1c98d314|__AUTOMETRIC__
__AUTOMETRIC__|0.1.2|11032|crew_log_ceaf83e94b04c20e|0|1786387858.539|101.028|3.157|622067712|647118848|sim_data_aaf7239b1c98d314|__AUTOMETRIC__
__AUTOMETRIC__|0.1.2|11032|crew_log_ceaf83e94b04c20e|0|1786387859.541|99.774|3.118|622071808|647122944|sim_data_aaf7239b1c98d314|__AUTOMETRIC__
__AUTOMETRIC__|0.1.2|11032|crew_log_ceaf83e94b04c20e|0|1786387860.553|100.334|3.135|625025024|650145792|sim_data_aaf7239b1c98d314|__AUTOMETRIC__
__AUTOMETRIC__|0.1.2|11032|crew_log_ceaf83e94b04c20e|0|1786387861.566|97.175|3.037|624951296|650002432|sim_data_aaf7239b1c98d314|__AUTOMETRIC__
__AUTOMETRIC__|0.1.2|11032|crew_log_ceaf83e94b04c20e|0|1786387862.577|100.506|3.141|624959488|650010624|sim_data_aaf7239b1c98d314|__AUTOMETRIC__
__AUTOMETRIC__|0.1.2|11032|crew_log_ceaf83e94b04c20e|0|1786387863.583|99.428|3.107|790487040|815554560|sim_data_aaf7239b1c98d314|__AUTOMETRIC__
__AUTOMETRIC__|0.1.2|11032|crew_log_ceaf83e94b04c20e|0|1786387864.596|101.740|3.179|666550272|691757056|sim_data_aaf7239b1c98d314|__AUTOMETRIC__
__AUTOMETRIC__|0.1.2|11032|crew_log_ceaf83e94b04c20e|0|1786387865.600|99.659|3.114|905523200|931258368|sim_data_aaf7239b1c98d314|__AUTOMETRIC__
__AUTOMETRIC__|0.1.2|11032|crew_log_ceaf83e94b04c20e|0|1786387866.614|97.046|3.033|669609984|694763520|sim_data_aaf7239b1c98d314|__AUTOMETRIC__
__AUTOMETRIC__|0.1.2|11032|crew_log_ceaf83e94b04c20e|0|1786387867.620|102.521|3.204|663576576|688349184|sim_data_aaf7239b1c98d314|__AUTOMETRIC__
__AUTOMETRIC__|0.1.2|11032|crew_log_ceaf83e94b04c20e|0|1786387868.629|99.102|3.097|662093824|686755840|sim_data_aaf7239b1c98d314|__AUTOMETRIC__
__AUTOMETRIC__|0.1.2|11032|crew_log_ceaf83e94b04c20e|0|1786387869.632|99.669|3.115|665128960|689745920|sim_data_aaf7239b1c98d314|__AUTOMETRIC__
__AUTOMETRIC__|0.1.2|11032|crew_log_ceaf83e94b04c20e|0|1786387870.646|100.169|3.130|664866816|689471488|sim_data_aaf7239b1c98d314|__AUTOMETRIC__
__AUTOMETRIC__|0.1.2|11032|crew_log_ceaf83e94b04c20e|0|1786387871.648|98.307|3.072|664989696|689594368|sim_data_aaf7239b1c98d314|__AUTOMETRIC__
__AUTOMETRIC__|0.1.2|11032|crew_log_ceaf83e94b04c20e|0|1786387872.649|99.898|3.122|665022464|689643520|sim_data_aaf7239b1c98d314|__AUTOMETRIC__
__AUTOMETRIC__|0.1.2|11032|crew_log_ceaf83e94b04c20e|0|1786387873.662|97.137|3.036|668037120|692670464|sim_data_aaf7239b1c98d314|__AUTOMETRIC__
__AUTOMETRIC__|0.1.2|11032|crew_log_ceaf83e94b04c20e|0|1786387874.666|101.136|3.161|667852800|692473856|sim_data_aaf7239b1c98d314|__AUTOMETRIC__
__AUTOMETRIC__|0.1.2|11032|crew_log_ceaf83e94b04c20e|0|1786387875.672|99.381|3.106|667860992|692482048|sim_data_aaf7239b1c98d314|__AUTOMETRIC__
__AUTOMETRIC__|0.1.2|11032|crew_log_ceaf83e94b04c20e|0|1786387876.683|100.519|3.141|670814208|695508992|sim_data_aaf7239b1c98d314|__AUTOMETRIC__
__AUTOMETRIC__|0.1.2|11032|crew_log_ceaf83e94b04c20e|0|1786387877.691|99.176|3.099|670646272|695267328|sim_data_aaf7239b1c98d314|__AUTOMETRIC__
__AUTOMETRIC__|0.1.2|11032|crew_log_ceaf83e94b04c20e|0|1786387878.697|100.976|3.155|670687232|695308288|sim_data_aaf7239b1c98d314|__AUTOMETRIC__
__AUTOMETRIC__|0.1.2|11032|crew_log_ceaf83e94b04c20e|0|1786387879.709|98.823|3.088|670642176|695263232|sim_data_aaf7239b1c98d314|__AUTOMETRIC__
__AUTOMETRIC__|0.1.2|11032|crew_log_ceaf83e94b04c20e|0|1786387880.714|99.497|3.109|1017151488|1042030592|sim_data_aaf7239b1c98d314|__AUTOMETRIC__
__AUTOMETRIC__|0.1.2|11032|crew_log_ceaf83e94b04c20e|0|1786387881.718|104.273|3.259|716996608|741601280|sim_data_aaf7239b1c98d314|__AUTOMETRIC__
__AUTOMETRIC__|0.1.2|11032|crew_log_ceaf83e94b04c20e|0|1786387882.730|98.816|3.088|363249664|387854336|sim_data_aaf7239b1c98d314|__AUTOMETRIC__
__AUTOMETRIC__|0.1.2|11032|crew_log_ceaf83e94b04c20e|0|1786387883.735|101.007|3.156|351993856|375664640|sim_data_aaf7239b1c98d314|__AUTOMETRIC__
__AUTOMETRIC__|0.1.2|11032|crew_log_ceaf83e94b04c20e|0|1786387884.737|101.413|3.169|351309824|374870016|sim_data_aaf7239b1c98d314|__AUTOMETRIC__
__AUTOMETRIC__|0.1.2|11032|crew_log_ceaf83e94b04c20e|0|1786387885.743|100.906|3.153|352878592|376516608|sim_data_aaf7239b1c98d314|__AUTOMETRIC__
__AUTOMETRIC__|0.1.2|11032|crew_log_ceaf83e94b04c20e|0|1786387886.744|99.937|3.123|352763904|376262656|sim_data_aaf7239b1c98d314|__AUTOMETRIC__
__AUTOMETRIC__|0.1.2|11032|crew_log_ceaf83e94b04c20e|0|1786387887.758|98.566|3.080|352776192|376274944|sim_data_aaf7239b1c98d314|__AUTOMETRIC__
__AUTOMETRIC__|0.1.2|11032|crew_log_ceaf83e94b04c20e|0|1786387888.772|100.190|3.131|355536896|379162624|sim_data_aaf7239b1c98d314|__AUTOMETRIC__
__AUTOMETRIC__|0.1.2|11032|crew_log_ceaf83e94b04c20e|0|1786387889.777|99.541|3.111|355536896|379162624|sim_data_aaf7239b1c98d314|__AUTOMETRIC__
__AUTOMETRIC__|0.1.2|11032|crew_log_ceaf83e94b04c20e|0|1786387890.781|99.529|3.110|355520512|379146240|sim_data_aaf7239b1c98d314|__AUTOMETRIC__
__AUTOMETRIC__|0.1.2|11032|crew_log_ceaf83e94b04c20e|0|1786387891.784|96.659|3.021|358543360|382181376|sim_data_aaf7239b1c98d314|__AUTOMETRIC__
__AUTOMETRIC__|0.1.2|11032|crew_log_ceaf83e94b04c20e|0|1786387892.788|101.126|3.160|358408192|381906944|sim_data_aaf7239b1c98d314|__AUTOMETRIC__
__AUTOMETRIC__|0.1.2|11032|crew_log_ceaf83e94b04c20e|0|1786387893.801|98.687|3.084|358408192|381906944|sim_data_aaf7239b1c98d314|__AUTOMETRIC__
__AUTOMETRIC__|0.1.2|11032|crew_log_ceaf83e94b04c20e|0|1786387894.804|102.831|3.213|710975488|734646272|sim_data_aaf7239b1c98d314|__AUTOMETRIC__
__AUTOMETRIC__|0.1.2|11032|crew_log_ceaf83e94b04c20e|0|1786387895.811|100.923|3.154|843653120|867528704|sim_data_aaf7239b1c98d314|__AUTOMETRIC__
__AUTOMETRIC__|0.1.2|11032|crew_log_ceaf83e94b04c20e|0|1786387896.823|103.406|3.231|718311424|742371328|sim_data_aaf7239b1c98d314|__AUTOMETRIC__
__AUTOMETRIC__|0.1.2|11032|crew_log_ceaf83e94b04c20e|0|1786387897.827|101.133|3.160|486309888|509194240|sim_data_aaf7239b1c98d314|__AUTOMETRIC__
__AUTOMETRIC__|0.1.2|11032|crew_log_ceaf83e94b04c20e|0|1786387898.832|99.510|3.110|486580224|509464576|sim_data_aaf7239b1c98d314|__AUTOMETRIC__
__AUTOMETRIC__|0.1.2|11032|crew_log_ceaf83e94b04c20e|0|1786387899.834|104.447|3.264|481443840|503902208|sim_data_aaf7239b1c98d314|__AUTOMETRIC__
__AUTOMETRIC__|0.1.2|11032|crew_log_ceaf83e94b04c20e|0|1786387900.836|98.281|3.071|483463168|505872384|sim_data_aaf7239b1c98d314|__AUTOMETRIC__
__AUTOMETRIC__|0.1.2|11032|crew_log_ceaf83e94b04c20e|0|1786387901.838|99.817|3.119|483315712|505712640|sim_data_aaf7239b1c98d314|__AUTOMETRIC__
__AUTOMETRIC__|0.1.2|11032|crew_log_ceaf83e94b04c20e|0|1786387902.842|99.633|3.114|483332096|505819136|sim_data_aaf7239b1c98d314|__AUTOMETRIC__
__AUTOMETRIC__|0.1.2|11032|crew_log_ceaf83e94b04c20e|0|1786387903.851|100.637|3.145|485994496|508391424|sim_data_aaf7239b1c98d314|__AUTOMETRIC__
__AUTOMETRIC__|0.1.2|11032|crew_log_ceaf83e94b04c20e|0|1786387904.851|99.986|3.125|486072320|508469248|sim_data_aaf7239b1c98d314|__AUTOMETRIC__
__AUTOMETRIC__|0.1.2|11032|crew_log_ceaf83e94b04c20e|0|1786387905.851|99.941|3.123|486113280|508600320|sim_data_aaf7239b1c98d314|__AUTOMETRIC__
__AUTOMETRIC__|0.1.2|11032|crew_log_ceaf83e94b04c20e|0|1786387906.855|98.122|3.066|488681472|511078400|sim_data_aaf7239b1c98d314|__AUTOMETRIC__
__AUTOMETRIC__|0.1.2|11032|crew_log_ceaf83e94b04c20e|0|1786387907.869|100.126|3.129|488927232|511324160|sim_data_aaf7239b1c98d314|__AUTOMETRIC__
__AUTOMETRIC__|0.1.2|11032|crew_log_ceaf83e94b04c20e|0|1786387908.883|100.204|3.131|488931328|511328256|sim_data_aaf7239b1c98d314|__AUTOMETRIC__
__AUTOMETRIC__|0.1.2|11032|crew_log_ceaf83e94b04c20e|0|1786387909.883|99.961|3.124|830554112|853544960|sim_data_aaf7239b1c98d314|__AUTOMETRIC__
__AUTOMETRIC__|0.1.2|11032|crew_log_ceaf83e94b04c20e|0|1786387910.897|100.128|3.129|792117248|814878720|sim_data_aaf7239b1c98d314|__AUTOMETRIC__
__AUTOMETRIC__|0.1.2|11032|crew_log_ceaf83e94b04c20e|0|1786387911.908|101.999|3.187|742023168|764391424|sim_data_aaf7239b1c98d314|__AUTOMETRIC__
__AUTOMETRIC__|0.1.2|11032|crew_log_ceaf83e94b04c20e|0|1786387912.917|95.999|3.000|850259968|872333312|sim_data_aaf7239b1c98d314|__AUTOMETRIC__
__AUTOMETRIC__|0.1.2|11032|crew_log_ceaf83e94b04c20e|0|1786387913.918|99.901|3.122|844931072|866803712|sim_data_aaf7239b1c98d314|__AUTOMETRIC__
__AUTOMETRIC__|0.1.2|11032|crew_log_ceaf83e94b04c20e|0|1786387914.924|99.481|3.109|845070336|866942976|sim_data_aaf7239b1c98d314|__AUTOMETRIC__
__AUTOMETRIC__|0.1.2|11032|crew_log_ceaf83e94b04c20e|0|1786387915.931|100.803|3.150|845111296|866983936|sim_data_aaf7239b1c98d314|__AUTOMETRIC__
__AUTOMETRIC__|0.1.2|11032|crew_log_ceaf83e94b04c20e|0|1786387916.933|98.286|3.071|843943936|865599488|sim_data_aaf7239b1c98d314|__AUTOMETRIC__
__AUTOMETRIC__|0.1.2|11032|crew_log_ceaf83e94b04c20e|0|1786387917.936|99.700|3.116|846696448|868286464|sim_data_aaf7239b1c98d314|__AUTOMETRIC__
__AUTOMETRIC__|0.1.2|11032|crew_log_ceaf83e94b04c20e|0|1786387918.939|99.664|3.115|846835712|868425728|sim_data_aaf7239b1c98d314|__AUTOMETRIC__
__AUTOMETRIC__|0.1.2|11032|crew_log_ceaf83e94b04c20e|0|1786387919.950|100.495|3.140|846819328|868409344|sim_data_aaf7239b1c98d314|__AUTOMETRIC__
__AUTOMETRIC__|0.1.2|11032|crew_log_ceaf83e94b04c20e|0|1786387920.965|98.540|3.079|846835712|868425728|sim_data_aaf7239b1c98d314|__AUTOMETRIC__
__AUTOMETRIC__|0.1.2|11032|crew_log_ceaf83e94b04c20e|0|1786387921.980|99.990|3.125|849477632|871067648|sim_data_aaf7239b1c98d314|__AUTOMETRIC__
__AUTOMETRIC__|0.1.2|11032|crew_log_ceaf83e94b04c20e|0|1786387922.985|99.528|3.110|849723392|871313408|sim_data_aaf7239b1c98d314|__AUTOMETRIC__
__AUTOMETRIC__|0.1.2|11032|crew_log_ceaf83e94b04c20e|0|1786387923.985|99.963|3.124|849731584|871321600|sim_data_aaf7239b1c98d314|__AUTOMETRIC__
__AUTOMETRIC__|0.1.2|11032|crew_log_ceaf83e94b04c20e|0|1786387924.998|100.268|3.133|849731584|871321600|sim_data_aaf7239b1c98d314|__AUTOMETRIC__
__AUTOMETRIC__|0.1.2|11032|crew_log_ceaf83e94b04c20e|0|1786387926.008|100.554|3.142|852398080|873988096|sim_data_aaf7239b1c98d314|__AUTOMETRIC__
__AUTOMETRIC__|0.1.2|11032|crew_log_ceaf83e94b04c20e|0|1786387927.023|100.128|3.129|852639744|874229760|sim_data_aaf7239b1c98d314|__AUTOMETRIC__
__AUTOMETRIC__|0.1.2|11032|crew_log_ceaf83e94b04c20e|0|1786387928.038|100.077|3.127|852660224|874250240|sim_data_aaf7239b1c98d314|__AUTOMETRIC__
__AUTOMETRIC__|0.1.2|11032|crew_log_ceaf83e94b04c20e|0|1786387929.048|98.988|3.093|852541440|874131456|sim_data_aaf7239b1c98d314|__AUTOMETRIC__
__AUTOMETRIC__|0.1.2|11032|crew_log_ceaf83e94b04c20e|0|1786387930.052|101.119|3.160|1103757312|1125269504|sim_data_aaf7239b1c98d314|__AUTOMETRIC__
__AUTOMETRIC__|0.1.2|11032|crew_log_ceaf83e94b04c20e|0|1786387931.056|101.137|3.161|1158316032|1180495872|sim_data_aaf7239b1c98d314|__AUTOMETRIC__
__AUTOMETRIC__|0.1.2|11032|crew_log_ceaf83e94b04c20e|0|1786387932.067|102.067|3.190|1259261952|1281458176|sim_data_aaf7239b1c98d314|__AUTOMETRIC__
__AUTOMETRIC__|0.1.2|11032|crew_log_ceaf83e94b04c20e|0|1786387933.073|100.882|3.153|998338560|1020239872|sim_data_aaf7239b1c98d314|__AUTOMETRIC__
__AUTOMETRIC__|0.1.2|11032|crew_log_ceaf83e94b04c20e|0|1786387934.080|99.355|3.105|992223232|1013694464|sim_data_aaf7239b1c98d314|__AUTOMETRIC__
__AUTOMETRIC__|0.1.2|11032|crew_log_ceaf83e94b04c20e|0|1786387935.094|98.598|3.081|990994432|1012355072|sim_data_aaf7239b1c98d314|__AUTOMETRIC__
__AUTOMETRIC__|0.1.2|11032|crew_log_ceaf83e94b04c20e|0|1786387936.100|100.953|3.155|994009088|1015316480|sim_data_aaf7239b1c98d314|__AUTOMETRIC__
__AUTOMETRIC__|0.1.2|11032|crew_log_ceaf83e94b04c20e|0|1786387937.108|96.161|3.005|993845248|1015144448|sim_data_aaf7239b1c98d314|__AUTOMETRIC__
__AUTOMETRIC__|0.1.2|11032|crew_log_ceaf83e94b04c20e|0|1786387938.115|99.289|3.103|993853440|1015152640|sim_data_aaf7239b1c98d314|__AUTOMETRIC__
__AUTOMETRIC__|0.1.2|11032|crew_log_ceaf83e94b04c20e|0|1786387939.127|98.823|3.088|996814848|1018212352|sim_data_aaf7239b1c98d314|__AUTOMETRIC__
__AUTOMETRIC__|0.1.2|11032|crew_log_ceaf83e94b04c20e|0|1786387940.142|98.492|3.078|996630528|1017929728|sim_data_aaf7239b1c98d314|__AUTOMETRIC__
__AUTOMETRIC__|0.1.2|11032|crew_log_ceaf83e94b04c20e|0|1786387941.156|100.183|3.131|996646912|1018036224|sim_data_aaf7239b1c98d314|__AUTOMETRIC__
__AUTOMETRIC__|0.1.2|11032|crew_log_ceaf83e94b04c20e|0|1786387942.165|100.650|3.145|999604224|1021001728|sim_data_aaf7239b1c98d314|__AUTOMETRIC__
__AUTOMETRIC__|0.1.2|11032|crew_log_ceaf83e94b04c20e|0|1786387943.180|100.049|3.127|999460864|1020727296|sim_data_aaf7239b1c98d314|__AUTOMETRIC__
__AUTOMETRIC__|0.1.2|11032|crew_log_ceaf83e94b04c20e|0|1786387944.194|100.158|3.130|999460864|1020817408|sim_data_aaf7239b1c98d314|__AUTOMETRIC__
__AUTOMETRIC__|0.1.2|11032|crew_log_ceaf83e94b04c20e|0|1786387945.194|99.982|3.124|1508716544|1530523648|sim_data_aaf7239b1c98d314|__AUTOMETRIC__
__AUTOMETRIC__|0.1.2|11032|crew_log_ceaf83e94b04c20e|0|1786387946.207|103.372|3.230|1054314496|1075793920|sim_data_aaf7239b1c98d314|__AUTOMETRIC__
__AUTOMETRIC__|0.1.2|11032|crew_log_ceaf83e94b04c20e|0|1786387947.220|100.261|3.133|1107881984|1129078784|sim_data_aaf7239b1c98d314|__AUTOMETRIC__
__AUTOMETRIC__|0.1.2|11032|crew_log_ceaf83e94b04c20e|0|1786387948.225|101.025|3.157|1102102528|1122836480|sim_data_aaf7239b1c98d314|__AUTOMETRIC__
__AUTOMETRIC__|0.1.2|11032|crew_log_ceaf83e94b04c20e|0|1786387949.229|98.081|3.065|1101561856|1122185216|sim_data_aaf7239b1c98d314|__AUTOMETRIC__
__AUTOMETRIC__|0.1.2|11032|crew_log_ceaf83e94b04c20e|0|1786387950.231|99.739|3.117|1103486976|1124065280|sim_data_aaf7239b1c98d314|__AUTOMETRIC__
__AUTOMETRIC__|0.1.2|11032|crew_log_ceaf83e94b04c20e|0|1786387951.238|99.317|3.104|1103323136|1123889152|sim_data_aaf7239b1c98d314|__AUTOMETRIC__
__AUTOMETRIC__|0.1.2|11032|crew_log_ceaf83e94b04c20e|0|1786387952.252|103.280|3.227|1103335424|1123901440|sim_data_aaf7239b1c98d314|__AUTOMETRIC__
__AUTOMETRIC__|0.1.2|11032|crew_log_ceaf83e94b04c20e|0|1786387953.266|100.141|3.129|1106296832|1126944768|sim_data_aaf7239b1c98d314|__AUTOMETRIC__
__AUTOMETRIC__|0.1.2|11032|crew_log_ceaf83e94b04c20e|0|1786387954.269|99.747|3.117|1106235392|1126871040|sim_data_aaf7239b1c98d314|__AUTOMETRIC__
__AUTOMETRIC__|0.1.2|11032|crew_log_ceaf83e94b04c20e|0|1786387955.281|100.334|3.135|1106235392|1126871040|sim_data_aaf7239b1c98d314|__AUTOMETRIC__
__AUTOMETRIC__|0.1.2|11032|crew_log_ceaf83e94b04c20e|0|1786387956.282|99.855|3.120|1109106688|1129754624|sim_data_aaf7239b1c98d314|__AUTOMETRIC__
__AUTOMETRIC__|0.1.2|11032|crew_log_ceaf83e94b04c20e|0|1786387957.296|101.724|3.179|1109012480|1129578496|sim_data_aaf7239b1c98d314|__AUTOMETRIC__
__AUTOMETRIC__|0.1.2|11032|crew_log_ceaf83e94b04c20e|0|1786387958.300|99.604|3.113|1109012480|1129648128|sim_data_aaf7239b1c98d314|__AUTOMETRIC__
__AUTOMETRIC__|0.1.2|11032|crew_log_ceaf83e94b04c20e|0|1786387959.314|100.195|3.131|1508306944|1528913920|sim_data_aaf7239b1c98d314|__AUTOMETRIC__
__AUTOMETRIC__|0.1.2|11032|crew_log_ceaf83e94b04c20e|0|1786387960.327|104.827|3.276|1257148416|1277890560|sim_data_aaf7239b1c98d314|__AUTOMETRIC__
__AUTOMETRIC__|0.1.2|11032|crew_log_ceaf83e94b04c20e|0|1786387961.328|104.605|3.269|752115712|773001216|sim_data_aaf7239b1c98d314|__AUTOMETRIC__
__AUTOMETRIC__|0.1.2|11032|crew_log_ceaf83e94b04c20e|0|1786387962.342|97.086|3.034|749735936|769536000|sim_data_aaf7239b1c98d314|__AUTOMETRIC__
__AUTOMETRIC__|0.1.2|11032|crew_log_ceaf83e94b04c20e|0|1786387963.344|99.817|3.119|748249088|767938560|sim_data_aaf7239b1c98d314|__AUTOMETRIC__
__AUTOMETRIC__|0.1.2|11032|crew_log_ceaf83e94b04c20e|0|1786387964.349|101.044|3.158|748265472|767954944|sim_data_aaf7239b1c98d314|__AUTOMETRIC__
__AUTOMETRIC__|0.1.2|11032|crew_log_ceaf83e94b04c20e|0|1786387965.358|99.118|3.097|751063040|770695168|sim_data_aaf7239b1c98d314|__AUTOMETRIC__
__AUTOMETRIC__|0.1.2|11032|crew_log_ceaf83e94b04c20e|0|1786387966.373|100.071|3.127|751067136|770699264|sim_data_aaf7239b1c98d314|__AUTOMETRIC__
__AUTOMETRIC__|0.1.2|11032|crew_log_ceaf83e94b04c20e|0|1786387967.380|100.803|3.150|751075328|770707456|sim_data_aaf7239b1c98d314|__AUTOMETRIC__
__AUTOMETRIC__|0.1.2|11032|crew_log_ceaf83e94b04c20e|0|1786387968.385|99.556|3.111|753885184|773734400|sim_data_aaf7239b1c98d314|__AUTOMETRIC__
__AUTOMETRIC__|0.1.2|11032|crew_log_ceaf83e94b04c20e|0|1786387969.393|99.229|3.101|753885184|773734400|sim_data_aaf7239b1c98d314|__AUTOMETRIC__
__AUTOMETRIC__|0.1.2|11032|crew_log_ceaf83e94b04c20e|0|1786387970.394|99.875|3.121|753909760|773758976|sim_data_aaf7239b1c98d314|__AUTOMETRIC__
__AUTOMETRIC__|0.1.2|11032|crew_log_ceaf83e94b04c20e|0|1786387971.401|99.324|3.104|756846592|776708096|sim_data_aaf7239b1c98d314|__AUTOMETRIC__
__AUTOMETRIC__|0.1.2|11032|crew_log_ceaf83e94b04c20e|0|1786387972.403|99.792|3.118|756736000|776368128|sim_data_aaf7239b1c98d314|__AUTOMETRIC__
__AUTOMETRIC__|0.1.2|11032|crew_log_ceaf83e94b04c20e|0|1786387973.416|100.239|3.132|756740096|776372224|sim_data_aaf7239b1c98d314|__AUTOMETRIC__
__AUTOMETRIC__|0.1.2|11032|crew_log_ceaf83e94b04c20e|0|1786387974.425|99.123|3.098|1023860736|1043771392|sim_data_aaf7239b1c98d314|__AUTOMETRIC__
__AUTOMETRIC__|0.1.2|11032|crew_log_ceaf83e94b04c20e|0|1786387975.428|107.514|3.360|1054629888|1074769920|sim_data_aaf7239b1c98d314|__AUTOMETRIC__
__AUTOMETRIC__|0.1.2|11032|crew_log_ceaf83e94b04c20e|0|1786387976.432|102.685|3.209|1107214336|1126944768|sim_data_aaf7239b1c98d314|__AUTOMETRIC__
__AUTOMETRIC__|0.1.2|11032|crew_log_ceaf83e94b04c20e|0|1786387977.447|100.090|3.128|903225344|922808320|sim_data_aaf7239b1c98d314|__AUTOMETRIC__
__AUTOMETRIC__|0.1.2|11032|crew_log_ceaf83e94b04c20e|0|1786387978.461|100.154|3.130|897937408|917114880|sim_data_aaf7239b1c98d314|__AUTOMETRIC__
__AUTOMETRIC__|0.1.2|11032|crew_log_ceaf83e94b04c20e|0|1786387979.464|98.071|3.065|897355776|916598784|sim_data_aaf7239b1c98d314|__AUTOMETRIC__
__AUTOMETRIC__|0.1.2|11032|crew_log_ceaf83e94b04c20e|0|1786387980.472|99.221|3.101|900345856|919490560|sim_data_aaf7239b1c98d314|__AUTOMETRIC__
__AUTOMETRIC__|0.1.2|11032|crew_log_ceaf83e94b04c20e|0|1786387981.477|102.646|3.208|900325376|919470080|sim_data_aaf7239b1c98d314|__AUTOMETRIC__
__AUTOMETRIC__|0.1.2|11032|crew_log_ceaf83e94b04c20e|0|1786387982.481|99.617|3.113|900325376|919470080|sim_data_aaf7239b1c98d314|__AUTOMETRIC__
__AUTOMETRIC__|0.1.2|11032|crew_log_ceaf83e94b04c20e|0|1786387983.490|100.617|3.144|903049216|922017792|sim_data_aaf7239b1c98d314|__AUTOMETRIC__
__AUTOMETRIC__|0.1.2|11032|crew_log_ceaf83e94b04c20e|0|1786387984.494|99.622|3.113|903163904|922132480|sim_data_aaf7239b1c98d314|__AUTOMETRIC__
__AUTOMETRIC__|0.1.2|11032|crew_log_ceaf83e94b04c20e|0|1786387985.503|99.141|3.098|903221248|922365952|sim_data_aaf7239b1c98d314|__AUTOMETRIC__
__AUTOMETRIC__|0.1.2|11032|crew_log_ceaf83e94b04c20e|0|1786387986.517|100.116|3.129|906235904|925392896|sim_data_aaf7239b1c98d314|__AUTOMETRIC__
__AUTOMETRIC__|0.1.2|11032|crew_log_ceaf83e94b04c20e|0|1786387987.523|99.372|3.105|906121216|925089792|sim_data_aaf7239b1c98d314|__AUTOMETRIC__
__AUTOMETRIC__|0.1.2|11032|crew_log_ceaf83e94b04c20e|0|1786387988.525|99.822|3.119|906108928|925077504|sim_data_aaf7239b1c98d314|__AUTOMETRIC__
__AUTOMETRIC__|0.1.2|11032|crew_log_ceaf83e94b04c20e|0|1786387989.531|99.405|3.106|1491107840|1510588416|sim_data_aaf7239b1c98d314|__AUTOMETRIC__
__AUTOMETRIC__|0.1.2|11032|crew_log_ceaf83e94b04c20e|0|1786387990.536|105.698|3.303|1140166656|1159499776|sim_data_aaf7239b1c98d314|__AUTOMETRIC__
__AUTOMETRIC__|0.1.2|11032|crew_log_ceaf83e94b04c20e|0|1786387991.549|92.540|2.892|1165807616|1184432128|sim_data_aaf7239b1c98d314|__AUTOMETRIC__
__AUTOMETRIC__|0.1.2|11032|crew_log_ceaf83e94b04c20e|0|1786387992.556|100.872|3.152|1166106624|1184731136|sim_data_aaf7239b1c98d314|__AUTOMETRIC__
__AUTOMETRIC__|0.1.2|11032|crew_log_ceaf83e94b04c20e|0|1786387993.571|100.062|3.127|1162784768|1181114368|sim_data_aaf7239b1c98d314|__AUTOMETRIC__
__AUTOMETRIC__|0.1.2|11032|crew_log_ceaf83e94b04c20e|0|1786387994.572|99.973|3.124|1165508608|1183969280|sim_data_aaf7239b1c98d314|__AUTOMETRIC__
__AUTOMETRIC__|0.1.2|11032|crew_log_ceaf83e94b04c20e|0|1786387995.580|99.205|3.100|1165336576|1183608832|sim_data_aaf7239b1c98d314|__AUTOMETRIC__
__AUTOMETRIC__|0.1.2|11032|crew_log_ceaf83e94b04c20e|0|1786387996.591|100.419|3.138|1165381632|1183653888|sim_data_aaf7239b1c98d314|__AUTOMETRIC__
__AUTOMETRIC__|0.1.2|11032|crew_log_ceaf83e94b04c20e|0|1786387997.594|99.700|3.116|1168289792|1186574336|sim_data_aaf7239b1c98d314|__AUTOMETRIC__
__AUTOMETRIC__|0.1.2|11032|crew_log_ceaf83e94b04c20e|0|1786387998.599|101.032|3.157|1168162816|1186435072|sim_data_aaf7239b1c98d314|__AUTOMETRIC__
__AUTOMETRIC__|0.1.2|11032|crew_log_ceaf83e94b04c20e|0|1786387999.604|101.089|3.159|1168175104|1186447360|sim_data_aaf7239b1c98d314|__AUTOMETRIC__
__AUTOMETRIC__|0.1.2|11032|crew_log_ceaf83e94b04c20e|0|1786388000.613|99.113|3.097|1171128320|1189412864|sim_data_aaf7239b1c98d314|__AUTOMETRIC__
__AUTOMETRIC__|0.1.2|11032|crew_log_ceaf83e94b04c20e|0|1786388001.620|100.874|3.152|1170993152|1189265408|sim_data_aaf7239b1c98d314|__AUTOMETRIC__
__AUTOMETRIC__|0.1.2|11032|crew_log_ceaf83e94b04c20e|0|1786388002.628|99.172|3.099|1171005440|1189277696|sim_data_aaf7239b1c98d314|__AUTOMETRIC__
__AUTOMETRIC__|0.1.2|11032|crew_log_ceaf83e94b04c20e|0|1786388003.643|101.586|3.175|1170993152|1189441536|sim_data_aaf7239b1c98d314|__AUTOMETRIC__
__AUTOMETRIC__|0.1.2|11032|crew_log_ceaf83e94b04c20e|0|1786388004.647|104.325|3.260|1308930048|1327607808|sim_data_aaf7239b1c98d314|__AUTOMETRIC__
__AUTOMETRIC__|0.1.2|11032|crew_log_ceaf83e94b04c20e|0|1786388005.649|104.489|3.265|975929344|994213888|sim_data_aaf7239b1c98d314|__AUTOMETRIC__
__AUTOMETRIC__|0.1.2|11032|crew_log_ceaf83e94b04c20e|0|1786388006.650|93.619|2.926|1024794624|1042722816|sim_data_aaf7239b1c98d314|__AUTOMETRIC__
__AUTOMETRIC__|0.1.2|11032|crew_log_ceaf83e94b04c20e|0|1786388007.663|98.727|3.085|1019641856|1037307904|sim_data_aaf7239b1c98d314|__AUTOMETRIC__
__AUTOMETRIC__|0.1.2|11032|crew_log_ceaf83e94b04c20e|0|1786388008.676|100.261|3.133|1016594432|1033981952|sim_data_aaf7239b1c98d314|__AUTOMETRIC__
__AUTOMETRIC__|0.1.2|11032|crew_log_ceaf83e94b04c20e|0|1786388009.679|98.102|3.066|1014816768|1032204288|sim_data_aaf7239b1c98d314|__AUTOMETRIC__
__AUTOMETRIC__|0.1.2|11032|crew_log_ceaf83e94b04c20e|0|1786388010.680|99.952|3.123|1017864192|1035202560|sim_data_aaf7239b1c98d314|__AUTOMETRIC__
__AUTOMETRIC__|0.1.2|11032|crew_log_ceaf83e94b04c20e|0|1786388011.685|99.499|3.109|1017741312|1035071488|sim_data_aaf7239b1c98d314|__AUTOMETRIC__
__AUTOMETRIC__|0.1.2|11032|crew_log_ceaf83e94b04c20e|0|1786388012.688|98.148|3.067|1017729024|1035059200|sim_data_aaf7239b1c98d314|__AUTOMETRIC__
__AUTOMETRIC__|0.1.2|11032|crew_log_ceaf83e94b04c20e|0|1786388013.693|100.995|3.156|1020411904|1037742080|sim_data_aaf7239b1c98d314|__AUTOMETRIC__
__AUTOMETRIC__|0.1.2|11032|crew_log_ceaf83e94b04c20e|0|1786388014.704|98.961|3.093|1020542976|1037873152|sim_data_aaf7239b1c98d314|__AUTOMETRIC__
__AUTOMETRIC__|0.1.2|11032|crew_log_ceaf83e94b04c20e|0|1786388015.706|101.338|3.167|1020530688|1037860864|sim_data_aaf7239b1c98d314|__AUTOMETRIC__
__AUTOMETRIC__|0.1.2|11032|crew_log_ceaf83e94b04c20e|0|1786388016.714|100.733|3.148|1023156224|1040486400|sim_data_aaf7239b1c98d314|__AUTOMETRIC__
__AUTOMETRIC__|0.1.2|11032|crew_log_ceaf83e94b04c20e|0|1786388017.718|99.653|3.114|1023266816|1040596992|sim_data_aaf7239b1c98d314|__AUTOMETRIC__
__AUTOMETRIC__|0.1.2|11032|crew_log_ceaf83e94b04c20e|0|1786388018.726|100.741|3.148|1023270912|1040601088|sim_data_aaf7239b1c98d314|__AUTOMETRIC__
__AUTOMETRIC__|0.1.2|11032|crew_log_ceaf83e94b04c20e|0|1786388019.730|99.579|3.112|1023270912|1040601088|sim_data_aaf7239b1c98d314|__AUTOMETRIC__
__AUTOMETRIC__|0.1.2|11032|crew_log_ceaf83e94b04c20e|0|1786388020.731|99.880|3.121|1545576448|1563283456|sim_data_aaf7239b1c98d314|__AUTOMETRIC__
__AUTOMETRIC__|0.1.2|11032|crew_log_ceaf83e94b04c20e|0|1786388021.734|104.369|3.262|1281318912|1298907136|sim_data_aaf7239b1c98d314|__AUTOMETRIC__
__AUTOMETRIC__|0.1.2|11032|crew_log_ceaf83e94b04c20e|0|1786388022.740|99.458|3.108|955985920|973094912|sim_data_aaf7239b1c98d314|__AUTOMETRIC__
__AUTOMETRIC__|0.1.2|11032|crew_log_ceaf83e94b04c20e|0|1786388023.745|99.502|3.109|950169600|966811648|sim_data_aaf7239b1c98d314|__AUTOMETRIC__
__AUTOMETRIC__|0.1.2|11032|crew_log_ceaf83e94b04c20e|0|1786388024.759|97.016|3.032|949178368|965885952|sim_data_aaf7239b1c98d314|__AUTOMETRIC__
__AUTOMETRIC__|0.1.2|11032|crew_log_ceaf83e94b04c20e|0|1786388025.775|100.031|3.126|951844864|968495104|sim_data_aaf7239b1c98d314|__AUTOMETRIC__
__AUTOMETRIC__|0.1.2|11032|crew_log_ceaf83e94b04c20e|0|1786388026.777|99.735|3.117|951959552|968609792|sim_data_aaf7239b1c98d314|__AUTOMETRIC__
__AUTOMETRIC__|0.1.2|11032|crew_log_ceaf83e94b04c20e|0|1786388027.781|99.684|3.115|951955456|968605696|sim_data_aaf7239b1c98d314|__AUTOMETRIC__
__AUTOMETRIC__|0.1.2|11032|crew_log_ceaf83e94b04c20e|0|1786388028.790|100.580|3.143|954798080|971448320|sim_data_aaf7239b1c98d314|__AUTOMETRIC__
__AUTOMETRIC__|0.1.2|11032|crew_log_ceaf83e94b04c20e|0|1786388029.804|98.647|3.083|954834944|971485184|sim_data_aaf7239b1c98d314|__AUTOMETRIC__
__AUTOMETRIC__|0.1.2|11032|crew_log_ceaf83e94b04c20e|0|1786388030.818|100.128|3.129|957652992|974315520|sim_data_aaf7239b1c98d314|__AUTOMETRIC__
__AUTOMETRIC__|0.1.2|11032|crew_log_ceaf83e94b04c20e|0|1786388031.834|100.001|3.125|957562880|974213120|sim_data_aaf7239b1c98d314|__AUTOMETRIC__
__AUTOMETRIC__|0.1.2|11032|crew_log_ceaf83e94b04c20e|0|1786388032.837|98.150|3.067|957566976|974217216|sim_data_aaf7239b1c98d314|__AUTOMETRIC__
__AUTOMETRIC__|0.1.2|11032|crew_log_ceaf83e94b04c20e|0|1786388033.842|99.489|3.109|1179201536|1195810816|sim_data_aaf7239b1c98d314|__AUTOMETRIC__
__AUTOMETRIC__|0.1.2|11032|crew_log_ceaf83e94b04c20e|0|1786388034.845|104.389|3.262|1342214144|1358905344|sim_data_aaf7239b1c98d314|__AUTOMETRIC__
__AUTOMETRIC__|0.1.2|11032|crew_log_ceaf83e94b04c20e|0|1786388035.850|104.145|3.255|1038356480|1055150080|sim_data_aaf7239b1c98d314|__AUTOMETRIC__
__AUTOMETRIC__|0.1.2|11032|crew_log_ceaf83e94b04c20e|0|1786388036.852|98.269|3.071|1053626368|1069957120|sim_data_aaf7239b1c98d314|__AUTOMETRIC__
__AUTOMETRIC__|0.1.2|11032|crew_log_ceaf83e94b04c20e|0|1786388037.854|99.777|3.118|1049239552|1064841216|sim_data_aaf7239b1c98d314|__AUTOMETRIC__
__AUTOMETRIC__|0.1.2|11032|crew_log_ceaf83e94b04c20e|0|1786388038.856|99.786|3.118|1049280512|1065058304|sim_data_aaf7239b1c98d314|__AUTOMETRIC__
__AUTOMETRIC__|0.1.2|11032|crew_log_ceaf83e94b04c20e|0|1786388039.860|99.640|3.114|1052053504|1067782144|sim_data_aaf7239b1c98d314|__AUTOMETRIC__
__AUTOMETRIC__|0.1.2|11032|crew_log_ceaf83e94b04c20e|0|1786388040.869|100.660|3.146|1051832320|1067552768|sim_data_aaf7239b1c98d314|__AUTOMETRIC__
__AUTOMETRIC__|0.1.2|11032|crew_log_ceaf83e94b04c20e|0|1786388041.879|97.425|3.045|1051844608|1067565056|sim_data_aaf7239b1c98d314|__AUTOMETRIC__
__AUTOMETRIC__|0.1.2|11032|crew_log_ceaf83e94b04c20e|0|1786388042.886|99.282|3.103|1054838784|1070567424|sim_data_aaf7239b1c98d314|__AUTOMETRIC__
__AUTOMETRIC__|0.1.2|11032|crew_log_ceaf83e94b04c20e|0|1786388043.889|99.725|3.116|1054638080|1070182400|sim_data_aaf7239b1c98d314|__AUTOMETRIC__
__AUTOMETRIC__|0.1.2|11032|crew_log_ceaf83e94b04c20e|0|1786388044.892|99.744|3.117|1054679040|1070399488|sim_data_aaf7239b1c98d314|__AUTOMETRIC__
__AUTOMETRIC__|0.1.2|11032|crew_log_ceaf83e94b04c20e|0|1786388045.902|102.099|3.191|1057624064|1073352704|sim_data_aaf7239b1c98d314|__AUTOMETRIC__
__AUTOMETRIC__|0.1.2|11032|crew_log_ceaf83e94b04c20e|0|1786388046.916|100.119|3.129|1057468416|1073188864|sim_data_aaf7239b1c98d314|__AUTOMETRIC__
__AUTOMETRIC__|0.1.2|11032|crew_log_ceaf83e94b04c20e|0|1786388047.920|98.040|3.064|1057456128|1073000448|sim_data_aaf7239b1c98d314|__AUTOMETRIC__
__AUTOMETRIC__|0.1.2|11032|crew_log_ceaf83e94b04c20e|0|1786388048.932|100.349|3.136|1406222336|1422147584|sim_data_aaf7239b1c98d314|__AUTOMETRIC__
__AUTOMETRIC__|0.1.2|11032|crew_log_ceaf83e94b04c20e|0|1786388049.948|101.579|3.174|1252601856|1268523008|sim_data_aaf7239b1c98d314|__AUTOMETRIC__
__AUTOMETRIC__|0.1.2|11032|crew_log_ceaf83e94b04c20e|0|1786388050.962|100.087|3.128|1319215104|1334956032|sim_data_aaf7239b1c98d314|__AUTOMETRIC__
__AUTOMETRIC__|0.1.2|11032|crew_log_ceaf83e94b04c20e|0|1786388051.966|99.642|3.114|1186738176|1202098176|sim_data_aaf7239b1c98d314|__AUTOMETRIC__
__AUTOMETRIC__|0.1.2|11032|crew_log_ceaf83e94b04c20e|0|1786388052.979|98.759|3.086|1181249536|1196331008|sim_data_aaf7239b1c98d314|__AUTOMETRIC__
__AUTOMETRIC__|0.1.2|11032|crew_log_ceaf83e94b04c20e|0|1786388053.982|99.621|3.113|1180258304|1195008000|sim_data_aaf7239b1c98d314|__AUTOMETRIC__
__AUTOMETRIC__|0.1.2|11032|crew_log_ceaf83e94b04c20e|0|1786388054.983|99.928|3.123|1180266496|1195175936|sim_data_aaf7239b1c98d314|__AUTOMETRIC__
__AUTOMETRIC__|0.1.2|11032|crew_log_ceaf83e94b04c20e|0|1786388055.996|100.297|3.134|1183096832|1197785088|sim_data_aaf7239b1c98d314|__AUTOMETRIC__
__AUTOMETRIC__|0.1.2|11032|crew_log_ceaf83e94b04c20e|0|1786388057.001|99.496|3.109|1183076352|1197764608|sim_data_aaf7239b1c98d314|__AUTOMETRIC__
__AUTOMETRIC__|0.1.2|11032|crew_log_ceaf83e94b04c20e|0|1786388058.013|101.863|3.183|1183105024|1197953024|sim_data_aaf7239b1c98d314|__AUTOMETRIC__
__AUTOMETRIC__|0.1.2|11032|crew_log_ceaf83e94b04c20e|0|1786388059.027|100.142|3.129|1185828864|1200517120|sim_data_aaf7239b1c98d314|__AUTOMETRIC__
__AUTOMETRIC__|0.1.2|11032|crew_log_ceaf83e94b04c20e|0|1786388060.040|100.259|3.133|1185947648|1200635904|sim_data_aaf7239b1c98d314|__AUTOMETRIC__
__AUTOMETRIC__|0.1.2|11032|crew_log_ceaf83e94b04c20e|0|1786388061.044|99.621|3.113|1186004992|1200852992|sim_data_aaf7239b1c98d314|__AUTOMETRIC__
__AUTOMETRIC__|0.1.2|11032|crew_log_ceaf83e94b04c20e|0|1786388062.059|98.536|3.079|1188941824|1203798016|sim_data_aaf7239b1c98d314|__AUTOMETRIC__
__AUTOMETRIC__|0.1.2|11032|crew_log_ceaf83e94b04c20e|0|1786388063.059|99.971|3.124|1188724736|1203412992|sim_data_aaf7239b1c98d314|__AUTOMETRIC__
__AUTOMETRIC__|0.1.2|11032|crew_log_ceaf83e94b04c20e|0|1786388064.062|99.694|3.115|1188749312|1203597312|sim_data_aaf7239b1c98d314|__AUTOMETRIC__
__AUTOMETRIC__|0.1.2|11032|crew_log_ceaf83e94b04c20e|0|1786388065.070|103.920|3.247|1244196864|1258991616|sim_data_aaf7239b1c98d314|__AUTOMETRIC__
__AUTOMETRIC__|0.1.2|11032|crew_log_ceaf83e94b04c20e|0|1786388066.076|105.634|3.301|887631872|902299648|sim_data_aaf7239b1c98d314|__AUTOMETRIC__
__AUTOMETRIC__|0.1.2|11032|crew_log_ceaf83e94b04c20e|0|1786388067.090|100.133|3.129|963158016|978169856|sim_data_aaf7239b1c98d314|__AUTOMETRIC__
__AUTOMETRIC__|0.1.2|11032|crew_log_ceaf83e94b04c20e|0|1786388068.105|96.951|3.030|944304128|958783488|sim_data_aaf7239b1c98d314|__AUTOMETRIC__
__AUTOMETRIC__|0.1.2|11032|crew_log_ceaf83e94b04c20e|0|1786388069.108|96.604|3.019|938487808|952320000|sim_data_aaf7239b1c98d314|__AUTOMETRIC__
__AUTOMETRIC__|0.1.2|11032|crew_log_ceaf83e94b04c20e|0|1786388070.117|100.649|3.145|941154304|955064320|sim_data_aaf7239b1c98d314|__AUTOMETRIC__
__AUTOMETRIC__|0.1.2|11032|crew_log_ceaf83e94b04c20e|0|1786388071.120|99.708|3.116|941010944|954781696|sim_data_aaf7239b1c98d314|__AUTOMETRIC__
__AUTOMETRIC__|0.1.2|11032|crew_log_ceaf83e94b04c20e|0|1786388072.124|99.585|3.112|941043712|954941440|sim_data_aaf7239b1c98d314|__AUTOMETRIC__
__AUTOMETRIC__|0.1.2|11032|crew_log_ceaf83e94b04c20e|0|1786388073.130|99.464|3.108|943996928|957906944|sim_data_aaf7239b1c98d314|__AUTOMETRIC__
__AUTOMETRIC__|0.1.2|11032|crew_log_ceaf83e94b04c20e|0|1786388074.137|100.828|3.151|943869952|957640704|sim_data_aaf7239b1c98d314|__AUTOMETRIC__
__AUTOMETRIC__|0.1.2|11032|crew_log_ceaf83e94b04c20e|0|1786388075.140|99.644|3.114|943869952|957767680|sim_data_aaf7239b1c98d314|__AUTOMETRIC__
__AUTOMETRIC__|0.1.2|11032|crew_log_ceaf83e94b04c20e|0|1786388076.142|99.830|3.120|947027968|960937984|sim_data_aaf7239b1c98d314|__AUTOMETRIC__
__AUTOMETRIC__|0.1.2|11032|crew_log_ceaf83e94b04c20e|0|1786388077.147|101.053|3.158|946819072|960589824|sim_data_aaf7239b1c98d314|__AUTOMETRIC__
__AUTOMETRIC__|0.1.2|11032|crew_log_ceaf83e94b04c20e|0|1786388078.151|99.635|3.114|946835456|960733184|sim_data_aaf7239b1c98d314|__AUTOMETRIC__
__AUTOMETRIC__|0.1.2|11032|crew_log_ceaf83e94b04c20e|0|1786388079.154|102.830|3.213|882176000|896159744|sim_data_aaf7239b1c98d314|__AUTOMETRIC__
__AUTOMETRIC__|0.1.2|11032|crew_log_ceaf83e94b04c20e|0|1786388080.162|105.367|3.293|829247488|842989568|sim_data_aaf7239b1c98d314|__AUTOMETRIC__
__AUTOMETRIC__|0.1.2|11032|crew_log_ceaf83e94b04c20e|0|1786388081.171|94.504|2.953|898076672|912064512|sim_data_aaf7239b1c98d314|__AUTOMETRIC__
__AUTOMETRIC__|0.1.2|11032|crew_log_ceaf83e94b04c20e|0|1786388082.171|101.506|3.172|896208896|909508608|sim_data_aaf7239b1c98d314|__AUTOMETRIC__
__AUTOMETRIC__|0.1.2|11032|crew_log_ceaf83e94b04c20e|0|1786388083.178|102.456|3.202|893259776|906223616|sim_data_aaf7239b1c98d314|__AUTOMETRIC__
__AUTOMETRIC__|0.1.2|11032|crew_log_ceaf83e94b04c20e|0|1786388084.188|98.996|3.094|895893504|908808192|sim_data_aaf7239b1c98d314|__AUTOMETRIC__
__AUTOMETRIC__|0.1.2|11032|crew_log_ceaf83e94b04c20e|0|1786388085.200|98.829|3.088|895774720|908677120|sim_data_aaf7239b1c98d314|__AUTOMETRIC__
__AUTOMETRIC__|0.1.2|11032|crew_log_ceaf83e94b04c20e|0|1786388086.208|100.747|3.148|895782912|908685312|sim_data_aaf7239b1c98d314|__AUTOMETRIC__
__AUTOMETRIC__|0.1.2|11032|crew_log_ceaf83e94b04c20e|0|1786388087.212|99.559|3.111|898416640|911192064|sim_data_aaf7239b1c98d314|__AUTOMETRIC__
__AUTOMETRIC__|0.1.2|11032|crew_log_ceaf83e94b04c20e|0|1786388088.222|99.047|3.095|898695168|911470592|sim_data_aaf7239b1c98d314|__AUTOMETRIC__
__AUTOMETRIC__|0.1.2|11032|crew_log_ceaf83e94b04c20e|0|1786388089.226|99.597|3.112|898691072|911593472|sim_data_aaf7239b1c98d314|__AUTOMETRIC__
__AUTOMETRIC__|0.1.2|11032|crew_log_ceaf83e94b04c20e|0|1786388090.234|97.652|3.052|901607424|914395136|sim_data_aaf7239b1c98d314|__AUTOMETRIC__
__AUTOMETRIC__|0.1.2|11032|crew_log_ceaf83e94b04c20e|0|1786388091.243|102.195|3.194|901472256|914247680|sim_data_aaf7239b1c98d314|__AUTOMETRIC__
__AUTOMETRIC__|0.1.2|11032|crew_log_ceaf83e94b04c20e|0|1786388092.248|96.424|3.013|901488640|914391040|sim_data_aaf7239b1c98d314|__AUTOMETRIC__
__AUTOMETRIC__|0.1.2|11032|crew_log_ceaf83e94b04c20e|0|1786388093.257|102.223|3.194|1251536896|1264517120|sim_data_aaf7239b1c98d314|__AUTOMETRIC__
__AUTOMETRIC__|0.1.2|11032|crew_log_ceaf83e94b04c20e|0|1786388094.266|97.488|3.047|1580781568|1593839616|sim_data_aaf7239b1c98d314|__AUTOMETRIC__
__AUTOMETRIC__|0.1.2|11032|crew_log_ceaf83e94b04c20e|0|1786388095.281|106.202|3.319|995348480|1008672768|sim_data_aaf7239b1c98d314|__AUTOMETRIC__
__AUTOMETRIC__|0.1.2|11032|crew_log_ceaf83e94b04c20e|0|1786388096.284|96.592|3.019|993316864|1005715456|sim_data_aaf7239b1c98d314|__AUTOMETRIC__
__AUTOMETRIC__|0.1.2|11032|crew_log_ceaf83e94b04c20e|0|1786388097.285|98.386|3.075|989462528|1001406464|sim_data_aaf7239b1c98d314|__AUTOMETRIC__
__AUTOMETRIC__|0.1.2|11032|crew_log_ceaf83e94b04c20e|0|1786388098.290|99.488|3.109|989229056|1001259008|sim_data_aaf7239b1c98d314|__AUTOMETRIC__
__AUTOMETRIC__|0.1.2|11032|crew_log_ceaf83e94b04c20e|0|1786388099.304|100.115|3.129|991973376|1003859968|sim_data_aaf7239b1c98d314|__AUTOMETRIC__
__AUTOMETRIC__|0.1.2|11032|crew_log_ceaf83e94b04c20e|0|1786388100.317|100.284|3.134|992116736|1004003328|sim_data_aaf7239b1c98d314|__AUTOMETRIC__
__AUTOMETRIC__|0.1.2|11032|crew_log_ceaf83e94b04c20e|0|1786388101.329|100.422|3.138|992120832|1004105728|sim_data_aaf7239b1c98d314|__AUTOMETRIC__
__AUTOMETRIC__|0.1.2|11032|crew_log_ceaf83e94b04c20e|0|1786388102.338|100.568|3.143|994643968|1006530560|sim_data_aaf7239b1c98d314|__AUTOMETRIC__
__AUTOMETRIC__|0.1.2|11032|crew_log_ceaf83e94b04c20e|0|1786388103.341|99.764|3.118|994926592|1006899200|sim_data_aaf7239b1c98d314|__AUTOMETRIC__
__AUTOMETRIC__|0.1.2|11032|crew_log_ceaf83e94b04c20e|0|1786388104.344|101.287|3.165|994902016|1006874624|sim_data_aaf7239b1c98d314|__AUTOMETRIC__
__AUTOMETRIC__|0.1.2|11032|crew_log_ceaf83e94b04c20e|0|1786388105.344|99.946|3.123|997711872|1009598464|sim_data_aaf7239b1c98d314|__AUTOMETRIC__
__AUTOMETRIC__|0.1.2|11032|crew_log_ceaf83e94b04c20e|0|1786388106.356|100.355|3.136|997748736|1009721344|sim_data_aaf7239b1c98d314|__AUTOMETRIC__
__AUTOMETRIC__|0.1.2|11032|crew_log_ceaf83e94b04c20e|0|1786388107.367|100.473|3.140|1079455744|1091465216|sim_data_aaf7239b1c98d314|__AUTOMETRIC__
__AUTOMETRIC__|0.1.2|11032|crew_log_ceaf83e94b04c20e|0|1786388108.372|99.542|3.111|1557061632|1569361920|sim_data_aaf7239b1c98d314|__AUTOMETRIC__
__AUTOMETRIC__|0.1.2|11032|crew_log_ceaf83e94b04c20e|0|1786388109.381|105.292|3.290|1349361664|1361485824|sim_data_aaf7239b1c98d314|__AUTOMETRIC__
__AUTOMETRIC__|0.1.2|11032|crew_log_ceaf83e94b04c20e|0|1786388110.395|97.031|3.032|1153499136|1165344768|sim_data_aaf7239b1c98d314|__AUTOMETRIC__
__AUTOMETRIC__|0.1.2|11032|crew_log_ceaf83e94b04c20e|0|1786388111.397|99.856|3.120|1147457536|1158766592|sim_data_aaf7239b1c98d314|__AUTOMETRIC__
__AUTOMETRIC__|0.1.2|11032|crew_log_ceaf83e94b04c20e|0|1786388112.411|100.134|3.129|1145417728|1156657152|sim_data_aaf7239b1c98d314|__AUTOMETRIC__
__AUTOMETRIC__|0.1.2|11032|crew_log_ceaf83e94b04c20e|0|1786388113.413|99.807|3.119|1148354560|1159540736|sim_data_aaf7239b1c98d314|__AUTOMETRIC__
__AUTOMETRIC__|0.1.2|11032|crew_log_ceaf83e94b04c20e|0|1786388114.425|100.308|3.135|1148207104|1159344128|sim_data_aaf7239b1c98d314|__AUTOMETRIC__
__AUTOMETRIC__|0.1.2|11032|crew_log_ceaf83e94b04c20e|0|1786388115.432|100.849|3.152|1148215296|1159393280|sim_data_aaf7239b1c98d314|__AUTOMETRIC__
__AUTOMETRIC__|0.1.2|11032|crew_log_ceaf83e94b04c20e|0|1786388116.447|98.526|3.079|1150877696|1162014720|sim_data_aaf7239b1c98d314|__AUTOMETRIC__
__AUTOMETRIC__|0.1.2|11032|crew_log_ceaf83e94b04c20e|0|1786388117.462|100.071|3.127|1151016960|1162153984|sim_data_aaf7239b1c98d314|__AUTOMETRIC__
__AUTOMETRIC__|0.1.2|11032|crew_log_ceaf83e94b04c20e|0|1786388118.465|98.206|3.069|1150996480|1162174464|sim_data_aaf7239b1c98d314|__AUTOMETRIC__
__AUTOMETRIC__|0.1.2|11032|crew_log_ceaf83e94b04c20e|0|1786388119.465|99.976|3.124|1153974272|1165160448|sim_data_aaf7239b1c98d314|__AUTOMETRIC__
__AUTOMETRIC__|0.1.2|11032|crew_log_ceaf83e94b04c20e|0|1786388120.466|99.930|3.123|1153888256|1165066240|sim_data_aaf7239b1c98d314|__AUTOMETRIC__
__AUTOMETRIC__|0.1.2|11032|crew_log_ceaf83e94b04c20e|0|1786388121.476|100.556|3.142|1153884160|1165062144|sim_data_aaf7239b1c98d314|__AUTOMETRIC__
__AUTOMETRIC__|0.1.2|11032|crew_log_ceaf83e94b04c20e|0|1786388122.480|99.586|3.112|1388646400|1400127488|sim_data_aaf7239b1c98d314|__AUTOMETRIC__
__AUTOMETRIC__|0.1.2|11032|crew_log_ceaf83e94b04c20e|0|1786388123.489|103.727|3.241|1053908992|1065197568|sim_data_aaf7239b1c98d314|__AUTOMETRIC__
__AUTOMETRIC__|0.1.2|11032|crew_log_ceaf83e94b04c20e|0|1786388124.492|98.179|3.068|1077174272|1087852544|sim_data_aaf7239b1c98d314|__AUTOMETRIC__
__AUTOMETRIC__|0.1.2|11032|crew_log_ceaf83e94b04c20e|0|1786388125.503|98.861|3.089|1077448704|1088126976|sim_data_aaf7239b1c98d314|__AUTOMETRIC__
__AUTOMETRIC__|0.1.2|11032|crew_log_ceaf83e94b04c20e|0|1786388126.518|98.552|3.080|1072979968|1083236352|sim_data_aaf7239b1c98d314|__AUTOMETRIC__
__AUTOMETRIC__|0.1.2|11032|crew_log_ceaf83e94b04c20e|0|1786388127.529|100.479|3.140|1075761152|1085964288|sim_data_aaf7239b1c98d314|__AUTOMETRIC__
__AUTOMETRIC__|0.1.2|11032|crew_log_ceaf83e94b04c20e|0|1786388128.532|99.692|3.115|1075585024|1085779968|sim_data_aaf7239b1c98d314|__AUTOMETRIC__
__AUTOMETRIC__|0.1.2|11032|crew_log_ceaf83e94b04c20e|0|1786388129.534|99.742|3.117|1075855360|1086050304|sim_data_aaf7239b1c98d314|__AUTOMETRIC__
__AUTOMETRIC__|0.1.2|11032|crew_log_ceaf83e94b04c20e|0|1786388130.537|98.194|3.069|1078300672|1088495616|sim_data_aaf7239b1c98d314|__AUTOMETRIC__
__AUTOMETRIC__|0.1.2|11032|crew_log_ceaf83e94b04c20e|0|1786388131.538|99.859|3.121|1078403072|1088598016|sim_data_aaf7239b1c98d314|__AUTOMETRIC__
__AUTOMETRIC__|0.1.2|11032|crew_log_ceaf83e94b04c20e|0|1786388132.540|99.846|3.120|1078685696|1088880640|sim_data_aaf7239b1c98d314|__AUTOMETRIC__
__AUTOMETRIC__|0.1.2|11032|crew_log_ceaf83e94b04c20e|0|1786388133.555|98.530|3.079|1081561088|1091764224|sim_data_aaf7239b1c98d314|__AUTOMETRIC__
__AUTOMETRIC__|0.1.2|11032|crew_log_ceaf83e94b04c20e|0|1786388134.555|98.357|3.074|1081208832|1091403776|sim_data_aaf7239b1c98d314|__AUTOMETRIC__
__AUTOMETRIC__|0.1.2|11032|crew_log_ceaf83e94b04c20e|0|1786388135.556|99.985|3.125|1081466880|1091661824|sim_data_aaf7239b1c98d314|__AUTOMETRIC__
__AUTOMETRIC__|0.1.2|11032|crew_log_ceaf83e94b04c20e|0|1786388136.557|99.861|3.121|1433489408|1443958784|sim_data_aaf7239b1c98d314|__AUTOMETRIC__
__AUTOMETRIC__|0.1.2|11032|crew_log_ceaf83e94b04c20e|0|1786388137.564|102.434|3.201|1323003904|1333215232|sim_data_aaf7239b1c98d314|__AUTOMETRIC__
__AUTOMETRIC__|0.1.2|11032|crew_log_ceaf83e94b04c20e|0|1786388138.568|96.479|3.015|1217187840|1227468800|sim_data_aaf7239b1c98d314|__AUTOMETRIC__
__AUTOMETRIC__|0.1.2|11032|crew_log_ceaf83e94b04c20e|0|1786388139.573|104.148|3.255|842256384|851435520|sim_data_aaf7239b1c98d314|__AUTOMETRIC__
__AUTOMETRIC__|0.1.2|11032|crew_log_ceaf83e94b04c20e|0|1786388140.575|98.238|3.070|842534912|851714048|sim_data_aaf7239b1c98d314|__AUTOMETRIC__
__AUTOMETRIC__|0.1.2|11032|crew_log_ceaf83e94b04c20e|0|1786388141.579|99.614|3.113|838139904|847114240|sim_data_aaf7239b1c98d314|__AUTOMETRIC__
__AUTOMETRIC__|0.1.2|11032|crew_log_ceaf83e94b04c20e|0|1786388142.594|98.489|3.078|841302016|850227200|sim_data_aaf7239b1c98d314|__AUTOMETRIC__
__AUTOMETRIC__|0.1.2|11032|crew_log_ceaf83e94b04c20e|0|1786388143.600|104.073|3.252|840847360|849760256|sim_data_aaf7239b1c98d314|__AUTOMETRIC__
__AUTOMETRIC__|0.1.2|11032|crew_log_ceaf83e94b04c20e|0|1786388144.602|99.806|3.119|840880128|849793024|sim_data_aaf7239b1c98d314|__AUTOMETRIC__
__AUTOMETRIC__|0.1.2|11032|crew_log_ceaf83e94b04c20e|0|1786388145.602|100.002|3.125|843866112|853008384|sim_data_aaf7239b1c98d314|__AUTOMETRIC__
__AUTOMETRIC__|0.1.2|11032|crew_log_ceaf83e94b04c20e|0|1786388146.617|100.096|3.128|843718656|852631552|sim_data_aaf7239b1c98d314|__AUTOMETRIC__
__AUTOMETRIC__|0.1.2|11032|crew_log_ceaf83e94b04c20e|0|1786388147.630|98.667|3.083|843706368|852619264|sim_data_aaf7239b1c98d314|__AUTOMETRIC__
__AUTOMETRIC__|0.1.2|11032|crew_log_ceaf83e94b04c20e|0|1786388148.637|99.377|3.106|843702272|852615168|sim_data_aaf7239b1c98d314|__AUTOMETRIC__
__AUTOMETRIC__|0.1.2|11032|crew_log_ceaf83e94b04c20e|0|1786388149.643|97.852|3.058|846282752|855195648|sim_data_aaf7239b1c98d314|__AUTOMETRIC__
__AUTOMETRIC__|0.1.2|11032|crew_log_ceaf83e94b04c20e|0|1786388150.644|104.585|3.268|846532608|855445504|sim_data_aaf7239b1c98d314|__AUTOMETRIC__
__AUTOMETRIC__|0.1.2|11032|crew_log_ceaf83e94b04c20e|0|1786388151.656|95.709|2.991|846536704|855449600|sim_data_aaf7239b1c98d314|__AUTOMETRIC__
__AUTOMETRIC__|0.1.2|11032|crew_log_ceaf83e94b04c20e|0|1786388152.664|99.145|3.098|1094479872|1103446016|sim_data_aaf7239b1c98d314|__AUTOMETRIC__
__AUTOMETRIC__|0.1.2|11032|crew_log_ceaf83e94b04c20e|0|1786388153.681|102.988|3.218|1278566400|1287917568|sim_data_aaf7239b1c98d314|__AUTOMETRIC__
__AUTOMETRIC__|0.1.2|11032|crew_log_ceaf83e94b04c20e|0|1786388154.693|103.433|3.232|990822400|1000390656|sim_data_aaf7239b1c98d314|__AUTOMETRIC__
__AUTOMETRIC__|0.1.2|11032|crew_log_ceaf83e94b04c20e|0|1786388155.707|97.083|3.034|1002844160|1011376128|sim_data_aaf7239b1c98d314|__AUTOMETRIC__
__AUTOMETRIC__|0.1.2|11032|crew_log_ceaf83e94b04c20e|0|1786388156.715|99.222|3.101|1003122688|1011654656|sim_data_aaf7239b1c98d314|__AUTOMETRIC__
__AUTOMETRIC__|0.1.2|11032|crew_log_ceaf83e94b04c20e|0|1786388157.722|99.240|3.101|1000194048|1008381952|sim_data_aaf7239b1c98d314|__AUTOMETRIC__
__AUTOMETRIC__|0.1.2|11032|crew_log_ceaf83e94b04c20e|0|1786388158.725|101.279|3.165|1003286528|1011638272|sim_data_aaf7239b1c98d314|__AUTOMETRIC__
__AUTOMETRIC__|0.1.2|11032|crew_log_ceaf83e94b04c20e|0|1786388159.727|96.740|3.023|1003069440|1011195904|sim_data_aaf7239b1c98d314|__AUTOMETRIC__
__AUTOMETRIC__|0.1.2|11032|crew_log_ceaf83e94b04c20e|0|1786388160.742|100.067|3.127|1006059520|1014411264|sim_data_aaf7239b1c98d314|__AUTOMETRIC__
__AUTOMETRIC__|0.1.2|11032|crew_log_ceaf83e94b04c20e|0|1786388161.742|98.407|3.075|1005846528|1013972992|sim_data_aaf7239b1c98d314|__AUTOMETRIC__
__AUTOMETRIC__|0.1.2|11032|crew_log_ceaf83e94b04c20e|0|1786388162.751|97.548|3.048|1005895680|1014022144|sim_data_aaf7239b1c98d314|__AUTOMETRIC__
__AUTOMETRIC__|0.1.2|11032|crew_log_ceaf83e94b04c20e|0|1786388163.757|100.962|3.155|1008852992|1017204736|sim_data_aaf7239b1c98d314|__AUTOMETRIC__
__AUTOMETRIC__|0.1.2|11032|crew_log_ceaf83e94b04c20e|0|1786388164.762|99.464|3.108|1008672768|1016799232|sim_data_aaf7239b1c98d314|__AUTOMETRIC__
__AUTOMETRIC__|0.1.2|11032|crew_log_ceaf83e94b04c20e|0|1786388165.773|100.539|3.142|1008705536|1017049088|sim_data_aaf7239b1c98d314|__AUTOMETRIC__
__AUTOMETRIC__|0.1.2|11032|crew_log_ceaf83e94b04c20e|0|1786388166.788|99.988|3.125|1381085184|1389584384|sim_data_aaf7239b1c98d314|__AUTOMETRIC__
__AUTOMETRIC__|0.1.2|11032|crew_log_ceaf83e94b04c20e|0|1786388167.797|100.728|3.148|1470164992|1478443008|sim_data_aaf7239b1c98d314|__AUTOMETRIC__
__AUTOMETRIC__|0.1.2|11032|crew_log_ceaf83e94b04c20e|0|1786388168.798|102.932|3.217|1019158528|1027690496|sim_data_aaf7239b1c98d314|__AUTOMETRIC__
__AUTOMETRIC__|0.1.2|11032|crew_log_ceaf83e94b04c20e|0|1786388169.810|100.439|3.139|1025044480|1032601600|sim_data_aaf7239b1c98d314|__AUTOMETRIC__
__AUTOMETRIC__|0.1.2|11032|crew_log_ceaf83e94b04c20e|0|1786388170.810|99.915|3.122|1022468096|1029705728|sim_data_aaf7239b1c98d314|__AUTOMETRIC__
__AUTOMETRIC__|0.1.2|11032|crew_log_ceaf83e94b04c20e|0|1786388171.814|99.676|3.115|1022488576|1029726208|sim_data_aaf7239b1c98d314|__AUTOMETRIC__
__AUTOMETRIC__|0.1.2|11032|crew_log_ceaf83e94b04c20e|0|1786388172.817|99.643|3.114|1025204224|1032396800|sim_data_aaf7239b1c98d314|__AUTOMETRIC__
__AUTOMETRIC__|0.1.2|11032|crew_log_ceaf83e94b04c20e|0|1786388173.829|98.837|3.089|1025024000|1032204288|sim_data_aaf7239b1c98d314|__AUTOMETRIC__
__AUTOMETRIC__|0.1.2|11032|crew_log_ceaf83e94b04c20e|0|1786388174.831|99.831|3.120|1025015808|1032196096|sim_data_aaf7239b1c98d314|__AUTOMETRIC__
__AUTOMETRIC__|0.1.2|11032|crew_log_ceaf83e94b04c20e|0|1786388175.837|100.883|3.153|1025011712|1032192000|sim_data_aaf7239b1c98d314|__AUTOMETRIC__
__AUTOMETRIC__|0.1.2|11032|crew_log_ceaf83e94b04c20e|0|1786388176.844|99.326|3.104|1028132864|1035325440|sim_data_aaf7239b1c98d314|__AUTOMETRIC__
__AUTOMETRIC__|0.1.2|11032|crew_log_ceaf83e94b04c20e|0|1786388177.850|101.028|3.157|1027948544|1035128832|sim_data_aaf7239b1c98d314|__AUTOMETRIC__
__AUTOMETRIC__|0.1.2|11032|crew_log_ceaf83e94b04c20e|0|1786388178.852|99.754|3.117|1027981312|1035378688|sim_data_aaf7239b1c98d314|__AUTOMETRIC__
__AUTOMETRIC__|0.1.2|11032|crew_log_ceaf83e94b04c20e|0|1786388179.853|99.907|3.122|1030926336|1038336000|sim_data_aaf7239b1c98d314|__AUTOMETRIC__
__AUTOMETRIC__|0.1.2|11032|crew_log_ceaf83e94b04c20e|0|1786388180.856|98.146|3.067|1030701056|1037881344|sim_data_aaf7239b1c98d314|__AUTOMETRIC__
__AUTOMETRIC__|0.1.2|11032|crew_log_ceaf83e94b04c20e|0|1786388181.861|99.458|3.108|1030717440|1038114816|sim_data_aaf7239b1c98d314|__AUTOMETRIC__
__AUTOMETRIC__|0.1.2|11032|crew_log_ceaf83e94b04c20e|0|1786388182.872|98.915|3.091|1394860032|1401991168|sim_data_aaf7239b1c98d314|__AUTOMETRIC__
__AUTOMETRIC__|0.1.2|11032|crew_log_ceaf83e94b04c20e|0|1786388183.878|107.237|3.351|1243795456|1251090432|sim_data_aaf7239b1c98d314|__AUTOMETRIC__
__AUTOMETRIC__|0.1.2|11032|crew_log_ceaf83e94b04c20e|0|1786388184.886|105.426|3.295|789766144|797315072|sim_data_aaf7239b1c98d314|__AUTOMETRIC__
__AUTOMETRIC__|0.1.2|11032|crew_log_ceaf83e94b04c20e|0|1786388185.892|97.804|3.056|854470656|860758016|sim_data_aaf7239b1c98d314|__AUTOMETRIC__
__AUTOMETRIC__|0.1.2|11032|crew_log_ceaf83e94b04c20e|0|1786388186.895|101.244|3.164|854294528|860471296|sim_data_aaf7239b1c98d314|__AUTOMETRIC__
__AUTOMETRIC__|0.1.2|11032|crew_log_ceaf83e94b04c20e|0|1786388187.904|99.116|3.097|854315008|860491776|sim_data_aaf7239b1c98d314|__AUTOMETRIC__
__AUTOMETRIC__|0.1.2|11032|crew_log_ceaf83e94b04c20e|0|1786388188.912|100.769|3.149|857382912|863514624|sim_data_aaf7239b1c98d314|__AUTOMETRIC__
__AUTOMETRIC__|0.1.2|11032|crew_log_ceaf83e94b04c20e|0|1786388189.923|97.328|3.041|856993792|863113216|sim_data_aaf7239b1c98d314|__AUTOMETRIC__
__AUTOMETRIC__|0.1.2|11032|crew_log_ceaf83e94b04c20e|0|1786388190.933|102.171|3.193|857235456|863354880|sim_data_aaf7239b1c98d314|__AUTOMETRIC__
__AUTOMETRIC__|0.1.2|11032|crew_log_ceaf83e94b04c20e|0|1786388191.936|99.690|3.115|856997888|863117312|sim_data_aaf7239b1c98d314|__AUTOMETRIC__
__AUTOMETRIC__|0.1.2|11032|crew_log_ceaf83e94b04c20e|0|1786388192.945|99.118|3.097|857001984|863121408|sim_data_aaf7239b1c98d314|__AUTOMETRIC__
__AUTOMETRIC__|0.1.2|11032|crew_log_ceaf83e94b04c20e|0|1786388193.950|99.457|3.108|857001984|863121408|sim_data_aaf7239b1c98d314|__AUTOMETRIC__
__AUTOMETRIC__|0.1.2|11032|crew_log_ceaf83e94b04c20e|0|1786388194.958|99.204|3.100|857006080|863125504|sim_data_aaf7239b1c98d314|__AUTOMETRIC__
__AUTOMETRIC__|0.1.2|11032|crew_log_ceaf83e94b04c20e|0|1786388195.960|99.842|3.120|857001984|863121408|sim_data_aaf7239b1c98d314|__AUTOMETRIC__
__AUTOMETRIC__|0.1.2|11032|crew_log_ceaf83e94b04c20e|0|1786388196.965|99.441|3.108|856997888|863117312|sim_data_aaf7239b1c98d314|__AUTOMETRIC__
__AUTOMETRIC__|0.1.2|11032|crew_log_ceaf83e94b04c20e|0|1786388197.971|97.934|3.060|859934720|866066432|sim_data_aaf7239b1c98d314|__AUTOMETRIC__
__AUTOMETRIC__|0.1.2|11032|crew_log_ceaf83e94b04c20e|0|1786388198.973|102.874|3.215|860110848|866230272|sim_data_aaf7239b1c98d314|__AUTOMETRIC__
__AUTOMETRIC__|0.1.2|11032|crew_log_ceaf83e94b04c20e|0|1786388199.988|100.093|3.128|860135424|866254848|sim_data_aaf7239b1c98d314|__AUTOMETRIC__
__AUTOMETRIC__|0.1.2|11032|crew_log_ceaf83e94b04c20e|0|1786388200.998|97.425|3.045|860114944|866234368|sim_data_aaf7239b1c98d314|__AUTOMETRIC__
__AUTOMETRIC__|0.1.2|11032|crew_log_ceaf83e94b04c20e|0|1786388202.012|100.156|3.130|863035392|869167104|sim_data_aaf7239b1c98d314|__AUTOMETRIC__
__AUTOMETRIC__|0.1.2|11032|crew_log_ceaf83e94b04c20e|0|1786388203.020|100.810|3.150|862949376|869068800|sim_data_aaf7239b1c98d314|__AUTOMETRIC__
__AUTOMETRIC__|0.1.2|11032|crew_log_ceaf83e94b04c20e|0|1786388204.030|98.986|3.093|862982144|869318656|sim_data_aaf7239b1c98d314|__AUTOMETRIC__
__AUTOMETRIC__|0.1.2|11032|crew_log_ceaf83e94b04c20e|0|1786388205.034|99.577|3.112|1140740096|1146875904|sim_data_aaf7239b1c98d314|__AUTOMETRIC__
__AUTOMETRIC__|0.1.2|11032|crew_log_ceaf83e94b04c20e|0|1786388206.041|100.910|3.153|1366540288|1373052928|sim_data_aaf7239b1c98d314|__AUTOMETRIC__
__AUTOMETRIC__|0.1.2|11032|crew_log_ceaf83e94b04c20e|0|1786388207.043|102.897|3.216|1170722816|1177088000|sim_data_aaf7239b1c98d314|__AUTOMETRIC__
__AUTOMETRIC__|0.1.2|11032|crew_log_ceaf83e94b04c20e|0|1786388208.046|102.773|3.212|793468928|799678464|sim_data_aaf7239b1c98d314|__AUTOMETRIC__
__AUTOMETRIC__|0.1.2|11032|crew_log_ceaf83e94b04c20e|0|1786388209.048|99.842|3.120|793743360|799952896|sim_data_aaf7239b1c98d314|__AUTOMETRIC__
__AUTOMETRIC__|0.1.2|11032|crew_log_ceaf83e94b04c20e|0|1786388210.062|98.576|3.081|731324416|737525760|sim_data_aaf7239b1c98d314|__AUTOMETRIC__
__AUTOMETRIC__|0.1.2|11032|crew_log_ceaf83e94b04c20e|0|1786388211.064|101.351|3.167|733605888|739819520|sim_data_aaf7239b1c98d314|__AUTOMETRIC__
__AUTOMETRIC__|0.1.2|11032|crew_log_ceaf83e94b04c20e|0|1786388212.079|100.094|3.128|733491200|739692544|sim_data_aaf7239b1c98d314|__AUTOMETRIC__
__AUTOMETRIC__|0.1.2|11032|crew_log_ceaf83e94b04c20e|0|1786388213.089|98.997|3.094|733491200|739692544|sim_data_aaf7239b1c98d314|__AUTOMETRIC__
__AUTOMETRIC__|0.1.2|11032|crew_log_ceaf83e94b04c20e|0|1786388214.104|100.089|3.128|736251904|742236160|sim_data_aaf7239b1c98d314|__AUTOMETRIC__
__AUTOMETRIC__|0.1.2|11032|crew_log_ceaf83e94b04c20e|0|1786388215.117|100.264|3.133|736256000|742240256|sim_data_aaf7239b1c98d314|__AUTOMETRIC__
__AUTOMETRIC__|0.1.2|11032|crew_log_ceaf83e94b04c20e|0|1786388216.131|98.559|3.080|736227328|742428672|sim_data_aaf7239b1c98d314|__AUTOMETRIC__
__AUTOMETRIC__|0.1.2|11032|crew_log_ceaf83e94b04c20e|0|1786388217.146|100.114|3.129|739037184|745021440|sim_data_aaf7239b1c98d314|__AUTOMETRIC__
__AUTOMETRIC__|0.1.2|11032|crew_log_ceaf83e94b04c20e|0|1786388218.159|100.291|3.134|739028992|745013248|sim_data_aaf7239b1c98d314|__AUTOMETRIC__
__AUTOMETRIC__|0.1.2|11032|crew_log_ceaf83e94b04c20e|0|1786388219.160|99.900|3.122|871280640|877514752|sim_data_aaf7239b1c98d314|__AUTOMETRIC__
__AUTOMETRIC__|0.1.2|11032|crew_log_ceaf83e94b04c20e|0|1786388220.161|99.875|3.121|1365729280|1372307456|sim_data_aaf7239b1c98d314|__AUTOMETRIC__
__AUTOMETRIC__|0.1.2|11032|crew_log_ceaf83e94b04c20e|0|1786388221.174|103.308|3.228|1071325184|1077878784|sim_data_aaf7239b1c98d314|__AUTOMETRIC__
__AUTOMETRIC__|0.1.2|11032|crew_log_ceaf83e94b04c20e|0|1786388222.178|101.166|3.161|777564160|784044032|sim_data_aaf7239b1c98d314|__AUTOMETRIC__
__AUTOMETRIC__|0.1.2|11032|crew_log_ceaf83e94b04c20e|0|1786388223.182|99.584|3.112|769482752|775671808|sim_data_aaf7239b1c98d314|__AUTOMETRIC__
__AUTOMETRIC__|0.1.2|11032|crew_log_ceaf83e94b04c20e|0|1786388224.184|99.773|3.118|769544192|775913472|sim_data_aaf7239b1c98d314|__AUTOMETRIC__
__AUTOMETRIC__|0.1.2|11032|crew_log_ceaf83e94b04c20e|0|1786388225.186|99.896|3.122|766099456|772182016|sim_data_aaf7239b1c98d314|__AUTOMETRIC__
__AUTOMETRIC__|0.1.2|11032|crew_log_ceaf83e94b04c20e|0|1786388226.198|100.357|3.136|766029824|772104192|sim_data_aaf7239b1c98d314|__AUTOMETRIC__
__AUTOMETRIC__|0.1.2|11032|crew_log_ceaf83e94b04c20e|0|1786388227.202|99.579|3.112|766054400|772308992|sim_data_aaf7239b1c98d314|__AUTOMETRIC__
__AUTOMETRIC__|0.1.2|11032|crew_log_ceaf83e94b04c20e|0|1786388228.205|101.208|3.163|768827392|775081984|sim_data_aaf7239b1c98d314|__AUTOMETRIC__
__AUTOMETRIC__|0.1.2|11032|crew_log_ceaf83e94b04c20e|0|1786388229.220|100.121|3.129|768815104|775069696|sim_data_aaf7239b1c98d314|__AUTOMETRIC__
__AUTOMETRIC__|0.1.2|11032|crew_log_ceaf83e94b04c20e|0|1786388230.226|102.497|3.203|768851968|775106560|sim_data_aaf7239b1c98d314|__AUTOMETRIC__
__AUTOMETRIC__|0.1.2|11032|crew_log_ceaf83e94b04c20e|0|1786388231.230|99.532|3.110|771772416|778035200|sim_data_aaf7239b1c98d314|__AUTOMETRIC__
__AUTOMETRIC__|0.1.2|11032|crew_log_ceaf83e94b04c20e|0|1786388232.233|99.713|3.116|771694592|777949184|sim_data_aaf7239b1c98d314|__AUTOMETRIC__
__AUTOMETRIC__|0.1.2|11032|crew_log_ceaf83e94b04c20e|0|1786388233.246|100.270|3.133|771674112|777928704|sim_data_aaf7239b1c98d314|__AUTOMETRIC__
__AUTOMETRIC__|0.1.2|11032|crew_log_ceaf83e94b04c20e|0|1786388234.261|103.161|3.224|1082208256|1088335872|sim_data_aaf7239b1c98d314|__AUTOMETRIC__
__AUTOMETRIC__|0.1.2|11032|crew_log_ceaf83e94b04c20e|0|1786388235.263|98.238|3.070|1363873792|1370279936|sim_data_aaf7239b1c98d314|__AUTOMETRIC__
__AUTOMETRIC__|0.1.2|11032|crew_log_ceaf83e94b04c20e|0|1786388236.265|101.406|3.169|1454473216|1460596736|sim_data_aaf7239b1c98d314|__AUTOMETRIC__
__AUTOMETRIC__|0.1.2|11032|crew_log_ceaf83e94b04c20e|0|1786388237.265|103.058|3.221|1258213376|1264734208|sim_data_aaf7239b1c98d314|__AUTOMETRIC__
__AUTOMETRIC__|0.1.2|11032|crew_log_ceaf83e94b04c20e|0|1786388238.269|102.783|3.212|1254821888|1260896256|sim_data_aaf7239b1c98d314|__AUTOMETRIC__
__AUTOMETRIC__|0.1.2|11032|crew_log_ceaf83e94b04c20e|0|1786388239.273|99.531|3.110|1254031360|1260105728|sim_data_aaf7239b1c98d314|__AUTOMETRIC__
__AUTOMETRIC__|0.1.2|11032|crew_log_ceaf83e94b04c20e|0|1786388240.276|99.686|3.115|1254010880|1260085248|sim_data_aaf7239b1c98d314|__AUTOMETRIC__
__AUTOMETRIC__|0.1.2|11032|crew_log_ceaf83e94b04c20e|0|1786388241.278|99.846|3.120|1256640512|1262714880|sim_data_aaf7239b1c98d314|__AUTOMETRIC__
__AUTOMETRIC__|0.1.2|11032|crew_log_ceaf83e94b04c20e|0|1786388242.293|96.958|3.030|1256890368|1262964736|sim_data_aaf7239b1c98d314|__AUTOMETRIC__
__AUTOMETRIC__|0.1.2|11032|crew_log_ceaf83e94b04c20e|0|1786388243.297|99.608|3.113|1256906752|1262981120|sim_data_aaf7239b1c98d314|__AUTOMETRIC__
__AUTOMETRIC__|0.1.2|11032|crew_log_ceaf83e94b04c20e|0|1786388244.300|101.323|3.166|1259905024|1265991680|sim_data_aaf7239b1c98d314|__AUTOMETRIC__
__AUTOMETRIC__|0.1.2|11032|crew_log_ceaf83e94b04c20e|0|1786388245.300|98.428|3.076|1259532288|1265606656|sim_data_aaf7239b1c98d314|__AUTOMETRIC__
__AUTOMETRIC__|0.1.2|11032|crew_log_ceaf83e94b04c20e|0|1786388246.300|99.982|3.124|1259806720|1265881088|sim_data_aaf7239b1c98d314|__AUTOMETRIC__
__AUTOMETRIC__|0.1.2|11032|crew_log_ceaf83e94b04c20e|0|1786388247.300|99.984|3.125|1259802624|1266057216|sim_data_aaf7239b1c98d314|__AUTOMETRIC__
__AUTOMETRIC__|0.1.2|11032|crew_log_ceaf83e94b04c20e|0|1786388248.302|99.797|3.119|1262694400|1268957184|sim_data_aaf7239b1c98d314|__AUTOMETRIC__
__AUTOMETRIC__|0.1.2|11032|crew_log_ceaf83e94b04c20e|0|1786388249.312|98.979|3.093|1262600192|1268674560|sim_data_aaf7239b1c98d314|__AUTOMETRIC__
__AUTOMETRIC__|0.1.2|11032|crew_log_ceaf83e94b04c20e|0|1786388250.327|100.103|3.128|1262612480|1268867072|sim_data_aaf7239b1c98d314|__AUTOMETRIC__
__AUTOMETRIC__|0.1.2|11032|crew_log_ceaf83e94b04c20e|0|1786388251.330|102.823|3.213|1458757632|1465290752|sim_data_aaf7239b1c98d314|__AUTOMETRIC__
__AUTOMETRIC__|0.1.2|11032|crew_log_ceaf83e94b04c20e|0|1786388252.333|110.574|3.455|941039616|947703808|sim_data_aaf7239b1c98d314|__AUTOMETRIC__
__AUTOMETRIC__|0.1.2|11032|crew_log_ceaf83e94b04c20e|0|1786388253.345|98.783|3.087|1003716608|1010974720|sim_data_aaf7239b1c98d314|__AUTOMETRIC__
__AUTOMETRIC__|0.1.2|11032|crew_log_ceaf83e94b04c20e|0|1786388254.361|99.991|3.125|999157760|1006374912|sim_data_aaf7239b1c98d314|__AUTOMETRIC__
__AUTOMETRIC__|0.1.2|11032|crew_log_ceaf83e94b04c20e|0|1786388255.370|99.161|3.099|997912576|1004560384|sim_data_aaf7239b1c98d314|__AUTOMETRIC__
__AUTOMETRIC__|0.1.2|11032|crew_log_ceaf83e94b04c20e|0|1786388256.373|99.620|3.113|999403520|1006059520|sim_data_aaf7239b1c98d314|__AUTOMETRIC__
__AUTOMETRIC__|0.1.2|11032|crew_log_ceaf83e94b04c20e|0|1786388257.379|100.962|3.155|999288832|1005793280|sim_data_aaf7239b1c98d314|__AUTOMETRIC__
__AUTOMETRIC__|0.1.2|11032|crew_log_ceaf83e94b04c20e|0|1786388258.393|100.162|3.130|999301120|1005948928|sim_data_aaf7239b1c98d314|__AUTOMETRIC__
__AUTOMETRIC__|0.1.2|11032|crew_log_ceaf83e94b04c20e|0|1786388259.397|99.598|3.112|999301120|1005948928|sim_data_aaf7239b1c98d314|__AUTOMETRIC__
__AUTOMETRIC__|0.1.2|11032|crew_log_ceaf83e94b04c20e|0|1786388260.398|98.361|3.074|1002217472|1008873472|sim_data_aaf7239b1c98d314|__AUTOMETRIC__
__AUTOMETRIC__|0.1.2|11032|crew_log_ceaf83e94b04c20e|0|1786388261.404|99.449|3.108|1002041344|1008689152|sim_data_aaf7239b1c98d314|__AUTOMETRIC__
__AUTOMETRIC__|0.1.2|11032|crew_log_ceaf83e94b04c20e|0|1786388262.409|101.008|3.157|1002049536|1008697344|sim_data_aaf7239b1c98d314|__AUTOMETRIC__
__AUTOMETRIC__|0.1.2|11032|crew_log_ceaf83e94b04c20e|0|1786388263.424|100.098|3.128|1004941312|1011589120|sim_data_aaf7239b1c98d314|__AUTOMETRIC__
__AUTOMETRIC__|0.1.2|11032|crew_log_ceaf83e94b04c20e|0|1786388264.429|97.898|3.059|1004924928|1011572736|sim_data_aaf7239b1c98d314|__AUTOMETRIC__
__AUTOMETRIC__|0.1.2|11032|crew_log_ceaf83e94b04c20e|0|1786388265.433|99.597|3.112|1004941312|1011589120|sim_data_aaf7239b1c98d314|__AUTOMETRIC__
__AUTOMETRIC__|0.1.2|11032|crew_log_ceaf83e94b04c20e|0|1786388266.435|99.798|3.119|1520889856|1527787520|sim_data_aaf7239b1c98d314|__AUTOMETRIC__
__AUTOMETRIC__|0.1.2|11032|crew_log_ceaf83e94b04c20e|0|1786388267.446|102.032|3.188|1420308480|1426800640|sim_data_aaf7239b1c98d314|__AUTOMETRIC__
__AUTOMETRIC__|0.1.2|11032|crew_log_ceaf83e94b04c20e|0|1786388268.451|97.930|3.060|1470824448|1477922816|sim_data_aaf7239b1c98d314|__AUTOMETRIC__
__AUTOMETRIC__|0.1.2|11032|crew_log_ceaf83e94b04c20e|0|1786388269.462|102.024|3.188|1467899904|1474945024|sim_data_aaf7239b1c98d314|__AUTOMETRIC__
__AUTOMETRIC__|0.1.2|11032|crew_log_ceaf83e94b04c20e|0|1786388270.470|99.178|3.099|1464795136|1471315968|sim_data_aaf7239b1c98d314|__AUTOMETRIC__
__AUTOMETRIC__|0.1.2|11032|crew_log_ceaf83e94b04c20e|0|1786388271.477|100.906|3.153|1466445824|1473093632|sim_data_aaf7239b1c98d314|__AUTOMETRIC__
__AUTOMETRIC__|0.1.2|11032|crew_log_ceaf83e94b04c20e|0|1786388272.487|97.496|3.047|1466286080|1472806912|sim_data_aaf7239b1c98d314|__AUTOMETRIC__
__AUTOMETRIC__|0.1.2|11032|crew_log_ceaf83e94b04c20e|0|1786388273.501|101.628|3.176|1466294272|1472815104|sim_data_aaf7239b1c98d314|__AUTOMETRIC__
__AUTOMETRIC__|0.1.2|11032|crew_log_ceaf83e94b04c20e|0|1786388274.503|99.853|3.120|1469177856|1475846144|sim_data_aaf7239b1c98d314|__AUTOMETRIC__
__AUTOMETRIC__|0.1.2|11032|crew_log_ceaf83e94b04c20e|0|1786388275.506|99.727|3.116|1469100032|1475641344|sim_data_aaf7239b1c98d314|__AUTOMETRIC__
__AUTOMETRIC__|0.1.2|11032|crew_log_ceaf83e94b04c20e|0|1786388276.516|98.957|3.092|1469108224|1475649536|sim_data_aaf7239b1c98d314|__AUTOMETRIC__
__AUTOMETRIC__|0.1.2|11032|crew_log_ceaf83e94b04c20e|0|1786388277.527|100.433|3.139|1472032768|1478701056|sim_data_aaf7239b1c98d314|__AUTOMETRIC__
__AUTOMETRIC__|0.1.2|11032|crew_log_ceaf83e94b04c20e|0|1786388278.530|101.242|3.164|1471909888|1478451200|sim_data_aaf7239b1c98d314|__AUTOMETRIC__
__AUTOMETRIC__|0.1.2|11032|crew_log_ceaf83e94b04c20e|0|1786388279.538|100.784|3.149|1471909888|1478451200|sim_data_aaf7239b1c98d314|__AUTOMETRIC__
__AUTOMETRIC__|0.1.2|11032|crew_log_ceaf83e94b04c20e|0|1786388280.553|100.064|3.127|1568145408|1574760448|sim_data_aaf7239b1c98d314|__AUTOMETRIC__
__AUTOMETRIC__|0.1.2|11032|crew_log_ceaf83e94b04c20e|0|1786388281.557|102.758|3.211|1606873088|1614004224|sim_data_aaf7239b1c98d314|__AUTOMETRIC__
__AUTOMETRIC__|0.1.2|11032|crew_log_ceaf83e94b04c20e|0|1786388282.568|95.819|2.994|1521655808|1528836096|sim_data_aaf7239b1c98d314|__AUTOMETRIC__
__AUTOMETRIC__|0.1.2|11032|crew_log_ceaf83e94b04c20e|0|1786388283.576|100.732|3.148|1362993152|1370488832|sim_data_aaf7239b1c98d314|__AUTOMETRIC__
__AUTOMETRIC__|0.1.2|11032|crew_log_ceaf83e94b04c20e|0|1786388284.578|101.376|3.168|1358651392|1365573632|sim_data_aaf7239b1c98d314|__AUTOMETRIC__
__AUTOMETRIC__|0.1.2|11032|crew_log_ceaf83e94b04c20e|0|1786388285.587|102.210|3.194|1357307904|1364119552|sim_data_aaf7239b1c98d314|__AUTOMETRIC__
__AUTOMETRIC__|0.1.2|11032|crew_log_ceaf83e94b04c20e|0|1786388286.593|99.402|3.106|1360285696|1367105536|sim_data_aaf7239b1c98d314|__AUTOMETRIC__
__AUTOMETRIC__|0.1.2|11032|crew_log_ceaf83e94b04c20e|0|1786388287.605|98.818|3.088|1359888384|1366700032|sim_data_aaf7239b1c98d314|__AUTOMETRIC__
__AUTOMETRIC__|0.1.2|11032|crew_log_ceaf83e94b04c20e|0|1786388288.614|100.641|3.145|1359904768|1366933504|sim_data_aaf7239b1c98d314|__AUTOMETRIC__
__AUTOMETRIC__|0.1.2|11032|crew_log_ceaf83e94b04c20e|0|1786388289.628|100.181|3.131|1362505728|1369337856|sim_data_aaf7239b1c98d314|__AUTOMETRIC__
__AUTOMETRIC__|0.1.2|11032|crew_log_ceaf83e94b04c20e|0|1786388290.642|98.548|3.080|1362620416|1369452544|sim_data_aaf7239b1c98d314|__AUTOMETRIC__
__AUTOMETRIC__|0.1.2|11032|crew_log_ceaf83e94b04c20e|0|1786388291.649|102.495|3.203|1362624512|1369673728|sim_data_aaf7239b1c98d314|__AUTOMETRIC__
__AUTOMETRIC__|0.1.2|11032|crew_log_ceaf83e94b04c20e|0|1786388292.663|100.091|3.128|1365213184|1372045312|sim_data_aaf7239b1c98d314|__AUTOMETRIC__
__AUTOMETRIC__|0.1.2|11032|crew_log_ceaf83e94b04c20e|0|1786388293.676|98.703|3.084|1365454848|1372504064|sim_data_aaf7239b1c98d314|__AUTOMETRIC__
__AUTOMETRIC__|0.1.2|11032|crew_log_ceaf83e94b04c20e|0|1786388294.677|99.967|3.124|1365487616|1372536832|sim_data_aaf7239b1c98d314|__AUTOMETRIC__
__AUTOMETRIC__|0.1.2|11032|crew_log_ceaf83e94b04c20e|0|1786388295.679|99.769|3.118|1901613056|1909129216|sim_data_aaf7239b1c98d314|__AUTOMETRIC__
__AUTOMETRIC__|0.1.2|11032|crew_log_ceaf83e94b04c20e|0|1786388296.684|104.142|3.254|1630134272|1637384192|sim_data_aaf7239b1c98d314|__AUTOMETRIC__
__AUTOMETRIC__|0.1.2|11032|crew_log_ceaf83e94b04c20e|0|1786388297.692|102.346|3.198|1294606336|1302200320|sim_data_aaf7239b1c98d314|__AUTOMETRIC__
__AUTOMETRIC__|0.1.2|11032|crew_log_ceaf83e94b04c20e|0|1786388298.702|98.995|3.094|1290821632|1297829888|sim_data_aaf7239b1c98d314|__AUTOMETRIC__
__AUTOMETRIC__|0.1.2|11032|crew_log_ceaf83e94b04c20e|0|1786388299.714|98.806|3.088|1288847360|1295962112|sim_data_aaf7239b1c98d314|__AUTOMETRIC__
__AUTOMETRIC__|0.1.2|11032|crew_log_ceaf83e94b04c20e|0|1786388300.718|99.658|3.114|1291395072|1298292736|sim_data_aaf7239b1c98d314|__AUTOMETRIC__
__AUTOMETRIC__|0.1.2|11032|crew_log_ceaf83e94b04c20e|0|1786388301.729|98.837|3.089|1291661312|1298558976|sim_data_aaf7239b1c98d314|__AUTOMETRIC__
__AUTOMETRIC__|0.1.2|11032|crew_log_ceaf83e94b04c20e|0|1786388302.737|99.218|3.101|1291685888|1298583552|sim_data_aaf7239b1c98d314|__AUTOMETRIC__
__AUTOMETRIC__|0.1.2|11032|crew_log_ceaf83e94b04c20e|0|1786388303.745|97.683|3.053|1294749696|1301872640|sim_data_aaf7239b1c98d314|__AUTOMETRIC__
__AUTOMETRIC__|0.1.2|11032|crew_log_ceaf83e94b04c20e|0|1786388304.754|100.669|3.146|1294561280|1301458944|sim_data_aaf7239b1c98d314|__AUTOMETRIC__
__AUTOMETRIC__|0.1.2|11032|crew_log_ceaf83e94b04c20e|0|1786388305.754|100.010|3.125|1294569472|1301684224|sim_data_aaf7239b1c98d314|__AUTOMETRIC__
__AUTOMETRIC__|0.1.2|11032|crew_log_ceaf83e94b04c20e|0|1786388306.766|97.204|3.038|1297379328|1304494080|sim_data_aaf7239b1c98d314|__AUTOMETRIC__
__AUTOMETRIC__|0.1.2|11032|crew_log_ceaf83e94b04c20e|0|1786388307.780|103.330|3.229|1297362944|1304477696|sim_data_aaf7239b1c98d314|__AUTOMETRIC__
__AUTOMETRIC__|0.1.2|11032|crew_log_ceaf83e94b04c20e|0|1786388308.780|99.988|3.125|1436225536|1443344384|sim_data_aaf7239b1c98d314|__AUTOMETRIC__
__AUTOMETRIC__|0.1.2|11032|crew_log_ceaf83e94b04c20e|0|1786388309.781|104.595|3.269|1495244800|1502433280|sim_data_aaf7239b1c98d314|__AUTOMETRIC__
__AUTOMETRIC__|0.1.2|11032|crew_log_ceaf83e94b04c20e|0|1786388310.796|100.060|3.127|1638473728|1645817856|sim_data_aaf7239b1c98d314|__AUTOMETRIC__
__AUTOMETRIC__|0.1.2|11032|crew_log_ceaf83e94b04c20e|0|1786388311.796|103.129|3.223|1273896960|1281552384|sim_data_aaf7239b1c98d314|__AUTOMETRIC__
__AUTOMETRIC__|0.1.2|11032|crew_log_ceaf83e94b04c20e|0|1786388312.811|101.549|3.173|1249394688|1256476672|sim_data_aaf7239b1c98d314|__AUTOMETRIC__
__AUTOMETRIC__|0.1.2|11032|crew_log_ceaf83e94b04c20e|0|1786388313.813|98.211|3.069|1248456704|1255333888|sim_data_aaf7239b1c98d314|__AUTOMETRIC__
__AUTOMETRIC__|0.1.2|11032|crew_log_ceaf83e94b04c20e|0|1786388314.821|100.831|3.151|1251504128|1258393600|sim_data_aaf7239b1c98d314|__AUTOMETRIC__
__AUTOMETRIC__|0.1.2|11032|crew_log_ceaf83e94b04c20e|0|1786388315.835|100.173|3.130|1251352576|1258229760|sim_data_aaf7239b1c98d314|__AUTOMETRIC__
__AUTOMETRIC__|0.1.2|11032|crew_log_ceaf83e94b04c20e|0|1786388316.837|99.739|3.117|1251344384|1258221568|sim_data_aaf7239b1c98d314|__AUTOMETRIC__
__AUTOMETRIC__|0.1.2|11032|crew_log_ceaf83e94b04c20e|0|1786388317.842|97.946|3.061|1254113280|1260986368|sim_data_aaf7239b1c98d314|__AUTOMETRIC__
__AUTOMETRIC__|0.1.2|11032|crew_log_ceaf83e94b04c20e|0|1786388318.848|101.010|3.157|1254084608|1260957696|sim_data_aaf7239b1c98d314|__AUTOMETRIC__
__AUTOMETRIC__|0.1.2|11032|crew_log_ceaf83e94b04c20e|0|1786388319.854|97.835|3.057|1254137856|1261191168|sim_data_aaf7239b1c98d314|__AUTOMETRIC__
__AUTOMETRIC__|0.1.2|11032|crew_log_ceaf83e94b04c20e|0|1786388320.867|100.225|3.132|1256935424|1263808512|sim_data_aaf7239b1c98d314|__AUTOMETRIC__
__AUTOMETRIC__|0.1.2|11032|crew_log_ceaf83e94b04c20e|0|1786388321.868|99.897|3.122|1257058304|1263931392|sim_data_aaf7239b1c98d314|__AUTOMETRIC__
__AUTOMETRIC__|0.1.2|11032|crew_log_ceaf83e94b04c20e|0|1786388322.883|100.063|3.127|1257091072|1264144384|sim_data_aaf7239b1c98d314|__AUTOMETRIC__
__AUTOMETRIC__|0.1.2|11032|crew_log_ceaf83e94b04c20e|0|1786388323.889|102.541|3.204|1162170368|1169174528|sim_data_aaf7239b1c98d314|__AUTOMETRIC__
__AUTOMETRIC__|0.1.2|11032|crew_log_ceaf83e94b04c20e|0|1786388324.889|99.997|3.125|2035376128|2042437632|sim_data_aaf7239b1c98d314|__AUTOMETRIC__
__AUTOMETRIC__|0.1.2|11032|crew_log_ceaf83e94b04c20e|0|1786388325.892|108.981|3.406|1191219200|1198395392|sim_data_aaf7239b1c98d314|__AUTOMETRIC__
__AUTOMETRIC__|0.1.2|11032|crew_log_ceaf83e94b04c20e|0|1786388326.902|99.080|3.096|1203359744|1210781696|sim_data_aaf7239b1c98d314|__AUTOMETRIC__
__AUTOMETRIC__|0.1.2|11032|crew_log_ceaf83e94b04c20e|0|1786388327.911|99.100|3.097|1200078848|1206956032|sim_data_aaf7239b1c98d314|__AUTOMETRIC__
__AUTOMETRIC__|0.1.2|11032|crew_log_ceaf83e94b04c20e|0|1786388328.912|98.324|3.073|1198583808|1205460992|sim_data_aaf7239b1c98d314|__AUTOMETRIC__
__AUTOMETRIC__|0.1.2|11032|crew_log_ceaf83e94b04c20e|0|1786388329.918|99.444|3.108|1201446912|1208332288|sim_data_aaf7239b1c98d314|__AUTOMETRIC__
__AUTOMETRIC__|0.1.2|11032|crew_log_ceaf83e94b04c20e|0|1786388330.921|99.702|3.116|1201188864|1208066048|sim_data_aaf7239b1c98d314|__AUTOMETRIC__
__AUTOMETRIC__|0.1.2|11032|crew_log_ceaf83e94b04c20e|0|1786388331.922|99.864|3.121|1201336320|1208213504|sim_data_aaf7239b1c98d314|__AUTOMETRIC__
__AUTOMETRIC__|0.1.2|11032|crew_log_ceaf83e94b04c20e|0|1786388332.926|99.577|3.112|1201332224|1208209408|sim_data_aaf7239b1c98d314|__AUTOMETRIC__
__AUTOMETRIC__|0.1.2|11032|crew_log_ceaf83e94b04c20e|0|1786388333.928|99.786|3.118|1204355072|1211420672|sim_data_aaf7239b1c98d314|__AUTOMETRIC__
__AUTOMETRIC__|0.1.2|11032|crew_log_ceaf83e94b04c20e|0|1786388334.936|99.249|3.102|1204170752|1211047936|sim_data_aaf7239b1c98d314|__AUTOMETRIC__
__AUTOMETRIC__|0.1.2|11032|crew_log_ceaf83e94b04c20e|0|1786388335.947|100.430|3.138|1204207616|1211084800|sim_data_aaf7239b1c98d314|__AUTOMETRIC__
__AUTOMETRIC__|0.1.2|11032|crew_log_ceaf83e94b04c20e|0|1786388336.952|99.473|3.109|1207128064|1214013440|sim_data_aaf7239b1c98d314|__AUTOMETRIC__
__AUTOMETRIC__|0.1.2|11032|crew_log_ceaf83e94b04c20e|0|1786388337.966|100.225|3.132|1206939648|1213816832|sim_data_aaf7239b1c98d314|__AUTOMETRIC__
__AUTOMETRIC__|0.1.2|11032|crew_log_ceaf83e94b04c20e|0|1786388338.972|100.933|3.154|1206972416|1214029824|sim_data_aaf7239b1c98d314|__AUTOMETRIC__
__AUTOMETRIC__|0.1.2|11032|crew_log_ceaf83e94b04c20e|0|1786388339.979|99.333|3.104|1480663040|1487691776|sim_data_aaf7239b1c98d314|__AUTOMETRIC__
__AUTOMETRIC__|0.1.2|11032|crew_log_ceaf83e94b04c20e|0|1786388340.988|105.259|3.289|1616060416|1623044096|sim_data_aaf7239b1c98d314|__AUTOMETRIC__
__AUTOMETRIC__|0.1.2|11032|crew_log_ceaf83e94b04c20e|0|1786388341.991|102.841|3.214|1154756608|1162190848|sim_data_aaf7239b1c98d314|__AUTOMETRIC__
__AUTOMETRIC__|0.1.2|11032|crew_log_ceaf83e94b04c20e|0|1786388342.994|99.710|3.116|1170108416|1177645056|sim_data_aaf7239b1c98d314|__AUTOMETRIC__
__AUTOMETRIC__|0.1.2|11032|crew_log_ceaf83e94b04c20e|0|1786388343.995|99.930|3.123|1166000128|1173045248|sim_data_aaf7239b1c98d314|__AUTOMETRIC__
__AUTOMETRIC__|0.1.2|11032|crew_log_ceaf83e94b04c20e|0|1786388345.005|100.492|3.140|1164263424|1171378176|sim_data_aaf7239b1c98d314|__AUTOMETRIC__
__AUTOMETRIC__|0.1.2|11032|crew_log_ceaf83e94b04c20e|0|1786388346.018|100.277|3.134|1167237120|1174364160|sim_data_aaf7239b1c98d314|__AUTOMETRIC__
__AUTOMETRIC__|0.1.2|11032|crew_log_ceaf83e94b04c20e|0|1786388347.030|98.789|3.087|1167060992|1173995520|sim_data_aaf7239b1c98d314|__AUTOMETRIC__
__AUTOMETRIC__|0.1.2|11032|crew_log_ceaf83e94b04c20e|0|1786388348.032|98.272|3.071|1167040512|1173975040|sim_data_aaf7239b1c98d314|__AUTOMETRIC__
__AUTOMETRIC__|0.1.2|11032|crew_log_ceaf83e94b04c20e|0|1786388349.037|99.511|3.110|1169924096|1176870912|sim_data_aaf7239b1c98d314|__AUTOMETRIC__
__AUTOMETRIC__|0.1.2|11032|crew_log_ceaf83e94b04c20e|0|1786388350.043|99.439|3.107|1169833984|1176768512|sim_data_aaf7239b1c98d314|__AUTOMETRIC__
__AUTOMETRIC__|0.1.2|11032|crew_log_ceaf83e94b04c20e|0|1786388351.057|100.147|3.130|1169838080|1176772608|sim_data_aaf7239b1c98d314|__AUTOMETRIC__
__AUTOMETRIC__|0.1.2|11032|crew_log_ceaf83e94b04c20e|0|1786388352.060|98.131|3.067|1172549632|1179484160|sim_data_aaf7239b1c98d314|__AUTOMETRIC__
__AUTOMETRIC__|0.1.2|11032|crew_log_ceaf83e94b04c20e|0|1786388353.063|101.249|3.164|1172660224|1179594752|sim_data_aaf7239b1c98d314|__AUTOMETRIC__
__AUTOMETRIC__|0.1.2|11032|crew_log_ceaf83e94b04c20e|0|1786388354.066|102.754|3.211|1172709376|1179643904|sim_data_aaf7239b1c98d314|__AUTOMETRIC__
__AUTOMETRIC__|0.1.2|11032|crew_log_ceaf83e94b04c20e|0|1786388355.072|97.940|3.061|1562394624|1569591296|sim_data_aaf7239b1c98d314|__AUTOMETRIC__
__AUTOMETRIC__|0.1.2|11032|crew_log_ceaf83e94b04c20e|0|1786388356.085|101.779|3.181|1951158272|1958547456|sim_data_aaf7239b1c98d314|__AUTOMETRIC__
__AUTOMETRIC__|0.1.2|11032|crew_log_ceaf83e94b04c20e|0|1786388357.089|105.839|3.307|1238552576|1246011392|sim_data_aaf7239b1c98d314|__AUTOMETRIC__
__AUTOMETRIC__|0.1.2|11032|crew_log_ceaf83e94b04c20e|0|1786388358.098|100.614|3.144|1240997888|1248206848|sim_data_aaf7239b1c98d314|__AUTOMETRIC__
__AUTOMETRIC__|0.1.2|11032|crew_log_ceaf83e94b04c20e|0|1786388359.113|100.108|3.128|1238261760|1245306880|sim_data_aaf7239b1c98d314|__AUTOMETRIC__
__AUTOMETRIC__|0.1.2|11032|crew_log_ceaf83e94b04c20e|0|1786388360.116|99.677|3.115|1237893120|1244758016|sim_data_aaf7239b1c98d314|__AUTOMETRIC__
__AUTOMETRIC__|0.1.2|11032|crew_log_ceaf83e94b04c20e|0|1786388361.120|99.599|3.112|1240563712|1247428608|sim_data_aaf7239b1c98d314|__AUTOMETRIC__
__AUTOMETRIC__|0.1.2|11032|crew_log_ceaf83e94b04c20e|0|1786388362.135|100.047|3.126|1240686592|1247551488|sim_data_aaf7239b1c98d314|__AUTOMETRIC__
__AUTOMETRIC__|0.1.2|11032|crew_log_ceaf83e94b04c20e|0|1786388363.149|97.108|3.035|1240707072|1247752192|sim_data_aaf7239b1c98d314|__AUTOMETRIC__
__AUTOMETRIC__|0.1.2|11032|crew_log_ceaf83e94b04c20e|0|1786388364.162|100.271|3.133|1243492352|1250357248|sim_data_aaf7239b1c98d314|__AUTOMETRIC__
__AUTOMETRIC__|0.1.2|11032|crew_log_ceaf83e94b04c20e|0|1786388365.175|100.182|3.131|1243525120|1250570240|sim_data_aaf7239b1c98d314|__AUTOMETRIC__
__AUTOMETRIC__|0.1.2|11032|crew_log_ceaf83e94b04c20e|0|1786388366.177|99.813|3.119|1246482432|1253535744|sim_data_aaf7239b1c98d314|__AUTOMETRIC__
__AUTOMETRIC__|0.1.2|11032|crew_log_ceaf83e94b04c20e|0|1786388367.182|99.567|3.111|1246318592|1253183488|sim_data_aaf7239b1c98d314|__AUTOMETRIC__
__AUTOMETRIC__|0.1.2|11032|crew_log_ceaf83e94b04c20e|0|1786388368.195|100.212|3.132|1246326784|1253371904|sim_data_aaf7239b1c98d314|__AUTOMETRIC__
__AUTOMETRIC__|0.1.2|11032|crew_log_ceaf83e94b04c20e|0|1786388369.205|100.529|3.142|1532657664|1539661824|sim_data_aaf7239b1c98d314|__AUTOMETRIC__
__AUTOMETRIC__|0.1.2|11032|crew_log_ceaf83e94b04c20e|0|1786388370.218|100.319|3.135|2002149376|2009198592|sim_data_aaf7239b1c98d314|__AUTOMETRIC__
__AUTOMETRIC__|0.1.2|11032|crew_log_ceaf83e94b04c20e|0|1786388371.221|107.507|3.360|1377521664|1384898560|sim_data_aaf7239b1c98d314|__AUTOMETRIC__
__AUTOMETRIC__|0.1.2|11032|crew_log_ceaf83e94b04c20e|0|1786388372.221|98.365|3.074|1387810816|1394909184|sim_data_aaf7239b1c98d314|__AUTOMETRIC__
__AUTOMETRIC__|0.1.2|11032|crew_log_ceaf83e94b04c20e|0|1786388373.228|99.350|3.105|1388089344|1395187712|sim_data_aaf7239b1c98d314|__AUTOMETRIC__
__AUTOMETRIC__|0.1.2|11032|crew_log_ceaf83e94b04c20e|0|1786388374.230|99.831|3.120|1384587264|1391661056|sim_data_aaf7239b1c98d314|__AUTOMETRIC__
__AUTOMETRIC__|0.1.2|11032|crew_log_ceaf83e94b04c20e|0|1786388375.240|100.480|3.140|1387462656|1394368512|sim_data_aaf7239b1c98d314|__AUTOMETRIC__
__AUTOMETRIC__|0.1.2|11032|crew_log_ceaf83e94b04c20e|0|1786388376.248|99.251|3.102|1387192320|1394085888|sim_data_aaf7239b1c98d314|__AUTOMETRIC__
__AUTOMETRIC__|0.1.2|11032|crew_log_ceaf83e94b04c20e|0|1786388377.255|102.365|3.199|1387339776|1394413568|sim_data_aaf7239b1c98d314|__AUTOMETRIC__
__AUTOMETRIC__|0.1.2|11032|crew_log_ceaf83e94b04c20e|0|1786388378.256|99.912|3.122|1390268416|1397354496|sim_data_aaf7239b1c98d314|__AUTOMETRIC__
__AUTOMETRIC__|0.1.2|11032|crew_log_ceaf83e94b04c20e|0|1786388379.267|98.980|3.093|1390100480|1396994048|sim_data_aaf7239b1c98d314|__AUTOMETRIC__
__AUTOMETRIC__|0.1.2|11032|crew_log_ceaf83e94b04c20e|0|1786388380.281|98.547|3.080|1390120960|1397014528|sim_data_aaf7239b1c98d314|__AUTOMETRIC__
__AUTOMETRIC__|0.1.2|11032|crew_log_ceaf83e94b04c20e|0|1786388381.284|101.275|3.165|1393065984|1400127488|sim_data_aaf7239b1c98d314|__AUTOMETRIC__
__AUTOMETRIC__|0.1.2|11032|crew_log_ceaf83e94b04c20e|0|1786388382.289|99.496|3.109|1393184768|1400217600|sim_data_aaf7239b1c98d314|__AUTOMETRIC__
__AUTOMETRIC__|0.1.2|11032|crew_log_ceaf83e94b04c20e|0|1786388383.305|100.022|3.126|1392996352|1399889920|sim_data_aaf7239b1c98d314|__AUTOMETRIC__
__AUTOMETRIC__|0.1.2|11032|crew_log_ceaf83e94b04c20e|0|1786388384.310|99.504|3.110|1393020928|1400057856|sim_data_aaf7239b1c98d314|__AUTOMETRIC__
__AUTOMETRIC__|0.1.2|11032|crew_log_ceaf83e94b04c20e|0|1786388385.314|101.078|3.159|1882017792|1889484800|sim_data_aaf7239b1c98d314|__AUTOMETRIC__
__AUTOMETRIC__|0.1.2|11032|crew_log_ceaf83e94b04c20e|0|1786388386.319|104.178|3.256|1565188096|1572286464|sim_data_aaf7239b1c98d314|__AUTOMETRIC__
__AUTOMETRIC__|0.1.2|11032|crew_log_ceaf83e94b04c20e|0|1786388387.326|103.959|3.249|1097613312|1104834560|sim_data_aaf7239b1c98d314|__AUTOMETRIC__
__AUTOMETRIC__|0.1.2|11032|crew_log_ceaf83e94b04c20e|0|1786388388.331|101.130|3.160|1085816832|1092730880|sim_data_aaf7239b1c98d314|__AUTOMETRIC__
__AUTOMETRIC__|0.1.2|11032|crew_log_ceaf83e94b04c20e|0|1786388389.331|99.922|3.123|1084760064|1091706880|sim_data_aaf7239b1c98d314|__AUTOMETRIC__
__AUTOMETRIC__|0.1.2|11032|crew_log_ceaf83e94b04c20e|0|1786388390.345|98.600|3.081|1087549440|1094496256|sim_data_aaf7239b1c98d314|__AUTOMETRIC__
__AUTOMETRIC__|0.1.2|11032|crew_log_ceaf83e94b04c20e|0|1786388391.351|99.465|3.108|1087520768|1094467584|sim_data_aaf7239b1c98d314|__AUTOMETRIC__
__AUTOMETRIC__|0.1.2|11032|crew_log_ceaf83e94b04c20e|0|1786388392.354|99.713|3.116|1087516672|1094463488|sim_data_aaf7239b1c98d314|__AUTOMETRIC__
__AUTOMETRIC__|0.1.2|11032|crew_log_ceaf83e94b04c20e|0|1786388393.361|100.795|3.150|1090306048|1097109504|sim_data_aaf7239b1c98d314|__AUTOMETRIC__
__AUTOMETRIC__|0.1.2|11032|crew_log_ceaf83e94b04c20e|0|1786388394.372|98.948|3.092|1090371584|1097318400|sim_data_aaf7239b1c98d314|__AUTOMETRIC__
__AUTOMETRIC__|0.1.2|11032|crew_log_ceaf83e94b04c20e|0|1786388395.385|100.240|3.132|1090351104|1097297920|sim_data_aaf7239b1c98d314|__AUTOMETRIC__
__AUTOMETRIC__|0.1.2|11032|crew_log_ceaf83e94b04c20e|0|1786388396.402|98.365|3.074|1093181440|1100128256|sim_data_aaf7239b1c98d314|__AUTOMETRIC__
__AUTOMETRIC__|0.1.2|11032|crew_log_ceaf83e94b04c20e|0|1786388397.416|100.159|3.130|1093197824|1100144640|sim_data_aaf7239b1c98d314|__AUTOMETRIC__
__AUTOMETRIC__|0.1.2|11032|crew_log_ceaf83e94b04c20e|0|1786388398.420|99.632|3.114|1287979008|1295048704|sim_data_aaf7239b1c98d314|__AUTOMETRIC__
__AUTOMETRIC__|0.1.2|11032|crew_log_ceaf83e94b04c20e|0|1786388399.433|101.738|3.179|1727995904|1735413760|sim_data_aaf7239b1c98d314|__AUTOMETRIC__
__AUTOMETRIC__|0.1.2|11032|crew_log_ceaf83e94b04c20e|0|1786388400.439|104.100|3.253|1331462144|1338875904|sim_data_aaf7239b1c98d314|__AUTOMETRIC__
__AUTOMETRIC__|0.1.2|11032|crew_log_ceaf83e94b04c20e|0|1786388401.440|99.866|3.121|1349758976|1357312000|sim_data_aaf7239b1c98d314|__AUTOMETRIC__
__AUTOMETRIC__|0.1.2|11032|crew_log_ceaf83e94b04c20e|0|1786388402.445|99.520|3.110|1344937984|1351917568|sim_data_aaf7239b1c98d314|__AUTOMETRIC__
__AUTOMETRIC__|0.1.2|11032|crew_log_ceaf83e94b04c20e|0|1786388403.449|99.612|3.113|1344700416|1351680000|sim_data_aaf7239b1c98d314|__AUTOMETRIC__
__AUTOMETRIC__|0.1.2|11032|crew_log_ceaf83e94b04c20e|0|1786388404.449|96.860|3.027|1347313664|1354293248|sim_data_aaf7239b1c98d314|__AUTOMETRIC__
__AUTOMETRIC__|0.1.2|11032|crew_log_ceaf83e94b04c20e|0|1786388405.456|99.280|3.103|1347575808|1354555392|sim_data_aaf7239b1c98d314|__AUTOMETRIC__
__AUTOMETRIC__|0.1.2|11032|crew_log_ceaf83e94b04c20e|0|1786388406.468|97.336|3.042|1347846144|1354825728|sim_data_aaf7239b1c98d314|__AUTOMETRIC__
__AUTOMETRIC__|0.1.2|11032|crew_log_ceaf83e94b04c20e|0|1786388407.476|100.723|3.148|1350696960|1357688832|sim_data_aaf7239b1c98d314|__AUTOMETRIC__
__AUTOMETRIC__|0.1.2|11032|crew_log_ceaf83e94b04c20e|0|1786388408.478|98.275|3.071|1350348800|1357328384|sim_data_aaf7239b1c98d314|__AUTOMETRIC__
__AUTOMETRIC__|0.1.2|11032|crew_log_ceaf83e94b04c20e|0|1786388409.492|98.600|3.081|1353228288|1360424960|sim_data_aaf7239b1c98d314|__AUTOMETRIC__
__AUTOMETRIC__|0.1.2|11032|crew_log_ceaf83e94b04c20e|0|1786388410.505|98.684|3.084|1353019392|1359998976|sim_data_aaf7239b1c98d314|__AUTOMETRIC__
__AUTOMETRIC__|0.1.2|11032|crew_log_ceaf83e94b04c20e|0|1786388411.516|100.430|3.138|1353170944|1360150528|sim_data_aaf7239b1c98d314|__AUTOMETRIC__
__AUTOMETRIC__|0.1.2|11032|crew_log_ceaf83e94b04c20e|0|1786388412.528|98.804|3.088|1432899584|1440292864|sim_data_aaf7239b1c98d314|__AUTOMETRIC__
__AUTOMETRIC__|0.1.2|11032|crew_log_ceaf83e94b04c20e|0|1786388413.543|100.087|3.128|1967710208|1975160832|sim_data_aaf7239b1c98d314|__AUTOMETRIC__
__AUTOMETRIC__|0.1.2|11032|crew_log_ceaf83e94b04c20e|0|1786388414.554|106.617|3.332|1543913472|1551142912|sim_data_aaf7239b1c98d314|__AUTOMETRIC__
__AUTOMETRIC__|0.1.2|11032|crew_log_ceaf83e94b04c20e|0|1786388415.555|104.665|3.271|1101447168|1108717568|sim_data_aaf7239b1c98d314|__AUTOMETRIC__
__AUTOMETRIC__|0.1.2|11032|crew_log_ceaf83e94b04c20e|0|1786388416.569|101.713|3.179|1050238976|1057050624|sim_data_aaf7239b1c98d314|__AUTOMETRIC__
__AUTOMETRIC__|0.1.2|11032|crew_log_ceaf83e94b04c20e|0|1786388417.584|99.993|3.125|1050275840|1057087488|sim_data_aaf7239b1c98d314|__AUTOMETRIC__
__AUTOMETRIC__|0.1.2|11032|crew_log_ceaf83e94b04c20e|0|1786388418.598|98.612|3.082|1050120192|1056829440|sim_data_aaf7239b1c98d314|__AUTOMETRIC__
__AUTOMETRIC__|0.1.2|11032|crew_log_ceaf83e94b04c20e|0|1786388419.611|100.325|3.135|1049780224|1056481280|sim_data_aaf7239b1c98d314|__AUTOMETRIC__
__AUTOMETRIC__|0.1.2|11032|crew_log_ceaf83e94b04c20e|0|1786388420.613|98.221|3.069|1049956352|1056657408|sim_data_aaf7239b1c98d314|__AUTOMETRIC__
__AUTOMETRIC__|0.1.2|11032|crew_log_ceaf83e94b04c20e|0|1786388421.628|100.005|3.125|1049919488|1056620544|sim_data_aaf7239b1c98d314|__AUTOMETRIC__
__AUTOMETRIC__|0.1.2|11032|crew_log_ceaf83e94b04c20e|0|1786388422.643|98.555|3.080|1052659712|1059360768|sim_data_aaf7239b1c98d314|__AUTOMETRIC__
__AUTOMETRIC__|0.1.2|11032|crew_log_ceaf83e94b04c20e|0|1786388423.643|99.995|3.125|1052676096|1059377152|sim_data_aaf7239b1c98d314|__AUTOMETRIC__
__AUTOMETRIC__|0.1.2|11032|crew_log_ceaf83e94b04c20e|0|1786388424.655|97.299|3.041|1052659712|1059360768|sim_data_aaf7239b1c98d314|__AUTOMETRIC__
__AUTOMETRIC__|0.1.2|11032|crew_log_ceaf83e94b04c20e|0|1786388425.655|98.376|3.074|1055686656|1062387712|sim_data_aaf7239b1c98d314|__AUTOMETRIC__
__AUTOMETRIC__|0.1.2|11032|crew_log_ceaf83e94b04c20e|0|1786388426.655|100.007|3.125|1055543296|1062244352|sim_data_aaf7239b1c98d314|__AUTOMETRIC__
__AUTOMETRIC__|0.1.2|11032|crew_log_ceaf83e94b04c20e|0|1786388427.655|99.986|3.125|1055535104|1062453248|sim_data_aaf7239b1c98d314|__AUTOMETRIC__
__AUTOMETRIC__|0.1.2|11032|crew_log_ceaf83e94b04c20e|0|1786388428.669|103.295|3.228|1704599552|1711804416|sim_data_aaf7239b1c98d314|__AUTOMETRIC__
__AUTOMETRIC__|0.1.2|11032|crew_log_ceaf83e94b04c20e|0|1786388429.670|104.560|3.268|1655783424|1663053824|sim_data_aaf7239b1c98d314|__AUTOMETRIC__
__AUTOMETRIC__|0.1.2|11032|crew_log_ceaf83e94b04c20e|0|1786388430.675|104.237|3.257|1213575168|1221054464|sim_data_aaf7239b1c98d314|__AUTOMETRIC__
__AUTOMETRIC__|0.1.2|11032|crew_log_ceaf83e94b04c20e|0|1786388431.685|98.983|3.093|1210277888|1217388544|sim_data_aaf7239b1c98d314|__AUTOMETRIC__
__AUTOMETRIC__|0.1.2|11032|crew_log_ceaf83e94b04c20e|0|1786388432.690|101.067|3.158|1209483264|1216483328|sim_data_aaf7239b1c98d314|__AUTOMETRIC__
__AUTOMETRIC__|0.1.2|11032|crew_log_ceaf83e94b04c20e|0|1786388433.694|99.572|3.112|1212243968|1219461120|sim_data_aaf7239b1c98d314|__AUTOMETRIC__
__AUTOMETRIC__|0.1.2|11032|crew_log_ceaf83e94b04c20e|0|1786388434.710|99.929|3.123|1212268544|1219268608|sim_data_aaf7239b1c98d314|__AUTOMETRIC__
__AUTOMETRIC__|0.1.2|11032|crew_log_ceaf83e94b04c20e|0|1786388435.716|99.406|3.106|1212280832|1219280896|sim_data_aaf7239b1c98d314|__AUTOMETRIC__
__AUTOMETRIC__|0.1.2|11032|crew_log_ceaf83e94b04c20e|0|1786388436.728|101.931|3.185|1215213568|1222221824|sim_data_aaf7239b1c98d314|__AUTOMETRIC__
__AUTOMETRIC__|0.1.2|11032|crew_log_ceaf83e94b04c20e|0|1786388437.731|99.695|3.115|1215082496|1222082560|sim_data_aaf7239b1c98d314|__AUTOMETRIC__
__AUTOMETRIC__|0.1.2|11032|crew_log_ceaf83e94b04c20e|0|1786388438.738|102.460|3.202|1215090688|1222090752|sim_data_aaf7239b1c98d314|__AUTOMETRIC__
__AUTOMETRIC__|0.1.2|11032|crew_log_ceaf83e94b04c20e|0|1786388439.740|96.636|3.020|1218068480|1225076736|sim_data_aaf7239b1c98d314|__AUTOMETRIC__
__AUTOMETRIC__|0.1.2|11032|crew_log_ceaf83e94b04c20e|0|1786388440.742|99.843|3.120|1217990656|1224990720|sim_data_aaf7239b1c98d314|__AUTOMETRIC__
__AUTOMETRIC__|0.1.2|11032|crew_log_ceaf83e94b04c20e|0|1786388441.755|100.256|3.133|1217994752|1224994816|sim_data_aaf7239b1c98d314|__AUTOMETRIC__
__AUTOMETRIC__|0.1.2|11032|crew_log_ceaf83e94b04c20e|0|1786388442.763|99.209|3.100|1217982464|1224982528|sim_data_aaf7239b1c98d314|__AUTOMETRIC__
__AUTOMETRIC__|0.1.2|11032|crew_log_ceaf83e94b04c20e|0|1786388443.770|100.792|3.150|1754177536|1761398784|sim_data_aaf7239b1c98d314|__AUTOMETRIC__
__AUTOMETRIC__|0.1.2|11032|crew_log_ceaf83e94b04c20e|0|1786388444.780|102.087|3.190|1650081792|1657307136|sim_data_aaf7239b1c98d314|__AUTOMETRIC__
__AUTOMETRIC__|0.1.2|11032|crew_log_ceaf83e94b04c20e|0|1786388445.787|102.427|3.201|1506758656|1514258432|sim_data_aaf7239b1c98d314|__AUTOMETRIC__
__AUTOMETRIC__|0.1.2|11032|crew_log_ceaf83e94b04c20e|0|1786388446.797|99.045|3.095|1502969856|1510019072|sim_data_aaf7239b1c98d314|__AUTOMETRIC__
__AUTOMETRIC__|0.1.2|11032|crew_log_ceaf83e94b04c20e|0|1786388447.809|97.299|3.041|1500815360|1507676160|sim_data_aaf7239b1c98d314|__AUTOMETRIC__
__AUTOMETRIC__|0.1.2|11032|crew_log_ceaf83e94b04c20e|0|1786388448.818|100.648|3.145|1503838208|1510924288|sim_data_aaf7239b1c98d314|__AUTOMETRIC__
__AUTOMETRIC__|0.1.2|11032|crew_log_ceaf83e94b04c20e|0|1786388449.818|98.425|3.076|1503719424|1510580224|sim_data_aaf7239b1c98d314|__AUTOMETRIC__
__AUTOMETRIC__|0.1.2|11032|crew_log_ceaf83e94b04c20e|0|1786388450.827|99.122|3.098|1503719424|1510580224|sim_data_aaf7239b1c98d314|__AUTOMETRIC__
__AUTOMETRIC__|0.1.2|11032|crew_log_ceaf83e94b04c20e|0|1786388451.833|100.894|3.153|1506566144|1513652224|sim_data_aaf7239b1c98d314|__AUTOMETRIC__
__AUTOMETRIC__|0.1.2|11032|crew_log_ceaf83e94b04c20e|0|1786388452.834|99.901|3.122|1506418688|1513279488|sim_data_aaf7239b1c98d314|__AUTOMETRIC__
__AUTOMETRIC__|0.1.2|11032|crew_log_ceaf83e94b04c20e|0|1786388453.848|100.174|3.130|1506422784|1513283584|sim_data_aaf7239b1c98d314|__AUTOMETRIC__
__AUTOMETRIC__|0.1.2|11032|crew_log_ceaf83e94b04c20e|0|1786388454.849|99.959|3.124|1509367808|1516236800|sim_data_aaf7239b1c98d314|__AUTOMETRIC__
__AUTOMETRIC__|0.1.2|11032|crew_log_ceaf83e94b04c20e|0|1786388455.850|98.339|3.073|1509220352|1516081152|sim_data_aaf7239b1c98d314|__AUTOMETRIC__
__AUTOMETRIC__|0.1.2|11032|crew_log_ceaf83e94b04c20e|0|1786388456.864|100.157|3.130|1509228544|1516089344|sim_data_aaf7239b1c98d314|__AUTOMETRIC__
__AUTOMETRIC__|0.1.2|11032|crew_log_ceaf83e94b04c20e|0|1786388457.874|100.475|3.140|1543651328|1550540800|sim_data_aaf7239b1c98d314|__AUTOMETRIC__
__AUTOMETRIC__|0.1.2|11032|crew_log_ceaf83e94b04c20e|0|1786388458.875|101.453|3.170|1707900928|1715056640|sim_data_aaf7239b1c98d314|__AUTOMETRIC__
__AUTOMETRIC__|0.1.2|11032|crew_log_ceaf83e94b04c20e|0|1786388459.888|101.833|3.182|1462034432|1469075456|sim_data_aaf7239b1c98d314|__AUTOMETRIC__
__AUTOMETRIC__|0.1.2|11032|crew_log_ceaf83e94b04c20e|0|1786388460.892|101.152|3.161|1484484608|1491636224|sim_data_aaf7239b1c98d314|__AUTOMETRIC__
__AUTOMETRIC__|0.1.2|11032|crew_log_ceaf83e94b04c20e|0|1786388461.906|98.591|3.081|1483657216|1490755584|sim_data_aaf7239b1c98d314|__AUTOMETRIC__
__AUTOMETRIC__|0.1.2|11032|crew_log_ceaf83e94b04c20e|0|1786388462.920|98.688|3.084|1483694080|1491009536|sim_data_aaf7239b1c98d314|__AUTOMETRIC__
__AUTOMETRIC__|0.1.2|11032|crew_log_ceaf83e94b04c20e|0|1786388463.925|101.041|3.158|1484476416|1491611648|sim_data_aaf7239b1c98d314|__AUTOMETRIC__
__AUTOMETRIC__|0.1.2|11032|crew_log_ceaf83e94b04c20e|0|1786388464.936|98.940|3.092|1484152832|1491062784|sim_data_aaf7239b1c98d314|__AUTOMETRIC__
__AUTOMETRIC__|0.1.2|11032|crew_log_ceaf83e94b04c20e|0|1786388465.943|100.793|3.150|1484324864|1491451904|sim_data_aaf7239b1c98d314|__AUTOMETRIC__
__AUTOMETRIC__|0.1.2|11032|crew_log_ceaf83e94b04c20e|0|1786388466.953|99.065|3.096|1484288000|1491415040|sim_data_aaf7239b1c98d314|__AUTOMETRIC__
__AUTOMETRIC__|0.1.2|11032|crew_log_ceaf83e94b04c20e|0|1786388467.963|97.393|3.044|1487212544|1494134784|sim_data_aaf7239b1c98d314|__AUTOMETRIC__
__AUTOMETRIC__|0.1.2|11032|crew_log_ceaf83e94b04c20e|0|1786388468.966|99.790|3.118|1487028224|1493938176|sim_data_aaf7239b1c98d314|__AUTOMETRIC__
__AUTOMETRIC__|0.1.2|11032|crew_log_ceaf83e94b04c20e|0|1786388469.978|98.805|3.088|1487065088|1493975040|sim_data_aaf7239b1c98d314|__AUTOMETRIC__
__AUTOMETRIC__|0.1.2|11032|crew_log_ceaf83e94b04c20e|0|1786388470.992|100.091|3.128|1490063360|1497202688|sim_data_aaf7239b1c98d314|__AUTOMETRIC__
__AUTOMETRIC__|0.1.2|11032|crew_log_ceaf83e94b04c20e|0|1786388472.005|100.303|3.134|1489895424|1496805376|sim_data_aaf7239b1c98d314|__AUTOMETRIC__
__AUTOMETRIC__|0.1.2|11032|crew_log_ceaf83e94b04c20e|0|1786388473.020|100.075|3.127|1489870848|1496780800|sim_data_aaf7239b1c98d314|__AUTOMETRIC__
__AUTOMETRIC__|0.1.2|11032|crew_log_ceaf83e94b04c20e|0|1786388474.026|97.849|3.058|1584975872|1592066048|sim_data_aaf7239b1c98d314|__AUTOMETRIC__
__AUTOMETRIC__|0.1.2|11032|crew_log_ceaf83e94b04c20e|0|1786388475.041|103.144|3.223|1608515584|1615810560|sim_data_aaf7239b1c98d314|__AUTOMETRIC__
__AUTOMETRIC__|0.1.2|11032|crew_log_ceaf83e94b04c20e|0|1786388476.055|101.726|3.179|1864667136|1872142336|sim_data_aaf7239b1c98d314|__AUTOMETRIC__
__AUTOMETRIC__|0.1.2|11032|crew_log_ceaf83e94b04c20e|0|1786388477.062|103.929|3.248|1496915968|1504272384|sim_data_aaf7239b1c98d314|__AUTOMETRIC__
__AUTOMETRIC__|0.1.2|11032|crew_log_ceaf83e94b04c20e|0|1786388478.064|102.881|3.215|1493590016|1500672000|sim_data_aaf7239b1c98d314|__AUTOMETRIC__
__AUTOMETRIC__|0.1.2|11032|crew_log_ceaf83e94b04c20e|0|1786388479.067|99.671|3.115|1491423232|1498320896|sim_data_aaf7239b1c98d314|__AUTOMETRIC__
__AUTOMETRIC__|0.1.2|11032|crew_log_ceaf83e94b04c20e|0|1786388480.068|98.378|3.074|1494278144|1501401088|sim_data_aaf7239b1c98d314|__AUTOMETRIC__
__AUTOMETRIC__|0.1.2|11032|crew_log_ceaf83e94b04c20e|0|1786388481.084|98.426|3.076|1494061056|1501175808|sim_data_aaf7239b1c98d314|__AUTOMETRIC__
__AUTOMETRIC__|0.1.2|11032|crew_log_ceaf83e94b04c20e|0|1786388482.087|99.751|3.117|1494056960|1500954624|sim_data_aaf7239b1c98d314|__AUTOMETRIC__
__AUTOMETRIC__|0.1.2|11032|crew_log_ceaf83e94b04c20e|0|1786388483.088|98.276|3.071|1497088000|1504210944|sim_data_aaf7239b1c98d314|__AUTOMETRIC__
__AUTOMETRIC__|0.1.2|11032|crew_log_ceaf83e94b04c20e|0|1786388484.103|98.548|3.080|1496899584|1504014336|sim_data_aaf7239b1c98d314|__AUTOMETRIC__
__AUTOMETRIC__|0.1.2|11032|crew_log_ceaf83e94b04c20e|0|1786388485.114|100.460|3.139|1496911872|1504026624|sim_data_aaf7239b1c98d314|__AUTOMETRIC__
__AUTOMETRIC__|0.1.2|11032|crew_log_ceaf83e94b04c20e|0|1786388486.126|100.345|3.136|1499783168|1506906112|sim_data_aaf7239b1c98d314|__AUTOMETRIC__
__AUTOMETRIC__|0.1.2|11032|crew_log_ceaf83e94b04c20e|0|1786388487.140|97.109|3.035|1499590656|1506488320|sim_data_aaf7239b1c98d314|__AUTOMETRIC__
__AUTOMETRIC__|0.1.2|11032|crew_log_ceaf83e94b04c20e|0|1786388488.144|101.083|3.159|1499648000|1506762752|sim_data_aaf7239b1c98d314|__AUTOMETRIC__
__AUTOMETRIC__|0.1.2|11032|crew_log_ceaf83e94b04c20e|0|1786388489.153|99.197|3.100|1654517760|1661624320|sim_data_aaf7239b1c98d314|__AUTOMETRIC__
__AUTOMETRIC__|0.1.2|11032|crew_log_ceaf83e94b04c20e|0|1786388490.158|104.078|3.252|1894490112|1901801472|sim_data_aaf7239b1c98d314|__AUTOMETRIC__
__AUTOMETRIC__|0.1.2|11032|crew_log_ceaf83e94b04c20e|0|1786388491.169|102.093|3.190|1589268480|1596461056|sim_data_aaf7239b1c98d314|__AUTOMETRIC__
__AUTOMETRIC__|0.1.2|11032|crew_log_ceaf83e94b04c20e|0|1786388492.171|107.498|3.359|1141420032|1148723200|sim_data_aaf7239b1c98d314|__AUTOMETRIC__
__AUTOMETRIC__|0.1.2|11032|crew_log_ceaf83e94b04c20e|0|1786388493.178|100.899|3.153|1003220992|1009999872|sim_data_aaf7239b1c98d314|__AUTOMETRIC__
__AUTOMETRIC__|0.1.2|11032|crew_log_ceaf83e94b04c20e|0|1786388494.194|100.008|3.125|1002733568|1009684480|sim_data_aaf7239b1c98d314|__AUTOMETRIC__
__AUTOMETRIC__|0.1.2|11032|crew_log_ceaf83e94b04c20e|0|1786388495.209|100.023|3.126|1005408256|1012359168|sim_data_aaf7239b1c98d314|__AUTOMETRIC__
__AUTOMETRIC__|0.1.2|11032|crew_log_ceaf83e94b04c20e|0|1786388496.217|97.646|3.051|1005518848|1012469760|sim_data_aaf7239b1c98d314|__AUTOMETRIC__
__AUTOMETRIC__|0.1.2|11032|crew_log_ceaf83e94b04c20e|0|1786388497.223|99.452|3.108|1005527040|1012477952|sim_data_aaf7239b1c98d314|__AUTOMETRIC__
__AUTOMETRIC__|0.1.2|11032|crew_log_ceaf83e94b04c20e|0|1786388498.227|97.979|3.062|1008291840|1015070720|sim_data_aaf7239b1c98d314|__AUTOMETRIC__
__AUTOMETRIC__|0.1.2|11032|crew_log_ceaf83e94b04c20e|0|1786388499.232|99.547|3.111|1008324608|1015103488|sim_data_aaf7239b1c98d314|__AUTOMETRIC__
__AUTOMETRIC__|0.1.2|11032|crew_log_ceaf83e94b04c20e|0|1786388500.237|102.567|3.205|1011392512|1018355712|sim_data_aaf7239b1c98d314|__AUTOMETRIC__
__AUTOMETRIC__|0.1.2|11032|crew_log_ceaf83e94b04c20e|0|1786388501.250|100.242|3.133|1011179520|1018130432|sim_data_aaf7239b1c98d314|__AUTOMETRIC__
__AUTOMETRIC__|0.1.2|11032|crew_log_ceaf83e94b04c20e|0|1786388502.263|100.273|3.134|1011187712|1018138624|sim_data_aaf7239b1c98d314|__AUTOMETRIC__
__AUTOMETRIC__|0.1.2|11032|crew_log_ceaf83e94b04c20e|0|1786388503.279|101.537|3.173|1097715712|1104863232|sim_data_aaf7239b1c98d314|__AUTOMETRIC__
__AUTOMETRIC__|0.1.2|11032|crew_log_ceaf83e94b04c20e|0|1786388504.280|99.875|3.121|1615536128|1622585344|sim_data_aaf7239b1c98d314|__AUTOMETRIC__
__AUTOMETRIC__|0.1.2|11032|crew_log_ceaf83e94b04c20e|0|1786388505.284|102.731|3.210|1407795200|1414901760|sim_data_aaf7239b1c98d314|__AUTOMETRIC__
__AUTOMETRIC__|0.1.2|11032|crew_log_ceaf83e94b04c20e|0|1786388506.297|104.870|3.277|1051234304|1058156544|sim_data_aaf7239b1c98d314|__AUTOMETRIC__
__AUTOMETRIC__|0.1.2|11032|crew_log_ceaf83e94b04c20e|0|1786388507.300|99.726|3.116|1051516928|1058439168|sim_data_aaf7239b1c98d314|__AUTOMETRIC__
__AUTOMETRIC__|0.1.2|11032|crew_log_ceaf83e94b04c20e|0|1786388508.306|99.352|3.105|1047379968|1054117888|sim_data_aaf7239b1c98d314|__AUTOMETRIC__
__AUTOMETRIC__|0.1.2|11032|crew_log_ceaf83e94b04c20e|0|1786388509.309|98.151|3.067|1050152960|1057071104|sim_data_aaf7239b1c98d314|__AUTOMETRIC__
__AUTOMETRIC__|0.1.2|11032|crew_log_ceaf83e94b04c20e|0|1786388510.321|98.865|3.090|1049985024|1056722944|sim_data_aaf7239b1c98d314|__AUTOMETRIC__
__AUTOMETRIC__|0.1.2|11032|crew_log_ceaf83e94b04c20e|0|1786388511.324|99.681|3.115|1049985024|1056894976|sim_data_aaf7239b1c98d314|__AUTOMETRIC__
__AUTOMETRIC__|0.1.2|11032|crew_log_ceaf83e94b04c20e|0|1786388512.332|99.206|3.100|1052876800|1059614720|sim_data_aaf7239b1c98d314|__AUTOMETRIC__
__AUTOMETRIC__|0.1.2|11032|crew_log_ceaf83e94b04c20e|0|1786388513.338|99.363|3.105|1052876800|1059614720|sim_data_aaf7239b1c98d314|__AUTOMETRIC__
__AUTOMETRIC__|0.1.2|11032|crew_log_ceaf83e94b04c20e|0|1786388514.353|97.038|3.032|1052909568|1059647488|sim_data_aaf7239b1c98d314|__AUTOMETRIC__
__AUTOMETRIC__|0.1.2|11032|crew_log_ceaf83e94b04c20e|0|1786388515.368|100.044|3.126|1055768576|1062645760|sim_data_aaf7239b1c98d314|__AUTOMETRIC__
__AUTOMETRIC__|0.1.2|11032|crew_log_ceaf83e94b04c20e|0|1786388516.368|99.990|3.125|1055629312|1062367232|sim_data_aaf7239b1c98d314|__AUTOMETRIC__
__AUTOMETRIC__|0.1.2|11032|crew_log_ceaf83e94b04c20e|0|1786388517.369|99.952|3.123|1055641600|1062379520|sim_data_aaf7239b1c98d314|__AUTOMETRIC__
__AUTOMETRIC__|0.1.2|11032|crew_log_ceaf83e94b04c20e|0|1786388518.369|98.391|3.075|1055641600|1062510592|sim_data_aaf7239b1c98d314|__AUTOMETRIC__
__AUTOMETRIC__|0.1.2|11032|crew_log_ceaf83e94b04c20e|0|1786388519.382|98.755|3.086|1567670272|1574789120|sim_data_aaf7239b1c98d314|__AUTOMETRIC__
__AUTOMETRIC__|0.1.2|11032|crew_log_ceaf83e94b04c20e|0|1786388520.393|103.553|3.236|1475657728|1482973184|sim_data_aaf7239b1c98d314|__AUTOMETRIC__
__AUTOMETRIC__|0.1.2|11032|crew_log_ceaf83e94b04c20e|0|1786388521.403|103.630|3.238|1086308352|1093283840|sim_data_aaf7239b1c98d314|__AUTOMETRIC__
__AUTOMETRIC__|0.1.2|11032|crew_log_ceaf83e94b04c20e|0|1786388522.418|97.000|3.031|1086603264|1093578752|sim_data_aaf7239b1c98d314|__AUTOMETRIC__
__AUTOMETRIC__|0.1.2|11032|crew_log_ceaf83e94b04c20e|0|1786388523.425|102.358|3.199|1080193024|1086935040|sim_data_aaf7239b1c98d314|__AUTOMETRIC__
__AUTOMETRIC__|0.1.2|11032|crew_log_ceaf83e94b04c20e|0|1786388524.437|100.429|3.138|1083138048|1090019328|sim_data_aaf7239b1c98d314|__AUTOMETRIC__
__AUTOMETRIC__|0.1.2|11032|crew_log_ceaf83e94b04c20e|0|1786388525.443|99.350|3.105|1082986496|1089728512|sim_data_aaf7239b1c98d314|__AUTOMETRIC__
__AUTOMETRIC__|0.1.2|11032|crew_log_ceaf83e94b04c20e|0|1786388526.445|99.826|3.120|1082994688|1089736704|sim_data_aaf7239b1c98d314|__AUTOMETRIC__
__AUTOMETRIC__|0.1.2|11032|crew_log_ceaf83e94b04c20e|0|1786388527.452|100.824|3.151|1082986496|1089728512|sim_data_aaf7239b1c98d314|__AUTOMETRIC__
__AUTOMETRIC__|0.1.2|11032|crew_log_ceaf83e94b04c20e|0|1786388528.466|100.215|3.132|1085595648|1092337664|sim_data_aaf7239b1c98d314|__AUTOMETRIC__
__AUTOMETRIC__|0.1.2|11032|crew_log_ceaf83e94b04c20e|0|1786388529.477|100.415|3.138|1085734912|1092476928|sim_data_aaf7239b1c98d314|__AUTOMETRIC__
__AUTOMETRIC__|0.1.2|11032|crew_log_ceaf83e94b04c20e|0|1786388530.479|99.799|3.119|1085710336|1092583424|sim_data_aaf7239b1c98d314|__AUTOMETRIC__
__AUTOMETRIC__|0.1.2|11032|crew_log_ceaf83e94b04c20e|0|1786388531.493|100.192|3.131|1088847872|1095729152|sim_data_aaf7239b1c98d314|__AUTOMETRIC__
__AUTOMETRIC__|0.1.2|11032|crew_log_ceaf83e94b04c20e|0|1786388532.496|99.641|3.114|1088634880|1095376896|sim_data_aaf7239b1c98d314|__AUTOMETRIC__
__AUTOMETRIC__|0.1.2|11032|crew_log_ceaf83e94b04c20e|0|1786388533.503|100.897|3.153|1088638976|1095512064|sim_data_aaf7239b1c98d314|__AUTOMETRIC__
__AUTOMETRIC__|0.1.2|11032|crew_log_ceaf83e94b04c20e|0|1786388534.517|100.176|3.130|1638719488|1646047232|sim_data_aaf7239b1c98d314|__AUTOMETRIC__
__AUTOMETRIC__|0.1.2|11032|crew_log_ceaf83e94b04c20e|0|1786388535.520|105.872|3.308|1551769600|1559224320|sim_data_aaf7239b1c98d314|__AUTOMETRIC__
__AUTOMETRIC__|0.1.2|11032|crew_log_ceaf83e94b04c20e|0|1786388536.523|101.313|3.166|1209319424|1216802816|sim_data_aaf7239b1c98d314|__AUTOMETRIC__
__AUTOMETRIC__|0.1.2|11032|crew_log_ceaf83e94b04c20e|0|1786388537.528|99.529|3.110|1205059584|1212157952|sim_data_aaf7239b1c98d314|__AUTOMETRIC__
__AUTOMETRIC__|0.1.2|11032|crew_log_ceaf83e94b04c20e|0|1786388538.541|101.708|3.178|1204547584|1211658240|sim_data_aaf7239b1c98d314|__AUTOMETRIC__
__AUTOMETRIC__|0.1.2|11032|crew_log_ceaf83e94b04c20e|0|1786388539.556|98.602|3.081|1207484416|1214595072|sim_data_aaf7239b1c98d314|__AUTOMETRIC__
__AUTOMETRIC__|0.1.2|11032|crew_log_ceaf83e94b04c20e|0|1786388540.570|100.101|3.128|1207484416|1214595072|sim_data_aaf7239b1c98d314|__AUTOMETRIC__
__AUTOMETRIC__|0.1.2|11032|crew_log_ceaf83e94b04c20e|0|1786388541.584|100.141|3.129|1207476224|1214455808|sim_data_aaf7239b1c98d314|__AUTOMETRIC__
__AUTOMETRIC__|0.1.2|11032|crew_log_ceaf83e94b04c20e|0|1786388542.587|99.747|3.117|1210466304|1217589248|sim_data_aaf7239b1c98d314|__AUTOMETRIC__
__AUTOMETRIC__|0.1.2|11032|crew_log_ceaf83e94b04c20e|0|1786388543.599|98.858|3.089|1210368000|1217347584|sim_data_aaf7239b1c98d314|__AUTOMETRIC__
__AUTOMETRIC__|0.1.2|11032|crew_log_ceaf83e94b04c20e|0|1786388544.599|99.981|3.124|1210388480|1217499136|sim_data_aaf7239b1c98d314|__AUTOMETRIC__
__AUTOMETRIC__|0.1.2|11032|crew_log_ceaf83e94b04c20e|0|1786388545.612|100.212|3.132|1213382656|1220374528|sim_data_aaf7239b1c98d314|__AUTOMETRIC__
__AUTOMETRIC__|0.1.2|11032|crew_log_ceaf83e94b04c20e|0|1786388546.621|99.154|3.099|1213218816|1220198400|sim_data_aaf7239b1c98d314|__AUTOMETRIC__
__AUTOMETRIC__|0.1.2|11032|crew_log_ceaf83e94b04c20e|0|1786388547.625|101.146|3.161|1213243392|1220354048|sim_data_aaf7239b1c98d314|__AUTOMETRIC__
__AUTOMETRIC__|0.1.2|11032|crew_log_ceaf83e94b04c20e|0|1786388548.631|96.296|3.009|1657016320|1664376832|sim_data_aaf7239b1c98d314|__AUTOMETRIC__
__AUTOMETRIC__|0.1.2|11032|crew_log_ceaf83e94b04c20e|0|1786388549.645|104.740|3.273|1579274240|1586393088|sim_data_aaf7239b1c98d314|__AUTOMETRIC__
__AUTOMETRIC__|0.1.2|11032|crew_log_ceaf83e94b04c20e|0|1786388550.659|100.191|3.131|1367396352|1375215616|sim_data_aaf7239b1c98d314|__AUTOMETRIC__
__AUTOMETRIC__|0.1.2|11032|crew_log_ceaf83e94b04c20e|0|1786388551.664|97.943|3.061|1363951616|1371099136|sim_data_aaf7239b1c98d314|__AUTOMETRIC__
__AUTOMETRIC__|0.1.2|11032|crew_log_ceaf83e94b04c20e|0|1786388552.668|99.603|3.113|1363501056|1370537984|sim_data_aaf7239b1c98d314|__AUTOMETRIC__
__AUTOMETRIC__|0.1.2|11032|crew_log_ceaf83e94b04c20e|0|1786388553.682|100.124|3.129|1363492864|1370529792|sim_data_aaf7239b1c98d314|__AUTOMETRIC__
__AUTOMETRIC__|0.1.2|11032|crew_log_ceaf83e94b04c20e|0|1786388554.683|98.400|3.075|1366413312|1373564928|sim_data_aaf7239b1c98d314|__AUTOMETRIC__
__AUTOMETRIC__|0.1.2|11032|crew_log_ceaf83e94b04c20e|0|1786388555.686|99.637|3.114|1366269952|1373306880|sim_data_aaf7239b1c98d314|__AUTOMETRIC__
__AUTOMETRIC__|0.1.2|11032|crew_log_ceaf83e94b04c20e|0|1786388556.687|101.449|3.170|1366269952|1373306880|sim_data_aaf7239b1c98d314|__AUTOMETRIC__
__AUTOMETRIC__|0.1.2|11032|crew_log_ceaf83e94b04c20e|0|1786388557.692|99.518|3.110|1369317376|1376362496|sim_data_aaf7239b1c98d314|__AUTOMETRIC__
__AUTOMETRIC__|0.1.2|11032|crew_log_ceaf83e94b04c20e|0|1786388558.705|100.251|3.133|1369178112|1376215040|sim_data_aaf7239b1c98d314|__AUTOMETRIC__
__AUTOMETRIC__|0.1.2|11032|crew_log_ceaf83e94b04c20e|0|1786388559.717|95.809|2.994|1369169920|1376206848|sim_data_aaf7239b1c98d314|__AUTOMETRIC__
__AUTOMETRIC__|0.1.2|11032|crew_log_ceaf83e94b04c20e|0|1786388560.719|102.868|3.215|1369169920|1376206848|sim_data_aaf7239b1c98d314|__AUTOMETRIC__
__AUTOMETRIC__|0.1.2|11032|crew_log_ceaf83e94b04c20e|0|1786388561.734|100.071|3.127|1371889664|1378926592|sim_data_aaf7239b1c98d314|__AUTOMETRIC__
__AUTOMETRIC__|0.1.2|11032|crew_log_ceaf83e94b04c20e|0|1786388562.739|96.339|3.011|1372008448|1379045376|sim_data_aaf7239b1c98d314|__AUTOMETRIC__
__AUTOMETRIC__|0.1.2|11032|crew_log_ceaf83e94b04c20e|0|1786388563.753|100.192|3.131|1371996160|1379033088|sim_data_aaf7239b1c98d314|__AUTOMETRIC__
__AUTOMETRIC__|0.1.2|11032|crew_log_ceaf83e94b04c20e|0|1786388564.754|99.928|3.123|1795903488|1803177984|sim_data_aaf7239b1c98d314|__AUTOMETRIC__
__AUTOMETRIC__|0.1.2|11032|crew_log_ceaf83e94b04c20e|0|1786388565.760|104.103|3.253|1641656320|1648824320|sim_data_aaf7239b1c98d314|__AUTOMETRIC__
__AUTOMETRIC__|0.1.2|11032|crew_log_ceaf83e94b04c20e|0|1786388566.771|101.921|3.185|1539473408|1546997760|sim_data_aaf7239b1c98d314|__AUTOMETRIC__
__AUTOMETRIC__|0.1.2|11032|crew_log_ceaf83e94b04c20e|0|1786388567.773|101.371|3.168|1201037312|1208176640|sim_data_aaf7239b1c98d314|__AUTOMETRIC__
__AUTOMETRIC__|0.1.2|11032|crew_log_ceaf83e94b04c20e|0|1786388568.776|99.738|3.117|1201053696|1208193024|sim_data_aaf7239b1c98d314|__AUTOMETRIC__
__AUTOMETRIC__|0.1.2|11032|crew_log_ceaf83e94b04c20e|0|1786388569.780|98.004|3.063|1183694848|1190735872|sim_data_aaf7239b1c98d314|__AUTOMETRIC__
__AUTOMETRIC__|0.1.2|11032|crew_log_ceaf83e94b04c20e|0|1786388570.782|101.418|3.169|1183539200|1190461440|sim_data_aaf7239b1c98d314|__AUTOMETRIC__
__AUTOMETRIC__|0.1.2|11032|crew_log_ceaf83e94b04c20e|0|1786388571.796|100.124|3.129|1183563776|1190486016|sim_data_aaf7239b1c98d314|__AUTOMETRIC__
__AUTOMETRIC__|0.1.2|11032|crew_log_ceaf83e94b04c20e|0|1786388572.802|99.383|3.106|1186516992|1193558016|sim_data_aaf7239b1c98d314|__AUTOMETRIC__
__AUTOMETRIC__|0.1.2|11032|crew_log_ceaf83e94b04c20e|0|1786388573.806|99.650|3.114|1186381824|1193304064|sim_data_aaf7239b1c98d314|__AUTOMETRIC__
__AUTOMETRIC__|0.1.2|11032|crew_log_ceaf83e94b04c20e|0|1786388574.818|100.320|3.135|1186406400|1193328640|sim_data_aaf7239b1c98d314|__AUTOMETRIC__
__AUTOMETRIC__|0.1.2|11032|crew_log_ceaf83e94b04c20e|0|1786388575.821|99.748|3.117|1186373632|1193295872|sim_data_aaf7239b1c98d314|__AUTOMETRIC__
__AUTOMETRIC__|0.1.2|11032|crew_log_ceaf83e94b04c20e|0|1786388576.832|100.445|3.139|1189138432|1196060672|sim_data_aaf7239b1c98d314|__AUTOMETRIC__
__AUTOMETRIC__|0.1.2|11032|crew_log_ceaf83e94b04c20e|0|1786388577.844|100.318|3.135|1189134336|1196056576|sim_data_aaf7239b1c98d314|__AUTOMETRIC__
__AUTOMETRIC__|0.1.2|11032|crew_log_ceaf83e94b04c20e|0|1786388578.846|99.825|3.120|1189130240|1196052480|sim_data_aaf7239b1c98d314|__AUTOMETRIC__
__AUTOMETRIC__|0.1.2|11032|crew_log_ceaf83e94b04c20e|0|1786388579.846|99.969|3.124|1633714176|1640796160|sim_data_aaf7239b1c98d314|__AUTOMETRIC__
__AUTOMETRIC__|0.1.2|11032|crew_log_ceaf83e94b04c20e|0|1786388580.859|101.791|3.181|1630126080|1637691392|sim_data_aaf7239b1c98d314|__AUTOMETRIC__
__AUTOMETRIC__|0.1.2|11032|crew_log_ceaf83e94b04c20e|0|1786388581.864|104.215|3.257|1276432384|1284075520|sim_data_aaf7239b1c98d314|__AUTOMETRIC__
__AUTOMETRIC__|0.1.2|11032|crew_log_ceaf83e94b04c20e|0|1786388582.867|99.735|3.117|1307979776|1315332096|sim_data_aaf7239b1c98d314|__AUTOMETRIC__
__AUTOMETRIC__|0.1.2|11032|crew_log_ceaf83e94b04c20e|0|1786388583.874|99.285|3.103|1305546752|1312542720|sim_data_aaf7239b1c98d314|__AUTOMETRIC__
__AUTOMETRIC__|0.1.2|11032|crew_log_ceaf83e94b04c20e|0|1786388584.880|99.415|3.107|1305526272|1312497664|sim_data_aaf7239b1c98d314|__AUTOMETRIC__
__AUTOMETRIC__|0.1.2|11032|crew_log_ceaf83e94b04c20e|0|1786388585.892|100.284|3.134|1308258304|1315221504|sim_data_aaf7239b1c98d314|__AUTOMETRIC__
__AUTOMETRIC__|0.1.2|11032|crew_log_ceaf83e94b04c20e|0|1786388586.896|99.676|3.115|1308536832|1315500032|sim_data_aaf7239b1c98d314|__AUTOMETRIC__
__AUTOMETRIC__|0.1.2|11032|crew_log_ceaf83e94b04c20e|0|1786388587.897|99.914|3.122|1308536832|1315606528|sim_data_aaf7239b1c98d314|__AUTOMETRIC__
__AUTOMETRIC__|0.1.2|11032|crew_log_ceaf83e94b04c20e|0|1786388588.900|98.058|3.064|1311436800|1318408192|sim_data_aaf7239b1c98d314|__AUTOMETRIC__
__AUTOMETRIC__|0.1.2|11032|crew_log_ceaf83e94b04c20e|0|1786388589.913|100.305|3.135|1311293440|1318256640|sim_data_aaf7239b1c98d314|__AUTOMETRIC__
__AUTOMETRIC__|0.1.2|11032|crew_log_ceaf83e94b04c20e|0|1786388590.920|99.340|3.104|1311346688|1318416384|sim_data_aaf7239b1c98d314|__AUTOMETRIC__
__AUTOMETRIC__|0.1.2|11032|crew_log_ceaf83e94b04c20e|0|1786388591.935|100.030|3.126|1314336768|1321414656|sim_data_aaf7239b1c98d314|__AUTOMETRIC__
__AUTOMETRIC__|0.1.2|11032|crew_log_ceaf83e94b04c20e|0|1786388592.946|100.444|3.139|1314209792|1321279488|sim_data_aaf7239b1c98d314|__AUTOMETRIC__
__AUTOMETRIC__|0.1.2|11032|crew_log_ceaf83e94b04c20e|0|1786388593.958|100.380|3.137|1314201600|1321271296|sim_data_aaf7239b1c98d314|__AUTOMETRIC__
__AUTOMETRIC__|0.1.2|11032|crew_log_ceaf83e94b04c20e|0|1786388594.966|99.151|3.098|1533321216|1540382720|sim_data_aaf7239b1c98d314|__AUTOMETRIC__
__AUTOMETRIC__|0.1.2|11032|crew_log_ceaf83e94b04c20e|0|1786388595.972|100.980|3.156|1607704576|1614680064|sim_data_aaf7239b1c98d314|__AUTOMETRIC__
__AUTOMETRIC__|0.1.2|11032|crew_log_ceaf83e94b04c20e|0|1786388596.988|100.021|3.126|2116771840|2123894784|sim_data_aaf7239b1c98d314|__AUTOMETRIC__
__AUTOMETRIC__|0.1.2|11032|crew_log_ceaf83e94b04c20e|0|1786388597.993|104.107|3.253|1593634816|1600954368|sim_data_aaf7239b1c98d314|__AUTOMETRIC__
__AUTOMETRIC__|0.1.2|11032|crew_log_ceaf83e94b04c20e|0|1786388598.998|99.551|3.111|1610612736|1618055168|sim_data_aaf7239b1c98d314|__AUTOMETRIC__
__AUTOMETRIC__|0.1.2|11032|crew_log_ceaf83e94b04c20e|0|1786388600.001|101.214|3.163|1607712768|1614839808|sim_data_aaf7239b1c98d314|__AUTOMETRIC__
__AUTOMETRIC__|0.1.2|11032|crew_log_ceaf83e94b04c20e|0|1786388601.007|99.424|3.107|1606713344|1613639680|sim_data_aaf7239b1c98d314|__AUTOMETRIC__
__AUTOMETRIC__|0.1.2|11032|crew_log_ceaf83e94b04c20e|0|1786388602.021|100.137|3.129|1606684672|1613611008|sim_data_aaf7239b1c98d314|__AUTOMETRIC__
__AUTOMETRIC__|0.1.2|11032|crew_log_ceaf83e94b04c20e|0|1786388603.025|99.577|3.112|1609375744|1616302080|sim_data_aaf7239b1c98d314|__AUTOMETRIC__
__AUTOMETRIC__|0.1.2|11032|crew_log_ceaf83e94b04c20e|0|1786388604.039|100.222|3.132|1609498624|1616424960|sim_data_aaf7239b1c98d314|__AUTOMETRIC__
__AUTOMETRIC__|0.1.2|11032|crew_log_ceaf83e94b04c20e|0|1786388605.044|99.437|3.107|1609494528|1616420864|sim_data_aaf7239b1c98d314|__AUTOMETRIC__
__AUTOMETRIC__|0.1.2|11032|crew_log_ceaf83e94b04c20e|0|1786388606.045|103.024|3.219|1609515008|1616441344|sim_data_aaf7239b1c98d314|__AUTOMETRIC__
__AUTOMETRIC__|0.1.2|11032|crew_log_ceaf83e94b04c20e|0|1786388607.050|97.991|3.062|1612021760|1618948096|sim_data_aaf7239b1c98d314|__AUTOMETRIC__
__AUTOMETRIC__|0.1.2|11032|crew_log_ceaf83e94b04c20e|0|1786388608.057|99.329|3.104|1612156928|1619083264|sim_data_aaf7239b1c98d314|__AUTOMETRIC__
__AUTOMETRIC__|0.1.2|11032|crew_log_ceaf83e94b04c20e|0|1786388609.071|100.172|3.130|1612341248|1619267584|sim_data_aaf7239b1c98d314|__AUTOMETRIC__
__AUTOMETRIC__|0.1.2|11032|crew_log_ceaf83e94b04c20e|0|1786388610.077|99.327|3.104|1612292096|1619218432|sim_data_aaf7239b1c98d314|__AUTOMETRIC__
__AUTOMETRIC__|0.1.2|11032|crew_log_ceaf83e94b04c20e|0|1786388611.081|99.654|3.114|1615216640|1622151168|sim_data_aaf7239b1c98d314|__AUTOMETRIC__
__AUTOMETRIC__|0.1.2|11032|crew_log_ceaf83e94b04c20e|0|1786388612.096|100.087|3.128|1615073280|1621999616|sim_data_aaf7239b1c98d314|__AUTOMETRIC__
__AUTOMETRIC__|0.1.2|11032|crew_log_ceaf83e94b04c20e|0|1786388613.111|100.047|3.126|1615097856|1622024192|sim_data_aaf7239b1c98d314|__AUTOMETRIC__
__AUTOMETRIC__|0.1.2|11032|crew_log_ceaf83e94b04c20e|0|1786388614.112|99.878|3.121|1615069184|1621995520|sim_data_aaf7239b1c98d314|__AUTOMETRIC__
__AUTOMETRIC__|0.1.2|11032|crew_log_ceaf83e94b04c20e|0|1786388615.116|101.187|3.162|1814011904|1821229056|sim_data_aaf7239b1c98d314|__AUTOMETRIC__
__AUTOMETRIC__|0.1.2|11032|crew_log_ceaf83e94b04c20e|0|1786388616.120|102.690|3.209|1827168256|1834307584|sim_data_aaf7239b1c98d314|__AUTOMETRIC__
__AUTOMETRIC__|0.1.2|11032|crew_log_ceaf83e94b04c20e|0|1786388617.133|100.232|3.132|1861783552|1869565952|sim_data_aaf7239b1c98d314|__AUTOMETRIC__
__AUTOMETRIC__|0.1.2|11032|crew_log_ceaf83e94b04c20e|0|1786388618.148|100.083|3.128|1855586304|1862991872|sim_data_aaf7239b1c98d314|__AUTOMETRIC__
__AUTOMETRIC__|0.1.2|11032|crew_log_ceaf83e94b04c20e|0|1786388619.149|99.853|3.120|1852989440|1860272128|sim_data_aaf7239b1c98d314|__AUTOMETRIC__
__AUTOMETRIC__|0.1.2|11032|crew_log_ceaf83e94b04c20e|0|1786388620.162|100.274|3.134|1855713280|1863008256|sim_data_aaf7239b1c98d314|__AUTOMETRIC__
__AUTOMETRIC__|0.1.2|11032|crew_log_ceaf83e94b04c20e|0|1786388621.163|99.920|3.123|1855557632|1862840320|sim_data_aaf7239b1c98d314|__AUTOMETRIC__
__AUTOMETRIC__|0.1.2|11032|crew_log_ceaf83e94b04c20e|0|1786388622.176|100.225|3.132|1855561728|1862844416|sim_data_aaf7239b1c98d314|__AUTOMETRIC__
__AUTOMETRIC__|0.1.2|11032|crew_log_ceaf83e94b04c20e|0|1786388623.192|100.047|3.126|1858359296|1865641984|sim_data_aaf7239b1c98d314|__AUTOMETRIC__
__AUTOMETRIC__|0.1.2|11032|crew_log_ceaf83e94b04c20e|0|1786388624.195|99.671|3.115|1858338816|1865621504|sim_data_aaf7239b1c98d314|__AUTOMETRIC__
__AUTOMETRIC__|0.1.2|11032|crew_log_ceaf83e94b04c20e|0|1786388625.197|99.757|3.117|1861292032|1868587008|sim_data_aaf7239b1c98d314|__AUTOMETRIC__
__AUTOMETRIC__|0.1.2|11032|crew_log_ceaf83e94b04c20e|0|1786388626.211|100.192|3.131|1861152768|1868435456|sim_data_aaf7239b1c98d314|__AUTOMETRIC__
__AUTOMETRIC__|0.1.2|11032|crew_log_ceaf83e94b04c20e|0|1786388627.213|99.840|3.120|1861169152|1868451840|sim_data_aaf7239b1c98d314|__AUTOMETRIC__
__AUTOMETRIC__|0.1.2|11032|crew_log_ceaf83e94b04c20e|0|1786388628.220|100.788|3.150|2048999424|2056196096|sim_data_aaf7239b1c98d314|__AUTOMETRIC__
__AUTOMETRIC__|0.1.2|11032|crew_log_ceaf83e94b04c20e|0|1786388629.224|104.343|3.261|2424709120|2432434176|sim_data_aaf7239b1c98d314|__AUTOMETRIC__
__AUTOMETRIC__|0.1.2|11032|crew_log_ceaf83e94b04c20e|0|1786388630.228|108.871|3.402|1346846720|1354616832|sim_data_aaf7239b1c98d314|__AUTOMETRIC__
__AUTOMETRIC__|0.1.2|11032|crew_log_ceaf83e94b04c20e|0|1786388631.241|100.270|3.133|1361166336|1368985600|sim_data_aaf7239b1c98d314|__AUTOMETRIC__
__AUTOMETRIC__|0.1.2|11032|crew_log_ceaf83e94b04c20e|0|1786388632.256|100.065|3.127|1358528512|1366179840|sim_data_aaf7239b1c98d314|__AUTOMETRIC__
__AUTOMETRIC__|0.1.2|11032|crew_log_ceaf83e94b04c20e|0|1786388633.270|100.115|3.129|1358565376|1366216704|sim_data_aaf7239b1c98d314|__AUTOMETRIC__
__AUTOMETRIC__|0.1.2|11032|crew_log_ceaf83e94b04c20e|0|1786388634.284|98.638|3.082|1361145856|1368805376|sim_data_aaf7239b1c98d314|__AUTOMETRIC__
__AUTOMETRIC__|0.1.2|11032|crew_log_ceaf83e94b04c20e|0|1786388635.285|99.939|3.123|1361010688|1368662016|sim_data_aaf7239b1c98d314|__AUTOMETRIC__
__AUTOMETRIC__|0.1.2|11032|crew_log_ceaf83e94b04c20e|0|1786388636.300|100.078|3.127|1363972096|1371631616|sim_data_aaf7239b1c98d314|__AUTOMETRIC__
__AUTOMETRIC__|0.1.2|11032|crew_log_ceaf83e94b04c20e|0|1786388637.303|99.633|3.114|1363828736|1371414528|sim_data_aaf7239b1c98d314|__AUTOMETRIC__
__AUTOMETRIC__|0.1.2|11032|crew_log_ceaf83e94b04c20e|0|1786388638.308|97.988|3.062|1363890176|1371541504|sim_data_aaf7239b1c98d314|__AUTOMETRIC__
__AUTOMETRIC__|0.1.2|11032|crew_log_ceaf83e94b04c20e|0|1786388639.318|102.075|3.190|1366790144|1374449664|sim_data_aaf7239b1c98d314|__AUTOMETRIC__
__AUTOMETRIC__|0.1.2|11032|crew_log_ceaf83e94b04c20e|0|1786388640.333|100.091|3.128|1366614016|1374199808|sim_data_aaf7239b1c98d314|__AUTOMETRIC__
__AUTOMETRIC__|0.1.2|11032|crew_log_ceaf83e94b04c20e|0|1786388641.338|99.515|3.110|1366646784|1374298112|sim_data_aaf7239b1c98d314|__AUTOMETRIC__
__AUTOMETRIC__|0.1.2|11032|crew_log_ceaf83e94b04c20e|0|1786388642.340|99.807|3.119|1882341376|1890164736|sim_data_aaf7239b1c98d314|__AUTOMETRIC__
__AUTOMETRIC__|0.1.2|11032|crew_log_ceaf83e94b04c20e|0|1786388643.355|103.122|3.223|2032955392|2040725504|sim_data_aaf7239b1c98d314|__AUTOMETRIC__
__AUTOMETRIC__|0.1.2|11032|crew_log_ceaf83e94b04c20e|0|1786388644.358|102.811|3.213|1711656960|1719816192|sim_data_aaf7239b1c98d314|__AUTOMETRIC__
__AUTOMETRIC__|0.1.2|11032|crew_log_ceaf83e94b04c20e|0|1786388645.359|103.016|3.219|1718874112|1726758912|sim_data_aaf7239b1c98d314|__AUTOMETRIC__
__AUTOMETRIC__|0.1.2|11032|crew_log_ceaf83e94b04c20e|0|1786388646.370|98.953|3.092|1719144448|1727029248|sim_data_aaf7239b1c98d314|__AUTOMETRIC__
__AUTOMETRIC__|0.1.2|11032|crew_log_ceaf83e94b04c20e|0|1786388647.384|100.090|3.128|1717256192|1724915712|sim_data_aaf7239b1c98d314|__AUTOMETRIC__
__AUTOMETRIC__|0.1.2|11032|crew_log_ceaf83e94b04c20e|0|1786388648.385|99.979|3.124|1719787520|1727459328|sim_data_aaf7239b1c98d314|__AUTOMETRIC__
__AUTOMETRIC__|0.1.2|11032|crew_log_ceaf83e94b04c20e|0|1786388649.391|100.943|3.154|1719652352|1727311872|sim_data_aaf7239b1c98d314|__AUTOMETRIC__
__AUTOMETRIC__|0.1.2|11032|crew_log_ceaf83e94b04c20e|0|1786388650.394|99.697|3.116|1719910400|1727569920|sim_data_aaf7239b1c98d314|__AUTOMETRIC__
__AUTOMETRIC__|0.1.2|11032|crew_log_ceaf83e94b04c20e|0|1786388651.408|100.145|3.130|1722605568|1730277376|sim_data_aaf7239b1c98d314|__AUTOMETRIC__
__AUTOMETRIC__|0.1.2|11032|crew_log_ceaf83e94b04c20e|0|1786388652.423|100.104|3.128|1722470400|1730129920|sim_data_aaf7239b1c98d314|__AUTOMETRIC__
__AUTOMETRIC__|0.1.2|11032|crew_log_ceaf83e94b04c20e|0|1786388653.424|99.861|3.121|1722462208|1730121728|sim_data_aaf7239b1c98d314|__AUTOMETRIC__
__AUTOMETRIC__|0.1.2|11032|crew_log_ceaf83e94b04c20e|0|1786388654.426|98.268|3.071|1722462208|1730121728|sim_data_aaf7239b1c98d314|__AUTOMETRIC__
__AUTOMETRIC__|0.1.2|11032|crew_log_ceaf83e94b04c20e|0|1786388655.428|99.761|3.118|1724928000|1732587520|sim_data_aaf7239b1c98d314|__AUTOMETRIC__
__AUTOMETRIC__|0.1.2|11032|crew_log_ceaf83e94b04c20e|0|1786388656.429|98.314|3.072|1725173760|1732833280|sim_data_aaf7239b1c98d314|__AUTOMETRIC__
__AUTOMETRIC__|0.1.2|11032|crew_log_ceaf83e94b04c20e|0|1786388657.442|98.730|3.085|1725444096|1733103616|sim_data_aaf7239b1c98d314|__AUTOMETRIC__
__AUTOMETRIC__|0.1.2|11032|crew_log_ceaf83e94b04c20e|0|1786388658.444|99.854|3.120|1956839424|1964716032|sim_data_aaf7239b1c98d314|__AUTOMETRIC__
__AUTOMETRIC__|0.1.2|11032|crew_log_ceaf83e94b04c20e|0|1786388659.458|103.192|3.225|2246778880|2254684160|sim_data_aaf7239b1c98d314|__AUTOMETRIC__
__AUTOMETRIC__|0.1.2|11032|crew_log_ceaf83e94b04c20e|0|1786388660.465|100.862|3.152|2155466752|2163675136|sim_data_aaf7239b1c98d314|__AUTOMETRIC__
__AUTOMETRIC__|0.1.2|11032|crew_log_ceaf83e94b04c20e|0|1786388661.470|108.858|3.402|1369391104|1377406976|sim_data_aaf7239b1c98d314|__AUTOMETRIC__
__AUTOMETRIC__|0.1.2|11032|crew_log_ceaf83e94b04c20e|0|1786388662.484|100.173|3.130|1369653248|1377669120|sim_data_aaf7239b1c98d314|__AUTOMETRIC__
__AUTOMETRIC__|0.1.2|11032|crew_log_ceaf83e94b04c20e|0|1786388663.497|97.151|3.036|1364353024|1371971584|sim_data_aaf7239b1c98d314|__AUTOMETRIC__
__AUTOMETRIC__|0.1.2|11032|crew_log_ceaf83e94b04c20e|0|1786388664.501|99.578|3.112|1367576576|1375203328|sim_data_aaf7239b1c98d314|__AUTOMETRIC__
__AUTOMETRIC__|0.1.2|11032|crew_log_ceaf83e94b04c20e|0|1786388665.507|97.822|3.057|1367142400|1374760960|sim_data_aaf7239b1c98d314|__AUTOMETRIC__
__AUTOMETRIC__|0.1.2|11032|crew_log_ceaf83e94b04c20e|0|1786388666.521|100.181|3.131|1370075136|1377701888|sim_data_aaf7239b1c98d314|__AUTOMETRIC__
__AUTOMETRIC__|0.1.2|11032|crew_log_ceaf83e94b04c20e|0|1786388667.521|98.419|3.076|1369882624|1377501184|sim_data_aaf7239b1c98d314|__AUTOMETRIC__
__AUTOMETRIC__|0.1.2|11032|crew_log_ceaf83e94b04c20e|0|1786388668.532|98.973|3.093|1369935872|1377554432|sim_data_aaf7239b1c98d314|__AUTOMETRIC__
__AUTOMETRIC__|0.1.2|11032|crew_log_ceaf83e94b04c20e|0|1786388669.536|99.622|3.113|1372971008|1380597760|sim_data_aaf7239b1c98d314|__AUTOMETRIC__
__AUTOMETRIC__|0.1.2|11032|crew_log_ceaf83e94b04c20e|0|1786388670.539|99.650|3.114|1372766208|1380384768|sim_data_aaf7239b1c98d314|__AUTOMETRIC__
__AUTOMETRIC__|0.1.2|11032|crew_log_ceaf83e94b04c20e|0|1786388671.553|100.201|3.131|1372778496|1380397056|sim_data_aaf7239b1c98d314|__AUTOMETRIC__
__AUTOMETRIC__|0.1.2|11032|crew_log_ceaf83e94b04c20e|0|1786388672.557|99.570|3.112|1961594880|1969192960|sim_data_aaf7239b1c98d314|__AUTOMETRIC__
__AUTOMETRIC__|0.1.2|11032|crew_log_ceaf83e94b04c20e|0|1786388673.558|104.624|3.270|1722925056|1730699264|sim_data_aaf7239b1c98d314|__AUTOMETRIC__
__AUTOMETRIC__|0.1.2|11032|crew_log_ceaf83e94b04c20e|0|1786388674.561|99.703|3.116|1792712704|1801011200|sim_data_aaf7239b1c98d314|__AUTOMETRIC__
__AUTOMETRIC__|0.1.2|11032|crew_log_ceaf83e94b04c20e|0|1786388675.574|97.177|3.037|1790459904|1798639616|sim_data_aaf7239b1c98d314|__AUTOMETRIC__
__AUTOMETRIC__|0.1.2|11032|crew_log_ceaf83e94b04c20e|0|1786388676.586|100.339|3.136|1790492672|1798889472|sim_data_aaf7239b1c98d314|__AUTOMETRIC__
__AUTOMETRIC__|0.1.2|11032|crew_log_ceaf83e94b04c20e|0|1786388677.593|100.802|3.150|1789583360|1797496832|sim_data_aaf7239b1c98d314|__AUTOMETRIC__
__AUTOMETRIC__|0.1.2|11032|crew_log_ceaf83e94b04c20e|0|1786388678.594|99.917|3.122|1789464576|1797369856|sim_data_aaf7239b1c98d314|__AUTOMETRIC__
__AUTOMETRIC__|0.1.2|11032|crew_log_ceaf83e94b04c20e|0|1786388679.597|99.703|3.116|1789468672|1797373952|sim_data_aaf7239b1c98d314|__AUTOMETRIC__
__AUTOMETRIC__|0.1.2|11032|crew_log_ceaf83e94b04c20e|0|1786388680.606|99.072|3.096|1792323584|1800237056|sim_data_aaf7239b1c98d314|__AUTOMETRIC__
__AUTOMETRIC__|0.1.2|11032|crew_log_ceaf83e94b04c20e|0|1786388681.608|102.954|3.217|1792208896|1799897088|sim_data_aaf7239b1c98d314|__AUTOMETRIC__
__AUTOMETRIC__|0.1.2|11032|crew_log_ceaf83e94b04c20e|0|1786388682.614|99.395|3.106|1792221184|1800126464|sim_data_aaf7239b1c98d314|__AUTOMETRIC__
__AUTOMETRIC__|0.1.2|11032|crew_log_ceaf83e94b04c20e|0|1786388683.618|99.667|3.115|1795162112|1803067392|sim_data_aaf7239b1c98d314|__AUTOMETRIC__
__AUTOMETRIC__|0.1.2|11032|crew_log_ceaf83e94b04c20e|0|1786388684.622|99.541|3.111|1795162112|1803067392|sim_data_aaf7239b1c98d314|__AUTOMETRIC__
__AUTOMETRIC__|0.1.2|11032|crew_log_ceaf83e94b04c20e|0|1786388685.626|101.156|3.161|1795182592|1803087872|sim_data_aaf7239b1c98d314|__AUTOMETRIC__
__AUTOMETRIC__|0.1.2|11032|crew_log_ceaf83e94b04c20e|0|1786388686.629|96.649|3.020|2179514368|2187456512|sim_data_aaf7239b1c98d314|__AUTOMETRIC__
__AUTOMETRIC__|0.1.2|11032|crew_log_ceaf83e94b04c20e|0|1786388687.631|101.355|3.167|2597588992|2605498368|sim_data_aaf7239b1c98d314|__AUTOMETRIC__
__AUTOMETRIC__|0.1.2|11032|crew_log_ceaf83e94b04c20e|0|1786388688.635|108.944|3.404|1443287040|1451417600|sim_data_aaf7239b1c98d314|__AUTOMETRIC__
__AUTOMETRIC__|0.1.2|11032|crew_log_ceaf83e94b04c20e|0|1786388689.643|100.677|3.146|1430335488|1438330880|sim_data_aaf7239b1c98d314|__AUTOMETRIC__
__AUTOMETRIC__|0.1.2|11032|crew_log_ceaf83e94b04c20e|0|1786388690.649|99.445|3.108|1430601728|1438597120|sim_data_aaf7239b1c98d314|__AUTOMETRIC__
__AUTOMETRIC__|0.1.2|11032|crew_log_ceaf83e94b04c20e|0|1786388691.654|99.533|3.110|1429127168|1436725248|sim_data_aaf7239b1c98d314|__AUTOMETRIC__
__AUTOMETRIC__|0.1.2|11032|crew_log_ceaf83e94b04c20e|0|1786388692.660|102.442|3.201|1432223744|1439834112|sim_data_aaf7239b1c98d314|__AUTOMETRIC__
__AUTOMETRIC__|0.1.2|11032|crew_log_ceaf83e94b04c20e|0|1786388693.674|100.235|3.132|1432109056|1439707136|sim_data_aaf7239b1c98d314|__AUTOMETRIC__
__AUTOMETRIC__|0.1.2|11032|crew_log_ceaf83e94b04c20e|0|1786388694.687|100.172|3.130|1432121344|1439719424|sim_data_aaf7239b1c98d314|__AUTOMETRIC__
__AUTOMETRIC__|0.1.2|11032|crew_log_ceaf83e94b04c20e|0|1786388695.695|99.261|3.102|1434963968|1442574336|sim_data_aaf7239b1c98d314|__AUTOMETRIC__
__AUTOMETRIC__|0.1.2|11032|crew_log_ceaf83e94b04c20e|0|1786388696.707|100.374|3.137|1434804224|1442402304|sim_data_aaf7239b1c98d314|__AUTOMETRIC__
__AUTOMETRIC__|0.1.2|11032|crew_log_ceaf83e94b04c20e|0|1786388697.713|97.823|3.057|1434816512|1442414592|sim_data_aaf7239b1c98d314|__AUTOMETRIC__
__AUTOMETRIC__|0.1.2|11032|crew_log_ceaf83e94b04c20e|0|1786388698.725|100.360|3.136|1437786112|1445392384|sim_data_aaf7239b1c98d314|__AUTOMETRIC__
__AUTOMETRIC__|0.1.2|11032|crew_log_ceaf83e94b04c20e|0|1786388699.738|98.741|3.086|1437413376|1445011456|sim_data_aaf7239b1c98d314|__AUTOMETRIC__
__AUTOMETRIC__|0.1.2|11032|crew_log_ceaf83e94b04c20e|0|1786388700.752|100.178|3.131|1437712384|1445310464|sim_data_aaf7239b1c98d314|__AUTOMETRIC__
__AUTOMETRIC__|0.1.2|11032|crew_log_ceaf83e94b04c20e|0|1786388701.757|97.890|3.059|1437687808|1445285888|sim_data_aaf7239b1c98d314|__AUTOMETRIC__
__AUTOMETRIC__|0.1.2|11032|crew_log_ceaf83e94b04c20e|0|1786388702.767|100.571|3.143|1737879552|1745608704|sim_data_aaf7239b1c98d314|__AUTOMETRIC__
__AUTOMETRIC__|0.1.2|11032|crew_log_ceaf83e94b04c20e|0|1786388703.781|103.194|3.225|2046816256|2054709248|sim_data_aaf7239b1c98d314|__AUTOMETRIC__
__AUTOMETRIC__|0.1.2|11032|crew_log_ceaf83e94b04c20e|0|1786388704.787|99.468|3.108|1807450112|1815486464|sim_data_aaf7239b1c98d314|__AUTOMETRIC__
__AUTOMETRIC__|0.1.2|11032|crew_log_ceaf83e94b04c20e|0|1786388705.802|101.625|3.176|1820864512|1828675584|sim_data_aaf7239b1c98d314|__AUTOMETRIC__
__AUTOMETRIC__|0.1.2|11032|crew_log_ceaf83e94b04c20e|0|1786388706.804|99.791|3.118|1821007872|1828818944|sim_data_aaf7239b1c98d314|__AUTOMETRIC__
__AUTOMETRIC__|0.1.2|11032|crew_log_ceaf83e94b04c20e|0|1786388707.808|99.606|3.113|1818521600|1826295808|sim_data_aaf7239b1c98d314|__AUTOMETRIC__
__AUTOMETRIC__|0.1.2|11032|crew_log_ceaf83e94b04c20e|0|1786388708.818|100.501|3.141|1821499392|1829285888|sim_data_aaf7239b1c98d314|__AUTOMETRIC__
__AUTOMETRIC__|0.1.2|11032|crew_log_ceaf83e94b04c20e|0|1786388709.824|99.416|3.107|1821290496|1828876288|sim_data_aaf7239b1c98d314|__AUTOMETRIC__
__AUTOMETRIC__|0.1.2|11032|crew_log_ceaf83e94b04c20e|0|1786388710.827|99.659|3.114|1821335552|1829109760|sim_data_aaf7239b1c98d314|__AUTOMETRIC__
__AUTOMETRIC__|0.1.2|11032|crew_log_ceaf83e94b04c20e|0|1786388711.835|97.705|3.053|1824243712|1832030208|sim_data_aaf7239b1c98d314|__AUTOMETRIC__
__AUTOMETRIC__|0.1.2|11032|crew_log_ceaf83e94b04c20e|0|1786388712.837|99.803|3.119|1824182272|1831768064|sim_data_aaf7239b1c98d314|__AUTOMETRIC__
__AUTOMETRIC__|0.1.2|11032|crew_log_ceaf83e94b04c20e|0|1786388713.840|101.238|3.164|1824153600|1831739392|sim_data_aaf7239b1c98d314|__AUTOMETRIC__
__AUTOMETRIC__|0.1.2|11032|crew_log_ceaf83e94b04c20e|0|1786388714.845|99.557|3.111|1827028992|1834622976|sim_data_aaf7239b1c98d314|__AUTOMETRIC__
__AUTOMETRIC__|0.1.2|11032|crew_log_ceaf83e94b04c20e|0|1786388715.855|98.988|3.093|1826897920|1834483712|sim_data_aaf7239b1c98d314|__AUTOMETRIC__
__AUTOMETRIC__|0.1.2|11032|crew_log_ceaf83e94b04c20e|0|1786388716.861|102.534|3.204|1826897920|1834483712|sim_data_aaf7239b1c98d314|__AUTOMETRIC__
__AUTOMETRIC__|0.1.2|11032|crew_log_ceaf83e94b04c20e|0|1786388717.862|99.892|3.122|2159407104|2167205888|sim_data_aaf7239b1c98d314|__AUTOMETRIC__
__AUTOMETRIC__|0.1.2|11032|crew_log_ceaf83e94b04c20e|0|1786388718.873|103.473|3.234|2527346688|2535256064|sim_data_aaf7239b1c98d314|__AUTOMETRIC__
__AUTOMETRIC__|0.1.2|11032|crew_log_ceaf83e94b04c20e|0|1786388719.874|107.708|3.366|1524207616|1532702720|sim_data_aaf7239b1c98d314|__AUTOMETRIC__
__AUTOMETRIC__|0.1.2|11032|crew_log_ceaf83e94b04c20e|0|1786388720.876|96.728|3.023|1531351040|1539338240|sim_data_aaf7239b1c98d314|__AUTOMETRIC__
__AUTOMETRIC__|0.1.2|11032|crew_log_ceaf83e94b04c20e|0|1786388721.880|98.041|3.064|1528193024|1535954944|sim_data_aaf7239b1c98d314|__AUTOMETRIC__
__AUTOMETRIC__|0.1.2|11032|crew_log_ceaf83e94b04c20e|0|1786388722.884|99.552|3.111|1530888192|1538658304|sim_data_aaf7239b1c98d314|__AUTOMETRIC__
__AUTOMETRIC__|0.1.2|11032|crew_log_ceaf83e94b04c20e|0|1786388723.894|100.593|3.144|1530679296|1538441216|sim_data_aaf7239b1c98d314|__AUTOMETRIC__
__AUTOMETRIC__|0.1.2|11032|crew_log_ceaf83e94b04c20e|0|1786388724.910|99.990|3.125|1530724352|1538486272|sim_data_aaf7239b1c98d314|__AUTOMETRIC__
__AUTOMETRIC__|0.1.2|11032|crew_log_ceaf83e94b04c20e|0|1786388725.918|99.212|3.100|1533628416|1541586944|sim_data_aaf7239b1c98d314|__AUTOMETRIC__
__AUTOMETRIC__|0.1.2|11032|crew_log_ceaf83e94b04c20e|0|1786388726.929|101.993|3.187|1533456384|1541218304|sim_data_aaf7239b1c98d314|__AUTOMETRIC__
__AUTOMETRIC__|0.1.2|11032|crew_log_ceaf83e94b04c20e|0|1786388727.943|100.155|3.130|1533452288|1541214208|sim_data_aaf7239b1c98d314|__AUTOMETRIC__
__AUTOMETRIC__|0.1.2|11032|crew_log_ceaf83e94b04c20e|0|1786388728.958|100.095|3.128|1536471040|1544241152|sim_data_aaf7239b1c98d314|__AUTOMETRIC__
__AUTOMETRIC__|0.1.2|11032|crew_log_ceaf83e94b04c20e|0|1786388729.962|101.079|3.159|1536327680|1544089600|sim_data_aaf7239b1c98d314|__AUTOMETRIC__
__AUTOMETRIC__|0.1.2|11032|crew_log_ceaf83e94b04c20e|0|1786388730.974|97.260|3.039|1536339968|1544101888|sim_data_aaf7239b1c98d314|__AUTOMETRIC__
__AUTOMETRIC__|0.1.2|11032|crew_log_ceaf83e94b04c20e|0|1786388731.979|99.557|3.111|1851101184|1859043328|sim_data_aaf7239b1c98d314|__AUTOMETRIC__
__AUTOMETRIC__|0.1.2|11032|crew_log_ceaf83e94b04c20e|0|1786388732.989|103.607|3.238|2053799936|2061950976|sim_data_aaf7239b1c98d314|__AUTOMETRIC__
__AUTOMETRIC__|0.1.2|11032|crew_log_ceaf83e94b04c20e|0|1786388733.992|102.867|3.215|1992237056|2000248832|sim_data_aaf7239b1c98d314|__AUTOMETRIC__
__AUTOMETRIC__|0.1.2|11032|crew_log_ceaf83e94b04c20e|0|1786388734.998|107.179|3.349|1380225024|1388064768|sim_data_aaf7239b1c98d314|__AUTOMETRIC__
__AUTOMETRIC__|0.1.2|11032|crew_log_ceaf83e94b04c20e|0|1786388736.000|99.802|3.119|1380499456|1388339200|sim_data_aaf7239b1c98d314|__AUTOMETRIC__
__AUTOMETRIC__|0.1.2|11032|crew_log_ceaf83e94b04c20e|0|1786388737.015|100.043|3.126|1376665600|1384394752|sim_data_aaf7239b1c98d314|__AUTOMETRIC__
__AUTOMETRIC__|0.1.2|11032|crew_log_ceaf83e94b04c20e|0|1786388738.019|99.580|3.112|1376509952|1384128512|sim_data_aaf7239b1c98d314|__AUTOMETRIC__
__AUTOMETRIC__|0.1.2|11032|crew_log_ceaf83e94b04c20e|0|1786388739.022|98.163|3.068|1379057664|1386676224|sim_data_aaf7239b1c98d314|__AUTOMETRIC__
__AUTOMETRIC__|0.1.2|11032|crew_log_ceaf83e94b04c20e|0|1786388740.035|98.679|3.084|1379307520|1386926080|sim_data_aaf7239b1c98d314|__AUTOMETRIC__
__AUTOMETRIC__|0.1.2|11032|crew_log_ceaf83e94b04c20e|0|1786388741.043|99.202|3.100|1379344384|1387114496|sim_data_aaf7239b1c98d314|__AUTOMETRIC__
__AUTOMETRIC__|0.1.2|11032|crew_log_ceaf83e94b04c20e|0|1786388742.051|100.788|3.150|1382047744|1389666304|sim_data_aaf7239b1c98d314|__AUTOMETRIC__
__AUTOMETRIC__|0.1.2|11032|crew_log_ceaf83e94b04c20e|0|1786388743.055|99.577|3.112|1382178816|1389797376|sim_data_aaf7239b1c98d314|__AUTOMETRIC__
__AUTOMETRIC__|0.1.2|11032|crew_log_ceaf83e94b04c20e|0|1786388744.059|101.214|3.163|1382166528|1389785088|sim_data_aaf7239b1c98d314|__AUTOMETRIC__
__AUTOMETRIC__|0.1.2|11032|crew_log_ceaf83e94b04c20e|0|1786388745.073|98.620|3.082|1382182912|1389801472|sim_data_aaf7239b1c98d314|__AUTOMETRIC__
__AUTOMETRIC__|0.1.2|11032|crew_log_ceaf83e94b04c20e|0|1786388746.087|100.093|3.128|1385091072|1392717824|sim_data_aaf7239b1c98d314|__AUTOMETRIC__
__AUTOMETRIC__|0.1.2|11032|crew_log_ceaf83e94b04c20e|0|1786388747.090|99.737|3.117|1384927232|1392545792|sim_data_aaf7239b1c98d314|__AUTOMETRIC__
__AUTOMETRIC__|0.1.2|11032|crew_log_ceaf83e94b04c20e|0|1786388748.098|102.282|3.196|1384951808|1392721920|sim_data_aaf7239b1c98d314|__AUTOMETRIC__
__AUTOMETRIC__|0.1.2|11032|crew_log_ceaf83e94b04c20e|0|1786388749.112|100.175|3.130|1540595712|1548296192|sim_data_aaf7239b1c98d314|__AUTOMETRIC__
__AUTOMETRIC__|0.1.2|11032|crew_log_ceaf83e94b04c20e|0|1786388750.126|100.129|3.129|2310930432|2319089664|sim_data_aaf7239b1c98d314|__AUTOMETRIC__
__AUTOMETRIC__|0.1.2|11032|crew_log_ceaf83e94b04c20e|0|1786388751.140|104.786|3.275|1800044544|1808158720|sim_data_aaf7239b1c98d314|__AUTOMETRIC__
__AUTOMETRIC__|0.1.2|11032|crew_log_ceaf83e94b04c20e|0|1786388752.151|98.955|3.092|1815539712|1823531008|sim_data_aaf7239b1c98d314|__AUTOMETRIC__
__AUTOMETRIC__|0.1.2|11032|crew_log_ceaf83e94b04c20e|0|1786388753.151|99.974|3.124|1815822336|1823813632|sim_data_aaf7239b1c98d314|__AUTOMETRIC__
__AUTOMETRIC__|0.1.2|11032|crew_log_ceaf83e94b04c20e|0|1786388754.155|102.741|3.211|1813467136|1821388800|sim_data_aaf7239b1c98d314|__AUTOMETRIC__
__AUTOMETRIC__|0.1.2|11032|crew_log_ceaf83e94b04c20e|0|1786388755.158|98.123|3.066|1816375296|1824309248|sim_data_aaf7239b1c98d314|__AUTOMETRIC__
__AUTOMETRIC__|0.1.2|11032|crew_log_ceaf83e94b04c20e|0|1786388756.162|99.585|3.112|1816068096|1823989760|sim_data_aaf7239b1c98d314|__AUTOMETRIC__
__AUTOMETRIC__|0.1.2|11032|crew_log_ceaf83e94b04c20e|0|1786388757.166|99.661|3.114|1816047616|1823969280|sim_data_aaf7239b1c98d314|__AUTOMETRIC__
__AUTOMETRIC__|0.1.2|11032|crew_log_ceaf83e94b04c20e|0|1786388758.168|99.733|3.117|1818963968|1826897920|sim_data_aaf7239b1c98d314|__AUTOMETRIC__
__AUTOMETRIC__|0.1.2|11032|crew_log_ceaf83e94b04c20e|0|1786388759.184|101.588|3.175|1818796032|1826566144|sim_data_aaf7239b1c98d314|__AUTOMETRIC__
__AUTOMETRIC__|0.1.2|11032|crew_log_ceaf83e94b04c20e|0|1786388760.198|100.094|3.128|1821761536|1829543936|sim_data_aaf7239b1c98d314|__AUTOMETRIC__
__AUTOMETRIC__|0.1.2|11032|crew_log_ceaf83e94b04c20e|0|1786388761.209|98.961|3.093|1821646848|1829416960|sim_data_aaf7239b1c98d314|__AUTOMETRIC__
__AUTOMETRIC__|0.1.2|11032|crew_log_ceaf83e94b04c20e|0|1786388762.211|99.755|3.117|1821667328|1829588992|sim_data_aaf7239b1c98d314|__AUTOMETRIC__
__AUTOMETRIC__|0.1.2|11032|crew_log_ceaf83e94b04c20e|0|1786388763.214|99.706|3.116|1976553472|1984602112|sim_data_aaf7239b1c98d314|__AUTOMETRIC__
__AUTOMETRIC__|0.1.2|11032|crew_log_ceaf83e94b04c20e|0|1786388764.229|103.111|3.222|2450206720|2458431488|sim_data_aaf7239b1c98d314|__AUTOMETRIC__
__AUTOMETRIC__|0.1.2|11032|crew_log_ceaf83e94b04c20e|0|1786388765.244|107.796|3.369|1740492800|1748447232|sim_data_aaf7239b1c98d314|__AUTOMETRIC__
__AUTOMETRIC__|0.1.2|11032|crew_log_ceaf83e94b04c20e|0|1786388766.256|100.365|3.136|1756979200|1765031936|sim_data_aaf7239b1c98d314|__AUTOMETRIC__
__AUTOMETRIC__|0.1.2|11032|crew_log_ceaf83e94b04c20e|0|1786388767.257|99.871|3.121|1754714112|1762549760|sim_data_aaf7239b1c98d314|__AUTOMETRIC__
__AUTOMETRIC__|0.1.2|11032|crew_log_ceaf83e94b04c20e|0|1786388768.259|101.354|3.167|1754472448|1762308096|sim_data_aaf7239b1c98d314|__AUTOMETRIC__
__AUTOMETRIC__|0.1.2|11032|crew_log_ceaf83e94b04c20e|0|1786388769.275|98.502|3.078|1757106176|1764941824|sim_data_aaf7239b1c98d314|__AUTOMETRIC__
__AUTOMETRIC__|0.1.2|11032|crew_log_ceaf83e94b04c20e|0|1786388770.286|98.895|3.090|1757220864|1765056512|sim_data_aaf7239b1c98d314|__AUTOMETRIC__
__AUTOMETRIC__|0.1.2|11032|crew_log_ceaf83e94b04c20e|0|1786388771.301|99.997|3.125|1757229056|1765064704|sim_data_aaf7239b1c98d314|__AUTOMETRIC__
__AUTOMETRIC__|0.1.2|11032|crew_log_ceaf83e94b04c20e|0|1786388772.316|98.589|3.081|1760006144|1767841792|sim_data_aaf7239b1c98d314|__AUTOMETRIC__
__AUTOMETRIC__|0.1.2|11032|crew_log_ceaf83e94b04c20e|0|1786388773.331|100.030|3.126|1760133120|1767968768|sim_data_aaf7239b1c98d314|__AUTOMETRIC__
__AUTOMETRIC__|0.1.2|11032|crew_log_ceaf83e94b04c20e|0|1786388774.337|97.843|3.058|1760153600|1767989248|sim_data_aaf7239b1c98d314|__AUTOMETRIC__
__AUTOMETRIC__|0.1.2|11032|crew_log_ceaf83e94b04c20e|0|1786388775.339|99.760|3.117|1763295232|1771139072|sim_data_aaf7239b1c98d314|__AUTOMETRIC__
__AUTOMETRIC__|0.1.2|11032|crew_log_ceaf83e94b04c20e|0|1786388776.353|100.256|3.133|1762914304|1770749952|sim_data_aaf7239b1c98d314|__AUTOMETRIC__
__AUTOMETRIC__|0.1.2|11032|crew_log_ceaf83e94b04c20e|0|1786388777.359|100.894|3.153|1762906112|1770741760|sim_data_aaf7239b1c98d314|__AUTOMETRIC__
__AUTOMETRIC__|0.1.2|11032|crew_log_ceaf83e94b04c20e|0|1786388778.372|98.772|3.087|1940504576|1948594176|sim_data_aaf7239b1c98d314|__AUTOMETRIC__
__AUTOMETRIC__|0.1.2|11032|crew_log_ceaf83e94b04c20e|0|1786388779.383|105.012|3.282|2373730304|2381832192|sim_data_aaf7239b1c98d314|__AUTOMETRIC__
__AUTOMETRIC__|0.1.2|11032|crew_log_ceaf83e94b04c20e|0|1786388780.398|107.753|3.367|1788014592|1796005888|sim_data_aaf7239b1c98d314|__AUTOMETRIC__
__AUTOMETRIC__|0.1.2|11032|crew_log_ceaf83e94b04c20e|0|1786388781.407|99.160|3.099|1804967936|1813041152|sim_data_aaf7239b1c98d314|__AUTOMETRIC__
__AUTOMETRIC__|0.1.2|11032|crew_log_ceaf83e94b04c20e|0|1786388782.413|99.390|3.106|1802412032|1810337792|sim_data_aaf7239b1c98d314|__AUTOMETRIC__
__AUTOMETRIC__|0.1.2|11032|crew_log_ceaf83e94b04c20e|0|1786388783.419|100.913|3.154|1802145792|1809997824|sim_data_aaf7239b1c98d314|__AUTOMETRIC__
__AUTOMETRIC__|0.1.2|11032|crew_log_ceaf83e94b04c20e|0|1786388784.428|100.676|3.146|1805230080|1813307392|sim_data_aaf7239b1c98d314|__AUTOMETRIC__
__AUTOMETRIC__|0.1.2|11032|crew_log_ceaf83e94b04c20e|0|1786388785.437|99.097|3.097|1805004800|1812856832|sim_data_aaf7239b1c98d314|__AUTOMETRIC__
__AUTOMETRIC__|0.1.2|11032|crew_log_ceaf83e94b04c20e|0|1786388786.443|97.931|3.060|1805012992|1812865024|sim_data_aaf7239b1c98d314|__AUTOMETRIC__
__AUTOMETRIC__|0.1.2|11032|crew_log_ceaf83e94b04c20e|0|1786388787.449|99.366|3.105|1807818752|1815678976|sim_data_aaf7239b1c98d314|__AUTOMETRIC__
__AUTOMETRIC__|0.1.2|11032|crew_log_ceaf83e94b04c20e|0|1786388788.450|103.004|3.219|1807691776|1815543808|sim_data_aaf7239b1c98d314|__AUTOMETRIC__
__AUTOMETRIC__|0.1.2|11032|crew_log_ceaf83e94b04c20e|0|1786388789.459|99.147|3.098|1807704064|1815556096|sim_data_aaf7239b1c98d314|__AUTOMETRIC__
__AUTOMETRIC__|0.1.2|11032|crew_log_ceaf83e94b04c20e|0|1786388790.468|100.592|3.143|1807695872|1815547904|sim_data_aaf7239b1c98d314|__AUTOMETRIC__
__AUTOMETRIC__|0.1.2|11032|crew_log_ceaf83e94b04c20e|0|1786388791.470|99.818|3.119|1810714624|1818574848|sim_data_aaf7239b1c98d314|__AUTOMETRIC__
__AUTOMETRIC__|0.1.2|11032|crew_log_ceaf83e94b04c20e|0|1786388792.470|99.993|3.125|1810558976|1818411008|sim_data_aaf7239b1c98d314|__AUTOMETRIC__
__AUTOMETRIC__|0.1.2|11032|crew_log_ceaf83e94b04c20e|0|1786388793.476|96.316|3.010|1810558976|1818411008|sim_data_aaf7239b1c98d314|__AUTOMETRIC__
__AUTOMETRIC__|0.1.2|11032|crew_log_ceaf83e94b04c20e|0|1786388794.483|99.286|3.103|1810542592|1818394624|sim_data_aaf7239b1c98d314|__AUTOMETRIC__
__AUTOMETRIC__|0.1.2|11032|crew_log_ceaf83e94b04c20e|0|1786388795.485|99.797|3.119|2333331456|2341511168|sim_data_aaf7239b1c98d314|__AUTOMETRIC__
__AUTOMETRIC__|0.1.2|11032|crew_log_ceaf83e94b04c20e|0|1786388796.486|104.577|3.268|2091606016|2099785728|sim_data_aaf7239b1c98d314|__AUTOMETRIC__
__AUTOMETRIC__|0.1.2|11032|crew_log_ceaf83e94b04c20e|0|1786388797.495|102.213|3.194|1886773248|1895550976|sim_data_aaf7239b1c98d314|__AUTOMETRIC__
__AUTOMETRIC__|0.1.2|11032|crew_log_ceaf83e94b04c20e|0|1786388798.504|100.649|3.145|1885085696|1893511168|sim_data_aaf7239b1c98d314|__AUTOMETRIC__
__AUTOMETRIC__|0.1.2|11032|crew_log_ceaf83e94b04c20e|0|1786388799.509|99.504|3.109|1885110272|1893535744|sim_data_aaf7239b1c98d314|__AUTOMETRIC__
__AUTOMETRIC__|0.1.2|11032|crew_log_ceaf83e94b04c20e|0|1786388800.524|101.598|3.175|1883914240|1891856384|sim_data_aaf7239b1c98d314|__AUTOMETRIC__
__AUTOMETRIC__|0.1.2|11032|crew_log_ceaf83e94b04c20e|0|1786388801.531|99.365|3.105|1883774976|1891704832|sim_data_aaf7239b1c98d314|__AUTOMETRIC__
__AUTOMETRIC__|0.1.2|11032|crew_log_ceaf83e94b04c20e|0|1786388802.542|98.881|3.090|1883779072|1891708928|sim_data_aaf7239b1c98d314|__AUTOMETRIC__
__AUTOMETRIC__|0.1.2|11032|crew_log_ceaf83e94b04c20e|0|1786388803.544|101.393|3.169|1886711808|1894871040|sim_data_aaf7239b1c98d314|__AUTOMETRIC__
__AUTOMETRIC__|0.1.2|11032|crew_log_ceaf83e94b04c20e|0|1786388804.552|99.153|3.099|1886572544|1894502400|sim_data_aaf7239b1c98d314|__AUTOMETRIC__
__AUTOMETRIC__|0.1.2|11032|crew_log_ceaf83e94b04c20e|0|1786388805.559|99.364|3.105|1886507008|1894653952|sim_data_aaf7239b1c98d314|__AUTOMETRIC__
__AUTOMETRIC__|0.1.2|11032|crew_log_ceaf83e94b04c20e|0|1786388806.560|101.455|3.170|1889492992|1897652224|sim_data_aaf7239b1c98d314|__AUTOMETRIC__
__AUTOMETRIC__|0.1.2|11032|crew_log_ceaf83e94b04c20e|0|1786388807.564|99.607|3.113|1889394688|1897324544|sim_data_aaf7239b1c98d314|__AUTOMETRIC__
__AUTOMETRIC__|0.1.2|11032|crew_log_ceaf83e94b04c20e|0|1786388808.569|99.469|3.108|1983234048|1991401472|sim_data_aaf7239b1c98d314|__AUTOMETRIC__
__AUTOMETRIC__|0.1.2|11032|crew_log_ceaf83e94b04c20e|0|1786388809.569|103.103|3.222|2288762880|2296897536|sim_data_aaf7239b1c98d314|__AUTOMETRIC__
__AUTOMETRIC__|0.1.2|11032|crew_log_ceaf83e94b04c20e|0|1786388810.574|102.659|3.208|2030649344|2038677504|sim_data_aaf7239b1c98d314|__AUTOMETRIC__
__AUTOMETRIC__|0.1.2|11032|crew_log_ceaf83e94b04c20e|0|1786388811.582|106.916|3.341|1426432000|1434746880|sim_data_aaf7239b1c98d314|__AUTOMETRIC__
__AUTOMETRIC__|0.1.2|11032|crew_log_ceaf83e94b04c20e|0|1786388812.585|99.746|3.117|1426567168|1434882048|sim_data_aaf7239b1c98d314|__AUTOMETRIC__
__AUTOMETRIC__|0.1.2|11032|crew_log_ceaf83e94b04c20e|0|1786388813.589|102.642|3.208|1297207296|1305075712|sim_data_aaf7239b1c98d314|__AUTOMETRIC__
__AUTOMETRIC__|0.1.2|11032|crew_log_ceaf83e94b04c20e|0|1786388814.600|100.471|3.140|1300217856|1308094464|sim_data_aaf7239b1c98d314|__AUTOMETRIC__
__AUTOMETRIC__|0.1.2|11032|crew_log_ceaf83e94b04c20e|0|1786388815.602|98.294|3.072|1300041728|1307910144|sim_data_aaf7239b1c98d314|__AUTOMETRIC__
__AUTOMETRIC__|0.1.2|11032|crew_log_ceaf83e94b04c20e|0|1786388816.616|100.168|3.130|1300070400|1307938816|sim_data_aaf7239b1c98d314|__AUTOMETRIC__
__AUTOMETRIC__|0.1.2|11032|crew_log_ceaf83e94b04c20e|0|1786388817.622|97.852|3.058|1302986752|1310863360|sim_data_aaf7239b1c98d314|__AUTOMETRIC__
__AUTOMETRIC__|0.1.2|11032|crew_log_ceaf83e94b04c20e|0|1786388818.625|101.232|3.164|1302818816|1310687232|sim_data_aaf7239b1c98d314|__AUTOMETRIC__
__AUTOMETRIC__|0.1.2|11032|crew_log_ceaf83e94b04c20e|0|1786388819.627|99.779|3.118|1302810624|1310679040|sim_data_aaf7239b1c98d314|__AUTOMETRIC__
__AUTOMETRIC__|0.1.2|11032|crew_log_ceaf83e94b04c20e|0|1786388820.633|99.419|3.107|1305681920|1313558528|sim_data_aaf7239b1c98d314|__AUTOMETRIC__
__AUTOMETRIC__|0.1.2|11032|crew_log_ceaf83e94b04c20e|0|1786388821.647|98.581|3.081|1305571328|1313222656|sim_data_aaf7239b1c98d314|__AUTOMETRIC__
__AUTOMETRIC__|0.1.2|11032|crew_log_ceaf83e94b04c20e|0|1786388822.659|100.403|3.138|1305583616|1313452032|sim_data_aaf7239b1c98d314|__AUTOMETRIC__
__AUTOMETRIC__|0.1.2|11032|crew_log_ceaf83e94b04c20e|0|1786388823.664|99.543|3.111|1850978304|1859088384|sim_data_aaf7239b1c98d314|__AUTOMETRIC__
__AUTOMETRIC__|0.1.2|11032|crew_log_ceaf83e94b04c20e|0|1786388824.665|103.019|3.219|2076577792|2084601856|sim_data_aaf7239b1c98d314|__AUTOMETRIC__
__AUTOMETRIC__|0.1.2|11032|crew_log_ceaf83e94b04c20e|0|1786388825.680|106.142|3.317|1359712256|1368215552|sim_data_aaf7239b1c98d314|__AUTOMETRIC__
__AUTOMETRIC__|0.1.2|11032|crew_log_ceaf83e94b04c20e|0|1786388826.682|101.344|3.167|1354227712|1362227200|sim_data_aaf7239b1c98d314|__AUTOMETRIC__
__AUTOMETRIC__|0.1.2|11032|crew_log_ceaf83e94b04c20e|0|1786388827.696|98.634|3.082|1352052736|1359806464|sim_data_aaf7239b1c98d314|__AUTOMETRIC__
__AUTOMETRIC__|0.1.2|11032|crew_log_ceaf83e94b04c20e|0|1786388828.699|99.757|3.117|1352081408|1359835136|sim_data_aaf7239b1c98d314|__AUTOMETRIC__
__AUTOMETRIC__|0.1.2|11032|crew_log_ceaf83e94b04c20e|0|1786388829.708|100.669|3.146|1352065024|1359818752|sim_data_aaf7239b1c98d314|__AUTOMETRIC__
__AUTOMETRIC__|0.1.2|11032|crew_log_ceaf83e94b04c20e|0|1786388830.719|100.369|3.137|1354567680|1362321408|sim_data_aaf7239b1c98d314|__AUTOMETRIC__
__AUTOMETRIC__|0.1.2|11032|crew_log_ceaf83e94b04c20e|0|1786388831.728|99.198|3.100|1354805248|1362558976|sim_data_aaf7239b1c98d314|__AUTOMETRIC__
__AUTOMETRIC__|0.1.2|11032|crew_log_ceaf83e94b04c20e|0|1786388832.741|100.206|3.131|1354821632|1362792448|sim_data_aaf7239b1c98d314|__AUTOMETRIC__
__AUTOMETRIC__|0.1.2|11032|crew_log_ceaf83e94b04c20e|0|1786388833.755|100.127|3.129|1357762560|1365741568|sim_data_aaf7239b1c98d314|__AUTOMETRIC__
__AUTOMETRIC__|0.1.2|11032|crew_log_ceaf83e94b04c20e|0|1786388834.758|99.762|3.118|1357488128|1365241856|sim_data_aaf7239b1c98d314|__AUTOMETRIC__
__AUTOMETRIC__|0.1.2|11032|crew_log_ceaf83e94b04c20e|0|1786388835.767|97.523|3.048|1357631488|1365385216|sim_data_aaf7239b1c98d314|__AUTOMETRIC__
__AUTOMETRIC__|0.1.2|11032|crew_log_ceaf83e94b04c20e|0|1786388836.781|100.173|3.130|1357643776|1365397504|sim_data_aaf7239b1c98d314|__AUTOMETRIC__
__AUTOMETRIC__|0.1.2|11032|crew_log_ceaf83e94b04c20e|0|1786388837.795|100.192|3.131|1360596992|1368358912|sim_data_aaf7239b1c98d314|__AUTOMETRIC__
__AUTOMETRIC__|0.1.2|11032|crew_log_ceaf83e94b04c20e|0|1786388838.809|98.566|3.080|1360273408|1368027136|sim_data_aaf7239b1c98d314|__AUTOMETRIC__
__AUTOMETRIC__|0.1.2|11032|crew_log_ceaf83e94b04c20e|0|1786388839.817|99.278|3.102|1360412672|1368166400|sim_data_aaf7239b1c98d314|__AUTOMETRIC__
__AUTOMETRIC__|0.1.2|11032|crew_log_ceaf83e94b04c20e|0|1786388840.830|100.238|3.132|1360392192|1368145920|sim_data_aaf7239b1c98d314|__AUTOMETRIC__
__AUTOMETRIC__|0.1.2|11032|crew_log_ceaf83e94b04c20e|0|1786388841.835|99.450|3.108|1431007232|1438904320|sim_data_aaf7239b1c98d314|__AUTOMETRIC__
__AUTOMETRIC__|0.1.2|11032|crew_log_ceaf83e94b04c20e|0|1786388842.837|101.421|3.169|1866584064|1874599936|sim_data_aaf7239b1c98d314|__AUTOMETRIC__
__AUTOMETRIC__|0.1.2|11032|crew_log_ceaf83e94b04c20e|0|1786388843.849|103.449|3.233|1375039488|1383071744|sim_data_aaf7239b1c98d314|__AUTOMETRIC__
__AUTOMETRIC__|0.1.2|11032|crew_log_ceaf83e94b04c20e|0|1786388844.862|100.211|3.132|1397710848|1406177280|sim_data_aaf7239b1c98d314|__AUTOMETRIC__
__AUTOMETRIC__|0.1.2|11032|crew_log_ceaf83e94b04c20e|0|1786388845.866|99.573|3.112|1392742400|1400774656|sim_data_aaf7239b1c98d314|__AUTOMETRIC__
__AUTOMETRIC__|0.1.2|11032|crew_log_ceaf83e94b04c20e|0|1786388846.879|100.323|3.135|1390161920|1398161408|sim_data_aaf7239b1c98d314|__AUTOMETRIC__
__AUTOMETRIC__|0.1.2|11032|crew_log_ceaf83e94b04c20e|0|1786388847.890|100.487|3.140|1393053696|1401061376|sim_data_aaf7239b1c98d314|__AUTOMETRIC__
__AUTOMETRIC__|0.1.2|11032|crew_log_ceaf83e94b04c20e|0|1786388848.891|99.864|3.121|1392914432|1400913920|sim_data_aaf7239b1c98d314|__AUTOMETRIC__
__AUTOMETRIC__|0.1.2|11032|crew_log_ceaf83e94b04c20e|0|1786388849.893|99.770|3.118|1392922624|1400922112|sim_data_aaf7239b1c98d314|__AUTOMETRIC__
__AUTOMETRIC__|0.1.2|11032|crew_log_ceaf83e94b04c20e|0|1786388850.904|100.433|3.139|1395761152|1403543552|sim_data_aaf7239b1c98d314|__AUTOMETRIC__
__AUTOMETRIC__|0.1.2|11032|crew_log_ceaf83e94b04c20e|0|1786388851.918|98.618|3.082|1395748864|1403531264|sim_data_aaf7239b1c98d314|__AUTOMETRIC__
__AUTOMETRIC__|0.1.2|11032|crew_log_ceaf83e94b04c20e|0|1786388852.920|99.883|3.121|1395752960|1403535360|sim_data_aaf7239b1c98d314|__AUTOMETRIC__
__AUTOMETRIC__|0.1.2|11032|crew_log_ceaf83e94b04c20e|0|1786388853.921|99.821|3.119|1398489088|1406271488|sim_data_aaf7239b1c98d314|__AUTOMETRIC__
__AUTOMETRIC__|0.1.2|11032|crew_log_ceaf83e94b04c20e|0|1786388854.923|99.811|3.119|1398640640|1406423040|sim_data_aaf7239b1c98d314|__AUTOMETRIC__
__AUTOMETRIC__|0.1.2|11032|crew_log_ceaf83e94b04c20e|0|1786388855.927|99.641|3.114|1398603776|1406386176|sim_data_aaf7239b1c98d314|__AUTOMETRIC__
__AUTOMETRIC__|0.1.2|11032|crew_log_ceaf83e94b04c20e|0|1786388856.941|98.574|3.080|1960620032|1968820224|sim_data_aaf7239b1c98d314|__AUTOMETRIC__
__AUTOMETRIC__|0.1.2|11032|crew_log_ceaf83e94b04c20e|0|1786388857.956|101.672|3.177|2221477888|2230079488|sim_data_aaf7239b1c98d314|__AUTOMETRIC__
__AUTOMETRIC__|0.1.2|11032|crew_log_ceaf83e94b04c20e|0|1786388858.961|104.145|3.255|1589886976|1598533632|sim_data_aaf7239b1c98d314|__AUTOMETRIC__
__AUTOMETRIC__|0.1.2|11032|crew_log_ceaf83e94b04c20e|0|1786388859.973|101.925|3.185|1584656384|1592639488|sim_data_aaf7239b1c98d314|__AUTOMETRIC__
__AUTOMETRIC__|0.1.2|11032|crew_log_ceaf83e94b04c20e|0|1786388860.973|99.993|3.125|1584029696|1592045568|sim_data_aaf7239b1c98d314|__AUTOMETRIC__
__AUTOMETRIC__|0.1.2|11032|crew_log_ceaf83e94b04c20e|0|1786388861.975|99.772|3.118|1586946048|1594748928|sim_data_aaf7239b1c98d314|__AUTOMETRIC__
__AUTOMETRIC__|0.1.2|11032|crew_log_ceaf83e94b04c20e|0|1786388862.987|98.784|3.087|1586749440|1594540032|sim_data_aaf7239b1c98d314|__AUTOMETRIC__
__AUTOMETRIC__|0.1.2|11032|crew_log_ceaf83e94b04c20e|0|1786388863.990|99.688|3.115|1586757632|1594548224|sim_data_aaf7239b1c98d314|__AUTOMETRIC__
__AUTOMETRIC__|0.1.2|11032|crew_log_ceaf83e94b04c20e|0|1786388865.003|98.741|3.086|1589628928|1597419520|sim_data_aaf7239b1c98d314|__AUTOMETRIC__
__AUTOMETRIC__|0.1.2|11032|crew_log_ceaf83e94b04c20e|0|1786388866.016|100.251|3.133|1589624832|1597415424|sim_data_aaf7239b1c98d314|__AUTOMETRIC__
__AUTOMETRIC__|0.1.2|11032|crew_log_ceaf83e94b04c20e|0|1786388867.017|99.896|3.122|1589669888|1597460480|sim_data_aaf7239b1c98d314|__AUTOMETRIC__
__AUTOMETRIC__|0.1.2|11032|crew_log_ceaf83e94b04c20e|0|1786388868.031|100.239|3.132|1592680448|1600483328|sim_data_aaf7239b1c98d314|__AUTOMETRIC__
__AUTOMETRIC__|0.1.2|11032|crew_log_ceaf83e94b04c20e|0|1786388869.033|99.790|3.118|1592553472|1600344064|sim_data_aaf7239b1c98d314|__AUTOMETRIC__
__AUTOMETRIC__|0.1.2|11032|crew_log_ceaf83e94b04c20e|0|1786388870.035|99.731|3.117|1592590336|1600380928|sim_data_aaf7239b1c98d314|__AUTOMETRIC__
__AUTOMETRIC__|0.1.2|11032|crew_log_ceaf83e94b04c20e|0|1786388871.048|100.289|3.134|1593401344|1601409024|sim_data_aaf7239b1c98d314|__AUTOMETRIC__
__AUTOMETRIC__|0.1.2|11032|crew_log_ceaf83e94b04c20e|0|1786388872.063|100.108|3.128|2117853184|2126028800|sim_data_aaf7239b1c98d314|__AUTOMETRIC__
__AUTOMETRIC__|0.1.2|11032|crew_log_ceaf83e94b04c20e|0|1786388873.066|104.290|3.259|2069082112|2077392896|sim_data_aaf7239b1c98d314|__AUTOMETRIC__
__AUTOMETRIC__|0.1.2|11032|crew_log_ceaf83e94b04c20e|0|1786388874.080|103.312|3.229|1886715904|1895337984|sim_data_aaf7239b1c98d314|__AUTOMETRIC__
__AUTOMETRIC__|0.1.2|11032|crew_log_ceaf83e94b04c20e|0|1786388875.094|100.081|3.128|1882079232|1890131968|sim_data_aaf7239b1c98d314|__AUTOMETRIC__
__AUTOMETRIC__|0.1.2|11032|crew_log_ceaf83e94b04c20e|0|1786388876.109|100.071|3.127|1880322048|1888190464|sim_data_aaf7239b1c98d314|__AUTOMETRIC__
__AUTOMETRIC__|0.1.2|11032|crew_log_ceaf83e94b04c20e|0|1786388877.110|99.987|3.125|1883197440|1891295232|sim_data_aaf7239b1c98d314|__AUTOMETRIC__
__AUTOMETRIC__|0.1.2|11032|crew_log_ceaf83e94b04c20e|0|1786388878.112|99.770|3.118|1882808320|1890676736|sim_data_aaf7239b1c98d314|__AUTOMETRIC__
__AUTOMETRIC__|0.1.2|11032|crew_log_ceaf83e94b04c20e|0|1786388879.114|99.775|3.118|1883054080|1890922496|sim_data_aaf7239b1c98d314|__AUTOMETRIC__
__AUTOMETRIC__|0.1.2|11032|crew_log_ceaf83e94b04c20e|0|1786388880.130|100.016|3.125|1883070464|1890938880|sim_data_aaf7239b1c98d314|__AUTOMETRIC__
__AUTOMETRIC__|0.1.2|11032|crew_log_ceaf83e94b04c20e|0|1786388881.137|100.783|3.149|1885859840|1893728256|sim_data_aaf7239b1c98d314|__AUTOMETRIC__
__AUTOMETRIC__|0.1.2|11032|crew_log_ceaf83e94b04c20e|0|1786388882.150|98.791|3.087|1885855744|1893724160|sim_data_aaf7239b1c98d314|__AUTOMETRIC__
__AUTOMETRIC__|0.1.2|11032|crew_log_ceaf83e94b04c20e|0|1786388883.164|100.112|3.129|1885855744|1893941248|sim_data_aaf7239b1c98d314|__AUTOMETRIC__
__AUTOMETRIC__|0.1.2|11032|crew_log_ceaf83e94b04c20e|0|1786388884.179|98.543|3.079|1885855744|1893724160|sim_data_aaf7239b1c98d314|__AUTOMETRIC__
__AUTOMETRIC__|0.1.2|11032|crew_log_ceaf83e94b04c20e|0|1786388885.193|100.160|3.130|1888768000|1896648704|sim_data_aaf7239b1c98d314|__AUTOMETRIC__
__AUTOMETRIC__|0.1.2|11032|crew_log_ceaf83e94b04c20e|0|1786388886.207|100.145|3.130|1888645120|1896730624|sim_data_aaf7239b1c98d314|__AUTOMETRIC__
__AUTOMETRIC__|0.1.2|11032|crew_log_ceaf83e94b04c20e|0|1786388887.222|98.535|3.079|1888624640|1896493056|sim_data_aaf7239b1c98d314|__AUTOMETRIC__
__AUTOMETRIC__|0.1.2|11032|crew_log_ceaf83e94b04c20e|0|1786388888.237|99.996|3.125|2291810304|2300010496|sim_data_aaf7239b1c98d314|__AUTOMETRIC__
__AUTOMETRIC__|0.1.2|11032|crew_log_ceaf83e94b04c20e|0|1786388889.246|103.807|3.244|2074624000|2082775040|sim_data_aaf7239b1c98d314|__AUTOMETRIC__
__AUTOMETRIC__|0.1.2|11032|crew_log_ceaf83e94b04c20e|0|1786388890.253|103.986|3.250|1629491200|1638019072|sim_data_aaf7239b1c98d314|__AUTOMETRIC__
__AUTOMETRIC__|0.1.2|11032|crew_log_ceaf83e94b04c20e|0|1786388891.269|98.424|3.076|1624293376|1632231424|sim_data_aaf7239b1c98d314|__AUTOMETRIC__
__AUTOMETRIC__|0.1.2|11032|crew_log_ceaf83e94b04c20e|0|1786388892.269|98.367|3.074|1623134208|1631105024|sim_data_aaf7239b1c98d314|__AUTOMETRIC__
__AUTOMETRIC__|0.1.2|11032|crew_log_ceaf83e94b04c20e|0|1786388893.275|97.847|3.058|1625923584|1633902592|sim_data_aaf7239b1c98d314|__AUTOMETRIC__
__AUTOMETRIC__|0.1.2|11032|crew_log_ceaf83e94b04c20e|0|1786388894.280|101.131|3.160|1625784320|1633755136|sim_data_aaf7239b1c98d314|__AUTOMETRIC__
__AUTOMETRIC__|0.1.2|11032|crew_log_ceaf83e94b04c20e|0|1786388895.283|98.155|3.067|1625788416|1633759232|sim_data_aaf7239b1c98d314|__AUTOMETRIC__
__AUTOMETRIC__|0.1.2|11032|crew_log_ceaf83e94b04c20e|0|1786388896.283|99.910|3.122|1628839936|1636818944|sim_data_aaf7239b1c98d314|__AUTOMETRIC__
__AUTOMETRIC__|0.1.2|11032|crew_log_ceaf83e94b04c20e|0|1786388897.289|99.490|3.109|1628667904|1636495360|sim_data_aaf7239b1c98d314|__AUTOMETRIC__
__AUTOMETRIC__|0.1.2|11032|crew_log_ceaf83e94b04c20e|0|1786388898.297|100.761|3.149|1628704768|1636532224|sim_data_aaf7239b1c98d314|__AUTOMETRIC__
__AUTOMETRIC__|0.1.2|11032|crew_log_ceaf83e94b04c20e|0|1786388899.303|97.786|3.056|1631608832|1639579648|sim_data_aaf7239b1c98d314|__AUTOMETRIC__
__AUTOMETRIC__|0.1.2|11032|crew_log_ceaf83e94b04c20e|0|1786388900.309|101.029|3.157|1631502336|1639329792|sim_data_aaf7239b1c98d314|__AUTOMETRIC__
__AUTOMETRIC__|0.1.2|11032|crew_log_ceaf83e94b04c20e|0|1786388901.317|99.123|3.098|1631514624|1639485440|sim_data_aaf7239b1c98d314|__AUTOMETRIC__
__AUTOMETRIC__|0.1.2|11032|crew_log_ceaf83e94b04c20e|0|1786388902.321|99.684|3.115|1652912128|1660866560|sim_data_aaf7239b1c98d314|__AUTOMETRIC__
__AUTOMETRIC__|0.1.2|11032|crew_log_ceaf83e94b04c20e|0|1786388903.323|99.788|3.118|2321022976|2329481216|sim_data_aaf7239b1c98d314|__AUTOMETRIC__
__AUTOMETRIC__|0.1.2|11032|crew_log_ceaf83e94b04c20e|0|1786388904.337|106.273|3.321|1946386432|1954873344|sim_data_aaf7239b1c98d314|__AUTOMETRIC__
__AUTOMETRIC__|0.1.2|11032|crew_log_ceaf83e94b04c20e|0|1786388905.345|100.781|3.149|1966202880|1974489088|sim_data_aaf7239b1c98d314|__AUTOMETRIC__
__AUTOMETRIC__|0.1.2|11032|crew_log_ceaf83e94b04c20e|0|1786388906.359|98.579|3.081|1961869312|1969848320|sim_data_aaf7239b1c98d314|__AUTOMETRIC__
__AUTOMETRIC__|0.1.2|11032|crew_log_ceaf83e94b04c20e|0|1786388907.362|99.748|3.117|1961934848|1970016256|sim_data_aaf7239b1c98d314|__AUTOMETRIC__
__AUTOMETRIC__|0.1.2|11032|crew_log_ceaf83e94b04c20e|0|1786388908.374|100.332|3.135|1964691456|1972781056|sim_data_aaf7239b1c98d314|__AUTOMETRIC__
__AUTOMETRIC__|0.1.2|11032|crew_log_ceaf83e94b04c20e|0|1786388909.383|99.132|3.098|1964515328|1972596736|sim_data_aaf7239b1c98d314|__AUTOMETRIC__
__AUTOMETRIC__|0.1.2|11032|crew_log_ceaf83e94b04c20e|0|1786388910.390|100.796|3.150|1964507136|1972588544|sim_data_aaf7239b1c98d314|__AUTOMETRIC__
__AUTOMETRIC__|0.1.2|11032|crew_log_ceaf83e94b04c20e|0|1786388911.406|99.967|3.124|1967136768|1975115776|sim_data_aaf7239b1c98d314|__AUTOMETRIC__
__AUTOMETRIC__|0.1.2|11032|crew_log_ceaf83e94b04c20e|0|1786388912.417|98.986|3.093|1967259648|1975238656|sim_data_aaf7239b1c98d314|__AUTOMETRIC__
__AUTOMETRIC__|0.1.2|11032|crew_log_ceaf83e94b04c20e|0|1786388913.431|98.554|3.080|1967316992|1975398400|sim_data_aaf7239b1c98d314|__AUTOMETRIC__
__AUTOMETRIC__|0.1.2|11032|crew_log_ceaf83e94b04c20e|0|1786388914.444|101.807|3.181|1970257920|1978347520|sim_data_aaf7239b1c98d314|__AUTOMETRIC__
__AUTOMETRIC__|0.1.2|11032|crew_log_ceaf83e94b04c20e|0|1786388915.453|102.235|3.195|1970073600|1978052608|sim_data_aaf7239b1c98d314|__AUTOMETRIC__
__AUTOMETRIC__|0.1.2|11032|crew_log_ceaf83e94b04c20e|0|1786388916.463|98.972|3.093|1970085888|1978167296|sim_data_aaf7239b1c98d314|__AUTOMETRIC__
__AUTOMETRIC__|0.1.2|11032|crew_log_ceaf83e94b04c20e|0|1786388917.464|98.349|3.073|2210799616|2218864640|sim_data_aaf7239b1c98d314|__AUTOMETRIC__
__AUTOMETRIC__|0.1.2|11032|crew_log_ceaf83e94b04c20e|0|1786388918.476|103.438|3.232|2257895424|2265956352|sim_data_aaf7239b1c98d314|__AUTOMETRIC__
__AUTOMETRIC__|0.1.2|11032|crew_log_ceaf83e94b04c20e|0|1786388919.477|106.234|3.320|1587838976|1596416000|sim_data_aaf7239b1c98d314|__AUTOMETRIC__
__AUTOMETRIC__|0.1.2|11032|crew_log_ceaf83e94b04c20e|0|1786388920.488|101.908|3.185|1581568000|1589653504|sim_data_aaf7239b1c98d314|__AUTOMETRIC__
__AUTOMETRIC__|0.1.2|11032|crew_log_ceaf83e94b04c20e|0|1786388921.491|99.793|3.119|1581838336|1589923840|sim_data_aaf7239b1c98d314|__AUTOMETRIC__
__AUTOMETRIC__|0.1.2|11032|crew_log_ceaf83e94b04c20e|0|1786388922.495|99.538|3.111|1579483136|1587494912|sim_data_aaf7239b1c98d314|__AUTOMETRIC__
__AUTOMETRIC__|0.1.2|11032|crew_log_ceaf83e94b04c20e|0|1786388923.504|100.696|3.147|1582469120|1590489088|sim_data_aaf7239b1c98d314|__AUTOMETRIC__
__AUTOMETRIC__|0.1.2|11032|crew_log_ceaf83e94b04c20e|0|1786388924.510|99.361|3.105|1582301184|1590202368|sim_data_aaf7239b1c98d314|__AUTOMETRIC__
__AUTOMETRIC__|0.1.2|11032|crew_log_ceaf83e94b04c20e|0|1786388925.526|101.560|3.174|1582288896|1590300672|sim_data_aaf7239b1c98d314|__AUTOMETRIC__
__AUTOMETRIC__|0.1.2|11032|crew_log_ceaf83e94b04c20e|0|1786388926.530|101.165|3.161|1584992256|1592893440|sim_data_aaf7239b1c98d314|__AUTOMETRIC__
__AUTOMETRIC__|0.1.2|11032|crew_log_ceaf83e94b04c20e|0|1786388927.537|99.246|3.101|1585119232|1593020416|sim_data_aaf7239b1c98d314|__AUTOMETRIC__
__AUTOMETRIC__|0.1.2|11032|crew_log_ceaf83e94b04c20e|0|1786388928.539|99.773|3.118|1585086464|1593098240|sim_data_aaf7239b1c98d314|__AUTOMETRIC__
__AUTOMETRIC__|0.1.2|11032|crew_log_ceaf83e94b04c20e|0|1786388929.545|99.467|3.108|1588252672|1596272640|sim_data_aaf7239b1c98d314|__AUTOMETRIC__
__AUTOMETRIC__|0.1.2|11032|crew_log_ceaf83e94b04c20e|0|1786388930.546|99.863|3.121|1588092928|1595994112|sim_data_aaf7239b1c98d314|__AUTOMETRIC__
__AUTOMETRIC__|0.1.2|11032|crew_log_ceaf83e94b04c20e|0|1786388931.556|95.946|2.998|1588092928|1595994112|sim_data_aaf7239b1c98d314|__AUTOMETRIC__
__AUTOMETRIC__|0.1.2|11032|crew_log_ceaf83e94b04c20e|0|1786388932.561|99.514|3.110|2083606528|2091659264|sim_data_aaf7239b1c98d314|__AUTOMETRIC__
__AUTOMETRIC__|0.1.2|11032|crew_log_ceaf83e94b04c20e|0|1786388933.567|102.473|3.202|2071531520|2079535104|sim_data_aaf7239b1c98d314|__AUTOMETRIC__
__AUTOMETRIC__|0.1.2|11032|crew_log_ceaf83e94b04c20e|0|1786388934.579|103.499|3.234|1832726528|1841459200|sim_data_aaf7239b1c98d314|__AUTOMETRIC__
__AUTOMETRIC__|0.1.2|11032|crew_log_ceaf83e94b04c20e|0|1786388935.584|99.430|3.107|1828548608|1836535808|sim_data_aaf7239b1c98d314|__AUTOMETRIC__
__AUTOMETRIC__|0.1.2|11032|crew_log_ceaf83e94b04c20e|0|1786388936.596|97.321|3.041|1827045376|1835032576|sim_data_aaf7239b1c98d314|__AUTOMETRIC__
__AUTOMETRIC__|0.1.2|11032|crew_log_ceaf83e94b04c20e|0|1786388937.597|99.856|3.120|1829969920|1837969408|sim_data_aaf7239b1c98d314|__AUTOMETRIC__
__AUTOMETRIC__|0.1.2|11032|crew_log_ceaf83e94b04c20e|0|1786388938.613|100.015|3.125|1829801984|1837678592|sim_data_aaf7239b1c98d314|__AUTOMETRIC__
__AUTOMETRIC__|0.1.2|11032|crew_log_ceaf83e94b04c20e|0|1786388939.618|97.924|3.060|1829810176|1837797376|sim_data_aaf7239b1c98d314|__AUTOMETRIC__
__AUTOMETRIC__|0.1.2|11032|crew_log_ceaf83e94b04c20e|0|1786388940.629|100.436|3.139|1832632320|1840619520|sim_data_aaf7239b1c98d314|__AUTOMETRIC__
__AUTOMETRIC__|0.1.2|11032|crew_log_ceaf83e94b04c20e|0|1786388941.643|98.682|3.084|1832624128|1840611328|sim_data_aaf7239b1c98d314|__AUTOMETRIC__
__AUTOMETRIC__|0.1.2|11032|crew_log_ceaf83e94b04c20e|0|1786388942.646|99.660|3.114|1832644608|1840631808|sim_data_aaf7239b1c98d314|__AUTOMETRIC__
__AUTOMETRIC__|0.1.2|11032|crew_log_ceaf83e94b04c20e|0|1786388943.660|100.179|3.131|1835606016|1843601408|sim_data_aaf7239b1c98d314|__AUTOMETRIC__
__AUTOMETRIC__|0.1.2|11032|crew_log_ceaf83e94b04c20e|0|1786388944.662|99.763|3.118|1835470848|1843347456|sim_data_aaf7239b1c98d314|__AUTOMETRIC__
__AUTOMETRIC__|0.1.2|11032|crew_log_ceaf83e94b04c20e|0|1786388945.677|100.111|3.128|1835474944|1843462144|sim_data_aaf7239b1c98d314|__AUTOMETRIC__
__AUTOMETRIC__|0.1.2|11032|crew_log_ceaf83e94b04c20e|0|1786388946.691|100.163|3.130|2265206784|2273312768|sim_data_aaf7239b1c98d314|__AUTOMETRIC__
__AUTOMETRIC__|0.1.2|11032|crew_log_ceaf83e94b04c20e|0|1786388947.705|103.167|3.224|2213994496|2222288896|sim_data_aaf7239b1c98d314|__AUTOMETRIC__
__AUTOMETRIC__|0.1.2|11032|crew_log_ceaf83e94b04c20e|0|1786388948.719|104.820|3.276|1650843648|1659342848|sim_data_aaf7239b1c98d314|__AUTOMETRIC__
__AUTOMETRIC__|0.1.2|11032|crew_log_ceaf83e94b04c20e|0|1786388949.726|97.732|3.054|1649868800|1657946112|sim_data_aaf7239b1c98d314|__AUTOMETRIC__
__AUTOMETRIC__|0.1.2|11032|crew_log_ceaf83e94b04c20e|0|1786388950.726|101.539|3.173|1648082944|1656037376|sim_data_aaf7239b1c98d314|__AUTOMETRIC__
__AUTOMETRIC__|0.1.2|11032|crew_log_ceaf83e94b04c20e|0|1786388951.741|98.562|3.080|1648078848|1656033280|sim_data_aaf7239b1c98d314|__AUTOMETRIC__
__AUTOMETRIC__|0.1.2|11032|crew_log_ceaf83e94b04c20e|0|1786388952.745|99.557|3.111|1650765824|1658642432|sim_data_aaf7239b1c98d314|__AUTOMETRIC__
__AUTOMETRIC__|0.1.2|11032|crew_log_ceaf83e94b04c20e|0|1786388953.747|99.857|3.121|1650950144|1658904576|sim_data_aaf7239b1c98d314|__AUTOMETRIC__
__AUTOMETRIC__|0.1.2|11032|crew_log_ceaf83e94b04c20e|0|1786388954.748|99.873|3.121|1650896896|1658851328|sim_data_aaf7239b1c98d314|__AUTOMETRIC__
__AUTOMETRIC__|0.1.2|11032|crew_log_ceaf83e94b04c20e|0|1786388955.761|98.718|3.085|1653686272|1661562880|sim_data_aaf7239b1c98d314|__AUTOMETRIC__
__AUTOMETRIC__|0.1.2|11032|crew_log_ceaf83e94b04c20e|0|1786388956.767|97.826|3.057|1653686272|1661640704|sim_data_aaf7239b1c98d314|__AUTOMETRIC__
__AUTOMETRIC__|0.1.2|11032|crew_log_ceaf83e94b04c20e|0|1786388957.769|98.275|3.071|1656594432|1664561152|sim_data_aaf7239b1c98d314|__AUTOMETRIC__
__AUTOMETRIC__|0.1.2|11032|crew_log_ceaf83e94b04c20e|0|1786388958.771|99.815|3.119|1656487936|1664364544|sim_data_aaf7239b1c98d314|__AUTOMETRIC__
__AUTOMETRIC__|0.1.2|11032|crew_log_ceaf83e94b04c20e|0|1786388959.785|100.138|3.129|1656496128|1664450560|sim_data_aaf7239b1c98d314|__AUTOMETRIC__
__AUTOMETRIC__|0.1.2|11032|crew_log_ceaf83e94b04c20e|0|1786388960.791|99.413|3.107|1966133248|1974091776|sim_data_aaf7239b1c98d314|__AUTOMETRIC__
__AUTOMETRIC__|0.1.2|11032|crew_log_ceaf83e94b04c20e|0|1786388961.794|101.266|3.165|2042441728|2050662400|sim_data_aaf7239b1c98d314|__AUTOMETRIC__
__AUTOMETRIC__|0.1.2|11032|crew_log_ceaf83e94b04c20e|0|1786388962.795|98.343|3.073|2420342784|2428166144|sim_data_aaf7239b1c98d314|__AUTOMETRIC__
__AUTOMETRIC__|0.1.2|11032|crew_log_ceaf83e94b04c20e|0|1786388963.811|103.069|3.221|2451324928|2459881472|sim_data_aaf7239b1c98d314|__AUTOMETRIC__
__AUTOMETRIC__|0.1.2|11032|crew_log_ceaf83e94b04c20e|0|1786388964.818|107.021|3.344|1533829120|1542332416|sim_data_aaf7239b1c98d314|__AUTOMETRIC__
__AUTOMETRIC__|0.1.2|11032|crew_log_ceaf83e94b04c20e|0|1786388965.823|99.481|3.109|1534119936|1542623232|sim_data_aaf7239b1c98d314|__AUTOMETRIC__
__AUTOMETRIC__|0.1.2|11032|crew_log_ceaf83e94b04c20e|0|1786388966.836|100.297|3.134|1530454016|1538457600|sim_data_aaf7239b1c98d314|__AUTOMETRIC__
__AUTOMETRIC__|0.1.2|11032|crew_log_ceaf83e94b04c20e|0|1786388967.851|101.620|3.176|1530433536|1538265088|sim_data_aaf7239b1c98d314|__AUTOMETRIC__
__AUTOMETRIC__|0.1.2|11032|crew_log_ceaf83e94b04c20e|0|1786388968.865|100.150|3.130|1532960768|1540792320|sim_data_aaf7239b1c98d314|__AUTOMETRIC__
__AUTOMETRIC__|0.1.2|11032|crew_log_ceaf83e94b04c20e|0|1786388969.868|99.638|3.114|1533202432|1541033984|sim_data_aaf7239b1c98d314|__AUTOMETRIC__
__AUTOMETRIC__|0.1.2|11032|crew_log_ceaf83e94b04c20e|0|1786388970.872|101.203|3.163|1533243392|1541074944|sim_data_aaf7239b1c98d314|__AUTOMETRIC__
__AUTOMETRIC__|0.1.2|11032|crew_log_ceaf83e94b04c20e|0|1786388971.874|99.830|3.120|1536212992|1544052736|sim_data_aaf7239b1c98d314|__AUTOMETRIC__
__AUTOMETRIC__|0.1.2|11032|crew_log_ceaf83e94b04c20e|0|1786388972.881|97.725|3.054|1536036864|1543868416|sim_data_aaf7239b1c98d314|__AUTOMETRIC__
__AUTOMETRIC__|0.1.2|11032|crew_log_ceaf83e94b04c20e|0|1786388973.885|98.023|3.063|1536086016|1543974912|sim_data_aaf7239b1c98d314|__AUTOMETRIC__
__AUTOMETRIC__|0.1.2|11032|crew_log_ceaf83e94b04c20e|0|1786388974.895|102.120|3.191|1539043328|1546940416|sim_data_aaf7239b1c98d314|__AUTOMETRIC__
__AUTOMETRIC__|0.1.2|11032|crew_log_ceaf83e94b04c20e|0|1786388975.902|100.898|3.153|1538707456|1546539008|sim_data_aaf7239b1c98d314|__AUTOMETRIC__
__AUTOMETRIC__|0.1.2|11032|crew_log_ceaf83e94b04c20e|0|1786388976.917|98.529|3.079|1538924544|1546813440|sim_data_aaf7239b1c98d314|__AUTOMETRIC__
__AUTOMETRIC__|0.1.2|11032|crew_log_ceaf83e94b04c20e|0|1786388977.927|102.029|3.188|1639170048|1647120384|sim_data_aaf7239b1c98d314|__AUTOMETRIC__
__AUTOMETRIC__|0.1.2|11032|crew_log_ceaf83e94b04c20e|0|1786388978.929|99.823|3.119|2482302976|2491113472|sim_data_aaf7239b1c98d314|__AUTOMETRIC__
__AUTOMETRIC__|0.1.2|11032|crew_log_ceaf83e94b04c20e|0|1786388979.931|104.447|3.264|2281037824|2289999872|sim_data_aaf7239b1c98d314|__AUTOMETRIC__
__AUTOMETRIC__|0.1.2|11032|crew_log_ceaf83e94b04c20e|0|1786388980.946|98.606|3.081|2300391424|2309623808|sim_data_aaf7239b1c98d314|__AUTOMETRIC__
__AUTOMETRIC__|0.1.2|11032|crew_log_ceaf83e94b04c20e|0|1786388981.961|101.576|3.174|2296209408|2304704512|sim_data_aaf7239b1c98d314|__AUTOMETRIC__
__AUTOMETRIC__|0.1.2|11032|crew_log_ceaf83e94b04c20e|0|1786388982.964|101.264|3.165|2294030336|2302484480|sim_data_aaf7239b1c98d314|__AUTOMETRIC__
__AUTOMETRIC__|0.1.2|11032|crew_log_ceaf83e94b04c20e|0|1786388983.966|102.893|3.215|2296635392|2305089536|sim_data_aaf7239b1c98d314|__AUTOMETRIC__
__AUTOMETRIC__|0.1.2|11032|crew_log_ceaf83e94b04c20e|0|1786388984.971|99.479|3.109|2296786944|2305241088|sim_data_aaf7239b1c98d314|__AUTOMETRIC__
__AUTOMETRIC__|0.1.2|11032|crew_log_ceaf83e94b04c20e|0|1786388985.977|97.856|3.058|2296782848|2305236992|sim_data_aaf7239b1c98d314|__AUTOMETRIC__
__AUTOMETRIC__|0.1.2|11032|crew_log_ceaf83e94b04c20e|0|1786388986.984|100.824|3.151|2299834368|2308300800|sim_data_aaf7239b1c98d314|__AUTOMETRIC__
__AUTOMETRIC__|0.1.2|11032|crew_log_ceaf83e94b04c20e|0|1786388987.992|97.661|3.052|2299604992|2308059136|sim_data_aaf7239b1c98d314|__AUTOMETRIC__
__AUTOMETRIC__|0.1.2|11032|crew_log_ceaf83e94b04c20e|0|1786388989.006|100.178|3.131|2299613184|2308067328|sim_data_aaf7239b1c98d314|__AUTOMETRIC__
__AUTOMETRIC__|0.1.2|11032|crew_log_ceaf83e94b04c20e|0|1786388990.008|99.843|3.120|2302312448|2310696960|sim_data_aaf7239b1c98d314|__AUTOMETRIC__
__AUTOMETRIC__|0.1.2|11032|crew_log_ceaf83e94b04c20e|0|1786388991.021|100.287|3.134|2302455808|2310909952|sim_data_aaf7239b1c98d314|__AUTOMETRIC__
__AUTOMETRIC__|0.1.2|11032|crew_log_ceaf83e94b04c20e|0|1786388992.024|101.259|3.164|2302435328|2310889472|sim_data_aaf7239b1c98d314|__AUTOMETRIC__
__AUTOMETRIC__|0.1.2|11032|crew_log_ceaf83e94b04c20e|0|1786388993.025|104.517|3.266|2273861632|2282504192|sim_data_aaf7239b1c98d314|__AUTOMETRIC__
__AUTOMETRIC__|0.1.2|11032|crew_log_ceaf83e94b04c20e|0|1786388994.027|101.404|3.169|2647506944|2656137216|sim_data_aaf7239b1c98d314|__AUTOMETRIC__
__AUTOMETRIC__|0.1.2|11032|crew_log_ceaf83e94b04c20e|0|1786388995.042|103.131|3.223|2217775104|2227281920|sim_data_aaf7239b1c98d314|__AUTOMETRIC__
__AUTOMETRIC__|0.1.2|11032|crew_log_ceaf83e94b04c20e|0|1786388996.044|99.762|3.118|2214596608|2223542272|sim_data_aaf7239b1c98d314|__AUTOMETRIC__
__AUTOMETRIC__|0.1.2|11032|crew_log_ceaf83e94b04c20e|0|1786388997.059|100.049|3.127|2211127296|2219536384|sim_data_aaf7239b1c98d314|__AUTOMETRIC__
__AUTOMETRIC__|0.1.2|11032|crew_log_ceaf83e94b04c20e|0|1786388998.063|98.070|3.065|2211094528|2219503616|sim_data_aaf7239b1c98d314|__AUTOMETRIC__
__AUTOMETRIC__|0.1.2|11032|crew_log_ceaf83e94b04c20e|0|1786388999.073|97.492|3.047|2213765120|2222174208|sim_data_aaf7239b1c98d314|__AUTOMETRIC__
__AUTOMETRIC__|0.1.2|11032|crew_log_ceaf83e94b04c20e|0|1786389000.087|100.126|3.129|2213883904|2222292992|sim_data_aaf7239b1c98d314|__AUTOMETRIC__
__AUTOMETRIC__|0.1.2|11032|crew_log_ceaf83e94b04c20e|0|1786389001.092|101.105|3.160|2213896192|2222354432|sim_data_aaf7239b1c98d314|__AUTOMETRIC__
__AUTOMETRIC__|0.1.2|11032|crew_log_ceaf83e94b04c20e|0|1786389002.096|99.529|3.110|2216923136|2225381376|sim_data_aaf7239b1c98d314|__AUTOMETRIC__
__AUTOMETRIC__|0.1.2|11032|crew_log_ceaf83e94b04c20e|0|1786389003.099|99.714|3.116|2216763392|2225213440|sim_data_aaf7239b1c98d314|__AUTOMETRIC__
__AUTOMETRIC__|0.1.2|11032|crew_log_ceaf83e94b04c20e|0|1786389004.105|100.930|3.154|2216775680|2225225728|sim_data_aaf7239b1c98d314|__AUTOMETRIC__
__AUTOMETRIC__|0.1.2|11032|crew_log_ceaf83e94b04c20e|0|1786389005.110|99.520|3.110|2216755200|2225205248|sim_data_aaf7239b1c98d314|__AUTOMETRIC__
__AUTOMETRIC__|0.1.2|11032|crew_log_ceaf83e94b04c20e|0|1786389006.122|100.394|3.137|2219765760|2228228096|sim_data_aaf7239b1c98d314|__AUTOMETRIC__
__AUTOMETRIC__|0.1.2|11032|crew_log_ceaf83e94b04c20e|0|1786389007.125|99.694|3.115|2219573248|2227982336|sim_data_aaf7239b1c98d314|__AUTOMETRIC__
__AUTOMETRIC__|0.1.2|11032|crew_log_ceaf83e94b04c20e|0|1786389008.135|97.458|3.046|2219556864|2227965952|sim_data_aaf7239b1c98d314|__AUTOMETRIC__
__AUTOMETRIC__|0.1.2|11032|crew_log_ceaf83e94b04c20e|0|1786389009.140|101.042|3.158|2491207680|2499665920|sim_data_aaf7239b1c98d314|__AUTOMETRIC__
__AUTOMETRIC__|0.1.2|11032|crew_log_ceaf83e94b04c20e|0|1786389010.148|106.996|3.344|2089922560|2098548736|sim_data_aaf7239b1c98d314|__AUTOMETRIC__
__AUTOMETRIC__|0.1.2|11032|crew_log_ceaf83e94b04c20e|0|1786389011.152|99.568|3.111|2149912576|2158915584|sim_data_aaf7239b1c98d314|__AUTOMETRIC__
__AUTOMETRIC__|0.1.2|11032|crew_log_ceaf83e94b04c20e|0|1786389012.163|98.883|3.090|2165919744|2175201280|sim_data_aaf7239b1c98d314|__AUTOMETRIC__
__AUTOMETRIC__|0.1.2|11032|crew_log_ceaf83e94b04c20e|0|1786389013.166|99.745|3.117|2161975296|2170580992|sim_data_aaf7239b1c98d314|__AUTOMETRIC__
__AUTOMETRIC__|0.1.2|11032|crew_log_ceaf83e94b04c20e|0|1786389014.178|103.444|3.233|2159759360|2168299520|sim_data_aaf7239b1c98d314|__AUTOMETRIC__
__AUTOMETRIC__|0.1.2|11032|crew_log_ceaf83e94b04c20e|0|1786389015.193|101.606|3.175|2162585600|2171125760|sim_data_aaf7239b1c98d314|__AUTOMETRIC__
__AUTOMETRIC__|0.1.2|11032|crew_log_ceaf83e94b04c20e|0|1786389016.197|98.081|3.065|2162556928|2171097088|sim_data_aaf7239b1c98d314|__AUTOMETRIC__
__AUTOMETRIC__|0.1.2|11032|crew_log_ceaf83e94b04c20e|0|1786389017.207|100.560|3.143|2162561024|2171101184|sim_data_aaf7239b1c98d314|__AUTOMETRIC__
__AUTOMETRIC__|0.1.2|11032|crew_log_ceaf83e94b04c20e|0|1786389018.211|97.982|3.062|2165133312|2173628416|sim_data_aaf7239b1c98d314|__AUTOMETRIC__
__AUTOMETRIC__|0.1.2|11032|crew_log_ceaf83e94b04c20e|0|1786389019.225|98.694|3.084|2165383168|2173878272|sim_data_aaf7239b1c98d314|__AUTOMETRIC__
__AUTOMETRIC__|0.1.2|11032|crew_log_ceaf83e94b04c20e|0|1786389020.239|100.085|3.128|2165391360|2173886464|sim_data_aaf7239b1c98d314|__AUTOMETRIC__
__AUTOMETRIC__|0.1.2|11032|crew_log_ceaf83e94b04c20e|0|1786389021.243|101.168|3.161|2167918592|2176458752|sim_data_aaf7239b1c98d314|__AUTOMETRIC__
__AUTOMETRIC__|0.1.2|11032|crew_log_ceaf83e94b04c20e|0|1786389022.257|98.612|3.082|2168168448|2176708608|sim_data_aaf7239b1c98d314|__AUTOMETRIC__
__AUTOMETRIC__|0.1.2|11032|crew_log_ceaf83e94b04c20e|0|1786389023.270|100.283|3.134|2168172544|2176712704|sim_data_aaf7239b1c98d314|__AUTOMETRIC__
__AUTOMETRIC__|0.1.2|11032|crew_log_ceaf83e94b04c20e|0|1786389024.273|99.657|3.114|2575482880|2584092672|sim_data_aaf7239b1c98d314|__AUTOMETRIC__
__AUTOMETRIC__|0.1.2|11032|crew_log_ceaf83e94b04c20e|0|1786389025.276|105.972|3.312|2545942528|2554720256|sim_data_aaf7239b1c98d314|__AUTOMETRIC__
__AUTOMETRIC__|0.1.2|11032|crew_log_ceaf83e94b04c20e|0|1786389026.279|105.967|3.311|2138329088|2147442688|sim_data_aaf7239b1c98d314|__AUTOMETRIC__
__AUTOMETRIC__|0.1.2|11032|crew_log_ceaf83e94b04c20e|0|1786389027.282|99.684|3.115|2137997312|2146803712|sim_data_aaf7239b1c98d314|__AUTOMETRIC__
__AUTOMETRIC__|0.1.2|11032|crew_log_ceaf83e94b04c20e|0|1786389028.297|100.101|3.128|2134740992|2143182848|sim_data_aaf7239b1c98d314|__AUTOMETRIC__
__AUTOMETRIC__|0.1.2|11032|crew_log_ceaf83e94b04c20e|0|1786389029.300|99.663|3.114|2137677824|2146131968|sim_data_aaf7239b1c98d314|__AUTOMETRIC__
__AUTOMETRIC__|0.1.2|11032|crew_log_ceaf83e94b04c20e|0|1786389030.313|100.278|3.134|2137321472|2145763328|sim_data_aaf7239b1c98d314|__AUTOMETRIC__
__AUTOMETRIC__|0.1.2|11032|crew_log_ceaf83e94b04c20e|0|1786389031.317|99.611|3.113|2137329664|2145988608|sim_data_aaf7239b1c98d314|__AUTOMETRIC__
__AUTOMETRIC__|0.1.2|11032|crew_log_ceaf83e94b04c20e|0|1786389032.317|99.983|3.124|2140196864|2148868096|sim_data_aaf7239b1c98d314|__AUTOMETRIC__
__AUTOMETRIC__|0.1.2|11032|crew_log_ceaf83e94b04c20e|0|1786389033.318|99.838|3.120|2140073984|2148732928|sim_data_aaf7239b1c98d314|__AUTOMETRIC__
__AUTOMETRIC__|0.1.2|11032|crew_log_ceaf83e94b04c20e|0|1786389034.334|98.481|3.078|2140082176|2148741120|sim_data_aaf7239b1c98d314|__AUTOMETRIC__
__AUTOMETRIC__|0.1.2|11032|crew_log_ceaf83e94b04c20e|0|1786389035.335|99.835|3.120|2142941184|2151383040|sim_data_aaf7239b1c98d314|__AUTOMETRIC__
__AUTOMETRIC__|0.1.2|11032|crew_log_ceaf83e94b04c20e|0|1786389036.343|100.795|3.150|2142957568|2151616512|sim_data_aaf7239b1c98d314|__AUTOMETRIC__
__AUTOMETRIC__|0.1.2|11032|crew_log_ceaf83e94b04c20e|0|1786389037.349|99.391|3.106|2303524864|2312237056|sim_data_aaf7239b1c98d314|__AUTOMETRIC__
__AUTOMETRIC__|0.1.2|11032|crew_log_ceaf83e94b04c20e|0|1786389038.351|104.474|3.265|2534711296|2543443968|sim_data_aaf7239b1c98d314|__AUTOMETRIC__
__AUTOMETRIC__|0.1.2|11032|crew_log_ceaf83e94b04c20e|0|1786389039.352|104.561|3.268|2148282368|2157342720|sim_data_aaf7239b1c98d314|__AUTOMETRIC__
__AUTOMETRIC__|0.1.2|11032|crew_log_ceaf83e94b04c20e|0|1786389040.357|101.135|3.160|2162864128|2171449344|sim_data_aaf7239b1c98d314|__AUTOMETRIC__
__AUTOMETRIC__|0.1.2|11032|crew_log_ceaf83e94b04c20e|0|1786389041.368|98.890|3.090|2163159040|2171744256|sim_data_aaf7239b1c98d314|__AUTOMETRIC__
__AUTOMETRIC__|0.1.2|11032|crew_log_ceaf83e94b04c20e|0|1786389042.374|102.453|3.202|2161684480|2170159104|sim_data_aaf7239b1c98d314|__AUTOMETRIC__
__AUTOMETRIC__|0.1.2|11032|crew_log_ceaf83e94b04c20e|0|1786389043.388|100.226|3.132|2164641792|2173341696|sim_data_aaf7239b1c98d314|__AUTOMETRIC__
__AUTOMETRIC__|0.1.2|11032|crew_log_ceaf83e94b04c20e|0|1786389044.390|99.824|3.120|2164490240|2172964864|sim_data_aaf7239b1c98d314|__AUTOMETRIC__
__AUTOMETRIC__|0.1.2|11032|crew_log_ceaf83e94b04c20e|0|1786389045.404|98.595|3.081|2167476224|2176176128|sim_data_aaf7239b1c98d314|__AUTOMETRIC__
__AUTOMETRIC__|0.1.2|11032|crew_log_ceaf83e94b04c20e|0|1786389046.408|99.628|3.113|2167300096|2175774720|sim_data_aaf7239b1c98d314|__AUTOMETRIC__
__AUTOMETRIC__|0.1.2|11032|crew_log_ceaf83e94b04c20e|0|1786389047.422|100.109|3.128|2167328768|2175803392|sim_data_aaf7239b1c98d314|__AUTOMETRIC__
__AUTOMETRIC__|0.1.2|11032|crew_log_ceaf83e94b04c20e|0|1786389048.435|100.311|3.135|2170281984|2178981888|sim_data_aaf7239b1c98d314|__AUTOMETRIC__
__AUTOMETRIC__|0.1.2|11032|crew_log_ceaf83e94b04c20e|0|1786389049.440|99.429|3.107|2170085376|2178560000|sim_data_aaf7239b1c98d314|__AUTOMETRIC__
__AUTOMETRIC__|0.1.2|11032|crew_log_ceaf83e94b04c20e|0|1786389050.442|99.864|3.121|2170085376|2178560000|sim_data_aaf7239b1c98d314|__AUTOMETRIC__
__AUTOMETRIC__|0.1.2|11032|crew_log_ceaf83e94b04c20e|0|1786389051.447|97.941|3.061|2603593728|2612232192|sim_data_aaf7239b1c98d314|__AUTOMETRIC__
__AUTOMETRIC__|0.1.2|11032|crew_log_ceaf83e94b04c20e|0|1786389052.451|102.681|3.209|2616324096|2625040384|sim_data_aaf7239b1c98d314|__AUTOMETRIC__
__AUTOMETRIC__|0.1.2|11032|crew_log_ceaf83e94b04c20e|0|1786389053.452|104.536|3.267|2221740032|2231005184|sim_data_aaf7239b1c98d314|__AUTOMETRIC__
__AUTOMETRIC__|0.1.2|11032|crew_log_ceaf83e94b04c20e|0|1786389054.454|98.255|3.070|2216312832|2225352704|sim_data_aaf7239b1c98d314|__AUTOMETRIC__
__AUTOMETRIC__|0.1.2|11032|crew_log_ceaf83e94b04c20e|0|1786389055.455|99.888|3.121|2214404096|2222776320|sim_data_aaf7239b1c98d314|__AUTOMETRIC__
__AUTOMETRIC__|0.1.2|11032|crew_log_ceaf83e94b04c20e|0|1786389056.470|100.113|3.129|2214412288|2222784512|sim_data_aaf7239b1c98d314|__AUTOMETRIC__
__AUTOMETRIC__|0.1.2|11032|crew_log_ceaf83e94b04c20e|0|1786389057.478|99.168|3.099|2217140224|2225713152|sim_data_aaf7239b1c98d314|__AUTOMETRIC__
__AUTOMETRIC__|0.1.2|11032|crew_log_ceaf83e94b04c20e|0|1786389058.480|102.938|3.217|2216984576|2225356800|sim_data_aaf7239b1c98d314|__AUTOMETRIC__
__AUTOMETRIC__|0.1.2|11032|crew_log_ceaf83e94b04c20e|0|1786389059.491|100.507|3.141|2216992768|2225364992|sim_data_aaf7239b1c98d314|__AUTOMETRIC__
__AUTOMETRIC__|0.1.2|11032|crew_log_ceaf83e94b04c20e|0|1786389060.505|98.555|3.080|2220060672|2228441088|sim_data_aaf7239b1c98d314|__AUTOMETRIC__
__AUTOMETRIC__|0.1.2|11032|crew_log_ceaf83e94b04c20e|0|1786389061.506|99.964|3.124|2219917312|2228289536|sim_data_aaf7239b1c98d314|__AUTOMETRIC__
__AUTOMETRIC__|0.1.2|11032|crew_log_ceaf83e94b04c20e|0|1786389062.517|100.431|3.138|2219929600|2228301824|sim_data_aaf7239b1c98d314|__AUTOMETRIC__
__AUTOMETRIC__|0.1.2|11032|crew_log_ceaf83e94b04c20e|0|1786389063.518|99.887|3.121|2219909120|2228281344|sim_data_aaf7239b1c98d314|__AUTOMETRIC__
__AUTOMETRIC__|0.1.2|11032|crew_log_ceaf83e94b04c20e|0|1786389064.523|101.059|3.158|2222518272|2230890496|sim_data_aaf7239b1c98d314|__AUTOMETRIC__
__AUTOMETRIC__|0.1.2|11032|crew_log_ceaf83e94b04c20e|0|1786389065.537|100.169|3.130|2222514176|2230886400|sim_data_aaf7239b1c98d314|__AUTOMETRIC__
__AUTOMETRIC__|0.1.2|11032|crew_log_ceaf83e94b04c20e|0|1786389066.551|100.161|3.130|2222809088|2231181312|sim_data_aaf7239b1c98d314|__AUTOMETRIC__
__AUTOMETRIC__|0.1.2|11032|crew_log_ceaf83e94b04c20e|0|1786389067.564|100.245|3.133|2222772224|2231144448|sim_data_aaf7239b1c98d314|__AUTOMETRIC__
__AUTOMETRIC__|0.1.2|11032|crew_log_ceaf83e94b04c20e|0|1786389068.568|99.649|3.114|2772180992|2780954624|sim_data_aaf7239b1c98d314|__AUTOMETRIC__
__AUTOMETRIC__|0.1.2|11032|crew_log_ceaf83e94b04c20e|0|1786389069.581|107.926|3.373|2178609152|2187296768|sim_data_aaf7239b1c98d314|__AUTOMETRIC__
__AUTOMETRIC__|0.1.2|11032|crew_log_ceaf83e94b04c20e|0|1786389070.585|99.630|3.113|2219823104|2229182464|sim_data_aaf7239b1c98d314|__AUTOMETRIC__
__AUTOMETRIC__|0.1.2|11032|crew_log_ceaf83e94b04c20e|0|1786389071.599|100.108|3.128|2216161280|2224783360|sim_data_aaf7239b1c98d314|__AUTOMETRIC__
__AUTOMETRIC__|0.1.2|11032|crew_log_ceaf83e94b04c20e|0|1786389072.613|100.184|3.131|2214379520|2223058944|sim_data_aaf7239b1c98d314|__AUTOMETRIC__
__AUTOMETRIC__|0.1.2|11032|crew_log_ceaf83e94b04c20e|0|1786389073.626|100.282|3.134|2217381888|2226057216|sim_data_aaf7239b1c98d314|__AUTOMETRIC__
__AUTOMETRIC__|0.1.2|11032|crew_log_ceaf83e94b04c20e|0|1786389074.626|100.007|3.125|2217189376|2225692672|sim_data_aaf7239b1c98d314|__AUTOMETRIC__
__AUTOMETRIC__|0.1.2|11032|crew_log_ceaf83e94b04c20e|0|1786389075.640|100.119|3.129|2217209856|2225872896|sim_data_aaf7239b1c98d314|__AUTOMETRIC__
__AUTOMETRIC__|0.1.2|11032|crew_log_ceaf83e94b04c20e|0|1786389076.652|100.362|3.136|2220027904|2228703232|sim_data_aaf7239b1c98d314|__AUTOMETRIC__
__AUTOMETRIC__|0.1.2|11032|crew_log_ceaf83e94b04c20e|0|1786389077.654|98.210|3.069|2219921408|2228584448|sim_data_aaf7239b1c98d314|__AUTOMETRIC__
__AUTOMETRIC__|0.1.2|11032|crew_log_ceaf83e94b04c20e|0|1786389078.656|99.873|3.121|2219958272|2228621312|sim_data_aaf7239b1c98d314|__AUTOMETRIC__
__AUTOMETRIC__|0.1.2|11032|crew_log_ceaf83e94b04c20e|0|1786389079.664|99.207|3.100|2222895104|2231570432|sim_data_aaf7239b1c98d314|__AUTOMETRIC__
__AUTOMETRIC__|0.1.2|11032|crew_log_ceaf83e94b04c20e|0|1786389080.675|98.888|3.090|2222776320|2231439360|sim_data_aaf7239b1c98d314|__AUTOMETRIC__
__AUTOMETRIC__|0.1.2|11032|crew_log_ceaf83e94b04c20e|0|1786389081.676|98.305|3.072|2222768128|2231271424|sim_data_aaf7239b1c98d314|__AUTOMETRIC__
__AUTOMETRIC__|0.1.2|11032|crew_log_ceaf83e94b04c20e|0|1786389082.679|99.774|3.118|2222772224|2231275520|sim_data_aaf7239b1c98d314|__AUTOMETRIC__
__AUTOMETRIC__|0.1.2|11032|crew_log_ceaf83e94b04c20e|0|1786389083.680|99.838|3.120|2770296832|2779086848|sim_data_aaf7239b1c98d314|__AUTOMETRIC__
__AUTOMETRIC__|0.1.2|11032|crew_log_ceaf83e94b04c20e|0|1786389084.682|104.478|3.265|2324451328|2333237248|sim_data_aaf7239b1c98d314|__AUTOMETRIC__
__AUTOMETRIC__|0.1.2|11032|crew_log_ceaf83e94b04c20e|0|1786389085.697|101.596|3.175|2348642304|2357972992|sim_data_aaf7239b1c98d314|__AUTOMETRIC__
__AUTOMETRIC__|0.1.2|11032|crew_log_ceaf83e94b04c20e|0|1786389086.709|98.842|3.089|2344398848|2353139712|sim_data_aaf7239b1c98d314|__AUTOMETRIC__
__AUTOMETRIC__|0.1.2|11032|crew_log_ceaf83e94b04c20e|0|1786389087.722|100.220|3.132|2343198720|2351984640|sim_data_aaf7239b1c98d314|__AUTOMETRIC__
__AUTOMETRIC__|0.1.2|11032|crew_log_ceaf83e94b04c20e|0|1786389088.723|99.961|3.124|2346041344|2354835456|sim_data_aaf7239b1c98d314|__AUTOMETRIC__
__AUTOMETRIC__|0.1.2|11032|crew_log_ceaf83e94b04c20e|0|1786389089.738|98.539|3.079|2345897984|2354524160|sim_data_aaf7239b1c98d314|__AUTOMETRIC__
__AUTOMETRIC__|0.1.2|11032|crew_log_ceaf83e94b04c20e|0|1786389090.741|99.701|3.116|2345889792|2354515968|sim_data_aaf7239b1c98d314|__AUTOMETRIC__
__AUTOMETRIC__|0.1.2|11032|crew_log_ceaf83e94b04c20e|0|1786389091.748|100.861|3.152|2345885696|2354511872|sim_data_aaf7239b1c98d314|__AUTOMETRIC__
__AUTOMETRIC__|0.1.2|11032|crew_log_ceaf83e94b04c20e|0|1786389092.749|99.814|3.119|2348855296|2357493760|sim_data_aaf7239b1c98d314|__AUTOMETRIC__
__AUTOMETRIC__|0.1.2|11032|crew_log_ceaf83e94b04c20e|0|1786389093.750|96.788|3.025|2348748800|2357374976|sim_data_aaf7239b1c98d314|__AUTOMETRIC__
__AUTOMETRIC__|0.1.2|11032|crew_log_ceaf83e94b04c20e|0|1786389094.758|99.221|3.101|2348752896|2357538816|sim_data_aaf7239b1c98d314|__AUTOMETRIC__
__AUTOMETRIC__|0.1.2|11032|crew_log_ceaf83e94b04c20e|0|1786389095.772|100.216|3.132|2351665152|2360463360|sim_data_aaf7239b1c98d314|__AUTOMETRIC__
__AUTOMETRIC__|0.1.2|11032|crew_log_ceaf83e94b04c20e|0|1786389096.781|99.046|3.095|2351529984|2360156160|sim_data_aaf7239b1c98d314|__AUTOMETRIC__
__AUTOMETRIC__|0.1.2|11032|crew_log_ceaf83e94b04c20e|0|1786389097.796|100.135|3.129|2351538176|2360324096|sim_data_aaf7239b1c98d314|__AUTOMETRIC__
__AUTOMETRIC__|0.1.2|11032|crew_log_ceaf83e94b04c20e|0|1786389098.809|103.301|3.228|2040242176|2048880640|sim_data_aaf7239b1c98d314|__AUTOMETRIC__
__AUTOMETRIC__|0.1.2|11032|crew_log_ceaf83e94b04c20e|0|1786389099.812|99.735|3.117|2842374144|2851196928|sim_data_aaf7239b1c98d314|__AUTOMETRIC__
__AUTOMETRIC__|0.1.2|11032|crew_log_ceaf83e94b04c20e|0|1786389100.817|105.695|3.303|2490015744|2498859008|sim_data_aaf7239b1c98d314|__AUTOMETRIC__
__AUTOMETRIC__|0.1.2|11032|crew_log_ceaf83e94b04c20e|0|1786389101.820|107.465|3.358|1718931456|1728225280|sim_data_aaf7239b1c98d314|__AUTOMETRIC__
__AUTOMETRIC__|0.1.2|11032|crew_log_ceaf83e94b04c20e|0|1786389102.836|99.973|3.124|1710579712|1719529472|sim_data_aaf7239b1c98d314|__AUTOMETRIC__
__AUTOMETRIC__|0.1.2|11032|crew_log_ceaf83e94b04c20e|0|1786389103.852|101.517|3.172|1707114496|1715666944|sim_data_aaf7239b1c98d314|__AUTOMETRIC__
__AUTOMETRIC__|0.1.2|11032|crew_log_ceaf83e94b04c20e|0|1786389104.854|99.750|3.117|1710055424|1718734848|sim_data_aaf7239b1c98d314|__AUTOMETRIC__
__AUTOMETRIC__|0.1.2|11032|crew_log_ceaf83e94b04c20e|0|1786389105.862|100.751|3.148|1709735936|1718288384|sim_data_aaf7239b1c98d314|__AUTOMETRIC__
__AUTOMETRIC__|0.1.2|11032|crew_log_ceaf83e94b04c20e|0|1786389106.875|100.254|3.133|1709879296|1718431744|sim_data_aaf7239b1c98d314|__AUTOMETRIC__
__AUTOMETRIC__|0.1.2|11032|crew_log_ceaf83e94b04c20e|0|1786389107.879|99.689|3.115|1709891584|1718444032|sim_data_aaf7239b1c98d314|__AUTOMETRIC__
__AUTOMETRIC__|0.1.2|11032|crew_log_ceaf83e94b04c20e|0|1786389108.885|99.393|3.106|1709883392|1718435840|sim_data_aaf7239b1c98d314|__AUTOMETRIC__
__AUTOMETRIC__|0.1.2|11032|crew_log_ceaf83e94b04c20e|0|1786389109.887|101.294|3.165|1712304128|1720856576|sim_data_aaf7239b1c98d314|__AUTOMETRIC__
__AUTOMETRIC__|0.1.2|11032|crew_log_ceaf83e94b04c20e|0|1786389110.895|99.229|3.101|1712570368|1721122816|sim_data_aaf7239b1c98d314|__AUTOMETRIC__
__AUTOMETRIC__|0.1.2|11032|crew_log_ceaf83e94b04c20e|0|1786389111.897|99.840|3.120|1712599040|1721151488|sim_data_aaf7239b1c98d314|__AUTOMETRIC__
__AUTOMETRIC__|0.1.2|11032|crew_log_ceaf83e94b04c20e|0|1786389112.909|100.358|3.136|1712574464|1721126912|sim_data_aaf7239b1c98d314|__AUTOMETRIC__
__AUTOMETRIC__|0.1.2|11032|crew_log_ceaf83e94b04c20e|0|1786389113.916|99.300|3.103|1715580928|1724141568|sim_data_aaf7239b1c98d314|__AUTOMETRIC__
__AUTOMETRIC__|0.1.2|11032|crew_log_ceaf83e94b04c20e|0|1786389114.924|99.213|3.100|1715445760|1723998208|sim_data_aaf7239b1c98d314|__AUTOMETRIC__
__AUTOMETRIC__|0.1.2|11032|crew_log_ceaf83e94b04c20e|0|1786389115.931|100.787|3.150|1715470336|1724022784|sim_data_aaf7239b1c98d314|__AUTOMETRIC__
__AUTOMETRIC__|0.1.2|11032|crew_log_ceaf83e94b04c20e|0|1786389116.936|99.566|3.111|1715445760|1723998208|sim_data_aaf7239b1c98d314|__AUTOMETRIC__
__AUTOMETRIC__|0.1.2|11032|crew_log_ceaf83e94b04c20e|0|1786389117.945|99.056|3.096|2196094976|2204753920|sim_data_aaf7239b1c98d314|__AUTOMETRIC__
__AUTOMETRIC__|0.1.2|11032|crew_log_ceaf83e94b04c20e|0|1786389118.947|98.242|3.070|3098525696|3107889152|sim_data_aaf7239b1c98d314|__AUTOMETRIC__
__AUTOMETRIC__|0.1.2|11032|crew_log_ceaf83e94b04c20e|0|1786389119.960|111.082|3.471|1788698624|1798205440|sim_data_aaf7239b1c98d314|__AUTOMETRIC__
__AUTOMETRIC__|0.1.2|11032|crew_log_ceaf83e94b04c20e|0|1786389120.962|98.197|3.069|1800519680|1809928192|sim_data_aaf7239b1c98d314|__AUTOMETRIC__
__AUTOMETRIC__|0.1.2|11032|crew_log_ceaf83e94b04c20e|0|1786389121.974|101.982|3.187|1799913472|1808781312|sim_data_aaf7239b1c98d314|__AUTOMETRIC__
__AUTOMETRIC__|0.1.2|11032|crew_log_ceaf83e94b04c20e|0|1786389122.980|100.938|3.154|1799933952|1808805888|sim_data_aaf7239b1c98d314|__AUTOMETRIC__
__AUTOMETRIC__|0.1.2|11032|crew_log_ceaf83e94b04c20e|0|1786389123.984|99.597|3.112|1802600448|1811480576|sim_data_aaf7239b1c98d314|__AUTOMETRIC__
__AUTOMETRIC__|0.1.2|11032|crew_log_ceaf83e94b04c20e|0|1786389124.996|100.386|3.137|1802432512|1811304448|sim_data_aaf7239b1c98d314|__AUTOMETRIC__
__AUTOMETRIC__|0.1.2|11032|crew_log_ceaf83e94b04c20e|0|1786389126.010|98.615|3.082|1802420224|1811292160|sim_data_aaf7239b1c98d314|__AUTOMETRIC__
__AUTOMETRIC__|0.1.2|11032|crew_log_ceaf83e94b04c20e|0|1786389127.022|101.875|3.184|1805307904|1814175744|sim_data_aaf7239b1c98d314|__AUTOMETRIC__
__AUTOMETRIC__|0.1.2|11032|crew_log_ceaf83e94b04c20e|0|1786389128.036|100.193|3.131|1805307904|1814179840|sim_data_aaf7239b1c98d314|__AUTOMETRIC__
__AUTOMETRIC__|0.1.2|11032|crew_log_ceaf83e94b04c20e|0|1786389129.050|100.143|3.129|1808162816|1817042944|sim_data_aaf7239b1c98d314|__AUTOMETRIC__
__AUTOMETRIC__|0.1.2|11032|crew_log_ceaf83e94b04c20e|0|1786389130.052|99.770|3.118|1808052224|1816920064|sim_data_aaf7239b1c98d314|__AUTOMETRIC__
__AUTOMETRIC__|0.1.2|11032|crew_log_ceaf83e94b04c20e|0|1786389131.056|99.612|3.113|1808044032|1816915968|sim_data_aaf7239b1c98d314|__AUTOMETRIC__
__AUTOMETRIC__|0.1.2|11032|crew_log_ceaf83e94b04c20e|0|1786389132.059|104.416|3.263|2153152512|2162126848|sim_data_aaf7239b1c98d314|__AUTOMETRIC__
__AUTOMETRIC__|0.1.2|11032|crew_log_ceaf83e94b04c20e|0|1786389133.060|102.933|3.217|2551726080|2560929792|sim_data_aaf7239b1c98d314|__AUTOMETRIC__
__AUTOMETRIC__|0.1.2|11032|crew_log_ceaf83e94b04c20e|0|1786389134.061|103.075|3.221|2274615296|2283823104|sim_data_aaf7239b1c98d314|__AUTOMETRIC__
__AUTOMETRIC__|0.1.2|11032|crew_log_ceaf83e94b04c20e|0|1786389135.062|101.467|3.171|2029711360|2039521280|sim_data_aaf7239b1c98d314|__AUTOMETRIC__
__AUTOMETRIC__|0.1.2|11032|crew_log_ceaf83e94b04c20e|0|1786389136.067|99.438|3.107|2025140224|2034188288|sim_data_aaf7239b1c98d314|__AUTOMETRIC__
__AUTOMETRIC__|0.1.2|11032|crew_log_ceaf83e94b04c20e|0|1786389137.072|101.142|3.161|2023620608|2032484352|sim_data_aaf7239b1c98d314|__AUTOMETRIC__
__AUTOMETRIC__|0.1.2|11032|crew_log_ceaf83e94b04c20e|0|1786389138.072|103.044|3.220|2026672128|2035548160|sim_data_aaf7239b1c98d314|__AUTOMETRIC__
__AUTOMETRIC__|0.1.2|11032|crew_log_ceaf83e94b04c20e|0|1786389139.087|100.097|3.128|2026491904|2035359744|sim_data_aaf7239b1c98d314|__AUTOMETRIC__
__AUTOMETRIC__|0.1.2|11032|crew_log_ceaf83e94b04c20e|0|1786389140.096|102.208|3.194|2026491904|2035355648|sim_data_aaf7239b1c98d314|__AUTOMETRIC__
__AUTOMETRIC__|0.1.2|11032|crew_log_ceaf83e94b04c20e|0|1786389141.098|99.797|3.119|2029080576|2037948416|sim_data_aaf7239b1c98d314|__AUTOMETRIC__
__AUTOMETRIC__|0.1.2|11032|crew_log_ceaf83e94b04c20e|0|1786389142.099|99.926|3.123|2029195264|2038063104|sim_data_aaf7239b1c98d314|__AUTOMETRIC__
__AUTOMETRIC__|0.1.2|11032|crew_log_ceaf83e94b04c20e|0|1786389143.112|100.281|3.134|2029137920|2038005760|sim_data_aaf7239b1c98d314|__AUTOMETRIC__
__AUTOMETRIC__|0.1.2|11032|crew_log_ceaf83e94b04c20e|0|1786389144.112|99.946|3.123|2032234496|2041110528|sim_data_aaf7239b1c98d314|__AUTOMETRIC__
__AUTOMETRIC__|0.1.2|11032|crew_log_ceaf83e94b04c20e|0|1786389145.125|100.259|3.133|2032054272|2040918016|sim_data_aaf7239b1c98d314|__AUTOMETRIC__
__AUTOMETRIC__|0.1.2|11032|crew_log_ceaf83e94b04c20e|0|1786389146.139|100.125|3.129|2032058368|2040922112|sim_data_aaf7239b1c98d314|__AUTOMETRIC__
__AUTOMETRIC__|0.1.2|11032|crew_log_ceaf83e94b04c20e|0|1786389147.154|100.139|3.129|2475278336|2484449280|sim_data_aaf7239b1c98d314|__AUTOMETRIC__
__AUTOMETRIC__|0.1.2|11032|crew_log_ceaf83e94b04c20e|0|1786389148.168|101.653|3.177|2565865472|2575024128|sim_data_aaf7239b1c98d314|__AUTOMETRIC__
__AUTOMETRIC__|0.1.2|11032|crew_log_ceaf83e94b04c20e|0|1786389149.169|101.452|3.170|2308247552|2317910016|sim_data_aaf7239b1c98d314|__AUTOMETRIC__
__AUTOMETRIC__|0.1.2|11032|crew_log_ceaf83e94b04c20e|0|1786389150.181|98.836|3.089|2304241664|2313621504|sim_data_aaf7239b1c98d314|__AUTOMETRIC__
__AUTOMETRIC__|0.1.2|11032|crew_log_ceaf83e94b04c20e|0|1786389151.194|100.215|3.132|2301124608|2310017024|sim_data_aaf7239b1c98d314|__AUTOMETRIC__
__AUTOMETRIC__|0.1.2|11032|crew_log_ceaf83e94b04c20e|0|1786389152.197|99.766|3.118|2300866560|2309758976|sim_data_aaf7239b1c98d314|__AUTOMETRIC__
__AUTOMETRIC__|0.1.2|11032|crew_log_ceaf83e94b04c20e|0|1786389153.212|100.047|3.126|2303811584|2312712192|sim_data_aaf7239b1c98d314|__AUTOMETRIC__
__AUTOMETRIC__|0.1.2|11032|crew_log_ceaf83e94b04c20e|0|1786389154.215|102.811|3.213|2303623168|2312515584|sim_data_aaf7239b1c98d314|__AUTOMETRIC__
__AUTOMETRIC__|0.1.2|11032|crew_log_ceaf83e94b04c20e|0|1786389155.229|98.668|3.083|2303619072|2312511488|sim_data_aaf7239b1c98d314|__AUTOMETRIC__
__AUTOMETRIC__|0.1.2|11032|crew_log_ceaf83e94b04c20e|0|1786389156.233|99.525|3.110|2306441216|2315333632|sim_data_aaf7239b1c98d314|__AUTOMETRIC__
__AUTOMETRIC__|0.1.2|11032|crew_log_ceaf83e94b04c20e|0|1786389157.233|99.991|3.125|2306441216|2315333632|sim_data_aaf7239b1c98d314|__AUTOMETRIC__
__AUTOMETRIC__|0.1.2|11032|crew_log_ceaf83e94b04c20e|0|1786389158.236|99.758|3.117|2306437120|2315329536|sim_data_aaf7239b1c98d314|__AUTOMETRIC__
__AUTOMETRIC__|0.1.2|11032|crew_log_ceaf83e94b04c20e|0|1786389159.251|100.067|3.127|2309484544|2318389248|sim_data_aaf7239b1c98d314|__AUTOMETRIC__
__AUTOMETRIC__|0.1.2|11032|crew_log_ceaf83e94b04c20e|0|1786389160.253|99.791|3.118|2309312512|2318204928|sim_data_aaf7239b1c98d314|__AUTOMETRIC__
__AUTOMETRIC__|0.1.2|11032|crew_log_ceaf83e94b04c20e|0|1786389161.254|99.915|3.122|2309324800|2318221312|sim_data_aaf7239b1c98d314|__AUTOMETRIC__
__AUTOMETRIC__|0.1.2|11032|crew_log_ceaf83e94b04c20e|0|1786389162.266|100.283|3.134|2603532288|2612625408|sim_data_aaf7239b1c98d314|__AUTOMETRIC__
__AUTOMETRIC__|0.1.2|11032|crew_log_ceaf83e94b04c20e|0|1786389163.272|100.978|3.156|2669162496|2678284288|sim_data_aaf7239b1c98d314|__AUTOMETRIC__
__AUTOMETRIC__|0.1.2|11032|crew_log_ceaf83e94b04c20e|0|1786389164.287|107.784|3.368|1840095232|1849540608|sim_data_aaf7239b1c98d314|__AUTOMETRIC__
__AUTOMETRIC__|0.1.2|11032|crew_log_ceaf83e94b04c20e|0|1786389165.291|99.559|3.111|1848647680|1857712128|sim_data_aaf7239b1c98d314|__AUTOMETRIC__
__AUTOMETRIC__|0.1.2|11032|crew_log_ceaf83e94b04c20e|0|1786389166.294|99.786|3.118|1848930304|1857994752|sim_data_aaf7239b1c98d314|__AUTOMETRIC__
__AUTOMETRIC__|0.1.2|11032|crew_log_ceaf83e94b04c20e|0|1786389167.308|100.131|3.129|1847357440|1856237568|sim_data_aaf7239b1c98d314|__AUTOMETRIC__
__AUTOMETRIC__|0.1.2|11032|crew_log_ceaf83e94b04c20e|0|1786389168.323|100.079|3.127|1850445824|1859338240|sim_data_aaf7239b1c98d314|__AUTOMETRIC__
__AUTOMETRIC__|0.1.2|11032|crew_log_ceaf83e94b04c20e|0|1786389169.334|98.869|3.090|1850241024|1859121152|sim_data_aaf7239b1c98d314|__AUTOMETRIC__
__AUTOMETRIC__|0.1.2|11032|crew_log_ceaf83e94b04c20e|0|1786389170.348|100.145|3.130|1850241024|1859121152|sim_data_aaf7239b1c98d314|__AUTOMETRIC__
__AUTOMETRIC__|0.1.2|11032|crew_log_ceaf83e94b04c20e|0|1786389171.350|101.416|3.169|1853227008|1862115328|sim_data_aaf7239b1c98d314|__AUTOMETRIC__
__AUTOMETRIC__|0.1.2|11032|crew_log_ceaf83e94b04c20e|0|1786389172.354|101.090|3.159|1853026304|1861902336|sim_data_aaf7239b1c98d314|__AUTOMETRIC__
__AUTOMETRIC__|0.1.2|11032|crew_log_ceaf83e94b04c20e|0|1786389173.369|100.148|3.130|1853038592|1861914624|sim_data_aaf7239b1c98d314|__AUTOMETRIC__
__AUTOMETRIC__|0.1.2|11032|crew_log_ceaf83e94b04c20e|0|1786389174.369|98.401|3.075|1855950848|1864839168|sim_data_aaf7239b1c98d314|__AUTOMETRIC__
__AUTOMETRIC__|0.1.2|11032|crew_log_ceaf83e94b04c20e|0|1786389175.384|100.099|3.128|1855754240|1864630272|sim_data_aaf7239b1c98d314|__AUTOMETRIC__
__AUTOMETRIC__|0.1.2|11032|crew_log_ceaf83e94b04c20e|0|1786389176.384|101.518|3.172|1855766528|1864642560|sim_data_aaf7239b1c98d314|__AUTOMETRIC__
__AUTOMETRIC__|0.1.2|11032|crew_log_ceaf83e94b04c20e|0|1786389177.396|98.807|3.088|2214883328|2223931392|sim_data_aaf7239b1c98d314|__AUTOMETRIC__
__AUTOMETRIC__|0.1.2|11032|crew_log_ceaf83e94b04c20e|0|1786389178.408|103.449|3.233|2562850816|2572001280|sim_data_aaf7239b1c98d314|__AUTOMETRIC__
__AUTOMETRIC__|0.1.2|11032|crew_log_ceaf83e94b04c20e|0|1786389179.421|103.314|3.229|2158256128|2167668736|sim_data_aaf7239b1c98d314|__AUTOMETRIC__
__AUTOMETRIC__|0.1.2|11032|crew_log_ceaf83e94b04c20e|0|1786389180.425|99.604|3.113|2167934976|2176978944|sim_data_aaf7239b1c98d314|__AUTOMETRIC__
__AUTOMETRIC__|0.1.2|11032|crew_log_ceaf83e94b04c20e|0|1786389181.430|101.098|3.159|2166702080|2175635456|sim_data_aaf7239b1c98d314|__AUTOMETRIC__
__AUTOMETRIC__|0.1.2|11032|crew_log_ceaf83e94b04c20e|0|1786389182.442|100.396|3.137|2166677504|2175610880|sim_data_aaf7239b1c98d314|__AUTOMETRIC__
__AUTOMETRIC__|0.1.2|11032|crew_log_ceaf83e94b04c20e|0|1786389183.455|100.163|3.130|2169724928|2178670592|sim_data_aaf7239b1c98d314|__AUTOMETRIC__
__AUTOMETRIC__|0.1.2|11032|crew_log_ceaf83e94b04c20e|0|1786389184.459|99.656|3.114|2169520128|2178453504|sim_data_aaf7239b1c98d314|__AUTOMETRIC__
__AUTOMETRIC__|0.1.2|11032|crew_log_ceaf83e94b04c20e|0|1786389185.459|101.534|3.173|2169511936|2178445312|sim_data_aaf7239b1c98d314|__AUTOMETRIC__
__AUTOMETRIC__|0.1.2|11032|crew_log_ceaf83e94b04c20e|0|1786389186.471|98.822|3.088|2172309504|2181242880|sim_data_aaf7239b1c98d314|__AUTOMETRIC__
__AUTOMETRIC__|0.1.2|11032|crew_log_ceaf83e94b04c20e|0|1786389187.481|99.029|3.095|2172309504|2181242880|sim_data_aaf7239b1c98d314|__AUTOMETRIC__
__AUTOMETRIC__|0.1.2|11032|crew_log_ceaf83e94b04c20e|0|1786389188.493|98.816|3.088|2172297216|2181230592|sim_data_aaf7239b1c98d314|__AUTOMETRIC__
__AUTOMETRIC__|0.1.2|11032|crew_log_ceaf83e94b04c20e|0|1786389189.507|103.269|3.227|2175041536|2183974912|sim_data_aaf7239b1c98d314|__AUTOMETRIC__
__AUTOMETRIC__|0.1.2|11032|crew_log_ceaf83e94b04c20e|0|1786389190.507|101.535|3.173|2175148032|2184081408|sim_data_aaf7239b1c98d314|__AUTOMETRIC__
__AUTOMETRIC__|0.1.2|11032|crew_log_ceaf83e94b04c20e|0|1786389191.521|101.661|3.177|2175156224|2184089600|sim_data_aaf7239b1c98d314|__AUTOMETRIC__
__AUTOMETRIC__|0.1.2|11032|crew_log_ceaf83e94b04c20e|0|1786389192.534|100.276|3.134|2539286528|2548641792|sim_data_aaf7239b1c98d314|__AUTOMETRIC__
__AUTOMETRIC__|0.1.2|11032|crew_log_ceaf83e94b04c20e|0|1786389193.549|106.226|3.320|1999908864|2009059328|sim_data_aaf7239b1c98d314|__AUTOMETRIC__
__AUTOMETRIC__|0.1.2|11032|crew_log_ceaf83e94b04c20e|0|1786389194.563|101.709|3.178|1806680064|1816346624|sim_data_aaf7239b1c98d314|__AUTOMETRIC__
__AUTOMETRIC__|0.1.2|11032|crew_log_ceaf83e94b04c20e|0|1786389195.577|98.589|3.081|1792905216|1802190848|sim_data_aaf7239b1c98d314|__AUTOMETRIC__
__AUTOMETRIC__|0.1.2|11032|crew_log_ceaf83e94b04c20e|0|1786389196.582|99.517|3.110|1792942080|1802227712|sim_data_aaf7239b1c98d314|__AUTOMETRIC__
__AUTOMETRIC__|0.1.2|11032|crew_log_ceaf83e94b04c20e|0|1786389197.597|100.089|3.128|1792929792|1801695232|sim_data_aaf7239b1c98d314|__AUTOMETRIC__
__AUTOMETRIC__|0.1.2|11032|crew_log_ceaf83e94b04c20e|0|1786389198.611|100.119|3.129|1792700416|1801453568|sim_data_aaf7239b1c98d314|__AUTOMETRIC__
__AUTOMETRIC__|0.1.2|11032|crew_log_ceaf83e94b04c20e|0|1786389199.612|99.929|3.123|1792942080|1801695232|sim_data_aaf7239b1c98d314|__AUTOMETRIC__
__AUTOMETRIC__|0.1.2|11032|crew_log_ceaf83e94b04c20e|0|1786389200.627|100.104|3.128|1795444736|1804218368|sim_data_aaf7239b1c98d314|__AUTOMETRIC__
__AUTOMETRIC__|0.1.2|11032|crew_log_ceaf83e94b04c20e|0|1786389201.629|99.725|3.116|1795465216|1804238848|sim_data_aaf7239b1c98d314|__AUTOMETRIC__
__AUTOMETRIC__|0.1.2|11032|crew_log_ceaf83e94b04c20e|0|1786389202.632|101.283|3.165|1795461120|1804234752|sim_data_aaf7239b1c98d314|__AUTOMETRIC__
__AUTOMETRIC__|0.1.2|11032|crew_log_ceaf83e94b04c20e|0|1786389203.644|100.347|3.136|1798668288|1807454208|sim_data_aaf7239b1c98d314|__AUTOMETRIC__
__AUTOMETRIC__|0.1.2|11032|crew_log_ceaf83e94b04c20e|0|1786389204.652|99.216|3.100|1798307840|1807081472|sim_data_aaf7239b1c98d314|__AUTOMETRIC__
__AUTOMETRIC__|0.1.2|11032|crew_log_ceaf83e94b04c20e|0|1786389205.667|98.500|3.078|1798320128|1807093760|sim_data_aaf7239b1c98d314|__AUTOMETRIC__
__AUTOMETRIC__|0.1.2|11032|crew_log_ceaf83e94b04c20e|0|1786389206.679|98.845|3.089|1923571712|1932562432|sim_data_aaf7239b1c98d314|__AUTOMETRIC__
__AUTOMETRIC__|0.1.2|11032|crew_log_ceaf83e94b04c20e|0|1786389207.684|97.910|3.060|2779267072|2788552704|sim_data_aaf7239b1c98d314|__AUTOMETRIC__
__AUTOMETRIC__|0.1.2|11032|crew_log_ceaf83e94b04c20e|0|1786389208.694|108.314|3.385|1964916736|1974280192|sim_data_aaf7239b1c98d314|__AUTOMETRIC__
__AUTOMETRIC__|0.1.2|11032|crew_log_ceaf83e94b04c20e|0|1786389209.698|101.182|3.162|1981628416|1990914048|sim_data_aaf7239b1c98d314|__AUTOMETRIC__
__AUTOMETRIC__|0.1.2|11032|crew_log_ceaf83e94b04c20e|0|1786389210.703|99.533|3.110|1981906944|1991417856|sim_data_aaf7239b1c98d314|__AUTOMETRIC__
__AUTOMETRIC__|0.1.2|11032|crew_log_ceaf83e94b04c20e|0|1786389211.715|100.322|3.135|1978761216|1987796992|sim_data_aaf7239b1c98d314|__AUTOMETRIC__
__AUTOMETRIC__|0.1.2|11032|crew_log_ceaf83e94b04c20e|0|1786389212.725|98.974|3.093|1981702144|1990746112|sim_data_aaf7239b1c98d314|__AUTOMETRIC__
__AUTOMETRIC__|0.1.2|11032|crew_log_ceaf83e94b04c20e|0|1786389213.735|100.621|3.144|1981538304|1990574080|sim_data_aaf7239b1c98d314|__AUTOMETRIC__
__AUTOMETRIC__|0.1.2|11032|crew_log_ceaf83e94b04c20e|0|1786389214.741|99.369|3.105|1984466944|1993535488|sim_data_aaf7239b1c98d314|__AUTOMETRIC__
__AUTOMETRIC__|0.1.2|11032|crew_log_ceaf83e94b04c20e|0|1786389215.745|102.728|3.210|1984274432|1993113600|sim_data_aaf7239b1c98d314|__AUTOMETRIC__
__AUTOMETRIC__|0.1.2|11032|crew_log_ceaf83e94b04c20e|0|1786389216.751|97.849|3.058|1984286720|1993342976|sim_data_aaf7239b1c98d314|__AUTOMETRIC__
__AUTOMETRIC__|0.1.2|11032|crew_log_ceaf83e94b04c20e|0|1786389217.760|100.635|3.145|1987149824|1995988992|sim_data_aaf7239b1c98d314|__AUTOMETRIC__
__AUTOMETRIC__|0.1.2|11032|crew_log_ceaf83e94b04c20e|0|1786389218.771|97.395|3.044|1987149824|1995988992|sim_data_aaf7239b1c98d314|__AUTOMETRIC__
__AUTOMETRIC__|0.1.2|11032|crew_log_ceaf83e94b04c20e|0|1786389219.778|100.873|3.152|1987178496|1996234752|sim_data_aaf7239b1c98d314|__AUTOMETRIC__
__AUTOMETRIC__|0.1.2|11032|crew_log_ceaf83e94b04c20e|0|1786389220.782|101.123|3.160|2370789376|2379661312|sim_data_aaf7239b1c98d314|__AUTOMETRIC__
__AUTOMETRIC__|0.1.2|11032|crew_log_ceaf83e94b04c20e|0|1786389221.790|100.801|3.150|2571841536|2580836352|sim_data_aaf7239b1c98d314|__AUTOMETRIC__
__AUTOMETRIC__|0.1.2|11032|crew_log_ceaf83e94b04c20e|0|1786389222.796|103.988|3.250|2290503680|2300137472|sim_data_aaf7239b1c98d314|__AUTOMETRIC__
__AUTOMETRIC__|0.1.2|11032|crew_log_ceaf83e94b04c20e|0|1786389223.801|101.074|3.159|2291232768|2300575744|sim_data_aaf7239b1c98d314|__AUTOMETRIC__
__AUTOMETRIC__|0.1.2|11032|crew_log_ceaf83e94b04c20e|0|1786389224.810|100.713|3.147|2289209344|2298085376|sim_data_aaf7239b1c98d314|__AUTOMETRIC__
__AUTOMETRIC__|0.1.2|11032|crew_log_ceaf83e94b04c20e|0|1786389225.811|99.834|3.120|2288939008|2297995264|sim_data_aaf7239b1c98d314|__AUTOMETRIC__
__AUTOMETRIC__|0.1.2|11032|crew_log_ceaf83e94b04c20e|0|1786389226.824|100.334|3.135|2291568640|2300444672|sim_data_aaf7239b1c98d314|__AUTOMETRIC__
__AUTOMETRIC__|0.1.2|11032|crew_log_ceaf83e94b04c20e|0|1786389227.830|99.313|3.104|2291683328|2300559360|sim_data_aaf7239b1c98d314|__AUTOMETRIC__
__AUTOMETRIC__|0.1.2|11032|crew_log_ceaf83e94b04c20e|0|1786389228.833|99.766|3.118|2291691520|2300747776|sim_data_aaf7239b1c98d314|__AUTOMETRIC__
__AUTOMETRIC__|0.1.2|11032|crew_log_ceaf83e94b04c20e|0|1786389229.835|101.384|3.168|2294272000|2303143936|sim_data_aaf7239b1c98d314|__AUTOMETRIC__
__AUTOMETRIC__|0.1.2|11032|crew_log_ceaf83e94b04c20e|0|1786389230.845|98.960|3.093|2294517760|2303389696|sim_data_aaf7239b1c98d314|__AUTOMETRIC__
__AUTOMETRIC__|0.1.2|11032|crew_log_ceaf83e94b04c20e|0|1786389231.847|96.645|3.020|2294566912|2303619072|sim_data_aaf7239b1c98d314|__AUTOMETRIC__
__AUTOMETRIC__|0.1.2|11032|crew_log_ceaf83e94b04c20e|0|1786389232.859|100.368|3.136|2297581568|2306461696|sim_data_aaf7239b1c98d314|__AUTOMETRIC__
__AUTOMETRIC__|0.1.2|11032|crew_log_ceaf83e94b04c20e|0|1786389233.864|99.510|3.110|2297409536|2306277376|sim_data_aaf7239b1c98d314|__AUTOMETRIC__
__AUTOMETRIC__|0.1.2|11032|crew_log_ceaf83e94b04c20e|0|1786389234.871|102.459|3.202|2297434112|2306482176|sim_data_aaf7239b1c98d314|__AUTOMETRIC__
__AUTOMETRIC__|0.1.2|11032|crew_log_ceaf83e94b04c20e|0|1786389235.874|104.333|3.260|2382974976|2392006656|sim_data_aaf7239b1c98d314|__AUTOMETRIC__
__AUTOMETRIC__|0.1.2|11032|crew_log_ceaf83e94b04c20e|0|1786389236.883|99.132|3.098|3057930240|3066953728|sim_data_aaf7239b1c98d314|__AUTOMETRIC__
__AUTOMETRIC__|0.1.2|11032|crew_log_ceaf83e94b04c20e|0|1786389237.885|112.282|3.509|1928941568|1938620416|sim_data_aaf7239b1c98d314|__AUTOMETRIC__
__AUTOMETRIC__|0.1.2|11032|crew_log_ceaf83e94b04c20e|0|1786389238.898|98.675|3.084|1932206080|1941565440|sim_data_aaf7239b1c98d314|__AUTOMETRIC__
__AUTOMETRIC__|0.1.2|11032|crew_log_ceaf83e94b04c20e|0|1786389239.914|98.473|3.077|1932443648|1941409792|sim_data_aaf7239b1c98d314|__AUTOMETRIC__
__AUTOMETRIC__|0.1.2|11032|crew_log_ceaf83e94b04c20e|0|1786389240.926|100.392|3.137|1928867840|1937940480|sim_data_aaf7239b1c98d314|__AUTOMETRIC__
__AUTOMETRIC__|0.1.2|11032|crew_log_ceaf83e94b04c20e|0|1786389241.940|100.092|3.128|1931587584|1940475904|sim_data_aaf7239b1c98d314|__AUTOMETRIC__
__AUTOMETRIC__|0.1.2|11032|crew_log_ceaf83e94b04c20e|0|1786389242.956|99.971|3.124|1931661312|1940549632|sim_data_aaf7239b1c98d314|__AUTOMETRIC__
__AUTOMETRIC__|0.1.2|11032|crew_log_ceaf83e94b04c20e|0|1786389243.961|99.539|3.111|1931681792|1940750336|sim_data_aaf7239b1c98d314|__AUTOMETRIC__
__AUTOMETRIC__|0.1.2|11032|crew_log_ceaf83e94b04c20e|0|1786389244.975|100.159|3.130|1934290944|1943179264|sim_data_aaf7239b1c98d314|__AUTOMETRIC__
__AUTOMETRIC__|0.1.2|11032|crew_log_ceaf83e94b04c20e|0|1786389245.989|100.090|3.128|1934372864|1943261184|sim_data_aaf7239b1c98d314|__AUTOMETRIC__
__AUTOMETRIC__|0.1.2|11032|crew_log_ceaf83e94b04c20e|0|1786389246.992|98.214|3.069|1934376960|1943449600|sim_data_aaf7239b1c98d314|__AUTOMETRIC__
__AUTOMETRIC__|0.1.2|11032|crew_log_ceaf83e94b04c20e|0|1786389247.995|101.188|3.162|1937424384|1946497024|sim_data_aaf7239b1c98d314|__AUTOMETRIC__
__AUTOMETRIC__|0.1.2|11032|crew_log_ceaf83e94b04c20e|0|1786389249.009|100.230|3.132|1937293312|1946177536|sim_data_aaf7239b1c98d314|__AUTOMETRIC__
__AUTOMETRIC__|0.1.2|11032|crew_log_ceaf83e94b04c20e|0|1786389250.011|98.205|3.069|1937285120|1946169344|sim_data_aaf7239b1c98d314|__AUTOMETRIC__
__AUTOMETRIC__|0.1.2|11032|crew_log_ceaf83e94b04c20e|0|1786389251.024|98.729|3.085|2188619776|2197733376|sim_data_aaf7239b1c98d314|__AUTOMETRIC__
__AUTOMETRIC__|0.1.2|11032|crew_log_ceaf83e94b04c20e|0|1786389252.038|101.729|3.179|2570612736|2579775488|sim_data_aaf7239b1c98d314|__AUTOMETRIC__
__AUTOMETRIC__|0.1.2|11032|crew_log_ceaf83e94b04c20e|0|1786389253.048|103.572|3.237|2305400832|2314944512|sim_data_aaf7239b1c98d314|__AUTOMETRIC__
__AUTOMETRIC__|0.1.2|11032|crew_log_ceaf83e94b04c20e|0|1786389254.061|100.261|3.133|2318495744|2327990272|sim_data_aaf7239b1c98d314|__AUTOMETRIC__
__AUTOMETRIC__|0.1.2|11032|crew_log_ceaf83e94b04c20e|0|1786389255.073|100.417|3.138|2316279808|2325295104|sim_data_aaf7239b1c98d314|__AUTOMETRIC__
__AUTOMETRIC__|0.1.2|11032|crew_log_ceaf83e94b04c20e|0|1786389256.087|98.624|3.082|2315878400|2324926464|sim_data_aaf7239b1c98d314|__AUTOMETRIC__
__AUTOMETRIC__|0.1.2|11032|crew_log_ceaf83e94b04c20e|0|1786389257.088|99.849|3.120|2318495744|2327400448|sim_data_aaf7239b1c98d314|__AUTOMETRIC__
__AUTOMETRIC__|0.1.2|11032|crew_log_ceaf83e94b04c20e|0|1786389258.095|99.370|3.105|2318635008|2327539712|sim_data_aaf7239b1c98d314|__AUTOMETRIC__
__AUTOMETRIC__|0.1.2|11032|crew_log_ceaf83e94b04c20e|0|1786389259.095|99.994|3.125|2318630912|2327678976|sim_data_aaf7239b1c98d314|__AUTOMETRIC__
__AUTOMETRIC__|0.1.2|11032|crew_log_ceaf83e94b04c20e|0|1786389260.104|100.645|3.145|2321690624|2330746880|sim_data_aaf7239b1c98d314|__AUTOMETRIC__
__AUTOMETRIC__|0.1.2|11032|crew_log_ceaf83e94b04c20e|0|1786389261.118|100.152|3.130|2321506304|2330554368|sim_data_aaf7239b1c98d314|__AUTOMETRIC__
__AUTOMETRIC__|0.1.2|11032|crew_log_ceaf83e94b04c20e|0|1786389262.132|100.150|3.130|2321485824|2330533888|sim_data_aaf7239b1c98d314|__AUTOMETRIC__
__AUTOMETRIC__|0.1.2|11032|crew_log_ceaf83e94b04c20e|0|1786389263.137|101.048|3.158|2324287488|2333192192|sim_data_aaf7239b1c98d314|__AUTOMETRIC__
__AUTOMETRIC__|0.1.2|11032|crew_log_ceaf83e94b04c20e|0|1786389264.150|100.258|3.133|2324299776|2333347840|sim_data_aaf7239b1c98d314|__AUTOMETRIC__
__AUTOMETRIC__|0.1.2|11032|crew_log_ceaf83e94b04c20e|0|1786389265.152|99.827|3.120|2402111488|2411356160|sim_data_aaf7239b1c98d314|__AUTOMETRIC__
__AUTOMETRIC__|0.1.2|11032|crew_log_ceaf83e94b04c20e|0|1786389266.164|106.536|3.329|2252271616|2261540864|sim_data_aaf7239b1c98d314|__AUTOMETRIC__
__AUTOMETRIC__|0.1.2|11032|crew_log_ceaf83e94b04c20e|0|1786389267.177|101.791|3.181|2592411648|2601816064|sim_data_aaf7239b1c98d314|__AUTOMETRIC__
__AUTOMETRIC__|0.1.2|11032|crew_log_ceaf83e94b04c20e|0|1786389268.190|103.374|3.230|2082254848|2092310528|sim_data_aaf7239b1c98d314|__AUTOMETRIC__
__AUTOMETRIC__|0.1.2|11032|crew_log_ceaf83e94b04c20e|0|1786389269.204|100.098|3.128|2078183424|2087358464|sim_data_aaf7239b1c98d314|__AUTOMETRIC__
__AUTOMETRIC__|0.1.2|11032|crew_log_ceaf83e94b04c20e|0|1786389270.208|99.616|3.113|2075930624|2085052416|sim_data_aaf7239b1c98d314|__AUTOMETRIC__
__AUTOMETRIC__|0.1.2|11032|crew_log_ceaf83e94b04c20e|0|1786389271.208|101.547|3.173|2078896128|2087952384|sim_data_aaf7239b1c98d314|__AUTOMETRIC__
__AUTOMETRIC__|0.1.2|11032|crew_log_ceaf83e94b04c20e|0|1786389272.224|101.555|3.174|2078720000|2087768064|sim_data_aaf7239b1c98d314|__AUTOMETRIC__
__AUTOMETRIC__|0.1.2|11032|crew_log_ceaf83e94b04c20e|0|1786389273.224|99.962|3.124|2078781440|2087903232|sim_data_aaf7239b1c98d314|__AUTOMETRIC__
__AUTOMETRIC__|0.1.2|11032|crew_log_ceaf83e94b04c20e|0|1786389274.238|98.680|3.084|2081497088|2090618880|sim_data_aaf7239b1c98d314|__AUTOMETRIC__
__AUTOMETRIC__|0.1.2|11032|crew_log_ceaf83e94b04c20e|0|1786389275.239|99.862|3.121|2081480704|2090602496|sim_data_aaf7239b1c98d314|__AUTOMETRIC__
__AUTOMETRIC__|0.1.2|11032|crew_log_ceaf83e94b04c20e|0|1786389276.246|100.805|3.150|2081480704|2090602496|sim_data_aaf7239b1c98d314|__AUTOMETRIC__
__AUTOMETRIC__|0.1.2|11032|crew_log_ceaf83e94b04c20e|0|1786389277.253|99.319|3.104|2084106240|2093154304|sim_data_aaf7239b1c98d314|__AUTOMETRIC__
__AUTOMETRIC__|0.1.2|11032|crew_log_ceaf83e94b04c20e|0|1786389278.264|100.490|3.140|2084347904|2093395968|sim_data_aaf7239b1c98d314|__AUTOMETRIC__
__AUTOMETRIC__|0.1.2|11032|crew_log_ceaf83e94b04c20e|0|1786389279.279|100.082|3.128|2084392960|2093514752|sim_data_aaf7239b1c98d314|__AUTOMETRIC__
__AUTOMETRIC__|0.1.2|11032|crew_log_ceaf83e94b04c20e|0|1786389280.293|100.103|3.128|2520469504|2529624064|sim_data_aaf7239b1c98d314|__AUTOMETRIC__
__AUTOMETRIC__|0.1.2|11032|crew_log_ceaf83e94b04c20e|0|1786389281.294|99.964|3.124|2859491328|2868797440|sim_data_aaf7239b1c98d314|__AUTOMETRIC__
__AUTOMETRIC__|0.1.2|11032|crew_log_ceaf83e94b04c20e|0|1786389282.295|107.710|3.366|1986015232|1995694080|sim_data_aaf7239b1c98d314|__AUTOMETRIC__
__AUTOMETRIC__|0.1.2|11032|crew_log_ceaf83e94b04c20e|0|1786389283.297|99.773|3.118|1976885248|1986056192|sim_data_aaf7239b1c98d314|__AUTOMETRIC__
__AUTOMETRIC__|0.1.2|11032|crew_log_ceaf83e94b04c20e|0|1786389284.299|99.793|3.119|1976053760|1985040384|sim_data_aaf7239b1c98d314|__AUTOMETRIC__
__AUTOMETRIC__|0.1.2|11032|crew_log_ceaf83e94b04c20e|0|1786389285.305|102.481|3.203|1975734272|1984765952|sim_data_aaf7239b1c98d314|__AUTOMETRIC__
__AUTOMETRIC__|0.1.2|11032|crew_log_ceaf83e94b04c20e|0|1786389286.318|98.739|3.086|1978576896|1987563520|sim_data_aaf7239b1c98d314|__AUTOMETRIC__
__AUTOMETRIC__|0.1.2|11032|crew_log_ceaf83e94b04c20e|0|1786389287.321|99.718|3.116|1978572800|1987559424|sim_data_aaf7239b1c98d314|__AUTOMETRIC__
__AUTOMETRIC__|0.1.2|11032|crew_log_ceaf83e94b04c20e|0|1786389288.336|98.523|3.079|1978560512|1987592192|sim_data_aaf7239b1c98d314|__AUTOMETRIC__
__AUTOMETRIC__|0.1.2|11032|crew_log_ceaf83e94b04c20e|0|1786389289.348|101.922|3.185|1981243392|1990230016|sim_data_aaf7239b1c98d314|__AUTOMETRIC__
__AUTOMETRIC__|0.1.2|11032|crew_log_ceaf83e94b04c20e|0|1786389290.349|98.338|3.073|1981349888|1990336512|sim_data_aaf7239b1c98d314|__AUTOMETRIC__
__AUTOMETRIC__|0.1.2|11032|crew_log_ceaf83e94b04c20e|0|1786389291.363|100.148|3.130|1981374464|1990361088|sim_data_aaf7239b1c98d314|__AUTOMETRIC__
__AUTOMETRIC__|0.1.2|11032|crew_log_ceaf83e94b04c20e|0|1786389292.364|99.870|3.121|1984348160|1993347072|sim_data_aaf7239b1c98d314|__AUTOMETRIC__
__AUTOMETRIC__|0.1.2|11032|crew_log_ceaf83e94b04c20e|0|1786389293.371|100.866|3.152|1984172032|1993158656|sim_data_aaf7239b1c98d314|__AUTOMETRIC__
__AUTOMETRIC__|0.1.2|11032|crew_log_ceaf83e94b04c20e|0|1786389294.372|99.941|3.123|1984163840|1993150464|sim_data_aaf7239b1c98d314|__AUTOMETRIC__
__AUTOMETRIC__|0.1.2|11032|crew_log_ceaf83e94b04c20e|0|1786389295.382|98.964|3.093|2162692096|2171944960|sim_data_aaf7239b1c98d314|__AUTOMETRIC__
__AUTOMETRIC__|0.1.2|11032|crew_log_ceaf83e94b04c20e|0|1786389296.383|104.613|3.269|2242932736|2252070912|sim_data_aaf7239b1c98d314|__AUTOMETRIC__
__AUTOMETRIC__|0.1.2|11032|crew_log_ceaf83e94b04c20e|0|1786389297.393|102.050|3.189|2470481920|2480041984|sim_data_aaf7239b1c98d314|__AUTOMETRIC__
__AUTOMETRIC__|0.1.2|11032|crew_log_ceaf83e94b04c20e|0|1786389298.408|100.116|3.129|2487418880|2497191936|sim_data_aaf7239b1c98d314|__AUTOMETRIC__
__AUTOMETRIC__|0.1.2|11032|crew_log_ceaf83e94b04c20e|0|1786389299.420|100.285|3.134|2483523584|2492813312|sim_data_aaf7239b1c98d314|__AUTOMETRIC__
__AUTOMETRIC__|0.1.2|11032|crew_log_ceaf83e94b04c20e|0|1786389300.423|99.782|3.118|2482290688|2491469824|sim_data_aaf7239b1c98d314|__AUTOMETRIC__
__AUTOMETRIC__|0.1.2|11032|crew_log_ceaf83e94b04c20e|0|1786389301.438|101.618|3.176|2485121024|2494263296|sim_data_aaf7239b1c98d314|__AUTOMETRIC__
__AUTOMETRIC__|0.1.2|11032|crew_log_ceaf83e94b04c20e|0|1786389302.438|100.001|3.125|2485125120|2494300160|sim_data_aaf7239b1c98d314|__AUTOMETRIC__
__AUTOMETRIC__|0.1.2|11032|crew_log_ceaf83e94b04c20e|0|1786389303.443|99.489|3.109|2486607872|2495721472|sim_data_aaf7239b1c98d314|__AUTOMETRIC__
__AUTOMETRIC__|0.1.2|11032|crew_log_ceaf83e94b04c20e|0|1786389304.456|104.849|3.277|1975058432|1984114688|sim_data_aaf7239b1c98d314|__AUTOMETRIC__
__AUTOMETRIC__|0.1.2|11032|crew_log_ceaf83e94b04c20e|0|1786389305.472|99.993|3.125|1975087104|1984176128|sim_data_aaf7239b1c98d314|__AUTOMETRIC__
__AUTOMETRIC__|0.1.2|11032|crew_log_ceaf83e94b04c20e|0|1786389306.487|100.081|3.128|1935052800|1944072192|sim_data_aaf7239b1c98d314|__AUTOMETRIC__
__AUTOMETRIC__|0.1.2|11032|crew_log_ceaf83e94b04c20e|0|1786389307.502|100.042|3.126|1934880768|1943887872|sim_data_aaf7239b1c98d314|__AUTOMETRIC__
__AUTOMETRIC__|0.1.2|11032|crew_log_ceaf83e94b04c20e|0|1786389308.504|99.777|3.118|1934893056|1943900160|sim_data_aaf7239b1c98d314|__AUTOMETRIC__
__AUTOMETRIC__|0.1.2|11032|crew_log_ceaf83e94b04c20e|0|1786389309.518|100.110|3.128|2539614208|2548871168|sim_data_aaf7239b1c98d314|__AUTOMETRIC__
__AUTOMETRIC__|0.1.2|11032|crew_log_ceaf83e94b04c20e|0|1786389310.533|101.645|3.176|2424799232|2434121728|sim_data_aaf7239b1c98d314|__AUTOMETRIC__
__AUTOMETRIC__|0.1.2|11032|crew_log_ceaf83e94b04c20e|0|1786389311.537|99.602|3.113|2459320320|2469093376|sim_data_aaf7239b1c98d314|__AUTOMETRIC__
__AUTOMETRIC__|0.1.2|11032|crew_log_ceaf83e94b04c20e|0|1786389312.547|100.565|3.143|2455445504|2464702464|sim_data_aaf7239b1c98d314|__AUTOMETRIC__
__AUTOMETRIC__|0.1.2|11032|crew_log_ceaf83e94b04c20e|0|1786389313.549|101.360|3.167|2454024192|2463170560|sim_data_aaf7239b1c98d314|__AUTOMETRIC__
__AUTOMETRIC__|0.1.2|11032|crew_log_ceaf83e94b04c20e|0|1786389314.554|101.065|3.158|2456547328|2465693696|sim_data_aaf7239b1c98d314|__AUTOMETRIC__
__AUTOMETRIC__|0.1.2|11032|crew_log_ceaf83e94b04c20e|0|1786389315.567|101.740|3.179|2456514560|2465660928|sim_data_aaf7239b1c98d314|__AUTOMETRIC__
__AUTOMETRIC__|0.1.2|11032|crew_log_ceaf83e94b04c20e|0|1786389316.582|98.530|3.079|2456539136|2465902592|sim_data_aaf7239b1c98d314|__AUTOMETRIC__
__AUTOMETRIC__|0.1.2|11032|crew_log_ceaf83e94b04c20e|0|1786389317.585|99.740|3.117|2459615232|2468982784|sim_data_aaf7239b1c98d314|__AUTOMETRIC__
__AUTOMETRIC__|0.1.2|11032|crew_log_ceaf83e94b04c20e|0|1786389318.591|97.895|3.059|2459414528|2468556800|sim_data_aaf7239b1c98d314|__AUTOMETRIC__
__AUTOMETRIC__|0.1.2|11032|crew_log_ceaf83e94b04c20e|0|1786389319.600|95.988|3.000|2459435008|2468794368|sim_data_aaf7239b1c98d314|__AUTOMETRIC__
__AUTOMETRIC__|0.1.2|11032|crew_log_ceaf83e94b04c20e|0|1786389320.601|101.393|3.169|2462461952|2471829504|sim_data_aaf7239b1c98d314|__AUTOMETRIC__
__AUTOMETRIC__|0.1.2|11032|crew_log_ceaf83e94b04c20e|0|1786389321.604|102.900|3.216|2462244864|2471387136|sim_data_aaf7239b1c98d314|__AUTOMETRIC__
__AUTOMETRIC__|0.1.2|11032|crew_log_ceaf83e94b04c20e|0|1786389322.606|99.765|3.118|2462244864|2471604224|sim_data_aaf7239b1c98d314|__AUTOMETRIC__
__AUTOMETRIC__|0.1.2|11032|crew_log_ceaf83e94b04c20e|0|1786389323.613|103.970|3.249|2465492992|2474442752|sim_data_aaf7239b1c98d314|__AUTOMETRIC__
__AUTOMETRIC__|0.1.2|11032|crew_log_ceaf83e94b04c20e|0|1786389324.615|99.815|3.119|2897113088|2906226688|sim_data_aaf7239b1c98d314|__AUTOMETRIC__
__AUTOMETRIC__|0.1.2|11032|crew_log_ceaf83e94b04c20e|0|1786389325.619|110.454|3.452|2179739648|2189275136|sim_data_aaf7239b1c98d314|__AUTOMETRIC__
__AUTOMETRIC__|0.1.2|11032|crew_log_ceaf83e94b04c20e|0|1786389326.620|99.880|3.121|2211106816|2220449792|sim_data_aaf7239b1c98d314|__AUTOMETRIC__
__AUTOMETRIC__|0.1.2|11032|crew_log_ceaf83e94b04c20e|0|1786389327.634|100.190|3.131|2208894976|2217848832|sim_data_aaf7239b1c98d314|__AUTOMETRIC__
__AUTOMETRIC__|0.1.2|11032|crew_log_ceaf83e94b04c20e|0|1786389328.650|99.945|3.123|2208632832|2217803776|sim_data_aaf7239b1c98d314|__AUTOMETRIC__
__AUTOMETRIC__|0.1.2|11032|crew_log_ceaf83e94b04c20e|0|1786389329.655|99.511|3.110|2211217408|2220142592|sim_data_aaf7239b1c98d314|__AUTOMETRIC__
__AUTOMETRIC__|0.1.2|11032|crew_log_ceaf83e94b04c20e|0|1786389330.671|100.009|3.125|2211504128|2220429312|sim_data_aaf7239b1c98d314|__AUTOMETRIC__
__AUTOMETRIC__|0.1.2|11032|crew_log_ceaf83e94b04c20e|0|1786389331.684|100.269|3.133|2211471360|2220396544|sim_data_aaf7239b1c98d314|__AUTOMETRIC__
__AUTOMETRIC__|0.1.2|11032|crew_log_ceaf83e94b04c20e|0|1786389332.686|99.747|3.117|2214215680|2223140864|sim_data_aaf7239b1c98d314|__AUTOMETRIC__
__AUTOMETRIC__|0.1.2|11032|crew_log_ceaf83e94b04c20e|0|1786389333.700|98.591|3.081|2214199296|2223124480|sim_data_aaf7239b1c98d314|__AUTOMETRIC__
__AUTOMETRIC__|0.1.2|11032|crew_log_ceaf83e94b04c20e|0|1786389334.707|99.378|3.106|2214223872|2223149056|sim_data_aaf7239b1c98d314|__AUTOMETRIC__
__AUTOMETRIC__|0.1.2|11032|crew_log_ceaf83e94b04c20e|0|1786389335.713|99.339|3.104|2217332736|2226483200|sim_data_aaf7239b1c98d314|__AUTOMETRIC__
__AUTOMETRIC__|0.1.2|11032|crew_log_ceaf83e94b04c20e|0|1786389336.724|98.923|3.091|2217193472|2226118656|sim_data_aaf7239b1c98d314|__AUTOMETRIC__
__AUTOMETRIC__|0.1.2|11032|crew_log_ceaf83e94b04c20e|0|1786389337.738|100.174|3.130|2250989568|2260135936|sim_data_aaf7239b1c98d314|__AUTOMETRIC__
__AUTOMETRIC__|0.1.2|11032|crew_log_ceaf83e94b04c20e|0|1786389338.753|101.563|3.174|2605441024|2615173120|sim_data_aaf7239b1c98d314|__AUTOMETRIC__
__AUTOMETRIC__|0.1.2|11032|crew_log_ceaf83e94b04c20e|0|1786389339.759|107.185|3.350|2070237184|2079416320|sim_data_aaf7239b1c98d314|__AUTOMETRIC__
__AUTOMETRIC__|0.1.2|11032|crew_log_ceaf83e94b04c20e|0|1786389340.773|97.128|3.035|2089734144|2099003392|sim_data_aaf7239b1c98d314|__AUTOMETRIC__
__AUTOMETRIC__|0.1.2|11032|crew_log_ceaf83e94b04c20e|0|1786389341.773|98.405|3.075|2090024960|2099294208|sim_data_aaf7239b1c98d314|__AUTOMETRIC__
__AUTOMETRIC__|0.1.2|11032|crew_log_ceaf83e94b04c20e|0|1786389342.777|99.579|3.112|2087395328|2096332800|sim_data_aaf7239b1c98d314|__AUTOMETRIC__
__AUTOMETRIC__|0.1.2|11032|crew_log_ceaf83e94b04c20e|0|1786389343.783|99.485|3.109|2090340352|2099286016|sim_data_aaf7239b1c98d314|__AUTOMETRIC__
__AUTOMETRIC__|0.1.2|11032|crew_log_ceaf83e94b04c20e|0|1786389344.784|99.866|3.121|2090156032|2099093504|sim_data_aaf7239b1c98d314|__AUTOMETRIC__
__AUTOMETRIC__|0.1.2|11032|crew_log_ceaf83e94b04c20e|0|1786389345.789|101.049|3.158|2090192896|2099130368|sim_data_aaf7239b1c98d314|__AUTOMETRIC__
__AUTOMETRIC__|0.1.2|11032|crew_log_ceaf83e94b04c20e|0|1786389346.792|99.667|3.115|2093170688|2102112256|sim_data_aaf7239b1c98d314|__AUTOMETRIC__
__AUTOMETRIC__|0.1.2|11032|crew_log_ceaf83e94b04c20e|0|1786389347.805|100.249|3.133|2093027328|2102177792|sim_data_aaf7239b1c98d314|__AUTOMETRIC__
__AUTOMETRIC__|0.1.2|11032|crew_log_ceaf83e94b04c20e|0|1786389348.812|99.372|3.105|2092978176|2101911552|sim_data_aaf7239b1c98d314|__AUTOMETRIC__
__AUTOMETRIC__|0.1.2|11032|crew_log_ceaf83e94b04c20e|0|1786389349.822|99.009|3.094|2095509504|2104442880|sim_data_aaf7239b1c98d314|__AUTOMETRIC__
__AUTOMETRIC__|0.1.2|11032|crew_log_ceaf83e94b04c20e|0|1786389350.825|98.150|3.067|2095759360|2104692736|sim_data_aaf7239b1c98d314|__AUTOMETRIC__
__AUTOMETRIC__|0.1.2|11032|crew_log_ceaf83e94b04c20e|0|1786389351.840|96.943|3.029|2095812608|2104963072|sim_data_aaf7239b1c98d314|__AUTOMETRIC__
__AUTOMETRIC__|0.1.2|11032|crew_log_ceaf83e94b04c20e|0|1786389352.853|100.238|3.132|2550067200|2559631360|sim_data_aaf7239b1c98d314|__AUTOMETRIC__
__AUTOMETRIC__|0.1.2|11032|crew_log_ceaf83e94b04c20e|0|1786389353.858|101.057|3.158|2921017344|2930372608|sim_data_aaf7239b1c98d314|__AUTOMETRIC__
__AUTOMETRIC__|0.1.2|11032|crew_log_ceaf83e94b04c20e|0|1786389354.868|105.267|3.290|2067267584|2076991488|sim_data_aaf7239b1c98d314|__AUTOMETRIC__
__AUTOMETRIC__|0.1.2|11032|crew_log_ceaf83e94b04c20e|0|1786389355.871|101.264|3.164|2061946880|2071121920|sim_data_aaf7239b1c98d314|__AUTOMETRIC__
__AUTOMETRIC__|0.1.2|11032|crew_log_ceaf83e94b04c20e|0|1786389356.886|100.026|3.126|2060378112|2069364736|sim_data_aaf7239b1c98d314|__AUTOMETRIC__
__AUTOMETRIC__|0.1.2|11032|crew_log_ceaf83e94b04c20e|0|1786389357.886|98.438|3.076|2063032320|2072248320|sim_data_aaf7239b1c98d314|__AUTOMETRIC__
__AUTOMETRIC__|0.1.2|11032|crew_log_ceaf83e94b04c20e|0|1786389358.890|99.554|3.111|2062921728|2071908352|sim_data_aaf7239b1c98d314|__AUTOMETRIC__
__AUTOMETRIC__|0.1.2|11032|crew_log_ceaf83e94b04c20e|0|1786389359.903|98.770|3.087|2062970880|2071957504|sim_data_aaf7239b1c98d314|__AUTOMETRIC__
__AUTOMETRIC__|0.1.2|11032|crew_log_ceaf83e94b04c20e|0|1786389360.904|99.846|3.120|2065838080|2075049984|sim_data_aaf7239b1c98d314|__AUTOMETRIC__
__AUTOMETRIC__|0.1.2|11032|crew_log_ceaf83e94b04c20e|0|1786389361.909|99.555|3.111|2065702912|2074689536|sim_data_aaf7239b1c98d314|__AUTOMETRIC__
__AUTOMETRIC__|0.1.2|11032|crew_log_ceaf83e94b04c20e|0|1786389362.911|99.792|3.119|2065702912|2074906624|sim_data_aaf7239b1c98d314|__AUTOMETRIC__
__AUTOMETRIC__|0.1.2|11032|crew_log_ceaf83e94b04c20e|0|1786389363.912|99.941|3.123|2068664320|2077663232|sim_data_aaf7239b1c98d314|__AUTOMETRIC__
__AUTOMETRIC__|0.1.2|11032|crew_log_ceaf83e94b04c20e|0|1786389364.917|100.986|3.156|2068504576|2077491200|sim_data_aaf7239b1c98d314|__AUTOMETRIC__
__AUTOMETRIC__|0.1.2|11032|crew_log_ceaf83e94b04c20e|0|1786389365.927|99.032|3.095|2068545536|2077532160|sim_data_aaf7239b1c98d314|__AUTOMETRIC__
__AUTOMETRIC__|0.1.2|11032|crew_log_ceaf83e94b04c20e|0|1786389366.942|101.613|3.175|2209972224|2219048960|sim_data_aaf7239b1c98d314|__AUTOMETRIC__
__AUTOMETRIC__|0.1.2|11032|crew_log_ceaf83e94b04c20e|0|1786389367.956|101.680|3.178|2736082944|2745479168|sim_data_aaf7239b1c98d314|__AUTOMETRIC__
__AUTOMETRIC__|0.1.2|11032|crew_log_ceaf83e94b04c20e|0|1786389368.957|106.188|3.318|2098122752|2107260928|sim_data_aaf7239b1c98d314|__AUTOMETRIC__
__AUTOMETRIC__|0.1.2|11032|crew_log_ceaf83e94b04c20e|0|1786389369.969|100.299|3.134|2114437120|2123767808|sim_data_aaf7239b1c98d314|__AUTOMETRIC__
__AUTOMETRIC__|0.1.2|11032|crew_log_ceaf83e94b04c20e|0|1786389370.980|98.975|3.093|2111221760|2120204288|sim_data_aaf7239b1c98d314|__AUTOMETRIC__
__AUTOMETRIC__|0.1.2|11032|crew_log_ceaf83e94b04c20e|0|1786389371.994|100.106|3.128|2110996480|2120196096|sim_data_aaf7239b1c98d314|__AUTOMETRIC__
__AUTOMETRIC__|0.1.2|11032|crew_log_ceaf83e94b04c20e|0|1786389372.997|99.754|3.117|2113642496|2122625024|sim_data_aaf7239b1c98d314|__AUTOMETRIC__
__AUTOMETRIC__|0.1.2|11032|crew_log_ceaf83e94b04c20e|0|1786389374.003|99.337|3.104|2113757184|2122739712|sim_data_aaf7239b1c98d314|__AUTOMETRIC__
__AUTOMETRIC__|0.1.2|11032|crew_log_ceaf83e94b04c20e|0|1786389375.007|101.240|3.164|2113773568|2122756096|sim_data_aaf7239b1c98d314|__AUTOMETRIC__
__AUTOMETRIC__|0.1.2|11032|crew_log_ceaf83e94b04c20e|0|1786389376.019|98.809|3.088|2116780032|2125770752|sim_data_aaf7239b1c98d314|__AUTOMETRIC__
__AUTOMETRIC__|0.1.2|11032|crew_log_ceaf83e94b04c20e|0|1786389377.032|100.233|3.132|2116456448|2125438976|sim_data_aaf7239b1c98d314|__AUTOMETRIC__
__AUTOMETRIC__|0.1.2|11032|crew_log_ceaf83e94b04c20e|0|1786389378.040|100.724|3.148|2116612096|2125594624|sim_data_aaf7239b1c98d314|__AUTOMETRIC__
__AUTOMETRIC__|0.1.2|11032|crew_log_ceaf83e94b04c20e|0|1786389379.045|99.543|3.111|2116583424|2125783040|sim_data_aaf7239b1c98d314|__AUTOMETRIC__
__AUTOMETRIC__|0.1.2|11032|crew_log_ceaf83e94b04c20e|0|1786389380.054|97.532|3.048|2119413760|2128396288|sim_data_aaf7239b1c98d314|__AUTOMETRIC__
__AUTOMETRIC__|0.1.2|11032|crew_log_ceaf83e94b04c20e|0|1786389381.054|99.974|3.124|2119430144|2128412672|sim_data_aaf7239b1c98d314|__AUTOMETRIC__
__AUTOMETRIC__|0.1.2|11032|crew_log_ceaf83e94b04c20e|0|1786389382.059|99.507|3.110|2119409664|2128609280|sim_data_aaf7239b1c98d314|__AUTOMETRIC__
__AUTOMETRIC__|0.1.2|11032|crew_log_ceaf83e94b04c20e|0|1786389383.059|99.983|3.124|2573557760|2582917120|sim_data_aaf7239b1c98d314|__AUTOMETRIC__
__AUTOMETRIC__|0.1.2|11032|crew_log_ceaf83e94b04c20e|0|1786389384.070|103.613|3.238|2591137792|2600120320|sim_data_aaf7239b1c98d314|__AUTOMETRIC__
__AUTOMETRIC__|0.1.2|11032|crew_log_ceaf83e94b04c20e|0|1786389385.073|105.919|3.310|2065285120|2074861568|sim_data_aaf7239b1c98d314|__AUTOMETRIC__
__AUTOMETRIC__|0.1.2|11032|crew_log_ceaf83e94b04c20e|0|1786389386.083|99.004|3.094|2061590528|2070609920|sim_data_aaf7239b1c98d314|__AUTOMETRIC__
__AUTOMETRIC__|0.1.2|11032|crew_log_ceaf83e94b04c20e|0|1786389387.089|100.983|3.156|2060042240|2069143552|sim_data_aaf7239b1c98d314|__AUTOMETRIC__
__AUTOMETRIC__|0.1.2|11032|crew_log_ceaf83e94b04c20e|0|1786389388.090|99.881|3.121|2062704640|2071805952|sim_data_aaf7239b1c98d314|__AUTOMETRIC__
__AUTOMETRIC__|0.1.2|11032|crew_log_ceaf83e94b04c20e|0|1786389389.096|99.409|3.107|2062815232|2071916544|sim_data_aaf7239b1c98d314|__AUTOMETRIC__
__AUTOMETRIC__|0.1.2|11032|crew_log_ceaf83e94b04c20e|0|1786389390.112|98.402|3.075|2062815232|2071916544|sim_data_aaf7239b1c98d314|__AUTOMETRIC__
__AUTOMETRIC__|0.1.2|11032|crew_log_ceaf83e94b04c20e|0|1786389391.114|98.293|3.072|2065833984|2074947584|sim_data_aaf7239b1c98d314|__AUTOMETRIC__
__AUTOMETRIC__|0.1.2|11032|crew_log_ceaf83e94b04c20e|0|1786389392.117|99.648|3.114|2065698816|2074800128|sim_data_aaf7239b1c98d314|__AUTOMETRIC__
__AUTOMETRIC__|0.1.2|11032|crew_log_ceaf83e94b04c20e|0|1786389393.126|99.104|3.097|2068627456|2077736960|sim_data_aaf7239b1c98d314|__AUTOMETRIC__
__AUTOMETRIC__|0.1.2|11032|crew_log_ceaf83e94b04c20e|0|1786389394.132|100.994|3.156|2068451328|2077552640|sim_data_aaf7239b1c98d314|__AUTOMETRIC__
__AUTOMETRIC__|0.1.2|11032|crew_log_ceaf83e94b04c20e|0|1786389395.139|102.342|3.198|2068488192|2077589504|sim_data_aaf7239b1c98d314|__AUTOMETRIC__
__AUTOMETRIC__|0.1.2|11032|crew_log_ceaf83e94b04c20e|0|1786389396.154|100.074|3.127|2346147840|2355273728|sim_data_aaf7239b1c98d314|__AUTOMETRIC__
__AUTOMETRIC__|0.1.2|11032|crew_log_ceaf83e94b04c20e|0|1786389397.161|97.803|3.056|2824056832|2833399808|sim_data_aaf7239b1c98d314|__AUTOMETRIC__
__AUTOMETRIC__|0.1.2|11032|crew_log_ceaf83e94b04c20e|0|1786389398.163|105.963|3.311|2628153344|2637438976|sim_data_aaf7239b1c98d314|__AUTOMETRIC__
__AUTOMETRIC__|0.1.2|11032|crew_log_ceaf83e94b04c20e|0|1786389399.173|102.171|3.193|2046054400|2055536640|sim_data_aaf7239b1c98d314|__AUTOMETRIC__
__AUTOMETRIC__|0.1.2|11032|crew_log_ceaf83e94b04c20e|0|1786389400.174|101.459|3.171|2042269696|2051137536|sim_data_aaf7239b1c98d314|__AUTOMETRIC__
__AUTOMETRIC__|0.1.2|11032|crew_log_ceaf83e94b04c20e|0|1786389401.189|100.027|3.126|2041204736|2050072576|sim_data_aaf7239b1c98d314|__AUTOMETRIC__
__AUTOMETRIC__|0.1.2|11032|crew_log_ceaf83e94b04c20e|0|1786389402.199|102.153|3.192|2043953152|2052820992|sim_data_aaf7239b1c98d314|__AUTOMETRIC__
__AUTOMETRIC__|0.1.2|11032|crew_log_ceaf83e94b04c20e|0|1786389403.207|99.160|3.099|2043957248|2052825088|sim_data_aaf7239b1c98d314|__AUTOMETRIC__
__AUTOMETRIC__|0.1.2|11032|crew_log_ceaf83e94b04c20e|0|1786389404.215|100.781|3.149|2046857216|2055884800|sim_data_aaf7239b1c98d314|__AUTOMETRIC__
__AUTOMETRIC__|0.1.2|11032|crew_log_ceaf83e94b04c20e|0|1786389405.217|99.830|3.120|2046750720|2055618560|sim_data_aaf7239b1c98d314|__AUTOMETRIC__
__AUTOMETRIC__|0.1.2|11032|crew_log_ceaf83e94b04c20e|0|1786389406.226|99.106|3.097|2046783488|2055651328|sim_data_aaf7239b1c98d314|__AUTOMETRIC__
__AUTOMETRIC__|0.1.2|11032|crew_log_ceaf83e94b04c20e|0|1786389407.232|100.881|3.153|2049720320|2058747904|sim_data_aaf7239b1c98d314|__AUTOMETRIC__
__AUTOMETRIC__|0.1.2|11032|crew_log_ceaf83e94b04c20e|0|1786389408.240|99.209|3.100|2049339392|2058207232|sim_data_aaf7239b1c98d314|__AUTOMETRIC__
__AUTOMETRIC__|0.1.2|11032|crew_log_ceaf83e94b04c20e|0|1786389409.248|100.818|3.151|2049609728|2058477568|sim_data_aaf7239b1c98d314|__AUTOMETRIC__
__AUTOMETRIC__|0.1.2|11032|crew_log_ceaf83e94b04c20e|0|1786389410.253|99.519|3.110|2049605632|2058473472|sim_data_aaf7239b1c98d314|__AUTOMETRIC__
__AUTOMETRIC__|0.1.2|11032|crew_log_ceaf83e94b04c20e|0|1786389411.258|99.502|3.109|2589265920|2598670336|sim_data_aaf7239b1c98d314|__AUTOMETRIC__
__AUTOMETRIC__|0.1.2|11032|crew_log_ceaf83e94b04c20e|0|1786389412.258|103.129|3.223|2590744576|2600144896|sim_data_aaf7239b1c98d314|__AUTOMETRIC__
__AUTOMETRIC__|0.1.2|11032|crew_log_ceaf83e94b04c20e|0|1786389413.271|104.843|3.276|2123288576|2133012480|sim_data_aaf7239b1c98d314|__AUTOMETRIC__
__AUTOMETRIC__|0.1.2|11032|crew_log_ceaf83e94b04c20e|0|1786389414.274|101.276|3.165|2119725056|2128863232|sim_data_aaf7239b1c98d314|__AUTOMETRIC__
__AUTOMETRIC__|0.1.2|11032|crew_log_ceaf83e94b04c20e|0|1786389415.288|98.561|3.080|2118385664|2127413248|sim_data_aaf7239b1c98d314|__AUTOMETRIC__
__AUTOMETRIC__|0.1.2|11032|crew_log_ceaf83e94b04c20e|0|1786389416.296|100.820|3.151|2118336512|2127364096|sim_data_aaf7239b1c98d314|__AUTOMETRIC__
__AUTOMETRIC__|0.1.2|11032|crew_log_ceaf83e94b04c20e|0|1786389417.298|99.760|3.118|2121093120|2130120704|sim_data_aaf7239b1c98d314|__AUTOMETRIC__
__AUTOMETRIC__|0.1.2|11032|crew_log_ceaf83e94b04c20e|0|1786389418.308|100.562|3.143|2121113600|2130141184|sim_data_aaf7239b1c98d314|__AUTOMETRIC__
__AUTOMETRIC__|0.1.2|11032|crew_log_ceaf83e94b04c20e|0|1786389419.313|99.469|3.108|2121101312|2130280448|sim_data_aaf7239b1c98d314|__AUTOMETRIC__
__AUTOMETRIC__|0.1.2|11032|crew_log_ceaf83e94b04c20e|0|1786389420.329|100.035|3.126|2123796480|2132824064|sim_data_aaf7239b1c98d314|__AUTOMETRIC__
__AUTOMETRIC__|0.1.2|11032|crew_log_ceaf83e94b04c20e|0|1786389421.341|100.303|3.134|2124001280|2133180416|sim_data_aaf7239b1c98d314|__AUTOMETRIC__
__AUTOMETRIC__|0.1.2|11032|crew_log_ceaf83e94b04c20e|0|1786389422.348|99.293|3.103|2123927552|2132955136|sim_data_aaf7239b1c98d314|__AUTOMETRIC__
__AUTOMETRIC__|0.1.2|11032|crew_log_ceaf83e94b04c20e|0|1786389423.350|99.828|3.120|2126827520|2135867392|sim_data_aaf7239b1c98d314|__AUTOMETRIC__
__AUTOMETRIC__|0.1.2|11032|crew_log_ceaf83e94b04c20e|0|1786389424.351|99.937|3.123|2126721024|2135748608|sim_data_aaf7239b1c98d314|__AUTOMETRIC__
__AUTOMETRIC__|0.1.2|11032|crew_log_ceaf83e94b04c20e|0|1786389425.352|101.398|3.169|2126766080|2135945216|sim_data_aaf7239b1c98d314|__AUTOMETRIC__
__AUTOMETRIC__|0.1.2|11032|crew_log_ceaf83e94b04c20e|0|1786389426.360|97.661|3.052|2126712832|2135740416|sim_data_aaf7239b1c98d314|__AUTOMETRIC__
__AUTOMETRIC__|0.1.2|11032|crew_log_ceaf83e94b04c20e|0|1786389427.374|103.238|3.226|2403229696|2412216320|sim_data_aaf7239b1c98d314|__AUTOMETRIC__
__AUTOMETRIC__|0.1.2|11032|crew_log_ceaf83e94b04c20e|0|1786389428.387|103.339|3.229|2727882752|2736791552|sim_data_aaf7239b1c98d314|__AUTOMETRIC__
__AUTOMETRIC__|0.1.2|11032|crew_log_ceaf83e94b04c20e|0|1786389429.392|101.055|3.158|2562760704|2572197888|sim_data_aaf7239b1c98d314|__AUTOMETRIC__
__AUTOMETRIC__|0.1.2|11032|crew_log_ceaf83e94b04c20e|0|1786389430.399|102.485|3.203|2139365376|2148802560|sim_data_aaf7239b1c98d314|__AUTOMETRIC__
__AUTOMETRIC__|0.1.2|11032|crew_log_ceaf83e94b04c20e|0|1786389431.400|101.459|3.171|2123571200|2132799488|sim_data_aaf7239b1c98d314|__AUTOMETRIC__
__AUTOMETRIC__|0.1.2|11032|crew_log_ceaf83e94b04c20e|0|1786389432.401|99.920|3.122|2123608064|2132836352|sim_data_aaf7239b1c98d314|__AUTOMETRIC__
__AUTOMETRIC__|0.1.2|11032|crew_log_ceaf83e94b04c20e|0|1786389433.413|98.768|3.087|2125926400|2134970368|sim_data_aaf7239b1c98d314|__AUTOMETRIC__
__AUTOMETRIC__|0.1.2|11032|crew_log_ceaf83e94b04c20e|0|1786389434.428|100.041|3.126|2125783040|2134818816|sim_data_aaf7239b1c98d314|__AUTOMETRIC__
__AUTOMETRIC__|0.1.2|11032|crew_log_ceaf83e94b04c20e|0|1786389435.439|100.457|3.139|2125836288|2134872064|sim_data_aaf7239b1c98d314|__AUTOMETRIC__
__AUTOMETRIC__|0.1.2|11032|crew_log_ceaf83e94b04c20e|0|1786389436.454|100.094|3.128|2128863232|2138062848|sim_data_aaf7239b1c98d314|__AUTOMETRIC__
__AUTOMETRIC__|0.1.2|11032|crew_log_ceaf83e94b04c20e|0|1786389437.463|100.676|3.146|2128736256|2137927680|sim_data_aaf7239b1c98d314|__AUTOMETRIC__
__AUTOMETRIC__|0.1.2|11032|crew_log_ceaf83e94b04c20e|0|1786389438.465|99.748|3.117|2128769024|2137960448|sim_data_aaf7239b1c98d314|__AUTOMETRIC__
__AUTOMETRIC__|0.1.2|11032|crew_log_ceaf83e94b04c20e|0|1786389439.467|99.801|3.119|2131816448|2141016064|sim_data_aaf7239b1c98d314|__AUTOMETRIC__
__AUTOMETRIC__|0.1.2|11032|crew_log_ceaf83e94b04c20e|0|1786389440.476|99.101|3.097|2131648512|2140839936|sim_data_aaf7239b1c98d314|__AUTOMETRIC__
__AUTOMETRIC__|0.1.2|11032|crew_log_ceaf83e94b04c20e|0|1786389441.479|102.814|3.213|2131685376|2140876800|sim_data_aaf7239b1c98d314|__AUTOMETRIC__
__AUTOMETRIC__|0.1.2|11032|crew_log_ceaf83e94b04c20e|0|1786389442.483|99.650|3.114|2916511744|2926149632|sim_data_aaf7239b1c98d314|__AUTOMETRIC__
__AUTOMETRIC__|0.1.2|11032|crew_log_ceaf83e94b04c20e|0|1786389443.488|99.522|3.110|3490189312|3500486656|sim_data_aaf7239b1c98d314|__AUTOMETRIC__
__AUTOMETRIC__|0.1.2|11032|crew_log_ceaf83e94b04c20e|0|1786389444.500|103.406|3.231|2949476352|2959822848|sim_data_aaf7239b1c98d314|__AUTOMETRIC__
__AUTOMETRIC__|0.1.2|11032|crew_log_ceaf83e94b04c20e|0|1786389445.504|98.093|3.065|2945077248|2955206656|sim_data_aaf7239b1c98d314|__AUTOMETRIC__
__AUTOMETRIC__|0.1.2|11032|crew_log_ceaf83e94b04c20e|0|1786389446.509|96.378|3.012|2945085440|2955214848|sim_data_aaf7239b1c98d314|__AUTOMETRIC__
__AUTOMETRIC__|0.1.2|11032|crew_log_ceaf83e94b04c20e|0|1786389447.524|100.062|3.127|2945433600|2955345920|sim_data_aaf7239b1c98d314|__AUTOMETRIC__
__AUTOMETRIC__|0.1.2|11032|crew_log_ceaf83e94b04c20e|0|1786389448.538|100.139|3.129|2945335296|2955239424|sim_data_aaf7239b1c98d314|__AUTOMETRIC__
__AUTOMETRIC__|0.1.2|11032|crew_log_ceaf83e94b04c20e|0|1786389449.547|100.610|3.144|2945323008|2955100160|sim_data_aaf7239b1c98d314|__AUTOMETRIC__
__AUTOMETRIC__|0.1.2|11032|crew_log_ceaf83e94b04c20e|0|1786389450.554|99.359|3.105|2948120576|2958036992|sim_data_aaf7239b1c98d314|__AUTOMETRIC__
__AUTOMETRIC__|0.1.2|11032|crew_log_ceaf83e94b04c20e|0|1786389451.566|101.886|3.184|2948009984|2957787136|sim_data_aaf7239b1c98d314|__AUTOMETRIC__
__AUTOMETRIC__|0.1.2|11032|crew_log_ceaf83e94b04c20e|0|1786389452.567|99.882|3.121|2948055040|2957959168|sim_data_aaf7239b1c98d314|__AUTOMETRIC__
__AUTOMETRIC__|0.1.2|11032|crew_log_ceaf83e94b04c20e|0|1786389453.581|100.213|3.132|2950979584|2960891904|sim_data_aaf7239b1c98d314|__AUTOMETRIC__
__AUTOMETRIC__|0.1.2|11032|crew_log_ceaf83e94b04c20e|0|1786389454.596|98.480|3.078|2950840320|2960617472|sim_data_aaf7239b1c98d314|__AUTOMETRIC__
__AUTOMETRIC__|0.1.2|11032|crew_log_ceaf83e94b04c20e|0|1786389455.610|100.129|3.129|2950873088|2960777216|sim_data_aaf7239b1c98d314|__AUTOMETRIC__
__AUTOMETRIC__|0.1.2|11032|crew_log_ceaf83e94b04c20e|0|1786389456.625|100.063|3.127|3393662976|3403542528|sim_data_aaf7239b1c98d314|__AUTOMETRIC__
__AUTOMETRIC__|0.1.2|11032|crew_log_ceaf83e94b04c20e|0|1786389457.641|106.135|3.317|3277373440|3287384064|sim_data_aaf7239b1c98d314|__AUTOMETRIC__
__AUTOMETRIC__|0.1.2|11032|crew_log_ceaf83e94b04c20e|0|1786389458.649|107.018|3.344|2478436352|2488782848|sim_data_aaf7239b1c98d314|__AUTOMETRIC__
__AUTOMETRIC__|0.1.2|11032|crew_log_ceaf83e94b04c20e|0|1786389459.664|100.036|3.126|2478432256|2488582144|sim_data_aaf7239b1c98d314|__AUTOMETRIC__
__AUTOMETRIC__|0.1.2|11032|crew_log_ceaf83e94b04c20e|0|1786389460.664|99.981|3.124|2476339200|2486149120|sim_data_aaf7239b1c98d314|__AUTOMETRIC__
__AUTOMETRIC__|0.1.2|11032|crew_log_ceaf83e94b04c20e|0|1786389461.668|99.628|3.113|2479030272|2488938496|sim_data_aaf7239b1c98d314|__AUTOMETRIC__
__AUTOMETRIC__|0.1.2|11032|crew_log_ceaf83e94b04c20e|0|1786389462.682|100.119|3.129|2478714880|2488524800|sim_data_aaf7239b1c98d314|__AUTOMETRIC__
__AUTOMETRIC__|0.1.2|11032|crew_log_ceaf83e94b04c20e|0|1786389463.686|99.592|3.112|2478583808|2488393728|sim_data_aaf7239b1c98d314|__AUTOMETRIC__
__AUTOMETRIC__|0.1.2|11032|crew_log_ceaf83e94b04c20e|0|1786389464.692|99.436|3.107|2478874624|2488684544|sim_data_aaf7239b1c98d314|__AUTOMETRIC__
__AUTOMETRIC__|0.1.2|11032|crew_log_ceaf83e94b04c20e|0|1786389465.697|99.513|3.110|2481807360|2491719680|sim_data_aaf7239b1c98d314|__AUTOMETRIC__
__AUTOMETRIC__|0.1.2|11032|crew_log_ceaf83e94b04c20e|0|1786389466.702|100.993|3.156|2481655808|2491555840|sim_data_aaf7239b1c98d314|__AUTOMETRIC__
__AUTOMETRIC__|0.1.2|11032|crew_log_ceaf83e94b04c20e|0|1786389467.713|98.998|3.094|2481680384|2491580416|sim_data_aaf7239b1c98d314|__AUTOMETRIC__
__AUTOMETRIC__|0.1.2|11032|crew_log_ceaf83e94b04c20e|0|1786389468.715|99.808|3.119|2484596736|2494504960|sim_data_aaf7239b1c98d314|__AUTOMETRIC__
__AUTOMETRIC__|0.1.2|11032|crew_log_ceaf83e94b04c20e|0|1786389469.721|97.805|3.056|2484498432|2494308352|sim_data_aaf7239b1c98d314|__AUTOMETRIC__
__AUTOMETRIC__|0.1.2|11032|crew_log_ceaf83e94b04c20e|0|1786389470.729|99.175|3.099|2484498432|2494308352|sim_data_aaf7239b1c98d314|__AUTOMETRIC__
__AUTOMETRIC__|0.1.2|11032|crew_log_ceaf83e94b04c20e|0|1786389471.736|102.416|3.201|2748440576|2758393856|sim_data_aaf7239b1c98d314|__AUTOMETRIC__
__AUTOMETRIC__|0.1.2|11032|crew_log_ceaf83e94b04c20e|0|1786389472.737|107.737|3.367|2831056896|2841022464|sim_data_aaf7239b1c98d314|__AUTOMETRIC__
__AUTOMETRIC__|0.1.2|11032|crew_log_ceaf83e94b04c20e|0|1786389473.738|98.329|3.073|3110420480|3120676864|sim_data_aaf7239b1c98d314|__AUTOMETRIC__
__AUTOMETRIC__|0.1.2|11032|crew_log_ceaf83e94b04c20e|0|1786389474.752|100.149|3.130|3127390208|3137654784|sim_data_aaf7239b1c98d314|__AUTOMETRIC__
__AUTOMETRIC__|0.1.2|11032|crew_log_ceaf83e94b04c20e|0|1786389475.755|99.676|3.115|3127656448|3138011136|sim_data_aaf7239b1c98d314|__AUTOMETRIC__
__AUTOMETRIC__|0.1.2|11032|crew_log_ceaf83e94b04c20e|0|1786389476.756|98.408|3.075|3126956032|3136876544|sim_data_aaf7239b1c98d314|__AUTOMETRIC__
__AUTOMETRIC__|0.1.2|11032|crew_log_ceaf83e94b04c20e|0|1786389477.768|100.313|3.135|3129901056|3139829760|sim_data_aaf7239b1c98d314|__AUTOMETRIC__
__AUTOMETRIC__|0.1.2|11032|crew_log_ceaf83e94b04c20e|0|1786389478.775|99.342|3.104|3129806848|3139727360|sim_data_aaf7239b1c98d314|__AUTOMETRIC__
__AUTOMETRIC__|0.1.2|11032|crew_log_ceaf83e94b04c20e|0|1786389479.775|101.515|3.172|3132682240|3142615040|sim_data_aaf7239b1c98d314|__AUTOMETRIC__
__AUTOMETRIC__|0.1.2|11032|crew_log_ceaf83e94b04c20e|0|1786389480.777|96.754|3.024|3132612608|3142443008|sim_data_aaf7239b1c98d314|__AUTOMETRIC__
__AUTOMETRIC__|0.1.2|11032|crew_log_ceaf83e94b04c20e|0|1786389481.791|98.605|3.081|3132608512|3142529024|sim_data_aaf7239b1c98d314|__AUTOMETRIC__
__AUTOMETRIC__|0.1.2|11032|crew_log_ceaf83e94b04c20e|0|1786389482.797|97.798|3.056|3135475712|3145371648|sim_data_aaf7239b1c98d314|__AUTOMETRIC__
__AUTOMETRIC__|0.1.2|11032|crew_log_ceaf83e94b04c20e|0|1786389483.800|102.872|3.215|3135348736|3145179136|sim_data_aaf7239b1c98d314|__AUTOMETRIC__
__AUTOMETRIC__|0.1.2|11032|crew_log_ceaf83e94b04c20e|0|1786389484.805|99.474|3.109|3135385600|3145269248|sim_data_aaf7239b1c98d314|__AUTOMETRIC__
__AUTOMETRIC__|0.1.2|11032|crew_log_ceaf83e94b04c20e|0|1786389485.814|105.265|3.290|2779783168|2789605376|sim_data_aaf7239b1c98d314|__AUTOMETRIC__
__AUTOMETRIC__|0.1.2|11032|crew_log_ceaf83e94b04c20e|0|1786389486.816|101.357|3.167|3294273536|3304300544|sim_data_aaf7239b1c98d314|__AUTOMETRIC__
__AUTOMETRIC__|0.1.2|11032|crew_log_ceaf83e94b04c20e|0|1786389487.817|103.069|3.221|2795962368|2806403072|sim_data_aaf7239b1c98d314|__AUTOMETRIC__
__AUTOMETRIC__|0.1.2|11032|crew_log_ceaf83e94b04c20e|0|1786389488.822|99.477|3.109|2796847104|2806988800|sim_data_aaf7239b1c98d314|__AUTOMETRIC__
__AUTOMETRIC__|0.1.2|11032|crew_log_ceaf83e94b04c20e|0|1786389489.822|99.988|3.125|2795151360|2804998144|sim_data_aaf7239b1c98d314|__AUTOMETRIC__
__AUTOMETRIC__|0.1.2|11032|crew_log_ceaf83e94b04c20e|0|1786389490.837|100.119|3.129|2794545152|2804391936|sim_data_aaf7239b1c98d314|__AUTOMETRIC__
__AUTOMETRIC__|0.1.2|11032|crew_log_ceaf83e94b04c20e|0|1786389491.839|99.780|3.118|2797486080|2807341056|sim_data_aaf7239b1c98d314|__AUTOMETRIC__
__AUTOMETRIC__|0.1.2|11032|crew_log_ceaf83e94b04c20e|0|1786389492.845|100.975|3.155|2797334528|2807181312|sim_data_aaf7239b1c98d314|__AUTOMETRIC__
__AUTOMETRIC__|0.1.2|11032|crew_log_ceaf83e94b04c20e|0|1786389493.852|100.835|3.151|2797330432|2807177216|sim_data_aaf7239b1c98d314|__AUTOMETRIC__
__AUTOMETRIC__|0.1.2|11032|crew_log_ceaf83e94b04c20e|0|1786389494.865|100.279|3.134|2797330432|2807177216|sim_data_aaf7239b1c98d314|__AUTOMETRIC__
__AUTOMETRIC__|0.1.2|11032|crew_log_ceaf83e94b04c20e|0|1786389495.869|98.051|3.064|2800291840|2810146816|sim_data_aaf7239b1c98d314|__AUTOMETRIC__
__AUTOMETRIC__|0.1.2|11032|crew_log_ceaf83e94b04c20e|0|1786389496.876|99.297|3.103|2800173056|2810019840|sim_data_aaf7239b1c98d314|__AUTOMETRIC__
__AUTOMETRIC__|0.1.2|11032|crew_log_ceaf83e94b04c20e|0|1786389497.882|99.365|3.105|2800189440|2810036224|sim_data_aaf7239b1c98d314|__AUTOMETRIC__
__AUTOMETRIC__|0.1.2|11032|crew_log_ceaf83e94b04c20e|0|1786389498.883|98.396|3.075|2800164864|2810011648|sim_data_aaf7239b1c98d314|__AUTOMETRIC__
__AUTOMETRIC__|0.1.2|11032|crew_log_ceaf83e94b04c20e|0|1786389499.884|99.885|3.121|2802995200|2812850176|sim_data_aaf7239b1c98d314|__AUTOMETRIC__
__AUTOMETRIC__|0.1.2|11032|crew_log_ceaf83e94b04c20e|0|1786389500.890|99.364|3.105|2802929664|2812776448|sim_data_aaf7239b1c98d314|__AUTOMETRIC__
__AUTOMETRIC__|0.1.2|11032|crew_log_ceaf83e94b04c20e|0|1786389501.905|100.084|3.128|2802929664|2812776448|sim_data_aaf7239b1c98d314|__AUTOMETRIC__
__AUTOMETRIC__|0.1.2|11032|crew_log_ceaf83e94b04c20e|0|1786389502.917|98.833|3.089|2802921472|2812768256|sim_data_aaf7239b1c98d314|__AUTOMETRIC__
__AUTOMETRIC__|0.1.2|11032|crew_log_ceaf83e94b04c20e|0|1786389503.929|98.798|3.087|3249016832|3259105280|sim_data_aaf7239b1c98d314|__AUTOMETRIC__
__AUTOMETRIC__|0.1.2|11032|crew_log_ceaf83e94b04c20e|0|1786389504.941|98.788|3.087|3317551104|3327668224|sim_data_aaf7239b1c98d314|__AUTOMETRIC__
__AUTOMETRIC__|0.1.2|11032|crew_log_ceaf83e94b04c20e|0|1786389505.953|105.023|3.282|2530365440|2540994560|sim_data_aaf7239b1c98d314|__AUTOMETRIC__
__AUTOMETRIC__|0.1.2|11032|crew_log_ceaf83e94b04c20e|0|1786389506.954|99.896|3.122|2525712384|2535653376|sim_data_aaf7239b1c98d314|__AUTOMETRIC__
__AUTOMETRIC__|0.1.2|11032|crew_log_ceaf83e94b04c20e|0|1786389507.956|101.300|3.166|2525274112|2535104512|sim_data_aaf7239b1c98d314|__AUTOMETRIC__
__AUTOMETRIC__|0.1.2|11032|crew_log_ceaf83e94b04c20e|0|1786389508.960|101.215|3.163|2525261824|2535092224|sim_data_aaf7239b1c98d314|__AUTOMETRIC__
__AUTOMETRIC__|0.1.2|11032|crew_log_ceaf83e94b04c20e|0|1786389509.963|99.688|3.115|2525143040|2534973440|sim_data_aaf7239b1c98d314|__AUTOMETRIC__
__AUTOMETRIC__|0.1.2|11032|crew_log_ceaf83e94b04c20e|0|1786389510.967|99.646|3.114|2527772672|2537603072|sim_data_aaf7239b1c98d314|__AUTOMETRIC__
__AUTOMETRIC__|0.1.2|11032|crew_log_ceaf83e94b04c20e|0|1786389511.970|99.612|3.113|2528014336|2537844736|sim_data_aaf7239b1c98d314|__AUTOMETRIC__
__AUTOMETRIC__|0.1.2|11032|crew_log_ceaf83e94b04c20e|0|1786389512.976|97.883|3.059|2527887360|2537717760|sim_data_aaf7239b1c98d314|__AUTOMETRIC__
__AUTOMETRIC__|0.1.2|11032|crew_log_ceaf83e94b04c20e|0|1786389513.983|99.289|3.103|2527887360|2537717760|sim_data_aaf7239b1c98d314|__AUTOMETRIC__
__AUTOMETRIC__|0.1.2|11032|crew_log_ceaf83e94b04c20e|0|1786389514.998|100.110|3.128|2530574336|2540404736|sim_data_aaf7239b1c98d314|__AUTOMETRIC__
__AUTOMETRIC__|0.1.2|11032|crew_log_ceaf83e94b04c20e|0|1786389516.000|99.772|3.118|2530566144|2540396544|sim_data_aaf7239b1c98d314|__AUTOMETRIC__
__AUTOMETRIC__|0.1.2|11032|crew_log_ceaf83e94b04c20e|0|1786389517.009|99.154|3.099|2530811904|2540642304|sim_data_aaf7239b1c98d314|__AUTOMETRIC__
__AUTOMETRIC__|0.1.2|11032|crew_log_ceaf83e94b04c20e|0|1786389518.015|100.955|3.155|2530852864|2540683264|sim_data_aaf7239b1c98d314|__AUTOMETRIC__
__AUTOMETRIC__|0.1.2|11032|crew_log_ceaf83e94b04c20e|0|1786389519.023|99.141|3.098|2530844672|2540675072|sim_data_aaf7239b1c98d314|__AUTOMETRIC__
__AUTOMETRIC__|0.1.2|11032|crew_log_ceaf83e94b04c20e|0|1786389520.025|102.949|3.217|2533457920|2543288320|sim_data_aaf7239b1c98d314|__AUTOMETRIC__
__AUTOMETRIC__|0.1.2|11032|crew_log_ceaf83e94b04c20e|0|1786389521.025|101.541|3.173|2533715968|2543546368|sim_data_aaf7239b1c98d314|__AUTOMETRIC__
__AUTOMETRIC__|0.1.2|11032|crew_log_ceaf83e94b04c20e|0|1786389522.027|101.377|3.168|2533449728|2543280128|sim_data_aaf7239b1c98d314|__AUTOMETRIC__
__AUTOMETRIC__|0.1.2|11032|crew_log_ceaf83e94b04c20e|0|1786389523.043|98.444|3.076|2533474304|2543304704|sim_data_aaf7239b1c98d314|__AUTOMETRIC__
__AUTOMETRIC__|0.1.2|11032|crew_log_ceaf83e94b04c20e|0|1786389524.054|97.323|3.041|2533584896|2543415296|sim_data_aaf7239b1c98d314|__AUTOMETRIC__
__AUTOMETRIC__|0.1.2|11032|crew_log_ceaf83e94b04c20e|0|1786389525.069|100.069|3.127|2533715968|2543546368|sim_data_aaf7239b1c98d314|__AUTOMETRIC__
__AUTOMETRIC__|0.1.2|11032|crew_log_ceaf83e94b04c20e|0|1786389526.083|98.678|3.084|3277750272|3287740416|sim_data_aaf7239b1c98d314|__AUTOMETRIC__
__AUTOMETRIC__|0.1.2|11032|crew_log_ceaf83e94b04c20e|0|1786389527.086|104.374|3.262|3353489408|3363520512|sim_data_aaf7239b1c98d314|__AUTOMETRIC__
__AUTOMETRIC__|0.1.2|11032|crew_log_ceaf83e94b04c20e|0|1786389528.090|110.453|3.452|2398715904|2409304064|sim_data_aaf7239b1c98d314|__AUTOMETRIC__
__AUTOMETRIC__|0.1.2|11032|crew_log_ceaf83e94b04c20e|0|1786389529.098|99.205|3.100|2390876160|2400919552|sim_data_aaf7239b1c98d314|__AUTOMETRIC__
__AUTOMETRIC__|0.1.2|11032|crew_log_ceaf83e94b04c20e|0|1786389530.101|99.687|3.115|2389639168|2399469568|sim_data_aaf7239b1c98d314|__AUTOMETRIC__
__AUTOMETRIC__|0.1.2|11032|crew_log_ceaf83e94b04c20e|0|1786389531.102|99.929|3.123|2392555520|2402394112|sim_data_aaf7239b1c98d314|__AUTOMETRIC__
__AUTOMETRIC__|0.1.2|11032|crew_log_ceaf83e94b04c20e|0|1786389532.103|101.452|3.170|2392395776|2402226176|sim_data_aaf7239b1c98d314|__AUTOMETRIC__
__AUTOMETRIC__|0.1.2|11032|crew_log_ceaf83e94b04c20e|0|1786389533.114|101.996|3.187|2392391680|2402222080|sim_data_aaf7239b1c98d314|__AUTOMETRIC__
__AUTOMETRIC__|0.1.2|11032|crew_log_ceaf83e94b04c20e|0|1786389534.121|99.315|3.104|2395406336|2405244928|sim_data_aaf7239b1c98d314|__AUTOMETRIC__
__AUTOMETRIC__|0.1.2|11032|crew_log_ceaf83e94b04c20e|0|1786389535.126|102.607|3.206|2395287552|2405117952|sim_data_aaf7239b1c98d314|__AUTOMETRIC__
__AUTOMETRIC__|0.1.2|11032|crew_log_ceaf83e94b04c20e|0|1786389536.132|99.428|3.107|2395295744|2405126144|sim_data_aaf7239b1c98d314|__AUTOMETRIC__
__AUTOMETRIC__|0.1.2|11032|crew_log_ceaf83e94b04c20e|0|1786389537.144|100.315|3.135|2398162944|2408001536|sim_data_aaf7239b1c98d314|__AUTOMETRIC__
__AUTOMETRIC__|0.1.2|11032|crew_log_ceaf83e94b04c20e|0|1786389538.146|99.860|3.121|2398076928|2407907328|sim_data_aaf7239b1c98d314|__AUTOMETRIC__
__AUTOMETRIC__|0.1.2|11032|crew_log_ceaf83e94b04c20e|0|1786389539.160|100.160|3.130|2398072832|2407903232|sim_data_aaf7239b1c98d314|__AUTOMETRIC__
__AUTOMETRIC__|0.1.2|11032|crew_log_ceaf83e94b04c20e|0|1786389540.173|98.714|3.085|3015639040|3025547264|sim_data_aaf7239b1c98d314|__AUTOMETRIC__
__AUTOMETRIC__|0.1.2|11032|crew_log_ceaf83e94b04c20e|0|1786389541.180|102.363|3.199|3130720256|3141394432|sim_data_aaf7239b1c98d314|__AUTOMETRIC__
__AUTOMETRIC__|0.1.2|11032|crew_log_ceaf83e94b04c20e|0|1786389542.181|101.421|3.169|3159633920|3170385920|sim_data_aaf7239b1c98d314|__AUTOMETRIC__
__AUTOMETRIC__|0.1.2|11032|crew_log_ceaf83e94b04c20e|0|1786389543.195|101.723|3.179|3165528064|3175968768|sim_data_aaf7239b1c98d314|__AUTOMETRIC__
__AUTOMETRIC__|0.1.2|11032|crew_log_ceaf83e94b04c20e|0|1786389544.200|101.065|3.158|3164917760|3175247872|sim_data_aaf7239b1c98d314|__AUTOMETRIC__
__AUTOMETRIC__|0.1.2|11032|crew_log_ceaf83e94b04c20e|0|1786389545.216|101.543|3.173|3164897280|3175227392|sim_data_aaf7239b1c98d314|__AUTOMETRIC__
__AUTOMETRIC__|0.1.2|11032|crew_log_ceaf83e94b04c20e|0|1786389546.216|96.816|3.025|3167809536|3178147840|sim_data_aaf7239b1c98d314|__AUTOMETRIC__
__AUTOMETRIC__|0.1.2|11032|crew_log_ceaf83e94b04c20e|0|1786389547.232|103.060|3.221|3167682560|3178012672|sim_data_aaf7239b1c98d314|__AUTOMETRIC__
__AUTOMETRIC__|0.1.2|11032|crew_log_ceaf83e94b04c20e|0|1786389548.242|102.075|3.190|3167670272|3178000384|sim_data_aaf7239b1c98d314|__AUTOMETRIC__
__AUTOMETRIC__|0.1.2|11032|crew_log_ceaf83e94b04c20e|0|1786389549.251|100.654|3.145|3170557952|3180888064|sim_data_aaf7239b1c98d314|__AUTOMETRIC__
__AUTOMETRIC__|0.1.2|11032|crew_log_ceaf83e94b04c20e|0|1786389550.264|97.240|3.039|3170553856|3180883968|sim_data_aaf7239b1c98d314|__AUTOMETRIC__
__AUTOMETRIC__|0.1.2|11032|crew_log_ceaf83e94b04c20e|0|1786389551.276|101.870|3.183|3170537472|3180867584|sim_data_aaf7239b1c98d314|__AUTOMETRIC__
__AUTOMETRIC__|0.1.2|11032|crew_log_ceaf83e94b04c20e|0|1786389552.278|99.780|3.118|3173326848|3183656960|sim_data_aaf7239b1c98d314|__AUTOMETRIC__
__AUTOMETRIC__|0.1.2|11032|crew_log_ceaf83e94b04c20e|0|1786389553.290|100.350|3.136|3173314560|3183644672|sim_data_aaf7239b1c98d314|__AUTOMETRIC__
__AUTOMETRIC__|0.1.2|11032|crew_log_ceaf83e94b04c20e|0|1786389554.303|100.289|3.134|3173306368|3183636480|sim_data_aaf7239b1c98d314|__AUTOMETRIC__
__AUTOMETRIC__|0.1.2|11032|crew_log_ceaf83e94b04c20e|0|1786389555.319|106.141|3.317|3043270656|3053797376|sim_data_aaf7239b1c98d314|__AUTOMETRIC__
__AUTOMETRIC__|0.1.2|11032|crew_log_ceaf83e94b04c20e|0|1786389556.322|102.826|3.213|2967490560|2978197504|sim_data_aaf7239b1c98d314|__AUTOMETRIC__
__AUTOMETRIC__|0.1.2|11032|crew_log_ceaf83e94b04c20e|0|1786389557.335|98.643|3.083|3010174976|3021365248|sim_data_aaf7239b1c98d314|__AUTOMETRIC__
__AUTOMETRIC__|0.1.2|11032|crew_log_ceaf83e94b04c20e|0|1786389558.336|99.960|3.124|3007062016|3018088448|sim_data_aaf7239b1c98d314|__AUTOMETRIC__
__AUTOMETRIC__|0.1.2|11032|crew_log_ceaf83e94b04c20e|0|1786389559.336|99.937|3.123|3004583936|3014852608|sim_data_aaf7239b1c98d314|__AUTOMETRIC__
__AUTOMETRIC__|0.1.2|11032|crew_log_ceaf83e94b04c20e|0|1786389560.345|100.696|3.147|3007242240|3017728000|sim_data_aaf7239b1c98d314|__AUTOMETRIC__
__AUTOMETRIC__|0.1.2|11032|crew_log_ceaf83e94b04c20e|0|1786389561.347|99.799|3.119|3007492096|3017986048|sim_data_aaf7239b1c98d314|__AUTOMETRIC__
__AUTOMETRIC__|0.1.2|11032|crew_log_ceaf83e94b04c20e|0|1786389562.350|99.721|3.116|3007332352|3017601024|sim_data_aaf7239b1c98d314|__AUTOMETRIC__
__AUTOMETRIC__|0.1.2|11032|crew_log_ceaf83e94b04c20e|0|1786389563.354|99.556|3.111|3007111168|3017379840|sim_data_aaf7239b1c98d314|__AUTOMETRIC__
__AUTOMETRIC__|0.1.2|11032|crew_log_ceaf83e94b04c20e|0|1786389564.358|99.655|3.114|3010285568|3020562432|sim_data_aaf7239b1c98d314|__AUTOMETRIC__
__AUTOMETRIC__|0.1.2|11032|crew_log_ceaf83e94b04c20e|0|1786389565.367|100.623|3.144|3010179072|3020447744|sim_data_aaf7239b1c98d314|__AUTOMETRIC__
__AUTOMETRIC__|0.1.2|11032|crew_log_ceaf83e94b04c20e|0|1786389566.377|99.023|3.094|3010215936|3020484608|sim_data_aaf7239b1c98d314|__AUTOMETRIC__
__AUTOMETRIC__|0.1.2|11032|crew_log_ceaf83e94b04c20e|0|1786389567.392|100.034|3.126|3013152768|3023429632|sim_data_aaf7239b1c98d314|__AUTOMETRIC__
__AUTOMETRIC__|0.1.2|11032|crew_log_ceaf83e94b04c20e|0|1786389568.405|100.314|3.135|3012935680|3023204352|sim_data_aaf7239b1c98d314|__AUTOMETRIC__
__AUTOMETRIC__|0.1.2|11032|crew_log_ceaf83e94b04c20e|0|1786389569.409|101.125|3.160|3012964352|3023233024|sim_data_aaf7239b1c98d314|__AUTOMETRIC__
__AUTOMETRIC__|0.1.2|11032|crew_log_ceaf83e94b04c20e|0|1786389570.416|99.314|3.104|3318616064|3329056768|sim_data_aaf7239b1c98d314|__AUTOMETRIC__
__AUTOMETRIC__|0.1.2|11032|crew_log_ceaf83e94b04c20e|0|1786389571.431|104.639|3.270|3391905792|3402371072|sim_data_aaf7239b1c98d314|__AUTOMETRIC__
__AUTOMETRIC__|0.1.2|11032|crew_log_ceaf83e94b04c20e|0|1786389572.444|103.330|3.229|2844033024|2855047168|sim_data_aaf7239b1c98d314|__AUTOMETRIC__
__AUTOMETRIC__|0.1.2|11032|crew_log_ceaf83e94b04c20e|0|1786389573.448|99.642|3.114|2855260160|2866114560|sim_data_aaf7239b1c98d314|__AUTOMETRIC__
__AUTOMETRIC__|0.1.2|11032|crew_log_ceaf83e94b04c20e|0|1786389574.462|100.191|3.131|2852818944|2863087616|sim_data_aaf7239b1c98d314|__AUTOMETRIC__
__AUTOMETRIC__|0.1.2|11032|crew_log_ceaf83e94b04c20e|0|1786389575.474|100.295|3.134|2852823040|2863091712|sim_data_aaf7239b1c98d314|__AUTOMETRIC__
__AUTOMETRIC__|0.1.2|11032|crew_log_ceaf83e94b04c20e|0|1786389576.490|96.939|3.029|2855944192|2866221056|sim_data_aaf7239b1c98d314|__AUTOMETRIC__
__AUTOMETRIC__|0.1.2|11032|crew_log_ceaf83e94b04c20e|0|1786389577.504|98.598|3.081|2855735296|2866003968|sim_data_aaf7239b1c98d314|__AUTOMETRIC__
__AUTOMETRIC__|0.1.2|11032|crew_log_ceaf83e94b04c20e|0|1786389578.511|102.445|3.201|2858692608|2868969472|sim_data_aaf7239b1c98d314|__AUTOMETRIC__
__AUTOMETRIC__|0.1.2|11032|crew_log_ceaf83e94b04c20e|0|1786389579.515|99.579|3.112|2858553344|2868822016|sim_data_aaf7239b1c98d314|__AUTOMETRIC__
__AUTOMETRIC__|0.1.2|11032|crew_log_ceaf83e94b04c20e|0|1786389580.530|98.469|3.077|2858557440|2868826112|sim_data_aaf7239b1c98d314|__AUTOMETRIC__
__AUTOMETRIC__|0.1.2|11032|crew_log_ceaf83e94b04c20e|0|1786389581.535|99.596|3.112|2858541056|2868809728|sim_data_aaf7239b1c98d314|__AUTOMETRIC__
__AUTOMETRIC__|0.1.2|11032|crew_log_ceaf83e94b04c20e|0|1786389582.546|100.451|3.139|2861273088|2871541760|sim_data_aaf7239b1c98d314|__AUTOMETRIC__
__AUTOMETRIC__|0.1.2|11032|crew_log_ceaf83e94b04c20e|0|1786389583.551|97.895|3.059|2861281280|2871549952|sim_data_aaf7239b1c98d314|__AUTOMETRIC__
__AUTOMETRIC__|0.1.2|11032|crew_log_ceaf83e94b04c20e|0|1786389584.558|100.831|3.151|2902757376|2913644544|sim_data_aaf7239b1c98d314|__AUTOMETRIC__
__AUTOMETRIC__|0.1.2|11032|crew_log_ceaf83e94b04c20e|0|1786389585.560|104.518|3.266|3128958976|3139489792|sim_data_aaf7239b1c98d314|__AUTOMETRIC__
__AUTOMETRIC__|0.1.2|11032|crew_log_ceaf83e94b04c20e|0|1786389586.566|104.017|3.251|2768310272|2779185152|sim_data_aaf7239b1c98d314|__AUTOMETRIC__
__AUTOMETRIC__|0.1.2|11032|crew_log_ceaf83e94b04c20e|0|1786389587.570|99.665|3.115|2789707776|2800717824|sim_data_aaf7239b1c98d314|__AUTOMETRIC__
__AUTOMETRIC__|0.1.2|11032|crew_log_ceaf83e94b04c20e|0|1786389588.579|100.611|3.144|2789904384|2800914432|sim_data_aaf7239b1c98d314|__AUTOMETRIC__
__AUTOMETRIC__|0.1.2|11032|crew_log_ceaf83e94b04c20e|0|1786389589.588|99.146|3.098|2787405824|2797654016|sim_data_aaf7239b1c98d314|__AUTOMETRIC__
__AUTOMETRIC__|0.1.2|11032|crew_log_ceaf83e94b04c20e|0|1786389590.597|99.074|3.096|2790293504|2800553984|sim_data_aaf7239b1c98d314|__AUTOMETRIC__
__AUTOMETRIC__|0.1.2|11032|crew_log_ceaf83e94b04c20e|0|1786389591.608|102.050|3.189|2790117376|2800365568|sim_data_aaf7239b1c98d314|__AUTOMETRIC__
__AUTOMETRIC__|0.1.2|11032|crew_log_ceaf83e94b04c20e|0|1786389592.620|100.316|3.135|2790129664|2800377856|sim_data_aaf7239b1c98d314|__AUTOMETRIC__
__AUTOMETRIC__|0.1.2|11032|crew_log_ceaf83e94b04c20e|0|1786389593.628|99.267|3.102|2793164800|2803425280|sim_data_aaf7239b1c98d314|__AUTOMETRIC__
__AUTOMETRIC__|0.1.2|11032|crew_log_ceaf83e94b04c20e|0|1786389594.636|99.170|3.099|2792972288|2803220480|sim_data_aaf7239b1c98d314|__AUTOMETRIC__
__AUTOMETRIC__|0.1.2|11032|crew_log_ceaf83e94b04c20e|0|1786389595.639|98.137|3.067|2792960000|2803208192|sim_data_aaf7239b1c98d314|__AUTOMETRIC__
__AUTOMETRIC__|0.1.2|11032|crew_log_ceaf83e94b04c20e|0|1786389596.653|100.128|3.129|2795909120|2806165504|sim_data_aaf7239b1c98d314|__AUTOMETRIC__
__AUTOMETRIC__|0.1.2|11032|crew_log_ceaf83e94b04c20e|0|1786389597.659|97.841|3.058|2795782144|2806030336|sim_data_aaf7239b1c98d314|__AUTOMETRIC__
__AUTOMETRIC__|0.1.2|11032|crew_log_ceaf83e94b04c20e|0|1786389598.673|100.212|3.132|2795798528|2806046720|sim_data_aaf7239b1c98d314|__AUTOMETRIC__
__AUTOMETRIC__|0.1.2|11032|crew_log_ceaf83e94b04c20e|0|1786389599.675|96.638|3.020|3102674944|3113263104|sim_data_aaf7239b1c98d314|__AUTOMETRIC__
__AUTOMETRIC__|0.1.2|11032|crew_log_ceaf83e94b04c20e|0|1786389600.676|99.966|3.124|3573764096|3584561152|sim_data_aaf7239b1c98d314|__AUTOMETRIC__
__AUTOMETRIC__|0.1.2|11032|crew_log_ceaf83e94b04c20e|0|1786389601.687|105.084|3.284|2742145024|2753138688|sim_data_aaf7239b1c98d314|__AUTOMETRIC__
__AUTOMETRIC__|0.1.2|11032|crew_log_ceaf83e94b04c20e|0|1786389602.691|99.540|3.111|2751852544|2762539008|sim_data_aaf7239b1c98d314|__AUTOMETRIC__
__AUTOMETRIC__|0.1.2|11032|crew_log_ceaf83e94b04c20e|0|1786389603.692|98.345|3.073|2752139264|2762825728|sim_data_aaf7239b1c98d314|__AUTOMETRIC__
__AUTOMETRIC__|0.1.2|11032|crew_log_ceaf83e94b04c20e|0|1786389604.705|100.280|3.134|2751422464|2761752576|sim_data_aaf7239b1c98d314|__AUTOMETRIC__
__AUTOMETRIC__|0.1.2|11032|crew_log_ceaf83e94b04c20e|0|1786389605.710|99.488|3.109|2752712704|2763272192|sim_data_aaf7239b1c98d314|__AUTOMETRIC__
__AUTOMETRIC__|0.1.2|11032|crew_log_ceaf83e94b04c20e|0|1786389606.723|100.251|3.133|2752520192|2762850304|sim_data_aaf7239b1c98d314|__AUTOMETRIC__
__AUTOMETRIC__|0.1.2|11032|crew_log_ceaf83e94b04c20e|0|1786389607.726|99.753|3.117|2752569344|2763116544|sim_data_aaf7239b1c98d314|__AUTOMETRIC__
__AUTOMETRIC__|0.1.2|11032|crew_log_ceaf83e94b04c20e|0|1786389608.734|100.714|3.147|2755538944|2765877248|sim_data_aaf7239b1c98d314|__AUTOMETRIC__
__AUTOMETRIC__|0.1.2|11032|crew_log_ceaf83e94b04c20e|0|1786389609.738|99.636|3.114|2755362816|2765692928|sim_data_aaf7239b1c98d314|__AUTOMETRIC__
__AUTOMETRIC__|0.1.2|11032|crew_log_ceaf83e94b04c20e|0|1786389610.753|100.010|3.125|2755371008|2765701120|sim_data_aaf7239b1c98d314|__AUTOMETRIC__
__AUTOMETRIC__|0.1.2|11032|crew_log_ceaf83e94b04c20e|0|1786389611.755|99.868|3.121|2758459392|2769018880|sim_data_aaf7239b1c98d314|__AUTOMETRIC__
__AUTOMETRIC__|0.1.2|11032|crew_log_ceaf83e94b04c20e|0|1786389612.768|98.663|3.083|2758131712|2768461824|sim_data_aaf7239b1c98d314|__AUTOMETRIC__
__AUTOMETRIC__|0.1.2|11032|crew_log_ceaf83e94b04c20e|0|1786389613.785|99.935|3.123|2758135808|2768683008|sim_data_aaf7239b1c98d314|__AUTOMETRIC__
__AUTOMETRIC__|0.1.2|11032|crew_log_ceaf83e94b04c20e|0|1786389614.799|100.105|3.128|3301609472|3312209920|sim_data_aaf7239b1c98d314|__AUTOMETRIC__
__AUTOMETRIC__|0.1.2|11032|crew_log_ceaf83e94b04c20e|0|1786389615.812|100.293|3.134|3446263808|3456798720|sim_data_aaf7239b1c98d314|__AUTOMETRIC__
__AUTOMETRIC__|0.1.2|11032|crew_log_ceaf83e94b04c20e|0|1786389616.824|111.153|3.474|2452393984|2463100928|sim_data_aaf7239b1c98d314|__AUTOMETRIC__
__AUTOMETRIC__|0.1.2|11032|crew_log_ceaf83e94b04c20e|0|1786389617.837|103.344|3.229|2382462976|2392682496|sim_data_aaf7239b1c98d314|__AUTOMETRIC__
__AUTOMETRIC__|0.1.2|11032|crew_log_ceaf83e94b04c20e|0|1786389618.838|101.490|3.172|2381811712|2391920640|sim_data_aaf7239b1c98d314|__AUTOMETRIC__
__AUTOMETRIC__|0.1.2|11032|crew_log_ceaf83e94b04c20e|0|1786389619.853|98.517|3.079|2384871424|2394992640|sim_data_aaf7239b1c98d314|__AUTOMETRIC__
__AUTOMETRIC__|0.1.2|11032|crew_log_ceaf83e94b04c20e|0|1786389620.867|100.177|3.131|2384728064|2394836992|sim_data_aaf7239b1c98d314|__AUTOMETRIC__
__AUTOMETRIC__|0.1.2|11032|crew_log_ceaf83e94b04c20e|0|1786389621.879|100.282|3.134|2384752640|2394861568|sim_data_aaf7239b1c98d314|__AUTOMETRIC__
__AUTOMETRIC__|0.1.2|11032|crew_log_ceaf83e94b04c20e|0|1786389622.884|99.556|3.111|2387812352|2397933568|sim_data_aaf7239b1c98d314|__AUTOMETRIC__
__AUTOMETRIC__|0.1.2|11032|crew_log_ceaf83e94b04c20e|0|1786389623.886|98.179|3.068|2387546112|2397655040|sim_data_aaf7239b1c98d314|__AUTOMETRIC__
__AUTOMETRIC__|0.1.2|11032|crew_log_ceaf83e94b04c20e|0|1786389624.903|101.427|3.170|2387513344|2397622272|sim_data_aaf7239b1c98d314|__AUTOMETRIC__
__AUTOMETRIC__|0.1.2|11032|crew_log_ceaf83e94b04c20e|0|1786389625.915|100.331|3.135|2390544384|2400665600|sim_data_aaf7239b1c98d314|__AUTOMETRIC__
__AUTOMETRIC__|0.1.2|11032|crew_log_ceaf83e94b04c20e|0|1786389626.917|99.878|3.121|2390413312|2400522240|sim_data_aaf7239b1c98d314|__AUTOMETRIC__
__AUTOMETRIC__|0.1.2|11032|crew_log_ceaf83e94b04c20e|0|1786389627.927|100.473|3.140|2544832512|2554990592|sim_data_aaf7239b1c98d314|__AUTOMETRIC__
__AUTOMETRIC__|0.1.2|11032|crew_log_ceaf83e94b04c20e|0|1786389628.930|104.467|3.265|2833227776|2843492352|sim_data_aaf7239b1c98d314|__AUTOMETRIC__
__AUTOMETRIC__|0.1.2|11032|crew_log_ceaf83e94b04c20e|0|1786389629.932|98.235|3.070|3222466560|3232923648|sim_data_aaf7239b1c98d314|__AUTOMETRIC__
__AUTOMETRIC__|0.1.2|11032|crew_log_ceaf83e94b04c20e|0|1786389630.946|106.296|3.322|2302406656|2313052160|sim_data_aaf7239b1c98d314|__AUTOMETRIC__
__AUTOMETRIC__|0.1.2|11032|crew_log_ceaf83e94b04c20e|0|1786389631.948|101.344|3.167|2293653504|2303893504|sim_data_aaf7239b1c98d314|__AUTOMETRIC__
__AUTOMETRIC__|0.1.2|11032|crew_log_ceaf83e94b04c20e|0|1786389632.963|101.621|3.176|2292740096|2302861312|sim_data_aaf7239b1c98d314|__AUTOMETRIC__
__AUTOMETRIC__|0.1.2|11032|crew_log_ceaf83e94b04c20e|0|1786389633.978|100.035|3.126|2294833152|2304966656|sim_data_aaf7239b1c98d314|__AUTOMETRIC__
__AUTOMETRIC__|0.1.2|11032|crew_log_ceaf83e94b04c20e|0|1786389634.993|100.121|3.129|2294648832|2304696320|sim_data_aaf7239b1c98d314|__AUTOMETRIC__
__AUTOMETRIC__|0.1.2|11032|crew_log_ceaf83e94b04c20e|0|1786389635.997|99.593|3.112|2294648832|2304696320|sim_data_aaf7239b1c98d314|__AUTOMETRIC__
__AUTOMETRIC__|0.1.2|11032|crew_log_ceaf83e94b04c20e|0|1786389637.003|100.941|3.154|2297409536|2307457024|sim_data_aaf7239b1c98d314|__AUTOMETRIC__
__AUTOMETRIC__|0.1.2|11032|crew_log_ceaf83e94b04c20e|0|1786389638.009|99.397|3.106|2297393152|2307440640|sim_data_aaf7239b1c98d314|__AUTOMETRIC__
__AUTOMETRIC__|0.1.2|11032|crew_log_ceaf83e94b04c20e|0|1786389639.015|97.826|3.057|2300407808|2310664192|sim_data_aaf7239b1c98d314|__AUTOMETRIC__
__AUTOMETRIC__|0.1.2|11032|crew_log_ceaf83e94b04c20e|0|1786389640.030|101.600|3.175|2300248064|2310295552|sim_data_aaf7239b1c98d314|__AUTOMETRIC__
__AUTOMETRIC__|0.1.2|11032|crew_log_ceaf83e94b04c20e|0|1786389641.044|101.671|3.177|2300284928|2310529024|sim_data_aaf7239b1c98d314|__AUTOMETRIC__
__AUTOMETRIC__|0.1.2|11032|crew_log_ceaf83e94b04c20e|0|1786389642.059|100.072|3.127|2640154624|2650505216|sim_data_aaf7239b1c98d314|__AUTOMETRIC__
__AUTOMETRIC__|0.1.2|11032|crew_log_ceaf83e94b04c20e|0|1786389643.062|99.722|3.116|3516829696|3527671808|sim_data_aaf7239b1c98d314|__AUTOMETRIC__
__AUTOMETRIC__|0.1.2|11032|crew_log_ceaf83e94b04c20e|0|1786389644.068|107.147|3.348|3095834624|3106586624|sim_data_aaf7239b1c98d314|__AUTOMETRIC__
__AUTOMETRIC__|0.1.2|11032|crew_log_ceaf83e94b04c20e|0|1786389645.083|98.569|3.080|3110981632|3121618944|sim_data_aaf7239b1c98d314|__AUTOMETRIC__
__AUTOMETRIC__|0.1.2|11032|crew_log_ceaf83e94b04c20e|0|1786389646.086|98.136|3.067|3111264256|3121901568|sim_data_aaf7239b1c98d314|__AUTOMETRIC__
__AUTOMETRIC__|0.1.2|11032|crew_log_ceaf83e94b04c20e|0|1786389647.100|100.125|3.129|3108204544|3118542848|sim_data_aaf7239b1c98d314|__AUTOMETRIC__
__AUTOMETRIC__|0.1.2|11032|crew_log_ceaf83e94b04c20e|0|1786389648.109|99.101|3.097|3111157760|3121504256|sim_data_aaf7239b1c98d314|__AUTOMETRIC__
__AUTOMETRIC__|0.1.2|11032|crew_log_ceaf83e94b04c20e|0|1786389649.115|100.952|3.155|3110977536|3121315840|sim_data_aaf7239b1c98d314|__AUTOMETRIC__
__AUTOMETRIC__|0.1.2|11032|crew_log_ceaf83e94b04c20e|0|1786389650.116|99.896|3.122|3110969344|3121307648|sim_data_aaf7239b1c98d314|__AUTOMETRIC__
__AUTOMETRIC__|0.1.2|11032|crew_log_ceaf83e94b04c20e|0|1786389651.125|99.194|3.100|3113996288|3124342784|sim_data_aaf7239b1c98d314|__AUTOMETRIC__
__AUTOMETRIC__|0.1.2|11032|crew_log_ceaf83e94b04c20e|0|1786389652.131|99.352|3.105|3113562112|3123900416|sim_data_aaf7239b1c98d314|__AUTOMETRIC__
__AUTOMETRIC__|0.1.2|11032|crew_log_ceaf83e94b04c20e|0|1786389653.143|98.827|3.088|3113852928|3124191232|sim_data_aaf7239b1c98d314|__AUTOMETRIC__
__AUTOMETRIC__|0.1.2|11032|crew_log_ceaf83e94b04c20e|0|1786389654.145|101.303|3.166|3113869312|3124207616|sim_data_aaf7239b1c98d314|__AUTOMETRIC__
__AUTOMETRIC__|0.1.2|11032|crew_log_ceaf83e94b04c20e|0|1786389655.149|99.698|3.116|3116810240|3127156736|sim_data_aaf7239b1c98d314|__AUTOMETRIC__
__AUTOMETRIC__|0.1.2|11032|crew_log_ceaf83e94b04c20e|0|1786389656.150|98.272|3.071|3116490752|3126829056|sim_data_aaf7239b1c98d314|__AUTOMETRIC__
__AUTOMETRIC__|0.1.2|11032|crew_log_ceaf83e94b04c20e|0|1786389657.155|99.538|3.111|3116650496|3126988800|sim_data_aaf7239b1c98d314|__AUTOMETRIC__
__AUTOMETRIC__|0.1.2|11032|crew_log_ceaf83e94b04c20e|0|1786389658.159|99.614|3.113|3116621824|3126960128|sim_data_aaf7239b1c98d314|__AUTOMETRIC__
__AUTOMETRIC__|0.1.2|11032|crew_log_ceaf83e94b04c20e|0|1786389659.160|101.397|3.169|3639934976|3650461696|sim_data_aaf7239b1c98d314|__AUTOMETRIC__
__AUTOMETRIC__|0.1.2|11032|crew_log_ceaf83e94b04c20e|0|1786389660.163|110.624|3.457|3088424960|3098898432|sim_data_aaf7239b1c98d314|__AUTOMETRIC__
__AUTOMETRIC__|0.1.2|11032|crew_log_ceaf83e94b04c20e|0|1786389661.167|101.140|3.161|2990882816|3001819136|sim_data_aaf7239b1c98d314|__AUTOMETRIC__
__AUTOMETRIC__|0.1.2|11032|crew_log_ceaf83e94b04c20e|0|1786389662.180|98.772|3.087|2985619456|2996178944|sim_data_aaf7239b1c98d314|__AUTOMETRIC__
__AUTOMETRIC__|0.1.2|11032|crew_log_ceaf83e94b04c20e|0|1786389663.194|98.570|3.080|2985660416|2996219904|sim_data_aaf7239b1c98d314|__AUTOMETRIC__
__AUTOMETRIC__|0.1.2|11032|crew_log_ceaf83e94b04c20e|0|1786389664.208|97.090|3.034|2987782144|2998239232|sim_data_aaf7239b1c98d314|__AUTOMETRIC__
__AUTOMETRIC__|0.1.2|11032|crew_log_ceaf83e94b04c20e|0|1786389665.223|101.578|3.174|2987667456|2998116352|sim_data_aaf7239b1c98d314|__AUTOMETRIC__
__AUTOMETRIC__|0.1.2|11032|crew_log_ceaf83e94b04c20e|0|1786389666.238|100.078|3.127|2987720704|2998169600|sim_data_aaf7239b1c98d314|__AUTOMETRIC__
__AUTOMETRIC__|0.1.2|11032|crew_log_ceaf83e94b04c20e|0|1786389667.253|100.117|3.129|2990583808|3001237504|sim_data_aaf7239b1c98d314|__AUTOMETRIC__
__AUTOMETRIC__|0.1.2|11032|crew_log_ceaf83e94b04c20e|0|1786389668.263|100.491|3.140|2990415872|3000864768|sim_data_aaf7239b1c98d314|__AUTOMETRIC__
__AUTOMETRIC__|0.1.2|11032|crew_log_ceaf83e94b04c20e|0|1786389669.274|100.485|3.140|2990432256|3000881152|sim_data_aaf7239b1c98d314|__AUTOMETRIC__
__AUTOMETRIC__|0.1.2|11032|crew_log_ceaf83e94b04c20e|0|1786389670.289|100.108|3.128|2990403584|3000852480|sim_data_aaf7239b1c98d314|__AUTOMETRIC__
__AUTOMETRIC__|0.1.2|11032|crew_log_ceaf83e94b04c20e|0|1786389671.302|97.129|3.035|2992951296|3003400192|sim_data_aaf7239b1c98d314|__AUTOMETRIC__
__AUTOMETRIC__|0.1.2|11032|crew_log_ceaf83e94b04c20e|0|1786389672.314|100.392|3.137|2993229824|3003678720|sim_data_aaf7239b1c98d314|__AUTOMETRIC__
__AUTOMETRIC__|0.1.2|11032|crew_log_ceaf83e94b04c20e|0|1786389673.315|99.841|3.120|2993258496|3003904000|sim_data_aaf7239b1c98d314|__AUTOMETRIC__
__AUTOMETRIC__|0.1.2|11032|crew_log_ceaf83e94b04c20e|0|1786389674.329|100.168|3.130|3504775168|3515551744|sim_data_aaf7239b1c98d314|__AUTOMETRIC__
__AUTOMETRIC__|0.1.2|11032|crew_log_ceaf83e94b04c20e|0|1786389675.345|106.180|3.318|3361157120|3371720704|sim_data_aaf7239b1c98d314|__AUTOMETRIC__
__AUTOMETRIC__|0.1.2|11032|crew_log_ceaf83e94b04c20e|0|1786389676.357|104.909|3.278|2931396608|2942832640|sim_data_aaf7239b1c98d314|__AUTOMETRIC__
__AUTOMETRIC__|0.1.2|11032|crew_log_ceaf83e94b04c20e|0|1786389677.364|99.316|3.104|2938150912|2949193728|sim_data_aaf7239b1c98d314|__AUTOMETRIC__
__AUTOMETRIC__|0.1.2|11032|crew_log_ceaf83e94b04c20e|0|1786389678.367|99.728|3.117|2937389056|2947678208|sim_data_aaf7239b1c98d314|__AUTOMETRIC__
__AUTOMETRIC__|0.1.2|11032|crew_log_ceaf83e94b04c20e|0|1786389679.367|99.959|3.124|2937135104|2947543040|sim_data_aaf7239b1c98d314|__AUTOMETRIC__
__AUTOMETRIC__|0.1.2|11032|crew_log_ceaf83e94b04c20e|0|1786389680.377|100.562|3.143|2939805696|2950094848|sim_data_aaf7239b1c98d314|__AUTOMETRIC__
__AUTOMETRIC__|0.1.2|11032|crew_log_ceaf83e94b04c20e|0|1786389681.391|100.170|3.130|2939912192|2950201344|sim_data_aaf7239b1c98d314|__AUTOMETRIC__
__AUTOMETRIC__|0.1.2|11032|crew_log_ceaf83e94b04c20e|0|1786389682.398|99.345|3.105|2939936768|2950344704|sim_data_aaf7239b1c98d314|__AUTOMETRIC__
__AUTOMETRIC__|0.1.2|11032|crew_log_ceaf83e94b04c20e|0|1786389683.412|100.135|3.129|2942476288|2952765440|sim_data_aaf7239b1c98d314|__AUTOMETRIC__
__AUTOMETRIC__|0.1.2|11032|crew_log_ceaf83e94b04c20e|0|1786389684.414|99.861|3.121|2942717952|2953007104|sim_data_aaf7239b1c98d314|__AUTOMETRIC__
__AUTOMETRIC__|0.1.2|11032|crew_log_ceaf83e94b04c20e|0|1786389685.415|99.825|3.120|2942742528|2953031680|sim_data_aaf7239b1c98d314|__AUTOMETRIC__
__AUTOMETRIC__|0.1.2|11032|crew_log_ceaf83e94b04c20e|0|1786389686.424|102.185|3.193|2945712128|2956009472|sim_data_aaf7239b1c98d314|__AUTOMETRIC__
__AUTOMETRIC__|0.1.2|11032|crew_log_ceaf83e94b04c20e|0|1786389687.433|100.699|3.147|2945458176|2955747328|sim_data_aaf7239b1c98d314|__AUTOMETRIC__
__AUTOMETRIC__|0.1.2|11032|crew_log_ceaf83e94b04c20e|0|1786389688.445|98.855|3.089|2945593344|2955882496|sim_data_aaf7239b1c98d314|__AUTOMETRIC__
__AUTOMETRIC__|0.1.2|11032|crew_log_ceaf83e94b04c20e|0|1786389689.457|100.300|3.134|2945634304|2955923456|sim_data_aaf7239b1c98d314|__AUTOMETRIC__
__AUTOMETRIC__|0.1.2|11032|crew_log_ceaf83e94b04c20e|0|1786389690.463|99.403|3.106|2945339392|2955628544|sim_data_aaf7239b1c98d314|__AUTOMETRIC__
__AUTOMETRIC__|0.1.2|11032|crew_log_ceaf83e94b04c20e|0|1786389691.465|99.804|3.119|2945339392|2955628544|sim_data_aaf7239b1c98d314|__AUTOMETRIC__
__AUTOMETRIC__|0.1.2|11032|crew_log_ceaf83e94b04c20e|0|1786389692.473|99.215|3.100|2945347584|2955636736|sim_data_aaf7239b1c98d314|__AUTOMETRIC__
__AUTOMETRIC__|0.1.2|11032|crew_log_ceaf83e94b04c20e|0|1786389693.483|99.031|3.095|3191283712|3201601536|sim_data_aaf7239b1c98d314|__AUTOMETRIC__
__AUTOMETRIC__|0.1.2|11032|crew_log_ceaf83e94b04c20e|0|1786389694.494|103.567|3.236|2906054656|2916601856|sim_data_aaf7239b1c98d314|__AUTOMETRIC__
__AUTOMETRIC__|0.1.2|11032|crew_log_ceaf83e94b04c20e|0|1786389695.504|102.121|3.191|3327250432|3337838592|sim_data_aaf7239b1c98d314|__AUTOMETRIC__
__AUTOMETRIC__|0.1.2|11032|crew_log_ceaf83e94b04c20e|0|1786389696.510|102.431|3.201|2968932352|2980749312|sim_data_aaf7239b1c98d314|__AUTOMETRIC__
__AUTOMETRIC__|0.1.2|11032|crew_log_ceaf83e94b04c20e|0|1786389697.519|100.673|3.146|2965757952|2976948224|sim_data_aaf7239b1c98d314|__AUTOMETRIC__
__AUTOMETRIC__|0.1.2|11032|crew_log_ceaf83e94b04c20e|0|1786389698.529|97.474|3.046|2964885504|2975477760|sim_data_aaf7239b1c98d314|__AUTOMETRIC__
__AUTOMETRIC__|0.1.2|11032|crew_log_ceaf83e94b04c20e|0|1786389699.542|100.235|3.132|2967797760|2978398208|sim_data_aaf7239b1c98d314|__AUTOMETRIC__
__AUTOMETRIC__|0.1.2|11032|crew_log_ceaf83e94b04c20e|0|1786389700.557|101.594|3.175|2967658496|2978250752|sim_data_aaf7239b1c98d314|__AUTOMETRIC__
__AUTOMETRIC__|0.1.2|11032|crew_log_ceaf83e94b04c20e|0|1786389701.562|101.071|3.158|2967711744|2978304000|sim_data_aaf7239b1c98d314|__AUTOMETRIC__
__AUTOMETRIC__|0.1.2|11032|crew_log_ceaf83e94b04c20e|0|1786389702.569|99.319|3.104|2970599424|2981318656|sim_data_aaf7239b1c98d314|__AUTOMETRIC__
__AUTOMETRIC__|0.1.2|11032|crew_log_ceaf83e94b04c20e|0|1786389703.581|98.846|3.089|2970451968|2981163008|sim_data_aaf7239b1c98d314|__AUTOMETRIC__
__AUTOMETRIC__|0.1.2|11032|crew_log_ceaf83e94b04c20e|0|1786389704.588|99.266|3.102|2970472448|2981183488|sim_data_aaf7239b1c98d314|__AUTOMETRIC__
__AUTOMETRIC__|0.1.2|11032|crew_log_ceaf83e94b04c20e|0|1786389705.595|99.313|3.104|2970423296|2981015552|sim_data_aaf7239b1c98d314|__AUTOMETRIC__
__AUTOMETRIC__|0.1.2|11032|crew_log_ceaf83e94b04c20e|0|1786389706.597|99.771|3.118|2973466624|2984067072|sim_data_aaf7239b1c98d314|__AUTOMETRIC__
__AUTOMETRIC__|0.1.2|11032|crew_log_ceaf83e94b04c20e|0|1786389707.606|99.162|3.099|2973302784|2983895040|sim_data_aaf7239b1c98d314|__AUTOMETRIC__
__AUTOMETRIC__|0.1.2|11032|crew_log_ceaf83e94b04c20e|0|1786389708.611|101.017|3.157|2973278208|2983989248|sim_data_aaf7239b1c98d314|__AUTOMETRIC__
__AUTOMETRIC__|0.1.2|11032|crew_log_ceaf83e94b04c20e|0|1786389709.617|97.876|3.059|3496148992|3507056640|sim_data_aaf7239b1c98d314|__AUTOMETRIC__
__AUTOMETRIC__|0.1.2|11032|crew_log_ceaf83e94b04c20e|0|1786389710.632|106.241|3.320|2950291456|2961014784|sim_data_aaf7239b1c98d314|__AUTOMETRIC__
__AUTOMETRIC__|0.1.2|11032|crew_log_ceaf83e94b04c20e|0|1786389711.633|99.842|3.120|2973163520|2984116224|sim_data_aaf7239b1c98d314|__AUTOMETRIC__
__AUTOMETRIC__|0.1.2|11032|crew_log_ceaf83e94b04c20e|0|1786389712.639|99.467|3.108|2969067520|2979639296|sim_data_aaf7239b1c98d314|__AUTOMETRIC__
__AUTOMETRIC__|0.1.2|11032|crew_log_ceaf83e94b04c20e|0|1786389713.643|101.136|3.160|2968190976|2978734080|sim_data_aaf7239b1c98d314|__AUTOMETRIC__
__AUTOMETRIC__|0.1.2|11032|crew_log_ceaf83e94b04c20e|0|1786389714.646|98.119|3.066|2971099136|2981650432|sim_data_aaf7239b1c98d314|__AUTOMETRIC__
__AUTOMETRIC__|0.1.2|11032|crew_log_ceaf83e94b04c20e|0|1786389715.655|99.128|3.098|2970906624|2981449728|sim_data_aaf7239b1c98d314|__AUTOMETRIC__
__AUTOMETRIC__|0.1.2|11032|crew_log_ceaf83e94b04c20e|0|1786389716.657|101.316|3.166|2970918912|2981462016|sim_data_aaf7239b1c98d314|__AUTOMETRIC__
__AUTOMETRIC__|0.1.2|11032|crew_log_ceaf83e94b04c20e|0|1786389717.662|99.524|3.110|2973843456|2984386560|sim_data_aaf7239b1c98d314|__AUTOMETRIC__
__AUTOMETRIC__|0.1.2|11032|crew_log_ceaf83e94b04c20e|0|1786389718.669|99.274|3.102|2973843456|2984386560|sim_data_aaf7239b1c98d314|__AUTOMETRIC__
__AUTOMETRIC__|0.1.2|11032|crew_log_ceaf83e94b04c20e|0|1786389719.675|101.034|3.157|2973851648|2984394752|sim_data_aaf7239b1c98d314|__AUTOMETRIC__
__AUTOMETRIC__|0.1.2|11032|crew_log_ceaf83e94b04c20e|0|1786389720.676|99.818|3.119|2976722944|2987274240|sim_data_aaf7239b1c98d314|__AUTOMETRIC__
__AUTOMETRIC__|0.1.2|11032|crew_log_ceaf83e94b04c20e|0|1786389721.682|99.455|3.108|2976575488|2987118592|sim_data_aaf7239b1c98d314|__AUTOMETRIC__
__AUTOMETRIC__|0.1.2|11032|crew_log_ceaf83e94b04c20e|0|1786389722.688|99.417|3.107|3186446336|3196989440|sim_data_aaf7239b1c98d314|__AUTOMETRIC__
__AUTOMETRIC__|0.1.2|11032|crew_log_ceaf83e94b04c20e|0|1786389723.690|107.534|3.360|3322474496|3333115904|sim_data_aaf7239b1c98d314|__AUTOMETRIC__
__AUTOMETRIC__|0.1.2|11032|crew_log_ceaf83e94b04c20e|0|1786389724.695|102.630|3.207|3030110208|3041058816|sim_data_aaf7239b1c98d314|__AUTOMETRIC__
__AUTOMETRIC__|0.1.2|11032|crew_log_ceaf83e94b04c20e|0|1786389725.698|98.186|3.068|3040608256|3051458560|sim_data_aaf7239b1c98d314|__AUTOMETRIC__
__AUTOMETRIC__|0.1.2|11032|crew_log_ceaf83e94b04c20e|0|1786389726.713|100.049|3.127|3040894976|3051745280|sim_data_aaf7239b1c98d314|__AUTOMETRIC__
__AUTOMETRIC__|0.1.2|11032|crew_log_ceaf83e94b04c20e|0|1786389727.727|100.183|3.131|3038109696|3048566784|sim_data_aaf7239b1c98d314|__AUTOMETRIC__
__AUTOMETRIC__|0.1.2|11032|crew_log_ceaf83e94b04c20e|0|1786389728.728|99.895|3.122|3040972800|3051438080|sim_data_aaf7239b1c98d314|__AUTOMETRIC__
__AUTOMETRIC__|0.1.2|11032|crew_log_ceaf83e94b04c20e|0|1786389729.737|99.112|3.097|3040813056|3051225088|sim_data_aaf7239b1c98d314|__AUTOMETRIC__
__AUTOMETRIC__|0.1.2|11032|crew_log_ceaf83e94b04c20e|0|1786389730.748|100.389|3.137|3040858112|3051270144|sim_data_aaf7239b1c98d314|__AUTOMETRIC__
__AUTOMETRIC__|0.1.2|11032|crew_log_ceaf83e94b04c20e|0|1786389731.754|99.408|3.107|3043749888|3054215168|sim_data_aaf7239b1c98d314|__AUTOMETRIC__
__AUTOMETRIC__|0.1.2|11032|crew_log_ceaf83e94b04c20e|0|1786389732.769|98.567|3.080|3043569664|3053981696|sim_data_aaf7239b1c98d314|__AUTOMETRIC__
__AUTOMETRIC__|0.1.2|11032|crew_log_ceaf83e94b04c20e|0|1786389733.784|101.628|3.176|3043586048|3053998080|sim_data_aaf7239b1c98d314|__AUTOMETRIC__
__AUTOMETRIC__|0.1.2|11032|crew_log_ceaf83e94b04c20e|0|1786389734.798|101.675|3.177|3043545088|3053957120|sim_data_aaf7239b1c98d314|__AUTOMETRIC__
__AUTOMETRIC__|0.1.2|11032|crew_log_ceaf83e94b04c20e|0|1786389735.812|100.114|3.129|3046146048|3056558080|sim_data_aaf7239b1c98d314|__AUTOMETRIC__
__AUTOMETRIC__|0.1.2|11032|crew_log_ceaf83e94b04c20e|0|1786389736.826|100.225|3.132|3046461440|3056918528|sim_data_aaf7239b1c98d314|__AUTOMETRIC__
__AUTOMETRIC__|0.1.2|11032|crew_log_ceaf83e94b04c20e|0|1786389737.831|99.447|3.108|3046416384|3056873472|sim_data_aaf7239b1c98d314|__AUTOMETRIC__
__AUTOMETRIC__|0.1.2|11032|crew_log_ceaf83e94b04c20e|0|1786389738.845|98.654|3.083|3577192448|3587825664|sim_data_aaf7239b1c98d314|__AUTOMETRIC__
__AUTOMETRIC__|0.1.2|11032|crew_log_ceaf83e94b04c20e|0|1786389739.848|110.600|3.456|3145101312|3155812352|sim_data_aaf7239b1c98d314|__AUTOMETRIC__
__AUTOMETRIC__|0.1.2|11032|crew_log_ceaf83e94b04c20e|0|1786389740.849|99.895|3.122|3165270016|3176517632|sim_data_aaf7239b1c98d314|__AUTOMETRIC__
__AUTOMETRIC__|0.1.2|11032|crew_log_ceaf83e94b04c20e|0|1786389741.851|99.769|3.118|3161604096|3172372480|sim_data_aaf7239b1c98d314|__AUTOMETRIC__
__AUTOMETRIC__|0.1.2|11032|crew_log_ceaf83e94b04c20e|0|1786389742.867|100.033|3.126|3161006080|3171536896|sim_data_aaf7239b1c98d314|__AUTOMETRIC__
__AUTOMETRIC__|0.1.2|11032|crew_log_ceaf83e94b04c20e|0|1786389743.871|97.966|3.061|3163561984|3174092800|sim_data_aaf7239b1c98d314|__AUTOMETRIC__
__AUTOMETRIC__|0.1.2|11032|crew_log_ceaf83e94b04c20e|0|1786389744.887|99.980|3.124|3163676672|3174207488|sim_data_aaf7239b1c98d314|__AUTOMETRIC__
__AUTOMETRIC__|0.1.2|11032|crew_log_ceaf83e94b04c20e|0|1786389745.902|100.093|3.128|3163680768|3174211584|sim_data_aaf7239b1c98d314|__AUTOMETRIC__
__AUTOMETRIC__|0.1.2|11032|crew_log_ceaf83e94b04c20e|0|1786389746.904|98.200|3.069|3166429184|3176947712|sim_data_aaf7239b1c98d314|__AUTOMETRIC__
__AUTOMETRIC__|0.1.2|11032|crew_log_ceaf83e94b04c20e|0|1786389747.918|98.700|3.084|3166478336|3177009152|sim_data_aaf7239b1c98d314|__AUTOMETRIC__
__AUTOMETRIC__|0.1.2|11032|crew_log_ceaf83e94b04c20e|0|1786389748.934|99.933|3.123|3169353728|3179896832|sim_data_aaf7239b1c98d314|__AUTOMETRIC__
__AUTOMETRIC__|0.1.2|11032|crew_log_ceaf83e94b04c20e|0|1786389749.949|100.040|3.126|3169222656|3179753472|sim_data_aaf7239b1c98d314|__AUTOMETRIC__
__AUTOMETRIC__|0.1.2|11032|crew_log_ceaf83e94b04c20e|0|1786389750.957|99.215|3.100|3169226752|3179757568|sim_data_aaf7239b1c98d314|__AUTOMETRIC__
__AUTOMETRIC__|0.1.2|11032|crew_log_ceaf83e94b04c20e|0|1786389751.958|99.942|3.123|3349008384|3359490048|sim_data_aaf7239b1c98d314|__AUTOMETRIC__
__AUTOMETRIC__|0.1.2|11032|crew_log_ceaf83e94b04c20e|0|1786389752.972|104.747|3.273|3758546944|3769438208|sim_data_aaf7239b1c98d314|__AUTOMETRIC__
__AUTOMETRIC__|0.1.2|11032|crew_log_ceaf83e94b04c20e|0|1786389753.973|110.764|3.461|2542067712|2553049088|sim_data_aaf7239b1c98d314|__AUTOMETRIC__
__AUTOMETRIC__|0.1.2|11032|crew_log_ceaf83e94b04c20e|0|1786389754.979|100.976|3.156|2538196992|2549231616|sim_data_aaf7239b1c98d314|__AUTOMETRIC__
__AUTOMETRIC__|0.1.2|11032|crew_log_ceaf83e94b04c20e|0|1786389755.994|100.112|3.128|2538496000|2549555200|sim_data_aaf7239b1c98d314|__AUTOMETRIC__
__AUTOMETRIC__|0.1.2|11032|crew_log_ceaf83e94b04c20e|0|1786389757.001|99.245|3.101|2536300544|2546892800|sim_data_aaf7239b1c98d314|__AUTOMETRIC__
__AUTOMETRIC__|0.1.2|11032|crew_log_ceaf83e94b04c20e|0|1786389758.009|100.747|3.148|2539048960|2549616640|sim_data_aaf7239b1c98d314|__AUTOMETRIC__
__AUTOMETRIC__|0.1.2|11032|crew_log_ceaf83e94b04c20e|0|1786389759.013|98.083|3.065|2539057152|2549649408|sim_data_aaf7239b1c98d314|__AUTOMETRIC__
__AUTOMETRIC__|0.1.2|11032|crew_log_ceaf83e94b04c20e|0|1786389760.028|100.071|3.127|2541940736|2552541184|sim_data_aaf7239b1c98d314|__AUTOMETRIC__
__AUTOMETRIC__|0.1.2|11032|crew_log_ceaf83e94b04c20e|0|1786389761.030|99.787|3.118|2541826048|2552393728|sim_data_aaf7239b1c98d314|__AUTOMETRIC__
__AUTOMETRIC__|0.1.2|11032|crew_log_ceaf83e94b04c20e|0|1786389762.035|99.513|3.110|2541858816|2552451072|sim_data_aaf7239b1c98d314|__AUTOMETRIC__
__AUTOMETRIC__|0.1.2|11032|crew_log_ceaf83e94b04c20e|0|1786389763.039|102.732|3.210|2544865280|2555465728|sim_data_aaf7239b1c98d314|__AUTOMETRIC__
__AUTOMETRIC__|0.1.2|11032|crew_log_ceaf83e94b04c20e|0|1786389764.040|99.916|3.122|2544701440|2555293696|sim_data_aaf7239b1c98d314|__AUTOMETRIC__
__AUTOMETRIC__|0.1.2|11032|crew_log_ceaf83e94b04c20e|0|1786389765.055|100.076|3.127|2544705536|2555297792|sim_data_aaf7239b1c98d314|__AUTOMETRIC__
__AUTOMETRIC__|0.1.2|11032|crew_log_ceaf83e94b04c20e|0|1786389766.059|99.539|3.111|3207368704|3218309120|sim_data_aaf7239b1c98d314|__AUTOMETRIC__
__AUTOMETRIC__|0.1.2|11032|crew_log_ceaf83e94b04c20e|0|1786389767.061|107.657|3.364|2755862528|2766942208|sim_data_aaf7239b1c98d314|__AUTOMETRIC__
__AUTOMETRIC__|0.1.2|11032|crew_log_ceaf83e94b04c20e|0|1786389768.063|101.301|3.166|2780217344|2791378944|sim_data_aaf7239b1c98d314|__AUTOMETRIC__
__AUTOMETRIC__|0.1.2|11032|crew_log_ceaf83e94b04c20e|0|1786389769.069|100.995|3.156|2778705920|2789584896|sim_data_aaf7239b1c98d314|__AUTOMETRIC__
__AUTOMETRIC__|0.1.2|11032|crew_log_ceaf83e94b04c20e|0|1786389770.072|99.646|3.114|2778734592|2789629952|sim_data_aaf7239b1c98d314|__AUTOMETRIC__
__AUTOMETRIC__|0.1.2|11032|crew_log_ceaf83e94b04c20e|0|1786389771.078|99.455|3.108|2781212672|2792005632|sim_data_aaf7239b1c98d314|__AUTOMETRIC__
__AUTOMETRIC__|0.1.2|11032|crew_log_ceaf83e94b04c20e|0|1786389772.079|99.932|3.123|2781061120|2791841792|sim_data_aaf7239b1c98d314|__AUTOMETRIC__
__AUTOMETRIC__|0.1.2|11032|crew_log_ceaf83e94b04c20e|0|1786389773.087|100.746|3.148|2781073408|2791854080|sim_data_aaf7239b1c98d314|__AUTOMETRIC__
__AUTOMETRIC__|0.1.2|11032|crew_log_ceaf83e94b04c20e|0|1786389774.101|95.475|2.984|2783993856|2794782720|sim_data_aaf7239b1c98d314|__AUTOMETRIC__
__AUTOMETRIC__|0.1.2|11032|crew_log_ceaf83e94b04c20e|0|1786389775.101|98.421|3.076|2783907840|2794672128|sim_data_aaf7239b1c98d314|__AUTOMETRIC__
__AUTOMETRIC__|0.1.2|11032|crew_log_ceaf83e94b04c20e|0|1786389776.107|99.438|3.107|2783920128|2794700800|sim_data_aaf7239b1c98d314|__AUTOMETRIC__
__AUTOMETRIC__|0.1.2|11032|crew_log_ceaf83e94b04c20e|0|1786389777.118|100.482|3.140|2786791424|2797580288|sim_data_aaf7239b1c98d314|__AUTOMETRIC__
__AUTOMETRIC__|0.1.2|11032|crew_log_ceaf83e94b04c20e|0|1786389778.128|97.483|3.046|2786639872|2797420544|sim_data_aaf7239b1c98d314|__AUTOMETRIC__
__AUTOMETRIC__|0.1.2|11032|crew_log_ceaf83e94b04c20e|0|1786389779.136|97.624|3.051|2786648064|2797428736|sim_data_aaf7239b1c98d314|__AUTOMETRIC__
__AUTOMETRIC__|0.1.2|11032|crew_log_ceaf83e94b04c20e|0|1786389780.152|99.981|3.124|3197419520|3208351744|sim_data_aaf7239b1c98d314|__AUTOMETRIC__
__AUTOMETRIC__|0.1.2|11032|crew_log_ceaf83e94b04c20e|0|1786389781.168|106.130|3.317|2925248512|2935767040|sim_data_aaf7239b1c98d314|__AUTOMETRIC__
__AUTOMETRIC__|0.1.2|11032|crew_log_ceaf83e94b04c20e|0|1786389782.178|100.563|3.143|2963628032|2974597120|sim_data_aaf7239b1c98d314|__AUTOMETRIC__
__AUTOMETRIC__|0.1.2|11032|crew_log_ceaf83e94b04c20e|0|1786389783.187|99.049|3.095|2960580608|2971525120|sim_data_aaf7239b1c98d314|__AUTOMETRIC__
__AUTOMETRIC__|0.1.2|11032|crew_log_ceaf83e94b04c20e|0|1786389784.199|100.413|3.138|2960719872|2971664384|sim_data_aaf7239b1c98d314|__AUTOMETRIC__
__AUTOMETRIC__|0.1.2|11032|crew_log_ceaf83e94b04c20e|0|1786389785.213|98.536|3.079|2957774848|2968293376|sim_data_aaf7239b1c98d314|__AUTOMETRIC__
__AUTOMETRIC__|0.1.2|11032|crew_log_ceaf83e94b04c20e|0|1786389786.229|100.041|3.126|2960687104|2971213824|sim_data_aaf7239b1c98d314|__AUTOMETRIC__
__AUTOMETRIC__|0.1.2|11032|crew_log_ceaf83e94b04c20e|0|1786389787.236|99.292|3.103|2960515072|2971033600|sim_data_aaf7239b1c98d314|__AUTOMETRIC__
__AUTOMETRIC__|0.1.2|11032|crew_log_ceaf83e94b04c20e|0|1786389788.245|102.215|3.194|2960535552|2971054080|sim_data_aaf7239b1c98d314|__AUTOMETRIC__
__AUTOMETRIC__|0.1.2|11032|crew_log_ceaf83e94b04c20e|0|1786389789.246|98.325|3.073|2963406848|2973933568|sim_data_aaf7239b1c98d314|__AUTOMETRIC__
__AUTOMETRIC__|0.1.2|11032|crew_log_ceaf83e94b04c20e|0|1786389790.249|99.700|3.116|2963124224|2973642752|sim_data_aaf7239b1c98d314|__AUTOMETRIC__
__AUTOMETRIC__|0.1.2|11032|crew_log_ceaf83e94b04c20e|0|1786389791.252|101.211|3.163|2963267584|2973786112|sim_data_aaf7239b1c98d314|__AUTOMETRIC__
__AUTOMETRIC__|0.1.2|11032|crew_log_ceaf83e94b04c20e|0|1786389792.255|101.277|3.165|2963243008|2973761536|sim_data_aaf7239b1c98d314|__AUTOMETRIC__
__AUTOMETRIC__|0.1.2|11032|crew_log_ceaf83e94b04c20e|0|1786389793.262|99.341|3.104|2966294528|2976821248|sim_data_aaf7239b1c98d314|__AUTOMETRIC__
__AUTOMETRIC__|0.1.2|11032|crew_log_ceaf83e94b04c20e|0|1786389794.263|99.905|3.122|2966122496|2976641024|sim_data_aaf7239b1c98d314|__AUTOMETRIC__
__AUTOMETRIC__|0.1.2|11032|crew_log_ceaf83e94b04c20e|0|1786389795.278|100.072|3.127|2966134784|2976653312|sim_data_aaf7239b1c98d314|__AUTOMETRIC__
__AUTOMETRIC__|0.1.2|11032|crew_log_ceaf83e94b04c20e|0|1786389796.279|99.853|3.120|2966114304|2976632832|sim_data_aaf7239b1c98d314|__AUTOMETRIC__
__AUTOMETRIC__|0.1.2|11032|crew_log_ceaf83e94b04c20e|0|1786389797.293|100.156|3.130|3422404608|3432931328|sim_data_aaf7239b1c98d314|__AUTOMETRIC__
__AUTOMETRIC__|0.1.2|11032|crew_log_ceaf83e94b04c20e|0|1786389798.299|105.599|3.300|3324747776|3335577600|sim_data_aaf7239b1c98d314|__AUTOMETRIC__
__AUTOMETRIC__|0.1.2|11032|crew_log_ceaf83e94b04c20e|0|1786389799.305|107.240|3.351|2925887488|2936934400|sim_data_aaf7239b1c98d314|__AUTOMETRIC__
__AUTOMETRIC__|0.1.2|11032|crew_log_ceaf83e94b04c20e|0|1786389800.309|99.522|3.110|2938716160|2949701632|sim_data_aaf7239b1c98d314|__AUTOMETRIC__
__AUTOMETRIC__|0.1.2|11032|crew_log_ceaf83e94b04c20e|0|1786389801.325|100.014|3.125|2938155008|2948845568|sim_data_aaf7239b1c98d314|__AUTOMETRIC__
__AUTOMETRIC__|0.1.2|11032|crew_log_ceaf83e94b04c20e|0|1786389802.330|101.099|3.159|2941091840|2951680000|sim_data_aaf7239b1c98d314|__AUTOMETRIC__
__AUTOMETRIC__|0.1.2|11032|crew_log_ceaf83e94b04c20e|0|1786389803.330|99.980|3.124|2941108224|2951696384|sim_data_aaf7239b1c98d314|__AUTOMETRIC__
__AUTOMETRIC__|0.1.2|11032|crew_log_ceaf83e94b04c20e|0|1786389804.330|99.969|3.124|2941100032|2951757824|sim_data_aaf7239b1c98d314|__AUTOMETRIC__
__AUTOMETRIC__|0.1.2|11032|crew_log_ceaf83e94b04c20e|0|1786389805.332|99.787|3.118|2944118784|2954784768|sim_data_aaf7239b1c98d314|__AUTOMETRIC__
__AUTOMETRIC__|0.1.2|11032|crew_log_ceaf83e94b04c20e|0|1786389806.335|101.295|3.165|2943975424|2954633216|sim_data_aaf7239b1c98d314|__AUTOMETRIC__
__AUTOMETRIC__|0.1.2|11032|crew_log_ceaf83e94b04c20e|0|1786389807.348|100.227|3.132|2943983616|2954571776|sim_data_aaf7239b1c98d314|__AUTOMETRIC__
__AUTOMETRIC__|0.1.2|11032|crew_log_ceaf83e94b04c20e|0|1786389808.363|98.559|3.080|2946871296|2957537280|sim_data_aaf7239b1c98d314|__AUTOMETRIC__
__AUTOMETRIC__|0.1.2|11032|crew_log_ceaf83e94b04c20e|0|1786389809.363|99.991|3.125|2946678784|2957266944|sim_data_aaf7239b1c98d314|__AUTOMETRIC__
__AUTOMETRIC__|0.1.2|11032|crew_log_ceaf83e94b04c20e|0|1786389810.377|101.642|3.176|2946678784|2957336576|sim_data_aaf7239b1c98d314|__AUTOMETRIC__
__AUTOMETRIC__|0.1.2|11032|crew_log_ceaf83e94b04c20e|0|1786389811.381|104.303|3.259|3012349952|3023142912|sim_data_aaf7239b1c98d314|__AUTOMETRIC__
__AUTOMETRIC__|0.1.2|11032|crew_log_ceaf83e94b04c20e|0|1786389812.391|105.224|3.288|3055738880|3066306560|sim_data_aaf7239b1c98d314|__AUTOMETRIC__
__AUTOMETRIC__|0.1.2|11032|crew_log_ceaf83e94b04c20e|0|1786389813.392|99.933|3.123|3090108416|3101466624|sim_data_aaf7239b1c98d314|__AUTOMETRIC__
__AUTOMETRIC__|0.1.2|11032|crew_log_ceaf83e94b04c20e|0|1786389814.395|99.641|3.114|3087978496|3098910720|sim_data_aaf7239b1c98d314|__AUTOMETRIC__
__AUTOMETRIC__|0.1.2|11032|crew_log_ceaf83e94b04c20e|0|1786389815.410|98.558|3.080|3084955648|3095531520|sim_data_aaf7239b1c98d314|__AUTOMETRIC__
__AUTOMETRIC__|0.1.2|11032|crew_log_ceaf83e94b04c20e|0|1786389816.425|100.029|3.126|3084689408|3095265280|sim_data_aaf7239b1c98d314|__AUTOMETRIC__
__AUTOMETRIC__|0.1.2|11032|crew_log_ceaf83e94b04c20e|0|1786389817.427|99.767|3.118|3087605760|3098189824|sim_data_aaf7239b1c98d314|__AUTOMETRIC__
__AUTOMETRIC__|0.1.2|11032|crew_log_ceaf83e94b04c20e|0|1786389818.441|98.682|3.084|3087446016|3098021888|sim_data_aaf7239b1c98d314|__AUTOMETRIC__
__AUTOMETRIC__|0.1.2|11032|crew_log_ceaf83e94b04c20e|0|1786389819.442|101.400|3.169|3090370560|3100954624|sim_data_aaf7239b1c98d314|__AUTOMETRIC__
__AUTOMETRIC__|0.1.2|11032|crew_log_ceaf83e94b04c20e|0|1786389820.446|99.598|3.112|3090173952|3100749824|sim_data_aaf7239b1c98d314|__AUTOMETRIC__
__AUTOMETRIC__|0.1.2|11032|crew_log_ceaf83e94b04c20e|0|1786389821.449|99.756|3.117|3090214912|3100790784|sim_data_aaf7239b1c98d314|__AUTOMETRIC__
__AUTOMETRIC__|0.1.2|11032|crew_log_ceaf83e94b04c20e|0|1786389822.454|99.462|3.108|3093155840|3103731712|sim_data_aaf7239b1c98d314|__AUTOMETRIC__
__AUTOMETRIC__|0.1.2|11032|crew_log_ceaf83e94b04c20e|0|1786389823.465|100.533|3.142|3092992000|3103559680|sim_data_aaf7239b1c98d314|__AUTOMETRIC__
__AUTOMETRIC__|0.1.2|11032|crew_log_ceaf83e94b04c20e|0|1786389824.467|99.727|3.116|3093041152|3103600640|sim_data_aaf7239b1c98d314|__AUTOMETRIC__
__AUTOMETRIC__|0.1.2|11032|crew_log_ceaf83e94b04c20e|0|1786389825.469|98.313|3.072|3401289728|3411881984|sim_data_aaf7239b1c98d314|__AUTOMETRIC__
__AUTOMETRIC__|0.1.2|11032|crew_log_ceaf83e94b04c20e|0|1786389826.470|107.607|3.363|3762171904|3773005824|sim_data_aaf7239b1c98d314|__AUTOMETRIC__
__AUTOMETRIC__|0.1.2|11032|crew_log_ceaf83e94b04c20e|0|1786389827.473|112.259|3.508|2486571008|2497597440|sim_data_aaf7239b1c98d314|__AUTOMETRIC__
__AUTOMETRIC__|0.1.2|11032|crew_log_ceaf83e94b04c20e|0|1786389828.476|99.673|3.115|2492542976|2503598080|sim_data_aaf7239b1c98d314|__AUTOMETRIC__
__AUTOMETRIC__|0.1.2|11032|crew_log_ceaf83e94b04c20e|0|1786389829.481|99.502|3.109|2491293696|2501885952|sim_data_aaf7239b1c98d314|__AUTOMETRIC__
__AUTOMETRIC__|0.1.2|11032|crew_log_ceaf83e94b04c20e|0|1786389830.486|99.455|3.108|2490941440|2501574656|sim_data_aaf7239b1c98d314|__AUTOMETRIC__
__AUTOMETRIC__|0.1.2|11032|crew_log_ceaf83e94b04c20e|0|1786389831.493|99.375|3.105|2493513728|2504105984|sim_data_aaf7239b1c98d314|__AUTOMETRIC__
__AUTOMETRIC__|0.1.2|11032|crew_log_ceaf83e94b04c20e|0|1786389832.505|100.313|3.135|2493759488|2504351744|sim_data_aaf7239b1c98d314|__AUTOMETRIC__
__AUTOMETRIC__|0.1.2|11032|crew_log_ceaf83e94b04c20e|0|1786389833.508|98.142|3.067|2493771776|2504364032|sim_data_aaf7239b1c98d314|__AUTOMETRIC__
__AUTOMETRIC__|0.1.2|11032|crew_log_ceaf83e94b04c20e|0|1786389834.513|99.544|3.111|2496757760|2507358208|sim_data_aaf7239b1c98d314|__AUTOMETRIC__
__AUTOMETRIC__|0.1.2|11032|crew_log_ceaf83e94b04c20e|0|1786389835.516|99.661|3.114|2496589824|2507182080|sim_data_aaf7239b1c98d314|__AUTOMETRIC__
__AUTOMETRIC__|0.1.2|11032|crew_log_ceaf83e94b04c20e|0|1786389836.520|101.175|3.162|2496598016|2507231232|sim_data_aaf7239b1c98d314|__AUTOMETRIC__
__AUTOMETRIC__|0.1.2|11032|crew_log_ceaf83e94b04c20e|0|1786389837.526|99.393|3.106|2499489792|2510131200|sim_data_aaf7239b1c98d314|__AUTOMETRIC__
__AUTOMETRIC__|0.1.2|11032|crew_log_ceaf83e94b04c20e|0|1786389838.532|99.419|3.107|2499346432|2509938688|sim_data_aaf7239b1c98d314|__AUTOMETRIC__
__AUTOMETRIC__|0.1.2|11032|crew_log_ceaf83e94b04c20e|0|1786389839.533|101.422|3.169|2499362816|2509996032|sim_data_aaf7239b1c98d314|__AUTOMETRIC__
__AUTOMETRIC__|0.1.2|11032|crew_log_ceaf83e94b04c20e|0|1786389840.547|101.706|3.178|2770751488|2781421568|sim_data_aaf7239b1c98d314|__AUTOMETRIC__
__AUTOMETRIC__|0.1.2|11032|crew_log_ceaf83e94b04c20e|0|1786389841.564|104.523|3.266|2694627328|2704769024|sim_data_aaf7239b1c98d314|__AUTOMETRIC__
__AUTOMETRIC__|0.1.2|11032|crew_log_ceaf83e94b04c20e|0|1786389842.565|104.554|3.267|2667175936|2676932608|sim_data_aaf7239b1c98d314|__AUTOMETRIC__
__AUTOMETRIC__|0.1.2|11032|crew_log_ceaf83e94b04c20e|0|1786389843.579|107.850|3.370|2710302720|2720055296|sim_data_aaf7239b1c98d314|__AUTOMETRIC__
__AUTOMETRIC__|0.1.2|11032|crew_log_ceaf83e94b04c20e|0|1786389844.581|104.503|3.266|2785935360|2795655168|sim_data_aaf7239b1c98d314|__AUTOMETRIC__
__AUTOMETRIC__|0.1.2|11032|crew_log_ceaf83e94b04c20e|0|1786389845.586|102.642|3.208|2949165056|2958970880|sim_data_aaf7239b1c98d314|__AUTOMETRIC__
__AUTOMETRIC__|0.1.2|11032|crew_log_ceaf83e94b04c20e|0|1786389846.596|100.573|3.143|3151765504|3161567232|sim_data_aaf7239b1c98d314|__AUTOMETRIC__
__AUTOMETRIC__|0.1.2|11032|crew_log_ceaf83e94b04c20e|0|1786389847.600|104.223|3.257|2768994304|2778853376|sim_data_aaf7239b1c98d314|__AUTOMETRIC__
__AUTOMETRIC__|0.1.2|11032|crew_log_ceaf83e94b04c20e|0|1786389848.614|101.727|3.179|2965954560|2975797248|sim_data_aaf7239b1c98d314|__AUTOMETRIC__
__AUTOMETRIC__|0.1.2|11032|crew_log_ceaf83e94b04c20e|0|1786389849.618|101.093|3.159|3105460224|3115126784|sim_data_aaf7239b1c98d314|__AUTOMETRIC__
__AUTOMETRIC__|0.1.2|11032|crew_log_ceaf83e94b04c20e|0|1786389850.633|101.596|3.175|3113046016|3122716672|sim_data_aaf7239b1c98d314|__AUTOMETRIC__
__AUTOMETRIC__|0.1.2|11032|crew_log_ceaf83e94b04c20e|0|1786389851.638|105.778|3.306|3147800576|3157569536|sim_data_aaf7239b1c98d314|__AUTOMETRIC__
__AUTOMETRIC__|0.1.2|11032|crew_log_ceaf83e94b04c20e|0|1786389852.642|104.266|3.258|3149373440|3159060480|sim_data_aaf7239b1c98d314|__AUTOMETRIC__
__AUTOMETRIC__|0.1.2|11032|crew_log_ceaf83e94b04c20e|0|1786389853.648|105.589|3.300|3179913216|3189583872|sim_data_aaf7239b1c98d314|__AUTOMETRIC__
__AUTOMETRIC__|0.1.2|11032|crew_log_ceaf83e94b04c20e|0|1786389854.653|102.667|3.208|3079495680|3089154048|sim_data_aaf7239b1c98d314|__AUTOMETRIC__
__AUTOMETRIC__|0.1.2|11032|crew_log_ceaf83e94b04c20e|0|1786389855.661|103.788|3.243|3015528448|3025211392|sim_data_aaf7239b1c98d314|__AUTOMETRIC__
__AUTOMETRIC__|0.1.2|11032|crew_log_ceaf83e94b04c20e|0|1786389856.664|102.810|3.213|3017728000|3027423232|sim_data_aaf7239b1c98d314|__AUTOMETRIC__
__AUTOMETRIC__|0.1.2|11032|crew_log_ceaf83e94b04c20e|0|1786389857.679|101.629|3.176|3018588160|3028295680|sim_data_aaf7239b1c98d314|__AUTOMETRIC__
__AUTOMETRIC__|0.1.2|11032|crew_log_ceaf83e94b04c20e|0|1786389858.693|104.797|3.275|2902769664|2912583680|sim_data_aaf7239b1c98d314|__AUTOMETRIC__
__AUTOMETRIC__|0.1.2|11032|crew_log_ceaf83e94b04c20e|0|1786389859.695|102.923|3.216|3019321344|3029164032|sim_data_aaf7239b1c98d314|__AUTOMETRIC__
__AUTOMETRIC__|0.1.2|11032|crew_log_ceaf83e94b04c20e|0|1786389860.706|98.922|3.091|3020914688|3030646784|sim_data_aaf7239b1c98d314|__AUTOMETRIC__
__AUTOMETRIC__|0.1.2|11032|crew_log_ceaf83e94b04c20e|0|1786389861.707|103.004|3.219|3019354112|3029094400|sim_data_aaf7239b1c98d314|__AUTOMETRIC__
__AUTOMETRIC__|0.1.2|11032|crew_log_ceaf83e94b04c20e|0|1786389862.719|97.255|3.039|3021508608|3031248896|sim_data_aaf7239b1c98d314|__AUTOMETRIC__
__AUTOMETRIC__|0.1.2|11032|crew_log_ceaf83e94b04c20e|0|1786389863.720|103.000|3.219|3470811136|3480715264|sim_data_aaf7239b1c98d314|__AUTOMETRIC__
__AUTOMETRIC__|0.1.2|11032|crew_log_ceaf83e94b04c20e|0|1786389864.726|102.550|3.205|3652882432|3663028224|sim_data_aaf7239b1c98d314|__AUTOMETRIC__
__AUTOMETRIC__|0.1.2|11032|crew_log_ceaf83e94b04c20e|0|1786389865.729|104.409|3.263|3639496704|3649904640|sim_data_aaf7239b1c98d314|__AUTOMETRIC__
__AUTOMETRIC__|0.1.2|11032|crew_log_ceaf83e94b04c20e|0|1786389866.744|109.272|3.415|3126968320|3137191936|sim_data_aaf7239b1c98d314|__AUTOMETRIC__
__AUTOMETRIC__|0.1.2|11032|crew_log_ceaf83e94b04c20e|0|1786389867.746|99.790|3.118|3645530112|3655688192|sim_data_aaf7239b1c98d314|__AUTOMETRIC__
__AUTOMETRIC__|0.1.2|11032|crew_log_ceaf83e94b04c20e|0|1786389868.753|107.086|3.346|3278508032|3288715264|sim_data_aaf7239b1c98d314|__AUTOMETRIC__
__AUTOMETRIC__|0.1.2|11032|crew_log_ceaf83e94b04c20e|0|1786389869.755|102.927|3.216|3640725504|3650953216|sim_data_aaf7239b1c98d314|__AUTOMETRIC__
__AUTOMETRIC__|0.1.2|11032|crew_log_ceaf83e94b04c20e|0|1786389870.758|102.808|3.213|3580022784|3590266880|sim_data_aaf7239b1c98d314|__AUTOMETRIC__
__AUTOMETRIC__|0.1.2|11032|crew_log_ceaf83e94b04c20e|0|1786389871.760|106.044|3.314|2862972928|2873184256|sim_data_aaf7239b1c98d314|__AUTOMETRIC__
__AUTOMETRIC__|0.1.2|11032|crew_log_ceaf83e94b04c20e|0|1786389872.764|99.621|3.113|3590078464|3600326656|sim_data_aaf7239b1c98d314|__AUTOMETRIC__
__AUTOMETRIC__|0.1.2|11032|crew_log_ceaf83e94b04c20e|0|1786389873.767|107.413|3.357|3102134272|3112394752|sim_data_aaf7239b1c98d314|__AUTOMETRIC__
__AUTOMETRIC__|0.1.2|11032|crew_log_ceaf83e94b04c20e|0|1786389874.776|100.702|3.147|3662499840|3672702976|sim_data_aaf7239b1c98d314|__AUTOMETRIC__
__AUTOMETRIC__|0.1.2|11032|crew_log_ceaf83e94b04c20e|0|1786389875.787|105.058|3.283|3404328960|3414597632|sim_data_aaf7239b1c98d314|__AUTOMETRIC__
__AUTOMETRIC__|0.1.2|11032|crew_log_ceaf83e94b04c20e|0|1786389876.790|104.397|3.262|2954792960|2965012480|sim_data_aaf7239b1c98d314|__AUTOMETRIC__
__AUTOMETRIC__|0.1.2|11032|crew_log_ceaf83e94b04c20e|0|1786389877.795|99.462|3.108|3648176128|3658387456|sim_data_aaf7239b1c98d314|__AUTOMETRIC__
__AUTOMETRIC__|0.1.2|11032|crew_log_ceaf83e94b04c20e|0|1786389878.805|103.697|3.241|3351953408|3362238464|sim_data_aaf7239b1c98d314|__AUTOMETRIC__
__AUTOMETRIC__|0.1.2|11032|crew_log_ceaf83e94b04c20e|0|1786389879.811|107.172|3.349|2855878656|2866098176|sim_data_aaf7239b1c98d314|__AUTOMETRIC__
__AUTOMETRIC__|0.1.2|11032|crew_log_ceaf83e94b04c20e|0|1786389880.817|99.399|3.106|3648937984|3659157504|sim_data_aaf7239b1c98d314|__AUTOMETRIC__
__AUTOMETRIC__|0.1.2|11032|crew_log_ceaf83e94b04c20e|0|1786389881.826|99.076|3.096|3322638336|3332894720|sim_data_aaf7239b1c98d314|__AUTOMETRIC__
__AUTOMETRIC__|0.1.2|11032|crew_log_ceaf83e94b04c20e|0|1786389882.837|102.059|3.189|3341733888|3352092672|sim_data_aaf7239b1c98d314|__AUTOMETRIC__
__AUTOMETRIC__|0.1.2|11032|crew_log_ceaf83e94b04c20e|0|1786389883.842|102.541|3.204|3652145152|3662397440|sim_data_aaf7239b1c98d314|__AUTOMETRIC__
__AUTOMETRIC__|0.1.2|11032|crew_log_ceaf83e94b04c20e|0|1786389884.854|101.910|3.185|3649847296|3660091392|sim_data_aaf7239b1c98d314|__AUTOMETRIC__
__AUTOMETRIC__|0.1.2|11032|crew_log_ceaf83e94b04c20e|0|1786389885.858|102.712|3.210|3150086144|3160350720|sim_data_aaf7239b1c98d314|__AUTOMETRIC__
__AUTOMETRIC__|0.1.2|11032|crew_log_ceaf83e94b04c20e|0|1786389886.864|108.735|3.398|2565435392|2575523840|sim_data_aaf7239b1c98d314|__AUTOMETRIC__
__AUTOMETRIC__|0.1.2|11032|crew_log_ceaf83e94b04c20e|0|1786389887.871|99.281|3.103|3341086720|3351515136|sim_data_aaf7239b1c98d314|__AUTOMETRIC__
__AUTOMETRIC__|0.1.2|11032|crew_log_ceaf83e94b04c20e|0|1786389888.881|102.184|3.193|3337158656|3347509248|sim_data_aaf7239b1c98d314|__AUTOMETRIC__
__AUTOMETRIC__|0.1.2|11032|crew_log_ceaf83e94b04c20e|0|1786389889.887|102.508|3.203|3539460096|3549683712|sim_data_aaf7239b1c98d314|__AUTOMETRIC__
__AUTOMETRIC__|0.1.2|11032|crew_log_ceaf83e94b04c20e|0|1786389890.898|100.434|3.139|3645366272|3655598080|sim_data_aaf7239b1c98d314|__AUTOMETRIC__
__AUTOMETRIC__|0.1.2|11032|crew_log_ceaf83e94b04c20e|0|1786389891.910|98.833|3.089|3640311808|3650473984|sim_data_aaf7239b1c98d314|__AUTOMETRIC__
__AUTOMETRIC__|0.1.2|11032|crew_log_ceaf83e94b04c20e|0|1786389892.914|105.834|3.307|3197423616|3210018816|sim_data_aaf7239b1c98d314|__AUTOMETRIC__
__AUTOMETRIC__|0.1.2|11032|crew_log_ceaf83e94b04c20e|0|1786389893.925|98.855|3.089|3643740160|3653971968|sim_data_aaf7239b1c98d314|__AUTOMETRIC__
__AUTOMETRIC__|0.1.2|11032|crew_log_ceaf83e94b04c20e|0|1786389894.937|106.511|3.328|3421790208|3432001536|sim_data_aaf7239b1c98d314|__AUTOMETRIC__
__AUTOMETRIC__|0.1.2|11032|crew_log_ceaf83e94b04c20e|0|1786389895.946|108.430|3.388|2969452544|2979581952|sim_data_aaf7239b1c98d314|__AUTOMETRIC__
__AUTOMETRIC__|0.1.2|11032|crew_log_ceaf83e94b04c20e|0|1786389896.960|100.183|3.131|3647361024|3657564160|sim_data_aaf7239b1c98d314|__AUTOMETRIC__
__AUTOMETRIC__|0.1.2|11032|crew_log_ceaf83e94b04c20e|0|1786389897.972|103.424|3.232|3246505984|3256766464|sim_data_aaf7239b1c98d314|__AUTOMETRIC__
__AUTOMETRIC__|0.1.2|11032|crew_log_ceaf83e94b04c20e|0|1786389898.977|101.063|3.158|3641491456|3651874816|sim_data_aaf7239b1c98d314|__AUTOMETRIC__
__AUTOMETRIC__|0.1.2|11032|crew_log_ceaf83e94b04c20e|0|1786389899.977|101.532|3.173|3632754688|3643105280|sim_data_aaf7239b1c98d314|__AUTOMETRIC__
__AUTOMETRIC__|0.1.2|11032|crew_log_ceaf83e94b04c20e|0|1786389900.984|105.522|3.298|3155382272|3165659136|sim_data_aaf7239b1c98d314|__AUTOMETRIC__
__AUTOMETRIC__|0.1.2|11032|crew_log_ceaf83e94b04c20e|0|1786389901.993|97.609|3.050|3654692864|3664953344|sim_data_aaf7239b1c98d314|__AUTOMETRIC__
__AUTOMETRIC__|0.1.2|11032|crew_log_ceaf83e94b04c20e|0|1786389902.998|102.560|3.205|3557793792|3568128000|sim_data_aaf7239b1c98d314|__AUTOMETRIC__
__AUTOMETRIC__|0.1.2|11032|crew_log_ceaf83e94b04c20e|0|1786389904.013|104.708|3.272|3177492480|3187847168|sim_data_aaf7239b1c98d314|__AUTOMETRIC__
__AUTOMETRIC__|0.1.2|11032|crew_log_ceaf83e94b04c20e|0|1786389905.026|108.004|3.375|2627321856|2637635584|sim_data_aaf7239b1c98d314|__AUTOMETRIC__
__AUTOMETRIC__|0.1.2|11032|crew_log_ceaf83e94b04c20e|0|1786389906.039|98.663|3.083|3401134080|3411464192|sim_data_aaf7239b1c98d314|__AUTOMETRIC__
__AUTOMETRIC__|0.1.2|11032|crew_log_ceaf83e94b04c20e|0|1786389907.049|105.175|3.287|2972315648|2982596608|sim_data_aaf7239b1c98d314|__AUTOMETRIC__
__AUTOMETRIC__|0.1.2|11032|crew_log_ceaf83e94b04c20e|0|1786389908.058|102.275|3.196|3647238144|3657547776|sim_data_aaf7239b1c98d314|__AUTOMETRIC__
__AUTOMETRIC__|0.1.2|11032|crew_log_ceaf83e94b04c20e|0|1786389909.066|100.730|3.148|3648372736|3658665984|sim_data_aaf7239b1c98d314|__AUTOMETRIC__
__AUTOMETRIC__|0.1.2|11032|crew_log_ceaf83e94b04c20e|0|1786389910.072|107.142|3.348|3120185344|3130343424|sim_data_aaf7239b1c98d314|__AUTOMETRIC__
__AUTOMETRIC__|0.1.2|11032|crew_log_ceaf83e94b04c20e|0|1786389911.075|99.733|3.117|3637907456|3648114688|sim_data_aaf7239b1c98d314|__AUTOMETRIC__
__AUTOMETRIC__|0.1.2|11032|crew_log_ceaf83e94b04c20e|0|1786389912.075|106.232|3.320|3227082752|3237265408|sim_data_aaf7239b1c98d314|__AUTOMETRIC__
__AUTOMETRIC__|0.1.2|11032|crew_log_ceaf83e94b04c20e|0|1786389913.080|99.550|3.111|3643150336|3653378048|sim_data_aaf7239b1c98d314|__AUTOMETRIC__
__AUTOMETRIC__|0.1.2|11032|crew_log_ceaf83e94b04c20e|0|1786389914.084|99.537|3.111|3646468096|3656814592|sim_data_aaf7239b1c98d314|__AUTOMETRIC__
__AUTOMETRIC__|0.1.2|11032|crew_log_ceaf83e94b04c20e|0|1786389915.088|102.761|3.211|3520131072|3530657792|sim_data_aaf7239b1c98d314|__AUTOMETRIC__
__AUTOMETRIC__|0.1.2|11032|crew_log_ceaf83e94b04c20e|0|1786389916.092|104.296|3.259|2839490560|2849587200|sim_data_aaf7239b1c98d314|__AUTOMETRIC__
__AUTOMETRIC__|0.1.2|11032|crew_log_ceaf83e94b04c20e|0|1786389917.101|100.636|3.145|3620155392|3630325760|sim_data_aaf7239b1c98d314|__AUTOMETRIC__
__AUTOMETRIC__|0.1.2|11032|crew_log_ceaf83e94b04c20e|0|1786389918.113|103.474|3.234|3058941952|3069120512|sim_data_aaf7239b1c98d314|__AUTOMETRIC__
__AUTOMETRIC__|0.1.2|11032|crew_log_ceaf83e94b04c20e|0|1786389919.118|101.020|3.157|3639144448|3649372160|sim_data_aaf7239b1c98d314|__AUTOMETRIC__
__AUTOMETRIC__|0.1.2|11032|crew_log_ceaf83e94b04c20e|0|1786389920.121|104.364|3.261|3285827584|3296030720|sim_data_aaf7239b1c98d314|__AUTOMETRIC__
__AUTOMETRIC__|0.1.2|11032|crew_log_ceaf83e94b04c20e|0|1786389921.129|105.383|3.293|2711543808|2721804288|sim_data_aaf7239b1c98d314|__AUTOMETRIC__
__AUTOMETRIC__|0.1.2|11032|crew_log_ceaf83e94b04c20e|0|1786389922.134|99.527|3.110|3492618240|3502923776|sim_data_aaf7239b1c98d314|__AUTOMETRIC__
__AUTOMETRIC__|0.1.2|11032|crew_log_ceaf83e94b04c20e|0|1786389923.136|98.227|3.070|3641159680|3651395584|sim_data_aaf7239b1c98d314|__AUTOMETRIC__
__AUTOMETRIC__|0.1.2|11032|crew_log_ceaf83e94b04c20e|0|1786389924.150|100.156|3.130|3649462272|3659710464|sim_data_aaf7239b1c98d314|__AUTOMETRIC__
__AUTOMETRIC__|0.1.2|11032|crew_log_ceaf83e94b04c20e|0|1786389925.165|104.703|3.272|3636744192|3646951424|sim_data_aaf7239b1c98d314|__AUTOMETRIC__
__AUTOMETRIC__|0.1.2|11032|crew_log_ceaf83e94b04c20e|0|1786389926.174|106.889|3.340|3113480192|3125972992|sim_data_aaf7239b1c98d314|__AUTOMETRIC__
__AUTOMETRIC__|0.1.2|11032|crew_log_ceaf83e94b04c20e|0|1786389927.175|98.294|3.072|3643801600|3653955584|sim_data_aaf7239b1c98d314|__AUTOMETRIC__
__AUTOMETRIC__|0.1.2|11032|crew_log_ceaf83e94b04c20e|0|1786389928.179|107.419|3.357|3204960256|3215130624|sim_data_aaf7239b1c98d314|__AUTOMETRIC__
__AUTOMETRIC__|0.1.2|11032|crew_log_ceaf83e94b04c20e|0|1786389929.187|99.169|3.099|3639930880|3650158592|sim_data_aaf7239b1c98d314|__AUTOMETRIC__
__AUTOMETRIC__|0.1.2|11032|crew_log_ceaf83e94b04c20e|0|1786389930.195|103.897|3.247|3402444800|3412717568|sim_data_aaf7239b1c98d314|__AUTOMETRIC__
__AUTOMETRIC__|0.1.2|11032|crew_log_ceaf83e94b04c20e|0|1786389931.206|108.131|3.379|2794225664|2804563968|sim_data_aaf7239b1c98d314|__AUTOMETRIC__
__AUTOMETRIC__|0.1.2|11032|crew_log_ceaf83e94b04c20e|0|1786389932.209|99.763|3.118|3523846144|3534188544|sim_data_aaf7239b1c98d314|__AUTOMETRIC__
__AUTOMETRIC__|0.1.2|11032|crew_log_ceaf83e94b04c20e|0|1786389933.217|105.337|3.292|2964643840|2974879744|sim_data_aaf7239b1c98d314|__AUTOMETRIC__
__AUTOMETRIC__|0.1.2|11032|crew_log_ceaf83e94b04c20e|0|1786389934.222|101.128|3.160|3643424768|3653578752|sim_data_aaf7239b1c98d314|__AUTOMETRIC__
__AUTOMETRIC__|0.1.2|11032|crew_log_ceaf83e94b04c20e|0|1786389935.224|107.553|3.361|3225370624|3235536896|sim_data_aaf7239b1c98d314|__AUTOMETRIC__
__AUTOMETRIC__|0.1.2|11032|crew_log_ceaf83e94b04c20e|0|1786389936.228|107.411|3.357|2694983680|2705096704|sim_data_aaf7239b1c98d314|__AUTOMETRIC__
__AUTOMETRIC__|0.1.2|11032|crew_log_ceaf83e94b04c20e|0|1786389937.239|98.870|3.090|3421077504|3431325696|sim_data_aaf7239b1c98d314|__AUTOMETRIC__
__AUTOMETRIC__|0.1.2|11032|crew_log_ceaf83e94b04c20e|0|1786389938.248|103.760|3.242|2831314944|2841534464|sim_data_aaf7239b1c98d314|__AUTOMETRIC__
__AUTOMETRIC__|0.1.2|11032|crew_log_ceaf83e94b04c20e|0|1786389939.253|102.618|3.207|3550990336|3561263104|sim_data_aaf7239b1c98d314|__AUTOMETRIC__
__AUTOMETRIC__|0.1.2|11032|crew_log_ceaf83e94b04c20e|0|1786389940.254|103.010|3.219|3128397824|3138736128|sim_data_aaf7239b1c98d314|__AUTOMETRIC__
__AUTOMETRIC__|0.1.2|11032|crew_log_ceaf83e94b04c20e|0|1786389941.262|102.353|3.199|3131990016|3142266880|sim_data_aaf7239b1c98d314|__AUTOMETRIC__
__AUTOMETRIC__|0.1.2|11032|crew_log_ceaf83e94b04c20e|0|1786389942.265|102.812|3.213|3413815296|3424137216|sim_data_aaf7239b1c98d314|__AUTOMETRIC__
__AUTOMETRIC__|0.1.2|11032|crew_log_ceaf83e94b04c20e|0|1786389943.267|99.817|3.119|3648290816|3658567680|sim_data_aaf7239b1c98d314|__AUTOMETRIC__
__AUTOMETRIC__|0.1.2|11032|crew_log_ceaf83e94b04c20e|0|1786389944.281|104.691|3.272|3652829184|3663056896|sim_data_aaf7239b1c98d314|__AUTOMETRIC__
__AUTOMETRIC__|0.1.2|11032|crew_log_ceaf83e94b04c20e|0|1786389945.288|108.683|3.396|3287842816|3298078720|sim_data_aaf7239b1c98d314|__AUTOMETRIC__
__AUTOMETRIC__|0.1.2|11032|crew_log_ceaf83e94b04c20e|0|1786389946.295|99.291|3.103|3640549376|3650863104|sim_data_aaf7239b1c98d314|__AUTOMETRIC__
__AUTOMETRIC__|0.1.2|11032|crew_log_ceaf83e94b04c20e|0|1786389947.309|103.229|3.226|3641274368|3651510272|sim_data_aaf7239b1c98d314|__AUTOMETRIC__
__AUTOMETRIC__|0.1.2|11032|crew_log_ceaf83e94b04c20e|0|1786389948.313|105.853|3.308|3206971392|3217289216|sim_data_aaf7239b1c98d314|__AUTOMETRIC__
__AUTOMETRIC__|0.1.2|11032|crew_log_ceaf83e94b04c20e|0|1786389949.327|101.701|3.178|3643301888|3653632000|sim_data_aaf7239b1c98d314|__AUTOMETRIC__
__AUTOMETRIC__|0.1.2|11032|crew_log_ceaf83e94b04c20e|0|1786389950.330|104.376|3.262|3612741632|3623100416|sim_data_aaf7239b1c98d314|__AUTOMETRIC__
__AUTOMETRIC__|0.1.2|11032|crew_log_ceaf83e94b04c20e|0|1786389951.336|107.200|3.350|3201953792|3212263424|sim_data_aaf7239b1c98d314|__AUTOMETRIC__
__AUTOMETRIC__|0.1.2|11032|crew_log_ceaf83e94b04c20e|0|1786389952.342|96.264|3.008|3646038016|3656335360|sim_data_aaf7239b1c98d314|__AUTOMETRIC__
__AUTOMETRIC__|0.1.2|11032|crew_log_ceaf83e94b04c20e|0|1786389953.353|103.554|3.236|3649994752|3660349440|sim_data_aaf7239b1c98d314|__AUTOMETRIC__
__AUTOMETRIC__|0.1.2|11032|crew_log_ceaf83e94b04c20e|0|1786389954.355|106.026|3.313|3309039616|3319398400|sim_data_aaf7239b1c98d314|__AUTOMETRIC__
__AUTOMETRIC__|0.1.2|11032|crew_log_ceaf83e94b04c20e|0|1786389955.363|108.477|3.390|2895081472|2905538560|sim_data_aaf7239b1c98d314|__AUTOMETRIC__
__AUTOMETRIC__|0.1.2|11032|crew_log_ceaf83e94b04c20e|0|1786389956.372|99.084|3.096|3565383680|3575799808|sim_data_aaf7239b1c98d314|__AUTOMETRIC__
__AUTOMETRIC__|0.1.2|11032|crew_log_ceaf83e94b04c20e|0|1786389957.375|105.997|3.312|3101548544|3111821312|sim_data_aaf7239b1c98d314|__AUTOMETRIC__
__AUTOMETRIC__|0.1.2|11032|crew_log_ceaf83e94b04c20e|0|1786389958.380|107.289|3.353|2727088128|2737352704|sim_data_aaf7239b1c98d314|__AUTOMETRIC__
__AUTOMETRIC__|0.1.2|11032|crew_log_ceaf83e94b04c20e|0|1786389959.381|98.275|3.071|3354165248|3364487168|sim_data_aaf7239b1c98d314|__AUTOMETRIC__
__AUTOMETRIC__|0.1.2|11032|crew_log_ceaf83e94b04c20e|0|1786389960.386|101.131|3.160|2954424320|2964840448|sim_data_aaf7239b1c98d314|__AUTOMETRIC__
__AUTOMETRIC__|0.1.2|11032|crew_log_ceaf83e94b04c20e|0|1786389961.388|102.846|3.214|3402895360|3413299200|sim_data_aaf7239b1c98d314|__AUTOMETRIC__
__AUTOMETRIC__|0.1.2|11032|crew_log_ceaf83e94b04c20e|0|1786389962.403|106.245|3.320|3268825088|3279245312|sim_data_aaf7239b1c98d314|__AUTOMETRIC__
__AUTOMETRIC__|0.1.2|11032|crew_log_ceaf83e94b04c20e|0|1786389963.416|98.710|3.085|3652603904|3662942208|sim_data_aaf7239b1c98d314|__AUTOMETRIC__
__AUTOMETRIC__|0.1.2|11032|crew_log_ceaf83e94b04c20e|0|1786389964.426|113.007|3.531|3296088064|3306364928|sim_data_aaf7239b1c98d314|__AUTOMETRIC__
__AUTOMETRIC__|0.1.2|11032|crew_log_ceaf83e94b04c20e|0|1786389965.426|101.497|3.172|3638398976|3648614400|sim_data_aaf7239b1c98d314|__AUTOMETRIC__
__AUTOMETRIC__|0.1.2|11032|crew_log_ceaf83e94b04c20e|0|1786389966.441|101.601|3.175|3580493824|3590684672|sim_data_aaf7239b1c98d314|__AUTOMETRIC__
__AUTOMETRIC__|0.1.2|11032|crew_log_ceaf83e94b04c20e|0|1786389967.455|104.847|3.276|2990571520|3000782848|sim_data_aaf7239b1c98d314|__AUTOMETRIC__
__AUTOMETRIC__|0.1.2|11032|crew_log_ceaf83e94b04c20e|0|1786389968.467|100.280|3.134|3638611968|3648847872|sim_data_aaf7239b1c98d314|__AUTOMETRIC__
__AUTOMETRIC__|0.1.2|11032|crew_log_ceaf83e94b04c20e|0|1786389969.482|106.293|3.322|3208175616|3218350080|sim_data_aaf7239b1c98d314|__AUTOMETRIC__
__AUTOMETRIC__|0.1.2|11032|crew_log_ceaf83e94b04c20e|0|1786389970.483|99.907|3.122|3652698112|3662884864|sim_data_aaf7239b1c98d314|__AUTOMETRIC__
__AUTOMETRIC__|0.1.2|11032|crew_log_ceaf83e94b04c20e|0|1786389971.496|101.798|3.181|3486359552|3496673280|sim_data_aaf7239b1c98d314|__AUTOMETRIC__
__AUTOMETRIC__|0.1.2|11032|crew_log_ceaf83e94b04c20e|0|1786389972.509|106.439|3.326|2889494528|2899574784|sim_data_aaf7239b1c98d314|__AUTOMETRIC__
__AUTOMETRIC__|0.1.2|11032|crew_log_ceaf83e94b04c20e|0|1786389973.521|100.280|3.134|3615485952|3625680896|sim_data_aaf7239b1c98d314|__AUTOMETRIC__
__AUTOMETRIC__|0.1.2|11032|crew_log_ceaf83e94b04c20e|0|1786389974.528|103.954|3.249|3067756544|3077996544|sim_data_aaf7239b1c98d314|__AUTOMETRIC__
__AUTOMETRIC__|0.1.2|11032|crew_log_ceaf83e94b04c20e|0|1786389975.533|99.550|3.111|3636981760|3647209472|sim_data_aaf7239b1c98d314|__AUTOMETRIC__
__AUTOMETRIC__|0.1.2|11032|crew_log_ceaf83e94b04c20e|0|1786389976.535|106.033|3.314|3324289024|3334463488|sim_data_aaf7239b1c98d314|__AUTOMETRIC__
__AUTOMETRIC__|0.1.2|11032|crew_log_ceaf83e94b04c20e|0|1786389977.548|106.421|3.326|2788032512|2798235648|sim_data_aaf7239b1c98d314|__AUTOMETRIC__
__AUTOMETRIC__|0.1.2|11032|crew_log_ceaf83e94b04c20e|0|1786389978.549|99.940|3.123|3559079936|3569332224|sim_data_aaf7239b1c98d314|__AUTOMETRIC__
__AUTOMETRIC__|0.1.2|11032|crew_log_ceaf83e94b04c20e|0|1786389979.559|106.689|3.334|3035316224|3045552128|sim_data_aaf7239b1c98d314|__AUTOMETRIC__
__AUTOMETRIC__|0.1.2|11032|crew_log_ceaf83e94b04c20e|0|1786389980.563|99.642|3.114|3634237440|3644440576|sim_data_aaf7239b1c98d314|__AUTOMETRIC__
__AUTOMETRIC__|0.1.2|11032|crew_log_ceaf83e94b04c20e|0|1786389981.572|108.342|3.386|3230724096|3241062400|sim_data_aaf7239b1c98d314|__AUTOMETRIC__
__AUTOMETRIC__|0.1.2|11032|crew_log_ceaf83e94b04c20e|0|1786389982.576|99.670|3.115|3646853120|3657109504|sim_data_aaf7239b1c98d314|__AUTOMETRIC__
__AUTOMETRIC__|0.1.2|11032|crew_log_ceaf83e94b04c20e|0|1786389983.585|105.260|3.289|3540422656|3550683136|sim_data_aaf7239b1c98d314|__AUTOMETRIC__
__AUTOMETRIC__|0.1.2|11032|crew_log_ceaf83e94b04c20e|0|1786389984.586|109.296|3.415|2966212608|2976440320|sim_data_aaf7239b1c98d314|__AUTOMETRIC__
__AUTOMETRIC__|0.1.2|11032|crew_log_ceaf83e94b04c20e|0|1786389985.594|96.058|3.002|3643510784|3653767168|sim_data_aaf7239b1c98d314|__AUTOMETRIC__
__AUTOMETRIC__|0.1.2|11032|crew_log_ceaf83e94b04c20e|0|1786389986.610|104.634|3.270|3117940736|3128184832|sim_data_aaf7239b1c98d314|__AUTOMETRIC__
__AUTOMETRIC__|0.1.2|11032|crew_log_ceaf83e94b04c20e|0|1786389987.615|101.065|3.158|3639230464|3649519616|sim_data_aaf7239b1c98d314|__AUTOMETRIC__
__AUTOMETRIC__|0.1.2|11032|crew_log_ceaf83e94b04c20e|0|1786389988.625|98.934|3.092|3647229952|3657519104|sim_data_aaf7239b1c98d314|__AUTOMETRIC__
__AUTOMETRIC__|0.1.2|11032|crew_log_ceaf83e94b04c20e|0|1786389989.626|104.578|3.268|3510747136|3521011712|sim_data_aaf7239b1c98d314|__AUTOMETRIC__
__AUTOMETRIC__|0.1.2|11032|crew_log_ceaf83e94b04c20e|0|1786389990.627|107.707|3.366|2998579200|3008880640|sim_data_aaf7239b1c98d314|__AUTOMETRIC__
__AUTOMETRIC__|0.1.2|11032|crew_log_ceaf83e94b04c20e|0|1786389991.630|101.254|3.164|3639382016|3649617920|sim_data_aaf7239b1c98d314|__AUTOMETRIC__
__AUTOMETRIC__|0.1.2|11032|crew_log_ceaf83e94b04c20e|0|1786389992.632|101.394|3.169|3452596224|3462795264|sim_data_aaf7239b1c98d314|__AUTOMETRIC__
__AUTOMETRIC__|0.1.2|11032|crew_log_ceaf83e94b04c20e|0|1786389993.636|104.293|3.259|2916519936|2926698496|sim_data_aaf7239b1c98d314|__AUTOMETRIC__
__AUTOMETRIC__|0.1.2|11032|crew_log_ceaf83e94b04c20e|0|1786389994.638|101.376|3.168|3639627776|3649884160|sim_data_aaf7239b1c98d314|__AUTOMETRIC__
__AUTOMETRIC__|0.1.2|11032|crew_log_ceaf83e94b04c20e|0|1786389995.642|102.711|3.210|3310792704|3321040896|sim_data_aaf7239b1c98d314|__AUTOMETRIC__
__AUTOMETRIC__|0.1.2|11032|crew_log_ceaf83e94b04c20e|0|1786389996.647|104.150|3.255|2940268544|2950479872|sim_data_aaf7239b1c98d314|__AUTOMETRIC__
__AUTOMETRIC__|0.1.2|11032|crew_log_ceaf83e94b04c20e|0|1786389997.658|57.187|1.787|3367993344|3378257920|__DEFAULT__|__AUTOMETRIC__
__AUTOMETRIC__|0.1.2|11032|crew_log_ceaf83e94b04c20e|0|1786389998.663|76.180|2.381|3570003968|3577950208|estimate_plt_files_df10e5861afc595d|__AUTOMETRIC__
__AUTOMETRIC__|0.1.2|11032|crew_log_ceaf83e94b04c20e|0|1786389999.667|98.058|3.064|77586432|87031808|estimate_plt_files_df10e5861afc595d|__AUTOMETRIC__
__AUTOMETRIC__|0.1.2|11032|crew_log_ceaf83e94b04c20e|0|1786390000.667|99.961|3.124|407699456|417632256|estimate_plt_files_b0d5638dc6110624|__AUTOMETRIC__
__AUTOMETRIC__|0.1.2|11032|crew_log_ceaf83e94b04c20e|0|1786390001.683|112.320|3.510|3551461376|3561152512|estimate_plt_files_b0d5638dc6110624|__AUTOMETRIC__
__AUTOMETRIC__|0.1.2|11032|crew_log_ceaf83e94b04c20e|0|1786390002.694|95.799|2.994|3642458112|3652468736|estimate_plt_files_15abe4d8ac003137|__AUTOMETRIC__
__AUTOMETRIC__|0.1.2|11032|crew_log_ceaf83e94b04c20e|0|1786390003.695|99.896|3.122|3954462720|3964297216|estimate_plt_files_15abe4d8ac003137|__AUTOMETRIC__
__AUTOMETRIC__|0.1.2|11032|crew_log_ceaf83e94b04c20e|0|1786390004.709|100.124|3.129|3841511424|3851608064|estimate_plt_files_15abe4d8ac003137|__AUTOMETRIC__
__AUTOMETRIC__|0.1.2|11032|crew_log_ceaf83e94b04c20e|0|1786390005.711|99.870|3.121|3918757888|3928600576|estimate_plt_files_11265a526c769215|__AUTOMETRIC__
__AUTOMETRIC__|0.1.2|11032|crew_log_ceaf83e94b04c20e|0|1786390006.712|98.259|3.071|4058271744|4068233216|estimate_plt_files_11265a526c769215|__AUTOMETRIC__
__AUTOMETRIC__|0.1.2|11032|crew_log_ceaf83e94b04c20e|0|1786390007.724|104.984|3.281|3766255616|3776491520|estimate_plt_files_3360557ad2996196|__AUTOMETRIC__
__AUTOMETRIC__|0.1.2|11032|crew_log_ceaf83e94b04c20e|0|1786390008.732|99.240|3.101|3937841152|3947835392|estimate_plt_files_3360557ad2996196|__AUTOMETRIC__
__AUTOMETRIC__|0.1.2|11032|crew_log_ceaf83e94b04c20e|0|1786390009.748|109.249|3.414|3042930688|3052453888|estimate_plt_files_147e7d40053e6352|__AUTOMETRIC__
__AUTOMETRIC__|0.1.2|11032|crew_log_ceaf83e94b04c20e|0|1786390010.757|102.112|3.191|2772107264|2781986816|estimate_plt_files_147e7d40053e6352|__AUTOMETRIC__
__AUTOMETRIC__|0.1.2|11032|crew_log_ceaf83e94b04c20e|0|1786390011.763|99.415|3.107|3194748928|3204661248|estimate_plt_files_2d71db4085556b6c|__AUTOMETRIC__
__AUTOMETRIC__|0.1.2|11032|crew_log_ceaf83e94b04c20e|0|1786390012.778|98.523|3.079|3991552000|4001345536|estimate_plt_files_2d71db4085556b6c|__AUTOMETRIC__
__AUTOMETRIC__|0.1.2|11032|crew_log_ceaf83e94b04c20e|0|1786390013.779|81.162|2.536|3704172544|3714146304|__DEFAULT__|__AUTOMETRIC__
__AUTOMETRIC__|0.1.2|11032|crew_log_ceaf83e94b04c20e|0|1786390014.786|0.000|0.000|3704184832|3714158592|__DEFAULT__|__AUTOMETRIC__
__AUTOMETRIC__|0.1.2|11032|crew_log_ceaf83e94b04c20e|0|1786390015.795|0.000|0.000|3703205888|3712536576|__DEFAULT__|__AUTOMETRIC__
__AUTOMETRIC__|0.1.2|11032|crew_log_ceaf83e94b04c20e|0|1786390016.809|0.000|0.000|3703214080|3712544768|__DEFAULT__|__AUTOMETRIC__
__AUTOMETRIC__|0.1.2|11032|crew_log_ceaf83e94b04c20e|0|1786390017.815|1.554|0.049|3702976512|3712307200|__DEFAULT__|__AUTOMETRIC__
__AUTOMETRIC__|0.1.2|11032|crew_log_ceaf83e94b04c20e|0|1786390018.826|0.000|0.000|3702988800|3712319488|__DEFAULT__|__AUTOMETRIC__
__AUTOMETRIC__|0.1.2|11032|crew_log_ceaf83e94b04c20e|0|1786390019.827|0.000|0.000|3702988800|3712319488|__DEFAULT__|__AUTOMETRIC__
__AUTOMETRIC__|0.1.2|11032|crew_log_ceaf83e94b04c20e|0|1786390020.839|0.000|0.000|3702992896|3712323584|__DEFAULT__|__AUTOMETRIC__
