__AUTOMETRIC__|0.1.2|6056|crew_log_872ee5a807cee8b3|0|1786390298.557|88.221|2.757|243257344|268283904|gen_data_d97a59ef1449e38e|__AUTOMETRIC__
__AUTOMETRIC__|0.1.2|6056|crew_log_872ee5a807cee8b3|0|1786390299.571|35.457|1.108|230977536|256098304|gen_data_d97a59ef1449e38e|__AUTOMETRIC__
__AUTOMETRIC__|0.1.2|6056|crew_log_872ee5a807cee8b3|0|1786390300.576|0.000|0.000|229703680|254578688|gen_data_d97a59ef1449e38e|__AUTOMETRIC__
__AUTOMETRIC__|0.1.2|6056|crew_log_872ee5a807cee8b3|0|1786390301.590|0.000|0.000|229703680|254578688|gen_data_d97a59ef1449e38e|__AUTOMETRIC__
__AUTOMETRIC__|0.1.2|6056|crew_log_872ee5a807cee8b3|0|1786390302.601|0.000|0.000|229703680|254578688|gen_data_d97a59ef1449e38e|__AUTOMETRIC__
__AUTOMETRIC__|0.1.2|6056|crew_log_872ee5a807cee8b3|0|1786390303.617|0.000|0.000|229703680|254578688|gen_data_d97a59ef1449e38e|__AUTOMETRIC__
__AUTOMETRIC__|0.1.2|6056|crew_log_872ee5a807cee8b3|0|1786390304.620|0.000|0.000|229703680|254578688|gen_data_d97a59ef1449e38e|__AUTOMETRIC__
__AUTOMETRIC__|0.1.2|6056|crew_log_872ee5a807cee8b3|0|1786390305.625|0.000|0.000|229736448|254611456|gen_data_d97a59ef1449e38e|__AUTOMETRIC__
__AUTOMETRIC__|0.1.2|6056|crew_log_872ee5a807cee8b3|0|1786390306.634|0.000|0.000|229736448|254611456|gen_data_d97a59ef1449e38e|__AUTOMETRIC__
__AUTOMETRIC__|0.1.2|6056|crew_log_872ee5a807cee8b3|0|1786390307.635|0.000|0.000|229736448|254611456|gen_data_d97a59ef1449e38e|__AUTOMETRIC__
__AUTOMETRIC__|0.1.2|6056|crew_log_872ee5a807cee8b3|0|1786390308.650|0.000|0.000|229736448|254611456|gen_data_d97a59ef1449e38e|__AUTOMETRIC__
__AUTOMETRIC__|0.1.2|6056|crew_log_872ee5a807cee8b3|0|1786390309.664|66.234|2.070|269357056|294174720|gen_data_d97a59ef1449e38e|__AUTOMETRIC__
__AUTOMETRIC__|0.1.2|6056|crew_log_872ee5a807cee8b3|0|1786390310.676|95.750|2.992|407826432|440127488|gen_data_d97a59ef1449e38e|__AUTOMETRIC__
__AUTOMETRIC__|0.1.2|6056|crew_log_872ee5a807cee8b3|0|1786390311.689|100.214|3.132|402505728|434515968|gen_data_d97a59ef1449e38e|__AUTOMETRIC__
__AUTOMETRIC__|0.1.2|6056|crew_log_872ee5a807cee8b3|0|1786390312.702|95.699|2.991|402735104|434712576|gen_data_d97a59ef1449e38e|__AUTOMETRIC__
__AUTOMETRIC__|0.1.2|6056|crew_log_872ee5a807cee8b3|0|1786390313.707|102.535|3.204|403009536|434978816|gen_data_d97a59ef1449e38e|__AUTOMETRIC__
__AUTOMETRIC__|0.1.2|6056|crew_log_872ee5a807cee8b3|0|1786390314.720|98.790|3.087|402989056|434958336|gen_data_d97a59ef1449e38e|__AUTOMETRIC__
__AUTOMETRIC__|0.1.2|6056|crew_log_872ee5a807cee8b3|0|1786390315.735|98.520|3.079|402857984|434827264|gen_data_d97a59ef1449e38e|__AUTOMETRIC__
__AUTOMETRIC__|0.1.2|6056|crew_log_872ee5a807cee8b3|0|1786390316.748|98.653|3.083|403144704|435113984|gen_data_d97a59ef1449e38e|__AUTOMETRIC__
__AUTOMETRIC__|0.1.2|6056|crew_log_872ee5a807cee8b3|0|1786390317.749|101.434|3.170|402894848|434864128|gen_data_d97a59ef1449e38e|__AUTOMETRIC__
__AUTOMETRIC__|0.1.2|6056|crew_log_872ee5a807cee8b3|0|1786390318.766|96.867|3.027|402911232|434880512|gen_data_d97a59ef1449e38e|__AUTOMETRIC__
__AUTOMETRIC__|0.1.2|6056|crew_log_872ee5a807cee8b3|0|1786390319.781|98.482|3.078|403197952|435167232|gen_data_d97a59ef1449e38e|__AUTOMETRIC__
__AUTOMETRIC__|0.1.2|6056|crew_log_872ee5a807cee8b3|0|1786390320.797|101.523|3.173|402534400|434503680|gen_data_d97a59ef1449e38e|__AUTOMETRIC__
__AUTOMETRIC__|0.1.2|6056|crew_log_872ee5a807cee8b3|0|1786390321.799|99.818|3.119|402608128|434577408|gen_data_d97a59ef1449e38e|__AUTOMETRIC__
__AUTOMETRIC__|0.1.2|6056|crew_log_872ee5a807cee8b3|0|1786390322.800|99.858|3.121|402591744|434561024|gen_data_d97a59ef1449e38e|__AUTOMETRIC__
__AUTOMETRIC__|0.1.2|6056|crew_log_872ee5a807cee8b3|0|1786390323.809|99.170|3.099|402636800|434606080|gen_data_d97a59ef1449e38e|__AUTOMETRIC__
__AUTOMETRIC__|0.1.2|6056|crew_log_872ee5a807cee8b3|0|1786390324.821|100.271|3.133|402714624|434737152|gen_data_d97a59ef1449e38e|__AUTOMETRIC__
__AUTOMETRIC__|0.1.2|6056|crew_log_872ee5a807cee8b3|0|1786390325.829|99.279|3.102|402632704|434642944|gen_data_d97a59ef1449e38e|__AUTOMETRIC__
__AUTOMETRIC__|0.1.2|6056|crew_log_872ee5a807cee8b3|0|1786390326.845|99.914|3.122|402563072|434589696|gen_data_d97a59ef1449e38e|__AUTOMETRIC__
__AUTOMETRIC__|0.1.2|6056|crew_log_872ee5a807cee8b3|0|1786390327.858|98.752|3.086|402534400|434593792|gen_data_d97a59ef1449e38e|__AUTOMETRIC__
__AUTOMETRIC__|0.1.2|6056|crew_log_872ee5a807cee8b3|0|1786390328.872|100.101|3.128|402534400|434593792|gen_data_d97a59ef1449e38e|__AUTOMETRIC__
__AUTOMETRIC__|0.1.2|6056|crew_log_872ee5a807cee8b3|0|1786390329.875|99.750|3.117|402653184|434712576|gen_data_d97a59ef1449e38e|__AUTOMETRIC__
__AUTOMETRIC__|0.1.2|6056|crew_log_872ee5a807cee8b3|0|1786390330.890|98.515|3.079|402706432|434765824|gen_data_d97a59ef1449e38e|__AUTOMETRIC__
__AUTOMETRIC__|0.1.2|6056|crew_log_872ee5a807cee8b3|0|1786390331.894|102.708|3.210|402694144|434741248|gen_data_d97a59ef1449e38e|__AUTOMETRIC__
__AUTOMETRIC__|0.1.2|6056|crew_log_872ee5a807cee8b3|0|1786390332.896|99.820|3.119|402620416|434618368|gen_data_d97a59ef1449e38e|__AUTOMETRIC__
__AUTOMETRIC__|0.1.2|6056|crew_log_872ee5a807cee8b3|0|1786390333.908|98.765|3.086|402677760|434692096|gen_data_d97a59ef1449e38e|__AUTOMETRIC__
__AUTOMETRIC__|0.1.2|6056|crew_log_872ee5a807cee8b3|0|1786390334.914|97.895|3.059|402595840|434610176|gen_data_d97a59ef1449e38e|__AUTOMETRIC__
__AUTOMETRIC__|0.1.2|6056|crew_log_872ee5a807cee8b3|0|1786390335.925|98.862|3.089|402620416|434634752|gen_data_d97a59ef1449e38e|__AUTOMETRIC__
__AUTOMETRIC__|0.1.2|6056|crew_log_872ee5a807cee8b3|0|1786390336.931|97.915|3.060|402567168|434577408|gen_data_d97a59ef1449e38e|__AUTOMETRIC__
__AUTOMETRIC__|0.1.2|6056|crew_log_872ee5a807cee8b3|0|1786390337.932|99.824|3.120|402907136|434921472|gen_data_d97a59ef1449e38e|__AUTOMETRIC__
__AUTOMETRIC__|0.1.2|6056|crew_log_872ee5a807cee8b3|0|1786390338.935|98.226|3.070|402804736|434819072|gen_data_d97a59ef1449e38e|__AUTOMETRIC__
__AUTOMETRIC__|0.1.2|6056|crew_log_872ee5a807cee8b3|0|1786390339.949|98.595|3.081|403001344|435015680|gen_data_d97a59ef1449e38e|__AUTOMETRIC__
__AUTOMETRIC__|0.1.2|6056|crew_log_872ee5a807cee8b3|0|1786390340.963|95.504|2.985|402952192|434966528|gen_data_d97a59ef1449e38e|__AUTOMETRIC__
__AUTOMETRIC__|0.1.2|6056|crew_log_872ee5a807cee8b3|0|1786390341.972|97.553|3.049|403075072|435089408|gen_data_d97a59ef1449e38e|__AUTOMETRIC__
__AUTOMETRIC__|0.1.2|6056|crew_log_872ee5a807cee8b3|0|1786390342.983|100.509|3.141|402788352|434794496|gen_data_d97a59ef1449e38e|__AUTOMETRIC__
__AUTOMETRIC__|0.1.2|6056|crew_log_872ee5a807cee8b3|0|1786390343.995|101.844|3.183|402952192|434950144|gen_data_d97a59ef1449e38e|__AUTOMETRIC__
__AUTOMETRIC__|0.1.2|6056|crew_log_872ee5a807cee8b3|0|1786390345.007|98.810|3.088|391208960|423305216|gen_data_d97a59ef1449e38e|__AUTOMETRIC__
__AUTOMETRIC__|0.1.2|6056|crew_log_872ee5a807cee8b3|0|1786390346.019|98.861|3.089|402591744|434606080|gen_data_d97a59ef1449e38e|__AUTOMETRIC__
__AUTOMETRIC__|0.1.2|6056|crew_log_872ee5a807cee8b3|0|1786390347.034|100.097|3.128|402735104|434774016|gen_data_d97a59ef1449e38e|__AUTOMETRIC__
__AUTOMETRIC__|0.1.2|6056|crew_log_872ee5a807cee8b3|0|1786390348.047|98.676|3.084|402534400|434569216|gen_data_d97a59ef1449e38e|__AUTOMETRIC__
__AUTOMETRIC__|0.1.2|6056|crew_log_872ee5a807cee8b3|0|1786390349.048|99.851|3.120|402653184|434688000|gen_data_d97a59ef1449e38e|__AUTOMETRIC__
__AUTOMETRIC__|0.1.2|6056|crew_log_872ee5a807cee8b3|0|1786390350.063|100.079|3.127|402538496|434556928|gen_data_d97a59ef1449e38e|__AUTOMETRIC__
__AUTOMETRIC__|0.1.2|6056|crew_log_872ee5a807cee8b3|0|1786390351.079|100.020|3.126|402624512|434630656|gen_data_d97a59ef1449e38e|__AUTOMETRIC__
__AUTOMETRIC__|0.1.2|6056|crew_log_872ee5a807cee8b3|0|1786390352.091|98.755|3.086|402669568|434675712|gen_data_d97a59ef1449e38e|__AUTOMETRIC__
__AUTOMETRIC__|0.1.2|6056|crew_log_872ee5a807cee8b3|0|1786390353.107|96.966|3.030|402649088|434655232|gen_data_d97a59ef1449e38e|__AUTOMETRIC__
__AUTOMETRIC__|0.1.2|6056|crew_log_872ee5a807cee8b3|0|1786390354.117|100.496|3.140|402710528|434753536|gen_data_d97a59ef1449e38e|__AUTOMETRIC__
__AUTOMETRIC__|0.1.2|6056|crew_log_872ee5a807cee8b3|0|1786390355.132|100.034|3.126|402702336|434745344|gen_data_d97a59ef1449e38e|__AUTOMETRIC__
__AUTOMETRIC__|0.1.2|6056|crew_log_872ee5a807cee8b3|0|1786390356.136|98.100|3.066|402780160|434814976|gen_data_d97a59ef1449e38e|__AUTOMETRIC__
__AUTOMETRIC__|0.1.2|6056|crew_log_872ee5a807cee8b3|0|1786390357.145|100.655|3.145|392232960|424214528|gen_data_d97a59ef1449e38e|__AUTOMETRIC__
__AUTOMETRIC__|0.1.2|6056|crew_log_872ee5a807cee8b3|0|1786390358.150|97.915|3.060|402513920|434483200|gen_data_d97a59ef1449e38e|__AUTOMETRIC__
__AUTOMETRIC__|0.1.2|6056|crew_log_872ee5a807cee8b3|0|1786390359.165|100.122|3.129|402497536|434475008|gen_data_d97a59ef1449e38e|__AUTOMETRIC__
__AUTOMETRIC__|0.1.2|6056|crew_log_872ee5a807cee8b3|0|1786390360.167|99.740|3.117|403025920|435011584|gen_data_d97a59ef1449e38e|__AUTOMETRIC__
__AUTOMETRIC__|0.1.2|6056|crew_log_872ee5a807cee8b3|0|1786390361.181|100.170|3.130|402665472|434651136|gen_data_d97a59ef1449e38e|__AUTOMETRIC__
__AUTOMETRIC__|0.1.2|6056|crew_log_872ee5a807cee8b3|0|1786390362.187|97.908|3.060|402800640|434782208|gen_data_d97a59ef1449e38e|__AUTOMETRIC__
__AUTOMETRIC__|0.1.2|6056|crew_log_872ee5a807cee8b3|0|1786390363.201|100.150|3.130|403038208|435060736|gen_data_d97a59ef1449e38e|__AUTOMETRIC__
__AUTOMETRIC__|0.1.2|6056|crew_log_872ee5a807cee8b3|0|1786390364.206|99.487|3.109|403058688|435032064|gen_data_d97a59ef1449e38e|__AUTOMETRIC__
__AUTOMETRIC__|0.1.2|6056|crew_log_872ee5a807cee8b3|0|1786390365.208|99.784|3.118|402866176|434847744|gen_data_d97a59ef1449e38e|__AUTOMETRIC__
__AUTOMETRIC__|0.1.2|6056|crew_log_872ee5a807cee8b3|0|1786390366.213|99.521|3.110|403091456|435073024|gen_data_d97a59ef1449e38e|__AUTOMETRIC__
__AUTOMETRIC__|0.1.2|6056|crew_log_872ee5a807cee8b3|0|1786390367.219|99.415|3.107|403095552|435232768|gen_data_d97a59ef1449e38e|__AUTOMETRIC__
__AUTOMETRIC__|0.1.2|6056|crew_log_872ee5a807cee8b3|0|1786390368.229|100.564|3.143|403288064|435269632|gen_data_d97a59ef1449e38e|__AUTOMETRIC__
__AUTOMETRIC__|0.1.2|6056|crew_log_872ee5a807cee8b3|0|1786390369.233|99.523|3.110|403275776|435257344|gen_data_d97a59ef1449e38e|__AUTOMETRIC__
__AUTOMETRIC__|0.1.2|6056|crew_log_872ee5a807cee8b3|0|1786390370.250|101.481|3.171|403169280|435134464|gen_data_d97a59ef1449e38e|__AUTOMETRIC__
__AUTOMETRIC__|0.1.2|6056|crew_log_872ee5a807cee8b3|0|1786390371.262|100.296|3.134|403013632|434978816|gen_data_d97a59ef1449e38e|__AUTOMETRIC__
__AUTOMETRIC__|0.1.2|6056|crew_log_872ee5a807cee8b3|0|1786390372.272|100.569|3.143|403128320|435118080|gen_data_d97a59ef1449e38e|__AUTOMETRIC__
__AUTOMETRIC__|0.1.2|6056|crew_log_872ee5a807cee8b3|0|1786390373.276|99.584|3.112|402903040|434892800|gen_data_d97a59ef1449e38e|__AUTOMETRIC__
__AUTOMETRIC__|0.1.2|6056|crew_log_872ee5a807cee8b3|0|1786390374.289|101.847|3.183|402952192|434941952|gen_data_d97a59ef1449e38e|__AUTOMETRIC__
__AUTOMETRIC__|0.1.2|6056|crew_log_872ee5a807cee8b3|0|1786390375.293|99.573|3.112|403103744|435081216|gen_data_d97a59ef1449e38e|__AUTOMETRIC__
__AUTOMETRIC__|0.1.2|6056|crew_log_872ee5a807cee8b3|0|1786390376.301|100.719|3.147|403152896|435142656|gen_data_d97a59ef1449e38e|__AUTOMETRIC__
__AUTOMETRIC__|0.1.2|6056|crew_log_872ee5a807cee8b3|0|1786390377.305|99.648|3.114|403046400|435036160|gen_data_d97a59ef1449e38e|__AUTOMETRIC__
__AUTOMETRIC__|0.1.2|6056|crew_log_872ee5a807cee8b3|0|1786390378.314|100.629|3.145|403075072|435064832|gen_data_d97a59ef1449e38e|__AUTOMETRIC__
__AUTOMETRIC__|0.1.2|6056|crew_log_872ee5a807cee8b3|0|1786390379.316|99.811|3.119|402993152|434974720|gen_data_d97a59ef1449e38e|__AUTOMETRIC__
__AUTOMETRIC__|0.1.2|6056|crew_log_872ee5a807cee8b3|0|1786390380.326|99.029|3.095|402919424|434900992|gen_data_d97a59ef1449e38e|__AUTOMETRIC__
__AUTOMETRIC__|0.1.2|6056|crew_log_872ee5a807cee8b3|0|1786390381.328|98.206|3.069|403140608|435105792|gen_data_d97a59ef1449e38e|__AUTOMETRIC__
__AUTOMETRIC__|0.1.2|6056|crew_log_872ee5a807cee8b3|0|1786390382.340|95.739|2.992|402993152|434974720|gen_data_d97a59ef1449e38e|__AUTOMETRIC__
__AUTOMETRIC__|0.1.2|6056|crew_log_872ee5a807cee8b3|0|1786390383.356|98.424|3.076|403673088|435642368|gen_data_d97a59ef1449e38e|__AUTOMETRIC__
__AUTOMETRIC__|0.1.2|6056|crew_log_872ee5a807cee8b3|0|1786390384.373|93.755|2.930|403513344|435486720|gen_data_d97a59ef1449e38e|__AUTOMETRIC__
__AUTOMETRIC__|0.1.2|6056|crew_log_872ee5a807cee8b3|0|1786390385.383|100.528|3.142|403361792|435326976|gen_data_d97a59ef1449e38e|__AUTOMETRIC__
__AUTOMETRIC__|0.1.2|6056|crew_log_872ee5a807cee8b3|0|1786390386.392|100.657|3.146|403345408|435310592|gen_data_d97a59ef1449e38e|__AUTOMETRIC__
__AUTOMETRIC__|0.1.2|6056|crew_log_872ee5a807cee8b3|0|1786390387.405|100.238|3.132|403353600|435322880|gen_data_d97a59ef1449e38e|__AUTOMETRIC__
__AUTOMETRIC__|0.1.2|6056|crew_log_872ee5a807cee8b3|0|1786390388.416|97.376|3.043|403132416|435134464|gen_data_d97a59ef1449e38e|__AUTOMETRIC__
__AUTOMETRIC__|0.1.2|6056|crew_log_872ee5a807cee8b3|0|1786390389.430|98.634|3.082|403759104|435724288|gen_data_d97a59ef1449e38e|__AUTOMETRIC__
__AUTOMETRIC__|0.1.2|6056|crew_log_872ee5a807cee8b3|0|1786390390.437|99.318|3.104|403410944|435376128|gen_data_d97a59ef1449e38e|__AUTOMETRIC__
__AUTOMETRIC__|0.1.2|6056|crew_log_872ee5a807cee8b3|0|1786390391.440|99.671|3.115|403210240|435175424|gen_data_d97a59ef1449e38e|__AUTOMETRIC__
__AUTOMETRIC__|0.1.2|6056|crew_log_872ee5a807cee8b3|0|1786390392.453|100.244|3.133|403144704|435109888|gen_data_d97a59ef1449e38e|__AUTOMETRIC__
__AUTOMETRIC__|0.1.2|6056|crew_log_872ee5a807cee8b3|0|1786390393.459|97.928|3.060|403214336|435179520|gen_data_d97a59ef1449e38e|__AUTOMETRIC__
__AUTOMETRIC__|0.1.2|6056|crew_log_872ee5a807cee8b3|0|1786390394.467|99.171|3.099|403378176|435347456|gen_data_d97a59ef1449e38e|__AUTOMETRIC__
__AUTOMETRIC__|0.1.2|6056|crew_log_872ee5a807cee8b3|0|1786390395.470|102.831|3.213|403136512|435109888|gen_data_d97a59ef1449e38e|__AUTOMETRIC__
__AUTOMETRIC__|0.1.2|6056|crew_log_872ee5a807cee8b3|0|1786390396.473|99.670|3.115|402980864|434966528|gen_data_d97a59ef1449e38e|__AUTOMETRIC__
__AUTOMETRIC__|0.1.2|6056|crew_log_872ee5a807cee8b3|0|1786390397.487|100.187|3.131|403406848|435380224|gen_data_d97a59ef1449e38e|__AUTOMETRIC__
__AUTOMETRIC__|0.1.2|6056|crew_log_872ee5a807cee8b3|0|1786390398.501|98.629|3.082|403075072|435052544|gen_data_d97a59ef1449e38e|__AUTOMETRIC__
__AUTOMETRIC__|0.1.2|6056|crew_log_872ee5a807cee8b3|0|1786390399.515|98.587|3.081|403181568|435150848|gen_data_d97a59ef1449e38e|__AUTOMETRIC__
__AUTOMETRIC__|0.1.2|6056|crew_log_872ee5a807cee8b3|0|1786390400.525|100.594|3.144|403292160|435306496|gen_data_d97a59ef1449e38e|__AUTOMETRIC__
__AUTOMETRIC__|0.1.2|6056|crew_log_872ee5a807cee8b3|0|1786390401.540|99.995|3.125|403644416|435613696|gen_data_d97a59ef1449e38e|__AUTOMETRIC__
__AUTOMETRIC__|0.1.2|6056|crew_log_872ee5a807cee8b3|0|1786390402.543|99.784|3.118|403185664|435154944|gen_data_d97a59ef1449e38e|__AUTOMETRIC__
__AUTOMETRIC__|0.1.2|6056|crew_log_872ee5a807cee8b3|0|1786390403.558|99.993|3.125|403140608|435118080|gen_data_d97a59ef1449e38e|__AUTOMETRIC__
__AUTOMETRIC__|0.1.2|6056|crew_log_872ee5a807cee8b3|0|1786390404.574|99.990|3.125|403402752|435380224|gen_data_d97a59ef1449e38e|__AUTOMETRIC__
__AUTOMETRIC__|0.1.2|6056|crew_log_872ee5a807cee8b3|0|1786390405.589|100.038|3.126|403378176|435355648|gen_data_d97a59ef1449e38e|__AUTOMETRIC__
__AUTOMETRIC__|0.1.2|6056|crew_log_872ee5a807cee8b3|0|1786390406.598|100.654|3.145|403353600|435331072|gen_data_d97a59ef1449e38e|__AUTOMETRIC__
__AUTOMETRIC__|0.1.2|6056|crew_log_872ee5a807cee8b3|0|1786390407.613|100.096|3.128|403353600|435318784|gen_data_d97a59ef1449e38e|__AUTOMETRIC__
__AUTOMETRIC__|0.1.2|6056|crew_log_872ee5a807cee8b3|0|1786390408.627|100.190|3.131|403165184|435130368|gen_data_d97a59ef1449e38e|__AUTOMETRIC__
__AUTOMETRIC__|0.1.2|6056|crew_log_872ee5a807cee8b3|0|1786390409.640|98.638|3.082|403197952|435163136|gen_data_d97a59ef1449e38e|__AUTOMETRIC__
__AUTOMETRIC__|0.1.2|6056|crew_log_872ee5a807cee8b3|0|1786390410.655|101.619|3.176|403308544|435273728|gen_data_d97a59ef1449e38e|__AUTOMETRIC__
__AUTOMETRIC__|0.1.2|6056|crew_log_872ee5a807cee8b3|0|1786390411.666|100.430|3.138|403517440|435499008|gen_data_d97a59ef1449e38e|__AUTOMETRIC__
__AUTOMETRIC__|0.1.2|6056|crew_log_872ee5a807cee8b3|0|1786390412.669|99.752|3.117|403329024|435294208|gen_data_d97a59ef1449e38e|__AUTOMETRIC__
__AUTOMETRIC__|0.1.2|6056|crew_log_872ee5a807cee8b3|0|1786390413.674|101.100|3.159|403529728|435494912|gen_data_d97a59ef1449e38e|__AUTOMETRIC__
__AUTOMETRIC__|0.1.2|6056|crew_log_872ee5a807cee8b3|0|1786390414.686|94.118|2.941|403578880|435544064|gen_data_d97a59ef1449e38e|__AUTOMETRIC__
__AUTOMETRIC__|0.1.2|6056|crew_log_872ee5a807cee8b3|0|1786390415.701|100.089|3.128|403587072|435552256|gen_data_d97a59ef1449e38e|__AUTOMETRIC__
__AUTOMETRIC__|0.1.2|6056|crew_log_872ee5a807cee8b3|0|1786390416.702|101.474|3.171|403484672|435449856|gen_data_d97a59ef1449e38e|__AUTOMETRIC__
__AUTOMETRIC__|0.1.2|6056|crew_log_872ee5a807cee8b3|0|1786390417.707|101.041|3.158|403378176|435343360|gen_data_d97a59ef1449e38e|__AUTOMETRIC__
__AUTOMETRIC__|0.1.2|6056|crew_log_872ee5a807cee8b3|0|1786390418.713|99.449|3.108|403349504|435314688|gen_data_d97a59ef1449e38e|__AUTOMETRIC__
__AUTOMETRIC__|0.1.2|6056|crew_log_872ee5a807cee8b3|0|1786390419.715|99.751|3.117|403382272|435347456|gen_data_d97a59ef1449e38e|__AUTOMETRIC__
__AUTOMETRIC__|0.1.2|6056|crew_log_872ee5a807cee8b3|0|1786390420.718|99.700|3.116|403251200|435216384|gen_data_d97a59ef1449e38e|__AUTOMETRIC__
__AUTOMETRIC__|0.1.2|6056|crew_log_872ee5a807cee8b3|0|1786390421.728|98.998|3.094|403423232|435388416|gen_data_d97a59ef1449e38e|__AUTOMETRIC__
__AUTOMETRIC__|0.1.2|6056|crew_log_872ee5a807cee8b3|0|1786390422.733|99.489|3.109|403566592|435531776|gen_data_d97a59ef1449e38e|__AUTOMETRIC__
__AUTOMETRIC__|0.1.2|6056|crew_log_872ee5a807cee8b3|0|1786390423.748|98.533|3.079|403406848|435380224|gen_data_d97a59ef1449e38e|__AUTOMETRIC__
__AUTOMETRIC__|0.1.2|6056|crew_log_872ee5a807cee8b3|0|1786390424.760|98.784|3.087|403550208|435523584|gen_data_d97a59ef1449e38e|__AUTOMETRIC__
__AUTOMETRIC__|0.1.2|6056|crew_log_872ee5a807cee8b3|0|1786390425.775|98.555|3.080|403570688|435544064|gen_data_d97a59ef1449e38e|__AUTOMETRIC__
__AUTOMETRIC__|0.1.2|6056|crew_log_872ee5a807cee8b3|0|1786390426.791|99.952|3.123|403263488|435236864|gen_data_d97a59ef1449e38e|__AUTOMETRIC__
__AUTOMETRIC__|0.1.2|6056|crew_log_872ee5a807cee8b3|0|1786390427.796|97.983|3.062|403259392|435240960|gen_data_d97a59ef1449e38e|__AUTOMETRIC__
__AUTOMETRIC__|0.1.2|6056|crew_log_872ee5a807cee8b3|0|1786390428.802|100.978|3.156|403357696|435339264|gen_data_d97a59ef1449e38e|__AUTOMETRIC__
__AUTOMETRIC__|0.1.2|6056|crew_log_872ee5a807cee8b3|0|1786390429.805|98.148|3.067|403484672|435585024|gen_data_d97a59ef1449e38e|__AUTOMETRIC__
__AUTOMETRIC__|0.1.2|6056|crew_log_872ee5a807cee8b3|0|1786390430.811|99.410|3.107|403382272|435286016|gen_data_d97a59ef1449e38e|__AUTOMETRIC__
__AUTOMETRIC__|0.1.2|6056|crew_log_872ee5a807cee8b3|0|1786390431.816|102.557|3.205|403628032|435531776|gen_data_d97a59ef1449e38e|__AUTOMETRIC__
__AUTOMETRIC__|0.1.2|6056|crew_log_872ee5a807cee8b3|0|1786390432.822|99.385|3.106|403439616|435343360|gen_data_d97a59ef1449e38e|__AUTOMETRIC__
__AUTOMETRIC__|0.1.2|6056|crew_log_872ee5a807cee8b3|0|1786390433.825|98.167|3.068|403296256|435200000|gen_data_d97a59ef1449e38e|__AUTOMETRIC__
__AUTOMETRIC__|0.1.2|6056|crew_log_872ee5a807cee8b3|0|1786390434.841|99.992|3.125|403292160|435195904|gen_data_d97a59ef1449e38e|__AUTOMETRIC__
__AUTOMETRIC__|0.1.2|6056|crew_log_872ee5a807cee8b3|0|1786390435.854|100.256|3.133|403611648|435515392|gen_data_d97a59ef1449e38e|__AUTOMETRIC__
__AUTOMETRIC__|0.1.2|6056|crew_log_872ee5a807cee8b3|0|1786390436.870|98.386|3.075|403431424|435335168|gen_data_d97a59ef1449e38e|__AUTOMETRIC__
__AUTOMETRIC__|0.1.2|6056|crew_log_872ee5a807cee8b3|0|1786390437.872|96.672|3.021|403533824|435437568|gen_data_d97a59ef1449e38e|__AUTOMETRIC__
__AUTOMETRIC__|0.1.2|6056|crew_log_872ee5a807cee8b3|0|1786390438.876|101.138|3.161|403501056|435412992|gen_data_d97a59ef1449e38e|__AUTOMETRIC__
__AUTOMETRIC__|0.1.2|6056|crew_log_872ee5a807cee8b3|0|1786390439.889|97.257|3.039|403664896|435576832|gen_data_d97a59ef1449e38e|__AUTOMETRIC__
__AUTOMETRIC__|0.1.2|6056|crew_log_872ee5a807cee8b3|0|1786390440.901|101.877|3.184|403316736|435228672|gen_data_d97a59ef1449e38e|__AUTOMETRIC__
__AUTOMETRIC__|0.1.2|6056|crew_log_872ee5a807cee8b3|0|1786390441.905|99.629|3.113|403595264|435507200|gen_data_d97a59ef1449e38e|__AUTOMETRIC__
__AUTOMETRIC__|0.1.2|6056|crew_log_872ee5a807cee8b3|0|1786390442.918|101.808|3.182|403382272|435294208|gen_data_d97a59ef1449e38e|__AUTOMETRIC__
__AUTOMETRIC__|0.1.2|6056|crew_log_872ee5a807cee8b3|0|1786390443.932|98.547|3.080|403341312|435253248|gen_data_d97a59ef1449e38e|__AUTOMETRIC__
__AUTOMETRIC__|0.1.2|6056|crew_log_872ee5a807cee8b3|0|1786390444.935|99.688|3.115|403595264|435499008|gen_data_d97a59ef1449e38e|__AUTOMETRIC__
__AUTOMETRIC__|0.1.2|6056|crew_log_872ee5a807cee8b3|0|1786390445.946|100.450|3.139|403333120|435236864|gen_data_d97a59ef1449e38e|__AUTOMETRIC__
__AUTOMETRIC__|0.1.2|6056|crew_log_872ee5a807cee8b3|0|1786390446.949|99.705|3.116|403312640|435216384|gen_data_d97a59ef1449e38e|__AUTOMETRIC__
__AUTOMETRIC__|0.1.2|6056|crew_log_872ee5a807cee8b3|0|1786390447.959|99.095|3.097|403558400|435462144|gen_data_d97a59ef1449e38e|__AUTOMETRIC__
__AUTOMETRIC__|0.1.2|6056|crew_log_872ee5a807cee8b3|0|1786390448.973|98.577|3.081|403554304|435458048|gen_data_d97a59ef1449e38e|__AUTOMETRIC__
__AUTOMETRIC__|0.1.2|6056|crew_log_872ee5a807cee8b3|0|1786390449.988|98.522|3.079|403603456|435507200|gen_data_d97a59ef1449e38e|__AUTOMETRIC__
__AUTOMETRIC__|0.1.2|6056|crew_log_872ee5a807cee8b3|0|1786390450.998|97.476|3.046|403415040|435318784|gen_data_d97a59ef1449e38e|__AUTOMETRIC__
__AUTOMETRIC__|0.1.2|6056|crew_log_872ee5a807cee8b3|0|1786390452.012|103.242|3.226|403587072|435490816|gen_data_d97a59ef1449e38e|__AUTOMETRIC__
__AUTOMETRIC__|0.1.2|6056|crew_log_872ee5a807cee8b3|0|1786390453.025|100.260|3.133|403537920|435458048|gen_data_d97a59ef1449e38e|__AUTOMETRIC__
__AUTOMETRIC__|0.1.2|6056|crew_log_872ee5a807cee8b3|0|1786390454.035|100.538|3.142|403542016|435458048|gen_data_d97a59ef1449e38e|__AUTOMETRIC__
__AUTOMETRIC__|0.1.2|6056|crew_log_872ee5a807cee8b3|0|1786390455.037|99.798|3.119|403619840|435720192|gen_data_d97a59ef1449e38e|__AUTOMETRIC__
__AUTOMETRIC__|0.1.2|6056|crew_log_872ee5a807cee8b3|0|1786390456.052|100.049|3.127|403378176|435281920|gen_data_d97a59ef1449e38e|__AUTOMETRIC__
__AUTOMETRIC__|0.1.2|6056|crew_log_872ee5a807cee8b3|0|1786390457.068|98.477|3.077|403365888|435277824|gen_data_d97a59ef1449e38e|__AUTOMETRIC__
__AUTOMETRIC__|0.1.2|6056|crew_log_872ee5a807cee8b3|0|1786390458.072|99.605|3.113|403738624|435642368|gen_data_d97a59ef1449e38e|__AUTOMETRIC__
__AUTOMETRIC__|0.1.2|6056|crew_log_872ee5a807cee8b3|0|1786390459.087|100.054|3.127|403451904|435515392|gen_data_d97a59ef1449e38e|__AUTOMETRIC__
__AUTOMETRIC__|0.1.2|6056|crew_log_872ee5a807cee8b3|0|1786390460.098|98.912|3.091|403369984|435273728|gen_data_d97a59ef1449e38e|__AUTOMETRIC__
__AUTOMETRIC__|0.1.2|6056|crew_log_872ee5a807cee8b3|0|1786390461.108|100.509|3.141|403517440|435421184|gen_data_d97a59ef1449e38e|__AUTOMETRIC__
__AUTOMETRIC__|0.1.2|6056|crew_log_872ee5a807cee8b3|0|1786390462.120|98.800|3.088|403505152|435417088|gen_data_d97a59ef1449e38e|__AUTOMETRIC__
__AUTOMETRIC__|0.1.2|6056|crew_log_872ee5a807cee8b3|0|1786390463.132|100.404|3.138|403525632|435437568|gen_data_d97a59ef1449e38e|__AUTOMETRIC__
__AUTOMETRIC__|0.1.2|6056|crew_log_872ee5a807cee8b3|0|1786390464.139|97.713|3.054|403771392|435683328|gen_data_d97a59ef1449e38e|__AUTOMETRIC__
__AUTOMETRIC__|0.1.2|6056|crew_log_872ee5a807cee8b3|0|1786390465.145|99.460|3.108|403599360|435503104|gen_data_d97a59ef1449e38e|__AUTOMETRIC__
__AUTOMETRIC__|0.1.2|6056|crew_log_872ee5a807cee8b3|0|1786390466.146|99.833|3.120|403398656|435302400|gen_data_d97a59ef1449e38e|__AUTOMETRIC__
__AUTOMETRIC__|0.1.2|6056|crew_log_872ee5a807cee8b3|0|1786390467.160|98.673|3.084|403652608|435556352|gen_data_d97a59ef1449e38e|__AUTOMETRIC__
__AUTOMETRIC__|0.1.2|6056|crew_log_872ee5a807cee8b3|0|1786390468.175|100.082|3.128|403488768|435392512|gen_data_d97a59ef1449e38e|__AUTOMETRIC__
__AUTOMETRIC__|0.1.2|6056|crew_log_872ee5a807cee8b3|0|1786390469.178|99.630|3.113|403513344|435429376|gen_data_d97a59ef1449e38e|__AUTOMETRIC__
__AUTOMETRIC__|0.1.2|6056|crew_log_872ee5a807cee8b3|0|1786390470.183|101.091|3.159|403316736|435224576|gen_data_d97a59ef1449e38e|__AUTOMETRIC__
__AUTOMETRIC__|0.1.2|6056|crew_log_872ee5a807cee8b3|0|1786390471.194|100.451|3.139|403849216|435773440|gen_data_d97a59ef1449e38e|__AUTOMETRIC__
__AUTOMETRIC__|0.1.2|6056|crew_log_872ee5a807cee8b3|0|1786390472.204|100.521|3.141|403415040|435339264|gen_data_d97a59ef1449e38e|__AUTOMETRIC__
__AUTOMETRIC__|0.1.2|6056|crew_log_872ee5a807cee8b3|0|1786390473.220|98.486|3.078|403726336|435646464|gen_data_d97a59ef1449e38e|__AUTOMETRIC__
__AUTOMETRIC__|0.1.2|6056|crew_log_872ee5a807cee8b3|0|1786390474.225|99.523|3.110|403656704|435564544|gen_data_d97a59ef1449e38e|__AUTOMETRIC__
__AUTOMETRIC__|0.1.2|6056|crew_log_872ee5a807cee8b3|0|1786390475.227|98.201|3.069|403591168|435494912|gen_data_d97a59ef1449e38e|__AUTOMETRIC__
__AUTOMETRIC__|0.1.2|6056|crew_log_872ee5a807cee8b3|0|1786390476.239|100.361|3.136|403484672|435388416|gen_data_d97a59ef1449e38e|__AUTOMETRIC__
__AUTOMETRIC__|0.1.2|6056|crew_log_872ee5a807cee8b3|0|1786390477.253|98.589|3.081|403681280|435593216|gen_data_d97a59ef1449e38e|__AUTOMETRIC__
__AUTOMETRIC__|0.1.2|6056|crew_log_872ee5a807cee8b3|0|1786390478.263|98.996|3.094|403800064|435703808|gen_data_d97a59ef1449e38e|__AUTOMETRIC__
__AUTOMETRIC__|0.1.2|6056|crew_log_872ee5a807cee8b3|0|1786390479.266|102.827|3.213|403484672|435388416|gen_data_d97a59ef1449e38e|__AUTOMETRIC__
__AUTOMETRIC__|0.1.2|6056|crew_log_872ee5a807cee8b3|0|1786390480.268|99.793|3.119|403779584|435683328|gen_data_d97a59ef1449e38e|__AUTOMETRIC__
__AUTOMETRIC__|0.1.2|6056|crew_log_872ee5a807cee8b3|0|1786390481.281|98.769|3.087|403783680|435687424|gen_data_d97a59ef1449e38e|__AUTOMETRIC__
__AUTOMETRIC__|0.1.2|6056|crew_log_872ee5a807cee8b3|0|1786390482.293|98.836|3.089|403849216|435752960|gen_data_d97a59ef1449e38e|__AUTOMETRIC__
__AUTOMETRIC__|0.1.2|6056|crew_log_872ee5a807cee8b3|0|1786390483.307|100.129|3.129|403636224|435539968|gen_data_d97a59ef1449e38e|__AUTOMETRIC__
__AUTOMETRIC__|0.1.2|6056|crew_log_872ee5a807cee8b3|0|1786390484.323|99.954|3.124|403890176|435802112|gen_data_d97a59ef1449e38e|__AUTOMETRIC__
__AUTOMETRIC__|0.1.2|6056|crew_log_872ee5a807cee8b3|0|1786390485.328|101.023|3.157|403714048|435621888|gen_data_d97a59ef1449e38e|__AUTOMETRIC__
__AUTOMETRIC__|0.1.2|6056|crew_log_872ee5a807cee8b3|0|1786390486.344|99.982|3.124|403587072|435494912|gen_data_d97a59ef1449e38e|__AUTOMETRIC__
__AUTOMETRIC__|0.1.2|6056|crew_log_872ee5a807cee8b3|0|1786390487.355|97.393|3.044|403697664|435605504|gen_data_d97a59ef1449e38e|__AUTOMETRIC__
__AUTOMETRIC__|0.1.2|6056|crew_log_872ee5a807cee8b3|0|1786390488.370|100.073|3.127|403791872|435695616|gen_data_d97a59ef1449e38e|__AUTOMETRIC__
__AUTOMETRIC__|0.1.2|6056|crew_log_872ee5a807cee8b3|0|1786390489.381|97.342|3.042|403689472|435593216|gen_data_d97a59ef1449e38e|__AUTOMETRIC__
__AUTOMETRIC__|0.1.2|6056|crew_log_872ee5a807cee8b3|0|1786390490.396|98.546|3.080|403587072|435490816|gen_data_d97a59ef1449e38e|__AUTOMETRIC__
__AUTOMETRIC__|0.1.2|6056|crew_log_872ee5a807cee8b3|0|1786390491.409|100.234|3.132|403988480|435892224|gen_data_d97a59ef1449e38e|__AUTOMETRIC__
__AUTOMETRIC__|0.1.2|6056|crew_log_872ee5a807cee8b3|0|1786390492.418|99.121|3.098|403484672|435388416|gen_data_d97a59ef1449e38e|__AUTOMETRIC__
__AUTOMETRIC__|0.1.2|6056|crew_log_872ee5a807cee8b3|0|1786390493.433|100.053|3.127|403415040|435318784|gen_data_d97a59ef1449e38e|__AUTOMETRIC__
__AUTOMETRIC__|0.1.2|6056|crew_log_872ee5a807cee8b3|0|1786390494.435|98.224|3.070|403501056|435425280|gen_data_d97a59ef1449e38e|__AUTOMETRIC__
__AUTOMETRIC__|0.1.2|6056|crew_log_872ee5a807cee8b3|0|1786390495.442|102.422|3.201|403468288|435388416|gen_data_d97a59ef1449e38e|__AUTOMETRIC__
__AUTOMETRIC__|0.1.2|6056|crew_log_872ee5a807cee8b3|0|1786390496.457|97.028|3.032|403476480|435396608|gen_data_d97a59ef1449e38e|__AUTOMETRIC__
__AUTOMETRIC__|0.1.2|6056|crew_log_872ee5a807cee8b3|0|1786390497.471|100.085|3.128|403492864|435408896|gen_data_d97a59ef1449e38e|__AUTOMETRIC__
__AUTOMETRIC__|0.1.2|6056|crew_log_872ee5a807cee8b3|0|1786390498.486|100.047|3.126|403591168|435494912|gen_data_d97a59ef1449e38e|__AUTOMETRIC__
__AUTOMETRIC__|0.1.2|6056|crew_log_872ee5a807cee8b3|0|1786390499.489|98.194|3.069|403472384|435376128|gen_data_d97a59ef1449e38e|__AUTOMETRIC__
__AUTOMETRIC__|0.1.2|6056|crew_log_872ee5a807cee8b3|0|1786390500.503|98.595|3.081|403329024|435257344|gen_data_d97a59ef1449e38e|__AUTOMETRIC__
__AUTOMETRIC__|0.1.2|6056|crew_log_872ee5a807cee8b3|0|1786390501.508|99.561|3.111|403492864|435412992|gen_data_d97a59ef1449e38e|__AUTOMETRIC__
__AUTOMETRIC__|0.1.2|6056|crew_log_872ee5a807cee8b3|0|1786390502.517|100.615|3.144|403648512|435568640|gen_data_d97a59ef1449e38e|__AUTOMETRIC__
__AUTOMETRIC__|0.1.2|6056|crew_log_872ee5a807cee8b3|0|1786390503.520|98.125|3.066|404021248|435933184|gen_data_d97a59ef1449e38e|__AUTOMETRIC__
__AUTOMETRIC__|0.1.2|6056|crew_log_872ee5a807cee8b3|0|1786390504.533|98.724|3.085|403742720|435650560|gen_data_d97a59ef1449e38e|__AUTOMETRIC__
__AUTOMETRIC__|0.1.2|6056|crew_log_872ee5a807cee8b3|0|1786390505.536|99.759|3.117|403775488|435683328|gen_data_d97a59ef1449e38e|__AUTOMETRIC__
__AUTOMETRIC__|0.1.2|6056|crew_log_872ee5a807cee8b3|0|1786390506.545|99.026|3.095|403525632|435429376|gen_data_d97a59ef1449e38e|__AUTOMETRIC__
__AUTOMETRIC__|0.1.2|6056|crew_log_872ee5a807cee8b3|0|1786390507.548|99.709|3.116|403726336|435630080|gen_data_d97a59ef1449e38e|__AUTOMETRIC__
__AUTOMETRIC__|0.1.2|6056|crew_log_872ee5a807cee8b3|0|1786390508.563|100.043|3.126|403714048|435703808|gen_data_d97a59ef1449e38e|__AUTOMETRIC__
__AUTOMETRIC__|0.1.2|6056|crew_log_872ee5a807cee8b3|0|1786390509.575|97.283|3.040|403722240|435630080|gen_data_d97a59ef1449e38e|__AUTOMETRIC__
__AUTOMETRIC__|0.1.2|6056|crew_log_872ee5a807cee8b3|0|1786390510.580|102.657|3.208|403881984|435785728|gen_data_d97a59ef1449e38e|__AUTOMETRIC__
__AUTOMETRIC__|0.1.2|6056|crew_log_872ee5a807cee8b3|0|1786390511.591|98.911|3.091|403693568|435597312|gen_data_d97a59ef1449e38e|__AUTOMETRIC__
__AUTOMETRIC__|0.1.2|6056|crew_log_872ee5a807cee8b3|0|1786390512.593|102.864|3.215|403734528|435638272|gen_data_d97a59ef1449e38e|__AUTOMETRIC__
__AUTOMETRIC__|0.1.2|6056|crew_log_872ee5a807cee8b3|0|1786390513.601|96.140|3.004|403886080|435789824|gen_data_d97a59ef1449e38e|__AUTOMETRIC__
__AUTOMETRIC__|0.1.2|6056|crew_log_872ee5a807cee8b3|0|1786390514.617|99.956|3.124|403566592|435470336|gen_data_d97a59ef1449e38e|__AUTOMETRIC__
__AUTOMETRIC__|0.1.2|6056|crew_log_872ee5a807cee8b3|0|1786390515.618|99.897|3.122|403812352|435716096|gen_data_d97a59ef1449e38e|__AUTOMETRIC__
__AUTOMETRIC__|0.1.2|6056|crew_log_872ee5a807cee8b3|0|1786390516.628|100.583|3.143|403677184|435580928|gen_data_d97a59ef1449e38e|__AUTOMETRIC__
__AUTOMETRIC__|0.1.2|6056|crew_log_872ee5a807cee8b3|0|1786390517.643|98.540|3.079|403701760|435605504|gen_data_d97a59ef1449e38e|__AUTOMETRIC__
__AUTOMETRIC__|0.1.2|6056|crew_log_872ee5a807cee8b3|0|1786390518.657|98.609|3.082|403730432|435740672|gen_data_d97a59ef1449e38e|__AUTOMETRIC__
__AUTOMETRIC__|0.1.2|6056|crew_log_872ee5a807cee8b3|0|1786390519.670|98.743|3.086|403877888|435785728|gen_data_d97a59ef1449e38e|__AUTOMETRIC__
__AUTOMETRIC__|0.1.2|6056|crew_log_872ee5a807cee8b3|0|1786390520.683|101.785|3.181|403898368|435806208|gen_data_d97a59ef1449e38e|__AUTOMETRIC__
__AUTOMETRIC__|0.1.2|6056|crew_log_872ee5a807cee8b3|0|1786390521.685|98.183|3.068|403701760|435609600|gen_data_d97a59ef1449e38e|__AUTOMETRIC__
__AUTOMETRIC__|0.1.2|6056|crew_log_872ee5a807cee8b3|0|1786390522.697|101.959|3.186|403804160|435712000|gen_data_d97a59ef1449e38e|__AUTOMETRIC__
__AUTOMETRIC__|0.1.2|6056|crew_log_872ee5a807cee8b3|0|1786390523.713|99.949|3.123|403824640|435732480|gen_data_d97a59ef1449e38e|__AUTOMETRIC__
__AUTOMETRIC__|0.1.2|6056|crew_log_872ee5a807cee8b3|0|1786390524.718|101.063|3.158|403746816|435654656|gen_data_d97a59ef1449e38e|__AUTOMETRIC__
__AUTOMETRIC__|0.1.2|6056|crew_log_872ee5a807cee8b3|0|1786390525.733|98.486|3.078|403836928|435744768|gen_data_d97a59ef1449e38e|__AUTOMETRIC__
__AUTOMETRIC__|0.1.2|6056|crew_log_872ee5a807cee8b3|0|1786390526.744|98.947|3.092|403767296|435671040|gen_data_d97a59ef1449e38e|__AUTOMETRIC__
__AUTOMETRIC__|0.1.2|6056|crew_log_872ee5a807cee8b3|0|1786390527.748|101.168|3.161|403804160|435707904|gen_data_d97a59ef1449e38e|__AUTOMETRIC__
__AUTOMETRIC__|0.1.2|6056|crew_log_872ee5a807cee8b3|0|1786390528.763|98.463|3.077|403816448|435720192|gen_data_d97a59ef1449e38e|__AUTOMETRIC__
__AUTOMETRIC__|0.1.2|6056|crew_log_872ee5a807cee8b3|0|1786390529.778|100.100|3.128|404029440|435933184|gen_data_d97a59ef1449e38e|__AUTOMETRIC__
__AUTOMETRIC__|0.1.2|6056|crew_log_872ee5a807cee8b3|0|1786390530.789|100.500|3.141|403881984|435785728|gen_data_d97a59ef1449e38e|__AUTOMETRIC__
__AUTOMETRIC__|0.1.2|6056|crew_log_872ee5a807cee8b3|0|1786390531.794|97.946|3.061|403865600|435769344|gen_data_d97a59ef1449e38e|__AUTOMETRIC__
__AUTOMETRIC__|0.1.2|6056|crew_log_872ee5a807cee8b3|0|1786390532.797|99.641|3.114|403820544|435728384|gen_data_d97a59ef1449e38e|__AUTOMETRIC__
__AUTOMETRIC__|0.1.2|6056|crew_log_872ee5a807cee8b3|0|1786390533.800|98.201|3.069|403939328|435867648|gen_data_d97a59ef1449e38e|__AUTOMETRIC__
__AUTOMETRIC__|0.1.2|6056|crew_log_872ee5a807cee8b3|0|1786390534.810|99.013|3.094|403787776|435691520|gen_data_d97a59ef1449e38e|__AUTOMETRIC__
__AUTOMETRIC__|0.1.2|6056|crew_log_872ee5a807cee8b3|0|1786390535.815|100.994|3.156|403656704|435564544|gen_data_d97a59ef1449e38e|__AUTOMETRIC__
__AUTOMETRIC__|0.1.2|6056|crew_log_872ee5a807cee8b3|0|1786390536.823|96.094|3.003|403734528|435638272|gen_data_d97a59ef1449e38e|__AUTOMETRIC__
__AUTOMETRIC__|0.1.2|6056|crew_log_872ee5a807cee8b3|0|1786390537.825|99.877|3.121|403869696|435773440|gen_data_d97a59ef1449e38e|__AUTOMETRIC__
__AUTOMETRIC__|0.1.2|6056|crew_log_872ee5a807cee8b3|0|1786390538.838|97.158|3.036|404103168|436006912|gen_data_d97a59ef1449e38e|__AUTOMETRIC__
__AUTOMETRIC__|0.1.2|6056|crew_log_872ee5a807cee8b3|0|1786390539.839|99.898|3.122|403804160|435707904|gen_data_d97a59ef1449e38e|__AUTOMETRIC__
__AUTOMETRIC__|0.1.2|6056|crew_log_872ee5a807cee8b3|0|1786390540.854|98.481|3.078|403890176|435793920|gen_data_d97a59ef1449e38e|__AUTOMETRIC__
__AUTOMETRIC__|0.1.2|6056|crew_log_872ee5a807cee8b3|0|1786390541.866|98.863|3.089|403927040|435830784|gen_data_d97a59ef1449e38e|__AUTOMETRIC__
__AUTOMETRIC__|0.1.2|6056|crew_log_872ee5a807cee8b3|0|1786390542.882|98.432|3.076|403800064|435707904|gen_data_d97a59ef1449e38e|__AUTOMETRIC__
__AUTOMETRIC__|0.1.2|6056|crew_log_872ee5a807cee8b3|0|1786390543.893|100.384|3.137|404111360|436019200|gen_data_d97a59ef1449e38e|__AUTOMETRIC__
__AUTOMETRIC__|0.1.2|6056|crew_log_872ee5a807cee8b3|0|1786390544.895|98.281|3.071|403881984|435789824|gen_data_d97a59ef1449e38e|__AUTOMETRIC__
__AUTOMETRIC__|0.1.2|6056|crew_log_872ee5a807cee8b3|0|1786390545.911|100.006|3.125|403877888|435781632|gen_data_d97a59ef1449e38e|__AUTOMETRIC__
__AUTOMETRIC__|0.1.2|6056|crew_log_872ee5a807cee8b3|0|1786390546.925|100.068|3.127|403767296|435671040|gen_data_d97a59ef1449e38e|__AUTOMETRIC__
__AUTOMETRIC__|0.1.2|6056|crew_log_872ee5a807cee8b3|0|1786390547.938|97.243|3.039|403795968|435699712|gen_data_d97a59ef1449e38e|__AUTOMETRIC__
__AUTOMETRIC__|0.1.2|6056|crew_log_872ee5a807cee8b3|0|1786390548.944|99.350|3.105|404107264|436011008|gen_data_d97a59ef1449e38e|__AUTOMETRIC__
__AUTOMETRIC__|0.1.2|6056|crew_log_872ee5a807cee8b3|0|1786390549.955|98.932|3.092|403795968|435687424|gen_data_d97a59ef1449e38e|__AUTOMETRIC__
__AUTOMETRIC__|0.1.2|6056|crew_log_872ee5a807cee8b3|0|1786390550.960|99.519|3.110|403968000|435871744|gen_data_d97a59ef1449e38e|__AUTOMETRIC__
__AUTOMETRIC__|0.1.2|6056|crew_log_872ee5a807cee8b3|0|1786390551.962|99.805|3.119|403841024|435744768|gen_data_d97a59ef1449e38e|__AUTOMETRIC__
__AUTOMETRIC__|0.1.2|6056|crew_log_872ee5a807cee8b3|0|1786390552.967|96.380|3.012|404033536|435937280|gen_data_d97a59ef1449e38e|__AUTOMETRIC__
__AUTOMETRIC__|0.1.2|6056|crew_log_872ee5a807cee8b3|0|1786390553.982|100.093|3.128|403947520|435851264|gen_data_d97a59ef1449e38e|__AUTOMETRIC__
__AUTOMETRIC__|0.1.2|6056|crew_log_872ee5a807cee8b3|0|1786390554.996|101.633|3.176|403992576|435896320|gen_data_d97a59ef1449e38e|__AUTOMETRIC__
__AUTOMETRIC__|0.1.2|6056|crew_log_872ee5a807cee8b3|0|1786390556.005|99.172|3.099|404201472|436105216|gen_data_d97a59ef1449e38e|__AUTOMETRIC__
__AUTOMETRIC__|0.1.2|6056|crew_log_872ee5a807cee8b3|0|1786390557.012|99.257|3.102|404037632|435929088|gen_data_d97a59ef1449e38e|__AUTOMETRIC__
__AUTOMETRIC__|0.1.2|6056|crew_log_872ee5a807cee8b3|0|1786390558.020|102.368|3.199|403705856|435609600|gen_data_d97a59ef1449e38e|__AUTOMETRIC__
__AUTOMETRIC__|0.1.2|6056|crew_log_872ee5a807cee8b3|0|1786390559.033|100.258|3.133|403709952|435613696|gen_data_d97a59ef1449e38e|__AUTOMETRIC__
__AUTOMETRIC__|0.1.2|6056|crew_log_872ee5a807cee8b3|0|1786390560.046|100.264|3.133|403714048|435617792|gen_data_d97a59ef1449e38e|__AUTOMETRIC__
__AUTOMETRIC__|0.1.2|6056|crew_log_872ee5a807cee8b3|0|1786390561.047|99.822|3.119|403722240|435761152|gen_data_d97a59ef1449e38e|__AUTOMETRIC__
__AUTOMETRIC__|0.1.2|6056|crew_log_872ee5a807cee8b3|0|1786390562.062|100.087|3.128|404037632|435941376|gen_data_d97a59ef1449e38e|__AUTOMETRIC__
__AUTOMETRIC__|0.1.2|6056|crew_log_872ee5a807cee8b3|0|1786390563.069|97.730|3.054|404045824|435949568|gen_data_d97a59ef1449e38e|__AUTOMETRIC__
__AUTOMETRIC__|0.1.2|6056|crew_log_872ee5a807cee8b3|0|1786390564.086|99.923|3.123|403714048|435617792|gen_data_d97a59ef1449e38e|__AUTOMETRIC__
__AUTOMETRIC__|0.1.2|6056|crew_log_872ee5a807cee8b3|0|1786390565.087|98.265|3.071|404099072|436002816|gen_data_d97a59ef1449e38e|__AUTOMETRIC__
__AUTOMETRIC__|0.1.2|6056|crew_log_872ee5a807cee8b3|0|1786390566.092|101.104|3.160|403992576|435904512|gen_data_d97a59ef1449e38e|__AUTOMETRIC__
__AUTOMETRIC__|0.1.2|6056|crew_log_872ee5a807cee8b3|0|1786390567.107|98.550|3.080|403685376|435589120|gen_data_d97a59ef1449e38e|__AUTOMETRIC__
__AUTOMETRIC__|0.1.2|6056|crew_log_872ee5a807cee8b3|0|1786390568.122|101.617|3.176|403726336|435630080|gen_data_d97a59ef1449e38e|__AUTOMETRIC__
__AUTOMETRIC__|0.1.2|6056|crew_log_872ee5a807cee8b3|0|1786390569.135|100.217|3.132|403857408|435761152|gen_data_d97a59ef1449e38e|__AUTOMETRIC__
__AUTOMETRIC__|0.1.2|6056|crew_log_872ee5a807cee8b3|0|1786390570.142|100.855|3.152|403922944|435826688|gen_data_d97a59ef1449e38e|__AUTOMETRIC__
__AUTOMETRIC__|0.1.2|6056|crew_log_872ee5a807cee8b3|0|1786390571.156|100.183|3.131|404156416|436060160|gen_data_d97a59ef1449e38e|__AUTOMETRIC__
__AUTOMETRIC__|0.1.2|6056|crew_log_872ee5a807cee8b3|0|1786390572.168|97.220|3.038|403959808|435863552|gen_data_d97a59ef1449e38e|__AUTOMETRIC__
__AUTOMETRIC__|0.1.2|6056|crew_log_872ee5a807cee8b3|0|1786390573.177|102.230|3.195|404082688|436060160|gen_data_d97a59ef1449e38e|__AUTOMETRIC__
__AUTOMETRIC__|0.1.2|6056|crew_log_872ee5a807cee8b3|0|1786390574.188|100.457|3.139|403832832|435736576|gen_data_d97a59ef1449e38e|__AUTOMETRIC__
__AUTOMETRIC__|0.1.2|6056|crew_log_872ee5a807cee8b3|0|1786390575.204|100.009|3.125|403755008|435658752|gen_data_d97a59ef1449e38e|__AUTOMETRIC__
__AUTOMETRIC__|0.1.2|6056|crew_log_872ee5a807cee8b3|0|1786390576.215|97.315|3.041|404127744|436031488|gen_data_d97a59ef1449e38e|__AUTOMETRIC__
__AUTOMETRIC__|0.1.2|6056|crew_log_872ee5a807cee8b3|0|1786390577.229|101.755|3.180|403869696|435773440|gen_data_d97a59ef1449e38e|__AUTOMETRIC__
__AUTOMETRIC__|0.1.2|6056|crew_log_872ee5a807cee8b3|0|1786390578.236|100.785|3.150|404279296|436183040|gen_data_d97a59ef1449e38e|__AUTOMETRIC__
__AUTOMETRIC__|0.1.2|6056|crew_log_872ee5a807cee8b3|0|1786390579.242|97.925|3.060|403980288|435884032|gen_data_d97a59ef1449e38e|__AUTOMETRIC__
__AUTOMETRIC__|0.1.2|6056|crew_log_872ee5a807cee8b3|0|1786390580.252|100.469|3.140|403898368|435802112|gen_data_d97a59ef1449e38e|__AUTOMETRIC__
__AUTOMETRIC__|0.1.2|6056|crew_log_872ee5a807cee8b3|0|1786390581.258|97.940|3.061|404115456|436006912|gen_data_d97a59ef1449e38e|__AUTOMETRIC__
__AUTOMETRIC__|0.1.2|6056|crew_log_872ee5a807cee8b3|0|1786390582.266|100.732|3.148|404213760|436105216|gen_data_d97a59ef1449e38e|__AUTOMETRIC__
__AUTOMETRIC__|0.1.2|6056|crew_log_872ee5a807cee8b3|0|1786390583.277|97.300|3.041|403939328|435843072|gen_data_d97a59ef1449e38e|__AUTOMETRIC__
__AUTOMETRIC__|0.1.2|6056|crew_log_872ee5a807cee8b3|0|1786390584.292|101.628|3.176|404262912|436166656|gen_data_d97a59ef1449e38e|__AUTOMETRIC__
__AUTOMETRIC__|0.1.2|6056|crew_log_872ee5a807cee8b3|0|1786390585.307|96.999|3.031|404160512|436080640|gen_data_d97a59ef1449e38e|__AUTOMETRIC__
__AUTOMETRIC__|0.1.2|6056|crew_log_872ee5a807cee8b3|0|1786390586.312|101.099|3.159|404209664|436129792|gen_data_d97a59ef1449e38e|__AUTOMETRIC__
__AUTOMETRIC__|0.1.2|6056|crew_log_872ee5a807cee8b3|0|1786390587.327|98.487|3.078|404099072|436019200|gen_data_d97a59ef1449e38e|__AUTOMETRIC__
__AUTOMETRIC__|0.1.2|6056|crew_log_872ee5a807cee8b3|0|1786390588.340|98.670|3.083|404062208|435982336|gen_data_d97a59ef1449e38e|__AUTOMETRIC__
__AUTOMETRIC__|0.1.2|6056|crew_log_872ee5a807cee8b3|0|1786390589.341|99.896|3.122|404090880|436011008|gen_data_d97a59ef1449e38e|__AUTOMETRIC__
__AUTOMETRIC__|0.1.2|6056|crew_log_872ee5a807cee8b3|0|1786390590.355|101.789|3.181|404451328|436371456|gen_data_d97a59ef1449e38e|__AUTOMETRIC__
__AUTOMETRIC__|0.1.2|6056|crew_log_872ee5a807cee8b3|0|1786390591.356|98.338|3.073|404058112|435961856|gen_data_d97a59ef1449e38e|__AUTOMETRIC__
__AUTOMETRIC__|0.1.2|6056|crew_log_872ee5a807cee8b3|0|1786390592.356|99.933|3.123|404021248|435982336|gen_data_d97a59ef1449e38e|__AUTOMETRIC__
__AUTOMETRIC__|0.1.2|6056|crew_log_872ee5a807cee8b3|0|1786390593.373|99.922|3.123|404021248|435924992|gen_data_d97a59ef1449e38e|__AUTOMETRIC__
__AUTOMETRIC__|0.1.2|6056|crew_log_872ee5a807cee8b3|0|1786390594.376|99.692|3.115|404082688|435986432|gen_data_d97a59ef1449e38e|__AUTOMETRIC__
__AUTOMETRIC__|0.1.2|6056|crew_log_872ee5a807cee8b3|0|1786390595.380|98.052|3.064|404123648|436035584|gen_data_d97a59ef1449e38e|__AUTOMETRIC__
__AUTOMETRIC__|0.1.2|6056|crew_log_872ee5a807cee8b3|0|1786390596.395|96.943|3.029|404144128|436056064|gen_data_d97a59ef1449e38e|__AUTOMETRIC__
__AUTOMETRIC__|0.1.2|6056|crew_log_872ee5a807cee8b3|0|1786390597.410|100.085|3.128|404348928|436187136|gen_data_d97a59ef1449e38e|__AUTOMETRIC__
__AUTOMETRIC__|0.1.2|6056|crew_log_872ee5a807cee8b3|0|1786390598.426|99.977|3.124|404455424|436400128|gen_data_d97a59ef1449e38e|__AUTOMETRIC__
__AUTOMETRIC__|0.1.2|6056|crew_log_872ee5a807cee8b3|0|1786390599.430|98.058|3.064|404295680|436125696|gen_data_d97a59ef1449e38e|__AUTOMETRIC__
__AUTOMETRIC__|0.1.2|6056|crew_log_872ee5a807cee8b3|0|1786390600.437|99.275|3.102|404312064|436142080|gen_data_d97a59ef1449e38e|__AUTOMETRIC__
__AUTOMETRIC__|0.1.2|6056|crew_log_872ee5a807cee8b3|0|1786390601.444|99.333|3.104|404316160|436146176|gen_data_d97a59ef1449e38e|__AUTOMETRIC__
__AUTOMETRIC__|0.1.2|6056|crew_log_872ee5a807cee8b3|0|1786390602.457|100.206|3.131|404443136|436277248|gen_data_d97a59ef1449e38e|__AUTOMETRIC__
__AUTOMETRIC__|0.1.2|6056|crew_log_872ee5a807cee8b3|0|1786390603.471|100.146|3.130|404176896|436011008|gen_data_d97a59ef1449e38e|__AUTOMETRIC__
__AUTOMETRIC__|0.1.2|6056|crew_log_872ee5a807cee8b3|0|1786390604.474|99.759|3.117|404246528|436076544|gen_data_d97a59ef1449e38e|__AUTOMETRIC__
__AUTOMETRIC__|0.1.2|6056|crew_log_872ee5a807cee8b3|0|1786390605.480|99.415|3.107|404193280|436031488|gen_data_d97a59ef1449e38e|__AUTOMETRIC__
__AUTOMETRIC__|0.1.2|6056|crew_log_872ee5a807cee8b3|0|1786390606.495|96.913|3.029|404135936|435974144|gen_data_d97a59ef1449e38e|__AUTOMETRIC__
__AUTOMETRIC__|0.1.2|6056|crew_log_872ee5a807cee8b3|0|1786390607.511|98.509|3.078|404201472|436035584|gen_data_d97a59ef1449e38e|__AUTOMETRIC__
__AUTOMETRIC__|0.1.2|6056|crew_log_872ee5a807cee8b3|0|1786390608.515|101.156|3.161|404348928|436178944|gen_data_d97a59ef1449e38e|__AUTOMETRIC__
__AUTOMETRIC__|0.1.2|6056|crew_log_872ee5a807cee8b3|0|1786390609.519|99.589|3.112|404271104|436101120|gen_data_d97a59ef1449e38e|__AUTOMETRIC__
__AUTOMETRIC__|0.1.2|6056|crew_log_872ee5a807cee8b3|0|1786390610.520|99.896|3.122|404320256|436150272|gen_data_d97a59ef1449e38e|__AUTOMETRIC__
__AUTOMETRIC__|0.1.2|6056|crew_log_872ee5a807cee8b3|0|1786390611.534|100.175|3.130|404279296|436109312|gen_data_d97a59ef1449e38e|__AUTOMETRIC__
__AUTOMETRIC__|0.1.2|6056|crew_log_872ee5a807cee8b3|0|1786390612.537|99.694|3.115|404328448|436166656|gen_data_d97a59ef1449e38e|__AUTOMETRIC__
__AUTOMETRIC__|0.1.2|6056|crew_log_872ee5a807cee8b3|0|1786390613.546|100.635|3.145|404262912|436101120|gen_data_d97a59ef1449e38e|__AUTOMETRIC__
__AUTOMETRIC__|0.1.2|6056|crew_log_872ee5a807cee8b3|0|1786390614.560|100.188|3.131|404557824|436387840|gen_data_d97a59ef1449e38e|__AUTOMETRIC__
__AUTOMETRIC__|0.1.2|6056|crew_log_872ee5a807cee8b3|0|1786390615.573|100.241|3.133|404705280|436555776|gen_data_d97a59ef1449e38e|__AUTOMETRIC__
__AUTOMETRIC__|0.1.2|6056|crew_log_872ee5a807cee8b3|0|1786390616.587|100.142|3.129|404443136|436281344|gen_data_d97a59ef1449e38e|__AUTOMETRIC__
__AUTOMETRIC__|0.1.2|6056|crew_log_872ee5a807cee8b3|0|1786390617.593|99.427|3.107|404496384|436371456|gen_data_d97a59ef1449e38e|__AUTOMETRIC__
__AUTOMETRIC__|0.1.2|6056|crew_log_872ee5a807cee8b3|0|1786390618.594|99.884|3.121|404324352|436158464|gen_data_d97a59ef1449e38e|__AUTOMETRIC__
__AUTOMETRIC__|0.1.2|6056|crew_log_872ee5a807cee8b3|0|1786390619.606|97.258|3.039|404373504|436203520|gen_data_d97a59ef1449e38e|__AUTOMETRIC__
__AUTOMETRIC__|0.1.2|6056|crew_log_872ee5a807cee8b3|0|1786390620.608|98.274|3.071|404451328|436281344|gen_data_d97a59ef1449e38e|__AUTOMETRIC__
__AUTOMETRIC__|0.1.2|6056|crew_log_872ee5a807cee8b3|0|1786390621.621|95.622|2.988|404402176|436232192|gen_data_d97a59ef1449e38e|__AUTOMETRIC__
__AUTOMETRIC__|0.1.2|6056|crew_log_872ee5a807cee8b3|0|1786390622.633|101.831|3.182|404451328|436281344|gen_data_d97a59ef1449e38e|__AUTOMETRIC__
__AUTOMETRIC__|0.1.2|6056|crew_log_872ee5a807cee8b3|0|1786390623.638|96.454|3.014|404439040|436269056|gen_data_d97a59ef1449e38e|__AUTOMETRIC__
__AUTOMETRIC__|0.1.2|6056|crew_log_872ee5a807cee8b3|0|1786390624.646|100.747|3.148|404709376|436539392|gen_data_d97a59ef1449e38e|__AUTOMETRIC__
__AUTOMETRIC__|0.1.2|6056|crew_log_872ee5a807cee8b3|0|1786390625.656|100.509|3.141|404668416|436498432|gen_data_d97a59ef1449e38e|__AUTOMETRIC__
__AUTOMETRIC__|0.1.2|6056|crew_log_872ee5a807cee8b3|0|1786390626.666|99.030|3.095|404553728|436383744|gen_data_d97a59ef1449e38e|__AUTOMETRIC__
__AUTOMETRIC__|0.1.2|6056|crew_log_872ee5a807cee8b3|0|1786390627.672|100.986|3.156|404389888|436219904|gen_data_d97a59ef1449e38e|__AUTOMETRIC__
__AUTOMETRIC__|0.1.2|6056|crew_log_872ee5a807cee8b3|0|1786390628.682|98.971|3.093|404484096|436342784|gen_data_d97a59ef1449e38e|__AUTOMETRIC__
__AUTOMETRIC__|0.1.2|6056|crew_log_872ee5a807cee8b3|0|1786390629.687|101.054|3.158|404512768|436342784|gen_data_d97a59ef1449e38e|__AUTOMETRIC__
__AUTOMETRIC__|0.1.2|6056|crew_log_872ee5a807cee8b3|0|1786390630.694|99.384|3.106|404709376|436539392|gen_data_d97a59ef1449e38e|__AUTOMETRIC__
__AUTOMETRIC__|0.1.2|6056|crew_log_872ee5a807cee8b3|0|1786390631.709|98.523|3.079|404705280|436535296|gen_data_d97a59ef1449e38e|__AUTOMETRIC__
__AUTOMETRIC__|0.1.2|6056|crew_log_872ee5a807cee8b3|0|1786390632.710|99.814|3.119|404312064|436142080|gen_data_d97a59ef1449e38e|__AUTOMETRIC__
__AUTOMETRIC__|0.1.2|6056|crew_log_872ee5a807cee8b3|0|1786390633.720|100.586|3.143|404439040|436269056|gen_data_d97a59ef1449e38e|__AUTOMETRIC__
__AUTOMETRIC__|0.1.2|6056|crew_log_872ee5a807cee8b3|0|1786390634.727|99.337|3.104|404467712|436297728|gen_data_d97a59ef1449e38e|__AUTOMETRIC__
__AUTOMETRIC__|0.1.2|6056|crew_log_872ee5a807cee8b3|0|1786390635.741|98.637|3.082|404643840|436477952|gen_data_d97a59ef1449e38e|__AUTOMETRIC__
__AUTOMETRIC__|0.1.2|6056|crew_log_872ee5a807cee8b3|0|1786390636.756|98.434|3.076|404348928|436183040|gen_data_d97a59ef1449e38e|__AUTOMETRIC__
__AUTOMETRIC__|0.1.2|6056|crew_log_872ee5a807cee8b3|0|1786390637.771|100.127|3.129|404447232|436277248|gen_data_d97a59ef1449e38e|__AUTOMETRIC__
__AUTOMETRIC__|0.1.2|6056|crew_log_872ee5a807cee8b3|0|1786390638.784|100.238|3.132|404471808|436314112|gen_data_d97a59ef1449e38e|__AUTOMETRIC__
__AUTOMETRIC__|0.1.2|6056|crew_log_872ee5a807cee8b3|0|1786390639.800|99.994|3.125|404475904|436305920|gen_data_d97a59ef1449e38e|__AUTOMETRIC__
__AUTOMETRIC__|0.1.2|6056|crew_log_872ee5a807cee8b3|0|1786390640.815|98.532|3.079|404480000|436310016|gen_data_d97a59ef1449e38e|__AUTOMETRIC__
__AUTOMETRIC__|0.1.2|6056|crew_log_872ee5a807cee8b3|0|1786390641.816|99.908|3.122|404586496|436416512|gen_data_d97a59ef1449e38e|__AUTOMETRIC__
__AUTOMETRIC__|0.1.2|6056|crew_log_872ee5a807cee8b3|0|1786390642.831|100.006|3.125|404574208|436404224|gen_data_d97a59ef1449e38e|__AUTOMETRIC__
__AUTOMETRIC__|0.1.2|6056|crew_log_872ee5a807cee8b3|0|1786390643.837|99.461|3.108|404484096|436314112|gen_data_d97a59ef1449e38e|__AUTOMETRIC__
__AUTOMETRIC__|0.1.2|6056|crew_log_872ee5a807cee8b3|0|1786390644.842|101.010|3.157|404525056|436355072|gen_data_d97a59ef1449e38e|__AUTOMETRIC__
__AUTOMETRIC__|0.1.2|6056|crew_log_872ee5a807cee8b3|0|1786390645.848|99.373|3.105|404525056|436367360|gen_data_d97a59ef1449e38e|__AUTOMETRIC__
__AUTOMETRIC__|0.1.2|6056|crew_log_872ee5a807cee8b3|0|1786390646.860|98.806|3.088|404623360|436469760|gen_data_d97a59ef1449e38e|__AUTOMETRIC__
__AUTOMETRIC__|0.1.2|6056|crew_log_872ee5a807cee8b3|0|1786390647.862|99.831|3.120|404770816|436600832|gen_data_d97a59ef1449e38e|__AUTOMETRIC__
__AUTOMETRIC__|0.1.2|6056|crew_log_872ee5a807cee8b3|0|1786390648.866|98.034|3.064|404643840|436473856|gen_data_d97a59ef1449e38e|__AUTOMETRIC__
__AUTOMETRIC__|0.1.2|6056|crew_log_872ee5a807cee8b3|0|1786390649.872|99.418|3.107|404463616|436293632|gen_data_d97a59ef1449e38e|__AUTOMETRIC__
__AUTOMETRIC__|0.1.2|6056|crew_log_872ee5a807cee8b3|0|1786390650.876|99.640|3.114|404598784|436428800|gen_data_d97a59ef1449e38e|__AUTOMETRIC__
__AUTOMETRIC__|0.1.2|6056|crew_log_872ee5a807cee8b3|0|1786390651.890|100.177|3.131|404934656|436772864|gen_data_d97a59ef1449e38e|__AUTOMETRIC__
__AUTOMETRIC__|0.1.2|6056|crew_log_872ee5a807cee8b3|0|1786390652.893|98.121|3.066|404643840|436482048|gen_data_d97a59ef1449e38e|__AUTOMETRIC__
__AUTOMETRIC__|0.1.2|6056|crew_log_872ee5a807cee8b3|0|1786390653.893|99.933|3.123|404590592|436424704|gen_data_d97a59ef1449e38e|__AUTOMETRIC__
__AUTOMETRIC__|0.1.2|6056|crew_log_872ee5a807cee8b3|0|1786390654.896|99.745|3.117|404586496|436416512|gen_data_d97a59ef1449e38e|__AUTOMETRIC__
__AUTOMETRIC__|0.1.2|6056|crew_log_872ee5a807cee8b3|0|1786390655.905|99.151|3.098|404705280|436535296|gen_data_d97a59ef1449e38e|__AUTOMETRIC__
__AUTOMETRIC__|0.1.2|6056|crew_log_872ee5a807cee8b3|0|1786390656.907|98.200|3.069|404537344|436367360|gen_data_d97a59ef1449e38e|__AUTOMETRIC__
__AUTOMETRIC__|0.1.2|6056|crew_log_872ee5a807cee8b3|0|1786390657.913|99.405|3.106|404729856|436559872|gen_data_d97a59ef1449e38e|__AUTOMETRIC__
__AUTOMETRIC__|0.1.2|6056|crew_log_872ee5a807cee8b3|0|1786390658.915|99.795|3.119|404615168|436445184|gen_data_d97a59ef1449e38e|__AUTOMETRIC__
__AUTOMETRIC__|0.1.2|6056|crew_log_872ee5a807cee8b3|0|1786390659.932|98.366|3.074|404500480|436330496|gen_data_d97a59ef1449e38e|__AUTOMETRIC__
__AUTOMETRIC__|0.1.2|6056|crew_log_872ee5a807cee8b3|0|1786390660.938|100.924|3.154|404647936|436477952|gen_data_d97a59ef1449e38e|__AUTOMETRIC__
__AUTOMETRIC__|0.1.2|6056|crew_log_872ee5a807cee8b3|0|1786390661.943|97.915|3.060|404586496|436490240|gen_data_d97a59ef1449e38e|__AUTOMETRIC__
__AUTOMETRIC__|0.1.2|6056|crew_log_872ee5a807cee8b3|0|1786390662.948|96.382|3.012|404676608|436523008|gen_data_d97a59ef1449e38e|__AUTOMETRIC__
__AUTOMETRIC__|0.1.2|6056|crew_log_872ee5a807cee8b3|0|1786390663.951|102.894|3.215|404557824|436387840|gen_data_d97a59ef1449e38e|__AUTOMETRIC__
__AUTOMETRIC__|0.1.2|6056|crew_log_872ee5a807cee8b3|0|1786390664.965|100.169|3.130|404590592|436420608|gen_data_d97a59ef1449e38e|__AUTOMETRIC__
__AUTOMETRIC__|0.1.2|6056|crew_log_872ee5a807cee8b3|0|1786390665.979|101.612|3.175|404590592|436420608|gen_data_d97a59ef1449e38e|__AUTOMETRIC__
__AUTOMETRIC__|0.1.2|6056|crew_log_872ee5a807cee8b3|0|1786390666.982|99.788|3.118|404406272|436236288|gen_data_d97a59ef1449e38e|__AUTOMETRIC__
__AUTOMETRIC__|0.1.2|6056|crew_log_872ee5a807cee8b3|0|1786390667.991|99.045|3.095|404635648|436465664|gen_data_d97a59ef1449e38e|__AUTOMETRIC__
__AUTOMETRIC__|0.1.2|6056|crew_log_872ee5a807cee8b3|0|1786390669.002|100.492|3.140|404590592|436408320|gen_data_d97a59ef1449e38e|__AUTOMETRIC__
__AUTOMETRIC__|0.1.2|6056|crew_log_872ee5a807cee8b3|0|1786390670.007|99.531|3.110|404586496|436424704|gen_data_d97a59ef1449e38e|__AUTOMETRIC__
__AUTOMETRIC__|0.1.2|6056|crew_log_872ee5a807cee8b3|0|1786390671.015|99.118|3.097|404639744|436469760|gen_data_d97a59ef1449e38e|__AUTOMETRIC__
__AUTOMETRIC__|0.1.2|6056|crew_log_872ee5a807cee8b3|0|1786390672.027|98.814|3.088|404930560|436776960|gen_data_d97a59ef1449e38e|__AUTOMETRIC__
__AUTOMETRIC__|0.1.2|6056|crew_log_872ee5a807cee8b3|0|1786390673.037|102.147|3.192|404721664|436555776|gen_data_d97a59ef1449e38e|__AUTOMETRIC__
__AUTOMETRIC__|0.1.2|6056|crew_log_872ee5a807cee8b3|0|1786390674.048|98.899|3.091|404758528|436592640|gen_data_d97a59ef1449e38e|__AUTOMETRIC__
__AUTOMETRIC__|0.1.2|6056|crew_log_872ee5a807cee8b3|0|1786390675.053|99.551|3.111|404979712|436813824|gen_data_d97a59ef1449e38e|__AUTOMETRIC__
__AUTOMETRIC__|0.1.2|6056|crew_log_872ee5a807cee8b3|0|1786390676.060|97.770|3.055|404729856|436563968|gen_data_d97a59ef1449e38e|__AUTOMETRIC__
__AUTOMETRIC__|0.1.2|6056|crew_log_872ee5a807cee8b3|0|1786390677.061|101.459|3.171|404824064|436658176|gen_data_d97a59ef1449e38e|__AUTOMETRIC__
__AUTOMETRIC__|0.1.2|6056|crew_log_872ee5a807cee8b3|0|1786390678.073|97.190|3.037|405073920|436908032|gen_data_d97a59ef1449e38e|__AUTOMETRIC__
__AUTOMETRIC__|0.1.2|6056|crew_log_872ee5a807cee8b3|0|1786390679.089|101.547|3.173|405065728|436899840|gen_data_d97a59ef1449e38e|__AUTOMETRIC__
__AUTOMETRIC__|0.1.2|6056|crew_log_872ee5a807cee8b3|0|1786390680.103|100.156|3.130|404832256|436666368|gen_data_d97a59ef1449e38e|__AUTOMETRIC__
__AUTOMETRIC__|0.1.2|6056|crew_log_872ee5a807cee8b3|0|1786390681.115|100.393|3.137|404774912|436609024|gen_data_d97a59ef1449e38e|__AUTOMETRIC__
__AUTOMETRIC__|0.1.2|6056|crew_log_872ee5a807cee8b3|0|1786390682.128|97.106|3.035|404762624|436596736|gen_data_d97a59ef1449e38e|__AUTOMETRIC__
__AUTOMETRIC__|0.1.2|6056|crew_log_872ee5a807cee8b3|0|1786390683.136|99.219|3.101|404758528|436592640|gen_data_d97a59ef1449e38e|__AUTOMETRIC__
__AUTOMETRIC__|0.1.2|6056|crew_log_872ee5a807cee8b3|0|1786390684.144|102.344|3.198|404779008|436600832|gen_data_d97a59ef1449e38e|__AUTOMETRIC__
__AUTOMETRIC__|0.1.2|6056|crew_log_872ee5a807cee8b3|0|1786390685.147|99.641|3.114|404901888|436805632|gen_data_d97a59ef1449e38e|__AUTOMETRIC__
__AUTOMETRIC__|0.1.2|6056|crew_log_872ee5a807cee8b3|0|1786390686.159|100.391|3.137|404692992|436609024|gen_data_d97a59ef1449e38e|__AUTOMETRIC__
__AUTOMETRIC__|0.1.2|6056|crew_log_872ee5a807cee8b3|0|1786390687.163|99.624|3.113|404733952|436645888|gen_data_d97a59ef1449e38e|__AUTOMETRIC__
__AUTOMETRIC__|0.1.2|6056|crew_log_872ee5a807cee8b3|0|1786390688.166|98.126|3.066|404811776|436670464|gen_data_d97a59ef1449e38e|__AUTOMETRIC__
__AUTOMETRIC__|0.1.2|6056|crew_log_872ee5a807cee8b3|0|1786390689.169|101.281|3.165|405008384|436867072|gen_data_d97a59ef1449e38e|__AUTOMETRIC__
__AUTOMETRIC__|0.1.2|6056|crew_log_872ee5a807cee8b3|0|1786390690.173|98.024|3.063|486674432|518901760|gen_data_d97a59ef1449e38e|__AUTOMETRIC__
__AUTOMETRIC__|0.1.2|6056|crew_log_872ee5a807cee8b3|0|1786390691.185|100.355|3.136|487317504|519360512|gen_data_d97a59ef1449e38e|__AUTOMETRIC__
__AUTOMETRIC__|0.1.2|6056|crew_log_872ee5a807cee8b3|0|1786390692.190|99.474|3.109|487849984|519897088|gen_data_d97a59ef1449e38e|__AUTOMETRIC__
__AUTOMETRIC__|0.1.2|6056|crew_log_872ee5a807cee8b3|0|1786390693.192|99.880|3.121|488001536|520048640|gen_data_d97a59ef1449e38e|__AUTOMETRIC__
__AUTOMETRIC__|0.1.2|6056|crew_log_872ee5a807cee8b3|0|1786390694.194|99.721|3.116|488095744|520142848|gen_data_d97a59ef1449e38e|__AUTOMETRIC__
__AUTOMETRIC__|0.1.2|6056|crew_log_872ee5a807cee8b3|0|1786390695.208|98.620|3.082|488341504|520388608|gen_data_d97a59ef1449e38e|__AUTOMETRIC__
__AUTOMETRIC__|0.1.2|6056|crew_log_872ee5a807cee8b3|0|1786390696.222|98.636|3.082|488206336|520253440|gen_data_d97a59ef1449e38e|__AUTOMETRIC__
__AUTOMETRIC__|0.1.2|6056|crew_log_872ee5a807cee8b3|0|1786390697.236|98.625|3.082|488386560|520433664|gen_data_d97a59ef1449e38e|__AUTOMETRIC__
__AUTOMETRIC__|0.1.2|6056|crew_log_872ee5a807cee8b3|0|1786390698.245|100.668|3.146|488058880|520105984|gen_data_d97a59ef1449e38e|__AUTOMETRIC__
__AUTOMETRIC__|0.1.2|6056|crew_log_872ee5a807cee8b3|0|1786390699.255|100.550|3.142|488480768|520511488|gen_data_d97a59ef1449e38e|__AUTOMETRIC__
__AUTOMETRIC__|0.1.2|6056|crew_log_872ee5a807cee8b3|0|1786390700.270|100.049|3.127|489172992|521203712|gen_data_d97a59ef1449e38e|__AUTOMETRIC__
__AUTOMETRIC__|0.1.2|6056|crew_log_872ee5a807cee8b3|0|1786390701.278|99.246|3.101|488718336|520749056|gen_data_d97a59ef1449e38e|__AUTOMETRIC__
__AUTOMETRIC__|0.1.2|6056|crew_log_872ee5a807cee8b3|0|1786390702.293|96.930|3.029|488488960|520519680|gen_data_d97a59ef1449e38e|__AUTOMETRIC__
__AUTOMETRIC__|0.1.2|6056|crew_log_872ee5a807cee8b3|0|1786390703.308|101.602|3.175|488505344|520536064|gen_data_d97a59ef1449e38e|__AUTOMETRIC__
__AUTOMETRIC__|0.1.2|6056|crew_log_872ee5a807cee8b3|0|1786390704.318|100.555|3.142|488558592|520589312|gen_data_d97a59ef1449e38e|__AUTOMETRIC__
__AUTOMETRIC__|0.1.2|6056|crew_log_872ee5a807cee8b3|0|1786390705.320|99.854|3.120|488435712|520466432|gen_data_d97a59ef1449e38e|__AUTOMETRIC__
__AUTOMETRIC__|0.1.2|6056|crew_log_872ee5a807cee8b3|0|1786390706.331|100.441|3.139|488267776|520462336|gen_data_d97a59ef1449e38e|__AUTOMETRIC__
__AUTOMETRIC__|0.1.2|6056|crew_log_872ee5a807cee8b3|0|1786390707.333|99.766|3.118|488390656|520421376|gen_data_d97a59ef1449e38e|__AUTOMETRIC__
__AUTOMETRIC__|0.1.2|6056|crew_log_872ee5a807cee8b3|0|1786390708.345|98.883|3.090|488386560|520417280|gen_data_d97a59ef1449e38e|__AUTOMETRIC__
__AUTOMETRIC__|0.1.2|6056|crew_log_872ee5a807cee8b3|0|1786390709.349|99.577|3.112|488595456|520626176|gen_data_d97a59ef1449e38e|__AUTOMETRIC__
__AUTOMETRIC__|0.1.2|6056|crew_log_872ee5a807cee8b3|0|1786390710.352|98.118|3.066|488509440|520540160|gen_data_d97a59ef1449e38e|__AUTOMETRIC__
__AUTOMETRIC__|0.1.2|6056|crew_log_872ee5a807cee8b3|0|1786390711.365|100.263|3.133|488554496|520585216|gen_data_d97a59ef1449e38e|__AUTOMETRIC__
__AUTOMETRIC__|0.1.2|6056|crew_log_872ee5a807cee8b3|0|1786390712.380|100.105|3.128|488538112|520568832|gen_data_d97a59ef1449e38e|__AUTOMETRIC__
__AUTOMETRIC__|0.1.2|6056|crew_log_872ee5a807cee8b3|0|1786390713.392|98.816|3.088|488886272|520916992|gen_data_d97a59ef1449e38e|__AUTOMETRIC__
__AUTOMETRIC__|0.1.2|6056|crew_log_872ee5a807cee8b3|0|1786390714.407|100.066|3.127|488493056|520568832|gen_data_d97a59ef1449e38e|__AUTOMETRIC__
__AUTOMETRIC__|0.1.2|6056|crew_log_872ee5a807cee8b3|0|1786390715.419|97.239|3.039|488689664|520708096|gen_data_d97a59ef1449e38e|__AUTOMETRIC__
__AUTOMETRIC__|0.1.2|6056|crew_log_872ee5a807cee8b3|0|1786390716.424|99.455|3.108|488804352|520835072|gen_data_d97a59ef1449e38e|__AUTOMETRIC__
__AUTOMETRIC__|0.1.2|6056|crew_log_872ee5a807cee8b3|0|1786390717.429|99.563|3.111|488873984|520904704|gen_data_d97a59ef1449e38e|__AUTOMETRIC__
__AUTOMETRIC__|0.1.2|6056|crew_log_872ee5a807cee8b3|0|1786390718.439|99.020|3.094|488849408|520880128|gen_data_d97a59ef1449e38e|__AUTOMETRIC__
__AUTOMETRIC__|0.1.2|6056|crew_log_872ee5a807cee8b3|0|1786390719.452|100.261|3.133|489172992|521207808|gen_data_d97a59ef1449e38e|__AUTOMETRIC__
__AUTOMETRIC__|0.1.2|6056|crew_log_872ee5a807cee8b3|0|1786390720.464|98.736|3.086|489254912|521289728|gen_data_d97a59ef1449e38e|__AUTOMETRIC__
__AUTOMETRIC__|0.1.2|6056|crew_log_872ee5a807cee8b3|0|1786390721.477|101.803|3.181|489287680|521322496|gen_data_d97a59ef1449e38e|__AUTOMETRIC__
__AUTOMETRIC__|0.1.2|6056|crew_log_872ee5a807cee8b3|0|1786390722.479|99.869|3.121|489123840|521158656|gen_data_d97a59ef1449e38e|__AUTOMETRIC__
__AUTOMETRIC__|0.1.2|6056|crew_log_872ee5a807cee8b3|0|1786390723.481|102.848|3.214|488394752|520458240|gen_data_d97a59ef1449e38e|__AUTOMETRIC__
__AUTOMETRIC__|0.1.2|6056|crew_log_872ee5a807cee8b3|0|1786390724.487|99.414|3.107|489078784|521183232|gen_data_d97a59ef1449e38e|__AUTOMETRIC__
__AUTOMETRIC__|0.1.2|6056|crew_log_872ee5a807cee8b3|0|1786390725.489|99.850|3.120|488992768|521093120|gen_data_d97a59ef1449e38e|__AUTOMETRIC__
__AUTOMETRIC__|0.1.2|6056|crew_log_872ee5a807cee8b3|0|1786390726.492|99.684|3.115|488542208|520642560|gen_data_d97a59ef1449e38e|__AUTOMETRIC__
__AUTOMETRIC__|0.1.2|6056|crew_log_872ee5a807cee8b3|0|1786390727.497|96.420|3.013|489107456|521183232|gen_data_d97a59ef1449e38e|__AUTOMETRIC__
__AUTOMETRIC__|0.1.2|6056|crew_log_872ee5a807cee8b3|0|1786390728.511|98.552|3.080|488677376|520724480|gen_data_d97a59ef1449e38e|__AUTOMETRIC__
__AUTOMETRIC__|0.1.2|6056|crew_log_872ee5a807cee8b3|0|1786390729.524|98.800|3.087|488603648|520798208|gen_data_d97a59ef1449e38e|__AUTOMETRIC__
__AUTOMETRIC__|0.1.2|6056|crew_log_872ee5a807cee8b3|0|1786390730.539|98.453|3.077|488689664|520798208|gen_data_d97a59ef1449e38e|__AUTOMETRIC__
__AUTOMETRIC__|0.1.2|6056|crew_log_872ee5a807cee8b3|0|1786390731.554|97.035|3.032|489287680|521379840|gen_data_d97a59ef1449e38e|__AUTOMETRIC__
__AUTOMETRIC__|0.1.2|6056|crew_log_872ee5a807cee8b3|0|1786390732.559|97.965|3.061|489213952|521302016|gen_data_d97a59ef1449e38e|__AUTOMETRIC__
__AUTOMETRIC__|0.1.2|6056|crew_log_872ee5a807cee8b3|0|1786390733.575|101.501|3.172|489222144|521277440|gen_data_d97a59ef1449e38e|__AUTOMETRIC__
__AUTOMETRIC__|0.1.2|6056|crew_log_872ee5a807cee8b3|0|1786390734.588|100.199|3.131|489029632|521080832|gen_data_d97a59ef1449e38e|__AUTOMETRIC__
__AUTOMETRIC__|0.1.2|6056|crew_log_872ee5a807cee8b3|0|1786390735.599|98.891|3.090|488939520|521109504|gen_data_d97a59ef1449e38e|__AUTOMETRIC__
__AUTOMETRIC__|0.1.2|6056|crew_log_872ee5a807cee8b3|0|1786390736.615|99.964|3.124|489127936|521179136|gen_data_d97a59ef1449e38e|__AUTOMETRIC__
__AUTOMETRIC__|0.1.2|6056|crew_log_872ee5a807cee8b3|0|1786390737.629|100.193|3.131|489066496|521117696|gen_data_d97a59ef1449e38e|__AUTOMETRIC__
__AUTOMETRIC__|0.1.2|6056|crew_log_872ee5a807cee8b3|0|1786390738.631|99.804|3.119|488857600|520974336|gen_data_d97a59ef1449e38e|__AUTOMETRIC__
__AUTOMETRIC__|0.1.2|6056|crew_log_872ee5a807cee8b3|0|1786390739.645|98.572|3.080|488906752|520953856|gen_data_d97a59ef1449e38e|__AUTOMETRIC__
__AUTOMETRIC__|0.1.2|6056|crew_log_872ee5a807cee8b3|0|1786390740.661|100.019|3.126|488886272|520941568|gen_data_d97a59ef1449e38e|__AUTOMETRIC__
__AUTOMETRIC__|0.1.2|6056|crew_log_872ee5a807cee8b3|0|1786390741.664|98.091|3.065|489037824|521138176|gen_data_d97a59ef1449e38e|__AUTOMETRIC__
__AUTOMETRIC__|0.1.2|6056|crew_log_872ee5a807cee8b3|0|1786390742.666|96.713|3.022|489193472|521281536|gen_data_d97a59ef1449e38e|__AUTOMETRIC__
__AUTOMETRIC__|0.1.2|6056|crew_log_872ee5a807cee8b3|0|1786390743.678|97.287|3.040|489222144|521342976|gen_data_d97a59ef1449e38e|__AUTOMETRIC__
__AUTOMETRIC__|0.1.2|6056|crew_log_872ee5a807cee8b3|0|1786390744.681|101.219|3.163|489197568|521232384|gen_data_d97a59ef1449e38e|__AUTOMETRIC__
__AUTOMETRIC__|0.1.2|6056|crew_log_872ee5a807cee8b3|0|1786390745.692|100.482|3.140|488419328|520523776|gen_data_d97a59ef1449e38e|__AUTOMETRIC__
__AUTOMETRIC__|0.1.2|6056|crew_log_872ee5a807cee8b3|0|1786390746.704|100.374|3.137|488931328|520966144|gen_data_d97a59ef1449e38e|__AUTOMETRIC__
__AUTOMETRIC__|0.1.2|6056|crew_log_872ee5a807cee8b3|0|1786390747.718|100.181|3.131|489074688|521150464|gen_data_d97a59ef1449e38e|__AUTOMETRIC__
__AUTOMETRIC__|0.1.2|6056|crew_log_872ee5a807cee8b3|0|1786390748.722|99.592|3.112|488919040|520990720|gen_data_d97a59ef1449e38e|__AUTOMETRIC__
__AUTOMETRIC__|0.1.2|6056|crew_log_872ee5a807cee8b3|0|1786390749.724|99.790|3.118|489009152|521080832|gen_data_d97a59ef1449e38e|__AUTOMETRIC__
__AUTOMETRIC__|0.1.2|6056|crew_log_872ee5a807cee8b3|0|1786390750.726|99.844|3.120|489005056|521068544|gen_data_d97a59ef1449e38e|__AUTOMETRIC__
__AUTOMETRIC__|0.1.2|6056|crew_log_872ee5a807cee8b3|0|1786390751.738|100.340|3.136|488964096|521003008|gen_data_d97a59ef1449e38e|__AUTOMETRIC__
__AUTOMETRIC__|0.1.2|6056|crew_log_872ee5a807cee8b3|0|1786390752.742|99.588|3.112|488906752|520978432|gen_data_d97a59ef1449e38e|__AUTOMETRIC__
__AUTOMETRIC__|0.1.2|6056|crew_log_872ee5a807cee8b3|0|1786390753.757|100.080|3.128|489295872|521342976|gen_data_d97a59ef1449e38e|__AUTOMETRIC__
__AUTOMETRIC__|0.1.2|6056|crew_log_872ee5a807cee8b3|0|1786390754.763|100.950|3.155|489271296|521396224|gen_data_d97a59ef1449e38e|__AUTOMETRIC__
__AUTOMETRIC__|0.1.2|6056|crew_log_872ee5a807cee8b3|0|1786390755.777|98.589|3.081|489578496|521703424|gen_data_d97a59ef1449e38e|__AUTOMETRIC__
__AUTOMETRIC__|0.1.2|6056|crew_log_872ee5a807cee8b3|0|1786390756.781|99.600|3.112|489213952|521338880|gen_data_d97a59ef1449e38e|__AUTOMETRIC__
__AUTOMETRIC__|0.1.2|6056|crew_log_872ee5a807cee8b3|0|1786390757.790|99.095|3.097|489263104|521306112|gen_data_d97a59ef1449e38e|__AUTOMETRIC__
__AUTOMETRIC__|0.1.2|6056|crew_log_872ee5a807cee8b3|0|1786390758.797|100.855|3.152|489082880|521125888|gen_data_d97a59ef1449e38e|__AUTOMETRIC__
__AUTOMETRIC__|0.1.2|6056|crew_log_872ee5a807cee8b3|0|1786390759.811|98.627|3.082|488992768|521035776|gen_data_d97a59ef1449e38e|__AUTOMETRIC__
__AUTOMETRIC__|0.1.2|6056|crew_log_872ee5a807cee8b3|0|1786390760.818|99.351|3.105|488865792|520908800|gen_data_d97a59ef1449e38e|__AUTOMETRIC__
__AUTOMETRIC__|0.1.2|6056|crew_log_872ee5a807cee8b3|0|1786390761.822|99.554|3.111|489631744|521674752|gen_data_d97a59ef1449e38e|__AUTOMETRIC__
__AUTOMETRIC__|0.1.2|6056|crew_log_872ee5a807cee8b3|0|1786390762.824|99.844|3.120|489164800|521207808|gen_data_d97a59ef1449e38e|__AUTOMETRIC__
__AUTOMETRIC__|0.1.2|6056|crew_log_872ee5a807cee8b3|0|1786390763.836|101.891|3.184|489201664|521244672|gen_data_d97a59ef1449e38e|__AUTOMETRIC__
__AUTOMETRIC__|0.1.2|6056|crew_log_872ee5a807cee8b3|0|1786390764.852|98.433|3.076|489558016|521601024|gen_data_d97a59ef1449e38e|__AUTOMETRIC__
__AUTOMETRIC__|0.1.2|6056|crew_log_872ee5a807cee8b3|0|1786390765.856|101.081|3.159|489357312|521547776|gen_data_d97a59ef1449e38e|__AUTOMETRIC__
__AUTOMETRIC__|0.1.2|6056|crew_log_872ee5a807cee8b3|0|1786390766.858|99.821|3.119|489381888|521424896|gen_data_d97a59ef1449e38e|__AUTOMETRIC__
__AUTOMETRIC__|0.1.2|6056|crew_log_872ee5a807cee8b3|0|1786390767.872|100.179|3.131|489320448|521355264|gen_data_d97a59ef1449e38e|__AUTOMETRIC__
__AUTOMETRIC__|0.1.2|6056|crew_log_872ee5a807cee8b3|0|1786390768.876|99.591|3.112|489099264|521134080|gen_data_d97a59ef1449e38e|__AUTOMETRIC__
__AUTOMETRIC__|0.1.2|6056|crew_log_872ee5a807cee8b3|0|1786390769.878|99.830|3.120|489164800|521236480|gen_data_d97a59ef1449e38e|__AUTOMETRIC__
__AUTOMETRIC__|0.1.2|6056|crew_log_872ee5a807cee8b3|0|1786390770.893|100.080|3.128|489295872|521330688|gen_data_d97a59ef1449e38e|__AUTOMETRIC__
__AUTOMETRIC__|0.1.2|6056|crew_log_872ee5a807cee8b3|0|1786390771.906|98.666|3.083|489328640|521363456|gen_data_d97a59ef1449e38e|__AUTOMETRIC__
__AUTOMETRIC__|0.1.2|6056|crew_log_872ee5a807cee8b3|0|1786390772.911|99.544|3.111|489533440|521568256|gen_data_d97a59ef1449e38e|__AUTOMETRIC__
__AUTOMETRIC__|0.1.2|6056|crew_log_872ee5a807cee8b3|0|1786390773.925|100.150|3.130|489791488|521826304|gen_data_d97a59ef1449e38e|__AUTOMETRIC__
__AUTOMETRIC__|0.1.2|6056|crew_log_872ee5a807cee8b3|0|1786390774.927|98.201|3.069|489517056|521551872|gen_data_d97a59ef1449e38e|__AUTOMETRIC__
__AUTOMETRIC__|0.1.2|6056|crew_log_872ee5a807cee8b3|0|1786390775.933|99.428|3.107|489521152|521613312|gen_data_d97a59ef1449e38e|__AUTOMETRIC__
__AUTOMETRIC__|0.1.2|6056|crew_log_872ee5a807cee8b3|0|1786390776.937|101.170|3.162|489369600|521461760|gen_data_d97a59ef1449e38e|__AUTOMETRIC__
__AUTOMETRIC__|0.1.2|6056|crew_log_872ee5a807cee8b3|0|1786390777.952|100.043|3.126|489295872|521379840|gen_data_d97a59ef1449e38e|__AUTOMETRIC__
__AUTOMETRIC__|0.1.2|6056|crew_log_872ee5a807cee8b3|0|1786390778.968|99.931|3.123|489873408|521916416|gen_data_d97a59ef1449e38e|__AUTOMETRIC__
__AUTOMETRIC__|0.1.2|6056|crew_log_872ee5a807cee8b3|0|1786390779.984|98.447|3.076|489476096|521519104|gen_data_d97a59ef1449e38e|__AUTOMETRIC__
__AUTOMETRIC__|0.1.2|6056|crew_log_872ee5a807cee8b3|0|1786390780.996|100.377|3.137|489488384|521531392|gen_data_d97a59ef1449e38e|__AUTOMETRIC__
__AUTOMETRIC__|0.1.2|6056|crew_log_872ee5a807cee8b3|0|1786390782.001|99.494|3.109|489213952|521244672|gen_data_d97a59ef1449e38e|__AUTOMETRIC__
__AUTOMETRIC__|0.1.2|6056|crew_log_872ee5a807cee8b3|0|1786390783.017|98.421|3.076|489164800|521191424|gen_data_d97a59ef1449e38e|__AUTOMETRIC__
__AUTOMETRIC__|0.1.2|6056|crew_log_872ee5a807cee8b3|0|1786390784.031|97.106|3.035|489541632|521580544|gen_data_d97a59ef1449e38e|__AUTOMETRIC__
__AUTOMETRIC__|0.1.2|6056|crew_log_872ee5a807cee8b3|0|1786390785.047|98.453|3.077|489811968|521895936|gen_data_d97a59ef1449e38e|__AUTOMETRIC__
__AUTOMETRIC__|0.1.2|6056|crew_log_872ee5a807cee8b3|0|1786390786.059|100.333|3.135|489508864|521555968|gen_data_d97a59ef1449e38e|__AUTOMETRIC__
__AUTOMETRIC__|0.1.2|6056|crew_log_872ee5a807cee8b3|0|1786390787.061|98.221|3.069|489267200|521314304|gen_data_d97a59ef1449e38e|__AUTOMETRIC__
__AUTOMETRIC__|0.1.2|6056|crew_log_872ee5a807cee8b3|0|1786390788.068|99.299|3.103|489873408|521920512|gen_data_d97a59ef1449e38e|__AUTOMETRIC__
__AUTOMETRIC__|0.1.2|6056|crew_log_872ee5a807cee8b3|0|1786390789.071|98.126|3.066|489517056|521658368|gen_data_d97a59ef1449e38e|__AUTOMETRIC__
__AUTOMETRIC__|0.1.2|6056|crew_log_872ee5a807cee8b3|0|1786390790.075|99.680|3.115|463949824|495984640|gen_data_d97a59ef1449e38e|__AUTOMETRIC__
__AUTOMETRIC__|0.1.2|6056|crew_log_872ee5a807cee8b3|0|1786390791.078|98.050|3.064|489656320|521744384|gen_data_d97a59ef1449e38e|__AUTOMETRIC__
__AUTOMETRIC__|0.1.2|6056|crew_log_872ee5a807cee8b3|0|1786390792.084|99.441|3.108|489664512|521699328|gen_data_d97a59ef1449e38e|__AUTOMETRIC__
__AUTOMETRIC__|0.1.2|6056|crew_log_872ee5a807cee8b3|0|1786390793.100|100.006|3.125|489603072|521637888|gen_data_d97a59ef1449e38e|__AUTOMETRIC__
__AUTOMETRIC__|0.1.2|6056|crew_log_872ee5a807cee8b3|0|1786390794.109|100.595|3.144|489930752|521965568|gen_data_d97a59ef1449e38e|__AUTOMETRIC__
__AUTOMETRIC__|0.1.2|6056|crew_log_872ee5a807cee8b3|0|1786390795.111|98.308|3.072|489820160|521854976|gen_data_d97a59ef1449e38e|__AUTOMETRIC__
__AUTOMETRIC__|0.1.2|6056|crew_log_872ee5a807cee8b3|0|1786390796.113|98.246|3.070|489918464|521953280|gen_data_d97a59ef1449e38e|__AUTOMETRIC__
__AUTOMETRIC__|0.1.2|6056|crew_log_872ee5a807cee8b3|0|1786390797.124|100.420|3.138|490000384|522039296|gen_data_d97a59ef1449e38e|__AUTOMETRIC__
__AUTOMETRIC__|0.1.2|6056|crew_log_872ee5a807cee8b3|0|1786390798.139|98.520|3.079|489623552|521658368|gen_data_d97a59ef1449e38e|__AUTOMETRIC__
__AUTOMETRIC__|0.1.2|6056|crew_log_872ee5a807cee8b3|0|1786390799.155|99.956|3.124|489779200|521814016|gen_data_d97a59ef1449e38e|__AUTOMETRIC__
__AUTOMETRIC__|0.1.2|6056|crew_log_872ee5a807cee8b3|0|1786390800.166|98.950|3.092|489480192|521515008|gen_data_d97a59ef1449e38e|__AUTOMETRIC__
__AUTOMETRIC__|0.1.2|6056|crew_log_872ee5a807cee8b3|0|1786390801.171|100.978|3.156|489902080|521936896|gen_data_d97a59ef1449e38e|__AUTOMETRIC__
__AUTOMETRIC__|0.1.2|6056|crew_log_872ee5a807cee8b3|0|1786390802.179|97.741|3.054|489566208|521687040|gen_data_d97a59ef1449e38e|__AUTOMETRIC__
__AUTOMETRIC__|0.1.2|6056|crew_log_872ee5a807cee8b3|0|1786390803.186|100.771|3.149|489963520|521998336|gen_data_d97a59ef1449e38e|__AUTOMETRIC__
__AUTOMETRIC__|0.1.2|6056|crew_log_872ee5a807cee8b3|0|1786390804.201|100.128|3.129|489697280|521732096|gen_data_d97a59ef1449e38e|__AUTOMETRIC__
__AUTOMETRIC__|0.1.2|6056|crew_log_872ee5a807cee8b3|0|1786390805.202|99.863|3.121|489263104|521285632|gen_data_d97a59ef1449e38e|__AUTOMETRIC__
__AUTOMETRIC__|0.1.2|6056|crew_log_872ee5a807cee8b3|0|1786390806.214|98.832|3.088|489746432|521781248|gen_data_d97a59ef1449e38e|__AUTOMETRIC__
__AUTOMETRIC__|0.1.2|6056|crew_log_872ee5a807cee8b3|0|1786390807.218|101.151|3.161|489431040|521465856|gen_data_d97a59ef1449e38e|__AUTOMETRIC__
__AUTOMETRIC__|0.1.2|6056|crew_log_872ee5a807cee8b3|0|1786390808.232|98.601|3.081|489508864|521568256|gen_data_d97a59ef1449e38e|__AUTOMETRIC__
__AUTOMETRIC__|0.1.2|6056|crew_log_872ee5a807cee8b3|0|1786390809.234|98.219|3.069|489496576|521531392|gen_data_d97a59ef1449e38e|__AUTOMETRIC__
__AUTOMETRIC__|0.1.2|6056|crew_log_872ee5a807cee8b3|0|1786390810.241|97.815|3.057|489861120|521895936|gen_data_d97a59ef1449e38e|__AUTOMETRIC__
__AUTOMETRIC__|0.1.2|6056|crew_log_872ee5a807cee8b3|0|1786390811.254|95.571|2.987|489852928|521887744|gen_data_d97a59ef1449e38e|__AUTOMETRIC__
__AUTOMETRIC__|0.1.2|6056|crew_log_872ee5a807cee8b3|0|1786390812.258|99.683|3.115|489357312|521392128|gen_data_d97a59ef1449e38e|__AUTOMETRIC__
__AUTOMETRIC__|0.1.2|6056|crew_log_872ee5a807cee8b3|0|1786390813.267|100.622|3.144|489631744|521789440|gen_data_d97a59ef1449e38e|__AUTOMETRIC__
__AUTOMETRIC__|0.1.2|6056|crew_log_872ee5a807cee8b3|0|1786390814.278|100.411|3.138|489709568|521781248|gen_data_d97a59ef1449e38e|__AUTOMETRIC__
__AUTOMETRIC__|0.1.2|6056|crew_log_872ee5a807cee8b3|0|1786390815.290|95.781|2.993|489168896|521240576|gen_data_d97a59ef1449e38e|__AUTOMETRIC__
__AUTOMETRIC__|0.1.2|6056|crew_log_872ee5a807cee8b3|0|1786390816.302|97.272|3.040|489590784|521662464|gen_data_d97a59ef1449e38e|__AUTOMETRIC__
__AUTOMETRIC__|0.1.2|6056|crew_log_872ee5a807cee8b3|0|1786390817.315|100.219|3.132|489594880|521666560|gen_data_d97a59ef1449e38e|__AUTOMETRIC__
__AUTOMETRIC__|0.1.2|6056|crew_log_872ee5a807cee8b3|0|1786390818.323|97.674|3.052|489312256|521461760|gen_data_d97a59ef1449e38e|__AUTOMETRIC__
__AUTOMETRIC__|0.1.2|6056|crew_log_872ee5a807cee8b3|0|1786390819.325|99.792|3.118|490500096|522567680|gen_data_d97a59ef1449e38e|__AUTOMETRIC__
__AUTOMETRIC__|0.1.2|6056|crew_log_872ee5a807cee8b3|0|1786390820.333|97.711|3.053|490086400|522137600|gen_data_d97a59ef1449e38e|__AUTOMETRIC__
__AUTOMETRIC__|0.1.2|6056|crew_log_872ee5a807cee8b3|0|1786390821.345|100.337|3.136|490377216|522420224|gen_data_d97a59ef1449e38e|__AUTOMETRIC__
__AUTOMETRIC__|0.1.2|6056|crew_log_872ee5a807cee8b3|0|1786390822.346|98.297|3.072|490442752|522477568|gen_data_d97a59ef1449e38e|__AUTOMETRIC__
__AUTOMETRIC__|0.1.2|6056|crew_log_872ee5a807cee8b3|0|1786390823.361|98.525|3.079|490278912|522313728|gen_data_d97a59ef1449e38e|__AUTOMETRIC__
__AUTOMETRIC__|0.1.2|6056|crew_log_872ee5a807cee8b3|0|1786390824.373|100.337|3.136|490090496|522125312|gen_data_d97a59ef1449e38e|__AUTOMETRIC__
__AUTOMETRIC__|0.1.2|6056|crew_log_872ee5a807cee8b3|0|1786390825.384|98.975|3.093|490106880|522141696|gen_data_d97a59ef1449e38e|__AUTOMETRIC__
__AUTOMETRIC__|0.1.2|6056|crew_log_872ee5a807cee8b3|0|1786390826.397|100.204|3.131|490074112|522108928|gen_data_d97a59ef1449e38e|__AUTOMETRIC__
__AUTOMETRIC__|0.1.2|6056|crew_log_872ee5a807cee8b3|0|1786390827.402|97.982|3.062|490115072|522149888|gen_data_d97a59ef1449e38e|__AUTOMETRIC__
__AUTOMETRIC__|0.1.2|6056|crew_log_872ee5a807cee8b3|0|1786390828.411|97.520|3.047|490053632|522088448|gen_data_d97a59ef1449e38e|__AUTOMETRIC__
__AUTOMETRIC__|0.1.2|6056|crew_log_872ee5a807cee8b3|0|1786390829.416|99.523|3.110|490414080|522448896|gen_data_d97a59ef1449e38e|__AUTOMETRIC__
__AUTOMETRIC__|0.1.2|6056|crew_log_872ee5a807cee8b3|0|1786390830.428|101.907|3.185|490446848|522481664|gen_data_d97a59ef1449e38e|__AUTOMETRIC__
__AUTOMETRIC__|0.1.2|6056|crew_log_872ee5a807cee8b3|0|1786390831.443|95.486|2.984|490418176|522485760|gen_data_d97a59ef1449e38e|__AUTOMETRIC__
__AUTOMETRIC__|0.1.2|6056|crew_log_872ee5a807cee8b3|0|1786390832.446|99.703|3.116|490270720|522305536|gen_data_d97a59ef1449e38e|__AUTOMETRIC__
__AUTOMETRIC__|0.1.2|6056|crew_log_872ee5a807cee8b3|0|1786390833.456|100.565|3.143|489959424|521994240|gen_data_d97a59ef1449e38e|__AUTOMETRIC__
__AUTOMETRIC__|0.1.2|6056|crew_log_872ee5a807cee8b3|0|1786390834.459|99.701|3.116|489742336|521777152|gen_data_d97a59ef1449e38e|__AUTOMETRIC__
__AUTOMETRIC__|0.1.2|6056|crew_log_872ee5a807cee8b3|0|1786390835.465|100.913|3.154|490172416|522207232|gen_data_d97a59ef1449e38e|__AUTOMETRIC__
__AUTOMETRIC__|0.1.2|6056|crew_log_872ee5a807cee8b3|0|1786390836.467|99.765|3.118|489975808|522010624|gen_data_d97a59ef1449e38e|__AUTOMETRIC__
__AUTOMETRIC__|0.1.2|6056|crew_log_872ee5a807cee8b3|0|1786390837.482|96.982|3.031|489975808|522010624|gen_data_d97a59ef1449e38e|__AUTOMETRIC__
__AUTOMETRIC__|0.1.2|6056|crew_log_872ee5a807cee8b3|0|1786390838.487|99.516|3.110|490123264|522158080|gen_data_d97a59ef1449e38e|__AUTOMETRIC__
__AUTOMETRIC__|0.1.2|6056|crew_log_872ee5a807cee8b3|0|1786390839.493|99.415|3.107|490000384|522035200|gen_data_d97a59ef1449e38e|__AUTOMETRIC__
__AUTOMETRIC__|0.1.2|6056|crew_log_872ee5a807cee8b3|0|1786390840.495|99.791|3.118|489963520|522014720|gen_data_d97a59ef1449e38e|__AUTOMETRIC__
__AUTOMETRIC__|0.1.2|6056|crew_log_872ee5a807cee8b3|0|1786390841.508|97.148|3.036|490405888|522448896|gen_data_d97a59ef1449e38e|__AUTOMETRIC__
__AUTOMETRIC__|0.1.2|6056|crew_log_872ee5a807cee8b3|0|1786390842.524|98.470|3.077|490328064|522371072|gen_data_d97a59ef1449e38e|__AUTOMETRIC__
__AUTOMETRIC__|0.1.2|6056|crew_log_872ee5a807cee8b3|0|1786390843.538|100.127|3.129|490237952|522276864|gen_data_d97a59ef1449e38e|__AUTOMETRIC__
__AUTOMETRIC__|0.1.2|6056|crew_log_872ee5a807cee8b3|0|1786390844.548|100.595|3.144|490287104|522326016|gen_data_d97a59ef1449e38e|__AUTOMETRIC__
__AUTOMETRIC__|0.1.2|6056|crew_log_872ee5a807cee8b3|0|1786390845.549|99.848|3.120|489992192|522137600|gen_data_d97a59ef1449e38e|__AUTOMETRIC__
__AUTOMETRIC__|0.1.2|6056|crew_log_872ee5a807cee8b3|0|1786390846.552|99.750|3.117|489902080|521940992|gen_data_d97a59ef1449e38e|__AUTOMETRIC__
__AUTOMETRIC__|0.1.2|6056|crew_log_872ee5a807cee8b3|0|1786390847.553|98.363|3.074|490221568|522260480|gen_data_d97a59ef1449e38e|__AUTOMETRIC__
__AUTOMETRIC__|0.1.2|6056|crew_log_872ee5a807cee8b3|0|1786390848.556|99.650|3.114|490287104|522321920|gen_data_d97a59ef1449e38e|__AUTOMETRIC__
__AUTOMETRIC__|0.1.2|6056|crew_log_872ee5a807cee8b3|0|1786390849.571|100.066|3.127|490233856|522268672|gen_data_d97a59ef1449e38e|__AUTOMETRIC__
__AUTOMETRIC__|0.1.2|6056|crew_log_872ee5a807cee8b3|0|1786390850.578|97.806|3.056|490516480|522551296|gen_data_d97a59ef1449e38e|__AUTOMETRIC__
__AUTOMETRIC__|0.1.2|6056|crew_log_872ee5a807cee8b3|0|1786390851.590|98.762|3.086|489922560|521961472|gen_data_d97a59ef1449e38e|__AUTOMETRIC__
__AUTOMETRIC__|0.1.2|6056|crew_log_872ee5a807cee8b3|0|1786390852.591|96.789|3.025|490213376|522252288|gen_data_d97a59ef1449e38e|__AUTOMETRIC__
__AUTOMETRIC__|0.1.2|6056|crew_log_872ee5a807cee8b3|0|1786390853.596|97.943|3.061|490307584|522342400|gen_data_d97a59ef1449e38e|__AUTOMETRIC__
__AUTOMETRIC__|0.1.2|6056|crew_log_872ee5a807cee8b3|0|1786390854.610|100.217|3.132|489873408|521924608|gen_data_d97a59ef1449e38e|__AUTOMETRIC__
__AUTOMETRIC__|0.1.2|6056|crew_log_872ee5a807cee8b3|0|1786390855.624|98.561|3.080|490037248|522072064|gen_data_d97a59ef1449e38e|__AUTOMETRIC__
__AUTOMETRIC__|0.1.2|6056|crew_log_872ee5a807cee8b3|0|1786390856.631|99.349|3.105|489873408|521908224|gen_data_d97a59ef1449e38e|__AUTOMETRIC__
__AUTOMETRIC__|0.1.2|6056|crew_log_872ee5a807cee8b3|0|1786390857.646|98.524|3.079|490237952|522272768|gen_data_d97a59ef1449e38e|__AUTOMETRIC__
__AUTOMETRIC__|0.1.2|6056|crew_log_872ee5a807cee8b3|0|1786390858.653|100.848|3.152|490045440|522080256|gen_data_d97a59ef1449e38e|__AUTOMETRIC__
__AUTOMETRIC__|0.1.2|6056|crew_log_872ee5a807cee8b3|0|1786390859.657|99.605|3.113|490180608|522215424|gen_data_d97a59ef1449e38e|__AUTOMETRIC__
__AUTOMETRIC__|0.1.2|6056|crew_log_872ee5a807cee8b3|0|1786390860.671|98.609|3.082|490201088|522235904|gen_data_d97a59ef1449e38e|__AUTOMETRIC__
__AUTOMETRIC__|0.1.2|6056|crew_log_872ee5a807cee8b3|0|1786390861.676|99.523|3.110|490205184|522272768|gen_data_d97a59ef1449e38e|__AUTOMETRIC__
__AUTOMETRIC__|0.1.2|6056|crew_log_872ee5a807cee8b3|0|1786390862.679|98.092|3.065|490426368|522489856|gen_data_d97a59ef1449e38e|__AUTOMETRIC__
__AUTOMETRIC__|0.1.2|6056|crew_log_872ee5a807cee8b3|0|1786390863.692|98.711|3.085|490254336|522305536|gen_data_d97a59ef1449e38e|__AUTOMETRIC__
__AUTOMETRIC__|0.1.2|6056|crew_log_872ee5a807cee8b3|0|1786390864.702|97.433|3.045|490074112|522428416|gen_data_d97a59ef1449e38e|__AUTOMETRIC__
__AUTOMETRIC__|0.1.2|6056|crew_log_872ee5a807cee8b3|0|1786390865.717|100.153|3.130|490024960|522059776|gen_data_d97a59ef1449e38e|__AUTOMETRIC__
__AUTOMETRIC__|0.1.2|6056|crew_log_872ee5a807cee8b3|0|1786390866.719|99.801|3.119|490553344|522588160|gen_data_d97a59ef1449e38e|__AUTOMETRIC__
__AUTOMETRIC__|0.1.2|6056|crew_log_872ee5a807cee8b3|0|1786390867.732|100.243|3.133|490582016|522616832|gen_data_d97a59ef1449e38e|__AUTOMETRIC__
__AUTOMETRIC__|0.1.2|6056|crew_log_872ee5a807cee8b3|0|1786390868.734|98.249|3.070|490258432|522305536|gen_data_d97a59ef1449e38e|__AUTOMETRIC__
__AUTOMETRIC__|0.1.2|6056|crew_log_872ee5a807cee8b3|0|1786390869.744|99.020|3.094|490500096|522539008|gen_data_d97a59ef1449e38e|__AUTOMETRIC__
__AUTOMETRIC__|0.1.2|6056|crew_log_872ee5a807cee8b3|0|1786390870.746|99.781|3.118|490160128|522297344|gen_data_d97a59ef1449e38e|__AUTOMETRIC__
__AUTOMETRIC__|0.1.2|6056|crew_log_872ee5a807cee8b3|0|1786390871.762|99.909|3.122|490528768|522563584|gen_data_d97a59ef1449e38e|__AUTOMETRIC__
__AUTOMETRIC__|0.1.2|6056|crew_log_872ee5a807cee8b3|0|1786390872.766|99.589|3.112|490225664|522276864|gen_data_d97a59ef1449e38e|__AUTOMETRIC__
__AUTOMETRIC__|0.1.2|6056|crew_log_872ee5a807cee8b3|0|1786390873.777|100.516|3.141|490758144|522792960|gen_data_d97a59ef1449e38e|__AUTOMETRIC__
__AUTOMETRIC__|0.1.2|6056|crew_log_872ee5a807cee8b3|0|1786390874.779|99.737|3.117|490745856|522780672|gen_data_d97a59ef1449e38e|__AUTOMETRIC__
__AUTOMETRIC__|0.1.2|6056|crew_log_872ee5a807cee8b3|0|1786390875.792|98.790|3.087|490786816|522874880|gen_data_d97a59ef1449e38e|__AUTOMETRIC__
__AUTOMETRIC__|0.1.2|6056|crew_log_872ee5a807cee8b3|0|1786390876.794|101.328|3.166|490213376|522248192|gen_data_d97a59ef1449e38e|__AUTOMETRIC__
__AUTOMETRIC__|0.1.2|6056|crew_log_872ee5a807cee8b3|0|1786390877.803|97.530|3.048|490557440|522629120|gen_data_d97a59ef1449e38e|__AUTOMETRIC__
__AUTOMETRIC__|0.1.2|6056|crew_log_872ee5a807cee8b3|0|1786390878.812|99.158|3.099|490520576|522579968|gen_data_d97a59ef1449e38e|__AUTOMETRIC__
__AUTOMETRIC__|0.1.2|6056|crew_log_872ee5a807cee8b3|0|1786390879.819|97.766|3.055|490102784|522297344|gen_data_d97a59ef1449e38e|__AUTOMETRIC__
__AUTOMETRIC__|0.1.2|6056|crew_log_872ee5a807cee8b3|0|1786390880.832|98.652|3.083|490352640|522407936|gen_data_d97a59ef1449e38e|__AUTOMETRIC__
__AUTOMETRIC__|0.1.2|6056|crew_log_872ee5a807cee8b3|0|1786390881.847|98.541|3.079|490360832|522412032|gen_data_d97a59ef1449e38e|__AUTOMETRIC__
__AUTOMETRIC__|0.1.2|6056|crew_log_872ee5a807cee8b3|0|1786390882.858|100.465|3.140|490696704|522752000|gen_data_d97a59ef1449e38e|__AUTOMETRIC__
__AUTOMETRIC__|0.1.2|6056|crew_log_872ee5a807cee8b3|0|1786390883.867|99.129|3.098|490401792|522481664|gen_data_d97a59ef1449e38e|__AUTOMETRIC__
__AUTOMETRIC__|0.1.2|6056|crew_log_872ee5a807cee8b3|0|1786390884.869|99.756|3.117|490459136|522502144|gen_data_d97a59ef1449e38e|__AUTOMETRIC__
__AUTOMETRIC__|0.1.2|6056|crew_log_872ee5a807cee8b3|0|1786390885.884|100.051|3.127|490520576|522584064|gen_data_d97a59ef1449e38e|__AUTOMETRIC__
__AUTOMETRIC__|0.1.2|6056|crew_log_872ee5a807cee8b3|0|1786390886.894|99.037|3.095|490475520|522539008|gen_data_d97a59ef1449e38e|__AUTOMETRIC__
__AUTOMETRIC__|0.1.2|6056|crew_log_872ee5a807cee8b3|0|1786390887.907|100.312|3.135|490680320|522743808|gen_data_d97a59ef1449e38e|__AUTOMETRIC__
__AUTOMETRIC__|0.1.2|6056|crew_log_872ee5a807cee8b3|0|1786390888.920|100.242|3.133|490565632|522600448|gen_data_d97a59ef1449e38e|__AUTOMETRIC__
__AUTOMETRIC__|0.1.2|6056|crew_log_872ee5a807cee8b3|0|1786390889.935|100.025|3.126|490614784|522653696|gen_data_d97a59ef1449e38e|__AUTOMETRIC__
__AUTOMETRIC__|0.1.2|6056|crew_log_872ee5a807cee8b3|0|1786390890.939|99.588|3.112|490401792|522452992|gen_data_d97a59ef1449e38e|__AUTOMETRIC__
__AUTOMETRIC__|0.1.2|6056|crew_log_872ee5a807cee8b3|0|1786390891.952|98.754|3.086|490442752|522481664|gen_data_d97a59ef1449e38e|__AUTOMETRIC__
__AUTOMETRIC__|0.1.2|6056|crew_log_872ee5a807cee8b3|0|1786390892.954|99.785|3.118|490659840|522698752|gen_data_d97a59ef1449e38e|__AUTOMETRIC__
__AUTOMETRIC__|0.1.2|6056|crew_log_872ee5a807cee8b3|0|1786390893.957|98.175|3.068|490790912|522829824|gen_data_d97a59ef1449e38e|__AUTOMETRIC__
__AUTOMETRIC__|0.1.2|6056|crew_log_872ee5a807cee8b3|0|1786390894.969|100.288|3.134|490889216|522928128|gen_data_d97a59ef1449e38e|__AUTOMETRIC__
__AUTOMETRIC__|0.1.2|6056|crew_log_872ee5a807cee8b3|0|1786390895.978|99.160|3.099|490668032|522870784|gen_data_d97a59ef1449e38e|__AUTOMETRIC__
__AUTOMETRIC__|0.1.2|6056|crew_log_872ee5a807cee8b3|0|1786390896.991|100.239|3.132|490582016|522653696|gen_data_d97a59ef1449e38e|__AUTOMETRIC__
__AUTOMETRIC__|0.1.2|6056|crew_log_872ee5a807cee8b3|0|1786390898.004|95.603|2.988|490827776|522899456|gen_data_d97a59ef1449e38e|__AUTOMETRIC__
__AUTOMETRIC__|0.1.2|6056|crew_log_872ee5a807cee8b3|0|1786390899.005|99.900|3.122|490819584|522891264|gen_data_d97a59ef1449e38e|__AUTOMETRIC__
__AUTOMETRIC__|0.1.2|6056|crew_log_872ee5a807cee8b3|0|1786390900.013|99.228|3.101|490659840|522792960|gen_data_d97a59ef1449e38e|__AUTOMETRIC__
__AUTOMETRIC__|0.1.2|6056|crew_log_872ee5a807cee8b3|0|1786390901.018|99.488|3.109|490500096|522694656|gen_data_d97a59ef1449e38e|__AUTOMETRIC__
__AUTOMETRIC__|0.1.2|6056|crew_log_872ee5a807cee8b3|0|1786390902.034|100.014|3.125|490364928|522575872|gen_data_d97a59ef1449e38e|__AUTOMETRIC__
__AUTOMETRIC__|0.1.2|6056|crew_log_872ee5a807cee8b3|0|1786390903.049|98.480|3.077|491057152|523137024|gen_data_d97a59ef1449e38e|__AUTOMETRIC__
__AUTOMETRIC__|0.1.2|6056|crew_log_872ee5a807cee8b3|0|1786390904.053|99.654|3.114|490684416|522743808|gen_data_d97a59ef1449e38e|__AUTOMETRIC__
__AUTOMETRIC__|0.1.2|6056|crew_log_872ee5a807cee8b3|0|1786390905.067|100.089|3.128|490655744|522715136|gen_data_d97a59ef1449e38e|__AUTOMETRIC__
__AUTOMETRIC__|0.1.2|6056|crew_log_872ee5a807cee8b3|0|1786390906.078|100.508|3.141|490708992|522924032|gen_data_d97a59ef1449e38e|__AUTOMETRIC__
__AUTOMETRIC__|0.1.2|6056|crew_log_872ee5a807cee8b3|0|1786390907.092|100.113|3.129|491118592|523177984|gen_data_d97a59ef1449e38e|__AUTOMETRIC__
__AUTOMETRIC__|0.1.2|6056|crew_log_872ee5a807cee8b3|0|1786390908.102|99.008|3.094|490917888|522977280|gen_data_d97a59ef1449e38e|__AUTOMETRIC__
__AUTOMETRIC__|0.1.2|6056|crew_log_872ee5a807cee8b3|0|1786390909.112|100.602|3.144|490680320|522846208|gen_data_d97a59ef1449e38e|__AUTOMETRIC__
__AUTOMETRIC__|0.1.2|6056|crew_log_872ee5a807cee8b3|0|1786390910.124|100.321|3.135|490770432|522956800|gen_data_d97a59ef1449e38e|__AUTOMETRIC__
__AUTOMETRIC__|0.1.2|6056|crew_log_872ee5a807cee8b3|0|1786390911.137|100.270|3.133|490483712|522543104|gen_data_d97a59ef1449e38e|__AUTOMETRIC__
__AUTOMETRIC__|0.1.2|6056|crew_log_872ee5a807cee8b3|0|1786390912.151|98.688|3.084|490823680|522895360|gen_data_d97a59ef1449e38e|__AUTOMETRIC__
__AUTOMETRIC__|0.1.2|6056|crew_log_872ee5a807cee8b3|0|1786390913.155|99.525|3.110|490827776|522899456|gen_data_d97a59ef1449e38e|__AUTOMETRIC__
__AUTOMETRIC__|0.1.2|6056|crew_log_872ee5a807cee8b3|0|1786390914.167|97.342|3.042|490823680|522895360|gen_data_d97a59ef1449e38e|__AUTOMETRIC__
__AUTOMETRIC__|0.1.2|6056|crew_log_872ee5a807cee8b3|0|1786390915.181|100.085|3.128|490688512|522932224|gen_data_d97a59ef1449e38e|__AUTOMETRIC__
__AUTOMETRIC__|0.1.2|6056|crew_log_872ee5a807cee8b3|0|1786390916.196|100.106|3.128|490606592|522678272|gen_data_d97a59ef1449e38e|__AUTOMETRIC__
__AUTOMETRIC__|0.1.2|6056|crew_log_872ee5a807cee8b3|0|1786390917.206|100.534|3.142|491012096|523083776|gen_data_d97a59ef1449e38e|__AUTOMETRIC__
__AUTOMETRIC__|0.1.2|6056|crew_log_872ee5a807cee8b3|0|1786390918.219|100.268|3.133|490639360|522711040|gen_data_d97a59ef1449e38e|__AUTOMETRIC__
__AUTOMETRIC__|0.1.2|6056|crew_log_872ee5a807cee8b3|0|1786390919.222|98.115|3.066|491159552|523231232|gen_data_d97a59ef1449e38e|__AUTOMETRIC__
__AUTOMETRIC__|0.1.2|6056|crew_log_872ee5a807cee8b3|0|1786390920.233|98.935|3.092|491270144|523419648|gen_data_d97a59ef1449e38e|__AUTOMETRIC__
__AUTOMETRIC__|0.1.2|6056|crew_log_872ee5a807cee8b3|0|1786390921.248|100.089|3.128|491192320|523264000|gen_data_d97a59ef1449e38e|__AUTOMETRIC__
__AUTOMETRIC__|0.1.2|6056|crew_log_872ee5a807cee8b3|0|1786390922.254|97.853|3.058|491352064|523423744|gen_data_d97a59ef1449e38e|__AUTOMETRIC__
__AUTOMETRIC__|0.1.2|6056|crew_log_872ee5a807cee8b3|0|1786390923.268|100.116|3.129|490811392|522883072|gen_data_d97a59ef1449e38e|__AUTOMETRIC__
__AUTOMETRIC__|0.1.2|6056|crew_log_872ee5a807cee8b3|0|1786390924.284|100.023|3.126|490696704|522768384|gen_data_d97a59ef1449e38e|__AUTOMETRIC__
__AUTOMETRIC__|0.1.2|6056|crew_log_872ee5a807cee8b3|0|1786390925.286|99.724|3.116|490749952|522821632|gen_data_d97a59ef1449e38e|__AUTOMETRIC__
__AUTOMETRIC__|0.1.2|6056|crew_log_872ee5a807cee8b3|0|1786390926.297|100.516|3.141|490979328|523079680|gen_data_d97a59ef1449e38e|__AUTOMETRIC__
__AUTOMETRIC__|0.1.2|6056|crew_log_872ee5a807cee8b3|0|1786390927.300|99.702|3.116|490930176|523030528|gen_data_d97a59ef1449e38e|__AUTOMETRIC__
__AUTOMETRIC__|0.1.2|6056|crew_log_872ee5a807cee8b3|0|1786390928.314|100.138|3.129|490975232|523055104|gen_data_d97a59ef1449e38e|__AUTOMETRIC__
__AUTOMETRIC__|0.1.2|6056|crew_log_872ee5a807cee8b3|0|1786390929.325|100.419|3.138|490909696|522977280|gen_data_d97a59ef1449e38e|__AUTOMETRIC__
__AUTOMETRIC__|0.1.2|6056|crew_log_872ee5a807cee8b3|0|1786390930.339|100.221|3.132|490983424|523063296|gen_data_d97a59ef1449e38e|__AUTOMETRIC__
__AUTOMETRIC__|0.1.2|6056|crew_log_872ee5a807cee8b3|0|1786390931.354|101.583|3.174|491204608|523280384|gen_data_d97a59ef1449e38e|__AUTOMETRIC__
__AUTOMETRIC__|0.1.2|6056|crew_log_872ee5a807cee8b3|0|1786390932.357|99.686|3.115|490881024|522952704|gen_data_d97a59ef1449e38e|__AUTOMETRIC__
__AUTOMETRIC__|0.1.2|6056|crew_log_872ee5a807cee8b3|0|1786390933.358|98.310|3.072|490954752|523026432|gen_data_d97a59ef1449e38e|__AUTOMETRIC__
__AUTOMETRIC__|0.1.2|6056|crew_log_872ee5a807cee8b3|0|1786390934.363|97.961|3.061|491143168|523214848|gen_data_d97a59ef1449e38e|__AUTOMETRIC__
__AUTOMETRIC__|0.1.2|6056|crew_log_872ee5a807cee8b3|0|1786390935.365|99.825|3.120|491196416|523284480|gen_data_d97a59ef1449e38e|__AUTOMETRIC__
__AUTOMETRIC__|0.1.2|6056|crew_log_872ee5a807cee8b3|0|1786390936.367|99.812|3.119|490835968|523051008|gen_data_d97a59ef1449e38e|__AUTOMETRIC__
__AUTOMETRIC__|0.1.2|6056|crew_log_872ee5a807cee8b3|0|1786390937.377|98.958|3.092|490606592|522682368|gen_data_d97a59ef1449e38e|__AUTOMETRIC__
__AUTOMETRIC__|0.1.2|6056|crew_log_872ee5a807cee8b3|0|1786390938.379|98.331|3.073|490733568|522821632|gen_data_d97a59ef1449e38e|__AUTOMETRIC__
__AUTOMETRIC__|0.1.2|6056|crew_log_872ee5a807cee8b3|0|1786390939.392|98.675|3.084|490840064|522915840|gen_data_d97a59ef1449e38e|__AUTOMETRIC__
__AUTOMETRIC__|0.1.2|6056|crew_log_872ee5a807cee8b3|0|1786390940.401|99.112|3.097|491048960|523124736|gen_data_d97a59ef1449e38e|__AUTOMETRIC__
__AUTOMETRIC__|0.1.2|6056|crew_log_872ee5a807cee8b3|0|1786390941.411|97.454|3.045|490901504|522981376|gen_data_d97a59ef1449e38e|__AUTOMETRIC__
__AUTOMETRIC__|0.1.2|6056|crew_log_872ee5a807cee8b3|0|1786390942.427|96.925|3.029|490876928|522952704|gen_data_d97a59ef1449e38e|__AUTOMETRIC__
__AUTOMETRIC__|0.1.2|6056|crew_log_872ee5a807cee8b3|0|1786390943.433|97.820|3.057|491147264|523218944|gen_data_d97a59ef1449e38e|__AUTOMETRIC__
__AUTOMETRIC__|0.1.2|6056|crew_log_872ee5a807cee8b3|0|1786390944.448|98.494|3.078|491008000|523100160|gen_data_d97a59ef1449e38e|__AUTOMETRIC__
__AUTOMETRIC__|0.1.2|6056|crew_log_872ee5a807cee8b3|0|1786390945.460|97.275|3.040|491085824|523173888|gen_data_d97a59ef1449e38e|__AUTOMETRIC__
__AUTOMETRIC__|0.1.2|6056|crew_log_872ee5a807cee8b3|0|1786390946.470|99.031|3.095|491212800|523292672|gen_data_d97a59ef1449e38e|__AUTOMETRIC__
__AUTOMETRIC__|0.1.2|6056|crew_log_872ee5a807cee8b3|0|1786390947.474|99.617|3.113|491139072|523218944|gen_data_d97a59ef1449e38e|__AUTOMETRIC__
__AUTOMETRIC__|0.1.2|6056|crew_log_872ee5a807cee8b3|0|1786390948.483|100.594|3.144|490651648|522723328|gen_data_d97a59ef1449e38e|__AUTOMETRIC__
__AUTOMETRIC__|0.1.2|6056|crew_log_872ee5a807cee8b3|0|1786390949.494|98.950|3.092|491192320|523268096|gen_data_d97a59ef1449e38e|__AUTOMETRIC__
__AUTOMETRIC__|0.1.2|6056|crew_log_872ee5a807cee8b3|0|1786390950.498|101.177|3.162|491229184|523304960|gen_data_d97a59ef1449e38e|__AUTOMETRIC__
__AUTOMETRIC__|0.1.2|6056|crew_log_872ee5a807cee8b3|0|1786390951.512|100.124|3.129|490897408|522985472|gen_data_d97a59ef1449e38e|__AUTOMETRIC__
__AUTOMETRIC__|0.1.2|6056|crew_log_872ee5a807cee8b3|0|1786390952.528|100.016|3.125|490852352|523034624|gen_data_d97a59ef1449e38e|__AUTOMETRIC__
__AUTOMETRIC__|0.1.2|6056|crew_log_872ee5a807cee8b3|0|1786390953.539|98.867|3.090|491438080|523517952|gen_data_d97a59ef1449e38e|__AUTOMETRIC__
__AUTOMETRIC__|0.1.2|6056|crew_log_872ee5a807cee8b3|0|1786390954.548|100.664|3.146|491106304|523378688|gen_data_d97a59ef1449e38e|__AUTOMETRIC__
__AUTOMETRIC__|0.1.2|6056|crew_log_872ee5a807cee8b3|0|1786390955.558|99.043|3.095|491085824|523153408|gen_data_d97a59ef1449e38e|__AUTOMETRIC__
__AUTOMETRIC__|0.1.2|6056|crew_log_872ee5a807cee8b3|0|1786390956.565|99.322|3.104|491016192|523264000|gen_data_d97a59ef1449e38e|__AUTOMETRIC__
__AUTOMETRIC__|0.1.2|6056|crew_log_872ee5a807cee8b3|0|1786390957.575|100.477|3.140|491085824|523210752|gen_data_d97a59ef1449e38e|__AUTOMETRIC__
__AUTOMETRIC__|0.1.2|6056|crew_log_872ee5a807cee8b3|0|1786390958.589|98.611|3.082|491286528|523366400|gen_data_d97a59ef1449e38e|__AUTOMETRIC__
__AUTOMETRIC__|0.1.2|6056|crew_log_872ee5a807cee8b3|0|1786390959.597|100.818|3.151|491126784|523206656|gen_data_d97a59ef1449e38e|__AUTOMETRIC__
__AUTOMETRIC__|0.1.2|6056|crew_log_872ee5a807cee8b3|0|1786390960.613|98.433|3.076|491180032|523259904|gen_data_d97a59ef1449e38e|__AUTOMETRIC__
__AUTOMETRIC__|0.1.2|6056|crew_log_872ee5a807cee8b3|0|1786390961.629|96.900|3.028|491343872|523423744|gen_data_d97a59ef1449e38e|__AUTOMETRIC__
__AUTOMETRIC__|0.1.2|6056|crew_log_872ee5a807cee8b3|0|1786390962.634|99.459|3.108|491155456|523235328|gen_data_d97a59ef1449e38e|__AUTOMETRIC__
__AUTOMETRIC__|0.1.2|6056|crew_log_872ee5a807cee8b3|0|1786390963.640|102.538|3.204|491102208|523288576|gen_data_d97a59ef1449e38e|__AUTOMETRIC__
__AUTOMETRIC__|0.1.2|6056|crew_log_872ee5a807cee8b3|0|1786390964.645|99.493|3.109|483938304|516018176|gen_data_d97a59ef1449e38e|__AUTOMETRIC__
__AUTOMETRIC__|0.1.2|6056|crew_log_872ee5a807cee8b3|0|1786390965.656|98.863|3.089|490905600|522964992|gen_data_d97a59ef1449e38e|__AUTOMETRIC__
__AUTOMETRIC__|0.1.2|6056|crew_log_872ee5a807cee8b3|0|1786390966.666|99.034|3.095|490983424|523055104|gen_data_d97a59ef1449e38e|__AUTOMETRIC__
__AUTOMETRIC__|0.1.2|6056|crew_log_872ee5a807cee8b3|0|1786390967.671|102.619|3.207|491102208|523141120|gen_data_d97a59ef1449e38e|__AUTOMETRIC__
__AUTOMETRIC__|0.1.2|6056|crew_log_872ee5a807cee8b3|0|1786390968.680|97.579|3.049|491077632|523116544|gen_data_d97a59ef1449e38e|__AUTOMETRIC__
__AUTOMETRIC__|0.1.2|6056|crew_log_872ee5a807cee8b3|0|1786390969.686|100.942|3.154|491266048|523304960|gen_data_d97a59ef1449e38e|__AUTOMETRIC__
__AUTOMETRIC__|0.1.2|6056|crew_log_872ee5a807cee8b3|0|1786390970.700|100.193|3.131|491204608|523243520|gen_data_d97a59ef1449e38e|__AUTOMETRIC__
__AUTOMETRIC__|0.1.2|6056|crew_log_872ee5a807cee8b3|0|1786390971.716|98.381|3.074|491261952|523300864|gen_data_d97a59ef1449e38e|__AUTOMETRIC__
__AUTOMETRIC__|0.1.2|6056|crew_log_872ee5a807cee8b3|0|1786390972.726|97.517|3.047|491425792|523481088|gen_data_d97a59ef1449e38e|__AUTOMETRIC__
__AUTOMETRIC__|0.1.2|6056|crew_log_872ee5a807cee8b3|0|1786390973.739|100.242|3.133|491040768|523096064|gen_data_d97a59ef1449e38e|__AUTOMETRIC__
__AUTOMETRIC__|0.1.2|6056|crew_log_872ee5a807cee8b3|0|1786390974.743|98.024|3.063|491372544|523419648|gen_data_d97a59ef1449e38e|__AUTOMETRIC__
__AUTOMETRIC__|0.1.2|6056|crew_log_872ee5a807cee8b3|0|1786390975.748|102.592|3.206|491307008|523350016|gen_data_d97a59ef1449e38e|__AUTOMETRIC__
__AUTOMETRIC__|0.1.2|6056|crew_log_872ee5a807cee8b3|0|1786390976.761|100.258|3.133|490999808|523042816|gen_data_d97a59ef1449e38e|__AUTOMETRIC__
__AUTOMETRIC__|0.1.2|6056|crew_log_872ee5a807cee8b3|0|1786390977.768|99.294|3.103|491417600|523460608|gen_data_d97a59ef1449e38e|__AUTOMETRIC__
__AUTOMETRIC__|0.1.2|6056|crew_log_872ee5a807cee8b3|0|1786390978.775|99.311|3.103|491307008|523350016|gen_data_d97a59ef1449e38e|__AUTOMETRIC__
__AUTOMETRIC__|0.1.2|6056|crew_log_872ee5a807cee8b3|0|1786390979.776|101.466|3.171|491540480|523579392|gen_data_d97a59ef1449e38e|__AUTOMETRIC__
__AUTOMETRIC__|0.1.2|6056|crew_log_872ee5a807cee8b3|0|1786390980.785|96.028|3.001|491241472|523280384|gen_data_d97a59ef1449e38e|__AUTOMETRIC__
__AUTOMETRIC__|0.1.2|6056|crew_log_872ee5a807cee8b3|0|1786390981.801|100.010|3.125|491483136|523567104|gen_data_d97a59ef1449e38e|__AUTOMETRIC__
__AUTOMETRIC__|0.1.2|6056|crew_log_872ee5a807cee8b3|0|1786390982.803|98.187|3.068|491290624|523341824|gen_data_d97a59ef1449e38e|__AUTOMETRIC__
__AUTOMETRIC__|0.1.2|6056|crew_log_872ee5a807cee8b3|0|1786390983.817|100.192|3.131|491356160|523448320|gen_data_d97a59ef1449e38e|__AUTOMETRIC__
__AUTOMETRIC__|0.1.2|6056|crew_log_872ee5a807cee8b3|0|1786390984.827|97.489|3.047|491606016|523657216|gen_data_d97a59ef1449e38e|__AUTOMETRIC__
__AUTOMETRIC__|0.1.2|6056|crew_log_872ee5a807cee8b3|0|1786390985.841|100.092|3.128|491442176|523489280|gen_data_d97a59ef1449e38e|__AUTOMETRIC__
__AUTOMETRIC__|0.1.2|6056|crew_log_872ee5a807cee8b3|0|1786390986.843|98.279|3.071|491155456|523194368|gen_data_d97a59ef1449e38e|__AUTOMETRIC__
__AUTOMETRIC__|0.1.2|6056|crew_log_872ee5a807cee8b3|0|1786390987.856|98.706|3.085|491225088|523304960|gen_data_d97a59ef1449e38e|__AUTOMETRIC__
__AUTOMETRIC__|0.1.2|6056|crew_log_872ee5a807cee8b3|0|1786390988.864|97.692|3.053|491302912|523341824|gen_data_d97a59ef1449e38e|__AUTOMETRIC__
__AUTOMETRIC__|0.1.2|6056|crew_log_872ee5a807cee8b3|0|1786390989.871|99.265|3.102|491356160|523395072|gen_data_d97a59ef1449e38e|__AUTOMETRIC__
__AUTOMETRIC__|0.1.2|6056|crew_log_872ee5a807cee8b3|0|1786390990.883|98.808|3.088|491081728|523120640|gen_data_d97a59ef1449e38e|__AUTOMETRIC__
__AUTOMETRIC__|0.1.2|6056|crew_log_872ee5a807cee8b3|0|1786390991.884|99.879|3.121|491249664|523288576|gen_data_d97a59ef1449e38e|__AUTOMETRIC__
__AUTOMETRIC__|0.1.2|6056|crew_log_872ee5a807cee8b3|0|1786390992.888|102.751|3.211|491253760|523399168|gen_data_d97a59ef1449e38e|__AUTOMETRIC__
__AUTOMETRIC__|0.1.2|6056|crew_log_872ee5a807cee8b3|0|1786390993.889|99.900|3.122|491376640|523423744|gen_data_d97a59ef1449e38e|__AUTOMETRIC__
__AUTOMETRIC__|0.1.2|6056|crew_log_872ee5a807cee8b3|0|1786390994.901|100.360|3.136|491225088|523268096|gen_data_d97a59ef1449e38e|__AUTOMETRIC__
__AUTOMETRIC__|0.1.2|6056|crew_log_872ee5a807cee8b3|0|1786390995.914|98.745|3.086|491352064|523386880|gen_data_d97a59ef1449e38e|__AUTOMETRIC__
__AUTOMETRIC__|0.1.2|6056|crew_log_872ee5a807cee8b3|0|1786390996.924|100.499|3.141|491245568|523280384|gen_data_d97a59ef1449e38e|__AUTOMETRIC__
__AUTOMETRIC__|0.1.2|6056|crew_log_872ee5a807cee8b3|0|1786390997.937|100.233|3.132|491757568|523804672|gen_data_d97a59ef1449e38e|__AUTOMETRIC__
__AUTOMETRIC__|0.1.2|6056|crew_log_872ee5a807cee8b3|0|1786390998.946|99.190|3.100|491180032|523227136|gen_data_d97a59ef1449e38e|__AUTOMETRIC__
__AUTOMETRIC__|0.1.2|6056|crew_log_872ee5a807cee8b3|0|1786390999.949|99.679|3.115|491413504|523603968|gen_data_d97a59ef1449e38e|__AUTOMETRIC__
__AUTOMETRIC__|0.1.2|6056|crew_log_872ee5a807cee8b3|0|1786391000.962|97.131|3.035|491384832|523423744|gen_data_d97a59ef1449e38e|__AUTOMETRIC__
__AUTOMETRIC__|0.1.2|6056|crew_log_872ee5a807cee8b3|0|1786391001.965|102.828|3.213|491540480|523579392|gen_data_d97a59ef1449e38e|__AUTOMETRIC__
__AUTOMETRIC__|0.1.2|6056|crew_log_872ee5a807cee8b3|0|1786391002.980|98.560|3.080|491601920|523640832|gen_data_d97a59ef1449e38e|__AUTOMETRIC__
__AUTOMETRIC__|0.1.2|6056|crew_log_872ee5a807cee8b3|0|1786391003.987|97.715|3.054|491458560|523554816|gen_data_d97a59ef1449e38e|__AUTOMETRIC__
__AUTOMETRIC__|0.1.2|6056|crew_log_872ee5a807cee8b3|0|1786391004.999|100.334|3.135|491552768|523591680|gen_data_d97a59ef1449e38e|__AUTOMETRIC__
__AUTOMETRIC__|0.1.2|6056|crew_log_872ee5a807cee8b3|0|1786391006.016|99.897|3.122|491970560|524009472|gen_data_d97a59ef1449e38e|__AUTOMETRIC__
__AUTOMETRIC__|0.1.2|6056|crew_log_872ee5a807cee8b3|0|1786391007.029|98.715|3.085|491806720|523845632|gen_data_d97a59ef1449e38e|__AUTOMETRIC__
__AUTOMETRIC__|0.1.2|6056|crew_log_872ee5a807cee8b3|0|1786391008.031|99.849|3.120|491368448|523407360|gen_data_d97a59ef1449e38e|__AUTOMETRIC__
__AUTOMETRIC__|0.1.2|6056|crew_log_872ee5a807cee8b3|0|1786391009.037|97.833|3.057|491155456|523190272|gen_data_d97a59ef1449e38e|__AUTOMETRIC__
__AUTOMETRIC__|0.1.2|6056|crew_log_872ee5a807cee8b3|0|1786391010.041|99.546|3.111|491229184|523264000|gen_data_d97a59ef1449e38e|__AUTOMETRIC__
__AUTOMETRIC__|0.1.2|6056|crew_log_872ee5a807cee8b3|0|1786391011.043|98.289|3.072|491343872|523390976|gen_data_d97a59ef1449e38e|__AUTOMETRIC__
__AUTOMETRIC__|0.1.2|6056|crew_log_872ee5a807cee8b3|0|1786391012.057|98.612|3.082|491266048|523321344|gen_data_d97a59ef1449e38e|__AUTOMETRIC__
__AUTOMETRIC__|0.1.2|6056|crew_log_872ee5a807cee8b3|0|1786391013.061|99.566|3.111|491343872|523395072|gen_data_d97a59ef1449e38e|__AUTOMETRIC__
__AUTOMETRIC__|0.1.2|6056|crew_log_872ee5a807cee8b3|0|1786391014.077|99.977|3.124|491425792|523464704|gen_data_d97a59ef1449e38e|__AUTOMETRIC__
__AUTOMETRIC__|0.1.2|6056|crew_log_872ee5a807cee8b3|0|1786391015.086|99.126|3.098|491507712|523546624|gen_data_d97a59ef1449e38e|__AUTOMETRIC__
__AUTOMETRIC__|0.1.2|6056|crew_log_872ee5a807cee8b3|0|1786391016.101|100.023|3.126|491503616|523718656|gen_data_d97a59ef1449e38e|__AUTOMETRIC__
__AUTOMETRIC__|0.1.2|6056|crew_log_872ee5a807cee8b3|0|1786391017.116|100.087|3.128|491585536|523632640|gen_data_d97a59ef1449e38e|__AUTOMETRIC__
__AUTOMETRIC__|0.1.2|6056|crew_log_872ee5a807cee8b3|0|1786391018.118|101.327|3.166|491630592|523665408|gen_data_d97a59ef1449e38e|__AUTOMETRIC__
__AUTOMETRIC__|0.1.2|6056|crew_log_872ee5a807cee8b3|0|1786391019.121|101.336|3.167|491585536|523620352|gen_data_d97a59ef1449e38e|__AUTOMETRIC__
__AUTOMETRIC__|0.1.2|6056|crew_log_872ee5a807cee8b3|0|1786391020.136|98.481|3.078|491298816|523337728|gen_data_d97a59ef1449e38e|__AUTOMETRIC__
__AUTOMETRIC__|0.1.2|6056|crew_log_872ee5a807cee8b3|0|1786391021.149|97.169|3.037|491474944|523513856|gen_data_d97a59ef1449e38e|__AUTOMETRIC__
__AUTOMETRIC__|0.1.2|6056|crew_log_872ee5a807cee8b3|0|1786391022.154|101.121|3.160|491782144|523821056|gen_data_d97a59ef1449e38e|__AUTOMETRIC__
__AUTOMETRIC__|0.1.2|6056|crew_log_872ee5a807cee8b3|0|1786391023.158|99.562|3.111|491425792|523464704|gen_data_d97a59ef1449e38e|__AUTOMETRIC__
__AUTOMETRIC__|0.1.2|6056|crew_log_872ee5a807cee8b3|0|1786391024.173|100.093|3.128|491466752|523685888|gen_data_d97a59ef1449e38e|__AUTOMETRIC__
__AUTOMETRIC__|0.1.2|6056|crew_log_872ee5a807cee8b3|0|1786391025.186|100.195|3.131|491540480|523579392|gen_data_d97a59ef1449e38e|__AUTOMETRIC__
__AUTOMETRIC__|0.1.2|6056|crew_log_872ee5a807cee8b3|0|1786391026.200|98.600|3.081|491958272|523997184|gen_data_d97a59ef1449e38e|__AUTOMETRIC__
__AUTOMETRIC__|0.1.2|6056|crew_log_872ee5a807cee8b3|0|1786391027.206|97.942|3.061|491798528|523870208|gen_data_d97a59ef1449e38e|__AUTOMETRIC__
__AUTOMETRIC__|0.1.2|6056|crew_log_872ee5a807cee8b3|0|1786391028.210|99.581|3.112|491905024|523948032|gen_data_d97a59ef1449e38e|__AUTOMETRIC__
__AUTOMETRIC__|0.1.2|6056|crew_log_872ee5a807cee8b3|0|1786391029.216|100.939|3.154|491839488|523878400|gen_data_d97a59ef1449e38e|__AUTOMETRIC__
__AUTOMETRIC__|0.1.2|6056|crew_log_872ee5a807cee8b3|0|1786391030.217|98.356|3.074|491421696|523448320|gen_data_d97a59ef1449e38e|__AUTOMETRIC__
__AUTOMETRIC__|0.1.2|6056|crew_log_872ee5a807cee8b3|0|1786391031.224|99.328|3.104|491606016|523644928|gen_data_d97a59ef1449e38e|__AUTOMETRIC__
__AUTOMETRIC__|0.1.2|6056|crew_log_872ee5a807cee8b3|0|1786391032.228|99.512|3.110|491479040|523517952|gen_data_d97a59ef1449e38e|__AUTOMETRIC__
__AUTOMETRIC__|0.1.2|6056|crew_log_872ee5a807cee8b3|0|1786391033.244|99.975|3.124|491372544|523489280|gen_data_d97a59ef1449e38e|__AUTOMETRIC__
__AUTOMETRIC__|0.1.2|6056|crew_log_872ee5a807cee8b3|0|1786391034.260|93.833|2.932|491786240|523825152|gen_data_d97a59ef1449e38e|__AUTOMETRIC__
__AUTOMETRIC__|0.1.2|6056|crew_log_872ee5a807cee8b3|0|1786391035.263|98.187|3.068|491896832|523935744|gen_data_d97a59ef1449e38e|__AUTOMETRIC__
__AUTOMETRIC__|0.1.2|6056|crew_log_872ee5a807cee8b3|0|1786391036.269|97.845|3.058|491384832|523411456|gen_data_d97a59ef1449e38e|__AUTOMETRIC__
__AUTOMETRIC__|0.1.2|6056|crew_log_872ee5a807cee8b3|0|1786391037.283|98.577|3.081|491659264|523694080|gen_data_d97a59ef1449e38e|__AUTOMETRIC__
__AUTOMETRIC__|0.1.2|6056|crew_log_872ee5a807cee8b3|0|1786391038.293|97.499|3.047|491479040|523628544|gen_data_d97a59ef1449e38e|__AUTOMETRIC__
__AUTOMETRIC__|0.1.2|6056|crew_log_872ee5a807cee8b3|0|1786391039.298|99.464|3.108|491855872|523894784|gen_data_d97a59ef1449e38e|__AUTOMETRIC__
__AUTOMETRIC__|0.1.2|6056|crew_log_872ee5a807cee8b3|0|1786391040.311|100.280|3.134|491831296|523870208|gen_data_d97a59ef1449e38e|__AUTOMETRIC__
__AUTOMETRIC__|0.1.2|6056|crew_log_872ee5a807cee8b3|0|1786391041.313|98.228|3.070|491675648|523714560|gen_data_d97a59ef1449e38e|__AUTOMETRIC__
__AUTOMETRIC__|0.1.2|6056|crew_log_872ee5a807cee8b3|0|1786391042.314|98.344|3.073|492347392|524386304|gen_data_d97a59ef1449e38e|__AUTOMETRIC__
__AUTOMETRIC__|0.1.2|6056|crew_log_872ee5a807cee8b3|0|1786391043.317|99.719|3.116|492208128|524247040|gen_data_d97a59ef1449e38e|__AUTOMETRIC__
__AUTOMETRIC__|0.1.2|6056|crew_log_872ee5a807cee8b3|0|1786391044.320|99.672|3.115|492449792|524488704|gen_data_d97a59ef1449e38e|__AUTOMETRIC__
__AUTOMETRIC__|0.1.2|6056|crew_log_872ee5a807cee8b3|0|1786391045.336|96.915|3.029|492261376|524300288|gen_data_d97a59ef1449e38e|__AUTOMETRIC__
__AUTOMETRIC__|0.1.2|6056|crew_log_872ee5a807cee8b3|0|1786391046.343|100.868|3.152|492240896|524279808|gen_data_d97a59ef1449e38e|__AUTOMETRIC__
__AUTOMETRIC__|0.1.2|6056|crew_log_872ee5a807cee8b3|0|1786391047.354|100.448|3.139|492482560|524554240|gen_data_d97a59ef1449e38e|__AUTOMETRIC__
__AUTOMETRIC__|0.1.2|6056|crew_log_872ee5a807cee8b3|0|1786391048.368|95.478|2.984|492298240|524357632|gen_data_d97a59ef1449e38e|__AUTOMETRIC__
__AUTOMETRIC__|0.1.2|6056|crew_log_872ee5a807cee8b3|0|1786391049.373|102.669|3.208|492486656|524541952|gen_data_d97a59ef1449e38e|__AUTOMETRIC__
__AUTOMETRIC__|0.1.2|6056|crew_log_872ee5a807cee8b3|0|1786391050.380|97.735|3.054|492343296|524390400|gen_data_d97a59ef1449e38e|__AUTOMETRIC__
__AUTOMETRIC__|0.1.2|6056|crew_log_872ee5a807cee8b3|0|1786391051.393|100.237|3.132|492126208|524173312|gen_data_d97a59ef1449e38e|__AUTOMETRIC__
__AUTOMETRIC__|0.1.2|6056|crew_log_872ee5a807cee8b3|0|1786391052.398|99.520|3.110|492306432|524353536|gen_data_d97a59ef1449e38e|__AUTOMETRIC__
__AUTOMETRIC__|0.1.2|6056|crew_log_872ee5a807cee8b3|0|1786391053.400|99.807|3.119|492298240|524521472|gen_data_d97a59ef1449e38e|__AUTOMETRIC__
__AUTOMETRIC__|0.1.2|6056|crew_log_872ee5a807cee8b3|0|1786391054.403|99.746|3.117|492122112|524165120|gen_data_d97a59ef1449e38e|__AUTOMETRIC__
__AUTOMETRIC__|0.1.2|6056|crew_log_872ee5a807cee8b3|0|1786391055.408|99.427|3.107|492077056|524115968|gen_data_d97a59ef1449e38e|__AUTOMETRIC__
__AUTOMETRIC__|0.1.2|6056|crew_log_872ee5a807cee8b3|0|1786391056.413|99.559|3.111|492204032|524242944|gen_data_d97a59ef1449e38e|__AUTOMETRIC__
__AUTOMETRIC__|0.1.2|6056|crew_log_872ee5a807cee8b3|0|1786391057.426|100.204|3.131|492466176|524505088|gen_data_d97a59ef1449e38e|__AUTOMETRIC__
__AUTOMETRIC__|0.1.2|6056|crew_log_872ee5a807cee8b3|0|1786391058.435|100.716|3.147|492228608|524267520|gen_data_d97a59ef1449e38e|__AUTOMETRIC__
__AUTOMETRIC__|0.1.2|6056|crew_log_872ee5a807cee8b3|0|1786391059.438|98.109|3.066|492261376|524300288|gen_data_d97a59ef1449e38e|__AUTOMETRIC__
__AUTOMETRIC__|0.1.2|6056|crew_log_872ee5a807cee8b3|0|1786391060.441|99.741|3.117|492331008|524369920|gen_data_d97a59ef1449e38e|__AUTOMETRIC__
__AUTOMETRIC__|0.1.2|6056|crew_log_872ee5a807cee8b3|0|1786391061.450|100.618|3.144|492498944|524537856|gen_data_d97a59ef1449e38e|__AUTOMETRIC__
__AUTOMETRIC__|0.1.2|6056|crew_log_872ee5a807cee8b3|0|1786391062.465|100.112|3.128|492285952|524324864|gen_data_d97a59ef1449e38e|__AUTOMETRIC__
__AUTOMETRIC__|0.1.2|6056|crew_log_872ee5a807cee8b3|0|1786391063.480|95.405|2.981|492376064|524414976|gen_data_d97a59ef1449e38e|__AUTOMETRIC__
__AUTOMETRIC__|0.1.2|6056|crew_log_872ee5a807cee8b3|0|1786391064.492|97.271|3.040|492404736|524443648|gen_data_d97a59ef1449e38e|__AUTOMETRIC__
__AUTOMETRIC__|0.1.2|6056|crew_log_872ee5a807cee8b3|0|1786391065.505|100.211|3.132|492376064|524427264|gen_data_d97a59ef1449e38e|__AUTOMETRIC__
__AUTOMETRIC__|0.1.2|6056|crew_log_872ee5a807cee8b3|0|1786391066.506|96.811|3.025|492511232|524558336|gen_data_d97a59ef1449e38e|__AUTOMETRIC__
__AUTOMETRIC__|0.1.2|6056|crew_log_872ee5a807cee8b3|0|1786391067.508|98.300|3.072|492101632|524148736|gen_data_d97a59ef1449e38e|__AUTOMETRIC__
__AUTOMETRIC__|0.1.2|6056|crew_log_872ee5a807cee8b3|0|1786391068.520|98.805|3.088|492597248|524644352|gen_data_d97a59ef1449e38e|__AUTOMETRIC__
__AUTOMETRIC__|0.1.2|6056|crew_log_872ee5a807cee8b3|0|1786391069.521|98.278|3.071|492945408|524984320|gen_data_d97a59ef1449e38e|__AUTOMETRIC__
__AUTOMETRIC__|0.1.2|6056|crew_log_872ee5a807cee8b3|0|1786391070.530|100.651|3.145|492068864|524111872|gen_data_d97a59ef1449e38e|__AUTOMETRIC__
__AUTOMETRIC__|0.1.2|6056|crew_log_872ee5a807cee8b3|0|1786391071.535|97.928|3.060|492265472|524304384|gen_data_d97a59ef1449e38e|__AUTOMETRIC__
__AUTOMETRIC__|0.1.2|6056|crew_log_872ee5a807cee8b3|0|1786391072.549|100.227|3.132|492457984|524500992|gen_data_d97a59ef1449e38e|__AUTOMETRIC__
__AUTOMETRIC__|0.1.2|6056|crew_log_872ee5a807cee8b3|0|1786391073.564|98.513|3.079|492187648|524226560|gen_data_d97a59ef1449e38e|__AUTOMETRIC__
__AUTOMETRIC__|0.1.2|6056|crew_log_872ee5a807cee8b3|0|1786391074.569|99.530|3.110|492388352|524427264|gen_data_d97a59ef1449e38e|__AUTOMETRIC__
__AUTOMETRIC__|0.1.2|6056|crew_log_872ee5a807cee8b3|0|1786391075.578|99.066|3.096|492371968|524410880|gen_data_d97a59ef1449e38e|__AUTOMETRIC__
__AUTOMETRIC__|0.1.2|6056|crew_log_872ee5a807cee8b3|0|1786391076.584|99.436|3.107|492617728|524664832|gen_data_d97a59ef1449e38e|__AUTOMETRIC__
__AUTOMETRIC__|0.1.2|6056|crew_log_872ee5a807cee8b3|0|1786391077.590|100.916|3.154|492429312|524468224|gen_data_d97a59ef1449e38e|__AUTOMETRIC__
__AUTOMETRIC__|0.1.2|6056|crew_log_872ee5a807cee8b3|0|1786391078.599|99.157|3.099|492417024|524460032|gen_data_d97a59ef1449e38e|__AUTOMETRIC__
__AUTOMETRIC__|0.1.2|6056|crew_log_872ee5a807cee8b3|0|1786391079.611|98.776|3.087|492576768|524619776|gen_data_d97a59ef1449e38e|__AUTOMETRIC__
__AUTOMETRIC__|0.1.2|6056|crew_log_872ee5a807cee8b3|0|1786391080.624|100.214|3.132|492662784|524705792|gen_data_d97a59ef1449e38e|__AUTOMETRIC__
__AUTOMETRIC__|0.1.2|6056|crew_log_872ee5a807cee8b3|0|1786391081.628|99.622|3.113|492462080|524505088|gen_data_d97a59ef1449e38e|__AUTOMETRIC__
__AUTOMETRIC__|0.1.2|6056|crew_log_872ee5a807cee8b3|0|1786391082.631|99.706|3.116|492576768|524619776|gen_data_d97a59ef1449e38e|__AUTOMETRIC__
__AUTOMETRIC__|0.1.2|6056|crew_log_872ee5a807cee8b3|0|1786391083.642|101.999|3.187|492572672|524615680|gen_data_d97a59ef1449e38e|__AUTOMETRIC__
__AUTOMETRIC__|0.1.2|6056|crew_log_872ee5a807cee8b3|0|1786391084.649|99.287|3.103|492683264|524726272|gen_data_d97a59ef1449e38e|__AUTOMETRIC__
__AUTOMETRIC__|0.1.2|6056|crew_log_872ee5a807cee8b3|0|1786391085.658|102.265|3.196|492453888|524496896|gen_data_d97a59ef1449e38e|__AUTOMETRIC__
__AUTOMETRIC__|0.1.2|6056|crew_log_872ee5a807cee8b3|0|1786391086.661|98.102|3.066|492920832|524951552|gen_data_d97a59ef1449e38e|__AUTOMETRIC__
__AUTOMETRIC__|0.1.2|6056|crew_log_872ee5a807cee8b3|0|1786391087.668|99.302|3.103|492670976|524713984|gen_data_d97a59ef1449e38e|__AUTOMETRIC__
__AUTOMETRIC__|0.1.2|6056|crew_log_872ee5a807cee8b3|0|1786391088.671|99.690|3.115|492212224|524255232|gen_data_d97a59ef1449e38e|__AUTOMETRIC__
__AUTOMETRIC__|0.1.2|6056|crew_log_872ee5a807cee8b3|0|1786391089.676|99.519|3.110|492494848|524537856|gen_data_d97a59ef1449e38e|__AUTOMETRIC__
__AUTOMETRIC__|0.1.2|6056|crew_log_872ee5a807cee8b3|0|1786391090.677|99.878|3.121|492490752|524623872|gen_data_d97a59ef1449e38e|__AUTOMETRIC__
__AUTOMETRIC__|0.1.2|6056|crew_log_872ee5a807cee8b3|0|1786391091.685|100.831|3.151|492597248|524660736|gen_data_d97a59ef1449e38e|__AUTOMETRIC__
__AUTOMETRIC__|0.1.2|6056|crew_log_872ee5a807cee8b3|0|1786391092.689|97.987|3.062|492736512|524857344|gen_data_d97a59ef1449e38e|__AUTOMETRIC__
__AUTOMETRIC__|0.1.2|6056|crew_log_872ee5a807cee8b3|0|1786391093.705|100.002|3.125|492519424|524578816|gen_data_d97a59ef1449e38e|__AUTOMETRIC__
__AUTOMETRIC__|0.1.2|6056|crew_log_872ee5a807cee8b3|0|1786391094.709|99.642|3.114|492675072|524734464|gen_data_d97a59ef1449e38e|__AUTOMETRIC__
__AUTOMETRIC__|0.1.2|6056|crew_log_872ee5a807cee8b3|0|1786391095.724|99.965|3.124|492765184|524824576|gen_data_d97a59ef1449e38e|__AUTOMETRIC__
__AUTOMETRIC__|0.1.2|6056|crew_log_872ee5a807cee8b3|0|1786391096.733|99.192|3.100|492584960|524660736|gen_data_d97a59ef1449e38e|__AUTOMETRIC__
__AUTOMETRIC__|0.1.2|6056|crew_log_872ee5a807cee8b3|0|1786391097.747|95.479|2.984|492703744|524763136|gen_data_d97a59ef1449e38e|__AUTOMETRIC__
__AUTOMETRIC__|0.1.2|6056|crew_log_872ee5a807cee8b3|0|1786391098.752|96.460|3.014|492867584|524922880|gen_data_d97a59ef1449e38e|__AUTOMETRIC__
__AUTOMETRIC__|0.1.2|6056|crew_log_872ee5a807cee8b3|0|1786391099.757|97.891|3.059|492830720|524873728|gen_data_d97a59ef1449e38e|__AUTOMETRIC__
__AUTOMETRIC__|0.1.2|6056|crew_log_872ee5a807cee8b3|0|1786391100.769|100.401|3.138|492728320|524820480|gen_data_d97a59ef1449e38e|__AUTOMETRIC__
__AUTOMETRIC__|0.1.2|6056|crew_log_872ee5a807cee8b3|0|1786391101.774|99.452|3.108|492941312|524984320|gen_data_d97a59ef1449e38e|__AUTOMETRIC__
__AUTOMETRIC__|0.1.2|6056|crew_log_872ee5a807cee8b3|0|1786391102.782|100.760|3.149|492736512|524779520|gen_data_d97a59ef1449e38e|__AUTOMETRIC__
__AUTOMETRIC__|0.1.2|6056|crew_log_872ee5a807cee8b3|0|1786391103.796|100.131|3.129|492617728|524660736|gen_data_d97a59ef1449e38e|__AUTOMETRIC__
__AUTOMETRIC__|0.1.2|6056|crew_log_872ee5a807cee8b3|0|1786391104.811|100.123|3.129|492560384|524611584|gen_data_d97a59ef1449e38e|__AUTOMETRIC__
__AUTOMETRIC__|0.1.2|6056|crew_log_872ee5a807cee8b3|0|1786391105.818|99.307|3.103|492834816|524877824|gen_data_d97a59ef1449e38e|__AUTOMETRIC__
__AUTOMETRIC__|0.1.2|6056|crew_log_872ee5a807cee8b3|0|1786391106.821|99.700|3.116|493219840|525262848|gen_data_d97a59ef1449e38e|__AUTOMETRIC__
__AUTOMETRIC__|0.1.2|6056|crew_log_872ee5a807cee8b3|0|1786391107.829|100.725|3.148|493273088|525328384|gen_data_d97a59ef1449e38e|__AUTOMETRIC__
__AUTOMETRIC__|0.1.2|6056|crew_log_872ee5a807cee8b3|0|1786391108.839|99.038|3.095|492687360|524742656|gen_data_d97a59ef1449e38e|__AUTOMETRIC__
__AUTOMETRIC__|0.1.2|6056|crew_log_872ee5a807cee8b3|0|1786391109.854|100.053|3.127|492818432|524865536|gen_data_d97a59ef1449e38e|__AUTOMETRIC__
__AUTOMETRIC__|0.1.2|6056|crew_log_872ee5a807cee8b3|0|1786391110.867|97.162|3.036|492687360|524746752|gen_data_d97a59ef1449e38e|__AUTOMETRIC__
__AUTOMETRIC__|0.1.2|6056|crew_log_872ee5a807cee8b3|0|1786391111.877|100.522|3.141|493113344|525156352|gen_data_d97a59ef1449e38e|__AUTOMETRIC__
__AUTOMETRIC__|0.1.2|6056|crew_log_872ee5a807cee8b3|0|1786391112.887|100.609|3.144|492994560|525029376|gen_data_d97a59ef1449e38e|__AUTOMETRIC__
__AUTOMETRIC__|0.1.2|6056|crew_log_872ee5a807cee8b3|0|1786391113.901|97.095|3.034|492961792|524996608|gen_data_d97a59ef1449e38e|__AUTOMETRIC__
__AUTOMETRIC__|0.1.2|6056|crew_log_872ee5a807cee8b3|0|1786391114.907|99.397|3.106|493117440|525148160|gen_data_d97a59ef1449e38e|__AUTOMETRIC__
__AUTOMETRIC__|0.1.2|6056|crew_log_872ee5a807cee8b3|0|1786391115.908|98.301|3.072|493158400|525189120|gen_data_d97a59ef1449e38e|__AUTOMETRIC__
__AUTOMETRIC__|0.1.2|6056|crew_log_872ee5a807cee8b3|0|1786391116.919|98.966|3.093|493154304|525197312|gen_data_d97a59ef1449e38e|__AUTOMETRIC__
__AUTOMETRIC__|0.1.2|6056|crew_log_872ee5a807cee8b3|0|1786391117.929|97.386|3.043|492679168|524722176|gen_data_d97a59ef1449e38e|__AUTOMETRIC__
__AUTOMETRIC__|0.1.2|6056|crew_log_872ee5a807cee8b3|0|1786391118.945|98.501|3.078|493088768|525164544|gen_data_d97a59ef1449e38e|__AUTOMETRIC__
__AUTOMETRIC__|0.1.2|6056|crew_log_872ee5a807cee8b3|0|1786391119.957|101.879|3.184|492937216|524967936|gen_data_d97a59ef1449e38e|__AUTOMETRIC__
__AUTOMETRIC__|0.1.2|6056|crew_log_872ee5a807cee8b3|0|1786391120.964|100.890|3.153|492982272|525025280|gen_data_d97a59ef1449e38e|__AUTOMETRIC__
__AUTOMETRIC__|0.1.2|6056|crew_log_872ee5a807cee8b3|0|1786391121.977|98.697|3.084|493039616|525082624|gen_data_d97a59ef1449e38e|__AUTOMETRIC__
__AUTOMETRIC__|0.1.2|6056|crew_log_872ee5a807cee8b3|0|1786391122.994|98.345|3.073|492781568|524824576|gen_data_d97a59ef1449e38e|__AUTOMETRIC__
__AUTOMETRIC__|0.1.2|6056|crew_log_872ee5a807cee8b3|0|1786391124.006|97.242|3.039|492769280|524812288|gen_data_d97a59ef1449e38e|__AUTOMETRIC__
__AUTOMETRIC__|0.1.2|6056|crew_log_872ee5a807cee8b3|0|1786391125.020|100.133|3.129|492986368|525029376|gen_data_d97a59ef1449e38e|__AUTOMETRIC__
__AUTOMETRIC__|0.1.2|6056|crew_log_872ee5a807cee8b3|0|1786391126.024|98.084|3.065|493469696|525512704|gen_data_d97a59ef1449e38e|__AUTOMETRIC__
__AUTOMETRIC__|0.1.2|6056|crew_log_872ee5a807cee8b3|0|1786391127.024|101.529|3.173|493072384|525115392|gen_data_d97a59ef1449e38e|__AUTOMETRIC__
__AUTOMETRIC__|0.1.2|6056|crew_log_872ee5a807cee8b3|0|1786391128.027|102.855|3.214|493060096|525103104|gen_data_d97a59ef1449e38e|__AUTOMETRIC__
__AUTOMETRIC__|0.1.2|6056|crew_log_872ee5a807cee8b3|0|1786391129.041|100.162|3.130|493481984|525524992|gen_data_d97a59ef1449e38e|__AUTOMETRIC__
__AUTOMETRIC__|0.1.2|6056|crew_log_872ee5a807cee8b3|0|1786391130.044|99.717|3.116|493002752|525045760|gen_data_d97a59ef1449e38e|__AUTOMETRIC__
__AUTOMETRIC__|0.1.2|6056|crew_log_872ee5a807cee8b3|0|1786391131.049|99.432|3.107|493002752|525045760|gen_data_d97a59ef1449e38e|__AUTOMETRIC__
__AUTOMETRIC__|0.1.2|6056|crew_log_872ee5a807cee8b3|0|1786391132.051|98.243|3.070|493252608|525295616|gen_data_d97a59ef1449e38e|__AUTOMETRIC__
__AUTOMETRIC__|0.1.2|6056|crew_log_872ee5a807cee8b3|0|1786391133.056|101.117|3.160|493142016|525185024|gen_data_d97a59ef1449e38e|__AUTOMETRIC__
__AUTOMETRIC__|0.1.2|6056|crew_log_872ee5a807cee8b3|0|1786391134.059|98.076|3.065|493076480|525119488|gen_data_d97a59ef1449e38e|__AUTOMETRIC__
__AUTOMETRIC__|0.1.2|6056|crew_log_872ee5a807cee8b3|0|1786391135.061|99.835|3.120|493027328|525070336|gen_data_d97a59ef1449e38e|__AUTOMETRIC__
__AUTOMETRIC__|0.1.2|6056|crew_log_872ee5a807cee8b3|0|1786391136.070|99.112|3.097|492920832|524967936|gen_data_d97a59ef1449e38e|__AUTOMETRIC__
__AUTOMETRIC__|0.1.2|6056|crew_log_872ee5a807cee8b3|0|1786391137.073|101.227|3.163|492945408|524992512|gen_data_d97a59ef1449e38e|__AUTOMETRIC__
__AUTOMETRIC__|0.1.2|6056|crew_log_872ee5a807cee8b3|0|1786391138.087|97.135|3.035|493277184|525344768|gen_data_d97a59ef1449e38e|__AUTOMETRIC__
__AUTOMETRIC__|0.1.2|6056|crew_log_872ee5a807cee8b3|0|1786391139.088|102.952|3.217|493158400|525201408|gen_data_d97a59ef1449e38e|__AUTOMETRIC__
__AUTOMETRIC__|0.1.2|6056|crew_log_872ee5a807cee8b3|0|1786391140.099|98.924|3.091|493113344|525156352|gen_data_d97a59ef1449e38e|__AUTOMETRIC__
__AUTOMETRIC__|0.1.2|6056|crew_log_872ee5a807cee8b3|0|1786391141.113|97.051|3.033|493154304|525197312|gen_data_d97a59ef1449e38e|__AUTOMETRIC__
__AUTOMETRIC__|0.1.2|6056|crew_log_872ee5a807cee8b3|0|1786391142.118|99.540|3.111|492863488|524906496|gen_data_d97a59ef1449e38e|__AUTOMETRIC__
__AUTOMETRIC__|0.1.2|6056|crew_log_872ee5a807cee8b3|0|1786391143.128|100.525|3.141|493088768|525131776|gen_data_d97a59ef1449e38e|__AUTOMETRIC__
__AUTOMETRIC__|0.1.2|6056|crew_log_872ee5a807cee8b3|0|1786391144.140|98.866|3.090|493101056|525144064|gen_data_d97a59ef1449e38e|__AUTOMETRIC__
__AUTOMETRIC__|0.1.2|6056|crew_log_872ee5a807cee8b3|0|1786391145.153|100.260|3.133|493395968|525438976|gen_data_d97a59ef1449e38e|__AUTOMETRIC__
__AUTOMETRIC__|0.1.2|6056|crew_log_872ee5a807cee8b3|0|1786391146.168|100.022|3.126|493248512|525291520|gen_data_d97a59ef1449e38e|__AUTOMETRIC__
__AUTOMETRIC__|0.1.2|6056|crew_log_872ee5a807cee8b3|0|1786391147.184|99.964|3.124|493088768|525131776|gen_data_d97a59ef1449e38e|__AUTOMETRIC__
__AUTOMETRIC__|0.1.2|6056|crew_log_872ee5a807cee8b3|0|1786391148.193|97.623|3.051|493264896|525307904|gen_data_d97a59ef1449e38e|__AUTOMETRIC__
__AUTOMETRIC__|0.1.2|6056|crew_log_872ee5a807cee8b3|0|1786391149.195|99.734|3.117|492974080|525017088|gen_data_d97a59ef1449e38e|__AUTOMETRIC__
__AUTOMETRIC__|0.1.2|6056|crew_log_872ee5a807cee8b3|0|1786391150.199|99.641|3.114|493113344|525156352|gen_data_d97a59ef1449e38e|__AUTOMETRIC__
__AUTOMETRIC__|0.1.2|6056|crew_log_872ee5a807cee8b3|0|1786391151.205|96.323|3.010|493355008|525402112|gen_data_d97a59ef1449e38e|__AUTOMETRIC__
__AUTOMETRIC__|0.1.2|6056|crew_log_872ee5a807cee8b3|0|1786391152.217|97.187|3.037|493170688|525213696|gen_data_d97a59ef1449e38e|__AUTOMETRIC__
__AUTOMETRIC__|0.1.2|6056|crew_log_872ee5a807cee8b3|0|1786391153.234|99.915|3.122|493256704|525299712|gen_data_d97a59ef1449e38e|__AUTOMETRIC__
__AUTOMETRIC__|0.1.2|6056|crew_log_872ee5a807cee8b3|0|1786391154.236|99.756|3.117|492924928|524967936|gen_data_d97a59ef1449e38e|__AUTOMETRIC__
__AUTOMETRIC__|0.1.2|6056|crew_log_872ee5a807cee8b3|0|1786391155.239|96.601|3.019|493064192|525107200|gen_data_d97a59ef1449e38e|__AUTOMETRIC__
__AUTOMETRIC__|0.1.2|6056|crew_log_872ee5a807cee8b3|0|1786391156.254|98.528|3.079|493371392|525426688|gen_data_d97a59ef1449e38e|__AUTOMETRIC__
__AUTOMETRIC__|0.1.2|6056|crew_log_872ee5a807cee8b3|0|1786391157.264|100.559|3.142|493125632|525180928|gen_data_d97a59ef1449e38e|__AUTOMETRIC__
__AUTOMETRIC__|0.1.2|6056|crew_log_872ee5a807cee8b3|0|1786391158.276|98.821|3.088|493268992|525316096|gen_data_d97a59ef1449e38e|__AUTOMETRIC__
__AUTOMETRIC__|0.1.2|6056|crew_log_872ee5a807cee8b3|0|1786391159.290|97.130|3.035|493330432|525373440|gen_data_d97a59ef1449e38e|__AUTOMETRIC__
__AUTOMETRIC__|0.1.2|6056|crew_log_872ee5a807cee8b3|0|1786391160.300|97.438|3.045|493154304|525197312|gen_data_d97a59ef1449e38e|__AUTOMETRIC__
__AUTOMETRIC__|0.1.2|6056|crew_log_872ee5a807cee8b3|0|1786391161.306|97.856|3.058|493338624|525381632|gen_data_d97a59ef1449e38e|__AUTOMETRIC__
__AUTOMETRIC__|0.1.2|6056|crew_log_872ee5a807cee8b3|0|1786391162.308|99.796|3.119|493273088|525316096|gen_data_d97a59ef1449e38e|__AUTOMETRIC__
__AUTOMETRIC__|0.1.2|6056|crew_log_872ee5a807cee8b3|0|1786391163.319|98.864|3.089|492982272|525025280|gen_data_d97a59ef1449e38e|__AUTOMETRIC__
__AUTOMETRIC__|0.1.2|6056|crew_log_872ee5a807cee8b3|0|1786391164.323|101.219|3.163|493715456|525758464|gen_data_d97a59ef1449e38e|__AUTOMETRIC__
__AUTOMETRIC__|0.1.2|6056|crew_log_872ee5a807cee8b3|0|1786391165.334|100.408|3.138|493404160|525463552|gen_data_d97a59ef1449e38e|__AUTOMETRIC__
__AUTOMETRIC__|0.1.2|6056|crew_log_872ee5a807cee8b3|0|1786391166.340|100.994|3.156|493547520|525606912|gen_data_d97a59ef1449e38e|__AUTOMETRIC__
__AUTOMETRIC__|0.1.2|6056|crew_log_872ee5a807cee8b3|0|1786391167.356|99.917|3.122|493588480|525635584|gen_data_d97a59ef1449e38e|__AUTOMETRIC__
__AUTOMETRIC__|0.1.2|6056|crew_log_872ee5a807cee8b3|0|1786391168.369|100.268|3.133|493756416|525799424|gen_data_d97a59ef1449e38e|__AUTOMETRIC__
__AUTOMETRIC__|0.1.2|6056|crew_log_872ee5a807cee8b3|0|1786391169.372|99.738|3.117|493740032|525770752|gen_data_d97a59ef1449e38e|__AUTOMETRIC__
__AUTOMETRIC__|0.1.2|6056|crew_log_872ee5a807cee8b3|0|1786391170.381|97.508|3.047|493723648|525770752|gen_data_d97a59ef1449e38e|__AUTOMETRIC__
__AUTOMETRIC__|0.1.2|6056|crew_log_872ee5a807cee8b3|0|1786391171.383|99.867|3.121|493682688|525721600|gen_data_d97a59ef1449e38e|__AUTOMETRIC__
__AUTOMETRIC__|0.1.2|6056|crew_log_872ee5a807cee8b3|0|1786391172.392|102.187|3.193|493846528|525885440|gen_data_d97a59ef1449e38e|__AUTOMETRIC__
__AUTOMETRIC__|0.1.2|6056|crew_log_872ee5a807cee8b3|0|1786391173.397|97.972|3.062|493735936|525787136|gen_data_d97a59ef1449e38e|__AUTOMETRIC__
__AUTOMETRIC__|0.1.2|6056|crew_log_872ee5a807cee8b3|0|1786391174.399|99.734|3.117|493563904|525606912|gen_data_d97a59ef1449e38e|__AUTOMETRIC__
__AUTOMETRIC__|0.1.2|6056|crew_log_872ee5a807cee8b3|0|1786391175.412|101.828|3.182|493633536|525676544|gen_data_d97a59ef1449e38e|__AUTOMETRIC__
__AUTOMETRIC__|0.1.2|6056|crew_log_872ee5a807cee8b3|0|1786391176.426|101.706|3.178|493457408|525500416|gen_data_d97a59ef1449e38e|__AUTOMETRIC__
__AUTOMETRIC__|0.1.2|6056|crew_log_872ee5a807cee8b3|0|1786391177.430|101.167|3.161|493641728|525684736|gen_data_d97a59ef1449e38e|__AUTOMETRIC__
__AUTOMETRIC__|0.1.2|6056|crew_log_872ee5a807cee8b3|0|1786391178.440|100.572|3.143|493678592|525770752|gen_data_d97a59ef1449e38e|__AUTOMETRIC__
__AUTOMETRIC__|0.1.2|6056|crew_log_872ee5a807cee8b3|0|1786391179.442|101.328|3.167|493547520|525590528|gen_data_d97a59ef1449e38e|__AUTOMETRIC__
__AUTOMETRIC__|0.1.2|6056|crew_log_872ee5a807cee8b3|0|1786391180.455|100.294|3.134|493793280|525836288|gen_data_d97a59ef1449e38e|__AUTOMETRIC__
__AUTOMETRIC__|0.1.2|6056|crew_log_872ee5a807cee8b3|0|1786391181.468|98.639|3.082|493527040|525570048|gen_data_d97a59ef1449e38e|__AUTOMETRIC__
__AUTOMETRIC__|0.1.2|6056|crew_log_872ee5a807cee8b3|0|1786391182.476|99.234|3.101|493596672|525639680|gen_data_d97a59ef1449e38e|__AUTOMETRIC__
__AUTOMETRIC__|0.1.2|6056|crew_log_872ee5a807cee8b3|0|1786391183.480|99.574|3.112|493654016|525713408|gen_data_d97a59ef1449e38e|__AUTOMETRIC__
__AUTOMETRIC__|0.1.2|6056|crew_log_872ee5a807cee8b3|0|1786391184.483|99.718|3.116|493555712|525606912|gen_data_d97a59ef1449e38e|__AUTOMETRIC__
__AUTOMETRIC__|0.1.2|6056|crew_log_872ee5a807cee8b3|0|1786391185.485|98.232|3.070|493649920|525692928|gen_data_d97a59ef1449e38e|__AUTOMETRIC__
__AUTOMETRIC__|0.1.2|6056|crew_log_872ee5a807cee8b3|0|1786391186.502|99.914|3.122|493686784|525729792|gen_data_d97a59ef1449e38e|__AUTOMETRIC__
__AUTOMETRIC__|0.1.2|6056|crew_log_872ee5a807cee8b3|0|1786391187.517|93.866|2.933|493957120|526000128|gen_data_d97a59ef1449e38e|__AUTOMETRIC__
__AUTOMETRIC__|0.1.2|6056|crew_log_872ee5a807cee8b3|0|1786391188.522|99.506|3.110|493654016|525697024|gen_data_d97a59ef1449e38e|__AUTOMETRIC__
__AUTOMETRIC__|0.1.2|6056|crew_log_872ee5a807cee8b3|0|1786391189.537|100.077|3.127|493600768|525643776|gen_data_d97a59ef1449e38e|__AUTOMETRIC__
__AUTOMETRIC__|0.1.2|6056|crew_log_872ee5a807cee8b3|0|1786391190.550|98.703|3.084|493768704|525811712|gen_data_d97a59ef1449e38e|__AUTOMETRIC__
__AUTOMETRIC__|0.1.2|6056|crew_log_872ee5a807cee8b3|0|1786391191.557|97.808|3.057|493613056|525668352|gen_data_d97a59ef1449e38e|__AUTOMETRIC__
__AUTOMETRIC__|0.1.2|6056|crew_log_872ee5a807cee8b3|0|1786391192.574|98.330|3.073|493834240|525877248|gen_data_d97a59ef1449e38e|__AUTOMETRIC__
__AUTOMETRIC__|0.1.2|6056|crew_log_872ee5a807cee8b3|0|1786391193.590|99.900|3.122|493666304|525709312|gen_data_d97a59ef1449e38e|__AUTOMETRIC__
__AUTOMETRIC__|0.1.2|6056|crew_log_872ee5a807cee8b3|0|1786391194.602|100.367|3.136|493830144|525873152|gen_data_d97a59ef1449e38e|__AUTOMETRIC__
__AUTOMETRIC__|0.1.2|6056|crew_log_872ee5a807cee8b3|0|1786391195.604|92.065|2.877|498233344|530518016|__DEFAULT__|__AUTOMETRIC__
__AUTOMETRIC__|0.1.2|6056|crew_log_872ee5a807cee8b3|0|1786391196.608|0.000|0.000|492158976|524034048|__DEFAULT__|__AUTOMETRIC__
__AUTOMETRIC__|0.1.2|6056|crew_log_872ee5a807cee8b3|0|1786391197.615|0.000|0.000|492167168|524042240|__DEFAULT__|__AUTOMETRIC__
__AUTOMETRIC__|0.1.2|6056|crew_log_872ee5a807cee8b3|0|1786391198.624|0.000|0.000|492167168|524042240|__DEFAULT__|__AUTOMETRIC__
__AUTOMETRIC__|0.1.2|6056|crew_log_872ee5a807cee8b3|0|1786391199.627|4.676|0.146|509992960|542015488|compiled_brms_models_0c309d49fee6ca90|__AUTOMETRIC__
__AUTOMETRIC__|0.1.2|6056|crew_log_872ee5a807cee8b3|0|1786391200.632|99.511|3.110|611176448|643395584|compiled_brms_models_0c309d49fee6ca90|__AUTOMETRIC__
__AUTOMETRIC__|0.1.2|6056|crew_log_872ee5a807cee8b3|0|1786391201.636|104.216|3.257|680742912|713138176|compiled_brms_models_0c309d49fee6ca90|__AUTOMETRIC__
__AUTOMETRIC__|0.1.2|6056|crew_log_872ee5a807cee8b3|0|1786391202.648|98.850|3.089|733032448|765698048|compiled_brms_models_0c309d49fee6ca90|__AUTOMETRIC__
__AUTOMETRIC__|0.1.2|6056|crew_log_872ee5a807cee8b3|0|1786391203.654|100.886|3.153|796450816|829149184|compiled_brms_models_0c309d49fee6ca90|__AUTOMETRIC__
__AUTOMETRIC__|0.1.2|6056|crew_log_872ee5a807cee8b3|0|1786391204.669|100.112|3.128|950382592|983478272|compiled_brms_models_0c309d49fee6ca90|__AUTOMETRIC__
__AUTOMETRIC__|0.1.2|6056|crew_log_872ee5a807cee8b3|0|1786391205.681|100.312|3.135|950329344|983425024|compiled_brms_models_0c309d49fee6ca90|__AUTOMETRIC__
__AUTOMETRIC__|0.1.2|6056|crew_log_872ee5a807cee8b3|0|1786391206.689|99.205|3.100|1123459072|1156997120|compiled_brms_models_0c309d49fee6ca90|__AUTOMETRIC__
__AUTOMETRIC__|0.1.2|6056|crew_log_872ee5a807cee8b3|0|1786391207.698|100.718|3.147|1265762304|1299628032|compiled_brms_models_0c309d49fee6ca90|__AUTOMETRIC__
__AUTOMETRIC__|0.1.2|6056|crew_log_872ee5a807cee8b3|0|1786391208.705|99.239|3.101|1268318208|1302036480|compiled_brms_models_0c309d49fee6ca90|__AUTOMETRIC__
__AUTOMETRIC__|0.1.2|6056|crew_log_872ee5a807cee8b3|0|1786391209.719|98.669|3.083|1268531200|1302470656|compiled_brms_models_0c309d49fee6ca90|__AUTOMETRIC__
__AUTOMETRIC__|0.1.2|6056|crew_log_872ee5a807cee8b3|0|1786391210.730|120.589|3.768|1412829184|1445879808|compiled_brms_models_0c309d49fee6ca90|__AUTOMETRIC__
__AUTOMETRIC__|0.1.2|6056|crew_log_872ee5a807cee8b3|0|1786391211.737|122.474|3.827|1512550400|1534930944|compiled_brms_models_0c309d49fee6ca90|__AUTOMETRIC__
__AUTOMETRIC__|0.1.2|6056|crew_log_872ee5a807cee8b3|0|1786391212.753|101.569|3.174|1495732224|1517842432|compiled_brms_models_0c309d49fee6ca90|__AUTOMETRIC__
