__AUTOMETRIC__|0.1.2|19192|crew_log_84b0445f08cee34c|0|1786390300.243|96.150|3.005|228216832|253366272|gen_data_c1465426742014cd|__AUTOMETRIC__
__AUTOMETRIC__|0.1.2|19192|crew_log_84b0445f08cee34c|0|1786390301.246|96.656|3.020|276344832|301301760|gen_data_c1465426742014cd|__AUTOMETRIC__
__AUTOMETRIC__|0.1.2|19192|crew_log_84b0445f08cee34c|0|1786390302.261|98.493|3.078|411004928|443256832|gen_data_c1465426742014cd|__AUTOMETRIC__
__AUTOMETRIC__|0.1.2|19192|crew_log_84b0445f08cee34c|0|1786390303.272|100.429|3.138|404303872|436486144|gen_data_c1465426742014cd|__AUTOMETRIC__
__AUTOMETRIC__|0.1.2|19192|crew_log_84b0445f08cee34c|0|1786390304.275|99.741|3.117|404922368|437096448|gen_data_c1465426742014cd|__AUTOMETRIC__
__AUTOMETRIC__|0.1.2|19192|crew_log_84b0445f08cee34c|0|1786390305.279|101.158|3.161|404774912|436948992|gen_data_c1465426742014cd|__AUTOMETRIC__
__AUTOMETRIC__|0.1.2|19192|crew_log_84b0445f08cee34c|0|1786390306.292|100.253|3.133|404131840|436338688|gen_data_c1465426742014cd|__AUTOMETRIC__
__AUTOMETRIC__|0.1.2|19192|crew_log_84b0445f08cee34c|0|1786390307.306|98.635|3.082|404111360|436318208|gen_data_c1465426742014cd|__AUTOMETRIC__
__AUTOMETRIC__|0.1.2|19192|crew_log_84b0445f08cee34c|0|1786390308.319|98.640|3.083|404160512|436346880|gen_data_c1465426742014cd|__AUTOMETRIC__
__AUTOMETRIC__|0.1.2|19192|crew_log_84b0445f08cee34c|0|1786390309.334|100.069|3.127|404246528|436453376|gen_data_c1465426742014cd|__AUTOMETRIC__
__AUTOMETRIC__|0.1.2|19192|crew_log_84b0445f08cee34c|0|1786390310.348|100.202|3.131|403914752|436109312|gen_data_c1465426742014cd|__AUTOMETRIC__
__AUTOMETRIC__|0.1.2|19192|crew_log_84b0445f08cee34c|0|1786390311.359|98.906|3.091|403894272|436088832|gen_data_c1465426742014cd|__AUTOMETRIC__
__AUTOMETRIC__|0.1.2|19192|crew_log_84b0445f08cee34c|0|1786390312.374|98.505|3.078|403910656|436125696|gen_data_c1465426742014cd|__AUTOMETRIC__
__AUTOMETRIC__|0.1.2|19192|crew_log_84b0445f08cee34c|0|1786390313.377|102.792|3.212|403927040|436142080|gen_data_c1465426742014cd|__AUTOMETRIC__
__AUTOMETRIC__|0.1.2|19192|crew_log_84b0445f08cee34c|0|1786390314.392|98.580|3.081|403922944|436125696|gen_data_c1465426742014cd|__AUTOMETRIC__
__AUTOMETRIC__|0.1.2|19192|crew_log_84b0445f08cee34c|0|1786390315.394|99.796|3.119|403857408|436068352|gen_data_c1465426742014cd|__AUTOMETRIC__
__AUTOMETRIC__|0.1.2|19192|crew_log_84b0445f08cee34c|0|1786390316.406|98.817|3.088|403869696|436068352|gen_data_c1465426742014cd|__AUTOMETRIC__
__AUTOMETRIC__|0.1.2|19192|crew_log_84b0445f08cee34c|0|1786390317.408|99.756|3.117|403853312|436051968|gen_data_c1465426742014cd|__AUTOMETRIC__
__AUTOMETRIC__|0.1.2|19192|crew_log_84b0445f08cee34c|0|1786390318.423|98.602|3.081|403931136|436162560|gen_data_c1465426742014cd|__AUTOMETRIC__
__AUTOMETRIC__|0.1.2|19192|crew_log_84b0445f08cee34c|0|1786390319.439|98.413|3.075|403935232|436146176|gen_data_c1465426742014cd|__AUTOMETRIC__
__AUTOMETRIC__|0.1.2|19192|crew_log_84b0445f08cee34c|0|1786390320.453|95.521|2.985|403968000|436158464|gen_data_c1465426742014cd|__AUTOMETRIC__
__AUTOMETRIC__|0.1.2|19192|crew_log_84b0445f08cee34c|0|1786390321.456|98.117|3.066|404041728|436252672|gen_data_c1465426742014cd|__AUTOMETRIC__
__AUTOMETRIC__|0.1.2|19192|crew_log_84b0445f08cee34c|0|1786390322.470|100.130|3.129|403709952|435920896|gen_data_c1465426742014cd|__AUTOMETRIC__
__AUTOMETRIC__|0.1.2|19192|crew_log_84b0445f08cee34c|0|1786390323.477|99.351|3.105|403755008|435961856|gen_data_c1465426742014cd|__AUTOMETRIC__
__AUTOMETRIC__|0.1.2|19192|crew_log_84b0445f08cee34c|0|1786390324.493|100.003|3.125|404000768|436248576|gen_data_c1465426742014cd|__AUTOMETRIC__
__AUTOMETRIC__|0.1.2|19192|crew_log_84b0445f08cee34c|0|1786390325.507|98.605|3.081|403853312|436080640|gen_data_c1465426742014cd|__AUTOMETRIC__
__AUTOMETRIC__|0.1.2|19192|crew_log_84b0445f08cee34c|0|1786390326.518|100.445|3.139|403529728|435728384|gen_data_c1465426742014cd|__AUTOMETRIC__
__AUTOMETRIC__|0.1.2|19192|crew_log_84b0445f08cee34c|0|1786390327.529|98.851|3.089|403767296|436097024|gen_data_c1465426742014cd|__AUTOMETRIC__
__AUTOMETRIC__|0.1.2|19192|crew_log_84b0445f08cee34c|0|1786390328.530|99.932|3.123|403820544|436064256|gen_data_c1465426742014cd|__AUTOMETRIC__
__AUTOMETRIC__|0.1.2|19192|crew_log_84b0445f08cee34c|0|1786390329.532|102.963|3.218|403816448|436060160|gen_data_c1465426742014cd|__AUTOMETRIC__
__AUTOMETRIC__|0.1.2|19192|crew_log_84b0445f08cee34c|0|1786390330.534|98.248|3.070|403820544|436056064|gen_data_c1465426742014cd|__AUTOMETRIC__
__AUTOMETRIC__|0.1.2|19192|crew_log_84b0445f08cee34c|0|1786390331.548|98.573|3.080|403951616|436178944|gen_data_c1465426742014cd|__AUTOMETRIC__
__AUTOMETRIC__|0.1.2|19192|crew_log_84b0445f08cee34c|0|1786390332.551|99.754|3.117|403845120|436072448|gen_data_c1465426742014cd|__AUTOMETRIC__
__AUTOMETRIC__|0.1.2|19192|crew_log_84b0445f08cee34c|0|1786390333.552|98.300|3.072|404127744|436355072|gen_data_c1465426742014cd|__AUTOMETRIC__
__AUTOMETRIC__|0.1.2|19192|crew_log_84b0445f08cee34c|0|1786390334.553|99.894|3.122|404172800|436441088|gen_data_c1465426742014cd|__AUTOMETRIC__
__AUTOMETRIC__|0.1.2|19192|crew_log_84b0445f08cee34c|0|1786390335.554|99.851|3.120|404131840|436400128|gen_data_c1465426742014cd|__AUTOMETRIC__
__AUTOMETRIC__|0.1.2|19192|crew_log_84b0445f08cee34c|0|1786390336.569|100.076|3.127|404066304|436330496|gen_data_c1465426742014cd|__AUTOMETRIC__
__AUTOMETRIC__|0.1.2|19192|crew_log_84b0445f08cee34c|0|1786390337.573|99.603|3.113|404217856|436473856|gen_data_c1465426742014cd|__AUTOMETRIC__
__AUTOMETRIC__|0.1.2|19192|crew_log_84b0445f08cee34c|0|1786390338.575|99.837|3.120|404131840|436375552|gen_data_c1465426742014cd|__AUTOMETRIC__
__AUTOMETRIC__|0.1.2|19192|crew_log_84b0445f08cee34c|0|1786390339.591|98.383|3.074|403718144|435957760|gen_data_c1465426742014cd|__AUTOMETRIC__
__AUTOMETRIC__|0.1.2|19192|crew_log_84b0445f08cee34c|0|1786390340.605|97.156|3.036|403927040|436150272|gen_data_c1465426742014cd|__AUTOMETRIC__
__AUTOMETRIC__|0.1.2|19192|crew_log_84b0445f08cee34c|0|1786390341.614|100.620|3.144|403922944|436187136|gen_data_c1465426742014cd|__AUTOMETRIC__
__AUTOMETRIC__|0.1.2|19192|crew_log_84b0445f08cee34c|0|1786390342.625|98.953|3.092|403886080|436150272|gen_data_c1465426742014cd|__AUTOMETRIC__
__AUTOMETRIC__|0.1.2|19192|crew_log_84b0445f08cee34c|0|1786390343.635|98.959|3.092|403816448|436072448|gen_data_c1465426742014cd|__AUTOMETRIC__
__AUTOMETRIC__|0.1.2|19192|crew_log_84b0445f08cee34c|0|1786390344.648|100.237|3.132|403812352|436043776|gen_data_c1465426742014cd|__AUTOMETRIC__
__AUTOMETRIC__|0.1.2|19192|crew_log_84b0445f08cee34c|0|1786390345.662|100.179|3.131|403755008|435986432|gen_data_c1465426742014cd|__AUTOMETRIC__
__AUTOMETRIC__|0.1.2|19192|crew_log_84b0445f08cee34c|0|1786390346.674|100.394|3.137|404000768|436273152|gen_data_c1465426742014cd|__AUTOMETRIC__
__AUTOMETRIC__|0.1.2|19192|crew_log_84b0445f08cee34c|0|1786390347.687|98.731|3.085|403861504|436113408|gen_data_c1465426742014cd|__AUTOMETRIC__
__AUTOMETRIC__|0.1.2|19192|crew_log_84b0445f08cee34c|0|1786390348.689|102.862|3.214|403861504|436113408|gen_data_c1465426742014cd|__AUTOMETRIC__
__AUTOMETRIC__|0.1.2|19192|crew_log_84b0445f08cee34c|0|1786390349.704|100.109|3.128|404082688|436334592|gen_data_c1465426742014cd|__AUTOMETRIC__
__AUTOMETRIC__|0.1.2|19192|crew_log_84b0445f08cee34c|0|1786390350.718|98.550|3.080|403845120|436097024|gen_data_c1465426742014cd|__AUTOMETRIC__
__AUTOMETRIC__|0.1.2|19192|crew_log_84b0445f08cee34c|0|1786390351.734|99.990|3.125|403869696|436121600|gen_data_c1465426742014cd|__AUTOMETRIC__
__AUTOMETRIC__|0.1.2|19192|crew_log_84b0445f08cee34c|0|1786390352.746|97.307|3.041|403927040|436158464|gen_data_c1465426742014cd|__AUTOMETRIC__
__AUTOMETRIC__|0.1.2|19192|crew_log_84b0445f08cee34c|0|1786390353.753|97.697|3.053|403869696|436101120|gen_data_c1465426742014cd|__AUTOMETRIC__
__AUTOMETRIC__|0.1.2|19192|crew_log_84b0445f08cee34c|0|1786390354.755|98.227|3.070|403714048|435945472|gen_data_c1465426742014cd|__AUTOMETRIC__
__AUTOMETRIC__|0.1.2|19192|crew_log_84b0445f08cee34c|0|1786390355.758|99.708|3.116|403763200|435994624|gen_data_c1465426742014cd|__AUTOMETRIC__
__AUTOMETRIC__|0.1.2|19192|crew_log_84b0445f08cee34c|0|1786390356.766|97.736|3.054|403836928|436035584|gen_data_c1465426742014cd|__AUTOMETRIC__
__AUTOMETRIC__|0.1.2|19192|crew_log_84b0445f08cee34c|0|1786390357.776|100.523|3.141|403738624|435970048|gen_data_c1465426742014cd|__AUTOMETRIC__
__AUTOMETRIC__|0.1.2|19192|crew_log_84b0445f08cee34c|0|1786390358.790|100.108|3.128|403755008|435986432|gen_data_c1465426742014cd|__AUTOMETRIC__
__AUTOMETRIC__|0.1.2|19192|crew_log_84b0445f08cee34c|0|1786390359.792|99.863|3.121|403783680|436015104|gen_data_c1465426742014cd|__AUTOMETRIC__
__AUTOMETRIC__|0.1.2|19192|crew_log_84b0445f08cee34c|0|1786390360.806|100.189|3.131|403980288|436211712|gen_data_c1465426742014cd|__AUTOMETRIC__
__AUTOMETRIC__|0.1.2|19192|crew_log_84b0445f08cee34c|0|1786390361.812|100.921|3.154|403750912|435982336|gen_data_c1465426742014cd|__AUTOMETRIC__
__AUTOMETRIC__|0.1.2|19192|crew_log_84b0445f08cee34c|0|1786390362.825|98.696|3.084|404025344|436248576|gen_data_c1465426742014cd|__AUTOMETRIC__
__AUTOMETRIC__|0.1.2|19192|crew_log_84b0445f08cee34c|0|1786390363.830|99.539|3.111|403787776|435978240|gen_data_c1465426742014cd|__AUTOMETRIC__
__AUTOMETRIC__|0.1.2|19192|crew_log_84b0445f08cee34c|0|1786390364.837|97.769|3.055|403808256|435998720|gen_data_c1465426742014cd|__AUTOMETRIC__
__AUTOMETRIC__|0.1.2|19192|crew_log_84b0445f08cee34c|0|1786390365.851|100.113|3.129|403927040|436117504|gen_data_c1465426742014cd|__AUTOMETRIC__
__AUTOMETRIC__|0.1.2|19192|crew_log_84b0445f08cee34c|0|1786390366.859|99.232|3.101|404078592|436269056|gen_data_c1465426742014cd|__AUTOMETRIC__
__AUTOMETRIC__|0.1.2|19192|crew_log_84b0445f08cee34c|0|1786390367.867|99.203|3.100|403861504|436097024|gen_data_c1465426742014cd|__AUTOMETRIC__
__AUTOMETRIC__|0.1.2|19192|crew_log_84b0445f08cee34c|0|1786390368.872|99.533|3.110|403976192|436178944|gen_data_c1465426742014cd|__AUTOMETRIC__
__AUTOMETRIC__|0.1.2|19192|crew_log_84b0445f08cee34c|0|1786390369.874|98.219|3.069|404025344|436215808|gen_data_c1465426742014cd|__AUTOMETRIC__
__AUTOMETRIC__|0.1.2|19192|crew_log_84b0445f08cee34c|0|1786390370.889|100.048|3.126|403828736|436019200|gen_data_c1465426742014cd|__AUTOMETRIC__
__AUTOMETRIC__|0.1.2|19192|crew_log_84b0445f08cee34c|0|1786390371.905|96.843|3.026|403914752|436105216|gen_data_c1465426742014cd|__AUTOMETRIC__
__AUTOMETRIC__|0.1.2|19192|crew_log_84b0445f08cee34c|0|1786390372.914|100.693|3.147|404037632|436252672|gen_data_c1465426742014cd|__AUTOMETRIC__
__AUTOMETRIC__|0.1.2|19192|crew_log_84b0445f08cee34c|0|1786390373.925|100.454|3.139|403873792|436064256|gen_data_c1465426742014cd|__AUTOMETRIC__
__AUTOMETRIC__|0.1.2|19192|crew_log_84b0445f08cee34c|0|1786390374.933|99.223|3.101|403959808|436150272|gen_data_c1465426742014cd|__AUTOMETRIC__
__AUTOMETRIC__|0.1.2|19192|crew_log_84b0445f08cee34c|0|1786390375.941|99.198|3.100|404049920|436240384|gen_data_c1465426742014cd|__AUTOMETRIC__
__AUTOMETRIC__|0.1.2|19192|crew_log_84b0445f08cee34c|0|1786390376.945|98.070|3.065|403857408|436080640|gen_data_c1465426742014cd|__AUTOMETRIC__
__AUTOMETRIC__|0.1.2|19192|crew_log_84b0445f08cee34c|0|1786390377.950|99.477|3.109|403570688|435879936|gen_data_c1465426742014cd|__AUTOMETRIC__
__AUTOMETRIC__|0.1.2|19192|crew_log_84b0445f08cee34c|0|1786390378.955|101.084|3.159|404197376|436387840|gen_data_c1465426742014cd|__AUTOMETRIC__
__AUTOMETRIC__|0.1.2|19192|crew_log_84b0445f08cee34c|0|1786390379.966|97.378|3.043|404365312|436555776|gen_data_c1465426742014cd|__AUTOMETRIC__
__AUTOMETRIC__|0.1.2|19192|crew_log_84b0445f08cee34c|0|1786390380.968|99.785|3.118|404086784|436277248|gen_data_c1465426742014cd|__AUTOMETRIC__
__AUTOMETRIC__|0.1.2|19192|crew_log_84b0445f08cee34c|0|1786390381.981|100.202|3.131|404000768|436191232|gen_data_c1465426742014cd|__AUTOMETRIC__
__AUTOMETRIC__|0.1.2|19192|crew_log_84b0445f08cee34c|0|1786390382.982|96.776|3.024|403996672|436187136|gen_data_c1465426742014cd|__AUTOMETRIC__
__AUTOMETRIC__|0.1.2|19192|crew_log_84b0445f08cee34c|0|1786390383.996|101.769|3.180|403959808|436150272|gen_data_c1465426742014cd|__AUTOMETRIC__
__AUTOMETRIC__|0.1.2|19192|crew_log_84b0445f08cee34c|0|1786390385.004|96.105|3.003|404234240|436424704|gen_data_c1465426742014cd|__AUTOMETRIC__
__AUTOMETRIC__|0.1.2|19192|crew_log_84b0445f08cee34c|0|1786390386.005|99.825|3.120|404127744|436318208|gen_data_c1465426742014cd|__AUTOMETRIC__
__AUTOMETRIC__|0.1.2|19192|crew_log_84b0445f08cee34c|0|1786390387.015|97.542|3.048|404205568|436396032|gen_data_c1465426742014cd|__AUTOMETRIC__
__AUTOMETRIC__|0.1.2|19192|crew_log_84b0445f08cee34c|0|1786390388.029|100.111|3.128|403996672|436187136|gen_data_c1465426742014cd|__AUTOMETRIC__
__AUTOMETRIC__|0.1.2|19192|crew_log_84b0445f08cee34c|0|1786390389.038|102.173|3.193|404205568|436396032|gen_data_c1465426742014cd|__AUTOMETRIC__
__AUTOMETRIC__|0.1.2|19192|crew_log_84b0445f08cee34c|0|1786390390.043|99.542|3.111|404189184|436379648|gen_data_c1465426742014cd|__AUTOMETRIC__
__AUTOMETRIC__|0.1.2|19192|crew_log_84b0445f08cee34c|0|1786390391.047|98.058|3.064|403992576|436183040|gen_data_c1465426742014cd|__AUTOMETRIC__
__AUTOMETRIC__|0.1.2|19192|crew_log_84b0445f08cee34c|0|1786390392.049|99.775|3.118|404213760|436404224|gen_data_c1465426742014cd|__AUTOMETRIC__
__AUTOMETRIC__|0.1.2|19192|crew_log_84b0445f08cee34c|0|1786390393.051|99.784|3.118|404213760|436404224|gen_data_c1465426742014cd|__AUTOMETRIC__
__AUTOMETRIC__|0.1.2|19192|crew_log_84b0445f08cee34c|0|1786390394.057|99.406|3.106|404303872|436494336|gen_data_c1465426742014cd|__AUTOMETRIC__
__AUTOMETRIC__|0.1.2|19192|crew_log_84b0445f08cee34c|0|1786390395.063|96.345|3.011|404172800|436363264|gen_data_c1465426742014cd|__AUTOMETRIC__
__AUTOMETRIC__|0.1.2|19192|crew_log_84b0445f08cee34c|0|1786390396.068|99.526|3.110|404185088|436420608|gen_data_c1465426742014cd|__AUTOMETRIC__
__AUTOMETRIC__|0.1.2|19192|crew_log_84b0445f08cee34c|0|1786390397.080|100.282|3.134|403992576|436183040|gen_data_c1465426742014cd|__AUTOMETRIC__
__AUTOMETRIC__|0.1.2|19192|crew_log_84b0445f08cee34c|0|1786390398.096|100.015|3.125|404234240|436424704|gen_data_c1465426742014cd|__AUTOMETRIC__
__AUTOMETRIC__|0.1.2|19192|crew_log_84b0445f08cee34c|0|1786390399.110|98.600|3.081|404070400|436260864|gen_data_c1465426742014cd|__AUTOMETRIC__
__AUTOMETRIC__|0.1.2|19192|crew_log_84b0445f08cee34c|0|1786390400.121|98.923|3.091|404180992|436371456|gen_data_c1465426742014cd|__AUTOMETRIC__
__AUTOMETRIC__|0.1.2|19192|crew_log_84b0445f08cee34c|0|1786390401.135|100.149|3.130|404226048|436416512|gen_data_c1465426742014cd|__AUTOMETRIC__
__AUTOMETRIC__|0.1.2|19192|crew_log_84b0445f08cee34c|0|1786390402.136|99.852|3.120|404017152|436207616|gen_data_c1465426742014cd|__AUTOMETRIC__
__AUTOMETRIC__|0.1.2|19192|crew_log_84b0445f08cee34c|0|1786390403.149|100.314|3.135|404205568|436396032|gen_data_c1465426742014cd|__AUTOMETRIC__
__AUTOMETRIC__|0.1.2|19192|crew_log_84b0445f08cee34c|0|1786390404.150|99.854|3.120|404217856|436412416|gen_data_c1465426742014cd|__AUTOMETRIC__
__AUTOMETRIC__|0.1.2|19192|crew_log_84b0445f08cee34c|0|1786390405.165|100.060|3.127|404389888|436588544|gen_data_c1465426742014cd|__AUTOMETRIC__
__AUTOMETRIC__|0.1.2|19192|crew_log_84b0445f08cee34c|0|1786390406.174|100.660|3.146|404197376|436396032|gen_data_c1465426742014cd|__AUTOMETRIC__
__AUTOMETRIC__|0.1.2|19192|crew_log_84b0445f08cee34c|0|1786390407.190|99.983|3.124|404107264|436301824|gen_data_c1465426742014cd|__AUTOMETRIC__
__AUTOMETRIC__|0.1.2|19192|crew_log_84b0445f08cee34c|0|1786390408.204|100.196|3.131|404279296|436469760|gen_data_c1465426742014cd|__AUTOMETRIC__
__AUTOMETRIC__|0.1.2|19192|crew_log_84b0445f08cee34c|0|1786390409.219|100.020|3.126|404164608|436355072|gen_data_c1465426742014cd|__AUTOMETRIC__
__AUTOMETRIC__|0.1.2|19192|crew_log_84b0445f08cee34c|0|1786390410.232|98.748|3.086|404115456|436305920|gen_data_c1465426742014cd|__AUTOMETRIC__
__AUTOMETRIC__|0.1.2|19192|crew_log_84b0445f08cee34c|0|1786390411.247|101.557|3.174|404271104|436461568|gen_data_c1465426742014cd|__AUTOMETRIC__
__AUTOMETRIC__|0.1.2|19192|crew_log_84b0445f08cee34c|0|1786390412.259|100.433|3.139|404070400|436260864|gen_data_c1465426742014cd|__AUTOMETRIC__
__AUTOMETRIC__|0.1.2|19192|crew_log_84b0445f08cee34c|0|1786390413.265|100.935|3.154|404287488|436477952|gen_data_c1465426742014cd|__AUTOMETRIC__
__AUTOMETRIC__|0.1.2|19192|crew_log_84b0445f08cee34c|0|1786390414.281|99.947|3.123|404271104|436461568|gen_data_c1465426742014cd|__AUTOMETRIC__
__AUTOMETRIC__|0.1.2|19192|crew_log_84b0445f08cee34c|0|1786390415.296|95.466|2.983|404049920|436240384|gen_data_c1465426742014cd|__AUTOMETRIC__
__AUTOMETRIC__|0.1.2|19192|crew_log_84b0445f08cee34c|0|1786390416.311|100.029|3.126|404041728|436240384|gen_data_c1465426742014cd|__AUTOMETRIC__
__AUTOMETRIC__|0.1.2|19192|crew_log_84b0445f08cee34c|0|1786390417.316|102.651|3.208|404156416|436346880|gen_data_c1465426742014cd|__AUTOMETRIC__
__AUTOMETRIC__|0.1.2|19192|crew_log_84b0445f08cee34c|0|1786390418.321|99.448|3.108|404234240|436449280|gen_data_c1465426742014cd|__AUTOMETRIC__
__AUTOMETRIC__|0.1.2|19192|crew_log_84b0445f08cee34c|0|1786390419.326|99.528|3.110|404418560|436609024|gen_data_c1465426742014cd|__AUTOMETRIC__
__AUTOMETRIC__|0.1.2|19192|crew_log_84b0445f08cee34c|0|1786390420.341|101.547|3.173|404463616|436633600|gen_data_c1465426742014cd|__AUTOMETRIC__
__AUTOMETRIC__|0.1.2|19192|crew_log_84b0445f08cee34c|0|1786390421.354|101.802|3.181|404787200|436977664|gen_data_c1465426742014cd|__AUTOMETRIC__
__AUTOMETRIC__|0.1.2|19192|crew_log_84b0445f08cee34c|0|1786390422.369|100.094|3.128|404373504|436572160|gen_data_c1465426742014cd|__AUTOMETRIC__
__AUTOMETRIC__|0.1.2|19192|crew_log_84b0445f08cee34c|0|1786390423.376|99.348|3.105|404594688|436793344|gen_data_c1465426742014cd|__AUTOMETRIC__
__AUTOMETRIC__|0.1.2|19192|crew_log_84b0445f08cee34c|0|1786390424.387|98.850|3.089|404594688|436793344|gen_data_c1465426742014cd|__AUTOMETRIC__
__AUTOMETRIC__|0.1.2|19192|crew_log_84b0445f08cee34c|0|1786390425.400|100.259|3.133|404389888|436588544|gen_data_c1465426742014cd|__AUTOMETRIC__
__AUTOMETRIC__|0.1.2|19192|crew_log_84b0445f08cee34c|0|1786390426.402|99.844|3.120|404389888|436588544|gen_data_c1465426742014cd|__AUTOMETRIC__
__AUTOMETRIC__|0.1.2|19192|crew_log_84b0445f08cee34c|0|1786390427.418|99.947|3.123|404369408|436559872|gen_data_c1465426742014cd|__AUTOMETRIC__
__AUTOMETRIC__|0.1.2|19192|crew_log_84b0445f08cee34c|0|1786390428.426|99.192|3.100|404385792|436592640|gen_data_c1465426742014cd|__AUTOMETRIC__
__AUTOMETRIC__|0.1.2|19192|crew_log_84b0445f08cee34c|0|1786390429.428|99.845|3.120|404385792|436592640|gen_data_c1465426742014cd|__AUTOMETRIC__
__AUTOMETRIC__|0.1.2|19192|crew_log_84b0445f08cee34c|0|1786390430.433|99.464|3.108|404340736|436547584|gen_data_c1465426742014cd|__AUTOMETRIC__
__AUTOMETRIC__|0.1.2|19192|crew_log_84b0445f08cee34c|0|1786390431.438|97.994|3.062|404385792|436531200|gen_data_c1465426742014cd|__AUTOMETRIC__
__AUTOMETRIC__|0.1.2|19192|crew_log_84b0445f08cee34c|0|1786390432.444|99.359|3.105|404619264|436764672|gen_data_c1465426742014cd|__AUTOMETRIC__
__AUTOMETRIC__|0.1.2|19192|crew_log_84b0445f08cee34c|0|1786390433.452|99.254|3.102|404762624|436908032|gen_data_c1465426742014cd|__AUTOMETRIC__
__AUTOMETRIC__|0.1.2|19192|crew_log_84b0445f08cee34c|0|1786390434.466|100.075|3.127|404791296|436936704|gen_data_c1465426742014cd|__AUTOMETRIC__
__AUTOMETRIC__|0.1.2|19192|crew_log_84b0445f08cee34c|0|1786390435.479|100.315|3.135|404779008|436924416|gen_data_c1465426742014cd|__AUTOMETRIC__
__AUTOMETRIC__|0.1.2|19192|crew_log_84b0445f08cee34c|0|1786390436.491|100.325|3.135|404389888|436531200|gen_data_c1465426742014cd|__AUTOMETRIC__
__AUTOMETRIC__|0.1.2|19192|crew_log_84b0445f08cee34c|0|1786390437.495|98.064|3.065|404459520|436600832|gen_data_c1465426742014cd|__AUTOMETRIC__
__AUTOMETRIC__|0.1.2|19192|crew_log_84b0445f08cee34c|0|1786390438.502|100.835|3.151|404713472|436846592|gen_data_c1465426742014cd|__AUTOMETRIC__
__AUTOMETRIC__|0.1.2|19192|crew_log_84b0445f08cee34c|0|1786390439.517|100.090|3.128|404787200|436916224|gen_data_c1465426742014cd|__AUTOMETRIC__
__AUTOMETRIC__|0.1.2|19192|crew_log_84b0445f08cee34c|0|1786390440.527|99.041|3.095|404512768|436641792|gen_data_c1465426742014cd|__AUTOMETRIC__
__AUTOMETRIC__|0.1.2|19192|crew_log_84b0445f08cee34c|0|1786390441.530|99.666|3.115|404541440|436674560|gen_data_c1465426742014cd|__AUTOMETRIC__
__AUTOMETRIC__|0.1.2|19192|crew_log_84b0445f08cee34c|0|1786390442.546|99.976|3.124|404684800|436817920|gen_data_c1465426742014cd|__AUTOMETRIC__
__AUTOMETRIC__|0.1.2|19192|crew_log_84b0445f08cee34c|0|1786390443.560|100.137|3.129|404475904|436609024|gen_data_c1465426742014cd|__AUTOMETRIC__
__AUTOMETRIC__|0.1.2|19192|crew_log_84b0445f08cee34c|0|1786390444.577|98.389|3.075|404381696|436523008|gen_data_c1465426742014cd|__AUTOMETRIC__
__AUTOMETRIC__|0.1.2|19192|crew_log_84b0445f08cee34c|0|1786390445.577|103.024|3.219|404807680|436948992|gen_data_c1465426742014cd|__AUTOMETRIC__
__AUTOMETRIC__|0.1.2|19192|crew_log_84b0445f08cee34c|0|1786390446.589|95.809|2.994|404635648|436797440|gen_data_c1465426742014cd|__AUTOMETRIC__
__AUTOMETRIC__|0.1.2|19192|crew_log_84b0445f08cee34c|0|1786390447.597|99.124|3.098|404393984|436555776|gen_data_c1465426742014cd|__AUTOMETRIC__
__AUTOMETRIC__|0.1.2|19192|crew_log_84b0445f08cee34c|0|1786390448.600|99.726|3.116|404795392|436957184|gen_data_c1465426742014cd|__AUTOMETRIC__
__AUTOMETRIC__|0.1.2|19192|crew_log_84b0445f08cee34c|0|1786390449.613|98.765|3.086|404615168|436756480|gen_data_c1465426742014cd|__AUTOMETRIC__
__AUTOMETRIC__|0.1.2|19192|crew_log_84b0445f08cee34c|0|1786390450.622|99.071|3.096|404463616|436604928|gen_data_c1465426742014cd|__AUTOMETRIC__
__AUTOMETRIC__|0.1.2|19192|crew_log_84b0445f08cee34c|0|1786390451.635|101.856|3.183|404463616|436604928|gen_data_c1465426742014cd|__AUTOMETRIC__
__AUTOMETRIC__|0.1.2|19192|crew_log_84b0445f08cee34c|0|1786390452.650|98.521|3.079|404733952|436862976|gen_data_c1465426742014cd|__AUTOMETRIC__
__AUTOMETRIC__|0.1.2|19192|crew_log_84b0445f08cee34c|0|1786390453.666|99.950|3.123|404492288|436621312|gen_data_c1465426742014cd|__AUTOMETRIC__
__AUTOMETRIC__|0.1.2|19192|crew_log_84b0445f08cee34c|0|1786390454.679|98.703|3.084|404705280|436846592|gen_data_c1465426742014cd|__AUTOMETRIC__
__AUTOMETRIC__|0.1.2|19192|crew_log_84b0445f08cee34c|0|1786390455.690|97.359|3.042|404770816|436916224|gen_data_c1465426742014cd|__AUTOMETRIC__
__AUTOMETRIC__|0.1.2|19192|crew_log_84b0445f08cee34c|0|1786390456.693|99.656|3.114|404336640|436482048|gen_data_c1465426742014cd|__AUTOMETRIC__
__AUTOMETRIC__|0.1.2|19192|crew_log_84b0445f08cee34c|0|1786390457.706|100.278|3.134|404512768|436649984|gen_data_c1465426742014cd|__AUTOMETRIC__
__AUTOMETRIC__|0.1.2|19192|crew_log_84b0445f08cee34c|0|1786390458.710|99.649|3.114|404869120|437006336|gen_data_c1465426742014cd|__AUTOMETRIC__
__AUTOMETRIC__|0.1.2|19192|crew_log_84b0445f08cee34c|0|1786390459.724|100.173|3.130|404664320|436801536|gen_data_c1465426742014cd|__AUTOMETRIC__
__AUTOMETRIC__|0.1.2|19192|crew_log_84b0445f08cee34c|0|1786390460.728|99.589|3.112|404705280|436842496|gen_data_c1465426742014cd|__AUTOMETRIC__
__AUTOMETRIC__|0.1.2|19192|crew_log_84b0445f08cee34c|0|1786390461.729|99.863|3.121|404713472|436850688|gen_data_c1465426742014cd|__AUTOMETRIC__
__AUTOMETRIC__|0.1.2|19192|crew_log_84b0445f08cee34c|0|1786390462.743|100.155|3.130|404496384|436633600|gen_data_c1465426742014cd|__AUTOMETRIC__
__AUTOMETRIC__|0.1.2|19192|crew_log_84b0445f08cee34c|0|1786390463.751|100.784|3.149|404545536|436682752|gen_data_c1465426742014cd|__AUTOMETRIC__
__AUTOMETRIC__|0.1.2|19192|crew_log_84b0445f08cee34c|0|1786390464.755|99.628|3.113|404926464|437055488|gen_data_c1465426742014cd|__AUTOMETRIC__
__AUTOMETRIC__|0.1.2|19192|crew_log_84b0445f08cee34c|0|1786390465.768|100.251|3.133|404680704|436809728|gen_data_c1465426742014cd|__AUTOMETRIC__
__AUTOMETRIC__|0.1.2|19192|crew_log_84b0445f08cee34c|0|1786390466.769|98.330|3.073|404590592|436719616|gen_data_c1465426742014cd|__AUTOMETRIC__
__AUTOMETRIC__|0.1.2|19192|crew_log_84b0445f08cee34c|0|1786390467.783|100.177|3.131|404713472|436842496|gen_data_c1465426742014cd|__AUTOMETRIC__
__AUTOMETRIC__|0.1.2|19192|crew_log_84b0445f08cee34c|0|1786390468.788|99.508|3.110|404967424|437104640|gen_data_c1465426742014cd|__AUTOMETRIC__
__AUTOMETRIC__|0.1.2|19192|crew_log_84b0445f08cee34c|0|1786390469.791|99.605|3.113|404701184|436838400|gen_data_c1465426742014cd|__AUTOMETRIC__
__AUTOMETRIC__|0.1.2|19192|crew_log_84b0445f08cee34c|0|1786390470.799|99.222|3.101|404807680|436944896|gen_data_c1465426742014cd|__AUTOMETRIC__
__AUTOMETRIC__|0.1.2|19192|crew_log_84b0445f08cee34c|0|1786390471.811|98.818|3.088|404819968|436948992|gen_data_c1465426742014cd|__AUTOMETRIC__
__AUTOMETRIC__|0.1.2|19192|crew_log_84b0445f08cee34c|0|1786390472.825|100.190|3.131|404545536|436674560|gen_data_c1465426742014cd|__AUTOMETRIC__
__AUTOMETRIC__|0.1.2|19192|crew_log_84b0445f08cee34c|0|1786390473.830|102.636|3.207|404824064|436953088|gen_data_c1465426742014cd|__AUTOMETRIC__
__AUTOMETRIC__|0.1.2|19192|crew_log_84b0445f08cee34c|0|1786390474.834|98.005|3.063|404836352|436965376|gen_data_c1465426742014cd|__AUTOMETRIC__
__AUTOMETRIC__|0.1.2|19192|crew_log_84b0445f08cee34c|0|1786390475.845|100.467|3.140|404803584|436932608|gen_data_c1465426742014cd|__AUTOMETRIC__
__AUTOMETRIC__|0.1.2|19192|crew_log_84b0445f08cee34c|0|1786390476.857|98.801|3.088|404840448|436969472|gen_data_c1465426742014cd|__AUTOMETRIC__
__AUTOMETRIC__|0.1.2|19192|crew_log_84b0445f08cee34c|0|1786390477.867|102.104|3.191|404889600|437018624|gen_data_c1465426742014cd|__AUTOMETRIC__
__AUTOMETRIC__|0.1.2|19192|crew_log_84b0445f08cee34c|0|1786390478.875|100.770|3.149|404635648|436764672|gen_data_c1465426742014cd|__AUTOMETRIC__
__AUTOMETRIC__|0.1.2|19192|crew_log_84b0445f08cee34c|0|1786390479.878|99.684|3.115|404672512|436801536|gen_data_c1465426742014cd|__AUTOMETRIC__
__AUTOMETRIC__|0.1.2|19192|crew_log_84b0445f08cee34c|0|1786390480.894|99.965|3.124|404615168|436744192|gen_data_c1465426742014cd|__AUTOMETRIC__
__AUTOMETRIC__|0.1.2|19192|crew_log_84b0445f08cee34c|0|1786390481.903|97.589|3.050|404721664|436867072|gen_data_c1465426742014cd|__AUTOMETRIC__
__AUTOMETRIC__|0.1.2|19192|crew_log_84b0445f08cee34c|0|1786390482.918|98.499|3.078|404725760|436871168|gen_data_c1465426742014cd|__AUTOMETRIC__
__AUTOMETRIC__|0.1.2|19192|crew_log_84b0445f08cee34c|0|1786390483.931|97.226|3.038|405012480|437157888|gen_data_c1465426742014cd|__AUTOMETRIC__
__AUTOMETRIC__|0.1.2|19192|crew_log_84b0445f08cee34c|0|1786390484.936|99.510|3.110|404684800|436813824|gen_data_c1465426742014cd|__AUTOMETRIC__
__AUTOMETRIC__|0.1.2|19192|crew_log_84b0445f08cee34c|0|1786390485.939|102.794|3.212|404467712|436596736|gen_data_c1465426742014cd|__AUTOMETRIC__
__AUTOMETRIC__|0.1.2|19192|crew_log_84b0445f08cee34c|0|1786390486.949|97.480|3.046|404758528|436887552|gen_data_c1465426742014cd|__AUTOMETRIC__
__AUTOMETRIC__|0.1.2|19192|crew_log_84b0445f08cee34c|0|1786390487.960|98.821|3.088|404631552|436760576|gen_data_c1465426742014cd|__AUTOMETRIC__
__AUTOMETRIC__|0.1.2|19192|crew_log_84b0445f08cee34c|0|1786390488.962|99.875|3.121|404353024|436482048|gen_data_c1465426742014cd|__AUTOMETRIC__
__AUTOMETRIC__|0.1.2|19192|crew_log_84b0445f08cee34c|0|1786390489.974|98.753|3.086|404590592|436723712|gen_data_c1465426742014cd|__AUTOMETRIC__
__AUTOMETRIC__|0.1.2|19192|crew_log_84b0445f08cee34c|0|1786390490.987|100.345|3.136|404541440|436674560|gen_data_c1465426742014cd|__AUTOMETRIC__
__AUTOMETRIC__|0.1.2|19192|crew_log_84b0445f08cee34c|0|1786390491.992|99.495|3.109|404348928|436477952|gen_data_c1465426742014cd|__AUTOMETRIC__
__AUTOMETRIC__|0.1.2|19192|crew_log_84b0445f08cee34c|0|1786390492.996|99.587|3.112|404402176|436531200|gen_data_c1465426742014cd|__AUTOMETRIC__
__AUTOMETRIC__|0.1.2|19192|crew_log_84b0445f08cee34c|0|1786390493.998|98.223|3.069|404697088|436826112|gen_data_c1465426742014cd|__AUTOMETRIC__
__AUTOMETRIC__|0.1.2|19192|crew_log_84b0445f08cee34c|0|1786390495.002|101.147|3.161|404889600|437026816|gen_data_c1465426742014cd|__AUTOMETRIC__
__AUTOMETRIC__|0.1.2|19192|crew_log_84b0445f08cee34c|0|1786390496.009|97.781|3.056|404660224|436789248|gen_data_c1465426742014cd|__AUTOMETRIC__
__AUTOMETRIC__|0.1.2|19192|crew_log_84b0445f08cee34c|0|1786390497.017|99.180|3.099|404574208|436703232|gen_data_c1465426742014cd|__AUTOMETRIC__
__AUTOMETRIC__|0.1.2|19192|crew_log_84b0445f08cee34c|0|1786390498.018|99.880|3.121|404652032|436781056|gen_data_c1465426742014cd|__AUTOMETRIC__
__AUTOMETRIC__|0.1.2|19192|crew_log_84b0445f08cee34c|0|1786390499.034|100.001|3.125|404422656|436551680|gen_data_c1465426742014cd|__AUTOMETRIC__
__AUTOMETRIC__|0.1.2|19192|crew_log_84b0445f08cee34c|0|1786390500.048|100.145|3.130|404680704|436809728|gen_data_c1465426742014cd|__AUTOMETRIC__
__AUTOMETRIC__|0.1.2|19192|crew_log_84b0445f08cee34c|0|1786390501.052|98.054|3.064|404680704|436809728|gen_data_c1465426742014cd|__AUTOMETRIC__
__AUTOMETRIC__|0.1.2|19192|crew_log_84b0445f08cee34c|0|1786390502.066|98.647|3.083|404643840|436772864|gen_data_c1465426742014cd|__AUTOMETRIC__
__AUTOMETRIC__|0.1.2|19192|crew_log_84b0445f08cee34c|0|1786390503.082|99.924|3.123|404705280|436834304|gen_data_c1465426742014cd|__AUTOMETRIC__
__AUTOMETRIC__|0.1.2|19192|crew_log_84b0445f08cee34c|0|1786390504.096|100.175|3.130|404865024|436994048|gen_data_c1465426742014cd|__AUTOMETRIC__
__AUTOMETRIC__|0.1.2|19192|crew_log_84b0445f08cee34c|0|1786390505.111|96.996|3.031|404443136|436572160|gen_data_c1465426742014cd|__AUTOMETRIC__
__AUTOMETRIC__|0.1.2|19192|crew_log_84b0445f08cee34c|0|1786390506.124|97.180|3.037|404533248|436662272|gen_data_c1465426742014cd|__AUTOMETRIC__
__AUTOMETRIC__|0.1.2|19192|crew_log_84b0445f08cee34c|0|1786390507.126|99.764|3.118|404656128|436785152|gen_data_c1465426742014cd|__AUTOMETRIC__
__AUTOMETRIC__|0.1.2|19192|crew_log_84b0445f08cee34c|0|1786390508.127|98.322|3.073|404541440|436670464|gen_data_c1465426742014cd|__AUTOMETRIC__
__AUTOMETRIC__|0.1.2|19192|crew_log_84b0445f08cee34c|0|1786390509.141|100.137|3.129|404533248|436662272|gen_data_c1465426742014cd|__AUTOMETRIC__
__AUTOMETRIC__|0.1.2|19192|crew_log_84b0445f08cee34c|0|1786390510.142|96.788|3.025|404692992|436822016|gen_data_c1465426742014cd|__AUTOMETRIC__
__AUTOMETRIC__|0.1.2|19192|crew_log_84b0445f08cee34c|0|1786390511.155|97.250|3.039|404983808|437121024|gen_data_c1465426742014cd|__AUTOMETRIC__
__AUTOMETRIC__|0.1.2|19192|crew_log_84b0445f08cee34c|0|1786390512.171|98.352|3.074|404766720|436903936|gen_data_c1465426742014cd|__AUTOMETRIC__
__AUTOMETRIC__|0.1.2|19192|crew_log_84b0445f08cee34c|0|1786390513.176|99.533|3.110|404746240|436879360|gen_data_c1465426742014cd|__AUTOMETRIC__
__AUTOMETRIC__|0.1.2|19192|crew_log_84b0445f08cee34c|0|1786390514.182|99.423|3.107|404930560|437059584|gen_data_c1465426742014cd|__AUTOMETRIC__
__AUTOMETRIC__|0.1.2|19192|crew_log_84b0445f08cee34c|0|1786390515.198|98.404|3.075|404692992|436838400|gen_data_c1465426742014cd|__AUTOMETRIC__
__AUTOMETRIC__|0.1.2|19192|crew_log_84b0445f08cee34c|0|1786390516.210|98.848|3.089|404779008|436908032|gen_data_c1465426742014cd|__AUTOMETRIC__
__AUTOMETRIC__|0.1.2|19192|crew_log_84b0445f08cee34c|0|1786390517.222|100.278|3.134|404713472|436842496|gen_data_c1465426742014cd|__AUTOMETRIC__
__AUTOMETRIC__|0.1.2|19192|crew_log_84b0445f08cee34c|0|1786390518.238|100.023|3.126|404721664|436862976|gen_data_c1465426742014cd|__AUTOMETRIC__
__AUTOMETRIC__|0.1.2|19192|crew_log_84b0445f08cee34c|0|1786390519.250|100.351|3.136|404611072|436748288|gen_data_c1465426742014cd|__AUTOMETRIC__
__AUTOMETRIC__|0.1.2|19192|crew_log_84b0445f08cee34c|0|1786390520.261|98.943|3.092|405065728|437194752|gen_data_c1465426742014cd|__AUTOMETRIC__
__AUTOMETRIC__|0.1.2|19192|crew_log_84b0445f08cee34c|0|1786390521.262|101.374|3.168|404574208|436703232|gen_data_c1465426742014cd|__AUTOMETRIC__
__AUTOMETRIC__|0.1.2|19192|crew_log_84b0445f08cee34c|0|1786390522.275|101.834|3.182|404733952|436871168|gen_data_c1465426742014cd|__AUTOMETRIC__
__AUTOMETRIC__|0.1.2|19192|crew_log_84b0445f08cee34c|0|1786390523.291|100.009|3.125|404803584|436940800|gen_data_c1465426742014cd|__AUTOMETRIC__
__AUTOMETRIC__|0.1.2|19192|crew_log_84b0445f08cee34c|0|1786390524.294|99.668|3.115|404623360|436752384|gen_data_c1465426742014cd|__AUTOMETRIC__
__AUTOMETRIC__|0.1.2|19192|crew_log_84b0445f08cee34c|0|1786390525.308|101.664|3.177|404606976|436736000|gen_data_c1465426742014cd|__AUTOMETRIC__
__AUTOMETRIC__|0.1.2|19192|crew_log_84b0445f08cee34c|0|1786390526.322|98.671|3.083|404701184|436830208|gen_data_c1465426742014cd|__AUTOMETRIC__
__AUTOMETRIC__|0.1.2|19192|crew_log_84b0445f08cee34c|0|1786390527.326|98.033|3.064|404725760|436854784|gen_data_c1465426742014cd|__AUTOMETRIC__
__AUTOMETRIC__|0.1.2|19192|crew_log_84b0445f08cee34c|0|1786390528.341|100.053|3.127|404557824|436686848|gen_data_c1465426742014cd|__AUTOMETRIC__
__AUTOMETRIC__|0.1.2|19192|crew_log_84b0445f08cee34c|0|1786390529.356|103.104|3.222|404783104|436936704|gen_data_c1465426742014cd|__AUTOMETRIC__
__AUTOMETRIC__|0.1.2|19192|crew_log_84b0445f08cee34c|0|1786390530.369|98.715|3.085|404619264|436748288|gen_data_c1465426742014cd|__AUTOMETRIC__
__AUTOMETRIC__|0.1.2|19192|crew_log_84b0445f08cee34c|0|1786390531.384|98.586|3.081|404627456|436756480|gen_data_c1465426742014cd|__AUTOMETRIC__
__AUTOMETRIC__|0.1.2|19192|crew_log_84b0445f08cee34c|0|1786390532.389|100.989|3.156|405098496|437227520|gen_data_c1465426742014cd|__AUTOMETRIC__
__AUTOMETRIC__|0.1.2|19192|crew_log_84b0445f08cee34c|0|1786390533.392|99.777|3.118|404721664|436867072|gen_data_c1465426742014cd|__AUTOMETRIC__
__AUTOMETRIC__|0.1.2|19192|crew_log_84b0445f08cee34c|0|1786390534.392|98.432|3.076|404561920|436690944|gen_data_c1465426742014cd|__AUTOMETRIC__
__AUTOMETRIC__|0.1.2|19192|crew_log_84b0445f08cee34c|0|1786390535.404|95.697|2.991|404729856|436858880|gen_data_c1465426742014cd|__AUTOMETRIC__
__AUTOMETRIC__|0.1.2|19192|crew_log_84b0445f08cee34c|0|1786390536.413|99.113|3.097|404746240|436875264|gen_data_c1465426742014cd|__AUTOMETRIC__
__AUTOMETRIC__|0.1.2|19192|crew_log_84b0445f08cee34c|0|1786390537.419|99.373|3.105|404574208|436703232|gen_data_c1465426742014cd|__AUTOMETRIC__
__AUTOMETRIC__|0.1.2|19192|crew_log_84b0445f08cee34c|0|1786390538.430|98.953|3.092|404750336|436879360|gen_data_c1465426742014cd|__AUTOMETRIC__
__AUTOMETRIC__|0.1.2|19192|crew_log_84b0445f08cee34c|0|1786390539.431|99.917|3.122|404664320|436793344|gen_data_c1465426742014cd|__AUTOMETRIC__
__AUTOMETRIC__|0.1.2|19192|crew_log_84b0445f08cee34c|0|1786390540.444|98.718|3.085|404672512|436801536|gen_data_c1465426742014cd|__AUTOMETRIC__
__AUTOMETRIC__|0.1.2|19192|crew_log_84b0445f08cee34c|0|1786390541.448|99.618|3.113|404570112|436699136|gen_data_c1465426742014cd|__AUTOMETRIC__
__AUTOMETRIC__|0.1.2|19192|crew_log_84b0445f08cee34c|0|1786390542.461|98.676|3.084|404590592|436719616|gen_data_c1465426742014cd|__AUTOMETRIC__
__AUTOMETRIC__|0.1.2|19192|crew_log_84b0445f08cee34c|0|1786390543.472|100.449|3.139|404672512|436801536|gen_data_c1465426742014cd|__AUTOMETRIC__
__AUTOMETRIC__|0.1.2|19192|crew_log_84b0445f08cee34c|0|1786390544.476|99.633|3.114|404672512|436801536|gen_data_c1465426742014cd|__AUTOMETRIC__
__AUTOMETRIC__|0.1.2|19192|crew_log_84b0445f08cee34c|0|1786390545.491|96.997|3.031|405000192|437129216|gen_data_c1465426742014cd|__AUTOMETRIC__
__AUTOMETRIC__|0.1.2|19192|crew_log_84b0445f08cee34c|0|1786390546.504|100.250|3.133|405000192|437108736|gen_data_c1465426742014cd|__AUTOMETRIC__
__AUTOMETRIC__|0.1.2|19192|crew_log_84b0445f08cee34c|0|1786390547.510|97.839|3.057|404930560|437063680|gen_data_c1465426742014cd|__AUTOMETRIC__
__AUTOMETRIC__|0.1.2|19192|crew_log_84b0445f08cee34c|0|1786390548.520|98.987|3.093|404922368|437051392|gen_data_c1465426742014cd|__AUTOMETRIC__
__AUTOMETRIC__|0.1.2|19192|crew_log_84b0445f08cee34c|0|1786390549.525|99.528|3.110|404987904|437116928|gen_data_c1465426742014cd|__AUTOMETRIC__
__AUTOMETRIC__|0.1.2|19192|crew_log_84b0445f08cee34c|0|1786390550.536|100.474|3.140|405000192|437133312|gen_data_c1465426742014cd|__AUTOMETRIC__
__AUTOMETRIC__|0.1.2|19192|crew_log_84b0445f08cee34c|0|1786390551.552|98.434|3.076|404754432|436883456|gen_data_c1465426742014cd|__AUTOMETRIC__
__AUTOMETRIC__|0.1.2|19192|crew_log_84b0445f08cee34c|0|1786390552.558|99.370|3.105|404963328|437092352|gen_data_c1465426742014cd|__AUTOMETRIC__
__AUTOMETRIC__|0.1.2|19192|crew_log_84b0445f08cee34c|0|1786390553.573|98.463|3.077|404979712|437108736|gen_data_c1465426742014cd|__AUTOMETRIC__
__AUTOMETRIC__|0.1.2|19192|crew_log_84b0445f08cee34c|0|1786390554.589|98.511|3.078|404570112|436699136|gen_data_c1465426742014cd|__AUTOMETRIC__
__AUTOMETRIC__|0.1.2|19192|crew_log_84b0445f08cee34c|0|1786390555.594|97.881|3.059|404914176|437055488|gen_data_c1465426742014cd|__AUTOMETRIC__
__AUTOMETRIC__|0.1.2|19192|crew_log_84b0445f08cee34c|0|1786390556.604|99.065|3.096|404910080|437043200|gen_data_c1465426742014cd|__AUTOMETRIC__
__AUTOMETRIC__|0.1.2|19192|crew_log_84b0445f08cee34c|0|1786390557.613|99.117|3.097|405073920|437207040|gen_data_c1465426742014cd|__AUTOMETRIC__
__AUTOMETRIC__|0.1.2|19192|crew_log_84b0445f08cee34c|0|1786390558.614|99.878|3.121|404684800|436817920|gen_data_c1465426742014cd|__AUTOMETRIC__
__AUTOMETRIC__|0.1.2|19192|crew_log_84b0445f08cee34c|0|1786390559.629|100.043|3.126|405090304|437223424|gen_data_c1465426742014cd|__AUTOMETRIC__
__AUTOMETRIC__|0.1.2|19192|crew_log_84b0445f08cee34c|0|1786390560.638|99.093|3.097|404901888|437035008|gen_data_c1465426742014cd|__AUTOMETRIC__
__AUTOMETRIC__|0.1.2|19192|crew_log_84b0445f08cee34c|0|1786390561.643|99.502|3.109|404774912|436908032|gen_data_c1465426742014cd|__AUTOMETRIC__
__AUTOMETRIC__|0.1.2|19192|crew_log_84b0445f08cee34c|0|1786390562.648|99.536|3.110|404934656|437067776|gen_data_c1465426742014cd|__AUTOMETRIC__
__AUTOMETRIC__|0.1.2|19192|crew_log_84b0445f08cee34c|0|1786390563.650|99.830|3.120|405217280|437350400|gen_data_c1465426742014cd|__AUTOMETRIC__
__AUTOMETRIC__|0.1.2|19192|crew_log_84b0445f08cee34c|0|1786390564.663|100.233|3.132|404987904|437121024|gen_data_c1465426742014cd|__AUTOMETRIC__
__AUTOMETRIC__|0.1.2|19192|crew_log_84b0445f08cee34c|0|1786390565.677|100.112|3.129|404844544|436985856|gen_data_c1465426742014cd|__AUTOMETRIC__
__AUTOMETRIC__|0.1.2|19192|crew_log_84b0445f08cee34c|0|1786390566.683|99.389|3.106|404893696|437010432|gen_data_c1465426742014cd|__AUTOMETRIC__
__AUTOMETRIC__|0.1.2|19192|crew_log_84b0445f08cee34c|0|1786390567.694|98.972|3.093|404930560|437063680|gen_data_c1465426742014cd|__AUTOMETRIC__
__AUTOMETRIC__|0.1.2|19192|crew_log_84b0445f08cee34c|0|1786390568.705|100.420|3.138|404979712|437129216|gen_data_c1465426742014cd|__AUTOMETRIC__
__AUTOMETRIC__|0.1.2|19192|crew_log_84b0445f08cee34c|0|1786390569.719|100.226|3.132|405028864|437178368|gen_data_c1465426742014cd|__AUTOMETRIC__
__AUTOMETRIC__|0.1.2|19192|crew_log_84b0445f08cee34c|0|1786390570.733|100.159|3.130|405200896|437374976|gen_data_c1465426742014cd|__AUTOMETRIC__
__AUTOMETRIC__|0.1.2|19192|crew_log_84b0445f08cee34c|0|1786390571.735|99.802|3.119|404811776|436985856|gen_data_c1465426742014cd|__AUTOMETRIC__
__AUTOMETRIC__|0.1.2|19192|crew_log_84b0445f08cee34c|0|1786390572.751|99.956|3.124|404963328|437137408|gen_data_c1465426742014cd|__AUTOMETRIC__
__AUTOMETRIC__|0.1.2|19192|crew_log_84b0445f08cee34c|0|1786390573.755|96.422|3.013|405102592|437276672|gen_data_c1465426742014cd|__AUTOMETRIC__
__AUTOMETRIC__|0.1.2|19192|crew_log_84b0445f08cee34c|0|1786390574.765|100.603|3.144|404799488|436973568|gen_data_c1465426742014cd|__AUTOMETRIC__
__AUTOMETRIC__|0.1.2|19192|crew_log_84b0445f08cee34c|0|1786390575.779|97.078|3.034|404914176|437047296|gen_data_c1465426742014cd|__AUTOMETRIC__
__AUTOMETRIC__|0.1.2|19192|crew_log_84b0445f08cee34c|0|1786390576.794|98.540|3.079|405344256|437477376|gen_data_c1465426742014cd|__AUTOMETRIC__
__AUTOMETRIC__|0.1.2|19192|crew_log_84b0445f08cee34c|0|1786390577.798|102.718|3.210|404959232|437092352|gen_data_c1465426742014cd|__AUTOMETRIC__
__AUTOMETRIC__|0.1.2|19192|crew_log_84b0445f08cee34c|0|1786390578.811|98.650|3.083|405032960|437166080|gen_data_c1465426742014cd|__AUTOMETRIC__
__AUTOMETRIC__|0.1.2|19192|crew_log_84b0445f08cee34c|0|1786390579.818|97.770|3.055|405131264|437264384|gen_data_c1465426742014cd|__AUTOMETRIC__
__AUTOMETRIC__|0.1.2|19192|crew_log_84b0445f08cee34c|0|1786390580.830|100.355|3.136|405426176|437538816|gen_data_c1465426742014cd|__AUTOMETRIC__
__AUTOMETRIC__|0.1.2|19192|crew_log_84b0445f08cee34c|0|1786390581.845|98.542|3.079|404918272|437051392|gen_data_c1465426742014cd|__AUTOMETRIC__
__AUTOMETRIC__|0.1.2|19192|crew_log_84b0445f08cee34c|0|1786390582.855|98.970|3.093|405110784|437243904|gen_data_c1465426742014cd|__AUTOMETRIC__
__AUTOMETRIC__|0.1.2|19192|crew_log_84b0445f08cee34c|0|1786390583.867|101.937|3.186|405270528|437407744|gen_data_c1465426742014cd|__AUTOMETRIC__
__AUTOMETRIC__|0.1.2|19192|crew_log_84b0445f08cee34c|0|1786390584.873|97.847|3.058|405159936|437297152|gen_data_c1465426742014cd|__AUTOMETRIC__
__AUTOMETRIC__|0.1.2|19192|crew_log_84b0445f08cee34c|0|1786390585.886|98.708|3.085|405217280|437350400|gen_data_c1465426742014cd|__AUTOMETRIC__
__AUTOMETRIC__|0.1.2|19192|crew_log_84b0445f08cee34c|0|1786390586.891|101.039|3.157|405184512|437317632|gen_data_c1465426742014cd|__AUTOMETRIC__
__AUTOMETRIC__|0.1.2|19192|crew_log_84b0445f08cee34c|0|1786390587.903|98.804|3.088|404967424|437100544|gen_data_c1465426742014cd|__AUTOMETRIC__
__AUTOMETRIC__|0.1.2|19192|crew_log_84b0445f08cee34c|0|1786390588.921|101.398|3.169|405245952|437379072|gen_data_c1465426742014cd|__AUTOMETRIC__
__AUTOMETRIC__|0.1.2|19192|crew_log_84b0445f08cee34c|0|1786390589.934|98.703|3.084|405254144|437387264|gen_data_c1465426742014cd|__AUTOMETRIC__
__AUTOMETRIC__|0.1.2|19192|crew_log_84b0445f08cee34c|0|1786390590.947|101.744|3.179|405229568|437370880|gen_data_c1465426742014cd|__AUTOMETRIC__
__AUTOMETRIC__|0.1.2|19192|crew_log_84b0445f08cee34c|0|1786390591.950|95.015|2.969|404992000|437133312|gen_data_c1465426742014cd|__AUTOMETRIC__
__AUTOMETRIC__|0.1.2|19192|crew_log_84b0445f08cee34c|0|1786390592.952|99.826|3.120|405331968|437465088|gen_data_c1465426742014cd|__AUTOMETRIC__
__AUTOMETRIC__|0.1.2|19192|crew_log_84b0445f08cee34c|0|1786390593.968|99.978|3.124|405196800|437329920|gen_data_c1465426742014cd|__AUTOMETRIC__
__AUTOMETRIC__|0.1.2|19192|crew_log_84b0445f08cee34c|0|1786390594.974|99.376|3.105|404983808|437116928|gen_data_c1465426742014cd|__AUTOMETRIC__
__AUTOMETRIC__|0.1.2|19192|crew_log_84b0445f08cee34c|0|1786390595.991|99.910|3.122|405065728|437198848|gen_data_c1465426742014cd|__AUTOMETRIC__
__AUTOMETRIC__|0.1.2|19192|crew_log_84b0445f08cee34c|0|1786390597.004|97.184|3.037|405307392|437383168|gen_data_c1465426742014cd|__AUTOMETRIC__
__AUTOMETRIC__|0.1.2|19192|crew_log_84b0445f08cee34c|0|1786390598.016|98.736|3.085|405368832|437444608|gen_data_c1465426742014cd|__AUTOMETRIC__
__AUTOMETRIC__|0.1.2|19192|crew_log_84b0445f08cee34c|0|1786390599.023|99.346|3.105|405151744|437227520|gen_data_c1465426742014cd|__AUTOMETRIC__
__AUTOMETRIC__|0.1.2|19192|crew_log_84b0445f08cee34c|0|1786390600.026|99.664|3.114|405327872|437403648|gen_data_c1465426742014cd|__AUTOMETRIC__
__AUTOMETRIC__|0.1.2|19192|crew_log_84b0445f08cee34c|0|1786390601.035|99.131|3.098|405188608|437264384|gen_data_c1465426742014cd|__AUTOMETRIC__
__AUTOMETRIC__|0.1.2|19192|crew_log_84b0445f08cee34c|0|1786390602.037|98.267|3.071|405381120|437456896|gen_data_c1465426742014cd|__AUTOMETRIC__
__AUTOMETRIC__|0.1.2|19192|crew_log_84b0445f08cee34c|0|1786390603.051|100.128|3.129|405508096|437583872|gen_data_c1465426742014cd|__AUTOMETRIC__
__AUTOMETRIC__|0.1.2|19192|crew_log_84b0445f08cee34c|0|1786390604.065|100.182|3.131|405499904|437575680|gen_data_c1465426742014cd|__AUTOMETRIC__
__AUTOMETRIC__|0.1.2|19192|crew_log_84b0445f08cee34c|0|1786390605.069|99.604|3.113|405282816|437358592|gen_data_c1465426742014cd|__AUTOMETRIC__
__AUTOMETRIC__|0.1.2|19192|crew_log_84b0445f08cee34c|0|1786390606.075|97.883|3.059|405155840|437231616|gen_data_c1465426742014cd|__AUTOMETRIC__
__AUTOMETRIC__|0.1.2|19192|crew_log_84b0445f08cee34c|0|1786390607.088|100.248|3.133|405389312|437465088|gen_data_c1465426742014cd|__AUTOMETRIC__
__AUTOMETRIC__|0.1.2|19192|crew_log_84b0445f08cee34c|0|1786390608.091|99.715|3.116|405360640|437415936|gen_data_c1465426742014cd|__AUTOMETRIC__
__AUTOMETRIC__|0.1.2|19192|crew_log_84b0445f08cee34c|0|1786390609.096|99.481|3.109|405479424|437555200|gen_data_c1465426742014cd|__AUTOMETRIC__
__AUTOMETRIC__|0.1.2|19192|crew_log_84b0445f08cee34c|0|1786390610.097|99.885|3.121|405327872|437403648|gen_data_c1465426742014cd|__AUTOMETRIC__
__AUTOMETRIC__|0.1.2|19192|crew_log_84b0445f08cee34c|0|1786390611.101|99.601|3.113|405098496|437174272|gen_data_c1465426742014cd|__AUTOMETRIC__
__AUTOMETRIC__|0.1.2|19192|crew_log_84b0445f08cee34c|0|1786390612.113|100.409|3.138|405397504|437473280|gen_data_c1465426742014cd|__AUTOMETRIC__
__AUTOMETRIC__|0.1.2|19192|crew_log_84b0445f08cee34c|0|1786390613.120|99.255|3.102|405536768|437612544|gen_data_c1465426742014cd|__AUTOMETRIC__
__AUTOMETRIC__|0.1.2|19192|crew_log_84b0445f08cee34c|0|1786390614.122|98.226|3.070|405143552|437219328|gen_data_c1465426742014cd|__AUTOMETRIC__
__AUTOMETRIC__|0.1.2|19192|crew_log_84b0445f08cee34c|0|1786390615.135|100.239|3.132|405315584|437391360|gen_data_c1465426742014cd|__AUTOMETRIC__
__AUTOMETRIC__|0.1.2|19192|crew_log_84b0445f08cee34c|0|1786390616.148|97.188|3.037|405434368|437510144|gen_data_c1465426742014cd|__AUTOMETRIC__
__AUTOMETRIC__|0.1.2|19192|crew_log_84b0445f08cee34c|0|1786390617.154|99.470|3.108|405434368|437489664|gen_data_c1465426742014cd|__AUTOMETRIC__
__AUTOMETRIC__|0.1.2|19192|crew_log_84b0445f08cee34c|0|1786390618.154|101.467|3.171|405110784|437186560|gen_data_c1465426742014cd|__AUTOMETRIC__
__AUTOMETRIC__|0.1.2|19192|crew_log_84b0445f08cee34c|0|1786390619.157|99.782|3.118|405139456|437215232|gen_data_c1465426742014cd|__AUTOMETRIC__
__AUTOMETRIC__|0.1.2|19192|crew_log_84b0445f08cee34c|0|1786390620.168|97.298|3.041|405577728|437653504|gen_data_c1465426742014cd|__AUTOMETRIC__
__AUTOMETRIC__|0.1.2|19192|crew_log_84b0445f08cee34c|0|1786390621.185|101.481|3.171|405143552|437219328|gen_data_c1465426742014cd|__AUTOMETRIC__
__AUTOMETRIC__|0.1.2|19192|crew_log_84b0445f08cee34c|0|1786390622.197|100.345|3.136|405565440|437620736|gen_data_c1465426742014cd|__AUTOMETRIC__
__AUTOMETRIC__|0.1.2|19192|crew_log_84b0445f08cee34c|0|1786390623.199|99.796|3.119|405204992|437329920|gen_data_c1465426742014cd|__AUTOMETRIC__
__AUTOMETRIC__|0.1.2|19192|crew_log_84b0445f08cee34c|0|1786390624.206|100.847|3.151|405458944|437534720|gen_data_c1465426742014cd|__AUTOMETRIC__
__AUTOMETRIC__|0.1.2|19192|crew_log_84b0445f08cee34c|0|1786390625.209|99.726|3.116|405258240|437334016|gen_data_c1465426742014cd|__AUTOMETRIC__
__AUTOMETRIC__|0.1.2|19192|crew_log_84b0445f08cee34c|0|1786390626.215|97.805|3.056|405643264|437776384|gen_data_c1465426742014cd|__AUTOMETRIC__
__AUTOMETRIC__|0.1.2|19192|crew_log_84b0445f08cee34c|0|1786390627.230|101.594|3.175|405540864|437616640|gen_data_c1465426742014cd|__AUTOMETRIC__
__AUTOMETRIC__|0.1.2|19192|crew_log_84b0445f08cee34c|0|1786390628.241|101.980|3.187|405508096|437587968|gen_data_c1465426742014cd|__AUTOMETRIC__
__AUTOMETRIC__|0.1.2|19192|crew_log_84b0445f08cee34c|0|1786390629.248|99.301|3.103|405520384|437596160|gen_data_c1465426742014cd|__AUTOMETRIC__
__AUTOMETRIC__|0.1.2|19192|crew_log_84b0445f08cee34c|0|1786390630.255|99.385|3.106|405475328|437551104|gen_data_c1465426742014cd|__AUTOMETRIC__
__AUTOMETRIC__|0.1.2|19192|crew_log_84b0445f08cee34c|0|1786390631.267|100.331|3.135|405340160|437415936|gen_data_c1465426742014cd|__AUTOMETRIC__
__AUTOMETRIC__|0.1.2|19192|crew_log_84b0445f08cee34c|0|1786390632.270|99.651|3.114|405569536|437645312|gen_data_c1465426742014cd|__AUTOMETRIC__
__AUTOMETRIC__|0.1.2|19192|crew_log_84b0445f08cee34c|0|1786390633.286|100.022|3.126|405438464|437514240|gen_data_c1465426742014cd|__AUTOMETRIC__
__AUTOMETRIC__|0.1.2|19192|crew_log_84b0445f08cee34c|0|1786390634.289|98.123|3.066|405708800|437784576|gen_data_c1465426742014cd|__AUTOMETRIC__
__AUTOMETRIC__|0.1.2|19192|crew_log_84b0445f08cee34c|0|1786390635.300|100.420|3.138|405729280|437805056|gen_data_c1465426742014cd|__AUTOMETRIC__
__AUTOMETRIC__|0.1.2|19192|crew_log_84b0445f08cee34c|0|1786390636.305|99.566|3.111|405696512|437751808|gen_data_c1465426742014cd|__AUTOMETRIC__
__AUTOMETRIC__|0.1.2|19192|crew_log_84b0445f08cee34c|0|1786390637.319|100.127|3.129|405544960|437620736|gen_data_c1465426742014cd|__AUTOMETRIC__
__AUTOMETRIC__|0.1.2|19192|crew_log_84b0445f08cee34c|0|1786390638.333|98.621|3.082|405405696|437481472|gen_data_c1465426742014cd|__AUTOMETRIC__
__AUTOMETRIC__|0.1.2|19192|crew_log_84b0445f08cee34c|0|1786390639.343|100.525|3.141|405663744|437739520|gen_data_c1465426742014cd|__AUTOMETRIC__
__AUTOMETRIC__|0.1.2|19192|crew_log_84b0445f08cee34c|0|1786390640.346|96.582|3.018|405614592|437690368|gen_data_c1465426742014cd|__AUTOMETRIC__
__AUTOMETRIC__|0.1.2|19192|crew_log_84b0445f08cee34c|0|1786390641.362|98.483|3.078|405413888|437489664|gen_data_c1465426742014cd|__AUTOMETRIC__
__AUTOMETRIC__|0.1.2|19192|crew_log_84b0445f08cee34c|0|1786390642.376|100.175|3.130|405913600|437989376|gen_data_c1465426742014cd|__AUTOMETRIC__
__AUTOMETRIC__|0.1.2|19192|crew_log_84b0445f08cee34c|0|1786390643.379|99.643|3.114|405811200|437886976|gen_data_c1465426742014cd|__AUTOMETRIC__
__AUTOMETRIC__|0.1.2|19192|crew_log_84b0445f08cee34c|0|1786390644.388|97.619|3.051|405434368|437510144|gen_data_c1465426742014cd|__AUTOMETRIC__
__AUTOMETRIC__|0.1.2|19192|crew_log_84b0445f08cee34c|0|1786390645.391|99.618|3.113|405438464|437514240|gen_data_c1465426742014cd|__AUTOMETRIC__
__AUTOMETRIC__|0.1.2|19192|crew_log_84b0445f08cee34c|0|1786390646.393|99.810|3.119|405446656|437522432|gen_data_c1465426742014cd|__AUTOMETRIC__
__AUTOMETRIC__|0.1.2|19192|crew_log_84b0445f08cee34c|0|1786390647.409|100.018|3.126|405417984|437493760|gen_data_c1465426742014cd|__AUTOMETRIC__
__AUTOMETRIC__|0.1.2|19192|crew_log_84b0445f08cee34c|0|1786390648.413|99.583|3.112|405614592|437690368|gen_data_c1465426742014cd|__AUTOMETRIC__
__AUTOMETRIC__|0.1.2|19192|crew_log_84b0445f08cee34c|0|1786390649.418|99.551|3.111|405692416|437768192|gen_data_c1465426742014cd|__AUTOMETRIC__
__AUTOMETRIC__|0.1.2|19192|crew_log_84b0445f08cee34c|0|1786390650.422|99.523|3.110|405499904|437579776|gen_data_c1465426742014cd|__AUTOMETRIC__
__AUTOMETRIC__|0.1.2|19192|crew_log_84b0445f08cee34c|0|1786390651.437|100.065|3.127|405368832|437444608|gen_data_c1465426742014cd|__AUTOMETRIC__
__AUTOMETRIC__|0.1.2|19192|crew_log_84b0445f08cee34c|0|1786390652.440|99.730|3.117|405692416|437768192|gen_data_c1465426742014cd|__AUTOMETRIC__
__AUTOMETRIC__|0.1.2|19192|crew_log_84b0445f08cee34c|0|1786390653.454|100.135|3.129|405577728|437686272|gen_data_c1465426742014cd|__AUTOMETRIC__
__AUTOMETRIC__|0.1.2|19192|crew_log_84b0445f08cee34c|0|1786390654.471|99.911|3.122|405422080|437497856|gen_data_c1465426742014cd|__AUTOMETRIC__
__AUTOMETRIC__|0.1.2|19192|crew_log_84b0445f08cee34c|0|1786390655.477|97.795|3.056|405639168|437714944|gen_data_c1465426742014cd|__AUTOMETRIC__
__AUTOMETRIC__|0.1.2|19192|crew_log_84b0445f08cee34c|0|1786390656.484|99.326|3.104|405544960|437657600|gen_data_c1465426742014cd|__AUTOMETRIC__
__AUTOMETRIC__|0.1.2|19192|crew_log_84b0445f08cee34c|0|1786390657.486|98.232|3.070|405483520|437583872|gen_data_c1465426742014cd|__AUTOMETRIC__
__AUTOMETRIC__|0.1.2|19192|crew_log_84b0445f08cee34c|0|1786390658.494|99.250|3.102|405680128|437780480|gen_data_c1465426742014cd|__AUTOMETRIC__
__AUTOMETRIC__|0.1.2|19192|crew_log_84b0445f08cee34c|0|1786390659.509|101.601|3.175|405876736|437964800|gen_data_c1465426742014cd|__AUTOMETRIC__
__AUTOMETRIC__|0.1.2|19192|crew_log_84b0445f08cee34c|0|1786390660.512|99.682|3.115|405757952|437846016|gen_data_c1465426742014cd|__AUTOMETRIC__
__AUTOMETRIC__|0.1.2|19192|crew_log_84b0445f08cee34c|0|1786390661.520|102.316|3.197|405618688|437694464|gen_data_c1465426742014cd|__AUTOMETRIC__
__AUTOMETRIC__|0.1.2|19192|crew_log_84b0445f08cee34c|0|1786390662.527|99.329|3.104|405749760|437825536|gen_data_c1465426742014cd|__AUTOMETRIC__
__AUTOMETRIC__|0.1.2|19192|crew_log_84b0445f08cee34c|0|1786390663.543|99.939|3.123|405798912|437903360|gen_data_c1465426742014cd|__AUTOMETRIC__
__AUTOMETRIC__|0.1.2|19192|crew_log_84b0445f08cee34c|0|1786390664.556|101.781|3.181|405516288|437592064|gen_data_c1465426742014cd|__AUTOMETRIC__
__AUTOMETRIC__|0.1.2|19192|crew_log_84b0445f08cee34c|0|1786390665.560|101.187|3.162|405524480|437600256|gen_data_c1465426742014cd|__AUTOMETRIC__
__AUTOMETRIC__|0.1.2|19192|crew_log_84b0445f08cee34c|0|1786390666.569|97.511|3.047|405979136|438054912|gen_data_c1465426742014cd|__AUTOMETRIC__
__AUTOMETRIC__|0.1.2|19192|crew_log_84b0445f08cee34c|0|1786390667.581|100.354|3.136|405774336|437850112|gen_data_c1465426742014cd|__AUTOMETRIC__
__AUTOMETRIC__|0.1.2|19192|crew_log_84b0445f08cee34c|0|1786390668.593|100.419|3.138|405753856|437829632|gen_data_c1465426742014cd|__AUTOMETRIC__
__AUTOMETRIC__|0.1.2|19192|crew_log_84b0445f08cee34c|0|1786390669.597|98.042|3.064|405856256|437981184|gen_data_c1465426742014cd|__AUTOMETRIC__
__AUTOMETRIC__|0.1.2|19192|crew_log_84b0445f08cee34c|0|1786390670.608|100.475|3.140|405807104|437882880|gen_data_c1465426742014cd|__AUTOMETRIC__
__AUTOMETRIC__|0.1.2|19192|crew_log_84b0445f08cee34c|0|1786390671.614|99.393|3.106|405815296|437891072|gen_data_c1465426742014cd|__AUTOMETRIC__
__AUTOMETRIC__|0.1.2|19192|crew_log_84b0445f08cee34c|0|1786390672.628|98.612|3.082|405819392|437895168|gen_data_c1465426742014cd|__AUTOMETRIC__
__AUTOMETRIC__|0.1.2|19192|crew_log_84b0445f08cee34c|0|1786390673.636|97.649|3.052|405979136|438054912|gen_data_c1465426742014cd|__AUTOMETRIC__
__AUTOMETRIC__|0.1.2|19192|crew_log_84b0445f08cee34c|0|1786390674.648|100.343|3.136|405807104|437882880|gen_data_c1465426742014cd|__AUTOMETRIC__
__AUTOMETRIC__|0.1.2|19192|crew_log_84b0445f08cee34c|0|1786390675.649|99.875|3.121|405938176|438013952|gen_data_c1465426742014cd|__AUTOMETRIC__
__AUTOMETRIC__|0.1.2|19192|crew_log_84b0445f08cee34c|0|1786390676.652|98.212|3.069|405995520|438071296|gen_data_c1465426742014cd|__AUTOMETRIC__
__AUTOMETRIC__|0.1.2|19192|crew_log_84b0445f08cee34c|0|1786390677.653|99.865|3.121|406200320|438276096|gen_data_c1465426742014cd|__AUTOMETRIC__
__AUTOMETRIC__|0.1.2|19192|crew_log_84b0445f08cee34c|0|1786390678.667|100.141|3.129|406081536|438157312|gen_data_c1465426742014cd|__AUTOMETRIC__
__AUTOMETRIC__|0.1.2|19192|crew_log_84b0445f08cee34c|0|1786390679.682|100.038|3.126|405983232|438059008|gen_data_c1465426742014cd|__AUTOMETRIC__
__AUTOMETRIC__|0.1.2|19192|crew_log_84b0445f08cee34c|0|1786390680.693|98.895|3.090|406040576|438177792|gen_data_c1465426742014cd|__AUTOMETRIC__
__AUTOMETRIC__|0.1.2|19192|crew_log_84b0445f08cee34c|0|1786390681.698|98.004|3.063|405872640|437948416|gen_data_c1465426742014cd|__AUTOMETRIC__
__AUTOMETRIC__|0.1.2|19192|crew_log_84b0445f08cee34c|0|1786390682.714|100.003|3.125|405889024|437964800|gen_data_c1465426742014cd|__AUTOMETRIC__
__AUTOMETRIC__|0.1.2|19192|crew_log_84b0445f08cee34c|0|1786390683.719|101.020|3.157|405995520|438071296|gen_data_c1465426742014cd|__AUTOMETRIC__
__AUTOMETRIC__|0.1.2|19192|crew_log_84b0445f08cee34c|0|1786390684.724|99.529|3.110|405884928|437960704|gen_data_c1465426742014cd|__AUTOMETRIC__
__AUTOMETRIC__|0.1.2|19192|crew_log_84b0445f08cee34c|0|1786390685.738|100.137|3.129|405979136|438054912|gen_data_c1465426742014cd|__AUTOMETRIC__
__AUTOMETRIC__|0.1.2|19192|crew_log_84b0445f08cee34c|0|1786390686.753|100.077|3.127|405950464|438026240|gen_data_c1465426742014cd|__AUTOMETRIC__
__AUTOMETRIC__|0.1.2|19192|crew_log_84b0445f08cee34c|0|1786390687.758|96.394|3.012|406044672|438120448|gen_data_c1465426742014cd|__AUTOMETRIC__
__AUTOMETRIC__|0.1.2|19192|crew_log_84b0445f08cee34c|0|1786390688.759|99.875|3.121|406048768|438124544|gen_data_c1465426742014cd|__AUTOMETRIC__
__AUTOMETRIC__|0.1.2|19192|crew_log_84b0445f08cee34c|0|1786390689.764|101.007|3.156|405852160|437927936|gen_data_c1465426742014cd|__AUTOMETRIC__
__AUTOMETRIC__|0.1.2|19192|crew_log_84b0445f08cee34c|0|1786390690.765|99.913|3.122|405823488|437899264|gen_data_c1465426742014cd|__AUTOMETRIC__
__AUTOMETRIC__|0.1.2|19192|crew_log_84b0445f08cee34c|0|1786390691.782|99.937|3.123|405864448|437919744|gen_data_c1465426742014cd|__AUTOMETRIC__
__AUTOMETRIC__|0.1.2|19192|crew_log_84b0445f08cee34c|0|1786390692.784|99.777|3.118|406130688|438185984|gen_data_c1465426742014cd|__AUTOMETRIC__
__AUTOMETRIC__|0.1.2|19192|crew_log_84b0445f08cee34c|0|1786390693.786|99.744|3.117|405983232|438059008|gen_data_c1465426742014cd|__AUTOMETRIC__
__AUTOMETRIC__|0.1.2|19192|crew_log_84b0445f08cee34c|0|1786390694.787|99.984|3.125|405856256|437911552|gen_data_c1465426742014cd|__AUTOMETRIC__
__AUTOMETRIC__|0.1.2|19192|crew_log_84b0445f08cee34c|0|1786390695.788|98.340|3.073|406142976|438206464|gen_data_c1465426742014cd|__AUTOMETRIC__
__AUTOMETRIC__|0.1.2|19192|crew_log_84b0445f08cee34c|0|1786390696.796|100.677|3.146|405893120|437977088|gen_data_c1465426742014cd|__AUTOMETRIC__
__AUTOMETRIC__|0.1.2|19192|crew_log_84b0445f08cee34c|0|1786390697.810|98.641|3.083|405913600|437989376|gen_data_c1465426742014cd|__AUTOMETRIC__
__AUTOMETRIC__|0.1.2|19192|crew_log_84b0445f08cee34c|0|1786390698.819|99.150|3.098|405975040|438018048|gen_data_c1465426742014cd|__AUTOMETRIC__
__AUTOMETRIC__|0.1.2|19192|crew_log_84b0445f08cee34c|0|1786390699.830|100.468|3.140|406102016|438124544|gen_data_c1465426742014cd|__AUTOMETRIC__
__AUTOMETRIC__|0.1.2|19192|crew_log_84b0445f08cee34c|0|1786390700.836|99.344|3.104|406007808|438030336|gen_data_c1465426742014cd|__AUTOMETRIC__
__AUTOMETRIC__|0.1.2|19192|crew_log_84b0445f08cee34c|0|1786390701.842|100.989|3.156|406040576|438083584|gen_data_c1465426742014cd|__AUTOMETRIC__
__AUTOMETRIC__|0.1.2|19192|crew_log_84b0445f08cee34c|0|1786390702.855|98.657|3.083|406134784|438177792|gen_data_c1465426742014cd|__AUTOMETRIC__
__AUTOMETRIC__|0.1.2|19192|crew_log_84b0445f08cee34c|0|1786390703.866|102.057|3.189|405934080|437977088|gen_data_c1465426742014cd|__AUTOMETRIC__
__AUTOMETRIC__|0.1.2|19192|crew_log_84b0445f08cee34c|0|1786390704.881|100.034|3.126|406016000|438059008|gen_data_c1465426742014cd|__AUTOMETRIC__
__AUTOMETRIC__|0.1.2|19192|crew_log_84b0445f08cee34c|0|1786390705.883|99.842|3.120|406241280|438284288|gen_data_c1465426742014cd|__AUTOMETRIC__
__AUTOMETRIC__|0.1.2|19192|crew_log_84b0445f08cee34c|0|1786390706.894|98.846|3.089|406171648|438226944|gen_data_c1465426742014cd|__AUTOMETRIC__
__AUTOMETRIC__|0.1.2|19192|crew_log_84b0445f08cee34c|0|1786390707.903|100.670|3.146|405868544|437911552|gen_data_c1465426742014cd|__AUTOMETRIC__
__AUTOMETRIC__|0.1.2|19192|crew_log_84b0445f08cee34c|0|1786390708.909|97.878|3.059|405958656|438067200|gen_data_c1465426742014cd|__AUTOMETRIC__
__AUTOMETRIC__|0.1.2|19192|crew_log_84b0445f08cee34c|0|1786390709.917|99.245|3.101|406175744|438251520|gen_data_c1465426742014cd|__AUTOMETRIC__
__AUTOMETRIC__|0.1.2|19192|crew_log_84b0445f08cee34c|0|1786390710.928|98.871|3.090|406224896|438300672|gen_data_c1465426742014cd|__AUTOMETRIC__
__AUTOMETRIC__|0.1.2|19192|crew_log_84b0445f08cee34c|0|1786390711.943|100.062|3.127|406097920|438165504|gen_data_c1465426742014cd|__AUTOMETRIC__
__AUTOMETRIC__|0.1.2|19192|crew_log_84b0445f08cee34c|0|1786390712.957|98.657|3.083|490196992|522543104|gen_data_c1465426742014cd|__AUTOMETRIC__
__AUTOMETRIC__|0.1.2|19192|crew_log_84b0445f08cee34c|0|1786390713.967|100.570|3.143|491106304|523378688|gen_data_c1465426742014cd|__AUTOMETRIC__
__AUTOMETRIC__|0.1.2|19192|crew_log_84b0445f08cee34c|0|1786390714.982|99.971|3.124|491278336|523542528|gen_data_c1465426742014cd|__AUTOMETRIC__
__AUTOMETRIC__|0.1.2|19192|crew_log_84b0445f08cee34c|0|1786390715.984|99.890|3.122|491106304|523370496|gen_data_c1465426742014cd|__AUTOMETRIC__
__AUTOMETRIC__|0.1.2|19192|crew_log_84b0445f08cee34c|0|1786390716.990|97.792|3.056|491732992|523997184|gen_data_c1465426742014cd|__AUTOMETRIC__
__AUTOMETRIC__|0.1.2|19192|crew_log_84b0445f08cee34c|0|1786390717.995|99.497|3.109|491634688|523898880|gen_data_c1465426742014cd|__AUTOMETRIC__
__AUTOMETRIC__|0.1.2|19192|crew_log_84b0445f08cee34c|0|1786390719.001|97.854|3.058|491769856|524034048|gen_data_c1465426742014cd|__AUTOMETRIC__
__AUTOMETRIC__|0.1.2|19192|crew_log_84b0445f08cee34c|0|1786390720.010|97.563|3.049|491610112|523874304|gen_data_c1465426742014cd|__AUTOMETRIC__
__AUTOMETRIC__|0.1.2|19192|crew_log_84b0445f08cee34c|0|1786390721.026|99.958|3.124|491667456|524013568|gen_data_c1465426742014cd|__AUTOMETRIC__
__AUTOMETRIC__|0.1.2|19192|crew_log_84b0445f08cee34c|0|1786390722.042|101.542|3.173|491560960|523825152|gen_data_c1465426742014cd|__AUTOMETRIC__
__AUTOMETRIC__|0.1.2|19192|crew_log_84b0445f08cee34c|0|1786390723.043|101.390|3.168|491536384|523800576|gen_data_c1465426742014cd|__AUTOMETRIC__
__AUTOMETRIC__|0.1.2|19192|crew_log_84b0445f08cee34c|0|1786390724.047|98.069|3.065|482545664|514809856|gen_data_c1465426742014cd|__AUTOMETRIC__
__AUTOMETRIC__|0.1.2|19192|crew_log_84b0445f08cee34c|0|1786390725.049|99.830|3.120|490741760|523005952|gen_data_c1465426742014cd|__AUTOMETRIC__
__AUTOMETRIC__|0.1.2|19192|crew_log_84b0445f08cee34c|0|1786390726.054|99.517|3.110|491122688|523386880|gen_data_c1465426742014cd|__AUTOMETRIC__
__AUTOMETRIC__|0.1.2|19192|crew_log_84b0445f08cee34c|0|1786390727.060|96.295|3.009|491528192|523792384|gen_data_c1465426742014cd|__AUTOMETRIC__
__AUTOMETRIC__|0.1.2|19192|crew_log_84b0445f08cee34c|0|1786390728.076|98.405|3.075|491773952|524038144|gen_data_c1465426742014cd|__AUTOMETRIC__
__AUTOMETRIC__|0.1.2|19192|crew_log_84b0445f08cee34c|0|1786390729.086|99.048|3.095|491851776|524115968|gen_data_c1465426742014cd|__AUTOMETRIC__
__AUTOMETRIC__|0.1.2|19192|crew_log_84b0445f08cee34c|0|1786390730.101|99.978|3.124|491876352|524140544|gen_data_c1465426742014cd|__AUTOMETRIC__
__AUTOMETRIC__|0.1.2|19192|crew_log_84b0445f08cee34c|0|1786390731.102|99.901|3.122|491626496|523890688|gen_data_c1465426742014cd|__AUTOMETRIC__
__AUTOMETRIC__|0.1.2|19192|crew_log_84b0445f08cee34c|0|1786390732.117|100.099|3.128|491769856|524034048|gen_data_c1465426742014cd|__AUTOMETRIC__
__AUTOMETRIC__|0.1.2|19192|crew_log_84b0445f08cee34c|0|1786390733.122|101.106|3.160|492081152|524345344|gen_data_c1465426742014cd|__AUTOMETRIC__
__AUTOMETRIC__|0.1.2|19192|crew_log_84b0445f08cee34c|0|1786390734.135|98.655|3.083|491765760|524029952|gen_data_c1465426742014cd|__AUTOMETRIC__
__AUTOMETRIC__|0.1.2|19192|crew_log_84b0445f08cee34c|0|1786390735.143|100.776|3.149|491642880|523907072|gen_data_c1465426742014cd|__AUTOMETRIC__
__AUTOMETRIC__|0.1.2|19192|crew_log_84b0445f08cee34c|0|1786390736.148|99.539|3.111|491601920|523866112|gen_data_c1465426742014cd|__AUTOMETRIC__
__AUTOMETRIC__|0.1.2|19192|crew_log_84b0445f08cee34c|0|1786390737.163|98.491|3.078|492032000|524296192|gen_data_c1465426742014cd|__AUTOMETRIC__
__AUTOMETRIC__|0.1.2|19192|crew_log_84b0445f08cee34c|0|1786390738.177|100.152|3.130|491872256|524136448|gen_data_c1465426742014cd|__AUTOMETRIC__
__AUTOMETRIC__|0.1.2|19192|crew_log_84b0445f08cee34c|0|1786390739.191|98.670|3.083|491872256|524136448|gen_data_c1465426742014cd|__AUTOMETRIC__
__AUTOMETRIC__|0.1.2|19192|crew_log_84b0445f08cee34c|0|1786390740.205|97.064|3.033|491843584|524107776|gen_data_c1465426742014cd|__AUTOMETRIC__
__AUTOMETRIC__|0.1.2|19192|crew_log_84b0445f08cee34c|0|1786390741.208|98.067|3.065|491769856|524034048|gen_data_c1465426742014cd|__AUTOMETRIC__
__AUTOMETRIC__|0.1.2|19192|crew_log_84b0445f08cee34c|0|1786390742.215|100.857|3.152|492027904|524292096|gen_data_c1465426742014cd|__AUTOMETRIC__
__AUTOMETRIC__|0.1.2|19192|crew_log_84b0445f08cee34c|0|1786390743.226|98.985|3.093|492285952|524550144|gen_data_c1465426742014cd|__AUTOMETRIC__
__AUTOMETRIC__|0.1.2|19192|crew_log_84b0445f08cee34c|0|1786390744.228|98.258|3.071|492244992|524541952|gen_data_c1465426742014cd|__AUTOMETRIC__
__AUTOMETRIC__|0.1.2|19192|crew_log_84b0445f08cee34c|0|1786390745.243|98.464|3.077|492347392|524611584|gen_data_c1465426742014cd|__AUTOMETRIC__
__AUTOMETRIC__|0.1.2|19192|crew_log_84b0445f08cee34c|0|1786390746.254|98.973|3.093|492208128|524472320|gen_data_c1465426742014cd|__AUTOMETRIC__
__AUTOMETRIC__|0.1.2|19192|crew_log_84b0445f08cee34c|0|1786390747.263|99.084|3.096|491634688|523943936|gen_data_c1465426742014cd|__AUTOMETRIC__
__AUTOMETRIC__|0.1.2|19192|crew_log_84b0445f08cee34c|0|1786390748.271|100.783|3.149|491941888|524234752|gen_data_c1465426742014cd|__AUTOMETRIC__
__AUTOMETRIC__|0.1.2|19192|crew_log_84b0445f08cee34c|0|1786390749.272|99.864|3.121|491835392|524128256|gen_data_c1465426742014cd|__AUTOMETRIC__
__AUTOMETRIC__|0.1.2|19192|crew_log_84b0445f08cee34c|0|1786390750.288|99.974|3.124|492101632|524402688|gen_data_c1465426742014cd|__AUTOMETRIC__
__AUTOMETRIC__|0.1.2|19192|crew_log_84b0445f08cee34c|0|1786390751.302|98.587|3.081|492171264|524472320|gen_data_c1465426742014cd|__AUTOMETRIC__
__AUTOMETRIC__|0.1.2|19192|crew_log_84b0445f08cee34c|0|1786390752.314|98.810|3.088|492224512|524525568|gen_data_c1465426742014cd|__AUTOMETRIC__
__AUTOMETRIC__|0.1.2|19192|crew_log_84b0445f08cee34c|0|1786390753.320|99.449|3.108|491888640|524238848|gen_data_c1465426742014cd|__AUTOMETRIC__
__AUTOMETRIC__|0.1.2|19192|crew_log_84b0445f08cee34c|0|1786390754.321|99.889|3.122|492015616|524361728|gen_data_c1465426742014cd|__AUTOMETRIC__
__AUTOMETRIC__|0.1.2|19192|crew_log_84b0445f08cee34c|0|1786390755.331|98.989|3.093|492138496|524488704|gen_data_c1465426742014cd|__AUTOMETRIC__
__AUTOMETRIC__|0.1.2|19192|crew_log_84b0445f08cee34c|0|1786390756.343|100.348|3.136|492027904|524365824|gen_data_c1465426742014cd|__AUTOMETRIC__
__AUTOMETRIC__|0.1.2|19192|crew_log_84b0445f08cee34c|0|1786390757.360|98.357|3.074|492335104|524668928|gen_data_c1465426742014cd|__AUTOMETRIC__
__AUTOMETRIC__|0.1.2|19192|crew_log_84b0445f08cee34c|0|1786390758.373|98.708|3.085|492236800|524570624|gen_data_c1465426742014cd|__AUTOMETRIC__
__AUTOMETRIC__|0.1.2|19192|crew_log_84b0445f08cee34c|0|1786390759.374|98.327|3.073|492503040|524836864|gen_data_c1465426742014cd|__AUTOMETRIC__
__AUTOMETRIC__|0.1.2|19192|crew_log_84b0445f08cee34c|0|1786390760.378|99.613|3.113|492273664|524767232|gen_data_c1465426742014cd|__AUTOMETRIC__
__AUTOMETRIC__|0.1.2|19192|crew_log_84b0445f08cee34c|0|1786390761.383|99.490|3.109|492556288|524890112|gen_data_c1465426742014cd|__AUTOMETRIC__
__AUTOMETRIC__|0.1.2|19192|crew_log_84b0445f08cee34c|0|1786390762.386|99.684|3.115|492552192|524861440|gen_data_c1465426742014cd|__AUTOMETRIC__
__AUTOMETRIC__|0.1.2|19192|crew_log_84b0445f08cee34c|0|1786390763.397|102.070|3.190|492376064|524652544|gen_data_c1465426742014cd|__AUTOMETRIC__
__AUTOMETRIC__|0.1.2|19192|crew_log_84b0445f08cee34c|0|1786390764.401|101.125|3.160|492216320|524677120|gen_data_c1465426742014cd|__AUTOMETRIC__
__AUTOMETRIC__|0.1.2|19192|crew_log_84b0445f08cee34c|0|1786390765.416|101.574|3.174|492265472|524541952|gen_data_c1465426742014cd|__AUTOMETRIC__
__AUTOMETRIC__|0.1.2|19192|crew_log_84b0445f08cee34c|0|1786390766.420|99.570|3.112|492318720|524660736|gen_data_c1465426742014cd|__AUTOMETRIC__
__AUTOMETRIC__|0.1.2|19192|crew_log_84b0445f08cee34c|0|1786390767.435|100.081|3.128|492150784|524472320|gen_data_c1465426742014cd|__AUTOMETRIC__
__AUTOMETRIC__|0.1.2|19192|crew_log_84b0445f08cee34c|0|1786390768.441|99.439|3.107|492675072|524951552|gen_data_c1465426742014cd|__AUTOMETRIC__
__AUTOMETRIC__|0.1.2|19192|crew_log_84b0445f08cee34c|0|1786390769.457|101.527|3.173|483790848|516255744|gen_data_c1465426742014cd|__AUTOMETRIC__
__AUTOMETRIC__|0.1.2|19192|crew_log_84b0445f08cee34c|0|1786390770.470|100.180|3.131|491847680|524111872|gen_data_c1465426742014cd|__AUTOMETRIC__
__AUTOMETRIC__|0.1.2|19192|crew_log_84b0445f08cee34c|0|1786390771.478|99.265|3.102|492494848|524767232|gen_data_c1465426742014cd|__AUTOMETRIC__
__AUTOMETRIC__|0.1.2|19192|crew_log_84b0445f08cee34c|0|1786390772.488|100.544|3.142|492544000|524816384|gen_data_c1465426742014cd|__AUTOMETRIC__
__AUTOMETRIC__|0.1.2|19192|crew_log_84b0445f08cee34c|0|1786390773.499|98.875|3.090|492412928|524677120|gen_data_c1465426742014cd|__AUTOMETRIC__
__AUTOMETRIC__|0.1.2|19192|crew_log_84b0445f08cee34c|0|1786390774.502|99.735|3.117|492306432|524578816|gen_data_c1465426742014cd|__AUTOMETRIC__
__AUTOMETRIC__|0.1.2|19192|crew_log_84b0445f08cee34c|0|1786390775.505|96.567|3.018|492294144|524566528|gen_data_c1465426742014cd|__AUTOMETRIC__
__AUTOMETRIC__|0.1.2|19192|crew_log_84b0445f08cee34c|0|1786390776.515|99.022|3.094|492281856|524611584|gen_data_c1465426742014cd|__AUTOMETRIC__
__AUTOMETRIC__|0.1.2|19192|crew_log_84b0445f08cee34c|0|1786390777.519|99.621|3.113|492298240|524607488|gen_data_c1465426742014cd|__AUTOMETRIC__
__AUTOMETRIC__|0.1.2|19192|crew_log_84b0445f08cee34c|0|1786390778.533|100.164|3.130|492449792|524759040|gen_data_c1465426742014cd|__AUTOMETRIC__
__AUTOMETRIC__|0.1.2|19192|crew_log_84b0445f08cee34c|0|1786390779.546|98.686|3.084|492388352|524693504|gen_data_c1465426742014cd|__AUTOMETRIC__
__AUTOMETRIC__|0.1.2|19192|crew_log_84b0445f08cee34c|0|1786390780.560|100.196|3.131|491683840|523980800|gen_data_c1465426742014cd|__AUTOMETRIC__
__AUTOMETRIC__|0.1.2|19192|crew_log_84b0445f08cee34c|0|1786390781.574|98.564|3.080|492294144|524591104|gen_data_c1465426742014cd|__AUTOMETRIC__
__AUTOMETRIC__|0.1.2|19192|crew_log_84b0445f08cee34c|0|1786390782.583|100.696|3.147|492457984|524840960|gen_data_c1465426742014cd|__AUTOMETRIC__
__AUTOMETRIC__|0.1.2|19192|crew_log_84b0445f08cee34c|0|1786390783.597|100.134|3.129|492507136|524824576|gen_data_c1465426742014cd|__AUTOMETRIC__
__AUTOMETRIC__|0.1.2|19192|crew_log_84b0445f08cee34c|0|1786390784.612|98.550|3.080|492187648|524505088|gen_data_c1465426742014cd|__AUTOMETRIC__
__AUTOMETRIC__|0.1.2|19192|crew_log_84b0445f08cee34c|0|1786390785.623|100.502|3.141|492232704|524550144|gen_data_c1465426742014cd|__AUTOMETRIC__
__AUTOMETRIC__|0.1.2|19192|crew_log_84b0445f08cee34c|0|1786390786.634|98.844|3.089|492322816|524640256|gen_data_c1465426742014cd|__AUTOMETRIC__
__AUTOMETRIC__|0.1.2|19192|crew_log_84b0445f08cee34c|0|1786390787.644|98.992|3.094|492027904|524345344|gen_data_c1465426742014cd|__AUTOMETRIC__
__AUTOMETRIC__|0.1.2|19192|crew_log_84b0445f08cee34c|0|1786390788.650|99.481|3.109|492130304|524447744|gen_data_c1465426742014cd|__AUTOMETRIC__
__AUTOMETRIC__|0.1.2|19192|crew_log_84b0445f08cee34c|0|1786390789.666|98.376|3.074|492490752|524808192|gen_data_c1465426742014cd|__AUTOMETRIC__
__AUTOMETRIC__|0.1.2|19192|crew_log_84b0445f08cee34c|0|1786390790.670|101.208|3.163|492339200|524673024|gen_data_c1465426742014cd|__AUTOMETRIC__
__AUTOMETRIC__|0.1.2|19192|crew_log_84b0445f08cee34c|0|1786390791.675|99.432|3.107|477593600|509968384|gen_data_c1465426742014cd|__AUTOMETRIC__
__AUTOMETRIC__|0.1.2|19192|crew_log_84b0445f08cee34c|0|1786390792.680|99.553|3.111|492232704|524546048|gen_data_c1465426742014cd|__AUTOMETRIC__
__AUTOMETRIC__|0.1.2|19192|crew_log_84b0445f08cee34c|0|1786390793.691|100.487|3.140|492724224|525000704|gen_data_c1465426742014cd|__AUTOMETRIC__
__AUTOMETRIC__|0.1.2|19192|crew_log_84b0445f08cee34c|0|1786390794.706|98.521|3.079|492281856|524558336|gen_data_c1465426742014cd|__AUTOMETRIC__
__AUTOMETRIC__|0.1.2|19192|crew_log_84b0445f08cee34c|0|1786390795.721|100.029|3.126|492142592|524419072|gen_data_c1465426742014cd|__AUTOMETRIC__
__AUTOMETRIC__|0.1.2|19192|crew_log_84b0445f08cee34c|0|1786390796.735|100.134|3.129|492621824|524898304|gen_data_c1465426742014cd|__AUTOMETRIC__
__AUTOMETRIC__|0.1.2|19192|crew_log_84b0445f08cee34c|0|1786390797.751|99.987|3.125|492507136|524783616|gen_data_c1465426742014cd|__AUTOMETRIC__
__AUTOMETRIC__|0.1.2|19192|crew_log_84b0445f08cee34c|0|1786390798.765|100.174|3.130|492740608|525082624|gen_data_c1465426742014cd|__AUTOMETRIC__
__AUTOMETRIC__|0.1.2|19192|crew_log_84b0445f08cee34c|0|1786390799.778|98.667|3.083|492609536|524914688|gen_data_c1465426742014cd|__AUTOMETRIC__
__AUTOMETRIC__|0.1.2|19192|crew_log_84b0445f08cee34c|0|1786390800.793|98.578|3.081|492171264|524476416|gen_data_c1465426742014cd|__AUTOMETRIC__
__AUTOMETRIC__|0.1.2|19192|crew_log_84b0445f08cee34c|0|1786390801.801|100.741|3.148|492363776|524656640|gen_data_c1465426742014cd|__AUTOMETRIC__
__AUTOMETRIC__|0.1.2|19192|crew_log_84b0445f08cee34c|0|1786390802.807|97.830|3.057|491941888|524214272|gen_data_c1465426742014cd|__AUTOMETRIC__
__AUTOMETRIC__|0.1.2|19192|crew_log_84b0445f08cee34c|0|1786390803.812|102.592|3.206|492482560|524771328|gen_data_c1465426742014cd|__AUTOMETRIC__
__AUTOMETRIC__|0.1.2|19192|crew_log_84b0445f08cee34c|0|1786390804.822|100.559|3.142|492560384|524853248|gen_data_c1465426742014cd|__AUTOMETRIC__
__AUTOMETRIC__|0.1.2|19192|crew_log_84b0445f08cee34c|0|1786390805.824|96.717|3.022|492404736|524697600|gen_data_c1465426742014cd|__AUTOMETRIC__
__AUTOMETRIC__|0.1.2|19192|crew_log_84b0445f08cee34c|0|1786390806.839|98.545|3.080|492093440|524341248|gen_data_c1465426742014cd|__AUTOMETRIC__
__AUTOMETRIC__|0.1.2|19192|crew_log_84b0445f08cee34c|0|1786390807.841|101.307|3.166|492843008|525090816|gen_data_c1465426742014cd|__AUTOMETRIC__
__AUTOMETRIC__|0.1.2|19192|crew_log_84b0445f08cee34c|0|1786390808.858|98.379|3.074|492728320|524996608|gen_data_c1465426742014cd|__AUTOMETRIC__
__AUTOMETRIC__|0.1.2|19192|crew_log_84b0445f08cee34c|0|1786390809.865|99.228|3.101|492777472|525045760|gen_data_c1465426742014cd|__AUTOMETRIC__
__AUTOMETRIC__|0.1.2|19192|crew_log_84b0445f08cee34c|0|1786390810.877|100.398|3.137|492494848|524763136|gen_data_c1465426742014cd|__AUTOMETRIC__
__AUTOMETRIC__|0.1.2|19192|crew_log_84b0445f08cee34c|0|1786390811.882|97.941|3.061|492457984|524726272|gen_data_c1465426742014cd|__AUTOMETRIC__
__AUTOMETRIC__|0.1.2|19192|crew_log_84b0445f08cee34c|0|1786390812.890|97.671|3.052|492654592|524902400|gen_data_c1465426742014cd|__AUTOMETRIC__
__AUTOMETRIC__|0.1.2|19192|crew_log_84b0445f08cee34c|0|1786390813.891|98.371|3.074|492040192|524308480|gen_data_c1465426742014cd|__AUTOMETRIC__
__AUTOMETRIC__|0.1.2|19192|crew_log_84b0445f08cee34c|0|1786390814.902|97.345|3.042|492154880|524423168|gen_data_c1465426742014cd|__AUTOMETRIC__
__AUTOMETRIC__|0.1.2|19192|crew_log_84b0445f08cee34c|0|1786390815.912|100.566|3.143|491929600|524247040|gen_data_c1465426742014cd|__AUTOMETRIC__
__AUTOMETRIC__|0.1.2|19192|crew_log_84b0445f08cee34c|0|1786390816.926|100.111|3.128|492462080|524759040|gen_data_c1465426742014cd|__AUTOMETRIC__
__AUTOMETRIC__|0.1.2|19192|crew_log_84b0445f08cee34c|0|1786390817.936|99.058|3.096|492429312|524726272|gen_data_c1465426742014cd|__AUTOMETRIC__
__AUTOMETRIC__|0.1.2|19192|crew_log_84b0445f08cee34c|0|1786390818.952|96.839|3.026|492494848|524853248|gen_data_c1465426742014cd|__AUTOMETRIC__
__AUTOMETRIC__|0.1.2|19192|crew_log_84b0445f08cee34c|0|1786390819.962|97.443|3.045|492494848|524779520|gen_data_c1465426742014cd|__AUTOMETRIC__
__AUTOMETRIC__|0.1.2|19192|crew_log_84b0445f08cee34c|0|1786390820.971|100.750|3.148|492511232|524795904|gen_data_c1465426742014cd|__AUTOMETRIC__
__AUTOMETRIC__|0.1.2|19192|crew_log_84b0445f08cee34c|0|1786390821.986|100.062|3.127|492638208|524910592|gen_data_c1465426742014cd|__AUTOMETRIC__
__AUTOMETRIC__|0.1.2|19192|crew_log_84b0445f08cee34c|0|1786390823.000|98.533|3.079|492957696|525242368|gen_data_c1465426742014cd|__AUTOMETRIC__
__AUTOMETRIC__|0.1.2|19192|crew_log_84b0445f08cee34c|0|1786390824.015|98.570|3.080|492613632|524914688|gen_data_c1465426742014cd|__AUTOMETRIC__
__AUTOMETRIC__|0.1.2|19192|crew_log_84b0445f08cee34c|0|1786390825.026|97.323|3.041|493129728|525393920|gen_data_c1465426742014cd|__AUTOMETRIC__
__AUTOMETRIC__|0.1.2|19192|crew_log_84b0445f08cee34c|0|1786390826.041|100.087|3.128|492556288|524845056|gen_data_c1465426742014cd|__AUTOMETRIC__
__AUTOMETRIC__|0.1.2|19192|crew_log_84b0445f08cee34c|0|1786390827.056|101.649|3.177|493150208|525438976|gen_data_c1465426742014cd|__AUTOMETRIC__
__AUTOMETRIC__|0.1.2|19192|crew_log_84b0445f08cee34c|0|1786390828.057|99.873|3.121|492978176|525262848|gen_data_c1465426742014cd|__AUTOMETRIC__
__AUTOMETRIC__|0.1.2|19192|crew_log_84b0445f08cee34c|0|1786390829.072|100.023|3.126|492912640|525189120|gen_data_c1465426742014cd|__AUTOMETRIC__
__AUTOMETRIC__|0.1.2|19192|crew_log_84b0445f08cee34c|0|1786390830.085|100.267|3.133|492777472|525090816|gen_data_c1465426742014cd|__AUTOMETRIC__
__AUTOMETRIC__|0.1.2|19192|crew_log_84b0445f08cee34c|0|1786390831.100|98.560|3.080|492961792|525246464|gen_data_c1465426742014cd|__AUTOMETRIC__
__AUTOMETRIC__|0.1.2|19192|crew_log_84b0445f08cee34c|0|1786390832.102|99.772|3.118|492466176|524783616|gen_data_c1465426742014cd|__AUTOMETRIC__
__AUTOMETRIC__|0.1.2|19192|crew_log_84b0445f08cee34c|0|1786390833.113|98.949|3.092|492793856|525074432|gen_data_c1465426742014cd|__AUTOMETRIC__
__AUTOMETRIC__|0.1.2|19192|crew_log_84b0445f08cee34c|0|1786390834.116|96.591|3.018|493355008|525635584|gen_data_c1465426742014cd|__AUTOMETRIC__
__AUTOMETRIC__|0.1.2|19192|crew_log_84b0445f08cee34c|0|1786390835.119|101.249|3.164|492814336|525107200|gen_data_c1465426742014cd|__AUTOMETRIC__
__AUTOMETRIC__|0.1.2|19192|crew_log_84b0445f08cee34c|0|1786390836.127|100.762|3.149|492883968|525131776|gen_data_c1465426742014cd|__AUTOMETRIC__
__AUTOMETRIC__|0.1.2|19192|crew_log_84b0445f08cee34c|0|1786390837.138|100.381|3.137|492826624|525094912|gen_data_c1465426742014cd|__AUTOMETRIC__
__AUTOMETRIC__|0.1.2|19192|crew_log_84b0445f08cee34c|0|1786390838.140|96.697|3.022|492920832|525189120|gen_data_c1465426742014cd|__AUTOMETRIC__
__AUTOMETRIC__|0.1.2|19192|crew_log_84b0445f08cee34c|0|1786390839.149|99.117|3.097|492953600|525221888|gen_data_c1465426742014cd|__AUTOMETRIC__
__AUTOMETRIC__|0.1.2|19192|crew_log_84b0445f08cee34c|0|1786390840.152|99.679|3.115|492974080|525242368|gen_data_c1465426742014cd|__AUTOMETRIC__
__AUTOMETRIC__|0.1.2|19192|crew_log_84b0445f08cee34c|0|1786390841.166|97.152|3.036|492904448|525172736|gen_data_c1465426742014cd|__AUTOMETRIC__
__AUTOMETRIC__|0.1.2|19192|crew_log_84b0445f08cee34c|0|1786390842.179|100.219|3.132|492769280|525049856|gen_data_c1465426742014cd|__AUTOMETRIC__
__AUTOMETRIC__|0.1.2|19192|crew_log_84b0445f08cee34c|0|1786390843.194|97.031|3.032|492830720|525123584|gen_data_c1465426742014cd|__AUTOMETRIC__
__AUTOMETRIC__|0.1.2|19192|crew_log_84b0445f08cee34c|0|1786390844.204|98.988|3.093|492720128|525004800|gen_data_c1465426742014cd|__AUTOMETRIC__
__AUTOMETRIC__|0.1.2|19192|crew_log_84b0445f08cee34c|0|1786390845.207|98.122|3.066|493293568|525565952|gen_data_c1465426742014cd|__AUTOMETRIC__
__AUTOMETRIC__|0.1.2|19192|crew_log_84b0445f08cee34c|0|1786390846.221|98.575|3.080|492441600|524709888|gen_data_c1465426742014cd|__AUTOMETRIC__
__AUTOMETRIC__|0.1.2|19192|crew_log_84b0445f08cee34c|0|1786390847.225|99.690|3.115|492740608|525008896|gen_data_c1465426742014cd|__AUTOMETRIC__
__AUTOMETRIC__|0.1.2|19192|crew_log_84b0445f08cee34c|0|1786390848.228|101.217|3.163|493522944|525811712|gen_data_c1465426742014cd|__AUTOMETRIC__
__AUTOMETRIC__|0.1.2|19192|crew_log_84b0445f08cee34c|0|1786390849.229|98.332|3.073|492978176|525246464|gen_data_c1465426742014cd|__AUTOMETRIC__
__AUTOMETRIC__|0.1.2|19192|crew_log_84b0445f08cee34c|0|1786390850.234|102.602|3.206|492924928|525213696|gen_data_c1465426742014cd|__AUTOMETRIC__
__AUTOMETRIC__|0.1.2|19192|crew_log_84b0445f08cee34c|0|1786390851.245|98.953|3.092|492912640|525201408|gen_data_c1465426742014cd|__AUTOMETRIC__
__AUTOMETRIC__|0.1.2|19192|crew_log_84b0445f08cee34c|0|1786390852.259|98.566|3.080|492756992|525045760|gen_data_c1465426742014cd|__AUTOMETRIC__
__AUTOMETRIC__|0.1.2|19192|crew_log_84b0445f08cee34c|0|1786390853.266|99.344|3.104|492503040|524791808|gen_data_c1465426742014cd|__AUTOMETRIC__
__AUTOMETRIC__|0.1.2|19192|crew_log_84b0445f08cee34c|0|1786390854.282|99.968|3.124|492949504|525238272|gen_data_c1465426742014cd|__AUTOMETRIC__
__AUTOMETRIC__|0.1.2|19192|crew_log_84b0445f08cee34c|0|1786390855.297|100.002|3.125|493506560|525795328|gen_data_c1465426742014cd|__AUTOMETRIC__
__AUTOMETRIC__|0.1.2|19192|crew_log_84b0445f08cee34c|0|1786390856.301|99.602|3.113|492552192|524820480|gen_data_c1465426742014cd|__AUTOMETRIC__
__AUTOMETRIC__|0.1.2|19192|crew_log_84b0445f08cee34c|0|1786390857.317|99.966|3.124|492957696|525213696|gen_data_c1465426742014cd|__AUTOMETRIC__
__AUTOMETRIC__|0.1.2|19192|crew_log_84b0445f08cee34c|0|1786390858.321|99.622|3.113|492736512|524992512|gen_data_c1465426742014cd|__AUTOMETRIC__
__AUTOMETRIC__|0.1.2|19192|crew_log_84b0445f08cee34c|0|1786390859.329|100.817|3.151|492859392|525115392|gen_data_c1465426742014cd|__AUTOMETRIC__
__AUTOMETRIC__|0.1.2|19192|crew_log_84b0445f08cee34c|0|1786390860.341|100.291|3.134|493166592|525443072|gen_data_c1465426742014cd|__AUTOMETRIC__
__AUTOMETRIC__|0.1.2|19192|crew_log_84b0445f08cee34c|0|1786390861.345|98.069|3.065|493338624|525615104|gen_data_c1465426742014cd|__AUTOMETRIC__
__AUTOMETRIC__|0.1.2|19192|crew_log_84b0445f08cee34c|0|1786390862.350|99.547|3.111|492728320|524996608|gen_data_c1465426742014cd|__AUTOMETRIC__
__AUTOMETRIC__|0.1.2|19192|crew_log_84b0445f08cee34c|0|1786390863.362|97.245|3.039|492822528|525111296|gen_data_c1465426742014cd|__AUTOMETRIC__
__AUTOMETRIC__|0.1.2|19192|crew_log_84b0445f08cee34c|0|1786390864.363|99.854|3.120|492752896|525029376|gen_data_c1465426742014cd|__AUTOMETRIC__
__AUTOMETRIC__|0.1.2|19192|crew_log_84b0445f08cee34c|0|1786390865.377|100.225|3.132|492593152|524886016|gen_data_c1465426742014cd|__AUTOMETRIC__
__AUTOMETRIC__|0.1.2|19192|crew_log_84b0445f08cee34c|0|1786390866.388|100.455|3.139|492535808|524828672|gen_data_c1465426742014cd|__AUTOMETRIC__
__AUTOMETRIC__|0.1.2|19192|crew_log_84b0445f08cee34c|0|1786390867.391|98.128|3.066|493584384|525877248|gen_data_c1465426742014cd|__AUTOMETRIC__
__AUTOMETRIC__|0.1.2|19192|crew_log_84b0445f08cee34c|0|1786390868.405|98.616|3.082|493514752|525807616|gen_data_c1465426742014cd|__AUTOMETRIC__
__AUTOMETRIC__|0.1.2|19192|crew_log_84b0445f08cee34c|0|1786390869.414|95.964|2.999|493510656|525803520|gen_data_c1465426742014cd|__AUTOMETRIC__
__AUTOMETRIC__|0.1.2|19192|crew_log_84b0445f08cee34c|0|1786390870.419|96.477|3.015|493731840|526024704|gen_data_c1465426742014cd|__AUTOMETRIC__
__AUTOMETRIC__|0.1.2|19192|crew_log_84b0445f08cee34c|0|1786390871.426|100.824|3.151|493936640|526229504|gen_data_c1465426742014cd|__AUTOMETRIC__
__AUTOMETRIC__|0.1.2|19192|crew_log_84b0445f08cee34c|0|1786390872.439|98.684|3.084|494047232|526327808|gen_data_c1465426742014cd|__AUTOMETRIC__
__AUTOMETRIC__|0.1.2|19192|crew_log_84b0445f08cee34c|0|1786390873.451|98.862|3.089|493731840|526012416|gen_data_c1465426742014cd|__AUTOMETRIC__
__AUTOMETRIC__|0.1.2|19192|crew_log_84b0445f08cee34c|0|1786390874.455|96.431|3.013|494034944|526303232|gen_data_c1465426742014cd|__AUTOMETRIC__
__AUTOMETRIC__|0.1.2|19192|crew_log_84b0445f08cee34c|0|1786390875.461|97.927|3.060|493854720|526123008|gen_data_c1465426742014cd|__AUTOMETRIC__
__AUTOMETRIC__|0.1.2|19192|crew_log_84b0445f08cee34c|0|1786390876.463|99.777|3.118|494084096|526352384|gen_data_c1465426742014cd|__AUTOMETRIC__
__AUTOMETRIC__|0.1.2|19192|crew_log_84b0445f08cee34c|0|1786390877.474|102.022|3.188|494100480|526368768|gen_data_c1465426742014cd|__AUTOMETRIC__
__AUTOMETRIC__|0.1.2|19192|crew_log_84b0445f08cee34c|0|1786390878.479|99.497|3.109|494071808|526340096|gen_data_c1465426742014cd|__AUTOMETRIC__
__AUTOMETRIC__|0.1.2|19192|crew_log_84b0445f08cee34c|0|1786390879.492|103.334|3.229|493719552|525987840|gen_data_c1465426742014cd|__AUTOMETRIC__
__AUTOMETRIC__|0.1.2|19192|crew_log_84b0445f08cee34c|0|1786390880.506|100.158|3.130|493785088|526053376|gen_data_c1465426742014cd|__AUTOMETRIC__
__AUTOMETRIC__|0.1.2|19192|crew_log_84b0445f08cee34c|0|1786390881.518|97.276|3.040|493981696|526249984|gen_data_c1465426742014cd|__AUTOMETRIC__
__AUTOMETRIC__|0.1.2|19192|crew_log_84b0445f08cee34c|0|1786390882.533|98.519|3.079|493797376|526065664|gen_data_c1465426742014cd|__AUTOMETRIC__
__AUTOMETRIC__|0.1.2|19192|crew_log_84b0445f08cee34c|0|1786390883.536|99.660|3.114|493502464|525770752|gen_data_c1465426742014cd|__AUTOMETRIC__
__AUTOMETRIC__|0.1.2|19192|crew_log_84b0445f08cee34c|0|1786390884.540|96.454|3.014|493580288|525848576|gen_data_c1465426742014cd|__AUTOMETRIC__
__AUTOMETRIC__|0.1.2|19192|crew_log_84b0445f08cee34c|0|1786390885.557|98.395|3.075|493682688|525983744|gen_data_c1465426742014cd|__AUTOMETRIC__
__AUTOMETRIC__|0.1.2|19192|crew_log_84b0445f08cee34c|0|1786390886.568|95.846|2.995|494075904|526356480|gen_data_c1465426742014cd|__AUTOMETRIC__
__AUTOMETRIC__|0.1.2|19192|crew_log_84b0445f08cee34c|0|1786390887.579|100.392|3.137|493998080|526286848|gen_data_c1465426742014cd|__AUTOMETRIC__
__AUTOMETRIC__|0.1.2|19192|crew_log_84b0445f08cee34c|0|1786390888.595|100.021|3.126|493875200|526147584|gen_data_c1465426742014cd|__AUTOMETRIC__
__AUTOMETRIC__|0.1.2|19192|crew_log_84b0445f08cee34c|0|1786390889.606|100.393|3.137|494059520|526344192|gen_data_c1465426742014cd|__AUTOMETRIC__
__AUTOMETRIC__|0.1.2|19192|crew_log_84b0445f08cee34c|0|1786390890.617|98.959|3.092|494030848|526315520|gen_data_c1465426742014cd|__AUTOMETRIC__
__AUTOMETRIC__|0.1.2|19192|crew_log_84b0445f08cee34c|0|1786390891.626|100.676|3.146|493899776|526184448|gen_data_c1465426742014cd|__AUTOMETRIC__
__AUTOMETRIC__|0.1.2|19192|crew_log_84b0445f08cee34c|0|1786390892.626|99.919|3.122|493776896|526053376|gen_data_c1465426742014cd|__AUTOMETRIC__
__AUTOMETRIC__|0.1.2|19192|crew_log_84b0445f08cee34c|0|1786390893.630|98.077|3.065|494063616|526340096|gen_data_c1465426742014cd|__AUTOMETRIC__
__AUTOMETRIC__|0.1.2|19192|crew_log_84b0445f08cee34c|0|1786390894.640|100.530|3.142|494059520|526336000|gen_data_c1465426742014cd|__AUTOMETRIC__
__AUTOMETRIC__|0.1.2|19192|crew_log_84b0445f08cee34c|0|1786390895.653|100.288|3.134|493805568|526073856|gen_data_c1465426742014cd|__AUTOMETRIC__
__AUTOMETRIC__|0.1.2|19192|crew_log_84b0445f08cee34c|0|1786390896.663|98.977|3.093|493875200|526127104|gen_data_c1465426742014cd|__AUTOMETRIC__
__AUTOMETRIC__|0.1.2|19192|crew_log_84b0445f08cee34c|0|1786390897.674|100.466|3.140|493944832|526229504|gen_data_c1465426742014cd|__AUTOMETRIC__
__AUTOMETRIC__|0.1.2|19192|crew_log_84b0445f08cee34c|0|1786390898.676|99.860|3.121|494620672|526921728|gen_data_c1465426742014cd|__AUTOMETRIC__
__AUTOMETRIC__|0.1.2|19192|crew_log_84b0445f08cee34c|0|1786390899.690|100.081|3.128|494510080|526811136|gen_data_c1465426742014cd|__AUTOMETRIC__
__AUTOMETRIC__|0.1.2|19192|crew_log_84b0445f08cee34c|0|1786390900.706|99.983|3.124|494411776|526692352|gen_data_c1465426742014cd|__AUTOMETRIC__
__AUTOMETRIC__|0.1.2|19192|crew_log_84b0445f08cee34c|0|1786390901.708|99.860|3.121|494063616|526344192|gen_data_c1465426742014cd|__AUTOMETRIC__
__AUTOMETRIC__|0.1.2|19192|crew_log_84b0445f08cee34c|0|1786390902.723|99.995|3.125|493867008|526151680|gen_data_c1465426742014cd|__AUTOMETRIC__
__AUTOMETRIC__|0.1.2|19192|crew_log_84b0445f08cee34c|0|1786390903.740|98.384|3.074|493875200|526159872|gen_data_c1465426742014cd|__AUTOMETRIC__
__AUTOMETRIC__|0.1.2|19192|crew_log_84b0445f08cee34c|0|1786390904.754|100.146|3.130|494178304|526462976|gen_data_c1465426742014cd|__AUTOMETRIC__
__AUTOMETRIC__|0.1.2|19192|crew_log_84b0445f08cee34c|0|1786390905.768|100.175|3.130|494055424|526340096|gen_data_c1465426742014cd|__AUTOMETRIC__
__AUTOMETRIC__|0.1.2|19192|crew_log_84b0445f08cee34c|0|1786390906.780|94.130|2.942|493969408|526274560|gen_data_c1465426742014cd|__AUTOMETRIC__
__AUTOMETRIC__|0.1.2|19192|crew_log_84b0445f08cee34c|0|1786390907.795|100.119|3.129|494260224|526557184|gen_data_c1465426742014cd|__AUTOMETRIC__
__AUTOMETRIC__|0.1.2|19192|crew_log_84b0445f08cee34c|0|1786390908.802|97.758|3.055|494321664|526639104|gen_data_c1465426742014cd|__AUTOMETRIC__
__AUTOMETRIC__|0.1.2|19192|crew_log_84b0445f08cee34c|0|1786390909.815|100.269|3.133|494395392|526708736|gen_data_c1465426742014cd|__AUTOMETRIC__
__AUTOMETRIC__|0.1.2|19192|crew_log_84b0445f08cee34c|0|1786390910.825|98.926|3.091|494141440|526450688|gen_data_c1465426742014cd|__AUTOMETRIC__
__AUTOMETRIC__|0.1.2|19192|crew_log_84b0445f08cee34c|0|1786390911.839|100.169|3.130|494055424|526364672|gen_data_c1465426742014cd|__AUTOMETRIC__
__AUTOMETRIC__|0.1.2|19192|crew_log_84b0445f08cee34c|0|1786390912.843|98.111|3.066|494186496|526491648|gen_data_c1465426742014cd|__AUTOMETRIC__
__AUTOMETRIC__|0.1.2|19192|crew_log_84b0445f08cee34c|0|1786390913.857|100.148|3.130|494129152|526422016|gen_data_c1465426742014cd|__AUTOMETRIC__
__AUTOMETRIC__|0.1.2|19192|crew_log_84b0445f08cee34c|0|1786390914.869|100.314|3.135|494120960|526413824|gen_data_c1465426742014cd|__AUTOMETRIC__
__AUTOMETRIC__|0.1.2|19192|crew_log_84b0445f08cee34c|0|1786390915.883|100.177|3.131|494563328|526876672|gen_data_c1465426742014cd|__AUTOMETRIC__
__AUTOMETRIC__|0.1.2|19192|crew_log_84b0445f08cee34c|0|1786390916.895|97.238|3.039|494731264|527044608|gen_data_c1465426742014cd|__AUTOMETRIC__
__AUTOMETRIC__|0.1.2|19192|crew_log_84b0445f08cee34c|0|1786390917.910|100.140|3.129|494526464|526839808|gen_data_c1465426742014cd|__AUTOMETRIC__
__AUTOMETRIC__|0.1.2|19192|crew_log_84b0445f08cee34c|0|1786390918.912|99.773|3.118|494432256|526745600|gen_data_c1465426742014cd|__AUTOMETRIC__
__AUTOMETRIC__|0.1.2|19192|crew_log_84b0445f08cee34c|0|1786390919.923|98.932|3.092|494280704|526594048|gen_data_c1465426742014cd|__AUTOMETRIC__
__AUTOMETRIC__|0.1.2|19192|crew_log_84b0445f08cee34c|0|1786390920.938|100.063|3.127|494374912|526688256|gen_data_c1465426742014cd|__AUTOMETRIC__
__AUTOMETRIC__|0.1.2|19192|crew_log_84b0445f08cee34c|0|1786390921.954|99.948|3.123|494436352|526749696|gen_data_c1465426742014cd|__AUTOMETRIC__
__AUTOMETRIC__|0.1.2|19192|crew_log_84b0445f08cee34c|0|1786390922.956|98.226|3.070|494252032|526565376|gen_data_c1465426742014cd|__AUTOMETRIC__
__AUTOMETRIC__|0.1.2|19192|crew_log_84b0445f08cee34c|0|1786390923.971|100.024|3.126|494415872|526729216|gen_data_c1465426742014cd|__AUTOMETRIC__
__AUTOMETRIC__|0.1.2|19192|crew_log_84b0445f08cee34c|0|1786390924.973|99.870|3.121|494194688|526540800|gen_data_c1465426742014cd|__AUTOMETRIC__
__AUTOMETRIC__|0.1.2|19192|crew_log_84b0445f08cee34c|0|1786390925.985|97.245|3.039|494166016|526450688|gen_data_c1465426742014cd|__AUTOMETRIC__
__AUTOMETRIC__|0.1.2|19192|crew_log_84b0445f08cee34c|0|1786390926.987|99.835|3.120|494030848|526336000|gen_data_c1465426742014cd|__AUTOMETRIC__
__AUTOMETRIC__|0.1.2|19192|crew_log_84b0445f08cee34c|0|1786390927.989|99.736|3.117|494006272|526299136|gen_data_c1465426742014cd|__AUTOMETRIC__
__AUTOMETRIC__|0.1.2|19192|crew_log_84b0445f08cee34c|0|1786390929.001|100.371|3.137|493965312|526278656|gen_data_c1465426742014cd|__AUTOMETRIC__
__AUTOMETRIC__|0.1.2|19192|crew_log_84b0445f08cee34c|0|1786390930.009|99.175|3.099|494309376|526622720|gen_data_c1465426742014cd|__AUTOMETRIC__
__AUTOMETRIC__|0.1.2|19192|crew_log_84b0445f08cee34c|0|1786390931.012|102.870|3.215|493830144|526135296|gen_data_c1465426742014cd|__AUTOMETRIC__
__AUTOMETRIC__|0.1.2|19192|crew_log_84b0445f08cee34c|0|1786390932.013|98.321|3.073|494100480|526417920|gen_data_c1465426742014cd|__AUTOMETRIC__
__AUTOMETRIC__|0.1.2|19192|crew_log_84b0445f08cee34c|0|1786390933.029|98.412|3.075|494108672|526426112|gen_data_c1465426742014cd|__AUTOMETRIC__
__AUTOMETRIC__|0.1.2|19192|crew_log_84b0445f08cee34c|0|1786390934.034|99.517|3.110|494104576|526417920|gen_data_c1465426742014cd|__AUTOMETRIC__
__AUTOMETRIC__|0.1.2|19192|crew_log_84b0445f08cee34c|0|1786390935.037|98.186|3.068|494641152|526970880|gen_data_c1465426742014cd|__AUTOMETRIC__
__AUTOMETRIC__|0.1.2|19192|crew_log_84b0445f08cee34c|0|1786390936.041|99.593|3.112|494362624|526696448|gen_data_c1465426742014cd|__AUTOMETRIC__
__AUTOMETRIC__|0.1.2|19192|crew_log_84b0445f08cee34c|0|1786390937.055|100.179|3.131|494215168|526544896|gen_data_c1465426742014cd|__AUTOMETRIC__
__AUTOMETRIC__|0.1.2|19192|crew_log_84b0445f08cee34c|0|1786390938.066|100.379|3.137|494100480|526401536|gen_data_c1465426742014cd|__AUTOMETRIC__
__AUTOMETRIC__|0.1.2|19192|crew_log_84b0445f08cee34c|0|1786390939.082|96.889|3.028|494428160|526749696|gen_data_c1465426742014cd|__AUTOMETRIC__
__AUTOMETRIC__|0.1.2|19192|crew_log_84b0445f08cee34c|0|1786390940.091|100.696|3.147|494432256|526753792|gen_data_c1465426742014cd|__AUTOMETRIC__
__AUTOMETRIC__|0.1.2|19192|crew_log_84b0445f08cee34c|0|1786390941.103|98.830|3.088|494288896|526622720|gen_data_c1465426742014cd|__AUTOMETRIC__
__AUTOMETRIC__|0.1.2|19192|crew_log_84b0445f08cee34c|0|1786390942.116|100.210|3.132|494231552|526553088|gen_data_c1465426742014cd|__AUTOMETRIC__
__AUTOMETRIC__|0.1.2|19192|crew_log_84b0445f08cee34c|0|1786390943.123|99.343|3.104|493961216|526282752|gen_data_c1465426742014cd|__AUTOMETRIC__
__AUTOMETRIC__|0.1.2|19192|crew_log_84b0445f08cee34c|0|1786390944.134|98.927|3.091|494350336|526651392|gen_data_c1465426742014cd|__AUTOMETRIC__
__AUTOMETRIC__|0.1.2|19192|crew_log_84b0445f08cee34c|0|1786390945.134|101.548|3.173|494084096|526393344|gen_data_c1465426742014cd|__AUTOMETRIC__
__AUTOMETRIC__|0.1.2|19192|crew_log_84b0445f08cee34c|0|1786390946.146|100.316|3.135|494198784|526508032|gen_data_c1465426742014cd|__AUTOMETRIC__
__AUTOMETRIC__|0.1.2|19192|crew_log_84b0445f08cee34c|0|1786390947.163|99.926|3.123|494104576|526413824|gen_data_c1465426742014cd|__AUTOMETRIC__
__AUTOMETRIC__|0.1.2|19192|crew_log_84b0445f08cee34c|0|1786390948.166|99.676|3.115|494170112|526471168|gen_data_c1465426742014cd|__AUTOMETRIC__
__AUTOMETRIC__|0.1.2|19192|crew_log_84b0445f08cee34c|0|1786390949.168|102.900|3.216|493985792|526295040|gen_data_c1465426742014cd|__AUTOMETRIC__
__AUTOMETRIC__|0.1.2|19192|crew_log_84b0445f08cee34c|0|1786390950.183|100.057|3.127|494206976|526520320|gen_data_c1465426742014cd|__AUTOMETRIC__
__AUTOMETRIC__|0.1.2|19192|crew_log_84b0445f08cee34c|0|1786390951.184|99.926|3.123|494149632|526462976|gen_data_c1465426742014cd|__AUTOMETRIC__
__AUTOMETRIC__|0.1.2|19192|crew_log_84b0445f08cee34c|0|1786390952.196|98.774|3.087|494202880|526516224|gen_data_c1465426742014cd|__AUTOMETRIC__
__AUTOMETRIC__|0.1.2|19192|crew_log_84b0445f08cee34c|0|1786390953.208|100.433|3.139|494292992|526606336|gen_data_c1465426742014cd|__AUTOMETRIC__
__AUTOMETRIC__|0.1.2|19192|crew_log_84b0445f08cee34c|0|1786390954.220|100.349|3.136|494477312|526786560|gen_data_c1465426742014cd|__AUTOMETRIC__
__AUTOMETRIC__|0.1.2|19192|crew_log_84b0445f08cee34c|0|1786390955.225|99.428|3.107|494174208|526495744|gen_data_c1465426742014cd|__AUTOMETRIC__
__AUTOMETRIC__|0.1.2|19192|crew_log_84b0445f08cee34c|0|1786390956.235|97.520|3.047|494309376|526630912|gen_data_c1465426742014cd|__AUTOMETRIC__
__AUTOMETRIC__|0.1.2|19192|crew_log_84b0445f08cee34c|0|1786390957.244|95.983|2.999|494383104|526704640|gen_data_c1465426742014cd|__AUTOMETRIC__
__AUTOMETRIC__|0.1.2|19192|crew_log_84b0445f08cee34c|0|1786390958.257|101.843|3.183|494567424|526888960|gen_data_c1465426742014cd|__AUTOMETRIC__
__AUTOMETRIC__|0.1.2|19192|crew_log_84b0445f08cee34c|0|1786390959.272|100.025|3.126|494370816|526692352|gen_data_c1465426742014cd|__AUTOMETRIC__
__AUTOMETRIC__|0.1.2|19192|crew_log_84b0445f08cee34c|0|1786390960.286|98.615|3.082|494297088|526598144|gen_data_c1465426742014cd|__AUTOMETRIC__
__AUTOMETRIC__|0.1.2|19192|crew_log_84b0445f08cee34c|0|1786390961.295|100.652|3.145|494247936|526540800|gen_data_c1465426742014cd|__AUTOMETRIC__
__AUTOMETRIC__|0.1.2|19192|crew_log_84b0445f08cee34c|0|1786390962.302|97.789|3.056|494247936|526561280|gen_data_c1465426742014cd|__AUTOMETRIC__
__AUTOMETRIC__|0.1.2|19192|crew_log_84b0445f08cee34c|0|1786390963.308|100.883|3.153|494653440|526962688|gen_data_c1465426742014cd|__AUTOMETRIC__
__AUTOMETRIC__|0.1.2|19192|crew_log_84b0445f08cee34c|0|1786390964.317|99.171|3.099|494231552|526573568|gen_data_c1465426742014cd|__AUTOMETRIC__
__AUTOMETRIC__|0.1.2|19192|crew_log_84b0445f08cee34c|0|1786390965.324|100.807|3.150|494968832|527298560|gen_data_c1465426742014cd|__AUTOMETRIC__
__AUTOMETRIC__|0.1.2|19192|crew_log_84b0445f08cee34c|0|1786390966.336|98.840|3.089|494673920|527003648|gen_data_c1465426742014cd|__AUTOMETRIC__
__AUTOMETRIC__|0.1.2|19192|crew_log_84b0445f08cee34c|0|1786390967.339|102.829|3.213|494424064|526712832|gen_data_c1465426742014cd|__AUTOMETRIC__
__AUTOMETRIC__|0.1.2|19192|crew_log_84b0445f08cee34c|0|1786390968.346|99.291|3.103|494448640|526721024|gen_data_c1465426742014cd|__AUTOMETRIC__
__AUTOMETRIC__|0.1.2|19192|crew_log_84b0445f08cee34c|0|1786390969.359|101.831|3.182|494317568|526589952|gen_data_c1465426742014cd|__AUTOMETRIC__
__AUTOMETRIC__|0.1.2|19192|crew_log_84b0445f08cee34c|0|1786390970.372|100.248|3.133|494338048|526610432|gen_data_c1465426742014cd|__AUTOMETRIC__
__AUTOMETRIC__|0.1.2|19192|crew_log_84b0445f08cee34c|0|1786390971.383|98.877|3.090|494444544|526696448|gen_data_c1465426742014cd|__AUTOMETRIC__
__AUTOMETRIC__|0.1.2|19192|crew_log_84b0445f08cee34c|0|1786390972.394|100.444|3.139|494465024|526741504|gen_data_c1465426742014cd|__AUTOMETRIC__
__AUTOMETRIC__|0.1.2|19192|crew_log_84b0445f08cee34c|0|1786390973.407|100.343|3.136|494387200|526663680|gen_data_c1465426742014cd|__AUTOMETRIC__
__AUTOMETRIC__|0.1.2|19192|crew_log_84b0445f08cee34c|0|1786390974.408|98.258|3.071|494882816|527167488|gen_data_c1465426742014cd|__AUTOMETRIC__
__AUTOMETRIC__|0.1.2|19192|crew_log_84b0445f08cee34c|0|1786390975.420|100.443|3.139|494665728|526938112|gen_data_c1465426742014cd|__AUTOMETRIC__
__AUTOMETRIC__|0.1.2|19192|crew_log_84b0445f08cee34c|0|1786390976.432|97.205|3.038|494620672|526893056|gen_data_c1465426742014cd|__AUTOMETRIC__
__AUTOMETRIC__|0.1.2|19192|crew_log_84b0445f08cee34c|0|1786390977.435|101.264|3.165|494477312|526729216|gen_data_c1465426742014cd|__AUTOMETRIC__
__AUTOMETRIC__|0.1.2|19192|crew_log_84b0445f08cee34c|0|1786390978.444|99.169|3.099|494157824|526512128|gen_data_c1465426742014cd|__AUTOMETRIC__
__AUTOMETRIC__|0.1.2|19192|crew_log_84b0445f08cee34c|0|1786390979.450|100.911|3.153|494374912|526749696|gen_data_c1465426742014cd|__AUTOMETRIC__
__AUTOMETRIC__|0.1.2|19192|crew_log_84b0445f08cee34c|0|1786390980.459|97.548|3.048|494596096|526970880|gen_data_c1465426742014cd|__AUTOMETRIC__
__AUTOMETRIC__|0.1.2|19192|crew_log_84b0445f08cee34c|0|1786390981.475|98.438|3.076|494387200|526761984|gen_data_c1465426742014cd|__AUTOMETRIC__
__AUTOMETRIC__|0.1.2|19192|crew_log_84b0445f08cee34c|0|1786390982.489|100.129|3.129|494600192|526974976|gen_data_c1465426742014cd|__AUTOMETRIC__
__AUTOMETRIC__|0.1.2|19192|crew_log_84b0445f08cee34c|0|1786390983.504|100.060|3.127|494653440|527028224|gen_data_c1465426742014cd|__AUTOMETRIC__
__AUTOMETRIC__|0.1.2|19192|crew_log_84b0445f08cee34c|0|1786390984.515|98.953|3.092|494473216|526848000|gen_data_c1465426742014cd|__AUTOMETRIC__
__AUTOMETRIC__|0.1.2|19192|crew_log_84b0445f08cee34c|0|1786390985.521|99.433|3.107|494587904|526962688|gen_data_c1465426742014cd|__AUTOMETRIC__
__AUTOMETRIC__|0.1.2|19192|crew_log_84b0445f08cee34c|0|1786390986.530|97.560|3.049|494469120|526843904|gen_data_c1465426742014cd|__AUTOMETRIC__
__AUTOMETRIC__|0.1.2|19192|crew_log_84b0445f08cee34c|0|1786390987.530|99.925|3.123|494424064|526798848|gen_data_c1465426742014cd|__AUTOMETRIC__
__AUTOMETRIC__|0.1.2|19192|crew_log_84b0445f08cee34c|0|1786390988.533|98.141|3.067|494669824|527044608|gen_data_c1465426742014cd|__AUTOMETRIC__
__AUTOMETRIC__|0.1.2|19192|crew_log_84b0445f08cee34c|0|1786390989.539|99.411|3.107|494305280|526696448|gen_data_c1465426742014cd|__AUTOMETRIC__
__AUTOMETRIC__|0.1.2|19192|crew_log_84b0445f08cee34c|0|1786390990.554|100.059|3.127|494419968|526798848|gen_data_c1465426742014cd|__AUTOMETRIC__
__AUTOMETRIC__|0.1.2|19192|crew_log_84b0445f08cee34c|0|1786390991.570|98.504|3.078|494231552|526610432|gen_data_c1465426742014cd|__AUTOMETRIC__
__AUTOMETRIC__|0.1.2|19192|crew_log_84b0445f08cee34c|0|1786390992.572|99.755|3.117|494059520|526438400|gen_data_c1465426742014cd|__AUTOMETRIC__
__AUTOMETRIC__|0.1.2|19192|crew_log_84b0445f08cee34c|0|1786390993.575|101.286|3.165|494174208|526553088|gen_data_c1465426742014cd|__AUTOMETRIC__
__AUTOMETRIC__|0.1.2|19192|crew_log_84b0445f08cee34c|0|1786390994.589|95.486|2.984|494256128|526630912|gen_data_c1465426742014cd|__AUTOMETRIC__
__AUTOMETRIC__|0.1.2|19192|crew_log_84b0445f08cee34c|0|1786390995.591|101.400|3.169|494940160|527314944|gen_data_c1465426742014cd|__AUTOMETRIC__
__AUTOMETRIC__|0.1.2|19192|crew_log_84b0445f08cee34c|0|1786390996.601|95.947|2.998|494178304|526553088|gen_data_c1465426742014cd|__AUTOMETRIC__
__AUTOMETRIC__|0.1.2|19192|crew_log_84b0445f08cee34c|0|1786390997.609|99.141|3.098|494305280|526696448|gen_data_c1465426742014cd|__AUTOMETRIC__
__AUTOMETRIC__|0.1.2|19192|crew_log_84b0445f08cee34c|0|1786390998.614|99.487|3.109|494493696|526888960|gen_data_c1465426742014cd|__AUTOMETRIC__
__AUTOMETRIC__|0.1.2|19192|crew_log_84b0445f08cee34c|0|1786390999.620|99.443|3.108|494460928|526856192|gen_data_c1465426742014cd|__AUTOMETRIC__
__AUTOMETRIC__|0.1.2|19192|crew_log_84b0445f08cee34c|0|1786391000.635|98.494|3.078|494542848|526938112|gen_data_c1465426742014cd|__AUTOMETRIC__
__AUTOMETRIC__|0.1.2|19192|crew_log_84b0445f08cee34c|0|1786391001.638|98.143|3.067|494608384|526983168|gen_data_c1465426742014cd|__AUTOMETRIC__
__AUTOMETRIC__|0.1.2|19192|crew_log_84b0445f08cee34c|0|1786391002.651|100.293|3.134|494645248|527020032|gen_data_c1465426742014cd|__AUTOMETRIC__
__AUTOMETRIC__|0.1.2|19192|crew_log_84b0445f08cee34c|0|1786391003.656|99.498|3.109|494866432|527241216|gen_data_c1465426742014cd|__AUTOMETRIC__
__AUTOMETRIC__|0.1.2|19192|crew_log_84b0445f08cee34c|0|1786391004.659|96.613|3.019|494514176|526888960|gen_data_c1465426742014cd|__AUTOMETRIC__
__AUTOMETRIC__|0.1.2|19192|crew_log_84b0445f08cee34c|0|1786391005.670|100.401|3.138|494731264|527106048|gen_data_c1465426742014cd|__AUTOMETRIC__
__AUTOMETRIC__|0.1.2|19192|crew_log_84b0445f08cee34c|0|1786391006.683|100.275|3.134|494817280|527192064|gen_data_c1465426742014cd|__AUTOMETRIC__
__AUTOMETRIC__|0.1.2|19192|crew_log_84b0445f08cee34c|0|1786391007.684|99.873|3.121|494694400|527069184|gen_data_c1465426742014cd|__AUTOMETRIC__
__AUTOMETRIC__|0.1.2|19192|crew_log_84b0445f08cee34c|0|1786391008.689|97.940|3.061|494882816|527257600|gen_data_c1465426742014cd|__AUTOMETRIC__
__AUTOMETRIC__|0.1.2|19192|crew_log_84b0445f08cee34c|0|1786391009.699|100.616|3.144|495099904|527474688|gen_data_c1465426742014cd|__AUTOMETRIC__
__AUTOMETRIC__|0.1.2|19192|crew_log_84b0445f08cee34c|0|1786391010.712|98.733|3.085|494948352|527323136|gen_data_c1465426742014cd|__AUTOMETRIC__
__AUTOMETRIC__|0.1.2|19192|crew_log_84b0445f08cee34c|0|1786391011.714|101.308|3.166|494989312|527364096|gen_data_c1465426742014cd|__AUTOMETRIC__
__AUTOMETRIC__|0.1.2|19192|crew_log_84b0445f08cee34c|0|1786391012.716|99.777|3.118|494702592|527077376|gen_data_c1465426742014cd|__AUTOMETRIC__
__AUTOMETRIC__|0.1.2|19192|crew_log_84b0445f08cee34c|0|1786391013.731|100.108|3.128|494530560|526905344|gen_data_c1465426742014cd|__AUTOMETRIC__
__AUTOMETRIC__|0.1.2|19192|crew_log_84b0445f08cee34c|0|1786391014.744|100.227|3.132|494522368|526897152|gen_data_c1465426742014cd|__AUTOMETRIC__
__AUTOMETRIC__|0.1.2|19192|crew_log_84b0445f08cee34c|0|1786391015.758|95.594|2.987|494686208|527060992|gen_data_c1465426742014cd|__AUTOMETRIC__
__AUTOMETRIC__|0.1.2|19192|crew_log_84b0445f08cee34c|0|1786391016.770|100.341|3.136|494870528|527245312|gen_data_c1465426742014cd|__AUTOMETRIC__
__AUTOMETRIC__|0.1.2|19192|crew_log_84b0445f08cee34c|0|1786391017.772|101.344|3.167|494649344|527024128|gen_data_c1465426742014cd|__AUTOMETRIC__
__AUTOMETRIC__|0.1.2|19192|crew_log_84b0445f08cee34c|0|1786391018.775|99.668|3.115|494800896|527187968|gen_data_c1465426742014cd|__AUTOMETRIC__
__AUTOMETRIC__|0.1.2|19192|crew_log_84b0445f08cee34c|0|1786391019.777|101.362|3.168|494698496|527085568|gen_data_c1465426742014cd|__AUTOMETRIC__
__AUTOMETRIC__|0.1.2|19192|crew_log_84b0445f08cee34c|0|1786391020.793|100.034|3.126|494596096|526974976|gen_data_c1465426742014cd|__AUTOMETRIC__
__AUTOMETRIC__|0.1.2|19192|crew_log_84b0445f08cee34c|0|1786391021.805|97.238|3.039|494862336|527241216|gen_data_c1465426742014cd|__AUTOMETRIC__
__AUTOMETRIC__|0.1.2|19192|crew_log_84b0445f08cee34c|0|1786391022.811|102.479|3.202|494968832|527347712|gen_data_c1465426742014cd|__AUTOMETRIC__
__AUTOMETRIC__|0.1.2|19192|crew_log_84b0445f08cee34c|0|1786391023.827|98.457|3.077|494649344|527028224|gen_data_c1465426742014cd|__AUTOMETRIC__
__AUTOMETRIC__|0.1.2|19192|crew_log_84b0445f08cee34c|0|1786391024.843|98.463|3.077|494759936|527167488|gen_data_c1465426742014cd|__AUTOMETRIC__
__AUTOMETRIC__|0.1.2|19192|crew_log_84b0445f08cee34c|0|1786391025.858|96.967|3.030|494866432|527245312|gen_data_c1465426742014cd|__AUTOMETRIC__
__AUTOMETRIC__|0.1.2|19192|crew_log_84b0445f08cee34c|0|1786391026.861|98.079|3.065|495005696|527413248|gen_data_c1465426742014cd|__AUTOMETRIC__
__AUTOMETRIC__|0.1.2|19192|crew_log_84b0445f08cee34c|0|1786391027.865|98.122|3.066|495022080|527405056|gen_data_c1465426742014cd|__AUTOMETRIC__
__AUTOMETRIC__|0.1.2|19192|crew_log_84b0445f08cee34c|0|1786391028.872|102.391|3.200|495132672|527515648|gen_data_c1465426742014cd|__AUTOMETRIC__
__AUTOMETRIC__|0.1.2|19192|crew_log_84b0445f08cee34c|0|1786391029.888|99.972|3.124|495222784|527605760|gen_data_c1465426742014cd|__AUTOMETRIC__
__AUTOMETRIC__|0.1.2|19192|crew_log_84b0445f08cee34c|0|1786391030.893|96.334|3.010|495087616|527474688|gen_data_c1465426742014cd|__AUTOMETRIC__
__AUTOMETRIC__|0.1.2|19192|crew_log_84b0445f08cee34c|0|1786391031.902|99.156|3.099|494927872|527302656|gen_data_c1465426742014cd|__AUTOMETRIC__
__AUTOMETRIC__|0.1.2|19192|crew_log_84b0445f08cee34c|0|1786391032.904|99.774|3.118|495063040|527437824|gen_data_c1465426742014cd|__AUTOMETRIC__
__AUTOMETRIC__|0.1.2|19192|crew_log_84b0445f08cee34c|0|1786391033.913|97.579|3.049|494862336|527253504|gen_data_c1465426742014cd|__AUTOMETRIC__
__AUTOMETRIC__|0.1.2|19192|crew_log_84b0445f08cee34c|0|1786391034.915|98.190|3.068|495013888|527396864|gen_data_c1465426742014cd|__AUTOMETRIC__
__AUTOMETRIC__|0.1.2|19192|crew_log_84b0445f08cee34c|0|1786391035.923|99.225|3.101|494866432|527249408|gen_data_c1465426742014cd|__AUTOMETRIC__
__AUTOMETRIC__|0.1.2|19192|crew_log_84b0445f08cee34c|0|1786391036.938|96.964|3.030|495079424|527454208|gen_data_c1465426742014cd|__AUTOMETRIC__
__AUTOMETRIC__|0.1.2|19192|crew_log_84b0445f08cee34c|0|1786391037.946|96.132|3.004|495226880|527601664|gen_data_c1465426742014cd|__AUTOMETRIC__
__AUTOMETRIC__|0.1.2|19192|crew_log_84b0445f08cee34c|0|1786391038.953|102.444|3.201|495132672|527507456|gen_data_c1465426742014cd|__AUTOMETRIC__
__AUTOMETRIC__|0.1.2|19192|crew_log_84b0445f08cee34c|0|1786391039.965|100.308|3.135|495202304|527577088|gen_data_c1465426742014cd|__AUTOMETRIC__
__AUTOMETRIC__|0.1.2|19192|crew_log_84b0445f08cee34c|0|1786391040.971|99.401|3.106|495005696|527368192|gen_data_c1465426742014cd|__AUTOMETRIC__
__AUTOMETRIC__|0.1.2|19192|crew_log_84b0445f08cee34c|0|1786391041.986|98.561|3.080|495034368|527405056|gen_data_c1465426742014cd|__AUTOMETRIC__
__AUTOMETRIC__|0.1.2|19192|crew_log_84b0445f08cee34c|0|1786391042.990|96.443|3.014|495378432|527749120|gen_data_c1465426742014cd|__AUTOMETRIC__
__AUTOMETRIC__|0.1.2|19192|crew_log_84b0445f08cee34c|0|1786391044.004|100.149|3.130|495255552|527626240|gen_data_c1465426742014cd|__AUTOMETRIC__
__AUTOMETRIC__|0.1.2|19192|crew_log_84b0445f08cee34c|0|1786391045.008|98.054|3.064|495181824|527552512|gen_data_c1465426742014cd|__AUTOMETRIC__
__AUTOMETRIC__|0.1.2|19192|crew_log_84b0445f08cee34c|0|1786391046.015|102.418|3.201|495095808|527486976|gen_data_c1465426742014cd|__AUTOMETRIC__
__AUTOMETRIC__|0.1.2|19192|crew_log_84b0445f08cee34c|0|1786391047.029|100.207|3.131|494788608|527179776|gen_data_c1465426742014cd|__AUTOMETRIC__
__AUTOMETRIC__|0.1.2|19192|crew_log_84b0445f08cee34c|0|1786391048.040|98.871|3.090|495185920|527577088|gen_data_c1465426742014cd|__AUTOMETRIC__
__AUTOMETRIC__|0.1.2|19192|crew_log_84b0445f08cee34c|0|1786391049.041|99.951|3.123|494759936|527151104|gen_data_c1465426742014cd|__AUTOMETRIC__
__AUTOMETRIC__|0.1.2|19192|crew_log_84b0445f08cee34c|0|1786391050.049|99.157|3.099|494829568|527220736|gen_data_c1465426742014cd|__AUTOMETRIC__
__AUTOMETRIC__|0.1.2|19192|crew_log_84b0445f08cee34c|0|1786391051.065|98.454|3.077|494882816|527273984|gen_data_c1465426742014cd|__AUTOMETRIC__
__AUTOMETRIC__|0.1.2|19192|crew_log_84b0445f08cee34c|0|1786391052.070|99.462|3.108|494837760|527228928|gen_data_c1465426742014cd|__AUTOMETRIC__
__AUTOMETRIC__|0.1.2|19192|crew_log_84b0445f08cee34c|0|1786391053.072|99.804|3.119|494575616|527024128|gen_data_c1465426742014cd|__AUTOMETRIC__
__AUTOMETRIC__|0.1.2|19192|crew_log_84b0445f08cee34c|0|1786391054.074|101.405|3.169|494702592|527081472|gen_data_c1465426742014cd|__AUTOMETRIC__
__AUTOMETRIC__|0.1.2|19192|crew_log_84b0445f08cee34c|0|1786391055.080|99.421|3.107|495079424|527474688|gen_data_c1465426742014cd|__AUTOMETRIC__
__AUTOMETRIC__|0.1.2|19192|crew_log_84b0445f08cee34c|0|1786391056.084|99.613|3.113|494989312|527384576|gen_data_c1465426742014cd|__AUTOMETRIC__
__AUTOMETRIC__|0.1.2|19192|crew_log_84b0445f08cee34c|0|1786391057.096|97.259|3.039|494940160|527335424|gen_data_c1465426742014cd|__AUTOMETRIC__
__AUTOMETRIC__|0.1.2|19192|crew_log_84b0445f08cee34c|0|1786391058.112|99.973|3.124|495063040|527437824|gen_data_c1465426742014cd|__AUTOMETRIC__
__AUTOMETRIC__|0.1.2|19192|crew_log_84b0445f08cee34c|0|1786391059.127|100.031|3.126|495210496|527585280|gen_data_c1465426742014cd|__AUTOMETRIC__
__AUTOMETRIC__|0.1.2|19192|crew_log_84b0445f08cee34c|0|1786391060.143|99.940|3.123|495144960|527519744|gen_data_c1465426742014cd|__AUTOMETRIC__
__AUTOMETRIC__|0.1.2|19192|crew_log_84b0445f08cee34c|0|1786391061.149|99.371|3.105|495247360|527622144|gen_data_c1465426742014cd|__AUTOMETRIC__
__AUTOMETRIC__|0.1.2|19192|crew_log_84b0445f08cee34c|0|1786391062.152|101.352|3.167|495153152|527536128|gen_data_c1465426742014cd|__AUTOMETRIC__
__AUTOMETRIC__|0.1.2|19192|crew_log_84b0445f08cee34c|0|1786391063.165|98.642|3.083|495267840|527650816|gen_data_c1465426742014cd|__AUTOMETRIC__
__AUTOMETRIC__|0.1.2|19192|crew_log_84b0445f08cee34c|0|1786391064.179|101.750|3.180|495149056|527532032|gen_data_c1465426742014cd|__AUTOMETRIC__
__AUTOMETRIC__|0.1.2|19192|crew_log_84b0445f08cee34c|0|1786391065.191|97.299|3.041|495345664|527724544|gen_data_c1465426742014cd|__AUTOMETRIC__
__AUTOMETRIC__|0.1.2|19192|crew_log_84b0445f08cee34c|0|1786391066.197|100.945|3.155|495321088|527699968|gen_data_c1465426742014cd|__AUTOMETRIC__
__AUTOMETRIC__|0.1.2|19192|crew_log_84b0445f08cee34c|0|1786391067.210|101.780|3.181|494743552|527118336|gen_data_c1465426742014cd|__AUTOMETRIC__
__AUTOMETRIC__|0.1.2|19192|crew_log_84b0445f08cee34c|0|1786391068.225|98.509|3.078|495243264|527630336|gen_data_c1465426742014cd|__AUTOMETRIC__
__AUTOMETRIC__|0.1.2|19192|crew_log_84b0445f08cee34c|0|1786391069.228|101.247|3.164|494780416|527167488|gen_data_c1465426742014cd|__AUTOMETRIC__
__AUTOMETRIC__|0.1.2|19192|crew_log_84b0445f08cee34c|0|1786391070.243|98.525|3.079|495230976|527618048|gen_data_c1465426742014cd|__AUTOMETRIC__
__AUTOMETRIC__|0.1.2|19192|crew_log_84b0445f08cee34c|0|1786391071.254|100.452|3.139|495292416|527667200|gen_data_c1465426742014cd|__AUTOMETRIC__
__AUTOMETRIC__|0.1.2|19192|crew_log_84b0445f08cee34c|0|1786391072.264|102.160|3.192|495329280|527704064|gen_data_c1465426742014cd|__AUTOMETRIC__
__AUTOMETRIC__|0.1.2|19192|crew_log_84b0445f08cee34c|0|1786391073.272|96.050|3.002|495476736|527851520|gen_data_c1465426742014cd|__AUTOMETRIC__
__AUTOMETRIC__|0.1.2|19192|crew_log_84b0445f08cee34c|0|1786391074.287|97.024|3.032|495521792|527912960|gen_data_c1465426742014cd|__AUTOMETRIC__
__AUTOMETRIC__|0.1.2|19192|crew_log_84b0445f08cee34c|0|1786391075.293|99.342|3.104|495259648|527622144|gen_data_c1465426742014cd|__AUTOMETRIC__
__AUTOMETRIC__|0.1.2|19192|crew_log_84b0445f08cee34c|0|1786391076.301|94.568|2.955|495480832|527843328|gen_data_c1465426742014cd|__AUTOMETRIC__
__AUTOMETRIC__|0.1.2|19192|crew_log_84b0445f08cee34c|0|1786391077.306|99.539|3.111|495456256|527839232|gen_data_c1465426742014cd|__AUTOMETRIC__
__AUTOMETRIC__|0.1.2|19192|crew_log_84b0445f08cee34c|0|1786391078.315|102.196|3.194|495374336|527749120|gen_data_c1465426742014cd|__AUTOMETRIC__
__AUTOMETRIC__|0.1.2|19192|crew_log_84b0445f08cee34c|0|1786391079.329|100.127|3.129|495579136|528023552|gen_data_c1465426742014cd|__AUTOMETRIC__
__AUTOMETRIC__|0.1.2|19192|crew_log_84b0445f08cee34c|0|1786391080.344|100.043|3.126|495587328|527962112|gen_data_c1465426742014cd|__AUTOMETRIC__
__AUTOMETRIC__|0.1.2|19192|crew_log_84b0445f08cee34c|0|1786391081.347|99.721|3.116|495529984|527884288|gen_data_c1465426742014cd|__AUTOMETRIC__
__AUTOMETRIC__|0.1.2|19192|crew_log_84b0445f08cee34c|0|1786391082.350|98.133|3.067|495542272|527896576|gen_data_c1465426742014cd|__AUTOMETRIC__
__AUTOMETRIC__|0.1.2|19192|crew_log_84b0445f08cee34c|0|1786391083.365|100.106|3.128|495894528|528269312|gen_data_c1465426742014cd|__AUTOMETRIC__
__AUTOMETRIC__|0.1.2|19192|crew_log_84b0445f08cee34c|0|1786391084.366|98.298|3.072|495509504|527884288|gen_data_c1465426742014cd|__AUTOMETRIC__
__AUTOMETRIC__|0.1.2|19192|crew_log_84b0445f08cee34c|0|1786391085.375|100.649|3.145|495439872|527818752|gen_data_c1465426742014cd|__AUTOMETRIC__
__AUTOMETRIC__|0.1.2|19192|crew_log_84b0445f08cee34c|0|1786391086.377|99.848|3.120|495497216|527876096|gen_data_c1465426742014cd|__AUTOMETRIC__
__AUTOMETRIC__|0.1.2|19192|crew_log_84b0445f08cee34c|0|1786391087.385|99.194|3.100|495112192|527491072|gen_data_c1465426742014cd|__AUTOMETRIC__
__AUTOMETRIC__|0.1.2|19192|crew_log_84b0445f08cee34c|0|1786391088.395|99.002|3.094|495833088|528191488|gen_data_c1465426742014cd|__AUTOMETRIC__
__AUTOMETRIC__|0.1.2|19192|crew_log_84b0445f08cee34c|0|1786391089.411|100.017|3.126|495235072|527609856|gen_data_c1465426742014cd|__AUTOMETRIC__
__AUTOMETRIC__|0.1.2|19192|crew_log_84b0445f08cee34c|0|1786391090.412|99.878|3.121|495349760|527724544|gen_data_c1465426742014cd|__AUTOMETRIC__
__AUTOMETRIC__|0.1.2|19192|crew_log_84b0445f08cee34c|0|1786391091.417|99.532|3.110|495513600|527900672|gen_data_c1465426742014cd|__AUTOMETRIC__
__AUTOMETRIC__|0.1.2|19192|crew_log_84b0445f08cee34c|0|1786391092.425|97.636|3.051|495464448|527851520|gen_data_c1465426742014cd|__AUTOMETRIC__
__AUTOMETRIC__|0.1.2|19192|crew_log_84b0445f08cee34c|0|1786391093.439|100.087|3.128|495513600|527900672|gen_data_c1465426742014cd|__AUTOMETRIC__
__AUTOMETRIC__|0.1.2|19192|crew_log_84b0445f08cee34c|0|1786391094.444|99.561|3.111|495349760|527724544|gen_data_c1465426742014cd|__AUTOMETRIC__
__AUTOMETRIC__|0.1.2|19192|crew_log_84b0445f08cee34c|0|1786391095.459|100.043|3.126|495169536|527544320|gen_data_c1465426742014cd|__AUTOMETRIC__
__AUTOMETRIC__|0.1.2|19192|crew_log_84b0445f08cee34c|0|1786391096.468|100.660|3.146|495063040|527470592|gen_data_c1465426742014cd|__AUTOMETRIC__
__AUTOMETRIC__|0.1.2|19192|crew_log_84b0445f08cee34c|0|1786391097.483|100.063|3.127|495296512|527671296|gen_data_c1465426742014cd|__AUTOMETRIC__
__AUTOMETRIC__|0.1.2|19192|crew_log_84b0445f08cee34c|0|1786391098.486|99.702|3.116|495222784|527597568|gen_data_c1465426742014cd|__AUTOMETRIC__
__AUTOMETRIC__|0.1.2|19192|crew_log_84b0445f08cee34c|0|1786391099.494|100.709|3.147|495632384|527986688|gen_data_c1465426742014cd|__AUTOMETRIC__
__AUTOMETRIC__|0.1.2|19192|crew_log_84b0445f08cee34c|0|1786391100.504|97.485|3.046|495755264|528130048|gen_data_c1465426742014cd|__AUTOMETRIC__
__AUTOMETRIC__|0.1.2|19192|crew_log_84b0445f08cee34c|0|1786391101.507|99.771|3.118|495706112|528084992|gen_data_c1465426742014cd|__AUTOMETRIC__
__AUTOMETRIC__|0.1.2|19192|crew_log_84b0445f08cee34c|0|1786391102.515|97.593|3.050|495755264|528134144|gen_data_c1465426742014cd|__AUTOMETRIC__
__AUTOMETRIC__|0.1.2|19192|crew_log_84b0445f08cee34c|0|1786391103.519|99.574|3.112|495865856|528252928|gen_data_c1465426742014cd|__AUTOMETRIC__
__AUTOMETRIC__|0.1.2|19192|crew_log_84b0445f08cee34c|0|1786391104.532|100.286|3.134|495714304|528097280|gen_data_c1465426742014cd|__AUTOMETRIC__
__AUTOMETRIC__|0.1.2|19192|crew_log_84b0445f08cee34c|0|1786391105.544|98.855|3.089|495284224|527663104|gen_data_c1465426742014cd|__AUTOMETRIC__
__AUTOMETRIC__|0.1.2|19192|crew_log_84b0445f08cee34c|0|1786391106.556|97.295|3.040|495689728|528068608|gen_data_c1465426742014cd|__AUTOMETRIC__
__AUTOMETRIC__|0.1.2|19192|crew_log_84b0445f08cee34c|0|1786391107.561|102.523|3.204|495386624|527765504|gen_data_c1465426742014cd|__AUTOMETRIC__
__AUTOMETRIC__|0.1.2|19192|crew_log_84b0445f08cee34c|0|1786391108.576|100.140|3.129|495378432|527757312|gen_data_c1465426742014cd|__AUTOMETRIC__
__AUTOMETRIC__|0.1.2|19192|crew_log_84b0445f08cee34c|0|1786391109.587|100.395|3.137|495456256|527835136|gen_data_c1465426742014cd|__AUTOMETRIC__
__AUTOMETRIC__|0.1.2|19192|crew_log_84b0445f08cee34c|0|1786391110.601|97.113|3.035|495710208|528089088|gen_data_c1465426742014cd|__AUTOMETRIC__
__AUTOMETRIC__|0.1.2|19192|crew_log_84b0445f08cee34c|0|1786391111.613|97.287|3.040|495661056|528039936|gen_data_c1465426742014cd|__AUTOMETRIC__
__AUTOMETRIC__|0.1.2|19192|crew_log_84b0445f08cee34c|0|1786391112.622|100.606|3.144|495419392|527777792|gen_data_c1465426742014cd|__AUTOMETRIC__
__AUTOMETRIC__|0.1.2|19192|crew_log_84b0445f08cee34c|0|1786391113.636|98.591|3.081|495292416|527650816|gen_data_c1465426742014cd|__AUTOMETRIC__
__AUTOMETRIC__|0.1.2|19192|crew_log_84b0445f08cee34c|0|1786391114.639|98.187|3.068|495378432|527757312|gen_data_c1465426742014cd|__AUTOMETRIC__
__AUTOMETRIC__|0.1.2|19192|crew_log_84b0445f08cee34c|0|1786391115.642|99.683|3.115|495349760|527728640|gen_data_c1465426742014cd|__AUTOMETRIC__
__AUTOMETRIC__|0.1.2|19192|crew_log_84b0445f08cee34c|0|1786391116.655|98.702|3.084|494923776|527298560|gen_data_c1465426742014cd|__AUTOMETRIC__
__AUTOMETRIC__|0.1.2|19192|crew_log_84b0445f08cee34c|0|1786391117.668|100.291|3.134|494899200|527273984|gen_data_c1465426742014cd|__AUTOMETRIC__
__AUTOMETRIC__|0.1.2|19192|crew_log_84b0445f08cee34c|0|1786391118.675|97.715|3.054|495599616|527974400|gen_data_c1465426742014cd|__AUTOMETRIC__
__AUTOMETRIC__|0.1.2|19192|crew_log_84b0445f08cee34c|0|1786391119.691|99.971|3.124|495722496|528076800|gen_data_c1465426742014cd|__AUTOMETRIC__
__AUTOMETRIC__|0.1.2|19192|crew_log_84b0445f08cee34c|0|1786391120.697|99.483|3.109|495853568|528232448|gen_data_c1465426742014cd|__AUTOMETRIC__
__AUTOMETRIC__|0.1.2|19192|crew_log_84b0445f08cee34c|0|1786391121.698|96.774|3.024|495386624|527765504|gen_data_c1465426742014cd|__AUTOMETRIC__
__AUTOMETRIC__|0.1.2|19192|crew_log_84b0445f08cee34c|0|1786391122.710|97.245|3.039|495796224|528281600|gen_data_c1465426742014cd|__AUTOMETRIC__
__AUTOMETRIC__|0.1.2|19192|crew_log_84b0445f08cee34c|0|1786391123.723|100.292|3.134|495796224|528220160|gen_data_c1465426742014cd|__AUTOMETRIC__
__AUTOMETRIC__|0.1.2|19192|crew_log_84b0445f08cee34c|0|1786391124.723|99.997|3.125|495292416|527708160|gen_data_c1465426742014cd|__AUTOMETRIC__
__AUTOMETRIC__|0.1.2|19192|crew_log_84b0445f08cee34c|0|1786391125.727|98.032|3.064|495329280|527736832|gen_data_c1465426742014cd|__AUTOMETRIC__
__AUTOMETRIC__|0.1.2|19192|crew_log_84b0445f08cee34c|0|1786391126.741|100.108|3.128|495284224|527663104|gen_data_c1465426742014cd|__AUTOMETRIC__
__AUTOMETRIC__|0.1.2|19192|crew_log_84b0445f08cee34c|0|1786391127.745|99.629|3.113|495742976|528121856|gen_data_c1465426742014cd|__AUTOMETRIC__
__AUTOMETRIC__|0.1.2|19192|crew_log_84b0445f08cee34c|0|1786391128.759|95.580|2.987|495554560|527933440|gen_data_c1465426742014cd|__AUTOMETRIC__
__AUTOMETRIC__|0.1.2|19192|crew_log_84b0445f08cee34c|0|1786391129.775|103.007|3.219|495656960|528035840|gen_data_c1465426742014cd|__AUTOMETRIC__
__AUTOMETRIC__|0.1.2|19192|crew_log_84b0445f08cee34c|0|1786391130.783|97.634|3.051|495308800|527687680|gen_data_c1465426742014cd|__AUTOMETRIC__
__AUTOMETRIC__|0.1.2|19192|crew_log_84b0445f08cee34c|0|1786391131.787|99.603|3.113|495448064|527826944|gen_data_c1465426742014cd|__AUTOMETRIC__
__AUTOMETRIC__|0.1.2|19192|crew_log_84b0445f08cee34c|0|1786391132.790|99.720|3.116|495767552|528146432|gen_data_c1465426742014cd|__AUTOMETRIC__
__AUTOMETRIC__|0.1.2|19192|crew_log_84b0445f08cee34c|0|1786391133.792|101.330|3.167|495706112|528084992|gen_data_c1465426742014cd|__AUTOMETRIC__
__AUTOMETRIC__|0.1.2|19192|crew_log_84b0445f08cee34c|0|1786391134.795|98.143|3.067|495693824|528072704|gen_data_c1465426742014cd|__AUTOMETRIC__
__AUTOMETRIC__|0.1.2|19192|crew_log_84b0445f08cee34c|0|1786391135.801|97.834|3.057|495616000|527994880|gen_data_c1465426742014cd|__AUTOMETRIC__
__AUTOMETRIC__|0.1.2|19192|crew_log_84b0445f08cee34c|0|1786391136.805|101.236|3.164|493105152|525484032|gen_data_c1465426742014cd|__AUTOMETRIC__
__AUTOMETRIC__|0.1.2|19192|crew_log_84b0445f08cee34c|0|1786391137.805|99.966|3.124|495505408|527892480|gen_data_c1465426742014cd|__AUTOMETRIC__
__AUTOMETRIC__|0.1.2|19192|crew_log_84b0445f08cee34c|0|1786391138.808|102.827|3.213|495718400|528101376|gen_data_c1465426742014cd|__AUTOMETRIC__
__AUTOMETRIC__|0.1.2|19192|crew_log_84b0445f08cee34c|0|1786391139.819|97.375|3.043|495767552|528150528|gen_data_c1465426742014cd|__AUTOMETRIC__
__AUTOMETRIC__|0.1.2|19192|crew_log_84b0445f08cee34c|0|1786391140.834|98.517|3.079|495788032|528171008|gen_data_c1465426742014cd|__AUTOMETRIC__
__AUTOMETRIC__|0.1.2|19192|crew_log_84b0445f08cee34c|0|1786391141.835|99.913|3.122|495652864|528031744|gen_data_c1465426742014cd|__AUTOMETRIC__
__AUTOMETRIC__|0.1.2|19192|crew_log_84b0445f08cee34c|0|1786391142.843|100.682|3.146|495636480|528023552|gen_data_c1465426742014cd|__AUTOMETRIC__
__AUTOMETRIC__|0.1.2|19192|crew_log_84b0445f08cee34c|0|1786391143.855|97.346|3.042|495599616|527978496|gen_data_c1465426742014cd|__AUTOMETRIC__
__AUTOMETRIC__|0.1.2|19192|crew_log_84b0445f08cee34c|0|1786391144.859|98.052|3.064|495779840|528158720|gen_data_c1465426742014cd|__AUTOMETRIC__
__AUTOMETRIC__|0.1.2|19192|crew_log_84b0445f08cee34c|0|1786391145.872|98.666|3.083|496041984|528420864|gen_data_c1465426742014cd|__AUTOMETRIC__
__AUTOMETRIC__|0.1.2|19192|crew_log_84b0445f08cee34c|0|1786391146.888|98.429|3.076|495722496|528101376|gen_data_c1465426742014cd|__AUTOMETRIC__
__AUTOMETRIC__|0.1.2|19192|crew_log_84b0445f08cee34c|0|1786391147.893|99.518|3.110|495796224|528175104|gen_data_c1465426742014cd|__AUTOMETRIC__
__AUTOMETRIC__|0.1.2|19192|crew_log_84b0445f08cee34c|0|1786391148.897|99.578|3.112|496230400|528609280|gen_data_c1465426742014cd|__AUTOMETRIC__
__AUTOMETRIC__|0.1.2|19192|crew_log_84b0445f08cee34c|0|1786391149.904|99.340|3.104|495628288|528011264|gen_data_c1465426742014cd|__AUTOMETRIC__
__AUTOMETRIC__|0.1.2|19192|crew_log_84b0445f08cee34c|0|1786391150.906|98.175|3.068|495493120|527876096|gen_data_c1465426742014cd|__AUTOMETRIC__
__AUTOMETRIC__|0.1.2|19192|crew_log_84b0445f08cee34c|0|1786391151.921|100.132|3.129|495501312|527880192|gen_data_c1465426742014cd|__AUTOMETRIC__
__AUTOMETRIC__|0.1.2|19192|crew_log_84b0445f08cee34c|0|1786391152.926|99.487|3.109|495718400|528101376|gen_data_c1465426742014cd|__AUTOMETRIC__
__AUTOMETRIC__|0.1.2|19192|crew_log_84b0445f08cee34c|0|1786391153.942|99.972|3.124|495542272|527925248|gen_data_c1465426742014cd|__AUTOMETRIC__
__AUTOMETRIC__|0.1.2|19192|crew_log_84b0445f08cee34c|0|1786391154.944|99.750|3.117|496238592|528617472|gen_data_c1465426742014cd|__AUTOMETRIC__
__AUTOMETRIC__|0.1.2|19192|crew_log_84b0445f08cee34c|0|1786391155.956|98.862|3.089|496025600|528404480|gen_data_c1465426742014cd|__AUTOMETRIC__
__AUTOMETRIC__|0.1.2|19192|crew_log_84b0445f08cee34c|0|1786391156.968|100.343|3.136|495861760|528240640|gen_data_c1465426742014cd|__AUTOMETRIC__
__AUTOMETRIC__|0.1.2|19192|crew_log_84b0445f08cee34c|0|1786391157.983|98.552|3.080|495988736|528367616|gen_data_c1465426742014cd|__AUTOMETRIC__
__AUTOMETRIC__|0.1.2|19192|crew_log_84b0445f08cee34c|0|1786391158.993|100.476|3.140|496021504|528412672|gen_data_c1465426742014cd|__AUTOMETRIC__
__AUTOMETRIC__|0.1.2|19192|crew_log_84b0445f08cee34c|0|1786391160.004|97.392|3.044|496177152|528564224|gen_data_c1465426742014cd|__AUTOMETRIC__
__AUTOMETRIC__|0.1.2|19192|crew_log_84b0445f08cee34c|0|1786391161.010|99.439|3.107|495747072|528134144|gen_data_c1465426742014cd|__AUTOMETRIC__
__AUTOMETRIC__|0.1.2|19192|crew_log_84b0445f08cee34c|0|1786391162.022|98.804|3.088|495468544|527847424|gen_data_c1465426742014cd|__AUTOMETRIC__
__AUTOMETRIC__|0.1.2|19192|crew_log_84b0445f08cee34c|0|1786391163.024|99.767|3.118|496345088|528748544|gen_data_c1465426742014cd|__AUTOMETRIC__
__AUTOMETRIC__|0.1.2|19192|crew_log_84b0445f08cee34c|0|1786391164.040|99.998|3.125|496340992|528703488|gen_data_c1465426742014cd|__AUTOMETRIC__
__AUTOMETRIC__|0.1.2|19192|crew_log_84b0445f08cee34c|0|1786391165.048|99.212|3.100|495800320|528179200|gen_data_c1465426742014cd|__AUTOMETRIC__
__AUTOMETRIC__|0.1.2|19192|crew_log_84b0445f08cee34c|0|1786391166.062|100.127|3.129|496324608|528703488|gen_data_c1465426742014cd|__AUTOMETRIC__
__AUTOMETRIC__|0.1.2|19192|crew_log_84b0445f08cee34c|0|1786391167.075|100.297|3.134|496287744|528646144|gen_data_c1465426742014cd|__AUTOMETRIC__
__AUTOMETRIC__|0.1.2|19192|crew_log_84b0445f08cee34c|0|1786391168.089|97.014|3.032|495861760|528240640|gen_data_c1465426742014cd|__AUTOMETRIC__
__AUTOMETRIC__|0.1.2|19192|crew_log_84b0445f08cee34c|0|1786391169.105|99.997|3.125|496218112|528596992|gen_data_c1465426742014cd|__AUTOMETRIC__
__AUTOMETRIC__|0.1.2|19192|crew_log_84b0445f08cee34c|0|1786391170.115|99.069|3.096|496517120|528896000|gen_data_c1465426742014cd|__AUTOMETRIC__
__AUTOMETRIC__|0.1.2|19192|crew_log_84b0445f08cee34c|0|1786391171.118|99.638|3.114|496332800|528711680|gen_data_c1465426742014cd|__AUTOMETRIC__
__AUTOMETRIC__|0.1.2|19192|crew_log_84b0445f08cee34c|0|1786391172.124|96.287|3.009|496566272|528945152|gen_data_c1465426742014cd|__AUTOMETRIC__
__AUTOMETRIC__|0.1.2|19192|crew_log_84b0445f08cee34c|0|1786391173.134|99.038|3.095|496308224|528687104|gen_data_c1465426742014cd|__AUTOMETRIC__
__AUTOMETRIC__|0.1.2|19192|crew_log_84b0445f08cee34c|0|1786391174.146|101.851|3.183|496504832|528883712|gen_data_c1465426742014cd|__AUTOMETRIC__
__AUTOMETRIC__|0.1.2|19192|crew_log_84b0445f08cee34c|0|1786391175.159|100.270|3.133|496025600|528404480|gen_data_c1465426742014cd|__AUTOMETRIC__
__AUTOMETRIC__|0.1.2|19192|crew_log_84b0445f08cee34c|0|1786391176.160|99.889|3.122|496394240|528773120|gen_data_c1465426742014cd|__AUTOMETRIC__
__AUTOMETRIC__|0.1.2|19192|crew_log_84b0445f08cee34c|0|1786391177.163|99.701|3.116|496308224|528666624|gen_data_c1465426742014cd|__AUTOMETRIC__
__AUTOMETRIC__|0.1.2|19192|crew_log_84b0445f08cee34c|0|1786391178.172|102.305|3.197|496775168|529154048|gen_data_c1465426742014cd|__AUTOMETRIC__
__AUTOMETRIC__|0.1.2|19192|crew_log_84b0445f08cee34c|0|1786391179.177|99.466|3.108|496594944|528982016|gen_data_c1465426742014cd|__AUTOMETRIC__
__AUTOMETRIC__|0.1.2|19192|crew_log_84b0445f08cee34c|0|1786391180.192|100.092|3.128|496496640|528883712|gen_data_c1465426742014cd|__AUTOMETRIC__
__AUTOMETRIC__|0.1.2|19192|crew_log_84b0445f08cee34c|0|1786391181.200|100.666|3.146|495702016|528089088|gen_data_c1465426742014cd|__AUTOMETRIC__
__AUTOMETRIC__|0.1.2|19192|crew_log_84b0445f08cee34c|0|1786391182.215|98.591|3.081|495947776|528359424|gen_data_c1465426742014cd|__AUTOMETRIC__
__AUTOMETRIC__|0.1.2|19192|crew_log_84b0445f08cee34c|0|1786391183.226|97.370|3.043|495820800|528207872|gen_data_c1465426742014cd|__AUTOMETRIC__
__AUTOMETRIC__|0.1.2|19192|crew_log_84b0445f08cee34c|0|1786391184.237|100.413|3.138|496205824|528642048|gen_data_c1465426742014cd|__AUTOMETRIC__
__AUTOMETRIC__|0.1.2|19192|crew_log_84b0445f08cee34c|0|1786391185.252|100.083|3.128|496078848|528470016|gen_data_c1465426742014cd|__AUTOMETRIC__
__AUTOMETRIC__|0.1.2|19192|crew_log_84b0445f08cee34c|0|1786391186.268|98.426|3.076|496128000|528510976|gen_data_c1465426742014cd|__AUTOMETRIC__
__AUTOMETRIC__|0.1.2|19192|crew_log_84b0445f08cee34c|0|1786391187.283|98.511|3.078|496533504|528912384|gen_data_c1465426742014cd|__AUTOMETRIC__
__AUTOMETRIC__|0.1.2|19192|crew_log_84b0445f08cee34c|0|1786391188.286|29.595|0.925|496349184|528449536|__DEFAULT__|__AUTOMETRIC__
__AUTOMETRIC__|0.1.2|19192|crew_log_84b0445f08cee34c|0|1786391189.302|1.538|0.048|496357376|528457728|__DEFAULT__|__AUTOMETRIC__
__AUTOMETRIC__|0.1.2|19192|crew_log_84b0445f08cee34c|0|1786391190.319|0.000|0.000|496164864|528265216|__DEFAULT__|__AUTOMETRIC__
__AUTOMETRIC__|0.1.2|19192|crew_log_84b0445f08cee34c|0|1786391191.323|0.000|0.000|496173056|528273408|__DEFAULT__|__AUTOMETRIC__
__AUTOMETRIC__|0.1.2|19192|crew_log_84b0445f08cee34c|0|1786391192.338|0.000|0.000|496164864|528265216|__DEFAULT__|__AUTOMETRIC__
__AUTOMETRIC__|0.1.2|19192|crew_log_84b0445f08cee34c|0|1786391193.340|0.000|0.000|496164864|528273408|__DEFAULT__|__AUTOMETRIC__
__AUTOMETRIC__|0.1.2|19192|crew_log_84b0445f08cee34c|0|1786391194.353|0.000|0.000|496173056|528273408|__DEFAULT__|__AUTOMETRIC__
__AUTOMETRIC__|0.1.2|19192|crew_log_84b0445f08cee34c|0|1786391195.355|0.000|0.000|496164864|528265216|__DEFAULT__|__AUTOMETRIC__
__AUTOMETRIC__|0.1.2|19192|crew_log_84b0445f08cee34c|0|1786391196.371|0.000|0.000|496164864|528265216|__DEFAULT__|__AUTOMETRIC__
__AUTOMETRIC__|0.1.2|19192|crew_log_84b0445f08cee34c|0|1786391197.377|0.000|0.000|496164864|528265216|__DEFAULT__|__AUTOMETRIC__
__AUTOMETRIC__|0.1.2|19192|crew_log_84b0445f08cee34c|0|1786391198.387|0.000|0.000|496164864|528265216|__DEFAULT__|__AUTOMETRIC__
__AUTOMETRIC__|0.1.2|19192|crew_log_84b0445f08cee34c|0|1786391199.392|0.000|0.000|496173056|528273408|__DEFAULT__|__AUTOMETRIC__
__AUTOMETRIC__|0.1.2|19192|crew_log_84b0445f08cee34c|0|1786391200.396|76.215|2.382|615440384|647880704|compiled_brms_models_930bf0a36768636e|__AUTOMETRIC__
__AUTOMETRIC__|0.1.2|19192|crew_log_84b0445f08cee34c|0|1786391201.402|100.977|3.156|677502976|710107136|compiled_brms_models_930bf0a36768636e|__AUTOMETRIC__
__AUTOMETRIC__|0.1.2|19192|crew_log_84b0445f08cee34c|0|1786391202.413|98.900|3.091|673943552|706547712|compiled_brms_models_930bf0a36768636e|__AUTOMETRIC__
__AUTOMETRIC__|0.1.2|19192|crew_log_84b0445f08cee34c|0|1786391203.417|99.572|3.112|793563136|826470400|compiled_brms_models_930bf0a36768636e|__AUTOMETRIC__
__AUTOMETRIC__|0.1.2|19192|crew_log_84b0445f08cee34c|0|1786391204.422|99.541|3.111|838098944|871251968|compiled_brms_models_930bf0a36768636e|__AUTOMETRIC__
__AUTOMETRIC__|0.1.2|19192|crew_log_84b0445f08cee34c|0|1786391205.432|100.562|3.143|949407744|982716416|compiled_brms_models_930bf0a36768636e|__AUTOMETRIC__
__AUTOMETRIC__|0.1.2|19192|crew_log_84b0445f08cee34c|0|1786391206.441|97.522|3.048|1099776000|1133510656|compiled_brms_models_930bf0a36768636e|__AUTOMETRIC__
__AUTOMETRIC__|0.1.2|19192|crew_log_84b0445f08cee34c|0|1786391207.451|98.984|3.093|1266343936|1300598784|compiled_brms_models_930bf0a36768636e|__AUTOMETRIC__
__AUTOMETRIC__|0.1.2|19192|crew_log_84b0445f08cee34c|0|1786391208.456|97.988|3.062|1262891008|1297043456|compiled_brms_models_930bf0a36768636e|__AUTOMETRIC__
__AUTOMETRIC__|0.1.2|19192|crew_log_84b0445f08cee34c|0|1786391209.470|98.624|3.082|1262399488|1296318464|compiled_brms_models_930bf0a36768636e|__AUTOMETRIC__
__AUTOMETRIC__|0.1.2|19192|crew_log_84b0445f08cee34c|0|1786391210.480|114.523|3.579|1400705024|1423835136|compiled_brms_models_930bf0a36768636e|__AUTOMETRIC__
__AUTOMETRIC__|0.1.2|19192|crew_log_84b0445f08cee34c|0|1786391211.487|139.551|4.361|1499840512|1521819648|compiled_brms_models_930bf0a36768636e|__AUTOMETRIC__
__AUTOMETRIC__|0.1.2|19192|crew_log_84b0445f08cee34c|0|1786391212.501|100.161|3.130|1497702400|1519185920|compiled_brms_models_930bf0a36768636e|__AUTOMETRIC__
