__AUTOMETRIC__|0.1.2|25368|crew_log_041cadf652dfd9e3|0|1786390300.371|96.319|3.010|228339712|253382656|gen_data_55eb8ab1a21196f3|__AUTOMETRIC__
__AUTOMETRIC__|0.1.2|25368|crew_log_041cadf652dfd9e3|0|1786390301.387|29.219|0.913|230146048|255053824|gen_data_55eb8ab1a21196f3|__AUTOMETRIC__
__AUTOMETRIC__|0.1.2|25368|crew_log_041cadf652dfd9e3|0|1786390302.400|0.000|0.000|229736448|254644224|gen_data_55eb8ab1a21196f3|__AUTOMETRIC__
__AUTOMETRIC__|0.1.2|25368|crew_log_041cadf652dfd9e3|0|1786390303.414|0.000|0.000|229752832|254660608|gen_data_55eb8ab1a21196f3|__AUTOMETRIC__
__AUTOMETRIC__|0.1.2|25368|crew_log_041cadf652dfd9e3|0|1786390304.430|0.000|0.000|229769216|254676992|gen_data_55eb8ab1a21196f3|__AUTOMETRIC__
__AUTOMETRIC__|0.1.2|25368|crew_log_041cadf652dfd9e3|0|1786390305.436|0.000|0.000|229785600|254693376|gen_data_55eb8ab1a21196f3|__AUTOMETRIC__
__AUTOMETRIC__|0.1.2|25368|crew_log_041cadf652dfd9e3|0|1786390306.447|1.547|0.048|229793792|254701568|gen_data_55eb8ab1a21196f3|__AUTOMETRIC__
__AUTOMETRIC__|0.1.2|25368|crew_log_041cadf652dfd9e3|0|1786390307.461|0.000|0.000|229785600|254693376|gen_data_55eb8ab1a21196f3|__AUTOMETRIC__
__AUTOMETRIC__|0.1.2|25368|crew_log_041cadf652dfd9e3|0|1786390308.477|0.000|0.000|222707712|247603200|gen_data_55eb8ab1a21196f3|__AUTOMETRIC__
__AUTOMETRIC__|0.1.2|25368|crew_log_041cadf652dfd9e3|0|1786390309.491|0.000|0.000|222400512|247296000|gen_data_55eb8ab1a21196f3|__AUTOMETRIC__
__AUTOMETRIC__|0.1.2|25368|crew_log_041cadf652dfd9e3|0|1786390310.503|0.000|0.000|222400512|247296000|gen_data_55eb8ab1a21196f3|__AUTOMETRIC__
__AUTOMETRIC__|0.1.2|25368|crew_log_041cadf652dfd9e3|0|1786390311.516|77.072|2.409|272945152|297996288|gen_data_55eb8ab1a21196f3|__AUTOMETRIC__
__AUTOMETRIC__|0.1.2|25368|crew_log_041cadf652dfd9e3|0|1786390312.530|94.036|2.939|414142464|447193088|gen_data_55eb8ab1a21196f3|__AUTOMETRIC__
__AUTOMETRIC__|0.1.2|25368|crew_log_041cadf652dfd9e3|0|1786390313.535|97.918|3.060|404770816|436789248|gen_data_55eb8ab1a21196f3|__AUTOMETRIC__
__AUTOMETRIC__|0.1.2|25368|crew_log_041cadf652dfd9e3|0|1786390314.549|100.172|3.130|404729856|436744192|gen_data_55eb8ab1a21196f3|__AUTOMETRIC__
__AUTOMETRIC__|0.1.2|25368|crew_log_041cadf652dfd9e3|0|1786390315.565|99.962|3.124|404967424|437092352|gen_data_55eb8ab1a21196f3|__AUTOMETRIC__
__AUTOMETRIC__|0.1.2|25368|crew_log_041cadf652dfd9e3|0|1786390316.577|95.675|2.990|404504576|436629504|gen_data_55eb8ab1a21196f3|__AUTOMETRIC__
__AUTOMETRIC__|0.1.2|25368|crew_log_041cadf652dfd9e3|0|1786390317.579|102.983|3.218|404500480|436625408|gen_data_55eb8ab1a21196f3|__AUTOMETRIC__
__AUTOMETRIC__|0.1.2|25368|crew_log_041cadf652dfd9e3|0|1786390318.581|99.836|3.120|404361216|436486144|gen_data_55eb8ab1a21196f3|__AUTOMETRIC__
__AUTOMETRIC__|0.1.2|25368|crew_log_041cadf652dfd9e3|0|1786390319.595|98.598|3.081|404078592|436203520|gen_data_55eb8ab1a21196f3|__AUTOMETRIC__
__AUTOMETRIC__|0.1.2|25368|crew_log_041cadf652dfd9e3|0|1786390320.609|98.589|3.081|404283392|436408320|gen_data_55eb8ab1a21196f3|__AUTOMETRIC__
__AUTOMETRIC__|0.1.2|25368|crew_log_041cadf652dfd9e3|0|1786390321.612|101.227|3.163|403992576|436158464|gen_data_55eb8ab1a21196f3|__AUTOMETRIC__
__AUTOMETRIC__|0.1.2|25368|crew_log_041cadf652dfd9e3|0|1786390322.627|100.111|3.128|404004864|436129792|gen_data_55eb8ab1a21196f3|__AUTOMETRIC__
__AUTOMETRIC__|0.1.2|25368|crew_log_041cadf652dfd9e3|0|1786390323.635|97.621|3.051|404013056|436137984|gen_data_55eb8ab1a21196f3|__AUTOMETRIC__
__AUTOMETRIC__|0.1.2|25368|crew_log_041cadf652dfd9e3|0|1786390324.650|98.575|3.080|403984384|436146176|gen_data_55eb8ab1a21196f3|__AUTOMETRIC__
__AUTOMETRIC__|0.1.2|25368|crew_log_041cadf652dfd9e3|0|1786390325.661|100.460|3.139|404172800|436334592|gen_data_55eb8ab1a21196f3|__AUTOMETRIC__
__AUTOMETRIC__|0.1.2|25368|crew_log_041cadf652dfd9e3|0|1786390326.676|100.055|3.127|403824640|435986432|gen_data_55eb8ab1a21196f3|__AUTOMETRIC__
__AUTOMETRIC__|0.1.2|25368|crew_log_041cadf652dfd9e3|0|1786390327.685|99.109|3.097|403951616|436142080|gen_data_55eb8ab1a21196f3|__AUTOMETRIC__
__AUTOMETRIC__|0.1.2|25368|crew_log_041cadf652dfd9e3|0|1786390328.688|99.703|3.116|404148224|436330496|gen_data_55eb8ab1a21196f3|__AUTOMETRIC__
__AUTOMETRIC__|0.1.2|25368|crew_log_041cadf652dfd9e3|0|1786390329.704|99.897|3.122|404168704|436203520|gen_data_55eb8ab1a21196f3|__AUTOMETRIC__
__AUTOMETRIC__|0.1.2|25368|crew_log_041cadf652dfd9e3|0|1786390330.720|101.501|3.172|403771392|435806208|gen_data_55eb8ab1a21196f3|__AUTOMETRIC__
__AUTOMETRIC__|0.1.2|25368|crew_log_041cadf652dfd9e3|0|1786390331.720|101.556|3.174|403877888|435916800|gen_data_55eb8ab1a21196f3|__AUTOMETRIC__
__AUTOMETRIC__|0.1.2|25368|crew_log_041cadf652dfd9e3|0|1786390332.723|99.773|3.118|403779584|435814400|gen_data_55eb8ab1a21196f3|__AUTOMETRIC__
__AUTOMETRIC__|0.1.2|25368|crew_log_041cadf652dfd9e3|0|1786390333.737|95.521|2.985|403984384|436064256|gen_data_55eb8ab1a21196f3|__AUTOMETRIC__
__AUTOMETRIC__|0.1.2|25368|crew_log_041cadf652dfd9e3|0|1786390334.741|99.625|3.113|403906560|435961856|gen_data_55eb8ab1a21196f3|__AUTOMETRIC__
__AUTOMETRIC__|0.1.2|25368|crew_log_041cadf652dfd9e3|0|1786390335.756|100.028|3.126|403963904|436019200|gen_data_55eb8ab1a21196f3|__AUTOMETRIC__
__AUTOMETRIC__|0.1.2|25368|crew_log_041cadf652dfd9e3|0|1786390336.759|98.162|3.068|404152320|436207616|gen_data_55eb8ab1a21196f3|__AUTOMETRIC__
__AUTOMETRIC__|0.1.2|25368|crew_log_041cadf652dfd9e3|0|1786390337.762|99.655|3.114|403832832|435888128|gen_data_55eb8ab1a21196f3|__AUTOMETRIC__
__AUTOMETRIC__|0.1.2|25368|crew_log_041cadf652dfd9e3|0|1786390338.764|99.850|3.120|404013056|436068352|gen_data_55eb8ab1a21196f3|__AUTOMETRIC__
__AUTOMETRIC__|0.1.2|25368|crew_log_041cadf652dfd9e3|0|1786390339.778|101.633|3.176|404086784|436129792|gen_data_55eb8ab1a21196f3|__AUTOMETRIC__
__AUTOMETRIC__|0.1.2|25368|crew_log_041cadf652dfd9e3|0|1786390340.792|98.697|3.084|404361216|436396032|gen_data_55eb8ab1a21196f3|__AUTOMETRIC__
__AUTOMETRIC__|0.1.2|25368|crew_log_041cadf652dfd9e3|0|1786390341.803|98.893|3.090|404410368|436445184|gen_data_55eb8ab1a21196f3|__AUTOMETRIC__
__AUTOMETRIC__|0.1.2|25368|crew_log_041cadf652dfd9e3|0|1786390342.813|97.470|3.046|404287488|436322304|gen_data_55eb8ab1a21196f3|__AUTOMETRIC__
__AUTOMETRIC__|0.1.2|25368|crew_log_041cadf652dfd9e3|0|1786390343.822|99.078|3.096|403931136|435965952|gen_data_55eb8ab1a21196f3|__AUTOMETRIC__
__AUTOMETRIC__|0.1.2|25368|crew_log_041cadf652dfd9e3|0|1786390344.835|100.302|3.134|404090880|436178944|gen_data_55eb8ab1a21196f3|__AUTOMETRIC__
__AUTOMETRIC__|0.1.2|25368|crew_log_041cadf652dfd9e3|0|1786390345.849|97.065|3.033|404316160|436350976|gen_data_55eb8ab1a21196f3|__AUTOMETRIC__
__AUTOMETRIC__|0.1.2|25368|crew_log_041cadf652dfd9e3|0|1786390346.862|98.709|3.085|404451328|436486144|gen_data_55eb8ab1a21196f3|__AUTOMETRIC__
__AUTOMETRIC__|0.1.2|25368|crew_log_041cadf652dfd9e3|0|1786390347.874|97.226|3.038|404529152|436613120|gen_data_55eb8ab1a21196f3|__AUTOMETRIC__
__AUTOMETRIC__|0.1.2|25368|crew_log_041cadf652dfd9e3|0|1786390348.890|98.426|3.076|404185088|436269056|gen_data_55eb8ab1a21196f3|__AUTOMETRIC__
__AUTOMETRIC__|0.1.2|25368|crew_log_041cadf652dfd9e3|0|1786390349.906|101.558|3.174|404324352|436408320|gen_data_55eb8ab1a21196f3|__AUTOMETRIC__
__AUTOMETRIC__|0.1.2|25368|crew_log_041cadf652dfd9e3|0|1786390350.920|98.638|3.082|404275200|436338688|gen_data_55eb8ab1a21196f3|__AUTOMETRIC__
__AUTOMETRIC__|0.1.2|25368|crew_log_041cadf652dfd9e3|0|1786390351.935|98.454|3.077|404439040|436539392|gen_data_55eb8ab1a21196f3|__AUTOMETRIC__
__AUTOMETRIC__|0.1.2|25368|crew_log_041cadf652dfd9e3|0|1786390352.951|100.020|3.126|404475904|436531200|gen_data_55eb8ab1a21196f3|__AUTOMETRIC__
__AUTOMETRIC__|0.1.2|25368|crew_log_041cadf652dfd9e3|0|1786390353.958|99.228|3.101|404336640|436584448|gen_data_55eb8ab1a21196f3|__AUTOMETRIC__
__AUTOMETRIC__|0.1.2|25368|crew_log_041cadf652dfd9e3|0|1786390354.975|99.954|3.124|404332544|436412416|gen_data_55eb8ab1a21196f3|__AUTOMETRIC__
__AUTOMETRIC__|0.1.2|25368|crew_log_041cadf652dfd9e3|0|1786390355.978|99.610|3.113|403931136|435970048|gen_data_55eb8ab1a21196f3|__AUTOMETRIC__
__AUTOMETRIC__|0.1.2|25368|crew_log_041cadf652dfd9e3|0|1786390356.988|100.637|3.145|404066304|436105216|gen_data_55eb8ab1a21196f3|__AUTOMETRIC__
__AUTOMETRIC__|0.1.2|25368|crew_log_041cadf652dfd9e3|0|1786390357.993|99.467|3.108|404054016|436076544|gen_data_55eb8ab1a21196f3|__AUTOMETRIC__
__AUTOMETRIC__|0.1.2|25368|crew_log_041cadf652dfd9e3|0|1786390359.007|100.116|3.129|404111360|436125696|gen_data_55eb8ab1a21196f3|__AUTOMETRIC__
__AUTOMETRIC__|0.1.2|25368|crew_log_041cadf652dfd9e3|0|1786390360.010|98.142|3.067|404119552|436133888|gen_data_55eb8ab1a21196f3|__AUTOMETRIC__
__AUTOMETRIC__|0.1.2|25368|crew_log_041cadf652dfd9e3|0|1786390361.025|98.524|3.079|404230144|436346880|gen_data_55eb8ab1a21196f3|__AUTOMETRIC__
__AUTOMETRIC__|0.1.2|25368|crew_log_041cadf652dfd9e3|0|1786390362.029|99.664|3.115|404320256|436371456|gen_data_55eb8ab1a21196f3|__AUTOMETRIC__
__AUTOMETRIC__|0.1.2|25368|crew_log_041cadf652dfd9e3|0|1786390363.045|99.973|3.124|404144128|436301824|gen_data_55eb8ab1a21196f3|__AUTOMETRIC__
__AUTOMETRIC__|0.1.2|25368|crew_log_041cadf652dfd9e3|0|1786390364.052|102.428|3.201|404226048|436490240|gen_data_55eb8ab1a21196f3|__AUTOMETRIC__
__AUTOMETRIC__|0.1.2|25368|crew_log_041cadf652dfd9e3|0|1786390365.054|99.728|3.117|404250624|436277248|gen_data_55eb8ab1a21196f3|__AUTOMETRIC__
__AUTOMETRIC__|0.1.2|25368|crew_log_041cadf652dfd9e3|0|1786390366.070|98.438|3.076|404320256|436346880|gen_data_55eb8ab1a21196f3|__AUTOMETRIC__
__AUTOMETRIC__|0.1.2|25368|crew_log_041cadf652dfd9e3|0|1786390367.079|100.672|3.146|404324352|436535296|gen_data_55eb8ab1a21196f3|__AUTOMETRIC__
__AUTOMETRIC__|0.1.2|25368|crew_log_041cadf652dfd9e3|0|1786390368.089|98.962|3.093|404258816|436285440|gen_data_55eb8ab1a21196f3|__AUTOMETRIC__
__AUTOMETRIC__|0.1.2|25368|crew_log_041cadf652dfd9e3|0|1786390369.091|98.318|3.072|404234240|436236288|gen_data_55eb8ab1a21196f3|__AUTOMETRIC__
__AUTOMETRIC__|0.1.2|25368|crew_log_041cadf652dfd9e3|0|1786390370.107|99.941|3.123|404234240|436363264|gen_data_55eb8ab1a21196f3|__AUTOMETRIC__
__AUTOMETRIC__|0.1.2|25368|crew_log_041cadf652dfd9e3|0|1786390371.123|99.997|3.125|404254720|436277248|gen_data_55eb8ab1a21196f3|__AUTOMETRIC__
__AUTOMETRIC__|0.1.2|25368|crew_log_041cadf652dfd9e3|0|1786390372.129|97.855|3.058|404115456|436117504|gen_data_55eb8ab1a21196f3|__AUTOMETRIC__
__AUTOMETRIC__|0.1.2|25368|crew_log_041cadf652dfd9e3|0|1786390373.134|96.347|3.011|404283392|436318208|gen_data_55eb8ab1a21196f3|__AUTOMETRIC__
__AUTOMETRIC__|0.1.2|25368|crew_log_041cadf652dfd9e3|0|1786390374.149|100.032|3.126|404312064|436346880|gen_data_55eb8ab1a21196f3|__AUTOMETRIC__
__AUTOMETRIC__|0.1.2|25368|crew_log_041cadf652dfd9e3|0|1786390375.153|98.029|3.063|404426752|436461568|gen_data_55eb8ab1a21196f3|__AUTOMETRIC__
__AUTOMETRIC__|0.1.2|25368|crew_log_041cadf652dfd9e3|0|1786390376.160|100.946|3.155|404365312|436400128|gen_data_55eb8ab1a21196f3|__AUTOMETRIC__
__AUTOMETRIC__|0.1.2|25368|crew_log_041cadf652dfd9e3|0|1786390377.166|99.399|3.106|404107264|436137984|gen_data_55eb8ab1a21196f3|__AUTOMETRIC__
__AUTOMETRIC__|0.1.2|25368|crew_log_041cadf652dfd9e3|0|1786390378.173|99.287|3.103|404148224|436174848|gen_data_55eb8ab1a21196f3|__AUTOMETRIC__
__AUTOMETRIC__|0.1.2|25368|crew_log_041cadf652dfd9e3|0|1786390379.175|99.791|3.118|404201472|436244480|gen_data_55eb8ab1a21196f3|__AUTOMETRIC__
__AUTOMETRIC__|0.1.2|25368|crew_log_041cadf652dfd9e3|0|1786390380.185|99.043|3.095|404152320|436195328|gen_data_55eb8ab1a21196f3|__AUTOMETRIC__
__AUTOMETRIC__|0.1.2|25368|crew_log_041cadf652dfd9e3|0|1786390381.188|98.085|3.065|404037632|436088832|gen_data_55eb8ab1a21196f3|__AUTOMETRIC__
__AUTOMETRIC__|0.1.2|25368|crew_log_041cadf652dfd9e3|0|1786390382.201|97.201|3.038|404099072|436142080|gen_data_55eb8ab1a21196f3|__AUTOMETRIC__
__AUTOMETRIC__|0.1.2|25368|crew_log_041cadf652dfd9e3|0|1786390383.202|98.289|3.072|404107264|436129792|gen_data_55eb8ab1a21196f3|__AUTOMETRIC__
__AUTOMETRIC__|0.1.2|25368|crew_log_041cadf652dfd9e3|0|1786390384.215|100.259|3.133|404127744|436146176|gen_data_55eb8ab1a21196f3|__AUTOMETRIC__
__AUTOMETRIC__|0.1.2|25368|crew_log_041cadf652dfd9e3|0|1786390385.224|99.145|3.098|404185088|436195328|gen_data_55eb8ab1a21196f3|__AUTOMETRIC__
__AUTOMETRIC__|0.1.2|25368|crew_log_041cadf652dfd9e3|0|1786390386.238|100.136|3.129|404099072|436146176|gen_data_55eb8ab1a21196f3|__AUTOMETRIC__
__AUTOMETRIC__|0.1.2|25368|crew_log_041cadf652dfd9e3|0|1786390387.248|100.554|3.142|404172800|436219904|gen_data_55eb8ab1a21196f3|__AUTOMETRIC__
__AUTOMETRIC__|0.1.2|25368|crew_log_041cadf652dfd9e3|0|1786390388.261|100.326|3.135|404172800|436219904|gen_data_55eb8ab1a21196f3|__AUTOMETRIC__
__AUTOMETRIC__|0.1.2|25368|crew_log_041cadf652dfd9e3|0|1786390389.273|100.325|3.135|404160512|436195328|gen_data_55eb8ab1a21196f3|__AUTOMETRIC__
__AUTOMETRIC__|0.1.2|25368|crew_log_041cadf652dfd9e3|0|1786390390.281|97.664|3.052|404230144|436252672|gen_data_55eb8ab1a21196f3|__AUTOMETRIC__
__AUTOMETRIC__|0.1.2|25368|crew_log_041cadf652dfd9e3|0|1786390391.282|101.441|3.170|404258816|436269056|gen_data_55eb8ab1a21196f3|__AUTOMETRIC__
__AUTOMETRIC__|0.1.2|25368|crew_log_041cadf652dfd9e3|0|1786390392.297|98.498|3.078|404176896|436203520|gen_data_55eb8ab1a21196f3|__AUTOMETRIC__
__AUTOMETRIC__|0.1.2|25368|crew_log_041cadf652dfd9e3|0|1786390393.300|98.129|3.067|404307968|436310016|gen_data_55eb8ab1a21196f3|__AUTOMETRIC__
__AUTOMETRIC__|0.1.2|25368|crew_log_041cadf652dfd9e3|0|1786390394.308|99.224|3.101|404393984|436396032|gen_data_55eb8ab1a21196f3|__AUTOMETRIC__
__AUTOMETRIC__|0.1.2|25368|crew_log_041cadf652dfd9e3|0|1786390395.312|99.670|3.115|404242432|436244480|gen_data_55eb8ab1a21196f3|__AUTOMETRIC__
__AUTOMETRIC__|0.1.2|25368|crew_log_041cadf652dfd9e3|0|1786390396.315|99.635|3.114|404283392|436285440|gen_data_55eb8ab1a21196f3|__AUTOMETRIC__
__AUTOMETRIC__|0.1.2|25368|crew_log_041cadf652dfd9e3|0|1786390397.331|99.989|3.125|404410368|436412416|gen_data_55eb8ab1a21196f3|__AUTOMETRIC__
__AUTOMETRIC__|0.1.2|25368|crew_log_041cadf652dfd9e3|0|1786390398.344|100.268|3.133|404512768|436514816|gen_data_55eb8ab1a21196f3|__AUTOMETRIC__
__AUTOMETRIC__|0.1.2|25368|crew_log_041cadf652dfd9e3|0|1786390399.360|98.381|3.074|404553728|436555776|gen_data_55eb8ab1a21196f3|__AUTOMETRIC__
__AUTOMETRIC__|0.1.2|25368|crew_log_041cadf652dfd9e3|0|1786390400.370|95.955|2.999|404332544|436334592|gen_data_55eb8ab1a21196f3|__AUTOMETRIC__
__AUTOMETRIC__|0.1.2|25368|crew_log_041cadf652dfd9e3|0|1786390401.384|100.201|3.131|404447232|436449280|gen_data_55eb8ab1a21196f3|__AUTOMETRIC__
__AUTOMETRIC__|0.1.2|25368|crew_log_041cadf652dfd9e3|0|1786390402.385|99.827|3.120|404369408|436371456|gen_data_55eb8ab1a21196f3|__AUTOMETRIC__
__AUTOMETRIC__|0.1.2|25368|crew_log_041cadf652dfd9e3|0|1786390403.401|100.037|3.126|404541440|436543488|gen_data_55eb8ab1a21196f3|__AUTOMETRIC__
__AUTOMETRIC__|0.1.2|25368|crew_log_041cadf652dfd9e3|0|1786390404.403|99.773|3.118|404471808|436473856|gen_data_55eb8ab1a21196f3|__AUTOMETRIC__
__AUTOMETRIC__|0.1.2|25368|crew_log_041cadf652dfd9e3|0|1786390405.415|100.327|3.135|404365312|436367360|gen_data_55eb8ab1a21196f3|__AUTOMETRIC__
__AUTOMETRIC__|0.1.2|25368|crew_log_041cadf652dfd9e3|0|1786390406.425|100.590|3.143|404410368|436412416|gen_data_55eb8ab1a21196f3|__AUTOMETRIC__
__AUTOMETRIC__|0.1.2|25368|crew_log_041cadf652dfd9e3|0|1786390407.426|96.727|3.023|404279296|436301824|gen_data_55eb8ab1a21196f3|__AUTOMETRIC__
__AUTOMETRIC__|0.1.2|25368|crew_log_041cadf652dfd9e3|0|1786390408.437|100.443|3.139|404463616|436527104|gen_data_55eb8ab1a21196f3|__AUTOMETRIC__
__AUTOMETRIC__|0.1.2|25368|crew_log_041cadf652dfd9e3|0|1786390409.454|99.930|3.123|404307968|436330496|gen_data_55eb8ab1a21196f3|__AUTOMETRIC__
__AUTOMETRIC__|0.1.2|25368|crew_log_041cadf652dfd9e3|0|1786390410.467|98.686|3.084|404389888|436412416|gen_data_55eb8ab1a21196f3|__AUTOMETRIC__
__AUTOMETRIC__|0.1.2|25368|crew_log_041cadf652dfd9e3|0|1786390411.478|98.882|3.090|404348928|436371456|gen_data_55eb8ab1a21196f3|__AUTOMETRIC__
__AUTOMETRIC__|0.1.2|25368|crew_log_041cadf652dfd9e3|0|1786390412.481|98.172|3.068|404221952|436244480|gen_data_55eb8ab1a21196f3|__AUTOMETRIC__
__AUTOMETRIC__|0.1.2|25368|crew_log_041cadf652dfd9e3|0|1786390413.484|96.598|3.019|404205568|436228096|gen_data_55eb8ab1a21196f3|__AUTOMETRIC__
__AUTOMETRIC__|0.1.2|25368|crew_log_041cadf652dfd9e3|0|1786390414.498|100.179|3.131|404123648|436146176|gen_data_55eb8ab1a21196f3|__AUTOMETRIC__
__AUTOMETRIC__|0.1.2|25368|crew_log_041cadf652dfd9e3|0|1786390415.513|100.052|3.127|404299776|436318208|gen_data_55eb8ab1a21196f3|__AUTOMETRIC__
__AUTOMETRIC__|0.1.2|25368|crew_log_041cadf652dfd9e3|0|1786390416.514|99.844|3.120|404406272|436420608|gen_data_55eb8ab1a21196f3|__AUTOMETRIC__
__AUTOMETRIC__|0.1.2|25368|crew_log_041cadf652dfd9e3|0|1786390417.519|101.083|3.159|404226048|436236288|gen_data_55eb8ab1a21196f3|__AUTOMETRIC__
__AUTOMETRIC__|0.1.2|25368|crew_log_041cadf652dfd9e3|0|1786390418.524|99.478|3.109|404250624|436273152|gen_data_55eb8ab1a21196f3|__AUTOMETRIC__
__AUTOMETRIC__|0.1.2|25368|crew_log_041cadf652dfd9e3|0|1786390419.529|98.001|3.063|404275200|436277248|gen_data_55eb8ab1a21196f3|__AUTOMETRIC__
__AUTOMETRIC__|0.1.2|25368|crew_log_041cadf652dfd9e3|0|1786390420.530|101.419|3.169|404570112|436572160|gen_data_55eb8ab1a21196f3|__AUTOMETRIC__
__AUTOMETRIC__|0.1.2|25368|crew_log_041cadf652dfd9e3|0|1786390421.543|98.741|3.086|404455424|436457472|gen_data_55eb8ab1a21196f3|__AUTOMETRIC__
__AUTOMETRIC__|0.1.2|25368|crew_log_041cadf652dfd9e3|0|1786390422.560|96.791|3.025|404418560|436420608|gen_data_55eb8ab1a21196f3|__AUTOMETRIC__
__AUTOMETRIC__|0.1.2|25368|crew_log_041cadf652dfd9e3|0|1786390423.562|101.403|3.169|404500480|436510720|gen_data_55eb8ab1a21196f3|__AUTOMETRIC__
__AUTOMETRIC__|0.1.2|25368|crew_log_041cadf652dfd9e3|0|1786390424.576|100.107|3.128|404344832|436486144|gen_data_55eb8ab1a21196f3|__AUTOMETRIC__
__AUTOMETRIC__|0.1.2|25368|crew_log_041cadf652dfd9e3|0|1786390425.588|101.872|3.183|404402176|436404224|gen_data_55eb8ab1a21196f3|__AUTOMETRIC__
__AUTOMETRIC__|0.1.2|25368|crew_log_041cadf652dfd9e3|0|1786390426.605|101.438|3.170|404606976|436609024|gen_data_55eb8ab1a21196f3|__AUTOMETRIC__
__AUTOMETRIC__|0.1.2|25368|crew_log_041cadf652dfd9e3|0|1786390427.607|99.769|3.118|404459520|436469760|gen_data_55eb8ab1a21196f3|__AUTOMETRIC__
__AUTOMETRIC__|0.1.2|25368|crew_log_041cadf652dfd9e3|0|1786390428.614|100.922|3.154|404262912|436273152|gen_data_55eb8ab1a21196f3|__AUTOMETRIC__
__AUTOMETRIC__|0.1.2|25368|crew_log_041cadf652dfd9e3|0|1786390429.618|99.572|3.112|404361216|436424704|gen_data_55eb8ab1a21196f3|__AUTOMETRIC__
__AUTOMETRIC__|0.1.2|25368|crew_log_041cadf652dfd9e3|0|1786390430.623|99.515|3.110|404377600|436379648|gen_data_55eb8ab1a21196f3|__AUTOMETRIC__
__AUTOMETRIC__|0.1.2|25368|crew_log_041cadf652dfd9e3|0|1786390431.627|104.215|3.257|404140032|436092928|gen_data_55eb8ab1a21196f3|__AUTOMETRIC__
__AUTOMETRIC__|0.1.2|25368|crew_log_041cadf652dfd9e3|0|1786390432.634|99.335|3.104|404250624|436211712|gen_data_55eb8ab1a21196f3|__AUTOMETRIC__
__AUTOMETRIC__|0.1.2|25368|crew_log_041cadf652dfd9e3|0|1786390433.640|99.422|3.107|404316160|436273152|gen_data_55eb8ab1a21196f3|__AUTOMETRIC__
__AUTOMETRIC__|0.1.2|25368|crew_log_041cadf652dfd9e3|0|1786390434.655|100.082|3.128|404250624|436207616|gen_data_55eb8ab1a21196f3|__AUTOMETRIC__
__AUTOMETRIC__|0.1.2|25368|crew_log_041cadf652dfd9e3|0|1786390435.666|103.517|3.235|404353024|436310016|gen_data_55eb8ab1a21196f3|__AUTOMETRIC__
__AUTOMETRIC__|0.1.2|25368|crew_log_041cadf652dfd9e3|0|1786390436.680|98.634|3.082|404586496|436539392|gen_data_55eb8ab1a21196f3|__AUTOMETRIC__
__AUTOMETRIC__|0.1.2|25368|crew_log_041cadf652dfd9e3|0|1786390437.683|98.111|3.066|404365312|436305920|gen_data_55eb8ab1a21196f3|__AUTOMETRIC__
__AUTOMETRIC__|0.1.2|25368|crew_log_041cadf652dfd9e3|0|1786390438.688|101.056|3.158|404705280|436649984|gen_data_55eb8ab1a21196f3|__AUTOMETRIC__
__AUTOMETRIC__|0.1.2|25368|crew_log_041cadf652dfd9e3|0|1786390439.703|100.114|3.129|404377600|436318208|gen_data_55eb8ab1a21196f3|__AUTOMETRIC__
__AUTOMETRIC__|0.1.2|25368|crew_log_041cadf652dfd9e3|0|1786390440.714|98.839|3.089|404439040|436379648|gen_data_55eb8ab1a21196f3|__AUTOMETRIC__
__AUTOMETRIC__|0.1.2|25368|crew_log_041cadf652dfd9e3|0|1786390441.730|98.440|3.076|404361216|436301824|gen_data_55eb8ab1a21196f3|__AUTOMETRIC__
__AUTOMETRIC__|0.1.2|25368|crew_log_041cadf652dfd9e3|0|1786390442.745|100.071|3.127|404590592|436576256|gen_data_55eb8ab1a21196f3|__AUTOMETRIC__
__AUTOMETRIC__|0.1.2|25368|crew_log_041cadf652dfd9e3|0|1786390443.747|99.870|3.121|404549632|436490240|gen_data_55eb8ab1a21196f3|__AUTOMETRIC__
__AUTOMETRIC__|0.1.2|25368|crew_log_041cadf652dfd9e3|0|1786390444.749|98.201|3.069|404480000|436420608|gen_data_55eb8ab1a21196f3|__AUTOMETRIC__
__AUTOMETRIC__|0.1.2|25368|crew_log_041cadf652dfd9e3|0|1786390445.761|97.237|3.039|404463616|436408320|gen_data_55eb8ab1a21196f3|__AUTOMETRIC__
__AUTOMETRIC__|0.1.2|25368|crew_log_041cadf652dfd9e3|0|1786390446.777|99.966|3.124|404430848|436396032|gen_data_55eb8ab1a21196f3|__AUTOMETRIC__
__AUTOMETRIC__|0.1.2|25368|crew_log_041cadf652dfd9e3|0|1786390447.787|100.625|3.145|404516864|436457472|gen_data_55eb8ab1a21196f3|__AUTOMETRIC__
__AUTOMETRIC__|0.1.2|25368|crew_log_041cadf652dfd9e3|0|1786390448.800|100.179|3.131|404398080|436338688|gen_data_55eb8ab1a21196f3|__AUTOMETRIC__
__AUTOMETRIC__|0.1.2|25368|crew_log_041cadf652dfd9e3|0|1786390449.815|100.068|3.127|404570112|436510720|gen_data_55eb8ab1a21196f3|__AUTOMETRIC__
__AUTOMETRIC__|0.1.2|25368|crew_log_041cadf652dfd9e3|0|1786390450.827|97.342|3.042|404611072|436551680|gen_data_55eb8ab1a21196f3|__AUTOMETRIC__
__AUTOMETRIC__|0.1.2|25368|crew_log_041cadf652dfd9e3|0|1786390451.839|97.261|3.039|404594688|436535296|gen_data_55eb8ab1a21196f3|__AUTOMETRIC__
__AUTOMETRIC__|0.1.2|25368|crew_log_041cadf652dfd9e3|0|1786390452.852|100.209|3.132|404328448|436269056|gen_data_55eb8ab1a21196f3|__AUTOMETRIC__
__AUTOMETRIC__|0.1.2|25368|crew_log_041cadf652dfd9e3|0|1786390453.864|100.343|3.136|404570112|436510720|gen_data_55eb8ab1a21196f3|__AUTOMETRIC__
__AUTOMETRIC__|0.1.2|25368|crew_log_041cadf652dfd9e3|0|1786390454.882|99.818|3.119|404402176|436342784|gen_data_55eb8ab1a21196f3|__AUTOMETRIC__
__AUTOMETRIC__|0.1.2|25368|crew_log_041cadf652dfd9e3|0|1786390455.893|100.409|3.138|404570112|436510720|gen_data_55eb8ab1a21196f3|__AUTOMETRIC__
__AUTOMETRIC__|0.1.2|25368|crew_log_041cadf652dfd9e3|0|1786390456.897|99.632|3.113|404512768|436453376|gen_data_55eb8ab1a21196f3|__AUTOMETRIC__
__AUTOMETRIC__|0.1.2|25368|crew_log_041cadf652dfd9e3|0|1786390457.913|98.401|3.075|404332544|436273152|gen_data_55eb8ab1a21196f3|__AUTOMETRIC__
__AUTOMETRIC__|0.1.2|25368|crew_log_041cadf652dfd9e3|0|1786390458.928|98.586|3.081|404377600|436318208|gen_data_55eb8ab1a21196f3|__AUTOMETRIC__
__AUTOMETRIC__|0.1.2|25368|crew_log_041cadf652dfd9e3|0|1786390459.942|100.116|3.129|404398080|436355072|gen_data_55eb8ab1a21196f3|__AUTOMETRIC__
__AUTOMETRIC__|0.1.2|25368|crew_log_041cadf652dfd9e3|0|1786390460.948|99.410|3.107|404303872|436260864|gen_data_55eb8ab1a21196f3|__AUTOMETRIC__
__AUTOMETRIC__|0.1.2|25368|crew_log_041cadf652dfd9e3|0|1786390461.964|99.966|3.124|404426752|436367360|gen_data_55eb8ab1a21196f3|__AUTOMETRIC__
__AUTOMETRIC__|0.1.2|25368|crew_log_041cadf652dfd9e3|0|1786390462.977|98.710|3.085|404496384|436436992|gen_data_55eb8ab1a21196f3|__AUTOMETRIC__
__AUTOMETRIC__|0.1.2|25368|crew_log_041cadf652dfd9e3|0|1786390463.983|97.867|3.058|404373504|436314112|gen_data_55eb8ab1a21196f3|__AUTOMETRIC__
__AUTOMETRIC__|0.1.2|25368|crew_log_041cadf652dfd9e3|0|1786390464.991|100.726|3.148|404471808|436412416|gen_data_55eb8ab1a21196f3|__AUTOMETRIC__
__AUTOMETRIC__|0.1.2|25368|crew_log_041cadf652dfd9e3|0|1786390466.004|97.205|3.038|404398080|436338688|gen_data_55eb8ab1a21196f3|__AUTOMETRIC__
__AUTOMETRIC__|0.1.2|25368|crew_log_041cadf652dfd9e3|0|1786390467.017|100.287|3.134|404312064|436252672|gen_data_55eb8ab1a21196f3|__AUTOMETRIC__
__AUTOMETRIC__|0.1.2|25368|crew_log_041cadf652dfd9e3|0|1786390468.019|99.720|3.116|404471808|436436992|gen_data_55eb8ab1a21196f3|__AUTOMETRIC__
__AUTOMETRIC__|0.1.2|25368|crew_log_041cadf652dfd9e3|0|1786390469.021|99.858|3.121|404406272|436346880|gen_data_55eb8ab1a21196f3|__AUTOMETRIC__
__AUTOMETRIC__|0.1.2|25368|crew_log_041cadf652dfd9e3|0|1786390470.026|99.489|3.109|404434944|436375552|gen_data_55eb8ab1a21196f3|__AUTOMETRIC__
__AUTOMETRIC__|0.1.2|25368|crew_log_041cadf652dfd9e3|0|1786390471.037|100.481|3.140|404422656|436363264|gen_data_55eb8ab1a21196f3|__AUTOMETRIC__
__AUTOMETRIC__|0.1.2|25368|crew_log_041cadf652dfd9e3|0|1786390472.047|99.023|3.094|404320256|436260864|gen_data_55eb8ab1a21196f3|__AUTOMETRIC__
__AUTOMETRIC__|0.1.2|25368|crew_log_041cadf652dfd9e3|0|1786390473.061|101.630|3.176|404377600|436318208|gen_data_55eb8ab1a21196f3|__AUTOMETRIC__
__AUTOMETRIC__|0.1.2|25368|crew_log_041cadf652dfd9e3|0|1786390474.065|99.581|3.112|404541440|436482048|gen_data_55eb8ab1a21196f3|__AUTOMETRIC__
__AUTOMETRIC__|0.1.2|25368|crew_log_041cadf652dfd9e3|0|1786390475.070|94.913|2.966|404488192|436428800|gen_data_55eb8ab1a21196f3|__AUTOMETRIC__
__AUTOMETRIC__|0.1.2|25368|crew_log_041cadf652dfd9e3|0|1786390476.082|100.294|3.134|404496384|436445184|gen_data_55eb8ab1a21196f3|__AUTOMETRIC__
__AUTOMETRIC__|0.1.2|25368|crew_log_041cadf652dfd9e3|0|1786390477.097|100.047|3.126|404549632|436498432|gen_data_55eb8ab1a21196f3|__AUTOMETRIC__
__AUTOMETRIC__|0.1.2|25368|crew_log_041cadf652dfd9e3|0|1786390478.105|99.278|3.102|404631552|436621312|gen_data_55eb8ab1a21196f3|__AUTOMETRIC__
__AUTOMETRIC__|0.1.2|25368|crew_log_041cadf652dfd9e3|0|1786390479.112|99.255|3.102|404631552|436588544|gen_data_55eb8ab1a21196f3|__AUTOMETRIC__
__AUTOMETRIC__|0.1.2|25368|crew_log_041cadf652dfd9e3|0|1786390480.126|98.670|3.083|404844544|436875264|gen_data_55eb8ab1a21196f3|__AUTOMETRIC__
__AUTOMETRIC__|0.1.2|25368|crew_log_041cadf652dfd9e3|0|1786390481.141|100.044|3.126|404766720|436715520|gen_data_55eb8ab1a21196f3|__AUTOMETRIC__
__AUTOMETRIC__|0.1.2|25368|crew_log_041cadf652dfd9e3|0|1786390482.153|97.294|3.040|404639744|436580352|gen_data_55eb8ab1a21196f3|__AUTOMETRIC__
__AUTOMETRIC__|0.1.2|25368|crew_log_041cadf652dfd9e3|0|1786390483.168|101.519|3.172|404766720|436715520|gen_data_55eb8ab1a21196f3|__AUTOMETRIC__
__AUTOMETRIC__|0.1.2|25368|crew_log_041cadf652dfd9e3|0|1786390484.182|100.241|3.133|404529152|436469760|gen_data_55eb8ab1a21196f3|__AUTOMETRIC__
__AUTOMETRIC__|0.1.2|25368|crew_log_041cadf652dfd9e3|0|1786390485.186|99.530|3.110|404434944|436375552|gen_data_55eb8ab1a21196f3|__AUTOMETRIC__
__AUTOMETRIC__|0.1.2|25368|crew_log_041cadf652dfd9e3|0|1786390486.189|101.248|3.164|404647936|436588544|gen_data_55eb8ab1a21196f3|__AUTOMETRIC__
__AUTOMETRIC__|0.1.2|25368|crew_log_041cadf652dfd9e3|0|1786390487.200|98.930|3.092|404467712|436408320|gen_data_55eb8ab1a21196f3|__AUTOMETRIC__
__AUTOMETRIC__|0.1.2|25368|crew_log_041cadf652dfd9e3|0|1786390488.215|100.112|3.129|404598784|436539392|gen_data_55eb8ab1a21196f3|__AUTOMETRIC__
__AUTOMETRIC__|0.1.2|25368|crew_log_041cadf652dfd9e3|0|1786390489.227|100.383|3.137|404848640|436793344|gen_data_55eb8ab1a21196f3|__AUTOMETRIC__
__AUTOMETRIC__|0.1.2|25368|crew_log_041cadf652dfd9e3|0|1786390490.240|100.187|3.131|404586496|436531200|gen_data_55eb8ab1a21196f3|__AUTOMETRIC__
__AUTOMETRIC__|0.1.2|25368|crew_log_041cadf652dfd9e3|0|1786390491.253|98.693|3.084|404492288|436432896|gen_data_55eb8ab1a21196f3|__AUTOMETRIC__
__AUTOMETRIC__|0.1.2|25368|crew_log_041cadf652dfd9e3|0|1786390492.258|97.962|3.061|404652032|436609024|gen_data_55eb8ab1a21196f3|__AUTOMETRIC__
__AUTOMETRIC__|0.1.2|25368|crew_log_041cadf652dfd9e3|0|1786390493.260|96.673|3.021|404873216|436830208|gen_data_55eb8ab1a21196f3|__AUTOMETRIC__
__AUTOMETRIC__|0.1.2|25368|crew_log_041cadf652dfd9e3|0|1786390494.262|95.207|2.975|404664320|436604928|gen_data_55eb8ab1a21196f3|__AUTOMETRIC__
__AUTOMETRIC__|0.1.2|25368|crew_log_041cadf652dfd9e3|0|1786390495.270|100.717|3.147|404520960|436461568|gen_data_55eb8ab1a21196f3|__AUTOMETRIC__
__AUTOMETRIC__|0.1.2|25368|crew_log_041cadf652dfd9e3|0|1786390496.272|99.803|3.119|404631552|436572160|gen_data_55eb8ab1a21196f3|__AUTOMETRIC__
__AUTOMETRIC__|0.1.2|25368|crew_log_041cadf652dfd9e3|0|1786390497.284|98.782|3.087|404713472|436658176|gen_data_55eb8ab1a21196f3|__AUTOMETRIC__
__AUTOMETRIC__|0.1.2|25368|crew_log_041cadf652dfd9e3|0|1786390498.299|100.127|3.129|404606976|436580352|gen_data_55eb8ab1a21196f3|__AUTOMETRIC__
__AUTOMETRIC__|0.1.2|25368|crew_log_041cadf652dfd9e3|0|1786390499.302|99.678|3.115|404512768|436453376|gen_data_55eb8ab1a21196f3|__AUTOMETRIC__
__AUTOMETRIC__|0.1.2|25368|crew_log_041cadf652dfd9e3|0|1786390500.314|98.803|3.088|404598784|436539392|gen_data_55eb8ab1a21196f3|__AUTOMETRIC__
__AUTOMETRIC__|0.1.2|25368|crew_log_041cadf652dfd9e3|0|1786390501.320|99.391|3.106|404656128|436596736|gen_data_55eb8ab1a21196f3|__AUTOMETRIC__
__AUTOMETRIC__|0.1.2|25368|crew_log_041cadf652dfd9e3|0|1786390502.329|100.675|3.146|404533248|436473856|gen_data_55eb8ab1a21196f3|__AUTOMETRIC__
__AUTOMETRIC__|0.1.2|25368|crew_log_041cadf652dfd9e3|0|1786390503.333|99.618|3.113|404631552|436572160|gen_data_55eb8ab1a21196f3|__AUTOMETRIC__
__AUTOMETRIC__|0.1.2|25368|crew_log_041cadf652dfd9e3|0|1786390504.343|98.945|3.092|404840448|436781056|gen_data_55eb8ab1a21196f3|__AUTOMETRIC__
__AUTOMETRIC__|0.1.2|25368|crew_log_041cadf652dfd9e3|0|1786390505.347|99.672|3.115|404791296|436772864|gen_data_55eb8ab1a21196f3|__AUTOMETRIC__
__AUTOMETRIC__|0.1.2|25368|crew_log_041cadf652dfd9e3|0|1786390506.359|98.809|3.088|404574208|436514816|gen_data_55eb8ab1a21196f3|__AUTOMETRIC__
__AUTOMETRIC__|0.1.2|25368|crew_log_041cadf652dfd9e3|0|1786390507.361|99.752|3.117|404762624|436879360|gen_data_55eb8ab1a21196f3|__AUTOMETRIC__
__AUTOMETRIC__|0.1.2|25368|crew_log_041cadf652dfd9e3|0|1786390508.375|100.199|3.131|405090304|437030912|gen_data_55eb8ab1a21196f3|__AUTOMETRIC__
__AUTOMETRIC__|0.1.2|25368|crew_log_041cadf652dfd9e3|0|1786390509.386|95.781|2.993|404910080|436850688|gen_data_55eb8ab1a21196f3|__AUTOMETRIC__
__AUTOMETRIC__|0.1.2|25368|crew_log_041cadf652dfd9e3|0|1786390510.394|99.252|3.102|404983808|436924416|gen_data_55eb8ab1a21196f3|__AUTOMETRIC__
__AUTOMETRIC__|0.1.2|25368|crew_log_041cadf652dfd9e3|0|1786390511.401|99.254|3.102|404914176|436854784|gen_data_55eb8ab1a21196f3|__AUTOMETRIC__
__AUTOMETRIC__|0.1.2|25368|crew_log_041cadf652dfd9e3|0|1786390512.406|101.048|3.158|404668416|436609024|gen_data_55eb8ab1a21196f3|__AUTOMETRIC__
__AUTOMETRIC__|0.1.2|25368|crew_log_041cadf652dfd9e3|0|1786390513.412|99.448|3.108|404758528|436707328|gen_data_55eb8ab1a21196f3|__AUTOMETRIC__
__AUTOMETRIC__|0.1.2|25368|crew_log_041cadf652dfd9e3|0|1786390514.416|99.608|3.113|404664320|436604928|gen_data_55eb8ab1a21196f3|__AUTOMETRIC__
__AUTOMETRIC__|0.1.2|25368|crew_log_041cadf652dfd9e3|0|1786390515.417|99.865|3.121|404733952|436707328|gen_data_55eb8ab1a21196f3|__AUTOMETRIC__
__AUTOMETRIC__|0.1.2|25368|crew_log_041cadf652dfd9e3|0|1786390516.425|100.812|3.150|404586496|436531200|gen_data_55eb8ab1a21196f3|__AUTOMETRIC__
__AUTOMETRIC__|0.1.2|25368|crew_log_041cadf652dfd9e3|0|1786390517.439|100.088|3.128|404729856|436797440|gen_data_55eb8ab1a21196f3|__AUTOMETRIC__
__AUTOMETRIC__|0.1.2|25368|crew_log_041cadf652dfd9e3|0|1786390518.455|99.964|3.124|404860928|436805632|gen_data_55eb8ab1a21196f3|__AUTOMETRIC__
__AUTOMETRIC__|0.1.2|25368|crew_log_041cadf652dfd9e3|0|1786390519.468|97.188|3.037|404619264|436559872|gen_data_55eb8ab1a21196f3|__AUTOMETRIC__
__AUTOMETRIC__|0.1.2|25368|crew_log_041cadf652dfd9e3|0|1786390520.480|98.859|3.089|404762624|436703232|gen_data_55eb8ab1a21196f3|__AUTOMETRIC__
__AUTOMETRIC__|0.1.2|25368|crew_log_041cadf652dfd9e3|0|1786390521.482|99.799|3.119|404672512|436613120|gen_data_55eb8ab1a21196f3|__AUTOMETRIC__
__AUTOMETRIC__|0.1.2|25368|crew_log_041cadf652dfd9e3|0|1786390522.492|100.527|3.141|404656128|436596736|gen_data_55eb8ab1a21196f3|__AUTOMETRIC__
__AUTOMETRIC__|0.1.2|25368|crew_log_041cadf652dfd9e3|0|1786390523.508|100.006|3.125|404721664|436662272|gen_data_55eb8ab1a21196f3|__AUTOMETRIC__
__AUTOMETRIC__|0.1.2|25368|crew_log_041cadf652dfd9e3|0|1786390524.514|99.372|3.105|404873216|436822016|gen_data_55eb8ab1a21196f3|__AUTOMETRIC__
__AUTOMETRIC__|0.1.2|25368|crew_log_041cadf652dfd9e3|0|1786390525.530|99.967|3.124|404713472|436662272|gen_data_55eb8ab1a21196f3|__AUTOMETRIC__
__AUTOMETRIC__|0.1.2|25368|crew_log_041cadf652dfd9e3|0|1786390526.541|98.928|3.091|404738048|436686848|gen_data_55eb8ab1a21196f3|__AUTOMETRIC__
__AUTOMETRIC__|0.1.2|25368|crew_log_041cadf652dfd9e3|0|1786390527.545|102.681|3.209|404905984|436850688|gen_data_55eb8ab1a21196f3|__AUTOMETRIC__
__AUTOMETRIC__|0.1.2|25368|crew_log_041cadf652dfd9e3|0|1786390528.560|96.991|3.031|404807680|436752384|gen_data_55eb8ab1a21196f3|__AUTOMETRIC__
__AUTOMETRIC__|0.1.2|25368|crew_log_041cadf652dfd9e3|0|1786390529.573|95.645|2.989|404942848|436883456|gen_data_55eb8ab1a21196f3|__AUTOMETRIC__
__AUTOMETRIC__|0.1.2|25368|crew_log_041cadf652dfd9e3|0|1786390530.589|99.961|3.124|404779008|436719616|gen_data_55eb8ab1a21196f3|__AUTOMETRIC__
__AUTOMETRIC__|0.1.2|25368|crew_log_041cadf652dfd9e3|0|1786390531.605|98.429|3.076|404791296|436731904|gen_data_55eb8ab1a21196f3|__AUTOMETRIC__
__AUTOMETRIC__|0.1.2|25368|crew_log_041cadf652dfd9e3|0|1786390532.611|97.868|3.058|404774912|436719616|gen_data_55eb8ab1a21196f3|__AUTOMETRIC__
__AUTOMETRIC__|0.1.2|25368|crew_log_041cadf652dfd9e3|0|1786390533.624|100.183|3.131|404930560|436875264|gen_data_55eb8ab1a21196f3|__AUTOMETRIC__
__AUTOMETRIC__|0.1.2|25368|crew_log_041cadf652dfd9e3|0|1786390534.638|98.656|3.083|404975616|436916224|gen_data_55eb8ab1a21196f3|__AUTOMETRIC__
__AUTOMETRIC__|0.1.2|25368|crew_log_041cadf652dfd9e3|0|1786390535.642|99.634|3.114|404856832|436797440|gen_data_55eb8ab1a21196f3|__AUTOMETRIC__
__AUTOMETRIC__|0.1.2|25368|crew_log_041cadf652dfd9e3|0|1786390536.650|99.215|3.100|404856832|436797440|gen_data_55eb8ab1a21196f3|__AUTOMETRIC__
__AUTOMETRIC__|0.1.2|25368|crew_log_041cadf652dfd9e3|0|1786390537.652|98.234|3.070|404934656|436895744|gen_data_55eb8ab1a21196f3|__AUTOMETRIC__
__AUTOMETRIC__|0.1.2|25368|crew_log_041cadf652dfd9e3|0|1786390538.666|98.634|3.082|404881408|436822016|gen_data_55eb8ab1a21196f3|__AUTOMETRIC__
__AUTOMETRIC__|0.1.2|25368|crew_log_041cadf652dfd9e3|0|1786390539.667|99.870|3.121|404856832|436797440|gen_data_55eb8ab1a21196f3|__AUTOMETRIC__
__AUTOMETRIC__|0.1.2|25368|crew_log_041cadf652dfd9e3|0|1786390540.681|100.121|3.129|404869120|436813824|gen_data_55eb8ab1a21196f3|__AUTOMETRIC__
__AUTOMETRIC__|0.1.2|25368|crew_log_041cadf652dfd9e3|0|1786390541.695|100.156|3.130|404848640|436793344|gen_data_55eb8ab1a21196f3|__AUTOMETRIC__
__AUTOMETRIC__|0.1.2|25368|crew_log_041cadf652dfd9e3|0|1786390542.709|97.137|3.036|405000192|436944896|gen_data_55eb8ab1a21196f3|__AUTOMETRIC__
__AUTOMETRIC__|0.1.2|25368|crew_log_041cadf652dfd9e3|0|1786390543.721|100.326|3.135|404791296|436731904|gen_data_55eb8ab1a21196f3|__AUTOMETRIC__
__AUTOMETRIC__|0.1.2|25368|crew_log_041cadf652dfd9e3|0|1786390544.726|97.967|3.061|404779008|436727808|gen_data_55eb8ab1a21196f3|__AUTOMETRIC__
__AUTOMETRIC__|0.1.2|25368|crew_log_041cadf652dfd9e3|0|1786390545.739|98.712|3.085|404881408|436830208|gen_data_55eb8ab1a21196f3|__AUTOMETRIC__
__AUTOMETRIC__|0.1.2|25368|crew_log_041cadf652dfd9e3|0|1786390546.751|100.320|3.135|404828160|436776960|gen_data_55eb8ab1a21196f3|__AUTOMETRIC__
__AUTOMETRIC__|0.1.2|25368|crew_log_041cadf652dfd9e3|0|1786390547.763|97.343|3.042|405016576|436961280|gen_data_55eb8ab1a21196f3|__AUTOMETRIC__
__AUTOMETRIC__|0.1.2|25368|crew_log_041cadf652dfd9e3|0|1786390548.772|102.135|3.192|404910080|436854784|gen_data_55eb8ab1a21196f3|__AUTOMETRIC__
__AUTOMETRIC__|0.1.2|25368|crew_log_041cadf652dfd9e3|0|1786390549.780|99.209|3.100|404856832|436797440|gen_data_55eb8ab1a21196f3|__AUTOMETRIC__
__AUTOMETRIC__|0.1.2|25368|crew_log_041cadf652dfd9e3|0|1786390550.786|97.890|3.059|404819968|436760576|gen_data_55eb8ab1a21196f3|__AUTOMETRIC__
__AUTOMETRIC__|0.1.2|25368|crew_log_041cadf652dfd9e3|0|1786390551.790|99.609|3.113|404828160|436768768|gen_data_55eb8ab1a21196f3|__AUTOMETRIC__
__AUTOMETRIC__|0.1.2|25368|crew_log_041cadf652dfd9e3|0|1786390552.796|99.358|3.105|404996096|436936704|gen_data_55eb8ab1a21196f3|__AUTOMETRIC__
__AUTOMETRIC__|0.1.2|25368|crew_log_041cadf652dfd9e3|0|1786390553.811|100.118|3.129|405049344|436989952|gen_data_55eb8ab1a21196f3|__AUTOMETRIC__
__AUTOMETRIC__|0.1.2|25368|crew_log_041cadf652dfd9e3|0|1786390554.823|97.201|3.038|405049344|436989952|gen_data_55eb8ab1a21196f3|__AUTOMETRIC__
__AUTOMETRIC__|0.1.2|25368|crew_log_041cadf652dfd9e3|0|1786390555.832|96.022|3.001|405082112|437022720|gen_data_55eb8ab1a21196f3|__AUTOMETRIC__
__AUTOMETRIC__|0.1.2|25368|crew_log_041cadf652dfd9e3|0|1786390556.840|99.263|3.102|404922368|436862976|gen_data_55eb8ab1a21196f3|__AUTOMETRIC__
__AUTOMETRIC__|0.1.2|25368|crew_log_041cadf652dfd9e3|0|1786390557.846|100.899|3.153|404938752|436879360|gen_data_55eb8ab1a21196f3|__AUTOMETRIC__
__AUTOMETRIC__|0.1.2|25368|crew_log_041cadf652dfd9e3|0|1786390558.861|100.076|3.127|405307392|437248000|gen_data_55eb8ab1a21196f3|__AUTOMETRIC__
__AUTOMETRIC__|0.1.2|25368|crew_log_041cadf652dfd9e3|0|1786390559.876|100.086|3.128|405233664|437174272|gen_data_55eb8ab1a21196f3|__AUTOMETRIC__
__AUTOMETRIC__|0.1.2|25368|crew_log_041cadf652dfd9e3|0|1786390560.891|100.090|3.128|404819968|436760576|gen_data_55eb8ab1a21196f3|__AUTOMETRIC__
__AUTOMETRIC__|0.1.2|25368|crew_log_041cadf652dfd9e3|0|1786390561.905|100.103|3.128|404975616|436916224|gen_data_55eb8ab1a21196f3|__AUTOMETRIC__
__AUTOMETRIC__|0.1.2|25368|crew_log_041cadf652dfd9e3|0|1786390562.913|99.236|3.101|404848640|436789248|gen_data_55eb8ab1a21196f3|__AUTOMETRIC__
__AUTOMETRIC__|0.1.2|25368|crew_log_041cadf652dfd9e3|0|1786390563.915|98.212|3.069|405094400|437035008|gen_data_55eb8ab1a21196f3|__AUTOMETRIC__
__AUTOMETRIC__|0.1.2|25368|crew_log_041cadf652dfd9e3|0|1786390564.929|100.184|3.131|404877312|436817920|gen_data_55eb8ab1a21196f3|__AUTOMETRIC__
__AUTOMETRIC__|0.1.2|25368|crew_log_041cadf652dfd9e3|0|1786390565.937|100.709|3.147|404819968|436760576|gen_data_55eb8ab1a21196f3|__AUTOMETRIC__
__AUTOMETRIC__|0.1.2|25368|crew_log_041cadf652dfd9e3|0|1786390566.951|100.182|3.131|405118976|437059584|gen_data_55eb8ab1a21196f3|__AUTOMETRIC__
__AUTOMETRIC__|0.1.2|25368|crew_log_041cadf652dfd9e3|0|1786390567.962|98.875|3.090|404881408|436822016|gen_data_55eb8ab1a21196f3|__AUTOMETRIC__
__AUTOMETRIC__|0.1.2|25368|crew_log_041cadf652dfd9e3|0|1786390568.976|97.102|3.034|404926464|436875264|gen_data_55eb8ab1a21196f3|__AUTOMETRIC__
__AUTOMETRIC__|0.1.2|25368|crew_log_041cadf652dfd9e3|0|1786390569.985|100.652|3.145|404910080|436871168|gen_data_55eb8ab1a21196f3|__AUTOMETRIC__
__AUTOMETRIC__|0.1.2|25368|crew_log_041cadf652dfd9e3|0|1786390570.998|97.172|3.037|404848640|436789248|gen_data_55eb8ab1a21196f3|__AUTOMETRIC__
__AUTOMETRIC__|0.1.2|25368|crew_log_041cadf652dfd9e3|0|1786390572.010|98.821|3.088|404905984|436846592|gen_data_55eb8ab1a21196f3|__AUTOMETRIC__
__AUTOMETRIC__|0.1.2|25368|crew_log_041cadf652dfd9e3|0|1786390573.020|100.596|3.144|404918272|436867072|gen_data_55eb8ab1a21196f3|__AUTOMETRIC__
__AUTOMETRIC__|0.1.2|25368|crew_log_041cadf652dfd9e3|0|1786390574.034|98.557|3.080|405106688|437207040|gen_data_55eb8ab1a21196f3|__AUTOMETRIC__
__AUTOMETRIC__|0.1.2|25368|crew_log_041cadf652dfd9e3|0|1786390575.046|97.274|3.040|405045248|436985856|gen_data_55eb8ab1a21196f3|__AUTOMETRIC__
__AUTOMETRIC__|0.1.2|25368|crew_log_041cadf652dfd9e3|0|1786390576.061|97.060|3.033|405045248|436985856|gen_data_55eb8ab1a21196f3|__AUTOMETRIC__
__AUTOMETRIC__|0.1.2|25368|crew_log_041cadf652dfd9e3|0|1786390577.072|100.418|3.138|405024768|436973568|gen_data_55eb8ab1a21196f3|__AUTOMETRIC__
__AUTOMETRIC__|0.1.2|25368|crew_log_041cadf652dfd9e3|0|1786390578.080|100.709|3.147|405106688|437055488|gen_data_55eb8ab1a21196f3|__AUTOMETRIC__
__AUTOMETRIC__|0.1.2|25368|crew_log_041cadf652dfd9e3|0|1786390579.087|99.340|3.104|405127168|437080064|gen_data_55eb8ab1a21196f3|__AUTOMETRIC__
__AUTOMETRIC__|0.1.2|25368|crew_log_041cadf652dfd9e3|0|1786390580.097|98.993|3.094|405000192|436940800|gen_data_55eb8ab1a21196f3|__AUTOMETRIC__
__AUTOMETRIC__|0.1.2|25368|crew_log_041cadf652dfd9e3|0|1786390581.113|99.984|3.124|405045248|437022720|gen_data_55eb8ab1a21196f3|__AUTOMETRIC__
__AUTOMETRIC__|0.1.2|25368|crew_log_041cadf652dfd9e3|0|1786390582.127|98.630|3.082|404922368|436862976|gen_data_55eb8ab1a21196f3|__AUTOMETRIC__
__AUTOMETRIC__|0.1.2|25368|crew_log_041cadf652dfd9e3|0|1786390583.135|96.126|3.004|404893696|436834304|gen_data_55eb8ab1a21196f3|__AUTOMETRIC__
__AUTOMETRIC__|0.1.2|25368|crew_log_041cadf652dfd9e3|0|1786390584.150|99.994|3.125|405065728|437006336|gen_data_55eb8ab1a21196f3|__AUTOMETRIC__
__AUTOMETRIC__|0.1.2|25368|crew_log_041cadf652dfd9e3|0|1786390585.167|98.384|3.075|405299200|437248000|gen_data_55eb8ab1a21196f3|__AUTOMETRIC__
__AUTOMETRIC__|0.1.2|25368|crew_log_041cadf652dfd9e3|0|1786390586.169|99.743|3.117|405385216|437350400|gen_data_55eb8ab1a21196f3|__AUTOMETRIC__
__AUTOMETRIC__|0.1.2|25368|crew_log_041cadf652dfd9e3|0|1786390587.171|98.297|3.072|405286912|437268480|gen_data_55eb8ab1a21196f3|__AUTOMETRIC__
__AUTOMETRIC__|0.1.2|25368|crew_log_041cadf652dfd9e3|0|1786390588.184|97.142|3.036|405184512|437149696|gen_data_55eb8ab1a21196f3|__AUTOMETRIC__
__AUTOMETRIC__|0.1.2|25368|crew_log_041cadf652dfd9e3|0|1786390589.186|101.337|3.167|405127168|437092352|gen_data_55eb8ab1a21196f3|__AUTOMETRIC__
__AUTOMETRIC__|0.1.2|25368|crew_log_041cadf652dfd9e3|0|1786390590.200|98.674|3.084|405086208|437051392|gen_data_55eb8ab1a21196f3|__AUTOMETRIC__
__AUTOMETRIC__|0.1.2|25368|crew_log_041cadf652dfd9e3|0|1786390591.202|101.397|3.169|405168128|437133312|gen_data_55eb8ab1a21196f3|__AUTOMETRIC__
__AUTOMETRIC__|0.1.2|25368|crew_log_041cadf652dfd9e3|0|1786390592.217|96.977|3.031|405254144|437194752|gen_data_55eb8ab1a21196f3|__AUTOMETRIC__
__AUTOMETRIC__|0.1.2|25368|crew_log_041cadf652dfd9e3|0|1786390593.233|101.478|3.171|405143552|437084160|gen_data_55eb8ab1a21196f3|__AUTOMETRIC__
__AUTOMETRIC__|0.1.2|25368|crew_log_041cadf652dfd9e3|0|1786390594.234|99.887|3.121|405254144|437194752|gen_data_55eb8ab1a21196f3|__AUTOMETRIC__
__AUTOMETRIC__|0.1.2|25368|crew_log_041cadf652dfd9e3|0|1786390595.241|96.225|3.007|405299200|437239808|gen_data_55eb8ab1a21196f3|__AUTOMETRIC__
__AUTOMETRIC__|0.1.2|25368|crew_log_041cadf652dfd9e3|0|1786390596.256|99.991|3.125|405200896|437141504|gen_data_55eb8ab1a21196f3|__AUTOMETRIC__
__AUTOMETRIC__|0.1.2|25368|crew_log_041cadf652dfd9e3|0|1786390597.270|98.613|3.082|405389312|437272576|gen_data_55eb8ab1a21196f3|__AUTOMETRIC__
__AUTOMETRIC__|0.1.2|25368|crew_log_041cadf652dfd9e3|0|1786390598.285|100.080|3.127|405762048|437645312|gen_data_55eb8ab1a21196f3|__AUTOMETRIC__
__AUTOMETRIC__|0.1.2|25368|crew_log_041cadf652dfd9e3|0|1786390599.291|99.466|3.108|405524480|437407744|gen_data_55eb8ab1a21196f3|__AUTOMETRIC__
__AUTOMETRIC__|0.1.2|25368|crew_log_041cadf652dfd9e3|0|1786390600.296|99.512|3.110|405487616|437370880|gen_data_55eb8ab1a21196f3|__AUTOMETRIC__
__AUTOMETRIC__|0.1.2|25368|crew_log_041cadf652dfd9e3|0|1786390601.302|99.397|3.106|405450752|437334016|gen_data_55eb8ab1a21196f3|__AUTOMETRIC__
__AUTOMETRIC__|0.1.2|25368|crew_log_041cadf652dfd9e3|0|1786390602.303|99.827|3.120|405581824|437465088|gen_data_55eb8ab1a21196f3|__AUTOMETRIC__
__AUTOMETRIC__|0.1.2|25368|crew_log_041cadf652dfd9e3|0|1786390603.316|100.345|3.136|405458944|437342208|gen_data_55eb8ab1a21196f3|__AUTOMETRIC__
__AUTOMETRIC__|0.1.2|25368|crew_log_041cadf652dfd9e3|0|1786390604.333|99.859|3.121|405635072|437518336|gen_data_55eb8ab1a21196f3|__AUTOMETRIC__
__AUTOMETRIC__|0.1.2|25368|crew_log_041cadf652dfd9e3|0|1786390605.337|99.572|3.112|405393408|437276672|gen_data_55eb8ab1a21196f3|__AUTOMETRIC__
__AUTOMETRIC__|0.1.2|25368|crew_log_041cadf652dfd9e3|0|1786390606.338|98.292|3.072|405643264|437579776|gen_data_55eb8ab1a21196f3|__AUTOMETRIC__
__AUTOMETRIC__|0.1.2|25368|crew_log_041cadf652dfd9e3|0|1786390607.355|99.942|3.123|405532672|437424128|gen_data_55eb8ab1a21196f3|__AUTOMETRIC__
__AUTOMETRIC__|0.1.2|25368|crew_log_041cadf652dfd9e3|0|1786390608.356|99.825|3.120|405630976|437649408|gen_data_55eb8ab1a21196f3|__AUTOMETRIC__
__AUTOMETRIC__|0.1.2|25368|crew_log_041cadf652dfd9e3|0|1786390609.360|102.741|3.211|405520384|437403648|gen_data_55eb8ab1a21196f3|__AUTOMETRIC__
__AUTOMETRIC__|0.1.2|25368|crew_log_041cadf652dfd9e3|0|1786390610.363|99.705|3.116|405495808|437506048|gen_data_55eb8ab1a21196f3|__AUTOMETRIC__
__AUTOMETRIC__|0.1.2|25368|crew_log_041cadf652dfd9e3|0|1786390611.364|99.881|3.121|405483520|437432320|gen_data_55eb8ab1a21196f3|__AUTOMETRIC__
__AUTOMETRIC__|0.1.2|25368|crew_log_041cadf652dfd9e3|0|1786390612.379|100.045|3.126|405454848|437338112|gen_data_55eb8ab1a21196f3|__AUTOMETRIC__
__AUTOMETRIC__|0.1.2|25368|crew_log_041cadf652dfd9e3|0|1786390613.388|97.606|3.050|405458944|437342208|gen_data_55eb8ab1a21196f3|__AUTOMETRIC__
__AUTOMETRIC__|0.1.2|25368|crew_log_041cadf652dfd9e3|0|1786390614.403|98.473|3.077|405413888|437297152|gen_data_55eb8ab1a21196f3|__AUTOMETRIC__
__AUTOMETRIC__|0.1.2|25368|crew_log_041cadf652dfd9e3|0|1786390615.416|98.791|3.087|405323776|437207040|gen_data_55eb8ab1a21196f3|__AUTOMETRIC__
__AUTOMETRIC__|0.1.2|25368|crew_log_041cadf652dfd9e3|0|1786390616.428|100.291|3.134|405311488|437194752|gen_data_55eb8ab1a21196f3|__AUTOMETRIC__
__AUTOMETRIC__|0.1.2|25368|crew_log_041cadf652dfd9e3|0|1786390617.437|99.130|3.098|405352448|437235712|gen_data_55eb8ab1a21196f3|__AUTOMETRIC__
__AUTOMETRIC__|0.1.2|25368|crew_log_041cadf652dfd9e3|0|1786390618.451|98.605|3.081|405561344|437444608|gen_data_55eb8ab1a21196f3|__AUTOMETRIC__
__AUTOMETRIC__|0.1.2|25368|crew_log_041cadf652dfd9e3|0|1786390619.467|101.496|3.172|405417984|437301248|gen_data_55eb8ab1a21196f3|__AUTOMETRIC__
__AUTOMETRIC__|0.1.2|25368|crew_log_041cadf652dfd9e3|0|1786390620.483|101.576|3.174|405344256|437227520|gen_data_55eb8ab1a21196f3|__AUTOMETRIC__
__AUTOMETRIC__|0.1.2|25368|crew_log_041cadf652dfd9e3|0|1786390621.498|100.023|3.126|405274624|437157888|gen_data_55eb8ab1a21196f3|__AUTOMETRIC__
__AUTOMETRIC__|0.1.2|25368|crew_log_041cadf652dfd9e3|0|1786390622.509|98.884|3.090|405336064|437219328|gen_data_55eb8ab1a21196f3|__AUTOMETRIC__
__AUTOMETRIC__|0.1.2|25368|crew_log_041cadf652dfd9e3|0|1786390623.513|98.063|3.064|405360640|437243904|gen_data_55eb8ab1a21196f3|__AUTOMETRIC__
__AUTOMETRIC__|0.1.2|25368|crew_log_041cadf652dfd9e3|0|1786390624.520|97.802|3.056|405393408|437276672|gen_data_55eb8ab1a21196f3|__AUTOMETRIC__
__AUTOMETRIC__|0.1.2|25368|crew_log_041cadf652dfd9e3|0|1786390625.535|100.053|3.127|405479424|437362688|gen_data_55eb8ab1a21196f3|__AUTOMETRIC__
__AUTOMETRIC__|0.1.2|25368|crew_log_041cadf652dfd9e3|0|1786390626.543|99.160|3.099|405544960|437428224|gen_data_55eb8ab1a21196f3|__AUTOMETRIC__
__AUTOMETRIC__|0.1.2|25368|crew_log_041cadf652dfd9e3|0|1786390627.546|104.409|3.263|405409792|437293056|gen_data_55eb8ab1a21196f3|__AUTOMETRIC__
__AUTOMETRIC__|0.1.2|25368|crew_log_041cadf652dfd9e3|0|1786390628.556|99.015|3.094|405483520|437391360|gen_data_55eb8ab1a21196f3|__AUTOMETRIC__
__AUTOMETRIC__|0.1.2|25368|crew_log_041cadf652dfd9e3|0|1786390629.562|97.869|3.058|405536768|437420032|gen_data_55eb8ab1a21196f3|__AUTOMETRIC__
__AUTOMETRIC__|0.1.2|25368|crew_log_041cadf652dfd9e3|0|1786390630.567|99.412|3.107|405626880|437510144|gen_data_55eb8ab1a21196f3|__AUTOMETRIC__
__AUTOMETRIC__|0.1.2|25368|crew_log_041cadf652dfd9e3|0|1786390631.581|98.677|3.084|405803008|437686272|gen_data_55eb8ab1a21196f3|__AUTOMETRIC__
__AUTOMETRIC__|0.1.2|25368|crew_log_041cadf652dfd9e3|0|1786390632.584|99.700|3.116|405405696|437288960|gen_data_55eb8ab1a21196f3|__AUTOMETRIC__
__AUTOMETRIC__|0.1.2|25368|crew_log_041cadf652dfd9e3|0|1786390633.595|100.394|3.137|405336064|437219328|gen_data_55eb8ab1a21196f3|__AUTOMETRIC__
__AUTOMETRIC__|0.1.2|25368|crew_log_041cadf652dfd9e3|0|1786390634.601|97.873|3.059|405344256|437227520|gen_data_55eb8ab1a21196f3|__AUTOMETRIC__
__AUTOMETRIC__|0.1.2|25368|crew_log_041cadf652dfd9e3|0|1786390635.615|98.643|3.083|405295104|437178368|gen_data_55eb8ab1a21196f3|__AUTOMETRIC__
__AUTOMETRIC__|0.1.2|25368|crew_log_041cadf652dfd9e3|0|1786390636.631|99.919|3.122|405311488|437219328|gen_data_55eb8ab1a21196f3|__AUTOMETRIC__
__AUTOMETRIC__|0.1.2|25368|crew_log_041cadf652dfd9e3|0|1786390637.645|100.238|3.132|405385216|437293056|gen_data_55eb8ab1a21196f3|__AUTOMETRIC__
__AUTOMETRIC__|0.1.2|25368|crew_log_041cadf652dfd9e3|0|1786390638.659|100.082|3.128|405504000|437391360|gen_data_55eb8ab1a21196f3|__AUTOMETRIC__
__AUTOMETRIC__|0.1.2|25368|crew_log_041cadf652dfd9e3|0|1786390639.674|96.985|3.031|405508096|437436416|gen_data_55eb8ab1a21196f3|__AUTOMETRIC__
__AUTOMETRIC__|0.1.2|25368|crew_log_041cadf652dfd9e3|0|1786390640.690|100.049|3.127|405512192|437395456|gen_data_55eb8ab1a21196f3|__AUTOMETRIC__
__AUTOMETRIC__|0.1.2|25368|crew_log_041cadf652dfd9e3|0|1786390641.691|98.302|3.072|405491712|437497856|gen_data_55eb8ab1a21196f3|__AUTOMETRIC__
__AUTOMETRIC__|0.1.2|25368|crew_log_041cadf652dfd9e3|0|1786390642.704|98.675|3.084|405553152|437436416|gen_data_55eb8ab1a21196f3|__AUTOMETRIC__
__AUTOMETRIC__|0.1.2|25368|crew_log_041cadf652dfd9e3|0|1786390643.709|99.516|3.110|405454848|437338112|gen_data_55eb8ab1a21196f3|__AUTOMETRIC__
__AUTOMETRIC__|0.1.2|25368|crew_log_041cadf652dfd9e3|0|1786390644.719|100.620|3.144|405467136|437469184|gen_data_55eb8ab1a21196f3|__AUTOMETRIC__
__AUTOMETRIC__|0.1.2|25368|crew_log_041cadf652dfd9e3|0|1786390645.723|99.529|3.110|405520384|437403648|gen_data_55eb8ab1a21196f3|__AUTOMETRIC__
__AUTOMETRIC__|0.1.2|25368|crew_log_041cadf652dfd9e3|0|1786390646.735|98.806|3.088|405504000|437387264|gen_data_55eb8ab1a21196f3|__AUTOMETRIC__
__AUTOMETRIC__|0.1.2|25368|crew_log_041cadf652dfd9e3|0|1786390647.752|99.944|3.123|405544960|437428224|gen_data_55eb8ab1a21196f3|__AUTOMETRIC__
__AUTOMETRIC__|0.1.2|25368|crew_log_041cadf652dfd9e3|0|1786390648.757|99.500|3.109|405528576|437411840|gen_data_55eb8ab1a21196f3|__AUTOMETRIC__
__AUTOMETRIC__|0.1.2|25368|crew_log_041cadf652dfd9e3|0|1786390649.764|102.394|3.200|405544960|437428224|gen_data_55eb8ab1a21196f3|__AUTOMETRIC__
__AUTOMETRIC__|0.1.2|25368|crew_log_041cadf652dfd9e3|0|1786390650.765|99.876|3.121|405651456|437534720|gen_data_55eb8ab1a21196f3|__AUTOMETRIC__
__AUTOMETRIC__|0.1.2|25368|crew_log_041cadf652dfd9e3|0|1786390651.781|99.970|3.124|405602304|437489664|gen_data_55eb8ab1a21196f3|__AUTOMETRIC__
__AUTOMETRIC__|0.1.2|25368|crew_log_041cadf652dfd9e3|0|1786390652.784|99.678|3.115|405577728|437460992|gen_data_55eb8ab1a21196f3|__AUTOMETRIC__
__AUTOMETRIC__|0.1.2|25368|crew_log_041cadf652dfd9e3|0|1786390653.798|100.145|3.130|405549056|437432320|gen_data_55eb8ab1a21196f3|__AUTOMETRIC__
__AUTOMETRIC__|0.1.2|25368|crew_log_041cadf652dfd9e3|0|1786390654.801|98.188|3.068|405733376|437616640|gen_data_55eb8ab1a21196f3|__AUTOMETRIC__
__AUTOMETRIC__|0.1.2|25368|crew_log_041cadf652dfd9e3|0|1786390655.810|99.120|3.097|405749760|437641216|gen_data_55eb8ab1a21196f3|__AUTOMETRIC__
__AUTOMETRIC__|0.1.2|25368|crew_log_041cadf652dfd9e3|0|1786390656.814|99.570|3.112|405741568|437624832|gen_data_55eb8ab1a21196f3|__AUTOMETRIC__
__AUTOMETRIC__|0.1.2|25368|crew_log_041cadf652dfd9e3|0|1786390657.817|99.675|3.115|405737472|437620736|gen_data_55eb8ab1a21196f3|__AUTOMETRIC__
__AUTOMETRIC__|0.1.2|25368|crew_log_041cadf652dfd9e3|0|1786390658.822|99.506|3.110|405831680|437747712|gen_data_55eb8ab1a21196f3|__AUTOMETRIC__
__AUTOMETRIC__|0.1.2|25368|crew_log_041cadf652dfd9e3|0|1786390659.837|100.109|3.128|405676032|437592064|gen_data_55eb8ab1a21196f3|__AUTOMETRIC__
__AUTOMETRIC__|0.1.2|25368|crew_log_041cadf652dfd9e3|0|1786390660.843|100.956|3.155|405721088|437637120|gen_data_55eb8ab1a21196f3|__AUTOMETRIC__
__AUTOMETRIC__|0.1.2|25368|crew_log_041cadf652dfd9e3|0|1786390661.850|99.313|3.104|405852160|437768192|gen_data_55eb8ab1a21196f3|__AUTOMETRIC__
__AUTOMETRIC__|0.1.2|25368|crew_log_041cadf652dfd9e3|0|1786390662.855|97.951|3.061|405950464|437866496|gen_data_55eb8ab1a21196f3|__AUTOMETRIC__
__AUTOMETRIC__|0.1.2|25368|crew_log_041cadf652dfd9e3|0|1786390663.857|101.381|3.168|405778432|437706752|gen_data_55eb8ab1a21196f3|__AUTOMETRIC__
__AUTOMETRIC__|0.1.2|25368|crew_log_041cadf652dfd9e3|0|1786390664.870|100.219|3.132|405774336|437665792|gen_data_55eb8ab1a21196f3|__AUTOMETRIC__
__AUTOMETRIC__|0.1.2|25368|crew_log_041cadf652dfd9e3|0|1786390665.874|101.165|3.161|405696512|437587968|gen_data_55eb8ab1a21196f3|__AUTOMETRIC__
__AUTOMETRIC__|0.1.2|25368|crew_log_041cadf652dfd9e3|0|1786390666.888|98.610|3.082|405696512|437587968|gen_data_55eb8ab1a21196f3|__AUTOMETRIC__
__AUTOMETRIC__|0.1.2|25368|crew_log_041cadf652dfd9e3|0|1786390667.897|99.124|3.098|405721088|437612544|gen_data_55eb8ab1a21196f3|__AUTOMETRIC__
__AUTOMETRIC__|0.1.2|25368|crew_log_041cadf652dfd9e3|0|1786390668.907|99.006|3.094|405721088|437604352|gen_data_55eb8ab1a21196f3|__AUTOMETRIC__
__AUTOMETRIC__|0.1.2|25368|crew_log_041cadf652dfd9e3|0|1786390669.911|99.587|3.112|405835776|437735424|gen_data_55eb8ab1a21196f3|__AUTOMETRIC__
__AUTOMETRIC__|0.1.2|25368|crew_log_041cadf652dfd9e3|0|1786390670.920|100.638|3.145|406097920|437981184|gen_data_55eb8ab1a21196f3|__AUTOMETRIC__
__AUTOMETRIC__|0.1.2|25368|crew_log_041cadf652dfd9e3|0|1786390671.932|98.845|3.089|406048768|437932032|gen_data_55eb8ab1a21196f3|__AUTOMETRIC__
__AUTOMETRIC__|0.1.2|25368|crew_log_041cadf652dfd9e3|0|1786390672.944|100.306|3.135|405827584|437710848|gen_data_55eb8ab1a21196f3|__AUTOMETRIC__
__AUTOMETRIC__|0.1.2|25368|crew_log_041cadf652dfd9e3|0|1786390673.954|100.600|3.144|405848064|437731328|gen_data_55eb8ab1a21196f3|__AUTOMETRIC__
__AUTOMETRIC__|0.1.2|25368|crew_log_041cadf652dfd9e3|0|1786390674.959|96.427|3.013|405848064|437731328|gen_data_55eb8ab1a21196f3|__AUTOMETRIC__
__AUTOMETRIC__|0.1.2|25368|crew_log_041cadf652dfd9e3|0|1786390675.964|99.459|3.108|406151168|438046720|gen_data_55eb8ab1a21196f3|__AUTOMETRIC__
__AUTOMETRIC__|0.1.2|25368|crew_log_041cadf652dfd9e3|0|1786390676.965|99.907|3.122|405790720|437673984|gen_data_55eb8ab1a21196f3|__AUTOMETRIC__
__AUTOMETRIC__|0.1.2|25368|crew_log_041cadf652dfd9e3|0|1786390677.980|98.499|3.078|405811200|437702656|gen_data_55eb8ab1a21196f3|__AUTOMETRIC__
__AUTOMETRIC__|0.1.2|25368|crew_log_041cadf652dfd9e3|0|1786390678.994|100.149|3.130|405917696|437854208|gen_data_55eb8ab1a21196f3|__AUTOMETRIC__
__AUTOMETRIC__|0.1.2|25368|crew_log_041cadf652dfd9e3|0|1786390680.008|98.615|3.082|405798912|437682176|gen_data_55eb8ab1a21196f3|__AUTOMETRIC__
__AUTOMETRIC__|0.1.2|25368|crew_log_041cadf652dfd9e3|0|1786390681.020|100.442|3.139|405979136|437862400|gen_data_55eb8ab1a21196f3|__AUTOMETRIC__
__AUTOMETRIC__|0.1.2|25368|crew_log_041cadf652dfd9e3|0|1786390682.023|99.670|3.115|405958656|437841920|gen_data_55eb8ab1a21196f3|__AUTOMETRIC__
__AUTOMETRIC__|0.1.2|25368|crew_log_041cadf652dfd9e3|0|1786390683.028|97.922|3.060|405798912|437682176|gen_data_55eb8ab1a21196f3|__AUTOMETRIC__
__AUTOMETRIC__|0.1.2|25368|crew_log_041cadf652dfd9e3|0|1786390684.032|99.609|3.113|405839872|437727232|gen_data_55eb8ab1a21196f3|__AUTOMETRIC__
__AUTOMETRIC__|0.1.2|25368|crew_log_041cadf652dfd9e3|0|1786390685.035|99.724|3.116|405848064|437731328|gen_data_55eb8ab1a21196f3|__AUTOMETRIC__
__AUTOMETRIC__|0.1.2|25368|crew_log_041cadf652dfd9e3|0|1786390686.049|100.092|3.128|405852160|437735424|gen_data_55eb8ab1a21196f3|__AUTOMETRIC__
__AUTOMETRIC__|0.1.2|25368|crew_log_041cadf652dfd9e3|0|1786390687.051|98.255|3.070|405819392|437710848|gen_data_55eb8ab1a21196f3|__AUTOMETRIC__
__AUTOMETRIC__|0.1.2|25368|crew_log_041cadf652dfd9e3|0|1786390688.055|98.031|3.063|405860352|437747712|gen_data_55eb8ab1a21196f3|__AUTOMETRIC__
__AUTOMETRIC__|0.1.2|25368|crew_log_041cadf652dfd9e3|0|1786390689.059|99.647|3.114|405811200|437698560|gen_data_55eb8ab1a21196f3|__AUTOMETRIC__
__AUTOMETRIC__|0.1.2|25368|crew_log_041cadf652dfd9e3|0|1786390690.063|102.753|3.211|406122496|438009856|gen_data_55eb8ab1a21196f3|__AUTOMETRIC__
__AUTOMETRIC__|0.1.2|25368|crew_log_041cadf652dfd9e3|0|1786390691.077|100.078|3.127|405913600|437809152|gen_data_55eb8ab1a21196f3|__AUTOMETRIC__
__AUTOMETRIC__|0.1.2|25368|crew_log_041cadf652dfd9e3|0|1786390692.081|99.653|3.114|405917696|437805056|gen_data_55eb8ab1a21196f3|__AUTOMETRIC__
__AUTOMETRIC__|0.1.2|25368|crew_log_041cadf652dfd9e3|0|1786390693.084|99.704|3.116|405712896|437600256|gen_data_55eb8ab1a21196f3|__AUTOMETRIC__
__AUTOMETRIC__|0.1.2|25368|crew_log_041cadf652dfd9e3|0|1786390694.086|98.268|3.071|406163456|438050816|gen_data_55eb8ab1a21196f3|__AUTOMETRIC__
__AUTOMETRIC__|0.1.2|25368|crew_log_041cadf652dfd9e3|0|1786390695.100|100.098|3.128|406376448|438276096|gen_data_55eb8ab1a21196f3|__AUTOMETRIC__
__AUTOMETRIC__|0.1.2|25368|crew_log_041cadf652dfd9e3|0|1786390696.114|100.192|3.131|406482944|438370304|gen_data_55eb8ab1a21196f3|__AUTOMETRIC__
__AUTOMETRIC__|0.1.2|25368|crew_log_041cadf652dfd9e3|0|1786390697.126|100.310|3.135|406499328|438386688|gen_data_55eb8ab1a21196f3|__AUTOMETRIC__
__AUTOMETRIC__|0.1.2|25368|crew_log_041cadf652dfd9e3|0|1786390698.137|98.970|3.093|406601728|438489088|gen_data_55eb8ab1a21196f3|__AUTOMETRIC__
__AUTOMETRIC__|0.1.2|25368|crew_log_041cadf652dfd9e3|0|1786390699.145|102.286|3.196|406355968|438210560|gen_data_55eb8ab1a21196f3|__AUTOMETRIC__
__AUTOMETRIC__|0.1.2|25368|crew_log_041cadf652dfd9e3|0|1786390700.159|100.173|3.130|406437888|438292480|gen_data_55eb8ab1a21196f3|__AUTOMETRIC__
__AUTOMETRIC__|0.1.2|25368|crew_log_041cadf652dfd9e3|0|1786390701.167|99.240|3.101|406249472|438104064|gen_data_55eb8ab1a21196f3|__AUTOMETRIC__
__AUTOMETRIC__|0.1.2|25368|crew_log_041cadf652dfd9e3|0|1786390702.169|99.802|3.119|406122496|437977088|gen_data_55eb8ab1a21196f3|__AUTOMETRIC__
__AUTOMETRIC__|0.1.2|25368|crew_log_041cadf652dfd9e3|0|1786390703.182|98.661|3.083|406106112|437960704|gen_data_55eb8ab1a21196f3|__AUTOMETRIC__
__AUTOMETRIC__|0.1.2|25368|crew_log_041cadf652dfd9e3|0|1786390704.194|100.420|3.138|406196224|438050816|gen_data_55eb8ab1a21196f3|__AUTOMETRIC__
__AUTOMETRIC__|0.1.2|25368|crew_log_041cadf652dfd9e3|0|1786390705.210|99.916|3.122|406130688|437985280|gen_data_55eb8ab1a21196f3|__AUTOMETRIC__
__AUTOMETRIC__|0.1.2|25368|crew_log_041cadf652dfd9e3|0|1786390706.223|100.248|3.133|406228992|438083584|gen_data_55eb8ab1a21196f3|__AUTOMETRIC__
__AUTOMETRIC__|0.1.2|25368|crew_log_041cadf652dfd9e3|0|1786390707.239|100.000|3.125|405970944|437825536|gen_data_55eb8ab1a21196f3|__AUTOMETRIC__
__AUTOMETRIC__|0.1.2|25368|crew_log_041cadf652dfd9e3|0|1786390708.250|98.925|3.091|406126592|437981184|gen_data_55eb8ab1a21196f3|__AUTOMETRIC__
__AUTOMETRIC__|0.1.2|25368|crew_log_041cadf652dfd9e3|0|1786390709.257|99.291|3.103|406216704|438071296|gen_data_55eb8ab1a21196f3|__AUTOMETRIC__
__AUTOMETRIC__|0.1.2|25368|crew_log_041cadf652dfd9e3|0|1786390710.258|99.857|3.121|406147072|438009856|gen_data_55eb8ab1a21196f3|__AUTOMETRIC__
__AUTOMETRIC__|0.1.2|25368|crew_log_041cadf652dfd9e3|0|1786390711.271|100.323|3.135|406106112|437960704|gen_data_55eb8ab1a21196f3|__AUTOMETRIC__
__AUTOMETRIC__|0.1.2|25368|crew_log_041cadf652dfd9e3|0|1786390712.286|98.439|3.076|406216704|438206464|gen_data_55eb8ab1a21196f3|__AUTOMETRIC__
__AUTOMETRIC__|0.1.2|25368|crew_log_041cadf652dfd9e3|0|1786390713.297|98.938|3.092|406212608|438071296|gen_data_55eb8ab1a21196f3|__AUTOMETRIC__
__AUTOMETRIC__|0.1.2|25368|crew_log_041cadf652dfd9e3|0|1786390714.312|100.085|3.128|406278144|438132736|gen_data_55eb8ab1a21196f3|__AUTOMETRIC__
__AUTOMETRIC__|0.1.2|25368|crew_log_041cadf652dfd9e3|0|1786390715.323|98.874|3.090|406294528|438149120|gen_data_55eb8ab1a21196f3|__AUTOMETRIC__
__AUTOMETRIC__|0.1.2|25368|crew_log_041cadf652dfd9e3|0|1786390716.331|99.223|3.101|406462464|438317056|gen_data_55eb8ab1a21196f3|__AUTOMETRIC__
__AUTOMETRIC__|0.1.2|25368|crew_log_041cadf652dfd9e3|0|1786390717.335|98.090|3.065|406249472|438104064|gen_data_55eb8ab1a21196f3|__AUTOMETRIC__
__AUTOMETRIC__|0.1.2|25368|crew_log_041cadf652dfd9e3|0|1786390718.344|97.518|3.047|406315008|438169600|gen_data_55eb8ab1a21196f3|__AUTOMETRIC__
__AUTOMETRIC__|0.1.2|25368|crew_log_041cadf652dfd9e3|0|1786390719.357|97.178|3.037|406147072|438169600|gen_data_55eb8ab1a21196f3|__AUTOMETRIC__
__AUTOMETRIC__|0.1.2|25368|crew_log_041cadf652dfd9e3|0|1786390720.372|101.565|3.174|406405120|438259712|gen_data_55eb8ab1a21196f3|__AUTOMETRIC__
__AUTOMETRIC__|0.1.2|25368|crew_log_041cadf652dfd9e3|0|1786390721.383|98.975|3.093|406573056|438427648|gen_data_55eb8ab1a21196f3|__AUTOMETRIC__
__AUTOMETRIC__|0.1.2|25368|crew_log_041cadf652dfd9e3|0|1786390722.387|101.124|3.160|406323200|438177792|gen_data_55eb8ab1a21196f3|__AUTOMETRIC__
__AUTOMETRIC__|0.1.2|25368|crew_log_041cadf652dfd9e3|0|1786390723.402|100.033|3.126|406134784|437989376|gen_data_55eb8ab1a21196f3|__AUTOMETRIC__
__AUTOMETRIC__|0.1.2|25368|crew_log_041cadf652dfd9e3|0|1786390724.410|100.830|3.151|406507520|438362112|gen_data_55eb8ab1a21196f3|__AUTOMETRIC__
__AUTOMETRIC__|0.1.2|25368|crew_log_041cadf652dfd9e3|0|1786390725.411|99.848|3.120|406609920|438464512|gen_data_55eb8ab1a21196f3|__AUTOMETRIC__
__AUTOMETRIC__|0.1.2|25368|crew_log_041cadf652dfd9e3|0|1786390726.413|99.786|3.118|406077440|437932032|gen_data_55eb8ab1a21196f3|__AUTOMETRIC__
__AUTOMETRIC__|0.1.2|25368|crew_log_041cadf652dfd9e3|0|1786390727.418|96.438|3.014|406257664|438112256|gen_data_55eb8ab1a21196f3|__AUTOMETRIC__
__AUTOMETRIC__|0.1.2|25368|crew_log_041cadf652dfd9e3|0|1786390728.433|100.028|3.126|406196224|438050816|gen_data_55eb8ab1a21196f3|__AUTOMETRIC__
__AUTOMETRIC__|0.1.2|25368|crew_log_041cadf652dfd9e3|0|1786390729.446|101.817|3.182|490049536|522121216|gen_data_55eb8ab1a21196f3|__AUTOMETRIC__
__AUTOMETRIC__|0.1.2|25368|crew_log_041cadf652dfd9e3|0|1786390730.460|97.064|3.033|491474944|523550720|gen_data_55eb8ab1a21196f3|__AUTOMETRIC__
__AUTOMETRIC__|0.1.2|25368|crew_log_041cadf652dfd9e3|0|1786390731.476|96.938|3.029|491302912|523378688|gen_data_55eb8ab1a21196f3|__AUTOMETRIC__
__AUTOMETRIC__|0.1.2|25368|crew_log_041cadf652dfd9e3|0|1786390732.479|96.527|3.016|491089920|523165696|gen_data_55eb8ab1a21196f3|__AUTOMETRIC__
__AUTOMETRIC__|0.1.2|25368|crew_log_041cadf652dfd9e3|0|1786390733.495|101.558|3.174|491466752|523542528|gen_data_55eb8ab1a21196f3|__AUTOMETRIC__
__AUTOMETRIC__|0.1.2|25368|crew_log_041cadf652dfd9e3|0|1786390734.495|99.926|3.123|491450368|523526144|gen_data_55eb8ab1a21196f3|__AUTOMETRIC__
__AUTOMETRIC__|0.1.2|25368|crew_log_041cadf652dfd9e3|0|1786390735.504|102.215|3.194|491233280|523517952|gen_data_55eb8ab1a21196f3|__AUTOMETRIC__
__AUTOMETRIC__|0.1.2|25368|crew_log_041cadf652dfd9e3|0|1786390736.508|99.654|3.114|491810816|523886592|gen_data_55eb8ab1a21196f3|__AUTOMETRIC__
__AUTOMETRIC__|0.1.2|25368|crew_log_041cadf652dfd9e3|0|1786390737.519|100.408|3.138|491384832|523460608|gen_data_55eb8ab1a21196f3|__AUTOMETRIC__
__AUTOMETRIC__|0.1.2|25368|crew_log_041cadf652dfd9e3|0|1786390738.521|98.231|3.070|491556864|523632640|gen_data_55eb8ab1a21196f3|__AUTOMETRIC__
__AUTOMETRIC__|0.1.2|25368|crew_log_041cadf652dfd9e3|0|1786390739.537|98.447|3.076|491614208|523689984|gen_data_55eb8ab1a21196f3|__AUTOMETRIC__
__AUTOMETRIC__|0.1.2|25368|crew_log_041cadf652dfd9e3|0|1786390740.550|98.701|3.084|491196416|523272192|gen_data_55eb8ab1a21196f3|__AUTOMETRIC__
__AUTOMETRIC__|0.1.2|25368|crew_log_041cadf652dfd9e3|0|1786390741.553|99.721|3.116|491163648|523239424|gen_data_55eb8ab1a21196f3|__AUTOMETRIC__
__AUTOMETRIC__|0.1.2|25368|crew_log_041cadf652dfd9e3|0|1786390742.559|99.438|3.107|491380736|523456512|gen_data_55eb8ab1a21196f3|__AUTOMETRIC__
__AUTOMETRIC__|0.1.2|25368|crew_log_041cadf652dfd9e3|0|1786390743.569|99.028|3.095|491479040|523554816|gen_data_55eb8ab1a21196f3|__AUTOMETRIC__
__AUTOMETRIC__|0.1.2|25368|crew_log_041cadf652dfd9e3|0|1786390744.572|99.631|3.113|491278336|523354112|gen_data_55eb8ab1a21196f3|__AUTOMETRIC__
__AUTOMETRIC__|0.1.2|25368|crew_log_041cadf652dfd9e3|0|1786390745.586|97.118|3.035|491429888|523505664|gen_data_55eb8ab1a21196f3|__AUTOMETRIC__
__AUTOMETRIC__|0.1.2|25368|crew_log_041cadf652dfd9e3|0|1786390746.596|98.983|3.093|491319296|523395072|gen_data_55eb8ab1a21196f3|__AUTOMETRIC__
__AUTOMETRIC__|0.1.2|25368|crew_log_041cadf652dfd9e3|0|1786390747.611|100.077|3.127|491724800|523800576|gen_data_55eb8ab1a21196f3|__AUTOMETRIC__
__AUTOMETRIC__|0.1.2|25368|crew_log_041cadf652dfd9e3|0|1786390748.612|98.323|3.073|491778048|523853824|gen_data_55eb8ab1a21196f3|__AUTOMETRIC__
__AUTOMETRIC__|0.1.2|25368|crew_log_041cadf652dfd9e3|0|1786390749.617|99.562|3.111|491610112|523685888|gen_data_55eb8ab1a21196f3|__AUTOMETRIC__
__AUTOMETRIC__|0.1.2|25368|crew_log_041cadf652dfd9e3|0|1786390750.630|98.652|3.083|491761664|523837440|gen_data_55eb8ab1a21196f3|__AUTOMETRIC__
__AUTOMETRIC__|0.1.2|25368|crew_log_041cadf652dfd9e3|0|1786390751.643|100.316|3.135|492052480|524128256|gen_data_55eb8ab1a21196f3|__AUTOMETRIC__
__AUTOMETRIC__|0.1.2|25368|crew_log_041cadf652dfd9e3|0|1786390752.646|99.691|3.115|492195840|524271616|gen_data_55eb8ab1a21196f3|__AUTOMETRIC__
__AUTOMETRIC__|0.1.2|25368|crew_log_041cadf652dfd9e3|0|1786390753.660|100.090|3.128|492236800|524316672|gen_data_55eb8ab1a21196f3|__AUTOMETRIC__
__AUTOMETRIC__|0.1.2|25368|crew_log_041cadf652dfd9e3|0|1786390754.668|99.262|3.102|491995136|524075008|gen_data_55eb8ab1a21196f3|__AUTOMETRIC__
__AUTOMETRIC__|0.1.2|25368|crew_log_041cadf652dfd9e3|0|1786390755.682|100.185|3.131|491905024|523984896|gen_data_55eb8ab1a21196f3|__AUTOMETRIC__
__AUTOMETRIC__|0.1.2|25368|crew_log_041cadf652dfd9e3|0|1786390756.687|100.976|3.156|491974656|524054528|gen_data_55eb8ab1a21196f3|__AUTOMETRIC__
__AUTOMETRIC__|0.1.2|25368|crew_log_041cadf652dfd9e3|0|1786390757.695|99.285|3.103|492023808|524103680|gen_data_55eb8ab1a21196f3|__AUTOMETRIC__
__AUTOMETRIC__|0.1.2|25368|crew_log_041cadf652dfd9e3|0|1786390758.702|100.798|3.150|491986944|524066816|gen_data_55eb8ab1a21196f3|__AUTOMETRIC__
__AUTOMETRIC__|0.1.2|25368|crew_log_041cadf652dfd9e3|0|1786390759.704|98.229|3.070|491851776|523931648|gen_data_55eb8ab1a21196f3|__AUTOMETRIC__
__AUTOMETRIC__|0.1.2|25368|crew_log_041cadf652dfd9e3|0|1786390760.706|99.863|3.121|491974656|524054528|gen_data_55eb8ab1a21196f3|__AUTOMETRIC__
__AUTOMETRIC__|0.1.2|25368|crew_log_041cadf652dfd9e3|0|1786390761.713|99.279|3.102|492060672|524271616|gen_data_55eb8ab1a21196f3|__AUTOMETRIC__
__AUTOMETRIC__|0.1.2|25368|crew_log_041cadf652dfd9e3|0|1786390762.716|101.279|3.165|482590720|514760704|gen_data_55eb8ab1a21196f3|__AUTOMETRIC__
__AUTOMETRIC__|0.1.2|25368|crew_log_041cadf652dfd9e3|0|1786390763.727|98.929|3.092|491708416|523853824|gen_data_55eb8ab1a21196f3|__AUTOMETRIC__
__AUTOMETRIC__|0.1.2|25368|crew_log_041cadf652dfd9e3|0|1786390764.729|99.783|3.118|491552768|523689984|gen_data_55eb8ab1a21196f3|__AUTOMETRIC__
__AUTOMETRIC__|0.1.2|25368|crew_log_041cadf652dfd9e3|0|1786390765.744|101.554|3.174|491974656|524111872|gen_data_55eb8ab1a21196f3|__AUTOMETRIC__
__AUTOMETRIC__|0.1.2|25368|crew_log_041cadf652dfd9e3|0|1786390766.749|99.506|3.110|491646976|523784192|gen_data_55eb8ab1a21196f3|__AUTOMETRIC__
__AUTOMETRIC__|0.1.2|25368|crew_log_041cadf652dfd9e3|0|1786390767.762|100.237|3.132|491556864|523694080|gen_data_55eb8ab1a21196f3|__AUTOMETRIC__
__AUTOMETRIC__|0.1.2|25368|crew_log_041cadf652dfd9e3|0|1786390768.769|99.337|3.104|491941888|524070912|gen_data_55eb8ab1a21196f3|__AUTOMETRIC__
__AUTOMETRIC__|0.1.2|25368|crew_log_041cadf652dfd9e3|0|1786390769.772|98.175|3.068|491864064|523968512|gen_data_55eb8ab1a21196f3|__AUTOMETRIC__
__AUTOMETRIC__|0.1.2|25368|crew_log_041cadf652dfd9e3|0|1786390770.786|97.093|3.034|491732992|523837440|gen_data_55eb8ab1a21196f3|__AUTOMETRIC__
__AUTOMETRIC__|0.1.2|25368|crew_log_041cadf652dfd9e3|0|1786390771.795|99.116|3.097|491872256|523964416|gen_data_55eb8ab1a21196f3|__AUTOMETRIC__
__AUTOMETRIC__|0.1.2|25368|crew_log_041cadf652dfd9e3|0|1786390772.802|100.795|3.150|491462656|523743232|gen_data_55eb8ab1a21196f3|__AUTOMETRIC__
__AUTOMETRIC__|0.1.2|25368|crew_log_041cadf652dfd9e3|0|1786390773.815|100.240|3.133|491819008|523915264|gen_data_55eb8ab1a21196f3|__AUTOMETRIC__
__AUTOMETRIC__|0.1.2|25368|crew_log_041cadf652dfd9e3|0|1786390774.817|99.811|3.119|492101632|524197888|gen_data_55eb8ab1a21196f3|__AUTOMETRIC__
__AUTOMETRIC__|0.1.2|25368|crew_log_041cadf652dfd9e3|0|1786390775.823|99.383|3.106|491720704|523816960|gen_data_55eb8ab1a21196f3|__AUTOMETRIC__
__AUTOMETRIC__|0.1.2|25368|crew_log_041cadf652dfd9e3|0|1786390776.828|102.669|3.208|491560960|523812864|gen_data_55eb8ab1a21196f3|__AUTOMETRIC__
__AUTOMETRIC__|0.1.2|25368|crew_log_041cadf652dfd9e3|0|1786390777.830|99.834|3.120|492089344|524185600|gen_data_55eb8ab1a21196f3|__AUTOMETRIC__
__AUTOMETRIC__|0.1.2|25368|crew_log_041cadf652dfd9e3|0|1786390778.845|98.523|3.079|491991040|524144640|gen_data_55eb8ab1a21196f3|__AUTOMETRIC__
__AUTOMETRIC__|0.1.2|25368|crew_log_041cadf652dfd9e3|0|1786390779.858|100.245|3.133|492515328|524660736|gen_data_55eb8ab1a21196f3|__AUTOMETRIC__
__AUTOMETRIC__|0.1.2|25368|crew_log_041cadf652dfd9e3|0|1786390780.872|98.597|3.081|492527616|524652544|gen_data_55eb8ab1a21196f3|__AUTOMETRIC__
__AUTOMETRIC__|0.1.2|25368|crew_log_041cadf652dfd9e3|0|1786390781.876|101.119|3.160|492060672|524173312|gen_data_55eb8ab1a21196f3|__AUTOMETRIC__
__AUTOMETRIC__|0.1.2|25368|crew_log_041cadf652dfd9e3|0|1786390782.877|99.970|3.124|492564480|524668928|gen_data_55eb8ab1a21196f3|__AUTOMETRIC__
__AUTOMETRIC__|0.1.2|25368|crew_log_041cadf652dfd9e3|0|1786390783.889|100.286|3.134|493035520|525115392|gen_data_55eb8ab1a21196f3|__AUTOMETRIC__
__AUTOMETRIC__|0.1.2|25368|crew_log_041cadf652dfd9e3|0|1786390784.906|99.908|3.122|492986368|525066240|gen_data_55eb8ab1a21196f3|__AUTOMETRIC__
__AUTOMETRIC__|0.1.2|25368|crew_log_041cadf652dfd9e3|0|1786390785.918|100.387|3.137|492785664|524865536|gen_data_55eb8ab1a21196f3|__AUTOMETRIC__
__AUTOMETRIC__|0.1.2|25368|crew_log_041cadf652dfd9e3|0|1786390786.933|96.945|3.030|492474368|524554240|gen_data_55eb8ab1a21196f3|__AUTOMETRIC__
__AUTOMETRIC__|0.1.2|25368|crew_log_041cadf652dfd9e3|0|1786390787.943|102.082|3.190|492584960|524664832|gen_data_55eb8ab1a21196f3|__AUTOMETRIC__
__AUTOMETRIC__|0.1.2|25368|crew_log_041cadf652dfd9e3|0|1786390788.948|97.941|3.061|492851200|524931072|gen_data_55eb8ab1a21196f3|__AUTOMETRIC__
__AUTOMETRIC__|0.1.2|25368|crew_log_041cadf652dfd9e3|0|1786390789.964|101.582|3.174|492453888|524533760|gen_data_55eb8ab1a21196f3|__AUTOMETRIC__
__AUTOMETRIC__|0.1.2|25368|crew_log_041cadf652dfd9e3|0|1786390790.968|102.639|3.207|492531712|524611584|gen_data_55eb8ab1a21196f3|__AUTOMETRIC__
__AUTOMETRIC__|0.1.2|25368|crew_log_041cadf652dfd9e3|0|1786390791.974|99.423|3.107|492593152|524673024|gen_data_55eb8ab1a21196f3|__AUTOMETRIC__
__AUTOMETRIC__|0.1.2|25368|crew_log_041cadf652dfd9e3|0|1786390792.977|99.656|3.114|492769280|524922880|gen_data_55eb8ab1a21196f3|__AUTOMETRIC__
__AUTOMETRIC__|0.1.2|25368|crew_log_041cadf652dfd9e3|0|1786390793.985|99.227|3.101|492691456|524845056|gen_data_55eb8ab1a21196f3|__AUTOMETRIC__
__AUTOMETRIC__|0.1.2|25368|crew_log_041cadf652dfd9e3|0|1786390794.988|98.184|3.068|492978176|525127680|gen_data_55eb8ab1a21196f3|__AUTOMETRIC__
__AUTOMETRIC__|0.1.2|25368|crew_log_041cadf652dfd9e3|0|1786390796.003|100.096|3.128|492957696|525058048|gen_data_55eb8ab1a21196f3|__AUTOMETRIC__
__AUTOMETRIC__|0.1.2|25368|crew_log_041cadf652dfd9e3|0|1786390797.015|100.282|3.134|492953600|525053952|gen_data_55eb8ab1a21196f3|__AUTOMETRIC__
__AUTOMETRIC__|0.1.2|25368|crew_log_041cadf652dfd9e3|0|1786390798.030|98.525|3.079|492859392|524959744|gen_data_55eb8ab1a21196f3|__AUTOMETRIC__
__AUTOMETRIC__|0.1.2|25368|crew_log_041cadf652dfd9e3|0|1786390799.046|99.987|3.125|492830720|524931072|gen_data_55eb8ab1a21196f3|__AUTOMETRIC__
__AUTOMETRIC__|0.1.2|25368|crew_log_041cadf652dfd9e3|0|1786390800.058|100.316|3.135|492871680|524972032|gen_data_55eb8ab1a21196f3|__AUTOMETRIC__
__AUTOMETRIC__|0.1.2|25368|crew_log_041cadf652dfd9e3|0|1786390801.061|95.108|2.972|493121536|525221888|gen_data_55eb8ab1a21196f3|__AUTOMETRIC__
__AUTOMETRIC__|0.1.2|25368|crew_log_041cadf652dfd9e3|0|1786390802.067|96.222|3.007|492912640|525012992|gen_data_55eb8ab1a21196f3|__AUTOMETRIC__
__AUTOMETRIC__|0.1.2|25368|crew_log_041cadf652dfd9e3|0|1786390803.075|99.229|3.101|492883968|524984320|gen_data_55eb8ab1a21196f3|__AUTOMETRIC__
__AUTOMETRIC__|0.1.2|25368|crew_log_041cadf652dfd9e3|0|1786390804.076|99.879|3.121|492740608|524840960|gen_data_55eb8ab1a21196f3|__AUTOMETRIC__
__AUTOMETRIC__|0.1.2|25368|crew_log_041cadf652dfd9e3|0|1786390805.091|100.097|3.128|492851200|524951552|gen_data_55eb8ab1a21196f3|__AUTOMETRIC__
__AUTOMETRIC__|0.1.2|25368|crew_log_041cadf652dfd9e3|0|1786390806.105|97.096|3.034|492687360|524787712|gen_data_55eb8ab1a21196f3|__AUTOMETRIC__
__AUTOMETRIC__|0.1.2|25368|crew_log_041cadf652dfd9e3|0|1786390807.107|102.862|3.214|492986368|525086720|gen_data_55eb8ab1a21196f3|__AUTOMETRIC__
__AUTOMETRIC__|0.1.2|25368|crew_log_041cadf652dfd9e3|0|1786390808.122|100.087|3.128|492806144|524914688|gen_data_55eb8ab1a21196f3|__AUTOMETRIC__
__AUTOMETRIC__|0.1.2|25368|crew_log_041cadf652dfd9e3|0|1786390809.124|99.783|3.118|492630016|524808192|gen_data_55eb8ab1a21196f3|__AUTOMETRIC__
__AUTOMETRIC__|0.1.2|25368|crew_log_041cadf652dfd9e3|0|1786390810.131|97.772|3.055|492838912|524947456|gen_data_55eb8ab1a21196f3|__AUTOMETRIC__
__AUTOMETRIC__|0.1.2|25368|crew_log_041cadf652dfd9e3|0|1786390811.145|100.192|3.131|492892160|525000704|gen_data_55eb8ab1a21196f3|__AUTOMETRIC__
__AUTOMETRIC__|0.1.2|25368|crew_log_041cadf652dfd9e3|0|1786390812.149|99.630|3.113|492670976|524779520|gen_data_55eb8ab1a21196f3|__AUTOMETRIC__
__AUTOMETRIC__|0.1.2|25368|crew_log_041cadf652dfd9e3|0|1786390813.157|100.685|3.146|492605440|524713984|gen_data_55eb8ab1a21196f3|__AUTOMETRIC__
__AUTOMETRIC__|0.1.2|25368|crew_log_041cadf652dfd9e3|0|1786390814.171|98.656|3.083|492724224|524914688|gen_data_55eb8ab1a21196f3|__AUTOMETRIC__
__AUTOMETRIC__|0.1.2|25368|crew_log_041cadf652dfd9e3|0|1786390815.182|95.853|2.995|492933120|525029376|gen_data_55eb8ab1a21196f3|__AUTOMETRIC__
__AUTOMETRIC__|0.1.2|25368|crew_log_041cadf652dfd9e3|0|1786390816.194|100.312|3.135|492711936|525008896|gen_data_55eb8ab1a21196f3|__AUTOMETRIC__
__AUTOMETRIC__|0.1.2|25368|crew_log_041cadf652dfd9e3|0|1786390817.206|100.357|3.136|492953600|525033472|gen_data_55eb8ab1a21196f3|__AUTOMETRIC__
__AUTOMETRIC__|0.1.2|25368|crew_log_041cadf652dfd9e3|0|1786390818.215|100.684|3.146|492544000|524623872|gen_data_55eb8ab1a21196f3|__AUTOMETRIC__
__AUTOMETRIC__|0.1.2|25368|crew_log_041cadf652dfd9e3|0|1786390819.216|96.718|3.022|492834816|525017088|gen_data_55eb8ab1a21196f3|__AUTOMETRIC__
__AUTOMETRIC__|0.1.2|25368|crew_log_041cadf652dfd9e3|0|1786390820.226|100.626|3.145|493088768|525291520|gen_data_55eb8ab1a21196f3|__AUTOMETRIC__
__AUTOMETRIC__|0.1.2|25368|crew_log_041cadf652dfd9e3|0|1786390821.237|98.877|3.090|492990464|525172736|gen_data_55eb8ab1a21196f3|__AUTOMETRIC__
__AUTOMETRIC__|0.1.2|25368|crew_log_041cadf652dfd9e3|0|1786390822.238|99.913|3.122|492806144|524988416|gen_data_55eb8ab1a21196f3|__AUTOMETRIC__
__AUTOMETRIC__|0.1.2|25368|crew_log_041cadf652dfd9e3|0|1786390823.251|100.202|3.131|492740608|524877824|gen_data_55eb8ab1a21196f3|__AUTOMETRIC__
__AUTOMETRIC__|0.1.2|25368|crew_log_041cadf652dfd9e3|0|1786390824.263|98.827|3.088|492822528|524959744|gen_data_55eb8ab1a21196f3|__AUTOMETRIC__
__AUTOMETRIC__|0.1.2|25368|crew_log_041cadf652dfd9e3|0|1786390825.274|97.401|3.044|493322240|525430784|gen_data_55eb8ab1a21196f3|__AUTOMETRIC__
__AUTOMETRIC__|0.1.2|25368|crew_log_041cadf652dfd9e3|0|1786390826.289|96.989|3.031|493244416|525328384|gen_data_55eb8ab1a21196f3|__AUTOMETRIC__
__AUTOMETRIC__|0.1.2|25368|crew_log_041cadf652dfd9e3|0|1786390827.293|101.162|3.161|493068288|525279232|gen_data_55eb8ab1a21196f3|__AUTOMETRIC__
__AUTOMETRIC__|0.1.2|25368|crew_log_041cadf652dfd9e3|0|1786390828.303|97.478|3.046|493481984|525565952|gen_data_55eb8ab1a21196f3|__AUTOMETRIC__
__AUTOMETRIC__|0.1.2|25368|crew_log_041cadf652dfd9e3|0|1786390829.308|99.520|3.110|493506560|525586432|gen_data_55eb8ab1a21196f3|__AUTOMETRIC__
__AUTOMETRIC__|0.1.2|25368|crew_log_041cadf652dfd9e3|0|1786390830.320|101.850|3.183|492756992|524836864|gen_data_55eb8ab1a21196f3|__AUTOMETRIC__
__AUTOMETRIC__|0.1.2|25368|crew_log_041cadf652dfd9e3|0|1786390831.333|100.219|3.132|492449792|524529664|gen_data_55eb8ab1a21196f3|__AUTOMETRIC__
__AUTOMETRIC__|0.1.2|25368|crew_log_041cadf652dfd9e3|0|1786390832.335|99.841|3.120|493019136|525099008|gen_data_55eb8ab1a21196f3|__AUTOMETRIC__
__AUTOMETRIC__|0.1.2|25368|crew_log_041cadf652dfd9e3|0|1786390833.346|100.467|3.140|492974080|525058048|gen_data_55eb8ab1a21196f3|__AUTOMETRIC__
__AUTOMETRIC__|0.1.2|25368|crew_log_041cadf652dfd9e3|0|1786390834.350|99.596|3.112|492904448|524988416|gen_data_55eb8ab1a21196f3|__AUTOMETRIC__
__AUTOMETRIC__|0.1.2|25368|crew_log_041cadf652dfd9e3|0|1786390835.355|101.107|3.160|492630016|524906496|gen_data_55eb8ab1a21196f3|__AUTOMETRIC__
__AUTOMETRIC__|0.1.2|25368|crew_log_041cadf652dfd9e3|0|1786390836.359|102.691|3.209|492699648|524779520|gen_data_55eb8ab1a21196f3|__AUTOMETRIC__
__AUTOMETRIC__|0.1.2|25368|crew_log_041cadf652dfd9e3|0|1786390837.374|100.003|3.125|492945408|525025280|gen_data_55eb8ab1a21196f3|__AUTOMETRIC__
__AUTOMETRIC__|0.1.2|25368|crew_log_041cadf652dfd9e3|0|1786390838.377|99.724|3.116|492724224|524845056|gen_data_55eb8ab1a21196f3|__AUTOMETRIC__
__AUTOMETRIC__|0.1.2|25368|crew_log_041cadf652dfd9e3|0|1786390839.383|99.418|3.107|493047808|525139968|gen_data_55eb8ab1a21196f3|__AUTOMETRIC__
__AUTOMETRIC__|0.1.2|25368|crew_log_041cadf652dfd9e3|0|1786390840.386|99.728|3.116|493080576|525172736|gen_data_55eb8ab1a21196f3|__AUTOMETRIC__
__AUTOMETRIC__|0.1.2|25368|crew_log_041cadf652dfd9e3|0|1786390841.400|98.620|3.082|493150208|525242368|gen_data_55eb8ab1a21196f3|__AUTOMETRIC__
__AUTOMETRIC__|0.1.2|25368|crew_log_041cadf652dfd9e3|0|1786390842.415|100.057|3.127|493015040|525107200|gen_data_55eb8ab1a21196f3|__AUTOMETRIC__
__AUTOMETRIC__|0.1.2|25368|crew_log_041cadf652dfd9e3|0|1786390843.427|100.314|3.135|493211648|525443072|gen_data_55eb8ab1a21196f3|__AUTOMETRIC__
__AUTOMETRIC__|0.1.2|25368|crew_log_041cadf652dfd9e3|0|1786390844.438|100.452|3.139|493207552|525307904|gen_data_55eb8ab1a21196f3|__AUTOMETRIC__
__AUTOMETRIC__|0.1.2|25368|crew_log_041cadf652dfd9e3|0|1786390845.442|99.630|3.113|493305856|525398016|gen_data_55eb8ab1a21196f3|__AUTOMETRIC__
__AUTOMETRIC__|0.1.2|25368|crew_log_041cadf652dfd9e3|0|1786390846.458|95.352|2.980|493301760|525381632|gen_data_55eb8ab1a21196f3|__AUTOMETRIC__
__AUTOMETRIC__|0.1.2|25368|crew_log_041cadf652dfd9e3|0|1786390847.472|98.563|3.080|493252608|525332480|gen_data_55eb8ab1a21196f3|__AUTOMETRIC__
__AUTOMETRIC__|0.1.2|25368|crew_log_041cadf652dfd9e3|0|1786390848.477|97.981|3.062|493056000|525135872|gen_data_55eb8ab1a21196f3|__AUTOMETRIC__
__AUTOMETRIC__|0.1.2|25368|crew_log_041cadf652dfd9e3|0|1786390849.478|98.340|3.073|493539328|525619200|gen_data_55eb8ab1a21196f3|__AUTOMETRIC__
__AUTOMETRIC__|0.1.2|25368|crew_log_041cadf652dfd9e3|0|1786390850.483|102.672|3.209|493613056|525692928|gen_data_55eb8ab1a21196f3|__AUTOMETRIC__
__AUTOMETRIC__|0.1.2|25368|crew_log_041cadf652dfd9e3|0|1786390851.495|98.779|3.087|493015040|525107200|gen_data_55eb8ab1a21196f3|__AUTOMETRIC__
__AUTOMETRIC__|0.1.2|25368|crew_log_041cadf652dfd9e3|0|1786390852.497|99.782|3.118|492912640|525008896|gen_data_55eb8ab1a21196f3|__AUTOMETRIC__
__AUTOMETRIC__|0.1.2|25368|crew_log_041cadf652dfd9e3|0|1786390853.501|98.101|3.066|493187072|525283328|gen_data_55eb8ab1a21196f3|__AUTOMETRIC__
__AUTOMETRIC__|0.1.2|25368|crew_log_041cadf652dfd9e3|0|1786390854.515|100.123|3.129|493133824|525230080|gen_data_55eb8ab1a21196f3|__AUTOMETRIC__
__AUTOMETRIC__|0.1.2|25368|crew_log_041cadf652dfd9e3|0|1786390855.531|100.001|3.125|492851200|524939264|gen_data_55eb8ab1a21196f3|__AUTOMETRIC__
__AUTOMETRIC__|0.1.2|25368|crew_log_041cadf652dfd9e3|0|1786390856.536|97.882|3.059|493158400|525246464|gen_data_55eb8ab1a21196f3|__AUTOMETRIC__
__AUTOMETRIC__|0.1.2|25368|crew_log_041cadf652dfd9e3|0|1786390857.551|98.537|3.079|492843008|524931072|gen_data_55eb8ab1a21196f3|__AUTOMETRIC__
__AUTOMETRIC__|0.1.2|25368|crew_log_041cadf652dfd9e3|0|1786390858.557|99.362|3.105|493142016|525254656|gen_data_55eb8ab1a21196f3|__AUTOMETRIC__
__AUTOMETRIC__|0.1.2|25368|crew_log_041cadf652dfd9e3|0|1786390859.562|102.644|3.208|493400064|525512704|gen_data_55eb8ab1a21196f3|__AUTOMETRIC__
__AUTOMETRIC__|0.1.2|25368|crew_log_041cadf652dfd9e3|0|1786390860.577|98.583|3.081|492998656|525099008|gen_data_55eb8ab1a21196f3|__AUTOMETRIC__
__AUTOMETRIC__|0.1.2|25368|crew_log_041cadf652dfd9e3|0|1786390861.580|99.665|3.115|493072384|525156352|gen_data_55eb8ab1a21196f3|__AUTOMETRIC__
__AUTOMETRIC__|0.1.2|25368|crew_log_041cadf652dfd9e3|0|1786390862.588|99.236|3.101|493076480|525160448|gen_data_55eb8ab1a21196f3|__AUTOMETRIC__
__AUTOMETRIC__|0.1.2|25368|crew_log_041cadf652dfd9e3|0|1786390863.600|100.362|3.136|493330432|525414400|gen_data_55eb8ab1a21196f3|__AUTOMETRIC__
__AUTOMETRIC__|0.1.2|25368|crew_log_041cadf652dfd9e3|0|1786390864.611|100.437|3.139|493424640|525553664|gen_data_55eb8ab1a21196f3|__AUTOMETRIC__
__AUTOMETRIC__|0.1.2|25368|crew_log_041cadf652dfd9e3|0|1786390865.626|100.048|3.127|493178880|525307904|gen_data_55eb8ab1a21196f3|__AUTOMETRIC__
__AUTOMETRIC__|0.1.2|25368|crew_log_041cadf652dfd9e3|0|1786390866.640|100.150|3.130|492871680|525000704|gen_data_55eb8ab1a21196f3|__AUTOMETRIC__
__AUTOMETRIC__|0.1.2|25368|crew_log_041cadf652dfd9e3|0|1786390867.654|98.624|3.082|493514752|525639680|gen_data_55eb8ab1a21196f3|__AUTOMETRIC__
__AUTOMETRIC__|0.1.2|25368|crew_log_041cadf652dfd9e3|0|1786390868.656|98.279|3.071|493342720|525467648|gen_data_55eb8ab1a21196f3|__AUTOMETRIC__
__AUTOMETRIC__|0.1.2|25368|crew_log_041cadf652dfd9e3|0|1786390869.666|99.015|3.094|493473792|525602816|gen_data_55eb8ab1a21196f3|__AUTOMETRIC__
__AUTOMETRIC__|0.1.2|25368|crew_log_041cadf652dfd9e3|0|1786390870.670|101.092|3.159|493166592|525373440|gen_data_55eb8ab1a21196f3|__AUTOMETRIC__
__AUTOMETRIC__|0.1.2|25368|crew_log_041cadf652dfd9e3|0|1786390871.685|100.078|3.127|493359104|525488128|gen_data_55eb8ab1a21196f3|__AUTOMETRIC__
__AUTOMETRIC__|0.1.2|25368|crew_log_041cadf652dfd9e3|0|1786390872.689|98.011|3.063|493195264|525324288|gen_data_55eb8ab1a21196f3|__AUTOMETRIC__
__AUTOMETRIC__|0.1.2|25368|crew_log_041cadf652dfd9e3|0|1786390873.699|99.018|3.094|493232128|525348864|gen_data_55eb8ab1a21196f3|__AUTOMETRIC__
__AUTOMETRIC__|0.1.2|25368|crew_log_041cadf652dfd9e3|0|1786390874.702|95.093|2.972|493441024|525549568|gen_data_55eb8ab1a21196f3|__AUTOMETRIC__
__AUTOMETRIC__|0.1.2|25368|crew_log_041cadf652dfd9e3|0|1786390875.714|97.261|3.039|493371392|525479936|gen_data_55eb8ab1a21196f3|__AUTOMETRIC__
__AUTOMETRIC__|0.1.2|25368|crew_log_041cadf652dfd9e3|0|1786390876.716|101.333|3.167|493510656|525619200|gen_data_55eb8ab1a21196f3|__AUTOMETRIC__
__AUTOMETRIC__|0.1.2|25368|crew_log_041cadf652dfd9e3|0|1786390877.726|97.481|3.046|493211648|525320192|gen_data_55eb8ab1a21196f3|__AUTOMETRIC__
__AUTOMETRIC__|0.1.2|25368|crew_log_041cadf652dfd9e3|0|1786390878.732|97.802|3.056|492924928|525033472|gen_data_55eb8ab1a21196f3|__AUTOMETRIC__
__AUTOMETRIC__|0.1.2|25368|crew_log_041cadf652dfd9e3|0|1786390879.740|99.216|3.101|493469696|525635584|gen_data_55eb8ab1a21196f3|__AUTOMETRIC__
__AUTOMETRIC__|0.1.2|25368|crew_log_041cadf652dfd9e3|0|1786390880.754|98.591|3.081|493502464|525598720|gen_data_55eb8ab1a21196f3|__AUTOMETRIC__
__AUTOMETRIC__|0.1.2|25368|crew_log_041cadf652dfd9e3|0|1786390881.768|98.664|3.083|493481984|525565952|gen_data_55eb8ab1a21196f3|__AUTOMETRIC__
__AUTOMETRIC__|0.1.2|25368|crew_log_041cadf652dfd9e3|0|1786390882.781|94.101|2.941|492867584|525041664|gen_data_55eb8ab1a21196f3|__AUTOMETRIC__
__AUTOMETRIC__|0.1.2|25368|crew_log_041cadf652dfd9e3|0|1786390883.788|97.736|3.054|493039616|525123584|gen_data_55eb8ab1a21196f3|__AUTOMETRIC__
__AUTOMETRIC__|0.1.2|25368|crew_log_041cadf652dfd9e3|0|1786390884.790|98.205|3.069|492687360|524771328|gen_data_55eb8ab1a21196f3|__AUTOMETRIC__
__AUTOMETRIC__|0.1.2|25368|crew_log_041cadf652dfd9e3|0|1786390885.792|96.738|3.023|492982272|525066240|gen_data_55eb8ab1a21196f3|__AUTOMETRIC__
__AUTOMETRIC__|0.1.2|25368|crew_log_041cadf652dfd9e3|0|1786390886.801|100.617|3.144|493355008|525438976|gen_data_55eb8ab1a21196f3|__AUTOMETRIC__
__AUTOMETRIC__|0.1.2|25368|crew_log_041cadf652dfd9e3|0|1786390887.813|100.426|3.138|493404160|525488128|gen_data_55eb8ab1a21196f3|__AUTOMETRIC__
__AUTOMETRIC__|0.1.2|25368|crew_log_041cadf652dfd9e3|0|1786390888.828|100.046|3.126|493084672|525168640|gen_data_55eb8ab1a21196f3|__AUTOMETRIC__
__AUTOMETRIC__|0.1.2|25368|crew_log_041cadf652dfd9e3|0|1786390889.840|98.776|3.087|493109248|525221888|gen_data_55eb8ab1a21196f3|__AUTOMETRIC__
__AUTOMETRIC__|0.1.2|25368|crew_log_041cadf652dfd9e3|0|1786390890.847|100.841|3.151|493015040|525127680|gen_data_55eb8ab1a21196f3|__AUTOMETRIC__
__AUTOMETRIC__|0.1.2|25368|crew_log_041cadf652dfd9e3|0|1786390891.858|97.383|3.043|493084672|525189120|gen_data_55eb8ab1a21196f3|__AUTOMETRIC__
__AUTOMETRIC__|0.1.2|25368|crew_log_041cadf652dfd9e3|0|1786390892.860|99.798|3.119|493072384|525160448|gen_data_55eb8ab1a21196f3|__AUTOMETRIC__
__AUTOMETRIC__|0.1.2|25368|crew_log_041cadf652dfd9e3|0|1786390893.862|98.229|3.070|493051904|525139968|gen_data_55eb8ab1a21196f3|__AUTOMETRIC__
__AUTOMETRIC__|0.1.2|25368|crew_log_041cadf652dfd9e3|0|1786390894.876|98.647|3.083|493621248|525709312|gen_data_55eb8ab1a21196f3|__AUTOMETRIC__
__AUTOMETRIC__|0.1.2|25368|crew_log_041cadf652dfd9e3|0|1786390895.883|97.716|3.054|487538688|519622656|gen_data_55eb8ab1a21196f3|__AUTOMETRIC__
__AUTOMETRIC__|0.1.2|25368|crew_log_041cadf652dfd9e3|0|1786390896.896|98.697|3.084|493277184|525418496|gen_data_55eb8ab1a21196f3|__AUTOMETRIC__
__AUTOMETRIC__|0.1.2|25368|crew_log_041cadf652dfd9e3|0|1786390897.909|98.732|3.085|493142016|525479936|gen_data_55eb8ab1a21196f3|__AUTOMETRIC__
__AUTOMETRIC__|0.1.2|25368|crew_log_041cadf652dfd9e3|0|1786390898.911|98.285|3.071|493101056|525242368|gen_data_55eb8ab1a21196f3|__AUTOMETRIC__
__AUTOMETRIC__|0.1.2|25368|crew_log_041cadf652dfd9e3|0|1786390899.921|100.521|3.141|493297664|525553664|gen_data_55eb8ab1a21196f3|__AUTOMETRIC__
__AUTOMETRIC__|0.1.2|25368|crew_log_041cadf652dfd9e3|0|1786390900.924|99.750|3.117|493285376|525426688|gen_data_55eb8ab1a21196f3|__AUTOMETRIC__
__AUTOMETRIC__|0.1.2|25368|crew_log_041cadf652dfd9e3|0|1786390901.926|99.816|3.119|492969984|525111296|gen_data_55eb8ab1a21196f3|__AUTOMETRIC__
__AUTOMETRIC__|0.1.2|25368|crew_log_041cadf652dfd9e3|0|1786390902.940|98.565|3.080|492736512|524869632|gen_data_55eb8ab1a21196f3|__AUTOMETRIC__
__AUTOMETRIC__|0.1.2|25368|crew_log_041cadf652dfd9e3|0|1786390903.944|99.592|3.112|493473792|525594624|gen_data_55eb8ab1a21196f3|__AUTOMETRIC__
__AUTOMETRIC__|0.1.2|25368|crew_log_041cadf652dfd9e3|0|1786390904.957|100.283|3.134|493166592|525283328|gen_data_55eb8ab1a21196f3|__AUTOMETRIC__
__AUTOMETRIC__|0.1.2|25368|crew_log_041cadf652dfd9e3|0|1786390905.969|98.779|3.087|493068288|525185024|gen_data_55eb8ab1a21196f3|__AUTOMETRIC__
__AUTOMETRIC__|0.1.2|25368|crew_log_041cadf652dfd9e3|0|1786390906.982|97.226|3.038|493543424|525668352|gen_data_55eb8ab1a21196f3|__AUTOMETRIC__
__AUTOMETRIC__|0.1.2|25368|crew_log_041cadf652dfd9e3|0|1786390907.994|98.807|3.088|493314048|525430784|gen_data_55eb8ab1a21196f3|__AUTOMETRIC__
__AUTOMETRIC__|0.1.2|25368|crew_log_041cadf652dfd9e3|0|1786390909.002|102.267|3.196|493215744|525332480|gen_data_55eb8ab1a21196f3|__AUTOMETRIC__
__AUTOMETRIC__|0.1.2|25368|crew_log_041cadf652dfd9e3|0|1786390910.016|98.673|3.084|493047808|525164544|gen_data_55eb8ab1a21196f3|__AUTOMETRIC__
__AUTOMETRIC__|0.1.2|25368|crew_log_041cadf652dfd9e3|0|1786390911.028|97.284|3.040|493551616|525668352|gen_data_55eb8ab1a21196f3|__AUTOMETRIC__
__AUTOMETRIC__|0.1.2|25368|crew_log_041cadf652dfd9e3|0|1786390912.041|98.628|3.082|493490176|525606912|gen_data_55eb8ab1a21196f3|__AUTOMETRIC__
__AUTOMETRIC__|0.1.2|25368|crew_log_041cadf652dfd9e3|0|1786390913.047|102.584|3.206|493473792|525590528|gen_data_55eb8ab1a21196f3|__AUTOMETRIC__
__AUTOMETRIC__|0.1.2|25368|crew_log_041cadf652dfd9e3|0|1786390914.058|100.483|3.140|493371392|525488128|gen_data_55eb8ab1a21196f3|__AUTOMETRIC__
__AUTOMETRIC__|0.1.2|25368|crew_log_041cadf652dfd9e3|0|1786390915.058|98.412|3.075|493793280|525910016|gen_data_55eb8ab1a21196f3|__AUTOMETRIC__
__AUTOMETRIC__|0.1.2|25368|crew_log_041cadf652dfd9e3|0|1786390916.070|95.670|2.990|493748224|525864960|gen_data_55eb8ab1a21196f3|__AUTOMETRIC__
__AUTOMETRIC__|0.1.2|25368|crew_log_041cadf652dfd9e3|0|1786390917.082|100.388|3.137|493301760|525594624|gen_data_55eb8ab1a21196f3|__AUTOMETRIC__
__AUTOMETRIC__|0.1.2|25368|crew_log_041cadf652dfd9e3|0|1786390918.094|100.318|3.135|493768704|525885440|gen_data_55eb8ab1a21196f3|__AUTOMETRIC__
__AUTOMETRIC__|0.1.2|25368|crew_log_041cadf652dfd9e3|0|1786390919.098|99.615|3.113|493654016|525770752|gen_data_55eb8ab1a21196f3|__AUTOMETRIC__
__AUTOMETRIC__|0.1.2|25368|crew_log_041cadf652dfd9e3|0|1786390920.109|98.971|3.093|493068288|525185024|gen_data_55eb8ab1a21196f3|__AUTOMETRIC__
__AUTOMETRIC__|0.1.2|25368|crew_log_041cadf652dfd9e3|0|1786390921.124|100.074|3.127|493678592|525885440|gen_data_55eb8ab1a21196f3|__AUTOMETRIC__
__AUTOMETRIC__|0.1.2|25368|crew_log_041cadf652dfd9e3|0|1786390922.127|99.668|3.115|493649920|525791232|gen_data_55eb8ab1a21196f3|__AUTOMETRIC__
__AUTOMETRIC__|0.1.2|25368|crew_log_041cadf652dfd9e3|0|1786390923.128|99.890|3.122|493645824|525762560|gen_data_55eb8ab1a21196f3|__AUTOMETRIC__
__AUTOMETRIC__|0.1.2|25368|crew_log_041cadf652dfd9e3|0|1786390924.129|99.878|3.121|493682688|525799424|gen_data_55eb8ab1a21196f3|__AUTOMETRIC__
__AUTOMETRIC__|0.1.2|25368|crew_log_041cadf652dfd9e3|0|1786390925.130|98.315|3.072|493412352|525574144|gen_data_55eb8ab1a21196f3|__AUTOMETRIC__
__AUTOMETRIC__|0.1.2|25368|crew_log_041cadf652dfd9e3|0|1786390926.140|100.572|3.143|493309952|525463552|gen_data_55eb8ab1a21196f3|__AUTOMETRIC__
__AUTOMETRIC__|0.1.2|25368|crew_log_041cadf652dfd9e3|0|1786390927.143|99.717|3.116|493199360|525352960|gen_data_55eb8ab1a21196f3|__AUTOMETRIC__
__AUTOMETRIC__|0.1.2|25368|crew_log_041cadf652dfd9e3|0|1786390928.145|99.776|3.118|493469696|525602816|gen_data_55eb8ab1a21196f3|__AUTOMETRIC__
__AUTOMETRIC__|0.1.2|25368|crew_log_041cadf652dfd9e3|0|1786390929.155|99.033|3.095|493588480|525709312|gen_data_55eb8ab1a21196f3|__AUTOMETRIC__
__AUTOMETRIC__|0.1.2|25368|crew_log_041cadf652dfd9e3|0|1786390930.165|97.465|3.046|493817856|525938688|gen_data_55eb8ab1a21196f3|__AUTOMETRIC__
__AUTOMETRIC__|0.1.2|25368|crew_log_041cadf652dfd9e3|0|1786390931.167|101.365|3.168|493662208|525778944|gen_data_55eb8ab1a21196f3|__AUTOMETRIC__
__AUTOMETRIC__|0.1.2|25368|crew_log_041cadf652dfd9e3|0|1786390932.170|99.690|3.115|493498368|525635584|gen_data_55eb8ab1a21196f3|__AUTOMETRIC__
__AUTOMETRIC__|0.1.2|25368|crew_log_041cadf652dfd9e3|0|1786390933.172|99.844|3.120|494419968|526557184|gen_data_55eb8ab1a21196f3|__AUTOMETRIC__
__AUTOMETRIC__|0.1.2|25368|crew_log_041cadf652dfd9e3|0|1786390934.174|98.263|3.071|494149632|526286848|gen_data_55eb8ab1a21196f3|__AUTOMETRIC__
__AUTOMETRIC__|0.1.2|25368|crew_log_041cadf652dfd9e3|0|1786390935.177|99.644|3.114|494215168|526352384|gen_data_55eb8ab1a21196f3|__AUTOMETRIC__
__AUTOMETRIC__|0.1.2|25368|crew_log_041cadf652dfd9e3|0|1786390936.179|99.824|3.120|494219264|526356480|gen_data_55eb8ab1a21196f3|__AUTOMETRIC__
__AUTOMETRIC__|0.1.2|25368|crew_log_041cadf652dfd9e3|0|1786390937.193|100.108|3.128|494170112|526307328|gen_data_55eb8ab1a21196f3|__AUTOMETRIC__
__AUTOMETRIC__|0.1.2|25368|crew_log_041cadf652dfd9e3|0|1786390938.207|98.669|3.083|494243840|526381056|gen_data_55eb8ab1a21196f3|__AUTOMETRIC__
__AUTOMETRIC__|0.1.2|25368|crew_log_041cadf652dfd9e3|0|1786390939.221|97.091|3.034|494276608|526413824|gen_data_55eb8ab1a21196f3|__AUTOMETRIC__
__AUTOMETRIC__|0.1.2|25368|crew_log_041cadf652dfd9e3|0|1786390940.229|97.608|3.050|494256128|526393344|gen_data_55eb8ab1a21196f3|__AUTOMETRIC__
__AUTOMETRIC__|0.1.2|25368|crew_log_041cadf652dfd9e3|0|1786390941.241|98.818|3.088|494215168|526352384|gen_data_55eb8ab1a21196f3|__AUTOMETRIC__
__AUTOMETRIC__|0.1.2|25368|crew_log_041cadf652dfd9e3|0|1786390942.256|100.094|3.128|494280704|526417920|gen_data_55eb8ab1a21196f3|__AUTOMETRIC__
__AUTOMETRIC__|0.1.2|25368|crew_log_041cadf652dfd9e3|0|1786390943.262|102.538|3.204|493891584|526016512|gen_data_55eb8ab1a21196f3|__AUTOMETRIC__
__AUTOMETRIC__|0.1.2|25368|crew_log_041cadf652dfd9e3|0|1786390944.276|97.052|3.033|494088192|526209024|gen_data_55eb8ab1a21196f3|__AUTOMETRIC__
__AUTOMETRIC__|0.1.2|25368|crew_log_041cadf652dfd9e3|0|1786390945.288|100.327|3.135|494088192|526209024|gen_data_55eb8ab1a21196f3|__AUTOMETRIC__
__AUTOMETRIC__|0.1.2|25368|crew_log_041cadf652dfd9e3|0|1786390946.300|100.413|3.138|493920256|526061568|gen_data_55eb8ab1a21196f3|__AUTOMETRIC__
__AUTOMETRIC__|0.1.2|25368|crew_log_041cadf652dfd9e3|0|1786390947.302|98.246|3.070|493932544|526262272|gen_data_55eb8ab1a21196f3|__AUTOMETRIC__
__AUTOMETRIC__|0.1.2|25368|crew_log_041cadf652dfd9e3|0|1786390948.308|100.913|3.154|494190592|526331904|gen_data_55eb8ab1a21196f3|__AUTOMETRIC__
__AUTOMETRIC__|0.1.2|25368|crew_log_041cadf652dfd9e3|0|1786390949.309|98.298|3.072|494174208|526303232|gen_data_55eb8ab1a21196f3|__AUTOMETRIC__
__AUTOMETRIC__|0.1.2|25368|crew_log_041cadf652dfd9e3|0|1786390950.325|99.982|3.124|494358528|526483456|gen_data_55eb8ab1a21196f3|__AUTOMETRIC__
__AUTOMETRIC__|0.1.2|25368|crew_log_041cadf652dfd9e3|0|1786390951.340|100.131|3.129|494161920|526286848|gen_data_55eb8ab1a21196f3|__AUTOMETRIC__
__AUTOMETRIC__|0.1.2|25368|crew_log_041cadf652dfd9e3|0|1786390952.355|99.975|3.124|494256128|526381056|gen_data_55eb8ab1a21196f3|__AUTOMETRIC__
__AUTOMETRIC__|0.1.2|25368|crew_log_041cadf652dfd9e3|0|1786390953.367|95.775|2.993|494751744|526876672|gen_data_55eb8ab1a21196f3|__AUTOMETRIC__
__AUTOMETRIC__|0.1.2|25368|crew_log_041cadf652dfd9e3|0|1786390954.375|100.722|3.148|494338048|526462976|gen_data_55eb8ab1a21196f3|__AUTOMETRIC__
__AUTOMETRIC__|0.1.2|25368|crew_log_041cadf652dfd9e3|0|1786390955.383|96.120|3.004|494604288|526729216|gen_data_55eb8ab1a21196f3|__AUTOMETRIC__
__AUTOMETRIC__|0.1.2|25368|crew_log_041cadf652dfd9e3|0|1786390956.391|100.725|3.148|494444544|526577664|gen_data_55eb8ab1a21196f3|__AUTOMETRIC__
__AUTOMETRIC__|0.1.2|25368|crew_log_041cadf652dfd9e3|0|1786390957.401|99.037|3.095|494354432|526487552|gen_data_55eb8ab1a21196f3|__AUTOMETRIC__
__AUTOMETRIC__|0.1.2|25368|crew_log_041cadf652dfd9e3|0|1786390958.414|100.248|3.133|494624768|526757888|gen_data_55eb8ab1a21196f3|__AUTOMETRIC__
__AUTOMETRIC__|0.1.2|25368|crew_log_041cadf652dfd9e3|0|1786390959.429|100.073|3.127|494551040|526675968|gen_data_55eb8ab1a21196f3|__AUTOMETRIC__
__AUTOMETRIC__|0.1.2|25368|crew_log_041cadf652dfd9e3|0|1786390960.441|100.356|3.136|494669824|526794752|gen_data_55eb8ab1a21196f3|__AUTOMETRIC__
__AUTOMETRIC__|0.1.2|25368|crew_log_041cadf652dfd9e3|0|1786390961.455|100.192|3.131|494505984|526630912|gen_data_55eb8ab1a21196f3|__AUTOMETRIC__
__AUTOMETRIC__|0.1.2|25368|crew_log_041cadf652dfd9e3|0|1786390962.459|99.573|3.112|494596096|526712832|gen_data_55eb8ab1a21196f3|__AUTOMETRIC__
__AUTOMETRIC__|0.1.2|25368|crew_log_041cadf652dfd9e3|0|1786390963.466|100.916|3.154|494850048|526966784|gen_data_55eb8ab1a21196f3|__AUTOMETRIC__
__AUTOMETRIC__|0.1.2|25368|crew_log_041cadf652dfd9e3|0|1786390964.474|99.200|3.100|494796800|526913536|gen_data_55eb8ab1a21196f3|__AUTOMETRIC__
__AUTOMETRIC__|0.1.2|25368|crew_log_041cadf652dfd9e3|0|1786390965.482|100.748|3.148|494366720|526495744|gen_data_55eb8ab1a21196f3|__AUTOMETRIC__
__AUTOMETRIC__|0.1.2|25368|crew_log_041cadf652dfd9e3|0|1786390966.494|98.748|3.086|494112768|526237696|gen_data_55eb8ab1a21196f3|__AUTOMETRIC__
__AUTOMETRIC__|0.1.2|25368|crew_log_041cadf652dfd9e3|0|1786390967.497|99.723|3.116|494104576|526196736|gen_data_55eb8ab1a21196f3|__AUTOMETRIC__
__AUTOMETRIC__|0.1.2|25368|crew_log_041cadf652dfd9e3|0|1786390968.504|99.304|3.103|494219264|526311424|gen_data_55eb8ab1a21196f3|__AUTOMETRIC__
__AUTOMETRIC__|0.1.2|25368|crew_log_041cadf652dfd9e3|0|1786390969.514|100.622|3.144|494276608|526368768|gen_data_55eb8ab1a21196f3|__AUTOMETRIC__
__AUTOMETRIC__|0.1.2|25368|crew_log_041cadf652dfd9e3|0|1786390970.529|100.007|3.125|494104576|526196736|gen_data_55eb8ab1a21196f3|__AUTOMETRIC__
__AUTOMETRIC__|0.1.2|25368|crew_log_041cadf652dfd9e3|0|1786390971.541|97.240|3.039|494473216|526565376|gen_data_55eb8ab1a21196f3|__AUTOMETRIC__
__AUTOMETRIC__|0.1.2|25368|crew_log_041cadf652dfd9e3|0|1786390972.553|100.374|3.137|494563328|526659584|gen_data_55eb8ab1a21196f3|__AUTOMETRIC__
__AUTOMETRIC__|0.1.2|25368|crew_log_041cadf652dfd9e3|0|1786390973.563|99.020|3.094|494342144|526438400|gen_data_55eb8ab1a21196f3|__AUTOMETRIC__
__AUTOMETRIC__|0.1.2|25368|crew_log_041cadf652dfd9e3|0|1786390974.568|99.525|3.110|494452736|526557184|gen_data_55eb8ab1a21196f3|__AUTOMETRIC__
__AUTOMETRIC__|0.1.2|25368|crew_log_041cadf652dfd9e3|0|1786390975.579|98.893|3.090|494530560|526626816|gen_data_55eb8ab1a21196f3|__AUTOMETRIC__
__AUTOMETRIC__|0.1.2|25368|crew_log_041cadf652dfd9e3|0|1786390976.590|100.487|3.140|494530560|526626816|gen_data_55eb8ab1a21196f3|__AUTOMETRIC__
__AUTOMETRIC__|0.1.2|25368|crew_log_041cadf652dfd9e3|0|1786390977.595|97.952|3.061|494596096|526692352|gen_data_55eb8ab1a21196f3|__AUTOMETRIC__
__AUTOMETRIC__|0.1.2|25368|crew_log_041cadf652dfd9e3|0|1786390978.603|99.213|3.100|494399488|526495744|gen_data_55eb8ab1a21196f3|__AUTOMETRIC__
__AUTOMETRIC__|0.1.2|25368|crew_log_041cadf652dfd9e3|0|1786390979.607|101.120|3.160|494575616|526675968|gen_data_55eb8ab1a21196f3|__AUTOMETRIC__
__AUTOMETRIC__|0.1.2|25368|crew_log_041cadf652dfd9e3|0|1786390980.616|96.029|3.001|494575616|526675968|gen_data_55eb8ab1a21196f3|__AUTOMETRIC__
__AUTOMETRIC__|0.1.2|25368|crew_log_041cadf652dfd9e3|0|1786390981.629|100.216|3.132|494366720|526467072|gen_data_55eb8ab1a21196f3|__AUTOMETRIC__
__AUTOMETRIC__|0.1.2|25368|crew_log_041cadf652dfd9e3|0|1786390982.631|99.789|3.118|494616576|526704640|gen_data_55eb8ab1a21196f3|__AUTOMETRIC__
__AUTOMETRIC__|0.1.2|25368|crew_log_041cadf652dfd9e3|0|1786390983.646|100.072|3.127|494604288|526688256|gen_data_55eb8ab1a21196f3|__AUTOMETRIC__
__AUTOMETRIC__|0.1.2|25368|crew_log_041cadf652dfd9e3|0|1786390984.655|99.100|3.097|494714880|526798848|gen_data_55eb8ab1a21196f3|__AUTOMETRIC__
__AUTOMETRIC__|0.1.2|25368|crew_log_041cadf652dfd9e3|0|1786390985.658|99.739|3.117|495161344|527245312|gen_data_55eb8ab1a21196f3|__AUTOMETRIC__
__AUTOMETRIC__|0.1.2|25368|crew_log_041cadf652dfd9e3|0|1786390986.670|98.800|3.087|494538752|526659584|gen_data_55eb8ab1a21196f3|__AUTOMETRIC__
__AUTOMETRIC__|0.1.2|25368|crew_log_041cadf652dfd9e3|0|1786390987.670|99.986|3.125|494772224|526872576|gen_data_55eb8ab1a21196f3|__AUTOMETRIC__
__AUTOMETRIC__|0.1.2|25368|crew_log_041cadf652dfd9e3|0|1786390988.674|99.671|3.115|494866432|526983168|gen_data_55eb8ab1a21196f3|__AUTOMETRIC__
__AUTOMETRIC__|0.1.2|25368|crew_log_041cadf652dfd9e3|0|1786390989.681|99.229|3.101|494690304|526790656|gen_data_55eb8ab1a21196f3|__AUTOMETRIC__
__AUTOMETRIC__|0.1.2|25368|crew_log_041cadf652dfd9e3|0|1786390990.695|98.618|3.082|494682112|526778368|gen_data_55eb8ab1a21196f3|__AUTOMETRIC__
__AUTOMETRIC__|0.1.2|25368|crew_log_041cadf652dfd9e3|0|1786390991.710|98.552|3.080|494768128|526864384|gen_data_55eb8ab1a21196f3|__AUTOMETRIC__
__AUTOMETRIC__|0.1.2|25368|crew_log_041cadf652dfd9e3|0|1786390992.714|99.653|3.114|495009792|527118336|gen_data_55eb8ab1a21196f3|__AUTOMETRIC__
__AUTOMETRIC__|0.1.2|25368|crew_log_041cadf652dfd9e3|0|1786390993.716|99.776|3.118|494686208|526786560|gen_data_55eb8ab1a21196f3|__AUTOMETRIC__
__AUTOMETRIC__|0.1.2|25368|crew_log_041cadf652dfd9e3|0|1786390994.729|97.133|3.035|495001600|527101952|gen_data_55eb8ab1a21196f3|__AUTOMETRIC__
__AUTOMETRIC__|0.1.2|25368|crew_log_041cadf652dfd9e3|0|1786390995.744|98.504|3.078|494747648|526839808|gen_data_55eb8ab1a21196f3|__AUTOMETRIC__
__AUTOMETRIC__|0.1.2|25368|crew_log_041cadf652dfd9e3|0|1786390996.756|100.433|3.139|494813184|526901248|gen_data_55eb8ab1a21196f3|__AUTOMETRIC__
__AUTOMETRIC__|0.1.2|25368|crew_log_041cadf652dfd9e3|0|1786390997.767|100.448|3.139|494645248|526733312|gen_data_55eb8ab1a21196f3|__AUTOMETRIC__
__AUTOMETRIC__|0.1.2|25368|crew_log_041cadf652dfd9e3|0|1786390998.773|99.388|3.106|495001600|527089664|gen_data_55eb8ab1a21196f3|__AUTOMETRIC__
__AUTOMETRIC__|0.1.2|25368|crew_log_041cadf652dfd9e3|0|1786390999.775|101.357|3.167|494854144|526942208|gen_data_55eb8ab1a21196f3|__AUTOMETRIC__
__AUTOMETRIC__|0.1.2|25368|crew_log_041cadf652dfd9e3|0|1786391000.789|100.110|3.128|494759936|526848000|gen_data_55eb8ab1a21196f3|__AUTOMETRIC__
__AUTOMETRIC__|0.1.2|25368|crew_log_041cadf652dfd9e3|0|1786391001.792|101.268|3.165|494960640|527048704|gen_data_55eb8ab1a21196f3|__AUTOMETRIC__
__AUTOMETRIC__|0.1.2|25368|crew_log_041cadf652dfd9e3|0|1786391002.807|98.512|3.079|494686208|526774272|gen_data_55eb8ab1a21196f3|__AUTOMETRIC__
__AUTOMETRIC__|0.1.2|25368|crew_log_041cadf652dfd9e3|0|1786391003.812|97.966|3.061|494678016|526766080|gen_data_55eb8ab1a21196f3|__AUTOMETRIC__
__AUTOMETRIC__|0.1.2|25368|crew_log_041cadf652dfd9e3|0|1786391004.816|99.637|3.114|494870528|526958592|gen_data_55eb8ab1a21196f3|__AUTOMETRIC__
__AUTOMETRIC__|0.1.2|25368|crew_log_041cadf652dfd9e3|0|1786391005.828|98.819|3.088|494911488|526999552|gen_data_55eb8ab1a21196f3|__AUTOMETRIC__
__AUTOMETRIC__|0.1.2|25368|crew_log_041cadf652dfd9e3|0|1786391006.841|100.219|3.132|495091712|527282176|gen_data_55eb8ab1a21196f3|__AUTOMETRIC__
__AUTOMETRIC__|0.1.2|25368|crew_log_041cadf652dfd9e3|0|1786391007.856|100.140|3.129|494653440|526737408|gen_data_55eb8ab1a21196f3|__AUTOMETRIC__
__AUTOMETRIC__|0.1.2|25368|crew_log_041cadf652dfd9e3|0|1786391008.862|97.845|3.058|494600192|526684160|gen_data_55eb8ab1a21196f3|__AUTOMETRIC__
__AUTOMETRIC__|0.1.2|25368|crew_log_041cadf652dfd9e3|0|1786391009.870|100.739|3.148|494608384|526729216|gen_data_55eb8ab1a21196f3|__AUTOMETRIC__
__AUTOMETRIC__|0.1.2|25368|crew_log_041cadf652dfd9e3|0|1786391010.885|98.473|3.077|494825472|526946304|gen_data_55eb8ab1a21196f3|__AUTOMETRIC__
__AUTOMETRIC__|0.1.2|25368|crew_log_041cadf652dfd9e3|0|1786391011.887|98.282|3.071|494735360|526856192|gen_data_55eb8ab1a21196f3|__AUTOMETRIC__
__AUTOMETRIC__|0.1.2|25368|crew_log_041cadf652dfd9e3|0|1786391012.891|99.633|3.114|494899200|527020032|gen_data_55eb8ab1a21196f3|__AUTOMETRIC__
__AUTOMETRIC__|0.1.2|25368|crew_log_041cadf652dfd9e3|0|1786391013.904|100.257|3.133|494796800|526884864|gen_data_55eb8ab1a21196f3|__AUTOMETRIC__
__AUTOMETRIC__|0.1.2|25368|crew_log_041cadf652dfd9e3|0|1786391014.916|98.779|3.087|494575616|526663680|gen_data_55eb8ab1a21196f3|__AUTOMETRIC__
__AUTOMETRIC__|0.1.2|25368|crew_log_041cadf652dfd9e3|0|1786391015.931|98.534|3.079|494870528|526958592|gen_data_55eb8ab1a21196f3|__AUTOMETRIC__
__AUTOMETRIC__|0.1.2|25368|crew_log_041cadf652dfd9e3|0|1786391016.943|101.886|3.184|494841856|526966784|gen_data_55eb8ab1a21196f3|__AUTOMETRIC__
__AUTOMETRIC__|0.1.2|25368|crew_log_041cadf652dfd9e3|0|1786391017.946|98.119|3.066|494796800|526893056|gen_data_55eb8ab1a21196f3|__AUTOMETRIC__
__AUTOMETRIC__|0.1.2|25368|crew_log_041cadf652dfd9e3|0|1786391018.949|101.274|3.165|494837760|526934016|gen_data_55eb8ab1a21196f3|__AUTOMETRIC__
__AUTOMETRIC__|0.1.2|25368|crew_log_041cadf652dfd9e3|0|1786391019.964|100.037|3.126|494612480|526708736|gen_data_55eb8ab1a21196f3|__AUTOMETRIC__
__AUTOMETRIC__|0.1.2|25368|crew_log_041cadf652dfd9e3|0|1786391020.979|100.042|3.126|494833664|527011840|gen_data_55eb8ab1a21196f3|__AUTOMETRIC__
__AUTOMETRIC__|0.1.2|25368|crew_log_041cadf652dfd9e3|0|1786391021.996|98.408|3.075|494891008|526974976|gen_data_55eb8ab1a21196f3|__AUTOMETRIC__
__AUTOMETRIC__|0.1.2|25368|crew_log_041cadf652dfd9e3|0|1786391023.000|99.532|3.110|494923776|527011840|gen_data_55eb8ab1a21196f3|__AUTOMETRIC__
__AUTOMETRIC__|0.1.2|25368|crew_log_041cadf652dfd9e3|0|1786391024.015|100.048|3.127|494903296|526991360|gen_data_55eb8ab1a21196f3|__AUTOMETRIC__
__AUTOMETRIC__|0.1.2|25368|crew_log_041cadf652dfd9e3|0|1786391025.016|96.862|3.027|494936064|527040512|gen_data_55eb8ab1a21196f3|__AUTOMETRIC__
__AUTOMETRIC__|0.1.2|25368|crew_log_041cadf652dfd9e3|0|1786391026.030|100.144|3.130|494997504|527306752|gen_data_55eb8ab1a21196f3|__AUTOMETRIC__
__AUTOMETRIC__|0.1.2|25368|crew_log_041cadf652dfd9e3|0|1786391027.033|98.160|3.067|495140864|527224832|gen_data_55eb8ab1a21196f3|__AUTOMETRIC__
__AUTOMETRIC__|0.1.2|25368|crew_log_041cadf652dfd9e3|0|1786391028.037|99.601|3.113|494931968|527015936|gen_data_55eb8ab1a21196f3|__AUTOMETRIC__
__AUTOMETRIC__|0.1.2|25368|crew_log_041cadf652dfd9e3|0|1786391029.045|100.675|3.146|495140864|527224832|gen_data_55eb8ab1a21196f3|__AUTOMETRIC__
__AUTOMETRIC__|0.1.2|25368|crew_log_041cadf652dfd9e3|0|1786391030.060|98.557|3.080|494964736|527048704|gen_data_55eb8ab1a21196f3|__AUTOMETRIC__
__AUTOMETRIC__|0.1.2|25368|crew_log_041cadf652dfd9e3|0|1786391031.067|99.326|3.104|494882816|526966784|gen_data_55eb8ab1a21196f3|__AUTOMETRIC__
__AUTOMETRIC__|0.1.2|25368|crew_log_041cadf652dfd9e3|0|1786391032.073|100.915|3.154|495079424|527163392|gen_data_55eb8ab1a21196f3|__AUTOMETRIC__
__AUTOMETRIC__|0.1.2|25368|crew_log_041cadf652dfd9e3|0|1786391033.075|99.810|3.119|495140864|527224832|gen_data_55eb8ab1a21196f3|__AUTOMETRIC__
__AUTOMETRIC__|0.1.2|25368|crew_log_041cadf652dfd9e3|0|1786391034.086|95.844|2.995|495202304|527294464|gen_data_55eb8ab1a21196f3|__AUTOMETRIC__
__AUTOMETRIC__|0.1.2|25368|crew_log_041cadf652dfd9e3|0|1786391035.090|99.600|3.113|494747648|526839808|gen_data_55eb8ab1a21196f3|__AUTOMETRIC__
__AUTOMETRIC__|0.1.2|25368|crew_log_041cadf652dfd9e3|0|1786391036.097|96.200|3.006|494940160|527024128|gen_data_55eb8ab1a21196f3|__AUTOMETRIC__
__AUTOMETRIC__|0.1.2|25368|crew_log_041cadf652dfd9e3|0|1786391037.112|100.088|3.128|494850048|526938112|gen_data_55eb8ab1a21196f3|__AUTOMETRIC__
__AUTOMETRIC__|0.1.2|25368|crew_log_041cadf652dfd9e3|0|1786391038.120|99.178|3.099|495067136|527155200|gen_data_55eb8ab1a21196f3|__AUTOMETRIC__
__AUTOMETRIC__|0.1.2|25368|crew_log_041cadf652dfd9e3|0|1786391039.126|99.368|3.105|495083520|527171584|gen_data_55eb8ab1a21196f3|__AUTOMETRIC__
__AUTOMETRIC__|0.1.2|25368|crew_log_041cadf652dfd9e3|0|1786391040.139|98.746|3.086|495091712|527179776|gen_data_55eb8ab1a21196f3|__AUTOMETRIC__
__AUTOMETRIC__|0.1.2|25368|crew_log_041cadf652dfd9e3|0|1786391041.144|99.493|3.109|495079424|527167488|gen_data_55eb8ab1a21196f3|__AUTOMETRIC__
__AUTOMETRIC__|0.1.2|25368|crew_log_041cadf652dfd9e3|0|1786391042.158|100.191|3.131|494972928|527060992|gen_data_55eb8ab1a21196f3|__AUTOMETRIC__
__AUTOMETRIC__|0.1.2|25368|crew_log_041cadf652dfd9e3|0|1786391043.161|99.719|3.116|495050752|527138816|gen_data_55eb8ab1a21196f3|__AUTOMETRIC__
__AUTOMETRIC__|0.1.2|25368|crew_log_041cadf652dfd9e3|0|1786391044.162|98.332|3.073|495112192|527200256|gen_data_55eb8ab1a21196f3|__AUTOMETRIC__
__AUTOMETRIC__|0.1.2|25368|crew_log_041cadf652dfd9e3|0|1786391045.163|99.857|3.121|495198208|527286272|gen_data_55eb8ab1a21196f3|__AUTOMETRIC__
__AUTOMETRIC__|0.1.2|25368|crew_log_041cadf652dfd9e3|0|1786391046.172|100.650|3.145|494972928|527060992|gen_data_55eb8ab1a21196f3|__AUTOMETRIC__
__AUTOMETRIC__|0.1.2|25368|crew_log_041cadf652dfd9e3|0|1786391047.186|100.211|3.132|495136768|527224832|gen_data_55eb8ab1a21196f3|__AUTOMETRIC__
__AUTOMETRIC__|0.1.2|25368|crew_log_041cadf652dfd9e3|0|1786391048.196|97.395|3.044|495046656|527134720|gen_data_55eb8ab1a21196f3|__AUTOMETRIC__
__AUTOMETRIC__|0.1.2|25368|crew_log_041cadf652dfd9e3|0|1786391049.199|104.439|3.264|495009792|527097856|gen_data_55eb8ab1a21196f3|__AUTOMETRIC__
__AUTOMETRIC__|0.1.2|25368|crew_log_041cadf652dfd9e3|0|1786391050.207|99.201|3.100|494956544|527040512|gen_data_55eb8ab1a21196f3|__AUTOMETRIC__
__AUTOMETRIC__|0.1.2|25368|crew_log_041cadf652dfd9e3|0|1786391051.221|98.613|3.082|494911488|526999552|gen_data_55eb8ab1a21196f3|__AUTOMETRIC__
__AUTOMETRIC__|0.1.2|25368|crew_log_041cadf652dfd9e3|0|1786391052.225|99.549|3.111|494972928|527060992|gen_data_55eb8ab1a21196f3|__AUTOMETRIC__
__AUTOMETRIC__|0.1.2|25368|crew_log_041cadf652dfd9e3|0|1786391053.227|101.353|3.167|494931968|527028224|gen_data_55eb8ab1a21196f3|__AUTOMETRIC__
__AUTOMETRIC__|0.1.2|25368|crew_log_041cadf652dfd9e3|0|1786391054.230|102.875|3.215|495013888|527097856|gen_data_55eb8ab1a21196f3|__AUTOMETRIC__
__AUTOMETRIC__|0.1.2|25368|crew_log_041cadf652dfd9e3|0|1786391055.236|99.412|3.107|494960640|527044608|gen_data_55eb8ab1a21196f3|__AUTOMETRIC__
__AUTOMETRIC__|0.1.2|25368|crew_log_041cadf652dfd9e3|0|1786391056.239|99.733|3.117|495075328|527171584|gen_data_55eb8ab1a21196f3|__AUTOMETRIC__
__AUTOMETRIC__|0.1.2|25368|crew_log_041cadf652dfd9e3|0|1786391057.253|100.092|3.128|495067136|527159296|gen_data_55eb8ab1a21196f3|__AUTOMETRIC__
__AUTOMETRIC__|0.1.2|25368|crew_log_041cadf652dfd9e3|0|1786391058.264|100.517|3.141|495214592|527302656|gen_data_55eb8ab1a21196f3|__AUTOMETRIC__
__AUTOMETRIC__|0.1.2|25368|crew_log_041cadf652dfd9e3|0|1786391059.267|99.669|3.115|495120384|527208448|gen_data_55eb8ab1a21196f3|__AUTOMETRIC__
__AUTOMETRIC__|0.1.2|25368|crew_log_041cadf652dfd9e3|0|1786391060.267|96.821|3.026|495079424|527171584|gen_data_55eb8ab1a21196f3|__AUTOMETRIC__
__AUTOMETRIC__|0.1.2|25368|crew_log_041cadf652dfd9e3|0|1786391061.275|99.252|3.102|494792704|526987264|gen_data_55eb8ab1a21196f3|__AUTOMETRIC__
__AUTOMETRIC__|0.1.2|25368|crew_log_041cadf652dfd9e3|0|1786391062.277|98.265|3.071|495017984|527228928|gen_data_55eb8ab1a21196f3|__AUTOMETRIC__
__AUTOMETRIC__|0.1.2|25368|crew_log_041cadf652dfd9e3|0|1786391063.292|100.051|3.127|494948352|527179776|gen_data_55eb8ab1a21196f3|__AUTOMETRIC__
__AUTOMETRIC__|0.1.2|25368|crew_log_041cadf652dfd9e3|0|1786391064.306|95.568|2.987|495169536|527400960|gen_data_55eb8ab1a21196f3|__AUTOMETRIC__
__AUTOMETRIC__|0.1.2|25368|crew_log_041cadf652dfd9e3|0|1786391065.316|102.074|3.190|495099904|527331328|gen_data_55eb8ab1a21196f3|__AUTOMETRIC__
__AUTOMETRIC__|0.1.2|25368|crew_log_041cadf652dfd9e3|0|1786391066.322|96.320|3.010|495312896|527544320|gen_data_55eb8ab1a21196f3|__AUTOMETRIC__
__AUTOMETRIC__|0.1.2|25368|crew_log_041cadf652dfd9e3|0|1786391067.336|101.631|3.176|495165440|527396864|gen_data_55eb8ab1a21196f3|__AUTOMETRIC__
__AUTOMETRIC__|0.1.2|25368|crew_log_041cadf652dfd9e3|0|1786391068.348|101.952|3.186|495308800|527544320|gen_data_55eb8ab1a21196f3|__AUTOMETRIC__
__AUTOMETRIC__|0.1.2|25368|crew_log_041cadf652dfd9e3|0|1786391069.350|99.825|3.120|494923776|527159296|gen_data_55eb8ab1a21196f3|__AUTOMETRIC__
__AUTOMETRIC__|0.1.2|25368|crew_log_041cadf652dfd9e3|0|1786391070.355|101.037|3.157|495202304|527437824|gen_data_55eb8ab1a21196f3|__AUTOMETRIC__
__AUTOMETRIC__|0.1.2|25368|crew_log_041cadf652dfd9e3|0|1786391071.363|97.647|3.051|494907392|527142912|gen_data_55eb8ab1a21196f3|__AUTOMETRIC__
__AUTOMETRIC__|0.1.2|25368|crew_log_041cadf652dfd9e3|0|1786391072.373|100.532|3.142|494870528|527060992|gen_data_55eb8ab1a21196f3|__AUTOMETRIC__
__AUTOMETRIC__|0.1.2|25368|crew_log_041cadf652dfd9e3|0|1786391073.380|96.190|3.006|495149056|527351808|gen_data_55eb8ab1a21196f3|__AUTOMETRIC__
__AUTOMETRIC__|0.1.2|25368|crew_log_041cadf652dfd9e3|0|1786391074.396|100.006|3.125|494936064|527134720|gen_data_55eb8ab1a21196f3|__AUTOMETRIC__
__AUTOMETRIC__|0.1.2|25368|crew_log_041cadf652dfd9e3|0|1786391075.405|100.644|3.145|495091712|527290368|gen_data_55eb8ab1a21196f3|__AUTOMETRIC__
__AUTOMETRIC__|0.1.2|25368|crew_log_041cadf652dfd9e3|0|1786391076.410|97.930|3.060|494931968|527130624|gen_data_55eb8ab1a21196f3|__AUTOMETRIC__
__AUTOMETRIC__|0.1.2|25368|crew_log_041cadf652dfd9e3|0|1786391077.416|97.866|3.058|495239168|527437824|gen_data_55eb8ab1a21196f3|__AUTOMETRIC__
__AUTOMETRIC__|0.1.2|25368|crew_log_041cadf652dfd9e3|0|1786391078.425|100.642|3.145|495149056|527347712|gen_data_55eb8ab1a21196f3|__AUTOMETRIC__
__AUTOMETRIC__|0.1.2|25368|crew_log_041cadf652dfd9e3|0|1786391079.439|98.589|3.081|495308800|527507456|gen_data_55eb8ab1a21196f3|__AUTOMETRIC__
__AUTOMETRIC__|0.1.2|25368|crew_log_041cadf652dfd9e3|0|1786391080.453|100.180|3.131|494759936|526950400|gen_data_55eb8ab1a21196f3|__AUTOMETRIC__
__AUTOMETRIC__|0.1.2|25368|crew_log_041cadf652dfd9e3|0|1786391081.455|98.267|3.071|494968832|527159296|gen_data_55eb8ab1a21196f3|__AUTOMETRIC__
__AUTOMETRIC__|0.1.2|25368|crew_log_041cadf652dfd9e3|0|1786391082.459|99.595|3.112|494997504|527187968|gen_data_55eb8ab1a21196f3|__AUTOMETRIC__
__AUTOMETRIC__|0.1.2|25368|crew_log_041cadf652dfd9e3|0|1786391083.473|100.193|3.131|495058944|527249408|gen_data_55eb8ab1a21196f3|__AUTOMETRIC__
__AUTOMETRIC__|0.1.2|25368|crew_log_041cadf652dfd9e3|0|1786391084.477|99.616|3.113|495230976|527421440|gen_data_55eb8ab1a21196f3|__AUTOMETRIC__
__AUTOMETRIC__|0.1.2|25368|crew_log_041cadf652dfd9e3|0|1786391085.485|102.266|3.196|495222784|527413248|gen_data_55eb8ab1a21196f3|__AUTOMETRIC__
__AUTOMETRIC__|0.1.2|25368|crew_log_041cadf652dfd9e3|0|1786391086.487|99.837|3.120|495218688|527409152|gen_data_55eb8ab1a21196f3|__AUTOMETRIC__
__AUTOMETRIC__|0.1.2|25368|crew_log_041cadf652dfd9e3|0|1786391087.496|100.638|3.145|495374336|527564800|gen_data_55eb8ab1a21196f3|__AUTOMETRIC__
__AUTOMETRIC__|0.1.2|25368|crew_log_041cadf652dfd9e3|0|1786391088.502|97.803|3.056|495398912|527589376|gen_data_55eb8ab1a21196f3|__AUTOMETRIC__
__AUTOMETRIC__|0.1.2|25368|crew_log_041cadf652dfd9e3|0|1786391089.504|99.818|3.119|495484928|527777792|gen_data_55eb8ab1a21196f3|__AUTOMETRIC__
__AUTOMETRIC__|0.1.2|25368|crew_log_041cadf652dfd9e3|0|1786391090.507|96.563|3.018|495521792|527712256|gen_data_55eb8ab1a21196f3|__AUTOMETRIC__
__AUTOMETRIC__|0.1.2|25368|crew_log_041cadf652dfd9e3|0|1786391091.512|99.578|3.112|495497216|527687680|gen_data_55eb8ab1a21196f3|__AUTOMETRIC__
__AUTOMETRIC__|0.1.2|25368|crew_log_041cadf652dfd9e3|0|1786391092.518|99.351|3.105|495538176|527728640|gen_data_55eb8ab1a21196f3|__AUTOMETRIC__
__AUTOMETRIC__|0.1.2|25368|crew_log_041cadf652dfd9e3|0|1786391093.532|98.639|3.082|495144960|527335424|gen_data_55eb8ab1a21196f3|__AUTOMETRIC__
__AUTOMETRIC__|0.1.2|25368|crew_log_041cadf652dfd9e3|0|1786391094.537|97.896|3.059|495112192|527314944|gen_data_55eb8ab1a21196f3|__AUTOMETRIC__
__AUTOMETRIC__|0.1.2|25368|crew_log_041cadf652dfd9e3|0|1786391095.554|98.400|3.075|495202304|527405056|gen_data_55eb8ab1a21196f3|__AUTOMETRIC__
__AUTOMETRIC__|0.1.2|25368|crew_log_041cadf652dfd9e3|0|1786391096.561|100.776|3.149|495034368|527224832|gen_data_55eb8ab1a21196f3|__AUTOMETRIC__
__AUTOMETRIC__|0.1.2|25368|crew_log_041cadf652dfd9e3|0|1786391097.577|96.921|3.029|495173632|527392768|gen_data_55eb8ab1a21196f3|__AUTOMETRIC__
__AUTOMETRIC__|0.1.2|25368|crew_log_041cadf652dfd9e3|0|1786391098.580|99.677|3.115|495108096|527327232|gen_data_55eb8ab1a21196f3|__AUTOMETRIC__
__AUTOMETRIC__|0.1.2|25368|crew_log_041cadf652dfd9e3|0|1786391099.587|99.320|3.104|495353856|527572992|gen_data_55eb8ab1a21196f3|__AUTOMETRIC__
__AUTOMETRIC__|0.1.2|25368|crew_log_041cadf652dfd9e3|0|1786391100.597|98.998|3.094|495558656|527765504|gen_data_55eb8ab1a21196f3|__AUTOMETRIC__
__AUTOMETRIC__|0.1.2|25368|crew_log_041cadf652dfd9e3|0|1786391101.601|98.043|3.064|495206400|527413248|gen_data_55eb8ab1a21196f3|__AUTOMETRIC__
__AUTOMETRIC__|0.1.2|25368|crew_log_041cadf652dfd9e3|0|1786391102.609|102.325|3.198|495603712|527806464|gen_data_55eb8ab1a21196f3|__AUTOMETRIC__
__AUTOMETRIC__|0.1.2|25368|crew_log_041cadf652dfd9e3|0|1786391103.612|99.768|3.118|495575040|527777792|gen_data_55eb8ab1a21196f3|__AUTOMETRIC__
__AUTOMETRIC__|0.1.2|25368|crew_log_041cadf652dfd9e3|0|1786391104.625|100.223|3.132|495398912|527593472|gen_data_55eb8ab1a21196f3|__AUTOMETRIC__
__AUTOMETRIC__|0.1.2|25368|crew_log_041cadf652dfd9e3|0|1786391105.635|99.031|3.095|495386624|527581184|gen_data_55eb8ab1a21196f3|__AUTOMETRIC__
__AUTOMETRIC__|0.1.2|25368|crew_log_041cadf652dfd9e3|0|1786391106.648|100.260|3.133|495554560|527769600|gen_data_55eb8ab1a21196f3|__AUTOMETRIC__
__AUTOMETRIC__|0.1.2|25368|crew_log_041cadf652dfd9e3|0|1786391107.656|97.577|3.049|495460352|527650816|gen_data_55eb8ab1a21196f3|__AUTOMETRIC__
__AUTOMETRIC__|0.1.2|25368|crew_log_041cadf652dfd9e3|0|1786391108.669|100.273|3.134|495599616|527790080|gen_data_55eb8ab1a21196f3|__AUTOMETRIC__
__AUTOMETRIC__|0.1.2|25368|crew_log_041cadf652dfd9e3|0|1786391109.681|97.338|3.042|495738880|527937536|gen_data_55eb8ab1a21196f3|__AUTOMETRIC__
__AUTOMETRIC__|0.1.2|25368|crew_log_041cadf652dfd9e3|0|1786391110.696|101.575|3.174|495898624|528089088|gen_data_55eb8ab1a21196f3|__AUTOMETRIC__
__AUTOMETRIC__|0.1.2|25368|crew_log_041cadf652dfd9e3|0|1786391111.706|100.555|3.142|495669248|527859712|gen_data_55eb8ab1a21196f3|__AUTOMETRIC__
__AUTOMETRIC__|0.1.2|25368|crew_log_041cadf652dfd9e3|0|1786391112.715|100.623|3.144|495902720|528093184|gen_data_55eb8ab1a21196f3|__AUTOMETRIC__
__AUTOMETRIC__|0.1.2|25368|crew_log_041cadf652dfd9e3|0|1786391113.730|100.126|3.129|495792128|527982592|gen_data_55eb8ab1a21196f3|__AUTOMETRIC__
__AUTOMETRIC__|0.1.2|25368|crew_log_041cadf652dfd9e3|0|1786391114.733|98.089|3.065|495579136|527769600|gen_data_55eb8ab1a21196f3|__AUTOMETRIC__
__AUTOMETRIC__|0.1.2|25368|crew_log_041cadf652dfd9e3|0|1786391115.736|98.203|3.069|495927296|528117760|gen_data_55eb8ab1a21196f3|__AUTOMETRIC__
__AUTOMETRIC__|0.1.2|25368|crew_log_041cadf652dfd9e3|0|1786391116.750|100.164|3.130|495902720|528093184|gen_data_55eb8ab1a21196f3|__AUTOMETRIC__
__AUTOMETRIC__|0.1.2|25368|crew_log_041cadf652dfd9e3|0|1786391117.761|97.332|3.042|495837184|528044032|gen_data_55eb8ab1a21196f3|__AUTOMETRIC__
__AUTOMETRIC__|0.1.2|25368|crew_log_041cadf652dfd9e3|0|1786391118.771|100.577|3.143|495755264|527962112|gen_data_55eb8ab1a21196f3|__AUTOMETRIC__
__AUTOMETRIC__|0.1.2|25368|crew_log_041cadf652dfd9e3|0|1786391119.784|100.218|3.132|495591424|527790080|gen_data_55eb8ab1a21196f3|__AUTOMETRIC__
__AUTOMETRIC__|0.1.2|25368|crew_log_041cadf652dfd9e3|0|1786391120.792|99.192|3.100|495906816|528097280|gen_data_55eb8ab1a21196f3|__AUTOMETRIC__
__AUTOMETRIC__|0.1.2|25368|crew_log_041cadf652dfd9e3|0|1786391121.805|98.722|3.085|495845376|528035840|gen_data_55eb8ab1a21196f3|__AUTOMETRIC__
__AUTOMETRIC__|0.1.2|25368|crew_log_041cadf652dfd9e3|0|1786391122.820|100.118|3.129|495919104|528109568|gen_data_55eb8ab1a21196f3|__AUTOMETRIC__
__AUTOMETRIC__|0.1.2|25368|crew_log_041cadf652dfd9e3|0|1786391123.833|98.664|3.083|495661056|527851520|gen_data_55eb8ab1a21196f3|__AUTOMETRIC__
__AUTOMETRIC__|0.1.2|25368|crew_log_041cadf652dfd9e3|0|1786391124.848|100.039|3.126|495730688|527921152|gen_data_55eb8ab1a21196f3|__AUTOMETRIC__
__AUTOMETRIC__|0.1.2|25368|crew_log_041cadf652dfd9e3|0|1786391125.853|97.949|3.061|495775744|527966208|gen_data_55eb8ab1a21196f3|__AUTOMETRIC__
__AUTOMETRIC__|0.1.2|25368|crew_log_041cadf652dfd9e3|0|1786391126.866|97.204|3.038|495710208|527900672|gen_data_55eb8ab1a21196f3|__AUTOMETRIC__
__AUTOMETRIC__|0.1.2|25368|crew_log_041cadf652dfd9e3|0|1786391127.868|98.235|3.070|496001024|528191488|gen_data_55eb8ab1a21196f3|__AUTOMETRIC__
__AUTOMETRIC__|0.1.2|25368|crew_log_041cadf652dfd9e3|0|1786391128.883|97.009|3.032|495853568|528044032|gen_data_55eb8ab1a21196f3|__AUTOMETRIC__
__AUTOMETRIC__|0.1.2|25368|crew_log_041cadf652dfd9e3|0|1786391129.885|101.308|3.166|495816704|528007168|gen_data_55eb8ab1a21196f3|__AUTOMETRIC__
__AUTOMETRIC__|0.1.2|25368|crew_log_041cadf652dfd9e3|0|1786391130.893|99.274|3.102|495751168|527941632|gen_data_55eb8ab1a21196f3|__AUTOMETRIC__
__AUTOMETRIC__|0.1.2|25368|crew_log_041cadf652dfd9e3|0|1786391131.895|99.806|3.119|496152576|528343040|gen_data_55eb8ab1a21196f3|__AUTOMETRIC__
__AUTOMETRIC__|0.1.2|25368|crew_log_041cadf652dfd9e3|0|1786391132.900|101.001|3.156|495878144|528068608|gen_data_55eb8ab1a21196f3|__AUTOMETRIC__
__AUTOMETRIC__|0.1.2|25368|crew_log_041cadf652dfd9e3|0|1786391133.902|98.243|3.070|495910912|528101376|gen_data_55eb8ab1a21196f3|__AUTOMETRIC__
__AUTOMETRIC__|0.1.2|25368|crew_log_041cadf652dfd9e3|0|1786391134.905|98.166|3.068|495566848|527757312|gen_data_55eb8ab1a21196f3|__AUTOMETRIC__
__AUTOMETRIC__|0.1.2|25368|crew_log_041cadf652dfd9e3|0|1786391135.912|99.325|3.104|495644672|527835136|gen_data_55eb8ab1a21196f3|__AUTOMETRIC__
__AUTOMETRIC__|0.1.2|25368|crew_log_041cadf652dfd9e3|0|1786391136.915|99.710|3.116|495775744|528003072|gen_data_55eb8ab1a21196f3|__AUTOMETRIC__
__AUTOMETRIC__|0.1.2|25368|crew_log_041cadf652dfd9e3|0|1786391137.930|101.577|3.174|495837184|528064512|gen_data_55eb8ab1a21196f3|__AUTOMETRIC__
__AUTOMETRIC__|0.1.2|25368|crew_log_041cadf652dfd9e3|0|1786391138.932|104.493|3.265|495800320|528027648|gen_data_55eb8ab1a21196f3|__AUTOMETRIC__
__AUTOMETRIC__|0.1.2|25368|crew_log_041cadf652dfd9e3|0|1786391139.943|98.838|3.089|495955968|528183296|gen_data_55eb8ab1a21196f3|__AUTOMETRIC__
__AUTOMETRIC__|0.1.2|25368|crew_log_041cadf652dfd9e3|0|1786391140.944|96.795|3.025|495685632|528052224|gen_data_55eb8ab1a21196f3|__AUTOMETRIC__
__AUTOMETRIC__|0.1.2|25368|crew_log_041cadf652dfd9e3|0|1786391141.945|99.902|3.122|495939584|528138240|gen_data_55eb8ab1a21196f3|__AUTOMETRIC__
__AUTOMETRIC__|0.1.2|25368|crew_log_041cadf652dfd9e3|0|1786391142.954|99.107|3.097|495931392|528146432|gen_data_55eb8ab1a21196f3|__AUTOMETRIC__
__AUTOMETRIC__|0.1.2|25368|crew_log_041cadf652dfd9e3|0|1786391143.965|100.447|3.139|495738880|527949824|gen_data_55eb8ab1a21196f3|__AUTOMETRIC__
__AUTOMETRIC__|0.1.2|25368|crew_log_041cadf652dfd9e3|0|1786391144.969|96.504|3.016|496091136|528314368|gen_data_55eb8ab1a21196f3|__AUTOMETRIC__
__AUTOMETRIC__|0.1.2|25368|crew_log_041cadf652dfd9e3|0|1786391145.983|98.666|3.083|495878144|528068608|gen_data_55eb8ab1a21196f3|__AUTOMETRIC__
__AUTOMETRIC__|0.1.2|25368|crew_log_041cadf652dfd9e3|0|1786391146.997|100.135|3.129|496050176|528240640|gen_data_55eb8ab1a21196f3|__AUTOMETRIC__
__AUTOMETRIC__|0.1.2|25368|crew_log_041cadf652dfd9e3|0|1786391148.003|99.360|3.105|495726592|527917056|gen_data_55eb8ab1a21196f3|__AUTOMETRIC__
__AUTOMETRIC__|0.1.2|25368|crew_log_041cadf652dfd9e3|0|1786391149.007|99.688|3.115|495702016|527892480|gen_data_55eb8ab1a21196f3|__AUTOMETRIC__
__AUTOMETRIC__|0.1.2|25368|crew_log_041cadf652dfd9e3|0|1786391150.013|99.386|3.106|495706112|528109568|gen_data_55eb8ab1a21196f3|__AUTOMETRIC__
__AUTOMETRIC__|0.1.2|25368|crew_log_041cadf652dfd9e3|0|1786391151.016|99.685|3.115|495976448|528179200|gen_data_55eb8ab1a21196f3|__AUTOMETRIC__
__AUTOMETRIC__|0.1.2|25368|crew_log_041cadf652dfd9e3|0|1786391152.029|97.146|3.036|495751168|527953920|gen_data_55eb8ab1a21196f3|__AUTOMETRIC__
__AUTOMETRIC__|0.1.2|25368|crew_log_041cadf652dfd9e3|0|1786391153.035|99.447|3.108|495820800|528023552|gen_data_55eb8ab1a21196f3|__AUTOMETRIC__
__AUTOMETRIC__|0.1.2|25368|crew_log_041cadf652dfd9e3|0|1786391154.037|99.827|3.120|495648768|527851520|gen_data_55eb8ab1a21196f3|__AUTOMETRIC__
__AUTOMETRIC__|0.1.2|25368|crew_log_041cadf652dfd9e3|0|1786391155.038|98.312|3.072|496197632|528388096|gen_data_55eb8ab1a21196f3|__AUTOMETRIC__
__AUTOMETRIC__|0.1.2|25368|crew_log_041cadf652dfd9e3|0|1786391156.049|98.922|3.091|496111616|528302080|gen_data_55eb8ab1a21196f3|__AUTOMETRIC__
__AUTOMETRIC__|0.1.2|25368|crew_log_041cadf652dfd9e3|0|1786391157.063|98.594|3.081|496451584|528642048|gen_data_55eb8ab1a21196f3|__AUTOMETRIC__
__AUTOMETRIC__|0.1.2|25368|crew_log_041cadf652dfd9e3|0|1786391158.077|98.582|3.081|496222208|528412672|gen_data_55eb8ab1a21196f3|__AUTOMETRIC__
__AUTOMETRIC__|0.1.2|25368|crew_log_041cadf652dfd9e3|0|1786391159.089|98.893|3.090|496123904|528314368|gen_data_55eb8ab1a21196f3|__AUTOMETRIC__
__AUTOMETRIC__|0.1.2|25368|crew_log_041cadf652dfd9e3|0|1786391160.097|97.621|3.051|496050176|528240640|gen_data_55eb8ab1a21196f3|__AUTOMETRIC__
__AUTOMETRIC__|0.1.2|25368|crew_log_041cadf652dfd9e3|0|1786391161.101|96.481|3.015|495935488|528125952|gen_data_55eb8ab1a21196f3|__AUTOMETRIC__
__AUTOMETRIC__|0.1.2|25368|crew_log_041cadf652dfd9e3|0|1786391162.117|98.415|3.075|496279552|528470016|gen_data_55eb8ab1a21196f3|__AUTOMETRIC__
__AUTOMETRIC__|0.1.2|25368|crew_log_041cadf652dfd9e3|0|1786391163.131|101.674|3.177|496144384|528334848|gen_data_55eb8ab1a21196f3|__AUTOMETRIC__
__AUTOMETRIC__|0.1.2|25368|crew_log_041cadf652dfd9e3|0|1786391164.136|101.084|3.159|496001024|528191488|gen_data_55eb8ab1a21196f3|__AUTOMETRIC__
__AUTOMETRIC__|0.1.2|25368|crew_log_041cadf652dfd9e3|0|1786391165.144|99.226|3.101|496062464|528261120|gen_data_55eb8ab1a21196f3|__AUTOMETRIC__
__AUTOMETRIC__|0.1.2|25368|crew_log_041cadf652dfd9e3|0|1786391166.156|100.328|3.135|496181248|528371712|gen_data_55eb8ab1a21196f3|__AUTOMETRIC__
__AUTOMETRIC__|0.1.2|25368|crew_log_041cadf652dfd9e3|0|1786391167.169|100.282|3.134|496332800|528523264|gen_data_55eb8ab1a21196f3|__AUTOMETRIC__
__AUTOMETRIC__|0.1.2|25368|crew_log_041cadf652dfd9e3|0|1786391168.184|100.060|3.127|496164864|528355328|gen_data_55eb8ab1a21196f3|__AUTOMETRIC__
__AUTOMETRIC__|0.1.2|25368|crew_log_041cadf652dfd9e3|0|1786391169.199|98.556|3.080|496271360|528461824|gen_data_55eb8ab1a21196f3|__AUTOMETRIC__
__AUTOMETRIC__|0.1.2|25368|crew_log_041cadf652dfd9e3|0|1786391170.208|97.572|3.049|496508928|528707584|gen_data_55eb8ab1a21196f3|__AUTOMETRIC__
__AUTOMETRIC__|0.1.2|25368|crew_log_041cadf652dfd9e3|0|1786391171.211|99.640|3.114|496230400|528420864|gen_data_55eb8ab1a21196f3|__AUTOMETRIC__
__AUTOMETRIC__|0.1.2|25368|crew_log_041cadf652dfd9e3|0|1786391172.217|100.996|3.156|496369664|528560128|gen_data_55eb8ab1a21196f3|__AUTOMETRIC__
__AUTOMETRIC__|0.1.2|25368|crew_log_041cadf652dfd9e3|0|1786391173.226|99.119|3.097|496328704|528519168|gen_data_55eb8ab1a21196f3|__AUTOMETRIC__
__AUTOMETRIC__|0.1.2|25368|crew_log_041cadf652dfd9e3|0|1786391174.240|98.571|3.080|496373760|528580608|gen_data_55eb8ab1a21196f3|__AUTOMETRIC__
__AUTOMETRIC__|0.1.2|25368|crew_log_041cadf652dfd9e3|0|1786391175.253|101.811|3.182|496263168|528461824|gen_data_55eb8ab1a21196f3|__AUTOMETRIC__
__AUTOMETRIC__|0.1.2|25368|crew_log_041cadf652dfd9e3|0|1786391176.269|98.473|3.077|496107520|528297984|gen_data_55eb8ab1a21196f3|__AUTOMETRIC__
__AUTOMETRIC__|0.1.2|25368|crew_log_041cadf652dfd9e3|0|1786391177.273|97.997|3.062|496263168|528453632|gen_data_55eb8ab1a21196f3|__AUTOMETRIC__
__AUTOMETRIC__|0.1.2|25368|crew_log_041cadf652dfd9e3|0|1786391178.280|100.855|3.152|496381952|528572416|gen_data_55eb8ab1a21196f3|__AUTOMETRIC__
__AUTOMETRIC__|0.1.2|25368|crew_log_041cadf652dfd9e3|0|1786391179.286|99.370|3.105|496578560|528777216|gen_data_55eb8ab1a21196f3|__AUTOMETRIC__
__AUTOMETRIC__|0.1.2|25368|crew_log_041cadf652dfd9e3|0|1786391180.301|100.124|3.129|496123904|528322560|gen_data_55eb8ab1a21196f3|__AUTOMETRIC__
__AUTOMETRIC__|0.1.2|25368|crew_log_041cadf652dfd9e3|0|1786391181.312|98.878|3.090|496467968|528658432|gen_data_55eb8ab1a21196f3|__AUTOMETRIC__
__AUTOMETRIC__|0.1.2|25368|crew_log_041cadf652dfd9e3|0|1786391182.322|99.064|3.096|496349184|528539648|gen_data_55eb8ab1a21196f3|__AUTOMETRIC__
__AUTOMETRIC__|0.1.2|25368|crew_log_041cadf652dfd9e3|0|1786391183.322|99.959|3.124|496357376|528556032|gen_data_55eb8ab1a21196f3|__AUTOMETRIC__
__AUTOMETRIC__|0.1.2|25368|crew_log_041cadf652dfd9e3|0|1786391184.330|99.166|3.099|496467968|528658432|gen_data_55eb8ab1a21196f3|__AUTOMETRIC__
__AUTOMETRIC__|0.1.2|25368|crew_log_041cadf652dfd9e3|0|1786391185.345|98.570|3.080|496414720|528605184|gen_data_55eb8ab1a21196f3|__AUTOMETRIC__
__AUTOMETRIC__|0.1.2|25368|crew_log_041cadf652dfd9e3|0|1786391186.361|98.451|3.077|496222208|528498688|gen_data_55eb8ab1a21196f3|__AUTOMETRIC__
__AUTOMETRIC__|0.1.2|25368|crew_log_041cadf652dfd9e3|0|1786391187.376|100.068|3.127|496246784|528437248|gen_data_55eb8ab1a21196f3|__AUTOMETRIC__
__AUTOMETRIC__|0.1.2|25368|crew_log_041cadf652dfd9e3|0|1786391188.380|99.574|3.112|496398336|528588800|gen_data_55eb8ab1a21196f3|__AUTOMETRIC__
__AUTOMETRIC__|0.1.2|25368|crew_log_041cadf652dfd9e3|0|1786391189.396|101.451|3.170|496881664|529076224|gen_data_55eb8ab1a21196f3|__AUTOMETRIC__
__AUTOMETRIC__|0.1.2|25368|crew_log_041cadf652dfd9e3|0|1786391190.398|98.276|3.071|496848896|529043456|gen_data_55eb8ab1a21196f3|__AUTOMETRIC__
__AUTOMETRIC__|0.1.2|25368|crew_log_041cadf652dfd9e3|0|1786391191.401|102.858|3.214|496762880|529096704|gen_data_55eb8ab1a21196f3|__AUTOMETRIC__
__AUTOMETRIC__|0.1.2|25368|crew_log_041cadf652dfd9e3|0|1786391192.416|99.989|3.125|496721920|528916480|gen_data_55eb8ab1a21196f3|__AUTOMETRIC__
__AUTOMETRIC__|0.1.2|25368|crew_log_041cadf652dfd9e3|0|1786391193.419|99.768|3.118|496574464|528867328|gen_data_55eb8ab1a21196f3|__AUTOMETRIC__
__AUTOMETRIC__|0.1.2|25368|crew_log_041cadf652dfd9e3|0|1786391194.433|100.164|3.130|496799744|529092608|gen_data_55eb8ab1a21196f3|__AUTOMETRIC__
__AUTOMETRIC__|0.1.2|25368|crew_log_041cadf652dfd9e3|0|1786391195.448|99.982|3.124|496611328|528904192|gen_data_55eb8ab1a21196f3|__AUTOMETRIC__
__AUTOMETRIC__|0.1.2|25368|crew_log_041cadf652dfd9e3|0|1786391196.465|98.411|3.075|496537600|528830464|gen_data_55eb8ab1a21196f3|__AUTOMETRIC__
__AUTOMETRIC__|0.1.2|25368|crew_log_041cadf652dfd9e3|0|1786391197.472|99.226|3.101|496627712|528896000|gen_data_55eb8ab1a21196f3|__AUTOMETRIC__
__AUTOMETRIC__|0.1.2|25368|crew_log_041cadf652dfd9e3|0|1786391198.482|99.018|3.094|496611328|528830464|gen_data_55eb8ab1a21196f3|__AUTOMETRIC__
__AUTOMETRIC__|0.1.2|25368|crew_log_041cadf652dfd9e3|0|1786391199.486|17.120|0.535|496685056|528748544|__DEFAULT__|__AUTOMETRIC__
__AUTOMETRIC__|0.1.2|25368|crew_log_041cadf652dfd9e3|0|1786391200.490|85.592|2.675|615923712|648302592|compiled_brms_models_d069cb85a1bf488e|__AUTOMETRIC__
__AUTOMETRIC__|0.1.2|25368|crew_log_041cadf652dfd9e3|0|1786391201.496|101.007|3.156|678858752|711299072|compiled_brms_models_d069cb85a1bf488e|__AUTOMETRIC__
__AUTOMETRIC__|0.1.2|25368|crew_log_041cadf652dfd9e3|0|1786391202.506|98.964|3.093|674435072|706875392|compiled_brms_models_d069cb85a1bf488e|__AUTOMETRIC__
__AUTOMETRIC__|0.1.2|25368|crew_log_041cadf652dfd9e3|0|1786391203.512|97.845|3.058|793903104|826646528|compiled_brms_models_d069cb85a1bf488e|__AUTOMETRIC__
__AUTOMETRIC__|0.1.2|25368|crew_log_041cadf652dfd9e3|0|1786391204.515|98.211|3.069|931434496|964530176|compiled_brms_models_d069cb85a1bf488e|__AUTOMETRIC__
__AUTOMETRIC__|0.1.2|25368|crew_log_041cadf652dfd9e3|0|1786391205.526|98.851|3.089|949837824|982982656|compiled_brms_models_d069cb85a1bf488e|__AUTOMETRIC__
__AUTOMETRIC__|0.1.2|25368|crew_log_041cadf652dfd9e3|0|1786391206.536|99.054|3.095|1152233472|1185996800|compiled_brms_models_d069cb85a1bf488e|__AUTOMETRIC__
__AUTOMETRIC__|0.1.2|25368|crew_log_041cadf652dfd9e3|0|1786391207.544|99.135|3.098|1264447488|1298358272|compiled_brms_models_d069cb85a1bf488e|__AUTOMETRIC__
__AUTOMETRIC__|0.1.2|25368|crew_log_041cadf652dfd9e3|0|1786391208.549|97.979|3.062|1263718400|1297620992|compiled_brms_models_d069cb85a1bf488e|__AUTOMETRIC__
__AUTOMETRIC__|0.1.2|25368|crew_log_041cadf652dfd9e3|0|1786391209.564|100.094|3.128|1266360320|1298771968|compiled_brms_models_d069cb85a1bf488e|__AUTOMETRIC__
__AUTOMETRIC__|0.1.2|25368|crew_log_041cadf652dfd9e3|0|1786391210.573|130.043|4.064|1422913536|1446846464|compiled_brms_models_d069cb85a1bf488e|__AUTOMETRIC__
__AUTOMETRIC__|0.1.2|25368|crew_log_041cadf652dfd9e3|0|1786391211.581|103.918|3.247|1498308608|1520205824|compiled_brms_models_d069cb85a1bf488e|__AUTOMETRIC__
__AUTOMETRIC__|0.1.2|25368|crew_log_041cadf652dfd9e3|0|1786391212.597|99.915|3.122|1496338432|1517285376|compiled_brms_models_d069cb85a1bf488e|__AUTOMETRIC__
