__AUTOMETRIC__|0.1.2|21872|crew_log_527ba12b43f44f52|0|1786383687.476|94.429|2.951|278212608|303075328|sim_data_341798b7487bf001|__AUTOMETRIC__
__AUTOMETRIC__|0.1.2|21872|crew_log_527ba12b43f44f52|0|1786383688.476|103.102|3.222|536793088|563527680|sim_data_341798b7487bf001|__AUTOMETRIC__
__AUTOMETRIC__|0.1.2|21872|crew_log_527ba12b43f44f52|0|1786383689.479|99.732|3.117|779472896|800436224|sim_data_341798b7487bf001|__AUTOMETRIC__
__AUTOMETRIC__|0.1.2|21872|crew_log_527ba12b43f44f52|0|1786383690.494|100.033|3.126|1125044224|1146998784|sim_data_341798b7487bf001|__AUTOMETRIC__
__AUTOMETRIC__|0.1.2|21872|crew_log_527ba12b43f44f52|0|1786383691.496|96.671|3.021|1536176128|1558212608|sim_data_341798b7487bf001|__AUTOMETRIC__
__AUTOMETRIC__|0.1.2|21872|crew_log_527ba12b43f44f52|0|1786383692.501|97.964|3.061|1790054400|1811279872|sim_data_341798b7487bf001|__AUTOMETRIC__
__AUTOMETRIC__|0.1.2|21872|crew_log_527ba12b43f44f52|0|1786383693.504|95.005|2.969|2027651072|2048307200|sim_data_341798b7487bf001|__AUTOMETRIC__
__AUTOMETRIC__|0.1.2|21872|crew_log_527ba12b43f44f52|0|1786383694.517|100.315|3.135|2029191168|2049773568|sim_data_341798b7487bf001|__AUTOMETRIC__
__AUTOMETRIC__|0.1.2|21872|crew_log_527ba12b43f44f52|0|1786383695.517|98.426|3.076|2012942336|2033451008|sim_data_341798b7487bf001|__AUTOMETRIC__
__AUTOMETRIC__|0.1.2|21872|crew_log_527ba12b43f44f52|0|1786383696.520|99.630|3.113|2013872128|2034380800|sim_data_341798b7487bf001|__AUTOMETRIC__
__AUTOMETRIC__|0.1.2|21872|crew_log_527ba12b43f44f52|0|1786383697.523|102.833|3.214|2162593792|2183507968|sim_data_341798b7487bf001|__AUTOMETRIC__
__AUTOMETRIC__|0.1.2|21872|crew_log_527ba12b43f44f52|0|1786383698.526|98.201|3.069|2057371648|2078339072|sim_data_341798b7487bf001|__AUTOMETRIC__
__AUTOMETRIC__|0.1.2|21872|crew_log_527ba12b43f44f52|0|1786383699.527|99.834|3.120|2031702016|2051616768|sim_data_341798b7487bf001|__AUTOMETRIC__
__AUTOMETRIC__|0.1.2|21872|crew_log_527ba12b43f44f52|0|1786383700.542|100.100|3.128|2031656960|2051301376|sim_data_341798b7487bf001|__AUTOMETRIC__
__AUTOMETRIC__|0.1.2|21872|crew_log_527ba12b43f44f52|0|1786383701.553|100.427|3.138|2032627712|2052272128|sim_data_341798b7487bf001|__AUTOMETRIC__
__AUTOMETRIC__|0.1.2|21872|crew_log_527ba12b43f44f52|0|1786383702.566|97.241|3.039|2032627712|2052272128|sim_data_341798b7487bf001|__AUTOMETRIC__
__AUTOMETRIC__|0.1.2|21872|crew_log_527ba12b43f44f52|0|1786383703.580|100.085|3.128|2033553408|2053197824|sim_data_341798b7487bf001|__AUTOMETRIC__
__AUTOMETRIC__|0.1.2|21872|crew_log_527ba12b43f44f52|0|1786383704.592|98.896|3.091|2033553408|2053197824|sim_data_341798b7487bf001|__AUTOMETRIC__
__AUTOMETRIC__|0.1.2|21872|crew_log_527ba12b43f44f52|0|1786383705.607|100.047|3.126|2057809920|2077478912|sim_data_341798b7487bf001|__AUTOMETRIC__
__AUTOMETRIC__|0.1.2|21872|crew_log_527ba12b43f44f52|0|1786383706.620|100.208|3.131|2187411456|2207821824|sim_data_341798b7487bf001|__AUTOMETRIC__
__AUTOMETRIC__|0.1.2|21872|crew_log_527ba12b43f44f52|0|1786383707.634|98.635|3.082|2055536640|2075672576|sim_data_341798b7487bf001|__AUTOMETRIC__
__AUTOMETRIC__|0.1.2|21872|crew_log_527ba12b43f44f52|0|1786383708.648|100.117|3.129|2050371584|2069155840|sim_data_341798b7487bf001|__AUTOMETRIC__
__AUTOMETRIC__|0.1.2|21872|crew_log_527ba12b43f44f52|0|1786383709.659|99.001|3.094|2050342912|2069360640|sim_data_341798b7487bf001|__AUTOMETRIC__
__AUTOMETRIC__|0.1.2|21872|crew_log_527ba12b43f44f52|0|1786383710.671|100.340|3.136|2051399680|2070417408|sim_data_341798b7487bf001|__AUTOMETRIC__
__AUTOMETRIC__|0.1.2|21872|crew_log_527ba12b43f44f52|0|1786383711.672|98.342|3.073|2188636160|2207752192|sim_data_341798b7487bf001|__AUTOMETRIC__
__AUTOMETRIC__|0.1.2|21872|crew_log_527ba12b43f44f52|0|1786383712.686|101.671|3.177|2214096896|2233798656|sim_data_341798b7487bf001|__AUTOMETRIC__
__AUTOMETRIC__|0.1.2|21872|crew_log_527ba12b43f44f52|0|1786383713.688|95.076|2.971|2028859392|2048049152|sim_data_341798b7487bf001|__AUTOMETRIC__
__AUTOMETRIC__|0.1.2|21872|crew_log_527ba12b43f44f52|0|1786383714.692|102.723|3.210|1807568896|1826017280|sim_data_341798b7487bf001|__AUTOMETRIC__
__AUTOMETRIC__|0.1.2|21872|crew_log_527ba12b43f44f52|0|1786383715.695|102.889|3.215|1807695872|1825710080|sim_data_341798b7487bf001|__AUTOMETRIC__
__AUTOMETRIC__|0.1.2|21872|crew_log_527ba12b43f44f52|0|1786383716.706|98.864|3.090|1808748544|1826791424|sim_data_341798b7487bf001|__AUTOMETRIC__
__AUTOMETRIC__|0.1.2|21872|crew_log_527ba12b43f44f52|0|1786383717.721|100.123|3.129|2032189440|2050629632|sim_data_341798b7487bf001|__AUTOMETRIC__
__AUTOMETRIC__|0.1.2|21872|crew_log_527ba12b43f44f52|0|1786383718.726|102.556|3.205|2062409728|2080747520|sim_data_341798b7487bf001|__AUTOMETRIC__
__AUTOMETRIC__|0.1.2|21872|crew_log_527ba12b43f44f52|0|1786383719.730|99.565|3.111|2046271488|2063704064|sim_data_341798b7487bf001|__AUTOMETRIC__
__AUTOMETRIC__|0.1.2|21872|crew_log_527ba12b43f44f52|0|1786383720.742|100.435|3.139|2044256256|2060902400|sim_data_341798b7487bf001|__AUTOMETRIC__
__AUTOMETRIC__|0.1.2|21872|crew_log_527ba12b43f44f52|0|1786383721.746|99.569|3.112|2044030976|2060910592|sim_data_341798b7487bf001|__AUTOMETRIC__
__AUTOMETRIC__|0.1.2|21872|crew_log_527ba12b43f44f52|0|1786383722.748|99.816|3.119|2044993536|2061991936|sim_data_341798b7487bf001|__AUTOMETRIC__
__AUTOMETRIC__|0.1.2|21872|crew_log_527ba12b43f44f52|0|1786383723.764|101.463|3.171|2058354688|2075877376|sim_data_341798b7487bf001|__AUTOMETRIC__
__AUTOMETRIC__|0.1.2|21872|crew_log_527ba12b43f44f52|0|1786383724.765|98.373|3.074|2060238848|2076635136|sim_data_341798b7487bf001|__AUTOMETRIC__
__AUTOMETRIC__|0.1.2|21872|crew_log_527ba12b43f44f52|0|1786383725.771|100.908|3.153|2058715136|2074681344|sim_data_341798b7487bf001|__AUTOMETRIC__
__AUTOMETRIC__|0.1.2|21872|crew_log_527ba12b43f44f52|0|1786383726.787|99.990|3.125|2058063872|2073874432|sim_data_341798b7487bf001|__AUTOMETRIC__
__AUTOMETRIC__|0.1.2|21872|crew_log_527ba12b43f44f52|0|1786383727.802|98.533|3.079|2058997760|2074808320|sim_data_341798b7487bf001|__AUTOMETRIC__
__AUTOMETRIC__|0.1.2|21872|crew_log_527ba12b43f44f52|0|1786383728.804|101.314|3.166|2059964416|2075570176|sim_data_341798b7487bf001|__AUTOMETRIC__
__AUTOMETRIC__|0.1.2|21872|crew_log_527ba12b43f44f52|0|1786383729.810|99.489|3.109|2257469440|2273722368|sim_data_341798b7487bf001|__AUTOMETRIC__
__AUTOMETRIC__|0.1.2|21872|crew_log_527ba12b43f44f52|0|1786383730.820|102.029|3.188|2088964096|2106032128|sim_data_341798b7487bf001|__AUTOMETRIC__
__AUTOMETRIC__|0.1.2|21872|crew_log_527ba12b43f44f52|0|1786383731.825|97.940|3.061|2072670208|2087878656|sim_data_341798b7487bf001|__AUTOMETRIC__
__AUTOMETRIC__|0.1.2|21872|crew_log_527ba12b43f44f52|0|1786383732.830|99.506|3.110|2073677824|2088820736|sim_data_341798b7487bf001|__AUTOMETRIC__
__AUTOMETRIC__|0.1.2|21872|crew_log_527ba12b43f44f52|0|1786383733.834|99.618|3.113|2071560192|2086219776|sim_data_341798b7487bf001|__AUTOMETRIC__
__AUTOMETRIC__|0.1.2|21872|crew_log_527ba12b43f44f52|0|1786383734.836|101.388|3.168|2072498176|2087063552|sim_data_341798b7487bf001|__AUTOMETRIC__
__AUTOMETRIC__|0.1.2|21872|crew_log_527ba12b43f44f52|0|1786383735.845|99.101|3.097|2072510464|2087075840|sim_data_341798b7487bf001|__AUTOMETRIC__
__AUTOMETRIC__|0.1.2|21872|crew_log_527ba12b43f44f52|0|1786383736.846|98.327|3.073|2073362432|2087927808|sim_data_341798b7487bf001|__AUTOMETRIC__
__AUTOMETRIC__|0.1.2|21872|crew_log_527ba12b43f44f52|0|1786383737.847|99.929|3.123|2195615744|2210201600|sim_data_341798b7487bf001|__AUTOMETRIC__
__AUTOMETRIC__|0.1.2|21872|crew_log_527ba12b43f44f52|0|1786383738.859|101.848|3.183|2112360448|2127687680|sim_data_341798b7487bf001|__AUTOMETRIC__
__AUTOMETRIC__|0.1.2|21872|crew_log_527ba12b43f44f52|0|1786383739.873|100.231|3.132|2083655680|2097340416|sim_data_341798b7487bf001|__AUTOMETRIC__
__AUTOMETRIC__|0.1.2|21872|crew_log_527ba12b43f44f52|0|1786383740.878|99.503|3.109|2084757504|2098380800|sim_data_341798b7487bf001|__AUTOMETRIC__
__AUTOMETRIC__|0.1.2|21872|crew_log_527ba12b43f44f52|0|1786383741.892|98.605|3.081|2084016128|2097545216|sim_data_341798b7487bf001|__AUTOMETRIC__
__AUTOMETRIC__|0.1.2|21872|crew_log_527ba12b43f44f52|0|1786383742.907|100.092|3.128|2084941824|2098470912|sim_data_341798b7487bf001|__AUTOMETRIC__
__AUTOMETRIC__|0.1.2|21872|crew_log_527ba12b43f44f52|0|1786383743.921|100.149|3.130|2273529856|2287566848|sim_data_341798b7487bf001|__AUTOMETRIC__
__AUTOMETRIC__|0.1.2|21872|crew_log_527ba12b43f44f52|0|1786383744.934|92.534|2.892|2151030784|2166013952|sim_data_341798b7487bf001|__AUTOMETRIC__
__AUTOMETRIC__|0.1.2|21872|crew_log_527ba12b43f44f52|0|1786383745.947|57.063|1.783|2096447488|2109579264|sim_data_341798b7487bf001|__AUTOMETRIC__
__AUTOMETRIC__|0.1.2|21872|crew_log_527ba12b43f44f52|0|1786383746.959|98.853|3.089|2093060096|2105618432|sim_data_341798b7487bf001|__AUTOMETRIC__
__AUTOMETRIC__|0.1.2|21872|crew_log_527ba12b43f44f52|0|1786383747.973|101.675|3.177|2093936640|2106494976|sim_data_341798b7487bf001|__AUTOMETRIC__
__AUTOMETRIC__|0.1.2|21872|crew_log_527ba12b43f44f52|0|1786383748.977|101.094|3.159|2095030272|2107764736|sim_data_341798b7487bf001|__AUTOMETRIC__
__AUTOMETRIC__|0.1.2|21872|crew_log_527ba12b43f44f52|0|1786383749.987|99.039|3.095|2094821376|2107379712|sim_data_341798b7487bf001|__AUTOMETRIC__
__AUTOMETRIC__|0.1.2|21872|crew_log_527ba12b43f44f52|0|1786383750.998|100.478|3.140|2177265664|2190303232|sim_data_341798b7487bf001|__AUTOMETRIC__
__AUTOMETRIC__|0.1.2|21872|crew_log_527ba12b43f44f52|0|1786383752.012|50.858|1.589|2105647104|2118828032|sim_data_341798b7487bf001|__AUTOMETRIC__
__AUTOMETRIC__|0.1.2|21872|crew_log_527ba12b43f44f52|0|1786383753.027|98.544|3.080|2107940864|2120175616|sim_data_341798b7487bf001|__AUTOMETRIC__
__AUTOMETRIC__|0.1.2|21872|crew_log_527ba12b43f44f52|0|1786383754.040|100.219|3.132|2105753600|2117451776|sim_data_341798b7487bf001|__AUTOMETRIC__
__AUTOMETRIC__|0.1.2|21872|crew_log_527ba12b43f44f52|0|1786383755.053|100.233|3.132|2104946688|2116820992|sim_data_341798b7487bf001|__AUTOMETRIC__
__AUTOMETRIC__|0.1.2|21872|crew_log_527ba12b43f44f52|0|1786383756.066|98.720|3.085|2105683968|2117382144|sim_data_341798b7487bf001|__AUTOMETRIC__
__AUTOMETRIC__|0.1.2|21872|crew_log_527ba12b43f44f52|0|1786383757.071|101.073|3.159|2334433280|2346799104|sim_data_341798b7487bf001|__AUTOMETRIC__
__AUTOMETRIC__|0.1.2|21872|crew_log_527ba12b43f44f52|0|1786383758.082|95.784|2.993|2095919104|2108981248|sim_data_341798b7487bf001|__AUTOMETRIC__
__AUTOMETRIC__|0.1.2|21872|crew_log_527ba12b43f44f52|0|1786383759.098|53.843|1.683|2089385984|2100224000|sim_data_341798b7487bf001|__AUTOMETRIC__
__AUTOMETRIC__|0.1.2|21872|crew_log_527ba12b43f44f52|0|1786383760.113|100.048|3.127|2090078208|2100756480|sim_data_341798b7487bf001|__AUTOMETRIC__
__AUTOMETRIC__|0.1.2|21872|crew_log_527ba12b43f44f52|0|1786383761.124|100.460|3.139|2089222144|2100080640|sim_data_341798b7487bf001|__AUTOMETRIC__
__AUTOMETRIC__|0.1.2|21872|crew_log_527ba12b43f44f52|0|1786383762.139|100.122|3.129|2090356736|2101215232|sim_data_341798b7487bf001|__AUTOMETRIC__
__AUTOMETRIC__|0.1.2|21872|crew_log_527ba12b43f44f52|0|1786383763.140|99.874|3.121|2304921600|2316087296|sim_data_341798b7487bf001|__AUTOMETRIC__
__AUTOMETRIC__|0.1.2|21872|crew_log_527ba12b43f44f52|0|1786383764.154|46.211|1.444|2174066688|2186104832|sim_data_341798b7487bf001|__AUTOMETRIC__
__AUTOMETRIC__|0.1.2|21872|crew_log_527ba12b43f44f52|0|1786383765.169|98.584|3.081|2100350976|2110406656|sim_data_341798b7487bf001|__AUTOMETRIC__
__AUTOMETRIC__|0.1.2|21872|crew_log_527ba12b43f44f52|0|1786383766.180|100.427|3.138|2097123328|2106875904|sim_data_341798b7487bf001|__AUTOMETRIC__
__AUTOMETRIC__|0.1.2|21872|crew_log_527ba12b43f44f52|0|1786383767.181|99.894|3.122|2098024448|2107772928|sim_data_341798b7487bf001|__AUTOMETRIC__
__AUTOMETRIC__|0.1.2|21872|crew_log_527ba12b43f44f52|0|1786383768.195|100.112|3.129|2098921472|2108669952|sim_data_341798b7487bf001|__AUTOMETRIC__
__AUTOMETRIC__|0.1.2|21872|crew_log_527ba12b43f44f52|0|1786383769.200|99.505|3.110|2098814976|2108563456|sim_data_341798b7487bf001|__AUTOMETRIC__
__AUTOMETRIC__|0.1.2|21872|crew_log_527ba12b43f44f52|0|1786383770.215|100.145|3.130|2310021120|2320142336|sim_data_341798b7487bf001|__AUTOMETRIC__
__AUTOMETRIC__|0.1.2|21872|crew_log_527ba12b43f44f52|0|1786383771.217|46.762|1.461|2180169728|2190200832|sim_data_341798b7487bf001|__AUTOMETRIC__
__AUTOMETRIC__|0.1.2|21872|crew_log_527ba12b43f44f52|0|1786383772.232|100.050|3.127|2174521344|2184261632|sim_data_341798b7487bf001|__AUTOMETRIC__
__AUTOMETRIC__|0.1.2|21872|crew_log_527ba12b43f44f52|0|1786383773.246|101.708|3.178|2105835520|2114519040|sim_data_341798b7487bf001|__AUTOMETRIC__
__AUTOMETRIC__|0.1.2|21872|crew_log_527ba12b43f44f52|0|1786383774.250|99.649|3.114|2106785792|2115469312|sim_data_341798b7487bf001|__AUTOMETRIC__
__AUTOMETRIC__|0.1.2|21872|crew_log_527ba12b43f44f52|0|1786383775.251|99.809|3.119|2107813888|2116640768|sim_data_341798b7487bf001|__AUTOMETRIC__
__AUTOMETRIC__|0.1.2|21872|crew_log_527ba12b43f44f52|0|1786383776.254|98.201|3.069|2175373312|2184462336|sim_data_341798b7487bf001|__AUTOMETRIC__
__AUTOMETRIC__|0.1.2|21872|crew_log_527ba12b43f44f52|0|1786383777.266|66.411|2.075|2194989056|2204991488|sim_data_341798b7487bf001|__AUTOMETRIC__
__AUTOMETRIC__|0.1.2|21872|crew_log_527ba12b43f44f52|0|1786383778.281|81.568|2.549|2118455296|2127265792|sim_data_341798b7487bf001|__AUTOMETRIC__
__AUTOMETRIC__|0.1.2|21872|crew_log_527ba12b43f44f52|0|1786383779.282|98.348|3.073|2113949696|2121728000|sim_data_341798b7487bf001|__AUTOMETRIC__
__AUTOMETRIC__|0.1.2|21872|crew_log_527ba12b43f44f52|0|1786383780.294|100.292|3.134|2113941504|2121719808|sim_data_341798b7487bf001|__AUTOMETRIC__
__AUTOMETRIC__|0.1.2|21872|crew_log_527ba12b43f44f52|0|1786383781.300|99.447|3.108|2114957312|2122674176|sim_data_341798b7487bf001|__AUTOMETRIC__
__AUTOMETRIC__|0.1.2|21872|crew_log_527ba12b43f44f52|0|1786383782.314|100.177|3.131|2114949120|2122665984|sim_data_341798b7487bf001|__AUTOMETRIC__
__AUTOMETRIC__|0.1.2|21872|crew_log_527ba12b43f44f52|0|1786383783.329|100.051|3.127|2115784704|2123501568|sim_data_341798b7487bf001|__AUTOMETRIC__
__AUTOMETRIC__|0.1.2|21872|crew_log_527ba12b43f44f52|0|1786383784.337|100.697|3.147|2115780608|2123497472|sim_data_341798b7487bf001|__AUTOMETRIC__
__AUTOMETRIC__|0.1.2|21872|crew_log_527ba12b43f44f52|0|1786383785.339|99.806|3.119|2115772416|2123489280|sim_data_341798b7487bf001|__AUTOMETRIC__
__AUTOMETRIC__|0.1.2|21872|crew_log_527ba12b43f44f52|0|1786383786.342|99.784|3.118|2116730880|2124447744|sim_data_341798b7487bf001|__AUTOMETRIC__
__AUTOMETRIC__|0.1.2|21872|crew_log_527ba12b43f44f52|0|1786383787.345|98.151|3.067|2116730880|2124447744|sim_data_341798b7487bf001|__AUTOMETRIC__
__AUTOMETRIC__|0.1.2|21872|crew_log_527ba12b43f44f52|0|1786383788.351|99.378|3.106|2116726784|2124443648|sim_data_341798b7487bf001|__AUTOMETRIC__
__AUTOMETRIC__|0.1.2|21872|crew_log_527ba12b43f44f52|0|1786383789.364|98.671|3.083|2198982656|2207088640|sim_data_341798b7487bf001|__AUTOMETRIC__
__AUTOMETRIC__|0.1.2|21872|crew_log_527ba12b43f44f52|0|1786383790.367|54.527|1.704|2128351232|2135752704|sim_data_341798b7487bf001|__AUTOMETRIC__
__AUTOMETRIC__|0.1.2|21872|crew_log_527ba12b43f44f52|0|1786383791.383|98.394|3.075|2123370496|2130243584|sim_data_341798b7487bf001|__AUTOMETRIC__
__AUTOMETRIC__|0.1.2|21872|crew_log_527ba12b43f44f52|0|1786383792.394|98.930|3.092|2124574720|2131382272|sim_data_341798b7487bf001|__AUTOMETRIC__
__AUTOMETRIC__|0.1.2|21872|crew_log_527ba12b43f44f52|0|1786383793.406|98.868|3.090|2125475840|2132426752|sim_data_341798b7487bf001|__AUTOMETRIC__
__AUTOMETRIC__|0.1.2|21872|crew_log_527ba12b43f44f52|0|1786383794.407|99.833|3.120|2126401536|2133209088|sim_data_341798b7487bf001|__AUTOMETRIC__
__AUTOMETRIC__|0.1.2|21872|crew_log_527ba12b43f44f52|0|1786383795.411|101.176|3.162|2280853504|2288017408|sim_data_341798b7487bf001|__AUTOMETRIC__
__AUTOMETRIC__|0.1.2|21872|crew_log_527ba12b43f44f52|0|1786383796.421|86.655|2.708|2144915456|2153046016|sim_data_341798b7487bf001|__AUTOMETRIC__
__AUTOMETRIC__|0.1.2|21872|crew_log_527ba12b43f44f52|0|1786383797.424|60.741|1.898|2134945792|2141007872|sim_data_341798b7487bf001|__AUTOMETRIC__
__AUTOMETRIC__|0.1.2|21872|crew_log_527ba12b43f44f52|0|1786383798.430|100.944|3.154|2132856832|2138996736|sim_data_341798b7487bf001|__AUTOMETRIC__
__AUTOMETRIC__|0.1.2|21872|crew_log_527ba12b43f44f52|0|1786383799.431|99.951|3.123|2132885504|2138787840|sim_data_341798b7487bf001|__AUTOMETRIC__
__AUTOMETRIC__|0.1.2|21872|crew_log_527ba12b43f44f52|0|1786383800.447|101.521|3.173|2194771968|2200956928|sim_data_341798b7487bf001|__AUTOMETRIC__
__AUTOMETRIC__|0.1.2|21872|crew_log_527ba12b43f44f52|0|1786383801.462|100.051|3.127|2142601216|2149027840|sim_data_341798b7487bf001|__AUTOMETRIC__
__AUTOMETRIC__|0.1.2|21872|crew_log_527ba12b43f44f52|0|1786383802.475|49.348|1.542|2145136640|2150002688|sim_data_341798b7487bf001|__AUTOMETRIC__
__AUTOMETRIC__|0.1.2|21872|crew_log_527ba12b43f44f52|0|1786383803.489|98.619|3.082|2143694848|2148532224|sim_data_341798b7487bf001|__AUTOMETRIC__
__AUTOMETRIC__|0.1.2|21872|crew_log_527ba12b43f44f52|0|1786383804.504|97.005|3.031|2144817152|2149666816|sim_data_341798b7487bf001|__AUTOMETRIC__
__AUTOMETRIC__|0.1.2|21872|crew_log_527ba12b43f44f52|0|1786383805.505|99.904|3.122|2145615872|2150465536|sim_data_341798b7487bf001|__AUTOMETRIC__
__AUTOMETRIC__|0.1.2|21872|crew_log_527ba12b43f44f52|0|1786383806.520|101.574|3.174|2295656448|2300805120|sim_data_341798b7487bf001|__AUTOMETRIC__
__AUTOMETRIC__|0.1.2|21872|crew_log_527ba12b43f44f52|0|1786383807.524|105.820|3.307|2134925312|2140499968|sim_data_341798b7487bf001|__AUTOMETRIC__
__AUTOMETRIC__|0.1.2|21872|crew_log_527ba12b43f44f52|0|1786383808.537|43.207|1.350|2126721024|2131324928|sim_data_341798b7487bf001|__AUTOMETRIC__
__AUTOMETRIC__|0.1.2|21872|crew_log_527ba12b43f44f52|0|1786383809.548|100.457|3.139|2120916992|2124812288|sim_data_341798b7487bf001|__AUTOMETRIC__
__AUTOMETRIC__|0.1.2|21872|crew_log_527ba12b43f44f52|0|1786383810.556|100.747|3.148|2121940992|2125770752|sim_data_341798b7487bf001|__AUTOMETRIC__
__AUTOMETRIC__|0.1.2|21872|crew_log_527ba12b43f44f52|0|1786383811.560|99.544|3.111|2122821632|2126651392|sim_data_341798b7487bf001|__AUTOMETRIC__
__AUTOMETRIC__|0.1.2|21872|crew_log_527ba12b43f44f52|0|1786383812.565|99.567|3.111|2123698176|2127433728|sim_data_341798b7487bf001|__AUTOMETRIC__
__AUTOMETRIC__|0.1.2|21872|crew_log_527ba12b43f44f52|0|1786383813.580|99.994|3.125|2159251456|2163011584|sim_data_341798b7487bf001|__AUTOMETRIC__
__AUTOMETRIC__|0.1.2|21872|crew_log_527ba12b43f44f52|0|1786383814.584|101.171|3.162|2133614592|2137698304|sim_data_341798b7487bf001|__AUTOMETRIC__
__AUTOMETRIC__|0.1.2|21872|crew_log_527ba12b43f44f52|0|1786383815.588|43.585|1.362|2132512768|2136117248|sim_data_341798b7487bf001|__AUTOMETRIC__
__AUTOMETRIC__|0.1.2|21872|crew_log_527ba12b43f44f52|0|1786383816.593|99.491|3.109|2134347776|2137346048|sim_data_341798b7487bf001|__AUTOMETRIC__
__AUTOMETRIC__|0.1.2|21872|crew_log_527ba12b43f44f52|0|1786383817.595|99.781|3.118|2130534400|2133225472|sim_data_341798b7487bf001|__AUTOMETRIC__
__AUTOMETRIC__|0.1.2|21872|crew_log_527ba12b43f44f52|0|1786383818.600|101.119|3.160|2131472384|2134159360|sim_data_341798b7487bf001|__AUTOMETRIC__
__AUTOMETRIC__|0.1.2|21872|crew_log_527ba12b43f44f52|0|1786383819.613|98.722|3.085|2131374080|2134061056|sim_data_341798b7487bf001|__AUTOMETRIC__
__AUTOMETRIC__|0.1.2|21872|crew_log_527ba12b43f44f52|0|1786383820.618|101.012|3.157|2132217856|2134851584|sim_data_341798b7487bf001|__AUTOMETRIC__
__AUTOMETRIC__|0.1.2|21872|crew_log_527ba12b43f44f52|0|1786383821.633|100.091|3.128|2132176896|2134810624|sim_data_341798b7487bf001|__AUTOMETRIC__
__AUTOMETRIC__|0.1.2|21872|crew_log_527ba12b43f44f52|0|1786383822.637|99.565|3.111|2283372544|2286391296|sim_data_341798b7487bf001|__AUTOMETRIC__
__AUTOMETRIC__|0.1.2|21872|crew_log_527ba12b43f44f52|0|1786383823.641|54.482|1.703|2159480832|2163531776|sim_data_341798b7487bf001|__AUTOMETRIC__
__AUTOMETRIC__|0.1.2|21872|crew_log_527ba12b43f44f52|0|1786383824.643|91.986|2.875|2147971072|2149994496|sim_data_341798b7487bf001|__AUTOMETRIC__
__AUTOMETRIC__|0.1.2|21872|crew_log_527ba12b43f44f52|0|1786383825.654|100.460|3.139|2144051200|2145767424|sim_data_341798b7487bf001|__AUTOMETRIC__
__AUTOMETRIC__|0.1.2|21872|crew_log_527ba12b43f44f52|0|1786383826.664|99.059|3.096|2145144832|2146979840|sim_data_341798b7487bf001|__AUTOMETRIC__
__AUTOMETRIC__|0.1.2|21872|crew_log_527ba12b43f44f52|0|1786383827.676|97.184|3.037|2146021376|2147856384|sim_data_341798b7487bf001|__AUTOMETRIC__
__AUTOMETRIC__|0.1.2|21872|crew_log_527ba12b43f44f52|0|1786383828.685|99.119|3.097|2236149760|2238316544|sim_data_341798b7487bf001|__AUTOMETRIC__
__AUTOMETRIC__|0.1.2|21872|crew_log_527ba12b43f44f52|0|1786383829.690|57.544|1.798|2148712448|2151710720|sim_data_341798b7487bf001|__AUTOMETRIC__
__AUTOMETRIC__|0.1.2|21872|crew_log_527ba12b43f44f52|0|1786383830.692|95.150|2.973|2142859264|2143866880|sim_data_341798b7487bf001|__AUTOMETRIC__
__AUTOMETRIC__|0.1.2|21872|crew_log_527ba12b43f44f52|0|1786383831.693|101.423|3.169|2139770880|2140389376|sim_data_341798b7487bf001|__AUTOMETRIC__
__AUTOMETRIC__|0.1.2|21872|crew_log_527ba12b43f44f52|0|1786383832.698|101.085|3.159|2140651520|2141401088|sim_data_341798b7487bf001|__AUTOMETRIC__
__AUTOMETRIC__|0.1.2|21872|crew_log_527ba12b43f44f52|0|1786383833.702|99.543|3.111|2140553216|2141171712|sim_data_341798b7487bf001|__AUTOMETRIC__
__AUTOMETRIC__|0.1.2|21872|crew_log_527ba12b43f44f52|0|1786383834.706|99.618|3.113|2141495296|2142113792|sim_data_341798b7487bf001|__AUTOMETRIC__
__AUTOMETRIC__|0.1.2|21872|crew_log_527ba12b43f44f52|0|1786383835.707|99.945|3.123|2271805440|2272448512|sim_data_341798b7487bf001|__AUTOMETRIC__
__AUTOMETRIC__|0.1.2|21872|crew_log_527ba12b43f44f52|0|1786383836.713|102.533|3.204|2167861248|2169331712|sim_data_341798b7487bf001|__AUTOMETRIC__
__AUTOMETRIC__|0.1.2|21872|crew_log_527ba12b43f44f52|0|1786383837.722|49.536|1.548|2154565632|2154786816|sim_data_341798b7487bf001|__AUTOMETRIC__
__AUTOMETRIC__|0.1.2|21872|crew_log_527ba12b43f44f52|0|1786383838.735|100.257|3.133|2148438016|2148151296|sim_data_341798b7487bf001|__AUTOMETRIC__
__AUTOMETRIC__|0.1.2|21872|crew_log_527ba12b43f44f52|0|1786383839.749|100.143|3.129|2148438016|2148151296|sim_data_341798b7487bf001|__AUTOMETRIC__
__AUTOMETRIC__|0.1.2|21872|crew_log_527ba12b43f44f52|0|1786383840.761|100.380|3.137|2149466112|2149113856|sim_data_341798b7487bf001|__AUTOMETRIC__
__AUTOMETRIC__|0.1.2|21872|crew_log_527ba12b43f44f52|0|1786383841.777|98.372|3.074|2149462016|2149109760|sim_data_341798b7487bf001|__AUTOMETRIC__
__AUTOMETRIC__|0.1.2|21872|crew_log_527ba12b43f44f52|0|1786383842.792|100.119|3.129|2150305792|2149953536|sim_data_341798b7487bf001|__AUTOMETRIC__
__AUTOMETRIC__|0.1.2|21872|crew_log_527ba12b43f44f52|0|1786383843.805|100.232|3.132|2150318080|2149965824|sim_data_341798b7487bf001|__AUTOMETRIC__
__AUTOMETRIC__|0.1.2|21872|crew_log_527ba12b43f44f52|0|1786383844.820|100.079|3.127|2151387136|2151034880|sim_data_341798b7487bf001|__AUTOMETRIC__
__AUTOMETRIC__|0.1.2|21872|crew_log_527ba12b43f44f52|0|1786383845.833|98.712|3.085|2151297024|2150944768|sim_data_341798b7487bf001|__AUTOMETRIC__
__AUTOMETRIC__|0.1.2|21872|crew_log_527ba12b43f44f52|0|1786383846.847|100.205|3.131|2284683264|2284998656|sim_data_341798b7487bf001|__AUTOMETRIC__
__AUTOMETRIC__|0.1.2|21872|crew_log_527ba12b43f44f52|0|1786383847.848|99.819|3.119|2172514304|2172588032|sim_data_341798b7487bf001|__AUTOMETRIC__
__AUTOMETRIC__|0.1.2|21872|crew_log_527ba12b43f44f52|0|1786383848.863|49.300|1.541|2101391360|2101215232|sim_data_341798b7487bf001|__AUTOMETRIC__
__AUTOMETRIC__|0.1.2|21872|crew_log_527ba12b43f44f52|0|1786383849.872|100.659|3.146|2095132672|2094080000|sim_data_341798b7487bf001|__AUTOMETRIC__
__AUTOMETRIC__|0.1.2|21872|crew_log_527ba12b43f44f52|0|1786383850.882|100.529|3.142|2094026752|2092593152|sim_data_341798b7487bf001|__AUTOMETRIC__
__AUTOMETRIC__|0.1.2|21872|crew_log_527ba12b43f44f52|0|1786383851.883|101.495|3.172|2093961216|2092527616|sim_data_341798b7487bf001|__AUTOMETRIC__
__AUTOMETRIC__|0.1.2|21872|crew_log_527ba12b43f44f52|0|1786383852.887|99.525|3.110|2094882816|2093449216|sim_data_341798b7487bf001|__AUTOMETRIC__
__AUTOMETRIC__|0.1.2|21872|crew_log_527ba12b43f44f52|0|1786383853.899|100.368|3.136|2095775744|2094342144|sim_data_341798b7487bf001|__AUTOMETRIC__
__AUTOMETRIC__|0.1.2|21872|crew_log_527ba12b43f44f52|0|1786383854.915|96.927|3.029|2299936768|2298540032|sim_data_341798b7487bf001|__AUTOMETRIC__
__AUTOMETRIC__|0.1.2|21872|crew_log_527ba12b43f44f52|0|1786383855.929|100.146|3.130|2448195584|2448080896|sim_data_341798b7487bf001|__AUTOMETRIC__
__AUTOMETRIC__|0.1.2|21872|crew_log_527ba12b43f44f52|0|1786383856.931|46.796|1.462|2113122304|2112364544|sim_data_341798b7487bf001|__AUTOMETRIC__
__AUTOMETRIC__|0.1.2|21872|crew_log_527ba12b43f44f52|0|1786383857.944|98.638|3.082|2105192448|2103324672|sim_data_341798b7487bf001|__AUTOMETRIC__
__AUTOMETRIC__|0.1.2|21872|crew_log_527ba12b43f44f52|0|1786383858.957|100.295|3.134|2102849536|2100682752|sim_data_341798b7487bf001|__AUTOMETRIC__
__AUTOMETRIC__|0.1.2|21872|crew_log_527ba12b43f44f52|0|1786383859.968|100.488|3.140|2103767040|2101600256|sim_data_341798b7487bf001|__AUTOMETRIC__
__AUTOMETRIC__|0.1.2|21872|crew_log_527ba12b43f44f52|0|1786383860.969|99.882|3.121|2104713216|2102546432|sim_data_341798b7487bf001|__AUTOMETRIC__
__AUTOMETRIC__|0.1.2|21872|crew_log_527ba12b43f44f52|0|1786383861.984|100.080|3.127|2334887936|2333122560|sim_data_341798b7487bf001|__AUTOMETRIC__
__AUTOMETRIC__|0.1.2|21872|crew_log_527ba12b43f44f52|0|1786383862.984|99.950|3.123|2204811264|2203365376|sim_data_341798b7487bf001|__AUTOMETRIC__
__AUTOMETRIC__|0.1.2|21872|crew_log_527ba12b43f44f52|0|1786383863.985|51.546|1.611|2112913408|2109833216|sim_data_341798b7487bf001|__AUTOMETRIC__
__AUTOMETRIC__|0.1.2|21872|crew_log_527ba12b43f44f52|0|1786383864.986|99.869|3.121|2112921600|2109841408|sim_data_341798b7487bf001|__AUTOMETRIC__
__AUTOMETRIC__|0.1.2|21872|crew_log_527ba12b43f44f52|0|1786383865.998|100.322|3.135|2107428864|2104258560|sim_data_341798b7487bf001|__AUTOMETRIC__
__AUTOMETRIC__|0.1.2|21872|crew_log_527ba12b43f44f52|0|1786383867.013|100.123|3.129|2108432384|2105192448|sim_data_341798b7487bf001|__AUTOMETRIC__
__AUTOMETRIC__|0.1.2|21872|crew_log_527ba12b43f44f52|0|1786383868.022|99.063|3.096|2108342272|2105102336|sim_data_341798b7487bf001|__AUTOMETRIC__
__AUTOMETRIC__|0.1.2|21872|crew_log_527ba12b43f44f52|0|1786383869.029|100.881|3.153|2108301312|2105057280|sim_data_341798b7487bf001|__AUTOMETRIC__
__AUTOMETRIC__|0.1.2|21872|crew_log_527ba12b43f44f52|0|1786383870.035|97.822|3.057|2108309504|2105065472|sim_data_341798b7487bf001|__AUTOMETRIC__
__AUTOMETRIC__|0.1.2|21872|crew_log_527ba12b43f44f52|0|1786383871.049|100.153|3.130|2108309504|2105065472|sim_data_341798b7487bf001|__AUTOMETRIC__
__AUTOMETRIC__|0.1.2|21872|crew_log_527ba12b43f44f52|0|1786383872.065|99.998|3.125|2109374464|2106130432|sim_data_341798b7487bf001|__AUTOMETRIC__
__AUTOMETRIC__|0.1.2|21872|crew_log_527ba12b43f44f52|0|1786383873.067|99.832|3.120|2109292544|2106048512|sim_data_341798b7487bf001|__AUTOMETRIC__
__AUTOMETRIC__|0.1.2|21872|crew_log_527ba12b43f44f52|0|1786383874.069|99.763|3.118|2109292544|2106048512|sim_data_341798b7487bf001|__AUTOMETRIC__
__AUTOMETRIC__|0.1.2|21872|crew_log_527ba12b43f44f52|0|1786383875.071|101.357|3.167|2109292544|2106048512|sim_data_341798b7487bf001|__AUTOMETRIC__
__AUTOMETRIC__|0.1.2|21872|crew_log_527ba12b43f44f52|0|1786383876.077|97.816|3.057|2109292544|2106048512|sim_data_341798b7487bf001|__AUTOMETRIC__
__AUTOMETRIC__|0.1.2|21872|crew_log_527ba12b43f44f52|0|1786383877.092|98.561|3.080|2109292544|2106048512|sim_data_341798b7487bf001|__AUTOMETRIC__
__AUTOMETRIC__|0.1.2|21872|crew_log_527ba12b43f44f52|0|1786383878.094|99.828|3.120|2109292544|2106048512|sim_data_341798b7487bf001|__AUTOMETRIC__
__AUTOMETRIC__|0.1.2|21872|crew_log_527ba12b43f44f52|0|1786383879.107|100.264|3.133|2109292544|2106048512|sim_data_341798b7487bf001|__AUTOMETRIC__
__AUTOMETRIC__|0.1.2|21872|crew_log_527ba12b43f44f52|0|1786383880.121|100.145|3.130|2109292544|2106048512|sim_data_341798b7487bf001|__AUTOMETRIC__
__AUTOMETRIC__|0.1.2|21872|crew_log_527ba12b43f44f52|0|1786383881.122|99.895|3.122|2109292544|2106048512|sim_data_341798b7487bf001|__AUTOMETRIC__
__AUTOMETRIC__|0.1.2|21872|crew_log_527ba12b43f44f52|0|1786383882.132|100.527|3.141|2110251008|2107006976|sim_data_341798b7487bf001|__AUTOMETRIC__
__AUTOMETRIC__|0.1.2|21872|crew_log_527ba12b43f44f52|0|1786383883.137|99.522|3.110|2110144512|2106900480|sim_data_341798b7487bf001|__AUTOMETRIC__
__AUTOMETRIC__|0.1.2|21872|crew_log_527ba12b43f44f52|0|1786383884.140|98.090|3.065|2110144512|2106900480|sim_data_341798b7487bf001|__AUTOMETRIC__
__AUTOMETRIC__|0.1.2|21872|crew_log_527ba12b43f44f52|0|1786383885.146|99.476|3.109|2110144512|2106900480|sim_data_341798b7487bf001|__AUTOMETRIC__
__AUTOMETRIC__|0.1.2|21872|crew_log_527ba12b43f44f52|0|1786383886.151|102.547|3.205|2110144512|2106900480|sim_data_341798b7487bf001|__AUTOMETRIC__
__AUTOMETRIC__|0.1.2|21872|crew_log_527ba12b43f44f52|0|1786383887.152|99.978|3.124|2110144512|2106900480|sim_data_341798b7487bf001|__AUTOMETRIC__
__AUTOMETRIC__|0.1.2|21872|crew_log_527ba12b43f44f52|0|1786383888.153|99.860|3.121|2110140416|2106896384|sim_data_341798b7487bf001|__AUTOMETRIC__
__AUTOMETRIC__|0.1.2|21872|crew_log_527ba12b43f44f52|0|1786383889.155|99.825|3.120|2110140416|2106896384|sim_data_341798b7487bf001|__AUTOMETRIC__
__AUTOMETRIC__|0.1.2|21872|crew_log_527ba12b43f44f52|0|1786383890.167|100.287|3.134|2110140416|2106896384|sim_data_341798b7487bf001|__AUTOMETRIC__
__AUTOMETRIC__|0.1.2|21872|crew_log_527ba12b43f44f52|0|1786383891.181|100.222|3.132|2110144512|2106900480|sim_data_341798b7487bf001|__AUTOMETRIC__
__AUTOMETRIC__|0.1.2|21872|crew_log_527ba12b43f44f52|0|1786383892.185|99.629|3.113|2110140416|2106896384|sim_data_341798b7487bf001|__AUTOMETRIC__
__AUTOMETRIC__|0.1.2|21872|crew_log_527ba12b43f44f52|0|1786383893.200|100.059|3.127|2394112000|2391244800|sim_data_341798b7487bf001|__AUTOMETRIC__
__AUTOMETRIC__|0.1.2|21872|crew_log_527ba12b43f44f52|0|1786383894.203|102.766|3.211|2251964416|2249940992|sim_data_341798b7487bf001|__AUTOMETRIC__
__AUTOMETRIC__|0.1.2|21872|crew_log_527ba12b43f44f52|0|1786383895.209|45.055|1.408|2114891776|2110742528|sim_data_341798b7487bf001|__AUTOMETRIC__
__AUTOMETRIC__|0.1.2|21872|crew_log_527ba12b43f44f52|0|1786383896.219|99.005|3.094|2116980736|2112897024|sim_data_341798b7487bf001|__AUTOMETRIC__
__AUTOMETRIC__|0.1.2|21872|crew_log_527ba12b43f44f52|0|1786383897.228|100.621|3.144|2198835200|2194771968|sim_data_341798b7487bf001|__AUTOMETRIC__
__AUTOMETRIC__|0.1.2|21872|crew_log_527ba12b43f44f52|0|1786383898.231|99.684|3.115|2439614464|2436296704|sim_data_341798b7487bf001|__AUTOMETRIC__
__AUTOMETRIC__|0.1.2|21872|crew_log_527ba12b43f44f52|0|1786383899.247|43.065|1.346|2128068608|2125316096|sim_data_341798b7487bf001|__AUTOMETRIC__
__AUTOMETRIC__|0.1.2|21872|crew_log_527ba12b43f44f52|0|1786383900.261|86.280|2.696|2122207232|2117062656|sim_data_341798b7487bf001|__AUTOMETRIC__
__AUTOMETRIC__|0.1.2|21872|crew_log_527ba12b43f44f52|0|1786383901.271|97.533|3.048|2119553024|2114265088|sim_data_341798b7487bf001|__AUTOMETRIC__
__AUTOMETRIC__|0.1.2|21872|crew_log_527ba12b43f44f52|0|1786383902.275|99.575|3.112|2119462912|2114174976|sim_data_341798b7487bf001|__AUTOMETRIC__
__AUTOMETRIC__|0.1.2|21872|crew_log_527ba12b43f44f52|0|1786383903.284|99.141|3.098|2120376320|2115088384|sim_data_341798b7487bf001|__AUTOMETRIC__
__AUTOMETRIC__|0.1.2|21872|crew_log_527ba12b43f44f52|0|1786383904.295|100.403|3.138|2121326592|2116038656|sim_data_341798b7487bf001|__AUTOMETRIC__
__AUTOMETRIC__|0.1.2|21872|crew_log_527ba12b43f44f52|0|1786383905.310|100.057|3.127|2279071744|2273783808|sim_data_341798b7487bf001|__AUTOMETRIC__
__AUTOMETRIC__|0.1.2|21872|crew_log_527ba12b43f44f52|0|1786383906.325|101.660|3.177|2210865152|2206408704|sim_data_341798b7487bf001|__AUTOMETRIC__
__AUTOMETRIC__|0.1.2|21872|crew_log_527ba12b43f44f52|0|1786383907.339|100.112|3.129|2154553344|2150047744|sim_data_341798b7487bf001|__AUTOMETRIC__
__AUTOMETRIC__|0.1.2|21872|crew_log_527ba12b43f44f52|0|1786383908.346|97.743|3.054|2126901248|2121605120|sim_data_341798b7487bf001|__AUTOMETRIC__
__AUTOMETRIC__|0.1.2|21872|crew_log_527ba12b43f44f52|0|1786383909.357|100.510|3.141|2127953920|2122657792|sim_data_341798b7487bf001|__AUTOMETRIC__
__AUTOMETRIC__|0.1.2|21872|crew_log_527ba12b43f44f52|0|1786383910.358|99.833|3.120|2128838656|2123649024|sim_data_341798b7487bf001|__AUTOMETRIC__
__AUTOMETRIC__|0.1.2|21872|crew_log_527ba12b43f44f52|0|1786383911.365|100.865|3.152|2128752640|2123456512|sim_data_341798b7487bf001|__AUTOMETRIC__
__AUTOMETRIC__|0.1.2|21872|crew_log_527ba12b43f44f52|0|1786383912.367|99.789|3.118|2362826752|2357977088|sim_data_341798b7487bf001|__AUTOMETRIC__
__AUTOMETRIC__|0.1.2|21872|crew_log_527ba12b43f44f52|0|1786383913.376|100.704|3.147|2141949952|2138017792|sim_data_341798b7487bf001|__AUTOMETRIC__
__AUTOMETRIC__|0.1.2|21872|crew_log_527ba12b43f44f52|0|1786383914.388|101.927|3.185|2137767936|2132578304|sim_data_341798b7487bf001|__AUTOMETRIC__
__AUTOMETRIC__|0.1.2|21872|crew_log_527ba12b43f44f52|0|1786383915.396|100.702|3.147|2134065152|2128797696|sim_data_341798b7487bf001|__AUTOMETRIC__
__AUTOMETRIC__|0.1.2|21872|crew_log_527ba12b43f44f52|0|1786383916.401|99.477|3.109|2134892544|2129625088|sim_data_341798b7487bf001|__AUTOMETRIC__
__AUTOMETRIC__|0.1.2|21872|crew_log_527ba12b43f44f52|0|1786383917.407|99.491|3.109|2135871488|2130710528|sim_data_341798b7487bf001|__AUTOMETRIC__
__AUTOMETRIC__|0.1.2|21872|crew_log_527ba12b43f44f52|0|1786383918.413|105.516|3.297|2034704384|2029875200|sim_data_341798b7487bf001|__AUTOMETRIC__
__AUTOMETRIC__|0.1.2|21872|crew_log_527ba12b43f44f52|0|1786383919.419|100.976|3.155|2133565440|2128941056|sim_data_341798b7487bf001|__AUTOMETRIC__
__AUTOMETRIC__|0.1.2|21872|crew_log_527ba12b43f44f52|0|1786383920.434|100.075|3.127|2138202112|2133966848|sim_data_341798b7487bf001|__AUTOMETRIC__
__AUTOMETRIC__|0.1.2|21872|crew_log_527ba12b43f44f52|0|1786383921.449|100.036|3.126|2131857408|2126589952|sim_data_341798b7487bf001|__AUTOMETRIC__
__AUTOMETRIC__|0.1.2|21872|crew_log_527ba12b43f44f52|0|1786383922.464|98.571|3.080|2132885504|2127618048|sim_data_341798b7487bf001|__AUTOMETRIC__
__AUTOMETRIC__|0.1.2|21872|crew_log_527ba12b43f44f52|0|1786383923.474|100.535|3.142|2132787200|2127519744|sim_data_341798b7487bf001|__AUTOMETRIC__
__AUTOMETRIC__|0.1.2|21872|crew_log_527ba12b43f44f52|0|1786383924.485|98.957|3.092|2132267008|2126999552|sim_data_341798b7487bf001|__AUTOMETRIC__
__AUTOMETRIC__|0.1.2|21872|crew_log_527ba12b43f44f52|0|1786383925.489|97.968|3.062|2132226048|2126954496|sim_data_341798b7487bf001|__AUTOMETRIC__
__AUTOMETRIC__|0.1.2|21872|crew_log_527ba12b43f44f52|0|1786383926.504|100.154|3.130|2132226048|2126954496|sim_data_341798b7487bf001|__AUTOMETRIC__
__AUTOMETRIC__|0.1.2|21872|crew_log_527ba12b43f44f52|0|1786383927.519|100.021|3.126|2133143552|2127872000|sim_data_341798b7487bf001|__AUTOMETRIC__
__AUTOMETRIC__|0.1.2|21872|crew_log_527ba12b43f44f52|0|1786383928.526|100.857|3.152|2133180416|2127912960|sim_data_341798b7487bf001|__AUTOMETRIC__
__AUTOMETRIC__|0.1.2|21872|crew_log_527ba12b43f44f52|0|1786383929.526|99.997|3.125|2133180416|2127912960|sim_data_341798b7487bf001|__AUTOMETRIC__
__AUTOMETRIC__|0.1.2|21872|crew_log_527ba12b43f44f52|0|1786383930.538|98.786|3.087|2134118400|2128846848|sim_data_341798b7487bf001|__AUTOMETRIC__
__AUTOMETRIC__|0.1.2|21872|crew_log_527ba12b43f44f52|0|1786383931.550|100.354|3.136|2134024192|2128752640|sim_data_341798b7487bf001|__AUTOMETRIC__
__AUTOMETRIC__|0.1.2|21872|crew_log_527ba12b43f44f52|0|1786383932.562|100.408|3.138|2134024192|2128752640|sim_data_341798b7487bf001|__AUTOMETRIC__
__AUTOMETRIC__|0.1.2|21872|crew_log_527ba12b43f44f52|0|1786383933.563|98.368|3.074|2134024192|2128752640|sim_data_341798b7487bf001|__AUTOMETRIC__
__AUTOMETRIC__|0.1.2|21872|crew_log_527ba12b43f44f52|0|1786383934.575|100.353|3.136|2360885248|2356097024|sim_data_341798b7487bf001|__AUTOMETRIC__
__AUTOMETRIC__|0.1.2|21872|crew_log_527ba12b43f44f52|0|1786383935.580|101.059|3.158|2262188032|2258288640|sim_data_341798b7487bf001|__AUTOMETRIC__
__AUTOMETRIC__|0.1.2|21872|crew_log_527ba12b43f44f52|0|1786383936.584|101.100|3.159|2146631680|2142576640|sim_data_341798b7487bf001|__AUTOMETRIC__
__AUTOMETRIC__|0.1.2|21872|crew_log_527ba12b43f44f52|0|1786383937.597|97.140|3.036|2140876800|2135711744|sim_data_341798b7487bf001|__AUTOMETRIC__
__AUTOMETRIC__|0.1.2|21872|crew_log_527ba12b43f44f52|0|1786383938.610|100.295|3.134|2140798976|2135633920|sim_data_341798b7487bf001|__AUTOMETRIC__
__AUTOMETRIC__|0.1.2|21872|crew_log_527ba12b43f44f52|0|1786383939.625|100.080|3.128|2148438016|2143436800|sim_data_341798b7487bf001|__AUTOMETRIC__
__AUTOMETRIC__|0.1.2|21872|crew_log_527ba12b43f44f52|0|1786383940.637|101.879|3.184|2254249984|2249605120|sim_data_341798b7487bf001|__AUTOMETRIC__
__AUTOMETRIC__|0.1.2|21872|crew_log_527ba12b43f44f52|0|1786383941.639|101.358|3.167|2153848832|2149810176|sim_data_341798b7487bf001|__AUTOMETRIC__
__AUTOMETRIC__|0.1.2|21872|crew_log_527ba12b43f44f52|0|1786383942.648|100.659|3.146|2154790912|2150748160|sim_data_341798b7487bf001|__AUTOMETRIC__
__AUTOMETRIC__|0.1.2|21872|crew_log_527ba12b43f44f52|0|1786383943.662|100.134|3.129|2149212160|2144133120|sim_data_341798b7487bf001|__AUTOMETRIC__
__AUTOMETRIC__|0.1.2|21872|crew_log_527ba12b43f44f52|0|1786383944.674|98.815|3.088|2149863424|2144587776|sim_data_341798b7487bf001|__AUTOMETRIC__
__AUTOMETRIC__|0.1.2|21872|crew_log_527ba12b43f44f52|0|1786383945.681|100.894|3.153|2362191872|2357460992|sim_data_341798b7487bf001|__AUTOMETRIC__
__AUTOMETRIC__|0.1.2|21872|crew_log_527ba12b43f44f52|0|1786383946.691|98.990|3.093|2270752768|2266136576|sim_data_341798b7487bf001|__AUTOMETRIC__
__AUTOMETRIC__|0.1.2|21872|crew_log_527ba12b43f44f52|0|1786383947.705|101.768|3.180|2161385472|2157314048|sim_data_341798b7487bf001|__AUTOMETRIC__
__AUTOMETRIC__|0.1.2|21872|crew_log_527ba12b43f44f52|0|1786383948.708|99.646|3.114|2161393664|2157322240|sim_data_341798b7487bf001|__AUTOMETRIC__
__AUTOMETRIC__|0.1.2|21872|crew_log_527ba12b43f44f52|0|1786383949.711|102.850|3.214|2155061248|2149793792|sim_data_341798b7487bf001|__AUTOMETRIC__
__AUTOMETRIC__|0.1.2|21872|crew_log_527ba12b43f44f52|0|1786383950.725|100.155|3.130|2155900928|2150633472|sim_data_341798b7487bf001|__AUTOMETRIC__
__AUTOMETRIC__|0.1.2|21872|crew_log_527ba12b43f44f52|0|1786383951.725|96.851|3.027|2155798528|2150531072|sim_data_341798b7487bf001|__AUTOMETRIC__
__AUTOMETRIC__|0.1.2|21872|crew_log_527ba12b43f44f52|0|1786383952.738|98.730|3.085|2156814336|2151546880|sim_data_341798b7487bf001|__AUTOMETRIC__
__AUTOMETRIC__|0.1.2|21872|crew_log_527ba12b43f44f52|0|1786383953.754|101.531|3.173|2156756992|2151489536|sim_data_341798b7487bf001|__AUTOMETRIC__
__AUTOMETRIC__|0.1.2|21872|crew_log_527ba12b43f44f52|0|1786383954.768|98.570|3.080|2362519552|2357895168|sim_data_341798b7487bf001|__AUTOMETRIC__
__AUTOMETRIC__|0.1.2|21872|crew_log_527ba12b43f44f52|0|1786383955.771|101.271|3.165|2305204224|2301067264|sim_data_341798b7487bf001|__AUTOMETRIC__
__AUTOMETRIC__|0.1.2|21872|crew_log_527ba12b43f44f52|0|1786383956.786|100.074|3.127|2151051264|2146304000|sim_data_341798b7487bf001|__AUTOMETRIC__
__AUTOMETRIC__|0.1.2|21872|crew_log_527ba12b43f44f52|0|1786383957.797|100.460|3.139|2151059456|2146312192|sim_data_341798b7487bf001|__AUTOMETRIC__
__AUTOMETRIC__|0.1.2|21872|crew_log_527ba12b43f44f52|0|1786383958.798|99.886|3.121|2144903168|2139631616|sim_data_341798b7487bf001|__AUTOMETRIC__
__AUTOMETRIC__|0.1.2|21872|crew_log_527ba12b43f44f52|0|1786383959.802|99.632|3.113|2146009088|2140741632|sim_data_341798b7487bf001|__AUTOMETRIC__
__AUTOMETRIC__|0.1.2|21872|crew_log_527ba12b43f44f52|0|1786383960.807|102.634|3.207|2145890304|2140622848|sim_data_341798b7487bf001|__AUTOMETRIC__
__AUTOMETRIC__|0.1.2|21872|crew_log_527ba12b43f44f52|0|1786383961.822|100.029|3.126|2145849344|2140577792|sim_data_341798b7487bf001|__AUTOMETRIC__
__AUTOMETRIC__|0.1.2|21872|crew_log_527ba12b43f44f52|0|1786383962.823|99.858|3.121|2145849344|2140577792|sim_data_341798b7487bf001|__AUTOMETRIC__
__AUTOMETRIC__|0.1.2|21872|crew_log_527ba12b43f44f52|0|1786383963.832|99.142|3.098|2146734080|2141462528|sim_data_341798b7487bf001|__AUTOMETRIC__
__AUTOMETRIC__|0.1.2|21872|crew_log_527ba12b43f44f52|0|1786383964.847|97.006|3.031|2146725888|2141454336|sim_data_341798b7487bf001|__AUTOMETRIC__
__AUTOMETRIC__|0.1.2|21872|crew_log_527ba12b43f44f52|0|1786383965.861|100.083|3.128|2146766848|2141499392|sim_data_341798b7487bf001|__AUTOMETRIC__
__AUTOMETRIC__|0.1.2|21872|crew_log_527ba12b43f44f52|0|1786383966.869|100.758|3.149|2146725888|2141454336|sim_data_341798b7487bf001|__AUTOMETRIC__
__AUTOMETRIC__|0.1.2|21872|crew_log_527ba12b43f44f52|0|1786383967.876|99.304|3.103|2146725888|2141454336|sim_data_341798b7487bf001|__AUTOMETRIC__
__AUTOMETRIC__|0.1.2|21872|crew_log_527ba12b43f44f52|0|1786383968.890|100.157|3.130|2147794944|2142523392|sim_data_341798b7487bf001|__AUTOMETRIC__
__AUTOMETRIC__|0.1.2|21872|crew_log_527ba12b43f44f52|0|1786383969.892|99.881|3.121|2147688448|2142416896|sim_data_341798b7487bf001|__AUTOMETRIC__
__AUTOMETRIC__|0.1.2|21872|crew_log_527ba12b43f44f52|0|1786383970.907|100.076|3.127|2147729408|2142461952|sim_data_341798b7487bf001|__AUTOMETRIC__
__AUTOMETRIC__|0.1.2|21872|crew_log_527ba12b43f44f52|0|1786383971.908|99.819|3.119|2147729408|2142461952|sim_data_341798b7487bf001|__AUTOMETRIC__
__AUTOMETRIC__|0.1.2|21872|crew_log_527ba12b43f44f52|0|1786383972.920|101.944|3.186|2350927872|2345967616|sim_data_341798b7487bf001|__AUTOMETRIC__
__AUTOMETRIC__|0.1.2|21872|crew_log_527ba12b43f44f52|0|1786383973.935|101.587|3.175|2161508352|2157477888|sim_data_341798b7487bf001|__AUTOMETRIC__
__AUTOMETRIC__|0.1.2|21872|crew_log_527ba12b43f44f52|0|1786383974.937|99.774|3.118|2157502464|2152349696|sim_data_341798b7487bf001|__AUTOMETRIC__
__AUTOMETRIC__|0.1.2|21872|crew_log_527ba12b43f44f52|0|1786383975.939|99.812|3.119|2158493696|2153340928|sim_data_341798b7487bf001|__AUTOMETRIC__
__AUTOMETRIC__|0.1.2|21872|crew_log_527ba12b43f44f52|0|1786383976.940|99.917|3.122|2156179456|2151026688|sim_data_341798b7487bf001|__AUTOMETRIC__
__AUTOMETRIC__|0.1.2|21872|crew_log_527ba12b43f44f52|0|1786383977.943|101.253|3.164|2153811968|2148581376|sim_data_341798b7487bf001|__AUTOMETRIC__
__AUTOMETRIC__|0.1.2|21872|crew_log_527ba12b43f44f52|0|1786383978.959|101.507|3.172|2154668032|2149437440|sim_data_341798b7487bf001|__AUTOMETRIC__
__AUTOMETRIC__|0.1.2|21872|crew_log_527ba12b43f44f52|0|1786383979.970|98.933|3.092|2154659840|2149429248|sim_data_341798b7487bf001|__AUTOMETRIC__
__AUTOMETRIC__|0.1.2|21872|crew_log_527ba12b43f44f52|0|1786383980.983|100.220|3.132|2154659840|2149429248|sim_data_341798b7487bf001|__AUTOMETRIC__
__AUTOMETRIC__|0.1.2|21872|crew_log_527ba12b43f44f52|0|1786383981.995|100.403|3.138|2155614208|2150383616|sim_data_341798b7487bf001|__AUTOMETRIC__
__AUTOMETRIC__|0.1.2|21872|crew_log_527ba12b43f44f52|0|1786383983.009|98.580|3.081|2155614208|2150383616|sim_data_341798b7487bf001|__AUTOMETRIC__
__AUTOMETRIC__|0.1.2|21872|crew_log_527ba12b43f44f52|0|1786383984.010|99.941|3.123|2155573248|2150338560|sim_data_341798b7487bf001|__AUTOMETRIC__
__AUTOMETRIC__|0.1.2|21872|crew_log_527ba12b43f44f52|0|1786383985.023|100.253|3.133|2351161344|2345955328|sim_data_341798b7487bf001|__AUTOMETRIC__
__AUTOMETRIC__|0.1.2|21872|crew_log_527ba12b43f44f52|0|1786383986.026|99.653|3.114|2186924032|2182037504|sim_data_341798b7487bf001|__AUTOMETRIC__
__AUTOMETRIC__|0.1.2|21872|crew_log_527ba12b43f44f52|0|1786383987.038|98.811|3.088|2180120576|2175336448|sim_data_341798b7487bf001|__AUTOMETRIC__
__AUTOMETRIC__|0.1.2|21872|crew_log_527ba12b43f44f52|0|1786383988.039|99.957|3.124|2181111808|2176327680|sim_data_341798b7487bf001|__AUTOMETRIC__
__AUTOMETRIC__|0.1.2|21872|crew_log_527ba12b43f44f52|0|1786383989.040|99.867|3.121|2163519488|2158276608|sim_data_341798b7487bf001|__AUTOMETRIC__
__AUTOMETRIC__|0.1.2|21872|crew_log_527ba12b43f44f52|0|1786383990.045|99.470|3.108|2162970624|2157727744|sim_data_341798b7487bf001|__AUTOMETRIC__
__AUTOMETRIC__|0.1.2|21872|crew_log_527ba12b43f44f52|0|1786383991.046|98.334|3.073|2162880512|2157637632|sim_data_341798b7487bf001|__AUTOMETRIC__
__AUTOMETRIC__|0.1.2|21872|crew_log_527ba12b43f44f52|0|1786383992.061|100.065|3.127|2163781632|2158538752|sim_data_341798b7487bf001|__AUTOMETRIC__
__AUTOMETRIC__|0.1.2|21872|crew_log_527ba12b43f44f52|0|1786383993.077|100.047|3.126|2163728384|2158485504|sim_data_341798b7487bf001|__AUTOMETRIC__
__AUTOMETRIC__|0.1.2|21872|crew_log_527ba12b43f44f52|0|1786383994.082|99.470|3.108|2355150848|2350415872|sim_data_341798b7487bf001|__AUTOMETRIC__
__AUTOMETRIC__|0.1.2|21872|crew_log_527ba12b43f44f52|0|1786383995.094|100.357|3.136|2306740224|2302304256|sim_data_341798b7487bf001|__AUTOMETRIC__
__AUTOMETRIC__|0.1.2|21872|crew_log_527ba12b43f44f52|0|1786383996.103|100.635|3.145|2176868352|2172760064|sim_data_341798b7487bf001|__AUTOMETRIC__
__AUTOMETRIC__|0.1.2|21872|crew_log_527ba12b43f44f52|0|1786383997.107|98.061|3.064|2170155008|2164908032|sim_data_341798b7487bf001|__AUTOMETRIC__
__AUTOMETRIC__|0.1.2|21872|crew_log_527ba12b43f44f52|0|1786383998.121|100.200|3.131|2170163200|2164916224|sim_data_341798b7487bf001|__AUTOMETRIC__
__AUTOMETRIC__|0.1.2|21872|crew_log_527ba12b43f44f52|0|1786383999.130|95.948|2.998|2171244544|2165997568|sim_data_341798b7487bf001|__AUTOMETRIC__
__AUTOMETRIC__|0.1.2|21872|crew_log_527ba12b43f44f52|0|1786384000.134|101.211|3.163|2171121664|2165874688|sim_data_341798b7487bf001|__AUTOMETRIC__
__AUTOMETRIC__|0.1.2|21872|crew_log_527ba12b43f44f52|0|1786384001.149|98.538|3.079|2172137472|2166890496|sim_data_341798b7487bf001|__AUTOMETRIC__
__AUTOMETRIC__|0.1.2|21872|crew_log_527ba12b43f44f52|0|1786384002.164|100.024|3.126|2367127552|2362490880|sim_data_341798b7487bf001|__AUTOMETRIC__
__AUTOMETRIC__|0.1.2|21872|crew_log_527ba12b43f44f52|0|1786384003.172|99.222|3.101|2315030528|2310365184|sim_data_341798b7487bf001|__AUTOMETRIC__
__AUTOMETRIC__|0.1.2|21872|crew_log_527ba12b43f44f52|0|1786384004.186|100.136|3.129|2186878976|2182651904|sim_data_341798b7487bf001|__AUTOMETRIC__
__AUTOMETRIC__|0.1.2|21872|crew_log_527ba12b43f44f52|0|1786384005.187|99.917|3.122|2177667072|2172420096|sim_data_341798b7487bf001|__AUTOMETRIC__
__AUTOMETRIC__|0.1.2|21872|crew_log_527ba12b43f44f52|0|1786384006.198|100.453|3.139|2178727936|2173480960|sim_data_341798b7487bf001|__AUTOMETRIC__
__AUTOMETRIC__|0.1.2|21872|crew_log_527ba12b43f44f52|0|1786384007.203|97.904|3.060|2179624960|2174459904|sim_data_341798b7487bf001|__AUTOMETRIC__
__AUTOMETRIC__|0.1.2|21872|crew_log_527ba12b43f44f52|0|1786384008.206|98.169|3.068|2179489792|2174324736|sim_data_341798b7487bf001|__AUTOMETRIC__
__AUTOMETRIC__|0.1.2|21872|crew_log_527ba12b43f44f52|0|1786384009.219|100.315|3.135|2369306624|2364579840|sim_data_341798b7487bf001|__AUTOMETRIC__
__AUTOMETRIC__|0.1.2|21872|crew_log_527ba12b43f44f52|0|1786384010.224|99.414|3.107|2330619904|2326855680|sim_data_341798b7487bf001|__AUTOMETRIC__
__AUTOMETRIC__|0.1.2|21872|crew_log_527ba12b43f44f52|0|1786384011.224|103.133|3.223|2215120896|2210746368|sim_data_341798b7487bf001|__AUTOMETRIC__
__AUTOMETRIC__|0.1.2|21872|crew_log_527ba12b43f44f52|0|1786384012.238|100.153|3.130|2186821632|2181570560|sim_data_341798b7487bf001|__AUTOMETRIC__
__AUTOMETRIC__|0.1.2|21872|crew_log_527ba12b43f44f52|0|1786384013.250|100.384|3.137|2187636736|2182385664|sim_data_341798b7487bf001|__AUTOMETRIC__
__AUTOMETRIC__|0.1.2|21872|crew_log_527ba12b43f44f52|0|1786384014.266|100.003|3.125|2187636736|2182385664|sim_data_341798b7487bf001|__AUTOMETRIC__
__AUTOMETRIC__|0.1.2|21872|crew_log_527ba12b43f44f52|0|1786384015.281|98.514|3.079|2188636160|2183385088|sim_data_341798b7487bf001|__AUTOMETRIC__
__AUTOMETRIC__|0.1.2|21872|crew_log_527ba12b43f44f52|0|1786384016.295|100.144|3.130|2188636160|2183385088|sim_data_341798b7487bf001|__AUTOMETRIC__
__AUTOMETRIC__|0.1.2|21872|crew_log_527ba12b43f44f52|0|1786384017.306|102.027|3.188|2187505664|2182672384|sim_data_341798b7487bf001|__AUTOMETRIC__
__AUTOMETRIC__|0.1.2|21872|crew_log_527ba12b43f44f52|0|1786384018.309|99.711|3.116|2207551488|2203115520|sim_data_341798b7487bf001|__AUTOMETRIC__
__AUTOMETRIC__|0.1.2|21872|crew_log_527ba12b43f44f52|0|1786384019.317|99.124|3.098|2208706560|2204352512|sim_data_341798b7487bf001|__AUTOMETRIC__
__AUTOMETRIC__|0.1.2|21872|crew_log_527ba12b43f44f52|0|1786384020.326|99.144|3.098|2203832320|2198581248|sim_data_341798b7487bf001|__AUTOMETRIC__
__AUTOMETRIC__|0.1.2|21872|crew_log_527ba12b43f44f52|0|1786384021.331|97.964|3.061|2204807168|2199638016|sim_data_341798b7487bf001|__AUTOMETRIC__
__AUTOMETRIC__|0.1.2|21872|crew_log_527ba12b43f44f52|0|1786384022.347|98.433|3.076|2421665792|2416885760|sim_data_341798b7487bf001|__AUTOMETRIC__
__AUTOMETRIC__|0.1.2|21872|crew_log_527ba12b43f44f52|0|1786384023.354|100.820|3.151|2307444736|2303430656|sim_data_341798b7487bf001|__AUTOMETRIC__
__AUTOMETRIC__|0.1.2|21872|crew_log_527ba12b43f44f52|0|1786384024.359|101.108|3.160|2216419328|2211471360|sim_data_341798b7487bf001|__AUTOMETRIC__
__AUTOMETRIC__|0.1.2|21872|crew_log_527ba12b43f44f52|0|1786384025.369|100.542|3.142|2210983936|2205814784|sim_data_341798b7487bf001|__AUTOMETRIC__
__AUTOMETRIC__|0.1.2|21872|crew_log_527ba12b43f44f52|0|1786384026.369|99.971|3.124|2211790848|2206621696|sim_data_341798b7487bf001|__AUTOMETRIC__
__AUTOMETRIC__|0.1.2|21872|crew_log_527ba12b43f44f52|0|1786384027.376|100.829|3.151|2234200064|2229080064|sim_data_341798b7487bf001|__AUTOMETRIC__
__AUTOMETRIC__|0.1.2|21872|crew_log_527ba12b43f44f52|0|1786384028.383|100.864|3.152|2253225984|2249240576|sim_data_341798b7487bf001|__AUTOMETRIC__
__AUTOMETRIC__|0.1.2|21872|crew_log_527ba12b43f44f52|0|1786384029.396|98.702|3.084|2223443968|2219220992|sim_data_341798b7487bf001|__AUTOMETRIC__
__AUTOMETRIC__|0.1.2|21872|crew_log_527ba12b43f44f52|0|1786384030.399|101.322|3.166|2217680896|2212864000|sim_data_341798b7487bf001|__AUTOMETRIC__
__AUTOMETRIC__|0.1.2|21872|crew_log_527ba12b43f44f52|0|1786384031.442|98.817|3.088|2218610688|2213351424|sim_data_341798b7487bf001|__AUTOMETRIC__
__AUTOMETRIC__|0.1.2|21872|crew_log_527ba12b43f44f52|0|1786384032.444|99.801|3.119|2219499520|2214240256|sim_data_341798b7487bf001|__AUTOMETRIC__
__AUTOMETRIC__|0.1.2|21872|crew_log_527ba12b43f44f52|0|1786384033.456|98.822|3.088|2363228160|2357977088|sim_data_341798b7487bf001|__AUTOMETRIC__
__AUTOMETRIC__|0.1.2|21872|crew_log_527ba12b43f44f52|0|1786384034.463|99.296|3.103|2417451008|2412662784|sim_data_341798b7487bf001|__AUTOMETRIC__
__AUTOMETRIC__|0.1.2|21872|crew_log_527ba12b43f44f52|0|1786384035.474|100.521|3.141|2199896064|2195968000|sim_data_341798b7487bf001|__AUTOMETRIC__
__AUTOMETRIC__|0.1.2|21872|crew_log_527ba12b43f44f52|0|1786384036.483|102.165|3.193|2181500928|2176782336|sim_data_341798b7487bf001|__AUTOMETRIC__
__AUTOMETRIC__|0.1.2|21872|crew_log_527ba12b43f44f52|0|1786384037.488|99.476|3.109|2180366336|2175168512|sim_data_341798b7487bf001|__AUTOMETRIC__
__AUTOMETRIC__|0.1.2|21872|crew_log_527ba12b43f44f52|0|1786384038.504|101.535|3.173|2181165056|2175967232|sim_data_341798b7487bf001|__AUTOMETRIC__
__AUTOMETRIC__|0.1.2|21872|crew_log_527ba12b43f44f52|0|1786384039.505|99.949|3.123|2272616448|2267418624|sim_data_341798b7487bf001|__AUTOMETRIC__
__AUTOMETRIC__|0.1.2|21872|crew_log_527ba12b43f44f52|0|1786384040.514|99.087|3.096|2388123648|2383388672|sim_data_341798b7487bf001|__AUTOMETRIC__
__AUTOMETRIC__|0.1.2|21872|crew_log_527ba12b43f44f52|0|1786384041.525|100.447|3.139|2210721792|2206683136|sim_data_341798b7487bf001|__AUTOMETRIC__
__AUTOMETRIC__|0.1.2|21872|crew_log_527ba12b43f44f52|0|1786384042.526|99.864|3.121|2207145984|2202279936|sim_data_341798b7487bf001|__AUTOMETRIC__
__AUTOMETRIC__|0.1.2|21872|crew_log_527ba12b43f44f52|0|1786384043.528|99.880|3.121|2203090944|2197819392|sim_data_341798b7487bf001|__AUTOMETRIC__
__AUTOMETRIC__|0.1.2|21872|crew_log_527ba12b43f44f52|0|1786384044.535|99.243|3.101|2204028928|2198757376|sim_data_341798b7487bf001|__AUTOMETRIC__
__AUTOMETRIC__|0.1.2|21872|crew_log_527ba12b43f44f52|0|1786384045.537|101.362|3.168|2203947008|2198675456|sim_data_341798b7487bf001|__AUTOMETRIC__
__AUTOMETRIC__|0.1.2|21872|crew_log_527ba12b43f44f52|0|1786384046.585|98.413|3.075|2204950528|2199678976|sim_data_341798b7487bf001|__AUTOMETRIC__
__AUTOMETRIC__|0.1.2|21872|crew_log_527ba12b43f44f52|0|1786384047.599|98.637|3.082|2340519936|2335248384|sim_data_341798b7487bf001|__AUTOMETRIC__
__AUTOMETRIC__|0.1.2|21872|crew_log_527ba12b43f44f52|0|1786384048.611|100.371|3.137|2228248576|2223419392|sim_data_341798b7487bf001|__AUTOMETRIC__
__AUTOMETRIC__|0.1.2|21872|crew_log_527ba12b43f44f52|0|1786384049.617|100.945|3.155|2211454976|2207055872|sim_data_341798b7487bf001|__AUTOMETRIC__
__AUTOMETRIC__|0.1.2|21872|crew_log_527ba12b43f44f52|0|1786384050.631|100.137|3.129|2212401152|2208002048|sim_data_341798b7487bf001|__AUTOMETRIC__
__AUTOMETRIC__|0.1.2|21872|crew_log_527ba12b43f44f52|0|1786384051.647|98.429|3.076|2206289920|2201157632|sim_data_341798b7487bf001|__AUTOMETRIC__
__AUTOMETRIC__|0.1.2|21872|crew_log_527ba12b43f44f52|0|1786384052.651|101.173|3.162|2207322112|2202046464|sim_data_341798b7487bf001|__AUTOMETRIC__
__AUTOMETRIC__|0.1.2|21872|crew_log_527ba12b43f44f52|0|1786384053.665|98.628|3.082|2208239616|2202963968|sim_data_341798b7487bf001|__AUTOMETRIC__
__AUTOMETRIC__|0.1.2|21872|crew_log_527ba12b43f44f52|0|1786384054.672|99.301|3.103|2413989888|2409144320|sim_data_341798b7487bf001|__AUTOMETRIC__
__AUTOMETRIC__|0.1.2|21872|crew_log_527ba12b43f44f52|0|1786384055.679|102.403|3.200|2224488448|2220707840|sim_data_341798b7487bf001|__AUTOMETRIC__
__AUTOMETRIC__|0.1.2|21872|crew_log_527ba12b43f44f52|0|1786384056.685|99.431|3.107|2216050688|2211373056|sim_data_341798b7487bf001|__AUTOMETRIC__
__AUTOMETRIC__|0.1.2|21872|crew_log_527ba12b43f44f52|0|1786384057.687|99.758|3.117|2213101568|2207969280|sim_data_341798b7487bf001|__AUTOMETRIC__
__AUTOMETRIC__|0.1.2|21872|crew_log_527ba12b43f44f52|0|1786384058.699|100.398|3.137|2211454976|2206179328|sim_data_341798b7487bf001|__AUTOMETRIC__
__AUTOMETRIC__|0.1.2|21872|crew_log_527ba12b43f44f52|0|1786384059.709|98.964|3.093|2212356096|2207080448|sim_data_341798b7487bf001|__AUTOMETRIC__
__AUTOMETRIC__|0.1.2|21872|crew_log_527ba12b43f44f52|0|1786384060.724|100.078|3.127|2213289984|2208014336|sim_data_341798b7487bf001|__AUTOMETRIC__
__AUTOMETRIC__|0.1.2|21872|crew_log_527ba12b43f44f52|0|1786384061.724|101.522|3.173|2213289984|2208014336|sim_data_341798b7487bf001|__AUTOMETRIC__
__AUTOMETRIC__|0.1.2|21872|crew_log_527ba12b43f44f52|0|1786384062.739|98.598|3.081|2231148544|2226266112|sim_data_341798b7487bf001|__AUTOMETRIC__
__AUTOMETRIC__|0.1.2|21872|crew_log_527ba12b43f44f52|0|1786384063.743|101.110|3.160|2226020352|2221891584|sim_data_341798b7487bf001|__AUTOMETRIC__
__AUTOMETRIC__|0.1.2|21872|crew_log_527ba12b43f44f52|0|1786384064.750|99.286|3.103|2220011520|2214735872|sim_data_341798b7487bf001|__AUTOMETRIC__
__AUTOMETRIC__|0.1.2|21872|crew_log_527ba12b43f44f52|0|1786384065.766|100.026|3.126|2221039616|2215833600|sim_data_341798b7487bf001|__AUTOMETRIC__
__AUTOMETRIC__|0.1.2|21872|crew_log_527ba12b43f44f52|0|1786384066.780|100.150|3.130|2221465600|2216259584|sim_data_341798b7487bf001|__AUTOMETRIC__
__AUTOMETRIC__|0.1.2|21872|crew_log_527ba12b43f44f52|0|1786384067.783|99.696|3.115|2222366720|2217160704|sim_data_341798b7487bf001|__AUTOMETRIC__
__AUTOMETRIC__|0.1.2|21872|crew_log_527ba12b43f44f52|0|1786384068.786|99.709|3.116|2408939520|2404167680|sim_data_341798b7487bf001|__AUTOMETRIC__
__AUTOMETRIC__|0.1.2|21872|crew_log_527ba12b43f44f52|0|1786384069.791|100.983|3.156|2249383936|2244595712|sim_data_341798b7487bf001|__AUTOMETRIC__
__AUTOMETRIC__|0.1.2|21872|crew_log_527ba12b43f44f52|0|1786384070.793|98.286|3.071|2232619008|2227572736|sim_data_341798b7487bf001|__AUTOMETRIC__
__AUTOMETRIC__|0.1.2|21872|crew_log_527ba12b43f44f52|0|1786384071.801|99.150|3.098|2233528320|2228482048|sim_data_341798b7487bf001|__AUTOMETRIC__
__AUTOMETRIC__|0.1.2|21872|crew_log_527ba12b43f44f52|0|1786384072.816|101.603|3.175|2230333440|2225274880|sim_data_341798b7487bf001|__AUTOMETRIC__
__AUTOMETRIC__|0.1.2|21872|crew_log_527ba12b43f44f52|0|1786384073.818|99.895|3.122|2231009280|2225741824|sim_data_341798b7487bf001|__AUTOMETRIC__
__AUTOMETRIC__|0.1.2|21872|crew_log_527ba12b43f44f52|0|1786384074.820|102.879|3.215|2230890496|2225623040|sim_data_341798b7487bf001|__AUTOMETRIC__
__AUTOMETRIC__|0.1.2|21872|crew_log_527ba12b43f44f52|0|1786384075.853|98.304|3.072|2411307008|2406453248|sim_data_341798b7487bf001|__AUTOMETRIC__
__AUTOMETRIC__|0.1.2|21872|crew_log_527ba12b43f44f52|0|1786384076.867|97.108|3.035|2275635200|2271596544|sim_data_341798b7487bf001|__AUTOMETRIC__
__AUTOMETRIC__|0.1.2|21872|crew_log_527ba12b43f44f52|0|1786384077.878|100.409|3.138|2264068096|2259660800|sim_data_341798b7487bf001|__AUTOMETRIC__
__AUTOMETRIC__|0.1.2|21872|crew_log_527ba12b43f44f52|0|1786384078.883|102.624|3.207|2238623744|2233327616|sim_data_341798b7487bf001|__AUTOMETRIC__
__AUTOMETRIC__|0.1.2|21872|crew_log_527ba12b43f44f52|0|1786384079.886|99.709|3.116|2239582208|2234286080|sim_data_341798b7487bf001|__AUTOMETRIC__
__AUTOMETRIC__|0.1.2|21872|crew_log_527ba12b43f44f52|0|1786384080.901|100.053|3.127|2430697472|2425995264|sim_data_341798b7487bf001|__AUTOMETRIC__
__AUTOMETRIC__|0.1.2|21872|crew_log_527ba12b43f44f52|0|1786384081.902|101.494|3.172|2276814848|2272718848|sim_data_341798b7487bf001|__AUTOMETRIC__
__AUTOMETRIC__|0.1.2|21872|crew_log_527ba12b43f44f52|0|1786384082.912|99.018|3.094|2221027328|2216001536|sim_data_341798b7487bf001|__AUTOMETRIC__
__AUTOMETRIC__|0.1.2|21872|crew_log_527ba12b43f44f52|0|1786384083.915|101.212|3.163|2221944832|2216919040|sim_data_341798b7487bf001|__AUTOMETRIC__
__AUTOMETRIC__|0.1.2|21872|crew_log_527ba12b43f44f52|0|1786384084.929|100.209|3.132|2219376640|2214129664|sim_data_341798b7487bf001|__AUTOMETRIC__
__AUTOMETRIC__|0.1.2|21872|crew_log_527ba12b43f44f52|0|1786384085.943|98.635|3.082|2219298816|2213998592|sim_data_341798b7487bf001|__AUTOMETRIC__
__AUTOMETRIC__|0.1.2|21872|crew_log_527ba12b43f44f52|0|1786384086.957|103.229|3.226|2219008000|2213707776|sim_data_341798b7487bf001|__AUTOMETRIC__
__AUTOMETRIC__|0.1.2|21872|crew_log_527ba12b43f44f52|0|1786384087.971|100.167|3.130|2413699072|2408710144|sim_data_341798b7487bf001|__AUTOMETRIC__
__AUTOMETRIC__|0.1.2|21872|crew_log_527ba12b43f44f52|0|1786384088.981|102.099|3.191|2242183168|2238230528|sim_data_341798b7487bf001|__AUTOMETRIC__
__AUTOMETRIC__|0.1.2|21872|crew_log_527ba12b43f44f52|0|1786384089.982|99.904|3.122|2228375552|2224074752|sim_data_341798b7487bf001|__AUTOMETRIC__
__AUTOMETRIC__|0.1.2|21872|crew_log_527ba12b43f44f52|0|1786384090.984|99.793|3.119|2223071232|2217652224|sim_data_341798b7487bf001|__AUTOMETRIC__
__AUTOMETRIC__|0.1.2|21872|crew_log_527ba12b43f44f52|0|1786384091.998|100.167|3.130|2222825472|2217406464|sim_data_341798b7487bf001|__AUTOMETRIC__
__AUTOMETRIC__|0.1.2|21872|crew_log_527ba12b43f44f52|0|1786384093.001|98.113|3.066|2222813184|2217394176|sim_data_341798b7487bf001|__AUTOMETRIC__
__AUTOMETRIC__|0.1.2|21872|crew_log_527ba12b43f44f52|0|1786384094.006|101.021|3.157|2222829568|2217410560|sim_data_341798b7487bf001|__AUTOMETRIC__
__AUTOMETRIC__|0.1.2|21872|crew_log_527ba12b43f44f52|0|1786384095.007|96.849|3.027|2222817280|2217398272|sim_data_341798b7487bf001|__AUTOMETRIC__
__AUTOMETRIC__|0.1.2|21872|crew_log_527ba12b43f44f52|0|1786384096.019|98.739|3.086|2222813184|2217394176|sim_data_341798b7487bf001|__AUTOMETRIC__
__AUTOMETRIC__|0.1.2|21872|crew_log_527ba12b43f44f52|0|1786384097.025|100.988|3.156|2222817280|2217398272|sim_data_341798b7487bf001|__AUTOMETRIC__
__AUTOMETRIC__|0.1.2|21872|crew_log_527ba12b43f44f52|0|1786384098.030|99.534|3.110|2222825472|2217406464|sim_data_341798b7487bf001|__AUTOMETRIC__
__AUTOMETRIC__|0.1.2|21872|crew_log_527ba12b43f44f52|0|1786384099.033|99.673|3.115|2222813184|2217394176|sim_data_341798b7487bf001|__AUTOMETRIC__
__AUTOMETRIC__|0.1.2|21872|crew_log_527ba12b43f44f52|0|1786384100.034|99.867|3.121|2223771648|2218352640|sim_data_341798b7487bf001|__AUTOMETRIC__
__AUTOMETRIC__|0.1.2|21872|crew_log_527ba12b43f44f52|0|1786384101.051|99.904|3.122|2223673344|2218254336|sim_data_341798b7487bf001|__AUTOMETRIC__
__AUTOMETRIC__|0.1.2|21872|crew_log_527ba12b43f44f52|0|1786384102.052|99.918|3.122|2223681536|2218262528|sim_data_341798b7487bf001|__AUTOMETRIC__
__AUTOMETRIC__|0.1.2|21872|crew_log_527ba12b43f44f52|0|1786384103.060|102.287|3.196|2223689728|2218270720|sim_data_341798b7487bf001|__AUTOMETRIC__
__AUTOMETRIC__|0.1.2|21872|crew_log_527ba12b43f44f52|0|1786384104.074|100.194|3.131|2223677440|2218258432|sim_data_341798b7487bf001|__AUTOMETRIC__
__AUTOMETRIC__|0.1.2|21872|crew_log_527ba12b43f44f52|0|1786384105.082|99.190|3.100|2223681536|2218262528|sim_data_341798b7487bf001|__AUTOMETRIC__
__AUTOMETRIC__|0.1.2|21872|crew_log_527ba12b43f44f52|0|1786384106.086|102.707|3.210|2223689728|2218270720|sim_data_341798b7487bf001|__AUTOMETRIC__
__AUTOMETRIC__|0.1.2|21872|crew_log_527ba12b43f44f52|0|1786384107.088|99.769|3.118|2223681536|2218262528|sim_data_341798b7487bf001|__AUTOMETRIC__
__AUTOMETRIC__|0.1.2|21872|crew_log_527ba12b43f44f52|0|1786384108.095|97.764|3.055|2223673344|2218254336|sim_data_341798b7487bf001|__AUTOMETRIC__
__AUTOMETRIC__|0.1.2|21872|crew_log_527ba12b43f44f52|0|1786384109.108|98.746|3.086|2223677440|2218258432|sim_data_341798b7487bf001|__AUTOMETRIC__
__AUTOMETRIC__|0.1.2|21872|crew_log_527ba12b43f44f52|0|1786384110.112|98.065|3.065|2223677440|2218258432|sim_data_341798b7487bf001|__AUTOMETRIC__
__AUTOMETRIC__|0.1.2|21872|crew_log_527ba12b43f44f52|0|1786384111.127|101.582|3.174|2223685632|2218266624|sim_data_341798b7487bf001|__AUTOMETRIC__
__AUTOMETRIC__|0.1.2|21872|crew_log_527ba12b43f44f52|0|1786384112.129|99.817|3.119|2223689728|2218270720|sim_data_341798b7487bf001|__AUTOMETRIC__
__AUTOMETRIC__|0.1.2|21872|crew_log_527ba12b43f44f52|0|1786384113.134|100.972|3.155|2223673344|2218254336|sim_data_341798b7487bf001|__AUTOMETRIC__
__AUTOMETRIC__|0.1.2|21872|crew_log_527ba12b43f44f52|0|1786384114.148|100.165|3.130|2223677440|2218258432|sim_data_341798b7487bf001|__AUTOMETRIC__
__AUTOMETRIC__|0.1.2|21872|crew_log_527ba12b43f44f52|0|1786384115.156|99.199|3.100|2224660480|2219241472|sim_data_341798b7487bf001|__AUTOMETRIC__
__AUTOMETRIC__|0.1.2|21872|crew_log_527ba12b43f44f52|0|1786384116.162|99.478|3.109|2224635904|2219216896|sim_data_341798b7487bf001|__AUTOMETRIC__
__AUTOMETRIC__|0.1.2|21872|crew_log_527ba12b43f44f52|0|1786384117.167|101.018|3.157|2224631808|2219212800|sim_data_341798b7487bf001|__AUTOMETRIC__
__AUTOMETRIC__|0.1.2|21872|crew_log_527ba12b43f44f52|0|1786384118.176|97.594|3.050|2224635904|2219216896|sim_data_341798b7487bf001|__AUTOMETRIC__
__AUTOMETRIC__|0.1.2|21872|crew_log_527ba12b43f44f52|0|1786384119.180|101.143|3.161|2224631808|2219212800|sim_data_341798b7487bf001|__AUTOMETRIC__
__AUTOMETRIC__|0.1.2|21872|crew_log_527ba12b43f44f52|0|1786384120.185|99.510|3.110|2224640000|2219220992|sim_data_341798b7487bf001|__AUTOMETRIC__
__AUTOMETRIC__|0.1.2|21872|crew_log_527ba12b43f44f52|0|1786384121.186|98.324|3.073|2224640000|2219220992|sim_data_341798b7487bf001|__AUTOMETRIC__
__AUTOMETRIC__|0.1.2|21872|crew_log_527ba12b43f44f52|0|1786384122.188|98.200|3.069|2224648192|2219229184|sim_data_341798b7487bf001|__AUTOMETRIC__
__AUTOMETRIC__|0.1.2|21872|crew_log_527ba12b43f44f52|0|1786384123.192|99.601|3.113|2224631808|2219212800|sim_data_341798b7487bf001|__AUTOMETRIC__
__AUTOMETRIC__|0.1.2|21872|crew_log_527ba12b43f44f52|0|1786384124.202|99.080|3.096|2224635904|2219216896|sim_data_341798b7487bf001|__AUTOMETRIC__
__AUTOMETRIC__|0.1.2|21872|crew_log_527ba12b43f44f52|0|1786384125.217|98.474|3.077|2224631808|2219212800|sim_data_341798b7487bf001|__AUTOMETRIC__
__AUTOMETRIC__|0.1.2|21872|crew_log_527ba12b43f44f52|0|1786384126.223|99.367|3.105|2224644096|2219225088|sim_data_341798b7487bf001|__AUTOMETRIC__
__AUTOMETRIC__|0.1.2|21872|crew_log_527ba12b43f44f52|0|1786384127.232|100.695|3.147|2224631808|2219212800|sim_data_341798b7487bf001|__AUTOMETRIC__
__AUTOMETRIC__|0.1.2|21872|crew_log_527ba12b43f44f52|0|1786384128.244|100.367|3.136|2225573888|2220154880|sim_data_341798b7487bf001|__AUTOMETRIC__
__AUTOMETRIC__|0.1.2|21872|crew_log_527ba12b43f44f52|0|1786384129.249|99.485|3.109|2225586176|2220167168|sim_data_341798b7487bf001|__AUTOMETRIC__
__AUTOMETRIC__|0.1.2|21872|crew_log_527ba12b43f44f52|0|1786384130.254|99.515|3.110|2225573888|2220154880|sim_data_341798b7487bf001|__AUTOMETRIC__
__AUTOMETRIC__|0.1.2|21872|crew_log_527ba12b43f44f52|0|1786384131.262|100.730|3.148|2225582080|2220163072|sim_data_341798b7487bf001|__AUTOMETRIC__
__AUTOMETRIC__|0.1.2|21872|crew_log_527ba12b43f44f52|0|1786384132.276|100.190|3.131|2225569792|2220150784|sim_data_341798b7487bf001|__AUTOMETRIC__
__AUTOMETRIC__|0.1.2|21872|crew_log_527ba12b43f44f52|0|1786384133.285|99.076|3.096|2225569792|2220150784|sim_data_341798b7487bf001|__AUTOMETRIC__
__AUTOMETRIC__|0.1.2|21872|crew_log_527ba12b43f44f52|0|1786384134.300|96.997|3.031|2225582080|2220163072|sim_data_341798b7487bf001|__AUTOMETRIC__
__AUTOMETRIC__|0.1.2|21872|crew_log_527ba12b43f44f52|0|1786384135.308|100.741|3.148|2225569792|2220150784|sim_data_341798b7487bf001|__AUTOMETRIC__
__AUTOMETRIC__|0.1.2|21872|crew_log_527ba12b43f44f52|0|1786384136.320|100.428|3.138|2225569792|2220150784|sim_data_341798b7487bf001|__AUTOMETRIC__
__AUTOMETRIC__|0.1.2|21872|crew_log_527ba12b43f44f52|0|1786384137.322|99.794|3.119|2225582080|2220163072|sim_data_341798b7487bf001|__AUTOMETRIC__
__AUTOMETRIC__|0.1.2|21872|crew_log_527ba12b43f44f52|0|1786384138.332|98.939|3.092|2225569792|2220150784|sim_data_341798b7487bf001|__AUTOMETRIC__
__AUTOMETRIC__|0.1.2|21872|crew_log_527ba12b43f44f52|0|1786384139.340|102.382|3.199|2253176832|2248290304|sim_data_341798b7487bf001|__AUTOMETRIC__
__AUTOMETRIC__|0.1.2|21872|crew_log_527ba12b43f44f52|0|1786384140.349|99.040|3.095|2238038016|2234040320|sim_data_341798b7487bf001|__AUTOMETRIC__
__AUTOMETRIC__|0.1.2|21872|crew_log_527ba12b43f44f52|0|1786384141.364|101.691|3.178|2233094144|2227777536|sim_data_341798b7487bf001|__AUTOMETRIC__
__AUTOMETRIC__|0.1.2|21872|crew_log_527ba12b43f44f52|0|1786384142.367|101.198|3.162|2232242176|2226847744|sim_data_341798b7487bf001|__AUTOMETRIC__
__AUTOMETRIC__|0.1.2|21872|crew_log_527ba12b43f44f52|0|1786384143.375|97.683|3.053|2233188352|2227793920|sim_data_341798b7487bf001|__AUTOMETRIC__
__AUTOMETRIC__|0.1.2|21872|crew_log_527ba12b43f44f52|0|1786384144.378|99.637|3.114|2233126912|2227732480|sim_data_341798b7487bf001|__AUTOMETRIC__
__AUTOMETRIC__|0.1.2|21872|crew_log_527ba12b43f44f52|0|1786384145.383|101.079|3.159|2234150912|2228756480|sim_data_341798b7487bf001|__AUTOMETRIC__
__AUTOMETRIC__|0.1.2|21872|crew_log_527ba12b43f44f52|0|1786384146.394|98.897|3.091|2363703296|2358370304|sim_data_341798b7487bf001|__AUTOMETRIC__
__AUTOMETRIC__|0.1.2|21872|crew_log_527ba12b43f44f52|0|1786384147.411|99.859|3.121|2354774016|2349711360|sim_data_341798b7487bf001|__AUTOMETRIC__
__AUTOMETRIC__|0.1.2|21872|crew_log_527ba12b43f44f52|0|1786384148.426|101.676|3.177|2233606144|2229383168|sim_data_341798b7487bf001|__AUTOMETRIC__
__AUTOMETRIC__|0.1.2|21872|crew_log_527ba12b43f44f52|0|1786384149.439|101.747|3.180|2229391360|2224066560|sim_data_341798b7487bf001|__AUTOMETRIC__
__AUTOMETRIC__|0.1.2|21872|crew_log_527ba12b43f44f52|0|1786384150.454|100.106|3.128|2226331648|2220929024|sim_data_341798b7487bf001|__AUTOMETRIC__
__AUTOMETRIC__|0.1.2|21872|crew_log_527ba12b43f44f52|0|1786384151.465|98.877|3.090|2227421184|2222018560|sim_data_341798b7487bf001|__AUTOMETRIC__
__AUTOMETRIC__|0.1.2|21872|crew_log_527ba12b43f44f52|0|1786384152.465|99.967|3.124|2227314688|2221912064|sim_data_341798b7487bf001|__AUTOMETRIC__
__AUTOMETRIC__|0.1.2|21872|crew_log_527ba12b43f44f52|0|1786384153.480|100.131|3.129|2228252672|2222850048|sim_data_341798b7487bf001|__AUTOMETRIC__
__AUTOMETRIC__|0.1.2|21872|crew_log_527ba12b43f44f52|0|1786384154.493|100.275|3.134|2341052416|2335678464|sim_data_341798b7487bf001|__AUTOMETRIC__
__AUTOMETRIC__|0.1.2|21872|crew_log_527ba12b43f44f52|0|1786384155.495|101.308|3.166|2279227392|2274488320|sim_data_341798b7487bf001|__AUTOMETRIC__
__AUTOMETRIC__|0.1.2|21872|crew_log_527ba12b43f44f52|0|1786384156.510|100.026|3.126|2239246336|2235281408|sim_data_341798b7487bf001|__AUTOMETRIC__
__AUTOMETRIC__|0.1.2|21872|crew_log_527ba12b43f44f52|0|1786384157.523|100.348|3.136|2235797504|2230497280|sim_data_341798b7487bf001|__AUTOMETRIC__
__AUTOMETRIC__|0.1.2|21872|crew_log_527ba12b43f44f52|0|1786384158.536|97.180|3.037|2234855424|2229555200|sim_data_341798b7487bf001|__AUTOMETRIC__
__AUTOMETRIC__|0.1.2|21872|crew_log_527ba12b43f44f52|0|1786384159.550|98.529|3.079|2235654144|2230353920|sim_data_341798b7487bf001|__AUTOMETRIC__
__AUTOMETRIC__|0.1.2|21872|crew_log_527ba12b43f44f52|0|1786384160.565|101.687|3.178|2397192192|2392268800|sim_data_341798b7487bf001|__AUTOMETRIC__
__AUTOMETRIC__|0.1.2|21872|crew_log_527ba12b43f44f52|0|1786384161.579|100.136|3.129|2295242752|2290720768|sim_data_341798b7487bf001|__AUTOMETRIC__
__AUTOMETRIC__|0.1.2|21872|crew_log_527ba12b43f44f52|0|1786384162.593|101.677|3.177|2246934528|2242359296|sim_data_341798b7487bf001|__AUTOMETRIC__
__AUTOMETRIC__|0.1.2|21872|crew_log_527ba12b43f44f52|0|1786384163.594|98.323|3.073|2248019968|2243444736|sim_data_341798b7487bf001|__AUTOMETRIC__
__AUTOMETRIC__|0.1.2|21872|crew_log_527ba12b43f44f52|0|1786384164.598|99.601|3.113|2242060288|2236715008|sim_data_341798b7487bf001|__AUTOMETRIC__
__AUTOMETRIC__|0.1.2|21872|crew_log_527ba12b43f44f52|0|1786384165.601|99.749|3.117|2243022848|2237677568|sim_data_341798b7487bf001|__AUTOMETRIC__
__AUTOMETRIC__|0.1.2|21872|crew_log_527ba12b43f44f52|0|1786384166.607|100.919|3.154|2244018176|2238672896|sim_data_341798b7487bf001|__AUTOMETRIC__
__AUTOMETRIC__|0.1.2|21872|crew_log_527ba12b43f44f52|0|1786384167.609|99.812|3.119|2452992000|2447994880|sim_data_341798b7487bf001|__AUTOMETRIC__
__AUTOMETRIC__|0.1.2|21872|crew_log_527ba12b43f44f52|0|1786384168.610|101.455|3.170|2323193856|2319552512|sim_data_341798b7487bf001|__AUTOMETRIC__
__AUTOMETRIC__|0.1.2|21872|crew_log_527ba12b43f44f52|0|1786384169.613|101.316|3.166|2291789824|2287337472|sim_data_341798b7487bf001|__AUTOMETRIC__
__AUTOMETRIC__|0.1.2|21872|crew_log_527ba12b43f44f52|0|1786384170.614|98.247|3.070|2251005952|2245677056|sim_data_341798b7487bf001|__AUTOMETRIC__
__AUTOMETRIC__|0.1.2|21872|crew_log_527ba12b43f44f52|0|1786384171.620|99.463|3.108|2251517952|2246189056|sim_data_341798b7487bf001|__AUTOMETRIC__
__AUTOMETRIC__|0.1.2|21872|crew_log_527ba12b43f44f52|0|1786384172.625|101.089|3.159|2322694144|2317750272|sim_data_341798b7487bf001|__AUTOMETRIC__
__AUTOMETRIC__|0.1.2|21872|crew_log_527ba12b43f44f52|0|1786384173.625|101.559|3.174|2216423424|2211442688|sim_data_341798b7487bf001|__AUTOMETRIC__
__AUTOMETRIC__|0.1.2|21872|crew_log_527ba12b43f44f52|0|1786384174.639|100.083|3.128|2229760000|2224685056|sim_data_341798b7487bf001|__AUTOMETRIC__
__AUTOMETRIC__|0.1.2|21872|crew_log_527ba12b43f44f52|0|1786384175.641|99.806|3.119|2230767616|2225692672|sim_data_341798b7487bf001|__AUTOMETRIC__
__AUTOMETRIC__|0.1.2|21872|crew_log_527ba12b43f44f52|0|1786384176.643|99.795|3.119|2228781056|2223644672|sim_data_341798b7487bf001|__AUTOMETRIC__
__AUTOMETRIC__|0.1.2|21872|crew_log_527ba12b43f44f52|0|1786384177.658|100.118|3.129|2229485568|2224197632|sim_data_341798b7487bf001|__AUTOMETRIC__
__AUTOMETRIC__|0.1.2|21872|crew_log_527ba12b43f44f52|0|1786384178.661|99.684|3.115|2229686272|2224398336|sim_data_341798b7487bf001|__AUTOMETRIC__
__AUTOMETRIC__|0.1.2|21872|crew_log_527ba12b43f44f52|0|1786384179.664|101.212|3.163|2529390592|2524807168|sim_data_341798b7487bf001|__AUTOMETRIC__
__AUTOMETRIC__|0.1.2|21872|crew_log_527ba12b43f44f52|0|1786384180.673|100.693|3.147|2238894080|2235133952|sim_data_341798b7487bf001|__AUTOMETRIC__
__AUTOMETRIC__|0.1.2|21872|crew_log_527ba12b43f44f52|0|1786384181.686|100.261|3.133|2233073664|2228428800|sim_data_341798b7487bf001|__AUTOMETRIC__
__AUTOMETRIC__|0.1.2|21872|crew_log_527ba12b43f44f52|0|1786384182.700|100.206|3.131|2232983552|2228187136|sim_data_341798b7487bf001|__AUTOMETRIC__
__AUTOMETRIC__|0.1.2|21872|crew_log_527ba12b43f44f52|0|1786384183.707|99.287|3.103|2233626624|2228592640|sim_data_341798b7487bf001|__AUTOMETRIC__
__AUTOMETRIC__|0.1.2|21872|crew_log_527ba12b43f44f52|0|1786384184.713|102.455|3.202|2282012672|2277470208|sim_data_341798b7487bf001|__AUTOMETRIC__
__AUTOMETRIC__|0.1.2|21872|crew_log_527ba12b43f44f52|0|1786384185.716|99.710|3.116|2246324224|2242576384|sim_data_341798b7487bf001|__AUTOMETRIC__
__AUTOMETRIC__|0.1.2|21872|crew_log_527ba12b43f44f52|0|1786384186.717|98.321|3.073|2247077888|2243313664|sim_data_341798b7487bf001|__AUTOMETRIC__
__AUTOMETRIC__|0.1.2|21872|crew_log_527ba12b43f44f52|0|1786384187.730|100.273|3.134|2236346368|2231394304|sim_data_341798b7487bf001|__AUTOMETRIC__
__AUTOMETRIC__|0.1.2|21872|crew_log_527ba12b43f44f52|0|1786384188.731|99.971|3.124|2237308928|2232356864|sim_data_341798b7487bf001|__AUTOMETRIC__
__AUTOMETRIC__|0.1.2|21872|crew_log_527ba12b43f44f52|0|1786384189.732|99.853|3.120|2238251008|2233217024|sim_data_341798b7487bf001|__AUTOMETRIC__
__AUTOMETRIC__|0.1.2|21872|crew_log_527ba12b43f44f52|0|1786384190.748|99.942|3.123|2537209856|2532749312|sim_data_341798b7487bf001|__AUTOMETRIC__
__AUTOMETRIC__|0.1.2|21872|crew_log_527ba12b43f44f52|0|1786384191.749|101.489|3.172|2308214784|2304249856|sim_data_341798b7487bf001|__AUTOMETRIC__
__AUTOMETRIC__|0.1.2|21872|crew_log_527ba12b43f44f52|0|1786384192.754|99.477|3.109|2266345472|2262261760|sim_data_341798b7487bf001|__AUTOMETRIC__
__AUTOMETRIC__|0.1.2|21872|crew_log_527ba12b43f44f52|0|1786384193.768|100.231|3.132|2240544768|2235437056|sim_data_341798b7487bf001|__AUTOMETRIC__
__AUTOMETRIC__|0.1.2|21872|crew_log_527ba12b43f44f52|0|1786384194.768|98.361|3.074|2241695744|2236588032|sim_data_341798b7487bf001|__AUTOMETRIC__
__AUTOMETRIC__|0.1.2|21872|crew_log_527ba12b43f44f52|0|1786384195.783|100.135|3.129|2241540096|2236432384|sim_data_341798b7487bf001|__AUTOMETRIC__
__AUTOMETRIC__|0.1.2|21872|crew_log_527ba12b43f44f52|0|1786384196.789|100.895|3.153|2242539520|2237431808|sim_data_341798b7487bf001|__AUTOMETRIC__
__AUTOMETRIC__|0.1.2|21872|crew_log_527ba12b43f44f52|0|1786384197.802|98.768|3.086|2466586624|2461736960|sim_data_341798b7487bf001|__AUTOMETRIC__
__AUTOMETRIC__|0.1.2|21872|crew_log_527ba12b43f44f52|0|1786384198.804|102.868|3.215|2308808704|2304102400|sim_data_341798b7487bf001|__AUTOMETRIC__
__AUTOMETRIC__|0.1.2|21872|crew_log_527ba12b43f44f52|0|1786384199.818|98.662|3.083|2256318464|2252414976|sim_data_341798b7487bf001|__AUTOMETRIC__
__AUTOMETRIC__|0.1.2|21872|crew_log_527ba12b43f44f52|0|1786384200.829|100.451|3.139|2246918144|2241875968|sim_data_341798b7487bf001|__AUTOMETRIC__
__AUTOMETRIC__|0.1.2|21872|crew_log_527ba12b43f44f52|0|1786384201.840|98.925|3.091|2244767744|2239664128|sim_data_341798b7487bf001|__AUTOMETRIC__
__AUTOMETRIC__|0.1.2|21872|crew_log_527ba12b43f44f52|0|1786384202.841|98.261|3.071|2245607424|2240503808|sim_data_341798b7487bf001|__AUTOMETRIC__
__AUTOMETRIC__|0.1.2|21872|crew_log_527ba12b43f44f52|0|1786384203.845|99.623|3.113|2246692864|2241589248|sim_data_341798b7487bf001|__AUTOMETRIC__
__AUTOMETRIC__|0.1.2|21872|crew_log_527ba12b43f44f52|0|1786384204.861|99.997|3.125|2406154240|2401050624|sim_data_341798b7487bf001|__AUTOMETRIC__
__AUTOMETRIC__|0.1.2|21872|crew_log_527ba12b43f44f52|0|1786384205.861|101.555|3.174|2317848576|2313244672|sim_data_341798b7487bf001|__AUTOMETRIC__
__AUTOMETRIC__|0.1.2|21872|crew_log_527ba12b43f44f52|0|1786384206.869|100.751|3.148|2253721600|2249666560|sim_data_341798b7487bf001|__AUTOMETRIC__
__AUTOMETRIC__|0.1.2|21872|crew_log_527ba12b43f44f52|0|1786384207.871|98.200|3.069|2254602240|2250547200|sim_data_341798b7487bf001|__AUTOMETRIC__
__AUTOMETRIC__|0.1.2|21872|crew_log_527ba12b43f44f52|0|1786384208.872|98.350|3.073|2249310208|2244235264|sim_data_341798b7487bf001|__AUTOMETRIC__
__AUTOMETRIC__|0.1.2|21872|crew_log_527ba12b43f44f52|0|1786384209.884|100.374|3.137|2250358784|2245521408|sim_data_341798b7487bf001|__AUTOMETRIC__
__AUTOMETRIC__|0.1.2|21872|crew_log_527ba12b43f44f52|0|1786384210.900|100.024|3.126|2251243520|2246168576|sim_data_341798b7487bf001|__AUTOMETRIC__
__AUTOMETRIC__|0.1.2|21872|crew_log_527ba12b43f44f52|0|1786384211.899|100.006|3.125|2369540096|2364493824|sim_data_341798b7487bf001|__AUTOMETRIC__
__AUTOMETRIC__|0.1.2|21872|crew_log_527ba12b43f44f52|0|1786384212.904|101.131|3.160|2350080000|2345340928|sim_data_341798b7487bf001|__AUTOMETRIC__
__AUTOMETRIC__|0.1.2|21872|crew_log_527ba12b43f44f52|0|1786384213.906|101.361|3.168|2259480576|2255601664|sim_data_341798b7487bf001|__AUTOMETRIC__
__AUTOMETRIC__|0.1.2|21872|crew_log_527ba12b43f44f52|0|1786384214.912|100.914|3.154|2257182720|2252677120|sim_data_341798b7487bf001|__AUTOMETRIC__
__AUTOMETRIC__|0.1.2|21872|crew_log_527ba12b43f44f52|0|1786384215.926|95.542|2.986|2253832192|2248753152|sim_data_341798b7487bf001|__AUTOMETRIC__
__AUTOMETRIC__|0.1.2|21872|crew_log_527ba12b43f44f52|0|1786384216.941|100.070|3.127|2254794752|2249715712|sim_data_341798b7487bf001|__AUTOMETRIC__
__AUTOMETRIC__|0.1.2|21872|crew_log_527ba12b43f44f52|0|1786384217.949|99.162|3.099|2255728640|2250649600|sim_data_341798b7487bf001|__AUTOMETRIC__
__AUTOMETRIC__|0.1.2|21872|crew_log_527ba12b43f44f52|0|1786384218.961|98.823|3.088|2483531776|2478870528|sim_data_341798b7487bf001|__AUTOMETRIC__
__AUTOMETRIC__|0.1.2|21872|crew_log_527ba12b43f44f52|0|1786384219.965|101.162|3.161|2341322752|2336759808|sim_data_341798b7487bf001|__AUTOMETRIC__
__AUTOMETRIC__|0.1.2|21872|crew_log_527ba12b43f44f52|0|1786384220.968|98.218|3.069|2285764608|2281705472|sim_data_341798b7487bf001|__AUTOMETRIC__
__AUTOMETRIC__|0.1.2|21872|crew_log_527ba12b43f44f52|0|1786384221.970|99.797|3.119|2286759936|2282696704|sim_data_341798b7487bf001|__AUTOMETRIC__
__AUTOMETRIC__|0.1.2|21872|crew_log_527ba12b43f44f52|0|1786384222.984|101.619|3.176|2260430848|2255630336|sim_data_341798b7487bf001|__AUTOMETRIC__
__AUTOMETRIC__|0.1.2|21872|crew_log_527ba12b43f44f52|0|1786384223.999|100.118|3.129|2259574784|2254553088|sim_data_341798b7487bf001|__AUTOMETRIC__
__AUTOMETRIC__|0.1.2|21872|crew_log_527ba12b43f44f52|0|1786384225.013|100.138|3.129|2260525056|2255503360|sim_data_341798b7487bf001|__AUTOMETRIC__
__AUTOMETRIC__|0.1.2|21872|crew_log_527ba12b43f44f52|0|1786384226.027|100.160|3.130|2260455424|2255433728|sim_data_341798b7487bf001|__AUTOMETRIC__
__AUTOMETRIC__|0.1.2|21872|crew_log_527ba12b43f44f52|0|1786384227.039|100.401|3.138|2660577280|2656210944|sim_data_341798b7487bf001|__AUTOMETRIC__
__AUTOMETRIC__|0.1.2|21872|crew_log_527ba12b43f44f52|0|1786384228.052|98.697|3.084|2441805824|2437758976|sim_data_341798b7487bf001|__AUTOMETRIC__
__AUTOMETRIC__|0.1.2|21872|crew_log_527ba12b43f44f52|0|1786384229.066|103.252|3.227|2268483584|2264682496|sim_data_341798b7487bf001|__AUTOMETRIC__
__AUTOMETRIC__|0.1.2|21872|crew_log_527ba12b43f44f52|0|1786384230.066|99.970|3.124|2268491776|2264690688|sim_data_341798b7487bf001|__AUTOMETRIC__
__AUTOMETRIC__|0.1.2|21872|crew_log_527ba12b43f44f52|0|1786384231.078|101.892|3.184|2264383488|2259603456|sim_data_341798b7487bf001|__AUTOMETRIC__
__AUTOMETRIC__|0.1.2|21872|crew_log_527ba12b43f44f52|0|1786384232.082|99.647|3.114|2264293376|2259513344|sim_data_341798b7487bf001|__AUTOMETRIC__
__AUTOMETRIC__|0.1.2|21872|crew_log_527ba12b43f44f52|0|1786384233.082|100.013|3.125|2265296896|2260516864|sim_data_341798b7487bf001|__AUTOMETRIC__
__AUTOMETRIC__|0.1.2|21872|crew_log_527ba12b43f44f52|0|1786384234.095|98.675|3.084|2266255360|2261475328|sim_data_341798b7487bf001|__AUTOMETRIC__
__AUTOMETRIC__|0.1.2|21872|crew_log_527ba12b43f44f52|0|1786384235.098|99.654|3.114|2266161152|2261381120|sim_data_341798b7487bf001|__AUTOMETRIC__
__AUTOMETRIC__|0.1.2|21872|crew_log_527ba12b43f44f52|0|1786384236.105|100.933|3.154|2489925632|2485497856|sim_data_341798b7487bf001|__AUTOMETRIC__
__AUTOMETRIC__|0.1.2|21872|crew_log_527ba12b43f44f52|0|1786384237.107|101.350|3.167|2369896448|2365939712|sim_data_341798b7487bf001|__AUTOMETRIC__
__AUTOMETRIC__|0.1.2|21872|crew_log_527ba12b43f44f52|0|1786384238.107|101.541|3.173|2277019648|2272751616|sim_data_341798b7487bf001|__AUTOMETRIC__
__AUTOMETRIC__|0.1.2|21872|crew_log_527ba12b43f44f52|0|1786384239.109|99.846|3.120|2278105088|2273837056|sim_data_341798b7487bf001|__AUTOMETRIC__
__AUTOMETRIC__|0.1.2|21872|crew_log_527ba12b43f44f52|0|1786384240.110|99.810|3.119|2273529856|2268954624|sim_data_341798b7487bf001|__AUTOMETRIC__
__AUTOMETRIC__|0.1.2|21872|crew_log_527ba12b43f44f52|0|1786384241.120|100.565|3.143|2274205696|2269425664|sim_data_341798b7487bf001|__AUTOMETRIC__
__AUTOMETRIC__|0.1.2|21872|crew_log_527ba12b43f44f52|0|1786384242.125|99.520|3.110|2513965056|2509619200|sim_data_341798b7487bf001|__AUTOMETRIC__
__AUTOMETRIC__|0.1.2|21872|crew_log_527ba12b43f44f52|0|1786384243.131|102.528|3.204|2287095808|2283556864|sim_data_341798b7487bf001|__AUTOMETRIC__
__AUTOMETRIC__|0.1.2|21872|crew_log_527ba12b43f44f52|0|1786384244.136|101.078|3.159|2283790336|2279813120|sim_data_341798b7487bf001|__AUTOMETRIC__
__AUTOMETRIC__|0.1.2|21872|crew_log_527ba12b43f44f52|0|1786384245.142|97.808|3.056|2280386560|2275840000|sim_data_341798b7487bf001|__AUTOMETRIC__
__AUTOMETRIC__|0.1.2|21872|crew_log_527ba12b43f44f52|0|1786384246.155|100.272|3.133|2281172992|2276388864|sim_data_341798b7487bf001|__AUTOMETRIC__
__AUTOMETRIC__|0.1.2|21872|crew_log_527ba12b43f44f52|0|1786384247.161|99.445|3.108|2490941440|2486800384|sim_data_341798b7487bf001|__AUTOMETRIC__
__AUTOMETRIC__|0.1.2|21872|crew_log_527ba12b43f44f52|0|1786384248.166|99.500|3.109|2373124096|2369089536|sim_data_341798b7487bf001|__AUTOMETRIC__
__AUTOMETRIC__|0.1.2|21872|crew_log_527ba12b43f44f52|0|1786384249.166|101.552|3.174|2283696128|2280488960|sim_data_341798b7487bf001|__AUTOMETRIC__
__AUTOMETRIC__|0.1.2|21872|crew_log_527ba12b43f44f52|0|1786384250.169|99.652|3.114|2279354368|2274852864|sim_data_341798b7487bf001|__AUTOMETRIC__
__AUTOMETRIC__|0.1.2|21872|crew_log_527ba12b43f44f52|0|1786384251.173|99.659|3.114|2278436864|2273873920|sim_data_341798b7487bf001|__AUTOMETRIC__
__AUTOMETRIC__|0.1.2|21872|crew_log_527ba12b43f44f52|0|1786384252.173|103.100|3.222|2380058624|2375811072|sim_data_341798b7487bf001|__AUTOMETRIC__
__AUTOMETRIC__|0.1.2|21872|crew_log_527ba12b43f44f52|0|1786384253.188|101.638|3.176|2291146752|2287734784|sim_data_341798b7487bf001|__AUTOMETRIC__
__AUTOMETRIC__|0.1.2|21872|crew_log_527ba12b43f44f52|0|1786384254.203|100.061|3.127|2284756992|2280022016|sim_data_341798b7487bf001|__AUTOMETRIC__
__AUTOMETRIC__|0.1.2|21872|crew_log_527ba12b43f44f52|0|1786384255.204|99.844|3.120|2285690880|2280955904|sim_data_341798b7487bf001|__AUTOMETRIC__
__AUTOMETRIC__|0.1.2|21872|crew_log_527ba12b43f44f52|0|1786384256.213|100.664|3.146|2284490752|2279694336|sim_data_341798b7487bf001|__AUTOMETRIC__
__AUTOMETRIC__|0.1.2|21872|crew_log_527ba12b43f44f52|0|1786384257.226|98.744|3.086|2285502464|2280706048|sim_data_341798b7487bf001|__AUTOMETRIC__
__AUTOMETRIC__|0.1.2|21872|crew_log_527ba12b43f44f52|0|1786384258.226|99.953|3.124|2285395968|2280599552|sim_data_341798b7487bf001|__AUTOMETRIC__
__AUTOMETRIC__|0.1.2|21872|crew_log_527ba12b43f44f52|0|1786384259.230|98.040|3.064|2510798848|2506448896|sim_data_341798b7487bf001|__AUTOMETRIC__
__AUTOMETRIC__|0.1.2|21872|crew_log_527ba12b43f44f52|0|1786384260.231|101.489|3.172|2424258560|2420789248|sim_data_341798b7487bf001|__AUTOMETRIC__
__AUTOMETRIC__|0.1.2|21872|crew_log_527ba12b43f44f52|0|1786384261.234|99.756|3.117|2297274368|2293329920|sim_data_341798b7487bf001|__AUTOMETRIC__
__AUTOMETRIC__|0.1.2|21872|crew_log_527ba12b43f44f52|0|1786384262.235|99.845|3.120|2294431744|2289897472|sim_data_341798b7487bf001|__AUTOMETRIC__
__AUTOMETRIC__|0.1.2|21872|crew_log_527ba12b43f44f52|0|1786384263.250|100.119|3.129|2294353920|2289819648|sim_data_341798b7487bf001|__AUTOMETRIC__
__AUTOMETRIC__|0.1.2|21872|crew_log_527ba12b43f44f52|0|1786384264.264|100.068|3.127|2292789248|2288177152|sim_data_341798b7487bf001|__AUTOMETRIC__
__AUTOMETRIC__|0.1.2|21872|crew_log_527ba12b43f44f52|0|1786384265.269|101.135|3.160|2426441728|2422063104|sim_data_341798b7487bf001|__AUTOMETRIC__
__AUTOMETRIC__|0.1.2|21872|crew_log_527ba12b43f44f52|0|1786384266.280|100.438|3.139|2304704512|2301083648|sim_data_341798b7487bf001|__AUTOMETRIC__
__AUTOMETRIC__|0.1.2|21872|crew_log_527ba12b43f44f52|0|1786384267.285|99.484|3.109|2305654784|2302033920|sim_data_341798b7487bf001|__AUTOMETRIC__
__AUTOMETRIC__|0.1.2|21872|crew_log_527ba12b43f44f52|0|1786384268.300|101.631|3.176|2300313600|2295783424|sim_data_341798b7487bf001|__AUTOMETRIC__
__AUTOMETRIC__|0.1.2|21872|crew_log_527ba12b43f44f52|0|1786384269.301|99.851|3.120|2299891712|2295177216|sim_data_341798b7487bf001|__AUTOMETRIC__
__AUTOMETRIC__|0.1.2|21872|crew_log_527ba12b43f44f52|0|1786384270.304|101.325|3.166|2300743680|2296102912|sim_data_341798b7487bf001|__AUTOMETRIC__
__AUTOMETRIC__|0.1.2|21872|crew_log_527ba12b43f44f52|0|1786384271.311|96.202|3.006|2511110144|2506919936|sim_data_341798b7487bf001|__AUTOMETRIC__
__AUTOMETRIC__|0.1.2|21872|crew_log_527ba12b43f44f52|0|1786384272.315|101.139|3.161|2425741312|2422407168|sim_data_341798b7487bf001|__AUTOMETRIC__
__AUTOMETRIC__|0.1.2|21872|crew_log_527ba12b43f44f52|0|1786384273.330|98.517|3.079|2312339456|2307993600|sim_data_341798b7487bf001|__AUTOMETRIC__
__AUTOMETRIC__|0.1.2|21872|crew_log_527ba12b43f44f52|0|1786384274.332|99.803|3.119|2305638400|2301095936|sim_data_341798b7487bf001|__AUTOMETRIC__
__AUTOMETRIC__|0.1.2|21872|crew_log_527ba12b43f44f52|0|1786384275.336|101.167|3.161|2306666496|2301845504|sim_data_341798b7487bf001|__AUTOMETRIC__
__AUTOMETRIC__|0.1.2|21872|crew_log_527ba12b43f44f52|0|1786384276.338|99.793|3.119|2306568192|2301747200|sim_data_341798b7487bf001|__AUTOMETRIC__
__AUTOMETRIC__|0.1.2|21872|crew_log_527ba12b43f44f52|0|1786384277.346|99.229|3.101|2307440640|2302619648|sim_data_341798b7487bf001|__AUTOMETRIC__
__AUTOMETRIC__|0.1.2|21872|crew_log_527ba12b43f44f52|0|1786384278.352|100.945|3.155|2429202432|2424799232|sim_data_341798b7487bf001|__AUTOMETRIC__
__AUTOMETRIC__|0.1.2|21872|crew_log_527ba12b43f44f52|0|1786384279.357|101.042|3.158|2320216064|2316816384|sim_data_341798b7487bf001|__AUTOMETRIC__
__AUTOMETRIC__|0.1.2|21872|crew_log_527ba12b43f44f52|0|1786384280.360|99.718|3.116|2314862592|2310107136|sim_data_341798b7487bf001|__AUTOMETRIC__
__AUTOMETRIC__|0.1.2|21872|crew_log_527ba12b43f44f52|0|1786384281.373|100.206|3.131|2314764288|2310176768|sim_data_341798b7487bf001|__AUTOMETRIC__
__AUTOMETRIC__|0.1.2|21872|crew_log_527ba12b43f44f52|0|1786384282.374|99.935|3.123|2314813440|2309996544|sim_data_341798b7487bf001|__AUTOMETRIC__
__AUTOMETRIC__|0.1.2|21872|crew_log_527ba12b43f44f52|0|1786384283.383|99.085|3.096|2345287680|2340835328|sim_data_341798b7487bf001|__AUTOMETRIC__
__AUTOMETRIC__|0.1.2|21872|crew_log_527ba12b43f44f52|0|1786384284.393|99.033|3.095|2514993152|2510807040|sim_data_341798b7487bf001|__AUTOMETRIC__
__AUTOMETRIC__|0.1.2|21872|crew_log_527ba12b43f44f52|0|1786384285.394|101.438|3.170|2333945856|2330456064|sim_data_341798b7487bf001|__AUTOMETRIC__
__AUTOMETRIC__|0.1.2|21872|crew_log_527ba12b43f44f52|0|1786384286.401|100.901|3.153|2328911872|2324516864|sim_data_341798b7487bf001|__AUTOMETRIC__
__AUTOMETRIC__|0.1.2|21872|crew_log_527ba12b43f44f52|0|1786384287.402|99.899|3.122|2325041152|2320261120|sim_data_341798b7487bf001|__AUTOMETRIC__
__AUTOMETRIC__|0.1.2|21872|crew_log_527ba12b43f44f52|0|1786384288.409|99.304|3.103|2325934080|2321154048|sim_data_341798b7487bf001|__AUTOMETRIC__
__AUTOMETRIC__|0.1.2|21872|crew_log_527ba12b43f44f52|0|1786384289.413|101.145|3.161|2326904832|2322124800|sim_data_341798b7487bf001|__AUTOMETRIC__
__AUTOMETRIC__|0.1.2|21872|crew_log_527ba12b43f44f52|0|1786384290.419|99.348|3.105|2483269632|2478518272|sim_data_341798b7487bf001|__AUTOMETRIC__
__AUTOMETRIC__|0.1.2|21872|crew_log_527ba12b43f44f52|0|1786384291.421|101.421|3.169|2346213376|2342187008|sim_data_341798b7487bf001|__AUTOMETRIC__
__AUTOMETRIC__|0.1.2|21872|crew_log_527ba12b43f44f52|0|1786384292.437|99.983|3.124|2335178752|2331635712|sim_data_341798b7487bf001|__AUTOMETRIC__
__AUTOMETRIC__|0.1.2|21872|crew_log_527ba12b43f44f52|0|1786384293.443|99.404|3.106|2336202752|2332659712|sim_data_341798b7487bf001|__AUTOMETRIC__
__AUTOMETRIC__|0.1.2|21872|crew_log_527ba12b43f44f52|0|1786384294.450|102.331|3.198|2328702976|2323922944|sim_data_341798b7487bf001|__AUTOMETRIC__
__AUTOMETRIC__|0.1.2|21872|crew_log_527ba12b43f44f52|0|1786384295.455|99.505|3.110|2329608192|2324828160|sim_data_341798b7487bf001|__AUTOMETRIC__
__AUTOMETRIC__|0.1.2|21872|crew_log_527ba12b43f44f52|0|1786384296.468|100.280|3.134|2330533888|2325753856|sim_data_341798b7487bf001|__AUTOMETRIC__
__AUTOMETRIC__|0.1.2|21872|crew_log_527ba12b43f44f52|0|1786384297.476|100.795|3.150|2494791680|2490109952|sim_data_341798b7487bf001|__AUTOMETRIC__
__AUTOMETRIC__|0.1.2|21872|crew_log_527ba12b43f44f52|0|1786384298.478|99.724|3.116|2467627008|2463301632|sim_data_341798b7487bf001|__AUTOMETRIC__
__AUTOMETRIC__|0.1.2|21872|crew_log_527ba12b43f44f52|0|1786384299.492|101.743|3.179|2351132672|2347593728|sim_data_341798b7487bf001|__AUTOMETRIC__
__AUTOMETRIC__|0.1.2|21872|crew_log_527ba12b43f44f52|0|1786384300.494|99.825|3.120|2345725952|2341130240|sim_data_341798b7487bf001|__AUTOMETRIC__
__AUTOMETRIC__|0.1.2|21872|crew_log_527ba12b43f44f52|0|1786384301.495|96.788|3.025|2343055360|2338566144|sim_data_341798b7487bf001|__AUTOMETRIC__
__AUTOMETRIC__|0.1.2|21872|crew_log_527ba12b43f44f52|0|1786384302.505|99.009|3.094|2342940672|2338283520|sim_data_341798b7487bf001|__AUTOMETRIC__
__AUTOMETRIC__|0.1.2|21872|crew_log_527ba12b43f44f52|0|1786384303.520|98.515|3.079|2343911424|2339254272|sim_data_341798b7487bf001|__AUTOMETRIC__
__AUTOMETRIC__|0.1.2|21872|crew_log_527ba12b43f44f52|0|1786384304.526|100.929|3.154|2495942656|2491768832|sim_data_341798b7487bf001|__AUTOMETRIC__
__AUTOMETRIC__|0.1.2|21872|crew_log_527ba12b43f44f52|0|1786384305.536|99.058|3.096|2420064256|2416713728|sim_data_341798b7487bf001|__AUTOMETRIC__
__AUTOMETRIC__|0.1.2|21872|crew_log_527ba12b43f44f52|0|1786384306.540|101.081|3.159|2350682112|2346303488|sim_data_341798b7487bf001|__AUTOMETRIC__
__AUTOMETRIC__|0.1.2|21872|crew_log_527ba12b43f44f52|0|1786384307.546|99.393|3.106|2311204864|2306727936|sim_data_341798b7487bf001|__AUTOMETRIC__
__AUTOMETRIC__|0.1.2|21872|crew_log_527ba12b43f44f52|0|1786384308.558|100.370|3.137|2312224768|2307747840|sim_data_341798b7487bf001|__AUTOMETRIC__
__AUTOMETRIC__|0.1.2|21872|crew_log_527ba12b43f44f52|0|1786384309.568|99.090|3.097|2465619968|2460958720|sim_data_341798b7487bf001|__AUTOMETRIC__
__AUTOMETRIC__|0.1.2|21872|crew_log_527ba12b43f44f52|0|1786384310.582|100.093|3.128|2522181632|2518032384|sim_data_341798b7487bf001|__AUTOMETRIC__
__AUTOMETRIC__|0.1.2|21872|crew_log_527ba12b43f44f52|0|1786384311.591|100.711|3.147|2326847488|2323263488|sim_data_341798b7487bf001|__AUTOMETRIC__
__AUTOMETRIC__|0.1.2|21872|crew_log_527ba12b43f44f52|0|1786384312.598|99.226|3.101|2321715200|2317258752|sim_data_341798b7487bf001|__AUTOMETRIC__
__AUTOMETRIC__|0.1.2|21872|crew_log_527ba12b43f44f52|0|1786384313.604|99.447|3.108|2319261696|2314600448|sim_data_341798b7487bf001|__AUTOMETRIC__
__AUTOMETRIC__|0.1.2|21872|crew_log_527ba12b43f44f52|0|1786384314.612|99.244|3.101|2320117760|2315456512|sim_data_341798b7487bf001|__AUTOMETRIC__
__AUTOMETRIC__|0.1.2|21872|crew_log_527ba12b43f44f52|0|1786384315.616|101.144|3.161|2320015360|2315354112|sim_data_341798b7487bf001|__AUTOMETRIC__
__AUTOMETRIC__|0.1.2|21872|crew_log_527ba12b43f44f52|0|1786384316.631|95.451|2.983|2492313600|2488025088|sim_data_341798b7487bf001|__AUTOMETRIC__
__AUTOMETRIC__|0.1.2|21872|crew_log_527ba12b43f44f52|0|1786384317.644|98.643|3.083|2327592960|2324127744|sim_data_341798b7487bf001|__AUTOMETRIC__
__AUTOMETRIC__|0.1.2|21872|crew_log_527ba12b43f44f52|0|1786384318.650|102.605|3.206|2321526784|2316972032|sim_data_341798b7487bf001|__AUTOMETRIC__
__AUTOMETRIC__|0.1.2|21872|crew_log_527ba12b43f44f52|0|1786384319.662|98.781|3.087|2321817600|2317201408|sim_data_341798b7487bf001|__AUTOMETRIC__
__AUTOMETRIC__|0.1.2|21872|crew_log_527ba12b43f44f52|0|1786384320.664|101.324|3.166|2322812928|2318196736|sim_data_341798b7487bf001|__AUTOMETRIC__
__AUTOMETRIC__|0.1.2|21872|crew_log_527ba12b43f44f52|0|1786384321.674|99.051|3.095|2322808832|2318192640|sim_data_341798b7487bf001|__AUTOMETRIC__
__AUTOMETRIC__|0.1.2|21872|crew_log_527ba12b43f44f52|0|1786384322.675|99.846|3.120|2323677184|2319060992|sim_data_341798b7487bf001|__AUTOMETRIC__
__AUTOMETRIC__|0.1.2|21872|crew_log_527ba12b43f44f52|0|1786384323.679|99.648|3.114|2323718144|2319101952|sim_data_341798b7487bf001|__AUTOMETRIC__
__AUTOMETRIC__|0.1.2|21872|crew_log_527ba12b43f44f52|0|1786384324.689|100.510|3.141|2529394688|2525138944|sim_data_341798b7487bf001|__AUTOMETRIC__
__AUTOMETRIC__|0.1.2|21872|crew_log_527ba12b43f44f52|0|1786384325.706|103.000|3.219|2350641152|2347388928|sim_data_341798b7487bf001|__AUTOMETRIC__
__AUTOMETRIC__|0.1.2|21872|crew_log_527ba12b43f44f52|0|1786384326.718|100.360|3.136|2346668032|2342641664|sim_data_341798b7487bf001|__AUTOMETRIC__
__AUTOMETRIC__|0.1.2|21872|crew_log_527ba12b43f44f52|0|1786384327.727|100.655|3.145|2341539840|2336923648|sim_data_341798b7487bf001|__AUTOMETRIC__
__AUTOMETRIC__|0.1.2|21872|crew_log_527ba12b43f44f52|0|1786384328.732|99.433|3.107|2341462016|2336845824|sim_data_341798b7487bf001|__AUTOMETRIC__
__AUTOMETRIC__|0.1.2|21872|crew_log_527ba12b43f44f52|0|1786384329.734|99.849|3.120|2342498304|2337882112|sim_data_341798b7487bf001|__AUTOMETRIC__
__AUTOMETRIC__|0.1.2|21872|crew_log_527ba12b43f44f52|0|1786384330.748|100.116|3.129|2342404096|2337787904|sim_data_341798b7487bf001|__AUTOMETRIC__
__AUTOMETRIC__|0.1.2|21872|crew_log_527ba12b43f44f52|0|1786384331.763|100.098|3.128|2343518208|2338902016|sim_data_341798b7487bf001|__AUTOMETRIC__
__AUTOMETRIC__|0.1.2|21872|crew_log_527ba12b43f44f52|0|1786384332.778|98.563|3.080|2343370752|2338754560|sim_data_341798b7487bf001|__AUTOMETRIC__
__AUTOMETRIC__|0.1.2|21872|crew_log_527ba12b43f44f52|0|1786384333.792|100.111|3.128|2547191808|2542874624|sim_data_341798b7487bf001|__AUTOMETRIC__
__AUTOMETRIC__|0.1.2|21872|crew_log_527ba12b43f44f52|0|1786384334.795|101.240|3.164|2365493248|2361479168|sim_data_341798b7487bf001|__AUTOMETRIC__
__AUTOMETRIC__|0.1.2|21872|crew_log_527ba12b43f44f52|0|1786384335.797|98.311|3.072|2355867648|2351976448|sim_data_341798b7487bf001|__AUTOMETRIC__
__AUTOMETRIC__|0.1.2|21872|crew_log_527ba12b43f44f52|0|1786384336.801|99.583|3.112|2351316992|2346749952|sim_data_341798b7487bf001|__AUTOMETRIC__
__AUTOMETRIC__|0.1.2|21872|crew_log_527ba12b43f44f52|0|1786384337.804|96.559|3.017|2352201728|2347630592|sim_data_341798b7487bf001|__AUTOMETRIC__
__AUTOMETRIC__|0.1.2|21872|crew_log_527ba12b43f44f52|0|1786384338.807|99.667|3.115|2352111616|2347540480|sim_data_341798b7487bf001|__AUTOMETRIC__
__AUTOMETRIC__|0.1.2|21872|crew_log_527ba12b43f44f52|0|1786384339.810|99.721|3.116|2353233920|2348658688|sim_data_341798b7487bf001|__AUTOMETRIC__
__AUTOMETRIC__|0.1.2|21872|crew_log_527ba12b43f44f52|0|1786384340.825|100.081|3.128|2538917888|2534637568|sim_data_341798b7487bf001|__AUTOMETRIC__
__AUTOMETRIC__|0.1.2|21872|crew_log_527ba12b43f44f52|0|1786384341.833|102.266|3.196|2363600896|2359414784|sim_data_341798b7487bf001|__AUTOMETRIC__
__AUTOMETRIC__|0.1.2|21872|crew_log_527ba12b43f44f52|0|1786384342.836|101.339|3.167|2352513024|2348814336|sim_data_341798b7487bf001|__AUTOMETRIC__
__AUTOMETRIC__|0.1.2|21872|crew_log_527ba12b43f44f52|0|1786384343.838|98.185|3.068|2347884544|2343313408|sim_data_341798b7487bf001|__AUTOMETRIC__
__AUTOMETRIC__|0.1.2|21872|crew_log_527ba12b43f44f52|0|1786384344.853|100.086|3.128|2348498944|2343907328|sim_data_341798b7487bf001|__AUTOMETRIC__
__AUTOMETRIC__|0.1.2|21872|crew_log_527ba12b43f44f52|0|1786384345.862|99.077|3.096|2349522944|2344931328|sim_data_341798b7487bf001|__AUTOMETRIC__
__AUTOMETRIC__|0.1.2|21872|crew_log_527ba12b43f44f52|0|1786384346.873|100.525|3.141|2459783168|2455556096|sim_data_341798b7487bf001|__AUTOMETRIC__
__AUTOMETRIC__|0.1.2|21872|crew_log_527ba12b43f44f52|0|1786384347.884|102.001|3.188|2369626112|2365603840|sim_data_341798b7487bf001|__AUTOMETRIC__
__AUTOMETRIC__|0.1.2|21872|crew_log_527ba12b43f44f52|0|1786384348.898|100.115|3.129|2357760000|2353205248|sim_data_341798b7487bf001|__AUTOMETRIC__
__AUTOMETRIC__|0.1.2|21872|crew_log_527ba12b43f44f52|0|1786384349.912|95.584|2.987|2358800384|2354405376|sim_data_341798b7487bf001|__AUTOMETRIC__
__AUTOMETRIC__|0.1.2|21872|crew_log_527ba12b43f44f52|0|1786384350.926|103.194|3.225|2357719040|2353164288|sim_data_341798b7487bf001|__AUTOMETRIC__
__AUTOMETRIC__|0.1.2|21872|crew_log_527ba12b43f44f52|0|1786384351.939|100.235|3.132|2357616640|2353016832|sim_data_341798b7487bf001|__AUTOMETRIC__
__AUTOMETRIC__|0.1.2|21872|crew_log_527ba12b43f44f52|0|1786384352.940|99.879|3.121|2358611968|2354012160|sim_data_341798b7487bf001|__AUTOMETRIC__
__AUTOMETRIC__|0.1.2|21872|crew_log_527ba12b43f44f52|0|1786384353.944|98.120|3.066|2514542592|2509942784|sim_data_341798b7487bf001|__AUTOMETRIC__
__AUTOMETRIC__|0.1.2|21872|crew_log_527ba12b43f44f52|0|1786384354.949|99.453|3.108|2505035776|2500743168|sim_data_341798b7487bf001|__AUTOMETRIC__
__AUTOMETRIC__|0.1.2|21872|crew_log_527ba12b43f44f52|0|1786384355.959|102.086|3.190|2376790016|2373332992|sim_data_341798b7487bf001|__AUTOMETRIC__
__AUTOMETRIC__|0.1.2|21872|crew_log_527ba12b43f44f52|0|1786384356.969|99.011|3.094|2369785856|2365190144|sim_data_341798b7487bf001|__AUTOMETRIC__
__AUTOMETRIC__|0.1.2|21872|crew_log_527ba12b43f44f52|0|1786384357.971|99.802|3.119|2369933312|2365292544|sim_data_341798b7487bf001|__AUTOMETRIC__
__AUTOMETRIC__|0.1.2|21872|crew_log_527ba12b43f44f52|0|1786384358.983|101.915|3.185|2370641920|2366001152|sim_data_341798b7487bf001|__AUTOMETRIC__
__AUTOMETRIC__|0.1.2|21872|crew_log_527ba12b43f44f52|0|1786384359.998|100.128|3.129|2369204224|2364563456|sim_data_341798b7487bf001|__AUTOMETRIC__
__AUTOMETRIC__|0.1.2|21872|crew_log_527ba12b43f44f52|0|1786384361.011|100.204|3.131|2370166784|2365526016|sim_data_341798b7487bf001|__AUTOMETRIC__
__AUTOMETRIC__|0.1.2|21872|crew_log_527ba12b43f44f52|0|1786384362.017|97.856|3.058|2509135872|2504495104|sim_data_341798b7487bf001|__AUTOMETRIC__
__AUTOMETRIC__|0.1.2|21872|crew_log_527ba12b43f44f52|0|1786384363.025|102.289|3.197|2372001792|2367688704|sim_data_341798b7487bf001|__AUTOMETRIC__
__AUTOMETRIC__|0.1.2|21872|crew_log_527ba12b43f44f52|0|1786384364.029|96.543|3.017|2346033152|2342338560|sim_data_341798b7487bf001|__AUTOMETRIC__
__AUTOMETRIC__|0.1.2|21872|crew_log_527ba12b43f44f52|0|1786384365.040|100.453|3.139|2342723584|2338091008|sim_data_341798b7487bf001|__AUTOMETRIC__
__AUTOMETRIC__|0.1.2|21872|crew_log_527ba12b43f44f52|0|1786384366.041|99.864|3.121|2343649280|2339016704|sim_data_341798b7487bf001|__AUTOMETRIC__
__AUTOMETRIC__|0.1.2|21872|crew_log_527ba12b43f44f52|0|1786384367.053|97.276|3.040|2342055936|2337423360|sim_data_341798b7487bf001|__AUTOMETRIC__
__AUTOMETRIC__|0.1.2|21872|crew_log_527ba12b43f44f52|0|1786384368.068|101.588|3.175|2343129088|2338504704|sim_data_341798b7487bf001|__AUTOMETRIC__
__AUTOMETRIC__|0.1.2|21872|crew_log_527ba12b43f44f52|0|1786384369.082|100.181|3.131|2343047168|2338422784|sim_data_341798b7487bf001|__AUTOMETRIC__
__AUTOMETRIC__|0.1.2|21872|crew_log_527ba12b43f44f52|0|1786384370.082|100.003|3.125|2343047168|2338422784|sim_data_341798b7487bf001|__AUTOMETRIC__
__AUTOMETRIC__|0.1.2|21872|crew_log_527ba12b43f44f52|0|1786384371.086|99.592|3.112|2343956480|2339328000|sim_data_341798b7487bf001|__AUTOMETRIC__
__AUTOMETRIC__|0.1.2|21872|crew_log_527ba12b43f44f52|0|1786384372.092|99.363|3.105|2343927808|2339303424|sim_data_341798b7487bf001|__AUTOMETRIC__
__AUTOMETRIC__|0.1.2|21872|crew_log_527ba12b43f44f52|0|1786384373.095|99.739|3.117|2343927808|2339303424|sim_data_341798b7487bf001|__AUTOMETRIC__
__AUTOMETRIC__|0.1.2|21872|crew_log_527ba12b43f44f52|0|1786384374.096|99.878|3.121|2536710144|2532388864|sim_data_341798b7487bf001|__AUTOMETRIC__
__AUTOMETRIC__|0.1.2|21872|crew_log_527ba12b43f44f52|0|1786384375.109|98.700|3.084|2357100544|2353573888|sim_data_341798b7487bf001|__AUTOMETRIC__
__AUTOMETRIC__|0.1.2|21872|crew_log_527ba12b43f44f52|0|1786384376.120|100.481|3.140|2348167168|2343854080|sim_data_341798b7487bf001|__AUTOMETRIC__
__AUTOMETRIC__|0.1.2|21872|crew_log_527ba12b43f44f52|0|1786384377.135|100.115|3.129|2346770432|2342141952|sim_data_341798b7487bf001|__AUTOMETRIC__
__AUTOMETRIC__|0.1.2|21872|crew_log_527ba12b43f44f52|0|1786384378.137|98.208|3.069|2346147840|2341519360|sim_data_341798b7487bf001|__AUTOMETRIC__
__AUTOMETRIC__|0.1.2|21872|crew_log_527ba12b43f44f52|0|1786384379.141|98.020|3.063|2347106304|2342477824|sim_data_341798b7487bf001|__AUTOMETRIC__
__AUTOMETRIC__|0.1.2|21872|crew_log_527ba12b43f44f52|0|1786384380.145|99.646|3.114|2347094016|2342465536|sim_data_341798b7487bf001|__AUTOMETRIC__
__AUTOMETRIC__|0.1.2|21872|crew_log_527ba12b43f44f52|0|1786384381.155|100.537|3.142|2347999232|2343366656|sim_data_341798b7487bf001|__AUTOMETRIC__
__AUTOMETRIC__|0.1.2|21872|crew_log_527ba12b43f44f52|0|1786384382.155|100.003|3.125|2348011520|2343378944|sim_data_341798b7487bf001|__AUTOMETRIC__
__AUTOMETRIC__|0.1.2|21872|crew_log_527ba12b43f44f52|0|1786384383.166|98.926|3.091|2551357440|2547130368|sim_data_341798b7487bf001|__AUTOMETRIC__
__AUTOMETRIC__|0.1.2|21872|crew_log_527ba12b43f44f52|0|1786384384.167|101.427|3.170|2368577536|2365186048|sim_data_341798b7487bf001|__AUTOMETRIC__
__AUTOMETRIC__|0.1.2|21872|crew_log_527ba12b43f44f52|0|1786384385.178|98.968|3.093|2361016320|2357186560|sim_data_341798b7487bf001|__AUTOMETRIC__
__AUTOMETRIC__|0.1.2|21872|crew_log_527ba12b43f44f52|0|1786384386.183|101.039|3.157|2361024512|2357194752|sim_data_341798b7487bf001|__AUTOMETRIC__
__AUTOMETRIC__|0.1.2|21872|crew_log_527ba12b43f44f52|0|1786384387.190|99.323|3.104|2357379072|2352881664|sim_data_341798b7487bf001|__AUTOMETRIC__
__AUTOMETRIC__|0.1.2|21872|crew_log_527ba12b43f44f52|0|1786384388.204|98.549|3.080|2357248000|2352611328|sim_data_341798b7487bf001|__AUTOMETRIC__
__AUTOMETRIC__|0.1.2|21872|crew_log_527ba12b43f44f52|0|1786384389.216|100.366|3.136|2358267904|2353623040|sim_data_341798b7487bf001|__AUTOMETRIC__
__AUTOMETRIC__|0.1.2|21872|crew_log_527ba12b43f44f52|0|1786384390.231|100.080|3.128|2359226368|2354581504|sim_data_341798b7487bf001|__AUTOMETRIC__
__AUTOMETRIC__|0.1.2|21872|crew_log_527ba12b43f44f52|0|1786384391.242|100.485|3.140|2359132160|2354487296|sim_data_341798b7487bf001|__AUTOMETRIC__
__AUTOMETRIC__|0.1.2|21872|crew_log_527ba12b43f44f52|0|1786384392.256|97.053|3.033|2503774208|2499563520|sim_data_341798b7487bf001|__AUTOMETRIC__
__AUTOMETRIC__|0.1.2|21872|crew_log_527ba12b43f44f52|0|1786384393.271|101.627|3.176|2379132928|2374832128|sim_data_341798b7487bf001|__AUTOMETRIC__
__AUTOMETRIC__|0.1.2|21872|crew_log_527ba12b43f44f52|0|1786384394.272|102.949|3.217|2370359296|2366234624|sim_data_341798b7487bf001|__AUTOMETRIC__
__AUTOMETRIC__|0.1.2|21872|crew_log_527ba12b43f44f52|0|1786384395.282|97.500|3.047|2370367488|2366242816|sim_data_341798b7487bf001|__AUTOMETRIC__
__AUTOMETRIC__|0.1.2|21872|crew_log_527ba12b43f44f52|0|1786384396.297|100.046|3.126|2366754816|2362146816|sim_data_341798b7487bf001|__AUTOMETRIC__
__AUTOMETRIC__|0.1.2|21872|crew_log_527ba12b43f44f52|0|1786384397.298|99.945|3.123|2365530112|2360877056|sim_data_341798b7487bf001|__AUTOMETRIC__
__AUTOMETRIC__|0.1.2|21872|crew_log_527ba12b43f44f52|0|1786384398.312|97.022|3.032|2365530112|2360877056|sim_data_341798b7487bf001|__AUTOMETRIC__
__AUTOMETRIC__|0.1.2|21872|crew_log_527ba12b43f44f52|0|1786384399.316|98.087|3.065|2365530112|2360877056|sim_data_341798b7487bf001|__AUTOMETRIC__
__AUTOMETRIC__|0.1.2|21872|crew_log_527ba12b43f44f52|0|1786384400.318|99.773|3.118|2365530112|2360877056|sim_data_341798b7487bf001|__AUTOMETRIC__
__AUTOMETRIC__|0.1.2|21872|crew_log_527ba12b43f44f52|0|1786384401.325|96.210|3.007|2365530112|2360877056|sim_data_341798b7487bf001|__AUTOMETRIC__
__AUTOMETRIC__|0.1.2|21872|crew_log_527ba12b43f44f52|0|1786384402.341|98.481|3.078|2365530112|2360877056|sim_data_341798b7487bf001|__AUTOMETRIC__
__AUTOMETRIC__|0.1.2|21872|crew_log_527ba12b43f44f52|0|1786384403.354|100.260|3.133|2365530112|2360877056|sim_data_341798b7487bf001|__AUTOMETRIC__
__AUTOMETRIC__|0.1.2|21872|crew_log_527ba12b43f44f52|0|1786384404.363|97.522|3.048|2365530112|2360877056|sim_data_341798b7487bf001|__AUTOMETRIC__
__AUTOMETRIC__|0.1.2|21872|crew_log_527ba12b43f44f52|0|1786384405.365|98.264|3.071|2366636032|2361982976|sim_data_341798b7487bf001|__AUTOMETRIC__
__AUTOMETRIC__|0.1.2|21872|crew_log_527ba12b43f44f52|0|1786384406.366|102.956|3.217|2366537728|2361884672|sim_data_341798b7487bf001|__AUTOMETRIC__
__AUTOMETRIC__|0.1.2|21872|crew_log_527ba12b43f44f52|0|1786384407.380|98.684|3.084|2366537728|2361884672|sim_data_341798b7487bf001|__AUTOMETRIC__
__AUTOMETRIC__|0.1.2|21872|crew_log_527ba12b43f44f52|0|1786384408.384|99.575|3.112|2366537728|2361884672|sim_data_341798b7487bf001|__AUTOMETRIC__
__AUTOMETRIC__|0.1.2|21872|crew_log_527ba12b43f44f52|0|1786384409.391|99.346|3.105|2366537728|2361884672|sim_data_341798b7487bf001|__AUTOMETRIC__
__AUTOMETRIC__|0.1.2|21872|crew_log_527ba12b43f44f52|0|1786384410.395|99.598|3.112|2366537728|2361884672|sim_data_341798b7487bf001|__AUTOMETRIC__
__AUTOMETRIC__|0.1.2|21872|crew_log_527ba12b43f44f52|0|1786384411.398|101.179|3.162|2366537728|2361884672|sim_data_341798b7487bf001|__AUTOMETRIC__
__AUTOMETRIC__|0.1.2|21872|crew_log_527ba12b43f44f52|0|1786384412.409|97.447|3.045|2366537728|2361884672|sim_data_341798b7487bf001|__AUTOMETRIC__
__AUTOMETRIC__|0.1.2|21872|crew_log_527ba12b43f44f52|0|1786384413.418|99.021|3.094|2366537728|2361884672|sim_data_341798b7487bf001|__AUTOMETRIC__
__AUTOMETRIC__|0.1.2|21872|crew_log_527ba12b43f44f52|0|1786384414.425|99.368|3.105|2366537728|2361884672|sim_data_341798b7487bf001|__AUTOMETRIC__
__AUTOMETRIC__|0.1.2|21872|crew_log_527ba12b43f44f52|0|1786384415.435|100.496|3.140|2366537728|2361884672|sim_data_341798b7487bf001|__AUTOMETRIC__
__AUTOMETRIC__|0.1.2|21872|crew_log_527ba12b43f44f52|0|1786384416.442|99.341|3.104|2366537728|2361884672|sim_data_341798b7487bf001|__AUTOMETRIC__
__AUTOMETRIC__|0.1.2|21872|crew_log_527ba12b43f44f52|0|1786384417.449|102.404|3.200|2366537728|2361884672|sim_data_341798b7487bf001|__AUTOMETRIC__
__AUTOMETRIC__|0.1.2|21872|crew_log_527ba12b43f44f52|0|1786384418.452|99.702|3.116|2367410176|2362757120|sim_data_341798b7487bf001|__AUTOMETRIC__
__AUTOMETRIC__|0.1.2|21872|crew_log_527ba12b43f44f52|0|1786384419.457|99.498|3.109|2367422464|2362769408|sim_data_341798b7487bf001|__AUTOMETRIC__
__AUTOMETRIC__|0.1.2|21872|crew_log_527ba12b43f44f52|0|1786384420.462|101.051|3.158|2367401984|2362748928|sim_data_341798b7487bf001|__AUTOMETRIC__
__AUTOMETRIC__|0.1.2|21872|crew_log_527ba12b43f44f52|0|1786384421.468|99.410|3.107|2367401984|2362748928|sim_data_341798b7487bf001|__AUTOMETRIC__
__AUTOMETRIC__|0.1.2|21872|crew_log_527ba12b43f44f52|0|1786384422.470|99.774|3.118|2367401984|2362748928|sim_data_341798b7487bf001|__AUTOMETRIC__
__AUTOMETRIC__|0.1.2|21872|crew_log_527ba12b43f44f52|0|1786384423.483|98.793|3.087|2367401984|2362748928|sim_data_341798b7487bf001|__AUTOMETRIC__
__AUTOMETRIC__|0.1.2|21872|crew_log_527ba12b43f44f52|0|1786384424.493|100.527|3.141|2367401984|2362748928|sim_data_341798b7487bf001|__AUTOMETRIC__
__AUTOMETRIC__|0.1.2|21872|crew_log_527ba12b43f44f52|0|1786384425.498|97.967|3.061|2367401984|2362748928|sim_data_341798b7487bf001|__AUTOMETRIC__
__AUTOMETRIC__|0.1.2|21872|crew_log_527ba12b43f44f52|0|1786384426.507|100.619|3.144|2367401984|2362748928|sim_data_341798b7487bf001|__AUTOMETRIC__
__AUTOMETRIC__|0.1.2|21872|crew_log_527ba12b43f44f52|0|1786384427.516|99.132|3.098|2367401984|2362748928|sim_data_341798b7487bf001|__AUTOMETRIC__
__AUTOMETRIC__|0.1.2|21872|crew_log_527ba12b43f44f52|0|1786384428.524|100.720|3.148|2367401984|2362748928|sim_data_341798b7487bf001|__AUTOMETRIC__
__AUTOMETRIC__|0.1.2|21872|crew_log_527ba12b43f44f52|0|1786384429.533|99.137|3.098|2367401984|2362748928|sim_data_341798b7487bf001|__AUTOMETRIC__
__AUTOMETRIC__|0.1.2|21872|crew_log_527ba12b43f44f52|0|1786384430.537|99.590|3.112|2367401984|2362748928|sim_data_341798b7487bf001|__AUTOMETRIC__
__AUTOMETRIC__|0.1.2|21872|crew_log_527ba12b43f44f52|0|1786384431.537|98.395|3.075|2367401984|2362748928|sim_data_341798b7487bf001|__AUTOMETRIC__
__AUTOMETRIC__|0.1.2|21872|crew_log_527ba12b43f44f52|0|1786384432.546|97.605|3.050|2368507904|2363854848|sim_data_341798b7487bf001|__AUTOMETRIC__
__AUTOMETRIC__|0.1.2|21872|crew_log_527ba12b43f44f52|0|1786384433.548|99.831|3.120|2368401408|2363748352|sim_data_341798b7487bf001|__AUTOMETRIC__
__AUTOMETRIC__|0.1.2|21872|crew_log_527ba12b43f44f52|0|1786384434.549|99.874|3.121|2368401408|2363748352|sim_data_341798b7487bf001|__AUTOMETRIC__
__AUTOMETRIC__|0.1.2|21872|crew_log_527ba12b43f44f52|0|1786384435.563|100.155|3.130|2368401408|2363748352|sim_data_341798b7487bf001|__AUTOMETRIC__
__AUTOMETRIC__|0.1.2|21872|crew_log_527ba12b43f44f52|0|1786384436.569|99.402|3.106|2368401408|2363748352|sim_data_341798b7487bf001|__AUTOMETRIC__
__AUTOMETRIC__|0.1.2|21872|crew_log_527ba12b43f44f52|0|1786384437.571|101.337|3.167|2368401408|2363748352|sim_data_341798b7487bf001|__AUTOMETRIC__
__AUTOMETRIC__|0.1.2|21872|crew_log_527ba12b43f44f52|0|1786384438.572|99.951|3.123|2368401408|2363748352|sim_data_341798b7487bf001|__AUTOMETRIC__
__AUTOMETRIC__|0.1.2|21872|crew_log_527ba12b43f44f52|0|1786384439.582|97.418|3.044|2368401408|2363748352|sim_data_341798b7487bf001|__AUTOMETRIC__
__AUTOMETRIC__|0.1.2|21872|crew_log_527ba12b43f44f52|0|1786384440.591|99.090|3.097|2368401408|2363748352|sim_data_341798b7487bf001|__AUTOMETRIC__
__AUTOMETRIC__|0.1.2|21872|crew_log_527ba12b43f44f52|0|1786384441.605|98.630|3.082|2368413696|2363760640|sim_data_341798b7487bf001|__AUTOMETRIC__
__AUTOMETRIC__|0.1.2|21872|crew_log_527ba12b43f44f52|0|1786384442.606|99.962|3.124|2368401408|2363748352|sim_data_341798b7487bf001|__AUTOMETRIC__
__AUTOMETRIC__|0.1.2|21872|crew_log_527ba12b43f44f52|0|1786384443.615|95.964|2.999|2368401408|2363748352|sim_data_341798b7487bf001|__AUTOMETRIC__
__AUTOMETRIC__|0.1.2|21872|crew_log_527ba12b43f44f52|0|1786384444.626|100.466|3.140|2368401408|2363748352|sim_data_341798b7487bf001|__AUTOMETRIC__
__AUTOMETRIC__|0.1.2|21872|crew_log_527ba12b43f44f52|0|1786384445.628|99.755|3.117|2368475136|2363822080|sim_data_341798b7487bf001|__AUTOMETRIC__
__AUTOMETRIC__|0.1.2|21872|crew_log_527ba12b43f44f52|0|1786384446.644|96.976|3.031|2403401728|2399076352|sim_data_341798b7487bf001|__AUTOMETRIC__
__AUTOMETRIC__|0.1.2|21872|crew_log_527ba12b43f44f52|0|1786384447.649|100.986|3.156|2380668928|2377080832|sim_data_341798b7487bf001|__AUTOMETRIC__
__AUTOMETRIC__|0.1.2|21872|crew_log_527ba12b43f44f52|0|1786384448.657|99.262|3.102|2380955648|2377351168|sim_data_341798b7487bf001|__AUTOMETRIC__
__AUTOMETRIC__|0.1.2|21872|crew_log_527ba12b43f44f52|0|1786384449.661|99.545|3.111|2374619136|2369966080|sim_data_341798b7487bf001|__AUTOMETRIC__
__AUTOMETRIC__|0.1.2|21872|crew_log_527ba12b43f44f52|0|1786384450.675|101.754|3.180|2375544832|2371067904|sim_data_341798b7487bf001|__AUTOMETRIC__
__AUTOMETRIC__|0.1.2|21872|crew_log_527ba12b43f44f52|0|1786384451.685|100.512|3.141|2376482816|2372005888|sim_data_341798b7487bf001|__AUTOMETRIC__
__AUTOMETRIC__|0.1.2|21872|crew_log_527ba12b43f44f52|0|1786384452.689|102.758|3.211|2400972800|2396942336|sim_data_341798b7487bf001|__AUTOMETRIC__
__AUTOMETRIC__|0.1.2|21872|crew_log_527ba12b43f44f52|0|1786384453.691|98.209|3.069|2419486720|2416238592|sim_data_341798b7487bf001|__AUTOMETRIC__
__AUTOMETRIC__|0.1.2|21872|crew_log_527ba12b43f44f52|0|1786384454.696|102.635|3.207|2369380352|2366042112|sim_data_341798b7487bf001|__AUTOMETRIC__
__AUTOMETRIC__|0.1.2|21872|crew_log_527ba12b43f44f52|0|1786384455.706|99.006|3.094|2370318336|2366980096|sim_data_341798b7487bf001|__AUTOMETRIC__
__AUTOMETRIC__|0.1.2|21872|crew_log_527ba12b43f44f52|0|1786384456.708|99.786|3.118|2369421312|2365714432|sim_data_341798b7487bf001|__AUTOMETRIC__
__AUTOMETRIC__|0.1.2|21872|crew_log_527ba12b43f44f52|0|1786384457.712|102.714|3.210|2366173184|2361622528|sim_data_341798b7487bf001|__AUTOMETRIC__
__AUTOMETRIC__|0.1.2|21872|crew_log_527ba12b43f44f52|0|1786384458.717|99.483|3.109|2367242240|2362687488|sim_data_341798b7487bf001|__AUTOMETRIC__
__AUTOMETRIC__|0.1.2|21872|crew_log_527ba12b43f44f52|0|1786384459.726|100.711|3.147|2366070784|2361401344|sim_data_341798b7487bf001|__AUTOMETRIC__
__AUTOMETRIC__|0.1.2|21872|crew_log_527ba12b43f44f52|0|1786384460.728|99.783|3.118|2367041536|2362372096|sim_data_341798b7487bf001|__AUTOMETRIC__
__AUTOMETRIC__|0.1.2|21872|crew_log_527ba12b43f44f52|0|1786384461.730|99.738|3.117|2503266304|2498596864|sim_data_341798b7487bf001|__AUTOMETRIC__
__AUTOMETRIC__|0.1.2|21872|crew_log_527ba12b43f44f52|0|1786384462.740|100.609|3.144|2505682944|2501300224|sim_data_341798b7487bf001|__AUTOMETRIC__
__AUTOMETRIC__|0.1.2|21872|crew_log_527ba12b43f44f52|0|1786384463.743|102.860|3.214|2380500992|2376896512|sim_data_341798b7487bf001|__AUTOMETRIC__
__AUTOMETRIC__|0.1.2|21872|crew_log_527ba12b43f44f52|0|1786384464.754|98.882|3.090|2376327168|2371694592|sim_data_341798b7487bf001|__AUTOMETRIC__
__AUTOMETRIC__|0.1.2|21872|crew_log_527ba12b43f44f52|0|1786384465.754|99.968|3.124|2373623808|2369122304|sim_data_341798b7487bf001|__AUTOMETRIC__
__AUTOMETRIC__|0.1.2|21872|crew_log_527ba12b43f44f52|0|1786384466.768|100.189|3.131|2374553600|2369875968|sim_data_341798b7487bf001|__AUTOMETRIC__
__AUTOMETRIC__|0.1.2|21872|crew_log_527ba12b43f44f52|0|1786384467.775|100.883|3.153|2473730048|2469052416|sim_data_341798b7487bf001|__AUTOMETRIC__
__AUTOMETRIC__|0.1.2|21872|crew_log_527ba12b43f44f52|0|1786384468.781|100.956|3.155|2407755776|2403389440|sim_data_341798b7487bf001|__AUTOMETRIC__
__AUTOMETRIC__|0.1.2|21872|crew_log_527ba12b43f44f52|0|1786384469.796|101.529|3.173|2375958528|2371760128|sim_data_341798b7487bf001|__AUTOMETRIC__
__AUTOMETRIC__|0.1.2|21872|crew_log_527ba12b43f44f52|0|1786384470.808|100.380|3.137|2375958528|2371760128|sim_data_341798b7487bf001|__AUTOMETRIC__
__AUTOMETRIC__|0.1.2|21872|crew_log_527ba12b43f44f52|0|1786384471.823|103.165|3.224|2209361920|2204688384|sim_data_341798b7487bf001|__AUTOMETRIC__
__AUTOMETRIC__|0.1.2|21872|crew_log_527ba12b43f44f52|0|1786384472.830|99.322|3.104|2210267136|2205593600|sim_data_341798b7487bf001|__AUTOMETRIC__
__AUTOMETRIC__|0.1.2|21872|crew_log_527ba12b43f44f52|0|1786384473.833|96.559|3.017|2211250176|2206572544|sim_data_341798b7487bf001|__AUTOMETRIC__
__AUTOMETRIC__|0.1.2|21872|crew_log_527ba12b43f44f52|0|1786384474.846|103.341|3.229|2211168256|2206490624|sim_data_341798b7487bf001|__AUTOMETRIC__
__AUTOMETRIC__|0.1.2|21872|crew_log_527ba12b43f44f52|0|1786384475.848|99.767|3.118|2212163584|2207485952|sim_data_341798b7487bf001|__AUTOMETRIC__
__AUTOMETRIC__|0.1.2|21872|crew_log_527ba12b43f44f52|0|1786384476.853|99.490|3.109|2212102144|2207424512|sim_data_341798b7487bf001|__AUTOMETRIC__
__AUTOMETRIC__|0.1.2|21872|crew_log_527ba12b43f44f52|0|1786384477.861|99.254|3.102|2390450176|2386169856|sim_data_341798b7487bf001|__AUTOMETRIC__
__AUTOMETRIC__|0.1.2|21872|crew_log_527ba12b43f44f52|0|1786384478.863|99.760|3.117|2419044352|2415525888|sim_data_341798b7487bf001|__AUTOMETRIC__
__AUTOMETRIC__|0.1.2|21872|crew_log_527ba12b43f44f52|0|1786384479.867|101.198|3.162|2380144640|2375905280|sim_data_341798b7487bf001|__AUTOMETRIC__
__AUTOMETRIC__|0.1.2|21872|crew_log_527ba12b43f44f52|0|1786384480.878|98.944|3.092|2381086720|2376847360|sim_data_341798b7487bf001|__AUTOMETRIC__
__AUTOMETRIC__|0.1.2|21872|crew_log_527ba12b43f44f52|0|1786384481.878|101.519|3.172|2378084352|2373402624|sim_data_341798b7487bf001|__AUTOMETRIC__
__AUTOMETRIC__|0.1.2|21872|crew_log_527ba12b43f44f52|0|1786384482.878|99.981|3.124|2378903552|2374221824|sim_data_341798b7487bf001|__AUTOMETRIC__
__AUTOMETRIC__|0.1.2|21872|crew_log_527ba12b43f44f52|0|1786384483.881|102.841|3.214|2512027648|2507649024|sim_data_341798b7487bf001|__AUTOMETRIC__
__AUTOMETRIC__|0.1.2|21872|crew_log_527ba12b43f44f52|0|1786384484.891|98.985|3.093|2406391808|2401894400|sim_data_341798b7487bf001|__AUTOMETRIC__
__AUTOMETRIC__|0.1.2|21872|crew_log_527ba12b43f44f52|0|1786384485.894|101.271|3.165|2381611008|2378268672|sim_data_341798b7487bf001|__AUTOMETRIC__
__AUTOMETRIC__|0.1.2|21872|crew_log_527ba12b43f44f52|0|1786384486.909|100.041|3.126|2377969664|2373607424|sim_data_341798b7487bf001|__AUTOMETRIC__
__AUTOMETRIC__|0.1.2|21872|crew_log_527ba12b43f44f52|0|1786384487.914|101.107|3.160|2377424896|2372747264|sim_data_341798b7487bf001|__AUTOMETRIC__
__AUTOMETRIC__|0.1.2|21872|crew_log_527ba12b43f44f52|0|1786384488.924|98.960|3.093|2378342400|2373840896|sim_data_341798b7487bf001|__AUTOMETRIC__
__AUTOMETRIC__|0.1.2|21872|crew_log_527ba12b43f44f52|0|1786384489.932|99.208|3.100|2379313152|2374811648|sim_data_341798b7487bf001|__AUTOMETRIC__
__AUTOMETRIC__|0.1.2|21872|crew_log_527ba12b43f44f52|0|1786384490.936|101.215|3.163|2532917248|2528497664|sim_data_341798b7487bf001|__AUTOMETRIC__
__AUTOMETRIC__|0.1.2|21872|crew_log_527ba12b43f44f52|0|1786384491.941|97.973|3.062|2490347520|2487078912|sim_data_341798b7487bf001|__AUTOMETRIC__
__AUTOMETRIC__|0.1.2|21872|crew_log_527ba12b43f44f52|0|1786384492.945|102.715|3.210|2387197952|2383716352|sim_data_341798b7487bf001|__AUTOMETRIC__
__AUTOMETRIC__|0.1.2|21872|crew_log_527ba12b43f44f52|0|1786384493.951|99.381|3.106|2383040512|2378461184|sim_data_341798b7487bf001|__AUTOMETRIC__
__AUTOMETRIC__|0.1.2|21872|crew_log_527ba12b43f44f52|0|1786384494.964|100.189|3.131|2383044608|2378465280|sim_data_341798b7487bf001|__AUTOMETRIC__
__AUTOMETRIC__|0.1.2|21872|crew_log_527ba12b43f44f52|0|1786384495.966|99.809|3.119|2383036416|2378457088|sim_data_341798b7487bf001|__AUTOMETRIC__
__AUTOMETRIC__|0.1.2|21872|crew_log_527ba12b43f44f52|0|1786384496.970|99.602|3.113|2384113664|2379534336|sim_data_341798b7487bf001|__AUTOMETRIC__
__AUTOMETRIC__|0.1.2|21872|crew_log_527ba12b43f44f52|0|1786384497.976|100.975|3.155|2384023552|2379444224|sim_data_341798b7487bf001|__AUTOMETRIC__
__AUTOMETRIC__|0.1.2|21872|crew_log_527ba12b43f44f52|0|1786384498.978|99.834|3.120|2384961536|2380382208|sim_data_341798b7487bf001|__AUTOMETRIC__
__AUTOMETRIC__|0.1.2|21872|crew_log_527ba12b43f44f52|0|1786384499.991|100.260|3.133|2384891904|2380312576|sim_data_341798b7487bf001|__AUTOMETRIC__
__AUTOMETRIC__|0.1.2|21872|crew_log_527ba12b43f44f52|0|1786384500.996|99.458|3.108|2612789248|2608680960|sim_data_341798b7487bf001|__AUTOMETRIC__
__AUTOMETRIC__|0.1.2|21872|crew_log_527ba12b43f44f52|0|1786384502.009|103.359|3.230|2613493760|2609418240|sim_data_341798b7487bf001|__AUTOMETRIC__
__AUTOMETRIC__|0.1.2|21872|crew_log_527ba12b43f44f52|0|1786384503.023|100.178|3.131|2395176960|2391773184|sim_data_341798b7487bf001|__AUTOMETRIC__
__AUTOMETRIC__|0.1.2|21872|crew_log_527ba12b43f44f52|0|1786384504.024|98.377|3.074|2389430272|2384842752|sim_data_341798b7487bf001|__AUTOMETRIC__
__AUTOMETRIC__|0.1.2|21872|crew_log_527ba12b43f44f52|0|1786384505.024|98.364|3.074|2389204992|2384621568|sim_data_341798b7487bf001|__AUTOMETRIC__
__AUTOMETRIC__|0.1.2|21872|crew_log_527ba12b43f44f52|0|1786384506.028|99.614|3.113|2389147648|2384564224|sim_data_341798b7487bf001|__AUTOMETRIC__
__AUTOMETRIC__|0.1.2|21872|crew_log_527ba12b43f44f52|0|1786384507.044|100.008|3.125|2389024768|2384437248|sim_data_341798b7487bf001|__AUTOMETRIC__
__AUTOMETRIC__|0.1.2|21872|crew_log_527ba12b43f44f52|0|1786384508.049|99.436|3.107|2389024768|2384437248|sim_data_341798b7487bf001|__AUTOMETRIC__
__AUTOMETRIC__|0.1.2|21872|crew_log_527ba12b43f44f52|0|1786384509.062|100.329|3.135|2389065728|2384482304|sim_data_341798b7487bf001|__AUTOMETRIC__
__AUTOMETRIC__|0.1.2|21872|crew_log_527ba12b43f44f52|0|1786384510.065|98.102|3.066|2389905408|2385321984|sim_data_341798b7487bf001|__AUTOMETRIC__
__AUTOMETRIC__|0.1.2|21872|crew_log_527ba12b43f44f52|0|1786384511.070|101.080|3.159|2389897216|2385321984|sim_data_341798b7487bf001|__AUTOMETRIC__
__AUTOMETRIC__|0.1.2|21872|crew_log_527ba12b43f44f52|0|1786384512.083|97.202|3.038|2389864448|2385276928|sim_data_341798b7487bf001|__AUTOMETRIC__
__AUTOMETRIC__|0.1.2|21872|crew_log_527ba12b43f44f52|0|1786384513.098|96.948|3.030|2389864448|2385276928|sim_data_341798b7487bf001|__AUTOMETRIC__
__AUTOMETRIC__|0.1.2|21872|crew_log_527ba12b43f44f52|0|1786384514.103|101.100|3.159|2389864448|2385276928|sim_data_341798b7487bf001|__AUTOMETRIC__
__AUTOMETRIC__|0.1.2|21872|crew_log_527ba12b43f44f52|0|1786384515.107|97.963|3.061|2389860352|2385272832|sim_data_341798b7487bf001|__AUTOMETRIC__
__AUTOMETRIC__|0.1.2|21872|crew_log_527ba12b43f44f52|0|1786384516.112|98.020|3.063|2390867968|2386280448|sim_data_341798b7487bf001|__AUTOMETRIC__
__AUTOMETRIC__|0.1.2|21872|crew_log_527ba12b43f44f52|0|1786384517.118|100.951|3.155|2390908928|2386325504|sim_data_341798b7487bf001|__AUTOMETRIC__
__AUTOMETRIC__|0.1.2|21872|crew_log_527ba12b43f44f52|0|1786384518.132|100.155|3.130|2390908928|2386325504|sim_data_341798b7487bf001|__AUTOMETRIC__
__AUTOMETRIC__|0.1.2|21872|crew_log_527ba12b43f44f52|0|1786384519.146|98.601|3.081|2390867968|2386280448|sim_data_341798b7487bf001|__AUTOMETRIC__
__AUTOMETRIC__|0.1.2|21872|crew_log_527ba12b43f44f52|0|1786384520.148|99.845|3.120|2545680384|2541092864|sim_data_341798b7487bf001|__AUTOMETRIC__
__AUTOMETRIC__|0.1.2|21872|crew_log_527ba12b43f44f52|0|1786384521.152|102.658|3.208|2469953536|2465873920|sim_data_341798b7487bf001|__AUTOMETRIC__
__AUTOMETRIC__|0.1.2|21872|crew_log_527ba12b43f44f52|0|1786384522.157|101.106|3.160|2408460288|2405105664|sim_data_341798b7487bf001|__AUTOMETRIC__
__AUTOMETRIC__|0.1.2|21872|crew_log_527ba12b43f44f52|0|1786384523.169|100.310|3.135|2404888576|2400509952|sim_data_341798b7487bf001|__AUTOMETRIC__
__AUTOMETRIC__|0.1.2|21872|crew_log_527ba12b43f44f52|0|1786384524.175|99.426|3.107|2405101568|2400796672|sim_data_341798b7487bf001|__AUTOMETRIC__
__AUTOMETRIC__|0.1.2|21872|crew_log_527ba12b43f44f52|0|1786384525.182|100.886|3.153|2656657408|2652729344|sim_data_341798b7487bf001|__AUTOMETRIC__
__AUTOMETRIC__|0.1.2|21872|crew_log_527ba12b43f44f52|0|1786384526.186|101.089|3.159|2451320832|2447482880|sim_data_341798b7487bf001|__AUTOMETRIC__
__AUTOMETRIC__|0.1.2|21872|crew_log_527ba12b43f44f52|0|1786384527.189|99.749|3.117|2410864640|2406510592|sim_data_341798b7487bf001|__AUTOMETRIC__
__AUTOMETRIC__|0.1.2|21872|crew_log_527ba12b43f44f52|0|1786384528.201|100.353|3.136|2407268352|2402684928|sim_data_341798b7487bf001|__AUTOMETRIC__
__AUTOMETRIC__|0.1.2|21872|crew_log_527ba12b43f44f52|0|1786384529.207|100.901|3.153|2408177664|2403594240|sim_data_341798b7487bf001|__AUTOMETRIC__
__AUTOMETRIC__|0.1.2|21872|crew_log_527ba12b43f44f52|0|1786384530.220|100.289|3.134|2409197568|2404614144|sim_data_341798b7487bf001|__AUTOMETRIC__
__AUTOMETRIC__|0.1.2|21872|crew_log_527ba12b43f44f52|0|1786384531.226|100.977|3.156|2409082880|2404499456|sim_data_341798b7487bf001|__AUTOMETRIC__
__AUTOMETRIC__|0.1.2|21872|crew_log_527ba12b43f44f52|0|1786384532.232|99.391|3.106|2729996288|2725957632|sim_data_341798b7487bf001|__AUTOMETRIC__
__AUTOMETRIC__|0.1.2|21872|crew_log_527ba12b43f44f52|0|1786384533.238|102.493|3.203|2505236480|2502029312|sim_data_341798b7487bf001|__AUTOMETRIC__
__AUTOMETRIC__|0.1.2|21872|crew_log_527ba12b43f44f52|0|1786384534.254|99.936|3.123|2417074176|2413146112|sim_data_341798b7487bf001|__AUTOMETRIC__
__AUTOMETRIC__|0.1.2|21872|crew_log_527ba12b43f44f52|0|1786384535.269|100.114|3.129|2412847104|2408312832|sim_data_341798b7487bf001|__AUTOMETRIC__
__AUTOMETRIC__|0.1.2|21872|crew_log_527ba12b43f44f52|0|1786384536.280|100.462|3.139|2413748224|2409213952|sim_data_341798b7487bf001|__AUTOMETRIC__
__AUTOMETRIC__|0.1.2|21872|crew_log_527ba12b43f44f52|0|1786384537.293|100.230|3.132|2414600192|2410065920|sim_data_341798b7487bf001|__AUTOMETRIC__
__AUTOMETRIC__|0.1.2|21872|crew_log_527ba12b43f44f52|0|1786384538.306|100.318|3.135|2641088512|2637004800|sim_data_341798b7487bf001|__AUTOMETRIC__
__AUTOMETRIC__|0.1.2|21872|crew_log_527ba12b43f44f52|0|1786384539.321|101.601|3.175|2485620736|2481618944|sim_data_341798b7487bf001|__AUTOMETRIC__
__AUTOMETRIC__|0.1.2|21872|crew_log_527ba12b43f44f52|0|1786384540.324|99.656|3.114|2459959296|2456084480|sim_data_341798b7487bf001|__AUTOMETRIC__
__AUTOMETRIC__|0.1.2|21872|crew_log_527ba12b43f44f52|0|1786384541.332|99.248|3.102|2459971584|2456096768|sim_data_341798b7487bf001|__AUTOMETRIC__
__AUTOMETRIC__|0.1.2|21872|crew_log_527ba12b43f44f52|0|1786384542.342|100.564|3.143|2416451584|2411913216|sim_data_341798b7487bf001|__AUTOMETRIC__
__AUTOMETRIC__|0.1.2|21872|crew_log_527ba12b43f44f52|0|1786384543.342|98.346|3.073|2416320512|2411782144|sim_data_341798b7487bf001|__AUTOMETRIC__
__AUTOMETRIC__|0.1.2|21872|crew_log_527ba12b43f44f52|0|1786384544.345|98.151|3.067|2417295360|2412756992|sim_data_341798b7487bf001|__AUTOMETRIC__
__AUTOMETRIC__|0.1.2|21872|crew_log_527ba12b43f44f52|0|1786384545.346|99.893|3.122|2417295360|2412756992|sim_data_341798b7487bf001|__AUTOMETRIC__
__AUTOMETRIC__|0.1.2|21872|crew_log_527ba12b43f44f52|0|1786384546.361|100.091|3.128|2418180096|2413641728|sim_data_341798b7487bf001|__AUTOMETRIC__
__AUTOMETRIC__|0.1.2|21872|crew_log_527ba12b43f44f52|0|1786384547.364|98.190|3.068|2418176000|2413637632|sim_data_341798b7487bf001|__AUTOMETRIC__
__AUTOMETRIC__|0.1.2|21872|crew_log_527ba12b43f44f52|0|1786384548.379|101.609|3.175|2480787456|2476785664|sim_data_341798b7487bf001|__AUTOMETRIC__
__AUTOMETRIC__|0.1.2|21872|crew_log_527ba12b43f44f52|0|1786384549.388|102.148|3.192|2424733696|2421563392|sim_data_341798b7487bf001|__AUTOMETRIC__
__AUTOMETRIC__|0.1.2|21872|crew_log_527ba12b43f44f52|0|1786384550.395|99.277|3.102|2424741888|2421571584|sim_data_341798b7487bf001|__AUTOMETRIC__
__AUTOMETRIC__|0.1.2|21872|crew_log_527ba12b43f44f52|0|1786384551.399|101.248|3.164|2421141504|2416652288|sim_data_341798b7487bf001|__AUTOMETRIC__
__AUTOMETRIC__|0.1.2|21872|crew_log_527ba12b43f44f52|0|1786384552.413|100.100|3.128|2421559296|2417070080|sim_data_341798b7487bf001|__AUTOMETRIC__
__AUTOMETRIC__|0.1.2|21872|crew_log_527ba12b43f44f52|0|1786384553.418|99.491|3.109|2422525952|2417991680|sim_data_341798b7487bf001|__AUTOMETRIC__
__AUTOMETRIC__|0.1.2|21872|crew_log_527ba12b43f44f52|0|1786384554.431|100.292|3.134|2645524480|2641035264|sim_data_341798b7487bf001|__AUTOMETRIC__
__AUTOMETRIC__|0.1.2|21872|crew_log_527ba12b43f44f52|0|1786384555.432|99.924|3.123|2490494976|2486431744|sim_data_341798b7487bf001|__AUTOMETRIC__
__AUTOMETRIC__|0.1.2|21872|crew_log_527ba12b43f44f52|0|1786384556.432|103.054|3.220|2275758080|2271793152|sim_data_341798b7487bf001|__AUTOMETRIC__
__AUTOMETRIC__|0.1.2|21872|crew_log_527ba12b43f44f52|0|1786384557.444|97.348|3.042|2276757504|2272792576|sim_data_341798b7487bf001|__AUTOMETRIC__
__AUTOMETRIC__|0.1.2|21872|crew_log_527ba12b43f44f52|0|1786384558.455|98.894|3.090|2273710080|2269302784|sim_data_341798b7487bf001|__AUTOMETRIC__
__AUTOMETRIC__|0.1.2|21872|crew_log_527ba12b43f44f52|0|1786384559.459|98.064|3.064|2273619968|2269065216|sim_data_341798b7487bf001|__AUTOMETRIC__
__AUTOMETRIC__|0.1.2|21872|crew_log_527ba12b43f44f52|0|1786384560.471|101.861|3.183|2274586624|2270187520|sim_data_341798b7487bf001|__AUTOMETRIC__
__AUTOMETRIC__|0.1.2|21872|crew_log_527ba12b43f44f52|0|1786384561.478|102.356|3.199|2414018560|2409783296|sim_data_341798b7487bf001|__AUTOMETRIC__
__AUTOMETRIC__|0.1.2|21872|crew_log_527ba12b43f44f52|0|1786384562.483|101.086|3.159|2429177856|2425786368|sim_data_341798b7487bf001|__AUTOMETRIC__
__AUTOMETRIC__|0.1.2|21872|crew_log_527ba12b43f44f52|0|1786384563.484|99.890|3.122|2424836096|2420326400|sim_data_341798b7487bf001|__AUTOMETRIC__
__AUTOMETRIC__|0.1.2|21872|crew_log_527ba12b43f44f52|0|1786384564.486|98.272|3.071|2423803904|2419245056|sim_data_341798b7487bf001|__AUTOMETRIC__
__AUTOMETRIC__|0.1.2|21872|crew_log_527ba12b43f44f52|0|1786384565.499|100.304|3.134|2424766464|2420211712|sim_data_341798b7487bf001|__AUTOMETRIC__
__AUTOMETRIC__|0.1.2|21872|crew_log_527ba12b43f44f52|0|1786384566.510|98.890|3.090|2424762368|2420207616|sim_data_341798b7487bf001|__AUTOMETRIC__
__AUTOMETRIC__|0.1.2|21872|crew_log_527ba12b43f44f52|0|1786384567.517|99.293|3.103|2425765888|2421211136|sim_data_341798b7487bf001|__AUTOMETRIC__
__AUTOMETRIC__|0.1.2|21872|crew_log_527ba12b43f44f52|0|1786384568.520|98.110|3.066|2425671680|2421116928|sim_data_341798b7487bf001|__AUTOMETRIC__
__AUTOMETRIC__|0.1.2|21872|crew_log_527ba12b43f44f52|0|1786384569.523|102.811|3.213|2425671680|2421116928|sim_data_341798b7487bf001|__AUTOMETRIC__
__AUTOMETRIC__|0.1.2|21872|crew_log_527ba12b43f44f52|0|1786384570.529|99.450|3.108|2426658816|2422104064|sim_data_341798b7487bf001|__AUTOMETRIC__
__AUTOMETRIC__|0.1.2|21872|crew_log_527ba12b43f44f52|0|1786384571.536|99.286|3.103|2426576896|2422022144|sim_data_341798b7487bf001|__AUTOMETRIC__
__AUTOMETRIC__|0.1.2|21872|crew_log_527ba12b43f44f52|0|1786384572.541|102.654|3.208|2646302720|2642030592|sim_data_341798b7487bf001|__AUTOMETRIC__
__AUTOMETRIC__|0.1.2|21872|crew_log_527ba12b43f44f52|0|1786384573.544|99.668|3.115|2727944192|2723979264|sim_data_341798b7487bf001|__AUTOMETRIC__
__AUTOMETRIC__|0.1.2|21872|crew_log_527ba12b43f44f52|0|1786384574.551|102.368|3.199|2435887104|2432786432|sim_data_341798b7487bf001|__AUTOMETRIC__
__AUTOMETRIC__|0.1.2|21872|crew_log_527ba12b43f44f52|0|1786384575.556|102.606|3.206|2433372160|2429231104|sim_data_341798b7487bf001|__AUTOMETRIC__
__AUTOMETRIC__|0.1.2|21872|crew_log_527ba12b43f44f52|0|1786384576.571|100.110|3.128|2429960192|2425556992|sim_data_341798b7487bf001|__AUTOMETRIC__
__AUTOMETRIC__|0.1.2|21872|crew_log_527ba12b43f44f52|0|1786384577.576|99.441|3.108|2430959616|2426400768|sim_data_341798b7487bf001|__AUTOMETRIC__
__AUTOMETRIC__|0.1.2|21872|crew_log_527ba12b43f44f52|0|1786384578.583|99.396|3.106|2430865408|2426462208|sim_data_341798b7487bf001|__AUTOMETRIC__
__AUTOMETRIC__|0.1.2|21872|crew_log_527ba12b43f44f52|0|1786384579.589|102.450|3.202|2502877184|2498670592|sim_data_341798b7487bf001|__AUTOMETRIC__
__AUTOMETRIC__|0.1.2|21872|crew_log_527ba12b43f44f52|0|1786384580.597|99.177|3.099|2437672960|2434297856|sim_data_341798b7487bf001|__AUTOMETRIC__
__AUTOMETRIC__|0.1.2|21872|crew_log_527ba12b43f44f52|0|1786384581.600|101.352|3.167|2434191360|2429710336|sim_data_341798b7487bf001|__AUTOMETRIC__
__AUTOMETRIC__|0.1.2|21872|crew_log_527ba12b43f44f52|0|1786384582.604|101.084|3.159|2433064960|2428506112|sim_data_341798b7487bf001|__AUTOMETRIC__
__AUTOMETRIC__|0.1.2|21872|crew_log_527ba12b43f44f52|0|1786384583.608|99.585|3.112|2434179072|2429775872|sim_data_341798b7487bf001|__AUTOMETRIC__
__AUTOMETRIC__|0.1.2|21872|crew_log_527ba12b43f44f52|0|1786384584.622|100.191|3.131|2434936832|2430377984|sim_data_341798b7487bf001|__AUTOMETRIC__
__AUTOMETRIC__|0.1.2|21872|crew_log_527ba12b43f44f52|0|1786384585.633|101.992|3.187|2503680000|2499391488|sim_data_341798b7487bf001|__AUTOMETRIC__
__AUTOMETRIC__|0.1.2|21872|crew_log_527ba12b43f44f52|0|1786384586.634|99.963|3.124|2441760768|2438553600|sim_data_341798b7487bf001|__AUTOMETRIC__
__AUTOMETRIC__|0.1.2|21872|crew_log_527ba12b43f44f52|0|1786384587.640|99.350|3.105|2437533696|2433015808|sim_data_341798b7487bf001|__AUTOMETRIC__
__AUTOMETRIC__|0.1.2|21872|crew_log_527ba12b43f44f52|0|1786384588.654|100.124|3.129|2437349376|2432786432|sim_data_341798b7487bf001|__AUTOMETRIC__
__AUTOMETRIC__|0.1.2|21872|crew_log_527ba12b43f44f52|0|1786384589.664|100.612|3.144|2438254592|2433691648|sim_data_341798b7487bf001|__AUTOMETRIC__
__AUTOMETRIC__|0.1.2|21872|crew_log_527ba12b43f44f52|0|1786384590.674|98.992|3.093|2438189056|2433626112|sim_data_341798b7487bf001|__AUTOMETRIC__
__AUTOMETRIC__|0.1.2|21872|crew_log_527ba12b43f44f52|0|1786384591.682|100.795|3.150|2439225344|2434818048|sim_data_341798b7487bf001|__AUTOMETRIC__
__AUTOMETRIC__|0.1.2|21872|crew_log_527ba12b43f44f52|0|1786384592.690|99.133|3.098|2754256896|2750078976|sim_data_341798b7487bf001|__AUTOMETRIC__
__AUTOMETRIC__|0.1.2|21872|crew_log_527ba12b43f44f52|0|1786384593.700|102.145|3.192|2537549824|2534252544|sim_data_341798b7487bf001|__AUTOMETRIC__
__AUTOMETRIC__|0.1.2|21872|crew_log_527ba12b43f44f52|0|1786384594.716|101.539|3.173|2470199296|2466807808|sim_data_341798b7487bf001|__AUTOMETRIC__
__AUTOMETRIC__|0.1.2|21872|crew_log_527ba12b43f44f52|0|1786384595.723|99.315|3.104|2466521088|2462572544|sim_data_341798b7487bf001|__AUTOMETRIC__
__AUTOMETRIC__|0.1.2|21872|crew_log_527ba12b43f44f52|0|1786384596.724|101.392|3.168|2443972608|2439475200|sim_data_341798b7487bf001|__AUTOMETRIC__
__AUTOMETRIC__|0.1.2|21872|crew_log_527ba12b43f44f52|0|1786384597.739|101.665|3.177|2463846400|2459643904|sim_data_341798b7487bf001|__AUTOMETRIC__
__AUTOMETRIC__|0.1.2|21872|crew_log_527ba12b43f44f52|0|1786384598.742|101.181|3.162|2440155136|2436313088|sim_data_341798b7487bf001|__AUTOMETRIC__
__AUTOMETRIC__|0.1.2|21872|crew_log_527ba12b43f44f52|0|1786384599.746|98.091|3.065|2451054592|2447917056|sim_data_341798b7487bf001|__AUTOMETRIC__
__AUTOMETRIC__|0.1.2|21872|crew_log_527ba12b43f44f52|0|1786384600.752|99.437|3.107|2452008960|2448871424|sim_data_341798b7487bf001|__AUTOMETRIC__
__AUTOMETRIC__|0.1.2|21872|crew_log_527ba12b43f44f52|0|1786384601.756|101.136|3.161|2445930496|2441572352|sim_data_341798b7487bf001|__AUTOMETRIC__
__AUTOMETRIC__|0.1.2|21872|crew_log_527ba12b43f44f52|0|1786384602.768|98.787|3.087|2446835712|2442338304|sim_data_341798b7487bf001|__AUTOMETRIC__
__AUTOMETRIC__|0.1.2|21872|crew_log_527ba12b43f44f52|0|1786384603.770|99.858|3.121|2447855616|2443358208|sim_data_341798b7487bf001|__AUTOMETRIC__
__AUTOMETRIC__|0.1.2|21872|crew_log_527ba12b43f44f52|0|1786384604.772|99.745|3.117|2630201344|2625703936|sim_data_341798b7487bf001|__AUTOMETRIC__
__AUTOMETRIC__|0.1.2|21872|crew_log_527ba12b43f44f52|0|1786384605.780|100.777|3.149|2544361472|2540249088|sim_data_341798b7487bf001|__AUTOMETRIC__
__AUTOMETRIC__|0.1.2|21872|crew_log_527ba12b43f44f52|0|1786384606.781|99.872|3.121|2457255936|2454077440|sim_data_341798b7487bf001|__AUTOMETRIC__
__AUTOMETRIC__|0.1.2|21872|crew_log_527ba12b43f44f52|0|1786384607.795|97.070|3.033|2458267648|2455089152|sim_data_341798b7487bf001|__AUTOMETRIC__
__AUTOMETRIC__|0.1.2|21872|crew_log_527ba12b43f44f52|0|1786384608.798|99.753|3.117|2453278720|2448777216|sim_data_341798b7487bf001|__AUTOMETRIC__
__AUTOMETRIC__|0.1.2|21872|crew_log_527ba12b43f44f52|0|1786384609.808|100.551|3.142|2454224896|2449723392|sim_data_341798b7487bf001|__AUTOMETRIC__
__AUTOMETRIC__|0.1.2|21872|crew_log_527ba12b43f44f52|0|1786384610.808|99.958|3.124|2455261184|2450759680|sim_data_341798b7487bf001|__AUTOMETRIC__
__AUTOMETRIC__|0.1.2|21872|crew_log_527ba12b43f44f52|0|1786384611.822|100.133|3.129|2455150592|2450649088|sim_data_341798b7487bf001|__AUTOMETRIC__
__AUTOMETRIC__|0.1.2|21872|crew_log_527ba12b43f44f52|0|1786384612.828|101.011|3.157|2556567552|2552430592|sim_data_341798b7487bf001|__AUTOMETRIC__
__AUTOMETRIC__|0.1.2|21872|crew_log_527ba12b43f44f52|0|1786384613.843|101.603|3.175|2466656256|2463305728|sim_data_341798b7487bf001|__AUTOMETRIC__
__AUTOMETRIC__|0.1.2|21872|crew_log_527ba12b43f44f52|0|1786384614.845|99.791|3.118|2462679040|2458374144|sim_data_341798b7487bf001|__AUTOMETRIC__
__AUTOMETRIC__|0.1.2|21872|crew_log_527ba12b43f44f52|0|1786384615.847|99.844|3.120|2463313920|2458955776|sim_data_341798b7487bf001|__AUTOMETRIC__
__AUTOMETRIC__|0.1.2|21872|crew_log_527ba12b43f44f52|0|1786384616.848|99.822|3.119|2462425088|2458066944|sim_data_341798b7487bf001|__AUTOMETRIC__
__AUTOMETRIC__|0.1.2|21872|crew_log_527ba12b43f44f52|0|1786384617.856|100.767|3.149|2564714496|2560356352|sim_data_341798b7487bf001|__AUTOMETRIC__
__AUTOMETRIC__|0.1.2|21872|crew_log_527ba12b43f44f52|0|1786384618.856|101.539|3.173|2553364480|2549301248|sim_data_341798b7487bf001|__AUTOMETRIC__
__AUTOMETRIC__|0.1.2|21872|crew_log_527ba12b43f44f52|0|1786384619.872|100.021|3.126|2534449152|2531086336|sim_data_341798b7487bf001|__AUTOMETRIC__
__AUTOMETRIC__|0.1.2|21872|crew_log_527ba12b43f44f52|0|1786384620.885|100.295|3.134|2535292928|2531930112|sim_data_341798b7487bf001|__AUTOMETRIC__
__AUTOMETRIC__|0.1.2|21872|crew_log_527ba12b43f44f52|0|1786384621.887|99.746|3.117|2468646912|2464284672|sim_data_341798b7487bf001|__AUTOMETRIC__
__AUTOMETRIC__|0.1.2|21872|crew_log_527ba12b43f44f52|0|1786384622.899|100.345|3.136|2469474304|2465112064|sim_data_341798b7487bf001|__AUTOMETRIC__
__AUTOMETRIC__|0.1.2|21872|crew_log_527ba12b43f44f52|0|1786384623.916|99.907|3.122|2595643392|2591281152|sim_data_341798b7487bf001|__AUTOMETRIC__
__AUTOMETRIC__|0.1.2|21872|crew_log_527ba12b43f44f52|0|1786384624.931|101.560|3.174|2575396864|2571431936|sim_data_341798b7487bf001|__AUTOMETRIC__
__AUTOMETRIC__|0.1.2|21872|crew_log_527ba12b43f44f52|0|1786384625.946|100.032|3.126|2548662272|2545537024|sim_data_341798b7487bf001|__AUTOMETRIC__
__AUTOMETRIC__|0.1.2|21872|crew_log_527ba12b43f44f52|0|1786384626.961|98.542|3.079|2476412928|2471931904|sim_data_341798b7487bf001|__AUTOMETRIC__
__AUTOMETRIC__|0.1.2|21872|crew_log_527ba12b43f44f52|0|1786384627.968|99.284|3.103|2476089344|2471579648|sim_data_341798b7487bf001|__AUTOMETRIC__
__AUTOMETRIC__|0.1.2|21872|crew_log_527ba12b43f44f52|0|1786384628.971|99.711|3.116|2474639360|2470129664|sim_data_341798b7487bf001|__AUTOMETRIC__
__AUTOMETRIC__|0.1.2|21872|crew_log_527ba12b43f44f52|0|1786384629.975|101.164|3.161|2475548672|2471038976|sim_data_341798b7487bf001|__AUTOMETRIC__
__AUTOMETRIC__|0.1.2|21872|crew_log_527ba12b43f44f52|0|1786384630.981|99.402|3.106|2475548672|2471038976|sim_data_341798b7487bf001|__AUTOMETRIC__
__AUTOMETRIC__|0.1.2|21872|crew_log_527ba12b43f44f52|0|1786384631.988|99.362|3.105|2476544000|2472034304|sim_data_341798b7487bf001|__AUTOMETRIC__
__AUTOMETRIC__|0.1.2|21872|crew_log_527ba12b43f44f52|0|1786384633.003|101.587|3.175|2476494848|2471985152|sim_data_341798b7487bf001|__AUTOMETRIC__
__AUTOMETRIC__|0.1.2|21872|crew_log_527ba12b43f44f52|0|1786384634.007|102.715|3.210|2476449792|2471936000|sim_data_341798b7487bf001|__AUTOMETRIC__
__AUTOMETRIC__|0.1.2|21872|crew_log_527ba12b43f44f52|0|1786384635.022|100.041|3.126|2558922752|2554425344|sim_data_341798b7487bf001|__AUTOMETRIC__
__AUTOMETRIC__|0.1.2|21872|crew_log_527ba12b43f44f52|0|1786384636.026|99.599|3.112|2593054720|2588798976|sim_data_341798b7487bf001|__AUTOMETRIC__
__AUTOMETRIC__|0.1.2|21872|crew_log_527ba12b43f44f52|0|1786384637.032|100.965|3.155|2477064192|2473791488|sim_data_341798b7487bf001|__AUTOMETRIC__
__AUTOMETRIC__|0.1.2|21872|crew_log_527ba12b43f44f52|0|1786384638.047|100.066|3.127|2477928448|2474655744|sim_data_341798b7487bf001|__AUTOMETRIC__
__AUTOMETRIC__|0.1.2|21872|crew_log_527ba12b43f44f52|0|1786384639.054|100.848|3.151|2467811328|2463293440|sim_data_341798b7487bf001|__AUTOMETRIC__
__AUTOMETRIC__|0.1.2|21872|crew_log_527ba12b43f44f52|0|1786384640.060|99.395|3.106|2468818944|2464301056|sim_data_341798b7487bf001|__AUTOMETRIC__
__AUTOMETRIC__|0.1.2|21872|crew_log_527ba12b43f44f52|0|1786384641.062|99.796|3.119|2469736448|2465218560|sim_data_341798b7487bf001|__AUTOMETRIC__
__AUTOMETRIC__|0.1.2|21872|crew_log_527ba12b43f44f52|0|1786384642.065|98.134|3.067|2469642240|2465124352|sim_data_341798b7487bf001|__AUTOMETRIC__
__AUTOMETRIC__|0.1.2|21872|crew_log_527ba12b43f44f52|0|1786384643.070|97.997|3.062|2690977792|2686722048|sim_data_341798b7487bf001|__AUTOMETRIC__
__AUTOMETRIC__|0.1.2|21872|crew_log_527ba12b43f44f52|0|1786384644.089|99.642|3.114|2587205632|2584010752|sim_data_341798b7487bf001|__AUTOMETRIC__
__AUTOMETRIC__|0.1.2|21872|crew_log_527ba12b43f44f52|0|1786384645.104|101.559|3.174|2478325760|2474553344|sim_data_341798b7487bf001|__AUTOMETRIC__
__AUTOMETRIC__|0.1.2|21872|crew_log_527ba12b43f44f52|0|1786384646.108|98.065|3.065|2475089920|2470567936|sim_data_341798b7487bf001|__AUTOMETRIC__
__AUTOMETRIC__|0.1.2|21872|crew_log_527ba12b43f44f52|0|1786384647.113|99.536|3.110|2476060672|2471538688|sim_data_341798b7487bf001|__AUTOMETRIC__
__AUTOMETRIC__|0.1.2|21872|crew_log_527ba12b43f44f52|0|1786384648.125|98.780|3.087|2475937792|2471415808|sim_data_341798b7487bf001|__AUTOMETRIC__
__AUTOMETRIC__|0.1.2|21872|crew_log_527ba12b43f44f52|0|1786384649.139|100.156|3.130|2476924928|2472402944|sim_data_341798b7487bf001|__AUTOMETRIC__
__AUTOMETRIC__|0.1.2|21872|crew_log_527ba12b43f44f52|0|1786384650.146|99.316|3.104|2476912640|2472390656|sim_data_341798b7487bf001|__AUTOMETRIC__
__AUTOMETRIC__|0.1.2|21872|crew_log_527ba12b43f44f52|0|1786384651.152|102.573|3.205|2584023040|2579865600|sim_data_341798b7487bf001|__AUTOMETRIC__
__AUTOMETRIC__|0.1.2|21872|crew_log_527ba12b43f44f52|0|1786384652.155|99.708|3.116|2596773888|2593546240|sim_data_341798b7487bf001|__AUTOMETRIC__
__AUTOMETRIC__|0.1.2|21872|crew_log_527ba12b43f44f52|0|1786384653.160|100.963|3.155|2509553664|2506289152|sim_data_341798b7487bf001|__AUTOMETRIC__
__AUTOMETRIC__|0.1.2|21872|crew_log_527ba12b43f44f52|0|1786384654.167|100.899|3.153|2483064832|2478538752|sim_data_341798b7487bf001|__AUTOMETRIC__
__AUTOMETRIC__|0.1.2|21872|crew_log_527ba12b43f44f52|0|1786384655.176|99.138|3.098|2484072448|2479546368|sim_data_341798b7487bf001|__AUTOMETRIC__
__AUTOMETRIC__|0.1.2|21872|crew_log_527ba12b43f44f52|0|1786384656.181|101.046|3.158|2565308416|2560839680|sim_data_341798b7487bf001|__AUTOMETRIC__
__AUTOMETRIC__|0.1.2|21872|crew_log_527ba12b43f44f52|0|1786384657.192|98.940|3.092|2569428992|2565455872|sim_data_341798b7487bf001|__AUTOMETRIC__
__AUTOMETRIC__|0.1.2|21872|crew_log_527ba12b43f44f52|0|1786384658.199|102.327|3.198|2497044480|2493964288|sim_data_341798b7487bf001|__AUTOMETRIC__
__AUTOMETRIC__|0.1.2|21872|crew_log_527ba12b43f44f52|0|1786384659.205|99.457|3.108|2494894080|2490912768|sim_data_341798b7487bf001|__AUTOMETRIC__
__AUTOMETRIC__|0.1.2|21872|crew_log_527ba12b43f44f52|0|1786384660.210|101.003|3.156|2491809792|2487300096|sim_data_341798b7487bf001|__AUTOMETRIC__
__AUTOMETRIC__|0.1.2|21872|crew_log_527ba12b43f44f52|0|1786384661.216|99.432|3.107|2491637760|2487111680|sim_data_341798b7487bf001|__AUTOMETRIC__
__AUTOMETRIC__|0.1.2|21872|crew_log_527ba12b43f44f52|0|1786384662.216|99.982|3.124|2691829760|2687582208|sim_data_341798b7487bf001|__AUTOMETRIC__
__AUTOMETRIC__|0.1.2|21872|crew_log_527ba12b43f44f52|0|1786384663.226|102.087|3.190|2631323648|2627977216|sim_data_341798b7487bf001|__AUTOMETRIC__
__AUTOMETRIC__|0.1.2|21872|crew_log_527ba12b43f44f52|0|1786384664.241|100.149|3.130|2502463488|2498478080|sim_data_341798b7487bf001|__AUTOMETRIC__
__AUTOMETRIC__|0.1.2|21872|crew_log_527ba12b43f44f52|0|1786384665.247|100.957|3.155|2496999424|2492473344|sim_data_341798b7487bf001|__AUTOMETRIC__
__AUTOMETRIC__|0.1.2|21872|crew_log_527ba12b43f44f52|0|1786384666.258|100.377|3.137|2496937984|2492407808|sim_data_341798b7487bf001|__AUTOMETRIC__
__AUTOMETRIC__|0.1.2|21872|crew_log_527ba12b43f44f52|0|1786384667.273|100.071|3.127|2497867776|2493337600|sim_data_341798b7487bf001|__AUTOMETRIC__
__AUTOMETRIC__|0.1.2|21872|crew_log_527ba12b43f44f52|0|1786384668.277|98.079|3.065|2498813952|2494283776|sim_data_341798b7487bf001|__AUTOMETRIC__
__AUTOMETRIC__|0.1.2|21872|crew_log_527ba12b43f44f52|0|1786384669.287|100.530|3.142|2498777088|2494246912|sim_data_341798b7487bf001|__AUTOMETRIC__
__AUTOMETRIC__|0.1.2|21872|crew_log_527ba12b43f44f52|0|1786384670.301|100.185|3.131|2498748416|2494218240|sim_data_341798b7487bf001|__AUTOMETRIC__
__AUTOMETRIC__|0.1.2|21872|crew_log_527ba12b43f44f52|0|1786384671.311|100.506|3.141|2690543616|2686406656|sim_data_341798b7487bf001|__AUTOMETRIC__
__AUTOMETRIC__|0.1.2|21872|crew_log_527ba12b43f44f52|0|1786384672.320|100.723|3.148|2636828672|2633601024|sim_data_341798b7487bf001|__AUTOMETRIC__
__AUTOMETRIC__|0.1.2|21872|crew_log_527ba12b43f44f52|0|1786384673.333|100.250|3.133|2509209600|2505748480|sim_data_341798b7487bf001|__AUTOMETRIC__
__AUTOMETRIC__|0.1.2|21872|crew_log_527ba12b43f44f52|0|1786384674.336|101.254|3.164|2505388032|2501103616|sim_data_341798b7487bf001|__AUTOMETRIC__
__AUTOMETRIC__|0.1.2|21872|crew_log_527ba12b43f44f52|0|1786384675.347|98.931|3.092|2505170944|2500640768|sim_data_341798b7487bf001|__AUTOMETRIC__
__AUTOMETRIC__|0.1.2|21872|crew_log_527ba12b43f44f52|0|1786384676.349|98.179|3.068|2506104832|2501574656|sim_data_341798b7487bf001|__AUTOMETRIC__
__AUTOMETRIC__|0.1.2|21872|crew_log_527ba12b43f44f52|0|1786384677.357|99.265|3.102|2650619904|2646089728|sim_data_341798b7487bf001|__AUTOMETRIC__
__AUTOMETRIC__|0.1.2|21872|crew_log_527ba12b43f44f52|0|1786384678.367|102.114|3.191|2512580608|2508300288|sim_data_341798b7487bf001|__AUTOMETRIC__
__AUTOMETRIC__|0.1.2|21872|crew_log_527ba12b43f44f52|0|1786384679.377|99.024|3.094|2516008960|2512465920|sim_data_341798b7487bf001|__AUTOMETRIC__
__AUTOMETRIC__|0.1.2|21872|crew_log_527ba12b43f44f52|0|1786384680.389|100.276|3.134|2516975616|2513432576|sim_data_341798b7487bf001|__AUTOMETRIC__
__AUTOMETRIC__|0.1.2|21872|crew_log_527ba12b43f44f52|0|1786384681.390|98.375|3.074|2512355328|2507825152|sim_data_341798b7487bf001|__AUTOMETRIC__
__AUTOMETRIC__|0.1.2|21872|crew_log_527ba12b43f44f52|0|1786384682.400|100.592|3.144|2513395712|2508865536|sim_data_341798b7487bf001|__AUTOMETRIC__
__AUTOMETRIC__|0.1.2|21872|crew_log_527ba12b43f44f52|0|1786384683.406|99.357|3.105|2673037312|2668879872|sim_data_341798b7487bf001|__AUTOMETRIC__
__AUTOMETRIC__|0.1.2|21872|crew_log_527ba12b43f44f52|0|1786384684.422|99.983|3.124|2669469696|2665799680|sim_data_341798b7487bf001|__AUTOMETRIC__
__AUTOMETRIC__|0.1.2|21872|crew_log_527ba12b43f44f52|0|1786384685.430|102.263|3.196|2521939968|2518503424|sim_data_341798b7487bf001|__AUTOMETRIC__
__AUTOMETRIC__|0.1.2|21872|crew_log_527ba12b43f44f52|0|1786384686.442|98.806|3.088|2516029440|2511589376|sim_data_341798b7487bf001|__AUTOMETRIC__
__AUTOMETRIC__|0.1.2|21872|crew_log_527ba12b43f44f52|0|1786384687.449|100.906|3.153|2515623936|2511040512|sim_data_341798b7487bf001|__AUTOMETRIC__
__AUTOMETRIC__|0.1.2|21872|crew_log_527ba12b43f44f52|0|1786384688.461|100.373|3.137|2516606976|2512023552|sim_data_341798b7487bf001|__AUTOMETRIC__
__AUTOMETRIC__|0.1.2|21872|crew_log_527ba12b43f44f52|0|1786384689.475|98.558|3.080|2516545536|2511962112|sim_data_341798b7487bf001|__AUTOMETRIC__
__AUTOMETRIC__|0.1.2|21872|crew_log_527ba12b43f44f52|0|1786384690.490|101.604|3.175|2517417984|2512834560|sim_data_341798b7487bf001|__AUTOMETRIC__
__AUTOMETRIC__|0.1.2|21872|crew_log_527ba12b43f44f52|0|1786384691.507|99.938|3.123|2665312256|2661007360|sim_data_341798b7487bf001|__AUTOMETRIC__
__AUTOMETRIC__|0.1.2|21872|crew_log_527ba12b43f44f52|0|1786384692.521|101.684|3.178|2501980160|2497839104|sim_data_341798b7487bf001|__AUTOMETRIC__
__AUTOMETRIC__|0.1.2|21872|crew_log_527ba12b43f44f52|0|1786384693.527|102.479|3.202|2494423040|2490572800|sim_data_341798b7487bf001|__AUTOMETRIC__
__AUTOMETRIC__|0.1.2|21872|crew_log_527ba12b43f44f52|0|1786384694.528|99.942|3.123|2492461056|2487992320|sim_data_341798b7487bf001|__AUTOMETRIC__
__AUTOMETRIC__|0.1.2|21872|crew_log_527ba12b43f44f52|0|1786384695.532|99.523|3.110|2493509632|2489040896|sim_data_341798b7487bf001|__AUTOMETRIC__
__AUTOMETRIC__|0.1.2|21872|crew_log_527ba12b43f44f52|0|1786384696.536|99.670|3.115|2494300160|2489831424|sim_data_341798b7487bf001|__AUTOMETRIC__
__AUTOMETRIC__|0.1.2|21872|crew_log_527ba12b43f44f52|0|1786384697.539|102.842|3.214|2527518720|2523385856|sim_data_341798b7487bf001|__AUTOMETRIC__
__AUTOMETRIC__|0.1.2|21872|crew_log_527ba12b43f44f52|0|1786384698.552|98.676|3.084|2581770240|2577567744|sim_data_341798b7487bf001|__AUTOMETRIC__
__AUTOMETRIC__|0.1.2|21872|crew_log_527ba12b43f44f52|0|1786384699.564|103.405|3.231|2515963904|2512699392|sim_data_341798b7487bf001|__AUTOMETRIC__
__AUTOMETRIC__|0.1.2|21872|crew_log_527ba12b43f44f52|0|1786384700.568|102.739|3.211|2510585856|2506145792|sim_data_341798b7487bf001|__AUTOMETRIC__
__AUTOMETRIC__|0.1.2|21872|crew_log_527ba12b43f44f52|0|1786384701.579|100.466|3.140|2508685312|2504216576|sim_data_341798b7487bf001|__AUTOMETRIC__
__AUTOMETRIC__|0.1.2|21872|crew_log_527ba12b43f44f52|0|1786384702.585|101.002|3.156|2508578816|2504110080|sim_data_341798b7487bf001|__AUTOMETRIC__
__AUTOMETRIC__|0.1.2|21872|crew_log_527ba12b43f44f52|0|1786384703.596|100.405|3.138|2509537280|2505068544|sim_data_341798b7487bf001|__AUTOMETRIC__
__AUTOMETRIC__|0.1.2|21872|crew_log_527ba12b43f44f52|0|1786384704.606|100.553|3.142|2510393344|2505924608|sim_data_341798b7487bf001|__AUTOMETRIC__
__AUTOMETRIC__|0.1.2|21872|crew_log_527ba12b43f44f52|0|1786384705.610|98.072|3.065|2510397440|2505928704|sim_data_341798b7487bf001|__AUTOMETRIC__
__AUTOMETRIC__|0.1.2|21872|crew_log_527ba12b43f44f52|0|1786384706.625|100.077|3.127|2727403520|2723577856|sim_data_341798b7487bf001|__AUTOMETRIC__
__AUTOMETRIC__|0.1.2|21872|crew_log_527ba12b43f44f52|0|1786384707.626|101.396|3.169|2571448320|2568536064|sim_data_341798b7487bf001|__AUTOMETRIC__
__AUTOMETRIC__|0.1.2|21872|crew_log_527ba12b43f44f52|0|1786384708.627|101.513|3.172|2517803008|2513809408|sim_data_341798b7487bf001|__AUTOMETRIC__
__AUTOMETRIC__|0.1.2|21872|crew_log_527ba12b43f44f52|0|1786384709.640|100.219|3.132|2515083264|2510614528|sim_data_341798b7487bf001|__AUTOMETRIC__
__AUTOMETRIC__|0.1.2|21872|crew_log_527ba12b43f44f52|0|1786384710.652|100.346|3.136|2516099072|2511626240|sim_data_341798b7487bf001|__AUTOMETRIC__
__AUTOMETRIC__|0.1.2|21872|crew_log_527ba12b43f44f52|0|1786384711.658|97.841|3.058|2684026880|2679918592|sim_data_341798b7487bf001|__AUTOMETRIC__
__AUTOMETRIC__|0.1.2|21872|crew_log_527ba12b43f44f52|0|1786384712.662|99.694|3.115|2678013952|2674204672|sim_data_341798b7487bf001|__AUTOMETRIC__
__AUTOMETRIC__|0.1.2|21872|crew_log_527ba12b43f44f52|0|1786384713.674|100.279|3.134|2521403392|2518122496|sim_data_341798b7487bf001|__AUTOMETRIC__
__AUTOMETRIC__|0.1.2|21872|crew_log_527ba12b43f44f52|0|1786384714.680|101.027|3.157|2515771392|2511347712|sim_data_341798b7487bf001|__AUTOMETRIC__
__AUTOMETRIC__|0.1.2|21872|crew_log_527ba12b43f44f52|0|1786384715.682|99.725|3.116|2515378176|2510954496|sim_data_341798b7487bf001|__AUTOMETRIC__
__AUTOMETRIC__|0.1.2|21872|crew_log_527ba12b43f44f52|0|1786384716.697|100.052|3.127|2515357696|2510934016|sim_data_341798b7487bf001|__AUTOMETRIC__
__AUTOMETRIC__|0.1.2|21872|crew_log_527ba12b43f44f52|0|1786384717.712|100.082|3.128|2515361792|2510938112|sim_data_341798b7487bf001|__AUTOMETRIC__
__AUTOMETRIC__|0.1.2|21872|crew_log_527ba12b43f44f52|0|1786384718.713|99.896|3.122|2515369984|2510946304|sim_data_341798b7487bf001|__AUTOMETRIC__
__AUTOMETRIC__|0.1.2|21872|crew_log_527ba12b43f44f52|0|1786384719.716|99.736|3.117|2515386368|2510962688|sim_data_341798b7487bf001|__AUTOMETRIC__
__AUTOMETRIC__|0.1.2|21872|crew_log_527ba12b43f44f52|0|1786384720.726|100.508|3.141|2516238336|2511814656|sim_data_341798b7487bf001|__AUTOMETRIC__
__AUTOMETRIC__|0.1.2|21872|crew_log_527ba12b43f44f52|0|1786384721.735|99.169|3.099|2516238336|2511814656|sim_data_341798b7487bf001|__AUTOMETRIC__
__AUTOMETRIC__|0.1.2|21872|crew_log_527ba12b43f44f52|0|1786384722.738|99.655|3.114|2516283392|2511863808|sim_data_341798b7487bf001|__AUTOMETRIC__
__AUTOMETRIC__|0.1.2|21872|crew_log_527ba12b43f44f52|0|1786384723.740|99.871|3.121|2517192704|2512769024|sim_data_341798b7487bf001|__AUTOMETRIC__
__AUTOMETRIC__|0.1.2|21872|crew_log_527ba12b43f44f52|0|1786384724.743|102.783|3.212|2517196800|2512773120|sim_data_341798b7487bf001|__AUTOMETRIC__
__AUTOMETRIC__|0.1.2|21872|crew_log_527ba12b43f44f52|0|1786384725.751|99.231|3.101|2517217280|2512793600|sim_data_341798b7487bf001|__AUTOMETRIC__
__AUTOMETRIC__|0.1.2|21872|crew_log_527ba12b43f44f52|0|1786384726.752|99.887|3.121|2517213184|2512789504|sim_data_341798b7487bf001|__AUTOMETRIC__
__AUTOMETRIC__|0.1.2|21872|crew_log_527ba12b43f44f52|0|1786384727.767|101.591|3.175|2517192704|2512769024|sim_data_341798b7487bf001|__AUTOMETRIC__
__AUTOMETRIC__|0.1.2|21872|crew_log_527ba12b43f44f52|0|1786384728.773|100.980|3.156|2517213184|2512789504|sim_data_341798b7487bf001|__AUTOMETRIC__
__AUTOMETRIC__|0.1.2|21872|crew_log_527ba12b43f44f52|0|1786384729.782|99.122|3.098|2517196800|2512773120|sim_data_341798b7487bf001|__AUTOMETRIC__
__AUTOMETRIC__|0.1.2|21872|crew_log_527ba12b43f44f52|0|1786384730.794|100.282|3.134|2517209088|2512785408|sim_data_341798b7487bf001|__AUTOMETRIC__
__AUTOMETRIC__|0.1.2|21872|crew_log_527ba12b43f44f52|0|1786384731.797|99.751|3.117|2517196800|2512773120|sim_data_341798b7487bf001|__AUTOMETRIC__
__AUTOMETRIC__|0.1.2|21872|crew_log_527ba12b43f44f52|0|1786384732.802|99.492|3.109|2518212608|2513788928|sim_data_341798b7487bf001|__AUTOMETRIC__
__AUTOMETRIC__|0.1.2|21872|crew_log_527ba12b43f44f52|0|1786384733.806|102.731|3.210|2518097920|2513674240|sim_data_341798b7487bf001|__AUTOMETRIC__
__AUTOMETRIC__|0.1.2|21872|crew_log_527ba12b43f44f52|0|1786384734.811|99.523|3.110|2518106112|2513682432|sim_data_341798b7487bf001|__AUTOMETRIC__
__AUTOMETRIC__|0.1.2|21872|crew_log_527ba12b43f44f52|0|1786384735.813|99.799|3.119|2518081536|2513657856|sim_data_341798b7487bf001|__AUTOMETRIC__
__AUTOMETRIC__|0.1.2|21872|crew_log_527ba12b43f44f52|0|1786384736.814|99.854|3.120|2518073344|2513649664|sim_data_341798b7487bf001|__AUTOMETRIC__
__AUTOMETRIC__|0.1.2|21872|crew_log_527ba12b43f44f52|0|1786384737.814|99.952|3.124|2518077440|2513653760|sim_data_341798b7487bf001|__AUTOMETRIC__
__AUTOMETRIC__|0.1.2|21872|crew_log_527ba12b43f44f52|0|1786384738.826|100.412|3.138|2518093824|2513670144|sim_data_341798b7487bf001|__AUTOMETRIC__
__AUTOMETRIC__|0.1.2|21872|crew_log_527ba12b43f44f52|0|1786384739.827|99.891|3.122|2518089728|2513666048|sim_data_341798b7487bf001|__AUTOMETRIC__
__AUTOMETRIC__|0.1.2|21872|crew_log_527ba12b43f44f52|0|1786384740.842|100.073|3.127|2518081536|2513657856|sim_data_341798b7487bf001|__AUTOMETRIC__
__AUTOMETRIC__|0.1.2|21872|crew_log_527ba12b43f44f52|0|1786384741.858|99.985|3.125|2518073344|2513649664|sim_data_341798b7487bf001|__AUTOMETRIC__
__AUTOMETRIC__|0.1.2|21872|crew_log_527ba12b43f44f52|0|1786384742.872|100.165|3.130|2518085632|2513661952|sim_data_341798b7487bf001|__AUTOMETRIC__
__AUTOMETRIC__|0.1.2|21872|crew_log_527ba12b43f44f52|0|1786384743.887|100.053|3.127|2518093824|2513670144|sim_data_341798b7487bf001|__AUTOMETRIC__
__AUTOMETRIC__|0.1.2|21872|crew_log_527ba12b43f44f52|0|1786384744.891|99.569|3.112|2687193088|2683174912|sim_data_341798b7487bf001|__AUTOMETRIC__
__AUTOMETRIC__|0.1.2|21872|crew_log_527ba12b43f44f52|0|1786384745.891|101.559|3.174|2657673216|2654031872|sim_data_341798b7487bf001|__AUTOMETRIC__
__AUTOMETRIC__|0.1.2|21872|crew_log_527ba12b43f44f52|0|1786384746.904|101.770|3.180|2540744704|2537500672|sim_data_341798b7487bf001|__AUTOMETRIC__
__AUTOMETRIC__|0.1.2|21872|crew_log_527ba12b43f44f52|0|1786384747.907|99.770|3.118|2535694336|2531307520|sim_data_341798b7487bf001|__AUTOMETRIC__
__AUTOMETRIC__|0.1.2|21872|crew_log_527ba12b43f44f52|0|1786384748.915|100.726|3.148|2535452672|2531037184|sim_data_341798b7487bf001|__AUTOMETRIC__
__AUTOMETRIC__|0.1.2|21872|crew_log_527ba12b43f44f52|0|1786384749.924|99.149|3.098|2535337984|2530922496|sim_data_341798b7487bf001|__AUTOMETRIC__
__AUTOMETRIC__|0.1.2|21872|crew_log_527ba12b43f44f52|0|1786384750.937|100.221|3.132|2536251392|2531835904|sim_data_341798b7487bf001|__AUTOMETRIC__
__AUTOMETRIC__|0.1.2|21872|crew_log_527ba12b43f44f52|0|1786384751.937|99.996|3.125|2536247296|2531831808|sim_data_341798b7487bf001|__AUTOMETRIC__
__AUTOMETRIC__|0.1.2|21872|crew_log_527ba12b43f44f52|0|1786384752.944|100.878|3.152|2537201664|2532786176|sim_data_341798b7487bf001|__AUTOMETRIC__
__AUTOMETRIC__|0.1.2|21872|crew_log_527ba12b43f44f52|0|1786384753.960|99.994|3.125|2537127936|2532712448|sim_data_341798b7487bf001|__AUTOMETRIC__
__AUTOMETRIC__|0.1.2|21872|crew_log_527ba12b43f44f52|0|1786384754.964|98.011|3.063|2730467328|2726326272|sim_data_341798b7487bf001|__AUTOMETRIC__
__AUTOMETRIC__|0.1.2|21872|crew_log_527ba12b43f44f52|0|1786384755.979|101.629|3.176|2535116800|2530889728|sim_data_341798b7487bf001|__AUTOMETRIC__
__AUTOMETRIC__|0.1.2|21872|crew_log_527ba12b43f44f52|0|1786384756.982|101.262|3.164|2519531520|2515865600|sim_data_341798b7487bf001|__AUTOMETRIC__
__AUTOMETRIC__|0.1.2|21872|crew_log_527ba12b43f44f52|0|1786384757.985|98.119|3.066|2516283392|2511986688|sim_data_341798b7487bf001|__AUTOMETRIC__
__AUTOMETRIC__|0.1.2|21872|crew_log_527ba12b43f44f52|0|1786384758.998|100.226|3.132|2516340736|2512044032|sim_data_341798b7487bf001|__AUTOMETRIC__
__AUTOMETRIC__|0.1.2|21872|crew_log_527ba12b43f44f52|0|1786384760.013|100.075|3.127|2517131264|2512723968|sim_data_341798b7487bf001|__AUTOMETRIC__
__AUTOMETRIC__|0.1.2|21872|crew_log_527ba12b43f44f52|0|1786384761.013|100.008|3.125|2518130688|2513723392|sim_data_341798b7487bf001|__AUTOMETRIC__
__AUTOMETRIC__|0.1.2|21872|crew_log_527ba12b43f44f52|0|1786384762.029|100.001|3.125|2518032384|2513625088|sim_data_341798b7487bf001|__AUTOMETRIC__
__AUTOMETRIC__|0.1.2|21872|crew_log_527ba12b43f44f52|0|1786384763.044|100.031|3.126|2707869696|2703908864|sim_data_341798b7487bf001|__AUTOMETRIC__
__AUTOMETRIC__|0.1.2|21872|crew_log_527ba12b43f44f52|0|1786384764.050|102.494|3.203|2535407616|2532306944|sim_data_341798b7487bf001|__AUTOMETRIC__
__AUTOMETRIC__|0.1.2|21872|crew_log_527ba12b43f44f52|0|1786384765.056|100.969|3.155|2521718784|2518585344|sim_data_341798b7487bf001|__AUTOMETRIC__
__AUTOMETRIC__|0.1.2|21872|crew_log_527ba12b43f44f52|0|1786384766.062|99.397|3.106|2517983232|2513571840|sim_data_341798b7487bf001|__AUTOMETRIC__
__AUTOMETRIC__|0.1.2|21872|crew_log_527ba12b43f44f52|0|1786384767.077|100.078|3.127|2517590016|2513178624|sim_data_341798b7487bf001|__AUTOMETRIC__
__AUTOMETRIC__|0.1.2|21872|crew_log_527ba12b43f44f52|0|1786384768.086|97.528|3.048|2518372352|2513960960|sim_data_341798b7487bf001|__AUTOMETRIC__
__AUTOMETRIC__|0.1.2|21872|crew_log_527ba12b43f44f52|0|1786384769.092|99.374|3.105|2714550272|2710528000|sim_data_341798b7487bf001|__AUTOMETRIC__
__AUTOMETRIC__|0.1.2|21872|crew_log_527ba12b43f44f52|0|1786384770.099|97.771|3.055|2664525824|2660110336|sim_data_341798b7487bf001|__AUTOMETRIC__
__AUTOMETRIC__|0.1.2|21872|crew_log_527ba12b43f44f52|0|1786384771.101|102.948|3.217|2524184576|2520899584|sim_data_341798b7487bf001|__AUTOMETRIC__
__AUTOMETRIC__|0.1.2|21872|crew_log_527ba12b43f44f52|0|1786384772.104|99.662|3.114|2521391104|2517168128|sim_data_341798b7487bf001|__AUTOMETRIC__
__AUTOMETRIC__|0.1.2|21872|crew_log_527ba12b43f44f52|0|1786384773.111|99.293|3.103|2521792512|2517364736|sim_data_341798b7487bf001|__AUTOMETRIC__
__AUTOMETRIC__|0.1.2|21872|crew_log_527ba12b43f44f52|0|1786384774.115|101.198|3.162|2522447872|2518020096|sim_data_341798b7487bf001|__AUTOMETRIC__
__AUTOMETRIC__|0.1.2|21872|crew_log_527ba12b43f44f52|0|1786384775.121|99.385|3.106|2522365952|2517938176|sim_data_341798b7487bf001|__AUTOMETRIC__
__AUTOMETRIC__|0.1.2|21872|crew_log_527ba12b43f44f52|0|1786384776.136|103.153|3.224|2524229632|2520182784|sim_data_341798b7487bf001|__AUTOMETRIC__
__AUTOMETRIC__|0.1.2|21872|crew_log_527ba12b43f44f52|0|1786384777.142|100.922|3.154|2531344384|2527965184|sim_data_341798b7487bf001|__AUTOMETRIC__
__AUTOMETRIC__|0.1.2|21872|crew_log_527ba12b43f44f52|0|1786384778.157|100.112|3.129|2532433920|2529054720|sim_data_341798b7487bf001|__AUTOMETRIC__
__AUTOMETRIC__|0.1.2|21872|crew_log_527ba12b43f44f52|0|1786384779.171|100.131|3.129|2530439168|2526273536|sim_data_341798b7487bf001|__AUTOMETRIC__
__AUTOMETRIC__|0.1.2|21872|crew_log_527ba12b43f44f52|0|1786384780.176|99.570|3.112|2530807808|2526642176|sim_data_341798b7487bf001|__AUTOMETRIC__
__AUTOMETRIC__|0.1.2|21872|crew_log_527ba12b43f44f52|0|1786384781.177|98.312|3.072|2853867520|2849992704|sim_data_341798b7487bf001|__AUTOMETRIC__
__AUTOMETRIC__|0.1.2|21872|crew_log_527ba12b43f44f52|0|1786384782.178|101.406|3.169|2546614272|2543812608|sim_data_341798b7487bf001|__AUTOMETRIC__
__AUTOMETRIC__|0.1.2|21872|crew_log_527ba12b43f44f52|0|1786384783.182|99.645|3.114|2538655744|2535444480|sim_data_341798b7487bf001|__AUTOMETRIC__
__AUTOMETRIC__|0.1.2|21872|crew_log_527ba12b43f44f52|0|1786384784.197|98.475|3.077|2535489536|2531319808|sim_data_341798b7487bf001|__AUTOMETRIC__
__AUTOMETRIC__|0.1.2|21872|crew_log_527ba12b43f44f52|0|1786384785.212|100.074|3.127|2536398848|2532229120|sim_data_341798b7487bf001|__AUTOMETRIC__
__AUTOMETRIC__|0.1.2|21872|crew_log_527ba12b43f44f52|0|1786384786.226|101.713|3.179|2537762816|2533593088|sim_data_341798b7487bf001|__AUTOMETRIC__
__AUTOMETRIC__|0.1.2|21872|crew_log_527ba12b43f44f52|0|1786384787.232|99.390|3.106|2848886784|2845167616|sim_data_341798b7487bf001|__AUTOMETRIC__
__AUTOMETRIC__|0.1.2|21872|crew_log_527ba12b43f44f52|0|1786384788.233|103.011|3.219|2549137408|2546270208|sim_data_341798b7487bf001|__AUTOMETRIC__
__AUTOMETRIC__|0.1.2|21872|crew_log_527ba12b43f44f52|0|1786384789.237|101.234|3.164|2534785024|2530820096|sim_data_341798b7487bf001|__AUTOMETRIC__
__AUTOMETRIC__|0.1.2|21872|crew_log_527ba12b43f44f52|0|1786384790.240|98.135|3.067|2385104896|2380931072|sim_data_341798b7487bf001|__AUTOMETRIC__
__AUTOMETRIC__|0.1.2|21872|crew_log_527ba12b43f44f52|0|1786384791.240|101.555|3.174|2386026496|2381852672|sim_data_341798b7487bf001|__AUTOMETRIC__
__AUTOMETRIC__|0.1.2|21872|crew_log_527ba12b43f44f52|0|1786384792.245|99.491|3.109|2385928192|2381754368|sim_data_341798b7487bf001|__AUTOMETRIC__
__AUTOMETRIC__|0.1.2|21872|crew_log_527ba12b43f44f52|0|1786384793.259|100.132|3.129|2386935808|2382761984|sim_data_341798b7487bf001|__AUTOMETRIC__
__AUTOMETRIC__|0.1.2|21872|crew_log_527ba12b43f44f52|0|1786384794.271|98.848|3.089|2439684096|2435547136|sim_data_341798b7487bf001|__AUTOMETRIC__
__AUTOMETRIC__|0.1.2|21872|crew_log_527ba12b43f44f52|0|1786384795.285|100.121|3.129|2736316416|2732597248|sim_data_341798b7487bf001|__AUTOMETRIC__
__AUTOMETRIC__|0.1.2|21872|crew_log_527ba12b43f44f52|0|1786384796.296|103.542|3.236|2558111744|2555133952|sim_data_341798b7487bf001|__AUTOMETRIC__
__AUTOMETRIC__|0.1.2|21872|crew_log_527ba12b43f44f52|0|1786384797.309|100.246|3.133|2543452160|2540335104|sim_data_341798b7487bf001|__AUTOMETRIC__
__AUTOMETRIC__|0.1.2|21872|crew_log_527ba12b43f44f52|0|1786384798.324|98.559|3.080|2540126208|2535956480|sim_data_341798b7487bf001|__AUTOMETRIC__
__AUTOMETRIC__|0.1.2|21872|crew_log_527ba12b43f44f52|0|1786384799.339|100.070|3.127|2539991040|2535821312|sim_data_341798b7487bf001|__AUTOMETRIC__
__AUTOMETRIC__|0.1.2|21872|crew_log_527ba12b43f44f52|0|1786384800.342|99.706|3.116|2539991040|2535821312|sim_data_341798b7487bf001|__AUTOMETRIC__
__AUTOMETRIC__|0.1.2|21872|crew_log_527ba12b43f44f52|0|1786384801.352|100.568|3.143|2540924928|2536755200|sim_data_341798b7487bf001|__AUTOMETRIC__
__AUTOMETRIC__|0.1.2|21872|crew_log_527ba12b43f44f52|0|1786384802.362|97.495|3.047|2540883968|2536710144|sim_data_341798b7487bf001|__AUTOMETRIC__
__AUTOMETRIC__|0.1.2|21872|crew_log_527ba12b43f44f52|0|1786384803.371|100.639|3.145|2541895680|2537725952|sim_data_341798b7487bf001|__AUTOMETRIC__
__AUTOMETRIC__|0.1.2|21872|crew_log_527ba12b43f44f52|0|1786384804.380|99.062|3.096|2541838336|2537668608|sim_data_341798b7487bf001|__AUTOMETRIC__
__AUTOMETRIC__|0.1.2|21872|crew_log_527ba12b43f44f52|0|1786384805.393|100.238|3.132|2541846528|2537676800|sim_data_341798b7487bf001|__AUTOMETRIC__
__AUTOMETRIC__|0.1.2|21872|crew_log_527ba12b43f44f52|0|1786384806.408|100.066|3.127|2842714112|2839044096|sim_data_341798b7487bf001|__AUTOMETRIC__
__AUTOMETRIC__|0.1.2|21872|crew_log_527ba12b43f44f52|0|1786384807.423|103.139|3.223|2549956608|2546933760|sim_data_341798b7487bf001|__AUTOMETRIC__
__AUTOMETRIC__|0.1.2|21872|crew_log_527ba12b43f44f52|0|1786384808.429|101.026|3.157|2543333376|2539958272|sim_data_341798b7487bf001|__AUTOMETRIC__
__AUTOMETRIC__|0.1.2|21872|crew_log_527ba12b43f44f52|0|1786384809.435|97.863|3.058|2540843008|2536902656|sim_data_341798b7487bf001|__AUTOMETRIC__
__AUTOMETRIC__|0.1.2|21872|crew_log_527ba12b43f44f52|0|1786384810.444|95.956|2.999|2541817856|2537644032|sim_data_341798b7487bf001|__AUTOMETRIC__
__AUTOMETRIC__|0.1.2|21872|crew_log_527ba12b43f44f52|0|1786384811.446|99.778|3.118|2541813760|2537639936|sim_data_341798b7487bf001|__AUTOMETRIC__
__AUTOMETRIC__|0.1.2|21872|crew_log_527ba12b43f44f52|0|1786384812.454|99.199|3.100|2542768128|2538602496|sim_data_341798b7487bf001|__AUTOMETRIC__
