__AUTOMETRIC__|0.1.2|2146954|crew_log_bb3b01d89aa1c903|0|1786748176.391|60.994|0.318|209522688|2961039360|gen_data_d97a59ef1449e38e|__AUTOMETRIC__
__AUTOMETRIC__|0.1.2|2146954|crew_log_bb3b01d89aa1c903|0|1786748177.398|0.000|0.000|209522688|2961039360|gen_data_d97a59ef1449e38e|__AUTOMETRIC__
__AUTOMETRIC__|0.1.2|2146954|crew_log_bb3b01d89aa1c903|0|1786748178.399|0.000|0.000|209522688|2961039360|gen_data_d97a59ef1449e38e|__AUTOMETRIC__
__AUTOMETRIC__|0.1.2|2146954|crew_log_bb3b01d89aa1c903|0|1786748179.401|0.000|0.000|209522688|2961039360|gen_data_d97a59ef1449e38e|__AUTOMETRIC__
__AUTOMETRIC__|0.1.2|2146954|crew_log_bb3b01d89aa1c903|0|1786748180.402|0.000|0.000|209522688|2961039360|gen_data_d97a59ef1449e38e|__AUTOMETRIC__
__AUTOMETRIC__|0.1.2|2146954|crew_log_bb3b01d89aa1c903|0|1786748181.404|0.000|0.000|209522688|2961039360|gen_data_d97a59ef1449e38e|__AUTOMETRIC__
__AUTOMETRIC__|0.1.2|2146954|crew_log_bb3b01d89aa1c903|0|1786748182.405|0.000|0.000|209522688|2961039360|gen_data_d97a59ef1449e38e|__AUTOMETRIC__
__AUTOMETRIC__|0.1.2|2146954|crew_log_bb3b01d89aa1c903|0|1786748183.407|0.000|0.000|209522688|2961039360|gen_data_d97a59ef1449e38e|__AUTOMETRIC__
__AUTOMETRIC__|0.1.2|2146954|crew_log_bb3b01d89aa1c903|0|1786748184.409|0.000|0.000|209522688|2961039360|gen_data_d97a59ef1449e38e|__AUTOMETRIC__
__AUTOMETRIC__|0.1.2|2146954|crew_log_bb3b01d89aa1c903|0|1786748185.410|0.000|0.000|209522688|2961039360|gen_data_d97a59ef1449e38e|__AUTOMETRIC__
__AUTOMETRIC__|0.1.2|2146954|crew_log_bb3b01d89aa1c903|0|1786748186.412|29.958|0.156|254087168|3007832064|gen_data_d97a59ef1449e38e|__AUTOMETRIC__
__AUTOMETRIC__|0.1.2|2146954|crew_log_bb3b01d89aa1c903|0|1786748187.413|93.823|0.489|374894592|3136262144|gen_data_d97a59ef1449e38e|__AUTOMETRIC__
__AUTOMETRIC__|0.1.2|2146954|crew_log_bb3b01d89aa1c903|0|1786748188.415|98.820|0.515|374894592|3136262144|gen_data_d97a59ef1449e38e|__AUTOMETRIC__
__AUTOMETRIC__|0.1.2|2146954|crew_log_bb3b01d89aa1c903|0|1786748189.417|99.853|0.520|374894592|3136262144|gen_data_d97a59ef1449e38e|__AUTOMETRIC__
__AUTOMETRIC__|0.1.2|2146954|crew_log_bb3b01d89aa1c903|0|1786748190.418|98.868|0.515|374894592|3136262144|gen_data_d97a59ef1449e38e|__AUTOMETRIC__
__AUTOMETRIC__|0.1.2|2146954|crew_log_bb3b01d89aa1c903|0|1786748191.419|98.875|0.515|374894592|3136262144|gen_data_d97a59ef1449e38e|__AUTOMETRIC__
__AUTOMETRIC__|0.1.2|2146954|crew_log_bb3b01d89aa1c903|0|1786748192.421|99.847|0.520|374894592|3136262144|gen_data_d97a59ef1449e38e|__AUTOMETRIC__
__AUTOMETRIC__|0.1.2|2146954|crew_log_bb3b01d89aa1c903|0|1786748193.422|98.856|0.515|374894592|3136262144|gen_data_d97a59ef1449e38e|__AUTOMETRIC__
__AUTOMETRIC__|0.1.2|2146954|crew_log_bb3b01d89aa1c903|0|1786748194.424|98.838|0.515|374894592|3136262144|gen_data_d97a59ef1449e38e|__AUTOMETRIC__
__AUTOMETRIC__|0.1.2|2146954|crew_log_bb3b01d89aa1c903|0|1786748195.426|99.846|0.520|374894592|3136262144|gen_data_d97a59ef1449e38e|__AUTOMETRIC__
__AUTOMETRIC__|0.1.2|2146954|crew_log_bb3b01d89aa1c903|0|1786748196.427|98.847|0.515|374894592|3136262144|gen_data_d97a59ef1449e38e|__AUTOMETRIC__
__AUTOMETRIC__|0.1.2|2146954|crew_log_bb3b01d89aa1c903|0|1786748197.429|99.813|0.520|374894592|3136262144|gen_data_d97a59ef1449e38e|__AUTOMETRIC__
__AUTOMETRIC__|0.1.2|2146954|crew_log_bb3b01d89aa1c903|0|1786748198.431|98.810|0.515|374894592|3136262144|gen_data_d97a59ef1449e38e|__AUTOMETRIC__
__AUTOMETRIC__|0.1.2|2146954|crew_log_bb3b01d89aa1c903|0|1786748199.432|98.856|0.515|374894592|3136262144|gen_data_d97a59ef1449e38e|__AUTOMETRIC__
__AUTOMETRIC__|0.1.2|2146954|crew_log_bb3b01d89aa1c903|0|1786748200.434|99.829|0.520|374894592|3136262144|gen_data_d97a59ef1449e38e|__AUTOMETRIC__
__AUTOMETRIC__|0.1.2|2146954|crew_log_bb3b01d89aa1c903|0|1786748201.436|98.817|0.515|374894592|3136262144|gen_data_d97a59ef1449e38e|__AUTOMETRIC__
__AUTOMETRIC__|0.1.2|2146954|crew_log_bb3b01d89aa1c903|0|1786748202.437|99.879|0.520|374894592|3136262144|gen_data_d97a59ef1449e38e|__AUTOMETRIC__
__AUTOMETRIC__|0.1.2|2146954|crew_log_bb3b01d89aa1c903|0|1786748203.438|98.875|0.515|374894592|3136262144|gen_data_d97a59ef1449e38e|__AUTOMETRIC__
__AUTOMETRIC__|0.1.2|2146954|crew_log_bb3b01d89aa1c903|0|1786748204.440|98.856|0.515|374894592|3136262144|gen_data_d97a59ef1449e38e|__AUTOMETRIC__
__AUTOMETRIC__|0.1.2|2146954|crew_log_bb3b01d89aa1c903|0|1786748205.441|99.853|0.520|374894592|3136262144|gen_data_d97a59ef1449e38e|__AUTOMETRIC__
__AUTOMETRIC__|0.1.2|2146954|crew_log_bb3b01d89aa1c903|0|1786748206.443|98.863|0.515|374894592|3136262144|gen_data_d97a59ef1449e38e|__AUTOMETRIC__
__AUTOMETRIC__|0.1.2|2146954|crew_log_bb3b01d89aa1c903|0|1786748207.444|98.835|0.515|374894592|3136262144|gen_data_d97a59ef1449e38e|__AUTOMETRIC__
__AUTOMETRIC__|0.1.2|2146954|crew_log_bb3b01d89aa1c903|0|1786748208.446|99.826|0.520|374894592|3136262144|gen_data_d97a59ef1449e38e|__AUTOMETRIC__
__AUTOMETRIC__|0.1.2|2146954|crew_log_bb3b01d89aa1c903|0|1786748209.447|98.872|0.515|374894592|3136262144|gen_data_d97a59ef1449e38e|__AUTOMETRIC__
__AUTOMETRIC__|0.1.2|2146954|crew_log_bb3b01d89aa1c903|0|1786748210.449|99.859|0.520|374894592|3136262144|gen_data_d97a59ef1449e38e|__AUTOMETRIC__
__AUTOMETRIC__|0.1.2|2146954|crew_log_bb3b01d89aa1c903|0|1786748211.450|98.875|0.515|374894592|3136262144|gen_data_d97a59ef1449e38e|__AUTOMETRIC__
__AUTOMETRIC__|0.1.2|2146954|crew_log_bb3b01d89aa1c903|0|1786748212.451|98.863|0.515|374894592|3136262144|gen_data_d97a59ef1449e38e|__AUTOMETRIC__
__AUTOMETRIC__|0.1.2|2146954|crew_log_bb3b01d89aa1c903|0|1786748213.453|99.871|0.520|374894592|3136262144|gen_data_d97a59ef1449e38e|__AUTOMETRIC__
__AUTOMETRIC__|0.1.2|2146954|crew_log_bb3b01d89aa1c903|0|1786748214.455|98.815|0.515|374894592|3136262144|gen_data_d97a59ef1449e38e|__AUTOMETRIC__
__AUTOMETRIC__|0.1.2|2146954|crew_log_bb3b01d89aa1c903|0|1786748215.456|98.860|0.515|374894592|3136262144|gen_data_d97a59ef1449e38e|__AUTOMETRIC__
__AUTOMETRIC__|0.1.2|2146954|crew_log_bb3b01d89aa1c903|0|1786748216.457|99.891|0.520|374894592|3136262144|gen_data_d97a59ef1449e38e|__AUTOMETRIC__
__AUTOMETRIC__|0.1.2|2146954|crew_log_bb3b01d89aa1c903|0|1786748217.459|98.823|0.515|374894592|3136262144|gen_data_d97a59ef1449e38e|__AUTOMETRIC__
__AUTOMETRIC__|0.1.2|2146954|crew_log_bb3b01d89aa1c903|0|1786748218.460|99.869|0.520|374894592|3136262144|gen_data_d97a59ef1449e38e|__AUTOMETRIC__
__AUTOMETRIC__|0.1.2|2146954|crew_log_bb3b01d89aa1c903|0|1786748219.461|98.874|0.515|374894592|3136262144|gen_data_d97a59ef1449e38e|__AUTOMETRIC__
__AUTOMETRIC__|0.1.2|2146954|crew_log_bb3b01d89aa1c903|0|1786748220.463|98.884|0.515|374894592|3136262144|gen_data_d97a59ef1449e38e|__AUTOMETRIC__
__AUTOMETRIC__|0.1.2|2146954|crew_log_bb3b01d89aa1c903|0|1786748221.464|99.853|0.520|374894592|3136262144|gen_data_d97a59ef1449e38e|__AUTOMETRIC__
__AUTOMETRIC__|0.1.2|2146954|crew_log_bb3b01d89aa1c903|0|1786748222.466|98.858|0.515|374894592|3136262144|gen_data_d97a59ef1449e38e|__AUTOMETRIC__
__AUTOMETRIC__|0.1.2|2146954|crew_log_bb3b01d89aa1c903|0|1786748223.467|98.882|0.515|374894592|3136262144|gen_data_d97a59ef1449e38e|__AUTOMETRIC__
__AUTOMETRIC__|0.1.2|2146954|crew_log_bb3b01d89aa1c903|0|1786748224.468|99.858|0.520|374894592|3136262144|gen_data_d97a59ef1449e38e|__AUTOMETRIC__
__AUTOMETRIC__|0.1.2|2146954|crew_log_bb3b01d89aa1c903|0|1786748225.470|98.837|0.515|374894592|3136262144|gen_data_d97a59ef1449e38e|__AUTOMETRIC__
__AUTOMETRIC__|0.1.2|2146954|crew_log_bb3b01d89aa1c903|0|1786748226.471|98.880|0.515|374894592|3136262144|gen_data_d97a59ef1449e38e|__AUTOMETRIC__
__AUTOMETRIC__|0.1.2|2146954|crew_log_bb3b01d89aa1c903|0|1786748227.473|99.825|0.520|374894592|3136262144|gen_data_d97a59ef1449e38e|__AUTOMETRIC__
__AUTOMETRIC__|0.1.2|2146954|crew_log_bb3b01d89aa1c903|0|1786748228.474|98.855|0.515|374894592|3136262144|gen_data_d97a59ef1449e38e|__AUTOMETRIC__
__AUTOMETRIC__|0.1.2|2146954|crew_log_bb3b01d89aa1c903|0|1786748229.476|99.844|0.520|374894592|3136262144|gen_data_d97a59ef1449e38e|__AUTOMETRIC__
__AUTOMETRIC__|0.1.2|2146954|crew_log_bb3b01d89aa1c903|0|1786748230.477|98.867|0.515|374894592|3136262144|gen_data_d97a59ef1449e38e|__AUTOMETRIC__
__AUTOMETRIC__|0.1.2|2146954|crew_log_bb3b01d89aa1c903|0|1786748231.478|98.876|0.515|374894592|3136262144|gen_data_d97a59ef1449e38e|__AUTOMETRIC__
__AUTOMETRIC__|0.1.2|2146954|crew_log_bb3b01d89aa1c903|0|1786748232.480|99.864|0.520|374894592|3136262144|gen_data_d97a59ef1449e38e|__AUTOMETRIC__
__AUTOMETRIC__|0.1.2|2146954|crew_log_bb3b01d89aa1c903|0|1786748233.481|98.880|0.515|374894592|3136262144|gen_data_d97a59ef1449e38e|__AUTOMETRIC__
__AUTOMETRIC__|0.1.2|2146954|crew_log_bb3b01d89aa1c903|0|1786748234.483|98.848|0.515|374894592|3136262144|gen_data_d97a59ef1449e38e|__AUTOMETRIC__
__AUTOMETRIC__|0.1.2|2146954|crew_log_bb3b01d89aa1c903|0|1786748235.487|99.527|0.518|374894592|3136262144|gen_data_d97a59ef1449e38e|__AUTOMETRIC__
__AUTOMETRIC__|0.1.2|2146954|crew_log_bb3b01d89aa1c903|0|1786748236.489|98.839|0.515|374894592|3136262144|gen_data_d97a59ef1449e38e|__AUTOMETRIC__
__AUTOMETRIC__|0.1.2|2146954|crew_log_bb3b01d89aa1c903|0|1786748237.491|99.833|0.520|374894592|3136262144|gen_data_d97a59ef1449e38e|__AUTOMETRIC__
__AUTOMETRIC__|0.1.2|2146954|crew_log_bb3b01d89aa1c903|0|1786748238.492|98.812|0.515|374894592|3136262144|gen_data_d97a59ef1449e38e|__AUTOMETRIC__
__AUTOMETRIC__|0.1.2|2146954|crew_log_bb3b01d89aa1c903|0|1786748239.494|99.860|0.520|374894592|3136262144|gen_data_d97a59ef1449e38e|__AUTOMETRIC__
__AUTOMETRIC__|0.1.2|2146954|crew_log_bb3b01d89aa1c903|0|1786748240.495|98.875|0.515|374894592|3136262144|gen_data_d97a59ef1449e38e|__AUTOMETRIC__
__AUTOMETRIC__|0.1.2|2146954|crew_log_bb3b01d89aa1c903|0|1786748241.496|98.871|0.515|374894592|3136262144|gen_data_d97a59ef1449e38e|__AUTOMETRIC__
__AUTOMETRIC__|0.1.2|2146954|crew_log_bb3b01d89aa1c903|0|1786748242.498|99.857|0.520|374894592|3136262144|gen_data_d97a59ef1449e38e|__AUTOMETRIC__
__AUTOMETRIC__|0.1.2|2146954|crew_log_bb3b01d89aa1c903|0|1786748243.499|98.869|0.515|374894592|3136262144|gen_data_d97a59ef1449e38e|__AUTOMETRIC__
__AUTOMETRIC__|0.1.2|2146954|crew_log_bb3b01d89aa1c903|0|1786748244.501|98.861|0.515|374894592|3136262144|gen_data_d97a59ef1449e38e|__AUTOMETRIC__
__AUTOMETRIC__|0.1.2|2146954|crew_log_bb3b01d89aa1c903|0|1786748245.502|99.833|0.520|374894592|3136262144|gen_data_d97a59ef1449e38e|__AUTOMETRIC__
__AUTOMETRIC__|0.1.2|2146954|crew_log_bb3b01d89aa1c903|0|1786748246.503|98.880|0.515|374894592|3136262144|gen_data_d97a59ef1449e38e|__AUTOMETRIC__
__AUTOMETRIC__|0.1.2|2146954|crew_log_bb3b01d89aa1c903|0|1786748247.506|99.785|0.520|374894592|3136262144|gen_data_d97a59ef1449e38e|__AUTOMETRIC__
__AUTOMETRIC__|0.1.2|2146954|crew_log_bb3b01d89aa1c903|0|1786748248.507|98.852|0.515|374894592|3136262144|gen_data_d97a59ef1449e38e|__AUTOMETRIC__
__AUTOMETRIC__|0.1.2|2146954|crew_log_bb3b01d89aa1c903|0|1786748249.509|98.865|0.515|374894592|3136262144|gen_data_d97a59ef1449e38e|__AUTOMETRIC__
__AUTOMETRIC__|0.1.2|2146954|crew_log_bb3b01d89aa1c903|0|1786748250.510|99.844|0.520|374894592|3136262144|gen_data_d97a59ef1449e38e|__AUTOMETRIC__
__AUTOMETRIC__|0.1.2|2146954|crew_log_bb3b01d89aa1c903|0|1786748251.511|98.866|0.515|374894592|3136262144|gen_data_d97a59ef1449e38e|__AUTOMETRIC__
__AUTOMETRIC__|0.1.2|2146954|crew_log_bb3b01d89aa1c903|0|1786748252.513|99.861|0.520|374894592|3136262144|gen_data_d97a59ef1449e38e|__AUTOMETRIC__
__AUTOMETRIC__|0.1.2|2146954|crew_log_bb3b01d89aa1c903|0|1786748253.515|98.832|0.515|374894592|3136262144|gen_data_d97a59ef1449e38e|__AUTOMETRIC__
__AUTOMETRIC__|0.1.2|2146954|crew_log_bb3b01d89aa1c903|0|1786748254.516|98.843|0.515|374894592|3136262144|gen_data_d97a59ef1449e38e|__AUTOMETRIC__
__AUTOMETRIC__|0.1.2|2146954|crew_log_bb3b01d89aa1c903|0|1786748255.518|99.771|0.520|374894592|3136262144|gen_data_d97a59ef1449e38e|__AUTOMETRIC__
__AUTOMETRIC__|0.1.2|2146954|crew_log_bb3b01d89aa1c903|0|1786748256.520|98.875|0.515|374894592|3136262144|gen_data_d97a59ef1449e38e|__AUTOMETRIC__
__AUTOMETRIC__|0.1.2|2146954|crew_log_bb3b01d89aa1c903|0|1786748257.521|98.864|0.515|374894592|3136262144|gen_data_d97a59ef1449e38e|__AUTOMETRIC__
__AUTOMETRIC__|0.1.2|2146954|crew_log_bb3b01d89aa1c903|0|1786748258.523|99.841|0.520|374894592|3136262144|gen_data_d97a59ef1449e38e|__AUTOMETRIC__
__AUTOMETRIC__|0.1.2|2146954|crew_log_bb3b01d89aa1c903|0|1786748259.524|98.846|0.515|374894592|3136262144|gen_data_d97a59ef1449e38e|__AUTOMETRIC__
__AUTOMETRIC__|0.1.2|2146954|crew_log_bb3b01d89aa1c903|0|1786748260.526|99.837|0.520|374894592|3136262144|gen_data_d97a59ef1449e38e|__AUTOMETRIC__
__AUTOMETRIC__|0.1.2|2146954|crew_log_bb3b01d89aa1c903|0|1786748261.528|98.812|0.515|374894592|3136262144|gen_data_d97a59ef1449e38e|__AUTOMETRIC__
__AUTOMETRIC__|0.1.2|2146954|crew_log_bb3b01d89aa1c903|0|1786748262.529|98.856|0.515|374894592|3136262144|gen_data_d97a59ef1449e38e|__AUTOMETRIC__
__AUTOMETRIC__|0.1.2|2146954|crew_log_bb3b01d89aa1c903|0|1786748263.531|99.857|0.520|374894592|3136262144|gen_data_d97a59ef1449e38e|__AUTOMETRIC__
__AUTOMETRIC__|0.1.2|2146954|crew_log_bb3b01d89aa1c903|0|1786748264.532|98.875|0.515|374894592|3136262144|gen_data_d97a59ef1449e38e|__AUTOMETRIC__
__AUTOMETRIC__|0.1.2|2146954|crew_log_bb3b01d89aa1c903|0|1786748265.533|99.870|0.520|374894592|3136262144|gen_data_d97a59ef1449e38e|__AUTOMETRIC__
__AUTOMETRIC__|0.1.2|2146954|crew_log_bb3b01d89aa1c903|0|1786748266.535|98.859|0.515|374894592|3136262144|gen_data_d97a59ef1449e38e|__AUTOMETRIC__
__AUTOMETRIC__|0.1.2|2146954|crew_log_bb3b01d89aa1c903|0|1786748267.539|99.547|0.518|374894592|3136262144|gen_data_d97a59ef1449e38e|__AUTOMETRIC__
__AUTOMETRIC__|0.1.2|2146954|crew_log_bb3b01d89aa1c903|0|1786748268.541|98.842|0.515|374894592|3136262144|gen_data_d97a59ef1449e38e|__AUTOMETRIC__
__AUTOMETRIC__|0.1.2|2146954|crew_log_bb3b01d89aa1c903|0|1786748269.542|98.852|0.515|374894592|3136262144|gen_data_d97a59ef1449e38e|__AUTOMETRIC__
__AUTOMETRIC__|0.1.2|2146954|crew_log_bb3b01d89aa1c903|0|1786748270.545|99.762|0.520|374894592|3136262144|gen_data_d97a59ef1449e38e|__AUTOMETRIC__
__AUTOMETRIC__|0.1.2|2146954|crew_log_bb3b01d89aa1c903|0|1786748271.550|99.469|0.518|374894592|3136262144|gen_data_d97a59ef1449e38e|__AUTOMETRIC__
__AUTOMETRIC__|0.1.2|2146954|crew_log_bb3b01d89aa1c903|0|1786748272.552|98.779|0.514|374894592|3136262144|gen_data_d97a59ef1449e38e|__AUTOMETRIC__
__AUTOMETRIC__|0.1.2|2146954|crew_log_bb3b01d89aa1c903|0|1786748273.554|98.874|0.515|374894592|3136262144|gen_data_d97a59ef1449e38e|__AUTOMETRIC__
__AUTOMETRIC__|0.1.2|2146954|crew_log_bb3b01d89aa1c903|0|1786748274.555|99.850|0.520|374894592|3136262144|gen_data_d97a59ef1449e38e|__AUTOMETRIC__
__AUTOMETRIC__|0.1.2|2146954|crew_log_bb3b01d89aa1c903|0|1786748275.556|98.857|0.515|374894592|3136262144|gen_data_d97a59ef1449e38e|__AUTOMETRIC__
__AUTOMETRIC__|0.1.2|2146954|crew_log_bb3b01d89aa1c903|0|1786748276.558|99.848|0.520|374894592|3136262144|gen_data_d97a59ef1449e38e|__AUTOMETRIC__
__AUTOMETRIC__|0.1.2|2146954|crew_log_bb3b01d89aa1c903|0|1786748277.559|98.884|0.515|374894592|3136262144|gen_data_d97a59ef1449e38e|__AUTOMETRIC__
__AUTOMETRIC__|0.1.2|2146954|crew_log_bb3b01d89aa1c903|0|1786748278.561|98.832|0.515|374894592|3136262144|gen_data_d97a59ef1449e38e|__AUTOMETRIC__
__AUTOMETRIC__|0.1.2|2146954|crew_log_bb3b01d89aa1c903|0|1786748279.562|99.883|0.520|374894592|3136262144|gen_data_d97a59ef1449e38e|__AUTOMETRIC__
__AUTOMETRIC__|0.1.2|2146954|crew_log_bb3b01d89aa1c903|0|1786748280.563|98.859|0.515|374894592|3136262144|gen_data_d97a59ef1449e38e|__AUTOMETRIC__
__AUTOMETRIC__|0.1.2|2146954|crew_log_bb3b01d89aa1c903|0|1786748281.565|98.880|0.515|374894592|3136262144|gen_data_d97a59ef1449e38e|__AUTOMETRIC__
__AUTOMETRIC__|0.1.2|2146954|crew_log_bb3b01d89aa1c903|0|1786748282.566|99.874|0.520|374894592|3136262144|gen_data_d97a59ef1449e38e|__AUTOMETRIC__
__AUTOMETRIC__|0.1.2|2146954|crew_log_bb3b01d89aa1c903|0|1786748283.567|98.870|0.515|374894592|3136262144|gen_data_d97a59ef1449e38e|__AUTOMETRIC__
__AUTOMETRIC__|0.1.2|2146954|crew_log_bb3b01d89aa1c903|0|1786748284.568|98.880|0.515|374894592|3136262144|gen_data_d97a59ef1449e38e|__AUTOMETRIC__
__AUTOMETRIC__|0.1.2|2146954|crew_log_bb3b01d89aa1c903|0|1786748285.570|99.867|0.520|374894592|3136262144|gen_data_d97a59ef1449e38e|__AUTOMETRIC__
__AUTOMETRIC__|0.1.2|2146954|crew_log_bb3b01d89aa1c903|0|1786748286.571|98.873|0.515|374894592|3136262144|gen_data_d97a59ef1449e38e|__AUTOMETRIC__
__AUTOMETRIC__|0.1.2|2146954|crew_log_bb3b01d89aa1c903|0|1786748287.573|98.859|0.515|374894592|3136262144|gen_data_d97a59ef1449e38e|__AUTOMETRIC__
__AUTOMETRIC__|0.1.2|2146954|crew_log_bb3b01d89aa1c903|0|1786748288.575|99.791|0.520|374894592|3136262144|gen_data_d97a59ef1449e38e|__AUTOMETRIC__
__AUTOMETRIC__|0.1.2|2146954|crew_log_bb3b01d89aa1c903|0|1786748289.576|98.853|0.515|374894592|3136262144|gen_data_d97a59ef1449e38e|__AUTOMETRIC__
__AUTOMETRIC__|0.1.2|2146954|crew_log_bb3b01d89aa1c903|0|1786748290.578|98.809|0.515|374894592|3136262144|gen_data_d97a59ef1449e38e|__AUTOMETRIC__
__AUTOMETRIC__|0.1.2|2146954|crew_log_bb3b01d89aa1c903|0|1786748291.579|98.873|0.515|374894592|3136262144|gen_data_d97a59ef1449e38e|__AUTOMETRIC__
__AUTOMETRIC__|0.1.2|2146954|crew_log_bb3b01d89aa1c903|0|1786748292.581|99.873|0.520|374894592|3136262144|gen_data_d97a59ef1449e38e|__AUTOMETRIC__
__AUTOMETRIC__|0.1.2|2146954|crew_log_bb3b01d89aa1c903|0|1786748293.582|98.893|0.515|374894592|3136262144|gen_data_d97a59ef1449e38e|__AUTOMETRIC__
__AUTOMETRIC__|0.1.2|2146954|crew_log_bb3b01d89aa1c903|0|1786748294.583|98.875|0.515|374894592|3136262144|gen_data_d97a59ef1449e38e|__AUTOMETRIC__
__AUTOMETRIC__|0.1.2|2146954|crew_log_bb3b01d89aa1c903|0|1786748295.584|99.858|0.520|374894592|3136262144|gen_data_d97a59ef1449e38e|__AUTOMETRIC__
__AUTOMETRIC__|0.1.2|2146954|crew_log_bb3b01d89aa1c903|0|1786748296.588|98.622|0.514|374894592|3136262144|gen_data_d97a59ef1449e38e|__AUTOMETRIC__
__AUTOMETRIC__|0.1.2|2146954|crew_log_bb3b01d89aa1c903|0|1786748297.589|98.871|0.515|374894592|3136262144|gen_data_d97a59ef1449e38e|__AUTOMETRIC__
__AUTOMETRIC__|0.1.2|2146954|crew_log_bb3b01d89aa1c903|0|1786748298.591|99.808|0.520|374894592|3136262144|gen_data_d97a59ef1449e38e|__AUTOMETRIC__
__AUTOMETRIC__|0.1.2|2146954|crew_log_bb3b01d89aa1c903|0|1786748299.593|98.832|0.515|374894592|3136262144|gen_data_d97a59ef1449e38e|__AUTOMETRIC__
__AUTOMETRIC__|0.1.2|2146954|crew_log_bb3b01d89aa1c903|0|1786748300.597|99.566|0.519|374894592|3136262144|gen_data_d97a59ef1449e38e|__AUTOMETRIC__
__AUTOMETRIC__|0.1.2|2146954|crew_log_bb3b01d89aa1c903|0|1786748301.599|98.831|0.515|374894592|3136262144|gen_data_d97a59ef1449e38e|__AUTOMETRIC__
__AUTOMETRIC__|0.1.2|2146954|crew_log_bb3b01d89aa1c903|0|1786748302.601|99.858|0.520|374894592|3136262144|gen_data_d97a59ef1449e38e|__AUTOMETRIC__
__AUTOMETRIC__|0.1.2|2146954|crew_log_bb3b01d89aa1c903|0|1786748303.602|98.880|0.515|374894592|3136262144|gen_data_d97a59ef1449e38e|__AUTOMETRIC__
__AUTOMETRIC__|0.1.2|2146954|crew_log_bb3b01d89aa1c903|0|1786748304.604|98.773|0.514|374894592|3136262144|gen_data_d97a59ef1449e38e|__AUTOMETRIC__
__AUTOMETRIC__|0.1.2|2146954|crew_log_bb3b01d89aa1c903|0|1786748305.606|99.858|0.520|374894592|3136262144|gen_data_d97a59ef1449e38e|__AUTOMETRIC__
__AUTOMETRIC__|0.1.2|2146954|crew_log_bb3b01d89aa1c903|0|1786748306.607|98.871|0.515|374894592|3136262144|gen_data_d97a59ef1449e38e|__AUTOMETRIC__
__AUTOMETRIC__|0.1.2|2146954|crew_log_bb3b01d89aa1c903|0|1786748307.608|98.879|0.515|374894592|3136262144|gen_data_d97a59ef1449e38e|__AUTOMETRIC__
__AUTOMETRIC__|0.1.2|2146954|crew_log_bb3b01d89aa1c903|0|1786748308.610|99.852|0.520|374894592|3136262144|gen_data_d97a59ef1449e38e|__AUTOMETRIC__
__AUTOMETRIC__|0.1.2|2146954|crew_log_bb3b01d89aa1c903|0|1786748309.611|98.874|0.515|374894592|3136262144|gen_data_d97a59ef1449e38e|__AUTOMETRIC__
__AUTOMETRIC__|0.1.2|2146954|crew_log_bb3b01d89aa1c903|0|1786748310.612|98.873|0.515|374894592|3136262144|gen_data_d97a59ef1449e38e|__AUTOMETRIC__
__AUTOMETRIC__|0.1.2|2146954|crew_log_bb3b01d89aa1c903|0|1786748311.613|98.887|0.515|374894592|3136262144|gen_data_d97a59ef1449e38e|__AUTOMETRIC__
__AUTOMETRIC__|0.1.2|2146954|crew_log_bb3b01d89aa1c903|0|1786748312.615|99.867|0.520|374894592|3136262144|gen_data_d97a59ef1449e38e|__AUTOMETRIC__
__AUTOMETRIC__|0.1.2|2146954|crew_log_bb3b01d89aa1c903|0|1786748313.616|98.848|0.515|374894592|3136262144|gen_data_d97a59ef1449e38e|__AUTOMETRIC__
__AUTOMETRIC__|0.1.2|2146954|crew_log_bb3b01d89aa1c903|0|1786748314.618|99.817|0.520|374894592|3136262144|gen_data_d97a59ef1449e38e|__AUTOMETRIC__
__AUTOMETRIC__|0.1.2|2146954|crew_log_bb3b01d89aa1c903|0|1786748315.619|98.866|0.515|374894592|3136262144|gen_data_d97a59ef1449e38e|__AUTOMETRIC__
__AUTOMETRIC__|0.1.2|2146954|crew_log_bb3b01d89aa1c903|0|1786748316.621|98.853|0.515|374894592|3136262144|gen_data_d97a59ef1449e38e|__AUTOMETRIC__
__AUTOMETRIC__|0.1.2|2146954|crew_log_bb3b01d89aa1c903|0|1786748317.622|98.873|0.515|374894592|3136262144|gen_data_d97a59ef1449e38e|__AUTOMETRIC__
__AUTOMETRIC__|0.1.2|2146954|crew_log_bb3b01d89aa1c903|0|1786748318.624|99.843|0.520|374894592|3136262144|gen_data_d97a59ef1449e38e|__AUTOMETRIC__
__AUTOMETRIC__|0.1.2|2146954|crew_log_bb3b01d89aa1c903|0|1786748319.625|98.873|0.515|374894592|3136262144|gen_data_d97a59ef1449e38e|__AUTOMETRIC__
__AUTOMETRIC__|0.1.2|2146954|crew_log_bb3b01d89aa1c903|0|1786748320.627|98.841|0.515|374894592|3136262144|gen_data_d97a59ef1449e38e|__AUTOMETRIC__
__AUTOMETRIC__|0.1.2|2146954|crew_log_bb3b01d89aa1c903|0|1786748321.628|99.847|0.520|374894592|3136262144|gen_data_d97a59ef1449e38e|__AUTOMETRIC__
__AUTOMETRIC__|0.1.2|2146954|crew_log_bb3b01d89aa1c903|0|1786748322.630|98.854|0.515|374894592|3136262144|gen_data_d97a59ef1449e38e|__AUTOMETRIC__
__AUTOMETRIC__|0.1.2|2146954|crew_log_bb3b01d89aa1c903|0|1786748323.631|98.846|0.515|374894592|3136262144|gen_data_d97a59ef1449e38e|__AUTOMETRIC__
__AUTOMETRIC__|0.1.2|2146954|crew_log_bb3b01d89aa1c903|0|1786748324.633|99.812|0.520|374894592|3136262144|gen_data_d97a59ef1449e38e|__AUTOMETRIC__
__AUTOMETRIC__|0.1.2|2146954|crew_log_bb3b01d89aa1c903|0|1786748325.635|98.813|0.515|374894592|3136262144|gen_data_d97a59ef1449e38e|__AUTOMETRIC__
__AUTOMETRIC__|0.1.2|2146954|crew_log_bb3b01d89aa1c903|0|1786748326.636|98.844|0.515|374894592|3136262144|gen_data_d97a59ef1449e38e|__AUTOMETRIC__
__AUTOMETRIC__|0.1.2|2146954|crew_log_bb3b01d89aa1c903|0|1786748327.639|99.779|0.520|374894592|3136262144|gen_data_d97a59ef1449e38e|__AUTOMETRIC__
__AUTOMETRIC__|0.1.2|2146954|crew_log_bb3b01d89aa1c903|0|1786748328.642|98.702|0.514|374894592|3136262144|gen_data_d97a59ef1449e38e|__AUTOMETRIC__
__AUTOMETRIC__|0.1.2|2146954|crew_log_bb3b01d89aa1c903|0|1786748329.644|99.744|0.519|374894592|3136262144|gen_data_d97a59ef1449e38e|__AUTOMETRIC__
__AUTOMETRIC__|0.1.2|2146954|crew_log_bb3b01d89aa1c903|0|1786748330.646|98.779|0.514|374894592|3136262144|gen_data_d97a59ef1449e38e|__AUTOMETRIC__
__AUTOMETRIC__|0.1.2|2146954|crew_log_bb3b01d89aa1c903|0|1786748331.655|99.143|0.516|374894592|3136262144|gen_data_d97a59ef1449e38e|__AUTOMETRIC__
__AUTOMETRIC__|0.1.2|2146954|crew_log_bb3b01d89aa1c903|0|1786748332.657|98.850|0.515|374894592|3136262144|gen_data_d97a59ef1449e38e|__AUTOMETRIC__
__AUTOMETRIC__|0.1.2|2146954|crew_log_bb3b01d89aa1c903|0|1786748333.658|98.854|0.515|374894592|3136262144|gen_data_d97a59ef1449e38e|__AUTOMETRIC__
__AUTOMETRIC__|0.1.2|2146954|crew_log_bb3b01d89aa1c903|0|1786748334.668|98.973|0.515|374894592|3136262144|gen_data_d97a59ef1449e38e|__AUTOMETRIC__
__AUTOMETRIC__|0.1.2|2146954|crew_log_bb3b01d89aa1c903|0|1786748335.670|99.867|0.520|374894592|3136262144|gen_data_d97a59ef1449e38e|__AUTOMETRIC__
__AUTOMETRIC__|0.1.2|2146954|crew_log_bb3b01d89aa1c903|0|1786748336.673|98.639|0.514|374894592|3136262144|gen_data_d97a59ef1449e38e|__AUTOMETRIC__
__AUTOMETRIC__|0.1.2|2146954|crew_log_bb3b01d89aa1c903|0|1786748337.678|98.565|0.513|374894592|3136262144|gen_data_d97a59ef1449e38e|__AUTOMETRIC__
__AUTOMETRIC__|0.1.2|2146954|crew_log_bb3b01d89aa1c903|0|1786748338.680|99.837|0.520|374894592|3136262144|gen_data_d97a59ef1449e38e|__AUTOMETRIC__
__AUTOMETRIC__|0.1.2|2146954|crew_log_bb3b01d89aa1c903|0|1786748339.682|98.748|0.514|374894592|3136262144|gen_data_d97a59ef1449e38e|__AUTOMETRIC__
__AUTOMETRIC__|0.1.2|2146954|crew_log_bb3b01d89aa1c903|0|1786748340.685|98.671|0.514|374894592|3136262144|gen_data_d97a59ef1449e38e|__AUTOMETRIC__
__AUTOMETRIC__|0.1.2|2146954|crew_log_bb3b01d89aa1c903|0|1786748341.688|99.722|0.519|374894592|3136262144|gen_data_d97a59ef1449e38e|__AUTOMETRIC__
__AUTOMETRIC__|0.1.2|2146954|crew_log_bb3b01d89aa1c903|0|1786748342.692|98.657|0.514|374894592|3136262144|gen_data_d97a59ef1449e38e|__AUTOMETRIC__
__AUTOMETRIC__|0.1.2|2146954|crew_log_bb3b01d89aa1c903|0|1786748343.694|99.738|0.519|374894592|3136262144|gen_data_d97a59ef1449e38e|__AUTOMETRIC__
__AUTOMETRIC__|0.1.2|2146954|crew_log_bb3b01d89aa1c903|0|1786748344.697|98.698|0.514|374894592|3136262144|gen_data_d97a59ef1449e38e|__AUTOMETRIC__
__AUTOMETRIC__|0.1.2|2146954|crew_log_bb3b01d89aa1c903|0|1786748345.700|98.760|0.514|374894592|3136262144|gen_data_d97a59ef1449e38e|__AUTOMETRIC__
__AUTOMETRIC__|0.1.2|2146954|crew_log_bb3b01d89aa1c903|0|1786748346.702|99.773|0.520|374894592|3136262144|gen_data_d97a59ef1449e38e|__AUTOMETRIC__
__AUTOMETRIC__|0.1.2|2146954|crew_log_bb3b01d89aa1c903|0|1786748347.705|98.707|0.514|374894592|3136262144|gen_data_d97a59ef1449e38e|__AUTOMETRIC__
__AUTOMETRIC__|0.1.2|2146954|crew_log_bb3b01d89aa1c903|0|1786748348.708|98.725|0.514|374894592|3136262144|gen_data_d97a59ef1449e38e|__AUTOMETRIC__
__AUTOMETRIC__|0.1.2|2146954|crew_log_bb3b01d89aa1c903|0|1786748349.709|99.835|0.520|374894592|3136262144|gen_data_d97a59ef1449e38e|__AUTOMETRIC__
__AUTOMETRIC__|0.1.2|2146954|crew_log_bb3b01d89aa1c903|0|1786748350.712|98.743|0.514|374894592|3136262144|gen_data_d97a59ef1449e38e|__AUTOMETRIC__
__AUTOMETRIC__|0.1.2|2146954|crew_log_bb3b01d89aa1c903|0|1786748351.714|99.788|0.520|374894592|3136262144|gen_data_d97a59ef1449e38e|__AUTOMETRIC__
__AUTOMETRIC__|0.1.2|2146954|crew_log_bb3b01d89aa1c903|0|1786748352.717|98.724|0.514|374894592|3136262144|gen_data_d97a59ef1449e38e|__AUTOMETRIC__
__AUTOMETRIC__|0.1.2|2146954|crew_log_bb3b01d89aa1c903|0|1786748353.719|99.842|0.520|374894592|3136262144|gen_data_d97a59ef1449e38e|__AUTOMETRIC__
__AUTOMETRIC__|0.1.2|2146954|crew_log_bb3b01d89aa1c903|0|1786748354.720|98.824|0.515|374894592|3136262144|gen_data_d97a59ef1449e38e|__AUTOMETRIC__
__AUTOMETRIC__|0.1.2|2146954|crew_log_bb3b01d89aa1c903|0|1786748355.723|99.763|0.520|374894592|3136262144|gen_data_d97a59ef1449e38e|__AUTOMETRIC__
__AUTOMETRIC__|0.1.2|2146954|crew_log_bb3b01d89aa1c903|0|1786748356.725|98.803|0.515|374894592|3136262144|gen_data_d97a59ef1449e38e|__AUTOMETRIC__
__AUTOMETRIC__|0.1.2|2146954|crew_log_bb3b01d89aa1c903|0|1786748357.726|99.831|0.520|374894592|3136262144|gen_data_d97a59ef1449e38e|__AUTOMETRIC__
__AUTOMETRIC__|0.1.2|2146954|crew_log_bb3b01d89aa1c903|0|1786748358.728|98.857|0.515|374894592|3136262144|gen_data_d97a59ef1449e38e|__AUTOMETRIC__
__AUTOMETRIC__|0.1.2|2146954|crew_log_bb3b01d89aa1c903|0|1786748359.729|99.876|0.520|374894592|3136262144|gen_data_d97a59ef1449e38e|__AUTOMETRIC__
__AUTOMETRIC__|0.1.2|2146954|crew_log_bb3b01d89aa1c903|0|1786748360.730|98.876|0.515|374894592|3136262144|gen_data_d97a59ef1449e38e|__AUTOMETRIC__
__AUTOMETRIC__|0.1.2|2146954|crew_log_bb3b01d89aa1c903|0|1786748361.732|99.873|0.520|374894592|3136262144|gen_data_d97a59ef1449e38e|__AUTOMETRIC__
__AUTOMETRIC__|0.1.2|2146954|crew_log_bb3b01d89aa1c903|0|1786748362.733|98.868|0.515|374894592|3136262144|gen_data_d97a59ef1449e38e|__AUTOMETRIC__
__AUTOMETRIC__|0.1.2|2146954|crew_log_bb3b01d89aa1c903|0|1786748363.734|98.880|0.515|374894592|3136262144|gen_data_d97a59ef1449e38e|__AUTOMETRIC__
__AUTOMETRIC__|0.1.2|2146954|crew_log_bb3b01d89aa1c903|0|1786748364.735|99.882|0.520|374894592|3136262144|gen_data_d97a59ef1449e38e|__AUTOMETRIC__
__AUTOMETRIC__|0.1.2|2146954|crew_log_bb3b01d89aa1c903|0|1786748365.738|98.692|0.514|374894592|3136262144|gen_data_d97a59ef1449e38e|__AUTOMETRIC__
__AUTOMETRIC__|0.1.2|2146954|crew_log_bb3b01d89aa1c903|0|1786748366.740|99.876|0.520|374894592|3136262144|gen_data_d97a59ef1449e38e|__AUTOMETRIC__
__AUTOMETRIC__|0.1.2|2146954|crew_log_bb3b01d89aa1c903|0|1786748367.741|98.883|0.515|374894592|3136262144|gen_data_d97a59ef1449e38e|__AUTOMETRIC__
__AUTOMETRIC__|0.1.2|2146954|crew_log_bb3b01d89aa1c903|0|1786748368.742|99.847|0.520|374894592|3136262144|gen_data_d97a59ef1449e38e|__AUTOMETRIC__
__AUTOMETRIC__|0.1.2|2146954|crew_log_bb3b01d89aa1c903|0|1786748369.744|98.855|0.515|374894592|3136262144|gen_data_d97a59ef1449e38e|__AUTOMETRIC__
__AUTOMETRIC__|0.1.2|2146954|crew_log_bb3b01d89aa1c903|0|1786748370.745|99.853|0.520|374894592|3136262144|gen_data_d97a59ef1449e38e|__AUTOMETRIC__
__AUTOMETRIC__|0.1.2|2146954|crew_log_bb3b01d89aa1c903|0|1786748371.747|98.868|0.515|374894592|3136262144|gen_data_d97a59ef1449e38e|__AUTOMETRIC__
__AUTOMETRIC__|0.1.2|2146954|crew_log_bb3b01d89aa1c903|0|1786748372.759|99.806|0.520|374894592|3136262144|gen_data_d97a59ef1449e38e|__AUTOMETRIC__
__AUTOMETRIC__|0.1.2|2146954|crew_log_bb3b01d89aa1c903|0|1786748373.760|98.884|0.515|374894592|3136262144|gen_data_d97a59ef1449e38e|__AUTOMETRIC__
__AUTOMETRIC__|0.1.2|2146954|crew_log_bb3b01d89aa1c903|0|1786748374.761|98.887|0.515|374894592|3136262144|gen_data_d97a59ef1449e38e|__AUTOMETRIC__
__AUTOMETRIC__|0.1.2|2146954|crew_log_bb3b01d89aa1c903|0|1786748375.762|99.879|0.520|374894592|3136262144|gen_data_d97a59ef1449e38e|__AUTOMETRIC__
__AUTOMETRIC__|0.1.2|2146954|crew_log_bb3b01d89aa1c903|0|1786748376.764|98.866|0.515|374894592|3136262144|gen_data_d97a59ef1449e38e|__AUTOMETRIC__
__AUTOMETRIC__|0.1.2|2146954|crew_log_bb3b01d89aa1c903|0|1786748377.765|99.874|0.520|374894592|3136262144|gen_data_d97a59ef1449e38e|__AUTOMETRIC__
__AUTOMETRIC__|0.1.2|2146954|crew_log_bb3b01d89aa1c903|0|1786748378.767|98.835|0.515|374894592|3136262144|gen_data_d97a59ef1449e38e|__AUTOMETRIC__
__AUTOMETRIC__|0.1.2|2146954|crew_log_bb3b01d89aa1c903|0|1786748379.771|99.596|0.519|374894592|3136262144|gen_data_d97a59ef1449e38e|__AUTOMETRIC__
__AUTOMETRIC__|0.1.2|2146954|crew_log_bb3b01d89aa1c903|0|1786748380.788|99.312|0.517|374894592|3136262144|gen_data_d97a59ef1449e38e|__AUTOMETRIC__
__AUTOMETRIC__|0.1.2|2146954|crew_log_bb3b01d89aa1c903|0|1786748381.800|98.799|0.515|374894592|3136262144|gen_data_d97a59ef1449e38e|__AUTOMETRIC__
__AUTOMETRIC__|0.1.2|2146954|crew_log_bb3b01d89aa1c903|0|1786748382.801|99.876|0.520|374894592|3136262144|gen_data_d97a59ef1449e38e|__AUTOMETRIC__
__AUTOMETRIC__|0.1.2|2146954|crew_log_bb3b01d89aa1c903|0|1786748383.802|98.876|0.515|374894592|3136262144|gen_data_d97a59ef1449e38e|__AUTOMETRIC__
__AUTOMETRIC__|0.1.2|2146954|crew_log_bb3b01d89aa1c903|0|1786748384.805|99.741|0.519|374894592|3136262144|gen_data_d97a59ef1449e38e|__AUTOMETRIC__
__AUTOMETRIC__|0.1.2|2146954|crew_log_bb3b01d89aa1c903|0|1786748385.806|98.862|0.515|374894592|3136262144|gen_data_d97a59ef1449e38e|__AUTOMETRIC__
__AUTOMETRIC__|0.1.2|2146954|crew_log_bb3b01d89aa1c903|0|1786748386.808|98.839|0.515|374894592|3136262144|gen_data_d97a59ef1449e38e|__AUTOMETRIC__
__AUTOMETRIC__|0.1.2|2146954|crew_log_bb3b01d89aa1c903|0|1786748387.809|99.853|0.520|374894592|3136262144|gen_data_d97a59ef1449e38e|__AUTOMETRIC__
__AUTOMETRIC__|0.1.2|2146954|crew_log_bb3b01d89aa1c903|0|1786748388.811|98.851|0.515|374894592|3136262144|gen_data_d97a59ef1449e38e|__AUTOMETRIC__
__AUTOMETRIC__|0.1.2|2146954|crew_log_bb3b01d89aa1c903|0|1786748389.812|99.863|0.520|374894592|3136262144|gen_data_d97a59ef1449e38e|__AUTOMETRIC__
__AUTOMETRIC__|0.1.2|2146954|crew_log_bb3b01d89aa1c903|0|1786748390.813|98.873|0.515|374894592|3136262144|gen_data_d97a59ef1449e38e|__AUTOMETRIC__
__AUTOMETRIC__|0.1.2|2146954|crew_log_bb3b01d89aa1c903|0|1786748391.815|99.865|0.520|374894592|3136262144|gen_data_d97a59ef1449e38e|__AUTOMETRIC__
__AUTOMETRIC__|0.1.2|2146954|crew_log_bb3b01d89aa1c903|0|1786748392.816|98.861|0.515|374894592|3136262144|gen_data_d97a59ef1449e38e|__AUTOMETRIC__
__AUTOMETRIC__|0.1.2|2146954|crew_log_bb3b01d89aa1c903|0|1786748393.817|98.877|0.515|374894592|3136262144|gen_data_d97a59ef1449e38e|__AUTOMETRIC__
__AUTOMETRIC__|0.1.2|2146954|crew_log_bb3b01d89aa1c903|0|1786748394.819|99.871|0.520|374894592|3136262144|gen_data_d97a59ef1449e38e|__AUTOMETRIC__
__AUTOMETRIC__|0.1.2|2146954|crew_log_bb3b01d89aa1c903|0|1786748395.820|98.865|0.515|374894592|3136262144|gen_data_d97a59ef1449e38e|__AUTOMETRIC__
__AUTOMETRIC__|0.1.2|2146954|crew_log_bb3b01d89aa1c903|0|1786748396.822|99.858|0.520|374894592|3136262144|gen_data_d97a59ef1449e38e|__AUTOMETRIC__
__AUTOMETRIC__|0.1.2|2146954|crew_log_bb3b01d89aa1c903|0|1786748397.823|98.859|0.515|374894592|3136262144|gen_data_d97a59ef1449e38e|__AUTOMETRIC__
__AUTOMETRIC__|0.1.2|2146954|crew_log_bb3b01d89aa1c903|0|1786748398.825|98.849|0.515|374894592|3136262144|gen_data_d97a59ef1449e38e|__AUTOMETRIC__
__AUTOMETRIC__|0.1.2|2146954|crew_log_bb3b01d89aa1c903|0|1786748399.826|99.858|0.520|374894592|3136262144|gen_data_d97a59ef1449e38e|__AUTOMETRIC__
__AUTOMETRIC__|0.1.2|2146954|crew_log_bb3b01d89aa1c903|0|1786748400.827|98.880|0.515|374894592|3136262144|gen_data_d97a59ef1449e38e|__AUTOMETRIC__
__AUTOMETRIC__|0.1.2|2146954|crew_log_bb3b01d89aa1c903|0|1786748401.829|99.841|0.520|374894592|3136262144|gen_data_d97a59ef1449e38e|__AUTOMETRIC__
__AUTOMETRIC__|0.1.2|2146954|crew_log_bb3b01d89aa1c903|0|1786748402.830|98.873|0.515|374894592|3136262144|gen_data_d97a59ef1449e38e|__AUTOMETRIC__
__AUTOMETRIC__|0.1.2|2146954|crew_log_bb3b01d89aa1c903|0|1786748403.831|99.865|0.520|374894592|3136262144|gen_data_d97a59ef1449e38e|__AUTOMETRIC__
__AUTOMETRIC__|0.1.2|2146954|crew_log_bb3b01d89aa1c903|0|1786748404.833|98.803|0.515|374894592|3136262144|gen_data_d97a59ef1449e38e|__AUTOMETRIC__
__AUTOMETRIC__|0.1.2|2146954|crew_log_bb3b01d89aa1c903|0|1786748405.835|99.862|0.520|374894592|3136262144|gen_data_d97a59ef1449e38e|__AUTOMETRIC__
__AUTOMETRIC__|0.1.2|2146954|crew_log_bb3b01d89aa1c903|0|1786748406.837|98.823|0.515|374894592|3136262144|gen_data_d97a59ef1449e38e|__AUTOMETRIC__
__AUTOMETRIC__|0.1.2|2146954|crew_log_bb3b01d89aa1c903|0|1786748407.838|98.875|0.515|374894592|3136262144|gen_data_d97a59ef1449e38e|__AUTOMETRIC__
__AUTOMETRIC__|0.1.2|2146954|crew_log_bb3b01d89aa1c903|0|1786748408.839|99.837|0.520|374894592|3136262144|gen_data_d97a59ef1449e38e|__AUTOMETRIC__
__AUTOMETRIC__|0.1.2|2146954|crew_log_bb3b01d89aa1c903|0|1786748409.841|98.874|0.515|374894592|3136262144|gen_data_d97a59ef1449e38e|__AUTOMETRIC__
__AUTOMETRIC__|0.1.2|2146954|crew_log_bb3b01d89aa1c903|0|1786748410.842|99.862|0.520|374894592|3136262144|gen_data_d97a59ef1449e38e|__AUTOMETRIC__
__AUTOMETRIC__|0.1.2|2146954|crew_log_bb3b01d89aa1c903|0|1786748411.844|98.850|0.515|374894592|3136262144|gen_data_d97a59ef1449e38e|__AUTOMETRIC__
__AUTOMETRIC__|0.1.2|2146954|crew_log_bb3b01d89aa1c903|0|1786748412.845|98.877|0.515|374894592|3136262144|gen_data_d97a59ef1449e38e|__AUTOMETRIC__
__AUTOMETRIC__|0.1.2|2146954|crew_log_bb3b01d89aa1c903|0|1786748413.846|99.843|0.520|374894592|3136262144|gen_data_d97a59ef1449e38e|__AUTOMETRIC__
__AUTOMETRIC__|0.1.2|2146954|crew_log_bb3b01d89aa1c903|0|1786748414.864|99.285|0.517|374894592|3136262144|gen_data_d97a59ef1449e38e|__AUTOMETRIC__
__AUTOMETRIC__|0.1.2|2146954|crew_log_bb3b01d89aa1c903|0|1786748415.865|98.877|0.515|374894592|3136262144|gen_data_d97a59ef1449e38e|__AUTOMETRIC__
__AUTOMETRIC__|0.1.2|2146954|crew_log_bb3b01d89aa1c903|0|1786748416.875|99.043|0.516|374894592|3136262144|gen_data_d97a59ef1449e38e|__AUTOMETRIC__
__AUTOMETRIC__|0.1.2|2146954|crew_log_bb3b01d89aa1c903|0|1786748417.876|99.880|0.520|374894592|3136262144|gen_data_d97a59ef1449e38e|__AUTOMETRIC__
__AUTOMETRIC__|0.1.2|2146954|crew_log_bb3b01d89aa1c903|0|1786748418.877|98.872|0.515|374894592|3136262144|gen_data_d97a59ef1449e38e|__AUTOMETRIC__
__AUTOMETRIC__|0.1.2|2146954|crew_log_bb3b01d89aa1c903|0|1786748419.878|98.876|0.515|374894592|3136262144|gen_data_d97a59ef1449e38e|__AUTOMETRIC__
__AUTOMETRIC__|0.1.2|2146954|crew_log_bb3b01d89aa1c903|0|1786748420.880|99.854|0.520|374894592|3136262144|gen_data_d97a59ef1449e38e|__AUTOMETRIC__
__AUTOMETRIC__|0.1.2|2146954|crew_log_bb3b01d89aa1c903|0|1786748421.881|98.867|0.515|374894592|3136262144|gen_data_d97a59ef1449e38e|__AUTOMETRIC__
__AUTOMETRIC__|0.1.2|2146954|crew_log_bb3b01d89aa1c903|0|1786748422.883|99.865|0.520|374894592|3136262144|gen_data_d97a59ef1449e38e|__AUTOMETRIC__
__AUTOMETRIC__|0.1.2|2146954|crew_log_bb3b01d89aa1c903|0|1786748423.884|98.879|0.515|374894592|3136262144|gen_data_d97a59ef1449e38e|__AUTOMETRIC__
__AUTOMETRIC__|0.1.2|2146954|crew_log_bb3b01d89aa1c903|0|1786748424.885|98.866|0.515|374894592|3136262144|gen_data_d97a59ef1449e38e|__AUTOMETRIC__
__AUTOMETRIC__|0.1.2|2146954|crew_log_bb3b01d89aa1c903|0|1786748425.886|99.874|0.520|374894592|3136262144|gen_data_d97a59ef1449e38e|__AUTOMETRIC__
__AUTOMETRIC__|0.1.2|2146954|crew_log_bb3b01d89aa1c903|0|1786748426.888|98.873|0.515|374894592|3136262144|gen_data_d97a59ef1449e38e|__AUTOMETRIC__
__AUTOMETRIC__|0.1.2|2146954|crew_log_bb3b01d89aa1c903|0|1786748427.889|98.861|0.515|374894592|3136262144|gen_data_d97a59ef1449e38e|__AUTOMETRIC__
__AUTOMETRIC__|0.1.2|2146954|crew_log_bb3b01d89aa1c903|0|1786748428.890|99.870|0.520|374894592|3136262144|gen_data_d97a59ef1449e38e|__AUTOMETRIC__
__AUTOMETRIC__|0.1.2|2146954|crew_log_bb3b01d89aa1c903|0|1786748429.892|98.884|0.515|374894592|3136262144|gen_data_d97a59ef1449e38e|__AUTOMETRIC__
__AUTOMETRIC__|0.1.2|2146954|crew_log_bb3b01d89aa1c903|0|1786748430.893|100.887|0.525|450392064|3211849728|gen_data_d97a59ef1449e38e|__AUTOMETRIC__
__AUTOMETRIC__|0.1.2|2146954|crew_log_bb3b01d89aa1c903|0|1786748431.894|98.869|0.515|450392064|3212255232|gen_data_d97a59ef1449e38e|__AUTOMETRIC__
__AUTOMETRIC__|0.1.2|2146954|crew_log_bb3b01d89aa1c903|0|1786748432.895|99.884|0.520|450392064|3212390400|gen_data_d97a59ef1449e38e|__AUTOMETRIC__
__AUTOMETRIC__|0.1.2|2146954|crew_log_bb3b01d89aa1c903|0|1786748433.896|98.868|0.515|450392064|3212390400|gen_data_d97a59ef1449e38e|__AUTOMETRIC__
__AUTOMETRIC__|0.1.2|2146954|crew_log_bb3b01d89aa1c903|0|1786748434.898|98.870|0.515|450392064|3212525568|gen_data_d97a59ef1449e38e|__AUTOMETRIC__
__AUTOMETRIC__|0.1.2|2146954|crew_log_bb3b01d89aa1c903|0|1786748435.899|99.869|0.520|451964928|3212931072|gen_data_d97a59ef1449e38e|__AUTOMETRIC__
__AUTOMETRIC__|0.1.2|2146954|crew_log_bb3b01d89aa1c903|0|1786748436.901|98.831|0.515|451964928|3212931072|gen_data_d97a59ef1449e38e|__AUTOMETRIC__
__AUTOMETRIC__|0.1.2|2146954|crew_log_bb3b01d89aa1c903|0|1786748437.902|99.844|0.520|451964928|3212931072|gen_data_d97a59ef1449e38e|__AUTOMETRIC__
__AUTOMETRIC__|0.1.2|2146954|crew_log_bb3b01d89aa1c903|0|1786748438.905|98.732|0.514|451964928|3212931072|gen_data_d97a59ef1449e38e|__AUTOMETRIC__
__AUTOMETRIC__|0.1.2|2146954|crew_log_bb3b01d89aa1c903|0|1786748439.907|99.797|0.520|451964928|3212931072|gen_data_d97a59ef1449e38e|__AUTOMETRIC__
__AUTOMETRIC__|0.1.2|2146954|crew_log_bb3b01d89aa1c903|0|1786748440.909|98.837|0.515|451964928|3212931072|gen_data_d97a59ef1449e38e|__AUTOMETRIC__
__AUTOMETRIC__|0.1.2|2146954|crew_log_bb3b01d89aa1c903|0|1786748441.911|99.747|0.520|451964928|3212931072|gen_data_d97a59ef1449e38e|__AUTOMETRIC__
__AUTOMETRIC__|0.1.2|2146954|crew_log_bb3b01d89aa1c903|0|1786748442.913|98.782|0.514|451964928|3212931072|gen_data_d97a59ef1449e38e|__AUTOMETRIC__
__AUTOMETRIC__|0.1.2|2146954|crew_log_bb3b01d89aa1c903|0|1786748443.916|98.792|0.515|451964928|3213201408|gen_data_d97a59ef1449e38e|__AUTOMETRIC__
__AUTOMETRIC__|0.1.2|2146954|crew_log_bb3b01d89aa1c903|0|1786748444.917|99.825|0.520|451964928|3213201408|gen_data_d97a59ef1449e38e|__AUTOMETRIC__
__AUTOMETRIC__|0.1.2|2146954|crew_log_bb3b01d89aa1c903|0|1786748445.919|98.794|0.515|451964928|3213201408|gen_data_d97a59ef1449e38e|__AUTOMETRIC__
__AUTOMETRIC__|0.1.2|2146954|crew_log_bb3b01d89aa1c903|0|1786748446.922|93.716|0.488|461402112|3292368896|gen_data_0428a185b08c9da8|__AUTOMETRIC__
__AUTOMETRIC__|0.1.2|2146954|crew_log_bb3b01d89aa1c903|0|1786748447.925|98.780|0.514|461402112|3292368896|gen_data_0428a185b08c9da8|__AUTOMETRIC__
__AUTOMETRIC__|0.1.2|2146954|crew_log_bb3b01d89aa1c903|0|1786748448.927|99.795|0.520|461402112|3292368896|gen_data_0428a185b08c9da8|__AUTOMETRIC__
__AUTOMETRIC__|0.1.2|2146954|crew_log_bb3b01d89aa1c903|0|1786748449.929|98.813|0.515|461402112|3292368896|gen_data_0428a185b08c9da8|__AUTOMETRIC__
__AUTOMETRIC__|0.1.2|2146954|crew_log_bb3b01d89aa1c903|0|1786748450.930|98.825|0.515|461402112|3292368896|gen_data_0428a185b08c9da8|__AUTOMETRIC__
__AUTOMETRIC__|0.1.2|2146954|crew_log_bb3b01d89aa1c903|0|1786748451.933|99.773|0.520|461402112|3292368896|gen_data_0428a185b08c9da8|__AUTOMETRIC__
__AUTOMETRIC__|0.1.2|2146954|crew_log_bb3b01d89aa1c903|0|1786748452.934|98.881|0.515|461402112|3292368896|gen_data_0428a185b08c9da8|__AUTOMETRIC__
__AUTOMETRIC__|0.1.2|2146954|crew_log_bb3b01d89aa1c903|0|1786748453.935|98.858|0.515|461402112|3292368896|gen_data_0428a185b08c9da8|__AUTOMETRIC__
__AUTOMETRIC__|0.1.2|2146954|crew_log_bb3b01d89aa1c903|0|1786748454.937|100.872|0.525|461402112|3292368896|gen_data_0428a185b08c9da8|__AUTOMETRIC__
__AUTOMETRIC__|0.1.2|2146954|crew_log_bb3b01d89aa1c903|0|1786748455.939|98.719|0.514|461402112|3292368896|gen_data_0428a185b08c9da8|__AUTOMETRIC__
__AUTOMETRIC__|0.1.2|2146954|crew_log_bb3b01d89aa1c903|0|1786748456.941|99.856|0.520|461402112|3292368896|gen_data_0428a185b08c9da8|__AUTOMETRIC__
__AUTOMETRIC__|0.1.2|2146954|crew_log_bb3b01d89aa1c903|0|1786748457.942|98.867|0.515|461402112|3292368896|gen_data_0428a185b08c9da8|__AUTOMETRIC__
__AUTOMETRIC__|0.1.2|2146954|crew_log_bb3b01d89aa1c903|0|1786748458.943|98.879|0.515|461402112|3292368896|gen_data_0428a185b08c9da8|__AUTOMETRIC__
__AUTOMETRIC__|0.1.2|2146954|crew_log_bb3b01d89aa1c903|0|1786748459.945|99.877|0.520|461402112|3292368896|gen_data_0428a185b08c9da8|__AUTOMETRIC__
__AUTOMETRIC__|0.1.2|2146954|crew_log_bb3b01d89aa1c903|0|1786748460.946|98.873|0.515|461402112|3292368896|gen_data_0428a185b08c9da8|__AUTOMETRIC__
__AUTOMETRIC__|0.1.2|2146954|crew_log_bb3b01d89aa1c903|0|1786748461.948|98.830|0.515|461402112|3292368896|gen_data_0428a185b08c9da8|__AUTOMETRIC__
__AUTOMETRIC__|0.1.2|2146954|crew_log_bb3b01d89aa1c903|0|1786748462.951|99.665|0.519|461402112|3292368896|gen_data_0428a185b08c9da8|__AUTOMETRIC__
__AUTOMETRIC__|0.1.2|2146954|crew_log_bb3b01d89aa1c903|0|1786748463.953|98.847|0.515|461402112|3292368896|gen_data_0428a185b08c9da8|__AUTOMETRIC__
__AUTOMETRIC__|0.1.2|2146954|crew_log_bb3b01d89aa1c903|0|1786748464.954|99.879|0.520|461402112|3292368896|gen_data_0428a185b08c9da8|__AUTOMETRIC__
__AUTOMETRIC__|0.1.2|2146954|crew_log_bb3b01d89aa1c903|0|1786748465.955|98.879|0.515|461402112|3292368896|gen_data_0428a185b08c9da8|__AUTOMETRIC__
__AUTOMETRIC__|0.1.2|2146954|crew_log_bb3b01d89aa1c903|0|1786748466.956|98.883|0.515|461402112|3292368896|gen_data_0428a185b08c9da8|__AUTOMETRIC__
__AUTOMETRIC__|0.1.2|2146954|crew_log_bb3b01d89aa1c903|0|1786748467.957|99.878|0.520|461402112|3292368896|gen_data_0428a185b08c9da8|__AUTOMETRIC__
__AUTOMETRIC__|0.1.2|2146954|crew_log_bb3b01d89aa1c903|0|1786748468.959|98.850|0.515|461402112|3292368896|gen_data_0428a185b08c9da8|__AUTOMETRIC__
__AUTOMETRIC__|0.1.2|2146954|crew_log_bb3b01d89aa1c903|0|1786748469.961|99.789|0.520|461402112|3292368896|gen_data_0428a185b08c9da8|__AUTOMETRIC__
__AUTOMETRIC__|0.1.2|2146954|crew_log_bb3b01d89aa1c903|0|1786748470.963|98.838|0.515|461402112|3292368896|gen_data_0428a185b08c9da8|__AUTOMETRIC__
__AUTOMETRIC__|0.1.2|2146954|crew_log_bb3b01d89aa1c903|0|1786748471.965|98.795|0.515|469266432|3299004416|gen_data_0428a185b08c9da8|__AUTOMETRIC__
__AUTOMETRIC__|0.1.2|2146954|crew_log_bb3b01d89aa1c903|0|1786748472.966|98.876|0.515|469266432|3299414016|gen_data_0428a185b08c9da8|__AUTOMETRIC__
__AUTOMETRIC__|0.1.2|2146954|crew_log_bb3b01d89aa1c903|0|1786748473.967|99.857|0.520|469266432|3299414016|gen_data_0428a185b08c9da8|__AUTOMETRIC__
__AUTOMETRIC__|0.1.2|2146954|crew_log_bb3b01d89aa1c903|0|1786748474.969|98.875|0.515|469266432|3299414016|gen_data_0428a185b08c9da8|__AUTOMETRIC__
__AUTOMETRIC__|0.1.2|2146954|crew_log_bb3b01d89aa1c903|0|1786748475.970|99.878|0.520|469266432|3299414016|gen_data_0428a185b08c9da8|__AUTOMETRIC__
__AUTOMETRIC__|0.1.2|2146954|crew_log_bb3b01d89aa1c903|0|1786748476.971|98.851|0.515|469266432|3299414016|gen_data_0428a185b08c9da8|__AUTOMETRIC__
__AUTOMETRIC__|0.1.2|2146954|crew_log_bb3b01d89aa1c903|0|1786748477.974|98.755|0.514|469266432|3299414016|gen_data_0428a185b08c9da8|__AUTOMETRIC__
__AUTOMETRIC__|0.1.2|2146954|crew_log_bb3b01d89aa1c903|0|1786748478.975|98.850|0.515|469266432|3299414016|gen_data_0428a185b08c9da8|__AUTOMETRIC__
__AUTOMETRIC__|0.1.2|2146954|crew_log_bb3b01d89aa1c903|0|1786748479.977|99.868|0.520|469266432|3299414016|gen_data_0428a185b08c9da8|__AUTOMETRIC__
__AUTOMETRIC__|0.1.2|2146954|crew_log_bb3b01d89aa1c903|0|1786748480.978|98.875|0.515|469266432|3299414016|gen_data_0428a185b08c9da8|__AUTOMETRIC__
__AUTOMETRIC__|0.1.2|2146954|crew_log_bb3b01d89aa1c903|0|1786748481.979|99.874|0.520|469266432|3299414016|gen_data_0428a185b08c9da8|__AUTOMETRIC__
__AUTOMETRIC__|0.1.2|2146954|crew_log_bb3b01d89aa1c903|0|1786748482.981|98.861|0.515|469266432|3299414016|gen_data_0428a185b08c9da8|__AUTOMETRIC__
__AUTOMETRIC__|0.1.2|2146954|crew_log_bb3b01d89aa1c903|0|1786748483.982|98.867|0.515|469266432|3299414016|gen_data_0428a185b08c9da8|__AUTOMETRIC__
__AUTOMETRIC__|0.1.2|2146954|crew_log_bb3b01d89aa1c903|0|1786748484.983|99.882|0.520|469266432|3299414016|gen_data_0428a185b08c9da8|__AUTOMETRIC__
__AUTOMETRIC__|0.1.2|2146954|crew_log_bb3b01d89aa1c903|0|1786748485.987|98.591|0.513|469266432|3299414016|gen_data_0428a185b08c9da8|__AUTOMETRIC__
__AUTOMETRIC__|0.1.2|2146954|crew_log_bb3b01d89aa1c903|0|1786748486.989|99.851|0.520|469266432|3299414016|gen_data_0428a185b08c9da8|__AUTOMETRIC__
__AUTOMETRIC__|0.1.2|2146954|crew_log_bb3b01d89aa1c903|0|1786748487.990|98.876|0.515|469266432|3299414016|gen_data_0428a185b08c9da8|__AUTOMETRIC__
__AUTOMETRIC__|0.1.2|2146954|crew_log_bb3b01d89aa1c903|0|1786748488.991|98.875|0.515|469266432|3299414016|gen_data_0428a185b08c9da8|__AUTOMETRIC__
__AUTOMETRIC__|0.1.2|2146954|crew_log_bb3b01d89aa1c903|0|1786748489.993|99.875|0.520|469266432|3299414016|gen_data_0428a185b08c9da8|__AUTOMETRIC__
__AUTOMETRIC__|0.1.2|2146954|crew_log_bb3b01d89aa1c903|0|1786748490.994|98.872|0.515|469266432|3299414016|gen_data_0428a185b08c9da8|__AUTOMETRIC__
__AUTOMETRIC__|0.1.2|2146954|crew_log_bb3b01d89aa1c903|0|1786748491.995|98.870|0.515|469266432|3299414016|gen_data_0428a185b08c9da8|__AUTOMETRIC__
__AUTOMETRIC__|0.1.2|2146954|crew_log_bb3b01d89aa1c903|0|1786748492.997|99.856|0.520|469266432|3299414016|gen_data_0428a185b08c9da8|__AUTOMETRIC__
__AUTOMETRIC__|0.1.2|2146954|crew_log_bb3b01d89aa1c903|0|1786748493.998|98.865|0.515|469266432|3299414016|gen_data_0428a185b08c9da8|__AUTOMETRIC__
__AUTOMETRIC__|0.1.2|2146954|crew_log_bb3b01d89aa1c903|0|1786748494.999|98.878|0.515|469266432|3299414016|gen_data_0428a185b08c9da8|__AUTOMETRIC__
__AUTOMETRIC__|0.1.2|2146954|crew_log_bb3b01d89aa1c903|0|1786748496.001|99.871|0.520|469266432|3299414016|gen_data_0428a185b08c9da8|__AUTOMETRIC__
__AUTOMETRIC__|0.1.2|2146954|crew_log_bb3b01d89aa1c903|0|1786748497.002|98.868|0.515|469266432|3299414016|gen_data_0428a185b08c9da8|__AUTOMETRIC__
__AUTOMETRIC__|0.1.2|2146954|crew_log_bb3b01d89aa1c903|0|1786748498.003|98.860|0.515|469266432|3299414016|gen_data_0428a185b08c9da8|__AUTOMETRIC__
__AUTOMETRIC__|0.1.2|2146954|crew_log_bb3b01d89aa1c903|0|1786748499.006|98.771|0.514|469266432|3299414016|gen_data_0428a185b08c9da8|__AUTOMETRIC__
__AUTOMETRIC__|0.1.2|2146954|crew_log_bb3b01d89aa1c903|0|1786748500.007|99.821|0.520|469266432|3299414016|gen_data_0428a185b08c9da8|__AUTOMETRIC__
__AUTOMETRIC__|0.1.2|2146954|crew_log_bb3b01d89aa1c903|0|1786748501.009|98.853|0.515|469266432|3299414016|gen_data_0428a185b08c9da8|__AUTOMETRIC__
__AUTOMETRIC__|0.1.2|2146954|crew_log_bb3b01d89aa1c903|0|1786748502.011|98.790|0.515|469266432|3299414016|gen_data_0428a185b08c9da8|__AUTOMETRIC__
__AUTOMETRIC__|0.1.2|2146954|crew_log_bb3b01d89aa1c903|0|1786748503.013|99.839|0.520|469266432|3299414016|gen_data_0428a185b08c9da8|__AUTOMETRIC__
__AUTOMETRIC__|0.1.2|2146954|crew_log_bb3b01d89aa1c903|0|1786748504.014|98.826|0.515|469266432|3299414016|gen_data_0428a185b08c9da8|__AUTOMETRIC__
__AUTOMETRIC__|0.1.2|2146954|crew_log_bb3b01d89aa1c903|0|1786748505.018|98.694|0.514|469266432|3299414016|gen_data_0428a185b08c9da8|__AUTOMETRIC__
__AUTOMETRIC__|0.1.2|2146954|crew_log_bb3b01d89aa1c903|0|1786748506.020|99.749|0.520|469266432|3299414016|gen_data_0428a185b08c9da8|__AUTOMETRIC__
__AUTOMETRIC__|0.1.2|2146954|crew_log_bb3b01d89aa1c903|0|1786748507.023|98.717|0.514|469266432|3299414016|gen_data_0428a185b08c9da8|__AUTOMETRIC__
__AUTOMETRIC__|0.1.2|2146954|crew_log_bb3b01d89aa1c903|0|1786748508.026|99.707|0.519|469266432|3299414016|gen_data_0428a185b08c9da8|__AUTOMETRIC__
__AUTOMETRIC__|0.1.2|2146954|crew_log_bb3b01d89aa1c903|0|1786748509.027|98.851|0.515|469266432|3299414016|gen_data_0428a185b08c9da8|__AUTOMETRIC__
__AUTOMETRIC__|0.1.2|2146954|crew_log_bb3b01d89aa1c903|0|1786748510.030|99.779|0.520|469266432|3299414016|gen_data_0428a185b08c9da8|__AUTOMETRIC__
__AUTOMETRIC__|0.1.2|2146954|crew_log_bb3b01d89aa1c903|0|1786748511.031|98.866|0.515|469266432|3299414016|gen_data_0428a185b08c9da8|__AUTOMETRIC__
__AUTOMETRIC__|0.1.2|2146954|crew_log_bb3b01d89aa1c903|0|1786748512.032|98.868|0.515|469266432|3299414016|gen_data_0428a185b08c9da8|__AUTOMETRIC__
__AUTOMETRIC__|0.1.2|2146954|crew_log_bb3b01d89aa1c903|0|1786748513.034|98.874|0.515|469266432|3299414016|gen_data_0428a185b08c9da8|__AUTOMETRIC__
__AUTOMETRIC__|0.1.2|2146954|crew_log_bb3b01d89aa1c903|0|1786748514.035|99.849|0.520|469266432|3299414016|gen_data_0428a185b08c9da8|__AUTOMETRIC__
__AUTOMETRIC__|0.1.2|2146954|crew_log_bb3b01d89aa1c903|0|1786748515.036|98.871|0.515|469266432|3299414016|gen_data_0428a185b08c9da8|__AUTOMETRIC__
__AUTOMETRIC__|0.1.2|2146954|crew_log_bb3b01d89aa1c903|0|1786748516.038|98.876|0.515|469266432|3299414016|gen_data_0428a185b08c9da8|__AUTOMETRIC__
__AUTOMETRIC__|0.1.2|2146954|crew_log_bb3b01d89aa1c903|0|1786748517.039|99.873|0.520|469266432|3299414016|gen_data_0428a185b08c9da8|__AUTOMETRIC__
__AUTOMETRIC__|0.1.2|2146954|crew_log_bb3b01d89aa1c903|0|1786748518.040|98.874|0.515|469266432|3299414016|gen_data_0428a185b08c9da8|__AUTOMETRIC__
__AUTOMETRIC__|0.1.2|2146954|crew_log_bb3b01d89aa1c903|0|1786748519.041|98.870|0.515|469266432|3299414016|gen_data_0428a185b08c9da8|__AUTOMETRIC__
__AUTOMETRIC__|0.1.2|2146954|crew_log_bb3b01d89aa1c903|0|1786748520.043|98.861|0.515|469266432|3299414016|gen_data_0428a185b08c9da8|__AUTOMETRIC__
__AUTOMETRIC__|0.1.2|2146954|crew_log_bb3b01d89aa1c903|0|1786748521.044|98.852|0.515|469266432|3299414016|gen_data_0428a185b08c9da8|__AUTOMETRIC__
__AUTOMETRIC__|0.1.2|2146954|crew_log_bb3b01d89aa1c903|0|1786748522.046|99.873|0.520|469266432|3299414016|gen_data_0428a185b08c9da8|__AUTOMETRIC__
__AUTOMETRIC__|0.1.2|2146954|crew_log_bb3b01d89aa1c903|0|1786748523.047|98.859|0.515|469266432|3299414016|gen_data_0428a185b08c9da8|__AUTOMETRIC__
__AUTOMETRIC__|0.1.2|2146954|crew_log_bb3b01d89aa1c903|0|1786748524.048|98.875|0.515|469266432|3299414016|gen_data_0428a185b08c9da8|__AUTOMETRIC__
__AUTOMETRIC__|0.1.2|2146954|crew_log_bb3b01d89aa1c903|0|1786748525.051|99.697|0.519|469266432|3299414016|gen_data_0428a185b08c9da8|__AUTOMETRIC__
__AUTOMETRIC__|0.1.2|2146954|crew_log_bb3b01d89aa1c903|0|1786748526.053|98.878|0.515|469266432|3299414016|gen_data_0428a185b08c9da8|__AUTOMETRIC__
__AUTOMETRIC__|0.1.2|2146954|crew_log_bb3b01d89aa1c903|0|1786748527.055|99.772|0.520|469266432|3299414016|gen_data_0428a185b08c9da8|__AUTOMETRIC__
__AUTOMETRIC__|0.1.2|2146954|crew_log_bb3b01d89aa1c903|0|1786748528.056|99.884|0.520|469266432|3299414016|gen_data_0428a185b08c9da8|__AUTOMETRIC__
__AUTOMETRIC__|0.1.2|2146954|crew_log_bb3b01d89aa1c903|0|1786748529.057|98.861|0.515|469266432|3299414016|gen_data_0428a185b08c9da8|__AUTOMETRIC__
__AUTOMETRIC__|0.1.2|2146954|crew_log_bb3b01d89aa1c903|0|1786748530.059|98.853|0.515|469266432|3299414016|gen_data_0428a185b08c9da8|__AUTOMETRIC__
__AUTOMETRIC__|0.1.2|2146954|crew_log_bb3b01d89aa1c903|0|1786748531.060|99.874|0.520|469266432|3299414016|gen_data_0428a185b08c9da8|__AUTOMETRIC__
__AUTOMETRIC__|0.1.2|2146954|crew_log_bb3b01d89aa1c903|0|1786748532.061|98.878|0.515|469266432|3299414016|gen_data_0428a185b08c9da8|__AUTOMETRIC__
__AUTOMETRIC__|0.1.2|2146954|crew_log_bb3b01d89aa1c903|0|1786748533.065|99.669|0.519|469266432|3299414016|gen_data_0428a185b08c9da8|__AUTOMETRIC__
__AUTOMETRIC__|0.1.2|2146954|crew_log_bb3b01d89aa1c903|0|1786748534.066|98.864|0.515|469266432|3299414016|gen_data_0428a185b08c9da8|__AUTOMETRIC__
__AUTOMETRIC__|0.1.2|2146954|crew_log_bb3b01d89aa1c903|0|1786748535.081|99.546|0.518|469266432|3299414016|gen_data_0428a185b08c9da8|__AUTOMETRIC__
__AUTOMETRIC__|0.1.2|2146954|crew_log_bb3b01d89aa1c903|0|1786748536.082|98.826|0.515|469266432|3299414016|gen_data_0428a185b08c9da8|__AUTOMETRIC__
__AUTOMETRIC__|0.1.2|2146954|crew_log_bb3b01d89aa1c903|0|1786748537.085|98.764|0.514|469266432|3299414016|gen_data_0428a185b08c9da8|__AUTOMETRIC__
__AUTOMETRIC__|0.1.2|2146954|crew_log_bb3b01d89aa1c903|0|1786748538.086|99.851|0.520|469266432|3299414016|gen_data_0428a185b08c9da8|__AUTOMETRIC__
__AUTOMETRIC__|0.1.2|2146954|crew_log_bb3b01d89aa1c903|0|1786748539.088|98.871|0.515|469266432|3299414016|gen_data_0428a185b08c9da8|__AUTOMETRIC__
__AUTOMETRIC__|0.1.2|2146954|crew_log_bb3b01d89aa1c903|0|1786748540.089|98.859|0.515|469266432|3299414016|gen_data_0428a185b08c9da8|__AUTOMETRIC__
__AUTOMETRIC__|0.1.2|2146954|crew_log_bb3b01d89aa1c903|0|1786748541.092|99.691|0.519|469266432|3299414016|gen_data_0428a185b08c9da8|__AUTOMETRIC__
__AUTOMETRIC__|0.1.2|2146954|crew_log_bb3b01d89aa1c903|0|1786748542.094|98.862|0.515|469266432|3299414016|gen_data_0428a185b08c9da8|__AUTOMETRIC__
__AUTOMETRIC__|0.1.2|2146954|crew_log_bb3b01d89aa1c903|0|1786748543.095|98.875|0.515|469266432|3299414016|gen_data_0428a185b08c9da8|__AUTOMETRIC__
__AUTOMETRIC__|0.1.2|2146954|crew_log_bb3b01d89aa1c903|0|1786748544.096|99.871|0.520|469266432|3299414016|gen_data_0428a185b08c9da8|__AUTOMETRIC__
__AUTOMETRIC__|0.1.2|2146954|crew_log_bb3b01d89aa1c903|0|1786748545.098|98.849|0.515|469266432|3299414016|gen_data_0428a185b08c9da8|__AUTOMETRIC__
__AUTOMETRIC__|0.1.2|2146954|crew_log_bb3b01d89aa1c903|0|1786748546.099|98.846|0.515|469266432|3299414016|gen_data_0428a185b08c9da8|__AUTOMETRIC__
__AUTOMETRIC__|0.1.2|2146954|crew_log_bb3b01d89aa1c903|0|1786748547.101|98.848|0.515|469266432|3299414016|gen_data_0428a185b08c9da8|__AUTOMETRIC__
__AUTOMETRIC__|0.1.2|2146954|crew_log_bb3b01d89aa1c903|0|1786748548.102|98.855|0.515|469266432|3299414016|gen_data_0428a185b08c9da8|__AUTOMETRIC__
__AUTOMETRIC__|0.1.2|2146954|crew_log_bb3b01d89aa1c903|0|1786748549.104|99.796|0.520|469266432|3299414016|gen_data_0428a185b08c9da8|__AUTOMETRIC__
__AUTOMETRIC__|0.1.2|2146954|crew_log_bb3b01d89aa1c903|0|1786748550.106|98.851|0.515|469266432|3299414016|gen_data_0428a185b08c9da8|__AUTOMETRIC__
__AUTOMETRIC__|0.1.2|2146954|crew_log_bb3b01d89aa1c903|0|1786748551.107|98.873|0.515|469266432|3299414016|gen_data_0428a185b08c9da8|__AUTOMETRIC__
__AUTOMETRIC__|0.1.2|2146954|crew_log_bb3b01d89aa1c903|0|1786748552.108|99.872|0.520|469266432|3299414016|gen_data_0428a185b08c9da8|__AUTOMETRIC__
__AUTOMETRIC__|0.1.2|2146954|crew_log_bb3b01d89aa1c903|0|1786748553.110|98.862|0.515|469266432|3299414016|gen_data_0428a185b08c9da8|__AUTOMETRIC__
__AUTOMETRIC__|0.1.2|2146954|crew_log_bb3b01d89aa1c903|0|1786748554.112|98.824|0.515|469266432|3299414016|gen_data_0428a185b08c9da8|__AUTOMETRIC__
__AUTOMETRIC__|0.1.2|2146954|crew_log_bb3b01d89aa1c903|0|1786748555.113|99.848|0.520|469266432|3299414016|gen_data_0428a185b08c9da8|__AUTOMETRIC__
__AUTOMETRIC__|0.1.2|2146954|crew_log_bb3b01d89aa1c903|0|1786748556.116|98.743|0.514|469266432|3299414016|gen_data_0428a185b08c9da8|__AUTOMETRIC__
__AUTOMETRIC__|0.1.2|2146954|crew_log_bb3b01d89aa1c903|0|1786748557.121|99.495|0.518|469266432|3299414016|gen_data_0428a185b08c9da8|__AUTOMETRIC__
__AUTOMETRIC__|0.1.2|2146954|crew_log_bb3b01d89aa1c903|0|1786748558.122|98.871|0.515|469266432|3299414016|gen_data_0428a185b08c9da8|__AUTOMETRIC__
__AUTOMETRIC__|0.1.2|2146954|crew_log_bb3b01d89aa1c903|0|1786748559.124|98.848|0.515|469266432|3299414016|gen_data_0428a185b08c9da8|__AUTOMETRIC__
__AUTOMETRIC__|0.1.2|2146954|crew_log_bb3b01d89aa1c903|0|1786748560.125|99.857|0.520|469266432|3299414016|gen_data_0428a185b08c9da8|__AUTOMETRIC__
__AUTOMETRIC__|0.1.2|2146954|crew_log_bb3b01d89aa1c903|0|1786748561.126|98.875|0.515|469266432|3299414016|gen_data_0428a185b08c9da8|__AUTOMETRIC__
__AUTOMETRIC__|0.1.2|2146954|crew_log_bb3b01d89aa1c903|0|1786748562.128|98.872|0.515|469266432|3299414016|gen_data_0428a185b08c9da8|__AUTOMETRIC__
__AUTOMETRIC__|0.1.2|2146954|crew_log_bb3b01d89aa1c903|0|1786748563.129|99.874|0.520|469266432|3299414016|gen_data_0428a185b08c9da8|__AUTOMETRIC__
__AUTOMETRIC__|0.1.2|2146954|crew_log_bb3b01d89aa1c903|0|1786748564.130|98.846|0.515|469266432|3299414016|gen_data_0428a185b08c9da8|__AUTOMETRIC__
__AUTOMETRIC__|0.1.2|2146954|crew_log_bb3b01d89aa1c903|0|1786748565.132|99.865|0.520|469266432|3299414016|gen_data_0428a185b08c9da8|__AUTOMETRIC__
__AUTOMETRIC__|0.1.2|2146954|crew_log_bb3b01d89aa1c903|0|1786748566.133|98.871|0.515|469266432|3299414016|gen_data_0428a185b08c9da8|__AUTOMETRIC__
__AUTOMETRIC__|0.1.2|2146954|crew_log_bb3b01d89aa1c903|0|1786748567.134|98.874|0.515|469266432|3299414016|gen_data_0428a185b08c9da8|__AUTOMETRIC__
__AUTOMETRIC__|0.1.2|2146954|crew_log_bb3b01d89aa1c903|0|1786748568.136|98.854|0.515|469266432|3299414016|gen_data_0428a185b08c9da8|__AUTOMETRIC__
__AUTOMETRIC__|0.1.2|2146954|crew_log_bb3b01d89aa1c903|0|1786748569.137|99.858|0.520|469266432|3299414016|gen_data_0428a185b08c9da8|__AUTOMETRIC__
__AUTOMETRIC__|0.1.2|2146954|crew_log_bb3b01d89aa1c903|0|1786748570.138|98.878|0.515|469266432|3299414016|gen_data_0428a185b08c9da8|__AUTOMETRIC__
__AUTOMETRIC__|0.1.2|2146954|crew_log_bb3b01d89aa1c903|0|1786748571.140|98.820|0.515|469266432|3299414016|gen_data_0428a185b08c9da8|__AUTOMETRIC__
__AUTOMETRIC__|0.1.2|2146954|crew_log_bb3b01d89aa1c903|0|1786748572.142|99.869|0.520|469266432|3299414016|gen_data_0428a185b08c9da8|__AUTOMETRIC__
__AUTOMETRIC__|0.1.2|2146954|crew_log_bb3b01d89aa1c903|0|1786748573.143|98.882|0.515|469266432|3299414016|gen_data_0428a185b08c9da8|__AUTOMETRIC__
__AUTOMETRIC__|0.1.2|2146954|crew_log_bb3b01d89aa1c903|0|1786748574.144|98.833|0.515|469266432|3299414016|gen_data_0428a185b08c9da8|__AUTOMETRIC__
__AUTOMETRIC__|0.1.2|2146954|crew_log_bb3b01d89aa1c903|0|1786748575.146|99.856|0.520|469266432|3299414016|gen_data_0428a185b08c9da8|__AUTOMETRIC__
__AUTOMETRIC__|0.1.2|2146954|crew_log_bb3b01d89aa1c903|0|1786748576.147|98.862|0.515|469266432|3299414016|gen_data_0428a185b08c9da8|__AUTOMETRIC__
__AUTOMETRIC__|0.1.2|2146954|crew_log_bb3b01d89aa1c903|0|1786748577.149|98.867|0.515|469266432|3299414016|gen_data_0428a185b08c9da8|__AUTOMETRIC__
__AUTOMETRIC__|0.1.2|2146954|crew_log_bb3b01d89aa1c903|0|1786748578.150|98.879|0.515|469266432|3299414016|gen_data_0428a185b08c9da8|__AUTOMETRIC__
__AUTOMETRIC__|0.1.2|2146954|crew_log_bb3b01d89aa1c903|0|1786748579.151|99.834|0.520|469266432|3299414016|gen_data_0428a185b08c9da8|__AUTOMETRIC__
__AUTOMETRIC__|0.1.2|2146954|crew_log_bb3b01d89aa1c903|0|1786748580.153|98.861|0.515|469266432|3299414016|gen_data_0428a185b08c9da8|__AUTOMETRIC__
__AUTOMETRIC__|0.1.2|2146954|crew_log_bb3b01d89aa1c903|0|1786748581.154|99.865|0.520|469266432|3299414016|gen_data_0428a185b08c9da8|__AUTOMETRIC__
__AUTOMETRIC__|0.1.2|2146954|crew_log_bb3b01d89aa1c903|0|1786748582.156|98.874|0.515|469266432|3299414016|gen_data_0428a185b08c9da8|__AUTOMETRIC__
__AUTOMETRIC__|0.1.2|2146954|crew_log_bb3b01d89aa1c903|0|1786748583.157|99.876|0.520|469266432|3299414016|gen_data_0428a185b08c9da8|__AUTOMETRIC__
__AUTOMETRIC__|0.1.2|2146954|crew_log_bb3b01d89aa1c903|0|1786748584.159|98.790|0.515|469266432|3299414016|gen_data_0428a185b08c9da8|__AUTOMETRIC__
__AUTOMETRIC__|0.1.2|2146954|crew_log_bb3b01d89aa1c903|0|1786748585.160|98.857|0.515|469266432|3299414016|gen_data_0428a185b08c9da8|__AUTOMETRIC__
__AUTOMETRIC__|0.1.2|2146954|crew_log_bb3b01d89aa1c903|0|1786748586.162|98.861|0.515|469266432|3299414016|gen_data_0428a185b08c9da8|__AUTOMETRIC__
__AUTOMETRIC__|0.1.2|2146954|crew_log_bb3b01d89aa1c903|0|1786748587.163|99.870|0.520|469266432|3299414016|gen_data_0428a185b08c9da8|__AUTOMETRIC__
__AUTOMETRIC__|0.1.2|2146954|crew_log_bb3b01d89aa1c903|0|1786748588.164|98.864|0.515|469266432|3299414016|gen_data_0428a185b08c9da8|__AUTOMETRIC__
__AUTOMETRIC__|0.1.2|2146954|crew_log_bb3b01d89aa1c903|0|1786748589.166|99.850|0.520|469266432|3299414016|gen_data_0428a185b08c9da8|__AUTOMETRIC__
__AUTOMETRIC__|0.1.2|2146954|crew_log_bb3b01d89aa1c903|0|1786748590.167|98.856|0.515|469266432|3299414016|gen_data_0428a185b08c9da8|__AUTOMETRIC__
__AUTOMETRIC__|0.1.2|2146954|crew_log_bb3b01d89aa1c903|0|1786748591.169|99.869|0.520|469266432|3299414016|gen_data_0428a185b08c9da8|__AUTOMETRIC__
__AUTOMETRIC__|0.1.2|2146954|crew_log_bb3b01d89aa1c903|0|1786748592.171|98.821|0.515|469266432|3299414016|gen_data_0428a185b08c9da8|__AUTOMETRIC__
__AUTOMETRIC__|0.1.2|2146954|crew_log_bb3b01d89aa1c903|0|1786748593.172|98.848|0.515|469266432|3299414016|gen_data_0428a185b08c9da8|__AUTOMETRIC__
__AUTOMETRIC__|0.1.2|2146954|crew_log_bb3b01d89aa1c903|0|1786748594.173|99.881|0.520|469266432|3299414016|gen_data_0428a185b08c9da8|__AUTOMETRIC__
__AUTOMETRIC__|0.1.2|2146954|crew_log_bb3b01d89aa1c903|0|1786748595.175|98.862|0.515|469266432|3299414016|gen_data_0428a185b08c9da8|__AUTOMETRIC__
__AUTOMETRIC__|0.1.2|2146954|crew_log_bb3b01d89aa1c903|0|1786748596.176|98.832|0.515|469266432|3299414016|gen_data_0428a185b08c9da8|__AUTOMETRIC__
__AUTOMETRIC__|0.1.2|2146954|crew_log_bb3b01d89aa1c903|0|1786748597.178|99.853|0.520|469266432|3299414016|gen_data_0428a185b08c9da8|__AUTOMETRIC__
__AUTOMETRIC__|0.1.2|2146954|crew_log_bb3b01d89aa1c903|0|1786748598.179|98.862|0.515|469266432|3299414016|gen_data_0428a185b08c9da8|__AUTOMETRIC__
__AUTOMETRIC__|0.1.2|2146954|crew_log_bb3b01d89aa1c903|0|1786748599.181|98.853|0.515|469266432|3299414016|gen_data_0428a185b08c9da8|__AUTOMETRIC__
__AUTOMETRIC__|0.1.2|2146954|crew_log_bb3b01d89aa1c903|0|1786748600.182|99.868|0.520|469266432|3299414016|gen_data_0428a185b08c9da8|__AUTOMETRIC__
__AUTOMETRIC__|0.1.2|2146954|crew_log_bb3b01d89aa1c903|0|1786748601.183|98.863|0.515|469266432|3299414016|gen_data_0428a185b08c9da8|__AUTOMETRIC__
__AUTOMETRIC__|0.1.2|2146954|crew_log_bb3b01d89aa1c903|0|1786748602.185|99.861|0.520|469266432|3299414016|gen_data_0428a185b08c9da8|__AUTOMETRIC__
__AUTOMETRIC__|0.1.2|2146954|crew_log_bb3b01d89aa1c903|0|1786748603.186|98.879|0.515|469266432|3299414016|gen_data_0428a185b08c9da8|__AUTOMETRIC__
__AUTOMETRIC__|0.1.2|2146954|crew_log_bb3b01d89aa1c903|0|1786748604.187|98.877|0.515|469266432|3299414016|gen_data_0428a185b08c9da8|__AUTOMETRIC__
__AUTOMETRIC__|0.1.2|2146954|crew_log_bb3b01d89aa1c903|0|1786748605.189|99.860|0.520|469266432|3299414016|gen_data_0428a185b08c9da8|__AUTOMETRIC__
__AUTOMETRIC__|0.1.2|2146954|crew_log_bb3b01d89aa1c903|0|1786748606.201|98.752|0.514|469266432|3299414016|gen_data_0428a185b08c9da8|__AUTOMETRIC__
__AUTOMETRIC__|0.1.2|2146954|crew_log_bb3b01d89aa1c903|0|1786748607.203|99.824|0.520|469266432|3299414016|gen_data_0428a185b08c9da8|__AUTOMETRIC__
__AUTOMETRIC__|0.1.2|2146954|crew_log_bb3b01d89aa1c903|0|1786748608.204|98.866|0.515|469266432|3299414016|gen_data_0428a185b08c9da8|__AUTOMETRIC__
__AUTOMETRIC__|0.1.2|2146954|crew_log_bb3b01d89aa1c903|0|1786748609.206|99.844|0.520|469266432|3299414016|gen_data_0428a185b08c9da8|__AUTOMETRIC__
__AUTOMETRIC__|0.1.2|2146954|crew_log_bb3b01d89aa1c903|0|1786748610.207|98.863|0.515|469266432|3299414016|gen_data_0428a185b08c9da8|__AUTOMETRIC__
__AUTOMETRIC__|0.1.2|2146954|crew_log_bb3b01d89aa1c903|0|1786748611.209|98.873|0.515|469266432|3299414016|gen_data_0428a185b08c9da8|__AUTOMETRIC__
__AUTOMETRIC__|0.1.2|2146954|crew_log_bb3b01d89aa1c903|0|1786748612.210|99.867|0.520|469266432|3299414016|gen_data_0428a185b08c9da8|__AUTOMETRIC__
__AUTOMETRIC__|0.1.2|2146954|crew_log_bb3b01d89aa1c903|0|1786748613.211|98.882|0.515|469266432|3299414016|gen_data_0428a185b08c9da8|__AUTOMETRIC__
__AUTOMETRIC__|0.1.2|2146954|crew_log_bb3b01d89aa1c903|0|1786748614.212|98.887|0.515|469266432|3299414016|gen_data_0428a185b08c9da8|__AUTOMETRIC__
__AUTOMETRIC__|0.1.2|2146954|crew_log_bb3b01d89aa1c903|0|1786748615.214|99.854|0.520|469266432|3299414016|gen_data_0428a185b08c9da8|__AUTOMETRIC__
__AUTOMETRIC__|0.1.2|2146954|crew_log_bb3b01d89aa1c903|0|1786748616.216|98.829|0.515|469266432|3299414016|gen_data_0428a185b08c9da8|__AUTOMETRIC__
__AUTOMETRIC__|0.1.2|2146954|crew_log_bb3b01d89aa1c903|0|1786748617.217|98.859|0.515|469266432|3299414016|gen_data_0428a185b08c9da8|__AUTOMETRIC__
__AUTOMETRIC__|0.1.2|2146954|crew_log_bb3b01d89aa1c903|0|1786748618.219|98.838|0.515|469266432|3299414016|gen_data_0428a185b08c9da8|__AUTOMETRIC__
__AUTOMETRIC__|0.1.2|2146954|crew_log_bb3b01d89aa1c903|0|1786748619.220|99.859|0.520|469266432|3299414016|gen_data_0428a185b08c9da8|__AUTOMETRIC__
__AUTOMETRIC__|0.1.2|2146954|crew_log_bb3b01d89aa1c903|0|1786748620.221|98.868|0.515|469266432|3299414016|gen_data_0428a185b08c9da8|__AUTOMETRIC__
__AUTOMETRIC__|0.1.2|2146954|crew_log_bb3b01d89aa1c903|0|1786748621.223|98.867|0.515|469266432|3299414016|gen_data_0428a185b08c9da8|__AUTOMETRIC__
__AUTOMETRIC__|0.1.2|2146954|crew_log_bb3b01d89aa1c903|0|1786748622.224|99.835|0.520|469266432|3299414016|gen_data_0428a185b08c9da8|__AUTOMETRIC__
__AUTOMETRIC__|0.1.2|2146954|crew_log_bb3b01d89aa1c903|0|1786748623.226|98.852|0.515|469266432|3299414016|gen_data_0428a185b08c9da8|__AUTOMETRIC__
__AUTOMETRIC__|0.1.2|2146954|crew_log_bb3b01d89aa1c903|0|1786748624.228|98.778|0.514|469266432|3299414016|gen_data_0428a185b08c9da8|__AUTOMETRIC__
__AUTOMETRIC__|0.1.2|2146954|crew_log_bb3b01d89aa1c903|0|1786748625.230|99.818|0.520|469266432|3299414016|gen_data_0428a185b08c9da8|__AUTOMETRIC__
__AUTOMETRIC__|0.1.2|2146954|crew_log_bb3b01d89aa1c903|0|1786748626.231|98.863|0.515|469266432|3299414016|gen_data_0428a185b08c9da8|__AUTOMETRIC__
__AUTOMETRIC__|0.1.2|2146954|crew_log_bb3b01d89aa1c903|0|1786748627.233|98.871|0.515|469266432|3299414016|gen_data_0428a185b08c9da8|__AUTOMETRIC__
__AUTOMETRIC__|0.1.2|2146954|crew_log_bb3b01d89aa1c903|0|1786748628.234|99.854|0.520|469266432|3299414016|gen_data_0428a185b08c9da8|__AUTOMETRIC__
__AUTOMETRIC__|0.1.2|2146954|crew_log_bb3b01d89aa1c903|0|1786748629.236|98.805|0.515|469266432|3299414016|gen_data_0428a185b08c9da8|__AUTOMETRIC__
__AUTOMETRIC__|0.1.2|2146954|crew_log_bb3b01d89aa1c903|0|1786748630.237|99.883|0.520|469266432|3299414016|gen_data_0428a185b08c9da8|__AUTOMETRIC__
__AUTOMETRIC__|0.1.2|2146954|crew_log_bb3b01d89aa1c903|0|1786748631.239|98.863|0.515|469266432|3299414016|gen_data_0428a185b08c9da8|__AUTOMETRIC__
__AUTOMETRIC__|0.1.2|2146954|crew_log_bb3b01d89aa1c903|0|1786748632.241|98.746|0.514|469266432|3299414016|gen_data_0428a185b08c9da8|__AUTOMETRIC__
__AUTOMETRIC__|0.1.2|2146954|crew_log_bb3b01d89aa1c903|0|1786748633.243|99.847|0.520|469266432|3299414016|gen_data_0428a185b08c9da8|__AUTOMETRIC__
__AUTOMETRIC__|0.1.2|2146954|crew_log_bb3b01d89aa1c903|0|1786748634.244|98.838|0.515|469266432|3299414016|gen_data_0428a185b08c9da8|__AUTOMETRIC__
__AUTOMETRIC__|0.1.2|2146954|crew_log_bb3b01d89aa1c903|0|1786748635.246|98.866|0.515|469266432|3299414016|gen_data_0428a185b08c9da8|__AUTOMETRIC__
__AUTOMETRIC__|0.1.2|2146954|crew_log_bb3b01d89aa1c903|0|1786748636.248|99.808|0.520|469266432|3299414016|gen_data_0428a185b08c9da8|__AUTOMETRIC__
__AUTOMETRIC__|0.1.2|2146954|crew_log_bb3b01d89aa1c903|0|1786748637.250|98.784|0.514|469266432|3299414016|gen_data_0428a185b08c9da8|__AUTOMETRIC__
__AUTOMETRIC__|0.1.2|2146954|crew_log_bb3b01d89aa1c903|0|1786748638.252|99.802|0.520|469266432|3299414016|gen_data_0428a185b08c9da8|__AUTOMETRIC__
__AUTOMETRIC__|0.1.2|2146954|crew_log_bb3b01d89aa1c903|0|1786748639.253|98.839|0.515|469266432|3299414016|gen_data_0428a185b08c9da8|__AUTOMETRIC__
__AUTOMETRIC__|0.1.2|2146954|crew_log_bb3b01d89aa1c903|0|1786748640.255|98.851|0.515|469266432|3299414016|gen_data_0428a185b08c9da8|__AUTOMETRIC__
__AUTOMETRIC__|0.1.2|2146954|crew_log_bb3b01d89aa1c903|0|1786748641.256|99.864|0.520|469266432|3299414016|gen_data_0428a185b08c9da8|__AUTOMETRIC__
__AUTOMETRIC__|0.1.2|2146954|crew_log_bb3b01d89aa1c903|0|1786748642.258|98.876|0.515|469266432|3299414016|gen_data_0428a185b08c9da8|__AUTOMETRIC__
__AUTOMETRIC__|0.1.2|2146954|crew_log_bb3b01d89aa1c903|0|1786748643.259|99.872|0.520|469266432|3299414016|gen_data_0428a185b08c9da8|__AUTOMETRIC__
__AUTOMETRIC__|0.1.2|2146954|crew_log_bb3b01d89aa1c903|0|1786748644.260|98.870|0.515|469266432|3299414016|gen_data_0428a185b08c9da8|__AUTOMETRIC__
__AUTOMETRIC__|0.1.2|2146954|crew_log_bb3b01d89aa1c903|0|1786748645.262|98.857|0.515|469266432|3299414016|gen_data_0428a185b08c9da8|__AUTOMETRIC__
__AUTOMETRIC__|0.1.2|2146954|crew_log_bb3b01d89aa1c903|0|1786748646.263|98.880|0.515|469266432|3299414016|gen_data_0428a185b08c9da8|__AUTOMETRIC__
__AUTOMETRIC__|0.1.2|2146954|crew_log_bb3b01d89aa1c903|0|1786748647.264|99.877|0.520|469266432|3299414016|gen_data_0428a185b08c9da8|__AUTOMETRIC__
__AUTOMETRIC__|0.1.2|2146954|crew_log_bb3b01d89aa1c903|0|1786748648.265|98.863|0.515|469266432|3299414016|gen_data_0428a185b08c9da8|__AUTOMETRIC__
__AUTOMETRIC__|0.1.2|2146954|crew_log_bb3b01d89aa1c903|0|1786748649.267|98.857|0.515|469266432|3299414016|gen_data_0428a185b08c9da8|__AUTOMETRIC__
__AUTOMETRIC__|0.1.2|2146954|crew_log_bb3b01d89aa1c903|0|1786748650.268|99.845|0.520|469266432|3299414016|gen_data_0428a185b08c9da8|__AUTOMETRIC__
__AUTOMETRIC__|0.1.2|2146954|crew_log_bb3b01d89aa1c903|0|1786748651.270|98.855|0.515|469266432|3299414016|gen_data_0428a185b08c9da8|__AUTOMETRIC__
__AUTOMETRIC__|0.1.2|2146954|crew_log_bb3b01d89aa1c903|0|1786748652.271|98.879|0.515|469266432|3299414016|gen_data_0428a185b08c9da8|__AUTOMETRIC__
__AUTOMETRIC__|0.1.2|2146954|crew_log_bb3b01d89aa1c903|0|1786748653.272|99.860|0.520|469266432|3299414016|gen_data_0428a185b08c9da8|__AUTOMETRIC__
__AUTOMETRIC__|0.1.2|2146954|crew_log_bb3b01d89aa1c903|0|1786748654.274|98.886|0.515|469266432|3299414016|gen_data_0428a185b08c9da8|__AUTOMETRIC__
__AUTOMETRIC__|0.1.2|2146954|crew_log_bb3b01d89aa1c903|0|1786748655.275|98.831|0.515|469266432|3299414016|gen_data_0428a185b08c9da8|__AUTOMETRIC__
__AUTOMETRIC__|0.1.2|2146954|crew_log_bb3b01d89aa1c903|0|1786748656.277|99.874|0.520|469266432|3299414016|gen_data_0428a185b08c9da8|__AUTOMETRIC__
__AUTOMETRIC__|0.1.2|2146954|crew_log_bb3b01d89aa1c903|0|1786748657.278|98.832|0.515|469266432|3299414016|gen_data_0428a185b08c9da8|__AUTOMETRIC__
__AUTOMETRIC__|0.1.2|2146954|crew_log_bb3b01d89aa1c903|0|1786748658.280|98.859|0.515|469266432|3299414016|gen_data_0428a185b08c9da8|__AUTOMETRIC__
__AUTOMETRIC__|0.1.2|2146954|crew_log_bb3b01d89aa1c903|0|1786748659.282|99.778|0.520|469266432|3299414016|gen_data_0428a185b08c9da8|__AUTOMETRIC__
__AUTOMETRIC__|0.1.2|2146954|crew_log_bb3b01d89aa1c903|0|1786748660.283|98.871|0.515|469266432|3299414016|gen_data_0428a185b08c9da8|__AUTOMETRIC__
__AUTOMETRIC__|0.1.2|2146954|crew_log_bb3b01d89aa1c903|0|1786748661.285|99.855|0.520|469266432|3299414016|gen_data_0428a185b08c9da8|__AUTOMETRIC__
__AUTOMETRIC__|0.1.2|2146954|crew_log_bb3b01d89aa1c903|0|1786748662.286|98.867|0.515|469266432|3299414016|gen_data_0428a185b08c9da8|__AUTOMETRIC__
__AUTOMETRIC__|0.1.2|2146954|crew_log_bb3b01d89aa1c903|0|1786748663.287|98.862|0.515|469266432|3299414016|gen_data_0428a185b08c9da8|__AUTOMETRIC__
__AUTOMETRIC__|0.1.2|2146954|crew_log_bb3b01d89aa1c903|0|1786748664.289|98.846|0.515|469266432|3299414016|gen_data_0428a185b08c9da8|__AUTOMETRIC__
__AUTOMETRIC__|0.1.2|2146954|crew_log_bb3b01d89aa1c903|0|1786748665.290|99.867|0.520|469266432|3299414016|gen_data_0428a185b08c9da8|__AUTOMETRIC__
__AUTOMETRIC__|0.1.2|2146954|crew_log_bb3b01d89aa1c903|0|1786748666.292|98.862|0.515|469266432|3299414016|gen_data_0428a185b08c9da8|__AUTOMETRIC__
__AUTOMETRIC__|0.1.2|2146954|crew_log_bb3b01d89aa1c903|0|1786748667.293|98.861|0.515|469266432|3299414016|gen_data_0428a185b08c9da8|__AUTOMETRIC__
__AUTOMETRIC__|0.1.2|2146954|crew_log_bb3b01d89aa1c903|0|1786748668.294|99.875|0.520|469266432|3299414016|gen_data_0428a185b08c9da8|__AUTOMETRIC__
__AUTOMETRIC__|0.1.2|2146954|crew_log_bb3b01d89aa1c903|0|1786748669.296|98.836|0.515|469266432|3299414016|gen_data_0428a185b08c9da8|__AUTOMETRIC__
__AUTOMETRIC__|0.1.2|2146954|crew_log_bb3b01d89aa1c903|0|1786748670.297|98.858|0.515|469266432|3299414016|gen_data_0428a185b08c9da8|__AUTOMETRIC__
__AUTOMETRIC__|0.1.2|2146954|crew_log_bb3b01d89aa1c903|0|1786748671.299|99.853|0.520|469266432|3299414016|gen_data_0428a185b08c9da8|__AUTOMETRIC__
__AUTOMETRIC__|0.1.2|2146954|crew_log_bb3b01d89aa1c903|0|1786748672.301|98.839|0.515|469266432|3299414016|gen_data_0428a185b08c9da8|__AUTOMETRIC__
__AUTOMETRIC__|0.1.2|2146954|crew_log_bb3b01d89aa1c903|0|1786748673.302|98.871|0.515|469266432|3299414016|gen_data_0428a185b08c9da8|__AUTOMETRIC__
__AUTOMETRIC__|0.1.2|2146954|crew_log_bb3b01d89aa1c903|0|1786748674.303|99.864|0.520|469266432|3299414016|gen_data_0428a185b08c9da8|__AUTOMETRIC__
__AUTOMETRIC__|0.1.2|2146954|crew_log_bb3b01d89aa1c903|0|1786748675.305|98.877|0.515|469266432|3299414016|gen_data_0428a185b08c9da8|__AUTOMETRIC__
__AUTOMETRIC__|0.1.2|2146954|crew_log_bb3b01d89aa1c903|0|1786748676.306|98.864|0.515|469266432|3299414016|gen_data_0428a185b08c9da8|__AUTOMETRIC__
__AUTOMETRIC__|0.1.2|2146954|crew_log_bb3b01d89aa1c903|0|1786748677.307|99.849|0.520|469266432|3299414016|gen_data_0428a185b08c9da8|__AUTOMETRIC__
__AUTOMETRIC__|0.1.2|2146954|crew_log_bb3b01d89aa1c903|0|1786748678.309|98.852|0.515|469266432|3299414016|gen_data_0428a185b08c9da8|__AUTOMETRIC__
__AUTOMETRIC__|0.1.2|2146954|crew_log_bb3b01d89aa1c903|0|1786748679.310|98.866|0.515|469266432|3299414016|gen_data_0428a185b08c9da8|__AUTOMETRIC__
__AUTOMETRIC__|0.1.2|2146954|crew_log_bb3b01d89aa1c903|0|1786748680.312|99.861|0.520|469266432|3299414016|gen_data_0428a185b08c9da8|__AUTOMETRIC__
__AUTOMETRIC__|0.1.2|2146954|crew_log_bb3b01d89aa1c903|0|1786748681.313|98.880|0.515|469266432|3299414016|gen_data_0428a185b08c9da8|__AUTOMETRIC__
__AUTOMETRIC__|0.1.2|2146954|crew_log_bb3b01d89aa1c903|0|1786748682.314|98.845|0.515|469266432|3299414016|gen_data_0428a185b08c9da8|__AUTOMETRIC__
__AUTOMETRIC__|0.1.2|2146954|crew_log_bb3b01d89aa1c903|0|1786748683.316|99.871|0.520|469266432|3299414016|gen_data_0428a185b08c9da8|__AUTOMETRIC__
__AUTOMETRIC__|0.1.2|2146954|crew_log_bb3b01d89aa1c903|0|1786748684.317|98.879|0.515|469266432|3299414016|gen_data_0428a185b08c9da8|__AUTOMETRIC__
__AUTOMETRIC__|0.1.2|2146954|crew_log_bb3b01d89aa1c903|0|1786748685.318|99.850|0.520|469266432|3299414016|gen_data_0428a185b08c9da8|__AUTOMETRIC__
__AUTOMETRIC__|0.1.2|2146954|crew_log_bb3b01d89aa1c903|0|1786748686.320|98.861|0.515|469266432|3299414016|gen_data_0428a185b08c9da8|__AUTOMETRIC__
__AUTOMETRIC__|0.1.2|2146954|crew_log_bb3b01d89aa1c903|0|1786748687.321|98.854|0.515|469266432|3299414016|gen_data_0428a185b08c9da8|__AUTOMETRIC__
__AUTOMETRIC__|0.1.2|2146954|crew_log_bb3b01d89aa1c903|0|1786748688.323|99.855|0.520|469266432|3299414016|gen_data_0428a185b08c9da8|__AUTOMETRIC__
__AUTOMETRIC__|0.1.2|2146954|crew_log_bb3b01d89aa1c903|0|1786748689.325|98.804|0.515|469266432|3299414016|gen_data_0428a185b08c9da8|__AUTOMETRIC__
__AUTOMETRIC__|0.1.2|2146954|crew_log_bb3b01d89aa1c903|0|1786748690.326|99.862|0.520|469266432|3299414016|gen_data_0428a185b08c9da8|__AUTOMETRIC__
__AUTOMETRIC__|0.1.2|2146954|crew_log_bb3b01d89aa1c903|0|1786748691.327|98.868|0.515|469266432|3299414016|gen_data_0428a185b08c9da8|__AUTOMETRIC__
__AUTOMETRIC__|0.1.2|2146954|crew_log_bb3b01d89aa1c903|0|1786748692.329|98.864|0.515|469266432|3299414016|gen_data_0428a185b08c9da8|__AUTOMETRIC__
__AUTOMETRIC__|0.1.2|2146954|crew_log_bb3b01d89aa1c903|0|1786748693.330|99.861|0.520|469266432|3299414016|gen_data_0428a185b08c9da8|__AUTOMETRIC__
__AUTOMETRIC__|0.1.2|2146954|crew_log_bb3b01d89aa1c903|0|1786748694.332|99.860|0.520|469266432|3299414016|gen_data_0428a185b08c9da8|__AUTOMETRIC__
__AUTOMETRIC__|0.1.2|2146954|crew_log_bb3b01d89aa1c903|0|1786748695.333|99.848|0.520|469266432|3299414016|gen_data_0428a185b08c9da8|__AUTOMETRIC__
__AUTOMETRIC__|0.1.2|2146954|crew_log_bb3b01d89aa1c903|0|1786748696.334|98.869|0.515|469266432|3299414016|gen_data_0428a185b08c9da8|__AUTOMETRIC__
__AUTOMETRIC__|0.1.2|2146954|crew_log_bb3b01d89aa1c903|0|1786748697.336|99.859|0.520|469266432|3299414016|gen_data_0428a185b08c9da8|__AUTOMETRIC__
__AUTOMETRIC__|0.1.2|2146954|crew_log_bb3b01d89aa1c903|0|1786748698.337|98.864|0.515|469266432|3299414016|gen_data_0428a185b08c9da8|__AUTOMETRIC__
__AUTOMETRIC__|0.1.2|2146954|crew_log_bb3b01d89aa1c903|0|1786748699.339|98.832|0.515|469266432|3299414016|gen_data_0428a185b08c9da8|__AUTOMETRIC__
__AUTOMETRIC__|0.1.2|2146954|crew_log_bb3b01d89aa1c903|0|1786748700.341|99.839|0.520|469266432|3299414016|gen_data_0428a185b08c9da8|__AUTOMETRIC__
__AUTOMETRIC__|0.1.2|2146954|crew_log_bb3b01d89aa1c903|0|1786748701.342|98.863|0.515|469266432|3299414016|gen_data_0428a185b08c9da8|__AUTOMETRIC__
__AUTOMETRIC__|0.1.2|2146954|crew_log_bb3b01d89aa1c903|0|1786748702.344|98.771|0.514|469266432|3299414016|gen_data_0428a185b08c9da8|__AUTOMETRIC__
__AUTOMETRIC__|0.1.2|2146954|crew_log_bb3b01d89aa1c903|0|1786748703.346|99.848|0.520|469266432|3299414016|gen_data_0428a185b08c9da8|__AUTOMETRIC__
__AUTOMETRIC__|0.1.2|2146954|crew_log_bb3b01d89aa1c903|0|1786748704.347|98.850|0.515|469266432|3299414016|gen_data_0428a185b08c9da8|__AUTOMETRIC__
__AUTOMETRIC__|0.1.2|2146954|crew_log_bb3b01d89aa1c903|0|1786748705.349|98.859|0.515|469266432|3299414016|gen_data_0428a185b08c9da8|__AUTOMETRIC__
__AUTOMETRIC__|0.1.2|2146954|crew_log_bb3b01d89aa1c903|0|1786748706.351|99.806|0.520|469266432|3299414016|gen_data_0428a185b08c9da8|__AUTOMETRIC__
__AUTOMETRIC__|0.1.2|2146954|crew_log_bb3b01d89aa1c903|0|1786748707.353|98.786|0.515|469266432|3299414016|gen_data_0428a185b08c9da8|__AUTOMETRIC__
__AUTOMETRIC__|0.1.2|2146954|crew_log_bb3b01d89aa1c903|0|1786748708.354|99.854|0.520|469266432|3299414016|gen_data_0428a185b08c9da8|__AUTOMETRIC__
__AUTOMETRIC__|0.1.2|2146954|crew_log_bb3b01d89aa1c903|0|1786748709.356|98.830|0.515|469266432|3299414016|gen_data_0428a185b08c9da8|__AUTOMETRIC__
__AUTOMETRIC__|0.1.2|2146954|crew_log_bb3b01d89aa1c903|0|1786748710.358|98.850|0.515|469266432|3299414016|gen_data_0428a185b08c9da8|__AUTOMETRIC__
__AUTOMETRIC__|0.1.2|2146954|crew_log_bb3b01d89aa1c903|0|1786748711.359|99.866|0.520|469266432|3299414016|gen_data_0428a185b08c9da8|__AUTOMETRIC__
__AUTOMETRIC__|0.1.2|2146954|crew_log_bb3b01d89aa1c903|0|1786748712.363|98.589|0.513|469266432|3299414016|gen_data_0428a185b08c9da8|__AUTOMETRIC__
__AUTOMETRIC__|0.1.2|2146954|crew_log_bb3b01d89aa1c903|0|1786748713.365|99.852|0.520|469266432|3299414016|gen_data_0428a185b08c9da8|__AUTOMETRIC__
__AUTOMETRIC__|0.1.2|2146954|crew_log_bb3b01d89aa1c903|0|1786748714.366|98.830|0.515|469266432|3299414016|gen_data_0428a185b08c9da8|__AUTOMETRIC__
__AUTOMETRIC__|0.1.2|2146954|crew_log_bb3b01d89aa1c903|0|1786748715.368|99.837|0.520|469266432|3299414016|gen_data_0428a185b08c9da8|__AUTOMETRIC__
__AUTOMETRIC__|0.1.2|2146954|crew_log_bb3b01d89aa1c903|0|1786748716.390|98.783|0.514|469266432|3299414016|gen_data_0428a185b08c9da8|__AUTOMETRIC__
__AUTOMETRIC__|0.1.2|2146954|crew_log_bb3b01d89aa1c903|0|1786748717.395|93.601|0.488|472412160|3570270208|gen_data_ad33cf2729b42a85|__AUTOMETRIC__
__AUTOMETRIC__|0.1.2|2146954|crew_log_bb3b01d89aa1c903|0|1786748718.397|99.794|0.520|472412160|3570270208|gen_data_ad33cf2729b42a85|__AUTOMETRIC__
__AUTOMETRIC__|0.1.2|2146954|crew_log_bb3b01d89aa1c903|0|1786748719.399|98.764|0.514|472412160|3570270208|gen_data_ad33cf2729b42a85|__AUTOMETRIC__
__AUTOMETRIC__|0.1.2|2146954|crew_log_bb3b01d89aa1c903|0|1786748720.401|98.860|0.515|472412160|3570270208|gen_data_ad33cf2729b42a85|__AUTOMETRIC__
__AUTOMETRIC__|0.1.2|2146954|crew_log_bb3b01d89aa1c903|0|1786748721.402|99.875|0.520|472412160|3570270208|gen_data_ad33cf2729b42a85|__AUTOMETRIC__
__AUTOMETRIC__|0.1.2|2146954|crew_log_bb3b01d89aa1c903|0|1786748722.403|98.880|0.515|472412160|3570270208|gen_data_ad33cf2729b42a85|__AUTOMETRIC__
__AUTOMETRIC__|0.1.2|2146954|crew_log_bb3b01d89aa1c903|0|1786748723.404|98.853|0.515|472412160|3570270208|gen_data_ad33cf2729b42a85|__AUTOMETRIC__
__AUTOMETRIC__|0.1.2|2146954|crew_log_bb3b01d89aa1c903|0|1786748724.406|99.880|0.520|472412160|3570270208|gen_data_ad33cf2729b42a85|__AUTOMETRIC__
__AUTOMETRIC__|0.1.2|2146954|crew_log_bb3b01d89aa1c903|0|1786748725.407|98.856|0.515|472412160|3570270208|gen_data_ad33cf2729b42a85|__AUTOMETRIC__
__AUTOMETRIC__|0.1.2|2146954|crew_log_bb3b01d89aa1c903|0|1786748726.409|98.817|0.515|472412160|3570270208|gen_data_ad33cf2729b42a85|__AUTOMETRIC__
__AUTOMETRIC__|0.1.2|2146954|crew_log_bb3b01d89aa1c903|0|1786748727.411|99.843|0.520|472412160|3570270208|gen_data_ad33cf2729b42a85|__AUTOMETRIC__
__AUTOMETRIC__|0.1.2|2146954|crew_log_bb3b01d89aa1c903|0|1786748728.414|98.651|0.514|472412160|3570270208|gen_data_ad33cf2729b42a85|__AUTOMETRIC__
__AUTOMETRIC__|0.1.2|2146954|crew_log_bb3b01d89aa1c903|0|1786748729.416|98.851|0.515|472412160|3570270208|gen_data_ad33cf2729b42a85|__AUTOMETRIC__
__AUTOMETRIC__|0.1.2|2146954|crew_log_bb3b01d89aa1c903|0|1786748730.417|99.838|0.520|472412160|3570270208|gen_data_ad33cf2729b42a85|__AUTOMETRIC__
__AUTOMETRIC__|0.1.2|2146954|crew_log_bb3b01d89aa1c903|0|1786748731.420|98.706|0.514|472412160|3570270208|gen_data_ad33cf2729b42a85|__AUTOMETRIC__
__AUTOMETRIC__|0.1.2|2146954|crew_log_bb3b01d89aa1c903|0|1786748732.425|99.527|0.518|472412160|3570270208|gen_data_ad33cf2729b42a85|__AUTOMETRIC__
__AUTOMETRIC__|0.1.2|2146954|crew_log_bb3b01d89aa1c903|0|1786748733.427|98.798|0.515|472412160|3570270208|gen_data_ad33cf2729b42a85|__AUTOMETRIC__
__AUTOMETRIC__|0.1.2|2146954|crew_log_bb3b01d89aa1c903|0|1786748734.429|99.842|0.520|472412160|3570270208|gen_data_ad33cf2729b42a85|__AUTOMETRIC__
__AUTOMETRIC__|0.1.2|2146954|crew_log_bb3b01d89aa1c903|0|1786748735.430|98.811|0.515|472412160|3570270208|gen_data_ad33cf2729b42a85|__AUTOMETRIC__
__AUTOMETRIC__|0.1.2|2146954|crew_log_bb3b01d89aa1c903|0|1786748736.432|98.819|0.515|472412160|3570270208|gen_data_ad33cf2729b42a85|__AUTOMETRIC__
__AUTOMETRIC__|0.1.2|2146954|crew_log_bb3b01d89aa1c903|0|1786748737.434|99.848|0.520|472412160|3570270208|gen_data_ad33cf2729b42a85|__AUTOMETRIC__
__AUTOMETRIC__|0.1.2|2146954|crew_log_bb3b01d89aa1c903|0|1786748738.435|98.861|0.515|472412160|3570270208|gen_data_ad33cf2729b42a85|__AUTOMETRIC__
__AUTOMETRIC__|0.1.2|2146954|crew_log_bb3b01d89aa1c903|0|1786748739.437|98.870|0.515|472412160|3570270208|gen_data_ad33cf2729b42a85|__AUTOMETRIC__
__AUTOMETRIC__|0.1.2|2146954|crew_log_bb3b01d89aa1c903|0|1786748740.438|99.853|0.520|472412160|3570270208|gen_data_ad33cf2729b42a85|__AUTOMETRIC__
__AUTOMETRIC__|0.1.2|2146954|crew_log_bb3b01d89aa1c903|0|1786748741.439|98.867|0.515|472412160|3570270208|gen_data_ad33cf2729b42a85|__AUTOMETRIC__
__AUTOMETRIC__|0.1.2|2146954|crew_log_bb3b01d89aa1c903|0|1786748742.441|98.862|0.515|472412160|3570270208|gen_data_ad33cf2729b42a85|__AUTOMETRIC__
__AUTOMETRIC__|0.1.2|2146954|crew_log_bb3b01d89aa1c903|0|1786748743.442|98.860|0.515|472412160|3570270208|gen_data_ad33cf2729b42a85|__AUTOMETRIC__
__AUTOMETRIC__|0.1.2|2146954|crew_log_bb3b01d89aa1c903|0|1786748744.443|99.872|0.520|472412160|3570270208|gen_data_ad33cf2729b42a85|__AUTOMETRIC__
__AUTOMETRIC__|0.1.2|2146954|crew_log_bb3b01d89aa1c903|0|1786748745.445|98.816|0.515|472412160|3570270208|gen_data_ad33cf2729b42a85|__AUTOMETRIC__
__AUTOMETRIC__|0.1.2|2146954|crew_log_bb3b01d89aa1c903|0|1786748746.449|98.634|0.514|472412160|3570270208|gen_data_ad33cf2729b42a85|__AUTOMETRIC__
__AUTOMETRIC__|0.1.2|2146954|crew_log_bb3b01d89aa1c903|0|1786748747.450|99.857|0.520|472412160|3570270208|gen_data_ad33cf2729b42a85|__AUTOMETRIC__
__AUTOMETRIC__|0.1.2|2146954|crew_log_bb3b01d89aa1c903|0|1786748748.452|98.877|0.515|472412160|3570270208|gen_data_ad33cf2729b42a85|__AUTOMETRIC__
__AUTOMETRIC__|0.1.2|2146954|crew_log_bb3b01d89aa1c903|0|1786748749.453|98.872|0.515|472412160|3570270208|gen_data_ad33cf2729b42a85|__AUTOMETRIC__
__AUTOMETRIC__|0.1.2|2146954|crew_log_bb3b01d89aa1c903|0|1786748750.455|98.839|0.515|472412160|3570270208|gen_data_ad33cf2729b42a85|__AUTOMETRIC__
__AUTOMETRIC__|0.1.2|2146954|crew_log_bb3b01d89aa1c903|0|1786748751.456|99.871|0.520|472412160|3570270208|gen_data_ad33cf2729b42a85|__AUTOMETRIC__
__AUTOMETRIC__|0.1.2|2146954|crew_log_bb3b01d89aa1c903|0|1786748752.457|98.851|0.515|472412160|3570270208|gen_data_ad33cf2729b42a85|__AUTOMETRIC__
__AUTOMETRIC__|0.1.2|2146954|crew_log_bb3b01d89aa1c903|0|1786748753.459|98.867|0.515|472412160|3570270208|gen_data_ad33cf2729b42a85|__AUTOMETRIC__
__AUTOMETRIC__|0.1.2|2146954|crew_log_bb3b01d89aa1c903|0|1786748754.460|99.872|0.520|472412160|3570270208|gen_data_ad33cf2729b42a85|__AUTOMETRIC__
__AUTOMETRIC__|0.1.2|2146954|crew_log_bb3b01d89aa1c903|0|1786748755.461|98.868|0.515|472412160|3570270208|gen_data_ad33cf2729b42a85|__AUTOMETRIC__
__AUTOMETRIC__|0.1.2|2146954|crew_log_bb3b01d89aa1c903|0|1786748756.463|99.862|0.520|472412160|3570270208|gen_data_ad33cf2729b42a85|__AUTOMETRIC__
__AUTOMETRIC__|0.1.2|2146954|crew_log_bb3b01d89aa1c903|0|1786748757.465|99.825|0.520|472412160|3570270208|gen_data_ad33cf2729b42a85|__AUTOMETRIC__
__AUTOMETRIC__|0.1.2|2146954|crew_log_bb3b01d89aa1c903|0|1786748758.466|98.870|0.515|472412160|3570270208|gen_data_ad33cf2729b42a85|__AUTOMETRIC__
__AUTOMETRIC__|0.1.2|2146954|crew_log_bb3b01d89aa1c903|0|1786748759.468|98.832|0.515|472412160|3570270208|gen_data_ad33cf2729b42a85|__AUTOMETRIC__
__AUTOMETRIC__|0.1.2|2146954|crew_log_bb3b01d89aa1c903|0|1786748760.469|99.864|0.520|472412160|3570270208|gen_data_ad33cf2729b42a85|__AUTOMETRIC__
__AUTOMETRIC__|0.1.2|2146954|crew_log_bb3b01d89aa1c903|0|1786748761.470|98.861|0.515|472412160|3570270208|gen_data_ad33cf2729b42a85|__AUTOMETRIC__
__AUTOMETRIC__|0.1.2|2146954|crew_log_bb3b01d89aa1c903|0|1786748762.472|98.819|0.515|472412160|3570270208|gen_data_ad33cf2729b42a85|__AUTOMETRIC__
__AUTOMETRIC__|0.1.2|2146954|crew_log_bb3b01d89aa1c903|0|1786748763.474|99.863|0.520|472412160|3570270208|gen_data_ad33cf2729b42a85|__AUTOMETRIC__
__AUTOMETRIC__|0.1.2|2146954|crew_log_bb3b01d89aa1c903|0|1786748764.475|98.858|0.515|472412160|3570270208|gen_data_ad33cf2729b42a85|__AUTOMETRIC__
__AUTOMETRIC__|0.1.2|2146954|crew_log_bb3b01d89aa1c903|0|1786748765.476|99.846|0.520|472412160|3570270208|gen_data_ad33cf2729b42a85|__AUTOMETRIC__
__AUTOMETRIC__|0.1.2|2146954|crew_log_bb3b01d89aa1c903|0|1786748766.478|98.869|0.515|472412160|3570270208|gen_data_ad33cf2729b42a85|__AUTOMETRIC__
__AUTOMETRIC__|0.1.2|2146954|crew_log_bb3b01d89aa1c903|0|1786748767.479|98.878|0.515|472412160|3570270208|gen_data_ad33cf2729b42a85|__AUTOMETRIC__
__AUTOMETRIC__|0.1.2|2146954|crew_log_bb3b01d89aa1c903|0|1786748768.480|99.881|0.520|472412160|3570270208|gen_data_ad33cf2729b42a85|__AUTOMETRIC__
__AUTOMETRIC__|0.1.2|2146954|crew_log_bb3b01d89aa1c903|0|1786748769.482|98.856|0.515|472412160|3570270208|gen_data_ad33cf2729b42a85|__AUTOMETRIC__
__AUTOMETRIC__|0.1.2|2146954|crew_log_bb3b01d89aa1c903|0|1786748770.483|98.856|0.515|472412160|3570270208|gen_data_ad33cf2729b42a85|__AUTOMETRIC__
__AUTOMETRIC__|0.1.2|2146954|crew_log_bb3b01d89aa1c903|0|1786748771.484|99.869|0.520|472412160|3570270208|gen_data_ad33cf2729b42a85|__AUTOMETRIC__
__AUTOMETRIC__|0.1.2|2146954|crew_log_bb3b01d89aa1c903|0|1786748772.486|98.850|0.515|472412160|3570270208|gen_data_ad33cf2729b42a85|__AUTOMETRIC__
__AUTOMETRIC__|0.1.2|2146954|crew_log_bb3b01d89aa1c903|0|1786748773.487|98.872|0.515|472412160|3570270208|gen_data_ad33cf2729b42a85|__AUTOMETRIC__
__AUTOMETRIC__|0.1.2|2146954|crew_log_bb3b01d89aa1c903|0|1786748774.489|99.855|0.520|472412160|3570270208|gen_data_ad33cf2729b42a85|__AUTOMETRIC__
__AUTOMETRIC__|0.1.2|2146954|crew_log_bb3b01d89aa1c903|0|1786748775.490|98.846|0.515|472412160|3570270208|gen_data_ad33cf2729b42a85|__AUTOMETRIC__
__AUTOMETRIC__|0.1.2|2146954|crew_log_bb3b01d89aa1c903|0|1786748776.492|98.867|0.515|472412160|3570270208|gen_data_ad33cf2729b42a85|__AUTOMETRIC__
__AUTOMETRIC__|0.1.2|2146954|crew_log_bb3b01d89aa1c903|0|1786748777.493|99.839|0.520|472412160|3570270208|gen_data_ad33cf2729b42a85|__AUTOMETRIC__
__AUTOMETRIC__|0.1.2|2146954|crew_log_bb3b01d89aa1c903|0|1786748778.495|98.841|0.515|472412160|3570270208|gen_data_ad33cf2729b42a85|__AUTOMETRIC__
__AUTOMETRIC__|0.1.2|2146954|crew_log_bb3b01d89aa1c903|0|1786748779.497|98.832|0.515|472412160|3570270208|gen_data_ad33cf2729b42a85|__AUTOMETRIC__
__AUTOMETRIC__|0.1.2|2146954|crew_log_bb3b01d89aa1c903|0|1786748780.498|99.865|0.520|472412160|3570270208|gen_data_ad33cf2729b42a85|__AUTOMETRIC__
__AUTOMETRIC__|0.1.2|2146954|crew_log_bb3b01d89aa1c903|0|1786748781.499|98.851|0.515|472412160|3570270208|gen_data_ad33cf2729b42a85|__AUTOMETRIC__
__AUTOMETRIC__|0.1.2|2146954|crew_log_bb3b01d89aa1c903|0|1786748782.501|98.869|0.515|472412160|3570270208|gen_data_ad33cf2729b42a85|__AUTOMETRIC__
__AUTOMETRIC__|0.1.2|2146954|crew_log_bb3b01d89aa1c903|0|1786748783.502|99.858|0.520|472412160|3570270208|gen_data_ad33cf2729b42a85|__AUTOMETRIC__
__AUTOMETRIC__|0.1.2|2146954|crew_log_bb3b01d89aa1c903|0|1786748784.504|98.850|0.515|472412160|3570270208|gen_data_ad33cf2729b42a85|__AUTOMETRIC__
__AUTOMETRIC__|0.1.2|2146954|crew_log_bb3b01d89aa1c903|0|1786748785.526|98.779|0.514|472412160|3570270208|gen_data_ad33cf2729b42a85|__AUTOMETRIC__
__AUTOMETRIC__|0.1.2|2146954|crew_log_bb3b01d89aa1c903|0|1786748786.528|99.801|0.520|472412160|3570270208|gen_data_ad33cf2729b42a85|__AUTOMETRIC__
__AUTOMETRIC__|0.1.2|2146954|crew_log_bb3b01d89aa1c903|0|1786748787.547|99.159|0.516|472412160|3570270208|gen_data_ad33cf2729b42a85|__AUTOMETRIC__
__AUTOMETRIC__|0.1.2|2146954|crew_log_bb3b01d89aa1c903|0|1786748788.548|98.840|0.515|472412160|3570270208|gen_data_ad33cf2729b42a85|__AUTOMETRIC__
__AUTOMETRIC__|0.1.2|2146954|crew_log_bb3b01d89aa1c903|0|1786748789.550|98.847|0.515|472412160|3570270208|gen_data_ad33cf2729b42a85|__AUTOMETRIC__
__AUTOMETRIC__|0.1.2|2146954|crew_log_bb3b01d89aa1c903|0|1786748790.551|99.862|0.520|472412160|3570270208|gen_data_ad33cf2729b42a85|__AUTOMETRIC__
__AUTOMETRIC__|0.1.2|2146954|crew_log_bb3b01d89aa1c903|0|1786748791.553|98.830|0.515|472412160|3570270208|gen_data_ad33cf2729b42a85|__AUTOMETRIC__
__AUTOMETRIC__|0.1.2|2146954|crew_log_bb3b01d89aa1c903|0|1786748792.554|98.873|0.515|472412160|3570270208|gen_data_ad33cf2729b42a85|__AUTOMETRIC__
__AUTOMETRIC__|0.1.2|2146954|crew_log_bb3b01d89aa1c903|0|1786748793.556|99.870|0.520|472412160|3570270208|gen_data_ad33cf2729b42a85|__AUTOMETRIC__
__AUTOMETRIC__|0.1.2|2146954|crew_log_bb3b01d89aa1c903|0|1786748794.557|98.876|0.515|472412160|3570270208|gen_data_ad33cf2729b42a85|__AUTOMETRIC__
__AUTOMETRIC__|0.1.2|2146954|crew_log_bb3b01d89aa1c903|0|1786748795.558|99.862|0.520|472412160|3570270208|gen_data_ad33cf2729b42a85|__AUTOMETRIC__
__AUTOMETRIC__|0.1.2|2146954|crew_log_bb3b01d89aa1c903|0|1786748796.560|98.857|0.515|472412160|3570270208|gen_data_ad33cf2729b42a85|__AUTOMETRIC__
__AUTOMETRIC__|0.1.2|2146954|crew_log_bb3b01d89aa1c903|0|1786748797.561|98.870|0.515|472412160|3570270208|gen_data_ad33cf2729b42a85|__AUTOMETRIC__
__AUTOMETRIC__|0.1.2|2146954|crew_log_bb3b01d89aa1c903|0|1786748798.562|99.867|0.520|472412160|3570270208|gen_data_ad33cf2729b42a85|__AUTOMETRIC__
__AUTOMETRIC__|0.1.2|2146954|crew_log_bb3b01d89aa1c903|0|1786748799.564|98.869|0.515|472412160|3570270208|gen_data_ad33cf2729b42a85|__AUTOMETRIC__
__AUTOMETRIC__|0.1.2|2146954|crew_log_bb3b01d89aa1c903|0|1786748800.565|98.853|0.515|472412160|3570270208|gen_data_ad33cf2729b42a85|__AUTOMETRIC__
__AUTOMETRIC__|0.1.2|2146954|crew_log_bb3b01d89aa1c903|0|1786748801.567|99.855|0.520|472412160|3570270208|gen_data_ad33cf2729b42a85|__AUTOMETRIC__
__AUTOMETRIC__|0.1.2|2146954|crew_log_bb3b01d89aa1c903|0|1786748802.569|98.754|0.514|472412160|3570270208|gen_data_ad33cf2729b42a85|__AUTOMETRIC__
__AUTOMETRIC__|0.1.2|2146954|crew_log_bb3b01d89aa1c903|0|1786748803.570|98.875|0.515|472412160|3570270208|gen_data_ad33cf2729b42a85|__AUTOMETRIC__
__AUTOMETRIC__|0.1.2|2146954|crew_log_bb3b01d89aa1c903|0|1786748804.572|99.823|0.520|472412160|3570270208|gen_data_ad33cf2729b42a85|__AUTOMETRIC__
__AUTOMETRIC__|0.1.2|2146954|crew_log_bb3b01d89aa1c903|0|1786748805.573|98.871|0.515|472412160|3570270208|gen_data_ad33cf2729b42a85|__AUTOMETRIC__
__AUTOMETRIC__|0.1.2|2146954|crew_log_bb3b01d89aa1c903|0|1786748806.575|99.850|0.520|472412160|3570270208|gen_data_ad33cf2729b42a85|__AUTOMETRIC__
__AUTOMETRIC__|0.1.2|2146954|crew_log_bb3b01d89aa1c903|0|1786748807.576|98.854|0.515|472412160|3570270208|gen_data_ad33cf2729b42a85|__AUTOMETRIC__
__AUTOMETRIC__|0.1.2|2146954|crew_log_bb3b01d89aa1c903|0|1786748808.578|98.838|0.515|472412160|3570270208|gen_data_ad33cf2729b42a85|__AUTOMETRIC__
__AUTOMETRIC__|0.1.2|2146954|crew_log_bb3b01d89aa1c903|0|1786748809.579|99.858|0.520|472412160|3570270208|gen_data_ad33cf2729b42a85|__AUTOMETRIC__
__AUTOMETRIC__|0.1.2|2146954|crew_log_bb3b01d89aa1c903|0|1786748810.581|98.859|0.515|472412160|3570270208|gen_data_ad33cf2729b42a85|__AUTOMETRIC__
__AUTOMETRIC__|0.1.2|2146954|crew_log_bb3b01d89aa1c903|0|1786748811.582|99.871|0.520|472412160|3570270208|gen_data_ad33cf2729b42a85|__AUTOMETRIC__
__AUTOMETRIC__|0.1.2|2146954|crew_log_bb3b01d89aa1c903|0|1786748812.584|98.845|0.515|472412160|3570270208|gen_data_ad33cf2729b42a85|__AUTOMETRIC__
__AUTOMETRIC__|0.1.2|2146954|crew_log_bb3b01d89aa1c903|0|1786748813.585|99.860|0.520|472412160|3570270208|gen_data_ad33cf2729b42a85|__AUTOMETRIC__
__AUTOMETRIC__|0.1.2|2146954|crew_log_bb3b01d89aa1c903|0|1786748814.587|98.846|0.515|472412160|3570270208|gen_data_ad33cf2729b42a85|__AUTOMETRIC__
__AUTOMETRIC__|0.1.2|2146954|crew_log_bb3b01d89aa1c903|0|1786748815.588|98.820|0.515|472412160|3570270208|gen_data_ad33cf2729b42a85|__AUTOMETRIC__
__AUTOMETRIC__|0.1.2|2146954|crew_log_bb3b01d89aa1c903|0|1786748816.591|99.767|0.520|472412160|3570270208|gen_data_ad33cf2729b42a85|__AUTOMETRIC__
__AUTOMETRIC__|0.1.2|2146954|crew_log_bb3b01d89aa1c903|0|1786748817.593|98.823|0.515|472412160|3570270208|gen_data_ad33cf2729b42a85|__AUTOMETRIC__
__AUTOMETRIC__|0.1.2|2146954|crew_log_bb3b01d89aa1c903|0|1786748818.594|98.843|0.515|472412160|3570270208|gen_data_ad33cf2729b42a85|__AUTOMETRIC__
__AUTOMETRIC__|0.1.2|2146954|crew_log_bb3b01d89aa1c903|0|1786748819.596|99.854|0.520|472412160|3570270208|gen_data_ad33cf2729b42a85|__AUTOMETRIC__
__AUTOMETRIC__|0.1.2|2146954|crew_log_bb3b01d89aa1c903|0|1786748820.597|98.851|0.515|472412160|3570270208|gen_data_ad33cf2729b42a85|__AUTOMETRIC__
__AUTOMETRIC__|0.1.2|2146954|crew_log_bb3b01d89aa1c903|0|1786748821.599|98.846|0.515|472412160|3570270208|gen_data_ad33cf2729b42a85|__AUTOMETRIC__
__AUTOMETRIC__|0.1.2|2146954|crew_log_bb3b01d89aa1c903|0|1786748822.600|99.855|0.520|472412160|3570270208|gen_data_ad33cf2729b42a85|__AUTOMETRIC__
__AUTOMETRIC__|0.1.2|2146954|crew_log_bb3b01d89aa1c903|0|1786748823.602|98.852|0.515|472412160|3570270208|gen_data_ad33cf2729b42a85|__AUTOMETRIC__
__AUTOMETRIC__|0.1.2|2146954|crew_log_bb3b01d89aa1c903|0|1786748824.606|98.538|0.513|472412160|3570270208|gen_data_ad33cf2729b42a85|__AUTOMETRIC__
__AUTOMETRIC__|0.1.2|2146954|crew_log_bb3b01d89aa1c903|0|1786748825.608|99.832|0.520|472412160|3570270208|gen_data_ad33cf2729b42a85|__AUTOMETRIC__
__AUTOMETRIC__|0.1.2|2146954|crew_log_bb3b01d89aa1c903|0|1786748826.610|98.834|0.515|472412160|3570270208|gen_data_ad33cf2729b42a85|__AUTOMETRIC__
__AUTOMETRIC__|0.1.2|2146954|crew_log_bb3b01d89aa1c903|0|1786748827.611|99.866|0.520|472412160|3570270208|gen_data_ad33cf2729b42a85|__AUTOMETRIC__
__AUTOMETRIC__|0.1.2|2146954|crew_log_bb3b01d89aa1c903|0|1786748828.612|98.869|0.515|472412160|3570270208|gen_data_ad33cf2729b42a85|__AUTOMETRIC__
__AUTOMETRIC__|0.1.2|2146954|crew_log_bb3b01d89aa1c903|0|1786748829.615|98.786|0.515|472412160|3570270208|gen_data_ad33cf2729b42a85|__AUTOMETRIC__
__AUTOMETRIC__|0.1.2|2146954|crew_log_bb3b01d89aa1c903|0|1786748830.616|98.839|0.515|472412160|3570270208|gen_data_ad33cf2729b42a85|__AUTOMETRIC__
__AUTOMETRIC__|0.1.2|2146954|crew_log_bb3b01d89aa1c903|0|1786748831.618|99.840|0.520|472412160|3570270208|gen_data_ad33cf2729b42a85|__AUTOMETRIC__
__AUTOMETRIC__|0.1.2|2146954|crew_log_bb3b01d89aa1c903|0|1786748832.628|100.014|0.521|472412160|3570270208|gen_data_ad33cf2729b42a85|__AUTOMETRIC__
__AUTOMETRIC__|0.1.2|2146954|crew_log_bb3b01d89aa1c903|0|1786748833.630|98.817|0.515|472412160|3570270208|gen_data_ad33cf2729b42a85|__AUTOMETRIC__
__AUTOMETRIC__|0.1.2|2146954|crew_log_bb3b01d89aa1c903|0|1786748834.632|99.732|0.519|472412160|3570270208|gen_data_ad33cf2729b42a85|__AUTOMETRIC__
__AUTOMETRIC__|0.1.2|2146954|crew_log_bb3b01d89aa1c903|0|1786748835.634|98.853|0.515|472412160|3570270208|gen_data_ad33cf2729b42a85|__AUTOMETRIC__
__AUTOMETRIC__|0.1.2|2146954|crew_log_bb3b01d89aa1c903|0|1786748836.636|98.778|0.514|472412160|3570270208|gen_data_ad33cf2729b42a85|__AUTOMETRIC__
__AUTOMETRIC__|0.1.2|2146954|crew_log_bb3b01d89aa1c903|0|1786748837.638|99.799|0.520|472412160|3570270208|gen_data_ad33cf2729b42a85|__AUTOMETRIC__
__AUTOMETRIC__|0.1.2|2146954|crew_log_bb3b01d89aa1c903|0|1786748838.640|98.770|0.514|472412160|3570270208|gen_data_ad33cf2729b42a85|__AUTOMETRIC__
__AUTOMETRIC__|0.1.2|2146954|crew_log_bb3b01d89aa1c903|0|1786748839.644|98.665|0.514|472412160|3570270208|gen_data_ad33cf2729b42a85|__AUTOMETRIC__
__AUTOMETRIC__|0.1.2|2146954|crew_log_bb3b01d89aa1c903|0|1786748840.647|99.678|0.519|472412160|3570270208|gen_data_ad33cf2729b42a85|__AUTOMETRIC__
__AUTOMETRIC__|0.1.2|2146954|crew_log_bb3b01d89aa1c903|0|1786748841.648|98.876|0.515|472412160|3570270208|gen_data_ad33cf2729b42a85|__AUTOMETRIC__
__AUTOMETRIC__|0.1.2|2146954|crew_log_bb3b01d89aa1c903|0|1786748842.650|98.842|0.515|472412160|3570270208|gen_data_ad33cf2729b42a85|__AUTOMETRIC__
__AUTOMETRIC__|0.1.2|2146954|crew_log_bb3b01d89aa1c903|0|1786748843.651|99.856|0.520|472412160|3570270208|gen_data_ad33cf2729b42a85|__AUTOMETRIC__
__AUTOMETRIC__|0.1.2|2146954|crew_log_bb3b01d89aa1c903|0|1786748844.653|98.866|0.515|472412160|3570270208|gen_data_ad33cf2729b42a85|__AUTOMETRIC__
__AUTOMETRIC__|0.1.2|2146954|crew_log_bb3b01d89aa1c903|0|1786748845.654|98.847|0.515|472412160|3570270208|gen_data_ad33cf2729b42a85|__AUTOMETRIC__
__AUTOMETRIC__|0.1.2|2146954|crew_log_bb3b01d89aa1c903|0|1786748846.656|98.825|0.515|472412160|3570270208|gen_data_ad33cf2729b42a85|__AUTOMETRIC__
__AUTOMETRIC__|0.1.2|2146954|crew_log_bb3b01d89aa1c903|0|1786748847.659|99.705|0.519|472412160|3570270208|gen_data_ad33cf2729b42a85|__AUTOMETRIC__
__AUTOMETRIC__|0.1.2|2146954|crew_log_bb3b01d89aa1c903|0|1786748848.660|98.877|0.515|472412160|3570270208|gen_data_ad33cf2729b42a85|__AUTOMETRIC__
__AUTOMETRIC__|0.1.2|2146954|crew_log_bb3b01d89aa1c903|0|1786748849.662|98.854|0.515|472412160|3570270208|gen_data_ad33cf2729b42a85|__AUTOMETRIC__
__AUTOMETRIC__|0.1.2|2146954|crew_log_bb3b01d89aa1c903|0|1786748850.663|99.854|0.520|472412160|3570270208|gen_data_ad33cf2729b42a85|__AUTOMETRIC__
__AUTOMETRIC__|0.1.2|2146954|crew_log_bb3b01d89aa1c903|0|1786748851.664|98.885|0.515|472412160|3570270208|gen_data_ad33cf2729b42a85|__AUTOMETRIC__
__AUTOMETRIC__|0.1.2|2146954|crew_log_bb3b01d89aa1c903|0|1786748852.665|98.884|0.515|472412160|3570270208|gen_data_ad33cf2729b42a85|__AUTOMETRIC__
__AUTOMETRIC__|0.1.2|2146954|crew_log_bb3b01d89aa1c903|0|1786748853.667|99.864|0.520|472412160|3570270208|gen_data_ad33cf2729b42a85|__AUTOMETRIC__
__AUTOMETRIC__|0.1.2|2146954|crew_log_bb3b01d89aa1c903|0|1786748854.668|98.870|0.515|472412160|3570270208|gen_data_ad33cf2729b42a85|__AUTOMETRIC__
__AUTOMETRIC__|0.1.2|2146954|crew_log_bb3b01d89aa1c903|0|1786748855.670|99.850|0.520|472412160|3570270208|gen_data_ad33cf2729b42a85|__AUTOMETRIC__
__AUTOMETRIC__|0.1.2|2146954|crew_log_bb3b01d89aa1c903|0|1786748856.671|98.876|0.515|472412160|3570270208|gen_data_ad33cf2729b42a85|__AUTOMETRIC__
__AUTOMETRIC__|0.1.2|2146954|crew_log_bb3b01d89aa1c903|0|1786748857.672|99.828|0.520|472412160|3570270208|gen_data_ad33cf2729b42a85|__AUTOMETRIC__
__AUTOMETRIC__|0.1.2|2146954|crew_log_bb3b01d89aa1c903|0|1786748858.675|98.712|0.514|472412160|3570270208|gen_data_ad33cf2729b42a85|__AUTOMETRIC__
__AUTOMETRIC__|0.1.2|2146954|crew_log_bb3b01d89aa1c903|0|1786748859.677|98.874|0.515|472412160|3570270208|gen_data_ad33cf2729b42a85|__AUTOMETRIC__
__AUTOMETRIC__|0.1.2|2146954|crew_log_bb3b01d89aa1c903|0|1786748860.678|99.878|0.520|472412160|3570270208|gen_data_ad33cf2729b42a85|__AUTOMETRIC__
__AUTOMETRIC__|0.1.2|2146954|crew_log_bb3b01d89aa1c903|0|1786748861.679|98.854|0.515|472412160|3570270208|gen_data_ad33cf2729b42a85|__AUTOMETRIC__
__AUTOMETRIC__|0.1.2|2146954|crew_log_bb3b01d89aa1c903|0|1786748862.681|98.867|0.515|472412160|3570270208|gen_data_ad33cf2729b42a85|__AUTOMETRIC__
__AUTOMETRIC__|0.1.2|2146954|crew_log_bb3b01d89aa1c903|0|1786748863.682|99.852|0.520|472412160|3570270208|gen_data_ad33cf2729b42a85|__AUTOMETRIC__
__AUTOMETRIC__|0.1.2|2146954|crew_log_bb3b01d89aa1c903|0|1786748864.684|98.854|0.515|472412160|3570270208|gen_data_ad33cf2729b42a85|__AUTOMETRIC__
__AUTOMETRIC__|0.1.2|2146954|crew_log_bb3b01d89aa1c903|0|1786748865.685|98.879|0.515|472412160|3570270208|gen_data_ad33cf2729b42a85|__AUTOMETRIC__
__AUTOMETRIC__|0.1.2|2146954|crew_log_bb3b01d89aa1c903|0|1786748866.686|98.872|0.515|472412160|3570270208|gen_data_ad33cf2729b42a85|__AUTOMETRIC__
__AUTOMETRIC__|0.1.2|2146954|crew_log_bb3b01d89aa1c903|0|1786748867.688|99.860|0.520|472412160|3570270208|gen_data_ad33cf2729b42a85|__AUTOMETRIC__
__AUTOMETRIC__|0.1.2|2146954|crew_log_bb3b01d89aa1c903|0|1786748868.691|98.709|0.514|472412160|3570270208|gen_data_ad33cf2729b42a85|__AUTOMETRIC__
__AUTOMETRIC__|0.1.2|2146954|crew_log_bb3b01d89aa1c903|0|1786748869.692|98.859|0.515|472412160|3570270208|gen_data_ad33cf2729b42a85|__AUTOMETRIC__
__AUTOMETRIC__|0.1.2|2146954|crew_log_bb3b01d89aa1c903|0|1786748870.693|98.853|0.515|472412160|3570270208|gen_data_ad33cf2729b42a85|__AUTOMETRIC__
__AUTOMETRIC__|0.1.2|2146954|crew_log_bb3b01d89aa1c903|0|1786748871.699|99.475|0.518|472412160|3570270208|gen_data_ad33cf2729b42a85|__AUTOMETRIC__
__AUTOMETRIC__|0.1.2|2146954|crew_log_bb3b01d89aa1c903|0|1786748872.700|98.847|0.515|472412160|3570270208|gen_data_ad33cf2729b42a85|__AUTOMETRIC__
__AUTOMETRIC__|0.1.2|2146954|crew_log_bb3b01d89aa1c903|0|1786748873.702|99.839|0.520|472412160|3570270208|gen_data_ad33cf2729b42a85|__AUTOMETRIC__
__AUTOMETRIC__|0.1.2|2146954|crew_log_bb3b01d89aa1c903|0|1786748874.703|98.843|0.515|472412160|3570270208|gen_data_ad33cf2729b42a85|__AUTOMETRIC__
__AUTOMETRIC__|0.1.2|2146954|crew_log_bb3b01d89aa1c903|0|1786748875.705|98.829|0.515|472412160|3570270208|gen_data_ad33cf2729b42a85|__AUTOMETRIC__
__AUTOMETRIC__|0.1.2|2146954|crew_log_bb3b01d89aa1c903|0|1786748876.707|98.867|0.515|472412160|3570270208|gen_data_ad33cf2729b42a85|__AUTOMETRIC__
__AUTOMETRIC__|0.1.2|2146954|crew_log_bb3b01d89aa1c903|0|1786748877.708|99.847|0.520|472412160|3570270208|gen_data_ad33cf2729b42a85|__AUTOMETRIC__
__AUTOMETRIC__|0.1.2|2146954|crew_log_bb3b01d89aa1c903|0|1786748878.710|98.844|0.515|472412160|3570270208|gen_data_ad33cf2729b42a85|__AUTOMETRIC__
__AUTOMETRIC__|0.1.2|2146954|crew_log_bb3b01d89aa1c903|0|1786748879.711|98.849|0.515|472412160|3570270208|gen_data_ad33cf2729b42a85|__AUTOMETRIC__
__AUTOMETRIC__|0.1.2|2146954|crew_log_bb3b01d89aa1c903|0|1786748880.713|99.865|0.520|472412160|3570270208|gen_data_ad33cf2729b42a85|__AUTOMETRIC__
__AUTOMETRIC__|0.1.2|2146954|crew_log_bb3b01d89aa1c903|0|1786748881.714|98.869|0.515|472412160|3570270208|gen_data_ad33cf2729b42a85|__AUTOMETRIC__
__AUTOMETRIC__|0.1.2|2146954|crew_log_bb3b01d89aa1c903|0|1786748882.715|98.853|0.515|472412160|3570270208|gen_data_ad33cf2729b42a85|__AUTOMETRIC__
__AUTOMETRIC__|0.1.2|2146954|crew_log_bb3b01d89aa1c903|0|1786748883.717|99.802|0.520|472412160|3570270208|gen_data_ad33cf2729b42a85|__AUTOMETRIC__
__AUTOMETRIC__|0.1.2|2146954|crew_log_bb3b01d89aa1c903|0|1786748884.719|98.879|0.515|472412160|3570270208|gen_data_ad33cf2729b42a85|__AUTOMETRIC__
__AUTOMETRIC__|0.1.2|2146954|crew_log_bb3b01d89aa1c903|0|1786748885.720|98.852|0.515|472412160|3570270208|gen_data_ad33cf2729b42a85|__AUTOMETRIC__
__AUTOMETRIC__|0.1.2|2146954|crew_log_bb3b01d89aa1c903|0|1786748886.721|99.880|0.520|472412160|3570270208|gen_data_ad33cf2729b42a85|__AUTOMETRIC__
__AUTOMETRIC__|0.1.2|2146954|crew_log_bb3b01d89aa1c903|0|1786748887.723|98.858|0.515|472412160|3570270208|gen_data_ad33cf2729b42a85|__AUTOMETRIC__
__AUTOMETRIC__|0.1.2|2146954|crew_log_bb3b01d89aa1c903|0|1786748888.724|98.853|0.515|472412160|3570270208|gen_data_ad33cf2729b42a85|__AUTOMETRIC__
__AUTOMETRIC__|0.1.2|2146954|crew_log_bb3b01d89aa1c903|0|1786748889.726|99.829|0.520|472412160|3570270208|gen_data_ad33cf2729b42a85|__AUTOMETRIC__
__AUTOMETRIC__|0.1.2|2146954|crew_log_bb3b01d89aa1c903|0|1786748890.727|98.846|0.515|472412160|3570270208|gen_data_ad33cf2729b42a85|__AUTOMETRIC__
__AUTOMETRIC__|0.1.2|2146954|crew_log_bb3b01d89aa1c903|0|1786748891.742|98.598|0.514|472412160|3570270208|gen_data_ad33cf2729b42a85|__AUTOMETRIC__
__AUTOMETRIC__|0.1.2|2146954|crew_log_bb3b01d89aa1c903|0|1786748892.744|99.720|0.519|472412160|3570270208|gen_data_ad33cf2729b42a85|__AUTOMETRIC__
__AUTOMETRIC__|0.1.2|2146954|crew_log_bb3b01d89aa1c903|0|1786748893.746|98.815|0.515|472412160|3570270208|gen_data_ad33cf2729b42a85|__AUTOMETRIC__
__AUTOMETRIC__|0.1.2|2146954|crew_log_bb3b01d89aa1c903|0|1786748894.748|98.858|0.515|472412160|3570270208|gen_data_ad33cf2729b42a85|__AUTOMETRIC__
__AUTOMETRIC__|0.1.2|2146954|crew_log_bb3b01d89aa1c903|0|1786748895.750|99.819|0.520|472412160|3570270208|gen_data_ad33cf2729b42a85|__AUTOMETRIC__
__AUTOMETRIC__|0.1.2|2146954|crew_log_bb3b01d89aa1c903|0|1786748896.751|98.855|0.515|472412160|3570270208|gen_data_ad33cf2729b42a85|__AUTOMETRIC__
__AUTOMETRIC__|0.1.2|2146954|crew_log_bb3b01d89aa1c903|0|1786748897.752|98.859|0.515|472412160|3570270208|gen_data_ad33cf2729b42a85|__AUTOMETRIC__
__AUTOMETRIC__|0.1.2|2146954|crew_log_bb3b01d89aa1c903|0|1786748898.754|98.854|0.515|472412160|3570270208|gen_data_ad33cf2729b42a85|__AUTOMETRIC__
__AUTOMETRIC__|0.1.2|2146954|crew_log_bb3b01d89aa1c903|0|1786748899.757|98.748|0.514|472412160|3570270208|gen_data_ad33cf2729b42a85|__AUTOMETRIC__
__AUTOMETRIC__|0.1.2|2146954|crew_log_bb3b01d89aa1c903|0|1786748900.758|99.867|0.520|472412160|3570270208|gen_data_ad33cf2729b42a85|__AUTOMETRIC__
__AUTOMETRIC__|0.1.2|2146954|crew_log_bb3b01d89aa1c903|0|1786748901.759|98.867|0.515|472412160|3570270208|gen_data_ad33cf2729b42a85|__AUTOMETRIC__
__AUTOMETRIC__|0.1.2|2146954|crew_log_bb3b01d89aa1c903|0|1786748902.761|98.862|0.515|472412160|3570270208|gen_data_ad33cf2729b42a85|__AUTOMETRIC__
__AUTOMETRIC__|0.1.2|2146954|crew_log_bb3b01d89aa1c903|0|1786748903.762|99.873|0.520|472412160|3570270208|gen_data_ad33cf2729b42a85|__AUTOMETRIC__
__AUTOMETRIC__|0.1.2|2146954|crew_log_bb3b01d89aa1c903|0|1786748904.764|98.770|0.514|472412160|3570270208|gen_data_ad33cf2729b42a85|__AUTOMETRIC__
__AUTOMETRIC__|0.1.2|2146954|crew_log_bb3b01d89aa1c903|0|1786748905.767|98.725|0.514|472412160|3570270208|gen_data_ad33cf2729b42a85|__AUTOMETRIC__
__AUTOMETRIC__|0.1.2|2146954|crew_log_bb3b01d89aa1c903|0|1786748906.769|99.790|0.520|472412160|3570270208|gen_data_ad33cf2729b42a85|__AUTOMETRIC__
__AUTOMETRIC__|0.1.2|2146954|crew_log_bb3b01d89aa1c903|0|1786748907.771|98.842|0.515|472412160|3570270208|gen_data_ad33cf2729b42a85|__AUTOMETRIC__
__AUTOMETRIC__|0.1.2|2146954|crew_log_bb3b01d89aa1c903|0|1786748908.772|98.866|0.515|472412160|3570270208|gen_data_ad33cf2729b42a85|__AUTOMETRIC__
__AUTOMETRIC__|0.1.2|2146954|crew_log_bb3b01d89aa1c903|0|1786748909.774|98.850|0.515|472412160|3570270208|gen_data_ad33cf2729b42a85|__AUTOMETRIC__
__AUTOMETRIC__|0.1.2|2146954|crew_log_bb3b01d89aa1c903|0|1786748910.775|99.867|0.520|472412160|3570270208|gen_data_ad33cf2729b42a85|__AUTOMETRIC__
__AUTOMETRIC__|0.1.2|2146954|crew_log_bb3b01d89aa1c903|0|1786748911.776|98.865|0.515|472412160|3570270208|gen_data_ad33cf2729b42a85|__AUTOMETRIC__
__AUTOMETRIC__|0.1.2|2146954|crew_log_bb3b01d89aa1c903|0|1786748912.778|98.839|0.515|472412160|3570270208|gen_data_ad33cf2729b42a85|__AUTOMETRIC__
__AUTOMETRIC__|0.1.2|2146954|crew_log_bb3b01d89aa1c903|0|1786748913.779|99.865|0.520|472412160|3570270208|gen_data_ad33cf2729b42a85|__AUTOMETRIC__
__AUTOMETRIC__|0.1.2|2146954|crew_log_bb3b01d89aa1c903|0|1786748914.781|98.868|0.515|472412160|3570270208|gen_data_ad33cf2729b42a85|__AUTOMETRIC__
__AUTOMETRIC__|0.1.2|2146954|crew_log_bb3b01d89aa1c903|0|1786748915.782|98.864|0.515|472412160|3570270208|gen_data_ad33cf2729b42a85|__AUTOMETRIC__
__AUTOMETRIC__|0.1.2|2146954|crew_log_bb3b01d89aa1c903|0|1786748916.783|98.871|0.515|472412160|3570270208|gen_data_ad33cf2729b42a85|__AUTOMETRIC__
__AUTOMETRIC__|0.1.2|2146954|crew_log_bb3b01d89aa1c903|0|1786748917.785|99.863|0.520|472412160|3570270208|gen_data_ad33cf2729b42a85|__AUTOMETRIC__
__AUTOMETRIC__|0.1.2|2146954|crew_log_bb3b01d89aa1c903|0|1786748918.786|98.857|0.515|472412160|3570270208|gen_data_ad33cf2729b42a85|__AUTOMETRIC__
__AUTOMETRIC__|0.1.2|2146954|crew_log_bb3b01d89aa1c903|0|1786748919.788|98.844|0.515|472412160|3570270208|gen_data_ad33cf2729b42a85|__AUTOMETRIC__
__AUTOMETRIC__|0.1.2|2146954|crew_log_bb3b01d89aa1c903|0|1786748920.789|98.865|0.515|472412160|3570270208|gen_data_ad33cf2729b42a85|__AUTOMETRIC__
__AUTOMETRIC__|0.1.2|2146954|crew_log_bb3b01d89aa1c903|0|1786748921.790|99.856|0.520|472412160|3570270208|gen_data_ad33cf2729b42a85|__AUTOMETRIC__
__AUTOMETRIC__|0.1.2|2146954|crew_log_bb3b01d89aa1c903|0|1786748922.792|98.818|0.515|472412160|3570270208|gen_data_ad33cf2729b42a85|__AUTOMETRIC__
__AUTOMETRIC__|0.1.2|2146954|crew_log_bb3b01d89aa1c903|0|1786748923.794|98.861|0.515|472412160|3570270208|gen_data_ad33cf2729b42a85|__AUTOMETRIC__
__AUTOMETRIC__|0.1.2|2146954|crew_log_bb3b01d89aa1c903|0|1786748924.795|99.863|0.520|472412160|3570270208|gen_data_ad33cf2729b42a85|__AUTOMETRIC__
__AUTOMETRIC__|0.1.2|2146954|crew_log_bb3b01d89aa1c903|0|1786748925.796|98.870|0.515|472412160|3570270208|gen_data_ad33cf2729b42a85|__AUTOMETRIC__
__AUTOMETRIC__|0.1.2|2146954|crew_log_bb3b01d89aa1c903|0|1786748926.798|98.828|0.515|472412160|3570270208|gen_data_ad33cf2729b42a85|__AUTOMETRIC__
__AUTOMETRIC__|0.1.2|2146954|crew_log_bb3b01d89aa1c903|0|1786748927.800|98.854|0.515|472412160|3570270208|gen_data_ad33cf2729b42a85|__AUTOMETRIC__
__AUTOMETRIC__|0.1.2|2146954|crew_log_bb3b01d89aa1c903|0|1786748928.801|98.840|0.515|472412160|3570270208|gen_data_ad33cf2729b42a85|__AUTOMETRIC__
__AUTOMETRIC__|0.1.2|2146954|crew_log_bb3b01d89aa1c903|0|1786748929.803|99.805|0.520|472412160|3570270208|gen_data_ad33cf2729b42a85|__AUTOMETRIC__
__AUTOMETRIC__|0.1.2|2146954|crew_log_bb3b01d89aa1c903|0|1786748930.805|98.853|0.515|472412160|3570270208|gen_data_ad33cf2729b42a85|__AUTOMETRIC__
__AUTOMETRIC__|0.1.2|2146954|crew_log_bb3b01d89aa1c903|0|1786748931.806|98.839|0.515|472412160|3570270208|gen_data_ad33cf2729b42a85|__AUTOMETRIC__
__AUTOMETRIC__|0.1.2|2146954|crew_log_bb3b01d89aa1c903|0|1786748932.808|99.873|0.520|472412160|3570270208|gen_data_ad33cf2729b42a85|__AUTOMETRIC__
__AUTOMETRIC__|0.1.2|2146954|crew_log_bb3b01d89aa1c903|0|1786748933.809|98.853|0.515|472412160|3570270208|gen_data_ad33cf2729b42a85|__AUTOMETRIC__
__AUTOMETRIC__|0.1.2|2146954|crew_log_bb3b01d89aa1c903|0|1786748934.811|98.857|0.515|472412160|3570270208|gen_data_ad33cf2729b42a85|__AUTOMETRIC__
__AUTOMETRIC__|0.1.2|2146954|crew_log_bb3b01d89aa1c903|0|1786748935.812|98.858|0.515|472412160|3570270208|gen_data_ad33cf2729b42a85|__AUTOMETRIC__
__AUTOMETRIC__|0.1.2|2146954|crew_log_bb3b01d89aa1c903|0|1786748936.813|99.870|0.520|472412160|3570270208|gen_data_ad33cf2729b42a85|__AUTOMETRIC__
__AUTOMETRIC__|0.1.2|2146954|crew_log_bb3b01d89aa1c903|0|1786748937.815|98.868|0.515|472412160|3570270208|gen_data_ad33cf2729b42a85|__AUTOMETRIC__
__AUTOMETRIC__|0.1.2|2146954|crew_log_bb3b01d89aa1c903|0|1786748938.816|98.817|0.515|472412160|3570270208|gen_data_ad33cf2729b42a85|__AUTOMETRIC__
__AUTOMETRIC__|0.1.2|2146954|crew_log_bb3b01d89aa1c903|0|1786748939.818|98.836|0.515|472412160|3570270208|gen_data_ad33cf2729b42a85|__AUTOMETRIC__
__AUTOMETRIC__|0.1.2|2146954|crew_log_bb3b01d89aa1c903|0|1786748940.820|99.851|0.520|472412160|3570270208|gen_data_ad33cf2729b42a85|__AUTOMETRIC__
__AUTOMETRIC__|0.1.2|2146954|crew_log_bb3b01d89aa1c903|0|1786748941.821|99.841|0.520|472412160|3570270208|gen_data_ad33cf2729b42a85|__AUTOMETRIC__
__AUTOMETRIC__|0.1.2|2146954|crew_log_bb3b01d89aa1c903|0|1786748942.823|98.847|0.515|472412160|3570270208|gen_data_ad33cf2729b42a85|__AUTOMETRIC__
__AUTOMETRIC__|0.1.2|2146954|crew_log_bb3b01d89aa1c903|0|1786748943.824|98.857|0.515|472412160|3570270208|gen_data_ad33cf2729b42a85|__AUTOMETRIC__
__AUTOMETRIC__|0.1.2|2146954|crew_log_bb3b01d89aa1c903|0|1786748944.826|99.862|0.520|472412160|3570270208|gen_data_ad33cf2729b42a85|__AUTOMETRIC__
__AUTOMETRIC__|0.1.2|2146954|crew_log_bb3b01d89aa1c903|0|1786748945.827|98.873|0.515|472412160|3570270208|gen_data_ad33cf2729b42a85|__AUTOMETRIC__
__AUTOMETRIC__|0.1.2|2146954|crew_log_bb3b01d89aa1c903|0|1786748946.828|98.863|0.515|472412160|3570270208|gen_data_ad33cf2729b42a85|__AUTOMETRIC__
__AUTOMETRIC__|0.1.2|2146954|crew_log_bb3b01d89aa1c903|0|1786748947.830|98.864|0.515|472412160|3570270208|gen_data_ad33cf2729b42a85|__AUTOMETRIC__
__AUTOMETRIC__|0.1.2|2146954|crew_log_bb3b01d89aa1c903|0|1786748948.831|99.869|0.520|472412160|3570270208|gen_data_ad33cf2729b42a85|__AUTOMETRIC__
__AUTOMETRIC__|0.1.2|2146954|crew_log_bb3b01d89aa1c903|0|1786748949.833|98.814|0.515|472412160|3570270208|gen_data_ad33cf2729b42a85|__AUTOMETRIC__
__AUTOMETRIC__|0.1.2|2146954|crew_log_bb3b01d89aa1c903|0|1786748950.834|98.874|0.515|472412160|3570270208|gen_data_ad33cf2729b42a85|__AUTOMETRIC__
__AUTOMETRIC__|0.1.2|2146954|crew_log_bb3b01d89aa1c903|0|1786748951.835|99.865|0.520|472412160|3570270208|gen_data_ad33cf2729b42a85|__AUTOMETRIC__
__AUTOMETRIC__|0.1.2|2146954|crew_log_bb3b01d89aa1c903|0|1786748952.837|98.853|0.515|472412160|3570270208|gen_data_ad33cf2729b42a85|__AUTOMETRIC__
__AUTOMETRIC__|0.1.2|2146954|crew_log_bb3b01d89aa1c903|0|1786748953.838|98.865|0.515|472412160|3570270208|gen_data_ad33cf2729b42a85|__AUTOMETRIC__
__AUTOMETRIC__|0.1.2|2146954|crew_log_bb3b01d89aa1c903|0|1786748954.840|98.870|0.515|472412160|3570270208|gen_data_ad33cf2729b42a85|__AUTOMETRIC__
__AUTOMETRIC__|0.1.2|2146954|crew_log_bb3b01d89aa1c903|0|1786748955.841|99.867|0.520|472412160|3570270208|gen_data_ad33cf2729b42a85|__AUTOMETRIC__
__AUTOMETRIC__|0.1.2|2146954|crew_log_bb3b01d89aa1c903|0|1786748956.842|98.864|0.515|472412160|3570270208|gen_data_ad33cf2729b42a85|__AUTOMETRIC__
__AUTOMETRIC__|0.1.2|2146954|crew_log_bb3b01d89aa1c903|0|1786748957.844|98.854|0.515|472412160|3570270208|gen_data_ad33cf2729b42a85|__AUTOMETRIC__
__AUTOMETRIC__|0.1.2|2146954|crew_log_bb3b01d89aa1c903|0|1786748958.847|98.645|0.514|472412160|3570270208|gen_data_ad33cf2729b42a85|__AUTOMETRIC__
__AUTOMETRIC__|0.1.2|2146954|crew_log_bb3b01d89aa1c903|0|1786748959.849|99.854|0.520|472412160|3570270208|gen_data_ad33cf2729b42a85|__AUTOMETRIC__
__AUTOMETRIC__|0.1.2|2146954|crew_log_bb3b01d89aa1c903|0|1786748960.850|98.860|0.515|472412160|3570270208|gen_data_ad33cf2729b42a85|__AUTOMETRIC__
__AUTOMETRIC__|0.1.2|2146954|crew_log_bb3b01d89aa1c903|0|1786748961.852|98.860|0.515|472412160|3570270208|gen_data_ad33cf2729b42a85|__AUTOMETRIC__
__AUTOMETRIC__|0.1.2|2146954|crew_log_bb3b01d89aa1c903|0|1786748962.853|98.864|0.515|472412160|3570270208|gen_data_ad33cf2729b42a85|__AUTOMETRIC__
__AUTOMETRIC__|0.1.2|2146954|crew_log_bb3b01d89aa1c903|0|1786748963.855|98.846|0.515|472412160|3570270208|gen_data_ad33cf2729b42a85|__AUTOMETRIC__
__AUTOMETRIC__|0.1.2|2146954|crew_log_bb3b01d89aa1c903|0|1786748964.856|99.858|0.520|472412160|3570270208|gen_data_ad33cf2729b42a85|__AUTOMETRIC__
__AUTOMETRIC__|0.1.2|2146954|crew_log_bb3b01d89aa1c903|0|1786748965.857|98.884|0.515|472412160|3570270208|gen_data_ad33cf2729b42a85|__AUTOMETRIC__
__AUTOMETRIC__|0.1.2|2146954|crew_log_bb3b01d89aa1c903|0|1786748966.859|98.866|0.515|472412160|3570270208|gen_data_ad33cf2729b42a85|__AUTOMETRIC__
__AUTOMETRIC__|0.1.2|2146954|crew_log_bb3b01d89aa1c903|0|1786748967.860|98.858|0.515|472412160|3570270208|gen_data_ad33cf2729b42a85|__AUTOMETRIC__
__AUTOMETRIC__|0.1.2|2146954|crew_log_bb3b01d89aa1c903|0|1786748968.862|99.825|0.520|472412160|3570270208|gen_data_ad33cf2729b42a85|__AUTOMETRIC__
__AUTOMETRIC__|0.1.2|2146954|crew_log_bb3b01d89aa1c903|0|1786748969.864|98.783|0.514|472412160|3570270208|gen_data_ad33cf2729b42a85|__AUTOMETRIC__
__AUTOMETRIC__|0.1.2|2146954|crew_log_bb3b01d89aa1c903|0|1786748970.865|98.848|0.515|472412160|3570270208|gen_data_ad33cf2729b42a85|__AUTOMETRIC__
__AUTOMETRIC__|0.1.2|2146954|crew_log_bb3b01d89aa1c903|0|1786748971.867|98.876|0.515|472412160|3570270208|gen_data_ad33cf2729b42a85|__AUTOMETRIC__
__AUTOMETRIC__|0.1.2|2146954|crew_log_bb3b01d89aa1c903|0|1786748972.868|99.855|0.520|472412160|3570270208|gen_data_ad33cf2729b42a85|__AUTOMETRIC__
__AUTOMETRIC__|0.1.2|2146954|crew_log_bb3b01d89aa1c903|0|1786748973.870|98.854|0.515|472412160|3570270208|gen_data_ad33cf2729b42a85|__AUTOMETRIC__
__AUTOMETRIC__|0.1.2|2146954|crew_log_bb3b01d89aa1c903|0|1786748974.871|98.869|0.515|472412160|3570270208|gen_data_ad33cf2729b42a85|__AUTOMETRIC__
__AUTOMETRIC__|0.1.2|2146954|crew_log_bb3b01d89aa1c903|0|1786748975.872|98.864|0.515|472412160|3570270208|gen_data_ad33cf2729b42a85|__AUTOMETRIC__
__AUTOMETRIC__|0.1.2|2146954|crew_log_bb3b01d89aa1c903|0|1786748976.874|99.828|0.520|472412160|3570270208|gen_data_ad33cf2729b42a85|__AUTOMETRIC__
__AUTOMETRIC__|0.1.2|2146954|crew_log_bb3b01d89aa1c903|0|1786748977.876|98.839|0.515|472412160|3570270208|gen_data_ad33cf2729b42a85|__AUTOMETRIC__
__AUTOMETRIC__|0.1.2|2146954|crew_log_bb3b01d89aa1c903|0|1786748978.877|98.840|0.515|472412160|3570270208|gen_data_ad33cf2729b42a85|__AUTOMETRIC__
__AUTOMETRIC__|0.1.2|2146954|crew_log_bb3b01d89aa1c903|0|1786748979.879|98.850|0.515|472412160|3570270208|gen_data_ad33cf2729b42a85|__AUTOMETRIC__
__AUTOMETRIC__|0.1.2|2146954|crew_log_bb3b01d89aa1c903|0|1786748980.880|99.836|0.520|472412160|3570270208|gen_data_ad33cf2729b42a85|__AUTOMETRIC__
__AUTOMETRIC__|0.1.2|2146954|crew_log_bb3b01d89aa1c903|0|1786748981.882|98.849|0.515|472412160|3570270208|gen_data_ad33cf2729b42a85|__AUTOMETRIC__
__AUTOMETRIC__|0.1.2|2146954|crew_log_bb3b01d89aa1c903|0|1786748982.883|98.868|0.515|472412160|3570270208|gen_data_ad33cf2729b42a85|__AUTOMETRIC__
__AUTOMETRIC__|0.1.2|2146954|crew_log_bb3b01d89aa1c903|0|1786748983.885|98.865|0.515|472412160|3570270208|gen_data_ad33cf2729b42a85|__AUTOMETRIC__
__AUTOMETRIC__|0.1.2|2146954|crew_log_bb3b01d89aa1c903|0|1786748984.886|98.869|0.515|472412160|3570270208|gen_data_ad33cf2729b42a85|__AUTOMETRIC__
__AUTOMETRIC__|0.1.2|2146954|crew_log_bb3b01d89aa1c903|0|1786748985.887|99.870|0.520|472412160|3570270208|gen_data_ad33cf2729b42a85|__AUTOMETRIC__
__AUTOMETRIC__|0.1.2|2146954|crew_log_bb3b01d89aa1c903|0|1786748986.889|98.862|0.515|472412160|3570270208|gen_data_ad33cf2729b42a85|__AUTOMETRIC__
__AUTOMETRIC__|0.1.2|2146954|crew_log_bb3b01d89aa1c903|0|1786748987.890|98.869|0.515|472412160|3570270208|gen_data_ad33cf2729b42a85|__AUTOMETRIC__
__AUTOMETRIC__|0.1.2|2146954|crew_log_bb3b01d89aa1c903|0|1786748988.892|98.849|0.515|472412160|3570270208|gen_data_ad33cf2729b42a85|__AUTOMETRIC__
__AUTOMETRIC__|0.1.2|2146954|crew_log_bb3b01d89aa1c903|0|1786748989.893|99.833|0.520|472412160|3570270208|gen_data_ad33cf2729b42a85|__AUTOMETRIC__
__AUTOMETRIC__|0.1.2|2146954|crew_log_bb3b01d89aa1c903|0|1786748990.895|98.865|0.515|472412160|3570270208|gen_data_ad33cf2729b42a85|__AUTOMETRIC__
__AUTOMETRIC__|0.1.2|2146954|crew_log_bb3b01d89aa1c903|0|1786748991.896|98.863|0.515|472412160|3570270208|gen_data_ad33cf2729b42a85|__AUTOMETRIC__
__AUTOMETRIC__|0.1.2|2146954|crew_log_bb3b01d89aa1c903|0|1786748992.897|98.866|0.515|472412160|3570270208|gen_data_ad33cf2729b42a85|__AUTOMETRIC__
__AUTOMETRIC__|0.1.2|2146954|crew_log_bb3b01d89aa1c903|0|1786748993.901|98.687|0.514|472412160|3570270208|gen_data_ad33cf2729b42a85|__AUTOMETRIC__
__AUTOMETRIC__|0.1.2|2146954|crew_log_bb3b01d89aa1c903|0|1786748994.902|99.846|0.520|472412160|3570270208|gen_data_ad33cf2729b42a85|__AUTOMETRIC__
__AUTOMETRIC__|0.1.2|2146954|crew_log_bb3b01d89aa1c903|0|1786748995.903|98.870|0.515|472412160|3570270208|gen_data_ad33cf2729b42a85|__AUTOMETRIC__
__AUTOMETRIC__|0.1.2|2146954|crew_log_bb3b01d89aa1c903|0|1786748996.905|98.849|0.515|472412160|3570270208|gen_data_ad33cf2729b42a85|__AUTOMETRIC__
__AUTOMETRIC__|0.1.2|2146954|crew_log_bb3b01d89aa1c903|0|1786748997.906|98.856|0.515|472412160|3570270208|gen_data_ad33cf2729b42a85|__AUTOMETRIC__
__AUTOMETRIC__|0.1.2|2146954|crew_log_bb3b01d89aa1c903|0|1786748998.908|98.861|0.515|472412160|3570270208|gen_data_ad33cf2729b42a85|__AUTOMETRIC__
__AUTOMETRIC__|0.1.2|2146954|crew_log_bb3b01d89aa1c903|0|1786748999.909|98.856|0.515|472412160|3570270208|gen_data_ad33cf2729b42a85|__AUTOMETRIC__
__AUTOMETRIC__|0.1.2|2146954|crew_log_bb3b01d89aa1c903|0|1786749000.911|99.830|0.520|472412160|3570270208|gen_data_ad33cf2729b42a85|__AUTOMETRIC__
__AUTOMETRIC__|0.1.2|2146954|crew_log_bb3b01d89aa1c903|0|1786749001.913|98.835|0.515|472412160|3570270208|gen_data_ad33cf2729b42a85|__AUTOMETRIC__
__AUTOMETRIC__|0.1.2|2146954|crew_log_bb3b01d89aa1c903|0|1786749002.914|98.857|0.515|472412160|3570270208|gen_data_ad33cf2729b42a85|__AUTOMETRIC__
__AUTOMETRIC__|0.1.2|2146954|crew_log_bb3b01d89aa1c903|0|1786749003.915|98.872|0.515|472412160|3570270208|gen_data_ad33cf2729b42a85|__AUTOMETRIC__
__AUTOMETRIC__|0.1.2|2146954|crew_log_bb3b01d89aa1c903|0|1786749004.918|98.707|0.514|472412160|3570270208|gen_data_ad33cf2729b42a85|__AUTOMETRIC__
__AUTOMETRIC__|0.1.2|2146954|crew_log_bb3b01d89aa1c903|0|1786749005.920|99.866|0.520|472412160|3570270208|gen_data_ad33cf2729b42a85|__AUTOMETRIC__
__AUTOMETRIC__|0.1.2|2146954|crew_log_bb3b01d89aa1c903|0|1786749006.921|98.849|0.515|472412160|3570270208|gen_data_ad33cf2729b42a85|__AUTOMETRIC__
__AUTOMETRIC__|0.1.2|2146954|crew_log_bb3b01d89aa1c903|0|1786749007.923|98.841|0.515|472412160|3570270208|gen_data_ad33cf2729b42a85|__AUTOMETRIC__
__AUTOMETRIC__|0.1.2|2146954|crew_log_bb3b01d89aa1c903|0|1786749008.926|99.651|0.519|472412160|3570270208|gen_data_ad33cf2729b42a85|__AUTOMETRIC__
__AUTOMETRIC__|0.1.2|2146954|crew_log_bb3b01d89aa1c903|0|1786749009.928|94.822|0.494|475557888|3774697472|gen_data_6fbe139f0beafd53|__AUTOMETRIC__
__AUTOMETRIC__|0.1.2|2146954|crew_log_bb3b01d89aa1c903|0|1786749010.930|98.864|0.515|475557888|3774697472|gen_data_6fbe139f0beafd53|__AUTOMETRIC__
__AUTOMETRIC__|0.1.2|2146954|crew_log_bb3b01d89aa1c903|0|1786749011.931|99.834|0.520|475557888|3774697472|gen_data_6fbe139f0beafd53|__AUTOMETRIC__
__AUTOMETRIC__|0.1.2|2146954|crew_log_bb3b01d89aa1c903|0|1786749012.933|98.866|0.515|475557888|3774697472|gen_data_6fbe139f0beafd53|__AUTOMETRIC__
__AUTOMETRIC__|0.1.2|2146954|crew_log_bb3b01d89aa1c903|0|1786749013.934|98.833|0.515|475557888|3774697472|gen_data_6fbe139f0beafd53|__AUTOMETRIC__
__AUTOMETRIC__|0.1.2|2146954|crew_log_bb3b01d89aa1c903|0|1786749014.936|99.847|0.520|475557888|3774697472|gen_data_6fbe139f0beafd53|__AUTOMETRIC__
__AUTOMETRIC__|0.1.2|2146954|crew_log_bb3b01d89aa1c903|0|1786749015.937|98.869|0.515|475557888|3774697472|gen_data_6fbe139f0beafd53|__AUTOMETRIC__
__AUTOMETRIC__|0.1.2|2146954|crew_log_bb3b01d89aa1c903|0|1786749016.938|98.873|0.515|475557888|3774697472|gen_data_6fbe139f0beafd53|__AUTOMETRIC__
__AUTOMETRIC__|0.1.2|2146954|crew_log_bb3b01d89aa1c903|0|1786749017.940|98.856|0.515|475557888|3774697472|gen_data_6fbe139f0beafd53|__AUTOMETRIC__
__AUTOMETRIC__|0.1.2|2146954|crew_log_bb3b01d89aa1c903|0|1786749018.942|98.832|0.515|475557888|3774697472|gen_data_6fbe139f0beafd53|__AUTOMETRIC__
__AUTOMETRIC__|0.1.2|2146954|crew_log_bb3b01d89aa1c903|0|1786749019.943|99.847|0.520|475557888|3774697472|gen_data_6fbe139f0beafd53|__AUTOMETRIC__
__AUTOMETRIC__|0.1.2|2146954|crew_log_bb3b01d89aa1c903|0|1786749020.944|98.867|0.515|475557888|3774697472|gen_data_6fbe139f0beafd53|__AUTOMETRIC__
__AUTOMETRIC__|0.1.2|2146954|crew_log_bb3b01d89aa1c903|0|1786749021.946|98.863|0.515|475557888|3774697472|gen_data_6fbe139f0beafd53|__AUTOMETRIC__
__AUTOMETRIC__|0.1.2|2146954|crew_log_bb3b01d89aa1c903|0|1786749022.947|98.863|0.515|475557888|3774697472|gen_data_6fbe139f0beafd53|__AUTOMETRIC__
__AUTOMETRIC__|0.1.2|2146954|crew_log_bb3b01d89aa1c903|0|1786749023.948|99.870|0.520|475557888|3774697472|gen_data_6fbe139f0beafd53|__AUTOMETRIC__
__AUTOMETRIC__|0.1.2|2146954|crew_log_bb3b01d89aa1c903|0|1786749024.950|98.860|0.515|475557888|3774697472|gen_data_6fbe139f0beafd53|__AUTOMETRIC__
__AUTOMETRIC__|0.1.2|2146954|crew_log_bb3b01d89aa1c903|0|1786749025.951|98.878|0.515|475557888|3774697472|gen_data_6fbe139f0beafd53|__AUTOMETRIC__
__AUTOMETRIC__|0.1.2|2146954|crew_log_bb3b01d89aa1c903|0|1786749026.952|99.878|0.520|475557888|3774697472|gen_data_6fbe139f0beafd53|__AUTOMETRIC__
__AUTOMETRIC__|0.1.2|2146954|crew_log_bb3b01d89aa1c903|0|1786749027.954|98.858|0.515|475557888|3774697472|gen_data_6fbe139f0beafd53|__AUTOMETRIC__
__AUTOMETRIC__|0.1.2|2146954|crew_log_bb3b01d89aa1c903|0|1786749028.955|98.846|0.515|475557888|3774697472|gen_data_6fbe139f0beafd53|__AUTOMETRIC__
__AUTOMETRIC__|0.1.2|2146954|crew_log_bb3b01d89aa1c903|0|1786749029.957|98.830|0.515|475557888|3774697472|gen_data_6fbe139f0beafd53|__AUTOMETRIC__
__AUTOMETRIC__|0.1.2|2146954|crew_log_bb3b01d89aa1c903|0|1786749030.958|99.865|0.520|475557888|3774697472|gen_data_6fbe139f0beafd53|__AUTOMETRIC__
__AUTOMETRIC__|0.1.2|2146954|crew_log_bb3b01d89aa1c903|0|1786749031.962|98.687|0.514|475557888|3774697472|gen_data_6fbe139f0beafd53|__AUTOMETRIC__
__AUTOMETRIC__|0.1.2|2146954|crew_log_bb3b01d89aa1c903|0|1786749032.963|98.817|0.515|475557888|3774697472|gen_data_6fbe139f0beafd53|__AUTOMETRIC__
__AUTOMETRIC__|0.1.2|2146954|crew_log_bb3b01d89aa1c903|0|1786749033.965|99.863|0.520|475557888|3774697472|gen_data_6fbe139f0beafd53|__AUTOMETRIC__
__AUTOMETRIC__|0.1.2|2146954|crew_log_bb3b01d89aa1c903|0|1786749034.966|98.865|0.515|475557888|3774697472|gen_data_6fbe139f0beafd53|__AUTOMETRIC__
__AUTOMETRIC__|0.1.2|2146954|crew_log_bb3b01d89aa1c903|0|1786749035.968|98.856|0.515|475557888|3774697472|gen_data_6fbe139f0beafd53|__AUTOMETRIC__
__AUTOMETRIC__|0.1.2|2146954|crew_log_bb3b01d89aa1c903|0|1786749036.969|99.846|0.520|475557888|3774697472|gen_data_6fbe139f0beafd53|__AUTOMETRIC__
__AUTOMETRIC__|0.1.2|2146954|crew_log_bb3b01d89aa1c903|0|1786749037.971|98.803|0.515|475557888|3774697472|gen_data_6fbe139f0beafd53|__AUTOMETRIC__
__AUTOMETRIC__|0.1.2|2146954|crew_log_bb3b01d89aa1c903|0|1786749038.973|98.835|0.515|475557888|3774697472|gen_data_6fbe139f0beafd53|__AUTOMETRIC__
__AUTOMETRIC__|0.1.2|2146954|crew_log_bb3b01d89aa1c903|0|1786749039.974|99.839|0.520|475557888|3774697472|gen_data_6fbe139f0beafd53|__AUTOMETRIC__
__AUTOMETRIC__|0.1.2|2146954|crew_log_bb3b01d89aa1c903|0|1786749040.976|98.872|0.515|475557888|3774697472|gen_data_6fbe139f0beafd53|__AUTOMETRIC__
__AUTOMETRIC__|0.1.2|2146954|crew_log_bb3b01d89aa1c903|0|1786749041.977|98.842|0.515|475557888|3774697472|gen_data_6fbe139f0beafd53|__AUTOMETRIC__
__AUTOMETRIC__|0.1.2|2146954|crew_log_bb3b01d89aa1c903|0|1786749042.979|99.852|0.520|475557888|3774697472|gen_data_6fbe139f0beafd53|__AUTOMETRIC__
__AUTOMETRIC__|0.1.2|2146954|crew_log_bb3b01d89aa1c903|0|1786749043.980|98.846|0.515|475557888|3774697472|gen_data_6fbe139f0beafd53|__AUTOMETRIC__
__AUTOMETRIC__|0.1.2|2146954|crew_log_bb3b01d89aa1c903|0|1786749044.982|98.861|0.515|475557888|3774697472|gen_data_6fbe139f0beafd53|__AUTOMETRIC__
__AUTOMETRIC__|0.1.2|2146954|crew_log_bb3b01d89aa1c903|0|1786749045.984|99.829|0.520|475557888|3774697472|gen_data_6fbe139f0beafd53|__AUTOMETRIC__
__AUTOMETRIC__|0.1.2|2146954|crew_log_bb3b01d89aa1c903|0|1786749046.985|98.847|0.515|475557888|3774697472|gen_data_6fbe139f0beafd53|__AUTOMETRIC__
__AUTOMETRIC__|0.1.2|2146954|crew_log_bb3b01d89aa1c903|0|1786749047.988|98.729|0.514|475557888|3774697472|gen_data_6fbe139f0beafd53|__AUTOMETRIC__
__AUTOMETRIC__|0.1.2|2146954|crew_log_bb3b01d89aa1c903|0|1786749048.989|99.846|0.520|475557888|3774697472|gen_data_6fbe139f0beafd53|__AUTOMETRIC__
__AUTOMETRIC__|0.1.2|2146954|crew_log_bb3b01d89aa1c903|0|1786749049.991|98.803|0.515|475557888|3774697472|gen_data_6fbe139f0beafd53|__AUTOMETRIC__
__AUTOMETRIC__|0.1.2|2146954|crew_log_bb3b01d89aa1c903|0|1786749050.994|98.774|0.514|475557888|3774697472|gen_data_6fbe139f0beafd53|__AUTOMETRIC__
__AUTOMETRIC__|0.1.2|2146954|crew_log_bb3b01d89aa1c903|0|1786749051.995|99.836|0.520|475557888|3774697472|gen_data_6fbe139f0beafd53|__AUTOMETRIC__
__AUTOMETRIC__|0.1.2|2146954|crew_log_bb3b01d89aa1c903|0|1786749052.999|98.627|0.514|475557888|3774697472|gen_data_6fbe139f0beafd53|__AUTOMETRIC__
__AUTOMETRIC__|0.1.2|2146954|crew_log_bb3b01d89aa1c903|0|1786749054.002|99.689|0.519|475557888|3774697472|gen_data_6fbe139f0beafd53|__AUTOMETRIC__
__AUTOMETRIC__|0.1.2|2146954|crew_log_bb3b01d89aa1c903|0|1786749055.005|98.762|0.514|475557888|3774697472|gen_data_6fbe139f0beafd53|__AUTOMETRIC__
__AUTOMETRIC__|0.1.2|2146954|crew_log_bb3b01d89aa1c903|0|1786749056.007|99.736|0.519|475557888|3774697472|gen_data_6fbe139f0beafd53|__AUTOMETRIC__
__AUTOMETRIC__|0.1.2|2146954|crew_log_bb3b01d89aa1c903|0|1786749057.010|98.763|0.514|475557888|3774697472|gen_data_6fbe139f0beafd53|__AUTOMETRIC__
__AUTOMETRIC__|0.1.2|2146954|crew_log_bb3b01d89aa1c903|0|1786749058.011|98.858|0.515|475557888|3774697472|gen_data_6fbe139f0beafd53|__AUTOMETRIC__
__AUTOMETRIC__|0.1.2|2146954|crew_log_bb3b01d89aa1c903|0|1786749059.012|99.871|0.520|475557888|3774697472|gen_data_6fbe139f0beafd53|__AUTOMETRIC__
__AUTOMETRIC__|0.1.2|2146954|crew_log_bb3b01d89aa1c903|0|1786749060.014|98.874|0.515|475557888|3774697472|gen_data_6fbe139f0beafd53|__AUTOMETRIC__
__AUTOMETRIC__|0.1.2|2146954|crew_log_bb3b01d89aa1c903|0|1786749061.016|99.798|0.520|475557888|3774697472|gen_data_6fbe139f0beafd53|__AUTOMETRIC__
__AUTOMETRIC__|0.1.2|2146954|crew_log_bb3b01d89aa1c903|0|1786749062.024|99.191|0.517|475557888|3774697472|gen_data_6fbe139f0beafd53|__AUTOMETRIC__
__AUTOMETRIC__|0.1.2|2146954|crew_log_bb3b01d89aa1c903|0|1786749063.026|98.803|0.515|475557888|3774697472|gen_data_6fbe139f0beafd53|__AUTOMETRIC__
__AUTOMETRIC__|0.1.2|2146954|crew_log_bb3b01d89aa1c903|0|1786749064.028|99.738|0.519|475557888|3774697472|gen_data_6fbe139f0beafd53|__AUTOMETRIC__
__AUTOMETRIC__|0.1.2|2146954|crew_log_bb3b01d89aa1c903|0|1786749065.030|98.850|0.515|475557888|3774697472|gen_data_6fbe139f0beafd53|__AUTOMETRIC__
__AUTOMETRIC__|0.1.2|2146954|crew_log_bb3b01d89aa1c903|0|1786749066.031|99.864|0.520|475557888|3774697472|gen_data_6fbe139f0beafd53|__AUTOMETRIC__
__AUTOMETRIC__|0.1.2|2146954|crew_log_bb3b01d89aa1c903|0|1786749067.033|98.830|0.515|475557888|3774697472|gen_data_6fbe139f0beafd53|__AUTOMETRIC__
__AUTOMETRIC__|0.1.2|2146954|crew_log_bb3b01d89aa1c903|0|1786749068.035|99.776|0.520|475557888|3774697472|gen_data_6fbe139f0beafd53|__AUTOMETRIC__
__AUTOMETRIC__|0.1.2|2146954|crew_log_bb3b01d89aa1c903|0|1786749069.037|98.823|0.515|475557888|3774697472|gen_data_6fbe139f0beafd53|__AUTOMETRIC__
__AUTOMETRIC__|0.1.2|2146954|crew_log_bb3b01d89aa1c903|0|1786749070.039|99.840|0.520|475557888|3774697472|gen_data_6fbe139f0beafd53|__AUTOMETRIC__
__AUTOMETRIC__|0.1.2|2146954|crew_log_bb3b01d89aa1c903|0|1786749071.041|98.780|0.514|475557888|3774697472|gen_data_6fbe139f0beafd53|__AUTOMETRIC__
__AUTOMETRIC__|0.1.2|2146954|crew_log_bb3b01d89aa1c903|0|1786749072.042|98.866|0.515|475557888|3774697472|gen_data_6fbe139f0beafd53|__AUTOMETRIC__
__AUTOMETRIC__|0.1.2|2146954|crew_log_bb3b01d89aa1c903|0|1786749073.044|99.865|0.520|475557888|3774697472|gen_data_6fbe139f0beafd53|__AUTOMETRIC__
__AUTOMETRIC__|0.1.2|2146954|crew_log_bb3b01d89aa1c903|0|1786749074.046|98.796|0.515|475557888|3774697472|gen_data_6fbe139f0beafd53|__AUTOMETRIC__
__AUTOMETRIC__|0.1.2|2146954|crew_log_bb3b01d89aa1c903|0|1786749075.047|99.849|0.520|475557888|3774697472|gen_data_6fbe139f0beafd53|__AUTOMETRIC__
__AUTOMETRIC__|0.1.2|2146954|crew_log_bb3b01d89aa1c903|0|1786749076.049|98.777|0.514|475557888|3774697472|gen_data_6fbe139f0beafd53|__AUTOMETRIC__
__AUTOMETRIC__|0.1.2|2146954|crew_log_bb3b01d89aa1c903|0|1786749077.051|98.834|0.515|475557888|3774697472|gen_data_6fbe139f0beafd53|__AUTOMETRIC__
__AUTOMETRIC__|0.1.2|2146954|crew_log_bb3b01d89aa1c903|0|1786749078.052|99.864|0.520|475557888|3774697472|gen_data_6fbe139f0beafd53|__AUTOMETRIC__
__AUTOMETRIC__|0.1.2|2146954|crew_log_bb3b01d89aa1c903|0|1786749079.054|98.848|0.515|475557888|3774697472|gen_data_6fbe139f0beafd53|__AUTOMETRIC__
__AUTOMETRIC__|0.1.2|2146954|crew_log_bb3b01d89aa1c903|0|1786749080.056|98.850|0.515|475557888|3774697472|gen_data_6fbe139f0beafd53|__AUTOMETRIC__
__AUTOMETRIC__|0.1.2|2146954|crew_log_bb3b01d89aa1c903|0|1786749081.057|99.821|0.520|475557888|3774697472|gen_data_6fbe139f0beafd53|__AUTOMETRIC__
__AUTOMETRIC__|0.1.2|2146954|crew_log_bb3b01d89aa1c903|0|1786749082.059|98.869|0.515|475557888|3774697472|gen_data_6fbe139f0beafd53|__AUTOMETRIC__
__AUTOMETRIC__|0.1.2|2146954|crew_log_bb3b01d89aa1c903|0|1786749083.060|99.866|0.520|475557888|3774697472|gen_data_6fbe139f0beafd53|__AUTOMETRIC__
__AUTOMETRIC__|0.1.2|2146954|crew_log_bb3b01d89aa1c903|0|1786749084.061|98.880|0.515|475557888|3774697472|gen_data_6fbe139f0beafd53|__AUTOMETRIC__
__AUTOMETRIC__|0.1.2|2146954|crew_log_bb3b01d89aa1c903|0|1786749085.062|98.874|0.515|475557888|3774697472|gen_data_6fbe139f0beafd53|__AUTOMETRIC__
__AUTOMETRIC__|0.1.2|2146954|crew_log_bb3b01d89aa1c903|0|1786749086.064|99.867|0.520|475557888|3774697472|gen_data_6fbe139f0beafd53|__AUTOMETRIC__
__AUTOMETRIC__|0.1.2|2146954|crew_log_bb3b01d89aa1c903|0|1786749087.065|98.875|0.515|475557888|3774697472|gen_data_6fbe139f0beafd53|__AUTOMETRIC__
__AUTOMETRIC__|0.1.2|2146954|crew_log_bb3b01d89aa1c903|0|1786749088.066|98.867|0.515|475557888|3774697472|gen_data_6fbe139f0beafd53|__AUTOMETRIC__
__AUTOMETRIC__|0.1.2|2146954|crew_log_bb3b01d89aa1c903|0|1786749089.069|99.699|0.519|475557888|3774697472|gen_data_6fbe139f0beafd53|__AUTOMETRIC__
__AUTOMETRIC__|0.1.2|2146954|crew_log_bb3b01d89aa1c903|0|1786749090.071|98.880|0.515|475557888|3774697472|gen_data_6fbe139f0beafd53|__AUTOMETRIC__
__AUTOMETRIC__|0.1.2|2146954|crew_log_bb3b01d89aa1c903|0|1786749091.072|98.824|0.515|475557888|3774697472|gen_data_6fbe139f0beafd53|__AUTOMETRIC__
__AUTOMETRIC__|0.1.2|2146954|crew_log_bb3b01d89aa1c903|0|1786749092.074|99.879|0.520|475557888|3774697472|gen_data_6fbe139f0beafd53|__AUTOMETRIC__
__AUTOMETRIC__|0.1.2|2146954|crew_log_bb3b01d89aa1c903|0|1786749093.075|98.874|0.515|475557888|3774697472|gen_data_6fbe139f0beafd53|__AUTOMETRIC__
__AUTOMETRIC__|0.1.2|2146954|crew_log_bb3b01d89aa1c903|0|1786749094.076|98.875|0.515|475557888|3774697472|gen_data_6fbe139f0beafd53|__AUTOMETRIC__
__AUTOMETRIC__|0.1.2|2146954|crew_log_bb3b01d89aa1c903|0|1786749095.078|99.854|0.520|475557888|3774697472|gen_data_6fbe139f0beafd53|__AUTOMETRIC__
__AUTOMETRIC__|0.1.2|2146954|crew_log_bb3b01d89aa1c903|0|1786749096.079|98.866|0.515|475557888|3774697472|gen_data_6fbe139f0beafd53|__AUTOMETRIC__
__AUTOMETRIC__|0.1.2|2146954|crew_log_bb3b01d89aa1c903|0|1786749097.080|98.866|0.515|475557888|3774697472|gen_data_6fbe139f0beafd53|__AUTOMETRIC__
__AUTOMETRIC__|0.1.2|2146954|crew_log_bb3b01d89aa1c903|0|1786749098.082|99.883|0.520|475557888|3774697472|gen_data_6fbe139f0beafd53|__AUTOMETRIC__
__AUTOMETRIC__|0.1.2|2146954|crew_log_bb3b01d89aa1c903|0|1786749099.083|98.881|0.515|475557888|3774697472|gen_data_6fbe139f0beafd53|__AUTOMETRIC__
__AUTOMETRIC__|0.1.2|2146954|crew_log_bb3b01d89aa1c903|0|1786749100.084|98.875|0.515|475557888|3774697472|gen_data_6fbe139f0beafd53|__AUTOMETRIC__
__AUTOMETRIC__|0.1.2|2146954|crew_log_bb3b01d89aa1c903|0|1786749101.086|99.821|0.520|475557888|3774697472|gen_data_6fbe139f0beafd53|__AUTOMETRIC__
__AUTOMETRIC__|0.1.2|2146954|crew_log_bb3b01d89aa1c903|0|1786749102.087|98.880|0.515|475557888|3774697472|gen_data_6fbe139f0beafd53|__AUTOMETRIC__
__AUTOMETRIC__|0.1.2|2146954|crew_log_bb3b01d89aa1c903|0|1786749103.088|98.880|0.515|475557888|3774697472|gen_data_6fbe139f0beafd53|__AUTOMETRIC__
__AUTOMETRIC__|0.1.2|2146954|crew_log_bb3b01d89aa1c903|0|1786749104.089|98.875|0.515|475557888|3774697472|gen_data_6fbe139f0beafd53|__AUTOMETRIC__
__AUTOMETRIC__|0.1.2|2146954|crew_log_bb3b01d89aa1c903|0|1786749105.091|99.884|0.520|475557888|3774697472|gen_data_6fbe139f0beafd53|__AUTOMETRIC__
__AUTOMETRIC__|0.1.2|2146954|crew_log_bb3b01d89aa1c903|0|1786749106.092|98.864|0.515|475557888|3774697472|gen_data_6fbe139f0beafd53|__AUTOMETRIC__
__AUTOMETRIC__|0.1.2|2146954|crew_log_bb3b01d89aa1c903|0|1786749107.093|98.854|0.515|475557888|3774697472|gen_data_6fbe139f0beafd53|__AUTOMETRIC__
__AUTOMETRIC__|0.1.2|2146954|crew_log_bb3b01d89aa1c903|0|1786749108.095|99.865|0.520|475557888|3774697472|gen_data_6fbe139f0beafd53|__AUTOMETRIC__
__AUTOMETRIC__|0.1.2|2146954|crew_log_bb3b01d89aa1c903|0|1786749109.096|98.868|0.515|475557888|3774697472|gen_data_6fbe139f0beafd53|__AUTOMETRIC__
__AUTOMETRIC__|0.1.2|2146954|crew_log_bb3b01d89aa1c903|0|1786749110.098|98.860|0.515|475557888|3774697472|gen_data_6fbe139f0beafd53|__AUTOMETRIC__
__AUTOMETRIC__|0.1.2|2146954|crew_log_bb3b01d89aa1c903|0|1786749111.099|99.818|0.520|475557888|3774697472|gen_data_6fbe139f0beafd53|__AUTOMETRIC__
__AUTOMETRIC__|0.1.2|2146954|crew_log_bb3b01d89aa1c903|0|1786749112.101|98.865|0.515|475557888|3774697472|gen_data_6fbe139f0beafd53|__AUTOMETRIC__
__AUTOMETRIC__|0.1.2|2146954|crew_log_bb3b01d89aa1c903|0|1786749113.102|98.874|0.515|475557888|3774697472|gen_data_6fbe139f0beafd53|__AUTOMETRIC__
__AUTOMETRIC__|0.1.2|2146954|crew_log_bb3b01d89aa1c903|0|1786749114.104|99.778|0.520|475557888|3774697472|gen_data_6fbe139f0beafd53|__AUTOMETRIC__
__AUTOMETRIC__|0.1.2|2146954|crew_log_bb3b01d89aa1c903|0|1786749115.106|98.872|0.515|475557888|3774697472|gen_data_6fbe139f0beafd53|__AUTOMETRIC__
__AUTOMETRIC__|0.1.2|2146954|crew_log_bb3b01d89aa1c903|0|1786749116.107|99.867|0.520|475557888|3774697472|gen_data_6fbe139f0beafd53|__AUTOMETRIC__
__AUTOMETRIC__|0.1.2|2146954|crew_log_bb3b01d89aa1c903|0|1786749117.108|98.866|0.515|475557888|3774697472|gen_data_6fbe139f0beafd53|__AUTOMETRIC__
__AUTOMETRIC__|0.1.2|2146954|crew_log_bb3b01d89aa1c903|0|1786749118.110|98.787|0.515|475557888|3774697472|gen_data_6fbe139f0beafd53|__AUTOMETRIC__
__AUTOMETRIC__|0.1.2|2146954|crew_log_bb3b01d89aa1c903|0|1786749119.112|99.832|0.520|475557888|3774697472|gen_data_6fbe139f0beafd53|__AUTOMETRIC__
__AUTOMETRIC__|0.1.2|2146954|crew_log_bb3b01d89aa1c903|0|1786749120.118|99.435|0.518|475557888|3774697472|gen_data_6fbe139f0beafd53|__AUTOMETRIC__
__AUTOMETRIC__|0.1.2|2146954|crew_log_bb3b01d89aa1c903|0|1786749121.119|98.836|0.515|475557888|3774697472|gen_data_6fbe139f0beafd53|__AUTOMETRIC__
__AUTOMETRIC__|0.1.2|2146954|crew_log_bb3b01d89aa1c903|0|1786749122.121|99.873|0.520|475557888|3774697472|gen_data_6fbe139f0beafd53|__AUTOMETRIC__
__AUTOMETRIC__|0.1.2|2146954|crew_log_bb3b01d89aa1c903|0|1786749123.122|98.872|0.515|475557888|3774697472|gen_data_6fbe139f0beafd53|__AUTOMETRIC__
__AUTOMETRIC__|0.1.2|2146954|crew_log_bb3b01d89aa1c903|0|1786749124.124|98.839|0.515|475557888|3774697472|gen_data_6fbe139f0beafd53|__AUTOMETRIC__
__AUTOMETRIC__|0.1.2|2146954|crew_log_bb3b01d89aa1c903|0|1786749125.125|99.854|0.520|475557888|3774697472|gen_data_6fbe139f0beafd53|__AUTOMETRIC__
__AUTOMETRIC__|0.1.2|2146954|crew_log_bb3b01d89aa1c903|0|1786749126.126|98.864|0.515|475557888|3774697472|gen_data_6fbe139f0beafd53|__AUTOMETRIC__
__AUTOMETRIC__|0.1.2|2146954|crew_log_bb3b01d89aa1c903|0|1786749127.128|98.865|0.515|475557888|3774697472|gen_data_6fbe139f0beafd53|__AUTOMETRIC__
__AUTOMETRIC__|0.1.2|2146954|crew_log_bb3b01d89aa1c903|0|1786749128.129|99.840|0.520|475557888|3774697472|gen_data_6fbe139f0beafd53|__AUTOMETRIC__
__AUTOMETRIC__|0.1.2|2146954|crew_log_bb3b01d89aa1c903|0|1786749129.131|99.850|0.520|475557888|3774697472|gen_data_6fbe139f0beafd53|__AUTOMETRIC__
__AUTOMETRIC__|0.1.2|2146954|crew_log_bb3b01d89aa1c903|0|1786749130.132|98.867|0.515|475557888|3774697472|gen_data_6fbe139f0beafd53|__AUTOMETRIC__
__AUTOMETRIC__|0.1.2|2146954|crew_log_bb3b01d89aa1c903|0|1786749131.134|98.815|0.515|475557888|3774697472|gen_data_6fbe139f0beafd53|__AUTOMETRIC__
__AUTOMETRIC__|0.1.2|2146954|crew_log_bb3b01d89aa1c903|0|1786749132.135|99.879|0.520|475557888|3774697472|gen_data_6fbe139f0beafd53|__AUTOMETRIC__
__AUTOMETRIC__|0.1.2|2146954|crew_log_bb3b01d89aa1c903|0|1786749133.137|98.868|0.515|475557888|3774697472|gen_data_6fbe139f0beafd53|__AUTOMETRIC__
__AUTOMETRIC__|0.1.2|2146954|crew_log_bb3b01d89aa1c903|0|1786749134.138|99.873|0.520|475557888|3774697472|gen_data_6fbe139f0beafd53|__AUTOMETRIC__
__AUTOMETRIC__|0.1.2|2146954|crew_log_bb3b01d89aa1c903|0|1786749135.139|98.872|0.515|475557888|3774697472|gen_data_6fbe139f0beafd53|__AUTOMETRIC__
__AUTOMETRIC__|0.1.2|2146954|crew_log_bb3b01d89aa1c903|0|1786749136.140|98.879|0.515|475557888|3774697472|gen_data_6fbe139f0beafd53|__AUTOMETRIC__
__AUTOMETRIC__|0.1.2|2146954|crew_log_bb3b01d89aa1c903|0|1786749137.142|100.859|0.525|475557888|3774697472|gen_data_6fbe139f0beafd53|__AUTOMETRIC__
__AUTOMETRIC__|0.1.2|2146954|crew_log_bb3b01d89aa1c903|0|1786749138.143|98.869|0.515|475557888|3774697472|gen_data_6fbe139f0beafd53|__AUTOMETRIC__
__AUTOMETRIC__|0.1.2|2146954|crew_log_bb3b01d89aa1c903|0|1786749139.145|98.847|0.515|475557888|3774697472|gen_data_6fbe139f0beafd53|__AUTOMETRIC__
__AUTOMETRIC__|0.1.2|2146954|crew_log_bb3b01d89aa1c903|0|1786749140.147|99.740|0.519|475557888|3774697472|gen_data_6fbe139f0beafd53|__AUTOMETRIC__
__AUTOMETRIC__|0.1.2|2146954|crew_log_bb3b01d89aa1c903|0|1786749141.149|98.822|0.515|475557888|3774697472|gen_data_6fbe139f0beafd53|__AUTOMETRIC__
__AUTOMETRIC__|0.1.2|2146954|crew_log_bb3b01d89aa1c903|0|1786749142.150|99.871|0.520|475557888|3774697472|gen_data_6fbe139f0beafd53|__AUTOMETRIC__
__AUTOMETRIC__|0.1.2|2146954|crew_log_bb3b01d89aa1c903|0|1786749143.152|98.856|0.515|475557888|3774697472|gen_data_6fbe139f0beafd53|__AUTOMETRIC__
__AUTOMETRIC__|0.1.2|2146954|crew_log_bb3b01d89aa1c903|0|1786749144.153|98.869|0.515|475557888|3774697472|gen_data_6fbe139f0beafd53|__AUTOMETRIC__
__AUTOMETRIC__|0.1.2|2146954|crew_log_bb3b01d89aa1c903|0|1786749145.155|99.866|0.520|475557888|3774697472|gen_data_6fbe139f0beafd53|__AUTOMETRIC__
__AUTOMETRIC__|0.1.2|2146954|crew_log_bb3b01d89aa1c903|0|1786749146.156|98.870|0.515|475557888|3774697472|gen_data_6fbe139f0beafd53|__AUTOMETRIC__
__AUTOMETRIC__|0.1.2|2146954|crew_log_bb3b01d89aa1c903|0|1786749147.158|99.801|0.520|475557888|3774697472|gen_data_6fbe139f0beafd53|__AUTOMETRIC__
__AUTOMETRIC__|0.1.2|2146954|crew_log_bb3b01d89aa1c903|0|1786749148.159|98.848|0.515|475557888|3774697472|gen_data_6fbe139f0beafd53|__AUTOMETRIC__
__AUTOMETRIC__|0.1.2|2146954|crew_log_bb3b01d89aa1c903|0|1786749149.161|99.858|0.520|475557888|3774697472|gen_data_6fbe139f0beafd53|__AUTOMETRIC__
__AUTOMETRIC__|0.1.2|2146954|crew_log_bb3b01d89aa1c903|0|1786749150.162|98.878|0.515|475557888|3774697472|gen_data_6fbe139f0beafd53|__AUTOMETRIC__
__AUTOMETRIC__|0.1.2|2146954|crew_log_bb3b01d89aa1c903|0|1786749151.164|99.830|0.520|475557888|3774697472|gen_data_6fbe139f0beafd53|__AUTOMETRIC__
__AUTOMETRIC__|0.1.2|2146954|crew_log_bb3b01d89aa1c903|0|1786749152.165|98.838|0.515|475557888|3774697472|gen_data_6fbe139f0beafd53|__AUTOMETRIC__
__AUTOMETRIC__|0.1.2|2146954|crew_log_bb3b01d89aa1c903|0|1786749153.167|99.857|0.520|475557888|3774697472|gen_data_6fbe139f0beafd53|__AUTOMETRIC__
__AUTOMETRIC__|0.1.2|2146954|crew_log_bb3b01d89aa1c903|0|1786749154.178|98.925|0.515|475557888|3774697472|gen_data_6fbe139f0beafd53|__AUTOMETRIC__
__AUTOMETRIC__|0.1.2|2146954|crew_log_bb3b01d89aa1c903|0|1786749155.179|98.859|0.515|475557888|3774697472|gen_data_6fbe139f0beafd53|__AUTOMETRIC__
__AUTOMETRIC__|0.1.2|2146954|crew_log_bb3b01d89aa1c903|0|1786749156.181|99.856|0.520|475557888|3774697472|gen_data_6fbe139f0beafd53|__AUTOMETRIC__
__AUTOMETRIC__|0.1.2|2146954|crew_log_bb3b01d89aa1c903|0|1786749157.182|98.884|0.515|475557888|3774697472|gen_data_6fbe139f0beafd53|__AUTOMETRIC__
__AUTOMETRIC__|0.1.2|2146954|crew_log_bb3b01d89aa1c903|0|1786749158.183|99.859|0.520|475557888|3774697472|gen_data_6fbe139f0beafd53|__AUTOMETRIC__
__AUTOMETRIC__|0.1.2|2146954|crew_log_bb3b01d89aa1c903|0|1786749159.184|98.877|0.515|475557888|3774697472|gen_data_6fbe139f0beafd53|__AUTOMETRIC__
__AUTOMETRIC__|0.1.2|2146954|crew_log_bb3b01d89aa1c903|0|1786749160.186|98.883|0.515|475557888|3774697472|gen_data_6fbe139f0beafd53|__AUTOMETRIC__
__AUTOMETRIC__|0.1.2|2146954|crew_log_bb3b01d89aa1c903|0|1786749161.187|99.828|0.520|475557888|3774697472|gen_data_6fbe139f0beafd53|__AUTOMETRIC__
__AUTOMETRIC__|0.1.2|2146954|crew_log_bb3b01d89aa1c903|0|1786749162.189|98.871|0.515|475557888|3774697472|gen_data_6fbe139f0beafd53|__AUTOMETRIC__
__AUTOMETRIC__|0.1.2|2146954|crew_log_bb3b01d89aa1c903|0|1786749163.190|99.863|0.520|475557888|3774697472|gen_data_6fbe139f0beafd53|__AUTOMETRIC__
__AUTOMETRIC__|0.1.2|2146954|crew_log_bb3b01d89aa1c903|0|1786749164.191|98.878|0.515|475557888|3774697472|gen_data_6fbe139f0beafd53|__AUTOMETRIC__
__AUTOMETRIC__|0.1.2|2146954|crew_log_bb3b01d89aa1c903|0|1786749165.193|99.851|0.520|475557888|3774697472|gen_data_6fbe139f0beafd53|__AUTOMETRIC__
__AUTOMETRIC__|0.1.2|2146954|crew_log_bb3b01d89aa1c903|0|1786749166.194|98.875|0.515|475557888|3774697472|gen_data_6fbe139f0beafd53|__AUTOMETRIC__
__AUTOMETRIC__|0.1.2|2146954|crew_log_bb3b01d89aa1c903|0|1786749167.195|99.865|0.520|475557888|3774697472|gen_data_6fbe139f0beafd53|__AUTOMETRIC__
__AUTOMETRIC__|0.1.2|2146954|crew_log_bb3b01d89aa1c903|0|1786749168.197|98.883|0.515|475557888|3774697472|gen_data_6fbe139f0beafd53|__AUTOMETRIC__
__AUTOMETRIC__|0.1.2|2146954|crew_log_bb3b01d89aa1c903|0|1786749169.198|99.866|0.520|475557888|3774697472|gen_data_6fbe139f0beafd53|__AUTOMETRIC__
__AUTOMETRIC__|0.1.2|2146954|crew_log_bb3b01d89aa1c903|0|1786749170.199|98.884|0.515|475557888|3774697472|gen_data_6fbe139f0beafd53|__AUTOMETRIC__
__AUTOMETRIC__|0.1.2|2146954|crew_log_bb3b01d89aa1c903|0|1786749171.201|98.807|0.515|475557888|3774697472|gen_data_6fbe139f0beafd53|__AUTOMETRIC__
__AUTOMETRIC__|0.1.2|2146954|crew_log_bb3b01d89aa1c903|0|1786749172.202|99.865|0.520|475557888|3774697472|gen_data_6fbe139f0beafd53|__AUTOMETRIC__
__AUTOMETRIC__|0.1.2|2146954|crew_log_bb3b01d89aa1c903|0|1786749173.204|98.802|0.515|475557888|3774697472|gen_data_6fbe139f0beafd53|__AUTOMETRIC__
__AUTOMETRIC__|0.1.2|2146954|crew_log_bb3b01d89aa1c903|0|1786749174.207|99.761|0.520|475557888|3774697472|gen_data_6fbe139f0beafd53|__AUTOMETRIC__
__AUTOMETRIC__|0.1.2|2146954|crew_log_bb3b01d89aa1c903|0|1786749175.209|98.815|0.515|475557888|3774697472|gen_data_6fbe139f0beafd53|__AUTOMETRIC__
__AUTOMETRIC__|0.1.2|2146954|crew_log_bb3b01d89aa1c903|0|1786749176.211|99.723|0.519|475557888|3774697472|gen_data_6fbe139f0beafd53|__AUTOMETRIC__
__AUTOMETRIC__|0.1.2|2146954|crew_log_bb3b01d89aa1c903|0|1786749177.221|99.098|0.516|475557888|3774697472|gen_data_6fbe139f0beafd53|__AUTOMETRIC__
__AUTOMETRIC__|0.1.2|2146954|crew_log_bb3b01d89aa1c903|0|1786749178.222|99.816|0.520|475557888|3774697472|gen_data_6fbe139f0beafd53|__AUTOMETRIC__
__AUTOMETRIC__|0.1.2|2146954|crew_log_bb3b01d89aa1c903|0|1786749179.225|98.762|0.514|475557888|3774697472|gen_data_6fbe139f0beafd53|__AUTOMETRIC__
__AUTOMETRIC__|0.1.2|2146954|crew_log_bb3b01d89aa1c903|0|1786749180.226|98.838|0.515|475557888|3774697472|gen_data_6fbe139f0beafd53|__AUTOMETRIC__
__AUTOMETRIC__|0.1.2|2146954|crew_log_bb3b01d89aa1c903|0|1786749181.231|99.587|0.519|475557888|3774697472|gen_data_6fbe139f0beafd53|__AUTOMETRIC__
__AUTOMETRIC__|0.1.2|2146954|crew_log_bb3b01d89aa1c903|0|1786749182.233|99.738|0.519|475557888|3774697472|gen_data_6fbe139f0beafd53|__AUTOMETRIC__
__AUTOMETRIC__|0.1.2|2146954|crew_log_bb3b01d89aa1c903|0|1786749183.235|98.801|0.515|475557888|3774697472|gen_data_6fbe139f0beafd53|__AUTOMETRIC__
__AUTOMETRIC__|0.1.2|2146954|crew_log_bb3b01d89aa1c903|0|1786749184.237|98.869|0.515|475557888|3774697472|gen_data_6fbe139f0beafd53|__AUTOMETRIC__
__AUTOMETRIC__|0.1.2|2146954|crew_log_bb3b01d89aa1c903|0|1786749185.238|99.868|0.520|475557888|3774697472|gen_data_6fbe139f0beafd53|__AUTOMETRIC__
__AUTOMETRIC__|0.1.2|2146954|crew_log_bb3b01d89aa1c903|0|1786749186.239|98.880|0.515|475557888|3774697472|gen_data_6fbe139f0beafd53|__AUTOMETRIC__
__AUTOMETRIC__|0.1.2|2146954|crew_log_bb3b01d89aa1c903|0|1786749187.240|98.876|0.515|475557888|3774697472|gen_data_6fbe139f0beafd53|__AUTOMETRIC__
__AUTOMETRIC__|0.1.2|2146954|crew_log_bb3b01d89aa1c903|0|1786749188.243|99.732|0.519|475557888|3774697472|gen_data_6fbe139f0beafd53|__AUTOMETRIC__
__AUTOMETRIC__|0.1.2|2146954|crew_log_bb3b01d89aa1c903|0|1786749189.244|98.872|0.515|475557888|3774697472|gen_data_6fbe139f0beafd53|__AUTOMETRIC__
__AUTOMETRIC__|0.1.2|2146954|crew_log_bb3b01d89aa1c903|0|1786749190.246|99.805|0.520|475557888|3774697472|gen_data_6fbe139f0beafd53|__AUTOMETRIC__
__AUTOMETRIC__|0.1.2|2146954|crew_log_bb3b01d89aa1c903|0|1786749191.248|98.845|0.515|475557888|3774697472|gen_data_6fbe139f0beafd53|__AUTOMETRIC__
__AUTOMETRIC__|0.1.2|2146954|crew_log_bb3b01d89aa1c903|0|1786749192.249|98.874|0.515|475557888|3774697472|gen_data_6fbe139f0beafd53|__AUTOMETRIC__
__AUTOMETRIC__|0.1.2|2146954|crew_log_bb3b01d89aa1c903|0|1786749193.251|99.858|0.520|475557888|3774697472|gen_data_6fbe139f0beafd53|__AUTOMETRIC__
__AUTOMETRIC__|0.1.2|2146954|crew_log_bb3b01d89aa1c903|0|1786749194.252|98.888|0.515|475557888|3774697472|gen_data_6fbe139f0beafd53|__AUTOMETRIC__
__AUTOMETRIC__|0.1.2|2146954|crew_log_bb3b01d89aa1c903|0|1786749195.253|99.862|0.520|475557888|3774697472|gen_data_6fbe139f0beafd53|__AUTOMETRIC__
__AUTOMETRIC__|0.1.2|2146954|crew_log_bb3b01d89aa1c903|0|1786749196.254|98.867|0.515|475557888|3774697472|gen_data_6fbe139f0beafd53|__AUTOMETRIC__
__AUTOMETRIC__|0.1.2|2146954|crew_log_bb3b01d89aa1c903|0|1786749197.256|98.876|0.515|475557888|3774697472|gen_data_6fbe139f0beafd53|__AUTOMETRIC__
__AUTOMETRIC__|0.1.2|2146954|crew_log_bb3b01d89aa1c903|0|1786749198.257|99.873|0.520|475557888|3774697472|gen_data_6fbe139f0beafd53|__AUTOMETRIC__
__AUTOMETRIC__|0.1.2|2146954|crew_log_bb3b01d89aa1c903|0|1786749199.258|98.856|0.515|475557888|3774697472|gen_data_6fbe139f0beafd53|__AUTOMETRIC__
__AUTOMETRIC__|0.1.2|2146954|crew_log_bb3b01d89aa1c903|0|1786749200.260|99.873|0.520|475557888|3774697472|gen_data_6fbe139f0beafd53|__AUTOMETRIC__
__AUTOMETRIC__|0.1.2|2146954|crew_log_bb3b01d89aa1c903|0|1786749201.261|98.853|0.515|475557888|3774697472|gen_data_6fbe139f0beafd53|__AUTOMETRIC__
__AUTOMETRIC__|0.1.2|2146954|crew_log_bb3b01d89aa1c903|0|1786749202.263|98.846|0.515|475557888|3774697472|gen_data_6fbe139f0beafd53|__AUTOMETRIC__
__AUTOMETRIC__|0.1.2|2146954|crew_log_bb3b01d89aa1c903|0|1786749203.264|99.870|0.520|475557888|3774697472|gen_data_6fbe139f0beafd53|__AUTOMETRIC__
__AUTOMETRIC__|0.1.2|2146954|crew_log_bb3b01d89aa1c903|0|1786749204.266|98.849|0.515|475557888|3774697472|gen_data_6fbe139f0beafd53|__AUTOMETRIC__
__AUTOMETRIC__|0.1.2|2146954|crew_log_bb3b01d89aa1c903|0|1786749205.267|98.834|0.515|475557888|3774697472|gen_data_6fbe139f0beafd53|__AUTOMETRIC__
__AUTOMETRIC__|0.1.2|2146954|crew_log_bb3b01d89aa1c903|0|1786749206.269|99.846|0.520|475557888|3774697472|gen_data_6fbe139f0beafd53|__AUTOMETRIC__
__AUTOMETRIC__|0.1.2|2146954|crew_log_bb3b01d89aa1c903|0|1786749207.270|98.842|0.515|475557888|3774697472|gen_data_6fbe139f0beafd53|__AUTOMETRIC__
__AUTOMETRIC__|0.1.2|2146954|crew_log_bb3b01d89aa1c903|0|1786749208.274|99.663|0.519|475557888|3774697472|gen_data_6fbe139f0beafd53|__AUTOMETRIC__
__AUTOMETRIC__|0.1.2|2146954|crew_log_bb3b01d89aa1c903|0|1786749209.276|98.748|0.514|475557888|3774697472|gen_data_6fbe139f0beafd53|__AUTOMETRIC__
__AUTOMETRIC__|0.1.2|2146954|crew_log_bb3b01d89aa1c903|0|1786749210.278|99.846|0.520|475557888|3774697472|gen_data_6fbe139f0beafd53|__AUTOMETRIC__
__AUTOMETRIC__|0.1.2|2146954|crew_log_bb3b01d89aa1c903|0|1786749211.280|98.807|0.515|475557888|3774697472|gen_data_6fbe139f0beafd53|__AUTOMETRIC__
__AUTOMETRIC__|0.1.2|2146954|crew_log_bb3b01d89aa1c903|0|1786749212.281|99.829|0.520|475557888|3774697472|gen_data_6fbe139f0beafd53|__AUTOMETRIC__
__AUTOMETRIC__|0.1.2|2146954|crew_log_bb3b01d89aa1c903|0|1786749213.283|98.845|0.515|475557888|3774697472|gen_data_6fbe139f0beafd53|__AUTOMETRIC__
__AUTOMETRIC__|0.1.2|2146954|crew_log_bb3b01d89aa1c903|0|1786749214.284|99.878|0.520|475557888|3774697472|gen_data_6fbe139f0beafd53|__AUTOMETRIC__
__AUTOMETRIC__|0.1.2|2146954|crew_log_bb3b01d89aa1c903|0|1786749215.286|98.874|0.515|475557888|3774697472|gen_data_6fbe139f0beafd53|__AUTOMETRIC__
__AUTOMETRIC__|0.1.2|2146954|crew_log_bb3b01d89aa1c903|0|1786749216.287|98.876|0.515|475557888|3774697472|gen_data_6fbe139f0beafd53|__AUTOMETRIC__
__AUTOMETRIC__|0.1.2|2146954|crew_log_bb3b01d89aa1c903|0|1786749217.288|99.864|0.520|475557888|3774697472|gen_data_6fbe139f0beafd53|__AUTOMETRIC__
__AUTOMETRIC__|0.1.2|2146954|crew_log_bb3b01d89aa1c903|0|1786749218.290|98.836|0.515|475557888|3774697472|gen_data_6fbe139f0beafd53|__AUTOMETRIC__
__AUTOMETRIC__|0.1.2|2146954|crew_log_bb3b01d89aa1c903|0|1786749219.291|99.847|0.520|475557888|3774697472|gen_data_6fbe139f0beafd53|__AUTOMETRIC__
__AUTOMETRIC__|0.1.2|2146954|crew_log_bb3b01d89aa1c903|0|1786749220.293|98.851|0.515|475557888|3774697472|gen_data_6fbe139f0beafd53|__AUTOMETRIC__
__AUTOMETRIC__|0.1.2|2146954|crew_log_bb3b01d89aa1c903|0|1786749221.295|99.829|0.520|475557888|3774697472|gen_data_6fbe139f0beafd53|__AUTOMETRIC__
__AUTOMETRIC__|0.1.2|2146954|crew_log_bb3b01d89aa1c903|0|1786749222.296|98.868|0.515|475557888|3774697472|gen_data_6fbe139f0beafd53|__AUTOMETRIC__
__AUTOMETRIC__|0.1.2|2146954|crew_log_bb3b01d89aa1c903|0|1786749223.297|98.880|0.515|475557888|3774697472|gen_data_6fbe139f0beafd53|__AUTOMETRIC__
__AUTOMETRIC__|0.1.2|2146954|crew_log_bb3b01d89aa1c903|0|1786749224.298|99.864|0.520|475557888|3774697472|gen_data_6fbe139f0beafd53|__AUTOMETRIC__
__AUTOMETRIC__|0.1.2|2146954|crew_log_bb3b01d89aa1c903|0|1786749225.300|98.879|0.515|475557888|3774697472|gen_data_6fbe139f0beafd53|__AUTOMETRIC__
__AUTOMETRIC__|0.1.2|2146954|crew_log_bb3b01d89aa1c903|0|1786749226.301|99.855|0.520|475557888|3774697472|gen_data_6fbe139f0beafd53|__AUTOMETRIC__
__AUTOMETRIC__|0.1.2|2146954|crew_log_bb3b01d89aa1c903|0|1786749227.303|98.864|0.515|475557888|3774697472|gen_data_6fbe139f0beafd53|__AUTOMETRIC__
__AUTOMETRIC__|0.1.2|2146954|crew_log_bb3b01d89aa1c903|0|1786749228.304|98.870|0.515|475557888|3774697472|gen_data_6fbe139f0beafd53|__AUTOMETRIC__
__AUTOMETRIC__|0.1.2|2146954|crew_log_bb3b01d89aa1c903|0|1786749229.305|99.869|0.520|475557888|3774697472|gen_data_6fbe139f0beafd53|__AUTOMETRIC__
__AUTOMETRIC__|0.1.2|2146954|crew_log_bb3b01d89aa1c903|0|1786749230.307|98.828|0.515|475557888|3774697472|gen_data_6fbe139f0beafd53|__AUTOMETRIC__
__AUTOMETRIC__|0.1.2|2146954|crew_log_bb3b01d89aa1c903|0|1786749231.309|99.824|0.520|475557888|3774697472|gen_data_6fbe139f0beafd53|__AUTOMETRIC__
__AUTOMETRIC__|0.1.2|2146954|crew_log_bb3b01d89aa1c903|0|1786749232.310|98.877|0.515|475557888|3774697472|gen_data_6fbe139f0beafd53|__AUTOMETRIC__
__AUTOMETRIC__|0.1.2|2146954|crew_log_bb3b01d89aa1c903|0|1786749233.311|98.844|0.515|475557888|3774697472|gen_data_6fbe139f0beafd53|__AUTOMETRIC__
__AUTOMETRIC__|0.1.2|2146954|crew_log_bb3b01d89aa1c903|0|1786749234.313|99.852|0.520|475557888|3774697472|gen_data_6fbe139f0beafd53|__AUTOMETRIC__
__AUTOMETRIC__|0.1.2|2146954|crew_log_bb3b01d89aa1c903|0|1786749235.314|98.872|0.515|475557888|3774697472|gen_data_6fbe139f0beafd53|__AUTOMETRIC__
__AUTOMETRIC__|0.1.2|2146954|crew_log_bb3b01d89aa1c903|0|1786749236.316|99.872|0.520|475557888|3774697472|gen_data_6fbe139f0beafd53|__AUTOMETRIC__
__AUTOMETRIC__|0.1.2|2146954|crew_log_bb3b01d89aa1c903|0|1786749237.317|98.848|0.515|475557888|3774697472|gen_data_6fbe139f0beafd53|__AUTOMETRIC__
__AUTOMETRIC__|0.1.2|2146954|crew_log_bb3b01d89aa1c903|0|1786749238.318|99.877|0.520|475557888|3774697472|gen_data_6fbe139f0beafd53|__AUTOMETRIC__
__AUTOMETRIC__|0.1.2|2146954|crew_log_bb3b01d89aa1c903|0|1786749239.319|98.888|0.515|475557888|3774697472|gen_data_6fbe139f0beafd53|__AUTOMETRIC__
__AUTOMETRIC__|0.1.2|2146954|crew_log_bb3b01d89aa1c903|0|1786749240.321|98.878|0.515|475557888|3774697472|gen_data_6fbe139f0beafd53|__AUTOMETRIC__
__AUTOMETRIC__|0.1.2|2146954|crew_log_bb3b01d89aa1c903|0|1786749241.322|99.830|0.520|475557888|3774697472|gen_data_6fbe139f0beafd53|__AUTOMETRIC__
__AUTOMETRIC__|0.1.2|2146954|crew_log_bb3b01d89aa1c903|0|1786749242.324|98.885|0.515|475557888|3774697472|gen_data_6fbe139f0beafd53|__AUTOMETRIC__
__AUTOMETRIC__|0.1.2|2146954|crew_log_bb3b01d89aa1c903|0|1786749243.325|98.876|0.515|475557888|3774697472|gen_data_6fbe139f0beafd53|__AUTOMETRIC__
__AUTOMETRIC__|0.1.2|2146954|crew_log_bb3b01d89aa1c903|0|1786749244.326|99.874|0.520|475557888|3774697472|gen_data_6fbe139f0beafd53|__AUTOMETRIC__
__AUTOMETRIC__|0.1.2|2146954|crew_log_bb3b01d89aa1c903|0|1786749245.328|98.857|0.515|475557888|3774697472|gen_data_6fbe139f0beafd53|__AUTOMETRIC__
__AUTOMETRIC__|0.1.2|2146954|crew_log_bb3b01d89aa1c903|0|1786749246.329|99.863|0.520|475557888|3774697472|gen_data_6fbe139f0beafd53|__AUTOMETRIC__
__AUTOMETRIC__|0.1.2|2146954|crew_log_bb3b01d89aa1c903|0|1786749247.330|98.868|0.515|475557888|3774697472|gen_data_6fbe139f0beafd53|__AUTOMETRIC__
__AUTOMETRIC__|0.1.2|2146954|crew_log_bb3b01d89aa1c903|0|1786749248.332|98.855|0.515|475557888|3774697472|gen_data_6fbe139f0beafd53|__AUTOMETRIC__
__AUTOMETRIC__|0.1.2|2146954|crew_log_bb3b01d89aa1c903|0|1786749249.333|99.868|0.520|475557888|3774697472|gen_data_6fbe139f0beafd53|__AUTOMETRIC__
__AUTOMETRIC__|0.1.2|2146954|crew_log_bb3b01d89aa1c903|0|1786749250.334|98.885|0.515|475557888|3774697472|gen_data_6fbe139f0beafd53|__AUTOMETRIC__
__AUTOMETRIC__|0.1.2|2146954|crew_log_bb3b01d89aa1c903|0|1786749251.337|99.739|0.519|475557888|3774697472|gen_data_6fbe139f0beafd53|__AUTOMETRIC__
__AUTOMETRIC__|0.1.2|2146954|crew_log_bb3b01d89aa1c903|0|1786749252.338|98.872|0.515|475557888|3774697472|gen_data_6fbe139f0beafd53|__AUTOMETRIC__
__AUTOMETRIC__|0.1.2|2146954|crew_log_bb3b01d89aa1c903|0|1786749253.339|99.865|0.520|475557888|3774697472|gen_data_6fbe139f0beafd53|__AUTOMETRIC__
__AUTOMETRIC__|0.1.2|2146954|crew_log_bb3b01d89aa1c903|0|1786749254.341|98.880|0.515|475557888|3774697472|gen_data_6fbe139f0beafd53|__AUTOMETRIC__
__AUTOMETRIC__|0.1.2|2146954|crew_log_bb3b01d89aa1c903|0|1786749255.342|99.867|0.520|475557888|3774697472|gen_data_6fbe139f0beafd53|__AUTOMETRIC__
__AUTOMETRIC__|0.1.2|2146954|crew_log_bb3b01d89aa1c903|0|1786749256.343|98.880|0.515|475557888|3774697472|gen_data_6fbe139f0beafd53|__AUTOMETRIC__
__AUTOMETRIC__|0.1.2|2146954|crew_log_bb3b01d89aa1c903|0|1786749257.344|99.892|0.520|475557888|3774697472|gen_data_6fbe139f0beafd53|__AUTOMETRIC__
__AUTOMETRIC__|0.1.2|2146954|crew_log_bb3b01d89aa1c903|0|1786749258.346|98.878|0.515|475557888|3774697472|gen_data_6fbe139f0beafd53|__AUTOMETRIC__
__AUTOMETRIC__|0.1.2|2146954|crew_log_bb3b01d89aa1c903|0|1786749259.347|98.862|0.515|475557888|3774697472|gen_data_6fbe139f0beafd53|__AUTOMETRIC__
__AUTOMETRIC__|0.1.2|2146954|crew_log_bb3b01d89aa1c903|0|1786749260.348|99.872|0.520|475557888|3774697472|gen_data_6fbe139f0beafd53|__AUTOMETRIC__
__AUTOMETRIC__|0.1.2|2146954|crew_log_bb3b01d89aa1c903|0|1786749261.350|98.813|0.515|475557888|3774697472|gen_data_6fbe139f0beafd53|__AUTOMETRIC__
__AUTOMETRIC__|0.1.2|2146954|crew_log_bb3b01d89aa1c903|0|1786749262.352|99.856|0.520|475557888|3774697472|gen_data_6fbe139f0beafd53|__AUTOMETRIC__
__AUTOMETRIC__|0.1.2|2146954|crew_log_bb3b01d89aa1c903|0|1786749263.353|98.868|0.515|475557888|3774697472|gen_data_6fbe139f0beafd53|__AUTOMETRIC__
__AUTOMETRIC__|0.1.2|2146954|crew_log_bb3b01d89aa1c903|0|1786749264.354|99.876|0.520|475557888|3774697472|gen_data_6fbe139f0beafd53|__AUTOMETRIC__
__AUTOMETRIC__|0.1.2|2146954|crew_log_bb3b01d89aa1c903|0|1786749265.355|98.880|0.515|475557888|3774697472|gen_data_6fbe139f0beafd53|__AUTOMETRIC__
__AUTOMETRIC__|0.1.2|2146954|crew_log_bb3b01d89aa1c903|0|1786749266.357|98.874|0.515|475557888|3774697472|gen_data_6fbe139f0beafd53|__AUTOMETRIC__
__AUTOMETRIC__|0.1.2|2146954|crew_log_bb3b01d89aa1c903|0|1786749267.358|99.873|0.520|475557888|3774697472|gen_data_6fbe139f0beafd53|__AUTOMETRIC__
__AUTOMETRIC__|0.1.2|2146954|crew_log_bb3b01d89aa1c903|0|1786749268.359|98.853|0.515|475557888|3774697472|gen_data_6fbe139f0beafd53|__AUTOMETRIC__
__AUTOMETRIC__|0.1.2|2146954|crew_log_bb3b01d89aa1c903|0|1786749269.361|98.871|0.515|475557888|3774697472|gen_data_6fbe139f0beafd53|__AUTOMETRIC__
__AUTOMETRIC__|0.1.2|2146954|crew_log_bb3b01d89aa1c903|0|1786749270.362|99.866|0.520|475557888|3774697472|gen_data_6fbe139f0beafd53|__AUTOMETRIC__
__AUTOMETRIC__|0.1.2|2146954|crew_log_bb3b01d89aa1c903|0|1786749271.364|98.813|0.515|475557888|3774697472|gen_data_6fbe139f0beafd53|__AUTOMETRIC__
__AUTOMETRIC__|0.1.2|2146954|crew_log_bb3b01d89aa1c903|0|1786749272.365|99.845|0.520|475557888|3774697472|gen_data_6fbe139f0beafd53|__AUTOMETRIC__
__AUTOMETRIC__|0.1.2|2146954|crew_log_bb3b01d89aa1c903|0|1786749273.367|98.848|0.515|475557888|3774697472|gen_data_6fbe139f0beafd53|__AUTOMETRIC__
__AUTOMETRIC__|0.1.2|2146954|crew_log_bb3b01d89aa1c903|0|1786749274.368|98.874|0.515|475557888|3774697472|gen_data_6fbe139f0beafd53|__AUTOMETRIC__
__AUTOMETRIC__|0.1.2|2146954|crew_log_bb3b01d89aa1c903|0|1786749275.370|99.859|0.520|475557888|3774697472|gen_data_6fbe139f0beafd53|__AUTOMETRIC__
__AUTOMETRIC__|0.1.2|2146954|crew_log_bb3b01d89aa1c903|0|1786749276.371|98.858|0.515|475557888|3774697472|gen_data_6fbe139f0beafd53|__AUTOMETRIC__
__AUTOMETRIC__|0.1.2|2146954|crew_log_bb3b01d89aa1c903|0|1786749277.373|99.845|0.520|475557888|3774697472|gen_data_6fbe139f0beafd53|__AUTOMETRIC__
__AUTOMETRIC__|0.1.2|2146954|crew_log_bb3b01d89aa1c903|0|1786749278.374|98.826|0.515|475557888|3774697472|gen_data_6fbe139f0beafd53|__AUTOMETRIC__
__AUTOMETRIC__|0.1.2|2146954|crew_log_bb3b01d89aa1c903|0|1786749279.376|98.878|0.515|475557888|3774697472|gen_data_6fbe139f0beafd53|__AUTOMETRIC__
__AUTOMETRIC__|0.1.2|2146954|crew_log_bb3b01d89aa1c903|0|1786749280.378|99.788|0.520|475557888|3774697472|gen_data_6fbe139f0beafd53|__AUTOMETRIC__
__AUTOMETRIC__|0.1.2|2146954|crew_log_bb3b01d89aa1c903|0|1786749281.380|98.790|0.515|475557888|3774697472|gen_data_6fbe139f0beafd53|__AUTOMETRIC__
__AUTOMETRIC__|0.1.2|2146954|crew_log_bb3b01d89aa1c903|0|1786749282.381|99.873|0.520|475557888|3774697472|gen_data_6fbe139f0beafd53|__AUTOMETRIC__
__AUTOMETRIC__|0.1.2|2146954|crew_log_bb3b01d89aa1c903|0|1786749283.383|98.864|0.515|475557888|3774697472|gen_data_6fbe139f0beafd53|__AUTOMETRIC__
__AUTOMETRIC__|0.1.2|2146954|crew_log_bb3b01d89aa1c903|0|1786749284.384|98.872|0.515|475557888|3774697472|gen_data_6fbe139f0beafd53|__AUTOMETRIC__
__AUTOMETRIC__|0.1.2|2146954|crew_log_bb3b01d89aa1c903|0|1786749285.385|99.857|0.520|475557888|3774697472|gen_data_6fbe139f0beafd53|__AUTOMETRIC__
__AUTOMETRIC__|0.1.2|2146954|crew_log_bb3b01d89aa1c903|0|1786749286.387|98.853|0.515|475557888|3774697472|gen_data_6fbe139f0beafd53|__AUTOMETRIC__
__AUTOMETRIC__|0.1.2|2146954|crew_log_bb3b01d89aa1c903|0|1786749287.388|99.863|0.520|475557888|3774697472|gen_data_6fbe139f0beafd53|__AUTOMETRIC__
__AUTOMETRIC__|0.1.2|2146954|crew_log_bb3b01d89aa1c903|0|1786749288.389|98.874|0.515|475557888|3774697472|gen_data_6fbe139f0beafd53|__AUTOMETRIC__
__AUTOMETRIC__|0.1.2|2146954|crew_log_bb3b01d89aa1c903|0|1786749289.391|98.887|0.515|475557888|3774697472|gen_data_6fbe139f0beafd53|__AUTOMETRIC__
__AUTOMETRIC__|0.1.2|2146954|crew_log_bb3b01d89aa1c903|0|1786749290.392|99.840|0.520|475557888|3774697472|gen_data_6fbe139f0beafd53|__AUTOMETRIC__
__AUTOMETRIC__|0.1.2|2146954|crew_log_bb3b01d89aa1c903|0|1786749291.394|98.829|0.515|475557888|3774697472|gen_data_6fbe139f0beafd53|__AUTOMETRIC__
__AUTOMETRIC__|0.1.2|2146954|crew_log_bb3b01d89aa1c903|0|1786749292.395|98.867|0.515|475557888|3774697472|gen_data_6fbe139f0beafd53|__AUTOMETRIC__
__AUTOMETRIC__|0.1.2|2146954|crew_log_bb3b01d89aa1c903|0|1786749293.396|99.873|0.520|475557888|3774697472|gen_data_6fbe139f0beafd53|__AUTOMETRIC__
__AUTOMETRIC__|0.1.2|2146954|crew_log_bb3b01d89aa1c903|0|1786749294.398|98.884|0.515|475557888|3774697472|gen_data_6fbe139f0beafd53|__AUTOMETRIC__
__AUTOMETRIC__|0.1.2|2146954|crew_log_bb3b01d89aa1c903|0|1786749295.399|58.918|0.307|475557888|3774697472|__DEFAULT__|__AUTOMETRIC__
__AUTOMETRIC__|0.1.2|2146954|crew_log_bb3b01d89aa1c903|0|1786749296.400|0.000|0.000|475557888|3774697472|__DEFAULT__|__AUTOMETRIC__
__AUTOMETRIC__|0.1.2|2146954|crew_log_bb3b01d89aa1c903|0|1786749297.402|0.000|0.000|475557888|3774697472|__DEFAULT__|__AUTOMETRIC__
__AUTOMETRIC__|0.1.2|2146954|crew_log_bb3b01d89aa1c903|0|1786749298.403|0.000|0.000|475557888|3774697472|__DEFAULT__|__AUTOMETRIC__
__AUTOMETRIC__|0.1.2|2146954|crew_log_bb3b01d89aa1c903|0|1786749299.404|0.000|0.000|475557888|3774697472|__DEFAULT__|__AUTOMETRIC__
__AUTOMETRIC__|0.1.2|2146954|crew_log_bb3b01d89aa1c903|0|1786749300.405|0.000|0.000|475557888|3774697472|__DEFAULT__|__AUTOMETRIC__
__AUTOMETRIC__|0.1.2|2146954|crew_log_bb3b01d89aa1c903|0|1786749301.407|0.000|0.000|475557888|3774697472|__DEFAULT__|__AUTOMETRIC__
__AUTOMETRIC__|0.1.2|2146954|crew_log_bb3b01d89aa1c903|0|1786749302.409|0.000|0.000|475557888|3774697472|__DEFAULT__|__AUTOMETRIC__
__AUTOMETRIC__|0.1.2|2146954|crew_log_bb3b01d89aa1c903|0|1786749303.410|94.876|0.494|637562880|3937144832|compiled_brms_models_f09a6a51bf633a57|__AUTOMETRIC__
__AUTOMETRIC__|0.1.2|2146954|crew_log_bb3b01d89aa1c903|0|1786749304.412|98.871|0.515|753954816|4052590592|compiled_brms_models_f09a6a51bf633a57|__AUTOMETRIC__
__AUTOMETRIC__|0.1.2|2146954|crew_log_bb3b01d89aa1c903|0|1786749305.413|99.835|0.520|914386944|4213313536|compiled_brms_models_f09a6a51bf633a57|__AUTOMETRIC__
__AUTOMETRIC__|0.1.2|2146954|crew_log_bb3b01d89aa1c903|0|1786749306.422|96.179|0.501|1243115520|4540063744|compiled_brms_models_f09a6a51bf633a57|__AUTOMETRIC__
__AUTOMETRIC__|0.1.2|2146954|crew_log_bb3b01d89aa1c903|0|1786749307.423|0.000|0.000|1243115520|4540063744|compiled_brms_models_f09a6a51bf633a57|__AUTOMETRIC__
__AUTOMETRIC__|0.1.2|2146954|crew_log_bb3b01d89aa1c903|0|1786749308.425|4.994|0.026|1243115520|4540063744|compiled_brms_models_f09a6a51bf633a57|__AUTOMETRIC__
__AUTOMETRIC__|0.1.2|2146954|crew_log_bb3b01d89aa1c903|0|1786749309.426|0.000|0.000|1243115520|4540063744|compiled_brms_models_f09a6a51bf633a57|__AUTOMETRIC__
__AUTOMETRIC__|0.1.2|2146954|crew_log_bb3b01d89aa1c903|0|1786749310.428|0.000|0.000|1243115520|4540063744|compiled_brms_models_f09a6a51bf633a57|__AUTOMETRIC__
__AUTOMETRIC__|0.1.2|2146954|crew_log_bb3b01d89aa1c903|0|1786749311.429|0.999|0.005|1243115520|4540063744|compiled_brms_models_f09a6a51bf633a57|__AUTOMETRIC__
__AUTOMETRIC__|0.1.2|2146954|crew_log_bb3b01d89aa1c903|0|1786749312.430|0.999|0.005|1243115520|4540063744|compiled_brms_models_f09a6a51bf633a57|__AUTOMETRIC__
__AUTOMETRIC__|0.1.2|2146954|crew_log_bb3b01d89aa1c903|0|1786749313.432|0.000|0.000|1243115520|4540063744|compiled_brms_models_f09a6a51bf633a57|__AUTOMETRIC__
__AUTOMETRIC__|0.1.2|2146954|crew_log_bb3b01d89aa1c903|0|1786749314.433|0.000|0.000|1243115520|4540063744|compiled_brms_models_f09a6a51bf633a57|__AUTOMETRIC__
__AUTOMETRIC__|0.1.2|2146954|crew_log_bb3b01d89aa1c903|0|1786749315.434|0.000|0.000|1243115520|4540063744|compiled_brms_models_f09a6a51bf633a57|__AUTOMETRIC__
__AUTOMETRIC__|0.1.2|2146954|crew_log_bb3b01d89aa1c903|0|1786749316.436|0.000|0.000|1243115520|4540063744|compiled_brms_models_f09a6a51bf633a57|__AUTOMETRIC__
__AUTOMETRIC__|0.1.2|2146954|crew_log_bb3b01d89aa1c903|0|1786749317.437|0.000|0.000|1243115520|4540063744|compiled_brms_models_f09a6a51bf633a57|__AUTOMETRIC__
__AUTOMETRIC__|0.1.2|2146954|crew_log_bb3b01d89aa1c903|0|1786749318.438|0.000|0.000|1243115520|4540063744|compiled_brms_models_f09a6a51bf633a57|__AUTOMETRIC__
__AUTOMETRIC__|0.1.2|2146954|crew_log_bb3b01d89aa1c903|0|1786749319.441|0.000|0.000|1243115520|4540063744|compiled_brms_models_f09a6a51bf633a57|__AUTOMETRIC__
__AUTOMETRIC__|0.1.2|2146954|crew_log_bb3b01d89aa1c903|0|1786749320.443|0.000|0.000|1243115520|4540063744|compiled_brms_models_f09a6a51bf633a57|__AUTOMETRIC__
__AUTOMETRIC__|0.1.2|2146954|crew_log_bb3b01d89aa1c903|0|1786749321.444|0.000|0.000|1243115520|4540063744|compiled_brms_models_f09a6a51bf633a57|__AUTOMETRIC__
__AUTOMETRIC__|0.1.2|2146954|crew_log_bb3b01d89aa1c903|0|1786749322.446|0.000|0.000|1243115520|4540063744|compiled_brms_models_f09a6a51bf633a57|__AUTOMETRIC__
__AUTOMETRIC__|0.1.2|2146954|crew_log_bb3b01d89aa1c903|0|1786749323.448|0.000|0.000|1243115520|4540063744|compiled_brms_models_f09a6a51bf633a57|__AUTOMETRIC__
__AUTOMETRIC__|0.1.2|2146954|crew_log_bb3b01d89aa1c903|0|1786749324.449|0.999|0.005|1243115520|4540063744|compiled_brms_models_f09a6a51bf633a57|__AUTOMETRIC__
__AUTOMETRIC__|0.1.2|2146954|crew_log_bb3b01d89aa1c903|0|1786749325.450|0.000|0.000|1243115520|4540063744|compiled_brms_models_f09a6a51bf633a57|__AUTOMETRIC__
__AUTOMETRIC__|0.1.2|2146954|crew_log_bb3b01d89aa1c903|0|1786749326.452|0.000|0.000|1243115520|4540063744|compiled_brms_models_f09a6a51bf633a57|__AUTOMETRIC__
__AUTOMETRIC__|0.1.2|2146954|crew_log_bb3b01d89aa1c903|0|1786749327.453|0.000|0.000|1243115520|4540063744|compiled_brms_models_f09a6a51bf633a57|__AUTOMETRIC__
__AUTOMETRIC__|0.1.2|2146954|crew_log_bb3b01d89aa1c903|0|1786749328.455|0.999|0.005|1243115520|4540063744|compiled_brms_models_f09a6a51bf633a57|__AUTOMETRIC__
__AUTOMETRIC__|0.1.2|2146954|crew_log_bb3b01d89aa1c903|0|1786749329.457|0.000|0.000|1243115520|4540063744|compiled_brms_models_f09a6a51bf633a57|__AUTOMETRIC__
__AUTOMETRIC__|0.1.2|2146954|crew_log_bb3b01d89aa1c903|0|1786749330.458|0.000|0.000|1243115520|4540063744|compiled_brms_models_f09a6a51bf633a57|__AUTOMETRIC__
__AUTOMETRIC__|0.1.2|2146954|crew_log_bb3b01d89aa1c903|0|1786749331.460|0.000|0.000|1243115520|4540063744|compiled_brms_models_f09a6a51bf633a57|__AUTOMETRIC__
__AUTOMETRIC__|0.1.2|2146954|crew_log_bb3b01d89aa1c903|0|1786749332.461|57.924|0.302|1246261248|4543385600|compiled_brms_models_f09a6a51bf633a57|__AUTOMETRIC__
__AUTOMETRIC__|0.1.2|2146954|crew_log_bb3b01d89aa1c903|0|1786749333.462|99.859|0.520|1328517120|12472221696|compiled_brms_models_f09a6a51bf633a57|__AUTOMETRIC__
__AUTOMETRIC__|0.1.2|2146954|crew_log_bb3b01d89aa1c903|0|1786749334.464|109.830|0.572|1422888960|12613640192|compiled_brms_models_f09a6a51bf633a57|__AUTOMETRIC__
__AUTOMETRIC__|0.1.2|2146954|crew_log_bb3b01d89aa1c903|0|1786749335.465|79.892|0.416|1422888960|12614467584|compiled_brms_models_f09a6a51bf633a57|__AUTOMETRIC__
__AUTOMETRIC__|0.1.2|2146954|crew_log_bb3b01d89aa1c903|0|1786749336.467|95.865|0.499|1600622592|12791582720|compiled_brms_models_27714e3bd30d3b3e|__AUTOMETRIC__
__AUTOMETRIC__|0.1.2|2146954|crew_log_bb3b01d89aa1c903|0|1786749337.468|98.867|0.515|1600622592|12791582720|compiled_brms_models_27714e3bd30d3b3e|__AUTOMETRIC__
__AUTOMETRIC__|0.1.2|2146954|crew_log_bb3b01d89aa1c903|0|1786749338.469|37.946|0.198|1600622592|12791582720|compiled_brms_models_27714e3bd30d3b3e|__AUTOMETRIC__
__AUTOMETRIC__|0.1.2|2146954|crew_log_bb3b01d89aa1c903|0|1786749339.471|4.993|0.026|1600622592|12791582720|compiled_brms_models_27714e3bd30d3b3e|__AUTOMETRIC__
__AUTOMETRIC__|0.1.2|2146954|crew_log_bb3b01d89aa1c903|0|1786749340.473|0.000|0.000|1600622592|12791582720|compiled_brms_models_27714e3bd30d3b3e|__AUTOMETRIC__
__AUTOMETRIC__|0.1.2|2146954|crew_log_bb3b01d89aa1c903|0|1786749341.475|0.998|0.005|1600622592|12791582720|compiled_brms_models_27714e3bd30d3b3e|__AUTOMETRIC__
__AUTOMETRIC__|0.1.2|2146954|crew_log_bb3b01d89aa1c903|0|1786749342.476|0.999|0.005|1600622592|12791582720|compiled_brms_models_27714e3bd30d3b3e|__AUTOMETRIC__
__AUTOMETRIC__|0.1.2|2146954|crew_log_bb3b01d89aa1c903|0|1786749343.477|0.000|0.000|1600622592|12791582720|compiled_brms_models_27714e3bd30d3b3e|__AUTOMETRIC__
__AUTOMETRIC__|0.1.2|2146954|crew_log_bb3b01d89aa1c903|0|1786749344.478|0.000|0.000|1600622592|12791582720|compiled_brms_models_27714e3bd30d3b3e|__AUTOMETRIC__
__AUTOMETRIC__|0.1.2|2146954|crew_log_bb3b01d89aa1c903|0|1786749345.480|0.000|0.000|1600622592|12791582720|compiled_brms_models_27714e3bd30d3b3e|__AUTOMETRIC__
__AUTOMETRIC__|0.1.2|2146954|crew_log_bb3b01d89aa1c903|0|1786749346.481|0.000|0.000|1600622592|12791582720|compiled_brms_models_27714e3bd30d3b3e|__AUTOMETRIC__
__AUTOMETRIC__|0.1.2|2146954|crew_log_bb3b01d89aa1c903|0|1786749347.482|0.000|0.000|1600622592|12791582720|compiled_brms_models_27714e3bd30d3b3e|__AUTOMETRIC__
__AUTOMETRIC__|0.1.2|2146954|crew_log_bb3b01d89aa1c903|0|1786749348.484|0.000|0.000|1600622592|12791582720|compiled_brms_models_27714e3bd30d3b3e|__AUTOMETRIC__
__AUTOMETRIC__|0.1.2|2146954|crew_log_bb3b01d89aa1c903|0|1786749349.485|0.999|0.005|1600622592|12791582720|compiled_brms_models_27714e3bd30d3b3e|__AUTOMETRIC__
__AUTOMETRIC__|0.1.2|2146954|crew_log_bb3b01d89aa1c903|0|1786749350.487|0.000|0.000|1600622592|12791582720|compiled_brms_models_27714e3bd30d3b3e|__AUTOMETRIC__
__AUTOMETRIC__|0.1.2|2146954|crew_log_bb3b01d89aa1c903|0|1786749351.489|0.000|0.000|1600622592|12791582720|compiled_brms_models_27714e3bd30d3b3e|__AUTOMETRIC__
__AUTOMETRIC__|0.1.2|2146954|crew_log_bb3b01d89aa1c903|0|1786749352.490|0.000|0.000|1600622592|12791582720|compiled_brms_models_27714e3bd30d3b3e|__AUTOMETRIC__
__AUTOMETRIC__|0.1.2|2146954|crew_log_bb3b01d89aa1c903|0|1786749353.492|0.000|0.000|1600622592|12791582720|compiled_brms_models_27714e3bd30d3b3e|__AUTOMETRIC__
__AUTOMETRIC__|0.1.2|2146954|crew_log_bb3b01d89aa1c903|0|1786749354.493|24.963|0.130|1600622592|12791582720|compiled_brms_models_27714e3bd30d3b3e|__AUTOMETRIC__
__AUTOMETRIC__|0.1.2|2146954|crew_log_bb3b01d89aa1c903|0|1786749355.494|97.877|0.510|1600622592|12791582720|compiled_brms_models_27714e3bd30d3b3e|__AUTOMETRIC__
__AUTOMETRIC__|0.1.2|2146954|crew_log_bb3b01d89aa1c903|0|1786749356.496|42.936|0.224|1600622592|12791582720|__DEFAULT__|__AUTOMETRIC__
__AUTOMETRIC__|0.1.2|2146954|crew_log_bb3b01d89aa1c903|0|1786749357.497|0.000|0.000|1600622592|12791582720|__DEFAULT__|__AUTOMETRIC__
__AUTOMETRIC__|0.1.2|2146954|crew_log_bb3b01d89aa1c903|0|1786749358.499|0.000|0.000|1600622592|12791582720|__DEFAULT__|__AUTOMETRIC__
__AUTOMETRIC__|0.1.2|2146954|crew_log_bb3b01d89aa1c903|0|1786749359.500|0.000|0.000|1600622592|12791582720|__DEFAULT__|__AUTOMETRIC__
__AUTOMETRIC__|0.1.2|2146954|crew_log_bb3b01d89aa1c903|0|1786749360.501|0.000|0.000|1600622592|12791582720|__DEFAULT__|__AUTOMETRIC__
__AUTOMETRIC__|0.1.2|2146954|crew_log_bb3b01d89aa1c903|0|1786749361.511|0.000|0.000|1600622592|12791582720|__DEFAULT__|__AUTOMETRIC__
__AUTOMETRIC__|0.1.2|2146954|crew_log_bb3b01d89aa1c903|0|1786749362.512|0.000|0.000|1600622592|12791582720|__DEFAULT__|__AUTOMETRIC__
__AUTOMETRIC__|0.1.2|2146954|crew_log_bb3b01d89aa1c903|0|1786749363.514|0.000|0.000|1600622592|12791582720|__DEFAULT__|__AUTOMETRIC__
__AUTOMETRIC__|0.1.2|2146954|crew_log_bb3b01d89aa1c903|0|1786749364.515|0.000|0.000|1600622592|12791582720|__DEFAULT__|__AUTOMETRIC__
__AUTOMETRIC__|0.1.2|2146954|crew_log_bb3b01d89aa1c903|0|1786749365.524|0.000|0.000|1600622592|12791582720|__DEFAULT__|__AUTOMETRIC__
__AUTOMETRIC__|0.1.2|2146954|crew_log_bb3b01d89aa1c903|0|1786749366.526|0.000|0.000|1600622592|12791582720|__DEFAULT__|__AUTOMETRIC__
__AUTOMETRIC__|0.1.2|2146954|crew_log_bb3b01d89aa1c903|0|1786749367.527|0.000|0.000|1600622592|12791582720|__DEFAULT__|__AUTOMETRIC__
__AUTOMETRIC__|0.1.2|2146954|crew_log_bb3b01d89aa1c903|0|1786749368.528|0.000|0.000|1600622592|12791582720|__DEFAULT__|__AUTOMETRIC__
__AUTOMETRIC__|0.1.2|2146954|crew_log_bb3b01d89aa1c903|0|1786749369.530|0.000|0.000|1600622592|12791582720|__DEFAULT__|__AUTOMETRIC__
__AUTOMETRIC__|0.1.2|2146954|crew_log_bb3b01d89aa1c903|0|1786749370.532|0.000|0.000|1600622592|12791582720|__DEFAULT__|__AUTOMETRIC__
__AUTOMETRIC__|0.1.2|2146954|crew_log_bb3b01d89aa1c903|0|1786749371.534|0.000|0.000|1600622592|12791582720|__DEFAULT__|__AUTOMETRIC__
__AUTOMETRIC__|0.1.2|2146954|crew_log_bb3b01d89aa1c903|0|1786749372.536|0.000|0.000|1600622592|12791582720|__DEFAULT__|__AUTOMETRIC__
__AUTOMETRIC__|0.1.2|2146954|crew_log_bb3b01d89aa1c903|0|1786749373.537|0.000|0.000|1600622592|12791582720|__DEFAULT__|__AUTOMETRIC__
__AUTOMETRIC__|0.1.2|2146954|crew_log_bb3b01d89aa1c903|0|1786749374.539|0.000|0.000|1600622592|12791582720|__DEFAULT__|__AUTOMETRIC__
__AUTOMETRIC__|0.1.2|2146954|crew_log_bb3b01d89aa1c903|0|1786749375.540|15.981|0.083|1633652736|12822908928|sim_data_39f02bf54f7f2dd5|__AUTOMETRIC__
__AUTOMETRIC__|0.1.2|2146954|crew_log_bb3b01d89aa1c903|0|1786749376.541|98.868|0.515|1724878848|12913516544|sim_data_39f02bf54f7f2dd5|__AUTOMETRIC__
__AUTOMETRIC__|0.1.2|2146954|crew_log_bb3b01d89aa1c903|0|1786749377.549|99.251|0.517|1724878848|12913516544|sim_data_39f02bf54f7f2dd5|__AUTOMETRIC__
__AUTOMETRIC__|0.1.2|2146954|crew_log_bb3b01d89aa1c903|0|1786749378.551|100.819|0.525|1724878848|12914339840|sim_data_39f02bf54f7f2dd5|__AUTOMETRIC__
__AUTOMETRIC__|0.1.2|2146954|crew_log_bb3b01d89aa1c903|0|1786749379.552|98.878|0.515|1868009472|13056802816|sim_data_39f02bf54f7f2dd5|__AUTOMETRIC__
__AUTOMETRIC__|0.1.2|2146954|crew_log_bb3b01d89aa1c903|0|1786749380.553|99.837|0.520|1890029568|13078282240|sim_data_39f02bf54f7f2dd5|__AUTOMETRIC__
__AUTOMETRIC__|0.1.2|2146954|crew_log_bb3b01d89aa1c903|0|1786749381.556|99.732|0.519|2143260672|13331800064|sim_data_39f02bf54f7f2dd5|__AUTOMETRIC__
__AUTOMETRIC__|0.1.2|2146954|crew_log_bb3b01d89aa1c903|0|1786749382.557|98.879|0.515|2234486784|13422936064|sim_data_39f02bf54f7f2dd5|__AUTOMETRIC__
__AUTOMETRIC__|0.1.2|2146954|crew_log_bb3b01d89aa1c903|0|1786749383.558|99.887|0.520|2544340992|13733138432|sim_data_39f02bf54f7f2dd5|__AUTOMETRIC__
__AUTOMETRIC__|0.1.2|2146954|crew_log_bb3b01d89aa1c903|0|1786749384.560|99.880|0.520|2544340992|13733138432|sim_data_39f02bf54f7f2dd5|__AUTOMETRIC__
__AUTOMETRIC__|0.1.2|2146954|crew_log_bb3b01d89aa1c903|0|1786749385.561|98.878|0.515|3066531840|14255308800|sim_data_39f02bf54f7f2dd5|__AUTOMETRIC__
__AUTOMETRIC__|0.1.2|2146954|crew_log_bb3b01d89aa1c903|0|1786749386.562|99.882|0.520|3066531840|14255308800|sim_data_39f02bf54f7f2dd5|__AUTOMETRIC__
__AUTOMETRIC__|0.1.2|2146954|crew_log_bb3b01d89aa1c903|0|1786749387.564|99.848|0.520|3214381056|14402744320|sim_data_39f02bf54f7f2dd5|__AUTOMETRIC__
__AUTOMETRIC__|0.1.2|2146954|crew_log_bb3b01d89aa1c903|0|1786749388.565|99.877|0.520|3690958848|14880030720|sim_data_39f02bf54f7f2dd5|__AUTOMETRIC__
__AUTOMETRIC__|0.1.2|2146954|crew_log_bb3b01d89aa1c903|0|1786749389.566|99.881|0.520|3690958848|14880030720|sim_data_39f02bf54f7f2dd5|__AUTOMETRIC__
__AUTOMETRIC__|0.1.2|2146954|crew_log_bb3b01d89aa1c903|0|1786749390.568|98.852|0.515|3690958848|14880030720|sim_data_39f02bf54f7f2dd5|__AUTOMETRIC__
__AUTOMETRIC__|0.1.2|2146954|crew_log_bb3b01d89aa1c903|0|1786749391.569|99.829|0.520|4360998912|15549878272|sim_data_39f02bf54f7f2dd5|__AUTOMETRIC__
__AUTOMETRIC__|0.1.2|2146954|crew_log_bb3b01d89aa1c903|0|1786749392.571|98.861|0.515|4442787840|15630905344|sim_data_39f02bf54f7f2dd5|__AUTOMETRIC__
__AUTOMETRIC__|0.1.2|2146954|crew_log_bb3b01d89aa1c903|0|1786749393.572|99.820|0.520|4442787840|15630905344|sim_data_39f02bf54f7f2dd5|__AUTOMETRIC__
__AUTOMETRIC__|0.1.2|2146954|crew_log_bb3b01d89aa1c903|0|1786749394.574|99.859|0.520|4554461184|15743352832|sim_data_39f02bf54f7f2dd5|__AUTOMETRIC__
__AUTOMETRIC__|0.1.2|2146954|crew_log_bb3b01d89aa1c903|0|1786749395.575|99.846|0.520|5238657024|16427843584|sim_data_39f02bf54f7f2dd5|__AUTOMETRIC__
__AUTOMETRIC__|0.1.2|2146954|crew_log_bb3b01d89aa1c903|0|1786749396.577|99.868|0.520|5344038912|16533069824|sim_data_39f02bf54f7f2dd5|__AUTOMETRIC__
__AUTOMETRIC__|0.1.2|2146954|crew_log_bb3b01d89aa1c903|0|1786749397.578|98.879|0.515|5344038912|16533069824|sim_data_39f02bf54f7f2dd5|__AUTOMETRIC__
__AUTOMETRIC__|0.1.2|2146954|crew_log_bb3b01d89aa1c903|0|1786749398.579|99.885|0.520|5344038912|16533069824|sim_data_39f02bf54f7f2dd5|__AUTOMETRIC__
__AUTOMETRIC__|0.1.2|2146954|crew_log_bb3b01d89aa1c903|0|1786749399.580|98.876|0.515|5754556416|16943706112|sim_data_39f02bf54f7f2dd5|__AUTOMETRIC__
__AUTOMETRIC__|0.1.2|2146954|crew_log_bb3b01d89aa1c903|0|1786749400.582|99.852|0.520|6426169344|17615736832|sim_data_39f02bf54f7f2dd5|__AUTOMETRIC__
__AUTOMETRIC__|0.1.2|2146954|crew_log_bb3b01d89aa1c903|0|1786749401.584|99.809|0.520|6427742208|17615736832|sim_data_39f02bf54f7f2dd5|__AUTOMETRIC__
__AUTOMETRIC__|0.1.2|2146954|crew_log_bb3b01d89aa1c903|0|1786749402.585|99.864|0.520|6427742208|17615736832|sim_data_39f02bf54f7f2dd5|__AUTOMETRIC__
__AUTOMETRIC__|0.1.2|2146954|crew_log_bb3b01d89aa1c903|0|1786749403.586|98.885|0.515|6427742208|17615736832|sim_data_39f02bf54f7f2dd5|__AUTOMETRIC__
__AUTOMETRIC__|0.1.2|2146954|crew_log_bb3b01d89aa1c903|0|1786749404.588|99.831|0.520|6759616512|17948143616|sim_data_39f02bf54f7f2dd5|__AUTOMETRIC__
__AUTOMETRIC__|0.1.2|2146954|crew_log_bb3b01d89aa1c903|0|1786749405.589|99.845|0.520|7443812352|18631909376|sim_data_39f02bf54f7f2dd5|__AUTOMETRIC__
__AUTOMETRIC__|0.1.2|2146954|crew_log_bb3b01d89aa1c903|0|1786749406.593|99.647|0.519|7725355008|18914914304|sim_data_39f02bf54f7f2dd5|__AUTOMETRIC__
__AUTOMETRIC__|0.1.2|2146954|crew_log_bb3b01d89aa1c903|0|1786749407.594|98.873|0.515|7725355008|18914914304|sim_data_39f02bf54f7f2dd5|__AUTOMETRIC__
__AUTOMETRIC__|0.1.2|2146954|crew_log_bb3b01d89aa1c903|0|1786749408.596|99.880|0.520|7725355008|18914914304|sim_data_39f02bf54f7f2dd5|__AUTOMETRIC__
__AUTOMETRIC__|0.1.2|2146954|crew_log_bb3b01d89aa1c903|0|1786749409.597|99.889|0.520|7725355008|18914914304|sim_data_39f02bf54f7f2dd5|__AUTOMETRIC__
__AUTOMETRIC__|0.1.2|2146954|crew_log_bb3b01d89aa1c903|0|1786749410.598|98.858|0.515|7725355008|18914914304|sim_data_39f02bf54f7f2dd5|__AUTOMETRIC__
__AUTOMETRIC__|0.1.2|2146954|crew_log_bb3b01d89aa1c903|0|1786749411.600|100.838|0.525|8343490560|19532701696|sim_data_39f02bf54f7f2dd5|__AUTOMETRIC__
__AUTOMETRIC__|0.1.2|2146954|crew_log_bb3b01d89aa1c903|0|1786749412.601|99.865|0.520|9038696448|20227031040|sim_data_39f02bf54f7f2dd5|__AUTOMETRIC__
__AUTOMETRIC__|0.1.2|2146954|crew_log_bb3b01d89aa1c903|0|1786749413.602|98.869|0.515|9285636096|20473946112|sim_data_39f02bf54f7f2dd5|__AUTOMETRIC__
__AUTOMETRIC__|0.1.2|2146954|crew_log_bb3b01d89aa1c903|0|1786749414.604|99.833|0.520|9285636096|20473946112|sim_data_39f02bf54f7f2dd5|__AUTOMETRIC__
__AUTOMETRIC__|0.1.2|2146954|crew_log_bb3b01d89aa1c903|0|1786749415.605|99.874|0.520|9285636096|20473946112|sim_data_39f02bf54f7f2dd5|__AUTOMETRIC__
__AUTOMETRIC__|0.1.2|2146954|crew_log_bb3b01d89aa1c903|0|1786749416.607|98.841|0.515|9285636096|20473946112|sim_data_39f02bf54f7f2dd5|__AUTOMETRIC__
__AUTOMETRIC__|0.1.2|2146954|crew_log_bb3b01d89aa1c903|0|1786749417.608|99.865|0.520|9285636096|20473946112|sim_data_39f02bf54f7f2dd5|__AUTOMETRIC__
__AUTOMETRIC__|0.1.2|2146954|crew_log_bb3b01d89aa1c903|0|1786749418.609|99.876|0.520|9285636096|20473946112|sim_data_39f02bf54f7f2dd5|__AUTOMETRIC__
__AUTOMETRIC__|0.1.2|2146954|crew_log_bb3b01d89aa1c903|0|1786749419.611|98.869|0.515|9974550528|21163352064|sim_data_39f02bf54f7f2dd5|__AUTOMETRIC__
__AUTOMETRIC__|0.1.2|2146954|crew_log_bb3b01d89aa1c903|0|1786749420.612|99.861|0.520|10665037824|21853106176|sim_data_39f02bf54f7f2dd5|__AUTOMETRIC__
